match_id,fecha,fase,oponente,periodo,minuto,segundo,equipo,jugador_id,jugador_nombre,receptor_id,receptor_nombre,resultado,longitud_pase,inicio_x,inicio_y,fin_x,fin_y
3857271,2022-11-21,Group Stage,Iran,1,0,8,England,3308,Kieran Trippier,3244,John Stones,Complete,12.384264,31.8,68.5,23.4,59.4
3857271,2022-11-21,Group Stage,Iran,1,0,12,England,3244,John Stones,3382,Luke Shaw,Complete,37.207527,27.2,49.2,35.8,13.0
3857271,2022-11-21,Group Stage,Iran,1,0,17,England,3382,Luke Shaw,3336,Harry Maguire,Complete,15.951176,45.8,7.5,32.0,15.5
3857271,2022-11-21,Group Stage,Iran,1,0,20,England,3336,Harry Maguire,3244,John Stones,Complete,20.199257,31.1,18.7,33.1,38.8
3857271,2022-11-21,Group Stage,Iran,1,0,23,England,3244,John Stones,30714,Jude Bellingham,Complete,13.822446,37.2,46.3,49.7,52.2
3857271,2022-11-21,Group Stage,Iran,1,0,24,England,30714,Jude Bellingham,3244,John Stones,Complete,12.965339,49.7,52.2,37.4,48.1
3857271,2022-11-21,Group Stage,Iran,1,0,26,England,3244,John Stones,3943,Declan Rice,Complete,13.017296,37.4,48.1,44.2,37.0
3857271,2022-11-21,Group Stage,Iran,1,0,29,England,3943,Declan Rice,3382,Luke Shaw,Complete,26.312925,47.9,27.5,60.5,4.4
3857271,2022-11-21,Group Stage,Iran,1,0,32,England,3382,Luke Shaw,3336,Harry Maguire,Complete,24.030397,59.9,2.6,38.8,14.1
3857271,2022-11-21,Group Stage,Iran,1,0,35,England,3336,Harry Maguire,3244,John Stones,Complete,33.343063,38.8,14.1,45.8,46.7
3857271,2022-11-21,Group Stage,Iran,1,0,43,England,3244,John Stones,3336,Harry Maguire,Complete,18.621761,54.0,42.9,54.9,24.3
3857271,2022-11-21,Group Stage,Iran,1,0,47,England,3336,Harry Maguire,3382,Luke Shaw,Complete,20.787016,66.9,21.4,77.8,3.7
3857271,2022-11-21,Group Stage,Iran,1,0,49,England,3382,Luke Shaw,7843,Mason Mount,Complete,12.909686,75.3,3.2,62.4,3.7
3857271,2022-11-21,Group Stage,Iran,1,0,51,England,7843,Mason Mount,3244,John Stones,Complete,35.19673,62.4,3.7,53.3,37.7
3857271,2022-11-21,Group Stage,Iran,1,0,56,England,3244,John Stones,3308,Kieran Trippier,Complete,25.451523,68.5,51.3,81.8,73.0
3857271,2022-11-21,Group Stage,Iran,1,1,0,England,30714,Jude Bellingham,3244,John Stones,Complete,24.429695,76.6,73.5,55.1,61.9
3857271,2022-11-21,Group Stage,Iran,1,1,3,England,3244,John Stones,3336,Harry Maguire,Complete,26.137522,55.8,59.9,54.4,33.8
3857271,2022-11-21,Group Stage,Iran,1,1,9,England,3336,Harry Maguire,3382,Luke Shaw,Complete,26.17728,73.9,26.6,84.8,2.8
3857271,2022-11-21,Group Stage,Iran,1,1,13,England,3382,Luke Shaw,3943,Declan Rice,Complete,12.149074,80.7,4.4,74.1,14.6
3857271,2022-11-21,Group Stage,Iran,1,1,15,England,3943,Declan Rice,3244,John Stones,Complete,25.686768,72.3,12.5,66.4,37.5
3857271,2022-11-21,Group Stage,Iran,1,1,20,England,3244,John Stones,3943,Declan Rice,Complete,10.259142,64.4,38.8,71.9,31.8
3857271,2022-11-21,Group Stage,Iran,1,1,23,England,3943,Declan Rice,30714,Jude Bellingham,Complete,22.543514,71.2,32.0,69.8,54.5
3857271,2022-11-21,Group Stage,Iran,1,1,26,England,30714,Jude Bellingham,3308,Kieran Trippier,Complete,19.555561,70.1,55.8,81.2,71.9
3857271,2022-11-21,Group Stage,Iran,1,1,27,England,3308,Kieran Trippier,22084,Bukayo Saka,Complete,18.038015,81.2,71.9,93.6,58.8
3857271,2022-11-21,Group Stage,Iran,1,1,30,England,22084,Bukayo Saka,30714,Jude Bellingham,Complete,17.940178,85.9,58.8,68.0,57.6
3857271,2022-11-21,Group Stage,Iran,1,1,31,England,30714,Jude Bellingham,3308,Kieran Trippier,Complete,13.073638,68.0,57.6,74.4,69.0
3857271,2022-11-21,Group Stage,Iran,1,1,33,England,3308,Kieran Trippier,30714,Jude Bellingham,Complete,14.340502,74.4,69.0,63.0,60.3
3857271,2022-11-21,Group Stage,Iran,1,1,35,England,30714,Jude Bellingham,22084,Bukayo Saka,Complete,12.184006,63.0,60.3,74.4,56.0
3857271,2022-11-21,Group Stage,Iran,1,1,35,England,22084,Bukayo Saka,30714,Jude Bellingham,Complete,11.91008,74.6,56.5,63.0,59.2
3857271,2022-11-21,Group Stage,Iran,1,1,37,England,30714,Jude Bellingham,3244,John Stones,Complete,19.321491,63.0,59.2,54.6,41.8
3857271,2022-11-21,Group Stage,Iran,1,1,39,England,3244,John Stones,3336,Harry Maguire,Complete,21.247587,54.6,41.8,57.1,20.7
3857271,2022-11-21,Group Stage,Iran,1,1,42,England,3336,Harry Maguire,3244,John Stones,Complete,19.453535,57.8,19.6,52.8,38.4
3857271,2022-11-21,Group Stage,Iran,1,1,45,England,3244,John Stones,30714,Jude Bellingham,Complete,17.664654,52.8,38.4,68.0,47.4
3857271,2022-11-21,Group Stage,Iran,1,1,51,England,30714,Jude Bellingham,3308,Kieran Trippier,Complete,45.068172,62.1,51.1,101.6,72.8
3857271,2022-11-21,Group Stage,Iran,1,1,55,England,3308,Kieran Trippier,3233,Raheem Sterling,Incomplete,39.062,111.5,71.2,109.3,32.2
3857271,2022-11-21,Group Stage,Iran,1,1,59,England,30714,Jude Bellingham,3943,Declan Rice,Complete,14.676852,93.6,43.6,86.6,30.7
3857271,2022-11-21,Group Stage,Iran,1,2,0,England,3943,Declan Rice,3382,Luke Shaw,Complete,14.224275,86.1,30.7,91.4,17.5
3857271,2022-11-21,Group Stage,Iran,1,2,3,England,3382,Luke Shaw,,,Incomplete,3.7107952,91.4,17.5,95.0,18.4
3857271,2022-11-21,Group Stage,Iran,1,2,45,England,3308,Kieran Trippier,,,Out,55.5,120.0,0.1,120.0,55.6
3857271,2022-11-21,Group Stage,Iran,1,4,0,England,3336,Harry Maguire,,,Incomplete,34.911602,44.9,51.5,79.8,52.4
3857271,2022-11-21,Group Stage,Iran,1,4,26,England,3308,Kieran Trippier,3943,Declan Rice,Complete,15.1343975,43.5,80.0,39.9,65.3
3857271,2022-11-21,Group Stage,Iran,1,4,28,England,3943,Declan Rice,3308,Kieran Trippier,Complete,7.05762,39.5,67.8,37.0,74.4
3857271,2022-11-21,Group Stage,Iran,1,4,29,England,3308,Kieran Trippier,3336,Harry Maguire,Complete,49.766754,37.0,74.4,19.8,27.7
3857271,2022-11-21,Group Stage,Iran,1,4,32,England,3336,Harry Maguire,3382,Luke Shaw,Complete,23.99104,17.0,23.4,30.4,3.5
3857271,2022-11-21,Group Stage,Iran,1,4,37,England,3382,Luke Shaw,3943,Declan Rice,Complete,18.406792,29.5,4.6,30.0,23.0
3857271,2022-11-21,Group Stage,Iran,1,4,40,England,3943,Declan Rice,3244,John Stones,Complete,22.99152,30.0,23.0,37.0,44.9
3857271,2022-11-21,Group Stage,Iran,1,4,44,England,3244,John Stones,22084,Bukayo Saka,Complete,28.207268,49.2,54.9,71.0,72.8
3857271,2022-11-21,Group Stage,Iran,1,4,47,England,22084,Bukayo Saka,3244,John Stones,Complete,24.983995,62.4,71.9,38.8,63.7
3857271,2022-11-21,Group Stage,Iran,1,4,53,England,3244,John Stones,3336,Harry Maguire,Complete,30.313364,35.8,57.6,34.9,27.3
3857271,2022-11-21,Group Stage,Iran,1,5,0,England,3336,Harry Maguire,3233,Raheem Sterling,Complete,14.207745,41.3,31.6,54.4,26.1
3857271,2022-11-21,Group Stage,Iran,1,5,1,England,3233,Raheem Sterling,3336,Harry Maguire,Complete,14.713939,53.3,25.4,38.8,27.9
3857271,2022-11-21,Group Stage,Iran,1,5,6,England,3336,Harry Maguire,3244,John Stones,Complete,20.457027,38.8,27.9,43.1,47.9
3857271,2022-11-21,Group Stage,Iran,1,5,10,England,3244,John Stones,30714,Jude Bellingham,Complete,11.607756,49.2,55.6,59.9,51.1
3857271,2022-11-21,Group Stage,Iran,1,5,11,England,30714,Jude Bellingham,3336,Harry Maguire,Complete,24.063665,59.9,51.1,40.4,37.0
3857271,2022-11-21,Group Stage,Iran,1,5,16,England,3336,Harry Maguire,3382,Luke Shaw,Complete,27.330935,51.3,27.9,63.0,3.2
3857271,2022-11-21,Group Stage,Iran,1,5,20,England,3382,Luke Shaw,30714,Jude Bellingham,Complete,10.584895,63.0,3.2,59.0,13.0
3857271,2022-11-21,Group Stage,Iran,1,5,24,England,30714,Jude Bellingham,3244,John Stones,Complete,28.908476,63.0,16.4,57.1,44.7
3857271,2022-11-21,Group Stage,Iran,1,5,27,England,3244,John Stones,22084,Bukayo Saka,Complete,15.297058,63.5,52.4,77.3,45.8
3857271,2022-11-21,Group Stage,Iran,1,5,28,England,22084,Bukayo Saka,3943,Declan Rice,Complete,12.369317,76.2,46.1,64.8,41.3
3857271,2022-11-21,Group Stage,Iran,1,5,30,England,3943,Declan Rice,30714,Jude Bellingham,Complete,8.823265,64.8,41.3,62.1,32.9
3857271,2022-11-21,Group Stage,Iran,1,5,33,England,30714,Jude Bellingham,7843,Mason Mount,Complete,13.28533,71.4,25.2,83.9,20.7
3857271,2022-11-21,Group Stage,Iran,1,5,35,England,7843,Mason Mount,3382,Luke Shaw,Complete,26.174797,90.7,19.6,111.1,3.2
3857271,2022-11-21,Group Stage,Iran,1,5,37,England,3382,Luke Shaw,22084,Bukayo Saka,Incomplete,41.563686,111.1,3.2,108.8,44.7
3857271,2022-11-21,Group Stage,Iran,1,5,41,England,3943,Declan Rice,3308,Kieran Trippier,Complete,9.794386,96.8,46.3,92.5,55.1
3857271,2022-11-21,Group Stage,Iran,1,5,43,England,3308,Kieran Trippier,3336,Harry Maguire,Complete,30.131046,87.1,55.8,65.3,35.0
3857271,2022-11-21,Group Stage,Iran,1,5,45,England,3336,Harry Maguire,30714,Jude Bellingham,Complete,13.452881,65.3,35.0,76.6,27.7
3857271,2022-11-21,Group Stage,Iran,1,5,48,England,30714,Jude Bellingham,3244,John Stones,Complete,18.315294,75.3,28.6,72.5,46.7
3857271,2022-11-21,Group Stage,Iran,1,5,50,England,3244,John Stones,3308,Kieran Trippier,Complete,13.978912,71.9,50.1,78.9,62.2
3857271,2022-11-21,Group Stage,Iran,1,5,52,England,3308,Kieran Trippier,,,Incomplete,5.6222773,77.8,67.4,83.4,66.9
3857271,2022-11-21,Group Stage,Iran,1,6,22,England,3308,Kieran Trippier,3244,John Stones,Complete,31.785532,104.5,80.0,73.9,71.4
3857271,2022-11-21,Group Stage,Iran,1,6,25,England,3244,John Stones,3382,Luke Shaw,Complete,26.75855,73.9,54.5,68.0,28.4
3857271,2022-11-21,Group Stage,Iran,1,6,28,England,3382,Luke Shaw,3233,Raheem Sterling,Complete,24.461603,68.0,28.4,76.6,5.5
3857271,2022-11-21,Group Stage,Iran,1,6,30,England,3233,Raheem Sterling,3382,Luke Shaw,Complete,15.700318,76.2,5.5,65.3,16.8
3857271,2022-11-21,Group Stage,Iran,1,6,32,England,3382,Luke Shaw,3336,Harry Maguire,Complete,16.063934,65.5,17.5,54.6,29.3
3857271,2022-11-21,Group Stage,Iran,1,6,34,England,3336,Harry Maguire,3244,John Stones,Complete,20.308865,54.6,32.0,56.7,52.2
3857271,2022-11-21,Group Stage,Iran,1,6,37,England,3244,John Stones,3943,Declan Rice,Complete,12.681088,56.7,52.2,68.7,48.1
3857271,2022-11-21,Group Stage,Iran,1,6,38,England,3943,Declan Rice,22084,Bukayo Saka,Complete,13.3764715,68.7,48.1,75.0,59.9
3857271,2022-11-21,Group Stage,Iran,1,7,11,England,3308,Kieran Trippier,10955,Harry Kane,Complete,31.696846,73.9,55.6,105.2,60.6
3857271,2022-11-21,Group Stage,Iran,1,7,14,England,10955,Harry Kane,,,Incomplete,23.598728,107.9,61.0,113.6,38.1
3857271,2022-11-21,Group Stage,Iran,1,15,42,England,3943,Declan Rice,3233,Raheem Sterling,Complete,20.6,50.1,17.5,70.7,17.5
3857271,2022-11-21,Group Stage,Iran,1,15,43,England,3233,Raheem Sterling,10955,Harry Kane,Complete,6.2201285,70.7,17.5,76.9,18.0
3857271,2022-11-21,Group Stage,Iran,1,15,44,England,10955,Harry Kane,7843,Mason Mount,Complete,14.06165,77.3,17.7,80.0,3.9
3857271,2022-11-21,Group Stage,Iran,1,15,52,England,7843,Mason Mount,3943,Declan Rice,Complete,15.17432,92.9,5.1,77.8,6.6
3857271,2022-11-21,Group Stage,Iran,1,15,54,England,3943,Declan Rice,3336,Harry Maguire,Complete,13.109538,75.7,6.6,62.6,7.1
3857271,2022-11-21,Group Stage,Iran,1,16,3,England,3336,Harry Maguire,3382,Luke Shaw,Complete,20.62062,62.1,19.6,74.6,3.2
3857271,2022-11-21,Group Stage,Iran,1,16,5,England,3382,Luke Shaw,7843,Mason Mount,Incomplete,9.646243,73.5,2.6,82.7,5.5
3857271,2022-11-21,Group Stage,Iran,1,19,15,England,3382,Luke Shaw,3336,Harry Maguire,Complete,17.90782,74.4,0.1,56.9,3.9
3857271,2022-11-21,Group Stage,Iran,1,19,20,England,3336,Harry Maguire,3244,John Stones,Complete,33.077484,46.0,8.7,40.4,41.3
3857271,2022-11-21,Group Stage,Iran,1,19,23,England,3244,John Stones,3336,Harry Maguire,Complete,23.584953,40.6,38.8,38.6,15.3
3857271,2022-11-21,Group Stage,Iran,1,19,27,England,3336,Harry Maguire,3244,John Stones,Complete,22.971287,42.0,15.3,39.2,38.1
3857271,2022-11-21,Group Stage,Iran,1,19,30,England,3244,John Stones,3308,Kieran Trippier,Complete,22.339651,40.4,39.3,51.3,58.8
3857271,2022-11-21,Group Stage,Iran,1,19,32,England,3308,Kieran Trippier,22084,Bukayo Saka,Complete,23.992706,51.3,60.1,71.9,72.4
3857271,2022-11-21,Group Stage,Iran,1,19,35,England,22084,Bukayo Saka,3244,John Stones,Complete,29.574314,57.6,66.5,33.4,49.5
3857271,2022-11-21,Group Stage,Iran,1,19,39,England,3244,John Stones,3382,Luke Shaw,Complete,35.438396,34.9,35.0,49.7,2.8
3857271,2022-11-21,Group Stage,Iran,1,19,43,England,3382,Luke Shaw,7843,Mason Mount,Complete,47.31522,49.0,4.4,96.3,3.2
3857271,2022-11-21,Group Stage,Iran,1,19,45,England,7843,Mason Mount,3233,Raheem Sterling,Complete,13.354026,96.3,3.2,83.0,4.4
3857271,2022-11-21,Group Stage,Iran,1,19,49,England,3233,Raheem Sterling,30714,Jude Bellingham,Incomplete,18.874321,90.9,9.1,99.1,26.1
3857271,2022-11-21,Group Stage,Iran,1,20,0,England,7843,Mason Mount,3308,Kieran Trippier,Complete,27.90645,42.6,11.4,30.0,36.3
3857271,2022-11-21,Group Stage,Iran,1,20,2,England,3308,Kieran Trippier,3244,John Stones,Complete,10.107423,30.0,36.3,25.4,27.3
3857271,2022-11-21,Group Stage,Iran,1,20,4,England,3244,John Stones,3468,Jordan Pickford,Complete,21.636312,24.1,33.2,2.8,37.0
3857271,2022-11-21,Group Stage,Iran,1,20,7,England,3468,Jordan Pickford,3233,Raheem Sterling,Incomplete,52.730732,4.3,32.9,55.6,20.7
3857271,2022-11-21,Group Stage,Iran,1,21,46,England,3308,Kieran Trippier,22084,Bukayo Saka,Complete,12.103719,5.0,66.7,14.5,74.2
3857271,2022-11-21,Group Stage,Iran,1,22,1,England,3308,Kieran Trippier,3943,Declan Rice,Complete,15.231874,23.6,80.0,25.6,64.9
3857271,2022-11-21,Group Stage,Iran,1,22,2,England,3943,Declan Rice,3308,Kieran Trippier,Complete,9.525755,25.6,64.9,26.3,74.4
3857271,2022-11-21,Group Stage,Iran,1,22,3,England,3308,Kieran Trippier,3336,Harry Maguire,Complete,40.038483,26.8,74.4,13.6,36.6
3857271,2022-11-21,Group Stage,Iran,1,22,8,England,3336,Harry Maguire,3382,Luke Shaw,Complete,26.82126,27.9,25.2,44.2,3.9
3857271,2022-11-21,Group Stage,Iran,1,22,12,England,3382,Luke Shaw,3233,Raheem Sterling,Complete,14.96262,52.8,6.6,67.6,4.4
3857271,2022-11-21,Group Stage,Iran,1,22,13,England,3233,Raheem Sterling,3382,Luke Shaw,Complete,13.991783,67.6,5.5,53.7,3.9
3857271,2022-11-21,Group Stage,Iran,1,22,17,England,3382,Luke Shaw,3336,Harry Maguire,Complete,17.528547,56.7,3.7,45.4,17.1
3857271,2022-11-21,Group Stage,Iran,1,22,21,England,3336,Harry Maguire,3244,John Stones,Complete,32.47553,45.4,17.1,53.3,48.6
3857271,2022-11-21,Group Stage,Iran,1,22,26,England,3244,John Stones,3336,Harry Maguire,Complete,19.260323,58.7,53.3,53.7,34.7
3857271,2022-11-21,Group Stage,Iran,1,22,30,England,3336,Harry Maguire,3382,Luke Shaw,Complete,23.528069,51.3,27.3,56.7,4.4
3857271,2022-11-21,Group Stage,Iran,1,22,32,England,3382,Luke Shaw,7843,Mason Mount,Incomplete,34.57875,54.4,3.5,88.4,9.8
3857271,2022-11-21,Group Stage,Iran,1,22,38,England,3336,Harry Maguire,7843,Mason Mount,Complete,24.516525,42.4,5.7,66.9,6.6
3857271,2022-11-21,Group Stage,Iran,1,22,57,England,3382,Luke Shaw,3244,John Stones,Complete,39.348698,64.2,7.1,52.6,44.7
3857271,2022-11-21,Group Stage,Iran,1,23,0,England,3244,John Stones,7843,Mason Mount,Complete,24.124884,55.6,39.5,65.5,17.5
3857271,2022-11-21,Group Stage,Iran,1,23,1,England,7843,Mason Mount,3382,Luke Shaw,Complete,19.24266,65.5,17.5,77.3,2.3
3857271,2022-11-21,Group Stage,Iran,1,23,4,England,3382,Luke Shaw,3233,Raheem Sterling,Complete,14.122323,83.4,4.6,86.4,18.4
3857271,2022-11-21,Group Stage,Iran,1,23,5,England,3233,Raheem Sterling,3382,Luke Shaw,Complete,24.478971,88.2,18.4,111.3,10.3
3857271,2022-11-21,Group Stage,Iran,1,23,8,England,3382,Luke Shaw,,,Incomplete,5.1195703,111.3,10.3,110.2,15.3
3857271,2022-11-21,Group Stage,Iran,1,23,10,England,30714,Jude Bellingham,,,Out,25.225384,109.5,22.5,97.9,0.1
3857271,2022-11-21,Group Stage,Iran,1,23,42,England,3336,Harry Maguire,3468,Jordan Pickford,Complete,37.187767,42.6,3.7,14.8,28.4
3857271,2022-11-21,Group Stage,Iran,1,23,47,England,3468,Jordan Pickford,3244,John Stones,Complete,20.302217,12.3,29.3,18.6,48.6
3857271,2022-11-21,Group Stage,Iran,1,23,48,England,3244,John Stones,3468,Jordan Pickford,Complete,20.408821,18.6,48.6,10.2,30.0
3857271,2022-11-21,Group Stage,Iran,1,23,51,England,3468,Jordan Pickford,3233,Raheem Sterling,Pass Offside,80.16963,13.2,33.8,87.3,3.2
3857271,2022-11-21,Group Stage,Iran,1,24,15,England,3336,Harry Maguire,3943,Declan Rice,Complete,14.214429,18.9,20.7,28.8,10.5
3857271,2022-11-21,Group Stage,Iran,1,24,17,England,3943,Declan Rice,3382,Luke Shaw,Complete,8.766413,28.4,10.5,32.2,2.6
3857271,2022-11-21,Group Stage,Iran,1,24,43,England,3943,Declan Rice,3244,John Stones,Complete,37.085037,26.6,6.0,22.9,42.9
3857271,2022-11-21,Group Stage,Iran,1,24,45,England,3244,John Stones,30714,Jude Bellingham,Complete,21.964062,22.9,42.9,44.0,49.0
3857271,2022-11-21,Group Stage,Iran,1,24,48,England,30714,Jude Bellingham,3943,Declan Rice,Complete,19.282375,44.0,47.9,34.9,30.9
3857271,2022-11-21,Group Stage,Iran,1,24,51,England,3943,Declan Rice,3308,Kieran Trippier,Complete,25.759853,44.0,34.3,50.6,59.2
3857271,2022-11-21,Group Stage,Iran,1,24,54,England,3308,Kieran Trippier,7843,Mason Mount,Unknown,19.085073,56.0,59.9,75.0,58.1
3857271,2022-11-21,Group Stage,Iran,1,25,17,England,3308,Kieran Trippier,,,Incomplete,33.852768,74.1,61.0,105.6,48.6
3857271,2022-11-21,Group Stage,Iran,1,25,35,England,3308,Kieran Trippier,3244,John Stones,Complete,27.189152,68.9,80.0,43.5,70.3
3857271,2022-11-21,Group Stage,Iran,1,25,39,England,3244,John Stones,3943,Declan Rice,Complete,18.999474,42.6,63.1,53.3,47.4
3857271,2022-11-21,Group Stage,Iran,1,25,46,England,3943,Declan Rice,3382,Luke Shaw,Complete,24.328789,72.3,28.8,79.3,5.5
3857271,2022-11-21,Group Stage,Iran,1,25,49,England,3382,Luke Shaw,3943,Declan Rice,Complete,8.386298,79.3,5.5,72.1,9.8
3857271,2022-11-21,Group Stage,Iran,1,25,52,England,3943,Declan Rice,3244,John Stones,Complete,25.99423,71.4,10.0,63.3,34.7
3857271,2022-11-21,Group Stage,Iran,1,25,55,England,3244,John Stones,22084,Bukayo Saka,Complete,37.419247,65.5,38.8,88.9,68.0
3857271,2022-11-21,Group Stage,Iran,1,25,59,England,22084,Bukayo Saka,30714,Jude Bellingham,Complete,13.738268,95.7,69.2,83.2,63.5
3857271,2022-11-21,Group Stage,Iran,1,26,1,England,30714,Jude Bellingham,3308,Kieran Trippier,Complete,14.481022,83.2,63.5,94.3,72.8
3857271,2022-11-21,Group Stage,Iran,1,26,3,England,3308,Kieran Trippier,22084,Bukayo Saka,Complete,11.335784,91.8,73.0,89.5,61.9
3857271,2022-11-21,Group Stage,Iran,1,26,51,England,7843,Mason Mount,10955,Harry Kane,Incomplete,24.15885,72.5,5.7,93.8,17.1
3857271,2022-11-21,Group Stage,Iran,1,26,54,England,7843,Mason Mount,22084,Bukayo Saka,Complete,34.338463,85.9,20.9,99.1,52.6
3857271,2022-11-21,Group Stage,Iran,1,27,30,England,3943,Declan Rice,3468,Jordan Pickford,Complete,23.692192,17.0,9.4,3.4,28.8
3857271,2022-11-21,Group Stage,Iran,1,27,33,England,3468,Jordan Pickford,3943,Declan Rice,Complete,25.173399,2.5,29.3,6.2,4.4
3857271,2022-11-21,Group Stage,Iran,1,27,36,England,3943,Declan Rice,3308,Kieran Trippier,Complete,54.730797,3.2,7.8,24.3,58.3
3857271,2022-11-21,Group Stage,Iran,1,27,39,England,3308,Kieran Trippier,22084,Bukayo Saka,Complete,22.807894,24.3,58.3,44.7,68.5
3857271,2022-11-21,Group Stage,Iran,1,28,2,England,3308,Kieran Trippier,3943,Declan Rice,Complete,23.439497,47.9,69.0,42.9,46.1
3857271,2022-11-21,Group Stage,Iran,1,28,5,England,3943,Declan Rice,3382,Luke Shaw,Complete,31.863615,45.8,35.9,50.6,4.4
3857271,2022-11-21,Group Stage,Iran,1,28,10,England,3382,Luke Shaw,3336,Harry Maguire,Complete,14.6102705,56.2,4.6,45.1,14.1
3857271,2022-11-21,Group Stage,Iran,1,28,14,England,3336,Harry Maguire,3308,Kieran Trippier,Complete,59.85399,42.4,18.0,65.3,73.3
3857271,2022-11-21,Group Stage,Iran,1,28,20,England,3308,Kieran Trippier,3244,John Stones,Complete,23.715395,61.4,71.2,41.5,58.3
3857271,2022-11-21,Group Stage,Iran,1,28,26,England,3244,John Stones,3336,Harry Maguire,Complete,17.042301,54.9,43.6,53.7,26.6
3857271,2022-11-21,Group Stage,Iran,1,28,28,England,3336,Harry Maguire,3244,John Stones,Complete,22.910696,49.4,28.4,46.3,51.1
3857271,2022-11-21,Group Stage,Iran,1,28,32,England,3244,John Stones,3308,Kieran Trippier,Complete,15.727683,45.1,55.6,43.1,71.2
3857271,2022-11-21,Group Stage,Iran,1,28,33,England,3308,Kieran Trippier,3468,Jordan Pickford,Complete,26.181864,43.1,71.2,21.3,56.7
3857271,2022-11-21,Group Stage,Iran,1,28,37,England,3468,Jordan Pickford,3244,John Stones,Complete,9.180959,21.3,56.7,29.0,51.7
3857271,2022-11-21,Group Stage,Iran,1,28,40,England,3244,John Stones,3382,Luke Shaw,Complete,36.785324,38.1,39.3,48.1,3.9
3857271,2022-11-21,Group Stage,Iran,1,28,47,England,3382,Luke Shaw,3943,Declan Rice,Complete,14.217243,53.3,3.5,52.6,17.7
3857271,2022-11-21,Group Stage,Iran,1,28,49,England,3943,Declan Rice,3244,John Stones,Complete,20.728,51.7,18.7,54.0,39.3
3857271,2022-11-21,Group Stage,Iran,1,28,52,England,3244,John Stones,3308,Kieran Trippier,Complete,32.420055,54.6,43.1,74.1,69.0
3857271,2022-11-21,Group Stage,Iran,1,28,54,England,3308,Kieran Trippier,22084,Bukayo Saka,Complete,31.633211,75.3,69.0,106.8,71.9
3857271,2022-11-21,Group Stage,Iran,1,28,59,England,22084,Bukayo Saka,3308,Kieran Trippier,Complete,12.345445,109.9,69.0,97.9,71.9
3857271,2022-11-21,Group Stage,Iran,1,29,1,England,3308,Kieran Trippier,22084,Bukayo Saka,Complete,7.7,97.9,71.9,105.6,71.9
3857271,2022-11-21,Group Stage,Iran,1,29,2,England,22084,Bukayo Saka,3308,Kieran Trippier,Complete,11.002727,105.0,73.9,94.1,72.4
3857271,2022-11-21,Group Stage,Iran,1,29,4,England,3308,Kieran Trippier,3233,Raheem Sterling,Complete,22.389507,94.1,72.4,96.1,50.1
3857271,2022-11-21,Group Stage,Iran,1,29,5,England,3233,Raheem Sterling,22084,Bukayo Saka,Complete,25.554844,96.1,50.1,113.3,69.0
3857271,2022-11-21,Group Stage,Iran,1,29,7,England,22084,Bukayo Saka,7843,Mason Mount,Complete,18.901058,113.6,68.0,113.4,49.1
3857271,2022-11-21,Group Stage,Iran,1,29,49,England,3382,Luke Shaw,7843,Mason Mount,Complete,13.039172,55.6,7.5,68.5,9.4
3857271,2022-11-21,Group Stage,Iran,1,30,7,England,3943,Declan Rice,3468,Jordan Pickford,Complete,34.560673,30.9,4.8,12.1,33.8
3857271,2022-11-21,Group Stage,Iran,1,30,11,England,3468,Jordan Pickford,3308,Kieran Trippier,Complete,22.108143,10.9,33.4,17.5,54.5
3857271,2022-11-21,Group Stage,Iran,1,30,13,England,3308,Kieran Trippier,30714,Jude Bellingham,Complete,19.784084,17.5,54.5,30.4,39.5
3857271,2022-11-21,Group Stage,Iran,1,30,17,England,30714,Jude Bellingham,3943,Declan Rice,Complete,5.0537114,25.2,40.9,20.7,38.6
3857271,2022-11-21,Group Stage,Iran,1,30,18,England,3943,Declan Rice,7843,Mason Mount,Complete,24.691698,20.7,38.6,34.9,18.4
3857271,2022-11-21,Group Stage,Iran,1,30,32,England,7843,Mason Mount,3308,Kieran Trippier,Complete,41.95474,93.6,20.2,115.8,55.8
3857271,2022-11-21,Group Stage,Iran,1,30,34,England,3308,Kieran Trippier,10955,Harry Kane,Complete,9.700516,115.8,55.6,109.9,47.9
3857271,2022-11-21,Group Stage,Iran,1,30,35,England,10955,Harry Kane,,,Incomplete,17.245579,109.9,47.9,107.0,30.9
3857271,2022-11-21,Group Stage,Iran,1,30,41,England,30714,Jude Bellingham,3308,Kieran Trippier,Complete,10.465658,93.6,56.5,98.4,65.8
3857271,2022-11-21,Group Stage,Iran,1,30,43,England,3308,Kieran Trippier,3233,Raheem Sterling,Complete,11.125196,92.7,66.7,99.1,57.6
3857271,2022-11-21,Group Stage,Iran,1,31,45,England,3308,Kieran Trippier,3336,Harry Maguire,Complete,40.43192,120.0,80.0,110.5,40.7
3857271,2022-11-21,Group Stage,Iran,1,31,53,England,22084,Bukayo Saka,3308,Kieran Trippier,Incomplete,10.204411,62.1,54.0,62.4,64.2
3857271,2022-11-21,Group Stage,Iran,1,32,5,England,30714,Jude Bellingham,22084,Bukayo Saka,Complete,5.2239833,21.8,73.3,16.6,72.8
3857271,2022-11-21,Group Stage,Iran,1,32,7,England,22084,Bukayo Saka,30714,Jude Bellingham,Out,25.045958,19.5,65.8,40.2,79.9
3857271,2022-11-21,Group Stage,Iran,1,33,1,England,3244,John Stones,3233,Raheem Sterling,Complete,30.030817,18.6,65.8,44.2,50.1
3857271,2022-11-21,Group Stage,Iran,1,33,6,England,30714,Jude Bellingham,3382,Luke Shaw,Complete,26.84027,38.3,51.5,30.9,25.7
3857271,2022-11-21,Group Stage,Iran,1,33,17,England,3382,Luke Shaw,3233,Raheem Sterling,Complete,6.1269894,78.0,7.8,75.3,2.3
3857271,2022-11-21,Group Stage,Iran,1,33,19,England,3233,Raheem Sterling,7843,Mason Mount,Complete,9.284934,75.0,2.6,68.0,8.7
3857271,2022-11-21,Group Stage,Iran,1,33,20,England,7843,Mason Mount,3943,Declan Rice,Complete,26.65952,66.7,9.8,58.0,35.0
3857271,2022-11-21,Group Stage,Iran,1,33,23,England,3943,Declan Rice,3308,Kieran Trippier,Complete,35.107975,56.2,37.0,74.6,66.9
3857271,2022-11-21,Group Stage,Iran,1,33,28,England,3308,Kieran Trippier,22084,Bukayo Saka,Incomplete,33.102417,74.6,66.9,107.7,66.5
3857271,2022-11-21,Group Stage,Iran,1,33,40,England,30714,Jude Bellingham,3308,Kieran Trippier,Complete,12.706298,93.6,74.6,80.9,74.2
3857271,2022-11-21,Group Stage,Iran,1,33,42,England,3308,Kieran Trippier,3244,John Stones,Complete,23.96101,80.9,74.2,66.7,54.9
3857271,2022-11-21,Group Stage,Iran,1,33,44,England,3244,John Stones,3336,Harry Maguire,Complete,17.740631,66.7,54.9,61.0,38.1
3857271,2022-11-21,Group Stage,Iran,1,33,48,England,3336,Harry Maguire,3382,Luke Shaw,Complete,29.44011,70.1,26.4,87.7,2.8
3857271,2022-11-21,Group Stage,Iran,1,33,53,England,3382,Luke Shaw,3336,Harry Maguire,Complete,17.353098,92.7,3.2,75.5,5.5
3857271,2022-11-21,Group Stage,Iran,1,33,57,England,3336,Harry Maguire,3244,John Stones,Complete,26.163334,73.0,8.7,67.6,34.3
3857271,2022-11-21,Group Stage,Iran,1,34,2,England,3244,John Stones,3336,Harry Maguire,Complete,17.755281,70.7,43.8,72.1,26.1
3857271,2022-11-21,Group Stage,Iran,1,34,4,England,3336,Harry Maguire,7843,Mason Mount,Complete,20.974508,72.1,26.1,92.9,23.4
3857271,2022-11-21,Group Stage,Iran,1,34,5,England,7843,Mason Mount,3233,Raheem Sterling,Complete,7.8447433,94.1,23.0,91.8,15.5
3857271,2022-11-21,Group Stage,Iran,1,34,7,England,3233,Raheem Sterling,3382,Luke Shaw,Complete,17.3358,97.2,18.4,109.9,6.6
3857271,2022-11-21,Group Stage,Iran,1,34,8,England,3382,Luke Shaw,30714,Jude Bellingham,Complete,31.470144,109.9,6.6,112.0,38.0
3857271,2022-11-21,Group Stage,Iran,1,35,34,England,3382,Luke Shaw,3233,Raheem Sterling,Complete,15.362943,69.8,2.6,83.9,8.7
3857271,2022-11-21,Group Stage,Iran,1,35,43,England,3382,Luke Shaw,10955,Harry Kane,Incomplete,27.343739,73.9,10.3,101.1,7.5
3857271,2022-11-21,Group Stage,Iran,1,35,52,England,10955,Harry Kane,,,Out,24.424782,97.9,13.7,120.0,24.1
3857271,2022-11-21,Group Stage,Iran,1,36,30,England,3336,Harry Maguire,7843,Mason Mount,Incomplete,16.796726,48.1,21.8,64.8,20.0
3857271,2022-11-21,Group Stage,Iran,1,36,33,England,3336,Harry Maguire,,,Incomplete,36.186325,44.9,21.8,80.0,13.0
3857271,2022-11-21,Group Stage,Iran,1,37,0,England,3382,Luke Shaw,3244,John Stones,Complete,43.2561,70.1,0.1,28.6,12.3
3857271,2022-11-21,Group Stage,Iran,1,37,6,England,3244,John Stones,3468,Jordan Pickford,Complete,31.494127,20.0,18.9,8.2,48.1
3857271,2022-11-21,Group Stage,Iran,1,37,10,England,3468,Jordan Pickford,3308,Kieran Trippier,Complete,23.117525,8.2,48.1,9.1,71.2
3857271,2022-11-21,Group Stage,Iran,1,37,13,England,3308,Kieran Trippier,,,Incomplete,39.036648,13.6,71.2,36.1,39.3
3857271,2022-11-21,Group Stage,Iran,1,37,18,England,30714,Jude Bellingham,3308,Kieran Trippier,Complete,19.331062,24.5,53.3,20.0,72.1
3857271,2022-11-21,Group Stage,Iran,1,37,22,England,3308,Kieran Trippier,3244,John Stones,Complete,17.69548,20.7,73.0,5.9,63.3
3857271,2022-11-21,Group Stage,Iran,1,37,26,England,3244,John Stones,10955,Harry Kane,Complete,36.116615,7.7,67.4,38.1,47.9
3857271,2022-11-21,Group Stage,Iran,1,37,29,England,10955,Harry Kane,,,Incomplete,4.05216,38.1,47.9,39.2,44.0
3857271,2022-11-21,Group Stage,Iran,1,37,50,England,3336,Harry Maguire,3244,John Stones,Complete,8.646965,32.9,36.6,32.0,45.2
3857271,2022-11-21,Group Stage,Iran,1,37,55,England,3244,John Stones,3943,Declan Rice,Complete,19.104189,40.8,47.0,40.4,27.9
3857271,2022-11-21,Group Stage,Iran,1,37,57,England,3943,Declan Rice,3233,Raheem Sterling,Complete,29.145496,40.4,27.9,68.9,21.8
3857271,2022-11-21,Group Stage,Iran,1,37,59,England,3233,Raheem Sterling,3382,Luke Shaw,Complete,18.675385,66.7,22.5,62.1,4.4
3857271,2022-11-21,Group Stage,Iran,1,38,1,England,3382,Luke Shaw,3233,Raheem Sterling,Complete,11.3,62.1,4.4,62.1,15.7
3857271,2022-11-21,Group Stage,Iran,1,38,4,England,3233,Raheem Sterling,3943,Declan Rice,Complete,15.749286,66.0,14.1,55.8,26.1
3857271,2022-11-21,Group Stage,Iran,1,38,6,England,3943,Declan Rice,3308,Kieran Trippier,Complete,47.406433,54.9,30.9,80.5,70.8
3857271,2022-11-21,Group Stage,Iran,1,38,11,England,3308,Kieran Trippier,30714,Jude Bellingham,Complete,18.36328,80.5,70.8,92.5,56.9
3857271,2022-11-21,Group Stage,Iran,1,38,15,England,30714,Jude Bellingham,3233,Raheem Sterling,Complete,6.363961,96.1,57.6,97.0,51.3
3857271,2022-11-21,Group Stage,Iran,1,38,16,England,3233,Raheem Sterling,30714,Jude Bellingham,Complete,25.578312,98.2,51.1,117.4,68.0
3857271,2022-11-21,Group Stage,Iran,1,38,19,England,30714,Jude Bellingham,,,Out,12.111565,117.4,66.7,113.6,78.2
3857271,2022-11-21,Group Stage,Iran,1,38,58,England,3336,Harry Maguire,3943,Declan Rice,Complete,16.633099,68.3,63.0,55.4,52.5
3857271,2022-11-21,Group Stage,Iran,1,39,1,England,3943,Declan Rice,3468,Jordan Pickford,Complete,37.490932,50.3,50.1,13.2,44.7
3857271,2022-11-21,Group Stage,Iran,1,39,5,England,3468,Jordan Pickford,3308,Kieran Trippier,Complete,48.478035,13.2,44.7,50.8,75.3
3857271,2022-11-21,Group Stage,Iran,1,39,9,England,3308,Kieran Trippier,10955,Harry Kane,Incomplete,61.57402,51.7,75.3,107.7,49.7
3857271,2022-11-21,Group Stage,Iran,1,39,30,England,3943,Declan Rice,3336,Harry Maguire,Complete,8.516455,10.5,30.7,2.3,28.4
3857271,2022-11-21,Group Stage,Iran,1,39,33,England,3336,Harry Maguire,30714,Jude Bellingham,Complete,14.159802,5.0,26.1,18.9,23.4
3857271,2022-11-21,Group Stage,Iran,1,39,35,England,30714,Jude Bellingham,3382,Luke Shaw,Complete,18.03136,18.9,23.4,3.7,13.7
3857271,2022-11-21,Group Stage,Iran,1,39,38,England,3382,Luke Shaw,10955,Harry Kane,Incomplete,52.837864,3.2,6.2,56.0,8.2
3857271,2022-11-21,Group Stage,Iran,1,39,47,England,7843,Mason Mount,3308,Kieran Trippier,Complete,63.291786,45.1,10.3,66.4,69.9
3857271,2022-11-21,Group Stage,Iran,1,39,52,England,3308,Kieran Trippier,22084,Bukayo Saka,Incomplete,37.53452,73.9,69.2,111.1,64.2
3857271,2022-11-21,Group Stage,Iran,1,40,29,England,3244,John Stones,22084,Bukayo Saka,Complete,25.179556,38.6,71.9,63.7,69.9
3857271,2022-11-21,Group Stage,Iran,1,40,34,England,22084,Bukayo Saka,3244,John Stones,Complete,26.401516,46.3,73.5,26.1,56.5
3857271,2022-11-21,Group Stage,Iran,1,40,38,England,3244,John Stones,3336,Harry Maguire,Complete,20.615528,26.8,49.5,31.8,29.5
3857271,2022-11-21,Group Stage,Iran,1,40,47,England,3336,Harry Maguire,3244,John Stones,Complete,13.485177,49.0,35.0,45.8,48.1
3857271,2022-11-21,Group Stage,Iran,1,40,48,England,3244,John Stones,3336,Harry Maguire,Complete,14.328294,45.8,48.1,44.9,33.8
3857271,2022-11-21,Group Stage,Iran,1,40,51,England,3336,Harry Maguire,3382,Luke Shaw,Complete,16.302454,41.5,32.7,45.1,16.8
3857271,2022-11-21,Group Stage,Iran,1,40,53,England,3382,Luke Shaw,3336,Harry Maguire,Complete,15.561812,42.6,12.3,29.5,20.7
3857271,2022-11-21,Group Stage,Iran,1,40,56,England,3336,Harry Maguire,3468,Jordan Pickford,Complete,27.070278,24.5,22.3,9.3,44.7
3857271,2022-11-21,Group Stage,Iran,1,41,0,England,3468,Jordan Pickford,30714,Jude Bellingham,Complete,14.043148,9.3,44.7,23.2,42.7
3857271,2022-11-21,Group Stage,Iran,1,41,1,England,30714,Jude Bellingham,3336,Harry Maguire,Complete,22.898909,23.2,42.7,13.2,22.1
3857271,2022-11-21,Group Stage,Iran,1,41,3,England,3336,Harry Maguire,3382,Luke Shaw,Complete,24.684408,12.5,25.2,33.1,11.6
3857271,2022-11-21,Group Stage,Iran,1,41,9,England,3382,Luke Shaw,10955,Harry Kane,Complete,10.845276,56.7,7.5,65.8,13.4
3857271,2022-11-21,Group Stage,Iran,1,41,15,England,10955,Harry Kane,7843,Mason Mount,Complete,12.420145,74.1,21.1,81.6,11.2
3857271,2022-11-21,Group Stage,Iran,1,41,17,England,7843,Mason Mount,3382,Luke Shaw,Complete,10.885311,93.6,15.7,89.3,5.7
3857271,2022-11-21,Group Stage,Iran,1,41,19,England,3382,Luke Shaw,3943,Declan Rice,Complete,14.710541,89.3,5.7,78.7,15.9
3857271,2022-11-21,Group Stage,Iran,1,41,21,England,3943,Declan Rice,30714,Jude Bellingham,Complete,8.05295,78.7,15.9,82.1,23.2
3857271,2022-11-21,Group Stage,Iran,1,41,23,England,30714,Jude Bellingham,3244,John Stones,Complete,23.38568,79.3,23.4,77.3,46.7
3857271,2022-11-21,Group Stage,Iran,1,41,26,England,3244,John Stones,3308,Kieran Trippier,Complete,23.16398,77.3,47.2,83.2,69.6
3857271,2022-11-21,Group Stage,Iran,1,41,28,England,3308,Kieran Trippier,3244,John Stones,Complete,25.495098,79.3,68.5,60.3,51.5
3857271,2022-11-21,Group Stage,Iran,1,41,36,England,3244,John Stones,3382,Luke Shaw,Complete,29.76995,75.0,31.1,87.1,3.9
3857271,2022-11-21,Group Stage,Iran,1,41,40,England,3382,Luke Shaw,3233,Raheem Sterling,Complete,11.412712,90.4,4.6,92.0,15.9
3857271,2022-11-21,Group Stage,Iran,1,41,42,England,3233,Raheem Sterling,3382,Luke Shaw,Complete,8.902246,91.6,12.1,89.3,3.5
3857271,2022-11-21,Group Stage,Iran,1,41,43,England,3382,Luke Shaw,3943,Declan Rice,Complete,11.981652,89.3,2.1,79.3,8.7
3857271,2022-11-21,Group Stage,Iran,1,41,45,England,3943,Declan Rice,3244,John Stones,Complete,31.158466,76.4,10.0,65.8,39.3
3857271,2022-11-21,Group Stage,Iran,1,41,48,England,3244,John Stones,3308,Kieran Trippier,Complete,24.908834,63.7,40.2,73.5,63.1
3857271,2022-11-21,Group Stage,Iran,1,41,50,England,3308,Kieran Trippier,3244,John Stones,Complete,20.922955,73.5,63.1,59.9,47.2
3857271,2022-11-21,Group Stage,Iran,1,41,55,England,3244,John Stones,3382,Luke Shaw,Complete,56.07718,62.4,45.2,99.1,2.8
3857271,2022-11-21,Group Stage,Iran,1,42,5,England,7843,Mason Mount,3233,Raheem Sterling,Incomplete,16.37834,99.1,21.4,115.4,23.0
3857271,2022-11-21,Group Stage,Iran,1,42,43,England,3382,Luke Shaw,3336,Harry Maguire,Complete,48.379333,120.0,0.1,107.0,46.7
3857271,2022-11-21,Group Stage,Iran,1,42,45,England,3336,Harry Maguire,22084,Bukayo Saka,Complete,8.9196415,107.0,47.4,104.0,39.0
3857271,2022-11-21,Group Stage,Iran,1,44,42,England,3943,Declan Rice,7843,Mason Mount,Complete,21.224985,63.3,53.5,80.0,40.4
3857271,2022-11-21,Group Stage,Iran,1,44,52,England,3382,Luke Shaw,3244,John Stones,Complete,34.878647,40.8,24.1,28.4,56.7
3857271,2022-11-21,Group Stage,Iran,1,44,55,England,3244,John Stones,3308,Kieran Trippier,Complete,19.321491,29.0,54.5,37.4,71.9
3857271,2022-11-21,Group Stage,Iran,1,44,57,England,3308,Kieran Trippier,3244,John Stones,Complete,27.411676,37.2,72.4,13.4,58.8
3857271,2022-11-21,Group Stage,Iran,1,45,2,England,3244,John Stones,3468,Jordan Pickford,Complete,9.884331,6.6,54.5,2.3,45.6
3857271,2022-11-21,Group Stage,Iran,1,45,3,England,3468,Jordan Pickford,10955,Harry Kane,Complete,44.63463,2.3,45.6,46.3,38.1
3857271,2022-11-21,Group Stage,Iran,1,45,12,England,30714,Jude Bellingham,10955,Harry Kane,Complete,21.592823,76.4,44.7,94.8,56.0
3857271,2022-11-21,Group Stage,Iran,1,45,17,England,10955,Harry Kane,3233,Raheem Sterling,Complete,19.474342,107.2,61.9,111.0,42.8
3857271,2022-11-21,Group Stage,Iran,1,46,42,England,30714,Jude Bellingham,3382,Luke Shaw,Complete,16.43472,35.2,26.6,24.3,14.3
3857271,2022-11-21,Group Stage,Iran,1,46,44,England,3382,Luke Shaw,,,Incomplete,8.234683,23.6,7.1,31.1,10.5
3857271,2022-11-21,Group Stage,Iran,1,46,46,England,7843,Mason Mount,30714,Jude Bellingham,Unknown,7.502666,38.3,6.6,38.1,14.1
3857271,2022-11-21,Group Stage,Iran,1,47,15,England,3336,Harry Maguire,,,Incomplete,69.303535,37.2,23.4,106.5,24.1
3857271,2022-11-21,Group Stage,Iran,1,47,21,England,3233,Raheem Sterling,30714,Jude Bellingham,Incomplete,4.8259716,94.1,20.2,89.3,20.7
3857271,2022-11-21,Group Stage,Iran,1,47,23,England,3233,Raheem Sterling,30714,Jude Bellingham,Complete,17.201162,89.5,23.4,89.3,40.6
3857271,2022-11-21,Group Stage,Iran,1,47,31,England,3943,Declan Rice,3244,John Stones,Complete,17.2,79.3,55.8,62.1,55.8
3857271,2022-11-21,Group Stage,Iran,1,47,35,England,3244,John Stones,3943,Declan Rice,Complete,6.545991,62.1,55.8,65.8,61.2
3857271,2022-11-21,Group Stage,Iran,1,47,36,England,3943,Declan Rice,3244,John Stones,Complete,12.050726,65.8,61.2,56.7,53.3
3857271,2022-11-21,Group Stage,Iran,1,47,40,England,3244,John Stones,3382,Luke Shaw,Complete,17.765415,55.6,44.7,67.6,31.6
3857271,2022-11-21,Group Stage,Iran,1,47,42,England,3382,Luke Shaw,10955,Harry Kane,Complete,11.903781,66.7,28.4,77.8,24.1
3857271,2022-11-21,Group Stage,Iran,1,47,45,England,10955,Harry Kane,3943,Declan Rice,Complete,16.829735,77.8,24.1,65.8,35.9
3857271,2022-11-21,Group Stage,Iran,1,47,47,England,3943,Declan Rice,30714,Jude Bellingham,Complete,20.524376,65.8,35.9,81.6,49.0
3857271,2022-11-21,Group Stage,Iran,1,47,49,England,30714,Jude Bellingham,22084,Bukayo Saka,Complete,23.423279,82.1,50.6,99.3,66.5
3857271,2022-11-21,Group Stage,Iran,1,47,53,England,22084,Bukayo Saka,3308,Kieran Trippier,Complete,13.109538,103.4,65.8,116.5,65.3
3857271,2022-11-21,Group Stage,Iran,1,47,54,England,3308,Kieran Trippier,,,Incomplete,3.1,117.7,66.1,114.6,66.1
3857271,2022-11-21,Group Stage,Iran,1,48,31,England,3308,Kieran Trippier,,,Incomplete,37.472256,120.0,80.0,111.1,43.6
3857271,2022-11-21,Group Stage,Iran,1,48,38,England,30714,Jude Bellingham,3308,Kieran Trippier,Complete,6.6910386,96.1,75.1,89.5,76.2
3857271,2022-11-21,Group Stage,Iran,1,48,39,England,3308,Kieran Trippier,3233,Raheem Sterling,Complete,12.478782,90.2,75.1,94.8,63.5
3857271,2022-11-21,Group Stage,Iran,1,48,41,England,3233,Raheem Sterling,3308,Kieran Trippier,Complete,9.343447,94.8,63.7,95.7,73.0
3857271,2022-11-21,Group Stage,Iran,1,48,43,England,3308,Kieran Trippier,,,Incomplete,15.023315,95.7,73.0,107.0,63.1
3857271,2022-11-21,Group Stage,Iran,1,48,46,England,22084,Bukayo Saka,7843,Mason Mount,Incomplete,4.661545,109.5,47.4,106.8,43.6
3857271,2022-11-21,Group Stage,Iran,1,48,50,England,3943,Declan Rice,3308,Kieran Trippier,Complete,7.2346387,78.4,68.0,83.9,63.3
3857271,2022-11-21,Group Stage,Iran,1,48,53,England,3308,Kieran Trippier,3244,John Stones,Complete,14.844865,86.6,62.2,78.0,50.1
3857271,2022-11-21,Group Stage,Iran,1,48,55,England,3244,John Stones,7843,Mason Mount,Complete,20.678492,78.0,50.1,76.2,29.5
3857271,2022-11-21,Group Stage,Iran,1,48,58,England,7843,Mason Mount,10955,Harry Kane,Complete,28.40845,75.0,27.5,90.2,3.5
3857271,2022-11-21,Group Stage,Iran,1,49,3,England,10955,Harry Kane,3943,Declan Rice,Complete,29.364605,90.2,3.5,73.0,27.3
3857271,2022-11-21,Group Stage,Iran,1,49,7,England,3943,Declan Rice,3244,John Stones,Complete,22.410934,73.0,27.3,72.3,49.7
3857271,2022-11-21,Group Stage,Iran,1,49,9,England,3244,John Stones,3308,Kieran Trippier,Complete,16.936647,72.3,49.7,76.9,66.0
3857271,2022-11-21,Group Stage,Iran,1,49,10,England,3308,Kieran Trippier,22084,Bukayo Saka,Complete,10.186265,76.9,66.0,84.3,59.0
3857271,2022-11-21,Group Stage,Iran,1,49,12,England,22084,Bukayo Saka,3308,Kieran Trippier,Complete,13.320661,82.7,57.6,73.9,67.6
3857271,2022-11-21,Group Stage,Iran,1,49,13,England,3308,Kieran Trippier,3244,John Stones,Complete,27.476717,71.2,68.0,50.1,50.4
3857271,2022-11-21,Group Stage,Iran,1,49,17,England,3244,John Stones,3336,Harry Maguire,Complete,27.705053,50.1,50.4,46.0,23.0
3857271,2022-11-21,Group Stage,Iran,1,49,21,England,3336,Harry Maguire,3382,Luke Shaw,Complete,42.80292,53.3,29.8,86.1,2.3
3857271,2022-11-21,Group Stage,Iran,1,49,24,England,3382,Luke Shaw,7843,Mason Mount,Complete,9.873196,86.4,3.2,76.6,4.4
3857271,2022-11-21,Group Stage,Iran,1,49,27,England,7843,Mason Mount,3943,Declan Rice,Complete,8.902246,65.5,9.8,71.0,16.8
3857271,2022-11-21,Group Stage,Iran,1,49,28,England,3943,Declan Rice,7843,Mason Mount,Complete,5.3851647,71.0,16.8,66.4,19.6
3857271,2022-11-21,Group Stage,Iran,1,49,29,England,7843,Mason Mount,3244,John Stones,Complete,22.860008,64.8,20.9,62.1,43.6
3857271,2022-11-21,Group Stage,Iran,1,49,32,England,3244,John Stones,22084,Bukayo Saka,Complete,39.51405,62.1,43.6,87.1,74.2
3857271,2022-11-21,Group Stage,Iran,1,49,46,England,30714,Jude Bellingham,3336,Harry Maguire,Complete,21.072256,56.7,52.9,41.7,38.1
3857271,2022-11-21,Group Stage,Iran,1,49,49,England,3336,Harry Maguire,3382,Luke Shaw,Complete,27.541424,45.8,38.1,62.1,15.9
3857271,2022-11-21,Group Stage,Iran,1,49,53,England,3382,Luke Shaw,3233,Raheem Sterling,Complete,7.1112585,62.6,7.5,63.0,14.6
3857271,2022-11-21,Group Stage,Iran,1,49,54,England,3233,Raheem Sterling,3382,Luke Shaw,Complete,5.9,63.0,14.6,63.0,8.7
3857271,2022-11-21,Group Stage,Iran,1,49,55,England,3382,Luke Shaw,3233,Raheem Sterling,Complete,5.9,63.0,8.7,63.0,14.6
3857271,2022-11-21,Group Stage,Iran,1,49,56,England,3233,Raheem Sterling,3336,Harry Maguire,Complete,14.2411375,63.0,14.6,54.6,26.1
3857271,2022-11-21,Group Stage,Iran,1,49,59,England,3336,Harry Maguire,3943,Declan Rice,Complete,11.882761,55.1,28.8,63.7,37.0
3857271,2022-11-21,Group Stage,Iran,1,50,1,England,3943,Declan Rice,3308,Kieran Trippier,Complete,36.319965,66.0,38.6,80.5,71.9
3857271,2022-11-21,Group Stage,Iran,1,50,5,England,3308,Kieran Trippier,3244,John Stones,Complete,19.055971,76.2,71.4,60.5,60.6
3857271,2022-11-21,Group Stage,Iran,1,50,6,England,3244,John Stones,3943,Declan Rice,Complete,9.8234415,60.5,61.0,63.0,51.5
3857271,2022-11-21,Group Stage,Iran,1,50,7,England,3943,Declan Rice,3244,John Stones,Complete,12.021647,63.0,51.5,54.4,59.9
3857271,2022-11-21,Group Stage,Iran,1,50,9,England,3244,John Stones,3336,Harry Maguire,Complete,31.732002,54.4,59.9,46.0,29.3
3857271,2022-11-21,Group Stage,Iran,1,50,12,England,3336,Harry Maguire,3233,Raheem Sterling,Complete,15.945219,54.0,25.4,69.6,22.1
3857271,2022-11-21,Group Stage,Iran,1,50,13,England,3233,Raheem Sterling,3336,Harry Maguire,Complete,15.39383,69.6,22.1,56.7,13.7
3857271,2022-11-21,Group Stage,Iran,1,50,15,England,3336,Harry Maguire,3943,Declan Rice,Complete,12.25765,59.9,13.0,62.4,25.0
3857271,2022-11-21,Group Stage,Iran,1,50,16,England,3943,Declan Rice,3336,Harry Maguire,Complete,15.181897,59.2,22.5,47.2,13.2
3857271,2022-11-21,Group Stage,Iran,1,50,20,England,3336,Harry Maguire,3308,Kieran Trippier,Complete,53.30816,38.1,19.8,62.1,67.4
3857271,2022-11-21,Group Stage,Iran,1,50,24,England,3308,Kieran Trippier,10955,Harry Kane,Incomplete,30.052788,62.4,66.7,89.3,53.3
3857271,2022-11-21,Group Stage,Iran,1,50,39,England,3308,Kieran Trippier,3244,John Stones,Complete,14.632156,28.4,63.3,31.5,49.0
3857271,2022-11-21,Group Stage,Iran,1,50,42,England,3244,John Stones,3336,Harry Maguire,Complete,26.898514,31.5,48.6,33.8,21.8
3857271,2022-11-21,Group Stage,Iran,1,50,48,England,3336,Harry Maguire,3244,John Stones,Complete,25.005999,40.8,20.7,43.1,45.6
3857271,2022-11-21,Group Stage,Iran,1,50,53,England,3244,John Stones,3233,Raheem Sterling,Complete,50.60247,53.3,50.1,72.3,3.2
3857271,2022-11-21,Group Stage,Iran,1,50,58,England,3233,Raheem Sterling,3382,Luke Shaw,Complete,11.520851,70.7,4.4,61.4,11.2
3857271,2022-11-21,Group Stage,Iran,1,50,59,England,3382,Luke Shaw,30714,Jude Bellingham,Complete,8.886507,61.4,11.2,69.8,14.1
3857271,2022-11-21,Group Stage,Iran,1,51,0,England,30714,Jude Bellingham,3382,Luke Shaw,Complete,7.6850505,69.8,14.1,63.3,10.0
3857271,2022-11-21,Group Stage,Iran,1,51,2,England,3382,Luke Shaw,3943,Declan Rice,Complete,15.402922,63.3,10.0,57.1,24.1
3857271,2022-11-21,Group Stage,Iran,1,51,4,England,3943,Declan Rice,3308,Kieran Trippier,Complete,47.98052,56.7,27.7,71.0,73.5
3857271,2022-11-21,Group Stage,Iran,1,51,7,England,3308,Kieran Trippier,3244,John Stones,Complete,20.580574,71.0,73.5,54.0,61.9
3857271,2022-11-21,Group Stage,Iran,1,51,16,England,3244,John Stones,3382,Luke Shaw,Complete,23.593431,63.0,34.7,67.8,11.6
3857271,2022-11-21,Group Stage,Iran,1,51,20,England,3382,Luke Shaw,3233,Raheem Sterling,Complete,15.226622,67.8,11.6,80.5,3.2
3857271,2022-11-21,Group Stage,Iran,1,51,23,England,3233,Raheem Sterling,3943,Declan Rice,Complete,22.588715,78.4,8.0,68.7,28.4
3857271,2022-11-21,Group Stage,Iran,1,51,25,England,3943,Declan Rice,3308,Kieran Trippier,Complete,22.163258,67.6,38.1,81.2,55.6
3857271,2022-11-21,Group Stage,Iran,1,51,28,England,3308,Kieran Trippier,22084,Bukayo Saka,Complete,24.331873,81.2,55.6,100.2,70.8
3857271,2022-11-21,Group Stage,Iran,1,51,34,England,22084,Bukayo Saka,7843,Mason Mount,Complete,8.323461,109.0,70.1,102.2,65.3
3857271,2022-11-21,Group Stage,Iran,1,51,34,England,7843,Mason Mount,22084,Bukayo Saka,Incomplete,12.103719,101.6,65.8,111.1,58.3
3857271,2022-11-21,Group Stage,Iran,1,52,5,England,3336,Harry Maguire,10955,Harry Kane,Incomplete,20.926777,55.8,19.8,76.6,22.1
3857271,2022-11-21,Group Stage,Iran,1,52,8,England,3308,Kieran Trippier,3943,Declan Rice,Complete,10.160708,52.2,42.7,54.0,32.7
3857271,2022-11-21,Group Stage,Iran,1,52,9,England,3943,Declan Rice,3244,John Stones,Complete,16.204937,54.0,32.7,39.2,39.3
3857271,2022-11-21,Group Stage,Iran,1,52,11,England,3244,John Stones,3336,Harry Maguire,Complete,16.608732,37.2,38.6,31.5,23.0
3857271,2022-11-21,Group Stage,Iran,1,52,14,England,3336,Harry Maguire,3943,Declan Rice,Complete,11.962023,31.1,21.4,38.1,31.1
3857271,2022-11-21,Group Stage,Iran,1,52,15,England,3943,Declan Rice,3244,John Stones,Complete,16.594578,38.1,31.1,23.4,38.8
3857271,2022-11-21,Group Stage,Iran,1,52,16,England,3244,John Stones,3943,Declan Rice,Complete,9.947865,25.2,39.3,33.8,34.3
3857271,2022-11-21,Group Stage,Iran,1,52,19,England,3943,Declan Rice,3233,Raheem Sterling,Incomplete,46.434147,38.8,35.2,84.1,25.0
3857271,2022-11-21,Group Stage,Iran,1,52,29,England,3244,John Stones,3308,Kieran Trippier,Complete,23.917566,51.3,48.1,42.4,70.3
3857271,2022-11-21,Group Stage,Iran,1,52,33,England,3308,Kieran Trippier,3468,Jordan Pickford,Complete,32.289318,31.5,71.9,4.3,54.5
3857271,2022-11-21,Group Stage,Iran,1,52,35,England,3468,Jordan Pickford,3244,John Stones,Complete,14.780054,4.3,55.1,13.2,66.9
3857271,2022-11-21,Group Stage,Iran,1,52,40,England,3244,John Stones,30714,Jude Bellingham,Complete,30.288282,17.5,70.3,31.8,43.6
3857271,2022-11-21,Group Stage,Iran,1,52,42,England,30714,Jude Bellingham,3336,Harry Maguire,Complete,13.726617,32.0,41.3,18.9,37.2
3857271,2022-11-21,Group Stage,Iran,1,52,46,England,3336,Harry Maguire,7843,Mason Mount,Complete,16.421022,26.1,31.8,31.8,16.4
3857271,2022-11-21,Group Stage,Iran,1,52,49,England,7843,Mason Mount,3943,Declan Rice,Complete,13.90863,31.8,16.4,37.0,29.3
3857271,2022-11-21,Group Stage,Iran,1,52,51,England,3943,Declan Rice,3244,John Stones,Complete,10.526158,37.0,29.3,30.4,37.5
3857271,2022-11-21,Group Stage,Iran,1,52,55,England,3244,John Stones,3943,Declan Rice,Complete,15.9012575,37.0,44.7,44.9,30.9
3857271,2022-11-21,Group Stage,Iran,1,52,57,England,3943,Declan Rice,7843,Mason Mount,Complete,26.090994,44.9,30.9,54.4,6.6
3857271,2022-11-21,Group Stage,Iran,1,52,59,England,7843,Mason Mount,3382,Luke Shaw,Complete,11.715375,54.4,6.6,65.8,3.9
3857271,2022-11-21,Group Stage,Iran,1,53,0,England,3382,Luke Shaw,7843,Mason Mount,Complete,10.413933,65.8,3.9,55.6,6.0
3857271,2022-11-21,Group Stage,Iran,1,53,2,England,7843,Mason Mount,3336,Harry Maguire,Complete,18.798405,55.6,6.0,51.3,24.3
3857271,2022-11-21,Group Stage,Iran,1,53,4,England,3336,Harry Maguire,3244,John Stones,Complete,21.700922,50.3,25.0,50.1,46.7
3857271,2022-11-21,Group Stage,Iran,1,53,14,England,3244,John Stones,7843,Mason Mount,Complete,33.673283,64.6,38.8,69.6,5.5
3857271,2022-11-21,Group Stage,Iran,1,53,17,England,7843,Mason Mount,3382,Luke Shaw,Complete,10.407689,69.6,5.1,80.0,5.5
3857271,2022-11-21,Group Stage,Iran,1,53,18,England,3382,Luke Shaw,3233,Raheem Sterling,Complete,7.2339478,82.3,6.9,81.6,14.1
3857271,2022-11-21,Group Stage,Iran,1,53,20,England,3233,Raheem Sterling,3943,Declan Rice,Complete,8.5,75.3,15.5,66.9,16.8
3857271,2022-11-21,Group Stage,Iran,1,53,22,England,3943,Declan Rice,3244,John Stones,Complete,24.530796,65.8,16.4,55.8,38.8
3857271,2022-11-21,Group Stage,Iran,1,53,26,England,3244,John Stones,22084,Bukayo Saka,Complete,18.597042,57.1,52.9,75.5,55.6
3857271,2022-11-21,Group Stage,Iran,1,53,28,England,22084,Bukayo Saka,3233,Raheem Sterling,Incomplete,9.824968,74.6,55.6,75.3,45.8
3857271,2022-11-21,Group Stage,Iran,1,53,35,England,3943,Declan Rice,3308,Kieran Trippier,Complete,13.566503,51.3,56.5,43.5,67.6
3857271,2022-11-21,Group Stage,Iran,1,53,36,England,3308,Kieran Trippier,3943,Declan Rice,Complete,6.9892774,43.5,67.6,45.8,61.0
3857271,2022-11-21,Group Stage,Iran,1,53,38,England,3943,Declan Rice,3244,John Stones,Complete,9.90202,45.8,61.0,36.5,57.6
3857271,2022-11-21,Group Stage,Iran,1,53,39,England,3244,John Stones,3943,Declan Rice,Complete,6.708204,36.5,57.6,43.1,58.8
3857271,2022-11-21,Group Stage,Iran,1,53,42,England,3943,Declan Rice,7843,Mason Mount,Complete,20.885641,44.0,49.0,53.5,30.4
3857271,2022-11-21,Group Stage,Iran,1,53,45,England,7843,Mason Mount,3382,Luke Shaw,Complete,21.204245,53.5,27.3,55.6,6.2
3857271,2022-11-21,Group Stage,Iran,1,53,47,England,3382,Luke Shaw,7843,Mason Mount,Complete,9.141663,55.6,6.2,58.7,14.8
3857271,2022-11-21,Group Stage,Iran,1,53,48,England,7843,Mason Mount,3382,Luke Shaw,Complete,6.5946946,58.7,14.8,53.7,10.5
3857271,2022-11-21,Group Stage,Iran,1,53,49,England,3382,Luke Shaw,3943,Declan Rice,Complete,24.71639,53.7,10.5,52.8,35.2
3857271,2022-11-21,Group Stage,Iran,1,53,51,England,3943,Declan Rice,3308,Kieran Trippier,Complete,40.953876,52.8,35.2,73.9,70.3
3857271,2022-11-21,Group Stage,Iran,1,53,54,England,3308,Kieran Trippier,30714,Jude Bellingham,Complete,11.081967,75.0,70.3,73.0,59.4
3857271,2022-11-21,Group Stage,Iran,1,53,57,England,30714,Jude Bellingham,3244,John Stones,Complete,18.797073,65.8,64.4,51.5,52.2
3857271,2022-11-21,Group Stage,Iran,1,54,0,England,3244,John Stones,7843,Mason Mount,Complete,24.685623,56.7,52.2,66.4,29.5
3857271,2022-11-21,Group Stage,Iran,1,54,1,England,7843,Mason Mount,3336,Harry Maguire,Complete,11.892855,66.4,29.8,57.6,21.8
3857271,2022-11-21,Group Stage,Iran,1,54,5,England,3336,Harry Maguire,3382,Luke Shaw,Complete,41.221596,63.0,23.4,99.1,3.5
3857271,2022-11-21,Group Stage,Iran,1,54,37,England,3382,Luke Shaw,3233,Raheem Sterling,Complete,7.655717,97.9,3.9,94.8,10.9
3857271,2022-11-21,Group Stage,Iran,1,54,40,England,3233,Raheem Sterling,3336,Harry Maguire,Complete,17.501143,88.9,8.7,71.4,8.9
3857271,2022-11-21,Group Stage,Iran,1,54,42,England,3336,Harry Maguire,3244,John Stones,Complete,17.87652,69.6,8.7,65.5,26.1
3857271,2022-11-21,Group Stage,Iran,1,54,44,England,3244,John Stones,30714,Jude Bellingham,Complete,7.1021123,63.3,30.4,70.3,31.6
3857271,2022-11-21,Group Stage,Iran,1,54,45,England,30714,Jude Bellingham,3308,Kieran Trippier,Complete,19.782063,70.3,31.6,72.1,51.3
3857271,2022-11-21,Group Stage,Iran,1,54,47,England,3308,Kieran Trippier,3244,John Stones,Complete,13.624243,72.1,51.3,64.2,40.2
3857271,2022-11-21,Group Stage,Iran,1,54,49,England,3244,John Stones,30714,Jude Bellingham,Complete,4.8373547,64.2,40.2,64.8,35.4
3857271,2022-11-21,Group Stage,Iran,1,54,51,England,30714,Jude Bellingham,3308,Kieran Trippier,Complete,15.474172,66.4,39.3,63.5,54.5
3857271,2022-11-21,Group Stage,Iran,1,54,52,England,3308,Kieran Trippier,3943,Declan Rice,Complete,27.155294,63.5,54.5,66.4,27.5
3857271,2022-11-21,Group Stage,Iran,1,54,54,England,3943,Declan Rice,,,Incomplete,4.7759814,66.4,27.5,68.0,23.0
3857271,2022-11-21,Group Stage,Iran,1,55,29,England,3468,Jordan Pickford,10955,Harry Kane,Incomplete,82.73041,6.0,36.0,81.6,69.6
3857271,2022-11-21,Group Stage,Iran,1,55,49,England,3308,Kieran Trippier,3244,John Stones,Complete,21.617817,48.1,80.0,31.8,65.8
3857271,2022-11-21,Group Stage,Iran,1,55,53,England,3244,John Stones,3336,Harry Maguire,Complete,36.206768,34.5,64.6,33.8,28.4
3857271,2022-11-21,Group Stage,Iran,1,55,58,England,3336,Harry Maguire,3244,John Stones,Complete,27.204596,39.9,28.4,40.4,55.6
3857271,2022-11-21,Group Stage,Iran,1,56,1,England,3244,John Stones,3308,Kieran Trippier,Complete,17.058136,41.3,56.0,55.6,65.3
3857271,2022-11-21,Group Stage,Iran,1,56,3,England,3308,Kieran Trippier,3244,John Stones,Complete,14.501379,56.7,66.9,44.0,59.9
3857271,2022-11-21,Group Stage,Iran,1,56,7,England,3244,John Stones,3468,Jordan Pickford,Complete,36.363167,40.4,70.1,11.6,47.9
3857271,2022-11-21,Group Stage,Iran,1,56,11,England,3468,Jordan Pickford,3382,Luke Shaw,Incomplete,66.40075,11.4,44.7,65.5,6.2
3857271,2022-11-21,Group Stage,Iran,1,56,23,England,3382,Luke Shaw,3336,Harry Maguire,Complete,19.554283,55.1,0.1,37.0,7.5
3857271,2022-11-21,Group Stage,Iran,1,56,32,England,3336,Harry Maguire,7843,Mason Mount,Complete,28.260397,44.2,28.6,71.9,23.0
3857271,2022-11-21,Group Stage,Iran,1,57,7,England,3336,Harry Maguire,30714,Jude Bellingham,Complete,8.348653,72.3,21.4,78.0,27.5
3857271,2022-11-21,Group Stage,Iran,1,57,11,England,30714,Jude Bellingham,7843,Mason Mount,Complete,15.065191,72.3,18.9,87.3,17.5
3857271,2022-11-21,Group Stage,Iran,1,58,9,England,3382,Luke Shaw,3244,John Stones,Complete,40.142994,85.9,22.1,112.0,52.6
3857271,2022-11-21,Group Stage,Iran,1,58,14,England,3244,John Stones,3308,Kieran Trippier,Complete,31.798428,109.5,70.1,81.2,55.6
3857271,2022-11-21,Group Stage,Iran,1,58,17,England,3308,Kieran Trippier,3382,Luke Shaw,Complete,27.054205,81.2,55.6,77.5,28.8
3857271,2022-11-21,Group Stage,Iran,1,58,21,England,3382,Luke Shaw,30714,Jude Bellingham,Complete,10.850346,78.4,27.9,88.6,31.6
3857271,2022-11-21,Group Stage,Iran,1,58,23,England,30714,Jude Bellingham,3943,Declan Rice,Complete,17.734148,83.0,32.7,65.3,33.8
3857271,2022-11-21,Group Stage,Iran,1,58,24,England,3943,Declan Rice,3382,Luke Shaw,Complete,24.461603,65.3,33.8,73.9,10.9
3857271,2022-11-21,Group Stage,Iran,1,58,27,England,3382,Luke Shaw,30714,Jude Bellingham,Complete,11.682894,67.8,8.9,74.6,18.4
3857271,2022-11-21,Group Stage,Iran,1,58,28,England,30714,Jude Bellingham,7843,Mason Mount,Complete,16.865646,74.6,18.4,80.5,2.6
3857271,2022-11-21,Group Stage,Iran,1,58,33,England,7843,Mason Mount,30714,Jude Bellingham,Complete,10.3580885,73.0,6.0,63.0,8.7
3857271,2022-11-21,Group Stage,Iran,1,58,37,England,30714,Jude Bellingham,3308,Kieran Trippier,Complete,31.991562,60.1,10.9,52.6,42.0
3857271,2022-11-21,Group Stage,Iran,1,58,40,England,3308,Kieran Trippier,3943,Declan Rice,Complete,18.506756,52.6,42.0,47.9,24.1
3857271,2022-11-21,Group Stage,Iran,1,58,42,England,3943,Declan Rice,30714,Jude Bellingham,Complete,15.546704,48.5,23.0,54.6,8.7
3857271,2022-11-21,Group Stage,Iran,1,58,44,England,30714,Jude Bellingham,3382,Luke Shaw,Complete,16.745148,54.6,8.7,71.2,10.9
3857271,2022-11-21,Group Stage,Iran,1,58,46,England,3382,Luke Shaw,3336,Harry Maguire,Complete,23.668545,66.7,13.0,43.1,14.8
3857271,2022-11-21,Group Stage,Iran,1,58,48,England,3336,Harry Maguire,30714,Jude Bellingham,Complete,11.531695,43.8,15.5,48.1,4.8
3857271,2022-11-21,Group Stage,Iran,1,58,52,England,30714,Jude Bellingham,3943,Declan Rice,Complete,8.4,41.5,4.6,41.5,13.0
3857271,2022-11-21,Group Stage,Iran,1,58,56,England,3943,Declan Rice,7843,Mason Mount,Incomplete,16.858528,34.0,8.2,50.1,3.2
3857271,2022-11-21,Group Stage,Iran,2,45,0,England,22084,Bukayo Saka,3244,John Stones,Complete,16.424677,61.0,40.1,44.6,41.0
3857271,2022-11-21,Group Stage,Iran,2,45,4,England,3244,John Stones,3382,Luke Shaw,Complete,35.82471,47.0,40.8,52.5,5.4
3857271,2022-11-21,Group Stage,Iran,2,45,8,England,3382,Luke Shaw,3336,Harry Maguire,Complete,18.569868,57.4,7.8,43.4,20.0
3857271,2022-11-21,Group Stage,Iran,2,45,14,England,3336,Harry Maguire,3382,Luke Shaw,Complete,18.03247,38.2,24.5,51.1,11.9
3857271,2022-11-21,Group Stage,Iran,2,45,18,England,3382,Luke Shaw,3336,Harry Maguire,Complete,12.431009,51.3,12.4,39.6,16.6
3857271,2022-11-21,Group Stage,Iran,2,45,20,England,3336,Harry Maguire,3468,Jordan Pickford,Complete,34.577595,39.1,18.2,14.6,42.6
3857271,2022-11-21,Group Stage,Iran,2,45,26,England,3468,Jordan Pickford,3308,Kieran Trippier,Complete,30.613886,15.0,43.7,21.1,73.7
3857271,2022-11-21,Group Stage,Iran,2,45,28,England,3308,Kieran Trippier,3244,John Stones,Complete,17.395401,21.1,73.7,8.9,61.3
3857271,2022-11-21,Group Stage,Iran,2,45,32,England,3244,John Stones,3336,Harry Maguire,Complete,30.053951,8.0,49.1,6.2,19.1
3857271,2022-11-21,Group Stage,Iran,2,45,36,England,3336,Harry Maguire,3468,Jordan Pickford,Complete,18.361917,12.8,15.5,2.8,30.9
3857271,2022-11-21,Group Stage,Iran,2,45,40,England,3468,Jordan Pickford,,,Incomplete,3.0066593,3.7,29.3,6.7,29.5
3857271,2022-11-21,Group Stage,Iran,2,45,42,England,3308,Kieran Trippier,3943,Declan Rice,Complete,20.587618,21.3,58.8,27.6,39.2
3857271,2022-11-21,Group Stage,Iran,2,46,26,England,3308,Kieran Trippier,,,Incomplete,26.44844,56.1,62.2,82.5,60.6
3857271,2022-11-21,Group Stage,Iran,2,46,44,England,30714,Jude Bellingham,22084,Bukayo Saka,Complete,30.649307,70.3,36.5,87.0,62.2
3857271,2022-11-21,Group Stage,Iran,2,46,50,England,10955,Harry Kane,30714,Jude Bellingham,Incomplete,22.655022,94.9,69.4,106.6,50.0
3857271,2022-11-21,Group Stage,Iran,2,46,59,England,3336,Harry Maguire,3382,Luke Shaw,Complete,14.762791,63.5,25.0,74.8,15.5
3857271,2022-11-21,Group Stage,Iran,2,47,2,England,3382,Luke Shaw,3336,Harry Maguire,Complete,15.993123,61.3,9.4,46.6,15.7
3857271,2022-11-21,Group Stage,Iran,2,47,4,England,3336,Harry Maguire,3382,Luke Shaw,Complete,11.236102,45.5,16.6,48.6,5.8
3857271,2022-11-21,Group Stage,Iran,2,47,5,England,3382,Luke Shaw,3943,Declan Rice,Complete,8.956003,49.5,5.8,52.0,14.4
3857271,2022-11-21,Group Stage,Iran,2,47,6,England,3943,Declan Rice,3336,Harry Maguire,Complete,18.95521,52.2,13.7,33.5,10.6
3857271,2022-11-21,Group Stage,Iran,2,47,9,England,3336,Harry Maguire,3943,Declan Rice,Complete,26.076809,26.5,16.2,43.7,35.8
3857271,2022-11-21,Group Stage,Iran,2,47,11,England,3943,Declan Rice,30714,Jude Bellingham,Complete,19.303886,43.7,35.8,59.7,46.6
3857271,2022-11-21,Group Stage,Iran,2,47,13,England,30714,Jude Bellingham,22084,Bukayo Saka,Pass Offside,31.722704,60.4,47.8,73.7,76.6
3857271,2022-11-21,Group Stage,Iran,2,47,38,England,3336,Harry Maguire,3233,Raheem Sterling,Complete,28.460499,42.8,16.6,69.8,7.6
3857271,2022-11-21,Group Stage,Iran,2,47,42,England,3233,Raheem Sterling,10955,Harry Kane,Complete,11.6400175,68.9,7.6,80.4,9.4
3857271,2022-11-21,Group Stage,Iran,2,50,13,England,3308,Kieran Trippier,,,Incomplete,6.1032777,97.3,26.6,97.1,32.7
3857271,2022-11-21,Group Stage,Iran,2,50,16,England,3244,John Stones,3382,Luke Shaw,Complete,27.994642,74.8,43.0,63.7,17.3
3857271,2022-11-21,Group Stage,Iran,2,50,21,England,3382,Luke Shaw,3308,Kieran Trippier,Complete,43.345703,51.3,12.8,93.5,22.7
3857271,2022-11-21,Group Stage,Iran,2,50,24,England,3308,Kieran Trippier,3233,Raheem Sterling,Complete,13.288341,86.3,23.2,92.6,34.9
3857271,2022-11-21,Group Stage,Iran,2,50,26,England,3233,Raheem Sterling,10955,Harry Kane,Incomplete,2.5612497,91.0,32.2,92.6,30.2
3857271,2022-11-21,Group Stage,Iran,2,50,30,England,3308,Kieran Trippier,3943,Declan Rice,Complete,15.415577,90.6,19.8,79.8,8.8
3857271,2022-11-21,Group Stage,Iran,2,50,32,England,3943,Declan Rice,3244,John Stones,Complete,33.147247,76.8,15.5,61.3,44.8
3857271,2022-11-21,Group Stage,Iran,2,50,36,England,3244,John Stones,3336,Harry Maguire,Complete,18.76193,58.5,45.5,52.0,27.9
3857271,2022-11-21,Group Stage,Iran,2,50,38,England,3336,Harry Maguire,3382,Luke Shaw,Complete,21.744194,51.8,27.9,54.3,6.3
3857271,2022-11-21,Group Stage,Iran,2,50,42,England,3382,Luke Shaw,3336,Harry Maguire,Complete,11.543396,52.0,10.8,44.3,19.4
3857271,2022-11-21,Group Stage,Iran,2,50,44,England,3336,Harry Maguire,,,Injury Clearance,20.207176,44.6,19.4,50.9,0.2
3857271,2022-11-21,Group Stage,Iran,2,51,31,England,3468,Jordan Pickford,3244,John Stones,Complete,20.622803,14.6,39.9,26.7,56.6
3857271,2022-11-21,Group Stage,Iran,2,51,35,England,3244,John Stones,3336,Harry Maguire,Complete,28.950476,26.5,55.7,22.7,27.0
3857271,2022-11-21,Group Stage,Iran,2,51,37,England,3336,Harry Maguire,3382,Luke Shaw,Complete,20.033972,22.7,23.0,33.3,6.0
3857271,2022-11-21,Group Stage,Iran,2,51,40,England,3382,Luke Shaw,3336,Harry Maguire,Complete,15.393505,33.3,6.0,19.3,12.4
3857271,2022-11-21,Group Stage,Iran,2,51,42,England,3336,Harry Maguire,3233,Raheem Sterling,Incomplete,41.053745,19.8,8.5,60.8,10.6
3857271,2022-11-21,Group Stage,Iran,2,51,57,England,22084,Bukayo Saka,10955,Harry Kane,Out,19.990498,34.4,66.9,49.5,80.0
3857271,2022-11-21,Group Stage,Iran,2,52,35,England,3468,Jordan Pickford,3244,John Stones,Complete,13.881283,7.0,44.1,8.5,57.9
3857271,2022-11-21,Group Stage,Iran,2,52,39,England,3244,John Stones,3468,Jordan Pickford,Complete,16.710775,8.7,58.1,4.6,41.9
3857271,2022-11-21,Group Stage,Iran,2,52,42,England,3468,Jordan Pickford,10955,Harry Kane,Incomplete,59.810116,4.6,35.8,64.4,36.9
3857271,2022-11-21,Group Stage,Iran,2,52,49,England,3308,Kieran Trippier,3943,Declan Rice,Complete,6.519202,42.5,55.2,44.8,49.1
3857271,2022-11-21,Group Stage,Iran,2,52,50,England,3943,Declan Rice,22084,Bukayo Saka,Complete,30.900648,44.8,49.1,63.5,73.7
3857271,2022-11-21,Group Stage,Iran,2,52,59,England,22084,Bukayo Saka,3308,Kieran Trippier,Complete,12.61943,87.2,73.0,74.6,73.7
3857271,2022-11-21,Group Stage,Iran,2,53,0,England,3308,Kieran Trippier,30714,Jude Bellingham,Complete,14.493102,74.6,73.7,88.8,76.6
3857271,2022-11-21,Group Stage,Iran,2,53,2,England,30714,Jude Bellingham,22084,Bukayo Saka,Complete,7.1867933,84.9,74.2,81.1,68.1
3857271,2022-11-21,Group Stage,Iran,2,53,3,England,22084,Bukayo Saka,7843,Mason Mount,Complete,11.1606455,80.7,67.6,89.7,74.2
3857271,2022-11-21,Group Stage,Iran,2,53,5,England,7843,Mason Mount,30714,Jude Bellingham,Complete,18.613167,89.7,74.2,107.9,70.3
3857271,2022-11-21,Group Stage,Iran,2,53,11,England,30714,Jude Bellingham,22084,Bukayo Saka,Incomplete,12.720063,116.3,57.9,112.7,45.7
3857271,2022-11-21,Group Stage,Iran,2,53,44,England,3308,Kieran Trippier,,,Incomplete,38.371994,120.0,80.0,114.0,42.1
3857271,2022-11-21,Group Stage,Iran,2,53,53,England,3943,Declan Rice,,,Incomplete,5.0,110.7,70.1,110.7,65.1
3857271,2022-11-21,Group Stage,Iran,2,54,20,England,3308,Kieran Trippier,3336,Harry Maguire,Incomplete,39.370674,120.0,80.0,107.7,42.6
3857271,2022-11-21,Group Stage,Iran,2,54,25,England,7843,Mason Mount,3382,Luke Shaw,Complete,23.385466,91.7,24.5,68.9,29.7
3857271,2022-11-21,Group Stage,Iran,2,54,27,England,3382,Luke Shaw,7843,Mason Mount,Complete,25.489214,68.9,29.7,81.6,7.6
3857271,2022-11-21,Group Stage,Iran,2,54,30,England,7843,Mason Mount,10955,Harry Kane,Complete,5.2478566,91.9,12.6,96.4,9.9
3857271,2022-11-21,Group Stage,Iran,2,54,32,England,10955,Harry Kane,22084,Bukayo Saka,Complete,12.91201,96.4,9.4,92.8,21.8
3857271,2022-11-21,Group Stage,Iran,2,54,34,England,22084,Bukayo Saka,10955,Harry Kane,Complete,6.395311,94.4,21.4,91.5,15.7
3857271,2022-11-21,Group Stage,Iran,2,54,35,England,10955,Harry Kane,22084,Bukayo Saka,Complete,12.175796,92.6,20.9,99.4,10.8
3857271,2022-11-21,Group Stage,Iran,2,54,37,England,22084,Bukayo Saka,3382,Luke Shaw,Complete,15.405519,99.1,10.6,83.8,12.4
3857271,2022-11-21,Group Stage,Iran,2,54,39,England,3382,Luke Shaw,7843,Mason Mount,Complete,22.51444,84.5,13.7,106.6,9.4
3857271,2022-11-21,Group Stage,Iran,2,54,41,England,7843,Mason Mount,,,Incomplete,34.440094,107.0,9.4,115.4,42.8
3857271,2022-11-21,Group Stage,Iran,2,54,56,England,3308,Kieran Trippier,30714,Jude Bellingham,Complete,10.542295,33.1,66.5,39.6,74.8
3857271,2022-11-21,Group Stage,Iran,2,55,0,England,30714,Jude Bellingham,3308,Kieran Trippier,Complete,16.256075,37.8,77.5,22.9,71.0
3857271,2022-11-21,Group Stage,Iran,2,55,2,England,3308,Kieran Trippier,,,Incomplete,5.456189,22.9,71.0,27.0,67.4
3857271,2022-11-21,Group Stage,Iran,2,55,4,England,3244,John Stones,3943,Declan Rice,Complete,3.5693138,22.6,54.6,23.3,58.1
3857271,2022-11-21,Group Stage,Iran,2,55,9,England,3336,Harry Maguire,3233,Raheem Sterling,Complete,14.501379,27.6,27.5,42.1,27.7
3857271,2022-11-21,Group Stage,Iran,2,55,12,England,3233,Raheem Sterling,10955,Harry Kane,Complete,14.977316,51.8,28.8,64.2,37.2
3857271,2022-11-21,Group Stage,Iran,2,55,13,England,10955,Harry Kane,3233,Raheem Sterling,Complete,13.5624485,64.2,37.2,75.5,29.7
3857271,2022-11-21,Group Stage,Iran,2,56,11,England,3382,Luke Shaw,3943,Declan Rice,Incomplete,33.78772,120.0,0.1,115.6,33.6
3857271,2022-11-21,Group Stage,Iran,2,56,35,England,3308,Kieran Trippier,3244,John Stones,Complete,14.000357,46.1,80.0,39.6,67.6
3857271,2022-11-21,Group Stage,Iran,2,56,37,England,3244,John Stones,30714,Jude Bellingham,Complete,5.2239833,39.6,67.6,39.1,72.8
3857271,2022-11-21,Group Stage,Iran,2,56,39,England,30714,Jude Bellingham,3943,Declan Rice,Complete,12.753431,39.1,72.1,45.2,60.9
3857271,2022-11-21,Group Stage,Iran,2,56,40,England,3943,Declan Rice,30714,Jude Bellingham,Complete,7.615773,45.2,60.9,43.4,68.3
3857271,2022-11-21,Group Stage,Iran,2,56,41,England,30714,Jude Bellingham,3336,Harry Maguire,Complete,29.358644,43.9,66.5,33.1,39.2
3857271,2022-11-21,Group Stage,Iran,2,56,48,England,3336,Harry Maguire,,,Incomplete,20.71835,35.1,40.1,54.9,46.2
3857271,2022-11-21,Group Stage,Iran,2,57,19,England,3336,Harry Maguire,3468,Jordan Pickford,Complete,23.55674,24.7,23.9,3.1,33.3
3857271,2022-11-21,Group Stage,Iran,2,57,21,England,3468,Jordan Pickford,7843,Mason Mount,Incomplete,59.69531,3.1,33.3,57.4,8.5
3857271,2022-11-21,Group Stage,Iran,2,57,41,England,3382,Luke Shaw,7843,Mason Mount,Complete,11.013628,62.6,0.1,68.5,9.4
3857271,2022-11-21,Group Stage,Iran,2,57,42,England,7843,Mason Mount,3382,Luke Shaw,Complete,7.029225,68.5,9.4,63.1,4.9
3857271,2022-11-21,Group Stage,Iran,2,57,45,England,3382,Luke Shaw,3336,Harry Maguire,Complete,23.210558,56.5,8.1,33.3,8.8
3857271,2022-11-21,Group Stage,Iran,2,57,49,England,3336,Harry Maguire,3244,John Stones,Complete,25.33397,31.5,21.2,27.4,46.2
3857271,2022-11-21,Group Stage,Iran,2,57,55,England,3244,John Stones,3943,Declan Rice,Complete,7.615773,31.3,38.1,38.7,39.9
3857271,2022-11-21,Group Stage,Iran,2,57,56,England,3943,Declan Rice,3244,John Stones,Complete,8.579627,38.7,39.7,32.2,45.3
3857271,2022-11-21,Group Stage,Iran,2,57,57,England,3244,John Stones,30714,Jude Bellingham,Complete,16.03652,30.6,49.6,45.7,55.0
3857271,2022-11-21,Group Stage,Iran,2,58,1,England,30714,Jude Bellingham,22084,Bukayo Saka,Complete,18.38532,63.3,61.3,76.4,74.2
3857271,2022-11-21,Group Stage,Iran,2,58,6,England,22084,Bukayo Saka,3233,Raheem Sterling,Complete,14.727526,96.7,66.5,97.6,51.8
3857271,2022-11-21,Group Stage,Iran,2,58,8,England,3233,Raheem Sterling,7843,Mason Mount,Incomplete,11.399123,98.5,47.8,104.8,38.3
3857271,2022-11-21,Group Stage,Iran,2,58,32,England,3336,Harry Maguire,30714,Jude Bellingham,Complete,17.385052,38.7,17.3,45.5,33.3
3857271,2022-11-21,Group Stage,Iran,2,58,35,England,30714,Jude Bellingham,3382,Luke Shaw,Complete,30.459974,54.3,36.3,63.3,7.2
3857271,2022-11-21,Group Stage,Iran,2,58,39,England,3382,Luke Shaw,7843,Mason Mount,Complete,7.570997,63.3,7.2,61.7,14.6
3857271,2022-11-21,Group Stage,Iran,2,58,40,England,7843,Mason Mount,30714,Jude Bellingham,Complete,9.330059,61.5,17.3,64.6,26.1
3857271,2022-11-21,Group Stage,Iran,2,58,41,England,30714,Jude Bellingham,7843,Mason Mount,Complete,10.131634,64.6,26.1,57.0,19.4
3857271,2022-11-21,Group Stage,Iran,2,58,42,England,7843,Mason Mount,3336,Harry Maguire,Complete,12.563439,57.0,19.4,44.8,16.4
3857271,2022-11-21,Group Stage,Iran,2,58,45,England,3336,Harry Maguire,3943,Declan Rice,Complete,15.493547,44.8,16.4,56.1,27.0
3857271,2022-11-21,Group Stage,Iran,2,58,48,England,3943,Declan Rice,22084,Bukayo Saka,Complete,25.453094,57.9,32.7,69.8,55.2
3857271,2022-11-21,Group Stage,Iran,2,58,52,England,22084,Bukayo Saka,30714,Jude Bellingham,Incomplete,31.28658,85.2,53.2,102.3,27.0
3857271,2022-11-21,Group Stage,Iran,2,58,58,England,22084,Bukayo Saka,,,Incomplete,5.800862,109.3,28.4,104.6,25.0
3857271,2022-11-21,Group Stage,Iran,2,59,13,England,3382,Luke Shaw,30714,Jude Bellingham,Complete,11.806778,94.6,0.1,92.4,11.7
3857271,2022-11-21,Group Stage,Iran,2,59,15,England,30714,Jude Bellingham,3382,Luke Shaw,Complete,5.9413805,90.8,10.8,91.5,4.9
3857271,2022-11-21,Group Stage,Iran,2,59,16,England,3382,Luke Shaw,,,Incomplete,6.788225,92.8,5.1,97.6,9.9
3857271,2022-11-21,Group Stage,Iran,2,59,27,England,7843,Mason Mount,3468,Jordan Pickford,Complete,30.424332,40.1,11.9,14.1,27.7
3857271,2022-11-21,Group Stage,Iran,2,59,32,England,3468,Jordan Pickford,22084,Bukayo Saka,Incomplete,62.454144,12.5,29.5,69.1,55.9
3857271,2022-11-21,Group Stage,Iran,2,59,44,England,3308,Kieran Trippier,3244,John Stones,Complete,22.2623,68.0,80.0,46.1,76.0
3857271,2022-11-21,Group Stage,Iran,2,59,52,England,3244,John Stones,30714,Jude Bellingham,Complete,22.88493,44.8,56.6,48.4,34.0
3857271,2022-11-21,Group Stage,Iran,2,59,54,England,30714,Jude Bellingham,3382,Luke Shaw,Complete,13.926234,45.7,28.8,48.2,15.1
3857271,2022-11-21,Group Stage,Iran,2,59,57,England,3382,Luke Shaw,3233,Raheem Sterling,Complete,12.010412,46.6,13.7,56.5,20.5
3857271,2022-11-21,Group Stage,Iran,2,59,59,England,3233,Raheem Sterling,3382,Luke Shaw,Complete,9.903535,51.8,20.5,44.6,13.7
3857271,2022-11-21,Group Stage,Iran,2,60,1,England,3382,Luke Shaw,3336,Harry Maguire,Complete,11.384199,42.5,11.7,31.7,8.1
3857271,2022-11-21,Group Stage,Iran,2,60,3,England,3336,Harry Maguire,3308,Kieran Trippier,Complete,57.30794,31.0,10.8,46.4,66.0
3857271,2022-11-21,Group Stage,Iran,2,60,6,England,3308,Kieran Trippier,,,Incomplete,16.376812,46.4,66.0,62.6,63.6
3857271,2022-11-21,Group Stage,Iran,2,60,47,England,3468,Jordan Pickford,22084,Bukayo Saka,Incomplete,78.867546,7.0,44.1,82.5,66.9
3857271,2022-11-21,Group Stage,Iran,2,60,53,England,3308,Kieran Trippier,10955,Harry Kane,Complete,19.736767,63.1,71.0,80.4,61.5
3857271,2022-11-21,Group Stage,Iran,2,60,55,England,10955,Harry Kane,22084,Bukayo Saka,Incomplete,13.662357,80.4,61.5,93.3,66.0
3857271,2022-11-21,Group Stage,Iran,2,61,15,England,3382,Luke Shaw,3233,Raheem Sterling,Complete,23.70654,57.4,16.4,78.8,26.6
3857271,2022-11-21,Group Stage,Iran,2,61,20,England,3233,Raheem Sterling,22084,Bukayo Saka,Complete,23.132662,79.5,46.2,98.9,58.8
3857271,2022-11-21,Group Stage,Iran,2,63,21,England,22084,Bukayo Saka,3244,John Stones,Complete,15.587815,29.2,76.6,17.5,66.3
3857271,2022-11-21,Group Stage,Iran,2,63,24,England,3244,John Stones,7843,Mason Mount,Complete,13.3,19.3,63.8,32.6,63.8
3857271,2022-11-21,Group Stage,Iran,2,63,26,England,7843,Mason Mount,3308,Kieran Trippier,Complete,10.404806,27.9,66.5,25.4,76.6
3857271,2022-11-21,Group Stage,Iran,2,63,27,England,3308,Kieran Trippier,30714,Jude Bellingham,Complete,9.604687,25.4,76.6,16.1,74.2
3857271,2022-11-21,Group Stage,Iran,2,63,28,England,30714,Jude Bellingham,3943,Declan Rice,Complete,7.641989,16.1,73.9,21.3,68.3
3857271,2022-11-21,Group Stage,Iran,2,63,29,England,3943,Declan Rice,3308,Kieran Trippier,Complete,9.740637,21.3,68.3,24.5,77.5
3857271,2022-11-21,Group Stage,Iran,2,63,30,England,3308,Kieran Trippier,30714,Jude Bellingham,Complete,6.9921384,23.8,77.5,21.8,70.8
3857271,2022-11-21,Group Stage,Iran,2,63,31,England,30714,Jude Bellingham,7843,Mason Mount,Complete,16.104969,21.8,70.8,36.9,76.4
3857271,2022-11-21,Group Stage,Iran,2,63,32,England,7843,Mason Mount,22084,Bukayo Saka,Complete,7.359348,36.9,76.4,41.9,71.0
3857271,2022-11-21,Group Stage,Iran,2,63,34,England,22084,Bukayo Saka,3233,Raheem Sterling,Complete,30.780025,45.2,63.3,63.7,38.7
3857271,2022-11-21,Group Stage,Iran,2,67,54,England,22084,Bukayo Saka,3244,John Stones,Complete,21.45973,61.0,40.1,39.6,41.7
3857271,2022-11-21,Group Stage,Iran,2,67,56,England,3244,John Stones,7843,Mason Mount,Out,80.86167,43.7,41.9,113.1,0.4
3857271,2022-11-21,Group Stage,Iran,2,68,27,England,30714,Jude Bellingham,3468,Jordan Pickford,Complete,45.48813,57.6,16.4,20.7,43.0
3857271,2022-11-21,Group Stage,Iran,2,68,32,England,3468,Jordan Pickford,10955,Harry Kane,Incomplete,78.70515,21.1,44.4,97.6,25.9
3857271,2022-11-21,Group Stage,Iran,2,68,48,England,30714,Jude Bellingham,3943,Declan Rice,Complete,6.8593,37.8,61.3,44.6,60.4
3857271,2022-11-21,Group Stage,Iran,2,68,50,England,3943,Declan Rice,22084,Bukayo Saka,Incomplete,14.312582,44.3,61.3,56.1,69.4
3857271,2022-11-21,Group Stage,Iran,2,70,27,England,3468,Jordan Pickford,10955,Harry Kane,Incomplete,71.84678,7.0,44.1,78.4,52.1
3857271,2022-11-21,Group Stage,Iran,2,70,39,England,3382,Luke Shaw,3468,Jordan Pickford,Complete,26.587591,26.7,7.2,7.8,25.9
3857271,2022-11-21,Group Stage,Iran,2,70,41,England,3468,Jordan Pickford,10955,Harry Kane,Complete,72.0034,7.8,25.9,79.8,26.6
3857271,2022-11-21,Group Stage,Iran,2,70,47,England,10955,Harry Kane,3318,Marcus Rashford,Complete,20.524376,82.9,38.7,94.4,55.7
3857271,2022-11-21,Group Stage,Iran,2,72,11,England,3382,Luke Shaw,10956,Eric Dier,Complete,12.744019,16.6,0.1,8.7,10.1
3857271,2022-11-21,Group Stage,Iran,2,72,13,England,10956,Eric Dier,3943,Declan Rice,Complete,13.884164,8.0,15.7,21.1,20.3
3857271,2022-11-21,Group Stage,Iran,2,72,17,England,3943,Declan Rice,3244,John Stones,Complete,26.44844,33.1,31.3,31.5,57.7
3857271,2022-11-21,Group Stage,Iran,2,72,22,England,3244,John Stones,10956,Eric Dier,Complete,20.902153,38.7,57.0,35.8,36.3
3857271,2022-11-21,Group Stage,Iran,2,72,25,England,10956,Eric Dier,3382,Luke Shaw,Complete,27.044039,36.7,31.3,52.0,9.0
3857271,2022-11-21,Group Stage,Iran,2,72,30,England,3382,Luke Shaw,10956,Eric Dier,Complete,21.358137,58.1,10.6,40.5,22.7
3857271,2022-11-21,Group Stage,Iran,2,72,33,England,10956,Eric Dier,3244,John Stones,Complete,21.371243,39.8,32.7,42.5,53.9
3857271,2022-11-21,Group Stage,Iran,2,72,36,England,3244,John Stones,3308,Kieran Trippier,Complete,20.738611,41.4,60.6,56.7,74.6
3857271,2022-11-21,Group Stage,Iran,2,72,38,England,3308,Kieran Trippier,30714,Jude Bellingham,Complete,10.10198,56.7,74.6,56.5,64.5
3857271,2022-11-21,Group Stage,Iran,2,72,40,England,30714,Jude Bellingham,3382,Luke Shaw,Complete,40.540844,56.1,62.7,49.5,22.7
3857271,2022-11-21,Group Stage,Iran,2,72,45,England,3382,Luke Shaw,10955,Harry Kane,Complete,10.53423,56.1,18.9,66.0,15.3
3857271,2022-11-21,Group Stage,Iran,2,72,47,England,10955,Harry Kane,10956,Eric Dier,Complete,17.288725,61.3,20.3,45.2,26.6
3857271,2022-11-21,Group Stage,Iran,2,72,49,England,10956,Eric Dier,3382,Luke Shaw,Complete,15.065523,45.2,26.6,55.6,15.7
3857271,2022-11-21,Group Stage,Iran,2,72,52,England,3382,Luke Shaw,10956,Eric Dier,Complete,15.371727,55.8,15.5,44.3,25.7
3857271,2022-11-21,Group Stage,Iran,2,72,54,England,10956,Eric Dier,3244,John Stones,Complete,26.096935,44.3,27.5,47.5,53.4
3857271,2022-11-21,Group Stage,Iran,2,72,58,England,3244,John Stones,3382,Luke Shaw,Complete,38.662773,47.5,51.2,52.0,12.8
3857271,2022-11-21,Group Stage,Iran,2,73,1,England,3382,Luke Shaw,9638,Jack Grealish,Complete,14.185204,52.2,12.8,65.1,6.9
3857271,2022-11-21,Group Stage,Iran,2,73,15,England,3382,Luke Shaw,30714,Jude Bellingham,Complete,22.005682,50.2,18.0,56.1,39.2
3857271,2022-11-21,Group Stage,Iran,2,73,16,England,30714,Jude Bellingham,3943,Declan Rice,Complete,8.5906925,56.1,40.1,47.7,41.9
3857271,2022-11-21,Group Stage,Iran,2,73,18,England,3943,Declan Rice,3244,John Stones,Complete,19.104973,50.2,43.9,48.2,62.9
3857271,2022-11-21,Group Stage,Iran,2,73,20,England,3244,John Stones,30714,Jude Bellingham,Complete,24.987396,43.4,58.6,50.0,34.5
3857271,2022-11-21,Group Stage,Iran,2,73,23,England,30714,Jude Bellingham,4354,Phil Foden,Complete,18.300274,55.8,28.6,73.9,25.9
3857271,2022-11-21,Group Stage,Iran,2,73,26,England,4354,Phil Foden,3382,Luke Shaw,Complete,8.786353,73.0,21.4,74.8,12.8
3857271,2022-11-21,Group Stage,Iran,2,73,28,England,3382,Luke Shaw,9638,Jack Grealish,Complete,7.0028567,76.6,11.5,76.8,4.5
3857271,2022-11-21,Group Stage,Iran,2,73,33,England,9638,Jack Grealish,30714,Jude Bellingham,Complete,8.832327,76.4,21.8,71.9,14.2
3857271,2022-11-21,Group Stage,Iran,2,73,35,England,30714,Jude Bellingham,3382,Luke Shaw,Complete,13.640015,74.1,12.4,86.3,6.3
3857271,2022-11-21,Group Stage,Iran,2,73,38,England,3382,Luke Shaw,30714,Jude Bellingham,Complete,9.8234415,79.3,8.1,71.6,14.2
3857271,2022-11-21,Group Stage,Iran,2,73,41,England,30714,Jude Bellingham,3308,Kieran Trippier,Incomplete,63.680767,76.6,20.5,111.6,73.7
3857271,2022-11-21,Group Stage,Iran,2,74,0,England,3382,Luke Shaw,,,Incomplete,16.676031,80.7,33.1,96.7,37.8
3857271,2022-11-21,Group Stage,Iran,2,74,13,England,10956,Eric Dier,3943,Declan Rice,Complete,17.661823,31.7,17.1,38.0,33.6
3857271,2022-11-21,Group Stage,Iran,2,74,17,England,3943,Declan Rice,30714,Jude Bellingham,Complete,19.13766,44.8,36.9,51.3,18.9
3857271,2022-11-21,Group Stage,Iran,2,74,18,England,30714,Jude Bellingham,3382,Luke Shaw,Complete,10.20784,51.8,18.4,57.6,26.8
3857271,2022-11-21,Group Stage,Iran,2,74,19,England,3382,Luke Shaw,30714,Jude Bellingham,Complete,13.508515,57.6,26.8,51.8,14.6
3857271,2022-11-21,Group Stage,Iran,2,74,23,England,30714,Jude Bellingham,3244,John Stones,Complete,40.984386,51.3,17.5,45.7,58.1
3857271,2022-11-21,Group Stage,Iran,2,74,27,England,3244,John Stones,3308,Kieran Trippier,Complete,17.409193,46.1,62.7,57.9,75.5
3857271,2022-11-21,Group Stage,Iran,2,74,29,England,3308,Kieran Trippier,3943,Declan Rice,Complete,11.915116,57.9,75.5,58.5,63.6
3857271,2022-11-21,Group Stage,Iran,2,74,30,England,3943,Declan Rice,3318,Marcus Rashford,Complete,21.444347,58.5,63.6,76.6,75.1
3857271,2022-11-21,Group Stage,Iran,2,75,44,England,3308,Kieran Trippier,3244,John Stones,Complete,28.951857,79.5,80.0,50.9,75.5
3857271,2022-11-21,Group Stage,Iran,2,75,47,England,3244,John Stones,3382,Luke Shaw,Complete,41.90048,50.2,69.4,50.0,27.5
3857271,2022-11-21,Group Stage,Iran,2,75,52,England,3382,Luke Shaw,10956,Eric Dier,Complete,14.590751,50.9,24.1,38.9,32.4
3857271,2022-11-21,Group Stage,Iran,2,75,55,England,10956,Eric Dier,3244,John Stones,Complete,30.26103,39.1,36.3,33.3,66.0
3857271,2022-11-21,Group Stage,Iran,2,75,58,England,3244,John Stones,3943,Declan Rice,Complete,7.7620873,33.5,68.5,40.7,65.6
3857271,2022-11-21,Group Stage,Iran,2,76,0,England,3943,Declan Rice,3308,Kieran Trippier,Complete,11.90126,40.7,65.6,45.7,76.4
3857271,2022-11-21,Group Stage,Iran,2,76,1,England,3308,Kieran Trippier,3943,Declan Rice,Complete,7.1175838,45.7,76.4,42.8,69.9
3857271,2022-11-21,Group Stage,Iran,2,76,3,England,3943,Declan Rice,3382,Luke Shaw,Complete,52.800854,45.2,64.7,45.5,11.9
3857271,2022-11-21,Group Stage,Iran,2,76,8,England,3382,Luke Shaw,9638,Jack Grealish,Complete,12.96341,49.3,13.7,59.0,5.1
3857271,2022-11-21,Group Stage,Iran,2,76,10,England,9638,Jack Grealish,30714,Jude Bellingham,Complete,11.513471,50.0,9.9,46.6,20.9
3857271,2022-11-21,Group Stage,Iran,2,76,13,England,30714,Jude Bellingham,4354,Phil Foden,Complete,21.39743,50.4,23.6,69.1,34.0
3857271,2022-11-21,Group Stage,Iran,2,76,46,England,3468,Jordan Pickford,3244,John Stones,Complete,12.813274,7.0,44.1,5.3,56.8
3857271,2022-11-21,Group Stage,Iran,2,76,52,England,3244,John Stones,3382,Luke Shaw,Complete,36.22002,14.3,50.9,19.8,15.1
3857271,2022-11-21,Group Stage,Iran,2,76,54,England,3382,Luke Shaw,10956,Eric Dier,Complete,11.289375,19.8,14.6,13.4,23.9
3857271,2022-11-21,Group Stage,Iran,2,77,0,England,10956,Eric Dier,3943,Declan Rice,Complete,21.808256,19.8,28.6,34.4,44.8
3857271,2022-11-21,Group Stage,Iran,2,77,2,England,3943,Declan Rice,3318,Marcus Rashford,Complete,27.23472,37.8,55.9,56.5,75.7
3857271,2022-11-21,Group Stage,Iran,2,77,4,England,3318,Marcus Rashford,3308,Kieran Trippier,Complete,9.960923,56.5,75.7,46.6,74.6
3857271,2022-11-21,Group Stage,Iran,2,77,6,England,3308,Kieran Trippier,3943,Declan Rice,Complete,9.502105,45.7,73.3,45.5,63.8
3857271,2022-11-21,Group Stage,Iran,2,77,8,England,3943,Declan Rice,10956,Eric Dier,Complete,28.056015,39.6,62.7,27.9,37.2
3857271,2022-11-21,Group Stage,Iran,2,77,13,England,10956,Eric Dier,3382,Luke Shaw,Complete,17.804493,38.0,20.9,52.0,9.9
3857271,2022-11-21,Group Stage,Iran,2,77,17,England,3382,Luke Shaw,30714,Jude Bellingham,Complete,9.62133,62.6,8.8,56.7,16.4
3857271,2022-11-21,Group Stage,Iran,2,77,19,England,30714,Jude Bellingham,10956,Eric Dier,Complete,14.355835,56.5,18.0,43.7,24.5
3857271,2022-11-21,Group Stage,Iran,2,77,21,England,10956,Eric Dier,3244,John Stones,Complete,25.715754,43.7,27.5,44.6,53.2
3857271,2022-11-21,Group Stage,Iran,2,77,32,England,3244,John Stones,4354,Phil Foden,Complete,11.566331,71.0,66.3,80.7,60.0
3857271,2022-11-21,Group Stage,Iran,2,77,35,England,4354,Phil Foden,3318,Marcus Rashford,Complete,9.962429,86.7,64.5,83.4,73.9
3857271,2022-11-21,Group Stage,Iran,2,77,36,England,3318,Marcus Rashford,4354,Phil Foden,Complete,11.915116,83.4,74.2,95.3,74.8
3857271,2022-11-21,Group Stage,Iran,2,77,44,England,4354,Phil Foden,10956,Eric Dier,Complete,26.84269,88.1,57.9,66.4,42.1
3857271,2022-11-21,Group Stage,Iran,2,77,46,England,10956,Eric Dier,9638,Jack Grealish,Complete,20.781963,66.4,42.1,82.2,28.6
3857271,2022-11-21,Group Stage,Iran,2,77,52,England,9638,Jack Grealish,3318,Marcus Rashford,Complete,23.1225,86.7,40.1,93.5,62.2
3857271,2022-11-21,Group Stage,Iran,2,77,55,England,3318,Marcus Rashford,,,Incomplete,14.803378,99.4,62.7,105.9,49.4
3857271,2022-11-21,Group Stage,Iran,2,78,1,England,30714,Jude Bellingham,4354,Phil Foden,Complete,18.266088,82.2,42.6,86.3,60.4
3857271,2022-11-21,Group Stage,Iran,2,78,6,England,4354,Phil Foden,9638,Jack Grealish,Complete,8.321658,86.3,60.4,93.3,55.9
3857271,2022-11-21,Group Stage,Iran,2,78,6,England,9638,Jack Grealish,4354,Phil Foden,Complete,7.3756356,93.3,55.9,86.1,54.3
3857271,2022-11-21,Group Stage,Iran,2,78,8,England,4354,Phil Foden,3382,Luke Shaw,Incomplete,9.741663,86.3,52.3,87.2,42.6
3857271,2022-11-21,Group Stage,Iran,2,78,11,England,3382,Luke Shaw,10956,Eric Dier,Complete,21.918486,85.4,25.7,63.5,24.8
3857271,2022-11-21,Group Stage,Iran,2,78,15,England,10956,Eric Dier,3382,Luke Shaw,Complete,19.293781,68.5,23.0,75.7,5.1
3857271,2022-11-21,Group Stage,Iran,2,78,31,England,3382,Luke Shaw,9638,Jack Grealish,Complete,18.18186,59.9,0.1,74.6,10.8
3857271,2022-11-21,Group Stage,Iran,2,78,32,England,9638,Jack Grealish,30714,Jude Bellingham,Complete,8.168843,74.8,11.0,68.5,16.2
3857271,2022-11-21,Group Stage,Iran,2,78,35,England,30714,Jude Bellingham,3318,Marcus Rashford,Complete,26.608458,72.8,27.9,80.4,53.4
3857271,2022-11-21,Group Stage,Iran,2,78,40,England,3943,Declan Rice,3244,John Stones,Complete,14.645477,69.8,50.5,55.8,46.2
3857271,2022-11-21,Group Stage,Iran,2,78,44,England,3244,John Stones,3943,Declan Rice,Complete,8.802273,55.8,46.2,64.6,46.4
3857271,2022-11-21,Group Stage,Iran,2,78,45,England,3943,Declan Rice,3244,John Stones,Complete,6.8007355,64.6,46.4,58.1,44.4
3857271,2022-11-21,Group Stage,Iran,2,78,47,England,3244,John Stones,3382,Luke Shaw,Complete,23.216589,57.9,43.7,67.8,22.7
3857271,2022-11-21,Group Stage,Iran,2,78,51,England,3382,Luke Shaw,9638,Jack Grealish,Complete,10.623088,75.0,15.7,75.7,5.1
3857271,2022-11-21,Group Stage,Iran,2,78,53,England,9638,Jack Grealish,30714,Jude Bellingham,Complete,8.471718,75.5,5.8,76.6,14.2
3857271,2022-11-21,Group Stage,Iran,2,78,55,England,30714,Jude Bellingham,9638,Jack Grealish,Complete,8.159657,76.6,14.2,68.9,11.5
3857271,2022-11-21,Group Stage,Iran,2,79,1,England,9638,Jack Grealish,3244,John Stones,Complete,27.095757,70.1,30.4,60.4,55.7
3857271,2022-11-21,Group Stage,Iran,2,79,4,England,3244,John Stones,3308,Kieran Trippier,Out,45.44403,64.2,60.4,105.2,80.0
3857271,2022-11-21,Group Stage,Iran,2,81,50,England,3244,John Stones,3616,Callum Wilson,Complete,16.127617,69.1,72.6,80.2,60.9
3857271,2022-11-21,Group Stage,Iran,2,81,51,England,3616,Callum Wilson,4354,Phil Foden,Complete,5.3535037,81.1,61.3,78.2,56.8
3857271,2022-11-21,Group Stage,Iran,2,81,53,England,4354,Phil Foden,30714,Jude Bellingham,Complete,11.331814,78.2,56.8,73.7,46.4
3857271,2022-11-21,Group Stage,Iran,2,81,58,England,30714,Jude Bellingham,,,Incomplete,22.931637,75.7,50.5,92.6,66.0
3857271,2022-11-21,Group Stage,Iran,2,82,7,England,10956,Eric Dier,9638,Jack Grealish,Complete,8.343261,56.1,35.8,64.2,37.8
3857271,2022-11-21,Group Stage,Iran,2,82,8,England,9638,Jack Grealish,30714,Jude Bellingham,Complete,9.1350975,64.2,38.7,58.1,45.5
3857271,2022-11-21,Group Stage,Iran,2,82,9,England,30714,Jude Bellingham,9638,Jack Grealish,Complete,5.9211483,57.6,45.7,63.5,46.2
3857271,2022-11-21,Group Stage,Iran,2,82,13,England,9638,Jack Grealish,3318,Marcus Rashford,Complete,6.1392183,73.7,52.1,75.0,58.1
3857271,2022-11-21,Group Stage,Iran,2,82,14,England,3318,Marcus Rashford,3943,Declan Rice,Complete,11.597413,74.8,58.1,63.3,56.6
3857271,2022-11-21,Group Stage,Iran,2,82,15,England,3943,Declan Rice,30714,Jude Bellingham,Complete,13.723338,63.3,56.6,58.1,43.9
3857271,2022-11-21,Group Stage,Iran,2,82,16,England,30714,Jude Bellingham,3382,Luke Shaw,Complete,21.781643,58.1,43.0,63.1,21.8
3857271,2022-11-21,Group Stage,Iran,2,82,21,England,3382,Luke Shaw,10956,Eric Dier,Complete,27.457058,67.8,17.1,44.3,31.3
3857271,2022-11-21,Group Stage,Iran,2,82,24,England,10956,Eric Dier,3943,Declan Rice,Complete,23.591948,42.5,34.5,50.2,56.8
3857271,2022-11-21,Group Stage,Iran,2,82,27,England,3943,Declan Rice,3318,Marcus Rashford,Complete,19.402319,50.4,66.3,69.8,66.0
3857271,2022-11-21,Group Stage,Iran,2,82,28,England,3318,Marcus Rashford,3943,Declan Rice,Complete,15.743253,68.5,64.5,56.1,74.2
3857271,2022-11-21,Group Stage,Iran,2,82,32,England,3943,Declan Rice,3244,John Stones,Complete,19.961964,51.3,73.3,33.1,65.1
3857271,2022-11-21,Group Stage,Iran,2,82,38,England,3244,John Stones,3318,Marcus Rashford,Complete,12.886039,35.1,58.8,47.7,61.5
3857271,2022-11-21,Group Stage,Iran,2,82,39,England,3318,Marcus Rashford,3943,Declan Rice,Complete,16.410362,47.5,62.7,36.2,74.6
3857271,2022-11-21,Group Stage,Iran,2,82,42,England,3943,Declan Rice,3468,Jordan Pickford,Complete,36.26045,33.3,71.9,11.4,43.0
3857271,2022-11-21,Group Stage,Iran,2,82,47,England,3468,Jordan Pickford,30714,Jude Bellingham,Complete,15.126798,12.5,40.1,27.6,39.2
3857271,2022-11-21,Group Stage,Iran,2,82,48,England,30714,Jude Bellingham,10956,Eric Dier,Complete,31.977648,27.6,39.2,22.7,7.6
3857271,2022-11-21,Group Stage,Iran,2,82,51,England,10956,Eric Dier,4354,Phil Foden,Complete,22.853664,24.7,7.6,43.7,20.3
3857271,2022-11-21,Group Stage,Iran,2,82,55,England,4354,Phil Foden,3318,Marcus Rashford,Complete,56.303463,59.4,33.1,98.2,73.9
3857271,2022-11-21,Group Stage,Iran,2,83,9,England,9638,Jack Grealish,3382,Luke Shaw,Complete,9.075792,100.1,24.1,91.5,21.2
3857271,2022-11-21,Group Stage,Iran,2,83,12,England,3382,Luke Shaw,4354,Phil Foden,Complete,8.863972,90.8,21.2,94.4,29.3
3857271,2022-11-21,Group Stage,Iran,2,83,14,England,4354,Phil Foden,3616,Callum Wilson,Incomplete,8.634813,98.2,30.6,106.6,28.6
3857271,2022-11-21,Group Stage,Iran,2,83,50,England,3382,Luke Shaw,3244,John Stones,Unknown,46.966053,120.0,0.1,113.4,46.6
3857271,2022-11-21,Group Stage,Iran,2,84,30,England,3244,John Stones,10956,Eric Dier,Complete,25.96151,43.9,36.9,36.9,11.9
3857271,2022-11-21,Group Stage,Iran,2,84,32,England,10956,Eric Dier,3382,Luke Shaw,Complete,10.729865,36.9,11.9,45.2,5.1
3857271,2022-11-21,Group Stage,Iran,2,84,34,England,3382,Luke Shaw,4354,Phil Foden,Complete,12.55906,45.2,5.1,57.0,9.4
3857271,2022-11-21,Group Stage,Iran,2,84,35,England,4354,Phil Foden,3382,Luke Shaw,Complete,4.6572523,57.0,9.4,55.8,4.9
3857271,2022-11-21,Group Stage,Iran,2,84,36,England,3382,Luke Shaw,3616,Callum Wilson,Incomplete,23.144978,55.8,5.4,74.6,18.9
3857271,2022-11-21,Group Stage,Iran,2,84,40,England,3943,Declan Rice,3382,Luke Shaw,Complete,7.3109508,55.2,17.1,60.8,12.4
3857271,2022-11-21,Group Stage,Iran,2,84,41,England,3382,Luke Shaw,9638,Jack Grealish,Complete,11.085576,63.1,11.7,73.9,14.2
3857271,2022-11-21,Group Stage,Iran,2,84,47,England,9638,Jack Grealish,3318,Marcus Rashford,Complete,11.12205,67.3,38.3,76.6,44.4
3857271,2022-11-21,Group Stage,Iran,2,84,48,England,3318,Marcus Rashford,30714,Jude Bellingham,Complete,12.3,76.6,44.4,64.6,41.7
3857271,2022-11-21,Group Stage,Iran,2,84,50,England,30714,Jude Bellingham,3308,Kieran Trippier,Complete,10.407689,64.6,50.5,64.2,60.9
3857271,2022-11-21,Group Stage,Iran,2,84,51,England,3308,Kieran Trippier,30714,Jude Bellingham,Complete,6.8183575,64.2,60.9,63.7,54.1
3857271,2022-11-21,Group Stage,Iran,2,84,53,England,30714,Jude Bellingham,3318,Marcus Rashford,Complete,16.061132,64.2,51.4,80.2,50.0
3857271,2022-11-21,Group Stage,Iran,2,84,57,England,3318,Marcus Rashford,3616,Callum Wilson,Incomplete,16.995588,94.4,55.2,111.3,57.0
3857271,2022-11-21,Group Stage,Iran,2,85,15,England,3308,Kieran Trippier,3943,Declan Rice,Complete,31.662281,95.3,80.0,83.8,50.5
3857271,2022-11-21,Group Stage,Iran,2,85,19,England,3943,Declan Rice,9638,Jack Grealish,Complete,9.774457,83.1,48.7,85.4,39.2
3857271,2022-11-21,Group Stage,Iran,2,85,25,England,9638,Jack Grealish,3308,Kieran Trippier,Complete,23.53763,86.7,40.6,78.6,62.7
3857271,2022-11-21,Group Stage,Iran,2,85,27,England,3308,Kieran Trippier,30714,Jude Bellingham,Complete,9.865597,78.6,62.7,76.8,53.0
3857271,2022-11-21,Group Stage,Iran,2,85,28,England,30714,Jude Bellingham,3318,Marcus Rashford,Complete,25.612497,76.8,53.0,92.8,73.0
3857271,2022-11-21,Group Stage,Iran,2,85,30,England,3318,Marcus Rashford,4354,Phil Foden,Complete,13.832209,91.7,73.9,105.0,70.1
3857271,2022-11-21,Group Stage,Iran,2,85,34,England,4354,Phil Foden,3318,Marcus Rashford,Complete,8.492938,106.8,74.6,98.5,76.4
3857271,2022-11-21,Group Stage,Iran,2,85,36,England,3318,Marcus Rashford,4354,Phil Foden,Complete,6.328507,97.6,77.3,98.2,71.0
3857271,2022-11-21,Group Stage,Iran,2,85,37,England,4354,Phil Foden,9638,Jack Grealish,Complete,5.3535037,97.3,68.3,92.8,65.4
3857271,2022-11-21,Group Stage,Iran,2,85,40,England,9638,Jack Grealish,3308,Kieran Trippier,Complete,13.041856,92.6,75.5,79.8,73.0
3857271,2022-11-21,Group Stage,Iran,2,85,41,England,3308,Kieran Trippier,4354,Phil Foden,Complete,13.091982,79.8,73.0,90.6,65.6
3857271,2022-11-21,Group Stage,Iran,2,85,42,England,4354,Phil Foden,3318,Marcus Rashford,Complete,4.4922156,90.6,65.6,91.9,69.9
3857271,2022-11-21,Group Stage,Iran,2,85,45,England,3318,Marcus Rashford,9638,Jack Grealish,Complete,15.078462,91.7,62.7,105.7,68.3
3857271,2022-11-21,Group Stage,Iran,2,85,46,England,9638,Jack Grealish,4354,Phil Foden,Complete,11.70171,105.7,68.3,105.9,56.6
3857271,2022-11-21,Group Stage,Iran,2,85,47,England,4354,Phil Foden,3318,Marcus Rashford,Complete,4.110961,105.9,56.6,102.8,53.9
3857271,2022-11-21,Group Stage,Iran,2,85,51,England,3382,Luke Shaw,3318,Marcus Rashford,Complete,5.7939625,98.5,31.5,96.4,36.9
3857271,2022-11-21,Group Stage,Iran,2,85,52,England,3318,Marcus Rashford,3943,Declan Rice,Complete,16.763054,96.7,35.4,80.7,30.4
3857271,2022-11-21,Group Stage,Iran,2,86,17,England,3318,Marcus Rashford,3616,Callum Wilson,Incomplete,32.76736,43.7,66.0,76.4,68.1
3857271,2022-11-21,Group Stage,Iran,2,86,37,England,3308,Kieran Trippier,3244,John Stones,Complete,15.698407,45.5,74.8,36.7,61.8
3857271,2022-11-21,Group Stage,Iran,2,86,41,England,3244,John Stones,10956,Eric Dier,Complete,30.50459,39.1,58.8,43.4,28.6
3857271,2022-11-21,Group Stage,Iran,2,86,44,England,10956,Eric Dier,3382,Luke Shaw,Complete,22.560143,43.4,28.6,57.0,10.6
3857271,2022-11-21,Group Stage,Iran,2,86,49,England,3382,Luke Shaw,3943,Declan Rice,Complete,16.776472,69.4,14.6,57.0,25.9
3857271,2022-11-21,Group Stage,Iran,2,86,51,England,3943,Declan Rice,3244,John Stones,Complete,23.233166,55.2,27.5,43.9,47.8
3857271,2022-11-21,Group Stage,Iran,2,86,54,England,3244,John Stones,3308,Kieran Trippier,Complete,10.816654,40.1,52.5,46.1,61.5
3857271,2022-11-21,Group Stage,Iran,2,86,55,England,3308,Kieran Trippier,3244,John Stones,Complete,10.182338,46.1,61.5,38.9,54.3
3857271,2022-11-21,Group Stage,Iran,2,86,57,England,3244,John Stones,3382,Luke Shaw,Complete,41.18847,42.1,46.2,60.6,9.4
3857271,2022-11-21,Group Stage,Iran,2,87,1,England,3382,Luke Shaw,3616,Callum Wilson,Incomplete,46.95796,63.3,9.4,105.2,30.6
3857271,2022-11-21,Group Stage,Iran,2,87,35,England,3943,Declan Rice,30714,Jude Bellingham,Complete,9.464143,64.2,36.9,65.3,27.5
3857271,2022-11-21,Group Stage,Iran,2,87,37,England,30714,Jude Bellingham,3382,Luke Shaw,Complete,20.85977,65.3,27.5,70.1,7.2
3857271,2022-11-21,Group Stage,Iran,2,87,38,England,3382,Luke Shaw,30714,Jude Bellingham,Complete,10.885311,70.1,7.2,63.3,15.7
3857271,2022-11-21,Group Stage,Iran,2,87,39,England,30714,Jude Bellingham,3382,Luke Shaw,Complete,9.209778,63.3,15.7,69.4,8.8
3857271,2022-11-21,Group Stage,Iran,2,87,40,England,3382,Luke Shaw,30714,Jude Bellingham,Complete,8.168843,69.4,8.8,64.2,15.1
3857271,2022-11-21,Group Stage,Iran,2,87,42,England,30714,Jude Bellingham,3943,Declan Rice,Complete,17.018812,63.7,16.4,57.9,32.4
3857271,2022-11-21,Group Stage,Iran,2,87,45,England,3943,Declan Rice,30714,Jude Bellingham,Complete,13.640015,57.0,32.2,63.1,20.0
3857271,2022-11-21,Group Stage,Iran,2,87,47,England,30714,Jude Bellingham,4354,Phil Foden,Complete,13.103435,63.1,18.0,74.8,23.9
3857271,2022-11-21,Group Stage,Iran,2,87,48,England,4354,Phil Foden,30714,Jude Bellingham,Complete,12.356779,74.8,23.9,63.5,18.9
3857271,2022-11-21,Group Stage,Iran,2,87,50,England,30714,Jude Bellingham,3943,Declan Rice,Complete,13.998928,63.5,22.3,57.4,34.9
3857271,2022-11-21,Group Stage,Iran,2,87,51,England,3943,Declan Rice,3244,John Stones,Complete,14.8,57.0,38.3,52.2,52.3
3857271,2022-11-21,Group Stage,Iran,2,87,52,England,3244,John Stones,3943,Declan Rice,Complete,13.0,52.2,52.3,64.2,47.3
3857271,2022-11-21,Group Stage,Iran,2,87,55,England,3943,Declan Rice,3308,Kieran Trippier,Complete,19.658077,69.4,57.0,55.6,71.0
3857271,2022-11-21,Group Stage,Iran,2,87,56,England,3308,Kieran Trippier,3244,John Stones,Complete,15.638734,55.6,71.0,49.5,56.6
3857271,2022-11-21,Group Stage,Iran,2,87,59,England,3244,John Stones,10956,Eric Dier,Complete,34.918476,48.2,50.9,44.3,16.2
3857271,2022-11-21,Group Stage,Iran,2,88,2,England,10956,Eric Dier,3382,Luke Shaw,Complete,10.084641,44.3,16.2,48.2,6.9
3857271,2022-11-21,Group Stage,Iran,2,88,4,England,3382,Luke Shaw,3468,Jordan Pickford,Complete,37.833584,47.5,6.9,15.2,26.6
3857271,2022-11-21,Group Stage,Iran,2,88,7,England,3468,Jordan Pickford,3244,John Stones,Complete,12.035364,15.2,30.2,20.9,40.8
3857271,2022-11-21,Group Stage,Iran,2,88,13,England,3244,John Stones,3382,Luke Shaw,Complete,38.54984,25.8,41.7,43.0,7.2
3857271,2022-11-21,Group Stage,Iran,2,88,18,England,3382,Luke Shaw,9638,Jack Grealish,Complete,5.770615,42.8,22.7,43.7,28.4
3857271,2022-11-21,Group Stage,Iran,2,88,23,England,9638,Jack Grealish,30714,Jude Bellingham,Complete,7.553807,51.8,13.5,50.9,6.0
3857271,2022-11-21,Group Stage,Iran,2,88,25,England,30714,Jude Bellingham,3382,Luke Shaw,Complete,11.9105,50.9,6.3,50.4,18.2
3857271,2022-11-21,Group Stage,Iran,2,88,26,England,3382,Luke Shaw,30714,Jude Bellingham,Complete,18.056854,50.4,18.2,33.3,12.4
3857271,2022-11-21,Group Stage,Iran,2,88,33,England,30714,Jude Bellingham,3244,John Stones,Complete,25.56345,35.3,29.3,33.5,54.8
3857271,2022-11-21,Group Stage,Iran,2,88,37,England,3244,John Stones,3318,Marcus Rashford,Complete,15.092051,39.1,59.1,54.0,61.5
3857271,2022-11-21,Group Stage,Iran,2,88,38,England,3318,Marcus Rashford,3244,John Stones,Complete,15.700318,54.0,61.5,38.9,57.2
3857271,2022-11-21,Group Stage,Iran,2,88,41,England,3244,John Stones,30714,Jude Bellingham,Complete,16.022484,38.0,55.2,44.6,40.6
3857271,2022-11-21,Group Stage,Iran,2,88,42,England,30714,Jude Bellingham,10956,Eric Dier,Complete,15.074814,43.7,41.7,32.6,31.5
3857271,2022-11-21,Group Stage,Iran,2,88,44,England,10956,Eric Dier,3382,Luke Shaw,Complete,16.62919,32.6,31.3,43.9,19.1
3857271,2022-11-21,Group Stage,Iran,2,88,46,England,3382,Luke Shaw,10956,Eric Dier,Complete,20.083078,44.3,17.3,27.0,27.5
3857271,2022-11-21,Group Stage,Iran,2,88,49,England,10956,Eric Dier,3244,John Stones,Complete,25.781582,26.5,30.4,22.7,55.9
3857271,2022-11-21,Group Stage,Iran,2,88,51,England,3244,John Stones,3318,Marcus Rashford,Complete,20.31994,24.5,58.8,44.8,59.7
3857271,2022-11-21,Group Stage,Iran,2,88,52,England,3318,Marcus Rashford,30714,Jude Bellingham,Complete,9.718539,44.8,59.7,51.1,52.3
3857271,2022-11-21,Group Stage,Iran,2,88,54,England,30714,Jude Bellingham,3616,Callum Wilson,Complete,47.28266,51.3,53.0,98.0,60.4
3857271,2022-11-21,Group Stage,Iran,2,89,0,England,3616,Callum Wilson,9638,Jack Grealish,Complete,13.146102,113.1,53.0,112.0,39.9
3857271,2022-11-21,Group Stage,Iran,2,90,19,England,3308,Kieran Trippier,4354,Phil Foden,Incomplete,23.193533,59.0,62.9,75.5,46.6
3857271,2022-11-21,Group Stage,Iran,2,91,7,England,3382,Luke Shaw,3308,Kieran Trippier,Complete,11.119802,24.9,50.0,22.7,60.9
3857271,2022-11-21,Group Stage,Iran,2,91,8,England,3308,Kieran Trippier,3943,Declan Rice,Complete,7.752419,22.7,60.9,21.8,53.2
3857271,2022-11-21,Group Stage,Iran,2,91,9,England,3943,Declan Rice,3244,John Stones,Complete,10.484751,21.8,53.2,16.1,44.4
3857271,2022-11-21,Group Stage,Iran,2,91,10,England,3244,John Stones,3382,Luke Shaw,Complete,10.423532,16.1,44.4,26.5,43.7
3857271,2022-11-21,Group Stage,Iran,2,91,12,England,3382,Luke Shaw,30714,Jude Bellingham,Complete,11.395174,26.3,46.6,34.0,55.0
3857271,2022-11-21,Group Stage,Iran,2,91,12,England,30714,Jude Bellingham,3943,Declan Rice,Complete,11.047625,34.0,55.0,23.1,53.2
3857271,2022-11-21,Group Stage,Iran,2,91,13,England,3943,Declan Rice,30714,Jude Bellingham,Complete,10.412012,23.1,53.2,33.1,56.1
3857271,2022-11-21,Group Stage,Iran,2,91,16,England,30714,Jude Bellingham,3318,Marcus Rashford,Complete,17.949373,34.9,62.2,45.2,76.9
3857271,2022-11-21,Group Stage,Iran,2,91,18,England,3318,Marcus Rashford,3943,Declan Rice,Complete,12.175385,45.2,76.9,57.0,73.9
3857271,2022-11-21,Group Stage,Iran,2,91,25,England,3318,Marcus Rashford,30714,Jude Bellingham,Complete,11.628413,53.8,80.0,43.9,73.9
3857271,2022-11-21,Group Stage,Iran,2,91,29,England,30714,Jude Bellingham,3382,Luke Shaw,Complete,29.37516,45.5,71.2,43.4,41.9
3857271,2022-11-21,Group Stage,Iran,2,91,33,England,3382,Luke Shaw,9638,Jack Grealish,Complete,32.6896,44.6,38.7,56.1,8.1
3857271,2022-11-21,Group Stage,Iran,2,91,35,England,9638,Jack Grealish,3382,Luke Shaw,Complete,16.865646,56.1,8.1,50.2,23.9
3857271,2022-11-21,Group Stage,Iran,2,91,39,England,3382,Luke Shaw,3244,John Stones,Complete,17.956892,50.9,27.0,44.3,43.7
3857271,2022-11-21,Group Stage,Iran,2,91,41,England,3244,John Stones,30714,Jude Bellingham,Complete,20.903828,44.3,43.9,64.2,50.3
3857271,2022-11-21,Group Stage,Iran,2,91,45,England,30714,Jude Bellingham,3318,Marcus Rashford,Complete,14.764823,75.5,60.0,77.7,74.6
3857271,2022-11-21,Group Stage,Iran,2,91,47,England,3318,Marcus Rashford,3308,Kieran Trippier,Complete,17.99222,77.7,74.6,61.3,67.2
3857271,2022-11-21,Group Stage,Iran,2,91,49,England,3308,Kieran Trippier,3943,Declan Rice,Complete,9.752948,61.3,67.2,56.7,58.6
3857271,2022-11-21,Group Stage,Iran,2,91,50,England,3943,Declan Rice,3244,John Stones,Complete,14.878844,57.0,56.8,54.7,42.1
3857271,2022-11-21,Group Stage,Iran,2,91,53,England,3244,John Stones,4354,Phil Foden,Complete,29.15476,57.0,40.8,76.8,19.4
3857271,2022-11-21,Group Stage,Iran,2,91,54,England,4354,Phil Foden,3382,Luke Shaw,Complete,9.688137,76.8,19.4,67.3,17.5
3857271,2022-11-21,Group Stage,Iran,2,91,56,England,3382,Luke Shaw,4354,Phil Foden,Complete,12.541929,67.3,17.5,75.0,7.6
3857271,2022-11-21,Group Stage,Iran,2,91,59,England,4354,Phil Foden,10956,Eric Dier,Complete,23.215511,68.9,8.1,47.5,17.1
3857271,2022-11-21,Group Stage,Iran,2,92,2,England,10956,Eric Dier,3943,Declan Rice,Complete,11.560277,47.5,17.1,56.7,24.1
3857271,2022-11-21,Group Stage,Iran,2,92,3,England,3943,Declan Rice,3244,John Stones,Complete,25.81182,56.7,24.5,38.7,43.0
3857271,2022-11-21,Group Stage,Iran,2,92,6,England,3244,John Stones,3308,Kieran Trippier,Complete,14.556098,37.8,48.2,41.0,62.4
3857271,2022-11-21,Group Stage,Iran,2,92,8,England,3308,Kieran Trippier,3244,John Stones,Complete,6.6407833,41.0,62.4,38.9,56.1
3857271,2022-11-21,Group Stage,Iran,2,92,10,England,3244,John Stones,3943,Declan Rice,Complete,8.64523,37.3,46.9,44.8,42.6
3857271,2022-11-21,Group Stage,Iran,2,92,11,England,3943,Declan Rice,3244,John Stones,Complete,7.752419,44.6,42.1,36.9,41.2
3857271,2022-11-21,Group Stage,Iran,2,92,13,England,3244,John Stones,3308,Kieran Trippier,Complete,16.056152,37.3,43.0,33.5,58.6
3857271,2022-11-21,Group Stage,Iran,2,92,14,England,3308,Kieran Trippier,3468,Jordan Pickford,Complete,22.882744,33.5,58.6,14.6,45.7
3857271,2022-11-21,Group Stage,Iran,2,92,17,England,3468,Jordan Pickford,10956,Eric Dier,Complete,25.300198,14.1,43.9,21.8,19.8
3857271,2022-11-21,Group Stage,Iran,2,92,20,England,10956,Eric Dier,3382,Luke Shaw,Complete,20.27856,21.8,19.4,38.9,8.5
3857271,2022-11-21,Group Stage,Iran,2,92,23,England,3382,Luke Shaw,10956,Eric Dier,Complete,14.239382,39.1,8.5,26.7,15.5
3857271,2022-11-21,Group Stage,Iran,2,92,27,England,10956,Eric Dier,3382,Luke Shaw,Complete,14.32236,26.7,15.5,38.0,6.7
3857271,2022-11-21,Group Stage,Iran,2,92,29,England,3382,Luke Shaw,3943,Declan Rice,Complete,10.801851,38.0,6.3,37.8,17.1
3857271,2022-11-21,Group Stage,Iran,2,92,30,England,3943,Declan Rice,4354,Phil Foden,Complete,13.892444,38.0,17.1,50.0,10.1
3857271,2022-11-21,Group Stage,Iran,2,92,34,England,4354,Phil Foden,30714,Jude Bellingham,Complete,12.541929,51.3,20.3,59.0,30.2
3857271,2022-11-21,Group Stage,Iran,2,92,37,England,30714,Jude Bellingham,9638,Jack Grealish,Complete,24.682991,63.3,23.6,80.4,5.8
3857271,2022-11-21,Group Stage,Iran,2,92,41,England,9638,Jack Grealish,30714,Jude Bellingham,Complete,7.5166483,80.7,5.4,76.6,11.7
3857271,2022-11-21,Group Stage,Iran,2,92,43,England,30714,Jude Bellingham,3308,Kieran Trippier,Complete,44.86569,76.6,16.4,68.9,60.6
3857271,2022-11-21,Group Stage,Iran,2,92,46,England,3308,Kieran Trippier,3244,John Stones,Complete,16.868017,68.9,60.6,64.2,44.4
3857271,2022-11-21,Group Stage,Iran,2,92,49,England,3244,John Stones,30714,Jude Bellingham,Complete,33.82366,74.6,48.4,99.4,25.4
3857271,2022-11-21,Group Stage,Iran,2,92,51,England,30714,Jude Bellingham,9638,Jack Grealish,Complete,26.304752,99.4,24.6,118.1,6.1
3857271,2022-11-21,Group Stage,Iran,2,92,59,England,9638,Jack Grealish,30714,Jude Bellingham,Complete,6.2128897,109.3,9.0,104.1,12.4
3857271,2022-11-21,Group Stage,Iran,2,93,1,England,30714,Jude Bellingham,3616,Callum Wilson,Incomplete,30.119926,105.0,12.8,116.1,40.8
3857271,2022-11-21,Group Stage,Iran,2,93,26,England,10956,Eric Dier,30714,Jude Bellingham,Complete,12.229881,47.0,17.1,57.6,23.2
3857271,2022-11-21,Group Stage,Iran,2,93,29,England,30714,Jude Bellingham,3308,Kieran Trippier,Complete,41.456604,57.0,27.7,53.4,69.0
3857271,2022-11-21,Group Stage,Iran,2,93,35,England,3308,Kieran Trippier,30714,Jude Bellingham,Complete,22.06377,52.5,66.0,57.0,44.4
3857271,2022-11-21,Group Stage,Iran,2,93,39,England,30714,Jude Bellingham,3308,Kieran Trippier,Complete,21.587032,53.4,47.8,44.8,67.6
3857271,2022-11-21,Group Stage,Iran,2,93,40,England,3308,Kieran Trippier,3244,John Stones,Complete,17.68276,44.8,67.6,32.6,54.8
3857271,2022-11-21,Group Stage,Iran,2,93,43,England,3244,John Stones,10956,Eric Dier,Complete,26.716475,32.4,53.0,28.3,26.6
3857271,2022-11-21,Group Stage,Iran,2,93,45,England,10956,Eric Dier,3382,Luke Shaw,Complete,15.462535,27.6,16.4,39.8,6.9
3857271,2022-11-21,Group Stage,Iran,2,93,48,England,3382,Luke Shaw,9638,Jack Grealish,Complete,17.235138,39.8,6.9,57.0,5.8
3857271,2022-11-21,Group Stage,Iran,2,94,2,England,3382,Luke Shaw,30714,Jude Bellingham,Complete,9.070832,45.2,11.7,43.0,20.5
3857271,2022-11-21,Group Stage,Iran,2,94,3,England,30714,Jude Bellingham,10956,Eric Dier,Complete,8.188406,42.1,21.2,34.0,20.0
3857271,2022-11-21,Group Stage,Iran,2,94,5,England,10956,Eric Dier,3943,Declan Rice,Complete,22.268587,33.1,25.4,38.9,46.9
3857271,2022-11-21,Group Stage,Iran,2,94,12,England,3943,Declan Rice,3318,Marcus Rashford,Complete,13.571293,79.8,60.4,82.5,73.7
3857271,2022-11-21,Group Stage,Iran,2,94,15,England,3318,Marcus Rashford,3616,Callum Wilson,Incomplete,30.155928,80.2,73.7,100.5,51.4
3857271,2022-11-21,Group Stage,Iran,2,94,21,England,3943,Declan Rice,9638,Jack Grealish,Complete,12.763228,80.7,54.1,87.0,43.0
3857271,2022-11-21,Group Stage,Iran,2,94,23,England,9638,Jack Grealish,30714,Jude Bellingham,Complete,5.5217752,86.1,41.0,81.6,37.8
3857271,2022-11-21,Group Stage,Iran,2,94,24,England,30714,Jude Bellingham,3382,Luke Shaw,Complete,20.49195,80.4,36.5,87.0,17.1
3857271,2022-11-21,Group Stage,Iran,2,94,27,England,3382,Luke Shaw,30714,Jude Bellingham,Complete,9.075792,87.0,17.1,78.4,14.2
3857271,2022-11-21,Group Stage,Iran,2,94,29,England,30714,Jude Bellingham,3943,Declan Rice,Complete,9.047651,76.8,14.2,73.7,22.7
3857271,2022-11-21,Group Stage,Iran,2,94,30,England,3943,Declan Rice,30714,Jude Bellingham,Complete,6.8818603,73.7,22.7,77.7,17.1
3857271,2022-11-21,Group Stage,Iran,2,94,31,England,30714,Jude Bellingham,10956,Eric Dier,Complete,18.54562,77.5,17.1,59.0,18.4
3857271,2022-11-21,Group Stage,Iran,2,94,34,England,10956,Eric Dier,3244,John Stones,Complete,26.474138,58.5,25.9,54.7,52.1
3857271,2022-11-21,Group Stage,Iran,2,94,37,England,3244,John Stones,3308,Kieran Trippier,Complete,19.112562,50.4,57.0,55.2,75.5
3857271,2022-11-21,Group Stage,Iran,2,94,39,England,3308,Kieran Trippier,4354,Phil Foden,Complete,18.806648,50.0,72.6,52.0,53.9
3857271,2022-11-21,Group Stage,Iran,2,94,40,England,4354,Phil Foden,10956,Eric Dier,Complete,21.392523,50.2,52.5,34.2,38.3
3857271,2022-11-21,Group Stage,Iran,2,94,44,England,10956,Eric Dier,3468,Jordan Pickford,Complete,22.188286,33.3,34.9,13.7,45.3
3857271,2022-11-21,Group Stage,Iran,2,94,46,England,3468,Jordan Pickford,3244,John Stones,Complete,19.085073,13.2,46.6,15.0,65.6
3857271,2022-11-21,Group Stage,Iran,2,94,49,England,3244,John Stones,3308,Kieran Trippier,Complete,9.464143,13.4,70.1,19.3,77.5
3857271,2022-11-21,Group Stage,Iran,2,94,52,England,3308,Kieran Trippier,3244,John Stones,Complete,12.7236,17.9,78.0,6.2,73.0
3857271,2022-11-21,Group Stage,Iran,2,94,53,England,3244,John Stones,4354,Phil Foden,Complete,21.369371,6.2,73.0,27.0,68.1
3857271,2022-11-21,Group Stage,Iran,2,94,54,England,4354,Phil Foden,3616,Callum Wilson,Complete,13.640015,27.6,68.3,40.7,72.1
3857271,2022-11-21,Group Stage,Iran,2,95,24,England,3943,Declan Rice,3616,Callum Wilson,Complete,19.285227,19.8,43.5,32.4,58.1
3857271,2022-11-21,Group Stage,Iran,2,95,25,England,3616,Callum Wilson,,,Incomplete,6.3702435,32.6,57.7,28.3,62.4
3857271,2022-11-21,Group Stage,Iran,2,95,27,England,3616,Callum Wilson,4354,Phil Foden,Complete,15.297712,38.0,64.2,51.1,72.1
3857271,2022-11-21,Group Stage,Iran,2,95,32,England,4354,Phil Foden,3616,Callum Wilson,Incomplete,43.416588,68.9,71.9,110.9,60.9
3857271,2022-11-21,Group Stage,Iran,2,95,47,England,30714,Jude Bellingham,,,Incomplete,12.611503,66.9,42.1,55.6,36.5
3857271,2022-11-21,Group Stage,Iran,2,95,58,England,10956,Eric Dier,3382,Luke Shaw,Complete,17.11432,5.1,39.0,7.8,22.1
3857271,2022-11-21,Group Stage,Iran,2,96,2,England,3382,Luke Shaw,9638,Jack Grealish,Complete,14.4544115,8.9,23.6,22.7,27.9
3857271,2022-11-21,Group Stage,Iran,2,96,31,England,30714,Jude Bellingham,4354,Phil Foden,Complete,29.36818,49.5,27.5,78.8,29.5
3857271,2022-11-21,Group Stage,Iran,2,96,35,England,4354,Phil Foden,3318,Marcus Rashford,Unknown,41.204006,104.6,18.2,112.7,58.6
3857271,2022-11-21,Group Stage,Iran,2,97,32,England,3308,Kieran Trippier,3318,Marcus Rashford,Complete,15.297712,38.0,80.0,51.1,72.1
3857271,2022-11-21,Group Stage,Iran,2,97,34,England,3318,Marcus Rashford,,,Incomplete,7.668768,50.9,72.6,43.4,71.0
3857271,2022-11-21,Group Stage,Iran,2,103,3,England,3616,Callum Wilson,3318,Marcus Rashford,Complete,10.346497,61.0,40.1,51.3,43.7
3857272,2022-11-25,Group Stage,United States,1,0,0,England,7843,Mason Mount,3244,John Stones,Complete,23.794537,60.0,40.0,37.7,48.3
3857272,2022-11-25,Group Stage,United States,1,0,5,England,3244,John Stones,3336,Harry Maguire,Complete,31.795597,41.8,45.9,36.8,14.5
3857272,2022-11-25,Group Stage,United States,1,0,9,England,3336,Harry Maguire,3244,John Stones,Complete,35.42725,33.6,13.7,30.6,49.0
3857272,2022-11-25,Group Stage,United States,1,0,16,England,3244,John Stones,3336,Harry Maguire,Complete,28.770298,33.6,47.2,27.9,19.0
3857272,2022-11-25,Group Stage,United States,1,0,21,England,3336,Harry Maguire,3244,John Stones,Complete,21.233934,29.1,18.6,27.9,39.8
3857272,2022-11-25,Group Stage,United States,1,0,24,England,3244,John Stones,3336,Harry Maguire,Complete,15.897799,28.1,40.3,25.6,24.6
3857272,2022-11-25,Group Stage,United States,1,0,28,England,3336,Harry Maguire,3244,John Stones,Complete,18.421997,25.6,24.6,26.5,43.0
3857272,2022-11-25,Group Stage,United States,1,0,32,England,3244,John Stones,3336,Harry Maguire,Complete,18.24637,26.9,43.0,25.6,24.8
3857272,2022-11-25,Group Stage,United States,1,0,35,England,3336,Harry Maguire,3382,Luke Shaw,Complete,19.69873,24.9,21.0,30.1,2.0
3857272,2022-11-25,Group Stage,United States,1,0,38,England,3382,Luke Shaw,7843,Mason Mount,Incomplete,69.15273,32.4,2.2,99.7,18.1
3857272,2022-11-25,Group Stage,United States,1,1,1,England,3382,Luke Shaw,3943,Declan Rice,Complete,5.1,97.9,0.1,93.4,2.5
3857272,2022-11-25,Group Stage,United States,1,1,2,England,3943,Declan Rice,3382,Luke Shaw,Complete,4.356604,93.6,2.5,97.3,0.2
3857272,2022-11-25,Group Stage,United States,1,1,3,England,3382,Luke Shaw,,,Incomplete,1.360147,97.5,0.9,98.3,2.0
3857272,2022-11-25,Group Stage,United States,1,1,17,England,3308,Kieran Trippier,3468,Jordan Pickford,Complete,14.542696,17.1,32.0,5.3,40.5
3857272,2022-11-25,Group Stage,United States,1,1,19,England,3468,Jordan Pickford,,,Incomplete,64.06138,5.3,40.5,56.8,2.4
3857272,2022-11-25,Group Stage,United States,1,1,24,England,3336,Harry Maguire,10955,Harry Kane,Incomplete,33.61577,35.9,18.6,68.8,25.5
3857272,2022-11-25,Group Stage,United States,1,3,8,England,3382,Luke Shaw,3233,Raheem Sterling,Complete,11.594827,27.4,0.1,38.6,3.1
3857272,2022-11-25,Group Stage,United States,1,3,16,England,30714,Jude Bellingham,10955,Harry Kane,Incomplete,3.0528674,39.1,1.5,41.7,3.1
3857272,2022-11-25,Group Stage,United States,1,3,18,England,3943,Declan Rice,,,Incomplete,30.501476,38.9,13.7,69.2,17.2
3857272,2022-11-25,Group Stage,United States,1,3,57,England,3308,Kieran Trippier,10955,Harry Kane,Incomplete,28.160255,14.7,80.0,37.3,63.2
3857272,2022-11-25,Group Stage,United States,1,4,1,England,3233,Raheem Sterling,3382,Luke Shaw,Complete,21.996592,42.4,34.0,27.2,18.1
3857272,2022-11-25,Group Stage,United States,1,4,4,England,3382,Luke Shaw,3233,Raheem Sterling,Complete,35.864887,30.3,12.9,64.8,3.1
3857272,2022-11-25,Group Stage,United States,1,4,9,England,3233,Raheem Sterling,3382,Luke Shaw,Complete,21.605785,55.2,1.5,33.6,2.0
3857272,2022-11-25,Group Stage,United States,1,4,13,England,3382,Luke Shaw,3468,Jordan Pickford,Complete,38.17604,25.9,5.2,16.9,42.3
3857272,2022-11-25,Group Stage,United States,1,4,16,England,3468,Jordan Pickford,3244,John Stones,Complete,9.625487,16.9,42.3,21.6,50.7
3857272,2022-11-25,Group Stage,United States,1,4,19,England,3244,John Stones,3336,Harry Maguire,Complete,29.033773,21.6,50.7,20.2,21.7
3857272,2022-11-25,Group Stage,United States,1,4,25,England,3336,Harry Maguire,3244,John Stones,Complete,29.536757,19.1,25.1,25.2,54.0
3857272,2022-11-25,Group Stage,United States,1,4,28,England,3244,John Stones,3308,Kieran Trippier,Complete,21.878984,26.9,54.4,31.9,75.7
3857272,2022-11-25,Group Stage,United States,1,4,30,England,3308,Kieran Trippier,10955,Harry Kane,Complete,29.584625,31.9,75.7,57.4,60.7
3857272,2022-11-25,Group Stage,United States,1,4,45,England,3308,Kieran Trippier,3244,John Stones,Complete,29.627352,57.0,75.1,33.7,56.8
3857272,2022-11-25,Group Stage,United States,1,4,49,England,3244,John Stones,3336,Harry Maguire,Complete,23.730572,35.2,49.0,31.9,25.5
3857272,2022-11-25,Group Stage,United States,1,4,53,England,3336,Harry Maguire,3244,John Stones,Complete,27.53071,30.3,28.2,31.6,55.7
3857272,2022-11-25,Group Stage,United States,1,5,0,England,3244,John Stones,3382,Luke Shaw,Complete,47.67903,36.8,49.0,42.8,1.7
3857272,2022-11-25,Group Stage,United States,1,5,4,England,3382,Luke Shaw,3336,Harry Maguire,Complete,22.842285,43.1,2.2,27.2,18.6
3857272,2022-11-25,Group Stage,United States,1,5,8,England,3336,Harry Maguire,3244,John Stones,Complete,25.927784,24.9,24.9,26.1,50.8
3857272,2022-11-25,Group Stage,United States,1,5,13,England,3244,John Stones,3336,Harry Maguire,Complete,27.86575,25.6,50.1,21.1,22.6
3857272,2022-11-25,Group Stage,United States,1,5,16,England,3336,Harry Maguire,3244,John Stones,Complete,27.0,20.5,24.9,20.5,51.9
3857272,2022-11-25,Group Stage,United States,1,5,24,England,3244,John Stones,30714,Jude Bellingham,Complete,6.484597,25.2,54.0,27.4,47.9
3857272,2022-11-25,Group Stage,United States,1,5,26,England,30714,Jude Bellingham,3336,Harry Maguire,Complete,26.7507,27.4,47.9,22.0,21.7
3857272,2022-11-25,Group Stage,United States,1,5,30,England,3336,Harry Maguire,3382,Luke Shaw,Out,34.206726,28.9,18.4,57.8,0.1
3857272,2022-11-25,Group Stage,United States,1,6,39,England,3308,Kieran Trippier,10955,Harry Kane,Complete,11.395174,61.3,80.0,69.7,72.3
3857272,2022-11-25,Group Stage,United States,1,6,40,England,10955,Harry Kane,7843,Mason Mount,Incomplete,33.040882,70.6,77.7,101.5,66.0
3857272,2022-11-25,Group Stage,United States,1,7,38,England,3308,Kieran Trippier,10955,Harry Kane,Complete,40.406063,21.8,80.0,46.6,48.1
3857272,2022-11-25,Group Stage,United States,1,7,40,England,10955,Harry Kane,3382,Luke Shaw,Complete,42.40625,46.6,49.0,43.6,6.7
3857272,2022-11-25,Group Stage,United States,1,7,46,England,3382,Luke Shaw,3233,Raheem Sterling,Complete,6.59242,56.8,1.5,63.3,0.4
3857272,2022-11-25,Group Stage,United States,1,7,49,England,3233,Raheem Sterling,3336,Harry Maguire,Complete,30.160238,62.8,0.4,38.6,18.4
3857272,2022-11-25,Group Stage,United States,1,7,52,England,3336,Harry Maguire,3943,Declan Rice,Complete,14.534098,38.6,18.4,46.8,6.4
3857272,2022-11-25,Group Stage,United States,1,7,54,England,3943,Declan Rice,3336,Harry Maguire,Complete,17.483707,46.8,6.4,36.6,20.6
3857272,2022-11-25,Group Stage,United States,1,7,56,England,3336,Harry Maguire,3244,John Stones,Complete,28.864685,34.4,24.4,38.3,53.0
3857272,2022-11-25,Group Stage,United States,1,7,59,England,3244,John Stones,3308,Kieran Trippier,Complete,20.50561,38.6,55.7,45.8,74.9
3857272,2022-11-25,Group Stage,United States,1,8,2,England,3308,Kieran Trippier,3244,John Stones,Complete,27.126554,42.4,74.3,27.1,51.9
3857272,2022-11-25,Group Stage,United States,1,8,5,England,3244,John Stones,3336,Harry Maguire,Complete,28.62726,28.1,49.0,24.5,20.6
3857272,2022-11-25,Group Stage,United States,1,8,9,England,3336,Harry Maguire,7843,Mason Mount,Complete,27.436108,25.4,19.9,44.9,0.6
3857272,2022-11-25,Group Stage,United States,1,8,11,England,7843,Mason Mount,3943,Declan Rice,Complete,10.500476,44.9,0.6,44.8,11.1
3857272,2022-11-25,Group Stage,United States,1,8,12,England,3943,Declan Rice,3382,Luke Shaw,Complete,15.936437,46.2,10.7,58.1,0.1
3857272,2022-11-25,Group Stage,United States,1,8,14,England,3382,Luke Shaw,3233,Raheem Sterling,Incomplete,1.4317821,57.8,0.1,59.2,0.4
3857272,2022-11-25,Group Stage,United States,1,8,15,England,3382,Luke Shaw,3943,Declan Rice,Incomplete,1.9209373,51.6,0.7,50.1,1.9
3857272,2022-11-25,Group Stage,United States,1,8,16,England,3382,Luke Shaw,3943,Declan Rice,Complete,10.423532,49.5,3.6,40.3,8.5
3857272,2022-11-25,Group Stage,United States,1,8,18,England,3943,Declan Rice,3308,Kieran Trippier,Complete,50.80984,39.1,11.4,40.1,62.2
3857272,2022-11-25,Group Stage,United States,1,8,22,England,3308,Kieran Trippier,22084,Bukayo Saka,Incomplete,56.196884,40.4,62.9,95.7,72.9
3857272,2022-11-25,Group Stage,United States,1,8,41,England,3308,Kieran Trippier,30714,Jude Bellingham,Complete,8.676981,93.4,80.0,89.4,72.3
3857272,2022-11-25,Group Stage,United States,1,8,42,England,30714,Jude Bellingham,3308,Kieran Trippier,Complete,8.249243,89.4,72.1,93.6,79.2
3857272,2022-11-25,Group Stage,United States,1,8,43,England,3308,Kieran Trippier,30714,Jude Bellingham,Complete,8.5,93.6,79.2,85.9,75.6
3857272,2022-11-25,Group Stage,United States,1,8,45,England,3308,Kieran Trippier,3336,Harry Maguire,Complete,42.738743,87.2,77.6,45.6,67.8
3857272,2022-11-25,Group Stage,United States,1,8,54,England,3336,Harry Maguire,3943,Declan Rice,Complete,11.264546,38.6,64.0,45.1,54.8
3857272,2022-11-25,Group Stage,United States,1,8,57,England,3943,Declan Rice,7843,Mason Mount,Complete,11.395174,46.4,54.0,57.6,51.9
3857272,2022-11-25,Group Stage,United States,1,8,58,England,7843,Mason Mount,3943,Declan Rice,Complete,10.523308,57.6,51.9,47.1,51.2
3857272,2022-11-25,Group Stage,United States,1,9,1,England,3943,Declan Rice,3244,John Stones,Complete,15.126798,46.0,52.0,46.9,67.1
3857272,2022-11-25,Group Stage,United States,1,9,4,England,3244,John Stones,22084,Bukayo Saka,Complete,20.402206,49.1,73.6,69.5,73.9
3857272,2022-11-25,Group Stage,United States,1,9,5,England,22084,Bukayo Saka,3308,Kieran Trippier,Complete,6.315853,69.5,73.9,72.0,79.7
3857272,2022-11-25,Group Stage,United States,1,9,5,England,3308,Kieran Trippier,30714,Jude Bellingham,Complete,26.519804,72.0,79.7,92.1,62.4
3857272,2022-11-25,Group Stage,United States,1,9,9,England,30714,Jude Bellingham,22084,Bukayo Saka,Complete,12.349089,101.3,52.4,113.6,53.5
3857272,2022-11-25,Group Stage,United States,1,9,10,England,22084,Bukayo Saka,10955,Harry Kane,Complete,11.870131,113.6,53.5,108.9,42.6
3857272,2022-11-25,Group Stage,United States,1,9,54,England,3308,Kieran Trippier,3244,John Stones,Complete,42.78551,120.0,80.0,109.2,38.6
3857272,2022-11-25,Group Stage,United States,1,10,5,England,3336,Harry Maguire,3233,Raheem Sterling,Incomplete,9.924717,117.6,25.7,110.1,32.2
3857272,2022-11-25,Group Stage,United States,1,10,55,England,3308,Kieran Trippier,3244,John Stones,Complete,17.367786,37.1,68.4,27.1,54.2
3857272,2022-11-25,Group Stage,United States,1,10,57,England,3244,John Stones,3308,Kieran Trippier,Complete,10.217632,27.1,54.2,27.7,64.4
3857272,2022-11-25,Group Stage,United States,1,10,58,England,3308,Kieran Trippier,3468,Jordan Pickford,Complete,27.366037,27.7,64.4,7.0,46.5
3857272,2022-11-25,Group Stage,United States,1,11,3,England,3468,Jordan Pickford,3244,John Stones,Complete,12.592458,8.6,43.2,13.5,54.8
3857272,2022-11-25,Group Stage,United States,1,11,9,England,3244,John Stones,3382,Luke Shaw,Complete,41.827385,25.7,41.4,36.9,1.1
3857272,2022-11-25,Group Stage,United States,1,11,15,England,3382,Luke Shaw,3336,Harry Maguire,Complete,26.13446,40.6,0.4,23.2,19.9
3857272,2022-11-25,Group Stage,United States,1,11,18,England,3336,Harry Maguire,3244,John Stones,Complete,31.715769,22.0,24.9,28.7,55.9
3857272,2022-11-25,Group Stage,United States,1,11,23,England,3244,John Stones,3468,Jordan Pickford,Complete,26.35299,33.4,59.1,19.2,36.9
3857272,2022-11-25,Group Stage,United States,1,11,26,England,3468,Jordan Pickford,3336,Harry Maguire,Complete,6.928925,20.5,32.9,22.9,26.4
3857272,2022-11-25,Group Stage,United States,1,11,28,England,3336,Harry Maguire,3244,John Stones,Complete,28.122055,20.7,30.6,28.9,57.5
3857272,2022-11-25,Group Stage,United States,1,11,33,England,3244,John Stones,3336,Harry Maguire,Complete,33.70371,28.9,57.9,25.2,24.4
3857272,2022-11-25,Group Stage,United States,1,11,36,England,3336,Harry Maguire,3382,Luke Shaw,Complete,19.766891,28.7,21.3,37.5,3.6
3857272,2022-11-25,Group Stage,United States,1,11,40,England,3382,Luke Shaw,3233,Raheem Sterling,Complete,23.913385,41.1,2.7,65.0,1.9
3857272,2022-11-25,Group Stage,United States,1,11,41,England,3233,Raheem Sterling,7843,Mason Mount,Incomplete,1.811077,64.8,1.7,66.6,1.5
3857272,2022-11-25,Group Stage,United States,1,11,51,England,3382,Luke Shaw,3336,Harry Maguire,Complete,21.425451,53.6,0.1,32.4,3.2
3857272,2022-11-25,Group Stage,United States,1,11,55,England,3336,Harry Maguire,3244,John Stones,Complete,47.933495,27.4,4.9,36.3,52.0
3857272,2022-11-25,Group Stage,United States,1,12,0,England,3244,John Stones,3308,Kieran Trippier,Complete,25.532724,44.9,55.7,61.5,75.1
3857272,2022-11-25,Group Stage,United States,1,12,3,England,3308,Kieran Trippier,3943,Declan Rice,Complete,17.575552,56.8,70.7,48.9,55.0
3857272,2022-11-25,Group Stage,United States,1,12,5,England,3943,Declan Rice,3336,Harry Maguire,Complete,33.37679,46.4,49.5,38.8,17.0
3857272,2022-11-25,Group Stage,United States,1,12,8,England,3336,Harry Maguire,3382,Luke Shaw,Complete,18.752333,40.8,17.4,51.5,2.0
3857272,2022-11-25,Group Stage,United States,1,12,11,England,3382,Luke Shaw,3233,Raheem Sterling,Complete,8.316851,55.6,2.7,63.5,0.1
3857272,2022-11-25,Group Stage,United States,1,12,16,England,3233,Raheem Sterling,10955,Harry Kane,Complete,21.883327,69.9,20.4,81.1,39.2
3857272,2022-11-25,Group Stage,United States,1,12,18,England,10955,Harry Kane,22084,Bukayo Saka,Incomplete,19.043371,80.9,38.9,95.0,51.7
3857272,2022-11-25,Group Stage,United States,1,12,22,England,3943,Declan Rice,3308,Kieran Trippier,Complete,31.216982,67.2,38.1,64.5,69.2
3857272,2022-11-25,Group Stage,United States,1,12,26,England,3308,Kieran Trippier,30714,Jude Bellingham,Incomplete,24.207644,57.8,77.9,79.8,67.8
3857272,2022-11-25,Group Stage,United States,1,12,45,England,3382,Luke Shaw,3233,Raheem Sterling,Complete,21.5824,56.7,5.4,74.9,17.0
3857272,2022-11-25,Group Stage,United States,1,12,48,England,3233,Raheem Sterling,7843,Mason Mount,Complete,20.012247,74.9,17.0,88.9,2.7
3857272,2022-11-25,Group Stage,United States,1,12,53,England,7843,Mason Mount,3233,Raheem Sterling,Complete,9.124144,94.8,10.7,90.6,18.8
3857272,2022-11-25,Group Stage,United States,1,12,55,England,3233,Raheem Sterling,30714,Jude Bellingham,Complete,16.352676,90.6,18.8,85.1,34.2
3857272,2022-11-25,Group Stage,United States,1,12,57,England,30714,Jude Bellingham,3308,Kieran Trippier,Complete,28.6681,86.9,39.4,95.0,66.9
3857272,2022-11-25,Group Stage,United States,1,13,0,England,3308,Kieran Trippier,30714,Jude Bellingham,Complete,13.224598,95.6,66.9,86.1,57.7
3857272,2022-11-25,Group Stage,United States,1,13,3,England,30714,Jude Bellingham,3244,John Stones,Complete,17.734148,85.9,57.7,79.4,41.2
3857272,2022-11-25,Group Stage,United States,1,13,7,England,3244,John Stones,3382,Luke Shaw,Complete,26.12164,80.0,33.1,86.5,7.8
3857272,2022-11-25,Group Stage,United States,1,13,10,England,3382,Luke Shaw,7843,Mason Mount,Complete,4.1868844,88.5,3.6,91.7,0.9
3857272,2022-11-25,Group Stage,United States,1,13,11,England,7843,Mason Mount,3943,Declan Rice,Complete,12.210241,91.2,0.7,80.2,6.0
3857272,2022-11-25,Group Stage,United States,1,13,13,England,3943,Declan Rice,3244,John Stones,Complete,37.44823,71.0,6.7,72.9,44.1
3857272,2022-11-25,Group Stage,United States,1,13,18,England,3244,John Stones,30714,Jude Bellingham,Complete,9.80051,80.4,51.2,88.3,45.4
3857272,2022-11-25,Group Stage,United States,1,13,19,England,30714,Jude Bellingham,3308,Kieran Trippier,Complete,32.79954,88.3,45.4,99.3,76.3
3857272,2022-11-25,Group Stage,United States,1,13,22,England,3308,Kieran Trippier,22084,Bukayo Saka,Complete,27.986605,99.3,76.3,117.8,55.3
3857272,2022-11-25,Group Stage,United States,1,13,24,England,22084,Bukayo Saka,,,Incomplete,0.5,117.8,55.3,117.4,55.0
3857272,2022-11-25,Group Stage,United States,1,13,30,England,3336,Harry Maguire,3943,Declan Rice,Complete,13.260844,75.3,39.4,68.2,28.2
3857272,2022-11-25,Group Stage,United States,1,13,35,England,3943,Declan Rice,3382,Luke Shaw,Complete,15.469324,74.4,7.8,88.7,1.9
3857272,2022-11-25,Group Stage,United States,1,13,40,England,3382,Luke Shaw,7843,Mason Mount,Complete,7.920227,94.1,3.1,86.9,6.4
3857272,2022-11-25,Group Stage,United States,1,13,43,England,7843,Mason Mount,3943,Declan Rice,Complete,7.502666,85.4,9.1,78.4,11.8
3857272,2022-11-25,Group Stage,United States,1,13,45,England,3943,Declan Rice,3244,John Stones,Complete,35.660904,74.5,13.9,68.2,49.0
3857272,2022-11-25,Group Stage,United States,1,13,48,England,3244,John Stones,3308,Kieran Trippier,Complete,33.616215,68.2,49.0,87.1,76.8
3857272,2022-11-25,Group Stage,United States,1,13,50,England,3308,Kieran Trippier,22084,Bukayo Saka,Complete,32.57146,87.1,76.8,118.0,66.5
3857272,2022-11-25,Group Stage,United States,1,13,57,England,22084,Bukayo Saka,3308,Kieran Trippier,Complete,1.360147,109.6,78.6,108.3,79.0
3857272,2022-11-25,Group Stage,United States,1,13,58,England,3308,Kieran Trippier,,,Incomplete,1.6401219,108.7,79.6,110.0,78.6
3857272,2022-11-25,Group Stage,United States,1,15,4,England,30714,Jude Bellingham,3336,Harry Maguire,Complete,13.787676,38.8,23.9,25.7,28.2
3857272,2022-11-25,Group Stage,United States,1,15,6,England,3336,Harry Maguire,10955,Harry Kane,Complete,34.817524,26.9,28.6,57.0,46.1
3857272,2022-11-25,Group Stage,United States,1,15,10,England,10955,Harry Kane,22084,Bukayo Saka,Complete,2.5632012,49.1,51.3,51.5,52.2
3857272,2022-11-25,Group Stage,United States,1,15,12,England,22084,Bukayo Saka,30714,Jude Bellingham,Complete,11.652039,52.9,48.5,51.8,36.9
3857272,2022-11-25,Group Stage,United States,1,15,13,England,30714,Jude Bellingham,3382,Luke Shaw,Complete,29.306826,52.5,36.3,55.0,7.1
3857272,2022-11-25,Group Stage,United States,1,15,18,England,3382,Luke Shaw,3943,Declan Rice,Complete,15.476757,56.8,6.4,49.6,20.1
3857272,2022-11-25,Group Stage,United States,1,15,20,England,3943,Declan Rice,3244,John Stones,Complete,32.068832,48.7,20.6,46.6,52.6
3857272,2022-11-25,Group Stage,United States,1,15,24,England,3244,John Stones,22084,Bukayo Saka,Complete,21.670717,49.8,56.4,69.9,48.3
3857272,2022-11-25,Group Stage,United States,1,15,26,England,22084,Bukayo Saka,3233,Raheem Sterling,Complete,9.7,75.5,47.7,82.0,40.5
3857272,2022-11-25,Group Stage,United States,1,15,27,England,3233,Raheem Sterling,22084,Bukayo Saka,Complete,3.8639357,82.9,40.3,79.1,39.6
3857272,2022-11-25,Group Stage,United States,1,15,29,England,22084,Bukayo Saka,3382,Luke Shaw,Complete,26.666082,85.4,28.2,95.2,3.4
3857272,2022-11-25,Group Stage,United States,1,15,33,England,3382,Luke Shaw,3233,Raheem Sterling,Complete,19.007893,102.2,4.2,110.9,21.1
3857272,2022-11-25,Group Stage,United States,1,15,36,England,3233,Raheem Sterling,3382,Luke Shaw,Complete,7.3573093,110.1,19.4,103.8,15.6
3857272,2022-11-25,Group Stage,United States,1,15,40,England,3382,Luke Shaw,,,Incomplete,25.556213,100.6,20.4,117.0,40.0
3857272,2022-11-25,Group Stage,United States,1,16,43,England,3468,Jordan Pickford,10955,Harry Kane,Complete,75.14872,6.0,44.0,80.7,52.2
3857272,2022-11-25,Group Stage,United States,1,16,47,England,10955,Harry Kane,3233,Raheem Sterling,Incomplete,15.942396,80.7,52.2,95.7,46.8
3857272,2022-11-25,Group Stage,United States,1,17,9,England,3308,Kieran Trippier,30714,Jude Bellingham,Complete,15.6425705,51.5,79.0,64.5,70.3
3857272,2022-11-25,Group Stage,United States,1,17,25,England,3308,Kieran Trippier,30714,Jude Bellingham,Complete,8.805112,64.8,68.5,64.5,59.7
3857272,2022-11-25,Group Stage,United States,1,17,26,England,30714,Jude Bellingham,3244,John Stones,Complete,22.291254,64.5,59.7,42.8,54.6
3857272,2022-11-25,Group Stage,United States,1,17,32,England,3244,John Stones,3336,Harry Maguire,Complete,34.36277,42.8,54.6,35.6,21.0
3857272,2022-11-25,Group Stage,United States,1,17,34,England,3336,Harry Maguire,3382,Luke Shaw,Complete,20.235859,35.6,21.0,43.8,2.5
3857272,2022-11-25,Group Stage,United States,1,17,37,England,3382,Luke Shaw,3233,Raheem Sterling,Complete,22.805481,45.1,2.0,67.9,1.5
3857272,2022-11-25,Group Stage,United States,1,17,39,England,3233,Raheem Sterling,3382,Luke Shaw,Complete,18.504324,62.3,1.7,43.8,1.3
3857272,2022-11-25,Group Stage,United States,1,17,41,England,3382,Luke Shaw,3468,Jordan Pickford,Complete,40.94203,43.8,1.3,24.3,37.3
3857272,2022-11-25,Group Stage,United States,1,17,46,England,3468,Jordan Pickford,3244,John Stones,Complete,20.125854,25.1,38.5,33.9,56.6
3857272,2022-11-25,Group Stage,United States,1,17,51,England,3244,John Stones,3943,Declan Rice,Complete,11.475626,32.8,56.2,44.0,53.7
3857272,2022-11-25,Group Stage,United States,1,17,53,England,3943,Declan Rice,3308,Kieran Trippier,Complete,24.0202,44.0,53.7,46.4,77.6
3857272,2022-11-25,Group Stage,United States,1,17,54,England,3308,Kieran Trippier,3244,John Stones,Complete,27.934208,46.4,77.6,22.0,64.0
3857272,2022-11-25,Group Stage,United States,1,18,1,England,3244,John Stones,3336,Harry Maguire,Complete,40.94887,26.5,47.3,28.5,6.4
3857272,2022-11-25,Group Stage,United States,1,18,4,England,3336,Harry Maguire,3468,Jordan Pickford,Complete,31.624357,24.9,2.4,8.6,29.5
3857272,2022-11-25,Group Stage,United States,1,18,12,England,3468,Jordan Pickford,3244,John Stones,Complete,18.298906,14.4,37.1,18.2,55.0
3857272,2022-11-25,Group Stage,United States,1,18,15,England,3244,John Stones,3943,Declan Rice,Complete,12.126417,19.2,52.6,27.1,43.4
3857272,2022-11-25,Group Stage,United States,1,18,16,England,3943,Declan Rice,3244,John Stones,Complete,8.4,27.1,43.4,18.7,43.4
3857272,2022-11-25,Group Stage,United States,1,18,19,England,3244,John Stones,3336,Harry Maguire,Complete,27.41423,25.4,32.4,27.9,5.1
3857272,2022-11-25,Group Stage,United States,1,18,21,England,3336,Harry Maguire,3382,Luke Shaw,Complete,15.054567,30.6,5.1,44.8,0.1
3857272,2022-11-25,Group Stage,United States,1,18,23,England,3382,Luke Shaw,7843,Mason Mount,Complete,7.467262,44.8,0.1,42.2,7.1
3857272,2022-11-25,Group Stage,United States,1,18,25,England,7843,Mason Mount,3308,Kieran Trippier,Complete,61.927216,40.9,8.0,46.2,69.7
3857272,2022-11-25,Group Stage,United States,1,18,28,England,3308,Kieran Trippier,3244,John Stones,Complete,19.9945,46.2,69.7,36.9,52.0
3857272,2022-11-25,Group Stage,United States,1,18,34,England,3244,John Stones,3943,Declan Rice,Complete,8.786353,36.6,50.1,38.4,58.7
3857272,2022-11-25,Group Stage,United States,1,18,37,England,3943,Declan Rice,30714,Jude Bellingham,Complete,11.421471,31.0,55.7,39.7,48.3
3857272,2022-11-25,Group Stage,United States,1,18,38,England,30714,Jude Bellingham,3308,Kieran Trippier,Complete,28.744564,39.7,48.3,41.3,77.0
3857272,2022-11-25,Group Stage,United States,1,18,39,England,3308,Kieran Trippier,,,Out,9.945853,41.3,77.0,50.9,79.6
3857272,2022-11-25,Group Stage,United States,1,19,2,England,3336,Harry Maguire,10955,Harry Kane,Complete,38.1577,25.6,45.4,63.2,51.9
3857272,2022-11-25,Group Stage,United States,1,19,11,England,10955,Harry Kane,22084,Bukayo Saka,Complete,5.4120235,94.3,61.9,92.8,67.1
3857272,2022-11-25,Group Stage,United States,1,19,12,England,22084,Bukayo Saka,30714,Jude Bellingham,Complete,10.840664,92.3,62.9,86.9,53.5
3857272,2022-11-25,Group Stage,United States,1,19,31,England,3382,Luke Shaw,7843,Mason Mount,Incomplete,14.916434,19.6,27.5,29.1,39.0
3857272,2022-11-25,Group Stage,United States,1,19,58,England,3468,Jordan Pickford,3382,Luke Shaw,Complete,41.857018,13.1,44.5,25.1,4.4
3857272,2022-11-25,Group Stage,United States,1,20,6,England,3382,Luke Shaw,3336,Harry Maguire,Complete,27.682667,28.5,3.2,16.2,28.0
3857272,2022-11-25,Group Stage,United States,1,20,11,England,3336,Harry Maguire,3943,Declan Rice,Complete,14.205632,19.2,41.0,30.8,32.8
3857272,2022-11-25,Group Stage,United States,1,20,12,England,3943,Declan Rice,3244,John Stones,Complete,22.09887,30.8,32.8,21.4,52.8
3857272,2022-11-25,Group Stage,United States,1,20,21,England,3244,John Stones,3382,Luke Shaw,Complete,33.741516,28.1,33.5,38.8,1.5
3857272,2022-11-25,Group Stage,United States,1,20,26,England,3382,Luke Shaw,3336,Harry Maguire,Complete,25.945328,40.1,0.9,20.5,17.9
3857272,2022-11-25,Group Stage,United States,1,20,32,England,3336,Harry Maguire,30714,Jude Bellingham,Complete,34.30175,25.2,27.1,58.3,36.1
3857272,2022-11-25,Group Stage,United States,1,20,46,England,3468,Jordan Pickford,30714,Jude Bellingham,Complete,30.203476,16.0,36.5,41.1,53.3
3857272,2022-11-25,Group Stage,United States,1,20,50,England,30714,Jude Bellingham,22084,Bukayo Saka,Complete,26.631748,40.8,54.2,57.8,74.7
3857272,2022-11-25,Group Stage,United States,1,20,53,England,22084,Bukayo Saka,10955,Harry Kane,Incomplete,15.802848,63.2,73.1,69.0,58.4
3857272,2022-11-25,Group Stage,United States,1,20,55,England,22084,Bukayo Saka,3308,Kieran Trippier,Complete,12.85496,57.8,68.0,54.8,55.5
3857272,2022-11-25,Group Stage,United States,1,20,56,England,3308,Kieran Trippier,10955,Harry Kane,Complete,6.22254,54.8,55.5,59.2,59.9
3857272,2022-11-25,Group Stage,United States,1,20,58,England,10955,Harry Kane,30714,Jude Bellingham,Complete,9.972462,59.0,60.2,51.8,67.1
3857272,2022-11-25,Group Stage,United States,1,21,0,England,30714,Jude Bellingham,22084,Bukayo Saka,Complete,13.780058,51.8,67.1,62.8,75.4
3857272,2022-11-25,Group Stage,United States,1,21,2,England,22084,Bukayo Saka,30714,Jude Bellingham,Complete,11.552489,62.8,75.4,51.3,74.3
3857272,2022-11-25,Group Stage,United States,1,21,4,England,30714,Jude Bellingham,3943,Declan Rice,Complete,23.032585,50.5,71.2,46.6,48.5
3857272,2022-11-25,Group Stage,United States,1,21,8,England,3943,Declan Rice,3233,Raheem Sterling,Complete,11.200446,46.0,40.7,56.3,36.3
3857272,2022-11-25,Group Stage,United States,1,21,9,England,3233,Raheem Sterling,3244,John Stones,Complete,20.988092,56.3,36.3,42.6,52.2
3857272,2022-11-25,Group Stage,United States,1,21,14,England,3244,John Stones,3943,Declan Rice,Complete,6.276942,42.6,52.2,45.8,46.8
3857272,2022-11-25,Group Stage,United States,1,21,14,England,3943,Declan Rice,3244,John Stones,Complete,7.3389373,45.8,46.8,38.9,49.3
3857272,2022-11-25,Group Stage,United States,1,21,19,England,3244,John Stones,30714,Jude Bellingham,Complete,9.296236,37.7,44.8,46.8,46.7
3857272,2022-11-25,Group Stage,United States,1,21,21,England,30714,Jude Bellingham,3336,Harry Maguire,Complete,35.735977,45.5,38.7,49.6,3.2
3857272,2022-11-25,Group Stage,United States,1,21,24,England,3336,Harry Maguire,3382,Luke Shaw,Complete,21.67487,52.3,3.1,73.9,1.3
3857272,2022-11-25,Group Stage,United States,1,21,26,England,3382,Luke Shaw,3336,Harry Maguire,Complete,14.701361,73.5,1.1,58.8,1.3
3857272,2022-11-25,Group Stage,United States,1,21,29,England,3336,Harry Maguire,3244,John Stones,Complete,21.472075,50.9,0.7,38.6,18.3
3857272,2022-11-25,Group Stage,United States,1,21,33,England,3244,John Stones,3943,Declan Rice,Complete,27.020363,43.6,28.9,51.3,54.8
3857272,2022-11-25,Group Stage,United States,1,21,36,England,3943,Declan Rice,3308,Kieran Trippier,Complete,25.54545,51.5,54.8,65.9,75.9
3857272,2022-11-25,Group Stage,United States,1,21,39,England,3308,Kieran Trippier,3943,Declan Rice,Complete,17.69548,57.0,69.2,45.8,55.5
3857272,2022-11-25,Group Stage,United States,1,21,41,England,3943,Declan Rice,3244,John Stones,Complete,17.18284,45.8,55.5,43.3,38.5
3857272,2022-11-25,Group Stage,United States,1,21,44,England,3244,John Stones,3336,Harry Maguire,Complete,19.55326,45.5,31.3,41.8,12.1
3857272,2022-11-25,Group Stage,United States,1,21,47,England,3336,Harry Maguire,3244,John Stones,Complete,15.730543,44.0,11.2,38.4,25.9
3857272,2022-11-25,Group Stage,United States,1,21,53,England,3244,John Stones,3336,Harry Maguire,Complete,21.718655,38.4,25.9,39.3,4.2
3857272,2022-11-25,Group Stage,United States,1,21,56,England,3336,Harry Maguire,3244,John Stones,Complete,31.380568,36.9,4.4,30.4,35.1
3857272,2022-11-25,Group Stage,United States,1,22,2,England,3244,John Stones,30714,Jude Bellingham,Complete,21.268051,41.1,50.7,62.3,49.0
3857272,2022-11-25,Group Stage,United States,1,22,3,England,30714,Jude Bellingham,7843,Mason Mount,Complete,8.070935,62.3,49.0,57.8,55.7
3857272,2022-11-25,Group Stage,United States,1,22,5,England,7843,Mason Mount,3308,Kieran Trippier,Complete,22.1,58.5,55.0,48.1,74.5
3857272,2022-11-25,Group Stage,United States,1,22,8,England,3308,Kieran Trippier,7843,Mason Mount,Complete,19.039433,46.4,69.7,63.9,77.2
3857272,2022-11-25,Group Stage,United States,1,22,12,England,7843,Mason Mount,30714,Jude Bellingham,Incomplete,9.390421,68.4,77.7,69.7,68.4
3857272,2022-11-25,Group Stage,United States,1,22,37,England,3308,Kieran Trippier,10955,Harry Kane,Complete,10.793516,73.5,80.0,69.2,70.1
3857272,2022-11-25,Group Stage,United States,1,22,42,England,10955,Harry Kane,3308,Kieran Trippier,Complete,12.319902,70.8,78.1,58.5,77.4
3857272,2022-11-25,Group Stage,United States,1,22,45,England,3308,Kieran Trippier,3244,John Stones,Complete,24.760654,58.5,77.4,38.8,62.4
3857272,2022-11-25,Group Stage,United States,1,22,55,England,3244,John Stones,30714,Jude Bellingham,Complete,20.199257,50.7,51.7,70.8,49.7
3857272,2022-11-25,Group Stage,United States,1,22,56,England,30714,Jude Bellingham,3308,Kieran Trippier,Complete,27.995178,72.4,49.9,75.7,77.7
3857272,2022-11-25,Group Stage,United States,1,23,2,England,3308,Kieran Trippier,,,Incomplete,1.7029387,79.6,56.6,80.7,55.3
3857272,2022-11-25,Group Stage,United States,1,23,7,England,3336,Harry Maguire,3233,Raheem Sterling,Complete,59.237236,55.4,38.9,101.5,1.7
3857272,2022-11-25,Group Stage,United States,1,23,20,England,3943,Declan Rice,3336,Harry Maguire,Complete,16.104658,85.1,19.7,69.5,15.7
3857272,2022-11-25,Group Stage,United States,1,23,27,England,3336,Harry Maguire,3244,John Stones,Complete,19.104973,56.5,19.0,58.5,38.0
3857272,2022-11-25,Group Stage,United States,1,23,29,England,3244,John Stones,7843,Mason Mount,Complete,8.998889,59.0,38.0,67.7,40.3
3857272,2022-11-25,Group Stage,United States,1,23,30,England,7843,Mason Mount,3244,John Stones,Complete,10.239629,67.7,40.3,59.0,34.9
3857272,2022-11-25,Group Stage,United States,1,23,33,England,3244,John Stones,22084,Bukayo Saka,Complete,48.080143,60.7,37.3,104.0,58.2
3857272,2022-11-25,Group Stage,United States,1,23,57,England,3943,Declan Rice,,,Unknown,15.91006,84.9,77.9,89.6,62.7
3857272,2022-11-25,Group Stage,United States,1,25,44,England,3468,Jordan Pickford,10955,Harry Kane,Incomplete,104.04043,6.0,44.0,108.1,64.0
3857272,2022-11-25,Group Stage,United States,1,26,5,England,3308,Kieran Trippier,3244,John Stones,Complete,18.657438,79.6,80.0,61.9,74.1
3857272,2022-11-25,Group Stage,United States,1,26,11,England,3244,John Stones,3943,Declan Rice,Complete,18.214828,63.5,51.3,59.2,33.6
3857272,2022-11-25,Group Stage,United States,1,26,15,England,3943,Declan Rice,3336,Harry Maguire,Complete,12.120231,59.0,36.0,52.3,46.1
3857272,2022-11-25,Group Stage,United States,1,26,18,England,3336,Harry Maguire,3382,Luke Shaw,Complete,61.84254,53.1,45.7,95.2,0.4
3857272,2022-11-25,Group Stage,United States,1,26,21,England,3382,Luke Shaw,3233,Raheem Sterling,Incomplete,15.915401,95.2,0.4,108.9,8.5
3857272,2022-11-25,Group Stage,United States,1,26,50,England,3382,Luke Shaw,3308,Kieran Trippier,Incomplete,35.723663,80.3,3.6,79.0,39.3
3857272,2022-11-25,Group Stage,United States,1,28,18,England,3468,Jordan Pickford,3336,Harry Maguire,Complete,10.020978,11.7,36.5,19.8,30.6
3857272,2022-11-25,Group Stage,United States,1,28,24,England,3336,Harry Maguire,3308,Kieran Trippier,Complete,48.56748,22.4,33.8,44.2,77.2
3857272,2022-11-25,Group Stage,United States,1,28,32,England,3308,Kieran Trippier,3244,John Stones,Complete,27.785248,49.6,80.0,27.7,62.9
3857272,2022-11-25,Group Stage,United States,1,28,40,England,3244,John Stones,3943,Declan Rice,Complete,12.224975,39.7,51.2,51.6,54.0
3857272,2022-11-25,Group Stage,United States,1,28,41,England,3943,Declan Rice,3308,Kieran Trippier,Complete,20.784851,52.0,56.0,58.0,75.9
3857272,2022-11-25,Group Stage,United States,1,28,43,England,3308,Kieran Trippier,3943,Declan Rice,Complete,28.93752,65.0,75.7,61.3,47.0
3857272,2022-11-25,Group Stage,United States,1,28,48,England,3943,Declan Rice,3382,Luke Shaw,Complete,36.553112,64.3,34.2,81.6,2.0
3857272,2022-11-25,Group Stage,United States,1,28,52,England,3382,Luke Shaw,7843,Mason Mount,Complete,24.622347,92.1,2.5,106.6,22.4
3857272,2022-11-25,Group Stage,United States,1,30,48,England,30714,Jude Bellingham,3943,Declan Rice,Complete,12.303658,43.3,17.2,43.6,4.9
3857272,2022-11-25,Group Stage,United States,1,30,49,England,3943,Declan Rice,7843,Mason Mount,Complete,19.457903,43.6,4.9,63.0,3.4
3857272,2022-11-25,Group Stage,United States,1,30,53,England,7843,Mason Mount,3943,Declan Rice,Incomplete,2.6925824,60.5,4.2,58.0,5.2
3857272,2022-11-25,Group Stage,United States,1,31,15,England,3943,Declan Rice,3244,John Stones,Complete,26.219458,62.8,15.9,60.3,42.0
3857272,2022-11-25,Group Stage,United States,1,31,17,England,3244,John Stones,3308,Kieran Trippier,Complete,30.63658,60.8,63.2,87.4,78.4
3857272,2022-11-25,Group Stage,United States,1,31,22,England,3308,Kieran Trippier,30714,Jude Bellingham,Incomplete,27.952997,101.7,67.4,109.3,40.5
3857272,2022-11-25,Group Stage,United States,1,31,26,England,3308,Kieran Trippier,3244,John Stones,Complete,29.543528,91.4,59.3,62.3,64.4
3857272,2022-11-25,Group Stage,United States,1,31,31,England,3244,John Stones,3336,Harry Maguire,Complete,19.176027,56.5,63.4,46.9,46.8
3857272,2022-11-25,Group Stage,United States,1,31,34,England,3336,Harry Maguire,3244,John Stones,Complete,12.02539,52.1,53.5,44.6,62.9
3857272,2022-11-25,Group Stage,United States,1,31,37,England,3244,John Stones,3468,Jordan Pickford,Complete,27.017403,37.7,62.5,18.2,43.8
3857272,2022-11-25,Group Stage,United States,1,31,42,England,3468,Jordan Pickford,3233,Raheem Sterling,Incomplete,63.136837,26.1,32.8,81.6,2.7
3857272,2022-11-25,Group Stage,United States,1,32,44,England,3468,Jordan Pickford,,,Unknown,80.39465,6.0,44.0,86.3,40.1
3857272,2022-11-25,Group Stage,United States,1,33,52,England,22084,Bukayo Saka,3382,Luke Shaw,Complete,54.556484,120.0,80.0,82.9,40.0
3857272,2022-11-25,Group Stage,United States,1,33,53,England,3382,Luke Shaw,3308,Kieran Trippier,Complete,1.5033296,83.2,42.7,83.1,41.2
3857272,2022-11-25,Group Stage,United States,1,33,53,England,3308,Kieran Trippier,3336,Harry Maguire,Complete,30.958843,83.1,41.2,108.5,23.5
3857272,2022-11-25,Group Stage,United States,1,33,55,England,3336,Harry Maguire,,,Incomplete,10.34698,108.5,23.5,118.0,27.6
3857272,2022-11-25,Group Stage,United States,1,34,8,England,3382,Luke Shaw,3943,Declan Rice,Complete,7.56439,56.1,4.0,63.0,0.9
3857272,2022-11-25,Group Stage,United States,1,34,10,England,3943,Declan Rice,3308,Kieran Trippier,Complete,23.18728,61.2,2.5,53.3,24.3
3857272,2022-11-25,Group Stage,United States,1,34,13,England,3308,Kieran Trippier,3943,Declan Rice,Complete,7.0682387,53.3,24.3,56.3,17.9
3857272,2022-11-25,Group Stage,United States,1,34,16,England,3943,Declan Rice,3308,Kieran Trippier,Complete,19.612242,56.3,17.9,52.3,37.1
3857272,2022-11-25,Group Stage,United States,1,34,19,England,3308,Kieran Trippier,3943,Declan Rice,Complete,13.689412,50.3,36.5,53.1,23.1
3857272,2022-11-25,Group Stage,United States,1,34,24,England,3943,Declan Rice,3244,John Stones,Complete,30.280025,52.5,35.6,50.3,65.8
3857272,2022-11-25,Group Stage,United States,1,34,25,England,3244,John Stones,3308,Kieran Trippier,Complete,18.034689,50.3,65.8,37.3,53.3
3857272,2022-11-25,Group Stage,United States,1,34,28,England,3308,Kieran Trippier,3336,Harry Maguire,Complete,27.73175,37.5,53.3,34.8,25.7
3857272,2022-11-25,Group Stage,United States,1,34,35,England,3336,Harry Maguire,30714,Jude Bellingham,Complete,6.7052217,47.3,51.5,45.3,57.9
3857272,2022-11-25,Group Stage,United States,1,34,36,England,30714,Jude Bellingham,3308,Kieran Trippier,Complete,13.44061,45.3,57.9,32.6,53.5
3857272,2022-11-25,Group Stage,United States,1,34,39,England,3308,Kieran Trippier,3468,Jordan Pickford,Complete,23.700844,33.7,53.5,25.4,31.3
3857272,2022-11-25,Group Stage,United States,1,34,46,England,3468,Jordan Pickford,3244,John Stones,Complete,10.916501,22.5,35.6,27.1,45.5
3857272,2022-11-25,Group Stage,United States,1,34,55,England,3244,John Stones,3308,Kieran Trippier,Complete,10.785639,53.5,68.7,50.3,79.0
3857272,2022-11-25,Group Stage,United States,1,34,57,England,3308,Kieran Trippier,3336,Harry Maguire,Complete,40.26177,49.5,76.6,29.6,41.6
3857272,2022-11-25,Group Stage,United States,1,35,2,England,3336,Harry Maguire,3382,Luke Shaw,Complete,42.863155,34.1,44.1,46.6,3.1
3857272,2022-11-25,Group Stage,United States,1,35,7,England,3382,Luke Shaw,3336,Harry Maguire,Complete,35.102707,46.2,2.9,34.8,36.1
3857272,2022-11-25,Group Stage,United States,1,35,13,England,3336,Harry Maguire,30714,Jude Bellingham,Complete,12.706298,45.6,43.0,58.3,43.4
3857272,2022-11-25,Group Stage,United States,1,35,15,England,30714,Jude Bellingham,3943,Declan Rice,Complete,9.90202,58.3,43.4,52.9,35.1
3857272,2022-11-25,Group Stage,United States,1,35,16,England,3943,Declan Rice,3382,Luke Shaw,Complete,35.7694,52.9,35.1,73.7,6.0
3857272,2022-11-25,Group Stage,United States,1,35,22,England,3382,Luke Shaw,7843,Mason Mount,Complete,4.4598207,103.6,11.1,106.6,7.8
3857272,2022-11-25,Group Stage,United States,1,35,25,England,7843,Mason Mount,30714,Jude Bellingham,Complete,23.337952,104.0,10.5,111.5,32.6
3857272,2022-11-25,Group Stage,United States,1,35,27,England,30714,Jude Bellingham,3233,Raheem Sterling,Complete,4.3011627,111.3,32.0,110.0,36.1
3857272,2022-11-25,Group Stage,United States,1,35,30,England,3233,Raheem Sterling,3382,Luke Shaw,Complete,13.063308,108.9,35.1,113.3,22.8
3857272,2022-11-25,Group Stage,United States,1,35,33,England,3382,Luke Shaw,7843,Mason Mount,Complete,9.610411,112.7,20.8,103.3,22.8
3857272,2022-11-25,Group Stage,United States,1,35,35,England,7843,Mason Mount,10955,Harry Kane,Incomplete,25.382277,100.6,23.1,116.1,43.2
3857272,2022-11-25,Group Stage,United States,1,36,21,England,22084,Bukayo Saka,,,Incomplete,25.221024,46.0,62.5,51.1,37.8
3857272,2022-11-25,Group Stage,United States,1,36,59,England,3244,John Stones,30714,Jude Bellingham,Complete,8.823265,27.2,63.8,34.4,58.7
3857272,2022-11-25,Group Stage,United States,1,37,0,England,30714,Jude Bellingham,3244,John Stones,Complete,8.676981,34.4,58.7,26.7,62.7
3857272,2022-11-25,Group Stage,United States,1,37,1,England,3244,John Stones,3943,Declan Rice,Complete,18.904232,26.7,62.7,26.3,43.8
3857272,2022-11-25,Group Stage,United States,1,37,6,England,3943,Declan Rice,3336,Harry Maguire,Complete,17.613914,34.1,35.1,32.1,17.6
3857272,2022-11-25,Group Stage,United States,1,37,8,England,3336,Harry Maguire,3382,Luke Shaw,Complete,21.497908,32.1,17.6,47.1,2.2
3857272,2022-11-25,Group Stage,United States,1,37,16,England,3336,Harry Maguire,3382,Luke Shaw,Complete,13.76154,21.2,15.2,26.5,2.5
3857272,2022-11-25,Group Stage,United States,1,37,18,England,3382,Luke Shaw,3336,Harry Maguire,Complete,7.31642,21.1,4.5,13.9,3.2
3857272,2022-11-25,Group Stage,United States,1,37,19,England,3336,Harry Maguire,3233,Raheem Sterling,Incomplete,31.806446,13.9,3.2,45.6,0.6
3857272,2022-11-25,Group Stage,United States,1,38,57,England,30714,Jude Bellingham,3468,Jordan Pickford,Complete,24.863829,38.4,15.9,19.8,32.4
3857272,2022-11-25,Group Stage,United States,1,39,1,England,3468,Jordan Pickford,3308,Kieran Trippier,Complete,49.30639,25.1,31.8,48.5,75.2
3857272,2022-11-25,Group Stage,United States,1,39,6,England,3308,Kieran Trippier,3244,John Stones,Complete,31.60965,51.3,77.6,29.2,55.0
3857272,2022-11-25,Group Stage,United States,1,39,13,England,3244,John Stones,3943,Declan Rice,Complete,11.837652,33.9,54.4,45.6,52.6
3857272,2022-11-25,Group Stage,United States,1,39,15,England,3943,Declan Rice,3308,Kieran Trippier,Complete,25.848791,45.6,52.6,55.2,76.6
3857272,2022-11-25,Group Stage,United States,1,39,18,England,3308,Kieran Trippier,,,Incomplete,28.049242,58.1,77.2,75.5,55.2
3857272,2022-11-25,Group Stage,United States,1,39,45,England,22084,Bukayo Saka,3943,Declan Rice,Complete,14.367324,16.0,69.2,29.1,75.1
3857272,2022-11-25,Group Stage,United States,1,39,47,England,3943,Declan Rice,10955,Harry Kane,Complete,26.632687,38.9,78.1,51.8,54.8
3857272,2022-11-25,Group Stage,United States,1,39,50,England,10955,Harry Kane,7843,Mason Mount,Complete,18.305191,61.2,64.7,76.4,74.9
3857272,2022-11-25,Group Stage,United States,1,39,53,England,7843,Mason Mount,22084,Bukayo Saka,Complete,26.87936,78.0,75.7,74.9,49.0
3857272,2022-11-25,Group Stage,United States,1,39,58,England,22084,Bukayo Saka,30714,Jude Bellingham,Incomplete,44.750084,82.7,48.8,75.1,4.7
3857272,2022-11-25,Group Stage,United States,1,42,50,England,3468,Jordan Pickford,10955,Harry Kane,Complete,73.51932,6.0,44.0,78.5,56.2
3857272,2022-11-25,Group Stage,United States,1,42,54,England,10955,Harry Kane,22084,Bukayo Saka,Incomplete,14.483784,78.5,56.2,92.8,53.9
3857272,2022-11-25,Group Stage,United States,1,42,56,England,3943,Declan Rice,7843,Mason Mount,Complete,16.211107,62.7,39.0,78.9,39.6
3857272,2022-11-25,Group Stage,United States,1,42,59,England,7843,Mason Mount,3233,Raheem Sterling,Complete,8.766413,78.9,39.6,86.3,34.9
3857272,2022-11-25,Group Stage,United States,1,43,2,England,3233,Raheem Sterling,22084,Bukayo Saka,Complete,11.569356,91.9,47.9,94.8,59.1
3857272,2022-11-25,Group Stage,United States,1,43,3,England,22084,Bukayo Saka,3233,Raheem Sterling,Incomplete,4.753946,95.9,60.2,100.3,58.4
3857272,2022-11-25,Group Stage,United States,1,43,7,England,3308,Kieran Trippier,30714,Jude Bellingham,Complete,13.901439,78.9,47.0,87.4,36.0
3857272,2022-11-25,Group Stage,United States,1,43,9,England,30714,Jude Bellingham,3382,Luke Shaw,Complete,12.808201,85.6,31.8,87.9,19.2
3857272,2022-11-25,Group Stage,United States,1,43,11,England,3382,Luke Shaw,3233,Raheem Sterling,Incomplete,34.548515,90.4,18.6,116.0,41.8
3857272,2022-11-25,Group Stage,United States,1,43,43,England,3308,Kieran Trippier,3943,Declan Rice,Complete,37.61396,51.5,80.0,40.6,44.0
3857272,2022-11-25,Group Stage,United States,1,43,47,England,3943,Declan Rice,7843,Mason Mount,Complete,11.610771,45.3,33.3,56.8,34.9
3857272,2022-11-25,Group Stage,United States,1,43,49,England,7843,Mason Mount,3382,Luke Shaw,Complete,34.114075,57.4,35.1,63.3,1.5
3857272,2022-11-25,Group Stage,United States,1,43,52,England,3382,Luke Shaw,3943,Declan Rice,Complete,11.1400175,64.7,0.7,55.8,7.4
3857272,2022-11-25,Group Stage,United States,1,43,55,England,3943,Declan Rice,3244,John Stones,Complete,34.48043,52.1,11.6,45.8,45.5
3857272,2022-11-25,Group Stage,United States,1,44,0,England,3244,John Stones,22084,Bukayo Saka,Complete,30.157255,56.0,53.5,74.9,77.0
3857272,2022-11-25,Group Stage,United States,1,44,2,England,22084,Bukayo Saka,30714,Jude Bellingham,Complete,26.431988,76.5,76.4,100.8,66.0
3857272,2022-11-25,Group Stage,United States,1,44,6,England,30714,Jude Bellingham,3233,Raheem Sterling,Incomplete,27.811508,113.3,62.9,112.5,35.1
3857272,2022-11-25,Group Stage,United States,1,44,11,England,3382,Luke Shaw,3233,Raheem Sterling,Complete,17.489712,88.1,3.2,101.1,14.9
3857272,2022-11-25,Group Stage,United States,1,44,12,England,3233,Raheem Sterling,3382,Luke Shaw,Complete,9.5,101.1,14.7,106.8,7.1
3857272,2022-11-25,Group Stage,United States,1,44,16,England,3382,Luke Shaw,22084,Bukayo Saka,Complete,11.384199,116.8,25.3,113.2,36.1
3857272,2022-11-25,Group Stage,United States,1,45,8,England,3382,Luke Shaw,10955,Harry Kane,Complete,14.176742,50.0,3.6,62.7,9.9
3857272,2022-11-25,Group Stage,United States,1,45,15,England,10955,Harry Kane,3244,John Stones,Complete,17.48056,47.3,28.8,33.4,39.4
3857272,2022-11-25,Group Stage,United States,1,45,19,England,3244,John Stones,30714,Jude Bellingham,Complete,22.99413,38.6,39.2,55.4,23.5
3857272,2022-11-25,Group Stage,United States,1,45,21,England,30714,Jude Bellingham,3382,Luke Shaw,Complete,28.160255,56.7,23.3,73.5,0.7
3857272,2022-11-25,Group Stage,United States,1,45,23,England,3382,Luke Shaw,3233,Raheem Sterling,Complete,25.303162,76.4,1.9,88.9,23.9
3857272,2022-11-25,Group Stage,United States,1,45,25,England,3233,Raheem Sterling,7843,Mason Mount,Complete,14.36802,88.9,23.9,100.1,32.9
3857272,2022-11-25,Group Stage,United States,1,46,13,England,3308,Kieran Trippier,,,Incomplete,39.998123,120.0,0.1,117.2,40.0
3857272,2022-11-25,Group Stage,United States,2,45,21,England,3244,John Stones,30714,Jude Bellingham,Complete,16.813387,47.9,70.4,64.1,65.9
3857272,2022-11-25,Group Stage,United States,2,47,20,England,3336,Harry Maguire,,,Incomplete,20.833866,67.7,37.7,87.9,42.8
3857272,2022-11-25,Group Stage,United States,2,47,46,England,3382,Luke Shaw,3233,Raheem Sterling,Complete,19.516148,61.8,0.1,75.6,13.9
3857272,2022-11-25,Group Stage,United States,2,47,48,England,3233,Raheem Sterling,10955,Harry Kane,Incomplete,6.942622,76.1,13.9,77.5,7.1
3857272,2022-11-25,Group Stage,United States,2,47,51,England,3233,Raheem Sterling,3382,Luke Shaw,Complete,9.656604,71.5,14.7,62.5,11.2
3857272,2022-11-25,Group Stage,United States,2,47,52,England,3382,Luke Shaw,3308,Kieran Trippier,Complete,49.391193,61.8,11.2,58.8,60.5
3857272,2022-11-25,Group Stage,United States,2,47,57,England,3308,Kieran Trippier,22084,Bukayo Saka,Complete,15.824033,78.7,72.3,93.9,76.7
3857272,2022-11-25,Group Stage,United States,2,48,1,England,22084,Bukayo Saka,3308,Kieran Trippier,Incomplete,3.7121422,100.2,72.0,103.9,72.3
3857272,2022-11-25,Group Stage,United States,2,48,52,England,3468,Jordan Pickford,10955,Harry Kane,Incomplete,78.7162,7.0,44.1,85.2,53.1
3857272,2022-11-25,Group Stage,United States,2,49,1,England,3308,Kieran Trippier,7843,Mason Mount,Complete,18.853382,54.7,74.8,73.4,77.2
3857272,2022-11-25,Group Stage,United States,2,49,5,England,7843,Mason Mount,30714,Jude Bellingham,Complete,13.2,71.2,76.4,71.2,63.2
3857272,2022-11-25,Group Stage,United States,2,49,7,England,30714,Jude Bellingham,3233,Raheem Sterling,Complete,13.601471,73.7,59.1,78.3,46.3
3857272,2022-11-25,Group Stage,United States,2,49,10,England,3233,Raheem Sterling,3244,John Stones,Complete,21.129128,68.8,42.8,55.0,58.8
3857272,2022-11-25,Group Stage,United States,2,49,14,England,3244,John Stones,7843,Mason Mount,Complete,25.434818,55.0,58.8,78.3,69.0
3857272,2022-11-25,Group Stage,United States,2,49,17,England,7843,Mason Mount,22084,Bukayo Saka,Complete,16.548414,77.9,68.8,92.6,76.4
3857272,2022-11-25,Group Stage,United States,2,49,20,England,22084,Bukayo Saka,3308,Kieran Trippier,Complete,5.59017,96.4,75.0,90.9,74.0
3857272,2022-11-25,Group Stage,United States,2,49,24,England,3308,Kieran Trippier,3233,Raheem Sterling,Complete,8.440379,90.9,74.0,92.9,65.8
3857272,2022-11-25,Group Stage,United States,2,49,32,England,3244,John Stones,3382,Luke Shaw,Complete,28.293108,72.3,53.7,69.0,25.6
3857272,2022-11-25,Group Stage,United States,2,49,35,England,3382,Luke Shaw,3336,Harry Maguire,Complete,23.041267,68.8,25.6,47.9,35.3
3857272,2022-11-25,Group Stage,United States,2,49,41,England,3336,Harry Maguire,3244,John Stones,Complete,15.570806,47.9,35.3,44.1,50.4
3857272,2022-11-25,Group Stage,United States,2,49,43,England,3244,John Stones,3308,Kieran Trippier,Complete,30.0015,47.1,53.1,66.6,75.9
3857272,2022-11-25,Group Stage,United States,2,49,46,England,3308,Kieran Trippier,7843,Mason Mount,Complete,12.706298,66.6,75.9,73.9,65.5
3857272,2022-11-25,Group Stage,United States,2,50,5,England,3308,Kieran Trippier,3943,Declan Rice,Complete,13.29436,79.9,76.4,70.4,67.1
3857272,2022-11-25,Group Stage,United States,2,50,8,England,3943,Declan Rice,30714,Jude Bellingham,Complete,14.003214,70.4,67.1,70.1,53.1
3857272,2022-11-25,Group Stage,United States,2,50,11,England,30714,Jude Bellingham,3336,Harry Maguire,Complete,25.111353,70.9,48.5,62.6,24.8
3857272,2022-11-25,Group Stage,United States,2,50,14,England,3336,Harry Maguire,3244,John Stones,Complete,20.335438,64.1,24.5,62.9,44.8
3857272,2022-11-25,Group Stage,United States,2,50,16,England,3244,John Stones,3308,Kieran Trippier,Complete,36.734726,58.3,47.1,79.5,77.1
3857272,2022-11-25,Group Stage,United States,2,50,20,England,3308,Kieran Trippier,7843,Mason Mount,Complete,14.8946295,79.5,77.1,87.9,64.8
3857272,2022-11-25,Group Stage,United States,2,50,23,England,7843,Mason Mount,10955,Harry Kane,Incomplete,5.0219517,93.4,64.7,97.5,61.8
3857272,2022-11-25,Group Stage,United States,2,51,9,England,3382,Luke Shaw,30714,Jude Bellingham,Complete,16.27882,46.0,0.1,49.0,16.1
3857272,2022-11-25,Group Stage,United States,2,51,10,England,30714,Jude Bellingham,3382,Luke Shaw,Complete,11.587062,49.0,16.1,44.1,5.6
3857272,2022-11-25,Group Stage,United States,2,51,12,England,3382,Luke Shaw,,,Incomplete,5.7558665,44.5,2.9,43.7,8.6
3857272,2022-11-25,Group Stage,United States,2,51,18,England,3943,Declan Rice,22084,Bukayo Saka,Complete,34.0147,41.0,35.6,55.0,66.6
3857272,2022-11-25,Group Stage,United States,2,51,34,England,10955,Harry Kane,22084,Bukayo Saka,Complete,10.846659,107.7,80.0,114.8,71.8
3857272,2022-11-25,Group Stage,United States,2,51,35,England,22084,Bukayo Saka,10955,Harry Kane,Complete,6.2968245,114.5,74.0,109.9,78.3
3857272,2022-11-25,Group Stage,United States,2,51,47,England,3308,Kieran Trippier,3244,John Stones,Complete,24.845522,106.3,80.0,83.6,69.9
3857272,2022-11-25,Group Stage,United States,2,51,50,England,3244,John Stones,3336,Harry Maguire,Complete,24.169815,82.8,69.3,74.5,46.6
3857272,2022-11-25,Group Stage,United States,2,51,54,England,3336,Harry Maguire,30714,Jude Bellingham,Incomplete,2.823119,87.4,45.8,86.3,43.2
3857272,2022-11-25,Group Stage,United States,2,52,0,England,3382,Luke Shaw,3468,Jordan Pickford,Complete,42.799183,45.6,19.9,7.2,38.8
3857272,2022-11-25,Group Stage,United States,2,52,5,England,3468,Jordan Pickford,3308,Kieran Trippier,Complete,51.049484,10.3,38.8,44.5,76.7
3857272,2022-11-25,Group Stage,United States,2,52,10,England,3308,Kieran Trippier,7843,Mason Mount,Complete,11.46342,50.1,74.5,57.2,65.5
3857272,2022-11-25,Group Stage,United States,2,52,12,England,7843,Mason Mount,3308,Kieran Trippier,Complete,11.340635,57.2,65.5,64.1,74.5
3857272,2022-11-25,Group Stage,United States,2,52,16,England,3308,Kieran Trippier,3943,Declan Rice,Complete,14.536161,64.1,74.5,51.2,67.8
3857272,2022-11-25,Group Stage,United States,2,52,18,England,3943,Declan Rice,3244,John Stones,Complete,15.492256,47.9,69.3,40.3,55.8
3857272,2022-11-25,Group Stage,United States,2,52,19,England,3244,John Stones,30714,Jude Bellingham,Complete,11.2605505,40.3,55.8,50.9,52.0
3857272,2022-11-25,Group Stage,United States,2,52,22,England,30714,Jude Bellingham,3244,John Stones,Complete,14.832734,50.6,52.0,36.6,56.9
3857272,2022-11-25,Group Stage,United States,2,52,26,England,3244,John Stones,10955,Harry Kane,Complete,25.762375,38.8,56.4,62.5,46.3
3857272,2022-11-25,Group Stage,United States,2,52,27,England,10955,Harry Kane,7843,Mason Mount,Complete,20.020239,63.7,46.6,82.8,52.6
3857272,2022-11-25,Group Stage,United States,2,52,45,England,3336,Harry Maguire,3468,Jordan Pickford,Complete,38.841858,39.5,14.2,8.2,37.2
3857272,2022-11-25,Group Stage,United States,2,52,51,England,3468,Jordan Pickford,,,Injury Clearance,47.25844,10.1,37.2,39.5,0.2
3857272,2022-11-25,Group Stage,United States,2,54,0,England,3468,Jordan Pickford,3244,John Stones,Complete,25.89247,12.8,23.6,19.9,48.5
3857272,2022-11-25,Group Stage,United States,2,54,3,England,3244,John Stones,30714,Jude Bellingham,Complete,21.868927,22.6,48.8,44.1,52.8
3857272,2022-11-25,Group Stage,United States,2,54,6,England,30714,Jude Bellingham,3468,Jordan Pickford,Complete,28.961353,39.1,55.3,16.1,37.7
3857272,2022-11-25,Group Stage,United States,2,54,11,England,3468,Jordan Pickford,3244,John Stones,Complete,14.5,18.3,37.7,20.7,52.0
3857272,2022-11-25,Group Stage,United States,2,54,13,England,3244,John Stones,30714,Jude Bellingham,Complete,12.425779,20.7,52.0,33.1,52.8
3857272,2022-11-25,Group Stage,United States,2,54,14,England,30714,Jude Bellingham,3308,Kieran Trippier,Complete,25.03917,33.1,52.8,31.7,77.8
3857272,2022-11-25,Group Stage,United States,2,54,17,England,3308,Kieran Trippier,22084,Bukayo Saka,Complete,12.414508,31.7,77.8,44.1,77.2
3857272,2022-11-25,Group Stage,United States,2,54,18,England,22084,Bukayo Saka,3308,Kieran Trippier,Complete,12.614278,41.5,76.1,30.1,70.7
3857272,2022-11-25,Group Stage,United States,2,54,20,England,3308,Kieran Trippier,3943,Declan Rice,Complete,10.517129,31.7,70.7,32.3,60.2
3857272,2022-11-25,Group Stage,United States,2,54,22,England,3943,Declan Rice,3382,Luke Shaw,Complete,47.02531,32.3,60.2,52.0,17.5
3857272,2022-11-25,Group Stage,United States,2,54,26,England,3382,Luke Shaw,10955,Harry Kane,Complete,12.300406,47.6,24.8,58.7,30.1
3857272,2022-11-25,Group Stage,United States,2,54,32,England,10955,Harry Kane,7843,Mason Mount,Complete,19.631098,81.4,25.9,93.7,10.6
3857272,2022-11-25,Group Stage,United States,2,54,39,England,7843,Mason Mount,3336,Harry Maguire,Complete,27.436108,82.2,7.9,62.9,27.4
3857272,2022-11-25,Group Stage,United States,2,54,43,England,3336,Harry Maguire,3244,John Stones,Complete,17.634342,63.3,29.8,62.2,47.4
3857272,2022-11-25,Group Stage,United States,2,54,48,England,3244,John Stones,3308,Kieran Trippier,Complete,19.068298,67.1,56.4,62.9,75.0
3857272,2022-11-25,Group Stage,United States,2,54,50,England,3308,Kieran Trippier,3943,Declan Rice,Complete,20.20396,62.9,75.0,63.3,54.8
3857272,2022-11-25,Group Stage,United States,2,54,56,England,3943,Declan Rice,3308,Kieran Trippier,Complete,18.201649,56.6,60.9,64.7,77.2
3857272,2022-11-25,Group Stage,United States,2,54,58,England,3308,Kieran Trippier,3244,John Stones,Complete,21.313845,64.7,77.2,44.5,70.4
3857272,2022-11-25,Group Stage,United States,2,55,5,England,3244,John Stones,22084,Bukayo Saka,Complete,20.606068,57.7,67.1,78.3,66.6
3857272,2022-11-25,Group Stage,United States,2,55,8,England,22084,Bukayo Saka,3308,Kieran Trippier,Complete,12.95415,81.8,67.1,88.8,78.0
3857272,2022-11-25,Group Stage,United States,2,55,10,England,3308,Kieran Trippier,,,Incomplete,5.7801385,88.8,78.0,93.4,74.5
3857272,2022-11-25,Group Stage,United States,2,55,15,England,3308,Kieran Trippier,3244,John Stones,Complete,15.352199,86.0,80.0,72.0,73.7
3857272,2022-11-25,Group Stage,United States,2,55,22,England,3244,John Stones,3382,Luke Shaw,Complete,63.497166,78.7,66.9,93.7,5.2
3857272,2022-11-25,Group Stage,United States,2,55,29,England,3382,Luke Shaw,3943,Declan Rice,Complete,20.144478,93.7,5.5,76.1,15.3
3857272,2022-11-25,Group Stage,United States,2,55,34,England,3943,Declan Rice,3244,John Stones,Complete,24.473864,74.2,28.2,76.1,52.6
3857272,2022-11-25,Group Stage,United States,2,55,37,England,3244,John Stones,22084,Bukayo Saka,Incomplete,18.690372,76.1,52.6,93.9,58.3
3857272,2022-11-25,Group Stage,United States,2,55,39,England,3244,John Stones,10955,Harry Kane,Incomplete,20.438444,79.8,57.8,98.0,48.5
3857272,2022-11-25,Group Stage,United States,2,56,56,England,30714,Jude Bellingham,3233,Raheem Sterling,Complete,11.313708,12.8,36.4,11.2,25.2
3857272,2022-11-25,Group Stage,United States,2,56,57,England,3233,Raheem Sterling,10955,Harry Kane,Complete,32.49015,12.0,25.6,33.9,49.6
3857272,2022-11-25,Group Stage,United States,2,56,59,England,10955,Harry Kane,7843,Mason Mount,Incomplete,15.570806,35.3,50.1,47.4,59.9
3857272,2022-11-25,Group Stage,United States,2,58,54,England,3336,Harry Maguire,3244,John Stones,Complete,31.630365,10.6,16.6,15.8,47.8
3857272,2022-11-25,Group Stage,United States,2,59,0,England,3244,John Stones,30714,Jude Bellingham,Complete,13.283448,34.2,50.1,46.0,44.0
3857272,2022-11-25,Group Stage,United States,2,59,1,England,30714,Jude Bellingham,3336,Harry Maguire,Complete,19.524857,46.0,44.0,27.1,39.1
3857272,2022-11-25,Group Stage,United States,2,59,3,England,3336,Harry Maguire,3382,Luke Shaw,Complete,32.116196,29.5,38.3,40.7,8.2
3857272,2022-11-25,Group Stage,United States,2,59,6,England,3382,Luke Shaw,3336,Harry Maguire,Complete,23.829603,40.7,8.5,27.9,28.6
3857272,2022-11-25,Group Stage,United States,2,59,10,England,3336,Harry Maguire,3308,Kieran Trippier,Incomplete,62.844887,24.1,30.5,64.9,78.3
3857272,2022-11-25,Group Stage,United States,2,62,0,England,3233,Raheem Sterling,7843,Mason Mount,Incomplete,16.703592,26.0,22.5,42.5,19.9
3857272,2022-11-25,Group Stage,United States,2,64,44,England,3336,Harry Maguire,3244,John Stones,Complete,42.75196,25.2,21.3,31.4,63.6
3857272,2022-11-25,Group Stage,United States,2,64,53,England,3244,John Stones,3382,Luke Shaw,Complete,22.71079,47.4,31.7,51.7,9.4
3857272,2022-11-25,Group Stage,United States,2,64,56,England,3382,Luke Shaw,3233,Raheem Sterling,Complete,20.706762,53.1,9.4,73.7,11.5
3857272,2022-11-25,Group Stage,United States,2,64,58,England,3233,Raheem Sterling,3382,Luke Shaw,Complete,15.565346,70.7,11.7,56.9,4.5
3857272,2022-11-25,Group Stage,United States,2,65,1,England,3382,Luke Shaw,3336,Harry Maguire,Complete,27.736258,46.8,7.1,27.9,27.4
3857272,2022-11-25,Group Stage,United States,2,65,4,England,3336,Harry Maguire,3244,John Stones,Complete,28.619574,27.4,27.5,34.2,55.3
3857272,2022-11-25,Group Stage,United States,2,65,10,England,3244,John Stones,30714,Jude Bellingham,Complete,17.419529,46.3,57.5,63.3,53.7
3857272,2022-11-25,Group Stage,United States,2,65,11,England,30714,Jude Bellingham,3943,Declan Rice,Complete,10.912378,62.2,53.7,55.0,45.5
3857272,2022-11-25,Group Stage,United States,2,65,12,England,3943,Declan Rice,3382,Luke Shaw,Complete,30.220026,55.3,45.2,56.4,15.0
3857272,2022-11-25,Group Stage,United States,2,65,18,England,3382,Luke Shaw,7843,Mason Mount,Complete,11.788554,76.1,14.7,82.5,4.8
3857272,2022-11-25,Group Stage,United States,2,65,19,England,7843,Mason Mount,3233,Raheem Sterling,Incomplete,14.234114,82.8,5.2,92.3,15.8
3857272,2022-11-25,Group Stage,United States,2,65,27,England,3336,Harry Maguire,3244,John Stones,Complete,11.6,49.0,42.9,49.0,54.5
3857272,2022-11-25,Group Stage,United States,2,65,30,England,3244,John Stones,3308,Kieran Trippier,Complete,34.266018,51.5,54.5,76.9,77.5
3857272,2022-11-25,Group Stage,United States,2,65,34,England,3308,Kieran Trippier,30714,Jude Bellingham,Complete,31.033691,79.1,77.5,108.8,68.5
3857272,2022-11-25,Group Stage,United States,2,65,37,England,30714,Jude Bellingham,10955,Harry Kane,Incomplete,22.631836,110.7,68.8,106.3,46.6
3857272,2022-11-25,Group Stage,United States,2,65,42,England,3943,Declan Rice,10955,Harry Kane,Complete,18.453184,81.0,56.9,99.4,58.3
3857272,2022-11-25,Group Stage,United States,2,65,45,England,10955,Harry Kane,22084,Bukayo Saka,Complete,13.283448,100.6,59.9,113.7,62.1
3857272,2022-11-25,Group Stage,United States,2,65,46,England,22084,Bukayo Saka,,,Incomplete,20.619408,112.3,62.5,115.3,42.1
3857272,2022-11-25,Group Stage,United States,2,66,51,England,3943,Declan Rice,10955,Harry Kane,Incomplete,47.452396,15.3,13.4,62.6,17.2
3857272,2022-11-25,Group Stage,United States,2,68,26,England,3468,Jordan Pickford,3244,John Stones,Complete,14.228493,7.0,44.1,7.9,58.3
3857272,2022-11-25,Group Stage,United States,2,68,28,England,3244,John Stones,3308,Kieran Trippier,Complete,25.662813,9.8,59.1,30.1,74.8
3857272,2022-11-25,Group Stage,United States,2,68,34,England,3308,Kieran Trippier,22084,Bukayo Saka,Complete,22.329353,49.6,74.0,71.8,76.4
3857272,2022-11-25,Group Stage,United States,2,68,39,England,22084,Bukayo Saka,3382,Luke Shaw,Complete,31.5601,73.1,54.8,82.9,24.8
3857272,2022-11-25,Group Stage,United States,2,68,44,England,3382,Luke Shaw,10955,Harry Kane,Incomplete,25.16446,103.1,19.4,112.1,42.9
3857272,2022-11-25,Group Stage,United States,2,68,48,England,3532,Jordan Brian Henderson,3943,Declan Rice,Complete,10.993179,91.2,45.5,81.8,39.8
3857272,2022-11-25,Group Stage,United States,2,68,49,England,3943,Declan Rice,3244,John Stones,Complete,20.707727,81.7,39.1,62.6,47.1
3857272,2022-11-25,Group Stage,United States,2,68,52,England,3244,John Stones,3532,Jordan Brian Henderson,Complete,12.419743,62.6,47.1,75.0,47.8
3857272,2022-11-25,Group Stage,United States,2,68,55,England,3532,Jordan Brian Henderson,3308,Kieran Trippier,Complete,23.443975,72.0,60.5,86.9,78.6
3857272,2022-11-25,Group Stage,United States,2,68,59,England,3308,Kieran Trippier,22084,Bukayo Saka,Complete,17.6,87.4,77.5,87.4,59.9
3857272,2022-11-25,Group Stage,United States,2,69,2,England,22084,Bukayo Saka,10955,Harry Kane,Complete,12.070211,87.9,59.8,99.1,55.3
3857272,2022-11-25,Group Stage,United States,2,69,5,England,10955,Harry Kane,22084,Bukayo Saka,Incomplete,2.6,99.1,55.6,101.7,55.6
3857272,2022-11-25,Group Stage,United States,2,69,16,England,3468,Jordan Pickford,3244,John Stones,Complete,28.57009,30.1,36.9,45.6,60.9
3857272,2022-11-25,Group Stage,United States,2,69,19,England,3244,John Stones,3532,Jordan Brian Henderson,Complete,8.273452,45.2,60.9,53.4,59.8
3857272,2022-11-25,Group Stage,United States,2,69,23,England,3532,Jordan Brian Henderson,3943,Declan Rice,Complete,10.377379,55.6,58.6,50.1,49.8
3857272,2022-11-25,Group Stage,United States,2,69,25,England,3943,Declan Rice,3382,Luke Shaw,Complete,22.45707,50.1,49.8,51.7,27.4
3857272,2022-11-25,Group Stage,United States,2,69,28,England,3382,Luke Shaw,9638,Jack Grealish,Complete,23.571592,51.5,21.8,66.6,3.7
3857272,2022-11-25,Group Stage,United States,2,69,30,England,9638,Jack Grealish,3336,Harry Maguire,Complete,34.719013,65.2,5.9,40.6,30.4
3857272,2022-11-25,Group Stage,United States,2,69,35,England,3336,Harry Maguire,3244,John Stones,Complete,29.264313,39.5,33.9,51.7,60.5
3857272,2022-11-25,Group Stage,United States,2,69,39,England,3244,John Stones,3943,Declan Rice,Complete,16.807438,51.7,60.5,57.7,44.8
3857272,2022-11-25,Group Stage,United States,2,69,41,England,3943,Declan Rice,9638,Jack Grealish,Complete,46.305077,60.7,45.2,84.7,5.6
3857272,2022-11-25,Group Stage,United States,2,69,50,England,9638,Jack Grealish,,,Incomplete,4.669047,103.9,28.5,104.7,33.1
3857272,2022-11-25,Group Stage,United States,2,71,38,England,3382,Luke Shaw,3336,Harry Maguire,Complete,13.080137,32.8,0.1,22.3,7.9
3857272,2022-11-25,Group Stage,United States,2,71,41,England,3336,Harry Maguire,3244,John Stones,Complete,38.202747,22.6,18.8,27.4,56.7
3857272,2022-11-25,Group Stage,United States,2,71,50,England,3244,John Stones,3336,Harry Maguire,Complete,25.329824,34.7,56.7,27.9,32.3
3857272,2022-11-25,Group Stage,United States,2,71,53,England,3336,Harry Maguire,3244,John Stones,Complete,27.002407,28.7,35.3,32.0,62.1
3857272,2022-11-25,Group Stage,United States,2,71,56,England,3244,John Stones,3308,Kieran Trippier,Complete,17.279469,31.7,62.8,41.4,77.1
3857272,2022-11-25,Group Stage,United States,2,71,58,England,3308,Kieran Trippier,3244,John Stones,Complete,17.649078,41.4,77.1,26.4,67.8
3857272,2022-11-25,Group Stage,United States,2,72,8,England,3244,John Stones,3308,Kieran Trippier,Complete,10.438869,35.3,73.1,44.9,77.2
3857272,2022-11-25,Group Stage,United States,2,72,9,England,3308,Kieran Trippier,3468,Jordan Pickford,Complete,36.891735,44.9,77.2,13.9,57.2
3857272,2022-11-25,Group Stage,United States,2,72,13,England,3468,Jordan Pickford,3382,Luke Shaw,Complete,42.93169,19.1,56.1,33.9,15.8
3857272,2022-11-25,Group Stage,United States,2,72,17,England,3382,Luke Shaw,3336,Harry Maguire,Complete,17.20378,34.2,19.4,19.6,28.5
3857272,2022-11-25,Group Stage,United States,2,72,19,England,3336,Harry Maguire,3244,John Stones,Complete,32.372982,19.6,28.5,24.5,60.5
3857272,2022-11-25,Group Stage,United States,2,72,24,England,3244,John Stones,7843,Mason Mount,Complete,45.917862,41.4,58.6,59.5,16.4
3857272,2022-11-25,Group Stage,United States,2,72,29,England,7843,Mason Mount,9638,Jack Grealish,Complete,17.564169,59.5,16.1,72.6,4.4
3857272,2022-11-25,Group Stage,United States,2,72,46,England,7843,Mason Mount,3382,Luke Shaw,Complete,11.543396,67.7,12.0,77.5,5.9
3857272,2022-11-25,Group Stage,United States,2,72,50,England,3382,Luke Shaw,9638,Jack Grealish,Complete,4.3185644,77.9,5.9,82.2,5.5
3857272,2022-11-25,Group Stage,United States,2,72,54,England,9638,Jack Grealish,7843,Mason Mount,Complete,12.831601,82.2,5.5,95.0,6.4
3857272,2022-11-25,Group Stage,United States,2,72,57,England,7843,Mason Mount,9638,Jack Grealish,Complete,16.614752,95.6,6.4,109.3,15.8
3857272,2022-11-25,Group Stage,United States,2,72,59,England,9638,Jack Grealish,10955,Harry Kane,Complete,13.797463,116.0,15.5,106.6,25.6
3857272,2022-11-25,Group Stage,United States,2,73,6,England,3336,Harry Maguire,7843,Mason Mount,Complete,15.463506,68.5,19.1,83.9,17.7
3857272,2022-11-25,Group Stage,United States,2,73,8,England,7843,Mason Mount,9638,Jack Grealish,Complete,18.225805,83.9,17.7,100.6,10.4
3857272,2022-11-25,Group Stage,United States,2,73,14,England,9638,Jack Grealish,7843,Mason Mount,Incomplete,4.103657,97.2,13.6,100.2,16.4
3857272,2022-11-25,Group Stage,United States,2,73,15,England,3532,Jordan Brian Henderson,3382,Luke Shaw,Complete,10.012492,97.5,12.3,105.8,6.7
3857272,2022-11-25,Group Stage,United States,2,73,18,England,3382,Luke Shaw,3532,Jordan Brian Henderson,Complete,12.206555,106.1,6.7,93.9,6.3
3857272,2022-11-25,Group Stage,United States,2,73,21,England,3532,Jordan Brian Henderson,3943,Declan Rice,Complete,25.181343,87.7,5.6,72.8,25.9
3857272,2022-11-25,Group Stage,United States,2,73,23,England,3943,Declan Rice,3244,John Stones,Complete,27.511635,72.8,25.9,72.0,53.4
3857272,2022-11-25,Group Stage,United States,2,73,27,England,3244,John Stones,10955,Harry Kane,Complete,22.629627,74.2,54.5,96.1,60.2
3857272,2022-11-25,Group Stage,United States,2,73,30,England,10955,Harry Kane,22084,Bukayo Saka,Complete,14.328294,94.8,63.2,93.9,77.5
3857272,2022-11-25,Group Stage,United States,2,73,31,England,22084,Bukayo Saka,3308,Kieran Trippier,Complete,14.383672,93.9,77.5,79.9,74.2
3857272,2022-11-25,Group Stage,United States,2,73,34,England,3308,Kieran Trippier,3336,Harry Maguire,Complete,24.659481,62.2,73.1,48.2,52.8
3857272,2022-11-25,Group Stage,United States,2,73,38,England,3336,Harry Maguire,3532,Jordan Brian Henderson,Complete,36.731457,50.9,48.8,60.7,13.4
3857272,2022-11-25,Group Stage,United States,2,73,41,England,3532,Jordan Brian Henderson,3336,Harry Maguire,Complete,29.371586,55.8,15.3,39.6,39.8
3857272,2022-11-25,Group Stage,United States,2,73,45,England,3336,Harry Maguire,3244,John Stones,Complete,19.865799,39.6,39.9,34.5,59.1
3857272,2022-11-25,Group Stage,United States,2,73,55,England,3244,John Stones,,,Incomplete,61.162407,47.4,61.8,105.2,41.8
3857272,2022-11-25,Group Stage,United States,2,74,20,England,3382,Luke Shaw,,,Incomplete,16.207714,35.3,29.8,51.5,29.3
3857272,2022-11-25,Group Stage,United States,2,74,29,England,3943,Declan Rice,9638,Jack Grealish,Complete,7.6791925,35.0,33.1,36.1,25.5
3857272,2022-11-25,Group Stage,United States,2,74,39,England,9638,Jack Grealish,7843,Mason Mount,Complete,28.600174,67.9,41.8,83.3,17.7
3857272,2022-11-25,Group Stage,United States,2,74,45,England,7843,Mason Mount,3382,Luke Shaw,Complete,7.111962,101.7,15.3,105.0,9.0
3857272,2022-11-25,Group Stage,United States,2,74,47,England,3382,Luke Shaw,7843,Mason Mount,Complete,6.0,105.0,9.0,105.0,15.0
3857272,2022-11-25,Group Stage,United States,2,74,48,England,7843,Mason Mount,3382,Luke Shaw,Complete,6.8183575,105.0,14.7,105.5,7.9
3857272,2022-11-25,Group Stage,United States,2,74,51,England,3382,Luke Shaw,3943,Declan Rice,Complete,25.121305,100.9,6.4,81.7,22.6
3857272,2022-11-25,Group Stage,United States,2,74,54,England,3943,Declan Rice,3308,Kieran Trippier,Complete,50.18456,81.7,22.6,86.0,72.6
3857272,2022-11-25,Group Stage,United States,2,74,59,England,3308,Kieran Trippier,3943,Declan Rice,Complete,28.675425,86.6,72.6,76.4,45.8
3857272,2022-11-25,Group Stage,United States,2,75,2,England,3943,Declan Rice,3382,Luke Shaw,Complete,27.366037,76.4,45.8,78.3,18.5
3857272,2022-11-25,Group Stage,United States,2,75,6,England,3382,Luke Shaw,3336,Harry Maguire,Complete,23.964348,77.9,18.5,64.4,38.3
3857272,2022-11-25,Group Stage,United States,2,75,9,England,3336,Harry Maguire,3244,John Stones,Complete,22.214409,64.4,38.3,63.6,60.5
3857272,2022-11-25,Group Stage,United States,2,75,11,England,3244,John Stones,3532,Jordan Brian Henderson,Complete,25.109758,63.6,60.5,84.1,75.0
3857272,2022-11-25,Group Stage,United States,2,75,15,England,3532,Jordan Brian Henderson,3943,Declan Rice,Complete,20.256603,84.1,75.0,73.4,57.8
3857272,2022-11-25,Group Stage,United States,2,75,19,England,3943,Declan Rice,3382,Luke Shaw,Complete,16.907099,68.2,37.5,70.1,20.7
3857272,2022-11-25,Group Stage,United States,2,75,21,England,3382,Luke Shaw,7843,Mason Mount,Complete,16.780048,70.7,20.7,84.1,10.6
3857272,2022-11-25,Group Stage,United States,2,75,25,England,7843,Mason Mount,3382,Luke Shaw,Complete,20.634195,80.6,7.5,60.2,10.6
3857272,2022-11-25,Group Stage,United States,2,75,27,England,3382,Luke Shaw,3336,Harry Maguire,Complete,28.386793,59.5,11.7,44.5,35.8
3857272,2022-11-25,Group Stage,United States,2,75,32,England,3336,Harry Maguire,22084,Bukayo Saka,Complete,24.964975,46.6,43.7,71.5,45.5
3857272,2022-11-25,Group Stage,United States,2,75,35,England,22084,Bukayo Saka,3308,Kieran Trippier,Complete,26.587591,77.9,50.9,81.8,77.2
3857272,2022-11-25,Group Stage,United States,2,75,39,England,3308,Kieran Trippier,3532,Jordan Brian Henderson,Complete,10.473777,88.8,73.4,99.1,75.3
3857272,2022-11-25,Group Stage,United States,2,75,40,England,3532,Jordan Brian Henderson,22084,Bukayo Saka,Complete,17.032028,99.1,75.3,108.8,61.3
3857272,2022-11-25,Group Stage,United States,2,75,47,England,3943,Declan Rice,3336,Harry Maguire,Complete,14.400695,83.3,58.6,69.0,56.9
3857272,2022-11-25,Group Stage,United States,2,75,50,England,3336,Harry Maguire,7843,Mason Mount,Complete,18.060177,70.7,55.8,86.3,46.7
3857272,2022-11-25,Group Stage,United States,2,75,51,England,7843,Mason Mount,10955,Harry Kane,Complete,5.800862,87.9,46.7,92.6,50.1
3857272,2022-11-25,Group Stage,United States,2,75,55,England,10955,Harry Kane,22084,Bukayo Saka,Pass Offside,10.041912,99.1,55.6,106.1,62.8
3857272,2022-11-25,Group Stage,United States,2,78,7,England,3336,Harry Maguire,10955,Harry Kane,Complete,35.810894,34.7,40.7,69.8,47.8
3857272,2022-11-25,Group Stage,United States,2,78,10,England,10955,Harry Kane,,,Incomplete,15.875768,69.3,49.0,64.1,64.0
3857272,2022-11-25,Group Stage,United States,2,78,36,England,3468,Jordan Pickford,3382,Luke Shaw,Complete,37.19852,7.0,44.1,26.3,12.3
3857272,2022-11-25,Group Stage,United States,2,78,41,England,3382,Luke Shaw,3336,Harry Maguire,Complete,20.115913,27.1,12.3,14.4,27.9
3857272,2022-11-25,Group Stage,United States,2,78,45,England,3336,Harry Maguire,3244,John Stones,Complete,30.624336,17.7,27.9,21.4,58.3
3857272,2022-11-25,Group Stage,United States,2,78,50,England,3244,John Stones,3382,Luke Shaw,Complete,40.824013,28.2,56.7,39.6,17.5
3857272,2022-11-25,Group Stage,United States,2,78,53,England,3382,Luke Shaw,3336,Harry Maguire,Complete,21.247353,39.6,17.5,20.4,26.6
3857272,2022-11-25,Group Stage,United States,2,78,57,England,3336,Harry Maguire,3244,John Stones,Complete,28.18386,17.4,29.0,22.6,56.7
3857272,2022-11-25,Group Stage,United States,2,79,1,England,3244,John Stones,3336,Harry Maguire,Complete,28.831234,22.6,56.7,16.6,28.5
3857272,2022-11-25,Group Stage,United States,2,79,5,England,3336,Harry Maguire,3244,John Stones,Complete,31.508728,16.6,28.6,21.0,59.8
3857272,2022-11-25,Group Stage,United States,2,79,8,England,3244,John Stones,3336,Harry Maguire,Complete,32.51615,21.0,59.8,14.7,27.9
3857272,2022-11-25,Group Stage,United States,2,79,11,England,3336,Harry Maguire,3382,Luke Shaw,Complete,17.622997,15.0,27.9,22.6,12.0
3857272,2022-11-25,Group Stage,United States,2,79,14,England,3382,Luke Shaw,,,Unknown,23.853302,22.6,12.0,46.3,9.3
3857272,2022-11-25,Group Stage,United States,2,79,32,England,3382,Luke Shaw,3336,Harry Maguire,Complete,24.159883,44.5,10.6,31.4,30.9
3857272,2022-11-25,Group Stage,United States,2,79,35,England,3336,Harry Maguire,3244,John Stones,Complete,25.66028,32.3,30.9,38.5,55.8
3857272,2022-11-25,Group Stage,United States,2,79,39,England,3244,John Stones,3382,Luke Shaw,Complete,43.716473,38.5,55.8,54.2,15.0
3857272,2022-11-25,Group Stage,United States,2,79,43,England,3382,Luke Shaw,7843,Mason Mount,Complete,16.600302,69.0,7.1,83.6,15.0
3857272,2022-11-25,Group Stage,United States,2,80,33,England,10955,Harry Kane,3943,Declan Rice,Complete,7.2897186,54.5,18.0,61.0,14.7
3857272,2022-11-25,Group Stage,United States,2,80,34,England,3943,Declan Rice,9638,Jack Grealish,Complete,11.1731825,61.0,14.5,68.8,22.5
3857272,2022-11-25,Group Stage,United States,2,80,36,England,9638,Jack Grealish,10955,Harry Kane,Incomplete,15.088075,75.3,32.0,78.7,46.7
3857272,2022-11-25,Group Stage,United States,2,80,40,England,3382,Luke Shaw,10955,Harry Kane,Complete,15.666844,37.2,25.6,51.5,32.0
3857272,2022-11-25,Group Stage,United States,2,80,43,England,10955,Harry Kane,3244,John Stones,Complete,16.949926,45.2,41.8,36.1,56.1
3857272,2022-11-25,Group Stage,United States,2,80,49,England,3244,John Stones,3382,Luke Shaw,Complete,32.418667,41.8,49.3,42.9,16.9
3857272,2022-11-25,Group Stage,United States,2,80,51,England,3382,Luke Shaw,7843,Mason Mount,Complete,20.2608,46.0,16.6,64.9,9.3
3857272,2022-11-25,Group Stage,United States,2,80,58,England,7843,Mason Mount,10955,Harry Kane,Complete,29.504236,93.1,25.5,92.6,55.0
3857272,2022-11-25,Group Stage,United States,2,81,1,England,10955,Harry Kane,3308,Kieran Trippier,Complete,17.637743,91.5,55.6,93.7,73.1
3857272,2022-11-25,Group Stage,United States,2,81,4,England,3308,Kieran Trippier,3532,Jordan Brian Henderson,Complete,9.920181,93.7,73.1,85.8,67.1
3857272,2022-11-25,Group Stage,United States,2,81,5,England,3532,Jordan Brian Henderson,10955,Harry Kane,Incomplete,40.66362,86.0,67.1,115.2,38.8
3857272,2022-11-25,Group Stage,United States,2,82,43,England,3336,Harry Maguire,3244,John Stones,Complete,45.003223,16.9,16.9,31.7,59.4
3857272,2022-11-25,Group Stage,United States,2,82,46,England,3244,John Stones,3336,Harry Maguire,Complete,42.25222,32.5,53.4,30.4,11.2
3857272,2022-11-25,Group Stage,United States,2,82,49,England,3336,Harry Maguire,3382,Luke Shaw,Complete,7.605919,34.7,11.2,40.6,6.4
3857272,2022-11-25,Group Stage,United States,2,82,51,England,3382,Luke Shaw,9638,Jack Grealish,Complete,18.200275,41.4,5.5,59.6,5.6
3857272,2022-11-25,Group Stage,United States,2,82,53,England,9638,Jack Grealish,3336,Harry Maguire,Complete,35.76283,55.8,6.3,24.5,23.6
3857272,2022-11-25,Group Stage,United States,2,82,56,England,3336,Harry Maguire,3244,John Stones,Complete,31.542986,28.7,24.4,31.7,55.8
3857272,2022-11-25,Group Stage,United States,2,83,4,England,3244,John Stones,3336,Harry Maguire,Complete,25.309683,39.6,45.9,40.3,20.6
3857272,2022-11-25,Group Stage,United States,2,83,6,England,3336,Harry Maguire,3382,Luke Shaw,Complete,10.917875,40.3,20.2,45.5,10.6
3857272,2022-11-25,Group Stage,United States,2,83,8,England,3382,Luke Shaw,10955,Harry Kane,Complete,34.61618,44.5,6.7,75.3,22.5
3857272,2022-11-25,Group Stage,United States,2,83,10,England,10955,Harry Kane,7843,Mason Mount,Incomplete,29.882437,75.6,22.5,102.0,8.5
3857272,2022-11-25,Group Stage,United States,2,83,38,England,3382,Luke Shaw,9638,Jack Grealish,Complete,7.4094534,79.1,17.5,81.8,10.6
3857272,2022-11-25,Group Stage,United States,2,84,28,England,3382,Luke Shaw,3336,Harry Maguire,Incomplete,43.075863,81.8,10.9,111.5,42.1
3857272,2022-11-25,Group Stage,United States,2,85,14,England,7843,Mason Mount,10955,Harry Kane,Complete,8.421401,51.5,23.6,50.9,32.0
3857272,2022-11-25,Group Stage,United States,2,85,21,England,9638,Jack Grealish,3382,Luke Shaw,Complete,11.603879,49.6,12.5,38.0,12.8
3857272,2022-11-25,Group Stage,United States,2,85,23,England,3382,Luke Shaw,3336,Harry Maguire,Complete,19.437078,35.8,14.5,21.0,27.1
3857272,2022-11-25,Group Stage,United States,2,85,28,England,3336,Harry Maguire,3943,Declan Rice,Complete,16.601807,21.0,27.1,36.1,20.2
3857272,2022-11-25,Group Stage,United States,2,85,33,England,3943,Declan Rice,3244,John Stones,Complete,43.911842,36.6,21.0,15.3,59.4
3857272,2022-11-25,Group Stage,United States,2,85,37,England,3244,John Stones,3468,Jordan Pickford,Complete,17.728226,15.3,59.4,16.3,41.7
3857272,2022-11-25,Group Stage,United States,2,85,41,England,3468,Jordan Pickford,3382,Luke Shaw,Complete,23.613556,22.3,30.9,40.7,16.1
3857272,2022-11-25,Group Stage,United States,2,85,44,England,3382,Luke Shaw,3468,Jordan Pickford,Complete,33.171673,36.9,18.0,16.3,44.0
3857272,2022-11-25,Group Stage,United States,2,85,52,England,3468,Jordan Pickford,3382,Luke Shaw,Complete,18.270468,23.3,31.7,32.3,15.8
3857272,2022-11-25,Group Stage,United States,2,85,55,England,3382,Luke Shaw,9638,Jack Grealish,Complete,22.916588,32.5,15.8,53.4,6.4
3857272,2022-11-25,Group Stage,United States,2,85,57,England,9638,Jack Grealish,3382,Luke Shaw,Incomplete,3.104835,47.9,6.3,44.9,7.1
3857272,2022-11-25,Group Stage,United States,2,86,17,England,3382,Luke Shaw,3532,Jordan Brian Henderson,Complete,24.820354,55.0,0.1,77.2,11.2
3857272,2022-11-25,Group Stage,United States,2,86,19,England,3532,Jordan Brian Henderson,7843,Mason Mount,Incomplete,5.5946403,80.2,11.5,82.5,6.4
3857272,2022-11-25,Group Stage,United States,2,86,23,England,3336,Harry Maguire,9638,Jack Grealish,Complete,24.03539,47.4,13.4,70.1,5.5
3857272,2022-11-25,Group Stage,United States,2,86,26,England,9638,Jack Grealish,10955,Harry Kane,Complete,19.17081,70.1,5.6,62.5,23.2
3857272,2022-11-25,Group Stage,United States,2,86,29,England,10955,Harry Kane,3318,Marcus Rashford,Complete,30.452915,64.4,30.1,87.1,50.4
3857272,2022-11-25,Group Stage,United States,2,86,36,England,3318,Marcus Rashford,9638,Jack Grealish,Complete,18.751534,97.2,32.6,102.1,14.5
3857272,2022-11-25,Group Stage,United States,2,86,40,England,9638,Jack Grealish,3318,Marcus Rashford,Complete,11.543396,96.9,23.6,106.3,16.9
3857272,2022-11-25,Group Stage,United States,2,87,53,England,3336,Harry Maguire,10955,Harry Kane,Incomplete,52.75045,49.3,26.7,98.7,8.2
3857272,2022-11-25,Group Stage,United States,2,88,31,England,3943,Declan Rice,9638,Jack Grealish,Complete,11.386395,12.5,33.4,13.9,22.1
3857272,2022-11-25,Group Stage,United States,2,88,36,England,9638,Jack Grealish,3468,Jordan Pickford,Complete,11.923087,10.3,13.4,5.7,24.4
3857272,2022-11-25,Group Stage,United States,2,88,38,England,3468,Jordan Pickford,,,Incomplete,97.34131,6.3,24.5,102.0,6.7
3857272,2022-11-25,Group Stage,United States,2,89,30,England,3244,John Stones,3532,Jordan Brian Henderson,Complete,4.14367,67.7,75.3,71.8,75.9
3857272,2022-11-25,Group Stage,United States,2,89,33,England,3532,Jordan Brian Henderson,3318,Marcus Rashford,Complete,8.417244,70.4,74.2,78.7,75.6
3857272,2022-11-25,Group Stage,United States,2,89,34,England,3318,Marcus Rashford,3532,Jordan Brian Henderson,Complete,7.1386275,77.9,75.3,70.9,76.7
3857272,2022-11-25,Group Stage,United States,2,89,58,England,3308,Kieran Trippier,3532,Jordan Brian Henderson,Complete,20.03522,73.1,75.6,92.6,71.0
3857272,2022-11-25,Group Stage,United States,2,90,1,England,3532,Jordan Brian Henderson,9638,Jack Grealish,Incomplete,33.235672,99.8,68.5,115.3,39.1
3857272,2022-11-25,Group Stage,United States,2,90,48,England,3308,Kieran Trippier,3336,Harry Maguire,Complete,43.683636,120.0,80.0,109.9,37.5
3857272,2022-11-25,Group Stage,United States,2,92,49,England,3382,Luke Shaw,10955,Harry Kane,Complete,33.260937,92.2,13.5,111.2,40.8
3857272,2022-11-25,Group Stage,United States,2,93,26,England,3244,John Stones,,,Incomplete,34.217686,39.5,75.9,73.7,74.8
3857272,2022-11-25,Group Stage,United States,2,93,33,England,3943,Declan Rice,3318,Marcus Rashford,Incomplete,22.227236,45.2,71.0,67.1,74.8
3857261,2022-11-29,Group Stage,Wales,1,0,6,England,3943,Declan Rice,4354,Phil Foden,Out,32.25601,29.9,62.2,56.8,80.0
3857261,2022-11-29,Group Stage,Wales,1,0,25,England,3244,John Stones,10955,Harry Kane,Out,54.358994,20.4,74.7,74.5,80.0
3857261,2022-11-29,Group Stage,Wales,1,0,46,England,3532,Jordan Brian Henderson,30714,Jude Bellingham,Complete,5.2038445,80.0,73.5,80.2,78.7
3857261,2022-11-29,Group Stage,Wales,1,0,50,England,30714,Jude Bellingham,10955,Harry Kane,Complete,8.045496,80.4,76.9,84.7,70.1
3857261,2022-11-29,Group Stage,Wales,1,0,50,England,10955,Harry Kane,3205,Kyle Walker,Out,19.07092,84.5,70.1,68.2,80.0
3857261,2022-11-29,Group Stage,Wales,1,1,5,England,3244,John Stones,3532,Jordan Brian Henderson,Complete,9.932774,42.2,78.1,45.1,68.6
3857261,2022-11-29,Group Stage,Wales,1,1,7,England,3532,Jordan Brian Henderson,30714,Jude Bellingham,Complete,3.3837848,45.1,68.6,48.3,67.5
3857261,2022-11-29,Group Stage,Wales,1,1,8,England,30714,Jude Bellingham,4354,Phil Foden,Complete,5.5865912,47.6,67.8,51.6,71.7
3857261,2022-11-29,Group Stage,Wales,1,1,9,England,4354,Phil Foden,,,Incomplete,13.191285,51.6,71.7,47.1,59.3
3857261,2022-11-29,Group Stage,Wales,1,1,31,England,3244,John Stones,3205,Kyle Walker,Complete,16.124516,50.7,74.5,34.7,76.5
3857261,2022-11-29,Group Stage,Wales,1,1,33,England,3205,Kyle Walker,3336,Harry Maguire,Complete,21.949488,32.1,75.3,28.8,53.6
3857261,2022-11-29,Group Stage,Wales,1,1,41,England,3336,Harry Maguire,3318,Marcus Rashford,Complete,15.62466,55.2,28.0,63.4,14.7
3857261,2022-11-29,Group Stage,Wales,1,1,44,England,3318,Marcus Rashford,30714,Jude Bellingham,Complete,11.12205,63.4,14.2,69.5,23.5
3857261,2022-11-29,Group Stage,Wales,1,1,45,England,30714,Jude Bellingham,3318,Marcus Rashford,Complete,11.013628,69.3,23.1,63.4,13.8
3857261,2022-11-29,Group Stage,Wales,1,1,47,England,3318,Marcus Rashford,3943,Declan Rice,Complete,11.101802,63.4,14.9,63.2,26.0
3857261,2022-11-29,Group Stage,Wales,1,1,48,England,3943,Declan Rice,30714,Jude Bellingham,Complete,13.230646,63.1,26.5,55.9,15.4
3857261,2022-11-29,Group Stage,Wales,1,1,50,England,30714,Jude Bellingham,3244,John Stones,Complete,27.60815,51.4,17.3,42.4,43.4
3857261,2022-11-29,Group Stage,Wales,1,1,54,England,3244,John Stones,3532,Jordan Brian Henderson,Complete,32.680424,44.1,51.8,61.6,79.4
3857261,2022-11-29,Group Stage,Wales,1,1,57,England,3532,Jordan Brian Henderson,3244,John Stones,Complete,26.156452,57.5,76.0,33.5,65.6
3857261,2022-11-29,Group Stage,Wales,1,2,0,England,3244,John Stones,3468,Jordan Pickford,Complete,22.487553,27.2,62.2,19.7,41.0
3857261,2022-11-29,Group Stage,Wales,1,2,3,England,3468,Jordan Pickford,3336,Harry Maguire,Complete,7.4732857,23.8,37.6,25.4,30.3
3857261,2022-11-29,Group Stage,Wales,1,2,8,England,3336,Harry Maguire,3382,Luke Shaw,Complete,25.821115,37.8,20.1,56.6,2.4
3857261,2022-11-29,Group Stage,Wales,1,2,10,England,3382,Luke Shaw,3318,Marcus Rashford,Complete,9.552486,56.6,2.4,66.1,3.4
3857261,2022-11-29,Group Stage,Wales,1,2,11,England,3318,Marcus Rashford,3382,Luke Shaw,Complete,15.259423,64.1,3.8,50.7,11.1
3857261,2022-11-29,Group Stage,Wales,1,2,14,England,3382,Luke Shaw,3336,Harry Maguire,Complete,14.511374,44.9,14.0,32.6,21.7
3857261,2022-11-29,Group Stage,Wales,1,2,18,England,3336,Harry Maguire,3244,John Stones,Complete,31.772314,32.9,26.0,40.7,56.8
3857261,2022-11-29,Group Stage,Wales,1,2,22,England,3244,John Stones,3336,Harry Maguire,Complete,17.477127,41.2,58.4,34.4,42.3
3857261,2022-11-29,Group Stage,Wales,1,2,25,England,3336,Harry Maguire,3382,Luke Shaw,Complete,19.984995,34.6,39.1,39.4,19.7
3857261,2022-11-29,Group Stage,Wales,1,2,28,England,3382,Luke Shaw,30714,Jude Bellingham,Complete,11.69316,42.4,14.7,51.2,7.0
3857261,2022-11-29,Group Stage,Wales,1,2,32,England,30714,Jude Bellingham,3244,John Stones,Complete,34.40131,41.9,21.0,42.2,55.4
3857261,2022-11-29,Group Stage,Wales,1,2,39,England,3244,John Stones,3532,Jordan Brian Henderson,Complete,14.975313,63.4,56.3,78.3,54.8
3857261,2022-11-29,Group Stage,Wales,1,2,40,England,3532,Jordan Brian Henderson,4354,Phil Foden,Complete,23.369425,78.3,54.8,76.5,78.1
3857261,2022-11-29,Group Stage,Wales,1,2,44,England,4354,Phil Foden,3244,John Stones,Complete,21.566874,78.4,72.2,57.6,66.5
3857261,2022-11-29,Group Stage,Wales,1,2,47,England,3244,John Stones,3943,Declan Rice,Complete,18.462124,57.1,58.1,62.0,40.3
3857261,2022-11-29,Group Stage,Wales,1,2,50,England,3943,Declan Rice,3382,Luke Shaw,Complete,18.900265,68.4,31.7,78.3,15.6
3857261,2022-11-29,Group Stage,Wales,1,2,52,England,3382,Luke Shaw,3318,Marcus Rashford,Complete,12.267437,83.1,12.7,92.4,4.7
3857261,2022-11-29,Group Stage,Wales,1,2,57,England,3318,Marcus Rashford,3382,Luke Shaw,Incomplete,3.8626416,96.0,13.7,99.6,15.1
3857261,2022-11-29,Group Stage,Wales,1,3,1,England,3532,Jordan Brian Henderson,3205,Kyle Walker,Complete,7.4323616,87.2,34.1,80.4,37.1
3857261,2022-11-29,Group Stage,Wales,1,3,3,England,3205,Kyle Walker,30714,Jude Bellingham,Complete,8.01561,80.2,35.7,85.4,29.6
3857261,2022-11-29,Group Stage,Wales,1,3,5,England,30714,Jude Bellingham,3382,Luke Shaw,Complete,6.9856997,81.5,23.1,83.1,16.3
3857261,2022-11-29,Group Stage,Wales,1,3,8,England,3382,Luke Shaw,3336,Harry Maguire,Complete,24.713558,72.7,15.8,50.1,25.8
3857261,2022-11-29,Group Stage,Wales,1,3,14,England,3336,Harry Maguire,30714,Jude Bellingham,Incomplete,3.6878178,51.0,32.4,54.6,31.6
3857261,2022-11-29,Group Stage,Wales,1,3,22,England,3318,Marcus Rashford,3336,Harry Maguire,Complete,29.873901,72.0,5.2,45.3,18.6
3857261,2022-11-29,Group Stage,Wales,1,3,26,England,3336,Harry Maguire,3244,John Stones,Complete,25.10478,44.6,26.0,47.8,50.9
3857261,2022-11-29,Group Stage,Wales,1,3,34,England,3244,John Stones,3943,Declan Rice,Complete,8.854942,63.2,49.9,67.2,42.0
3857261,2022-11-29,Group Stage,Wales,1,3,37,England,3943,Declan Rice,3382,Luke Shaw,Complete,23.307724,61.4,35.0,70.4,13.5
3857261,2022-11-29,Group Stage,Wales,1,3,41,England,3382,Luke Shaw,3318,Marcus Rashford,Complete,5.672742,77.0,6.1,81.3,2.4
3857261,2022-11-29,Group Stage,Wales,1,3,42,England,3318,Marcus Rashford,3336,Harry Maguire,Complete,35.34544,81.3,2.7,53.4,24.4
3857261,2022-11-29,Group Stage,Wales,1,3,46,England,3336,Harry Maguire,3244,John Stones,Complete,16.635504,51.8,38.4,57.3,54.1
3857261,2022-11-29,Group Stage,Wales,1,3,50,England,3244,John Stones,3336,Harry Maguire,Complete,17.121332,58.4,52.7,46.7,40.2
3857261,2022-11-29,Group Stage,Wales,1,3,53,England,3336,Harry Maguire,3943,Declan Rice,Complete,15.283978,46.2,37.8,47.8,22.6
3857261,2022-11-29,Group Stage,Wales,1,3,56,England,3943,Declan Rice,3336,Harry Maguire,Complete,14.620875,41.7,22.1,30.1,31.0
3857261,2022-11-29,Group Stage,Wales,1,4,1,England,3336,Harry Maguire,3468,Jordan Pickford,Complete,20.344286,23.2,33.4,17.4,52.9
3857261,2022-11-29,Group Stage,Wales,1,4,3,England,3468,Jordan Pickford,3205,Kyle Walker,Complete,16.659533,17.0,53.2,33.5,50.9
3857261,2022-11-29,Group Stage,Wales,1,4,5,England,3205,Kyle Walker,3336,Harry Maguire,Complete,24.200207,31.0,51.1,18.3,30.5
3857261,2022-11-29,Group Stage,Wales,1,4,11,England,3336,Harry Maguire,3382,Luke Shaw,Complete,24.101868,26.3,27.1,39.6,7.0
3857261,2022-11-29,Group Stage,Wales,1,4,16,England,3382,Luke Shaw,3336,Harry Maguire,Complete,18.580097,46.2,9.5,35.1,24.4
3857261,2022-11-29,Group Stage,Wales,1,4,22,England,3336,Harry Maguire,3318,Marcus Rashford,Complete,59.757595,44.8,27.2,99.7,3.6
3857261,2022-11-29,Group Stage,Wales,1,5,9,England,3382,Luke Shaw,30714,Jude Bellingham,Incomplete,7.102816,84.2,0.1,84.0,7.2
3857261,2022-11-29,Group Stage,Wales,1,5,12,England,3943,Declan Rice,3244,John Stones,Complete,16.561401,69.8,17.0,57.6,28.2
3857261,2022-11-29,Group Stage,Wales,1,5,15,England,3244,John Stones,3532,Jordan Brian Henderson,Complete,13.096946,57.1,28.3,66.8,37.1
3857261,2022-11-29,Group Stage,Wales,1,5,42,England,3336,Harry Maguire,3943,Declan Rice,Complete,11.454694,67.9,22.3,58.4,28.7
3857261,2022-11-29,Group Stage,Wales,1,5,43,England,3943,Declan Rice,3382,Luke Shaw,Complete,11.66619,58.4,28.7,47.1,25.8
3857261,2022-11-29,Group Stage,Wales,1,5,44,England,3382,Luke Shaw,3943,Declan Rice,Complete,4.830114,47.1,25.8,51.4,28.0
3857261,2022-11-29,Group Stage,Wales,1,5,46,England,3943,Declan Rice,3382,Luke Shaw,Complete,10.971326,46.6,28.0,39.2,19.9
3857261,2022-11-29,Group Stage,Wales,1,5,48,England,3382,Luke Shaw,30714,Jude Bellingham,Complete,10.043903,39.2,16.7,49.0,18.9
3857261,2022-11-29,Group Stage,Wales,1,5,51,England,30714,Jude Bellingham,3318,Marcus Rashford,Complete,14.383672,56.9,7.9,67.7,17.4
3857261,2022-11-29,Group Stage,Wales,1,5,53,England,3318,Marcus Rashford,3943,Declan Rice,Complete,19.90628,66.8,17.0,46.9,16.5
3857261,2022-11-29,Group Stage,Wales,1,5,56,England,3943,Declan Rice,3532,Jordan Brian Henderson,Complete,19.220041,46.4,23.8,53.4,41.7
3857261,2022-11-29,Group Stage,Wales,1,6,1,England,3532,Jordan Brian Henderson,3244,John Stones,Complete,14.401389,56.0,55.9,58.4,70.1
3857261,2022-11-29,Group Stage,Wales,1,6,4,England,3244,John Stones,3532,Jordan Brian Henderson,Complete,11.244999,57.6,69.7,65.4,61.6
3857261,2022-11-29,Group Stage,Wales,1,6,6,England,3532,Jordan Brian Henderson,3336,Harry Maguire,Complete,32.68088,66.4,56.1,46.6,30.1
3857261,2022-11-29,Group Stage,Wales,1,6,9,England,3336,Harry Maguire,3382,Luke Shaw,Complete,34.530277,50.3,28.7,73.8,3.4
3857261,2022-11-29,Group Stage,Wales,1,6,12,England,3382,Luke Shaw,3336,Harry Maguire,Complete,23.4785,63.5,7.4,41.5,15.6
3857261,2022-11-29,Group Stage,Wales,1,6,25,England,3336,Harry Maguire,3318,Marcus Rashford,Complete,31.241798,55.9,27.2,76.6,3.8
3857261,2022-11-29,Group Stage,Wales,1,6,26,England,3318,Marcus Rashford,30714,Jude Bellingham,Incomplete,11.24322,76.6,3.8,68.7,11.8
3857261,2022-11-29,Group Stage,Wales,1,7,8,England,3205,Kyle Walker,10955,Harry Kane,Complete,22.19234,74.0,80.0,91.3,66.1
3857261,2022-11-29,Group Stage,Wales,1,7,24,England,3205,Kyle Walker,3468,Jordan Pickford,Complete,37.855648,28.0,80.0,13.1,45.2
3857261,2022-11-29,Group Stage,Wales,1,7,33,England,3468,Jordan Pickford,3244,John Stones,Complete,19.079046,15.9,36.8,23.5,54.3
3857261,2022-11-29,Group Stage,Wales,1,7,39,England,3244,John Stones,3532,Jordan Brian Henderson,Complete,10.324728,32.9,54.1,40.3,61.3
3857261,2022-11-29,Group Stage,Wales,1,7,46,England,3532,Jordan Brian Henderson,10955,Harry Kane,Incomplete,36.481915,55.9,69.7,90.1,57.0
3857261,2022-11-29,Group Stage,Wales,1,7,53,England,3244,John Stones,3532,Jordan Brian Henderson,Incomplete,20.271408,44.1,66.1,64.3,64.4
3857261,2022-11-29,Group Stage,Wales,1,8,32,England,3205,Kyle Walker,30714,Jude Bellingham,Complete,26.109003,34.6,80.0,44.4,55.8
3857261,2022-11-29,Group Stage,Wales,1,8,37,England,30714,Jude Bellingham,3205,Kyle Walker,Complete,17.341568,44.8,64.0,35.6,78.7
3857261,2022-11-29,Group Stage,Wales,1,8,38,England,3205,Kyle Walker,3244,John Stones,Complete,21.858637,36.3,77.9,17.9,66.1
3857261,2022-11-29,Group Stage,Wales,1,8,44,England,3244,John Stones,3336,Harry Maguire,Complete,23.607838,30.4,44.1,34.2,20.8
3857261,2022-11-29,Group Stage,Wales,1,8,48,England,3336,Harry Maguire,3943,Declan Rice,Complete,11.0435505,36.3,19.4,45.3,25.8
3857261,2022-11-29,Group Stage,Wales,1,8,49,England,3943,Declan Rice,3336,Harry Maguire,Complete,12.664912,45.3,25.8,33.1,29.2
3857261,2022-11-29,Group Stage,Wales,1,8,54,England,3336,Harry Maguire,3205,Kyle Walker,Complete,18.866373,35.5,35.5,39.2,54.0
3857261,2022-11-29,Group Stage,Wales,1,8,55,England,3205,Kyle Walker,3244,John Stones,Complete,7.1344237,39.2,54.0,35.5,47.9
3857261,2022-11-29,Group Stage,Wales,1,8,57,England,3244,John Stones,3205,Kyle Walker,Complete,10.111875,39.0,50.3,46.2,57.4
3857261,2022-11-29,Group Stage,Wales,1,9,1,England,3205,Kyle Walker,30714,Jude Bellingham,Complete,17.59318,57.5,58.6,70.9,47.2
3857261,2022-11-29,Group Stage,Wales,1,9,7,England,3943,Declan Rice,10955,Harry Kane,Complete,15.700318,65.5,46.6,76.8,35.7
3857261,2022-11-29,Group Stage,Wales,1,9,9,England,10955,Harry Kane,3318,Marcus Rashford,Complete,23.310513,81.3,34.2,104.0,39.5
3857261,2022-11-29,Group Stage,Wales,1,9,17,England,3382,Luke Shaw,30714,Jude Bellingham,Complete,8.542248,64.8,33.7,68.7,41.3
3857261,2022-11-29,Group Stage,Wales,1,9,19,England,30714,Jude Bellingham,3336,Harry Maguire,Complete,21.683634,65.9,42.3,49.6,28.0
3857261,2022-11-29,Group Stage,Wales,1,9,25,England,3336,Harry Maguire,3244,John Stones,Complete,16.319313,51.0,29.8,45.6,45.2
3857261,2022-11-29,Group Stage,Wales,1,9,26,England,3244,John Stones,3532,Jordan Brian Henderson,Complete,10.846659,45.6,45.2,56.2,47.5
3857261,2022-11-29,Group Stage,Wales,1,9,29,England,3532,Jordan Brian Henderson,3336,Harry Maguire,Complete,20.757648,55.7,49.6,46.9,30.8
3857261,2022-11-29,Group Stage,Wales,1,9,32,England,3336,Harry Maguire,3382,Luke Shaw,Complete,39.16899,48.5,30.8,81.5,9.7
3857261,2022-11-29,Group Stage,Wales,1,9,34,England,3382,Luke Shaw,3318,Marcus Rashford,Complete,11.573245,81.5,9.7,84.0,21.0
3857261,2022-11-29,Group Stage,Wales,1,9,35,England,3318,Marcus Rashford,3382,Luke Shaw,Complete,12.241323,84.0,21.0,80.4,9.3
3857261,2022-11-29,Group Stage,Wales,1,9,38,England,3382,Luke Shaw,30714,Jude Bellingham,Complete,11.161093,80.6,9.3,69.7,6.9
3857261,2022-11-29,Group Stage,Wales,1,9,40,England,30714,Jude Bellingham,3943,Declan Rice,Complete,14.91878,69.3,7.0,65.4,21.4
3857261,2022-11-29,Group Stage,Wales,1,9,42,England,3943,Declan Rice,3244,John Stones,Complete,23.181242,60.4,23.5,52.8,45.4
3857261,2022-11-29,Group Stage,Wales,1,9,45,England,3244,John Stones,3205,Kyle Walker,Complete,14.627713,52.6,46.1,53.5,60.7
3857261,2022-11-29,Group Stage,Wales,1,9,51,England,3205,Kyle Walker,3244,John Stones,Complete,17.266151,51.6,57.4,36.0,50.0
3857261,2022-11-29,Group Stage,Wales,1,9,55,England,3244,John Stones,3336,Harry Maguire,Complete,21.973848,37.4,47.7,39.2,25.8
3857261,2022-11-29,Group Stage,Wales,1,9,59,England,3336,Harry Maguire,3382,Luke Shaw,Complete,27.528349,51.6,17.2,75.0,2.7
3857261,2022-11-29,Group Stage,Wales,1,10,3,England,3382,Luke Shaw,10955,Harry Kane,Incomplete,29.77247,81.1,4.5,96.3,30.1
3857261,2022-11-29,Group Stage,Wales,1,10,12,England,3205,Kyle Walker,4354,Phil Foden,Complete,10.568349,74.9,72.7,85.4,71.5
3857261,2022-11-29,Group Stage,Wales,1,10,16,England,4354,Phil Foden,3205,Kyle Walker,Complete,16.144659,94.9,59.7,109.3,67.0
3857261,2022-11-29,Group Stage,Wales,1,10,19,England,3205,Kyle Walker,3532,Jordan Brian Henderson,Complete,18.462124,109.6,67.2,96.9,53.8
3857261,2022-11-29,Group Stage,Wales,1,10,20,England,3532,Jordan Brian Henderson,30714,Jude Bellingham,Incomplete,22.784643,96.5,53.8,109.8,35.3
3857261,2022-11-29,Group Stage,Wales,1,10,25,England,3244,John Stones,3943,Declan Rice,Complete,6.661081,71.8,55.9,77.2,52.0
3857261,2022-11-29,Group Stage,Wales,1,10,26,England,3943,Declan Rice,3336,Harry Maguire,Complete,22.594248,77.2,52.0,57.3,41.3
3857261,2022-11-29,Group Stage,Wales,1,10,31,England,3336,Harry Maguire,3244,John Stones,Complete,7.510659,57.1,42.5,57.5,50.0
3857261,2022-11-29,Group Stage,Wales,1,10,34,England,3244,John Stones,3532,Jordan Brian Henderson,Complete,7.470609,53.4,53.6,56.9,60.2
3857261,2022-11-29,Group Stage,Wales,1,10,35,England,3532,Jordan Brian Henderson,3468,Jordan Pickford,Complete,29.465912,56.9,60.2,29.9,48.4
3857261,2022-11-29,Group Stage,Wales,1,10,39,England,3468,Jordan Pickford,3336,Harry Maguire,Complete,15.435349,31.1,46.4,37.6,32.4
3857261,2022-11-29,Group Stage,Wales,1,10,43,England,3336,Harry Maguire,3943,Declan Rice,Complete,13.435029,38.5,30.1,51.8,28.2
3857261,2022-11-29,Group Stage,Wales,1,10,44,England,3943,Declan Rice,3336,Harry Maguire,Complete,12.495199,49.0,26.0,36.7,28.2
3857261,2022-11-29,Group Stage,Wales,1,10,48,England,3336,Harry Maguire,3943,Declan Rice,Complete,10.10198,36.9,28.2,45.1,22.3
3857261,2022-11-29,Group Stage,Wales,1,10,51,England,3943,Declan Rice,3382,Luke Shaw,Complete,27.628428,50.1,17.8,73.8,3.6
3857261,2022-11-29,Group Stage,Wales,1,10,55,England,3382,Luke Shaw,3943,Declan Rice,Complete,17.477127,75.6,4.1,60.5,12.9
3857261,2022-11-29,Group Stage,Wales,1,10,59,England,3943,Declan Rice,3244,John Stones,Complete,23.983536,62.5,28.3,60.5,52.2
3857261,2022-11-29,Group Stage,Wales,1,11,3,England,3244,John Stones,3205,Kyle Walker,Complete,23.79937,69.3,58.8,82.2,78.8
3857261,2022-11-29,Group Stage,Wales,1,11,6,England,3205,Kyle Walker,3244,John Stones,Complete,35.065224,82.5,77.6,47.6,74.2
3857261,2022-11-29,Group Stage,Wales,1,11,17,England,3244,John Stones,3382,Luke Shaw,Complete,17.253405,42.4,45.9,54.6,33.7
3857261,2022-11-29,Group Stage,Wales,1,11,18,England,3382,Luke Shaw,3336,Harry Maguire,Complete,16.794344,54.2,33.9,39.6,25.6
3857261,2022-11-29,Group Stage,Wales,1,11,21,England,3336,Harry Maguire,3318,Marcus Rashford,Complete,25.830603,39.0,25.6,53.9,4.5
3857261,2022-11-29,Group Stage,Wales,1,11,26,England,3318,Marcus Rashford,3336,Harry Maguire,Complete,18.94967,57.1,3.6,42.6,15.8
3857261,2022-11-29,Group Stage,Wales,1,11,29,England,3336,Harry Maguire,3205,Kyle Walker,Incomplete,70.73839,42.1,18.1,93.5,66.7
3857261,2022-11-29,Group Stage,Wales,1,11,35,England,3532,Jordan Brian Henderson,3468,Jordan Pickford,Complete,44.02022,57.3,62.9,14.6,52.2
3857261,2022-11-29,Group Stage,Wales,1,11,43,England,3468,Jordan Pickford,3244,John Stones,Complete,10.465658,21.7,52.0,31.0,56.8
3857261,2022-11-29,Group Stage,Wales,1,11,46,England,3244,John Stones,3532,Jordan Brian Henderson,Complete,15.725775,31.0,56.8,39.7,69.9
3857261,2022-11-29,Group Stage,Wales,1,11,51,England,3532,Jordan Brian Henderson,3244,John Stones,Complete,25.578312,41.4,70.2,27.7,48.6
3857261,2022-11-29,Group Stage,Wales,1,11,54,England,3244,John Stones,3468,Jordan Pickford,Complete,27.790106,26.5,43.6,7.0,23.8
3857261,2022-11-29,Group Stage,Wales,1,11,58,England,3468,Jordan Pickford,10955,Harry Kane,Incomplete,68.51752,11.2,12.6,73.6,40.9
3857261,2022-11-29,Group Stage,Wales,1,12,20,England,3468,Jordan Pickford,3244,John Stones,Complete,18.834543,12.5,34.1,23.2,49.6
3857261,2022-11-29,Group Stage,Wales,1,12,24,England,3244,John Stones,3205,Kyle Walker,Complete,10.296116,27.2,55.9,29.2,66.0
3857261,2022-11-29,Group Stage,Wales,1,12,25,England,3205,Kyle Walker,3468,Jordan Pickford,Complete,28.924902,29.2,66.0,9.1,45.2
3857261,2022-11-29,Group Stage,Wales,1,12,29,England,3468,Jordan Pickford,3336,Harry Maguire,Complete,24.252834,8.6,43.2,17.4,20.6
3857261,2022-11-29,Group Stage,Wales,1,12,35,England,3336,Harry Maguire,3244,John Stones,Complete,29.920227,24.2,22.4,23.1,52.3
3857261,2022-11-29,Group Stage,Wales,1,12,47,England,3244,John Stones,3205,Kyle Walker,Complete,12.720063,44.4,44.3,48.0,56.5
3857261,2022-11-29,Group Stage,Wales,1,12,49,England,3205,Kyle Walker,4354,Phil Foden,Complete,28.10427,49.0,57.2,69.8,76.1
3857261,2022-11-29,Group Stage,Wales,1,12,51,England,4354,Phil Foden,3205,Kyle Walker,Complete,26.153585,69.8,76.4,47.4,62.9
3857261,2022-11-29,Group Stage,Wales,1,12,55,England,3205,Kyle Walker,3382,Luke Shaw,Complete,65.39549,51.6,58.8,84.7,2.4
3857261,2022-11-29,Group Stage,Wales,1,13,1,England,3382,Luke Shaw,3318,Marcus Rashford,Incomplete,3.206244,90.6,11.5,93.8,11.7
3857261,2022-11-29,Group Stage,Wales,1,13,58,England,3382,Luke Shaw,,,Incomplete,42.097507,93.1,8.6,113.9,45.2
3857261,2022-11-29,Group Stage,Wales,1,14,54,England,3205,Kyle Walker,30714,Jude Bellingham,Complete,20.813698,62.3,80.0,65.9,59.5
3857261,2022-11-29,Group Stage,Wales,1,14,56,England,30714,Jude Bellingham,3382,Luke Shaw,Complete,37.087196,66.4,59.9,45.3,29.4
3857261,2022-11-29,Group Stage,Wales,1,15,1,England,3382,Luke Shaw,3318,Marcus Rashford,Complete,15.939887,51.8,7.7,67.0,2.9
3857261,2022-11-29,Group Stage,Wales,1,15,3,England,3318,Marcus Rashford,3382,Luke Shaw,Complete,10.3445635,67.0,2.9,57.1,5.9
3857261,2022-11-29,Group Stage,Wales,1,15,5,England,3382,Luke Shaw,30714,Jude Bellingham,Complete,11.92057,60.2,5.6,67.9,14.7
3857261,2022-11-29,Group Stage,Wales,1,15,9,England,30714,Jude Bellingham,4354,Phil Foden,Complete,58.59232,64.5,18.9,87.0,73.0
3857261,2022-11-29,Group Stage,Wales,1,15,14,England,4354,Phil Foden,3532,Jordan Brian Henderson,Incomplete,11.414026,94.8,71.5,106.0,69.3
3857261,2022-11-29,Group Stage,Wales,1,15,31,England,3205,Kyle Walker,4354,Phil Foden,Complete,10.072239,110.1,80.0,106.0,70.8
3857261,2022-11-29,Group Stage,Wales,1,15,37,England,4354,Phil Foden,3532,Jordan Brian Henderson,Complete,7.7162166,114.6,67.9,107.3,70.4
3857261,2022-11-29,Group Stage,Wales,1,15,39,England,3532,Jordan Brian Henderson,3205,Kyle Walker,Complete,11.684177,106.9,70.1,95.3,71.5
3857261,2022-11-29,Group Stage,Wales,1,15,40,England,3205,Kyle Walker,3943,Declan Rice,Complete,19.131388,95.6,71.7,83.6,56.8
3857261,2022-11-29,Group Stage,Wales,1,15,41,England,3943,Declan Rice,3244,John Stones,Complete,19.479477,83.6,56.8,65.5,64.0
3857261,2022-11-29,Group Stage,Wales,1,15,46,England,3244,John Stones,3336,Harry Maguire,Complete,21.377558,68.0,62.4,58.6,43.2
3857261,2022-11-29,Group Stage,Wales,1,15,49,England,3336,Harry Maguire,3382,Luke Shaw,Complete,30.731905,58.2,39.6,71.3,11.8
3857261,2022-11-29,Group Stage,Wales,1,15,54,England,3382,Luke Shaw,3336,Harry Maguire,Complete,26.766024,75.9,9.0,56.0,26.9
3857261,2022-11-29,Group Stage,Wales,1,16,1,England,3336,Harry Maguire,3244,John Stones,Complete,15.9906225,61.1,34.4,59.4,50.3
3857261,2022-11-29,Group Stage,Wales,1,16,8,England,3244,John Stones,3336,Harry Maguire,Complete,19.059118,68.2,46.9,58.0,30.8
3857261,2022-11-29,Group Stage,Wales,1,16,11,England,3336,Harry Maguire,3382,Luke Shaw,Complete,31.469667,58.4,29.0,77.9,4.3
3857261,2022-11-29,Group Stage,Wales,1,16,13,England,3382,Luke Shaw,3943,Declan Rice,Complete,11.815245,78.3,5.4,71.7,15.2
3857261,2022-11-29,Group Stage,Wales,1,16,14,England,3943,Declan Rice,3382,Luke Shaw,Complete,9.000556,71.3,14.9,71.4,5.9
3857261,2022-11-29,Group Stage,Wales,1,16,16,England,3382,Luke Shaw,10955,Harry Kane,Complete,28.079351,73.6,7.4,97.4,22.3
3857261,2022-11-29,Group Stage,Wales,1,16,18,England,10955,Harry Kane,3318,Marcus Rashford,Incomplete,12.442669,97.4,22.3,100.3,34.4
3857261,2022-11-29,Group Stage,Wales,1,16,22,England,3382,Luke Shaw,10955,Harry Kane,Complete,12.316655,84.2,17.6,94.9,23.7
3857261,2022-11-29,Group Stage,Wales,1,17,56,England,3532,Jordan Brian Henderson,3943,Declan Rice,Complete,2.842534,95.3,25.1,93.1,23.3
3857261,2022-11-29,Group Stage,Wales,1,17,56,England,3943,Declan Rice,3382,Luke Shaw,Complete,3.0066593,93.5,22.1,93.3,25.1
3857261,2022-11-29,Group Stage,Wales,1,17,57,England,3382,Luke Shaw,3336,Harry Maguire,Complete,39.190434,93.3,25.1,119.1,54.6
3857261,2022-11-29,Group Stage,Wales,1,19,6,England,3382,Luke Shaw,30714,Jude Bellingham,Incomplete,17.19593,70.7,13.3,87.4,17.4
3857261,2022-11-29,Group Stage,Wales,1,19,15,England,3244,John Stones,3336,Harry Maguire,Complete,16.88816,34.0,54.0,30.4,37.5
3857261,2022-11-29,Group Stage,Wales,1,19,18,England,3336,Harry Maguire,3943,Declan Rice,Complete,12.80039,32.9,34.4,42.1,25.5
3857261,2022-11-29,Group Stage,Wales,1,19,21,England,3943,Declan Rice,3382,Luke Shaw,Complete,21.63793,48.2,19.4,63.4,4.0
3857261,2022-11-29,Group Stage,Wales,1,19,24,England,3382,Luke Shaw,3943,Declan Rice,Complete,11.950314,63.4,4.0,54.9,12.4
3857261,2022-11-29,Group Stage,Wales,1,19,27,England,3943,Declan Rice,3336,Harry Maguire,Complete,16.519686,55.9,17.9,40.8,24.6
3857261,2022-11-29,Group Stage,Wales,1,19,30,England,3336,Harry Maguire,3468,Jordan Pickford,Complete,25.287348,33.8,24.6,14.9,41.4
3857261,2022-11-29,Group Stage,Wales,1,19,34,England,3468,Jordan Pickford,3244,John Stones,Complete,24.00854,16.1,41.6,32.1,59.5
3857261,2022-11-29,Group Stage,Wales,1,19,36,England,3244,John Stones,3532,Jordan Brian Henderson,Complete,13.118689,31.5,59.3,44.6,58.6
3857261,2022-11-29,Group Stage,Wales,1,19,38,England,3532,Jordan Brian Henderson,3468,Jordan Pickford,Complete,24.142286,44.6,58.6,20.9,54.0
3857261,2022-11-29,Group Stage,Wales,1,19,43,England,3468,Jordan Pickford,3336,Harry Maguire,Complete,18.822327,24.7,46.4,29.5,28.2
3857261,2022-11-29,Group Stage,Wales,1,19,46,England,3336,Harry Maguire,3244,John Stones,Complete,12.439052,29.7,26.0,34.9,37.3
3857261,2022-11-29,Group Stage,Wales,1,19,48,England,3244,John Stones,3336,Harry Maguire,Complete,17.755281,34.6,37.8,37.6,20.3
3857261,2022-11-29,Group Stage,Wales,1,19,51,England,3336,Harry Maguire,3468,Jordan Pickford,Complete,25.019993,37.8,20.3,18.4,36.1
3857261,2022-11-29,Group Stage,Wales,1,19,58,England,3468,Jordan Pickford,,,Incomplete,70.700775,18.4,35.3,88.6,26.9
3857261,2022-11-29,Group Stage,Wales,1,20,5,England,3244,John Stones,10955,Harry Kane,Incomplete,28.998104,56.9,42.7,84.4,33.5
3857261,2022-11-29,Group Stage,Wales,1,20,50,England,3244,John Stones,3336,Harry Maguire,Complete,24.709513,38.3,60.2,26.3,38.6
3857261,2022-11-29,Group Stage,Wales,1,20,54,England,3336,Harry Maguire,3382,Luke Shaw,Complete,27.684652,29.9,32.1,43.7,8.1
3857261,2022-11-29,Group Stage,Wales,1,20,57,England,3382,Luke Shaw,3318,Marcus Rashford,Complete,18.775782,43.5,8.3,61.8,4.1
3857261,2022-11-29,Group Stage,Wales,1,21,0,England,3318,Marcus Rashford,3943,Declan Rice,Complete,17.898603,57.9,13.8,52.3,30.8
3857261,2022-11-29,Group Stage,Wales,1,21,5,England,3943,Declan Rice,4354,Phil Foden,Complete,23.70654,64.5,47.5,85.9,57.7
3857261,2022-11-29,Group Stage,Wales,1,21,6,England,4354,Phil Foden,3205,Kyle Walker,Complete,19.543285,85.9,57.7,87.2,77.2
3857261,2022-11-29,Group Stage,Wales,1,21,9,England,3205,Kyle Walker,3532,Jordan Brian Henderson,Complete,11.970798,93.3,75.4,87.2,65.1
3857261,2022-11-29,Group Stage,Wales,1,21,12,England,3532,Jordan Brian Henderson,3205,Kyle Walker,Complete,12.490797,87.7,66.7,93.8,77.6
3857261,2022-11-29,Group Stage,Wales,1,21,16,England,3205,Kyle Walker,3244,John Stones,Complete,17.030855,93.1,75.4,78.4,66.8
3857261,2022-11-29,Group Stage,Wales,1,21,18,England,3244,John Stones,3336,Harry Maguire,Complete,29.719522,78.8,59.9,66.6,32.8
3857261,2022-11-29,Group Stage,Wales,1,21,20,England,3336,Harry Maguire,3943,Declan Rice,Complete,13.671869,67.0,32.8,80.6,34.2
3857261,2022-11-29,Group Stage,Wales,1,21,21,England,3943,Declan Rice,3382,Luke Shaw,Complete,24.86966,80.4,34.4,83.3,9.7
3857261,2022-11-29,Group Stage,Wales,1,21,23,England,3382,Luke Shaw,3943,Declan Rice,Complete,9.580188,83.5,9.0,75.8,14.7
3857261,2022-11-29,Group Stage,Wales,1,21,26,England,3943,Declan Rice,3382,Luke Shaw,Complete,8.747571,80.2,12.6,81.8,4.0
3857261,2022-11-29,Group Stage,Wales,1,21,27,England,3382,Luke Shaw,3943,Declan Rice,Complete,12.134249,81.3,3.6,93.3,5.4
3857261,2022-11-29,Group Stage,Wales,1,21,29,England,3943,Declan Rice,3318,Marcus Rashford,Complete,15.996562,97.4,5.6,94.9,21.4
3857261,2022-11-29,Group Stage,Wales,1,21,30,England,3318,Marcus Rashford,3382,Luke Shaw,Complete,14.287407,94.9,21.4,86.7,9.7
3857261,2022-11-29,Group Stage,Wales,1,21,33,England,3382,Luke Shaw,3532,Jordan Brian Henderson,Complete,48.82315,92.2,13.3,110.9,58.4
3857261,2022-11-29,Group Stage,Wales,1,21,39,England,3532,Jordan Brian Henderson,3205,Kyle Walker,Complete,14.25798,110.0,78.8,96.0,76.1
3857261,2022-11-29,Group Stage,Wales,1,21,42,England,3205,Kyle Walker,3943,Declan Rice,Complete,18.409237,94.4,74.0,90.1,56.1
3857261,2022-11-29,Group Stage,Wales,1,21,46,England,3943,Declan Rice,3532,Jordan Brian Henderson,Complete,23.94264,92.4,55.9,113.4,67.4
3857261,2022-11-29,Group Stage,Wales,1,21,48,England,3532,Jordan Brian Henderson,,,Incomplete,24.616457,113.4,67.4,114.3,42.8
3857261,2022-11-29,Group Stage,Wales,1,22,5,England,3205,Kyle Walker,3532,Jordan Brian Henderson,Complete,9.664885,108.3,80.0,103.7,71.5
3857261,2022-11-29,Group Stage,Wales,1,22,7,England,3532,Jordan Brian Henderson,3205,Kyle Walker,Complete,6.7052217,103.5,72.6,105.5,79.0
3857261,2022-11-29,Group Stage,Wales,1,22,9,England,3205,Kyle Walker,3532,Jordan Brian Henderson,Complete,5.283938,105.5,79.0,110.1,76.4
3857261,2022-11-29,Group Stage,Wales,1,22,54,England,3532,Jordan Brian Henderson,3318,Marcus Rashford,Complete,74.99893,110.5,76.9,98.3,2.9
3857261,2022-11-29,Group Stage,Wales,1,25,12,England,3943,Declan Rice,3205,Kyle Walker,Complete,10.977249,65.4,42.7,64.1,53.6
3857261,2022-11-29,Group Stage,Wales,1,25,14,England,3205,Kyle Walker,4354,Phil Foden,Complete,28.240574,65.2,53.4,82.0,76.1
3857261,2022-11-29,Group Stage,Wales,1,25,19,England,4354,Phil Foden,3205,Kyle Walker,Complete,15.182226,90.4,76.7,81.5,64.4
3857261,2022-11-29,Group Stage,Wales,1,25,21,England,3205,Kyle Walker,4354,Phil Foden,Complete,13.4033575,81.0,65.2,88.8,76.1
3857261,2022-11-29,Group Stage,Wales,1,25,25,England,4354,Phil Foden,3532,Jordan Brian Henderson,Complete,7.864477,88.8,76.1,96.5,74.5
3857261,2022-11-29,Group Stage,Wales,1,25,26,England,3532,Jordan Brian Henderson,4354,Phil Foden,Complete,6.935416,96.5,74.5,89.6,73.8
3857261,2022-11-29,Group Stage,Wales,1,25,29,England,4354,Phil Foden,3205,Kyle Walker,Complete,12.842507,89.6,73.8,81.3,64.0
3857261,2022-11-29,Group Stage,Wales,1,25,31,England,3205,Kyle Walker,4354,Phil Foden,Complete,8.448076,80.2,63.6,88.6,62.7
3857261,2022-11-29,Group Stage,Wales,1,25,32,England,4354,Phil Foden,3532,Jordan Brian Henderson,Complete,15.358385,87.4,62.7,85.2,77.9
3857261,2022-11-29,Group Stage,Wales,1,25,33,England,3532,Jordan Brian Henderson,3205,Kyle Walker,Complete,12.869344,83.8,76.5,74.7,67.4
3857261,2022-11-29,Group Stage,Wales,1,25,36,England,3205,Kyle Walker,3244,John Stones,Complete,26.334768,75.8,66.0,66.4,41.4
3857261,2022-11-29,Group Stage,Wales,1,25,39,England,3244,John Stones,3336,Harry Maguire,Complete,15.6285,69.1,33.4,71.1,17.9
3857261,2022-11-29,Group Stage,Wales,1,25,42,England,3336,Harry Maguire,3382,Luke Shaw,Complete,13.602941,83.8,12.6,94.0,3.6
3857261,2022-11-29,Group Stage,Wales,1,25,43,England,3382,Luke Shaw,3318,Marcus Rashford,Complete,11.788978,93.8,4.1,100.5,13.8
3857261,2022-11-29,Group Stage,Wales,1,26,4,England,3382,Luke Shaw,3943,Declan Rice,Complete,9.254189,64.5,0.1,63.5,9.3
3857261,2022-11-29,Group Stage,Wales,1,26,5,England,3943,Declan Rice,3382,Luke Shaw,Complete,5.6920996,64.8,7.6,66.6,2.2
3857261,2022-11-29,Group Stage,Wales,1,26,6,England,3382,Luke Shaw,3336,Harry Maguire,Incomplete,1.4035668,66.2,1.7,64.8,1.8
3857261,2022-11-29,Group Stage,Wales,1,26,16,England,3382,Luke Shaw,10955,Harry Kane,Complete,18.983414,67.9,0.1,79.0,15.5
3857261,2022-11-29,Group Stage,Wales,1,26,17,England,10955,Harry Kane,30714,Jude Bellingham,Complete,8.962701,79.0,15.5,70.2,17.2
3857261,2022-11-29,Group Stage,Wales,1,26,18,England,30714,Jude Bellingham,4354,Phil Foden,Complete,42.048187,70.2,17.2,75.6,58.9
3857261,2022-11-29,Group Stage,Wales,1,26,25,England,4354,Phil Foden,3205,Kyle Walker,Complete,16.462381,64.3,73.8,57.3,58.9
3857261,2022-11-29,Group Stage,Wales,1,26,31,England,3205,Kyle Walker,3532,Jordan Brian Henderson,Complete,15.002999,68.7,59.9,68.4,74.9
3857261,2022-11-29,Group Stage,Wales,1,26,33,England,3532,Jordan Brian Henderson,,,Unknown,38.7,68.4,75.8,107.1,75.8
3857261,2022-11-29,Group Stage,Wales,1,27,11,England,3244,John Stones,4354,Phil Foden,Complete,14.168275,40.4,65.4,53.9,69.7
3857261,2022-11-29,Group Stage,Wales,1,27,13,England,4354,Phil Foden,3318,Marcus Rashford,Incomplete,12.022063,53.9,69.7,56.2,57.9
3857261,2022-11-29,Group Stage,Wales,1,27,52,England,3532,Jordan Brian Henderson,10955,Harry Kane,Complete,23.16247,36.9,55.8,58.6,47.7
3857261,2022-11-29,Group Stage,Wales,1,29,29,England,3205,Kyle Walker,3244,John Stones,Complete,14.56022,57.5,66.5,45.9,57.7
3857261,2022-11-29,Group Stage,Wales,1,29,30,England,3244,John Stones,3205,Kyle Walker,Complete,13.869751,45.5,57.7,56.9,65.6
3857261,2022-11-29,Group Stage,Wales,1,29,33,England,3205,Kyle Walker,3336,Harry Maguire,Complete,36.368393,53.4,64.9,45.5,29.4
3857261,2022-11-29,Group Stage,Wales,1,29,35,England,3336,Harry Maguire,3244,John Stones,Complete,17.434736,45.5,29.4,44.4,46.8
3857261,2022-11-29,Group Stage,Wales,1,29,38,England,3244,John Stones,3205,Kyle Walker,Complete,7.1021123,44.4,46.8,45.6,53.8
3857261,2022-11-29,Group Stage,Wales,1,29,39,England,3205,Kyle Walker,3244,John Stones,Complete,8.823832,45.6,53.8,42.1,45.7
3857261,2022-11-29,Group Stage,Wales,1,29,44,England,3244,John Stones,3532,Jordan Brian Henderson,Complete,35.34176,48.0,49.6,67.0,79.4
3857261,2022-11-29,Group Stage,Wales,1,29,46,England,3532,Jordan Brian Henderson,4354,Phil Foden,Incomplete,13.674063,67.0,79.4,78.3,71.7
3857261,2022-11-29,Group Stage,Wales,1,29,58,England,3205,Kyle Walker,30714,Jude Bellingham,Complete,4.924429,60.7,61.1,63.1,56.8
3857261,2022-11-29,Group Stage,Wales,1,29,58,England,30714,Jude Bellingham,3532,Jordan Brian Henderson,Complete,10.944405,63.1,56.8,65.4,67.5
3857261,2022-11-29,Group Stage,Wales,1,30,1,England,3532,Jordan Brian Henderson,4354,Phil Foden,Complete,10.023972,65.0,73.3,73.8,78.1
3857261,2022-11-29,Group Stage,Wales,1,30,2,England,4354,Phil Foden,3532,Jordan Brian Henderson,Complete,10.331505,74.5,78.7,65.2,74.2
3857261,2022-11-29,Group Stage,Wales,1,30,4,England,3532,Jordan Brian Henderson,4354,Phil Foden,Incomplete,2.657066,65.7,75.6,68.2,74.7
3857261,2022-11-29,Group Stage,Wales,1,30,10,England,3943,Declan Rice,3336,Harry Maguire,Complete,23.082678,50.1,52.7,41.7,31.2
3857261,2022-11-29,Group Stage,Wales,1,30,13,England,3336,Harry Maguire,3382,Luke Shaw,Complete,31.831118,46.4,25.3,69.5,3.4
3857261,2022-11-29,Group Stage,Wales,1,30,18,England,3382,Luke Shaw,30714,Jude Bellingham,Complete,21.01547,75.6,5.4,89.9,20.8
3857261,2022-11-29,Group Stage,Wales,1,30,27,England,3943,Declan Rice,4354,Phil Foden,Complete,23.48276,80.7,35.8,94.5,54.8
3857261,2022-11-29,Group Stage,Wales,1,30,27,England,4354,Phil Foden,3532,Jordan Brian Henderson,Complete,6.332456,95.5,54.3,93.8,48.2
3857261,2022-11-29,Group Stage,Wales,1,30,28,England,3532,Jordan Brian Henderson,4354,Phil Foden,Complete,25.710892,93.8,48.2,110.9,67.4
3857261,2022-11-29,Group Stage,Wales,1,30,32,England,4354,Phil Foden,3532,Jordan Brian Henderson,Complete,9.964437,110.9,71.5,102.4,66.3
3857261,2022-11-29,Group Stage,Wales,1,30,34,England,3532,Jordan Brian Henderson,3205,Kyle Walker,Complete,15.371727,100.5,66.0,90.3,54.5
3857261,2022-11-29,Group Stage,Wales,1,30,35,England,3205,Kyle Walker,3943,Declan Rice,Complete,7.4431176,91.0,53.2,87.2,46.8
3857261,2022-11-29,Group Stage,Wales,1,30,38,England,3943,Declan Rice,3532,Jordan Brian Henderson,Complete,28.085583,87.2,46.9,95.6,73.7
3857261,2022-11-29,Group Stage,Wales,1,30,39,England,3532,Jordan Brian Henderson,4354,Phil Foden,Complete,12.419743,95.6,73.7,108.0,73.0
3857261,2022-11-29,Group Stage,Wales,1,30,41,England,4354,Phil Foden,3532,Jordan Brian Henderson,Complete,12.453513,106.4,75.1,94.2,77.6
3857261,2022-11-29,Group Stage,Wales,1,30,43,England,3532,Jordan Brian Henderson,3943,Declan Rice,Complete,17.560183,94.2,77.6,80.2,67.0
3857261,2022-11-29,Group Stage,Wales,1,30,45,England,3943,Declan Rice,3336,Harry Maguire,Complete,31.633684,81.0,64.4,74.7,33.4
3857261,2022-11-29,Group Stage,Wales,1,30,52,England,3336,Harry Maguire,4354,Phil Foden,Out,60.275784,106.8,19.9,111.4,80.0
3857261,2022-11-29,Group Stage,Wales,1,31,24,England,3244,John Stones,3318,Marcus Rashford,Complete,16.122654,77.0,66.7,88.3,55.2
3857261,2022-11-29,Group Stage,Wales,1,31,27,England,3318,Marcus Rashford,10955,Harry Kane,Incomplete,11.1,88.5,54.3,99.0,50.7
3857261,2022-11-29,Group Stage,Wales,1,31,30,England,3943,Declan Rice,3532,Jordan Brian Henderson,Complete,6.824954,78.1,49.9,82.4,55.2
3857261,2022-11-29,Group Stage,Wales,1,31,31,England,3532,Jordan Brian Henderson,4354,Phil Foden,Incomplete,35.20696,82.4,55.2,117.6,55.9
3857261,2022-11-29,Group Stage,Wales,1,32,1,England,3205,Kyle Walker,3244,John Stones,Complete,12.234786,56.8,80.0,48.0,71.5
3857261,2022-11-29,Group Stage,Wales,1,32,6,England,3244,John Stones,3336,Harry Maguire,Complete,27.360739,52.1,56.1,47.1,29.2
3857261,2022-11-29,Group Stage,Wales,1,32,9,England,3336,Harry Maguire,3382,Luke Shaw,Complete,20.225231,47.1,28.9,61.2,14.4
3857261,2022-11-29,Group Stage,Wales,1,32,12,England,3382,Luke Shaw,3318,Marcus Rashford,Complete,11.800424,62.3,6.3,73.6,2.9
3857261,2022-11-29,Group Stage,Wales,1,32,13,England,3318,Marcus Rashford,3382,Luke Shaw,Complete,10.358571,73.8,2.7,63.5,3.8
3857261,2022-11-29,Group Stage,Wales,1,32,16,England,3382,Luke Shaw,3336,Harry Maguire,Complete,24.367395,57.6,3.4,33.5,7.0
3857261,2022-11-29,Group Stage,Wales,1,32,18,England,3336,Harry Maguire,3468,Jordan Pickford,Complete,38.466217,26.9,7.9,17.5,45.2
3857261,2022-11-29,Group Stage,Wales,1,32,22,England,3468,Jordan Pickford,3244,John Stones,Complete,13.951702,22.2,46.8,32.6,56.1
3857261,2022-11-29,Group Stage,Wales,1,32,32,England,3244,John Stones,30714,Jude Bellingham,Complete,8.876936,61.2,58.2,64.6,50.0
3857261,2022-11-29,Group Stage,Wales,1,32,33,England,30714,Jude Bellingham,3943,Declan Rice,Complete,10.818965,64.6,50.0,53.9,48.4
3857261,2022-11-29,Group Stage,Wales,1,32,34,England,3943,Declan Rice,3336,Harry Maguire,Complete,22.363586,53.9,48.4,51.2,26.2
3857261,2022-11-29,Group Stage,Wales,1,32,37,England,3336,Harry Maguire,3382,Luke Shaw,Complete,26.91338,55.9,24.9,76.6,7.7
3857261,2022-11-29,Group Stage,Wales,1,32,42,England,3382,Luke Shaw,3318,Marcus Rashford,Complete,7.0114193,87.7,9.9,88.1,2.9
3857261,2022-11-29,Group Stage,Wales,1,32,43,England,3318,Marcus Rashford,3382,Luke Shaw,Incomplete,13.462912,88.1,3.4,98.7,11.7
3857261,2022-11-29,Group Stage,Wales,1,32,50,England,4354,Phil Foden,3943,Declan Rice,Complete,6.440497,83.3,53.8,79.5,48.6
3857261,2022-11-29,Group Stage,Wales,1,32,51,England,3943,Declan Rice,4354,Phil Foden,Complete,5.95063,80.0,51.8,82.5,57.2
3857261,2022-11-29,Group Stage,Wales,1,32,54,England,4354,Phil Foden,3943,Declan Rice,Complete,8.261961,86.9,58.9,80.4,53.8
3857261,2022-11-29,Group Stage,Wales,1,32,55,England,3943,Declan Rice,3532,Jordan Brian Henderson,Complete,5.2038445,80.2,52.5,85.4,52.3
3857261,2022-11-29,Group Stage,Wales,1,32,55,England,3532,Jordan Brian Henderson,3943,Declan Rice,Complete,6.440497,85.4,52.3,80.2,56.1
3857261,2022-11-29,Group Stage,Wales,1,32,57,England,3943,Declan Rice,3205,Kyle Walker,Complete,24.393852,81.7,59.3,97.6,77.8
3857261,2022-11-29,Group Stage,Wales,1,33,0,England,3205,Kyle Walker,30714,Jude Bellingham,Incomplete,37.88311,97.1,75.6,112.3,40.9
3857261,2022-11-29,Group Stage,Wales,1,36,10,England,3205,Kyle Walker,,,Incomplete,33.80133,111.4,80.0,111.7,46.2
3857261,2022-11-29,Group Stage,Wales,1,36,50,England,3244,John Stones,3205,Kyle Walker,Incomplete,15.0632,23.8,70.6,36.5,78.7
3857261,2022-11-29,Group Stage,Wales,1,37,0,England,30714,Jude Bellingham,4354,Phil Foden,Complete,23.352943,40.4,58.9,53.4,78.3
3857261,2022-11-29,Group Stage,Wales,1,37,5,England,4354,Phil Foden,3532,Jordan Brian Henderson,Complete,13.461427,74.7,72.4,86.7,78.5
3857261,2022-11-29,Group Stage,Wales,1,37,6,England,3532,Jordan Brian Henderson,30714,Jude Bellingham,Complete,11.610771,86.7,77.9,92.6,67.9
3857261,2022-11-29,Group Stage,Wales,1,37,7,England,30714,Jude Bellingham,3205,Kyle Walker,Complete,10.253292,92.6,67.9,99.9,60.7
3857261,2022-11-29,Group Stage,Wales,1,37,8,England,3205,Kyle Walker,30714,Jude Bellingham,Complete,4.244997,99.7,60.0,103.8,61.1
3857261,2022-11-29,Group Stage,Wales,1,37,11,England,30714,Jude Bellingham,4354,Phil Foden,Complete,8.125269,107.6,54.0,105.7,46.1
3857261,2022-11-29,Group Stage,Wales,1,38,3,England,3382,Luke Shaw,3532,Jordan Brian Henderson,Incomplete,32.946167,24.5,23.8,41.2,52.2
3857261,2022-11-29,Group Stage,Wales,1,38,24,England,3318,Marcus Rashford,3943,Declan Rice,Complete,7.28011,87.6,23.3,80.6,25.3
3857261,2022-11-29,Group Stage,Wales,1,38,26,England,3943,Declan Rice,3532,Jordan Brian Henderson,Complete,17.55705,80.7,25.3,75.6,42.1
3857261,2022-11-29,Group Stage,Wales,1,38,28,England,3532,Jordan Brian Henderson,3205,Kyle Walker,Complete,17.410341,74.9,43.0,74.3,60.4
3857261,2022-11-29,Group Stage,Wales,1,38,31,England,3205,Kyle Walker,4354,Phil Foden,Complete,21.8504,74.0,68.6,94.0,77.4
3857261,2022-11-29,Group Stage,Wales,1,38,34,England,4354,Phil Foden,10955,Harry Kane,Incomplete,16.113659,98.5,75.4,105.1,60.7
3857261,2022-11-29,Group Stage,Wales,1,38,36,England,3532,Jordan Brian Henderson,3318,Marcus Rashford,Incomplete,11.5,93.1,66.1,102.3,59.2
3857261,2022-11-29,Group Stage,Wales,1,39,19,England,3336,Harry Maguire,3244,John Stones,Complete,11.406138,19.8,22.1,14.9,32.4
3857261,2022-11-29,Group Stage,Wales,1,39,21,England,3244,John Stones,3532,Jordan Brian Henderson,Complete,5.2201533,14.9,32.7,19.1,35.8
3857261,2022-11-29,Group Stage,Wales,1,39,23,England,3532,Jordan Brian Henderson,3205,Kyle Walker,Complete,18.24637,19.1,35.8,20.4,54.0
3857261,2022-11-29,Group Stage,Wales,1,39,24,England,3205,Kyle Walker,3244,John Stones,Complete,6.4884515,20.2,57.2,14.5,54.1
3857261,2022-11-29,Group Stage,Wales,1,39,26,England,3244,John Stones,3205,Kyle Walker,Complete,15.961516,14.5,54.1,30.4,55.5
3857261,2022-11-29,Group Stage,Wales,1,39,27,England,3205,Kyle Walker,,,Incomplete,9.170606,30.4,55.5,33.3,46.8
3857261,2022-11-29,Group Stage,Wales,1,39,30,England,3532,Jordan Brian Henderson,30714,Jude Bellingham,Complete,10.467569,41.7,41.0,51.6,37.6
3857261,2022-11-29,Group Stage,Wales,1,39,32,England,30714,Jude Bellingham,4354,Phil Foden,Complete,7.8447433,51.6,37.5,53.9,45.0
3857261,2022-11-29,Group Stage,Wales,1,39,38,England,10955,Harry Kane,3318,Marcus Rashford,Complete,16.445364,91.5,33.0,104.4,22.8
3857261,2022-11-29,Group Stage,Wales,1,39,39,England,3318,Marcus Rashford,10955,Harry Kane,Incomplete,4.9497476,105.5,23.1,106.2,28.0
3857261,2022-11-29,Group Stage,Wales,1,40,28,England,4354,Phil Foden,3244,John Stones,Complete,58.919605,120.0,0.1,107.6,57.7
3857261,2022-11-29,Group Stage,Wales,1,40,30,England,3244,John Stones,3318,Marcus Rashford,Incomplete,7.7897367,107.2,58.1,103.4,51.3
3857261,2022-11-29,Group Stage,Wales,1,40,32,England,3318,Marcus Rashford,3532,Jordan Brian Henderson,Complete,6.4381676,97.9,53.0,97.2,46.6
3857261,2022-11-29,Group Stage,Wales,1,40,34,England,3532,Jordan Brian Henderson,3318,Marcus Rashford,Incomplete,22.242752,97.2,46.6,118.7,52.3
3857261,2022-11-29,Group Stage,Wales,1,40,59,England,4354,Phil Foden,,,Incomplete,40.136017,120.0,80.0,114.1,40.3
3857261,2022-11-29,Group Stage,Wales,1,41,18,England,3205,Kyle Walker,3244,John Stones,Complete,28.949957,105.5,80.0,78.6,69.3
3857261,2022-11-29,Group Stage,Wales,1,41,21,England,3244,John Stones,30714,Jude Bellingham,Complete,14.616771,78.1,67.8,78.8,53.2
3857261,2022-11-29,Group Stage,Wales,1,41,24,England,30714,Jude Bellingham,3382,Luke Shaw,Complete,28.40792,78.4,52.3,85.9,24.9
3857261,2022-11-29,Group Stage,Wales,1,41,27,England,3382,Luke Shaw,3318,Marcus Rashford,Complete,17.568438,86.3,22.3,92.6,5.9
3857261,2022-11-29,Group Stage,Wales,1,41,31,England,3318,Marcus Rashford,3336,Harry Maguire,Complete,21.8,86.9,6.6,68.7,18.6
3857261,2022-11-29,Group Stage,Wales,1,41,34,England,3336,Harry Maguire,3244,John Stones,Complete,27.002407,66.1,19.6,62.8,46.4
3857261,2022-11-29,Group Stage,Wales,1,41,35,England,3244,John Stones,3468,Jordan Pickford,Complete,33.71528,62.5,46.6,29.9,38.0
3857261,2022-11-29,Group Stage,Wales,1,41,40,England,3468,Jordan Pickford,3244,John Stones,Complete,20.322647,30.3,38.0,40.8,55.4
3857261,2022-11-29,Group Stage,Wales,1,41,46,England,3244,John Stones,3336,Harry Maguire,Complete,31.145144,47.3,54.7,51.2,23.8
3857261,2022-11-29,Group Stage,Wales,1,41,49,England,3336,Harry Maguire,3382,Luke Shaw,Complete,25.321335,54.6,21.7,74.7,6.3
3857261,2022-11-29,Group Stage,Wales,1,41,53,England,3382,Luke Shaw,3318,Marcus Rashford,Complete,10.317461,81.3,4.1,80.7,14.4
3857261,2022-11-29,Group Stage,Wales,1,41,54,England,3318,Marcus Rashford,3382,Luke Shaw,Complete,12.306502,81.1,13.3,75.2,2.5
3857261,2022-11-29,Group Stage,Wales,1,41,56,England,3382,Luke Shaw,3336,Harry Maguire,Complete,24.86966,71.4,4.0,46.7,6.9
3857261,2022-11-29,Group Stage,Wales,1,42,0,England,3336,Harry Maguire,3244,John Stones,Complete,33.13035,35.3,9.2,39.2,42.1
3857261,2022-11-29,Group Stage,Wales,1,42,7,England,3244,John Stones,3336,Harry Maguire,Complete,21.200943,46.2,38.6,46.0,17.4
3857261,2022-11-29,Group Stage,Wales,1,42,11,England,3336,Harry Maguire,3244,John Stones,Complete,24.673872,46.0,17.8,38.8,41.4
3857261,2022-11-29,Group Stage,Wales,1,42,14,England,3244,John Stones,3205,Kyle Walker,Complete,17.3,42.6,43.2,59.1,48.4
3857261,2022-11-29,Group Stage,Wales,1,42,15,England,3205,Kyle Walker,3244,John Stones,Complete,13.69708,58.6,48.2,45.5,52.2
3857261,2022-11-29,Group Stage,Wales,1,42,21,England,3244,John Stones,3336,Harry Maguire,Complete,34.003677,56.8,53.6,57.3,19.6
3857261,2022-11-29,Group Stage,Wales,1,42,27,England,3336,Harry Maguire,4354,Phil Foden,Complete,61.98016,68.7,19.7,118.2,57.0
3857261,2022-11-29,Group Stage,Wales,1,43,4,England,3382,Luke Shaw,30714,Jude Bellingham,Complete,7.570997,42.4,8.3,49.8,9.9
3857261,2022-11-29,Group Stage,Wales,1,43,6,England,30714,Jude Bellingham,,,Incomplete,0.7,49.8,9.9,50.5,9.9
3857261,2022-11-29,Group Stage,Wales,1,43,22,England,3532,Jordan Brian Henderson,3336,Harry Maguire,Complete,10.960383,51.4,35.8,45.6,26.5
3857261,2022-11-29,Group Stage,Wales,1,43,24,England,3336,Harry Maguire,30714,Jude Bellingham,Complete,9.472592,46.0,26.4,55.3,24.6
3857261,2022-11-29,Group Stage,Wales,1,43,28,England,30714,Jude Bellingham,3244,John Stones,Complete,26.388254,52.3,24.2,44.8,49.5
3857261,2022-11-29,Group Stage,Wales,1,43,31,England,3244,John Stones,3205,Kyle Walker,Complete,17.98694,44.8,49.1,62.5,52.3
3857261,2022-11-29,Group Stage,Wales,1,43,32,England,3205,Kyle Walker,3943,Declan Rice,Complete,8.600581,62.3,52.3,58.9,44.4
3857261,2022-11-29,Group Stage,Wales,1,43,33,England,3943,Declan Rice,3205,Kyle Walker,Complete,8.729834,59.4,45.5,57.9,54.1
3857261,2022-11-29,Group Stage,Wales,1,43,35,England,3205,Kyle Walker,4354,Phil Foden,Complete,20.169283,53.7,60.2,63.9,77.6
3857261,2022-11-29,Group Stage,Wales,1,43,37,England,4354,Phil Foden,3205,Kyle Walker,Complete,15.5128975,62.3,77.1,50.7,66.8
3857261,2022-11-29,Group Stage,Wales,1,43,38,England,3205,Kyle Walker,10955,Harry Kane,Complete,31.839912,50.7,66.8,78.4,51.1
3857261,2022-11-29,Group Stage,Wales,1,43,41,England,10955,Harry Kane,3943,Declan Rice,Complete,6.519202,74.5,52.3,69.0,55.8
3857261,2022-11-29,Group Stage,Wales,1,43,41,England,3943,Declan Rice,3318,Marcus Rashford,Incomplete,14.9683,69.0,55.8,80.4,46.1
3857261,2022-11-29,Group Stage,Wales,1,43,46,England,3382,Luke Shaw,30714,Jude Bellingham,Complete,20.218061,87.6,9.5,103.0,22.6
3857261,2022-11-29,Group Stage,Wales,1,43,49,England,30714,Jude Bellingham,10955,Harry Kane,Complete,14.536161,108.2,22.8,101.5,35.7
3857261,2022-11-29,Group Stage,Wales,1,43,53,England,3943,Declan Rice,3318,Marcus Rashford,Complete,9.296236,97.2,32.3,102.1,24.4
3857261,2022-11-29,Group Stage,Wales,1,43,56,England,3318,Marcus Rashford,3382,Luke Shaw,Complete,5.4230986,109.3,26.5,111.4,21.5
3857261,2022-11-29,Group Stage,Wales,1,43,56,England,3382,Luke Shaw,30714,Jude Bellingham,Complete,2.624881,110.7,22.1,112.4,20.1
3857261,2022-11-29,Group Stage,Wales,1,44,23,England,4354,Phil Foden,,,Incomplete,47.760445,120.0,0.1,109.1,46.6
3857261,2022-11-29,Group Stage,Wales,1,44,26,England,3318,Marcus Rashford,,,Incomplete,14.59863,93.8,44.4,108.2,46.8
3857261,2022-11-29,Group Stage,Wales,1,44,35,England,30714,Jude Bellingham,3205,Kyle Walker,Complete,24.750353,63.1,59.5,80.4,77.2
3857261,2022-11-29,Group Stage,Wales,1,44,38,England,3205,Kyle Walker,3336,Harry Maguire,Complete,9.980982,82.0,78.1,88.1,70.2
3857261,2022-11-29,Group Stage,Wales,1,44,41,England,3336,Harry Maguire,3205,Kyle Walker,Complete,12.384668,88.1,69.9,78.4,77.6
3857261,2022-11-29,Group Stage,Wales,1,44,46,England,3205,Kyle Walker,30714,Jude Bellingham,Complete,16.900888,79.5,77.9,68.7,64.9
3857261,2022-11-29,Group Stage,Wales,1,44,48,England,30714,Jude Bellingham,3244,John Stones,Complete,23.417301,68.2,61.8,69.1,38.4
3857261,2022-11-29,Group Stage,Wales,1,44,52,England,3244,John Stones,3382,Luke Shaw,Complete,13.101526,81.5,30.1,81.7,17.0
3857261,2022-11-29,Group Stage,Wales,1,44,57,England,3382,Luke Shaw,3244,John Stones,Complete,12.277622,86.7,18.5,75.2,22.8
3857261,2022-11-29,Group Stage,Wales,1,45,0,England,3244,John Stones,,,Incomplete,41.914436,74.9,23.7,112.8,41.6
3857261,2022-11-29,Group Stage,Wales,1,45,28,England,3943,Declan Rice,3318,Marcus Rashford,Complete,14.848906,42.1,21.2,56.4,17.2
3857261,2022-11-29,Group Stage,Wales,1,45,31,England,3318,Marcus Rashford,3382,Luke Shaw,Complete,18.438276,56.9,22.8,50.8,5.4
3857261,2022-11-29,Group Stage,Wales,1,45,33,England,3382,Luke Shaw,10955,Harry Kane,Complete,18.569868,50.8,5.4,68.0,12.4
3857261,2022-11-29,Group Stage,Wales,1,45,38,England,10955,Harry Kane,3318,Marcus Rashford,Complete,17.912006,65.2,28.0,82.4,33.0
3857261,2022-11-29,Group Stage,Wales,1,45,39,England,3318,Marcus Rashford,3532,Jordan Brian Henderson,Incomplete,10.673331,82.4,33.0,80.0,43.4
3857261,2022-11-29,Group Stage,Wales,1,46,29,England,3205,Kyle Walker,3943,Declan Rice,Incomplete,28.814058,48.7,51.6,76.6,44.4
3857261,2022-11-29,Group Stage,Wales,1,46,49,England,3205,Kyle Walker,,,Incomplete,23.690716,80.2,72.4,91.9,51.8
3857261,2022-11-29,Group Stage,Wales,1,46,59,England,3532,Jordan Brian Henderson,10955,Harry Kane,Complete,10.890363,86.5,60.4,87.9,49.6
3857261,2022-11-29,Group Stage,Wales,1,47,3,England,10955,Harry Kane,30714,Jude Bellingham,Complete,9.420191,93.3,43.7,99.0,36.2
3857261,2022-11-29,Group Stage,Wales,1,47,4,England,30714,Jude Bellingham,3382,Luke Shaw,Complete,16.058954,99.0,34.8,106.5,20.6
3857261,2022-11-29,Group Stage,Wales,1,47,6,England,3382,Luke Shaw,30714,Jude Bellingham,Incomplete,11.543396,106.5,20.6,107.5,32.1
3857261,2022-11-29,Group Stage,Wales,1,47,13,England,3382,Luke Shaw,10955,Harry Kane,Complete,9.525755,104.9,12.4,104.2,21.9
3857261,2022-11-29,Group Stage,Wales,1,47,52,England,4354,Phil Foden,3244,John Stones,Complete,55.766747,120.0,0.1,112.8,55.4
3857261,2022-11-29,Group Stage,Wales,1,49,59,England,3468,Jordan Pickford,3336,Harry Maguire,Complete,14.714619,7.0,36.1,14.6,23.5
3857261,2022-11-29,Group Stage,Wales,1,50,1,England,3336,Harry Maguire,,,Unknown,17.580103,14.5,23.7,30.4,31.2
3857261,2022-11-29,Group Stage,Wales,2,45,0,England,30714,Jude Bellingham,3244,John Stones,Complete,22.615261,60.0,40.0,38.4,46.7
3857261,2022-11-29,Group Stage,Wales,2,45,5,England,3244,John Stones,3943,Declan Rice,Complete,19.525623,38.7,44.9,51.2,29.9
3857261,2022-11-29,Group Stage,Wales,2,45,7,England,3943,Declan Rice,3382,Luke Shaw,Complete,17.464535,53.3,20.5,51.8,3.1
3857261,2022-11-29,Group Stage,Wales,2,45,10,England,3382,Luke Shaw,3336,Harry Maguire,Complete,19.752468,51.3,4.5,32.3,9.9
3857261,2022-11-29,Group Stage,Wales,2,45,19,England,3336,Harry Maguire,3244,John Stones,Complete,25.203968,40.1,23.7,43.3,48.7
3857261,2022-11-29,Group Stage,Wales,2,45,22,England,3244,John Stones,3205,Kyle Walker,Complete,19.902262,44.4,54.5,44.7,74.4
3857261,2022-11-29,Group Stage,Wales,2,45,24,England,3205,Kyle Walker,3468,Jordan Pickford,Complete,41.105232,44.8,74.4,12.8,48.6
3857261,2022-11-29,Group Stage,Wales,2,45,26,England,3468,Jordan Pickford,3205,Kyle Walker,Complete,26.61015,13.8,49.7,20.7,75.4
3857261,2022-11-29,Group Stage,Wales,2,45,30,England,3205,Kyle Walker,3943,Declan Rice,Complete,8.935883,20.4,73.5,21.2,64.6
3857261,2022-11-29,Group Stage,Wales,2,45,31,England,3943,Declan Rice,3318,Marcus Rashford,Complete,29.232859,21.2,64.6,49.2,73.0
3857261,2022-11-29,Group Stage,Wales,2,45,38,England,3943,Declan Rice,3318,Marcus Rashford,Incomplete,7.9630394,21.5,57.1,28.0,61.7
3857261,2022-11-29,Group Stage,Wales,2,45,42,England,3318,Marcus Rashford,3532,Jordan Brian Henderson,Complete,7.5166483,33.1,58.0,38.8,62.9
3857261,2022-11-29,Group Stage,Wales,2,45,44,England,3532,Jordan Brian Henderson,3318,Marcus Rashford,Complete,20.28916,43.6,69.7,63.8,67.8
3857261,2022-11-29,Group Stage,Wales,2,45,55,England,3943,Declan Rice,30714,Jude Bellingham,Complete,6.726812,69.5,30.7,76.2,31.3
3857261,2022-11-29,Group Stage,Wales,2,45,56,England,30714,Jude Bellingham,3382,Luke Shaw,Complete,27.637836,75.6,30.8,63.2,6.1
3857261,2022-11-29,Group Stage,Wales,2,45,59,England,3382,Luke Shaw,4354,Phil Foden,Complete,12.766362,63.2,6.1,75.9,4.8
3857261,2022-11-29,Group Stage,Wales,2,46,1,England,4354,Phil Foden,30714,Jude Bellingham,Complete,8.132035,75.9,4.8,73.6,12.6
3857261,2022-11-29,Group Stage,Wales,2,46,6,England,30714,Jude Bellingham,3382,Luke Shaw,Complete,7.5802374,79.0,8.6,80.1,16.1
3857261,2022-11-29,Group Stage,Wales,2,46,12,England,3943,Declan Rice,4354,Phil Foden,Complete,24.216524,70.2,17.0,88.2,0.8
3857261,2022-11-29,Group Stage,Wales,2,46,16,England,4354,Phil Foden,3382,Luke Shaw,Complete,8.302409,81.5,5.5,81.3,13.8
3857261,2022-11-29,Group Stage,Wales,2,46,54,England,3468,Jordan Pickford,3336,Harry Maguire,Complete,10.430724,21.5,34.0,20.7,23.6
3857261,2022-11-29,Group Stage,Wales,2,47,0,England,3336,Harry Maguire,3532,Jordan Brian Henderson,Complete,17.77217,27.1,25.7,40.3,37.6
3857261,2022-11-29,Group Stage,Wales,2,47,4,England,3532,Jordan Brian Henderson,3336,Harry Maguire,Complete,13.201894,33.1,28.7,22.1,21.4
3857261,2022-11-29,Group Stage,Wales,2,47,6,England,3336,Harry Maguire,3382,Luke Shaw,Complete,21.82888,22.1,21.4,34.0,3.1
3857261,2022-11-29,Group Stage,Wales,2,47,10,England,3382,Luke Shaw,3336,Harry Maguire,Complete,15.071164,34.1,3.1,22.4,12.6
3857261,2022-11-29,Group Stage,Wales,2,47,14,England,3336,Harry Maguire,30714,Jude Bellingham,Complete,33.30015,26.0,17.1,56.7,4.2
3857261,2022-11-29,Group Stage,Wales,2,47,20,England,30714,Jude Bellingham,3382,Luke Shaw,Complete,11.088733,59.3,10.1,50.7,3.1
3857261,2022-11-29,Group Stage,Wales,2,47,22,England,3382,Luke Shaw,30714,Jude Bellingham,Complete,11.025879,50.7,3.1,57.6,11.7
3857261,2022-11-29,Group Stage,Wales,2,47,23,England,30714,Jude Bellingham,3382,Luke Shaw,Complete,7.6843996,57.6,11.7,51.3,7.3
3857261,2022-11-29,Group Stage,Wales,2,47,25,England,3382,Luke Shaw,3336,Harry Maguire,Complete,14.743473,50.4,6.1,38.8,15.2
3857261,2022-11-29,Group Stage,Wales,2,47,28,England,3336,Harry Maguire,3318,Marcus Rashford,Incomplete,63.45589,44.2,21.8,94.1,61.0
3857261,2022-11-29,Group Stage,Wales,2,47,33,England,3205,Kyle Walker,3532,Jordan Brian Henderson,Complete,7.0,82.1,67.2,82.1,60.2
3857261,2022-11-29,Group Stage,Wales,2,47,36,England,3532,Jordan Brian Henderson,3318,Marcus Rashford,Complete,13.84052,81.0,63.4,89.4,74.4
3857261,2022-11-29,Group Stage,Wales,2,47,37,England,3318,Marcus Rashford,3205,Kyle Walker,Complete,8.316851,89.4,74.4,81.5,71.8
3857261,2022-11-29,Group Stage,Wales,2,47,40,England,3205,Kyle Walker,3244,John Stones,Complete,25.424791,74.7,69.1,50.6,61.0
3857261,2022-11-29,Group Stage,Wales,2,47,42,England,3244,John Stones,3336,Harry Maguire,Complete,29.724232,50.6,58.0,51.8,28.3
3857261,2022-11-29,Group Stage,Wales,2,47,48,England,3336,Harry Maguire,3382,Luke Shaw,Complete,11.90126,73.3,13.8,68.3,3.0
3857261,2022-11-29,Group Stage,Wales,2,47,51,England,3382,Luke Shaw,4354,Phil Foden,Complete,12.503599,68.3,3.0,80.8,2.7
3857261,2022-11-29,Group Stage,Wales,2,50,52,England,10955,Harry Kane,4354,Phil Foden,Complete,24.83405,115.8,58.9,114.5,34.1
3857261,2022-11-29,Group Stage,Wales,2,52,29,England,30714,Jude Bellingham,10955,Harry Kane,Complete,10.526158,51.6,49.1,45.0,40.9
3857261,2022-11-29,Group Stage,Wales,2,52,50,England,3532,Jordan Brian Henderson,3244,John Stones,Complete,21.606018,68.3,62.8,49.2,52.7
3857261,2022-11-29,Group Stage,Wales,2,52,53,England,3244,John Stones,3336,Harry Maguire,Complete,21.5824,49.4,52.7,52.2,31.3
3857261,2022-11-29,Group Stage,Wales,2,52,58,England,3336,Harry Maguire,3382,Luke Shaw,Complete,16.643618,69.9,17.6,62.9,2.5
3857261,2022-11-29,Group Stage,Wales,2,53,1,England,3382,Luke Shaw,3943,Declan Rice,Complete,19.787369,62.9,2.5,50.6,18.0
3857261,2022-11-29,Group Stage,Wales,2,53,4,England,3943,Declan Rice,3244,John Stones,Complete,23.195257,45.3,25.1,43.2,48.2
3857261,2022-11-29,Group Stage,Wales,2,53,7,England,3244,John Stones,3205,Kyle Walker,Complete,9.646243,43.2,49.2,40.3,58.4
3857261,2022-11-29,Group Stage,Wales,2,53,9,England,3205,Kyle Walker,3318,Marcus Rashford,Complete,18.970766,38.4,62.0,56.9,66.2
3857261,2022-11-29,Group Stage,Wales,2,54,42,England,3468,Jordan Pickford,3336,Harry Maguire,Complete,8.05295,6.0,36.0,9.4,28.7
3857261,2022-11-29,Group Stage,Wales,2,54,51,England,3336,Harry Maguire,3468,Jordan Pickford,Complete,23.603813,21.8,23.9,8.5,43.4
3857261,2022-11-29,Group Stage,Wales,2,54,53,England,3468,Jordan Pickford,3244,John Stones,Complete,15.061541,8.5,43.4,12.2,58.0
3857261,2022-11-29,Group Stage,Wales,2,54,56,England,3244,John Stones,3532,Jordan Brian Henderson,Complete,17.564169,13.2,61.1,28.1,51.8
3857261,2022-11-29,Group Stage,Wales,2,54,58,England,3532,Jordan Brian Henderson,3318,Marcus Rashford,Complete,27.770489,27.2,52.8,45.6,73.6
3857261,2022-11-29,Group Stage,Wales,2,55,2,England,3318,Marcus Rashford,3205,Kyle Walker,Incomplete,2.1,37.8,76.6,35.7,76.6
3857261,2022-11-29,Group Stage,Wales,2,56,16,England,3468,Jordan Pickford,3336,Harry Maguire,Complete,13.360015,11.7,30.7,22.4,22.7
3857261,2022-11-29,Group Stage,Wales,2,56,20,England,3336,Harry Maguire,30714,Jude Bellingham,Complete,8.348653,33.4,22.1,34.3,13.8
3857261,2022-11-29,Group Stage,Wales,2,56,22,England,30714,Jude Bellingham,3382,Luke Shaw,Complete,13.009612,33.5,11.7,40.9,1.0
3857261,2022-11-29,Group Stage,Wales,2,56,24,England,3382,Luke Shaw,4354,Phil Foden,Incomplete,2.4,39.4,2.2,41.8,2.2
3857261,2022-11-29,Group Stage,Wales,2,59,5,England,3336,Harry Maguire,4354,Phil Foden,Incomplete,59.216297,41.7,2.2,98.6,18.6
3857261,2022-11-29,Group Stage,Wales,2,59,13,England,3532,Jordan Brian Henderson,3336,Harry Maguire,Complete,14.325152,63.4,21.2,49.8,16.7
3857261,2022-11-29,Group Stage,Wales,2,59,16,England,3336,Harry Maguire,3382,Luke Shaw,Complete,15.07216,50.6,16.7,57.5,3.3
3857261,2022-11-29,Group Stage,Wales,2,59,18,England,3382,Luke Shaw,30714,Jude Bellingham,Complete,14.598972,57.5,3.3,70.2,10.5
3857261,2022-11-29,Group Stage,Wales,2,59,24,England,30714,Jude Bellingham,3532,Jordan Brian Henderson,Complete,18.7,73.9,2.7,73.9,21.4
3857261,2022-11-29,Group Stage,Wales,2,59,25,England,3532,Jordan Brian Henderson,4354,Phil Foden,Incomplete,9.347727,73.9,21.4,81.6,16.1
3857261,2022-11-29,Group Stage,Wales,2,60,31,England,3318,Marcus Rashford,3532,Jordan Brian Henderson,Complete,11.280514,33.7,69.9,44.7,72.4
3857261,2022-11-29,Group Stage,Wales,2,62,21,England,3664,Trent Alexander-Arnold,3616,Callum Wilson,Complete,26.02787,63.1,72.4,74.7,49.1
3857261,2022-11-29,Group Stage,Wales,2,62,24,England,3616,Callum Wilson,3336,Harry Maguire,Complete,36.82078,72.0,47.6,42.4,25.7
3857261,2022-11-29,Group Stage,Wales,2,62,28,England,3336,Harry Maguire,3244,John Stones,Complete,25.212696,44.2,26.3,45.0,51.5
3857261,2022-11-29,Group Stage,Wales,2,62,31,England,3244,John Stones,3532,Jordan Brian Henderson,Complete,11.8473625,45.3,57.1,56.3,52.7
3857261,2022-11-29,Group Stage,Wales,2,62,32,England,3532,Jordan Brian Henderson,3468,Jordan Pickford,Complete,37.42259,56.3,52.7,25.6,31.3
3857261,2022-11-29,Group Stage,Wales,2,62,35,England,3468,Jordan Pickford,3244,John Stones,Complete,22.751703,25.6,31.3,31.4,53.3
3857261,2022-11-29,Group Stage,Wales,2,62,38,England,3244,John Stones,3616,Callum Wilson,Complete,39.51329,32.3,56.6,71.4,62.3
3857261,2022-11-29,Group Stage,Wales,2,62,40,England,3616,Callum Wilson,,,Incomplete,19.664434,71.2,62.5,54.9,73.5
3857261,2022-11-29,Group Stage,Wales,2,63,59,England,3664,Trent Alexander-Arnold,30714,Jude Bellingham,Complete,25.41889,39.7,57.4,64.3,51.0
3857261,2022-11-29,Group Stage,Wales,2,64,2,England,30714,Jude Bellingham,3318,Marcus Rashford,Incomplete,20.18539,64.3,51.0,81.6,61.4
3857261,2022-11-29,Group Stage,Wales,2,64,11,England,3664,Trent Alexander-Arnold,3318,Marcus Rashford,Pass Offside,25.212101,68.9,72.3,92.6,63.7
3857261,2022-11-29,Group Stage,Wales,2,65,44,England,3664,Trent Alexander-Arnold,3318,Marcus Rashford,Complete,13.519245,34.1,55.9,46.7,60.8
3857261,2022-11-29,Group Stage,Wales,2,65,46,England,3318,Marcus Rashford,3532,Jordan Brian Henderson,Complete,7.9259067,46.8,61.1,39.9,57.2
3857261,2022-11-29,Group Stage,Wales,2,65,48,England,3532,Jordan Brian Henderson,3318,Marcus Rashford,Incomplete,12.231925,39.9,57.2,46.8,67.3
3857261,2022-11-29,Group Stage,Wales,2,66,56,England,3308,Kieran Trippier,3532,Jordan Brian Henderson,Complete,18.822327,51.9,0.1,56.7,18.3
3857261,2022-11-29,Group Stage,Wales,2,67,0,England,3532,Jordan Brian Henderson,3664,Trent Alexander-Arnold,Complete,26.580069,51.9,33.4,44.4,58.9
3857261,2022-11-29,Group Stage,Wales,2,67,3,England,3664,Trent Alexander-Arnold,3318,Marcus Rashford,Complete,17.327723,51.0,66.9,68.2,69.0
3857261,2022-11-29,Group Stage,Wales,2,67,4,England,3318,Marcus Rashford,3664,Trent Alexander-Arnold,Complete,17.70226,68.2,69.0,50.6,70.9
3857261,2022-11-29,Group Stage,Wales,2,67,7,England,3664,Trent Alexander-Arnold,3244,John Stones,Complete,27.057346,50.7,70.9,26.6,58.6
3857261,2022-11-29,Group Stage,Wales,2,67,11,England,3244,John Stones,3468,Jordan Pickford,Complete,29.98833,26.6,58.6,10.5,33.3
3857261,2022-11-29,Group Stage,Wales,2,67,15,England,3468,Jordan Pickford,3336,Harry Maguire,Complete,11.587062,10.3,31.9,15.2,21.4
3857261,2022-11-29,Group Stage,Wales,2,67,17,England,3336,Harry Maguire,3308,Kieran Trippier,Complete,13.505924,21.8,15.2,27.8,3.1
3857261,2022-11-29,Group Stage,Wales,2,67,20,England,3308,Kieran Trippier,3336,Harry Maguire,Complete,14.5,27.8,3.1,17.3,13.1
3857261,2022-11-29,Group Stage,Wales,2,67,22,England,3336,Harry Maguire,3468,Jordan Pickford,Complete,25.181343,14.3,16.1,7.0,40.2
3857261,2022-11-29,Group Stage,Wales,2,67,24,England,3468,Jordan Pickford,3244,John Stones,Complete,15.160475,7.8,40.6,10.0,55.6
3857261,2022-11-29,Group Stage,Wales,2,67,28,England,3244,John Stones,3664,Trent Alexander-Arnold,Complete,35.85206,10.3,59.9,44.7,70.0
3857261,2022-11-29,Group Stage,Wales,2,67,30,England,3664,Trent Alexander-Arnold,4706,Kalvin Phillips,Complete,13.994642,47.6,69.7,38.7,58.9
3857261,2022-11-29,Group Stage,Wales,2,67,32,England,4706,Kalvin Phillips,3318,Marcus Rashford,Complete,54.590294,39.9,59.9,94.0,67.2
3857261,2022-11-29,Group Stage,Wales,2,69,53,England,3336,Harry Maguire,4706,Kalvin Phillips,Complete,5.9093146,25.4,34.6,30.8,37.0
3857261,2022-11-29,Group Stage,Wales,2,69,55,England,4706,Kalvin Phillips,3664,Trent Alexander-Arnold,Complete,13.464768,30.8,37.0,28.7,50.3
3857261,2022-11-29,Group Stage,Wales,2,69,58,England,3664,Trent Alexander-Arnold,3616,Callum Wilson,Incomplete,41.91193,29.9,47.7,71.8,46.7
3857261,2022-11-29,Group Stage,Wales,2,70,18,England,4354,Phil Foden,3616,Callum Wilson,Complete,35.31926,11.6,5.7,45.7,14.9
3857261,2022-11-29,Group Stage,Wales,2,70,22,England,3616,Callum Wilson,4354,Phil Foden,Out,18.783237,43.6,10.1,27.7,0.1
3857261,2022-11-29,Group Stage,Wales,2,71,10,England,3664,Trent Alexander-Arnold,30714,Jude Bellingham,Complete,21.058252,32.2,59.9,39.9,40.3
3857261,2022-11-29,Group Stage,Wales,2,71,12,England,30714,Jude Bellingham,3318,Marcus Rashford,Incomplete,20.2408,39.9,40.3,51.9,56.6
3857261,2022-11-29,Group Stage,Wales,2,71,20,England,3616,Callum Wilson,3318,Marcus Rashford,Complete,7.4249578,103.6,49.2,110.3,52.4
3857261,2022-11-29,Group Stage,Wales,2,72,2,England,4354,Phil Foden,,,Incomplete,40.672474,120.0,80.0,115.3,39.6
3857261,2022-11-29,Group Stage,Wales,2,74,6,England,3308,Kieran Trippier,4706,Kalvin Phillips,Complete,6.5620117,38.5,10.2,39.4,16.7
3857261,2022-11-29,Group Stage,Wales,2,74,8,England,4706,Kalvin Phillips,3664,Trent Alexander-Arnold,Complete,18.895767,44.8,26.3,40.5,44.7
3857261,2022-11-29,Group Stage,Wales,2,74,11,England,3664,Trent Alexander-Arnold,3244,John Stones,Complete,14.003571,39.9,42.1,26.0,43.8
3857261,2022-11-29,Group Stage,Wales,2,74,15,England,3244,John Stones,3468,Jordan Pickford,Complete,22.508886,20.1,49.5,2.8,35.1
3857261,2022-11-29,Group Stage,Wales,2,74,19,England,3468,Jordan Pickford,3308,Kieran Trippier,Complete,29.415642,5.2,30.8,16.4,3.6
3857261,2022-11-29,Group Stage,Wales,2,74,22,England,3308,Kieran Trippier,3336,Harry Maguire,Complete,11.374093,20.1,3.1,10.2,8.7
3857261,2022-11-29,Group Stage,Wales,2,74,24,England,3336,Harry Maguire,,,Incomplete,2.720294,10.0,3.3,12.6,2.5
3857261,2022-11-29,Group Stage,Wales,2,75,25,England,3308,Kieran Trippier,3616,Callum Wilson,Complete,18.943336,14.9,0.1,32.8,6.3
3857261,2022-11-29,Group Stage,Wales,2,75,37,England,30714,Jude Bellingham,9638,Jack Grealish,Complete,5.5461698,10.3,4.8,15.3,2.4
3857261,2022-11-29,Group Stage,Wales,2,75,39,England,9638,Jack Grealish,30714,Jude Bellingham,Complete,7.4946647,14.7,2.5,10.8,8.9
3857261,2022-11-29,Group Stage,Wales,2,75,43,England,30714,Jude Bellingham,3664,Trent Alexander-Arnold,Complete,40.215046,27.7,10.2,26.6,50.4
3857261,2022-11-29,Group Stage,Wales,2,75,54,England,3664,Trent Alexander-Arnold,3616,Callum Wilson,Complete,17.123083,50.4,50.7,66.2,44.1
3857261,2022-11-29,Group Stage,Wales,2,76,37,England,3616,Callum Wilson,30714,Jude Bellingham,Complete,15.033297,92.9,42.6,104.3,32.8
3857261,2022-11-29,Group Stage,Wales,2,77,26,England,3244,John Stones,,,Incomplete,0.7615773,46.7,76.0,47.4,76.3
3857261,2022-11-29,Group Stage,Wales,2,78,57,England,3308,Kieran Trippier,30714,Jude Bellingham,Complete,15.0632,55.7,3.1,63.8,15.8
3857261,2022-11-29,Group Stage,Wales,2,79,1,England,30714,Jude Bellingham,4706,Kalvin Phillips,Complete,12.5016,68.9,17.4,56.4,17.6
3857261,2022-11-29,Group Stage,Wales,2,79,4,England,4706,Kalvin Phillips,3244,John Stones,Complete,28.300707,49.2,20.2,38.5,46.4
3857261,2022-11-29,Group Stage,Wales,2,79,6,England,3244,John Stones,3336,Harry Maguire,Complete,26.967573,38.5,47.1,33.5,20.6
3857261,2022-11-29,Group Stage,Wales,2,80,27,England,3336,Harry Maguire,9638,Jack Grealish,Complete,18.470787,34.0,20.0,50.6,11.9
3857261,2022-11-29,Group Stage,Wales,2,80,30,England,9638,Jack Grealish,3336,Harry Maguire,Complete,17.739504,50.6,11.9,34.3,18.9
3857261,2022-11-29,Group Stage,Wales,2,80,34,England,3336,Harry Maguire,3244,John Stones,Complete,26.601692,34.3,18.9,34.6,45.5
3857261,2022-11-29,Group Stage,Wales,2,80,36,England,3244,John Stones,3664,Trent Alexander-Arnold,Complete,14.773287,33.1,48.2,39.1,61.7
3857261,2022-11-29,Group Stage,Wales,2,80,38,England,3664,Trent Alexander-Arnold,4706,Kalvin Phillips,Complete,11.569356,39.1,61.7,43.5,51.0
3857261,2022-11-29,Group Stage,Wales,2,80,39,England,4706,Kalvin Phillips,4354,Phil Foden,Complete,25.360205,44.4,51.3,56.1,73.8
3857261,2022-11-29,Group Stage,Wales,2,80,41,England,4354,Phil Foden,3616,Callum Wilson,Incomplete,30.178303,56.1,73.8,79.3,54.5
3857261,2022-11-29,Group Stage,Wales,2,80,44,England,4706,Kalvin Phillips,4354,Phil Foden,Complete,13.130879,56.9,51.3,62.0,63.4
3857261,2022-11-29,Group Stage,Wales,2,80,47,England,4354,Phil Foden,4706,Kalvin Phillips,Complete,13.631214,64.4,59.2,61.9,45.8
3857261,2022-11-29,Group Stage,Wales,2,80,48,England,4706,Kalvin Phillips,30714,Jude Bellingham,Complete,7.5504966,61.9,45.8,63.4,38.4
3857261,2022-11-29,Group Stage,Wales,2,80,51,England,30714,Jude Bellingham,9638,Jack Grealish,Complete,30.200165,64.4,32.5,74.1,3.9
3857261,2022-11-29,Group Stage,Wales,2,80,56,England,9638,Jack Grealish,3308,Kieran Trippier,Complete,10.965857,81.0,5.1,70.2,7.0
3857261,2022-11-29,Group Stage,Wales,2,80,59,England,3308,Kieran Trippier,4706,Kalvin Phillips,Complete,9.207063,70.2,7.0,68.8,16.1
3857261,2022-11-29,Group Stage,Wales,2,80,59,England,4706,Kalvin Phillips,3336,Harry Maguire,Complete,13.892444,68.8,16.1,56.0,10.7
3857261,2022-11-29,Group Stage,Wales,2,81,3,England,3336,Harry Maguire,3244,John Stones,Complete,29.134344,56.0,10.7,62.5,39.1
3857261,2022-11-29,Group Stage,Wales,2,81,10,England,3244,John Stones,9638,Jack Grealish,Complete,38.45517,80.2,42.7,92.0,6.1
3857261,2022-11-29,Group Stage,Wales,2,81,15,England,9638,Jack Grealish,30714,Jude Bellingham,Complete,8.471718,105.1,20.3,106.2,28.7
3857261,2022-11-29,Group Stage,Wales,2,81,17,England,30714,Jude Bellingham,3616,Callum Wilson,Incomplete,2.5,107.4,27.5,108.9,29.5
3857261,2022-11-29,Group Stage,Wales,2,84,3,England,3468,Jordan Pickford,3336,Harry Maguire,Complete,12.744019,6.0,36.0,10.0,23.9
3857261,2022-11-29,Group Stage,Wales,2,84,9,England,3336,Harry Maguire,3244,John Stones,Complete,28.425516,20.4,23.8,15.5,51.8
3857261,2022-11-29,Group Stage,Wales,2,84,12,England,3244,John Stones,3664,Trent Alexander-Arnold,Complete,16.707483,20.4,54.2,20.9,70.9
3857261,2022-11-29,Group Stage,Wales,2,84,14,England,3664,Trent Alexander-Arnold,4706,Kalvin Phillips,Complete,14.395138,20.9,70.9,29.0,59.0
3857261,2022-11-29,Group Stage,Wales,2,84,18,England,4706,Kalvin Phillips,3468,Jordan Pickford,Complete,29.551311,34.1,62.8,15.3,40.0
3857261,2022-11-29,Group Stage,Wales,2,84,22,England,3468,Jordan Pickford,3336,Harry Maguire,Complete,17.786793,19.5,36.9,28.4,21.5
3857261,2022-11-29,Group Stage,Wales,2,84,25,England,3336,Harry Maguire,9638,Jack Grealish,Complete,30.020327,33.4,21.2,57.5,3.3
3857261,2022-11-29,Group Stage,Wales,2,84,31,England,9638,Jack Grealish,30714,Jude Bellingham,Complete,5.8694124,59.6,14.0,55.5,18.2
3857261,2022-11-29,Group Stage,Wales,2,84,33,England,30714,Jude Bellingham,3308,Kieran Trippier,Complete,8.772685,55.5,18.2,51.9,10.2
3857261,2022-11-29,Group Stage,Wales,2,84,33,England,3308,Kieran Trippier,3336,Harry Maguire,Complete,13.694525,51.9,10.2,38.4,12.5
3857261,2022-11-29,Group Stage,Wales,2,84,36,England,3336,Harry Maguire,3244,John Stones,Complete,39.232895,33.7,13.8,38.8,52.7
3857261,2022-11-29,Group Stage,Wales,2,84,40,England,3244,John Stones,3664,Trent Alexander-Arnold,Complete,9.024965,39.7,55.1,43.0,63.5
3857261,2022-11-29,Group Stage,Wales,2,84,42,England,3664,Trent Alexander-Arnold,3244,John Stones,Complete,17.538528,43.0,63.5,30.8,50.9
3857261,2022-11-29,Group Stage,Wales,2,84,48,England,3244,John Stones,4354,Phil Foden,Complete,15.148928,31.9,51.5,46.2,56.5
3857261,2022-11-29,Group Stage,Wales,2,84,49,England,4354,Phil Foden,3244,John Stones,Complete,12.362847,44.7,56.5,32.5,54.5
3857261,2022-11-29,Group Stage,Wales,2,84,50,England,3244,John Stones,3664,Trent Alexander-Arnold,Complete,7.981228,32.2,54.5,34.3,62.2
3857261,2022-11-29,Group Stage,Wales,2,84,51,England,3664,Trent Alexander-Arnold,4706,Kalvin Phillips,Complete,13.77534,34.3,62.2,40.3,49.8
3857261,2022-11-29,Group Stage,Wales,2,84,53,England,4706,Kalvin Phillips,3468,Jordan Pickford,Complete,27.54814,37.9,51.5,14.0,37.8
3857261,2022-11-29,Group Stage,Wales,2,84,56,England,3468,Jordan Pickford,3336,Harry Maguire,Complete,19.3644,14.3,37.6,23.0,20.3
3857261,2022-11-29,Group Stage,Wales,2,84,59,England,3336,Harry Maguire,3308,Kieran Trippier,Complete,15.848344,21.8,16.8,27.2,1.9
3857261,2022-11-29,Group Stage,Wales,2,85,0,England,3308,Kieran Trippier,9638,Jack Grealish,Complete,10.696261,27.2,1.9,34.3,9.9
3857261,2022-11-29,Group Stage,Wales,2,85,4,England,9638,Jack Grealish,3336,Harry Maguire,Complete,11.315918,23.6,9.9,23.0,21.2
3857261,2022-11-29,Group Stage,Wales,2,85,8,England,3336,Harry Maguire,3244,John Stones,Complete,15.308167,20.4,35.4,20.9,50.7
3857261,2022-11-29,Group Stage,Wales,2,85,12,England,3244,John Stones,3664,Trent Alexander-Arnold,Complete,16.164467,20.3,53.0,26.8,67.8
3857261,2022-11-29,Group Stage,Wales,2,85,14,England,3664,Trent Alexander-Arnold,3532,Jordan Brian Henderson,Complete,25.87122,26.8,67.8,50.4,57.2
3857261,2022-11-29,Group Stage,Wales,2,85,16,England,3532,Jordan Brian Henderson,3616,Callum Wilson,Complete,13.800363,56.0,59.8,67.1,51.6
3857261,2022-11-29,Group Stage,Wales,2,85,42,England,30714,Jude Bellingham,9638,Jack Grealish,Complete,9.774457,74.4,0.1,72.1,9.6
3857261,2022-11-29,Group Stage,Wales,2,85,44,England,9638,Jack Grealish,30714,Jude Bellingham,Complete,6.6007576,72.1,9.6,72.0,3.0
3857261,2022-11-29,Group Stage,Wales,2,85,44,England,30714,Jude Bellingham,3308,Kieran Trippier,Complete,10.100495,72.4,2.5,62.3,2.4
3857261,2022-11-29,Group Stage,Wales,2,85,46,England,3308,Kieran Trippier,3336,Harry Maguire,Complete,19.458931,57.5,1.9,39.9,10.2
3857261,2022-11-29,Group Stage,Wales,2,85,49,England,3336,Harry Maguire,3244,John Stones,Complete,22.720036,33.4,14.0,37.2,36.4
3857261,2022-11-29,Group Stage,Wales,2,85,52,England,3244,John Stones,3664,Trent Alexander-Arnold,Complete,13.660527,34.0,45.8,45.0,53.9
3857261,2022-11-29,Group Stage,Wales,2,85,54,England,3664,Trent Alexander-Arnold,3244,John Stones,Complete,13.092364,39.1,50.9,28.1,43.8
3857261,2022-11-29,Group Stage,Wales,2,85,57,England,3244,John Stones,4706,Kalvin Phillips,Complete,13.678084,28.1,43.8,38.4,34.8
3857261,2022-11-29,Group Stage,Wales,2,85,58,England,4706,Kalvin Phillips,3336,Harry Maguire,Complete,17.68276,38.4,34.8,26.2,22.0
3857261,2022-11-29,Group Stage,Wales,2,86,2,England,3336,Harry Maguire,9638,Jack Grealish,Incomplete,16.062689,45.3,20.0,60.2,14.0
3857261,2022-11-29,Group Stage,Wales,2,86,41,England,3468,Jordan Pickford,3336,Harry Maguire,Complete,19.252012,6.0,36.0,21.8,25.0
3857261,2022-11-29,Group Stage,Wales,2,86,43,England,3336,Harry Maguire,3308,Kieran Trippier,Complete,22.00091,21.8,25.0,21.6,3.0
3857261,2022-11-29,Group Stage,Wales,2,86,46,England,3308,Kieran Trippier,3468,Jordan Pickford,Complete,28.658157,21.6,3.0,3.6,25.3
3857261,2022-11-29,Group Stage,Wales,2,86,51,England,3468,Jordan Pickford,,,Unknown,40.231827,8.4,23.6,48.6,22.0
3857261,2022-11-29,Group Stage,Wales,2,87,32,England,3336,Harry Maguire,9638,Jack Grealish,Complete,32.000313,49.2,22.6,74.1,2.5
3857261,2022-11-29,Group Stage,Wales,2,87,41,England,9638,Jack Grealish,3308,Kieran Trippier,Complete,11.403947,68.3,4.2,56.9,4.5
3857261,2022-11-29,Group Stage,Wales,2,87,42,England,3308,Kieran Trippier,9638,Jack Grealish,Complete,3.1,56.9,4.5,56.9,7.6
3857261,2022-11-29,Group Stage,Wales,2,87,44,England,9638,Jack Grealish,,,Incomplete,21.087673,51.8,15.5,68.0,29.0
3857261,2022-11-29,Group Stage,Wales,2,87,50,England,3308,Kieran Trippier,4706,Kalvin Phillips,Complete,4.4102154,56.0,18.9,56.3,23.3
3857261,2022-11-29,Group Stage,Wales,2,87,52,England,4706,Kalvin Phillips,3664,Trent Alexander-Arnold,Complete,34.359425,50.6,23.3,45.0,57.2
3857261,2022-11-29,Group Stage,Wales,2,87,56,England,3664,Trent Alexander-Arnold,3244,John Stones,Complete,26.737988,45.0,57.2,25.6,38.8
3857261,2022-11-29,Group Stage,Wales,2,88,18,England,3336,Harry Maguire,3532,Jordan Brian Henderson,Complete,17.762882,23.9,32.1,34.3,46.5
3857261,2022-11-29,Group Stage,Wales,2,88,21,England,3532,Jordan Brian Henderson,3664,Trent Alexander-Arnold,Complete,22.203604,38.5,48.5,31.9,69.7
3857261,2022-11-29,Group Stage,Wales,2,88,25,England,3664,Trent Alexander-Arnold,3468,Jordan Pickford,Complete,32.73408,32.8,63.4,15.2,35.8
3857261,2022-11-29,Group Stage,Wales,2,88,28,England,3468,Jordan Pickford,3336,Harry Maguire,Complete,13.607718,15.2,35.8,21.8,23.9
3857261,2022-11-29,Group Stage,Wales,2,88,33,England,3336,Harry Maguire,9638,Jack Grealish,Complete,24.68137,31.9,16.8,51.8,2.2
3857261,2022-11-29,Group Stage,Wales,2,88,36,England,9638,Jack Grealish,3336,Harry Maguire,Complete,17.967192,51.0,2.5,34.1,8.6
3857261,2022-11-29,Group Stage,Wales,2,88,40,England,3336,Harry Maguire,30714,Jude Bellingham,Complete,13.42386,31.4,9.6,43.6,15.2
3857261,2022-11-29,Group Stage,Wales,2,88,41,England,30714,Jude Bellingham,3336,Harry Maguire,Complete,11.4337225,44.1,16.1,32.9,13.8
3857261,2022-11-29,Group Stage,Wales,2,88,43,England,3336,Harry Maguire,30714,Jude Bellingham,Complete,6.935416,33.1,13.7,39.4,10.8
3857261,2022-11-29,Group Stage,Wales,2,88,47,England,30714,Jude Bellingham,3336,Harry Maguire,Complete,8.3,42.4,11.9,34.1,11.9
3857261,2022-11-29,Group Stage,Wales,2,88,51,England,3336,Harry Maguire,3468,Jordan Pickford,Complete,24.203306,29.3,19.2,12.9,37.0
3857261,2022-11-29,Group Stage,Wales,2,88,55,England,3468,Jordan Pickford,3336,Harry Maguire,Complete,12.465152,12.9,37.0,22.2,28.7
3857261,2022-11-29,Group Stage,Wales,2,88,59,England,3336,Harry Maguire,9638,Jack Grealish,Unknown,30.754675,32.3,25.6,56.0,6.0
3857261,2022-11-29,Group Stage,Wales,2,89,37,England,3308,Kieran Trippier,3532,Jordan Brian Henderson,Complete,10.716809,62.5,3.9,63.1,14.6
3857261,2022-11-29,Group Stage,Wales,2,89,39,England,3532,Jordan Brian Henderson,3308,Kieran Trippier,Complete,12.24949,63.1,14.6,62.0,2.4
3857261,2022-11-29,Group Stage,Wales,2,89,41,England,3308,Kieran Trippier,3336,Harry Maguire,Complete,19.6,58.7,2.4,39.1,2.4
3857261,2022-11-29,Group Stage,Wales,2,89,43,England,3336,Harry Maguire,3468,Jordan Pickford,Complete,36.381588,34.3,2.7,19.2,35.8
3857261,2022-11-29,Group Stage,Wales,2,89,47,England,3468,Jordan Pickford,3244,John Stones,Complete,14.795945,19.2,37.2,21.6,51.8
3857261,2022-11-29,Group Stage,Wales,2,89,53,England,3244,John Stones,3532,Jordan Brian Henderson,Complete,11.562439,45.4,44.4,56.9,43.2
3857261,2022-11-29,Group Stage,Wales,2,89,55,England,3532,Jordan Brian Henderson,3616,Callum Wilson,Complete,49.720016,62.0,43.2,110.2,55.4
3857261,2022-11-29,Group Stage,Wales,2,90,3,England,3616,Callum Wilson,3664,Trent Alexander-Arnold,Complete,21.717505,108.3,66.2,86.9,69.9
3857261,2022-11-29,Group Stage,Wales,2,90,5,England,3664,Trent Alexander-Arnold,3616,Callum Wilson,Complete,19.31036,90.3,67.3,103.6,53.3
3857261,2022-11-29,Group Stage,Wales,2,90,8,England,30714,Jude Bellingham,3616,Callum Wilson,Complete,3.6496575,99.5,48.2,98.9,51.8
3857261,2022-11-29,Group Stage,Wales,2,90,10,England,3616,Callum Wilson,4354,Phil Foden,Complete,10.867382,99.1,51.3,104.0,61.0
3857261,2022-11-29,Group Stage,Wales,2,90,13,England,4354,Phil Foden,3532,Jordan Brian Henderson,Incomplete,2.1587033,105.1,59.9,105.6,57.8
3857261,2022-11-29,Group Stage,Wales,2,90,49,England,4354,Phil Foden,3336,Harry Maguire,Complete,53.002357,120.0,80.0,111.4,27.7
3857261,2022-11-29,Group Stage,Wales,2,90,51,England,3336,Harry Maguire,,,Incomplete,10.748954,111.4,27.7,113.7,38.2
3857261,2022-11-29,Group Stage,Wales,2,91,26,England,3308,Kieran Trippier,30714,Jude Bellingham,Complete,18.703209,39.4,37.2,56.9,43.8
3857261,2022-11-29,Group Stage,Wales,2,91,29,England,30714,Jude Bellingham,3532,Jordan Brian Henderson,Complete,12.6,55.7,49.7,55.7,62.3
3857261,2022-11-29,Group Stage,Wales,2,91,30,England,3532,Jordan Brian Henderson,4354,Phil Foden,Complete,18.287973,55.7,62.3,70.0,50.9
3857261,2022-11-29,Group Stage,Wales,2,91,32,England,4354,Phil Foden,3616,Callum Wilson,Complete,9.567131,70.0,50.9,77.2,44.6
3857261,2022-11-29,Group Stage,Wales,2,92,25,England,3532,Jordan Brian Henderson,4706,Kalvin Phillips,Complete,6.8154235,75.9,43.8,73.3,37.5
3857261,2022-11-29,Group Stage,Wales,2,92,26,England,4706,Kalvin Phillips,3532,Jordan Brian Henderson,Complete,7.6550636,73.3,37.5,75.9,44.7
3857261,2022-11-29,Group Stage,Wales,2,92,27,England,3532,Jordan Brian Henderson,3244,John Stones,Complete,19.354069,75.9,45.2,57.6,51.5
3857261,2022-11-29,Group Stage,Wales,2,92,28,England,3244,John Stones,3664,Trent Alexander-Arnold,Complete,7.8873315,57.6,51.5,63.7,56.5
3857261,2022-11-29,Group Stage,Wales,2,92,30,England,3664,Trent Alexander-Arnold,3532,Jordan Brian Henderson,Complete,9.360022,57.0,59.0,62.6,51.5
3857261,2022-11-29,Group Stage,Wales,2,92,31,England,3532,Jordan Brian Henderson,3664,Trent Alexander-Arnold,Complete,11.681182,62.6,51.5,52.7,57.7
3857261,2022-11-29,Group Stage,Wales,2,92,32,England,3664,Trent Alexander-Arnold,3244,John Stones,Complete,21.392523,52.7,57.7,31.9,52.7
3857261,2022-11-29,Group Stage,Wales,2,92,36,England,3244,John Stones,3336,Harry Maguire,Complete,19.911053,30.8,48.5,28.7,28.7
3857261,2022-11-29,Group Stage,Wales,2,92,39,England,3336,Harry Maguire,3308,Kieran Trippier,Complete,19.720295,27.7,26.5,32.2,7.3
3857261,2022-11-29,Group Stage,Wales,2,92,41,England,3308,Kieran Trippier,3468,Jordan Pickford,Complete,33.039673,32.2,7.3,5.1,26.2
3857261,2022-11-29,Group Stage,Wales,2,92,45,England,3468,Jordan Pickford,3244,John Stones,Complete,31.11736,5.1,26.2,7.8,57.2
3857261,2022-11-29,Group Stage,Wales,2,92,48,England,3244,John Stones,4706,Kalvin Phillips,Complete,20.47071,7.8,57.2,26.6,49.1
3857261,2022-11-29,Group Stage,Wales,2,92,55,England,4706,Kalvin Phillips,30714,Jude Bellingham,Complete,23.464228,44.1,46.1,57.0,26.5
3857261,2022-11-29,Group Stage,Wales,2,92,58,England,30714,Jude Bellingham,9638,Jack Grealish,Complete,16.070469,64.6,15.2,74.7,2.7
3857261,2022-11-29,Group Stage,Wales,2,93,0,England,9638,Jack Grealish,30714,Jude Bellingham,Complete,4.4407206,73.3,6.1,75.9,2.5
3857261,2022-11-29,Group Stage,Wales,2,93,3,England,30714,Jude Bellingham,9638,Jack Grealish,Incomplete,3.8483763,81.0,7.0,84.5,8.6
3857261,2022-11-29,Group Stage,Wales,2,93,6,England,30714,Jude Bellingham,4706,Kalvin Phillips,Complete,10.171038,73.8,4.5,72.6,14.6
3857261,2022-11-29,Group Stage,Wales,2,93,7,England,4706,Kalvin Phillips,30714,Jude Bellingham,Complete,4.7010636,72.6,14.0,70.3,9.9
3857261,2022-11-29,Group Stage,Wales,2,93,12,England,30714,Jude Bellingham,9638,Jack Grealish,Complete,18.51945,56.0,33.1,74.4,31.0
3857261,2022-11-29,Group Stage,Wales,2,93,14,England,9638,Jack Grealish,3532,Jordan Brian Henderson,Complete,5.7558665,74.4,35.2,80.1,36.0
3857261,2022-11-29,Group Stage,Wales,2,93,15,England,3532,Jordan Brian Henderson,9638,Jack Grealish,Complete,5.178803,82.2,37.0,81.3,42.1
3857261,2022-11-29,Group Stage,Wales,2,93,19,England,9638,Jack Grealish,3616,Callum Wilson,Complete,5.239275,107.2,50.4,108.4,45.3
3857261,2022-11-29,Group Stage,Wales,2,93,24,England,9638,Jack Grealish,4354,Phil Foden,Complete,1.0630146,111.7,47.7,111.0,48.5
3857261,2022-11-29,Group Stage,Wales,2,93,55,England,3664,Trent Alexander-Arnold,9638,Jack Grealish,Complete,24.738634,113.5,80.0,103.9,57.2
3857261,2022-11-29,Group Stage,Wales,2,93,59,England,9638,Jack Grealish,3532,Jordan Brian Henderson,Complete,12.420145,107.8,66.6,97.9,74.1
3869118,2022-12-04,Round of 16,Senegal,1,0,20,England,4354,Philip Foden,3943,Declan Rice,Complete,24.509794,39.8,7.5,18.6,19.8
3869118,2022-12-04,Round of 16,Senegal,1,0,23,England,3943,Declan Rice,3468,Jordan Pickford,Complete,17.896648,15.9,20.5,2.9,32.8
3869118,2022-12-04,Round of 16,Senegal,1,0,24,England,3468,Jordan Pickford,,,Out,39.356068,2.7,32.8,24.6,0.1
3869118,2022-12-04,Round of 16,Senegal,1,1,5,England,3943,Declan Rice,30714,Jude Bellingham,Complete,12.420145,64.1,10.6,74.0,3.1
3869118,2022-12-04,Round of 16,Senegal,1,1,17,England,3382,Luke Shaw,3336,Harry Maguire,Complete,29.64203,67.0,0.1,46.7,21.7
3869118,2022-12-04,Round of 16,Senegal,1,1,19,England,3336,Harry Maguire,3244,John Stones,Complete,22.886896,41.2,20.7,32.1,41.7
3869118,2022-12-04,Round of 16,Senegal,1,1,23,England,3244,John Stones,3468,Jordan Pickford,Complete,21.600925,27.7,45.1,14.9,27.7
3869118,2022-12-04,Round of 16,Senegal,1,1,27,England,3468,Jordan Pickford,3244,John Stones,Complete,22.99152,14.7,30.6,21.7,52.5
3869118,2022-12-04,Round of 16,Senegal,1,1,29,England,3244,John Stones,3205,Kyle Walker,Complete,23.317375,22.2,54.9,36.9,73.0
3869118,2022-12-04,Round of 16,Senegal,1,1,33,England,3205,Kyle Walker,3336,Harry Maguire,Complete,62.315727,37.8,73.0,21.7,12.8
3869118,2022-12-04,Round of 16,Senegal,1,1,39,England,3336,Harry Maguire,3382,Luke Shaw,Complete,10.20784,34.2,9.2,42.6,3.4
3869118,2022-12-04,Round of 16,Senegal,1,1,42,England,3382,Luke Shaw,4354,Philip Foden,Complete,18.30437,44.8,3.1,63.1,2.7
3869118,2022-12-04,Round of 16,Senegal,1,1,45,England,4354,Philip Foden,3336,Harry Maguire,Complete,23.093288,51.3,2.7,29.2,9.4
3869118,2022-12-04,Round of 16,Senegal,1,1,51,England,3336,Harry Maguire,30714,Jude Bellingham,Complete,22.214409,24.1,19.8,39.3,3.6
3869118,2022-12-04,Round of 16,Senegal,1,1,54,England,30714,Jude Bellingham,3336,Harry Maguire,Complete,16.900888,38.1,5.8,25.1,16.6
3869118,2022-12-04,Round of 16,Senegal,1,1,59,England,3336,Harry Maguire,30714,Jude Bellingham,Complete,15.701274,32.1,17.6,38.8,3.4
3869118,2022-12-04,Round of 16,Senegal,1,2,1,England,30714,Jude Bellingham,3382,Luke Shaw,Complete,15.945219,38.8,3.4,54.7,2.2
3869118,2022-12-04,Round of 16,Senegal,1,2,3,England,3382,Luke Shaw,4354,Philip Foden,Incomplete,36.84807,57.3,2.2,94.0,5.5
3869118,2022-12-04,Round of 16,Senegal,1,2,34,England,3532,Jordan Brian Henderson,,,Incomplete,4.652956,89.4,2.7,94.0,3.4
3869118,2022-12-04,Round of 16,Senegal,1,2,51,England,3382,Luke Shaw,10955,Harry Kane,Complete,13.879842,92.0,0.1,97.6,12.8
3869118,2022-12-04,Round of 16,Senegal,1,2,53,England,10955,Harry Kane,3532,Jordan Brian Henderson,Complete,9.995999,95.6,15.4,99.0,24.8
3869118,2022-12-04,Round of 16,Senegal,1,2,55,England,3532,Jordan Brian Henderson,4354,Philip Foden,Out,17.03291,103.6,24.8,120.0,20.2
3869118,2022-12-04,Round of 16,Senegal,1,3,33,England,3468,Jordan Pickford,3244,John Stones,Complete,8.845903,13.0,44.8,19.5,50.8
3869118,2022-12-04,Round of 16,Senegal,1,3,37,England,3244,John Stones,3336,Harry Maguire,Complete,41.524933,21.5,50.8,31.1,10.4
3869118,2022-12-04,Round of 16,Senegal,1,3,41,England,3336,Harry Maguire,3382,Luke Shaw,Complete,16.92838,39.3,11.3,53.7,2.4
3869118,2022-12-04,Round of 16,Senegal,1,3,43,England,3382,Luke Shaw,4354,Philip Foden,Complete,13.5,53.7,2.4,67.2,2.4
3869118,2022-12-04,Round of 16,Senegal,1,3,44,England,4354,Philip Foden,3382,Luke Shaw,Incomplete,7.102816,68.9,2.4,64.8,8.2
3869118,2022-12-04,Round of 16,Senegal,1,4,4,England,3468,Jordan Pickford,3244,John Stones,Complete,24.302263,4.8,35.7,23.6,51.1
3869118,2022-12-04,Round of 16,Senegal,1,4,8,England,3244,John Stones,3205,Kyle Walker,Complete,22.92684,23.6,51.8,32.8,72.8
3869118,2022-12-04,Round of 16,Senegal,1,4,11,England,3205,Kyle Walker,22084,Bukayo Saka,Complete,17.613914,32.8,74.7,50.4,74.0
3869118,2022-12-04,Round of 16,Senegal,1,4,14,England,22084,Bukayo Saka,3336,Harry Maguire,Complete,56.090286,46.0,59.5,38.6,3.9
3869118,2022-12-04,Round of 16,Senegal,1,4,23,England,3336,Harry Maguire,4354,Philip Foden,Complete,14.727526,61.2,3.9,75.9,4.8
3869118,2022-12-04,Round of 16,Senegal,1,4,24,England,4354,Philip Foden,3382,Luke Shaw,Complete,5.162364,74.9,6.5,73.0,1.7
3869118,2022-12-04,Round of 16,Senegal,1,4,25,England,3382,Luke Shaw,30714,Jude Bellingham,Incomplete,17.760912,73.0,1.7,90.1,6.5
3869118,2022-12-04,Round of 16,Senegal,1,4,36,England,3468,Jordan Pickford,3244,John Stones,Complete,18.477283,24.6,14.5,31.6,31.6
3869118,2022-12-04,Round of 16,Senegal,1,4,39,England,3244,John Stones,3205,Kyle Walker,Complete,18.312017,31.8,36.9,36.1,54.7
3869118,2022-12-04,Round of 16,Senegal,1,4,41,England,3205,Kyle Walker,22084,Bukayo Saka,Complete,20.312065,34.9,71.1,55.2,71.8
3869118,2022-12-04,Round of 16,Senegal,1,4,44,England,22084,Bukayo Saka,3532,Jordan Brian Henderson,Complete,15.2,46.3,72.8,46.3,57.6
3869118,2022-12-04,Round of 16,Senegal,1,4,46,England,3532,Jordan Brian Henderson,22084,Bukayo Saka,Complete,10.538027,43.9,59.7,42.2,70.1
3869118,2022-12-04,Round of 16,Senegal,1,4,48,England,22084,Bukayo Saka,3244,John Stones,Complete,26.768639,38.1,69.9,14.7,56.9
3869118,2022-12-04,Round of 16,Senegal,1,4,53,England,3244,John Stones,3336,Harry Maguire,Complete,47.055817,19.8,52.8,28.2,6.5
3869118,2022-12-04,Round of 16,Senegal,1,4,57,England,3336,Harry Maguire,30714,Jude Bellingham,Complete,10.456099,39.0,4.8,47.7,10.6
3869118,2022-12-04,Round of 16,Senegal,1,5,33,England,3336,Harry Maguire,3382,Luke Shaw,Complete,12.984991,42.6,14.9,50.1,4.3
3869118,2022-12-04,Round of 16,Senegal,1,5,36,England,3382,Luke Shaw,3943,Declan Rice,Complete,7.0830784,50.1,4.3,53.7,10.4
3869118,2022-12-04,Round of 16,Senegal,1,5,37,England,3943,Declan Rice,3336,Harry Maguire,Complete,21.692394,53.7,10.4,32.1,8.4
3869118,2022-12-04,Round of 16,Senegal,1,5,42,England,3336,Harry Maguire,3468,Jordan Pickford,Complete,26.05475,23.9,14.2,14.5,38.5
3869118,2022-12-04,Round of 16,Senegal,1,5,46,England,3468,Jordan Pickford,3244,John Stones,Complete,13.68247,14.9,40.5,22.9,51.6
3869118,2022-12-04,Round of 16,Senegal,1,5,48,England,3244,John Stones,3943,Declan Rice,Complete,9.613532,25.1,51.8,34.2,48.7
3869118,2022-12-04,Round of 16,Senegal,1,5,49,England,3943,Declan Rice,3205,Kyle Walker,Complete,24.992998,34.2,48.9,31.1,73.7
3869118,2022-12-04,Round of 16,Senegal,1,5,52,England,3205,Kyle Walker,3244,John Stones,Complete,19.632881,23.6,73.7,4.3,70.1
3869118,2022-12-04,Round of 16,Senegal,1,5,54,England,3244,John Stones,3532,Jordan Brian Henderson,Complete,36.060642,4.3,70.1,40.2,66.7
3869118,2022-12-04,Round of 16,Senegal,1,5,57,England,3532,Jordan Brian Henderson,10955,Harry Kane,Incomplete,19.7,38.1,67.7,57.8,67.7
3869118,2022-12-04,Round of 16,Senegal,1,6,0,England,10955,Harry Kane,,,Incomplete,4.509989,57.3,73.7,52.8,74.0
3869118,2022-12-04,Round of 16,Senegal,1,6,55,England,3532,Jordan Brian Henderson,3205,Kyle Walker,Complete,25.911388,83.6,24.8,81.2,50.6
3869118,2022-12-04,Round of 16,Senegal,1,6,57,England,3205,Kyle Walker,3943,Declan Rice,Complete,45.03621,81.2,50.6,114.7,20.5
3869118,2022-12-04,Round of 16,Senegal,1,7,1,England,3943,Declan Rice,3336,Harry Maguire,Incomplete,20.838905,116.8,20.8,111.3,40.9
3869118,2022-12-04,Round of 16,Senegal,1,7,7,England,3205,Kyle Walker,4354,Philip Foden,Complete,16.594578,82.4,34.7,97.1,27.0
3869118,2022-12-04,Round of 16,Senegal,1,7,9,England,4354,Philip Foden,10955,Harry Kane,Complete,7.220111,97.1,27.9,101.4,33.7
3869118,2022-12-04,Round of 16,Senegal,1,8,23,England,3468,Jordan Pickford,3244,John Stones,Complete,13.787313,12.1,32.5,14.9,46.0
3869118,2022-12-04,Round of 16,Senegal,1,8,35,England,3244,John Stones,3336,Harry Maguire,Complete,24.19132,31.6,29.4,33.7,5.3
3869118,2022-12-04,Round of 16,Senegal,1,8,38,England,3336,Harry Maguire,30714,Jude Bellingham,Complete,20.40098,36.9,6.5,57.3,6.7
3869118,2022-12-04,Round of 16,Senegal,1,8,39,England,30714,Jude Bellingham,3382,Luke Shaw,Complete,6.5620117,57.8,8.2,56.9,1.7
3869118,2022-12-04,Round of 16,Senegal,1,8,40,England,3382,Luke Shaw,10955,Harry Kane,Complete,23.39765,55.9,1.7,77.1,11.6
3869118,2022-12-04,Round of 16,Senegal,1,8,42,England,10955,Harry Kane,4354,Philip Foden,Incomplete,13.038404,76.2,12.8,89.2,11.8
3869118,2022-12-04,Round of 16,Senegal,1,8,48,England,30714,Jude Bellingham,,,Incomplete,29.613848,111.3,9.2,115.6,38.5
3869118,2022-12-04,Round of 16,Senegal,1,8,55,England,22084,Bukayo Saka,3205,Kyle Walker,Complete,15.160475,103.4,74.0,88.4,71.8
3869118,2022-12-04,Round of 16,Senegal,1,8,57,England,3205,Kyle Walker,3943,Declan Rice,Complete,36.50055,86.3,73.0,56.1,52.5
3869118,2022-12-04,Round of 16,Senegal,1,9,0,England,3943,Declan Rice,3244,John Stones,Complete,14.598972,56.1,52.5,48.9,39.8
3869118,2022-12-04,Round of 16,Senegal,1,9,3,England,3244,John Stones,,,Unknown,12.007081,45.8,43.6,48.9,55.2
3869118,2022-12-04,Round of 16,Senegal,1,9,31,England,3336,Harry Maguire,3382,Luke Shaw,Complete,19.59694,31.8,24.3,36.6,5.3
3869118,2022-12-04,Round of 16,Senegal,1,9,35,England,3382,Luke Shaw,3336,Harry Maguire,Complete,22.135265,39.0,4.8,23.1,20.2
3869118,2022-12-04,Round of 16,Senegal,1,9,39,England,3336,Harry Maguire,4354,Philip Foden,Incomplete,42.72154,34.0,13.5,75.2,2.2
3869118,2022-12-04,Round of 16,Senegal,1,9,45,England,30714,Jude Bellingham,3382,Luke Shaw,Complete,5.0328918,52.0,7.2,48.7,3.4
3869118,2022-12-04,Round of 16,Senegal,1,10,18,England,3382,Luke Shaw,3336,Harry Maguire,Complete,6.2201285,53.2,3.1,47.0,3.6
3869118,2022-12-04,Round of 16,Senegal,1,10,23,England,3336,Harry Maguire,3382,Luke Shaw,Complete,14.024621,52.3,6.5,65.8,2.7
3869118,2022-12-04,Round of 16,Senegal,1,10,27,England,3382,Luke Shaw,4354,Philip Foden,Complete,6.462198,87.0,8.7,89.4,2.7
3869118,2022-12-04,Round of 16,Senegal,1,10,28,England,4354,Philip Foden,10955,Harry Kane,Complete,9.042677,89.4,2.7,80.5,4.3
3869118,2022-12-04,Round of 16,Senegal,1,10,31,England,10955,Harry Kane,22084,Bukayo Saka,Complete,62.793392,81.2,6.7,96.1,67.7
3869118,2022-12-04,Round of 16,Senegal,1,10,38,England,22084,Bukayo Saka,3205,Kyle Walker,Complete,18.869287,94.2,72.3,75.9,67.7
3869118,2022-12-04,Round of 16,Senegal,1,10,40,England,3205,Kyle Walker,3244,John Stones,Complete,32.901367,74.4,66.0,54.9,39.5
3869118,2022-12-04,Round of 16,Senegal,1,10,46,England,3244,John Stones,3532,Jordan Brian Henderson,Complete,40.69951,59.0,41.4,82.4,74.7
3869118,2022-12-04,Round of 16,Senegal,1,10,51,England,3532,Jordan Brian Henderson,30714,Jude Bellingham,Incomplete,31.792137,92.3,72.0,96.6,40.5
3869118,2022-12-04,Round of 16,Senegal,1,10,57,England,30714,Jude Bellingham,3205,Kyle Walker,Complete,17.951323,87.2,41.9,73.5,53.5
3869118,2022-12-04,Round of 16,Senegal,1,10,59,England,3205,Kyle Walker,3336,Harry Maguire,Complete,28.407393,73.5,53.5,67.2,25.8
3869118,2022-12-04,Round of 16,Senegal,1,11,3,England,3336,Harry Maguire,4354,Philip Foden,Complete,22.051077,78.1,22.4,90.1,3.9
3869118,2022-12-04,Round of 16,Senegal,1,11,7,England,4354,Philip Foden,3336,Harry Maguire,Complete,17.652761,93.0,3.1,76.1,8.2
3869118,2022-12-04,Round of 16,Senegal,1,11,10,England,3336,Harry Maguire,3244,John Stones,Complete,21.51116,74.0,15.7,64.3,34.9
3869118,2022-12-04,Round of 16,Senegal,1,11,13,England,3244,John Stones,3205,Kyle Walker,Complete,13.2981205,61.0,40.0,63.8,53.0
3869118,2022-12-04,Round of 16,Senegal,1,11,14,England,3205,Kyle Walker,3244,John Stones,Complete,15.835403,63.8,53.0,56.4,39.0
3869118,2022-12-04,Round of 16,Senegal,1,11,17,England,3244,John Stones,3943,Declan Rice,Complete,10.837435,56.4,39.0,67.2,38.1
3869118,2022-12-04,Round of 16,Senegal,1,11,17,England,3943,Declan Rice,3205,Kyle Walker,Complete,16.446884,67.2,38.1,58.1,51.8
3869118,2022-12-04,Round of 16,Senegal,1,11,19,England,3205,Kyle Walker,22084,Bukayo Saka,Complete,29.398129,57.8,52.0,77.3,74.0
3869118,2022-12-04,Round of 16,Senegal,1,11,24,England,22084,Bukayo Saka,3205,Kyle Walker,Complete,28.602448,71.8,74.2,43.9,67.9
3869118,2022-12-04,Round of 16,Senegal,1,11,27,England,3205,Kyle Walker,3244,John Stones,Complete,22.060144,43.9,67.7,37.8,46.5
3869118,2022-12-04,Round of 16,Senegal,1,11,31,England,3244,John Stones,3532,Jordan Brian Henderson,Complete,18.15544,44.1,45.5,61.2,51.6
3869118,2022-12-04,Round of 16,Senegal,1,11,33,England,3532,Jordan Brian Henderson,3205,Kyle Walker,Complete,14.752626,61.2,51.6,47.0,55.6
3869118,2022-12-04,Round of 16,Senegal,1,11,35,England,3205,Kyle Walker,22084,Bukayo Saka,Complete,71.96867,45.1,58.5,116.6,66.7
3869118,2022-12-04,Round of 16,Senegal,1,11,40,England,22084,Bukayo Saka,3382,Luke Shaw,Complete,64.40846,114.2,66.0,91.3,5.8
3869118,2022-12-04,Round of 16,Senegal,1,11,46,England,3382,Luke Shaw,30714,Jude Bellingham,Complete,5.885576,91.6,7.7,90.6,13.5
3869118,2022-12-04,Round of 16,Senegal,1,11,50,England,30714,Jude Bellingham,4354,Philip Foden,Complete,6.3655324,90.6,7.2,95.2,11.6
3869118,2022-12-04,Round of 16,Senegal,1,11,51,England,4354,Philip Foden,30714,Jude Bellingham,Incomplete,4.3908997,96.1,10.6,92.3,12.8
3869118,2022-12-04,Round of 16,Senegal,1,12,2,England,3336,Harry Maguire,10955,Harry Kane,Complete,40.490246,71.1,2.4,110.6,11.3
3869118,2022-12-04,Round of 16,Senegal,1,12,6,England,10955,Harry Kane,22084,Bukayo Saka,Out,67.343895,110.6,11.6,106.2,78.8
3869118,2022-12-04,Round of 16,Senegal,1,12,52,England,3244,John Stones,10955,Harry Kane,Complete,29.275587,74.2,74.9,94.7,54.0
3869118,2022-12-04,Round of 16,Senegal,1,13,4,England,22084,Bukayo Saka,10955,Harry Kane,Complete,12.330855,78.3,66.2,84.6,55.6
3869118,2022-12-04,Round of 16,Senegal,1,13,8,England,10955,Harry Kane,3532,Jordan Brian Henderson,Complete,14.041723,84.6,63.8,93.2,74.9
3869118,2022-12-04,Round of 16,Senegal,1,13,10,England,3532,Jordan Brian Henderson,22084,Bukayo Saka,Out,32.323364,95.6,74.9,120.0,53.7
3869118,2022-12-04,Round of 16,Senegal,1,13,58,England,3336,Harry Maguire,3943,Declan Rice,Complete,5.4451814,38.1,13.7,41.9,17.6
3869118,2022-12-04,Round of 16,Senegal,1,13,59,England,3943,Declan Rice,3244,John Stones,Complete,19.003159,41.9,18.3,25.5,27.9
3869118,2022-12-04,Round of 16,Senegal,1,14,0,England,3244,John Stones,3468,Jordan Pickford,Complete,19.313208,25.5,27.9,7.5,34.9
3869118,2022-12-04,Round of 16,Senegal,1,14,3,England,3468,Jordan Pickford,10955,Harry Kane,Complete,59.385605,7.7,31.8,62.9,9.9
3869118,2022-12-04,Round of 16,Senegal,1,14,6,England,10955,Harry Kane,4354,Philip Foden,Incomplete,17.805899,62.9,9.9,80.5,7.2
3869118,2022-12-04,Round of 16,Senegal,1,14,30,England,3382,Luke Shaw,10955,Harry Kane,Complete,11.166468,107.2,0.1,103.4,10.6
3869118,2022-12-04,Round of 16,Senegal,1,14,31,England,10955,Harry Kane,4354,Philip Foden,Complete,7.34983,102.4,11.6,106.5,5.5
3869118,2022-12-04,Round of 16,Senegal,1,14,32,England,4354,Philip Foden,3382,Luke Shaw,Complete,10.381233,106.5,5.5,96.4,3.1
3869118,2022-12-04,Round of 16,Senegal,1,14,34,England,3382,Luke Shaw,4354,Philip Foden,Complete,7.9,96.4,3.1,104.3,3.1
3869118,2022-12-04,Round of 16,Senegal,1,14,35,England,4354,Philip Foden,10955,Harry Kane,Complete,10.139033,104.3,3.1,100.5,12.5
3869118,2022-12-04,Round of 16,Senegal,1,14,37,England,10955,Harry Kane,,,Incomplete,20.630318,100.0,16.4,115.6,29.9
3869118,2022-12-04,Round of 16,Senegal,1,15,4,England,3244,John Stones,3532,Jordan Brian Henderson,Complete,26.129677,42.9,54.0,68.9,56.6
3869118,2022-12-04,Round of 16,Senegal,1,15,19,England,3205,Kyle Walker,3244,John Stones,Complete,33.049812,57.1,80.0,24.8,73.0
3869118,2022-12-04,Round of 16,Senegal,1,15,22,England,3244,John Stones,3468,Jordan Pickford,Complete,30.464405,24.6,67.2,8.4,41.4
3869118,2022-12-04,Round of 16,Senegal,1,15,26,England,3468,Jordan Pickford,3382,Luke Shaw,Complete,54.241867,10.6,33.5,54.9,2.2
3869118,2022-12-04,Round of 16,Senegal,1,15,52,England,3382,Luke Shaw,3336,Harry Maguire,Complete,17.913681,62.2,4.6,44.3,5.3
3869118,2022-12-04,Round of 16,Senegal,1,15,55,England,3336,Harry Maguire,3244,John Stones,Complete,23.361935,39.3,9.2,37.6,32.5
3869118,2022-12-04,Round of 16,Senegal,1,15,58,England,3244,John Stones,3205,Kyle Walker,Complete,15.655351,37.1,38.5,39.3,54.0
3869118,2022-12-04,Round of 16,Senegal,1,16,3,England,3205,Kyle Walker,3336,Harry Maguire,Complete,48.420242,45.3,55.9,43.9,7.5
3869118,2022-12-04,Round of 16,Senegal,1,16,6,England,3336,Harry Maguire,3382,Luke Shaw,Complete,9.347727,49.6,6.7,57.3,1.4
3869118,2022-12-04,Round of 16,Senegal,1,16,8,England,3382,Luke Shaw,3943,Declan Rice,Complete,10.9,57.3,1.4,57.3,12.3
3869118,2022-12-04,Round of 16,Senegal,1,16,12,England,3943,Declan Rice,4354,Philip Foden,Complete,10.072239,67.2,4.3,76.4,8.4
3869118,2022-12-04,Round of 16,Senegal,1,16,12,England,4354,Philip Foden,3382,Luke Shaw,Complete,10.5418215,77.1,9.9,84.3,2.2
3869118,2022-12-04,Round of 16,Senegal,1,16,15,England,3382,Luke Shaw,10955,Harry Kane,Complete,18.431767,94.2,2.4,92.0,20.7
3869118,2022-12-04,Round of 16,Senegal,1,16,30,England,3943,Declan Rice,3244,John Stones,Complete,12.182364,20.0,14.7,12.5,24.3
3869118,2022-12-04,Round of 16,Senegal,1,16,32,England,3244,John Stones,3943,Declan Rice,Incomplete,3.088689,7.9,24.8,10.6,23.3
3869118,2022-12-04,Round of 16,Senegal,1,16,51,England,3468,Jordan Pickford,3244,John Stones,Complete,13.69562,6.0,36.0,10.6,48.9
3869118,2022-12-04,Round of 16,Senegal,1,16,54,England,3244,John Stones,3943,Declan Rice,Complete,20.648003,14.9,47.0,29.6,32.5
3869118,2022-12-04,Round of 16,Senegal,1,16,55,England,3943,Declan Rice,3244,John Stones,Complete,17.253984,30.8,32.5,24.1,48.4
3869118,2022-12-04,Round of 16,Senegal,1,16,58,England,3244,John Stones,3205,Kyle Walker,Complete,17.544516,27.0,50.8,36.1,65.8
3869118,2022-12-04,Round of 16,Senegal,1,17,0,England,3205,Kyle Walker,22084,Bukayo Saka,Complete,22.246347,36.1,65.8,56.4,74.9
3869118,2022-12-04,Round of 16,Senegal,1,17,3,England,22084,Bukayo Saka,3205,Kyle Walker,Complete,15.223666,54.9,71.1,52.3,56.1
3869118,2022-12-04,Round of 16,Senegal,1,17,11,England,3943,Declan Rice,3468,Jordan Pickford,Complete,30.934286,29.2,55.9,3.9,38.1
3869118,2022-12-04,Round of 16,Senegal,1,17,16,England,3468,Jordan Pickford,30714,Jude Bellingham,Complete,28.301943,9.4,43.1,37.6,40.7
3869118,2022-12-04,Round of 16,Senegal,1,17,18,England,30714,Jude Bellingham,3205,Kyle Walker,Complete,42.29917,37.6,40.7,13.7,75.6
3869118,2022-12-04,Round of 16,Senegal,1,17,23,England,3205,Kyle Walker,3244,John Stones,Complete,14.165098,9.6,75.6,6.0,61.9
3869118,2022-12-04,Round of 16,Senegal,1,17,31,England,3244,John Stones,3532,Jordan Brian Henderson,Complete,12.120231,18.8,39.8,28.9,46.5
3869118,2022-12-04,Round of 16,Senegal,1,17,33,England,3532,Jordan Brian Henderson,3244,John Stones,Complete,16.747538,27.5,46.5,14.7,35.7
3869118,2022-12-04,Round of 16,Senegal,1,17,36,England,3244,John Stones,3336,Harry Maguire,Complete,31.971394,14.7,35.7,24.6,5.3
3869118,2022-12-04,Round of 16,Senegal,1,17,44,England,3336,Harry Maguire,3244,John Stones,Complete,40.47876,26.0,7.2,22.2,47.5
3869118,2022-12-04,Round of 16,Senegal,1,17,51,England,3244,John Stones,3205,Kyle Walker,Complete,11.747766,37.8,53.7,31.8,63.8
3869118,2022-12-04,Round of 16,Senegal,1,17,52,England,3205,Kyle Walker,3468,Jordan Pickford,Complete,26.961454,31.8,63.8,15.4,42.4
3869118,2022-12-04,Round of 16,Senegal,1,18,0,England,3468,Jordan Pickford,3336,Harry Maguire,Complete,20.060907,25.1,32.5,32.1,13.7
3869118,2022-12-04,Round of 16,Senegal,1,18,9,England,3336,Harry Maguire,3244,John Stones,Complete,20.702173,33.0,16.9,33.3,37.6
3869118,2022-12-04,Round of 16,Senegal,1,18,11,England,3244,John Stones,3205,Kyle Walker,Complete,28.941492,36.1,45.5,49.6,71.1
3869118,2022-12-04,Round of 16,Senegal,1,18,15,England,3205,Kyle Walker,3336,Harry Maguire,Complete,44.876053,45.3,64.8,32.8,21.7
3869118,2022-12-04,Round of 16,Senegal,1,18,23,England,3336,Harry Maguire,30714,Jude Bellingham,Complete,15.33884,62.2,15.9,56.4,1.7
3869118,2022-12-04,Round of 16,Senegal,1,18,25,England,30714,Jude Bellingham,4354,Philip Foden,Complete,17.613914,56.4,1.7,74.0,2.4
3869118,2022-12-04,Round of 16,Senegal,1,18,28,England,4354,Philip Foden,30714,Jude Bellingham,Complete,16.62438,69.4,2.2,52.8,3.1
3869118,2022-12-04,Round of 16,Senegal,1,18,30,England,30714,Jude Bellingham,3244,John Stones,Complete,25.878563,51.1,3.6,42.2,27.9
3869118,2022-12-04,Round of 16,Senegal,1,18,33,England,3244,John Stones,3205,Kyle Walker,Complete,17.098831,43.6,32.5,47.7,49.1
3869118,2022-12-04,Round of 16,Senegal,1,18,36,England,3205,Kyle Walker,4354,Philip Foden,Complete,54.739475,49.6,52.8,92.5,18.8
3869118,2022-12-04,Round of 16,Senegal,1,19,29,England,3205,Kyle Walker,10955,Harry Kane,Incomplete,5.239275,74.9,74.9,80.0,73.7
3869118,2022-12-04,Round of 16,Senegal,1,20,24,England,4354,Philip Foden,3244,John Stones,Complete,35.205254,120.0,80.0,113.5,45.4
3869118,2022-12-04,Round of 16,Senegal,1,21,40,England,3943,Declan Rice,22084,Bukayo Saka,Complete,7.800641,12.5,57.6,18.8,62.2
3869118,2022-12-04,Round of 16,Senegal,1,21,40,England,22084,Bukayo Saka,10955,Harry Kane,Incomplete,4.491102,18.4,64.1,22.8,63.2
3869118,2022-12-04,Round of 16,Senegal,1,21,53,England,3336,Harry Maguire,30714,Jude Bellingham,Incomplete,13.203408,27.7,23.4,40.0,18.6
3869118,2022-12-04,Round of 16,Senegal,1,22,58,England,3468,Jordan Pickford,3244,John Stones,Complete,28.708883,6.0,44.0,30.6,58.8
3869118,2022-12-04,Round of 16,Senegal,1,23,3,England,3244,John Stones,3336,Harry Maguire,Complete,24.76227,30.8,46.0,22.7,22.6
3869118,2022-12-04,Round of 16,Senegal,1,23,6,England,3336,Harry Maguire,3382,Luke Shaw,Complete,20.61286,25.5,22.6,33.0,3.4
3869118,2022-12-04,Round of 16,Senegal,1,23,11,England,3382,Luke Shaw,3468,Jordan Pickford,Complete,35.99611,21.9,8.4,4.3,39.8
3869118,2022-12-04,Round of 16,Senegal,1,23,14,England,3468,Jordan Pickford,3244,John Stones,Complete,20.751144,8.4,44.6,17.8,63.1
3869118,2022-12-04,Round of 16,Senegal,1,23,18,England,3244,John Stones,10955,Harry Kane,Incomplete,46.051277,21.9,67.0,65.3,51.6
3869118,2022-12-04,Round of 16,Senegal,1,23,40,England,3382,Luke Shaw,3943,Declan Rice,Complete,12.660568,61.9,0.1,49.6,3.1
3869118,2022-12-04,Round of 16,Senegal,1,23,44,England,3943,Declan Rice,3532,Jordan Brian Henderson,Complete,21.19363,49.2,4.3,37.1,21.7
3869118,2022-12-04,Round of 16,Senegal,1,23,47,England,3532,Jordan Brian Henderson,3205,Kyle Walker,Complete,24.56522,40.0,30.4,43.6,54.7
3869118,2022-12-04,Round of 16,Senegal,1,23,49,England,3205,Kyle Walker,3244,John Stones,Complete,16.042444,43.6,54.9,34.2,41.9
3869118,2022-12-04,Round of 16,Senegal,1,23,51,England,3244,John Stones,3205,Kyle Walker,Complete,16.153328,34.2,42.4,41.9,56.6
3869118,2022-12-04,Round of 16,Senegal,1,23,53,England,3205,Kyle Walker,3244,John Stones,Complete,15.370101,41.2,55.2,28.2,47.0
3869118,2022-12-04,Round of 16,Senegal,1,23,56,England,3244,John Stones,3336,Harry Maguire,Complete,32.03061,25.1,44.8,26.5,12.8
3869118,2022-12-04,Round of 16,Senegal,1,24,0,England,3336,Harry Maguire,3468,Jordan Pickford,Complete,25.93569,26.5,12.5,9.4,32.0
3869118,2022-12-04,Round of 16,Senegal,1,24,7,England,3468,Jordan Pickford,3336,Harry Maguire,Complete,29.001553,13.5,28.4,28.2,3.4
3869118,2022-12-04,Round of 16,Senegal,1,24,11,England,3336,Harry Maguire,3382,Luke Shaw,Complete,17.901117,36.9,5.3,54.7,3.4
3869118,2022-12-04,Round of 16,Senegal,1,24,13,England,3382,Luke Shaw,3336,Harry Maguire,Complete,14.2088,51.8,3.1,37.6,3.6
3869118,2022-12-04,Round of 16,Senegal,1,24,20,England,3336,Harry Maguire,4354,Philip Foden,Incomplete,11.194641,57.3,12.3,67.9,8.7
3869118,2022-12-04,Round of 16,Senegal,1,24,27,England,3336,Harry Maguire,3382,Luke Shaw,Complete,17.30809,39.8,18.8,47.7,3.4
3869118,2022-12-04,Round of 16,Senegal,1,24,31,England,3382,Luke Shaw,30714,Jude Bellingham,Complete,8.005623,54.2,3.4,48.9,9.4
3869118,2022-12-04,Round of 16,Senegal,1,24,33,England,30714,Jude Bellingham,3532,Jordan Brian Henderson,Complete,13.572398,47.2,10.4,51.1,23.4
3869118,2022-12-04,Round of 16,Senegal,1,24,38,England,3532,Jordan Brian Henderson,3244,John Stones,Complete,14.1014185,41.9,30.8,39.0,44.6
3869118,2022-12-04,Round of 16,Senegal,1,24,50,England,3244,John Stones,3336,Harry Maguire,Complete,20.787016,47.7,26.0,45.8,5.3
3869118,2022-12-04,Round of 16,Senegal,1,24,54,England,3336,Harry Maguire,3244,John Stones,Complete,24.96097,44.3,5.5,37.1,29.4
3869118,2022-12-04,Round of 16,Senegal,1,24,57,England,3244,John Stones,3205,Kyle Walker,Complete,9.535198,40.2,35.4,38.6,44.8
3869118,2022-12-04,Round of 16,Senegal,1,25,1,England,3205,Kyle Walker,3336,Harry Maguire,Complete,44.437485,51.8,50.1,44.3,6.3
3869118,2022-12-04,Round of 16,Senegal,1,25,8,England,3336,Harry Maguire,3244,John Stones,Complete,21.2,41.9,11.3,41.9,32.5
3869118,2022-12-04,Round of 16,Senegal,1,25,13,England,3244,John Stones,3205,Kyle Walker,Complete,24.560131,47.2,47.5,54.0,71.1
3869118,2022-12-04,Round of 16,Senegal,1,25,16,England,3205,Kyle Walker,3532,Jordan Brian Henderson,Complete,16.570456,53.7,71.3,59.0,55.6
3869118,2022-12-04,Round of 16,Senegal,1,25,18,England,3532,Jordan Brian Henderson,3244,John Stones,Complete,15.473849,55.2,57.8,40.2,54.0
3869118,2022-12-04,Round of 16,Senegal,1,25,23,England,3244,John Stones,3532,Jordan Brian Henderson,Complete,23.14865,40.2,47.0,47.7,68.9
3869118,2022-12-04,Round of 16,Senegal,1,25,29,England,3532,Jordan Brian Henderson,22084,Bukayo Saka,Complete,13.151806,74.4,74.7,86.3,69.1
3869118,2022-12-04,Round of 16,Senegal,1,25,31,England,22084,Bukayo Saka,3943,Declan Rice,Complete,23.254461,84.3,66.2,75.2,44.8
3869118,2022-12-04,Round of 16,Senegal,1,25,33,England,3943,Declan Rice,3382,Luke Shaw,Complete,38.518826,75.2,43.6,79.3,5.3
3869118,2022-12-04,Round of 16,Senegal,1,25,37,England,3382,Luke Shaw,30714,Jude Bellingham,Complete,11.065261,79.3,4.8,90.3,3.6
3869118,2022-12-04,Round of 16,Senegal,1,25,40,England,30714,Jude Bellingham,3943,Declan Rice,Complete,12.93561,83.1,10.4,71.3,15.7
3869118,2022-12-04,Round of 16,Senegal,1,25,43,England,3943,Declan Rice,3244,John Stones,Complete,19.06856,70.8,16.6,64.8,34.7
3869118,2022-12-04,Round of 16,Senegal,1,25,47,England,3244,John Stones,3943,Declan Rice,Complete,18.69599,64.3,31.8,67.0,13.3
3869118,2022-12-04,Round of 16,Senegal,1,25,49,England,3943,Declan Rice,30714,Jude Bellingham,Complete,10.623088,67.0,12.8,66.3,2.2
3869118,2022-12-04,Round of 16,Senegal,1,25,51,England,30714,Jude Bellingham,22084,Bukayo Saka,Complete,15.007332,66.3,2.2,76.4,13.3
3869118,2022-12-04,Round of 16,Senegal,1,25,53,England,22084,Bukayo Saka,4354,Philip Foden,Complete,10.131634,79.0,13.3,89.1,12.5
3869118,2022-12-04,Round of 16,Senegal,1,25,53,England,4354,Philip Foden,22084,Bukayo Saka,Complete,7.5802374,88.9,13.5,82.4,9.6
3869118,2022-12-04,Round of 16,Senegal,1,25,57,England,22084,Bukayo Saka,4354,Philip Foden,Incomplete,19.092407,88.4,10.4,106.0,17.8
3869118,2022-12-04,Round of 16,Senegal,1,26,2,England,3943,Declan Rice,,,Incomplete,1.9416488,79.3,1.6,80.9,2.7
3869118,2022-12-04,Round of 16,Senegal,1,26,10,England,3382,Luke Shaw,3336,Harry Maguire,Complete,15.81455,67.3,0.1,53.6,8.0
3869118,2022-12-04,Round of 16,Senegal,1,26,14,England,3336,Harry Maguire,3244,John Stones,Complete,15.033629,53.6,20.5,51.6,35.4
3869118,2022-12-04,Round of 16,Senegal,1,26,17,England,3244,John Stones,3943,Declan Rice,Complete,10.50952,51.9,36.4,56.6,27.0
3869118,2022-12-04,Round of 16,Senegal,1,26,18,England,3943,Declan Rice,3244,John Stones,Complete,16.508482,56.6,27.6,50.4,42.9
3869118,2022-12-04,Round of 16,Senegal,1,26,22,England,3244,John Stones,3205,Kyle Walker,Complete,15.979049,52.1,58.6,39.8,68.8
3869118,2022-12-04,Round of 16,Senegal,1,26,24,England,3205,Kyle Walker,3468,Jordan Pickford,Complete,42.205807,38.8,68.4,17.1,32.2
3869118,2022-12-04,Round of 16,Senegal,1,26,29,England,3468,Jordan Pickford,3336,Harry Maguire,Complete,13.232158,20.7,20.5,30.4,11.5
3869118,2022-12-04,Round of 16,Senegal,1,26,34,England,3336,Harry Maguire,3468,Jordan Pickford,Complete,15.921055,30.4,10.6,23.2,24.8
3869118,2022-12-04,Round of 16,Senegal,1,26,43,England,3468,Jordan Pickford,3244,John Stones,Complete,17.710167,27.8,30.3,35.6,46.2
3869118,2022-12-04,Round of 16,Senegal,1,26,50,England,3244,John Stones,10955,Harry Kane,Incomplete,22.607964,44.0,48.0,66.6,47.4
3869118,2022-12-04,Round of 16,Senegal,1,26,52,England,3943,Declan Rice,3336,Harry Maguire,Complete,23.216589,56.6,47.4,37.1,34.8
3869118,2022-12-04,Round of 16,Senegal,1,26,56,England,3336,Harry Maguire,3532,Jordan Brian Henderson,Incomplete,63.31485,35.9,29.6,79.3,75.7
3869118,2022-12-04,Round of 16,Senegal,1,27,17,England,3205,Kyle Walker,10955,Harry Kane,Complete,13.648809,81.4,80.0,91.2,70.5
3869118,2022-12-04,Round of 16,Senegal,1,27,18,England,10955,Harry Kane,3205,Kyle Walker,Complete,9.167879,91.9,69.9,84.8,75.7
3869118,2022-12-04,Round of 16,Senegal,1,27,19,England,3205,Kyle Walker,3244,John Stones,Complete,24.578243,80.9,76.6,57.4,69.4
3869118,2022-12-04,Round of 16,Senegal,1,27,23,England,3244,John Stones,3336,Harry Maguire,Complete,27.044039,55.7,60.7,51.4,34.0
3869118,2022-12-04,Round of 16,Senegal,1,27,26,England,3336,Harry Maguire,3382,Luke Shaw,Complete,29.567719,53.1,28.6,69.8,4.2
3869118,2022-12-04,Round of 16,Senegal,1,27,29,England,3382,Luke Shaw,3336,Harry Maguire,Complete,22.041098,65.2,5.9,46.1,16.9
3869118,2022-12-04,Round of 16,Senegal,1,27,34,England,3336,Harry Maguire,3244,John Stones,Complete,22.9,47.6,22.1,53.6,44.2
3869118,2022-12-04,Round of 16,Senegal,1,27,37,England,3244,John Stones,3532,Jordan Brian Henderson,Complete,13.345411,53.1,48.0,66.4,49.1
3869118,2022-12-04,Round of 16,Senegal,1,27,38,England,3532,Jordan Brian Henderson,3244,John Stones,Complete,16.703592,67.3,50.2,50.8,47.6
3869118,2022-12-04,Round of 16,Senegal,1,27,40,England,3244,John Stones,3532,Jordan Brian Henderson,Complete,6.5604877,50.5,47.3,55.7,51.3
3869118,2022-12-04,Round of 16,Senegal,1,27,44,England,3532,Jordan Brian Henderson,3244,John Stones,Complete,9.0,53.6,50.3,53.6,41.3
3869118,2022-12-04,Round of 16,Senegal,1,27,47,England,3244,John Stones,3336,Harry Maguire,Complete,22.607964,55.3,34.3,55.9,11.7
3869118,2022-12-04,Round of 16,Senegal,1,27,50,England,3336,Harry Maguire,3382,Luke Shaw,Complete,18.82153,62.0,8.6,80.3,4.2
3869118,2022-12-04,Round of 16,Senegal,1,27,51,England,3382,Luke Shaw,4354,Philip Foden,Complete,9.436631,80.3,3.9,87.5,10.0
3869118,2022-12-04,Round of 16,Senegal,1,27,52,England,4354,Philip Foden,3382,Luke Shaw,Complete,7.805767,88.4,10.0,80.6,9.7
3869118,2022-12-04,Round of 16,Senegal,1,27,55,England,3382,Luke Shaw,4354,Philip Foden,Complete,9.362158,82.6,10.6,91.2,6.9
3869118,2022-12-04,Round of 16,Senegal,1,27,59,England,4354,Philip Foden,30714,Jude Bellingham,Complete,9.121951,81.4,6.0,83.4,14.9
3869118,2022-12-04,Round of 16,Senegal,1,27,59,England,30714,Jude Bellingham,3336,Harry Maguire,Complete,22.177465,83.1,14.9,61.1,12.1
3869118,2022-12-04,Round of 16,Senegal,1,28,2,England,3336,Harry Maguire,30714,Jude Bellingham,Complete,15.592627,60.9,13.7,74.1,5.4
3869118,2022-12-04,Round of 16,Senegal,1,28,4,England,30714,Jude Bellingham,3336,Harry Maguire,Complete,21.684326,73.6,3.9,52.5,8.9
3869118,2022-12-04,Round of 16,Senegal,1,28,6,England,3336,Harry Maguire,3244,John Stones,Complete,26.05091,50.4,8.9,47.6,34.8
3869118,2022-12-04,Round of 16,Senegal,1,28,9,England,3244,John Stones,3532,Jordan Brian Henderson,Complete,18.071247,47.2,38.6,53.6,55.5
3869118,2022-12-04,Round of 16,Senegal,1,28,12,England,3532,Jordan Brian Henderson,3244,John Stones,Complete,15.976545,52.1,55.1,46.6,40.1
3869118,2022-12-04,Round of 16,Senegal,1,28,15,England,3244,John Stones,3205,Kyle Walker,Out,58.9705,47.6,46.4,96.2,79.8
3869118,2022-12-04,Round of 16,Senegal,1,30,33,England,3336,Harry Maguire,10955,Harry Kane,Incomplete,35.746887,52.1,31.5,83.1,13.7
3869118,2022-12-04,Round of 16,Senegal,1,30,39,England,30714,Jude Bellingham,10955,Harry Kane,Incomplete,7.930952,61.5,11.4,69.2,9.5
3869118,2022-12-04,Round of 16,Senegal,1,30,50,England,3205,Kyle Walker,22084,Bukayo Saka,Complete,13.601471,20.4,64.4,25.0,77.2
3869118,2022-12-04,Round of 16,Senegal,1,30,53,England,22084,Bukayo Saka,3205,Kyle Walker,Incomplete,8.372574,25.0,77.1,17.7,73.0
3869118,2022-12-04,Round of 16,Senegal,1,31,4,England,22084,Bukayo Saka,10955,Harry Kane,Complete,35.064655,1.8,60.1,36.6,55.8
3869118,2022-12-04,Round of 16,Senegal,1,31,34,England,3943,Declan Rice,3382,Luke Shaw,Complete,52.318733,35.6,56.8,48.9,6.2
3869118,2022-12-04,Round of 16,Senegal,1,31,37,England,3382,Luke Shaw,3336,Harry Maguire,Complete,16.76007,50.4,6.2,34.5,11.5
3869118,2022-12-04,Round of 16,Senegal,1,31,40,England,3336,Harry Maguire,3244,John Stones,Complete,22.9,35.6,13.8,35.6,36.7
3869118,2022-12-04,Round of 16,Senegal,1,31,46,England,3244,John Stones,3336,Harry Maguire,Complete,19.1,40.9,39.6,40.9,20.5
3869118,2022-12-04,Round of 16,Senegal,1,31,49,England,3336,Harry Maguire,4354,Philip Foden,Complete,24.167126,44.3,18.7,62.5,2.8
3869118,2022-12-04,Round of 16,Senegal,1,31,53,England,4354,Philip Foden,3336,Harry Maguire,Complete,22.71057,58.3,4.8,37.2,13.2
3869118,2022-12-04,Round of 16,Senegal,1,32,0,England,3336,Harry Maguire,3468,Jordan Pickford,Complete,22.865913,36.6,12.6,23.3,31.2
3869118,2022-12-04,Round of 16,Senegal,1,32,4,England,3468,Jordan Pickford,3244,John Stones,Complete,16.538742,22.4,34.0,27.6,49.7
3869118,2022-12-04,Round of 16,Senegal,1,32,6,England,3244,John Stones,3336,Harry Maguire,Complete,37.27868,28.4,51.4,37.7,15.3
3869118,2022-12-04,Round of 16,Senegal,1,32,10,England,3336,Harry Maguire,30714,Jude Bellingham,Complete,16.404877,38.8,15.3,50.4,3.7
3869118,2022-12-04,Round of 16,Senegal,1,32,13,England,30714,Jude Bellingham,3336,Harry Maguire,Complete,13.086252,50.5,3.7,39.2,10.3
3869118,2022-12-04,Round of 16,Senegal,1,32,17,England,3336,Harry Maguire,4354,Philip Foden,Incomplete,52.690132,41.3,19.9,93.6,13.5
3869118,2022-12-04,Round of 16,Senegal,1,32,27,England,3382,Luke Shaw,10955,Harry Kane,Complete,5.9228373,89.5,2.7,83.7,3.9
3869118,2022-12-04,Round of 16,Senegal,1,32,35,England,10955,Harry Kane,22084,Bukayo Saka,Incomplete,27.118444,96.2,21.6,105.7,47.0
3869118,2022-12-04,Round of 16,Senegal,1,34,9,England,3468,Jordan Pickford,3336,Harry Maguire,Complete,28.501404,6.0,36.0,32.8,26.3
3869118,2022-12-04,Round of 16,Senegal,1,34,18,England,3336,Harry Maguire,3244,John Stones,Complete,22.150846,40.0,23.8,41.5,45.9
3869118,2022-12-04,Round of 16,Senegal,1,34,21,England,3244,John Stones,3532,Jordan Brian Henderson,Incomplete,16.012495,43.0,48.7,58.8,51.3
3869118,2022-12-04,Round of 16,Senegal,1,34,55,England,3532,Jordan Brian Henderson,22084,Bukayo Saka,Complete,6.511528,12.9,75.1,17.7,70.7
3869118,2022-12-04,Round of 16,Senegal,1,34,56,England,22084,Bukayo Saka,3205,Kyle Walker,Complete,8.429116,17.2,70.2,11.6,63.9
3869118,2022-12-04,Round of 16,Senegal,1,34,57,England,3205,Kyle Walker,10955,Harry Kane,Complete,39.696976,11.7,63.9,51.0,58.3
3869118,2022-12-04,Round of 16,Senegal,1,35,5,England,10955,Harry Kane,,,Incomplete,4.7707443,49.9,51.3,52.5,47.3
3869118,2022-12-04,Round of 16,Senegal,1,35,7,England,22084,Bukayo Saka,30714,Jude Bellingham,Complete,13.25481,56.0,58.0,64.7,48.0
3869118,2022-12-04,Round of 16,Senegal,1,35,8,England,30714,Jude Bellingham,10955,Harry Kane,Complete,10.255242,63.1,49.1,56.0,56.5
3869118,2022-12-04,Round of 16,Senegal,1,35,11,England,10955,Harry Kane,3382,Luke Shaw,Complete,45.028103,58.8,56.9,71.5,13.7
3869118,2022-12-04,Round of 16,Senegal,1,35,15,England,3382,Luke Shaw,4354,Philip Foden,Complete,13.313527,75.3,11.1,86.3,18.6
3869118,2022-12-04,Round of 16,Senegal,1,35,19,England,4354,Philip Foden,3382,Luke Shaw,Complete,7.9120164,86.7,11.1,89.5,3.7
3869118,2022-12-04,Round of 16,Senegal,1,35,22,England,3382,Luke Shaw,30714,Jude Bellingham,Complete,8.713208,88.0,3.7,92.6,11.1
3869118,2022-12-04,Round of 16,Senegal,1,35,24,England,30714,Jude Bellingham,4354,Philip Foden,Complete,5.2239833,93.6,8.9,94.1,3.7
3869118,2022-12-04,Round of 16,Senegal,1,35,24,England,4354,Philip Foden,3382,Luke Shaw,Complete,10.012992,94.7,3.3,84.8,4.8
3869118,2022-12-04,Round of 16,Senegal,1,35,27,England,3382,Luke Shaw,3943,Declan Rice,Complete,12.73185,84.8,4.8,74.1,11.7
3869118,2022-12-04,Round of 16,Senegal,1,35,30,England,3943,Declan Rice,3336,Harry Maguire,Complete,13.542894,72.5,16.6,64.6,27.6
3869118,2022-12-04,Round of 16,Senegal,1,35,33,England,3336,Harry Maguire,3244,John Stones,Complete,17.404884,67.6,31.2,60.3,47.0
3869118,2022-12-04,Round of 16,Senegal,1,35,35,England,3244,John Stones,3205,Kyle Walker,Complete,7.7698135,61.1,49.1,65.2,55.7
3869118,2022-12-04,Round of 16,Senegal,1,35,38,England,3205,Kyle Walker,22084,Bukayo Saka,Incomplete,32.2,64.6,67.1,96.8,67.1
3869118,2022-12-04,Round of 16,Senegal,1,37,45,England,3468,Jordan Pickford,3244,John Stones,Complete,17.395401,6.0,36.0,23.2,38.6
3869118,2022-12-04,Round of 16,Senegal,1,37,48,England,3244,John Stones,3336,Harry Maguire,Complete,26.442768,26.7,37.0,35.6,12.1
3869118,2022-12-04,Round of 16,Senegal,1,37,50,England,3336,Harry Maguire,3382,Luke Shaw,Complete,12.80039,34.8,9.4,45.1,1.8
3869118,2022-12-04,Round of 16,Senegal,1,37,52,England,3382,Luke Shaw,4354,Philip Foden,Complete,13.200378,45.1,0.3,58.0,3.1
3869118,2022-12-04,Round of 16,Senegal,1,37,53,England,4354,Philip Foden,10955,Harry Kane,Complete,14.996666,58.0,2.8,68.3,13.7
3869118,2022-12-04,Round of 16,Senegal,1,37,56,England,10955,Harry Kane,30714,Jude Bellingham,Complete,28.488068,71.9,6.0,97.3,18.9
3869118,2022-12-04,Round of 16,Senegal,1,37,59,England,30714,Jude Bellingham,3532,Jordan Brian Henderson,Complete,16.714664,106.9,21.3,107.6,38.0
3869118,2022-12-04,Round of 16,Senegal,1,40,29,England,3468,Jordan Pickford,22084,Bukayo Saka,Complete,95.86918,6.0,44.0,97.9,71.3
3869118,2022-12-04,Round of 16,Senegal,1,40,38,England,22084,Bukayo Saka,10955,Harry Kane,Complete,22.68612,112.9,61.8,110.0,39.3
3869118,2022-12-04,Round of 16,Senegal,1,41,11,England,3244,John Stones,30714,Jude Bellingham,Complete,9.124144,57.4,68.4,63.7,61.8
3869118,2022-12-04,Round of 16,Senegal,1,41,15,England,30714,Jude Bellingham,3532,Jordan Brian Henderson,Complete,5.9774575,63.7,61.8,65.5,67.5
3869118,2022-12-04,Round of 16,Senegal,1,41,15,England,3532,Jordan Brian Henderson,10955,Harry Kane,Complete,16.124516,66.3,67.3,77.9,56.1
3869118,2022-12-04,Round of 16,Senegal,1,41,17,England,10955,Harry Kane,22084,Bukayo Saka,Complete,18.391846,78.2,58.3,93.3,68.8
3869118,2022-12-04,Round of 16,Senegal,1,41,21,England,22084,Bukayo Saka,4354,Philip Foden,Out,38.556454,103.4,63.9,120.0,29.1
3869118,2022-12-04,Round of 16,Senegal,1,41,57,England,3244,John Stones,3468,Jordan Pickford,Complete,31.961227,38.3,56.1,12.9,36.7
3869118,2022-12-04,Round of 16,Senegal,1,42,1,England,3468,Jordan Pickford,22084,Bukayo Saka,Incomplete,71.75716,14.5,34.0,82.3,57.5
3869118,2022-12-04,Round of 16,Senegal,1,42,10,England,3205,Kyle Walker,,,Incomplete,3.6496575,52.1,59.2,55.7,58.6
3869118,2022-12-04,Round of 16,Senegal,1,42,11,England,3205,Kyle Walker,10955,Harry Kane,Incomplete,41.703358,51.6,58.6,89.5,41.2
3869118,2022-12-04,Round of 16,Senegal,1,42,21,England,3382,Luke Shaw,30714,Jude Bellingham,Complete,19.90628,59.2,26.5,79.1,26.0
3869118,2022-12-04,Round of 16,Senegal,1,42,24,England,30714,Jude Bellingham,3382,Luke Shaw,Complete,10.592922,92.3,23.8,102.8,22.4
3869118,2022-12-04,Round of 16,Senegal,1,42,27,England,3382,Luke Shaw,,,Incomplete,3.2,117.9,24.2,117.9,27.4
3869118,2022-12-04,Round of 16,Senegal,1,43,3,England,4354,Philip Foden,,,Incomplete,36.282917,120.0,0.1,114.1,35.9
3869118,2022-12-04,Round of 16,Senegal,1,43,6,England,30714,Jude Bellingham,22084,Bukayo Saka,Complete,20.47071,93.6,27.6,95.3,48.0
3869118,2022-12-04,Round of 16,Senegal,1,43,8,England,22084,Bukayo Saka,,,Incomplete,2.0248456,93.6,49.6,95.3,48.5
3869118,2022-12-04,Round of 16,Senegal,1,43,16,England,3336,Harry Maguire,,,Incomplete,2.9154758,72.7,74.8,75.4,75.9
3869118,2022-12-04,Round of 16,Senegal,1,43,57,England,3205,Kyle Walker,3244,John Stones,Complete,21.676023,61.1,80.0,40.3,73.9
3869118,2022-12-04,Round of 16,Senegal,1,44,1,England,3244,John Stones,3205,Kyle Walker,Complete,11.501739,38.9,76.0,50.4,76.2
3869118,2022-12-04,Round of 16,Senegal,1,44,2,England,3205,Kyle Walker,3468,Jordan Pickford,Complete,39.579037,47.6,75.1,14.5,53.4
3869118,2022-12-04,Round of 16,Senegal,1,44,11,England,3468,Jordan Pickford,3244,John Stones,Complete,6.5855904,14.5,52.9,18.9,57.8
3869118,2022-12-04,Round of 16,Senegal,1,44,13,England,3244,John Stones,3943,Declan Rice,Complete,15.554099,19.8,58.3,35.1,55.5
3869118,2022-12-04,Round of 16,Senegal,1,44,15,England,3943,Declan Rice,3205,Kyle Walker,Complete,19.374725,36.6,56.9,34.9,76.2
3869118,2022-12-04,Round of 16,Senegal,1,44,16,England,3205,Kyle Walker,3532,Jordan Brian Henderson,Complete,14.940214,35.9,76.6,50.4,73.0
3869118,2022-12-04,Round of 16,Senegal,1,44,18,England,3532,Jordan Brian Henderson,3943,Declan Rice,Complete,9.502105,48.2,73.6,57.7,73.4
3869118,2022-12-04,Round of 16,Senegal,1,44,24,England,3943,Declan Rice,4354,Philip Foden,Incomplete,21.749712,103.4,65.5,107.8,44.2
3869118,2022-12-04,Round of 16,Senegal,1,45,1,England,4354,Philip Foden,3336,Harry Maguire,Incomplete,49.320686,120.0,80.0,112.2,31.3
3869118,2022-12-04,Round of 16,Senegal,1,45,11,England,3382,Luke Shaw,3205,Kyle Walker,Complete,31.972488,75.7,0.1,52.5,22.1
3869118,2022-12-04,Round of 16,Senegal,1,45,18,England,3205,Kyle Walker,30714,Jude Bellingham,Complete,19.964218,43.7,26.3,42.1,46.2
3869118,2022-12-04,Round of 16,Senegal,1,45,19,England,30714,Jude Bellingham,3468,Jordan Pickford,Complete,24.665766,43.2,45.3,19.8,37.5
3869118,2022-12-04,Round of 16,Senegal,1,45,32,England,3468,Jordan Pickford,3532,Jordan Brian Henderson,Complete,61.48333,23.2,30.8,70.4,70.2
3869118,2022-12-04,Round of 16,Senegal,1,45,34,England,3532,Jordan Brian Henderson,22084,Bukayo Saka,Complete,12.149074,70.4,70.7,80.6,64.1
3869118,2022-12-04,Round of 16,Senegal,1,45,37,England,22084,Bukayo Saka,30714,Jude Bellingham,Complete,8.570297,76.4,61.8,68.0,63.5
3869118,2022-12-04,Round of 16,Senegal,1,45,38,England,30714,Jude Bellingham,3532,Jordan Brian Henderson,Complete,16.635204,68.3,64.4,80.6,75.6
3869118,2022-12-04,Round of 16,Senegal,1,45,39,England,3532,Jordan Brian Henderson,10955,Harry Kane,Complete,13.77534,81.2,75.1,93.6,69.1
3869118,2022-12-04,Round of 16,Senegal,1,46,46,England,3205,Kyle Walker,22084,Bukayo Saka,Complete,11.253888,17.2,67.3,28.4,68.4
3869118,2022-12-04,Round of 16,Senegal,1,46,47,England,22084,Bukayo Saka,,,Incomplete,13.76154,28.2,68.8,40.9,63.5
3869118,2022-12-04,Round of 16,Senegal,1,47,12,England,30714,Jude Bellingham,4354,Philip Foden,Complete,25.019993,63.5,44.1,82.9,28.3
3869118,2022-12-04,Round of 16,Senegal,1,47,14,England,4354,Philip Foden,10955,Harry Kane,Complete,23.70232,82.6,28.8,93.2,50.0
3869118,2022-12-04,Round of 16,Senegal,2,45,0,England,30714,Jude Bellingham,3336,Harry Maguire,Complete,14.623953,61.0,40.1,46.5,38.2
3869118,2022-12-04,Round of 16,Senegal,2,45,3,England,3336,Harry Maguire,10955,Harry Kane,Incomplete,51.211132,42.2,43.1,85.9,69.8
3869118,2022-12-04,Round of 16,Senegal,2,45,15,England,3205,Kyle Walker,3943,Declan Rice,Complete,34.46462,72.9,80.0,64.4,46.6
3869118,2022-12-04,Round of 16,Senegal,2,45,21,England,3943,Declan Rice,3382,Luke Shaw,Complete,27.95711,76.8,36.9,67.6,10.5
3869118,2022-12-04,Round of 16,Senegal,2,45,24,England,3382,Luke Shaw,4354,Philip Foden,Complete,12.304471,68.7,4.5,80.9,6.1
3869118,2022-12-04,Round of 16,Senegal,2,45,27,England,4354,Philip Foden,3336,Harry Maguire,Complete,28.85914,75.4,5.6,49.2,17.7
3869118,2022-12-04,Round of 16,Senegal,2,45,31,England,3336,Harry Maguire,3244,John Stones,Complete,17.301155,44.8,34.2,45.0,51.5
3869118,2022-12-04,Round of 16,Senegal,2,45,33,England,3244,John Stones,3943,Declan Rice,Complete,12.080149,45.0,52.7,54.7,45.5
3869118,2022-12-04,Round of 16,Senegal,2,45,34,England,3943,Declan Rice,3205,Kyle Walker,Complete,26.163334,54.6,45.3,49.2,70.9
3869118,2022-12-04,Round of 16,Senegal,2,45,36,England,3205,Kyle Walker,3244,John Stones,Complete,23.464441,48.2,72.1,25.9,64.8
3869118,2022-12-04,Round of 16,Senegal,2,45,39,England,3244,John Stones,3468,Jordan Pickford,Complete,24.377243,16.5,59.9,5.2,38.3
3869118,2022-12-04,Round of 16,Senegal,2,45,43,England,3468,Jordan Pickford,4354,Philip Foden,Complete,60.524788,9.1,35.6,64.4,11.0
3869118,2022-12-04,Round of 16,Senegal,2,45,46,England,4354,Philip Foden,10955,Harry Kane,Incomplete,15.966528,63.8,11.0,78.0,18.3
3869118,2022-12-04,Round of 16,Senegal,2,45,52,England,3336,Harry Maguire,3382,Luke Shaw,Incomplete,16.54116,32.7,3.3,48.3,8.8
3869118,2022-12-04,Round of 16,Senegal,2,46,4,England,3382,Luke Shaw,10955,Harry Kane,Incomplete,47.283928,8.3,5.5,54.7,14.6
3869118,2022-12-04,Round of 16,Senegal,2,46,35,England,3382,Luke Shaw,4354,Philip Foden,Complete,23.549097,28.5,0.1,50.5,8.5
3869118,2022-12-04,Round of 16,Senegal,2,46,37,England,4354,Philip Foden,10955,Harry Kane,Complete,10.404326,50.5,8.5,60.9,8.8
3869118,2022-12-04,Round of 16,Senegal,2,46,52,England,3244,John Stones,3205,Kyle Walker,Complete,11.136427,55.5,52.1,54.6,63.2
3869118,2022-12-04,Round of 16,Senegal,2,46,54,England,3205,Kyle Walker,3532,Jordan Brian Henderson,Complete,10.309219,53.7,72.1,63.5,75.3
3869118,2022-12-04,Round of 16,Senegal,2,46,56,England,3532,Jordan Brian Henderson,22084,Bukayo Saka,Complete,16.601204,63.5,76.4,80.1,76.2
3869118,2022-12-04,Round of 16,Senegal,2,46,58,England,22084,Bukayo Saka,3205,Kyle Walker,Complete,26.215454,78.0,77.3,51.8,76.4
3869118,2022-12-04,Round of 16,Senegal,2,47,1,England,3205,Kyle Walker,3943,Declan Rice,Complete,7.2346387,48.3,76.2,53.8,71.5
3869118,2022-12-04,Round of 16,Senegal,2,47,3,England,3943,Declan Rice,3244,John Stones,Complete,21.067986,51.5,61.2,38.4,44.7
3869118,2022-12-04,Round of 16,Senegal,2,47,6,England,3244,John Stones,3336,Harry Maguire,Complete,26.005,37.8,42.6,32.7,17.1
3869118,2022-12-04,Round of 16,Senegal,2,47,9,England,3336,Harry Maguire,3943,Declan Rice,Complete,15.913831,33.8,15.7,44.8,27.2
3869118,2022-12-04,Round of 16,Senegal,2,47,10,England,3943,Declan Rice,3244,John Stones,Complete,22.631174,45.3,27.8,34.9,47.9
3869118,2022-12-04,Round of 16,Senegal,2,47,13,England,3244,John Stones,30714,Jude Bellingham,Complete,16.18178,43.1,31.0,58.7,26.7
3869118,2022-12-04,Round of 16,Senegal,2,47,14,England,30714,Jude Bellingham,3336,Harry Maguire,Complete,22.953213,57.6,25.0,35.5,18.8
3869118,2022-12-04,Round of 16,Senegal,2,47,18,England,3336,Harry Maguire,22084,Bukayo Saka,Complete,67.24121,35.3,23.6,94.6,55.3
3869118,2022-12-04,Round of 16,Senegal,2,47,24,England,22084,Bukayo Saka,3532,Jordan Brian Henderson,Complete,5.7558665,101.0,58.5,106.7,59.3
3869118,2022-12-04,Round of 16,Senegal,2,47,26,England,3532,Jordan Brian Henderson,,,Incomplete,20.035967,114.0,58.0,112.8,38.0
3869118,2022-12-04,Round of 16,Senegal,2,47,30,England,3943,Declan Rice,,,Incomplete,22.104525,83.0,51.6,104.0,44.7
3869118,2022-12-04,Round of 16,Senegal,2,47,36,England,3244,John Stones,3382,Luke Shaw,Complete,17.293062,71.6,41.4,75.7,24.6
3869118,2022-12-04,Round of 16,Senegal,2,47,39,England,3382,Luke Shaw,3336,Harry Maguire,Complete,16.75291,64.1,18.3,47.6,21.2
3869118,2022-12-04,Round of 16,Senegal,2,47,43,England,3336,Harry Maguire,30714,Jude Bellingham,Complete,66.06035,51.1,25.6,113.7,4.5
3869118,2022-12-04,Round of 16,Senegal,2,48,13,England,3244,John Stones,3336,Harry Maguire,Complete,20.3578,62.4,52.7,45.4,41.5
3869118,2022-12-04,Round of 16,Senegal,2,48,15,England,3336,Harry Maguire,3205,Kyle Walker,Complete,27.018513,44.4,40.5,45.4,67.5
3869118,2022-12-04,Round of 16,Senegal,2,48,19,England,3205,Kyle Walker,3244,John Stones,Complete,6.8117547,45.4,73.9,40.2,69.5
3869118,2022-12-04,Round of 16,Senegal,2,48,21,England,3244,John Stones,3205,Kyle Walker,Complete,9.441399,40.5,67.5,45.0,75.8
3869118,2022-12-04,Round of 16,Senegal,2,48,22,England,3205,Kyle Walker,3244,John Stones,Complete,11.244999,47.0,73.9,39.2,65.8
3869118,2022-12-04,Round of 16,Senegal,2,48,24,England,3244,John Stones,3943,Declan Rice,Complete,12.587296,39.8,62.6,48.6,53.6
3869118,2022-12-04,Round of 16,Senegal,2,48,29,England,3943,Declan Rice,3382,Luke Shaw,Complete,25.181343,54.9,37.7,50.0,13.0
3869118,2022-12-04,Round of 16,Senegal,2,48,32,England,3382,Luke Shaw,30714,Jude Bellingham,Complete,22.645088,49.2,4.5,62.4,22.9
3869118,2022-12-04,Round of 16,Senegal,2,48,33,England,30714,Jude Bellingham,4354,Philip Foden,Incomplete,28.11014,62.5,21.5,69.2,48.8
3869118,2022-12-04,Round of 16,Senegal,2,48,38,England,10955,Harry Kane,30714,Jude Bellingham,Complete,20.500975,70.8,46.6,81.8,29.3
3869118,2022-12-04,Round of 16,Senegal,2,49,36,England,3468,Jordan Pickford,3943,Declan Rice,Complete,19.114916,7.0,44.1,23.7,34.8
3869118,2022-12-04,Round of 16,Senegal,2,49,39,England,3943,Declan Rice,3336,Harry Maguire,Complete,14.978985,22.7,33.1,10.1,25.0
3869118,2022-12-04,Round of 16,Senegal,2,49,41,England,3336,Harry Maguire,3382,Luke Shaw,Complete,32.165977,14.9,23.3,41.0,4.5
3869118,2022-12-04,Round of 16,Senegal,2,49,47,England,3382,Luke Shaw,3336,Harry Maguire,Complete,25.743736,40.2,3.5,15.9,12.0
3869118,2022-12-04,Round of 16,Senegal,2,49,50,England,3336,Harry Maguire,3468,Jordan Pickford,Complete,24.166506,13.3,14.0,6.2,37.1
3869118,2022-12-04,Round of 16,Senegal,2,49,54,England,3468,Jordan Pickford,3244,John Stones,Complete,13.245754,12.3,43.2,21.1,53.1
3869118,2022-12-04,Round of 16,Senegal,2,50,4,England,3244,John Stones,3205,Kyle Walker,Complete,40.915768,38.7,61.5,76.4,77.4
3869118,2022-12-04,Round of 16,Senegal,2,50,18,England,22084,Bukayo Saka,3532,Jordan Brian Henderson,Complete,25.844341,106.7,80.0,82.4,71.2
3869118,2022-12-04,Round of 16,Senegal,2,50,21,England,3532,Jordan Brian Henderson,3943,Declan Rice,Complete,8.091971,81.3,75.3,75.1,70.1
3869118,2022-12-04,Round of 16,Senegal,2,50,25,England,3943,Declan Rice,10955,Harry Kane,Complete,14.8296995,76.1,65.8,90.7,63.2
3869118,2022-12-04,Round of 16,Senegal,2,50,28,England,10955,Harry Kane,22084,Bukayo Saka,Incomplete,14.591093,86.4,62.5,100.7,59.6
3869118,2022-12-04,Round of 16,Senegal,2,50,32,England,3943,Declan Rice,3382,Luke Shaw,Complete,10.447967,75.1,49.6,76.1,39.2
3869118,2022-12-04,Round of 16,Senegal,2,50,34,England,3382,Luke Shaw,3244,John Stones,Complete,21.973848,67.6,40.3,50.5,54.1
3869118,2022-12-04,Round of 16,Senegal,2,50,37,England,3244,John Stones,3468,Jordan Pickford,Complete,31.381842,45.0,61.5,20.1,42.4
3869118,2022-12-04,Round of 16,Senegal,2,50,41,England,3468,Jordan Pickford,3244,John Stones,Complete,24.80907,22.2,37.7,27.2,62.0
3869118,2022-12-04,Round of 16,Senegal,2,50,46,England,3244,John Stones,3943,Declan Rice,Complete,8.914034,38.7,71.2,39.2,62.3
3869118,2022-12-04,Round of 16,Senegal,2,50,49,England,3943,Declan Rice,3336,Harry Maguire,Complete,20.359274,39.2,69.5,34.9,49.6
3869118,2022-12-04,Round of 16,Senegal,2,50,54,England,3336,Harry Maguire,3382,Luke Shaw,Complete,32.457973,44.4,36.2,61.8,8.8
3869118,2022-12-04,Round of 16,Senegal,2,50,57,England,3382,Luke Shaw,10955,Harry Kane,Incomplete,19.863535,61.8,5.6,79.8,14.0
3869118,2022-12-04,Round of 16,Senegal,2,51,24,England,3382,Luke Shaw,30714,Jude Bellingham,Complete,12.270289,85.3,0.1,96.9,4.1
3869118,2022-12-04,Round of 16,Senegal,2,51,41,England,3382,Luke Shaw,30714,Jude Bellingham,Complete,10.965857,101.2,0.1,100.0,11.0
3869118,2022-12-04,Round of 16,Senegal,2,51,42,England,30714,Jude Bellingham,3382,Luke Shaw,Complete,6.207254,100.0,11.7,99.7,5.5
3869118,2022-12-04,Round of 16,Senegal,2,51,43,England,3382,Luke Shaw,4354,Philip Foden,Complete,6.958448,100.3,3.5,107.2,4.4
3869118,2022-12-04,Round of 16,Senegal,2,51,44,England,4354,Philip Foden,10955,Harry Kane,Complete,11.0421915,106.7,3.9,98.0,10.7
3869118,2022-12-04,Round of 16,Senegal,2,51,46,England,10955,Harry Kane,3382,Luke Shaw,Complete,12.447088,96.2,10.7,104.0,20.4
3869118,2022-12-04,Round of 16,Senegal,2,51,48,England,3382,Luke Shaw,3532,Jordan Brian Henderson,Incomplete,1.2206556,102.1,24.0,101.4,25.0
3869118,2022-12-04,Round of 16,Senegal,2,51,51,England,30714,Jude Bellingham,,,Incomplete,8.655634,110.2,18.9,104.6,25.5
3869118,2022-12-04,Round of 16,Senegal,2,51,57,England,10955,Harry Kane,3943,Declan Rice,Complete,17.836199,93.6,20.4,82.3,34.2
3869118,2022-12-04,Round of 16,Senegal,2,51,58,England,3943,Declan Rice,3205,Kyle Walker,Complete,30.808441,82.3,34.5,71.9,63.5
3869118,2022-12-04,Round of 16,Senegal,2,52,1,England,3205,Kyle Walker,22084,Bukayo Saka,Complete,24.106846,74.0,63.7,95.7,74.2
3869118,2022-12-04,Round of 16,Senegal,2,52,7,England,22084,Bukayo Saka,3205,Kyle Walker,Complete,9.339165,97.2,72.1,88.1,74.2
3869118,2022-12-04,Round of 16,Senegal,2,52,8,England,3205,Kyle Walker,3532,Jordan Brian Henderson,Complete,13.054118,88.5,74.2,101.4,76.2
3869118,2022-12-04,Round of 16,Senegal,2,52,11,England,3532,Jordan Brian Henderson,22084,Bukayo Saka,Complete,10.980892,99.4,75.3,90.7,68.6
3869118,2022-12-04,Round of 16,Senegal,2,52,13,England,22084,Bukayo Saka,3336,Harry Maguire,Complete,34.677082,89.6,67.7,75.1,36.2
3869118,2022-12-04,Round of 16,Senegal,2,52,16,England,3336,Harry Maguire,3382,Luke Shaw,Complete,33.485817,76.1,35.0,94.0,6.7
3869118,2022-12-04,Round of 16,Senegal,2,52,19,England,3382,Luke Shaw,4354,Philip Foden,Complete,9.300538,90.7,5.6,90.8,14.9
3869118,2022-12-04,Round of 16,Senegal,2,52,21,England,4354,Philip Foden,3382,Luke Shaw,Complete,9.213035,92.3,18.9,88.1,10.7
3869118,2022-12-04,Round of 16,Senegal,2,52,23,England,3382,Luke Shaw,3336,Harry Maguire,Complete,15.523531,86.2,10.5,72.5,17.8
3869118,2022-12-04,Round of 16,Senegal,2,52,25,England,3336,Harry Maguire,3244,John Stones,Complete,33.002422,69.6,18.9,45.0,40.9
3869118,2022-12-04,Round of 16,Senegal,2,52,29,England,3244,John Stones,3468,Jordan Pickford,Complete,29.002758,43.1,40.5,14.1,40.9
3869118,2022-12-04,Round of 16,Senegal,2,52,41,England,3468,Jordan Pickford,10955,Harry Kane,Complete,59.985416,18.8,37.2,74.8,15.7
3869118,2022-12-04,Round of 16,Senegal,2,52,44,England,10955,Harry Kane,4354,Philip Foden,Complete,3.3241541,73.7,16.0,74.6,19.2
3869118,2022-12-04,Round of 16,Senegal,2,52,49,England,4354,Philip Foden,10955,Harry Kane,Incomplete,30.88074,88.1,23.6,118.2,30.5
3869118,2022-12-04,Round of 16,Senegal,2,53,12,England,3336,Harry Maguire,4354,Philip Foden,Incomplete,23.570532,67.6,31.4,83.5,14.0
3869118,2022-12-04,Round of 16,Senegal,2,53,37,England,10955,Harry Kane,22084,Bukayo Saka,Complete,16.003124,87.3,35.6,96.2,48.9
3869118,2022-12-04,Round of 16,Senegal,2,55,0,England,3468,Jordan Pickford,10955,Harry Kane,Incomplete,79.04758,7.0,44.1,85.6,52.5
3869118,2022-12-04,Round of 16,Senegal,2,55,10,England,3244,John Stones,3382,Luke Shaw,Complete,23.601906,58.1,38.8,64.2,16.0
3869118,2022-12-04,Round of 16,Senegal,2,55,13,England,3382,Luke Shaw,10955,Harry Kane,Complete,12.907362,65.3,17.1,75.1,25.5
3869118,2022-12-04,Round of 16,Senegal,2,55,15,England,10955,Harry Kane,22084,Bukayo Saka,Complete,47.543873,76.1,27.6,100.0,68.7
3869118,2022-12-04,Round of 16,Senegal,2,55,20,England,22084,Bukayo Saka,3532,Jordan Brian Henderson,Complete,14.827677,100.0,70.1,114.5,73.2
3869118,2022-12-04,Round of 16,Senegal,2,55,22,England,3532,Jordan Brian Henderson,,,Incomplete,26.475082,116.6,74.2,108.8,48.9
3869118,2022-12-04,Round of 16,Senegal,2,55,30,England,3205,Kyle Walker,3244,John Stones,Complete,21.6601,67.1,76.2,52.5,60.2
3869118,2022-12-04,Round of 16,Senegal,2,55,34,England,3244,John Stones,3336,Harry Maguire,Complete,26.966831,53.5,51.0,59.0,24.6
3869118,2022-12-04,Round of 16,Senegal,2,55,37,England,3336,Harry Maguire,3382,Luke Shaw,Complete,27.941545,65.9,25.3,86.2,6.1
3869118,2022-12-04,Round of 16,Senegal,2,55,39,England,3382,Luke Shaw,10955,Harry Kane,Complete,9.602604,88.1,3.5,86.7,13.0
3869118,2022-12-04,Round of 16,Senegal,2,56,32,England,3382,Luke Shaw,4354,Philip Foden,Complete,14.35688,43.9,28.2,57.5,23.6
3869118,2022-12-04,Round of 16,Senegal,2,56,33,England,4354,Philip Foden,3382,Luke Shaw,Complete,9.3771,57.6,17.7,48.3,18.9
3869118,2022-12-04,Round of 16,Senegal,2,56,34,England,3382,Luke Shaw,10955,Harry Kane,Complete,20.090048,47.1,12.6,67.1,14.5
3869118,2022-12-04,Round of 16,Senegal,2,56,42,England,4354,Philip Foden,22084,Bukayo Saka,Complete,22.046541,105.7,14.5,111.0,35.9
3869118,2022-12-04,Round of 16,Senegal,2,58,20,England,3532,Jordan Brian Henderson,3943,Declan Rice,Complete,11.013628,89.6,80.0,80.3,74.1
3869118,2022-12-04,Round of 16,Senegal,2,58,21,England,3943,Declan Rice,3532,Jordan Brian Henderson,Complete,2.9206164,81.2,75.1,83.0,77.4
3869118,2022-12-04,Round of 16,Senegal,2,58,22,England,3532,Jordan Brian Henderson,3205,Kyle Walker,Complete,17.681911,83.3,77.3,66.4,72.1
3869118,2022-12-04,Round of 16,Senegal,2,58,24,England,3205,Kyle Walker,3943,Declan Rice,Complete,7.9881163,65.9,72.5,72.5,68.0
3869118,2022-12-04,Round of 16,Senegal,2,58,25,England,3943,Declan Rice,3244,John Stones,Complete,22.989563,72.9,67.4,52.5,56.8
3869118,2022-12-04,Round of 16,Senegal,2,58,29,England,3244,John Stones,3336,Harry Maguire,Complete,25.377548,50.8,52.1,36.7,31.0
3869118,2022-12-04,Round of 16,Senegal,2,58,33,England,3336,Harry Maguire,4354,Philip Foden,Complete,28.435541,37.5,28.8,53.8,5.5
3869118,2022-12-04,Round of 16,Senegal,2,58,37,England,4354,Philip Foden,3336,Harry Maguire,Complete,25.187695,39.5,10.5,14.4,8.4
3869118,2022-12-04,Round of 16,Senegal,2,58,40,England,3336,Harry Maguire,3468,Jordan Pickford,Complete,31.264196,13.3,8.5,6.0,38.9
3869118,2022-12-04,Round of 16,Senegal,2,58,44,England,3468,Jordan Pickford,3244,John Stones,Complete,16.614752,11.7,42.6,21.1,56.3
3869118,2022-12-04,Round of 16,Senegal,2,58,46,England,3244,John Stones,3943,Declan Rice,Complete,13.32704,21.1,56.3,27.1,44.4
3869118,2022-12-04,Round of 16,Senegal,2,58,48,England,3943,Declan Rice,10955,Harry Kane,Complete,18.103315,29.4,47.5,47.1,43.7
3869118,2022-12-04,Round of 16,Senegal,2,58,51,England,10955,Harry Kane,3532,Jordan Brian Henderson,Complete,48.052055,52.5,43.1,88.7,74.7
3869118,2022-12-04,Round of 16,Senegal,2,58,56,England,3532,Jordan Brian Henderson,3205,Kyle Walker,Complete,12.76127,95.7,62.0,103.5,72.1
3869118,2022-12-04,Round of 16,Senegal,2,58,59,England,3205,Kyle Walker,,,Incomplete,6.7052217,105.6,71.2,107.6,64.8
3869118,2022-12-04,Round of 16,Senegal,2,59,26,England,3205,Kyle Walker,,,Incomplete,30.311714,105.6,80.0,108.2,49.8
3869118,2022-12-04,Round of 16,Senegal,2,60,38,England,30714,Jude Bellingham,4354,Philip Foden,Incomplete,2.0,70.6,8.8,72.6,8.8
3869118,2022-12-04,Round of 16,Senegal,2,60,47,England,3943,Declan Rice,10955,Harry Kane,Complete,14.122323,43.7,24.6,57.5,27.6
3869118,2022-12-04,Round of 16,Senegal,2,60,50,England,10955,Harry Kane,4354,Philip Foden,Complete,10.754069,71.9,28.2,81.8,24.0
3869118,2022-12-04,Round of 16,Senegal,2,60,53,England,4354,Philip Foden,10955,Harry Kane,Incomplete,4.263801,82.9,30.4,85.6,33.7
3869118,2022-12-04,Round of 16,Senegal,2,61,13,England,30714,Jude Bellingham,3532,Jordan Brian Henderson,Complete,14.8946295,59.0,38.3,65.9,51.5
3869118,2022-12-04,Round of 16,Senegal,2,61,14,England,3532,Jordan Brian Henderson,3205,Kyle Walker,Complete,16.546904,64.2,50.8,52.6,62.6
3869118,2022-12-04,Round of 16,Senegal,2,61,17,England,3205,Kyle Walker,3244,John Stones,Complete,19.863535,51.8,66.9,33.8,58.5
3869118,2022-12-04,Round of 16,Senegal,2,61,19,England,3244,John Stones,3468,Jordan Pickford,Complete,26.249762,28.3,57.4,10.4,38.2
3869118,2022-12-04,Round of 16,Senegal,2,61,22,England,3468,Jordan Pickford,4354,Philip Foden,Out,65.13002,10.6,31.4,68.2,1.0
3869118,2022-12-04,Round of 16,Senegal,2,62,31,England,22084,Bukayo Saka,3532,Jordan Brian Henderson,Complete,19.71015,47.1,51.9,43.1,71.2
3869118,2022-12-04,Round of 16,Senegal,2,62,37,England,3532,Jordan Brian Henderson,30714,Jude Bellingham,Complete,9.166243,66.5,74.8,67.6,65.7
3869118,2022-12-04,Round of 16,Senegal,2,62,38,England,30714,Jude Bellingham,3205,Kyle Walker,Complete,20.652603,67.6,65.8,47.4,70.1
3869118,2022-12-04,Round of 16,Senegal,2,62,40,England,3205,Kyle Walker,3943,Declan Rice,Complete,9.8234415,43.9,74.8,47.6,65.7
3869118,2022-12-04,Round of 16,Senegal,2,62,42,England,3943,Declan Rice,3244,John Stones,Complete,17.511425,47.4,65.2,41.0,48.9
3869118,2022-12-04,Round of 16,Senegal,2,62,47,England,3244,John Stones,3205,Kyle Walker,Complete,17.029974,45.0,47.9,47.1,64.8
3869118,2022-12-04,Round of 16,Senegal,2,62,49,England,3205,Kyle Walker,3532,Jordan Brian Henderson,Complete,12.841339,45.9,67.7,56.6,74.8
3869118,2022-12-04,Round of 16,Senegal,2,62,51,England,3532,Jordan Brian Henderson,3205,Kyle Walker,Complete,21.20778,57.5,76.8,36.6,73.2
3869118,2022-12-04,Round of 16,Senegal,2,62,53,England,3205,Kyle Walker,3244,John Stones,Complete,28.482977,32.7,71.5,26.5,43.7
3869118,2022-12-04,Round of 16,Senegal,2,62,56,England,3244,John Stones,3336,Harry Maguire,Complete,26.476593,25.9,42.6,34.9,17.7
3869118,2022-12-04,Round of 16,Senegal,2,62,59,England,3336,Harry Maguire,4354,Philip Foden,Complete,23.815962,35.6,14.5,59.2,17.7
3869118,2022-12-04,Round of 16,Senegal,2,63,0,England,4354,Philip Foden,30714,Jude Bellingham,Complete,14.516887,60.2,14.5,62.7,28.8
3869118,2022-12-04,Round of 16,Senegal,2,63,1,England,30714,Jude Bellingham,3382,Luke Shaw,Complete,23.453997,63.0,27.3,68.5,4.5
3869118,2022-12-04,Round of 16,Senegal,2,63,6,England,3382,Luke Shaw,30714,Jude Bellingham,Complete,9.8270035,63.0,10.2,60.9,19.8
3869118,2022-12-04,Round of 16,Senegal,2,63,7,England,30714,Jude Bellingham,3336,Harry Maguire,Complete,17.139719,60.9,19.4,45.0,13.0
3869118,2022-12-04,Round of 16,Senegal,2,63,10,England,3336,Harry Maguire,3244,John Stones,Complete,37.91899,45.3,13.7,46.5,51.6
3869118,2022-12-04,Round of 16,Senegal,2,63,16,England,3244,John Stones,22084,Bukayo Saka,Complete,27.45906,57.5,55.1,76.1,75.3
3869118,2022-12-04,Round of 16,Senegal,2,63,17,England,22084,Bukayo Saka,3532,Jordan Brian Henderson,Complete,16.001562,76.9,76.4,78.7,60.5
3869118,2022-12-04,Round of 16,Senegal,2,64,57,England,3532,Jordan Brian Henderson,3205,Kyle Walker,Complete,15.895911,83.3,66.9,77.5,52.1
3869118,2022-12-04,Round of 16,Senegal,2,64,59,England,3205,Kyle Walker,,,Unknown,42.0943,78.1,52.1,108.8,23.3
3869118,2022-12-04,Round of 16,Senegal,2,65,32,England,3244,John Stones,3468,Jordan Pickford,Complete,27.144796,35.5,43.7,9.5,35.9
3869118,2022-12-04,Round of 16,Senegal,2,65,36,England,3468,Jordan Pickford,3382,Luke Shaw,Complete,45.899563,7.4,35.9,43.3,7.3
3869118,2022-12-04,Round of 16,Senegal,2,65,41,England,3382,Luke Shaw,30714,Jude Bellingham,Complete,15.052574,47.1,4.5,51.8,18.8
3869118,2022-12-04,Round of 16,Senegal,2,65,43,England,30714,Jude Bellingham,3336,Harry Maguire,Complete,21.119186,50.3,13.7,29.2,12.8
3869118,2022-12-04,Round of 16,Senegal,2,65,46,England,3336,Harry Maguire,3244,John Stones,Complete,45.9,27.2,12.3,27.2,58.2
3869118,2022-12-04,Round of 16,Senegal,2,65,50,England,3244,John Stones,3532,Jordan Brian Henderson,Complete,18.8,29.5,59.6,48.3,59.6
3869118,2022-12-04,Round of 16,Senegal,2,65,52,England,3532,Jordan Brian Henderson,3244,John Stones,Complete,13.713133,48.6,59.9,34.9,60.5
3869118,2022-12-04,Round of 16,Senegal,2,65,53,England,3244,John Stones,3532,Jordan Brian Henderson,Complete,12.791404,34.9,60.3,44.8,68.4
3869118,2022-12-04,Round of 16,Senegal,2,65,55,England,3532,Jordan Brian Henderson,3244,John Stones,Complete,22.214409,43.3,72.9,35.5,52.1
3869118,2022-12-04,Round of 16,Senegal,2,66,1,England,3244,John Stones,3532,Jordan Brian Henderson,Complete,14.897651,43.3,57.7,37.0,71.2
3869118,2022-12-04,Round of 16,Senegal,2,66,2,England,3532,Jordan Brian Henderson,3468,Jordan Pickford,Complete,29.643549,38.1,71.2,18.8,48.7
3869118,2022-12-04,Round of 16,Senegal,2,66,9,England,3468,Jordan Pickford,3532,Jordan Brian Henderson,Complete,31.237318,25.4,47.6,43.3,73.2
3869118,2022-12-04,Round of 16,Senegal,2,66,11,England,3532,Jordan Brian Henderson,3244,John Stones,Complete,11.531261,40.2,72.1,32.3,63.7
3869118,2022-12-04,Round of 16,Senegal,2,66,13,England,3244,John Stones,3943,Declan Rice,Complete,6.7052217,33.4,64.6,39.8,62.6
3869118,2022-12-04,Round of 16,Senegal,2,66,13,England,3943,Declan Rice,3532,Jordan Brian Henderson,Complete,13.130879,38.9,63.1,39.8,76.2
3869118,2022-12-04,Round of 16,Senegal,2,66,15,England,3532,Jordan Brian Henderson,3318,Marcus Rashford,Complete,15.226622,39.8,76.4,52.5,68.0
3869118,2022-12-04,Round of 16,Senegal,2,66,16,England,3318,Marcus Rashford,3943,Declan Rice,Complete,5.5946403,51.4,67.5,46.5,64.8
3869118,2022-12-04,Round of 16,Senegal,2,66,42,England,3205,Kyle Walker,3318,Marcus Rashford,Complete,25.19623,48.0,51.5,61.3,72.9
3869118,2022-12-04,Round of 16,Senegal,2,66,45,England,3318,Marcus Rashford,3532,Jordan Brian Henderson,Complete,10.204411,62.1,74.8,62.4,64.6
3869118,2022-12-04,Round of 16,Senegal,2,66,47,England,3532,Jordan Brian Henderson,3943,Declan Rice,Complete,20.803125,62.4,62.6,51.8,44.7
3869118,2022-12-04,Round of 16,Senegal,2,66,50,England,3943,Declan Rice,3336,Harry Maguire,Complete,13.724431,49.7,38.3,45.3,25.3
3869118,2022-12-04,Round of 16,Senegal,2,67,8,England,3943,Declan Rice,3318,Marcus Rashford,Complete,46.165787,56.0,23.2,61.8,69.0
3869118,2022-12-04,Round of 16,Senegal,2,67,11,England,3318,Marcus Rashford,3205,Kyle Walker,Complete,18.10442,61.3,73.6,47.4,62.0
3869118,2022-12-04,Round of 16,Senegal,2,67,14,England,3205,Kyle Walker,3244,John Stones,Complete,13.267253,48.0,62.0,45.9,48.9
3869118,2022-12-04,Round of 16,Senegal,2,67,17,England,3244,John Stones,3532,Jordan Brian Henderson,Complete,16.637909,45.4,47.6,61.3,52.5
3869118,2022-12-04,Round of 16,Senegal,2,67,18,England,3532,Jordan Brian Henderson,3205,Kyle Walker,Complete,18.006943,61.8,52.1,47.1,62.5
3869118,2022-12-04,Round of 16,Senegal,2,67,19,England,3205,Kyle Walker,3244,John Stones,Complete,13.29135,47.1,62.5,41.6,50.4
3869118,2022-12-04,Round of 16,Senegal,2,67,21,England,3244,John Stones,3336,Harry Maguire,Complete,20.223007,39.2,48.3,35.6,28.4
3869118,2022-12-04,Round of 16,Senegal,2,67,23,England,3336,Harry Maguire,3468,Jordan Pickford,Complete,22.847319,33.7,18.8,12.7,27.8
3869118,2022-12-04,Round of 16,Senegal,2,67,25,England,3468,Jordan Pickford,,,Incomplete,59.424236,12.7,25.6,69.7,42.4
3869118,2022-12-04,Round of 16,Senegal,2,67,43,England,3468,Jordan Pickford,10955,Harry Kane,Incomplete,66.96455,16.2,34.2,80.7,16.2
3869118,2022-12-04,Round of 16,Senegal,2,68,17,England,3382,Luke Shaw,,,Incomplete,12.870509,23.1,33.1,35.3,37.2
3869118,2022-12-04,Round of 16,Senegal,2,69,7,England,3468,Jordan Pickford,3244,John Stones,Complete,22.383253,7.0,44.1,19.6,62.6
3869118,2022-12-04,Round of 16,Senegal,2,69,10,England,3244,John Stones,3532,Jordan Brian Henderson,Complete,9.9,23.3,65.7,33.2,65.7
3869118,2022-12-04,Round of 16,Senegal,2,69,13,England,3532,Jordan Brian Henderson,3244,John Stones,Complete,11.204017,31.7,68.7,20.5,68.4
3869118,2022-12-04,Round of 16,Senegal,2,69,14,England,3244,John Stones,3943,Declan Rice,Complete,12.88177,23.9,67.5,33.4,58.8
3869118,2022-12-04,Round of 16,Senegal,2,69,15,England,3943,Declan Rice,3468,Jordan Pickford,Complete,25.143587,33.4,58.5,10.6,47.9
3869118,2022-12-04,Round of 16,Senegal,2,69,20,England,3468,Jordan Pickford,3336,Harry Maguire,Complete,6.228965,19.6,30.5,19.0,24.3
3869118,2022-12-04,Round of 16,Senegal,2,69,21,England,3336,Harry Maguire,3244,John Stones,Complete,29.632584,18.7,23.6,15.9,53.1
3869118,2022-12-04,Round of 16,Senegal,2,69,25,England,3244,John Stones,3205,Kyle Walker,Complete,23.505318,17.8,55.7,31.5,74.8
3869118,2022-12-04,Round of 16,Senegal,2,69,29,England,3205,Kyle Walker,3244,John Stones,Complete,20.482431,27.1,75.3,17.9,57.0
3869118,2022-12-04,Round of 16,Senegal,2,69,40,England,3244,John Stones,3532,Jordan Brian Henderson,Complete,23.771622,36.4,60.5,58.6,69.0
3869118,2022-12-04,Round of 16,Senegal,2,69,41,England,3532,Jordan Brian Henderson,3318,Marcus Rashford,Complete,13.792751,59.2,69.6,71.2,76.4
3869118,2022-12-04,Round of 16,Senegal,2,69,44,England,3318,Marcus Rashford,3532,Jordan Brian Henderson,Complete,10.804628,85.3,65.4,90.8,74.7
3869118,2022-12-04,Round of 16,Senegal,2,70,49,England,9638,Jack Grealish,3943,Declan Rice,Complete,16.498486,11.7,8.1,20.1,22.3
3869118,2022-12-04,Round of 16,Senegal,2,71,38,England,3336,Harry Maguire,3318,Marcus Rashford,Incomplete,84.76019,24.7,25.2,92.4,76.2
3869118,2022-12-04,Round of 16,Senegal,2,72,6,England,3205,Kyle Walker,3244,John Stones,Complete,22.147234,34.8,80.0,12.9,76.7
3869118,2022-12-04,Round of 16,Senegal,2,72,11,England,3244,John Stones,3318,Marcus Rashford,Incomplete,41.284622,18.0,78.7,59.1,74.8
3869118,2022-12-04,Round of 16,Senegal,2,73,56,England,3468,Jordan Pickford,3318,Marcus Rashford,Incomplete,82.80218,7.0,44.1,83.2,76.5
3869118,2022-12-04,Round of 16,Senegal,2,74,24,England,3205,Kyle Walker,3244,John Stones,Complete,30.187746,86.4,80.0,56.3,77.7
3869118,2022-12-04,Round of 16,Senegal,2,74,28,England,3244,John Stones,3336,Harry Maguire,Complete,24.862019,56.7,74.6,48.3,51.2
3869118,2022-12-04,Round of 16,Senegal,2,74,31,England,3336,Harry Maguire,3382,Luke Shaw,Complete,17.465681,48.3,48.3,45.9,31.0
3869118,2022-12-04,Round of 16,Senegal,2,74,33,England,3382,Luke Shaw,9638,Jack Grealish,Complete,19.506409,45.9,22.3,57.2,6.4
3869118,2022-12-04,Round of 16,Senegal,2,74,42,England,3943,Declan Rice,3318,Marcus Rashford,Complete,36.28402,53.8,46.6,76.0,75.3
3869118,2022-12-04,Round of 16,Senegal,2,74,45,England,3318,Marcus Rashford,3205,Kyle Walker,Complete,13.529966,76.5,75.5,63.0,74.6
3869118,2022-12-04,Round of 16,Senegal,2,74,47,England,3205,Kyle Walker,3943,Declan Rice,Complete,7.8714676,59.4,74.6,55.8,67.6
3869118,2022-12-04,Round of 16,Senegal,2,74,49,England,3943,Declan Rice,3205,Kyle Walker,Complete,8.980535,55.8,67.6,57.0,76.5
3869118,2022-12-04,Round of 16,Senegal,2,74,50,England,3205,Kyle Walker,3244,John Stones,Complete,39.618683,57.0,76.5,22.8,56.5
3869118,2022-12-04,Round of 16,Senegal,2,74,54,England,3244,John Stones,3468,Jordan Pickford,Complete,16.68772,22.8,56.5,11.0,44.7
3869118,2022-12-04,Round of 16,Senegal,2,75,0,England,3468,Jordan Pickford,3382,Luke Shaw,Complete,44.869255,13.9,34.3,48.8,6.1
3869118,2022-12-04,Round of 16,Senegal,2,75,4,England,3382,Luke Shaw,10955,Harry Kane,Complete,21.444113,49.7,6.1,69.3,14.8
3869118,2022-12-04,Round of 16,Senegal,2,76,24,England,3943,Declan Rice,3382,Luke Shaw,Complete,13.970325,52.6,27.3,51.2,13.4
3869118,2022-12-04,Round of 16,Senegal,2,76,26,England,3382,Luke Shaw,9638,Jack Grealish,Complete,21.011663,51.2,6.1,72.2,5.4
3869118,2022-12-04,Round of 16,Senegal,2,76,27,England,9638,Jack Grealish,,,Unknown,4.428318,70.9,5.4,75.3,4.9
3869118,2022-12-04,Round of 16,Senegal,2,77,16,England,3382,Luke Shaw,3336,Harry Maguire,Complete,56.24598,81.1,13.9,115.5,58.4
3869118,2022-12-04,Round of 16,Senegal,2,77,18,England,3336,Harry Maguire,,,Incomplete,10.259142,115.5,58.4,108.0,51.4
3869118,2022-12-04,Round of 16,Senegal,2,77,25,England,3532,Jordan Brian Henderson,3468,Jordan Pickford,Complete,43.47321,70.5,76.2,28.1,66.6
3869118,2022-12-04,Round of 16,Senegal,2,77,32,England,3468,Jordan Pickford,3318,Marcus Rashford,Out,82.19398,30.5,64.4,111.2,80.0
3869118,2022-12-04,Round of 16,Senegal,2,78,14,England,3205,Kyle Walker,3532,Jordan Brian Henderson,Complete,8.489994,21.6,57.5,29.8,55.3
3869118,2022-12-04,Round of 16,Senegal,2,78,15,England,3532,Jordan Brian Henderson,3318,Marcus Rashford,Complete,13.113733,30.5,55.3,39.1,65.2
3869118,2022-12-04,Round of 16,Senegal,2,78,17,England,3318,Marcus Rashford,3943,Declan Rice,Incomplete,17.274258,39.1,65.2,51.9,53.6
3869118,2022-12-04,Round of 16,Senegal,2,78,59,England,7843,Mason Mount,3943,Declan Rice,Complete,14.746186,64.0,57.2,49.7,53.6
3869118,2022-12-04,Round of 16,Senegal,2,79,0,England,3943,Declan Rice,9638,Jack Grealish,Complete,18.796276,49.7,53.6,59.4,37.5
3869118,2022-12-04,Round of 16,Senegal,2,79,7,England,9638,Jack Grealish,3205,Kyle Walker,Complete,24.476929,59.1,52.2,49.7,74.8
3869118,2022-12-04,Round of 16,Senegal,2,79,9,England,3205,Kyle Walker,3532,Jordan Brian Henderson,Complete,7.3375745,49.7,74.8,51.9,67.8
3869118,2022-12-04,Round of 16,Senegal,2,79,10,England,3532,Jordan Brian Henderson,3318,Marcus Rashford,Complete,50.136017,51.9,67.8,102.0,69.7
3869118,2022-12-04,Round of 16,Senegal,2,79,13,England,3318,Marcus Rashford,10955,Harry Kane,Incomplete,49.55502,102.3,69.7,109.0,20.6
3869118,2022-12-04,Round of 16,Senegal,2,79,22,England,7843,Mason Mount,3532,Jordan Brian Henderson,Complete,12.306502,84.4,18.9,74.8,26.6
3869118,2022-12-04,Round of 16,Senegal,2,79,23,England,3532,Jordan Brian Henderson,3943,Declan Rice,Complete,7.430343,74.8,26.6,71.2,20.1
3869118,2022-12-04,Round of 16,Senegal,2,79,25,England,3943,Declan Rice,9638,Jack Grealish,Complete,22.655684,71.2,20.1,88.0,4.9
3869118,2022-12-04,Round of 16,Senegal,2,79,26,England,9638,Jack Grealish,3382,Luke Shaw,Complete,12.612692,88.0,4.9,75.8,8.1
3869118,2022-12-04,Round of 16,Senegal,2,79,28,England,3382,Luke Shaw,3943,Declan Rice,Complete,7.558439,75.8,8.1,69.0,11.4
3869118,2022-12-04,Round of 16,Senegal,2,79,30,England,3943,Declan Rice,3336,Harry Maguire,Complete,19.313208,69.0,11.4,52.6,21.6
3869118,2022-12-04,Round of 16,Senegal,2,79,32,England,3336,Harry Maguire,3205,Kyle Walker,Complete,27.627884,51.7,28.3,62.8,53.6
3869118,2022-12-04,Round of 16,Senegal,2,79,35,England,3205,Kyle Walker,3532,Jordan Brian Henderson,Complete,7.3348484,63.2,56.5,61.8,49.3
3869118,2022-12-04,Round of 16,Senegal,2,79,36,England,3532,Jordan Brian Henderson,3205,Kyle Walker,Complete,10.312129,61.8,49.3,62.3,59.6
3869118,2022-12-04,Round of 16,Senegal,2,79,37,England,3205,Kyle Walker,10956,Eric Dier,Complete,15.7,62.3,59.6,46.6,59.6
3869118,2022-12-04,Round of 16,Senegal,2,79,39,England,10956,Eric Dier,3943,Declan Rice,Complete,15.742935,46.6,59.6,53.8,45.6
3869118,2022-12-04,Round of 16,Senegal,2,79,43,England,3943,Declan Rice,3532,Jordan Brian Henderson,Complete,8.0,57.2,46.6,57.2,54.6
3869118,2022-12-04,Round of 16,Senegal,2,79,43,England,3532,Jordan Brian Henderson,10956,Eric Dier,Complete,15.770859,57.2,54.6,41.8,51.2
3869118,2022-12-04,Round of 16,Senegal,2,79,47,England,10956,Eric Dier,3336,Harry Maguire,Complete,20.787016,41.8,51.2,43.7,30.5
3869118,2022-12-04,Round of 16,Senegal,2,79,49,England,3336,Harry Maguire,10956,Eric Dier,Complete,25.689102,46.6,30.5,39.9,55.3
3869118,2022-12-04,Round of 16,Senegal,2,79,55,England,10956,Eric Dier,,,Incomplete,47.76955,44.0,55.8,83.2,28.5
3869118,2022-12-04,Round of 16,Senegal,2,80,8,England,3318,Marcus Rashford,3205,Kyle Walker,Complete,23.264135,79.9,78.4,57.0,74.3
3869118,2022-12-04,Round of 16,Senegal,2,80,10,England,3205,Kyle Walker,3943,Declan Rice,Complete,10.822661,57.0,74.3,57.7,63.5
3869118,2022-12-04,Round of 16,Senegal,2,80,13,England,3943,Declan Rice,3382,Luke Shaw,Complete,23.461031,63.7,48.3,68.8,25.4
3869118,2022-12-04,Round of 16,Senegal,2,80,16,England,3382,Luke Shaw,9638,Jack Grealish,Complete,20.2408,65.2,16.0,81.5,4.0
3869118,2022-12-04,Round of 16,Senegal,2,80,21,England,9638,Jack Grealish,3382,Luke Shaw,Complete,17.425556,94.1,5.2,79.9,15.3
3869118,2022-12-04,Round of 16,Senegal,2,80,25,England,3382,Luke Shaw,9638,Jack Grealish,Complete,11.920151,81.1,11.4,91.4,5.4
3869118,2022-12-04,Round of 16,Senegal,2,81,17,England,3382,Luke Shaw,3336,Harry Maguire,Complete,36.391895,87.3,5.9,51.2,10.5
3869118,2022-12-04,Round of 16,Senegal,2,81,18,England,3336,Harry Maguire,10956,Eric Dier,Complete,24.96097,54.8,14.8,47.6,38.7
3869118,2022-12-04,Round of 16,Senegal,2,81,21,England,10956,Eric Dier,3205,Kyle Walker,Complete,30.79383,45.7,44.7,52.2,74.8
3869118,2022-12-04,Round of 16,Senegal,2,81,27,England,3205,Kyle Walker,10956,Eric Dier,Complete,18.067928,48.8,69.5,31.0,72.6
3869118,2022-12-04,Round of 16,Senegal,2,81,30,England,10956,Eric Dier,3468,Jordan Pickford,Complete,37.547436,22.0,72.4,11.0,36.5
3869118,2022-12-04,Round of 16,Senegal,2,81,36,England,3468,Jordan Pickford,9638,Jack Grealish,Complete,72.27296,20.6,33.1,88.3,7.8
3869118,2022-12-04,Round of 16,Senegal,2,82,23,England,3205,Kyle Walker,3318,Marcus Rashford,Out,24.616457,53.2,79.1,77.8,80.0
3869118,2022-12-04,Round of 16,Senegal,2,82,33,England,10956,Eric Dier,7843,Mason Mount,Complete,22.496445,50.9,71.5,72.9,66.8
3869118,2022-12-04,Round of 16,Senegal,2,82,35,England,7843,Mason Mount,3318,Marcus Rashford,Complete,8.20061,72.9,67.6,79.4,72.6
3869118,2022-12-04,Round of 16,Senegal,2,82,36,England,3318,Marcus Rashford,10955,Harry Kane,Incomplete,10.358571,79.4,72.6,88.3,67.3
3869118,2022-12-04,Round of 16,Senegal,2,84,25,England,3468,Jordan Pickford,3318,Marcus Rashford,Complete,93.034294,7.0,44.1,95.3,73.4
3869118,2022-12-04,Round of 16,Senegal,2,84,34,England,3318,Marcus Rashford,7843,Mason Mount,Incomplete,4.4553337,92.1,61.8,96.5,62.5
3869118,2022-12-04,Round of 16,Senegal,2,84,49,England,3468,Jordan Pickford,9638,Jack Grealish,Incomplete,73.180595,25.4,49.3,89.0,13.1
3869118,2022-12-04,Round of 16,Senegal,2,85,32,England,9638,Jack Grealish,10955,Harry Kane,Complete,24.900803,82.3,38.4,97.4,58.2
3869118,2022-12-04,Round of 16,Senegal,2,86,48,England,3468,Jordan Pickford,3943,Declan Rice,Complete,35.25748,14.1,38.7,33.1,9.0
3869118,2022-12-04,Round of 16,Senegal,2,86,54,England,3943,Declan Rice,9638,Jack Grealish,Complete,36.73486,44.7,8.1,37.9,44.2
3869118,2022-12-04,Round of 16,Senegal,2,86,56,England,9638,Jack Grealish,10956,Eric Dier,Complete,17.18284,37.9,44.2,22.8,52.4
3869118,2022-12-04,Round of 16,Senegal,2,86,58,England,10956,Eric Dier,3205,Kyle Walker,Complete,14.25798,22.8,52.4,30.5,64.4
3869118,2022-12-04,Round of 16,Senegal,2,87,1,England,3205,Kyle Walker,10955,Harry Kane,Complete,16.585836,35.1,66.4,48.1,76.7
3869118,2022-12-04,Round of 16,Senegal,2,87,4,England,10955,Harry Kane,3205,Kyle Walker,Complete,11.516944,45.9,77.4,35.1,73.4
3869118,2022-12-04,Round of 16,Senegal,2,87,7,England,3205,Kyle Walker,10956,Eric Dier,Complete,22.844255,35.8,71.9,13.9,65.4
3869118,2022-12-04,Round of 16,Senegal,2,87,9,England,10956,Eric Dier,3468,Jordan Pickford,Complete,27.309523,13.9,64.7,9.8,37.7
3869118,2022-12-04,Round of 16,Senegal,2,87,13,England,3468,Jordan Pickford,3943,Declan Rice,Complete,13.1106825,9.8,37.2,22.8,35.5
3869118,2022-12-04,Round of 16,Senegal,2,87,14,England,3943,Declan Rice,10956,Eric Dier,Complete,26.165817,22.8,35.5,10.7,58.7
3869118,2022-12-04,Round of 16,Senegal,2,87,17,England,10956,Eric Dier,3943,Declan Rice,Complete,8.386894,12.4,58.7,17.7,52.2
3869118,2022-12-04,Round of 16,Senegal,2,87,23,England,3943,Declan Rice,3205,Kyle Walker,Complete,14.948244,32.6,59.9,33.8,74.8
3869118,2022-12-04,Round of 16,Senegal,2,87,26,England,3205,Kyle Walker,3943,Declan Rice,Complete,18.000555,35.5,75.8,53.4,77.7
3869118,2022-12-04,Round of 16,Senegal,2,87,38,England,3382,Luke Shaw,10956,Eric Dier,Complete,22.99152,47.8,38.4,40.8,60.3
3869118,2022-12-04,Round of 16,Senegal,2,87,42,England,10956,Eric Dier,4706,Kalvin Phillips,Complete,9.4,40.6,60.3,50.0,60.3
3869118,2022-12-04,Round of 16,Senegal,2,87,43,England,4706,Kalvin Phillips,3205,Kyle Walker,Complete,20.915306,50.0,60.3,38.7,77.9
3869118,2022-12-04,Round of 16,Senegal,2,87,48,England,3205,Kyle Walker,4706,Kalvin Phillips,Complete,6.3788714,38.7,77.9,37.2,71.7
3869118,2022-12-04,Round of 16,Senegal,2,87,49,England,4706,Kalvin Phillips,3205,Kyle Walker,Out,29.876078,37.2,71.7,65.9,80.0
3869118,2022-12-04,Round of 16,Senegal,2,89,28,England,3468,Jordan Pickford,10955,Harry Kane,Incomplete,83.0533,7.0,44.1,84.9,72.9
3869118,2022-12-04,Round of 16,Senegal,2,89,34,England,10956,Eric Dier,3205,Kyle Walker,Complete,6.940461,42.0,71.4,46.1,77.0
3869118,2022-12-04,Round of 16,Senegal,2,89,39,England,3205,Kyle Walker,10956,Eric Dier,Complete,16.154875,33.6,78.4,18.9,71.7
3869118,2022-12-04,Round of 16,Senegal,2,89,42,England,10956,Eric Dier,3468,Jordan Pickford,Complete,18.681541,16.0,66.8,11.0,48.8
3869118,2022-12-04,Round of 16,Senegal,2,89,49,England,3468,Jordan Pickford,3318,Marcus Rashford,Complete,59.115143,23.5,34.1,68.1,72.9
3869118,2022-12-04,Round of 16,Senegal,2,89,52,England,3318,Marcus Rashford,3205,Kyle Walker,Complete,19.001053,70.0,73.6,51.0,73.4
3869118,2022-12-04,Round of 16,Senegal,2,89,58,England,3205,Kyle Walker,3943,Declan Rice,Complete,8.736132,27.1,71.7,35.5,69.3
3869118,2022-12-04,Round of 16,Senegal,2,89,59,England,3943,Declan Rice,4706,Kalvin Phillips,Complete,8.1,35.5,69.3,35.5,77.4
3869118,2022-12-04,Round of 16,Senegal,2,90,0,England,4706,Kalvin Phillips,10956,Eric Dier,Complete,23.803362,35.5,77.4,11.7,77.0
3869118,2022-12-04,Round of 16,Senegal,2,90,3,England,10956,Eric Dier,10955,Harry Kane,Incomplete,75.18464,11.7,77.0,82.5,51.7
3869118,2022-12-04,Round of 16,Senegal,2,90,11,England,3943,Declan Rice,4706,Kalvin Phillips,Complete,18.439089,59.1,44.7,73.1,56.7
3869118,2022-12-04,Round of 16,Senegal,2,90,13,England,4706,Kalvin Phillips,9638,Jack Grealish,Complete,35.336243,76.0,57.2,92.4,25.9
3869118,2022-12-04,Round of 16,Senegal,2,90,19,England,9638,Jack Grealish,3382,Luke Shaw,Complete,17.803652,98.6,28.1,115.5,22.5
3869118,2022-12-04,Round of 16,Senegal,2,90,21,England,3382,Luke Shaw,3318,Marcus Rashford,Complete,23.407692,117.2,22.5,117.8,45.9
3869118,2022-12-04,Round of 16,Senegal,2,91,16,England,3382,Luke Shaw,9638,Jack Grealish,Complete,9.900505,19.9,29.5,29.0,33.4
3869118,2022-12-04,Round of 16,Senegal,2,91,17,England,9638,Jack Grealish,,,Incomplete,3.0610456,28.8,32.4,26.9,30.0
3869354,2022-12-10,Quarter-finals,France,1,0,6,England,30714,Jude Bellingham,3336,Harry Maguire,Complete,14.56022,33.8,48.9,20.2,43.7
3869354,2022-12-10,Quarter-finals,France,1,0,10,England,3336,Harry Maguire,,,Injury Clearance,35.18139,20.6,34.8,14.8,0.1
3869354,2022-12-10,Quarter-finals,France,1,0,42,England,3468,Jordan Pickford,3244,John Stones,Complete,15.4149275,6.0,35.6,9.1,50.7
3869354,2022-12-10,Quarter-finals,France,1,0,49,England,3244,John Stones,3943,Declan Rice,Complete,19.677399,26.4,43.7,35.2,26.1
3869354,2022-12-10,Quarter-finals,France,1,0,51,England,3943,Declan Rice,3382,Luke Shaw,Complete,22.912006,37.5,24.8,43.9,2.8
3869354,2022-12-10,Quarter-finals,France,1,0,53,England,3382,Luke Shaw,3336,Harry Maguire,Complete,15.446683,39.7,2.4,24.3,3.6
3869354,2022-12-10,Quarter-finals,France,1,0,57,England,3336,Harry Maguire,4354,Philip Foden,Incomplete,51.53145,24.3,3.6,75.8,1.8
3869354,2022-12-10,Quarter-finals,France,1,1,12,England,3382,Luke Shaw,3336,Harry Maguire,Complete,22.770596,75.1,0.1,52.6,3.6
3869354,2022-12-10,Quarter-finals,France,1,1,17,England,3336,Harry Maguire,3244,John Stones,Complete,15.750873,45.5,5.1,42.7,20.6
3869354,2022-12-10,Quarter-finals,France,1,1,20,England,3244,John Stones,3943,Declan Rice,Complete,6.6,45.2,32.1,51.8,32.1
3869354,2022-12-10,Quarter-finals,France,1,1,24,England,3943,Declan Rice,3382,Luke Shaw,Complete,13.282319,62.9,14.1,68.8,2.2
3869354,2022-12-10,Quarter-finals,France,1,1,26,England,3382,Luke Shaw,3336,Harry Maguire,Complete,23.342022,68.8,2.2,45.5,3.6
3869354,2022-12-10,Quarter-finals,France,1,1,35,England,3336,Harry Maguire,3382,Luke Shaw,Complete,35.5726,50.6,5.3,86.0,1.8
3869354,2022-12-10,Quarter-finals,France,1,1,37,England,3382,Luke Shaw,4354,Philip Foden,Incomplete,7.4632435,87.3,2.4,85.0,9.5
3869354,2022-12-10,Quarter-finals,France,1,2,30,England,3943,Declan Rice,3532,Jordan Brian Henderson,Out,25.467234,21.5,57.2,33.8,79.5
3869354,2022-12-10,Quarter-finals,France,1,2,49,England,22084,Bukayo Saka,10955,Harry Kane,Complete,13.296617,91.3,50.1,96.1,62.5
3869354,2022-12-10,Quarter-finals,France,1,2,51,England,10955,Harry Kane,,,Incomplete,5.288667,99.0,66.0,100.4,60.9
3869354,2022-12-10,Quarter-finals,France,1,2,55,England,10955,Harry Kane,3943,Declan Rice,Complete,23.300215,87.0,76.9,73.1,58.2
3869354,2022-12-10,Quarter-finals,France,1,2,59,England,3943,Declan Rice,10955,Harry Kane,Complete,12.467959,73.8,60.2,75.1,72.6
3869354,2022-12-10,Quarter-finals,France,1,3,3,England,10955,Harry Kane,4354,Philip Foden,Incomplete,35.457157,76.2,70.6,95.1,40.6
3869354,2022-12-10,Quarter-finals,France,1,3,15,England,3532,Jordan Brian Henderson,4354,Philip Foden,Complete,23.43075,94.7,64.7,100.1,41.9
3869354,2022-12-10,Quarter-finals,France,1,3,20,England,3382,Luke Shaw,3943,Declan Rice,Complete,21.612034,71.6,16.2,75.8,37.4
3869354,2022-12-10,Quarter-finals,France,1,3,24,England,3943,Declan Rice,4354,Philip Foden,Complete,7.5325956,74.2,23.9,81.7,23.2
3869354,2022-12-10,Quarter-finals,France,1,3,25,England,4354,Philip Foden,3382,Luke Shaw,Complete,21.871672,80.5,23.0,70.4,3.6
3869354,2022-12-10,Quarter-finals,France,1,3,28,England,3382,Luke Shaw,30714,Jude Bellingham,Complete,10.060318,70.7,3.1,80.7,2.0
3869354,2022-12-10,Quarter-finals,France,1,4,5,England,3336,Harry Maguire,4354,Philip Foden,Complete,55.672256,80.9,49.4,110.1,2.0
3869354,2022-12-10,Quarter-finals,France,1,4,12,England,4354,Philip Foden,30714,Jude Bellingham,Complete,12.432618,110.3,2.2,97.9,3.1
3869354,2022-12-10,Quarter-finals,France,1,4,15,England,30714,Jude Bellingham,3382,Luke Shaw,Complete,9.604166,97.9,3.1,92.9,11.3
3869354,2022-12-10,Quarter-finals,France,1,4,17,England,3382,Luke Shaw,30714,Jude Bellingham,Complete,3.9357338,93.3,7.7,91.5,4.2
3869354,2022-12-10,Quarter-finals,France,1,4,20,England,30714,Jude Bellingham,3382,Luke Shaw,Complete,7.2027774,87.8,10.2,88.0,3.0
3869354,2022-12-10,Quarter-finals,France,1,4,22,England,3382,Luke Shaw,4354,Philip Foden,Complete,3.7215588,91.5,3.1,94.7,1.2
3869354,2022-12-10,Quarter-finals,France,1,5,17,England,3382,Luke Shaw,3336,Harry Maguire,Pass Offside,46.631428,92.6,2.0,109.4,45.5
3869354,2022-12-10,Quarter-finals,France,1,5,56,England,3336,Harry Maguire,,,Incomplete,65.661934,44.7,31.7,105.7,56.0
3869354,2022-12-10,Quarter-finals,France,1,6,22,England,3205,Kyle Walker,,,Incomplete,8.472308,21.1,55.2,28.4,50.9
3869354,2022-12-10,Quarter-finals,France,1,6,30,England,30714,Jude Bellingham,4354,Philip Foden,Incomplete,7.7369246,20.4,27.9,27.3,24.4
3869354,2022-12-10,Quarter-finals,France,1,6,38,England,3382,Luke Shaw,,,Out,13.024976,12.2,8.2,22.4,0.1
3869354,2022-12-10,Quarter-finals,France,1,6,59,England,3382,Luke Shaw,3943,Declan Rice,Complete,6.8,42.9,0.1,42.9,6.9
3869354,2022-12-10,Quarter-finals,France,1,7,1,England,3943,Declan Rice,3382,Luke Shaw,Complete,7.3573093,43.3,7.7,39.5,1.4
3869354,2022-12-10,Quarter-finals,France,1,7,1,England,3382,Luke Shaw,3336,Harry Maguire,Complete,13.200378,39.2,2.8,26.3,5.6
3869354,2022-12-10,Quarter-finals,France,1,7,5,England,3336,Harry Maguire,3244,John Stones,Complete,24.303291,25.1,8.0,25.5,32.3
3869354,2022-12-10,Quarter-finals,France,1,7,9,England,3244,John Stones,3532,Jordan Brian Henderson,Complete,11.610771,26.3,45.2,37.9,44.7
3869354,2022-12-10,Quarter-finals,France,1,7,14,England,3532,Jordan Brian Henderson,3382,Luke Shaw,Complete,34.400146,55.9,38.6,55.8,4.2
3869354,2022-12-10,Quarter-finals,France,1,7,16,England,3382,Luke Shaw,3336,Harry Maguire,Complete,17.2154,55.4,3.6,39.5,10.2
3869354,2022-12-10,Quarter-finals,France,1,7,20,England,3336,Harry Maguire,3532,Jordan Brian Henderson,Complete,24.464056,41.3,11.1,48.1,34.6
3869354,2022-12-10,Quarter-finals,France,1,7,24,England,3532,Jordan Brian Henderson,3382,Luke Shaw,Complete,37.64306,55.8,41.4,57.6,3.8
3869354,2022-12-10,Quarter-finals,France,1,7,28,England,3382,Luke Shaw,3336,Harry Maguire,Complete,13.621306,51.4,4.8,39.9,12.1
3869354,2022-12-10,Quarter-finals,France,1,7,32,England,3336,Harry Maguire,3244,John Stones,Complete,33.416763,43.7,15.3,39.9,48.5
3869354,2022-12-10,Quarter-finals,France,1,7,35,England,3244,John Stones,3336,Harry Maguire,Complete,33.817894,39.5,48.5,44.8,15.1
3869354,2022-12-10,Quarter-finals,France,1,7,41,England,3336,Harry Maguire,,,Out,75.71347,52.2,26.8,120.0,60.5
3869354,2022-12-10,Quarter-finals,France,1,8,23,England,30714,Jude Bellingham,,,Incomplete,6.8963757,42.0,45.7,45.4,39.7
3869354,2022-12-10,Quarter-finals,France,1,10,22,England,3382,Luke Shaw,10955,Harry Kane,Incomplete,31.340229,38.8,0.1,63.8,19.0
3869354,2022-12-10,Quarter-finals,France,1,10,52,England,3468,Jordan Pickford,3336,Harry Maguire,Complete,21.17475,9.7,43.9,14.6,23.3
3869354,2022-12-10,Quarter-finals,France,1,10,55,England,3336,Harry Maguire,3943,Declan Rice,Complete,11.194641,20.4,23.0,31.0,19.4
3869354,2022-12-10,Quarter-finals,France,1,10,57,England,3943,Declan Rice,3244,John Stones,Complete,29.588005,31.0,19.4,20.6,47.1
3869354,2022-12-10,Quarter-finals,France,1,11,5,England,3244,John Stones,3336,Harry Maguire,Complete,38.740807,25.9,47.9,22.6,9.3
3869354,2022-12-10,Quarter-finals,France,1,11,7,England,3336,Harry Maguire,3382,Luke Shaw,Complete,10.878419,22.6,11.5,27.9,2.0
3869354,2022-12-10,Quarter-finals,France,1,11,9,England,3382,Luke Shaw,3336,Harry Maguire,Complete,13.464768,27.7,2.8,15.8,9.1
3869354,2022-12-10,Quarter-finals,France,1,11,11,England,3336,Harry Maguire,3468,Jordan Pickford,Complete,21.762352,8.9,12.4,2.5,33.2
3869354,2022-12-10,Quarter-finals,France,1,11,14,England,3468,Jordan Pickford,3205,Kyle Walker,Complete,55.504414,3.8,34.4,39.5,76.9
3869354,2022-12-10,Quarter-finals,France,1,11,24,England,3205,Kyle Walker,30714,Jude Bellingham,Complete,19.716236,56.7,51.2,55.9,31.5
3869354,2022-12-10,Quarter-finals,France,1,11,28,England,30714,Jude Bellingham,3382,Luke Shaw,Complete,5.818075,51.4,6.2,56.5,3.4
3869354,2022-12-10,Quarter-finals,France,1,11,32,England,3382,Luke Shaw,30714,Jude Bellingham,Complete,5.4451814,61.3,2.8,57.4,6.6
3869354,2022-12-10,Quarter-finals,France,1,11,35,England,30714,Jude Bellingham,3943,Declan Rice,Complete,8.188406,61.9,12.9,53.8,11.7
3869354,2022-12-10,Quarter-finals,France,1,11,37,England,3943,Declan Rice,3244,John Stones,Complete,31.458704,53.2,11.5,45.9,42.1
3869354,2022-12-10,Quarter-finals,France,1,11,42,England,3244,John Stones,3943,Declan Rice,Complete,10.500476,53.2,42.7,56.7,32.8
3869354,2022-12-10,Quarter-finals,France,1,11,45,England,3943,Declan Rice,3382,Luke Shaw,Complete,25.364738,63.4,24.4,75.3,2.0
3869354,2022-12-10,Quarter-finals,France,1,11,49,England,3382,Luke Shaw,,,Incomplete,17.901117,84.2,2.0,98.4,12.9
3869354,2022-12-10,Quarter-finals,France,1,13,13,England,10955,Harry Kane,3943,Declan Rice,Complete,21.400234,102.1,54.2,97.5,75.1
3869354,2022-12-10,Quarter-finals,France,1,13,16,England,3943,Declan Rice,3532,Jordan Brian Henderson,Complete,22.144978,97.5,75.1,76.3,68.7
3869354,2022-12-10,Quarter-finals,France,1,13,19,England,3532,Jordan Brian Henderson,3205,Kyle Walker,Complete,22.102036,79.7,70.9,57.6,70.6
3869354,2022-12-10,Quarter-finals,France,1,13,22,England,3205,Kyle Walker,3336,Harry Maguire,Complete,35.275486,57.4,70.9,53.0,35.9
3869354,2022-12-10,Quarter-finals,France,1,13,27,England,3336,Harry Maguire,3382,Luke Shaw,Complete,20.615528,74.0,19.0,87.0,3.0
3869354,2022-12-10,Quarter-finals,France,1,13,30,England,3382,Luke Shaw,3336,Harry Maguire,Complete,18.023596,86.2,3.0,68.8,7.7
3869354,2022-12-10,Quarter-finals,France,1,13,34,England,3336,Harry Maguire,3943,Declan Rice,Complete,20.008999,68.6,7.5,69.2,27.5
3869354,2022-12-10,Quarter-finals,France,1,13,35,England,3943,Declan Rice,3244,John Stones,Complete,17.31589,69.2,27.5,52.0,29.5
3869354,2022-12-10,Quarter-finals,France,1,13,38,England,3244,John Stones,3943,Declan Rice,Complete,12.376186,56.3,28.1,68.4,30.7
3869354,2022-12-10,Quarter-finals,France,1,13,38,England,3943,Declan Rice,3205,Kyle Walker,Complete,18.11767,68.4,30.7,56.9,44.7
3869354,2022-12-10,Quarter-finals,France,1,13,43,England,3205,Kyle Walker,3532,Jordan Brian Henderson,Complete,28.255442,56.5,52.0,70.4,76.6
3869354,2022-12-10,Quarter-finals,France,1,13,45,England,3532,Jordan Brian Henderson,3205,Kyle Walker,Complete,29.92474,67.0,77.1,39.5,65.3
3869354,2022-12-10,Quarter-finals,France,1,13,50,England,3205,Kyle Walker,3244,John Stones,Complete,35.110397,39.3,67.1,46.8,32.8
3869354,2022-12-10,Quarter-finals,France,1,13,54,England,3244,John Stones,3943,Declan Rice,Complete,8.702298,56.3,32.3,56.1,41.0
3869354,2022-12-10,Quarter-finals,France,1,13,58,England,3943,Declan Rice,3336,Harry Maguire,Complete,26.658207,57.9,30.7,55.0,4.2
3869354,2022-12-10,Quarter-finals,France,1,14,1,England,3336,Harry Maguire,3244,John Stones,Complete,23.33238,53.0,7.5,47.2,30.1
3869354,2022-12-10,Quarter-finals,France,1,14,5,England,3244,John Stones,3205,Kyle Walker,Complete,17.86309,47.2,29.3,45.7,47.1
3869354,2022-12-10,Quarter-finals,France,1,14,7,England,3205,Kyle Walker,3532,Jordan Brian Henderson,Complete,30.560104,45.0,49.4,63.4,73.8
3869354,2022-12-10,Quarter-finals,France,1,14,10,England,3532,Jordan Brian Henderson,22084,Bukayo Saka,Incomplete,14.1014185,63.4,74.6,63.6,60.5
3869354,2022-12-10,Quarter-finals,France,1,14,49,England,3468,Jordan Pickford,3244,John Stones,Complete,19.17081,6.0,36.0,13.6,53.6
3869354,2022-12-10,Quarter-finals,France,1,14,54,England,3244,John Stones,3336,Harry Maguire,Complete,33.452206,29.3,43.6,33.4,10.4
3869354,2022-12-10,Quarter-finals,France,1,14,57,England,3336,Harry Maguire,3382,Luke Shaw,Complete,8.450444,33.2,9.7,36.2,1.8
3869354,2022-12-10,Quarter-finals,France,1,14,59,England,3382,Luke Shaw,3468,Jordan Pickford,Complete,34.0,27.7,1.8,13.3,32.6
3869354,2022-12-10,Quarter-finals,France,1,15,3,England,3468,Jordan Pickford,3244,John Stones,Complete,12.925169,15.0,35.2,20.9,46.7
3869354,2022-12-10,Quarter-finals,France,1,15,8,England,3244,John Stones,3943,Declan Rice,Complete,31.916454,21.1,47.7,36.6,19.8
3869354,2022-12-10,Quarter-finals,France,1,15,12,England,3943,Declan Rice,3382,Luke Shaw,Complete,16.237303,38.1,17.8,39.2,1.6
3869354,2022-12-10,Quarter-finals,France,1,15,14,England,3382,Luke Shaw,3336,Harry Maguire,Complete,15.55667,37.9,1.6,25.9,11.5
3869354,2022-12-10,Quarter-finals,France,1,15,18,England,3336,Harry Maguire,3244,John Stones,Complete,31.594461,25.9,11.5,32.0,42.5
3869354,2022-12-10,Quarter-finals,France,1,15,20,England,3244,John Stones,3532,Jordan Brian Henderson,Complete,12.744019,32.0,45.4,44.1,49.4
3869354,2022-12-10,Quarter-finals,France,1,15,27,England,3532,Jordan Brian Henderson,30714,Jude Bellingham,Complete,8.21523,55.9,34.3,55.4,26.1
3869354,2022-12-10,Quarter-finals,France,1,15,29,England,30714,Jude Bellingham,3382,Luke Shaw,Complete,25.009798,55.4,26.1,56.1,1.1
3869354,2022-12-10,Quarter-finals,France,1,15,32,England,3382,Luke Shaw,3336,Harry Maguire,Complete,18.33494,56.1,1.8,41.0,12.2
3869354,2022-12-10,Quarter-finals,France,1,15,35,England,3336,Harry Maguire,3532,Jordan Brian Henderson,Complete,20.252901,42.5,12.2,47.2,31.9
3869354,2022-12-10,Quarter-finals,France,1,15,37,England,3532,Jordan Brian Henderson,3244,John Stones,Complete,18.555862,47.2,28.9,44.8,47.3
3869354,2022-12-10,Quarter-finals,France,1,15,39,England,3244,John Stones,3532,Jordan Brian Henderson,Complete,7.816009,44.8,49.4,47.0,41.9
3869354,2022-12-10,Quarter-finals,France,1,15,43,England,3532,Jordan Brian Henderson,3336,Harry Maguire,Complete,29.002758,49.6,44.5,50.0,15.5
3869354,2022-12-10,Quarter-finals,France,1,15,48,England,3336,Harry Maguire,3943,Declan Rice,Complete,16.39756,55.8,17.3,64.0,31.5
3869354,2022-12-10,Quarter-finals,France,1,15,51,England,3943,Declan Rice,3205,Kyle Walker,Complete,50.69921,75.5,25.5,86.0,75.1
3869354,2022-12-10,Quarter-finals,France,1,15,55,England,3205,Kyle Walker,22084,Bukayo Saka,Complete,13.505924,94.7,65.8,107.6,61.8
3869354,2022-12-10,Quarter-finals,France,1,17,55,England,10955,Harry Kane,3943,Declan Rice,Complete,14.19049,60.0,40.0,45.9,41.6
3869354,2022-12-10,Quarter-finals,France,1,17,56,England,3943,Declan Rice,30714,Jude Bellingham,Complete,30.847366,44.7,42.3,70.7,25.7
3869354,2022-12-10,Quarter-finals,France,1,18,0,England,30714,Jude Bellingham,4354,Philip Foden,Complete,26.44617,70.7,25.7,89.3,6.9
3869354,2022-12-10,Quarter-finals,France,1,18,5,England,4354,Philip Foden,3382,Luke Shaw,Complete,7.3979726,92.8,2.6,85.5,3.8
3869354,2022-12-10,Quarter-finals,France,1,18,8,England,3382,Luke Shaw,3943,Declan Rice,Complete,18.80904,86.2,4.0,72.9,17.3
3869354,2022-12-10,Quarter-finals,France,1,18,10,England,3943,Declan Rice,3244,John Stones,Complete,22.933382,72.5,17.7,64.0,39.0
3869354,2022-12-10,Quarter-finals,France,1,18,18,England,3244,John Stones,3205,Kyle Walker,Complete,13.479243,77.9,47.7,70.4,58.9
3869354,2022-12-10,Quarter-finals,France,1,18,19,England,3205,Kyle Walker,3336,Harry Maguire,Complete,35.04768,70.6,58.7,60.3,25.2
3869354,2022-12-10,Quarter-finals,France,1,18,24,England,3336,Harry Maguire,3532,Jordan Brian Henderson,Complete,48.244587,58.5,32.5,86.2,72.0
3869354,2022-12-10,Quarter-finals,France,1,18,28,England,3532,Jordan Brian Henderson,22084,Bukayo Saka,Complete,11.940268,88.8,70.9,99.9,75.3
3869354,2022-12-10,Quarter-finals,France,1,18,34,England,22084,Bukayo Saka,3205,Kyle Walker,Complete,18.30956,99.0,71.3,82.0,64.5
3869354,2022-12-10,Quarter-finals,France,1,18,36,England,3205,Kyle Walker,22084,Bukayo Saka,Complete,17.617321,82.0,64.1,98.6,70.0
3869354,2022-12-10,Quarter-finals,France,1,20,44,England,3205,Kyle Walker,3244,John Stones,Complete,23.242203,69.8,80.0,47.4,73.8
3869354,2022-12-10,Quarter-finals,France,1,20,47,England,3244,John Stones,3336,Harry Maguire,Complete,55.950424,50.0,74.0,45.9,18.2
3869354,2022-12-10,Quarter-finals,France,1,20,54,England,3336,Harry Maguire,3244,John Stones,Complete,20.255617,50.0,17.8,48.5,38.0
3869354,2022-12-10,Quarter-finals,France,1,20,56,England,3244,John Stones,3205,Kyle Walker,Complete,35.455887,49.0,39.8,63.4,72.2
3869354,2022-12-10,Quarter-finals,France,1,21,3,England,3205,Kyle Walker,3244,John Stones,Complete,19.60255,72.0,73.4,56.9,60.9
3869354,2022-12-10,Quarter-finals,France,1,21,10,England,3244,John Stones,30714,Jude Bellingham,Complete,19.910048,64.7,38.2,68.2,18.6
3869354,2022-12-10,Quarter-finals,France,1,21,13,England,30714,Jude Bellingham,3205,Kyle Walker,Complete,22.631836,52.0,28.3,50.8,50.9
3869354,2022-12-10,Quarter-finals,France,1,21,15,England,3205,Kyle Walker,3244,John Stones,Complete,9.580188,50.8,50.9,56.5,43.2
3869354,2022-12-10,Quarter-finals,France,1,21,20,England,3244,John Stones,3532,Jordan Brian Henderson,Complete,18.435291,67.4,51.0,70.9,69.1
3869354,2022-12-10,Quarter-finals,France,1,21,22,England,3532,Jordan Brian Henderson,22084,Bukayo Saka,Complete,14.094325,70.7,70.6,83.8,75.8
3869354,2022-12-10,Quarter-finals,France,1,21,27,England,22084,Bukayo Saka,10955,Harry Kane,Complete,33.52014,87.8,73.6,113.6,52.2
3869354,2022-12-10,Quarter-finals,France,1,21,31,England,3532,Jordan Brian Henderson,30714,Jude Bellingham,Complete,20.207424,112.8,55.4,117.3,35.7
3869354,2022-12-10,Quarter-finals,France,1,21,54,England,3382,Luke Shaw,3336,Harry Maguire,Complete,22.308968,90.6,0.1,68.6,3.8
3869354,2022-12-10,Quarter-finals,France,1,22,0,England,3336,Harry Maguire,3943,Declan Rice,Complete,10.323275,66.9,13.9,73.3,5.8
3869354,2022-12-10,Quarter-finals,France,1,22,1,England,3943,Declan Rice,4354,Philip Foden,Complete,7.4464755,73.3,5.8,80.5,7.7
3869354,2022-12-10,Quarter-finals,France,1,22,5,England,4354,Philip Foden,3943,Declan Rice,Complete,13.636715,81.8,4.0,68.2,3.0
3869354,2022-12-10,Quarter-finals,France,1,22,8,England,3943,Declan Rice,3336,Harry Maguire,Complete,14.89228,56.7,3.1,47.0,14.4
3869354,2022-12-10,Quarter-finals,France,1,22,12,England,3336,Harry Maguire,3244,John Stones,Complete,17.994722,56.7,30.3,50.8,47.3
3869354,2022-12-10,Quarter-finals,France,1,22,17,England,3244,John Stones,3943,Declan Rice,Complete,18.353474,56.5,52.0,57.9,33.7
3869354,2022-12-10,Quarter-finals,France,1,22,22,England,3943,Declan Rice,3382,Luke Shaw,Complete,13.148384,63.1,8.9,74.9,3.1
3869354,2022-12-10,Quarter-finals,France,1,22,23,England,3382,Luke Shaw,4354,Philip Foden,Complete,6.64003,74.9,3.1,78.9,8.4
3869354,2022-12-10,Quarter-finals,France,1,22,24,England,4354,Philip Foden,3382,Luke Shaw,Complete,5.3851647,79.9,8.4,75.3,5.6
3869354,2022-12-10,Quarter-finals,France,1,22,26,England,3382,Luke Shaw,30714,Jude Bellingham,Complete,13.518136,74.2,11.7,74.9,25.2
3869354,2022-12-10,Quarter-finals,France,1,22,27,England,30714,Jude Bellingham,3336,Harry Maguire,Complete,19.377563,74.2,28.1,57.2,18.8
3869354,2022-12-10,Quarter-finals,France,1,22,34,England,3336,Harry Maguire,4354,Philip Foden,Incomplete,37.677845,69.8,29.1,97.9,4.0
3869354,2022-12-10,Quarter-finals,France,1,22,53,England,30714,Jude Bellingham,3532,Jordan Brian Henderson,Complete,6.0,63.8,70.0,63.8,76.0
3869354,2022-12-10,Quarter-finals,France,1,23,16,England,3205,Kyle Walker,3943,Declan Rice,Complete,19.864794,72.9,80.0,55.4,70.6
3869354,2022-12-10,Quarter-finals,France,1,23,17,England,3943,Declan Rice,3244,John Stones,Complete,30.585127,58.1,73.8,46.5,45.5
3869354,2022-12-10,Quarter-finals,France,1,23,23,England,3244,John Stones,3532,Jordan Brian Henderson,Complete,13.322162,56.1,43.6,66.9,51.4
3869354,2022-12-10,Quarter-finals,France,1,23,25,England,3532,Jordan Brian Henderson,3336,Harry Maguire,Complete,38.762096,62.7,48.1,47.6,12.4
3869354,2022-12-10,Quarter-finals,France,1,23,28,England,3336,Harry Maguire,3382,Luke Shaw,Complete,21.513948,52.8,11.7,72.2,2.4
3869354,2022-12-10,Quarter-finals,France,1,23,32,England,3382,Luke Shaw,3336,Harry Maguire,Complete,17.873165,71.8,1.6,55.0,7.7
3869354,2022-12-10,Quarter-finals,France,1,23,35,England,3336,Harry Maguire,3943,Declan Rice,Complete,9.047651,53.6,7.7,56.7,16.2
3869354,2022-12-10,Quarter-finals,France,1,23,40,England,3943,Declan Rice,3382,Luke Shaw,Complete,19.773973,62.3,17.7,75.3,2.8
3869354,2022-12-10,Quarter-finals,France,1,23,43,England,3382,Luke Shaw,3336,Harry Maguire,Complete,21.63354,73.6,2.2,52.1,4.6
3869354,2022-12-10,Quarter-finals,France,1,23,45,England,3336,Harry Maguire,3244,John Stones,Complete,24.768126,52.0,5.6,45.5,29.5
3869354,2022-12-10,Quarter-finals,France,1,23,54,England,3244,John Stones,10955,Harry Kane,Complete,4.9396358,61.4,41.9,66.0,40.1
3869354,2022-12-10,Quarter-finals,France,1,23,55,England,10955,Harry Kane,3943,Declan Rice,Complete,20.80024,66.2,40.1,56.5,21.7
3869354,2022-12-10,Quarter-finals,France,1,23,57,England,3943,Declan Rice,4354,Philip Foden,Complete,19.769926,51.8,19.4,70.4,12.7
3869354,2022-12-10,Quarter-finals,France,1,23,59,England,4354,Philip Foden,3943,Declan Rice,Complete,21.45973,67.2,14.1,50.6,27.7
3869354,2022-12-10,Quarter-finals,France,1,24,2,England,3943,Declan Rice,10955,Harry Kane,Complete,29.467949,53.0,32.8,82.4,30.8
3869354,2022-12-10,Quarter-finals,France,1,24,4,England,10955,Harry Kane,30714,Jude Bellingham,Complete,12.808201,81.3,28.9,93.5,25.0
3869354,2022-12-10,Quarter-finals,France,1,24,5,England,30714,Jude Bellingham,10955,Harry Kane,Incomplete,6.4660654,93.5,24.2,99.0,20.8
3869354,2022-12-10,Quarter-finals,France,1,24,12,England,3382,Luke Shaw,3943,Declan Rice,Complete,9.8234415,66.5,5.1,69.0,14.6
3869354,2022-12-10,Quarter-finals,France,1,24,13,England,3943,Declan Rice,3336,Harry Maguire,Complete,25.171612,69.2,14.6,46.1,4.6
3869354,2022-12-10,Quarter-finals,France,1,24,19,England,3336,Harry Maguire,3943,Declan Rice,Complete,8.852683,50.8,7.5,56.7,14.1
3869354,2022-12-10,Quarter-finals,France,1,24,22,England,3943,Declan Rice,22084,Bukayo Saka,Complete,61.78236,56.9,23.9,86.0,78.4
3869354,2022-12-10,Quarter-finals,France,1,24,25,England,22084,Bukayo Saka,10955,Harry Kane,Incomplete,22.816004,86.0,78.4,92.4,56.5
3869354,2022-12-10,Quarter-finals,France,1,26,5,England,3205,Kyle Walker,3244,John Stones,Complete,17.531685,56.4,80.0,40.8,72.0
3869354,2022-12-10,Quarter-finals,France,1,26,13,England,3244,John Stones,3532,Jordan Brian Henderson,Complete,10.948059,44.5,67.5,55.0,64.4
3869354,2022-12-10,Quarter-finals,France,1,26,13,England,3532,Jordan Brian Henderson,3336,Harry Maguire,Complete,35.46858,55.0,64.4,33.1,36.5
3869354,2022-12-10,Quarter-finals,France,1,26,16,England,3336,Harry Maguire,3244,John Stones,Complete,23.103462,33.1,36.5,33.5,59.6
3869354,2022-12-10,Quarter-finals,France,1,26,21,England,3244,John Stones,3336,Harry Maguire,Complete,30.49623,39.4,58.6,34.5,28.5
3869354,2022-12-10,Quarter-finals,France,1,26,27,England,3336,Harry Maguire,30714,Jude Bellingham,Complete,8.949302,40.6,28.2,49.1,25.4
3869354,2022-12-10,Quarter-finals,France,1,26,29,England,30714,Jude Bellingham,3382,Luke Shaw,Complete,23.488295,47.4,23.6,57.3,2.3
3869354,2022-12-10,Quarter-finals,France,1,26,33,England,3382,Luke Shaw,3943,Declan Rice,Complete,19.97223,60.9,2.7,52.9,21.0
3869354,2022-12-10,Quarter-finals,France,1,26,38,England,3943,Declan Rice,3382,Luke Shaw,Complete,18.253767,62.3,21.0,63.7,2.8
3869354,2022-12-10,Quarter-finals,France,1,26,40,England,3382,Luke Shaw,4354,Philip Foden,Complete,9.812747,63.7,2.8,73.5,2.3
3869354,2022-12-10,Quarter-finals,France,1,26,41,England,4354,Philip Foden,,,Incomplete,12.943725,71.1,2.5,68.6,15.2
3869354,2022-12-10,Quarter-finals,France,1,27,31,England,3468,Jordan Pickford,3244,John Stones,Complete,18.91798,14.6,31.4,22.9,48.4
3869354,2022-12-10,Quarter-finals,France,1,27,42,England,3244,John Stones,3943,Declan Rice,Complete,12.766362,40.8,39.7,53.5,41.0
3869354,2022-12-10,Quarter-finals,France,1,27,44,England,3943,Declan Rice,3336,Harry Maguire,Complete,32.280025,53.5,41.0,34.1,15.2
3869354,2022-12-10,Quarter-finals,France,1,27,49,England,3336,Harry Maguire,3244,John Stones,Complete,18.64001,43.8,18.0,38.6,35.9
3869354,2022-12-10,Quarter-finals,France,1,27,53,England,3244,John Stones,3943,Declan Rice,Complete,11.6400175,39.4,36.1,46.4,26.8
3869354,2022-12-10,Quarter-finals,France,1,27,55,England,3943,Declan Rice,3244,John Stones,Complete,12.340584,46.2,26.8,38.7,36.6
3869354,2022-12-10,Quarter-finals,France,1,27,56,England,3244,John Stones,3336,Harry Maguire,Complete,22.336517,38.7,36.6,32.3,15.2
3869354,2022-12-10,Quarter-finals,France,1,28,4,England,3336,Harry Maguire,3532,Jordan Brian Henderson,Complete,55.082573,43.2,18.7,73.5,64.7
3869354,2022-12-10,Quarter-finals,France,1,28,8,England,22084,Bukayo Saka,3532,Jordan Brian Henderson,Incomplete,2.9,83.2,75.5,85.3,73.5
3869354,2022-12-10,Quarter-finals,France,1,28,12,England,22084,Bukayo Saka,10955,Harry Kane,Incomplete,14.705441,89.5,80.0,94.3,66.1
3869354,2022-12-10,Quarter-finals,France,1,28,19,England,22084,Bukayo Saka,3532,Jordan Brian Henderson,Complete,8.575546,101.7,53.6,106.2,60.9
3869354,2022-12-10,Quarter-finals,France,1,28,20,England,3532,Jordan Brian Henderson,22084,Bukayo Saka,Incomplete,5.6302752,106.3,60.9,109.4,56.2
3869354,2022-12-10,Quarter-finals,France,1,28,24,England,3205,Kyle Walker,3943,Declan Rice,Complete,18.409237,84.9,58.4,89.2,40.5
3869354,2022-12-10,Quarter-finals,France,1,28,28,England,3943,Declan Rice,10955,Harry Kane,Complete,12.104958,92.0,41.0,94.7,52.8
3869354,2022-12-10,Quarter-finals,France,1,29,19,England,4354,Philip Foden,3532,Jordan Brian Henderson,Complete,34.047173,120.0,80.0,114.5,46.4
3869354,2022-12-10,Quarter-finals,France,1,29,21,England,3532,Jordan Brian Henderson,3943,Declan Rice,Complete,8.050466,115.9,48.0,115.0,40.0
3869354,2022-12-10,Quarter-finals,France,1,29,29,England,3205,Kyle Walker,30714,Jude Bellingham,Complete,12.9,62.7,73.4,75.6,73.4
3869354,2022-12-10,Quarter-finals,France,1,29,31,England,30714,Jude Bellingham,3532,Jordan Brian Henderson,Complete,10.648005,76.0,73.5,86.3,76.2
3869354,2022-12-10,Quarter-finals,France,1,29,34,England,3532,Jordan Brian Henderson,30714,Jude Bellingham,Complete,8.658522,85.3,75.3,87.4,66.9
3869354,2022-12-10,Quarter-finals,France,1,29,37,England,30714,Jude Bellingham,3382,Luke Shaw,Complete,32.23864,85.3,57.4,73.0,27.6
3869354,2022-12-10,Quarter-finals,France,1,29,40,England,3382,Luke Shaw,3943,Declan Rice,Complete,11.673046,73.2,27.6,78.3,17.1
3869354,2022-12-10,Quarter-finals,France,1,29,43,England,3943,Declan Rice,30714,Jude Bellingham,Complete,20.254875,76.9,19.6,79.4,39.7
3869354,2022-12-10,Quarter-finals,France,1,29,46,England,30714,Jude Bellingham,3532,Jordan Brian Henderson,Complete,32.218784,81.4,41.0,94.8,70.3
3869354,2022-12-10,Quarter-finals,France,1,29,50,England,3532,Jordan Brian Henderson,3205,Kyle Walker,Complete,24.257164,94.3,72.1,71.4,64.1
3869354,2022-12-10,Quarter-finals,France,1,29,53,England,3205,Kyle Walker,3244,John Stones,Complete,24.352617,70.3,63.4,64.7,39.7
3869354,2022-12-10,Quarter-finals,France,1,29,57,England,3244,John Stones,30714,Jude Bellingham,Complete,19.257465,62.7,39.7,74.9,54.6
3869354,2022-12-10,Quarter-finals,France,1,30,1,England,30714,Jude Bellingham,22084,Bukayo Saka,Complete,16.323296,87.4,59.1,94.7,73.7
3869354,2022-12-10,Quarter-finals,France,1,30,2,England,22084,Bukayo Saka,3532,Jordan Brian Henderson,Incomplete,2.531798,94.3,74.8,93.9,72.3
3869354,2022-12-10,Quarter-finals,France,1,31,20,England,3205,Kyle Walker,30714,Jude Bellingham,Incomplete,35.56473,41.0,80.0,72.4,63.3
3869354,2022-12-10,Quarter-finals,France,1,31,55,England,3382,Luke Shaw,3336,Harry Maguire,Complete,9.404786,42.4,6.9,35.8,13.6
3869354,2022-12-10,Quarter-finals,France,1,31,57,England,3336,Harry Maguire,3244,John Stones,Complete,25.500196,35.8,13.6,31.3,38.7
3869354,2022-12-10,Quarter-finals,France,1,32,2,England,3244,John Stones,3943,Declan Rice,Complete,21.026175,36.3,39.3,47.0,21.2
3869354,2022-12-10,Quarter-finals,France,1,32,5,England,3943,Declan Rice,3382,Luke Shaw,Complete,15.439236,49.7,19.8,50.8,4.4
3869354,2022-12-10,Quarter-finals,France,1,32,8,England,3382,Luke Shaw,3336,Harry Maguire,Complete,23.942013,50.8,4.1,34.9,22.0
3869354,2022-12-10,Quarter-finals,France,1,32,12,England,3336,Harry Maguire,3244,John Stones,Complete,19.7,34.8,22.4,32.0,41.9
3869354,2022-12-10,Quarter-finals,France,1,32,14,England,3244,John Stones,3532,Jordan Brian Henderson,Complete,11.835962,34.9,42.5,46.4,45.3
3869354,2022-12-10,Quarter-finals,France,1,32,15,England,3532,Jordan Brian Henderson,3244,John Stones,Complete,15.307514,46.6,45.3,32.0,40.7
3869354,2022-12-10,Quarter-finals,France,1,32,24,England,3244,John Stones,30714,Jude Bellingham,Complete,11.115754,51.1,39.3,62.1,37.7
3869354,2022-12-10,Quarter-finals,France,1,32,24,England,30714,Jude Bellingham,3205,Kyle Walker,Incomplete,14.420125,62.7,37.5,54.0,49.0
3869354,2022-12-10,Quarter-finals,France,1,32,33,England,3205,Kyle Walker,22084,Bukayo Saka,Complete,16.531485,18.8,67.2,34.0,73.7
3869354,2022-12-10,Quarter-finals,France,1,32,53,England,3205,Kyle Walker,3244,John Stones,Complete,28.916777,36.8,74.9,28.5,47.2
3869354,2022-12-10,Quarter-finals,France,1,32,56,England,3244,John Stones,3336,Harry Maguire,Complete,28.821,31.1,45.2,39.4,17.6
3869354,2022-12-10,Quarter-finals,France,1,33,2,England,3336,Harry Maguire,3382,Luke Shaw,Complete,13.5,61.7,16.6,61.7,3.1
3869354,2022-12-10,Quarter-finals,France,1,33,5,England,3382,Luke Shaw,3336,Harry Maguire,Complete,13.705838,57.1,4.1,49.2,15.3
3869354,2022-12-10,Quarter-finals,France,1,33,8,England,3336,Harry Maguire,22084,Bukayo Saka,Incomplete,64.12628,49.4,22.2,92.7,69.5
3869354,2022-12-10,Quarter-finals,France,1,33,14,England,3205,Kyle Walker,3532,Jordan Brian Henderson,Complete,13.731715,70.1,65.1,83.5,68.1
3869354,2022-12-10,Quarter-finals,France,1,33,16,England,3532,Jordan Brian Henderson,22084,Bukayo Saka,Complete,11.681182,84.0,68.1,88.2,57.2
3869354,2022-12-10,Quarter-finals,France,1,33,19,England,22084,Bukayo Saka,3532,Jordan Brian Henderson,Complete,12.376186,99.3,60.6,96.7,72.7
3869354,2022-12-10,Quarter-finals,France,1,33,21,England,3532,Jordan Brian Henderson,22084,Bukayo Saka,Complete,11.552056,97.5,72.5,108.6,69.3
3869354,2022-12-10,Quarter-finals,France,1,34,24,England,30714,Jude Bellingham,10955,Harry Kane,Incomplete,44.86123,6.3,6.5,50.1,16.2
3869354,2022-12-10,Quarter-finals,France,1,36,3,England,30714,Jude Bellingham,3382,Luke Shaw,Complete,13.1472435,64.7,11.1,52.5,6.2
3869354,2022-12-10,Quarter-finals,France,1,36,5,England,3382,Luke Shaw,3943,Declan Rice,Complete,11.7046995,52.9,6.2,56.3,17.4
3869354,2022-12-10,Quarter-finals,France,1,36,8,England,3943,Declan Rice,3244,John Stones,Complete,20.401226,56.4,17.4,47.8,35.9
3869354,2022-12-10,Quarter-finals,France,1,36,11,England,3244,John Stones,3336,Harry Maguire,Complete,21.600925,47.6,35.9,47.4,14.3
3869354,2022-12-10,Quarter-finals,France,1,36,21,England,3336,Harry Maguire,3532,Jordan Brian Henderson,Complete,10.522357,56.3,29.9,57.9,40.3
3869354,2022-12-10,Quarter-finals,France,1,36,22,England,3532,Jordan Brian Henderson,3244,John Stones,Complete,8.528775,57.9,40.3,49.4,41.0
3869354,2022-12-10,Quarter-finals,France,1,36,27,England,3244,John Stones,3532,Jordan Brian Henderson,Complete,6.6483083,54.0,37.1,55.8,43.5
3869354,2022-12-10,Quarter-finals,France,1,36,28,England,3532,Jordan Brian Henderson,3336,Harry Maguire,Complete,28.208155,55.7,43.5,45.0,17.4
3869354,2022-12-10,Quarter-finals,France,1,36,32,England,3336,Harry Maguire,3382,Luke Shaw,Complete,11.837652,49.8,14.2,48.0,2.5
3869354,2022-12-10,Quarter-finals,France,1,36,34,England,3382,Luke Shaw,,,Incomplete,37.73619,48.0,2.5,84.9,10.4
3869354,2022-12-10,Quarter-finals,France,1,36,45,England,3205,Kyle Walker,3468,Jordan Pickford,Complete,37.48973,42.2,71.7,10.0,52.5
3869354,2022-12-10,Quarter-finals,France,1,36,51,England,3468,Jordan Pickford,3336,Harry Maguire,Complete,26.072592,15.0,46.2,26.7,22.9
3869354,2022-12-10,Quarter-finals,France,1,36,56,England,3336,Harry Maguire,3382,Luke Shaw,Complete,24.226019,30.7,22.2,44.8,2.5
3869354,2022-12-10,Quarter-finals,France,1,36,58,England,3382,Luke Shaw,3336,Harry Maguire,Complete,19.14001,43.1,3.9,31.6,19.2
3869354,2022-12-10,Quarter-finals,France,1,37,1,England,3336,Harry Maguire,3244,John Stones,Complete,26.539782,34.4,21.8,41.4,47.4
3869354,2022-12-10,Quarter-finals,France,1,37,9,England,3244,John Stones,3336,Harry Maguire,Complete,18.700268,53.0,34.3,48.3,16.2
3869354,2022-12-10,Quarter-finals,France,1,37,15,England,3336,Harry Maguire,3532,Jordan Brian Henderson,Out,69.74482,56.8,24.4,99.3,79.7
3869354,2022-12-10,Quarter-finals,France,1,39,8,England,3468,Jordan Pickford,3336,Harry Maguire,Complete,31.981245,6.0,44.0,27.8,20.6
3869354,2022-12-10,Quarter-finals,France,1,39,9,England,3336,Harry Maguire,3244,John Stones,Complete,30.502623,27.9,20.4,40.0,48.4
3869354,2022-12-10,Quarter-finals,France,1,39,12,England,3244,John Stones,3336,Harry Maguire,Complete,28.06439,40.0,48.1,34.4,20.6
3869354,2022-12-10,Quarter-finals,France,1,39,17,England,3336,Harry Maguire,4354,Philip Foden,Complete,25.238264,43.4,17.6,63.0,1.7
3869354,2022-12-10,Quarter-finals,France,1,39,18,England,4354,Philip Foden,3336,Harry Maguire,Complete,22.144978,63.0,1.7,42.2,9.3
3869354,2022-12-10,Quarter-finals,France,1,39,25,England,3336,Harry Maguire,30714,Jude Bellingham,Complete,8.044874,59.5,10.5,64.1,3.9
3869354,2022-12-10,Quarter-finals,France,1,39,27,England,30714,Jude Bellingham,4354,Philip Foden,Complete,20.0085,64.9,4.1,74.6,21.6
3869354,2022-12-10,Quarter-finals,France,1,39,30,England,4354,Philip Foden,22084,Bukayo Saka,Complete,57.394165,77.2,23.0,99.7,75.8
3869354,2022-12-10,Quarter-finals,France,1,39,37,England,22084,Bukayo Saka,4354,Philip Foden,Complete,21.085777,96.5,68.3,92.0,47.7
3869354,2022-12-10,Quarter-finals,France,1,39,38,England,4354,Philip Foden,3244,John Stones,Complete,11.925183,92.0,47.7,80.6,44.2
3869354,2022-12-10,Quarter-finals,France,1,39,42,England,3244,John Stones,4354,Philip Foden,Complete,12.349089,82.6,44.2,89.1,54.7
3869354,2022-12-10,Quarter-finals,France,1,39,44,England,4354,Philip Foden,3532,Jordan Brian Henderson,Complete,17.761194,94.1,57.4,101.6,73.5
3869354,2022-12-10,Quarter-finals,France,1,39,46,England,3532,Jordan Brian Henderson,4354,Philip Foden,Complete,11.046267,102.1,73.5,112.0,68.6
3869354,2022-12-10,Quarter-finals,France,1,39,48,England,4354,Philip Foden,3532,Jordan Brian Henderson,Complete,11.412712,112.0,68.6,102.0,74.1
3869354,2022-12-10,Quarter-finals,France,1,39,51,England,3532,Jordan Brian Henderson,4354,Philip Foden,Complete,3.6,100.3,73.9,103.9,73.9
3869354,2022-12-10,Quarter-finals,France,1,39,52,England,4354,Philip Foden,3532,Jordan Brian Henderson,Complete,6.8029404,103.9,73.9,97.1,73.7
3869354,2022-12-10,Quarter-finals,France,1,39,54,England,3532,Jordan Brian Henderson,30714,Jude Bellingham,Complete,22.292824,97.1,73.5,113.5,58.4
3869354,2022-12-10,Quarter-finals,France,1,39,58,England,30714,Jude Bellingham,22084,Bukayo Saka,Complete,13.200378,113.6,65.2,103.1,57.2
3869354,2022-12-10,Quarter-finals,France,1,40,0,England,22084,Bukayo Saka,10955,Harry Kane,Complete,30.255743,103.1,57.0,117.7,30.5
3869354,2022-12-10,Quarter-finals,France,1,40,2,England,10955,Harry Kane,,,Incomplete,4.5254836,117.7,30.5,114.5,33.7
3869354,2022-12-10,Quarter-finals,France,1,40,8,England,3382,Luke Shaw,,,Incomplete,1.2165525,95.5,21.8,96.7,21.6
3869354,2022-12-10,Quarter-finals,France,1,40,25,England,3336,Harry Maguire,3382,Luke Shaw,Complete,24.956161,43.4,10.4,66.9,2.0
3869354,2022-12-10,Quarter-finals,France,1,40,28,England,3382,Luke Shaw,3943,Declan Rice,Complete,14.8946295,66.9,2.0,58.5,14.3
3869354,2022-12-10,Quarter-finals,France,1,40,30,England,3943,Declan Rice,3336,Harry Maguire,Complete,15.523209,58.5,14.6,43.4,11.0
3869354,2022-12-10,Quarter-finals,France,1,40,37,England,3336,Harry Maguire,3943,Declan Rice,Complete,12.288612,47.4,16.6,54.4,6.5
3869354,2022-12-10,Quarter-finals,France,1,40,39,England,3943,Declan Rice,4354,Philip Foden,Complete,20.717142,55.3,6.5,57.5,27.1
3869354,2022-12-10,Quarter-finals,France,1,40,40,England,4354,Philip Foden,30714,Jude Bellingham,Complete,15.802848,57.3,27.1,71.1,19.4
3869354,2022-12-10,Quarter-finals,France,1,40,41,England,30714,Jude Bellingham,3943,Declan Rice,Complete,15.132746,71.1,19.2,60.3,8.6
3869354,2022-12-10,Quarter-finals,France,1,40,51,England,3943,Declan Rice,4354,Philip Foden,Complete,14.956269,63.5,39.6,77.2,45.6
3869354,2022-12-10,Quarter-finals,France,1,42,1,England,3244,John Stones,3336,Harry Maguire,Complete,25.86832,15.3,80.0,10.4,54.6
3869354,2022-12-10,Quarter-finals,France,1,42,3,England,3336,Harry Maguire,3244,John Stones,Complete,15.81455,10.7,54.6,8.8,70.3
3869354,2022-12-10,Quarter-finals,France,1,42,8,England,3244,John Stones,3943,Declan Rice,Complete,10.221546,12.1,62.0,20.9,56.8
3869354,2022-12-10,Quarter-finals,France,1,42,9,England,3943,Declan Rice,3205,Kyle Walker,Complete,20.34232,21.5,56.8,28.5,75.9
3869354,2022-12-10,Quarter-finals,France,1,42,44,England,3205,Kyle Walker,3336,Harry Maguire,Complete,36.818474,64.4,59.2,55.8,23.4
3869354,2022-12-10,Quarter-finals,France,1,42,48,England,3336,Harry Maguire,3244,John Stones,Complete,15.5128975,55.7,23.4,52.6,38.6
3869354,2022-12-10,Quarter-finals,France,1,42,52,England,3244,John Stones,3336,Harry Maguire,Complete,18.271835,52.9,38.3,55.4,20.2
3869354,2022-12-10,Quarter-finals,France,1,42,55,England,3336,Harry Maguire,3382,Luke Shaw,Complete,24.416798,61.9,18.0,80.6,2.3
3869354,2022-12-10,Quarter-finals,France,1,42,58,England,3382,Luke Shaw,30714,Jude Bellingham,Complete,12.014991,79.4,2.8,78.8,14.8
3869354,2022-12-10,Quarter-finals,France,1,42,59,England,30714,Jude Bellingham,3336,Harry Maguire,Complete,21.026175,78.8,14.8,57.9,12.5
3869354,2022-12-10,Quarter-finals,France,1,43,1,England,3336,Harry Maguire,30714,Jude Bellingham,Complete,7.170077,58.5,12.4,63.1,6.9
3869354,2022-12-10,Quarter-finals,France,1,43,6,England,30714,Jude Bellingham,3943,Declan Rice,Complete,10.558883,66.3,28.1,75.6,33.1
3869354,2022-12-10,Quarter-finals,France,1,43,51,England,3382,Luke Shaw,3943,Declan Rice,Complete,19.16716,27.2,0.1,21.5,18.4
3869354,2022-12-10,Quarter-finals,France,1,43,55,England,3943,Declan Rice,3244,John Stones,Complete,24.26211,22.5,19.0,19.7,43.1
3869354,2022-12-10,Quarter-finals,France,1,43,58,England,3244,John Stones,3205,Kyle Walker,Complete,27.439024,21.9,47.2,41.0,66.9
3869354,2022-12-10,Quarter-finals,France,1,44,1,England,3205,Kyle Walker,22084,Bukayo Saka,Complete,11.0,53.0,67.9,64.0,67.9
3869354,2022-12-10,Quarter-finals,France,1,44,2,England,22084,Bukayo Saka,3205,Kyle Walker,Complete,12.1918,63.7,67.6,55.7,58.4
3869354,2022-12-10,Quarter-finals,France,1,44,5,England,3205,Kyle Walker,3943,Declan Rice,Complete,20.649456,54.7,57.7,51.5,37.3
3869354,2022-12-10,Quarter-finals,France,1,44,7,England,3943,Declan Rice,30714,Jude Bellingham,Complete,16.06549,53.0,36.5,57.9,21.2
3869354,2022-12-10,Quarter-finals,France,1,44,9,England,30714,Jude Bellingham,3382,Luke Shaw,Complete,25.696108,59.6,20.4,76.9,1.4
3869354,2022-12-10,Quarter-finals,France,1,44,13,England,3382,Luke Shaw,30714,Jude Bellingham,Complete,20.847063,77.7,2.0,98.5,3.4
3869354,2022-12-10,Quarter-finals,France,1,44,20,England,30714,Jude Bellingham,,,Incomplete,29.176018,114.0,5.3,110.8,34.3
3869354,2022-12-10,Quarter-finals,France,1,44,41,England,3532,Jordan Brian Henderson,22084,Bukayo Saka,Complete,4.0,47.8,66.2,44.6,68.6
3869354,2022-12-10,Quarter-finals,France,1,44,41,England,22084,Bukayo Saka,10955,Harry Kane,Incomplete,22.604645,44.6,68.6,66.5,63.0
3869354,2022-12-10,Quarter-finals,France,1,44,51,England,3205,Kyle Walker,3943,Declan Rice,Complete,13.029198,45.4,80.0,41.4,67.6
3869354,2022-12-10,Quarter-finals,France,1,44,57,England,3943,Declan Rice,3336,Harry Maguire,Complete,23.104979,51.6,48.0,49.4,25.0
3869354,2022-12-10,Quarter-finals,France,1,45,2,England,3336,Harry Maguire,3532,Jordan Brian Henderson,Complete,19.409277,56.3,24.4,55.7,43.8
3869354,2022-12-10,Quarter-finals,France,1,45,7,England,3532,Jordan Brian Henderson,3336,Harry Maguire,Complete,30.053286,56.7,42.4,61.9,12.8
3869354,2022-12-10,Quarter-finals,France,1,45,9,England,3336,Harry Maguire,3244,John Stones,Complete,31.063322,61.9,12.8,44.6,38.6
3869354,2022-12-10,Quarter-finals,France,1,45,12,England,3244,John Stones,3532,Jordan Brian Henderson,Complete,12.159359,44.6,38.6,55.0,44.9
3869354,2022-12-10,Quarter-finals,France,1,45,13,England,3532,Jordan Brian Henderson,3244,John Stones,Complete,7.7420926,55.0,44.9,50.5,38.6
3869354,2022-12-10,Quarter-finals,France,1,45,16,England,3244,John Stones,3532,Jordan Brian Henderson,Complete,7.615773,50.1,38.6,53.9,45.2
3869354,2022-12-10,Quarter-finals,France,1,45,17,England,3532,Jordan Brian Henderson,3244,John Stones,Complete,23.776669,52.5,46.3,37.2,28.1
3869354,2022-12-10,Quarter-finals,France,1,45,20,England,3244,John Stones,3336,Harry Maguire,Complete,24.110786,34.5,26.2,44.8,4.4
3869354,2022-12-10,Quarter-finals,France,1,45,26,England,3336,Harry Maguire,22084,Bukayo Saka,Complete,62.305138,56.7,16.7,81.4,73.9
3869354,2022-12-10,Quarter-finals,France,1,45,39,England,22084,Bukayo Saka,3205,Kyle Walker,Complete,13.060245,97.1,73.9,93.0,61.5
3869354,2022-12-10,Quarter-finals,France,1,45,41,England,3205,Kyle Walker,10955,Harry Kane,Complete,7.856844,93.4,61.5,99.2,56.2
3869354,2022-12-10,Quarter-finals,France,1,45,44,England,10955,Harry Kane,22084,Bukayo Saka,Complete,13.11259,93.9,58.6,100.2,70.1
3869354,2022-12-10,Quarter-finals,France,1,45,47,England,22084,Bukayo Saka,10955,Harry Kane,Complete,12.175796,100.2,70.1,93.4,60.0
3869354,2022-12-10,Quarter-finals,France,1,45,49,England,10955,Harry Kane,3205,Kyle Walker,Complete,11.175867,92.5,61.3,84.4,69.0
3869354,2022-12-10,Quarter-finals,France,1,45,49,England,3205,Kyle Walker,3244,John Stones,Complete,17.969418,84.4,69.3,72.1,56.2
3869354,2022-12-10,Quarter-finals,France,1,45,52,England,3244,John Stones,3336,Harry Maguire,Complete,28.367764,72.1,56.0,81.4,29.2
3869354,2022-12-10,Quarter-finals,France,1,45,56,England,3336,Harry Maguire,22084,Bukayo Saka,Complete,14.993999,85.4,33.5,90.5,47.6
3869354,2022-12-10,Quarter-finals,France,1,47,10,England,3468,Jordan Pickford,3336,Harry Maguire,Complete,22.056519,6.0,44.0,15.3,24.0
3869354,2022-12-10,Quarter-finals,France,1,47,20,England,3336,Harry Maguire,3244,John Stones,Complete,18.236227,41.1,24.7,34.5,41.7
3869354,2022-12-10,Quarter-finals,France,1,47,27,England,3244,John Stones,22084,Bukayo Saka,Complete,20.93036,43.4,51.4,58.2,66.2
3869354,2022-12-10,Quarter-finals,France,1,47,31,England,22084,Bukayo Saka,3244,John Stones,Complete,15.840454,49.7,58.2,40.1,45.6
3869354,2022-12-10,Quarter-finals,France,1,47,38,England,3244,John Stones,3336,Harry Maguire,Complete,23.234888,66.5,27.5,64.0,4.4
3869354,2022-12-10,Quarter-finals,France,1,47,41,England,3336,Harry Maguire,3382,Luke Shaw,Complete,15.482894,64.0,4.1,79.4,2.5
3869354,2022-12-10,Quarter-finals,France,1,47,43,England,3382,Luke Shaw,3336,Harry Maguire,Complete,16.527554,79.4,2.3,64.0,8.3
3869354,2022-12-10,Quarter-finals,France,1,47,46,England,3336,Harry Maguire,3382,Luke Shaw,Incomplete,44.354595,64.0,8.1,108.2,11.8
3869354,2022-12-10,Quarter-finals,France,1,48,30,England,4354,Philip Foden,30714,Jude Bellingham,Complete,80.27067,120.0,0.1,93.3,75.8
3869354,2022-12-10,Quarter-finals,France,1,48,36,England,30714,Jude Bellingham,22084,Bukayo Saka,Incomplete,10.394711,93.3,75.5,94.7,65.2
3869354,2022-12-10,Quarter-finals,France,1,49,46,England,3205,Kyle Walker,3336,Harry Maguire,Complete,19.670282,66.3,50.9,52.9,36.5
3869354,2022-12-10,Quarter-finals,France,1,49,48,England,3336,Harry Maguire,3943,Declan Rice,Complete,7.1309185,52.9,36.5,59.5,33.8
3869354,2022-12-10,Quarter-finals,France,1,49,49,England,3943,Declan Rice,3336,Harry Maguire,Complete,12.980755,59.5,33.8,47.0,30.3
3869354,2022-12-10,Quarter-finals,France,1,49,51,England,3336,Harry Maguire,3244,John Stones,Complete,18.501081,46.8,30.3,46.6,48.8
3869354,2022-12-10,Quarter-finals,France,2,45,0,England,30714,Jude Bellingham,3336,Harry Maguire,Complete,16.577394,61.0,40.1,44.5,38.5
3869354,2022-12-10,Quarter-finals,France,2,45,3,England,3336,Harry Maguire,3244,John Stones,Complete,15.040279,45.2,40.6,44.1,55.6
3869354,2022-12-10,Quarter-finals,France,2,45,5,England,3244,John Stones,3532,Jordan Brian Henderson,Complete,14.115594,43.5,56.9,57.2,60.3
3869354,2022-12-10,Quarter-finals,France,2,45,6,England,3532,Jordan Brian Henderson,3205,Kyle Walker,Complete,15.306208,57.2,60.3,55.4,75.5
3869354,2022-12-10,Quarter-finals,France,2,45,11,England,3205,Kyle Walker,3532,Jordan Brian Henderson,Complete,5.3,63.4,76.5,68.7,76.5
3869354,2022-12-10,Quarter-finals,France,2,45,12,England,3532,Jordan Brian Henderson,3205,Kyle Walker,Complete,8.827797,68.7,76.5,59.9,77.2
3869354,2022-12-10,Quarter-finals,France,2,45,13,England,3205,Kyle Walker,3244,John Stones,Complete,20.917217,58.4,76.7,39.2,68.4
3869354,2022-12-10,Quarter-finals,France,2,45,17,England,3244,John Stones,3336,Harry Maguire,Complete,31.50746,45.6,59.2,48.2,27.8
3869354,2022-12-10,Quarter-finals,France,2,45,20,England,3336,Harry Maguire,3382,Luke Shaw,Complete,18.676188,48.2,27.8,51.4,9.4
3869354,2022-12-10,Quarter-finals,France,2,45,21,England,3382,Luke Shaw,4354,Philip Foden,Incomplete,15.420765,51.4,9.4,66.8,10.2
3869354,2022-12-10,Quarter-finals,France,2,45,34,England,3468,Jordan Pickford,3382,Luke Shaw,Complete,25.762375,33.6,34.6,43.7,10.9
3869354,2022-12-10,Quarter-finals,France,2,45,36,England,3382,Luke Shaw,3336,Harry Maguire,Complete,15.895911,40.3,13.4,25.5,19.2
3869354,2022-12-10,Quarter-finals,France,2,45,41,England,3336,Harry Maguire,3382,Luke Shaw,Complete,16.042444,31.1,18.8,44.1,9.4
3869354,2022-12-10,Quarter-finals,France,2,45,43,England,3382,Luke Shaw,4354,Philip Foden,Complete,17.710167,46.5,8.1,64.2,8.7
3869354,2022-12-10,Quarter-finals,France,2,45,45,England,4354,Philip Foden,30714,Jude Bellingham,Complete,4.2720017,64.2,9.4,62.7,13.4
3869354,2022-12-10,Quarter-finals,France,2,45,51,England,4354,Philip Foden,10955,Harry Kane,Incomplete,21.663334,102.1,9.6,107.8,30.5
3869354,2022-12-10,Quarter-finals,France,2,46,31,England,4354,Philip Foden,,,Incomplete,48.98755,120.0,0.1,114.7,48.8
3869354,2022-12-10,Quarter-finals,France,2,46,35,England,3382,Luke Shaw,30714,Jude Bellingham,Complete,8.485281,99.9,56.4,101.1,48.0
3869354,2022-12-10,Quarter-finals,France,2,47,10,England,4354,Philip Foden,3336,Harry Maguire,Complete,49.246826,120.0,80.0,116.2,30.9
3869354,2022-12-10,Quarter-finals,France,2,47,39,England,3244,John Stones,3943,Declan Rice,Complete,10.834205,24.2,50.9,34.9,49.2
3869354,2022-12-10,Quarter-finals,France,2,47,44,England,3943,Declan Rice,3205,Kyle Walker,Complete,21.015232,40.5,53.4,43.5,74.2
3869354,2022-12-10,Quarter-finals,France,2,47,46,England,3205,Kyle Walker,22084,Bukayo Saka,Complete,10.606602,46.7,74.0,54.2,66.5
3869354,2022-12-10,Quarter-finals,France,2,47,48,England,22084,Bukayo Saka,3943,Declan Rice,Complete,8.876936,54.2,66.3,45.6,64.1
3869354,2022-12-10,Quarter-finals,France,2,47,49,England,3943,Declan Rice,3336,Harry Maguire,Complete,34.410465,45.6,64.1,41.8,29.9
3869354,2022-12-10,Quarter-finals,France,2,47,54,England,3336,Harry Maguire,4354,Philip Foden,Complete,19.393297,54.8,20.5,74.1,18.6
3869354,2022-12-10,Quarter-finals,France,2,47,55,England,4354,Philip Foden,30714,Jude Bellingham,Incomplete,5.724509,75.1,19.0,77.7,24.1
3869354,2022-12-10,Quarter-finals,France,2,49,38,England,3943,Declan Rice,30714,Jude Bellingham,Incomplete,19.163769,8.8,28.7,23.9,16.9
3869354,2022-12-10,Quarter-finals,France,2,49,58,England,3943,Declan Rice,10955,Harry Kane,Complete,19.839859,36.6,47.4,49.7,32.5
3869354,2022-12-10,Quarter-finals,France,2,49,59,England,10955,Harry Kane,3382,Luke Shaw,Complete,16.282812,48.8,31.0,40.0,17.3
3869354,2022-12-10,Quarter-finals,France,2,50,4,England,3382,Luke Shaw,3336,Harry Maguire,Complete,14.761098,39.8,17.3,28.1,26.3
3869354,2022-12-10,Quarter-finals,France,2,50,7,England,3336,Harry Maguire,3244,John Stones,Complete,21.672333,28.7,26.9,33.2,48.1
3869354,2022-12-10,Quarter-finals,France,2,50,17,England,3244,John Stones,3336,Harry Maguire,Complete,21.805733,56.9,36.1,46.2,17.1
3869354,2022-12-10,Quarter-finals,France,2,50,20,England,3336,Harry Maguire,3382,Luke Shaw,Complete,11.738825,46.2,17.1,54.4,8.7
3869354,2022-12-10,Quarter-finals,France,2,50,25,England,3382,Luke Shaw,3336,Harry Maguire,Complete,14.860686,60.1,9.4,47.1,16.6
3869354,2022-12-10,Quarter-finals,France,2,50,28,England,3336,Harry Maguire,3244,John Stones,Complete,13.363382,46.7,19.0,45.4,32.3
3869354,2022-12-10,Quarter-finals,France,2,50,32,England,3244,John Stones,3532,Jordan Brian Henderson,Complete,35.44009,53.7,46.4,74.9,74.8
3869354,2022-12-10,Quarter-finals,France,2,50,36,England,3532,Jordan Brian Henderson,22084,Bukayo Saka,Complete,10.107918,87.1,77.2,86.7,67.1
3869354,2022-12-10,Quarter-finals,France,2,50,39,England,22084,Bukayo Saka,3532,Jordan Brian Henderson,Complete,6.670832,88.0,71.4,83.7,76.5
3869354,2022-12-10,Quarter-finals,France,2,50,40,England,3532,Jordan Brian Henderson,3943,Declan Rice,Complete,14.811145,83.7,76.5,71.3,68.4
3869354,2022-12-10,Quarter-finals,France,2,50,41,England,3943,Declan Rice,3205,Kyle Walker,Complete,12.240915,68.5,68.0,56.3,69.0
3869354,2022-12-10,Quarter-finals,France,2,50,42,England,3205,Kyle Walker,3244,John Stones,Complete,26.66027,56.3,69.0,64.4,43.6
3869354,2022-12-10,Quarter-finals,France,2,50,50,England,3244,John Stones,3532,Jordan Brian Henderson,Complete,24.972185,85.8,51.9,92.7,75.9
3869354,2022-12-10,Quarter-finals,France,2,50,54,England,3532,Jordan Brian Henderson,22084,Bukayo Saka,Complete,17.913681,93.1,74.8,107.0,63.5
3869354,2022-12-10,Quarter-finals,France,2,50,58,England,22084,Bukayo Saka,,,Incomplete,15.247294,114.1,59.4,115.3,44.2
3869354,2022-12-10,Quarter-finals,France,2,51,17,England,3244,John Stones,3532,Jordan Brian Henderson,Complete,18.101934,45.0,37.2,57.8,50.0
3869354,2022-12-10,Quarter-finals,France,2,51,19,England,3532,Jordan Brian Henderson,22084,Bukayo Saka,Complete,29.121813,58.9,50.4,75.1,74.6
3869354,2022-12-10,Quarter-finals,France,2,51,26,England,22084,Bukayo Saka,30714,Jude Bellingham,Complete,6.9971423,105.7,62.4,109.3,56.4
3869354,2022-12-10,Quarter-finals,France,2,51,27,England,30714,Jude Bellingham,22084,Bukayo Saka,Complete,4.554119,110.2,55.1,105.9,53.6
3869354,2022-12-10,Quarter-finals,France,2,54,48,England,3336,Harry Maguire,,,Out,24.088171,4.7,12.6,25.7,0.8
3869354,2022-12-10,Quarter-finals,France,2,54,58,England,30714,Jude Bellingham,10955,Harry Kane,Complete,13.875157,23.4,14.9,36.8,11.3
3869354,2022-12-10,Quarter-finals,France,2,55,28,England,30714,Jude Bellingham,10955,Harry Kane,Incomplete,10.507616,57.4,20.1,67.8,18.6
3869354,2022-12-10,Quarter-finals,France,2,55,32,England,3943,Declan Rice,30714,Jude Bellingham,Incomplete,21.455536,64.2,12.6,83.9,21.1
3869354,2022-12-10,Quarter-finals,France,2,55,36,England,3943,Declan Rice,4354,Philip Foden,Complete,11.54123,83.7,12.8,93.9,7.4
3869354,2022-12-10,Quarter-finals,France,2,55,41,England,4354,Philip Foden,10955,Harry Kane,Complete,10.324728,95.0,23.3,85.4,27.1
3869354,2022-12-10,Quarter-finals,France,2,56,2,England,3532,Jordan Brian Henderson,4354,Philip Foden,Incomplete,36.28567,22.7,37.2,56.3,23.5
3869354,2022-12-10,Quarter-finals,France,2,56,7,England,30714,Jude Bellingham,4354,Philip Foden,Out,61.865097,42.8,27.1,99.3,1.9
3869354,2022-12-10,Quarter-finals,France,2,57,0,England,3468,Jordan Pickford,3336,Harry Maguire,Complete,23.3829,15.4,50.6,21.4,28.0
3869354,2022-12-10,Quarter-finals,France,2,57,5,England,3336,Harry Maguire,3244,John Stones,Complete,22.663847,25.9,29.5,27.6,52.1
3869354,2022-12-10,Quarter-finals,France,2,57,14,England,3244,John Stones,3336,Harry Maguire,Complete,21.140009,37.9,51.9,36.6,30.8
3869354,2022-12-10,Quarter-finals,France,2,57,17,England,3336,Harry Maguire,3382,Luke Shaw,Complete,21.40584,37.5,29.7,37.0,8.3
3869354,2022-12-10,Quarter-finals,France,2,57,19,England,3382,Luke Shaw,3468,Jordan Pickford,Complete,34.94939,37.0,10.4,13.1,35.9
3869354,2022-12-10,Quarter-finals,France,2,57,23,England,3468,Jordan Pickford,3244,John Stones,Complete,14.108863,14.6,35.9,18.7,49.4
3869354,2022-12-10,Quarter-finals,France,2,57,27,England,3244,John Stones,22084,Bukayo Saka,Complete,24.709715,22.5,71.4,46.9,67.5
3869354,2022-12-10,Quarter-finals,France,2,57,29,England,22084,Bukayo Saka,3532,Jordan Brian Henderson,Incomplete,9.449339,46.9,67.5,54.2,73.5
3869354,2022-12-10,Quarter-finals,France,2,57,35,England,3205,Kyle Walker,3532,Jordan Brian Henderson,Incomplete,13.257451,22.5,71.6,35.5,74.2
3869354,2022-12-10,Quarter-finals,France,2,58,5,England,3468,Jordan Pickford,3336,Harry Maguire,Complete,15.728001,7.0,44.1,11.4,29.0
3869354,2022-12-10,Quarter-finals,France,2,58,10,England,3336,Harry Maguire,3943,Declan Rice,Complete,17.901117,21.2,28.0,34.3,40.2
3869354,2022-12-10,Quarter-finals,France,2,58,11,England,3943,Declan Rice,3244,John Stones,Complete,21.636312,31.9,41.9,13.7,53.6
3869354,2022-12-10,Quarter-finals,France,2,58,13,England,3244,John Stones,3468,Jordan Pickford,Complete,14.395138,13.7,53.6,5.6,41.7
3869354,2022-12-10,Quarter-finals,France,2,58,17,England,3468,Jordan Pickford,10955,Harry Kane,Incomplete,55.69955,8.6,37.6,63.6,46.4
3869354,2022-12-10,Quarter-finals,France,2,58,22,England,3244,John Stones,30714,Jude Bellingham,Complete,21.098341,18.8,54.3,37.1,43.8
3869354,2022-12-10,Quarter-finals,France,2,58,24,England,30714,Jude Bellingham,3382,Luke Shaw,Complete,40.540596,36.8,41.1,12.3,8.8
3869354,2022-12-10,Quarter-finals,France,2,58,28,England,3382,Luke Shaw,10955,Harry Kane,Incomplete,34.085186,11.8,5.3,45.2,12.1
3869354,2022-12-10,Quarter-finals,France,2,58,47,England,3382,Luke Shaw,3943,Declan Rice,Incomplete,11.813974,48.8,19.2,57.4,27.3
3869354,2022-12-10,Quarter-finals,France,2,58,50,England,3382,Luke Shaw,3336,Harry Maguire,Complete,16.177145,51.2,24.1,35.5,28.0
3869354,2022-12-10,Quarter-finals,France,2,58,53,England,3336,Harry Maguire,3468,Jordan Pickford,Complete,25.675863,27.2,29.7,8.6,47.4
3869354,2022-12-10,Quarter-finals,France,2,59,1,England,3468,Jordan Pickford,3244,John Stones,Complete,11.954079,11.4,47.0,22.7,50.9
3869354,2022-12-10,Quarter-finals,France,2,59,5,England,3244,John Stones,3943,Declan Rice,Complete,13.354026,26.1,50.9,39.4,52.1
3869354,2022-12-10,Quarter-finals,France,2,59,6,England,3943,Declan Rice,3532,Jordan Brian Henderson,Complete,24.816326,40.7,56.2,56.3,75.5
3869354,2022-12-10,Quarter-finals,France,2,59,11,England,3532,Jordan Brian Henderson,22084,Bukayo Saka,Complete,6.4381676,73.0,76.5,72.3,70.1
3869354,2022-12-10,Quarter-finals,France,2,59,13,England,22084,Bukayo Saka,3943,Declan Rice,Complete,15.667801,69.8,69.0,54.6,65.2
3869354,2022-12-10,Quarter-finals,France,2,59,15,England,3943,Declan Rice,3336,Harry Maguire,Complete,28.68815,52.0,63.3,43.5,35.9
3869354,2022-12-10,Quarter-finals,France,2,59,22,England,3336,Harry Maguire,30714,Jude Bellingham,Complete,11.415778,64.6,24.6,64.0,13.2
3869354,2022-12-10,Quarter-finals,France,2,59,23,England,30714,Jude Bellingham,3244,John Stones,Complete,23.622446,63.1,13.4,49.2,32.5
3869354,2022-12-10,Quarter-finals,France,2,59,30,England,3244,John Stones,22084,Bukayo Saka,Complete,22.749065,55.9,39.1,78.5,41.7
3869354,2022-12-10,Quarter-finals,France,2,59,57,England,3336,Harry Maguire,3943,Declan Rice,Incomplete,15.9890585,27.4,48.9,42.8,44.6
3869354,2022-12-10,Quarter-finals,France,2,60,35,England,30714,Jude Bellingham,4354,Philip Foden,Complete,43.218513,68.5,36.3,105.7,14.3
3869354,2022-12-10,Quarter-finals,France,2,60,45,England,4354,Philip Foden,30714,Jude Bellingham,Complete,13.061394,94.6,32.3,81.8,29.7
3869354,2022-12-10,Quarter-finals,France,2,60,47,England,30714,Jude Bellingham,3532,Jordan Brian Henderson,Complete,16.659533,81.8,30.1,84.1,46.6
3869354,2022-12-10,Quarter-finals,France,2,60,49,England,3532,Jordan Brian Henderson,22084,Bukayo Saka,Complete,18.855768,86.2,51.3,92.7,69.0
3869354,2022-12-10,Quarter-finals,France,2,60,52,England,22084,Bukayo Saka,3532,Jordan Brian Henderson,Complete,7.902531,92.9,69.0,88.0,62.8
3869354,2022-12-10,Quarter-finals,France,2,60,54,England,3532,Jordan Brian Henderson,22084,Bukayo Saka,Complete,10.312129,87.7,62.8,91.2,72.5
3869354,2022-12-10,Quarter-finals,France,2,61,2,England,22084,Bukayo Saka,10955,Harry Kane,Complete,11.236102,104.9,72.0,95.4,66.0
3869354,2022-12-10,Quarter-finals,France,2,61,52,England,3382,Luke Shaw,4354,Philip Foden,Complete,6.987131,13.7,9.2,20.6,8.1
3869354,2022-12-10,Quarter-finals,France,2,61,53,England,4354,Philip Foden,30714,Jude Bellingham,Complete,10.331021,22.7,8.3,31.9,13.0
3869354,2022-12-10,Quarter-finals,France,2,61,54,England,30714,Jude Bellingham,4354,Philip Foden,Complete,8.203658,34.3,14.5,33.0,6.4
3869354,2022-12-10,Quarter-finals,France,2,62,56,England,3336,Harry Maguire,4354,Philip Foden,Complete,46.750828,65.3,24.1,109.3,8.3
3869354,2022-12-10,Quarter-finals,France,2,62,59,England,4354,Philip Foden,10955,Harry Kane,Incomplete,9.055386,109.3,8.3,103.1,14.9
3869354,2022-12-10,Quarter-finals,France,2,63,3,England,3382,Luke Shaw,10955,Harry Kane,Complete,5.147815,95.4,11.9,96.1,6.8
3869354,2022-12-10,Quarter-finals,France,2,63,5,England,10955,Harry Kane,3382,Luke Shaw,Incomplete,10.9877205,96.1,6.4,104.4,13.6
3869354,2022-12-10,Quarter-finals,France,2,64,24,England,3468,Jordan Pickford,10955,Harry Kane,Complete,79.87052,7.0,44.1,80.9,74.4
3869354,2022-12-10,Quarter-finals,France,2,64,29,England,10955,Harry Kane,22084,Bukayo Saka,Complete,8.928606,80.9,74.4,89.5,72.0
3869354,2022-12-10,Quarter-finals,France,2,65,49,England,3468,Jordan Pickford,10955,Harry Kane,Complete,81.434265,7.0,44.1,87.5,56.4
3869354,2022-12-10,Quarter-finals,France,2,65,53,England,10955,Harry Kane,22084,Bukayo Saka,Incomplete,25.031979,87.5,56.4,105.1,74.2
3869354,2022-12-10,Quarter-finals,France,2,66,2,England,3336,Harry Maguire,3943,Declan Rice,Complete,11.870131,46.9,43.4,57.8,48.1
3869354,2022-12-10,Quarter-finals,France,2,66,4,England,3943,Declan Rice,3336,Harry Maguire,Complete,10.421612,54.8,41.7,45.4,37.2
3869354,2022-12-10,Quarter-finals,France,2,66,6,England,3336,Harry Maguire,3244,John Stones,Complete,15.29477,44.1,38.2,37.3,51.9
3869354,2022-12-10,Quarter-finals,France,2,66,10,England,3244,John Stones,3943,Declan Rice,Complete,14.436759,40.3,53.6,54.2,57.5
3869354,2022-12-10,Quarter-finals,France,2,66,11,England,3943,Declan Rice,3532,Jordan Brian Henderson,Complete,20.254875,54.2,57.5,56.7,77.6
3869354,2022-12-10,Quarter-finals,France,2,66,13,England,3532,Jordan Brian Henderson,3205,Kyle Walker,Complete,17.164207,56.7,77.6,39.8,74.6
3869354,2022-12-10,Quarter-finals,France,2,66,17,England,3205,Kyle Walker,3943,Declan Rice,Complete,8.234683,39.8,74.6,47.3,71.2
3869354,2022-12-10,Quarter-finals,France,2,66,19,England,3943,Declan Rice,3205,Kyle Walker,Complete,9.518929,47.3,71.2,37.9,72.7
3869354,2022-12-10,Quarter-finals,France,2,66,20,England,3205,Kyle Walker,3244,John Stones,Complete,11.896218,38.1,72.3,34.7,60.9
3869354,2022-12-10,Quarter-finals,France,2,66,24,England,3244,John Stones,3205,Kyle Walker,Complete,8.127115,36.0,65.0,33.4,72.7
3869354,2022-12-10,Quarter-finals,France,2,66,30,England,3205,Kyle Walker,3468,Jordan Pickford,Complete,24.03539,26.4,64.6,19.1,41.7
3869354,2022-12-10,Quarter-finals,France,2,66,33,England,3468,Jordan Pickford,4354,Philip Foden,Incomplete,93.23932,22.7,33.5,115.3,22.6
3869354,2022-12-10,Quarter-finals,France,2,66,55,England,3382,Luke Shaw,3943,Declan Rice,Incomplete,15.867262,54.8,10.6,67.2,20.5
3869354,2022-12-10,Quarter-finals,France,2,67,22,England,3943,Declan Rice,4354,Philip Foden,Complete,12.022063,15.9,33.1,22.1,22.8
3869354,2022-12-10,Quarter-finals,France,2,67,24,England,4354,Philip Foden,3382,Luke Shaw,Complete,13.585654,20.8,22.8,7.7,19.2
3869354,2022-12-10,Quarter-finals,France,2,67,25,England,3382,Luke Shaw,3336,Harry Maguire,Complete,10.720075,8.6,20.1,11.2,30.5
3869354,2022-12-10,Quarter-finals,France,2,67,26,England,3336,Harry Maguire,,,Out,35.874504,11.2,29.9,31.9,0.6
3869354,2022-12-10,Quarter-finals,France,2,68,19,England,3468,Jordan Pickford,10955,Harry Kane,Complete,75.27636,7.0,44.1,79.2,65.4
3869354,2022-12-10,Quarter-finals,France,2,68,23,England,10955,Harry Kane,22084,Bukayo Saka,Unknown,10.423532,79.2,65.4,88.4,70.3
3869354,2022-12-10,Quarter-finals,France,2,69,21,England,3532,Jordan Brian Henderson,3336,Harry Maguire,Complete,38.954975,88.4,68.0,109.1,35.0
3869354,2022-12-10,Quarter-finals,France,2,70,5,England,3205,Kyle Walker,3244,John Stones,Complete,8.809086,31.5,68.2,31.9,59.4
3869354,2022-12-10,Quarter-finals,France,2,70,6,England,3244,John Stones,22084,Bukayo Saka,Complete,18.085354,31.9,59.4,47.7,68.2
3869354,2022-12-10,Quarter-finals,France,2,70,8,England,22084,Bukayo Saka,10955,Harry Kane,Complete,10.722406,47.7,68.8,57.8,65.2
3869354,2022-12-10,Quarter-finals,France,2,70,11,England,10955,Harry Kane,22084,Bukayo Saka,Incomplete,28.13201,56.7,66.7,83.7,74.6
3869354,2022-12-10,Quarter-finals,France,2,70,18,England,3205,Kyle Walker,3943,Declan Rice,Complete,8.7,50.9,69.9,57.2,63.9
3869354,2022-12-10,Quarter-finals,France,2,70,22,England,3943,Declan Rice,3532,Jordan Brian Henderson,Complete,14.56022,67.8,65.8,79.4,74.6
3869354,2022-12-10,Quarter-finals,France,2,70,23,England,3532,Jordan Brian Henderson,3943,Declan Rice,Complete,8.263777,77.5,74.8,74.5,67.1
3869354,2022-12-10,Quarter-finals,France,2,70,26,England,3943,Declan Rice,4354,Philip Foden,Complete,54.02083,78.8,66.7,110.0,22.6
3869354,2022-12-10,Quarter-finals,France,2,70,29,England,4354,Philip Foden,3382,Luke Shaw,Complete,4.304649,110.0,22.6,107.8,26.3
3869354,2022-12-10,Quarter-finals,France,2,70,37,England,3943,Declan Rice,10955,Harry Kane,Complete,21.59676,81.1,28.8,89.0,8.7
3869354,2022-12-10,Quarter-finals,France,2,70,39,England,10955,Harry Kane,3336,Harry Maguire,Complete,17.645962,79.4,9.4,62.7,15.1
3869354,2022-12-10,Quarter-finals,France,2,70,42,England,3336,Harry Maguire,3244,John Stones,Complete,19.924858,56.7,25.0,62.7,44.0
3869354,2022-12-10,Quarter-finals,France,2,70,48,England,3244,John Stones,3205,Kyle Walker,Complete,13.023056,68.3,59.0,58.7,67.8
3869354,2022-12-10,Quarter-finals,France,2,70,49,England,3205,Kyle Walker,3336,Harry Maguire,Complete,25.984995,57.8,65.2,55.7,39.3
3869354,2022-12-10,Quarter-finals,France,2,70,54,England,3336,Harry Maguire,10955,Harry Kane,Complete,17.70113,68.5,25.8,68.7,8.1
3869354,2022-12-10,Quarter-finals,France,2,70,57,England,10955,Harry Kane,3382,Luke Shaw,Complete,10.977249,68.9,8.1,79.8,9.4
3869354,2022-12-10,Quarter-finals,France,2,71,2,England,3382,Luke Shaw,22084,Bukayo Saka,Unknown,28.225521,109.6,12.6,110.8,40.8
3869354,2022-12-10,Quarter-finals,France,2,71,50,England,3336,Harry Maguire,,,Incomplete,11.244999,38.2,49.2,46.0,57.3
3869354,2022-12-10,Quarter-finals,France,2,72,25,England,3468,Jordan Pickford,22084,Bukayo Saka,Unknown,77.92028,22.8,36.0,90.2,75.1
3869354,2022-12-10,Quarter-finals,France,2,72,48,England,3468,Jordan Pickford,3336,Harry Maguire,Complete,19.171854,5.2,59.3,11.8,41.3
3869354,2022-12-10,Quarter-finals,France,2,73,2,England,3336,Harry Maguire,3382,Luke Shaw,Complete,35.1548,50.5,26.9,78.0,5.0
3869354,2022-12-10,Quarter-finals,France,2,73,6,England,3382,Luke Shaw,30714,Jude Bellingham,Complete,15.011995,78.2,7.1,93.2,7.7
3869354,2022-12-10,Quarter-finals,France,2,73,10,England,30714,Jude Bellingham,3382,Luke Shaw,Complete,17.990274,98.6,5.5,116.5,7.3
3869354,2022-12-10,Quarter-finals,France,2,73,12,England,3382,Luke Shaw,,,Incomplete,41.824036,116.5,7.3,109.9,48.6
3869354,2022-12-10,Quarter-finals,France,2,73,24,England,3532,Jordan Brian Henderson,30714,Jude Bellingham,Incomplete,25.69708,95.8,80.0,112.3,60.3
3869354,2022-12-10,Quarter-finals,France,2,74,26,England,3382,Luke Shaw,10955,Harry Kane,Incomplete,23.01065,31.0,0.1,52.5,8.3
3869354,2022-12-10,Quarter-finals,France,2,75,17,England,3468,Jordan Pickford,3244,John Stones,Complete,16.06549,7.0,36.1,9.3,52.0
3869354,2022-12-10,Quarter-finals,France,2,75,25,England,3244,John Stones,3336,Harry Maguire,Complete,35.5629,27.7,58.1,31.1,22.7
3869354,2022-12-10,Quarter-finals,France,2,75,35,England,3336,Harry Maguire,3382,Luke Shaw,Complete,18.340393,84.4,24.7,99.0,13.6
3869354,2022-12-10,Quarter-finals,France,2,75,38,England,3382,Luke Shaw,30714,Jude Bellingham,Complete,9.2309265,102.1,13.6,105.7,22.1
3869354,2022-12-10,Quarter-finals,France,2,75,43,England,30714,Jude Bellingham,3382,Luke Shaw,Complete,5.9413805,109.4,11.2,103.5,11.9
3869354,2022-12-10,Quarter-finals,France,2,75,44,England,3382,Luke Shaw,,,Incomplete,35.5169,103.5,11.9,110.6,46.7
3869354,2022-12-10,Quarter-finals,France,2,78,37,England,10955,Harry Kane,3532,Jordan Brian Henderson,Complete,27.622635,61.0,40.1,33.5,42.7
3869354,2022-12-10,Quarter-finals,France,2,78,45,England,3532,Jordan Brian Henderson,3244,John Stones,Complete,17.687567,33.5,42.7,26.4,58.9
3869354,2022-12-10,Quarter-finals,France,2,78,56,England,3244,John Stones,3382,Luke Shaw,Complete,31.13535,47.6,50.4,50.5,19.4
3869354,2022-12-10,Quarter-finals,France,2,79,0,England,3382,Luke Shaw,3336,Harry Maguire,Complete,15.31176,50.3,19.4,37.7,28.1
3869354,2022-12-10,Quarter-finals,France,2,79,3,England,3336,Harry Maguire,3468,Jordan Pickford,Complete,27.724358,31.1,29.2,11.1,48.4
3869354,2022-12-10,Quarter-finals,France,2,79,7,England,3468,Jordan Pickford,7843,Mason Mount,Incomplete,49.354332,10.2,51.4,59.4,55.3
3869354,2022-12-10,Quarter-finals,France,2,79,16,England,3205,Kyle Walker,,,Incomplete,56.83916,26.6,63.7,83.1,57.5
3869354,2022-12-10,Quarter-finals,France,2,79,32,England,3382,Luke Shaw,3336,Harry Maguire,Complete,28.373404,69.7,0.1,43.0,9.7
3869354,2022-12-10,Quarter-finals,France,2,79,37,England,3336,Harry Maguire,30714,Jude Bellingham,Complete,16.058954,50.3,13.2,65.8,9.0
3869354,2022-12-10,Quarter-finals,France,2,79,40,England,30714,Jude Bellingham,7843,Mason Mount,Unknown,38.997437,71.5,16.8,106.3,34.4
3869354,2022-12-10,Quarter-finals,France,2,84,57,England,3382,Luke Shaw,3336,Harry Maguire,Complete,18.478365,39.0,0.1,26.6,13.8
3869354,2022-12-10,Quarter-finals,France,2,85,3,England,3336,Harry Maguire,3244,John Stones,Complete,15.111916,32.1,36.2,28.2,50.8
3869354,2022-12-10,Quarter-finals,France,2,85,7,England,3244,John Stones,3336,Harry Maguire,Complete,21.559452,32.9,50.6,34.5,29.1
3869354,2022-12-10,Quarter-finals,France,2,85,9,England,3336,Harry Maguire,3382,Luke Shaw,Complete,20.34355,34.6,29.1,46.5,12.6
3869354,2022-12-10,Quarter-finals,France,2,85,11,England,3382,Luke Shaw,3318,Marcus Rashford,Incomplete,37.620472,45.4,6.3,82.7,11.2
3869354,2022-12-10,Quarter-finals,France,2,86,23,England,3244,John Stones,3336,Harry Maguire,Complete,40.01512,18.9,75.2,35.3,38.7
3869354,2022-12-10,Quarter-finals,France,2,86,32,England,3336,Harry Maguire,3244,John Stones,Complete,17.936834,50.9,20.7,43.2,36.9
3869354,2022-12-10,Quarter-finals,France,2,86,36,England,3244,John Stones,3205,Kyle Walker,Complete,17.901117,51.3,51.0,53.2,68.8
3869354,2022-12-10,Quarter-finals,France,2,86,38,England,3205,Kyle Walker,7843,Mason Mount,Unknown,19.829523,53.2,68.8,72.7,72.4
3869354,2022-12-10,Quarter-finals,France,2,87,18,England,7843,Mason Mount,3336,Harry Maguire,Complete,53.86279,75.1,73.5,105.3,28.9
3869354,2022-12-10,Quarter-finals,France,2,87,21,England,3336,Harry Maguire,30714,Jude Bellingham,Incomplete,8.980535,105.3,28.9,106.5,37.8
3869354,2022-12-10,Quarter-finals,France,2,87,49,England,3943,Declan Rice,3318,Marcus Rashford,Complete,9.79847,59.4,18.5,68.9,16.1
3869354,2022-12-10,Quarter-finals,France,2,87,50,England,3318,Marcus Rashford,10955,Harry Kane,Complete,14.451644,68.9,16.1,82.6,20.7
3869354,2022-12-10,Quarter-finals,France,2,87,51,England,10955,Harry Kane,3318,Marcus Rashford,Incomplete,10.923827,82.6,20.7,80.4,31.4
3869354,2022-12-10,Quarter-finals,France,2,87,56,England,30714,Jude Bellingham,7843,Mason Mount,Complete,18.427155,78.8,19.0,79.8,37.4
3869354,2022-12-10,Quarter-finals,France,2,88,39,England,3336,Harry Maguire,7843,Mason Mount,Incomplete,7.962412,56.8,20.7,58.4,28.5
3869354,2022-12-10,Quarter-finals,France,2,89,38,England,3943,Declan Rice,3205,Kyle Walker,Complete,15.926079,16.9,43.7,14.9,59.5
3869354,2022-12-10,Quarter-finals,France,2,89,43,England,3205,Kyle Walker,3233,Raheem Sterling,Complete,33.021812,18.9,77.1,51.9,78.3
3869354,2022-12-10,Quarter-finals,France,2,89,45,England,3233,Raheem Sterling,7843,Mason Mount,Incomplete,1.4317821,51.9,78.3,52.5,77.0
3869354,2022-12-10,Quarter-finals,France,2,90,46,England,3336,Harry Maguire,,,Incomplete,14.418391,19.1,45.1,33.3,47.6
3869354,2022-12-10,Quarter-finals,France,2,91,6,England,3233,Raheem Sterling,3943,Declan Rice,Complete,10.1242285,3.0,61.2,11.5,55.7
3869354,2022-12-10,Quarter-finals,France,2,91,13,England,3943,Declan Rice,3205,Kyle Walker,Complete,7.212489,9.1,77.5,4.0,72.4
3869354,2022-12-10,Quarter-finals,France,2,91,15,England,3205,Kyle Walker,10955,Harry Kane,Complete,55.83995,4.0,72.4,55.7,51.3
3869354,2022-12-10,Quarter-finals,France,2,91,18,England,10955,Harry Kane,3318,Marcus Rashford,Complete,11.177209,55.7,51.3,65.0,45.1
3869354,2022-12-10,Quarter-finals,France,2,91,20,England,3318,Marcus Rashford,10955,Harry Kane,Complete,7.5504966,64.1,45.1,56.7,46.6
3869354,2022-12-10,Quarter-finals,France,2,91,21,England,10955,Harry Kane,3382,Luke Shaw,Complete,29.654343,56.7,46.6,70.4,20.3
3869354,2022-12-10,Quarter-finals,France,2,91,26,England,3382,Luke Shaw,,,Incomplete,38.247875,93.7,15.6,117.8,45.3
3869354,2022-12-10,Quarter-finals,France,2,92,2,England,3382,Luke Shaw,,,Incomplete,40.362606,120.0,80.0,111.7,40.5
3869354,2022-12-10,Quarter-finals,France,2,92,9,England,3233,Raheem Sterling,3205,Kyle Walker,Complete,22.343903,74.1,71.4,59.6,54.4
3869354,2022-12-10,Quarter-finals,France,2,92,15,England,3205,Kyle Walker,30714,Jude Bellingham,Complete,10.6794195,73.6,58.1,84.2,56.8
3869354,2022-12-10,Quarter-finals,France,2,92,20,England,30714,Jude Bellingham,3382,Luke Shaw,Complete,15.815183,86.3,61.7,94.7,75.1
3869354,2022-12-10,Quarter-finals,France,2,92,22,England,3382,Luke Shaw,3233,Raheem Sterling,Complete,12.15648,94.7,75.1,83.0,71.8
3869354,2022-12-10,Quarter-finals,France,2,92,25,England,3233,Raheem Sterling,,,Incomplete,40.91369,88.6,72.4,111.8,38.7
3869354,2022-12-10,Quarter-finals,France,2,93,0,England,3943,Declan Rice,30714,Jude Bellingham,Out,21.323462,22.4,3.9,43.4,0.2
3869354,2022-12-10,Quarter-finals,France,2,93,23,England,3382,Luke Shaw,3336,Harry Maguire,Complete,13.862179,19.8,6.2,9.8,15.8
3869354,2022-12-10,Quarter-finals,France,2,93,25,England,3336,Harry Maguire,3244,John Stones,Complete,13.505924,9.7,16.0,19.3,25.5
3869354,2022-12-10,Quarter-finals,France,2,93,30,England,3244,John Stones,3205,Kyle Walker,Complete,11.205802,40.3,52.5,37.7,63.4
3869354,2022-12-10,Quarter-finals,France,2,93,39,England,3205,Kyle Walker,3233,Raheem Sterling,Complete,10.454664,52.2,73.7,61.9,77.6
3869354,2022-12-10,Quarter-finals,France,2,93,42,England,3233,Raheem Sterling,7843,Mason Mount,Incomplete,29.13177,73.3,76.3,99.8,64.2
3869354,2022-12-10,Quarter-finals,France,2,93,58,England,3244,John Stones,3943,Declan Rice,Complete,23.803362,31.0,51.1,49.8,36.5
3869354,2022-12-10,Quarter-finals,France,2,94,2,England,3943,Declan Rice,3336,Harry Maguire,Complete,12.865458,58.4,36.2,61.0,23.6
3869354,2022-12-10,Quarter-finals,France,2,94,5,England,3336,Harry Maguire,3318,Marcus Rashford,Complete,26.516598,74.2,24.1,92.9,5.3
3869354,2022-12-10,Quarter-finals,France,2,94,9,England,3318,Marcus Rashford,30714,Jude Bellingham,Complete,11.031773,87.1,16.8,85.4,27.7
3869354,2022-12-10,Quarter-finals,France,2,94,11,England,30714,Jude Bellingham,3233,Raheem Sterling,Complete,46.599678,85.4,27.9,106.2,69.6
3869354,2022-12-10,Quarter-finals,France,2,94,18,England,3233,Raheem Sterling,3382,Luke Shaw,Incomplete,40.51827,117.8,66.1,113.6,25.8
3869354,2022-12-10,Quarter-finals,France,2,94,25,England,3382,Luke Shaw,3336,Harry Maguire,Complete,10.02846,107.0,14.4,97.1,16.0
3869354,2022-12-10,Quarter-finals,France,2,94,28,England,3336,Harry Maguire,3382,Luke Shaw,Complete,8.495881,95.7,17.8,101.4,11.5
3869354,2022-12-10,Quarter-finals,France,2,94,29,England,3382,Luke Shaw,,,Incomplete,34.95025,101.4,10.3,114.0,42.9
3869354,2022-12-10,Quarter-finals,France,2,97,27,England,3336,Harry Maguire,,,Incomplete,16.50606,39.5,52.5,54.1,44.8
3869354,2022-12-10,Quarter-finals,France,2,97,50,England,3468,Jordan Pickford,30714,Jude Bellingham,Complete,71.7,7.0,44.1,78.7,44.1
3869354,2022-12-10,Quarter-finals,France,2,97,54,England,30714,Jude Bellingham,3318,Marcus Rashford,Incomplete,18.06765,78.7,44.1,94.9,36.1
3869354,2022-12-10,Quarter-finals,France,2,97,57,England,30714,Jude Bellingham,9638,Jack Grealish,Incomplete,5.5946403,83.6,40.8,88.5,43.5
3869354,2022-12-10,Quarter-finals,France,2,98,2,England,7843,Mason Mount,3233,Raheem Sterling,Complete,13.548431,81.3,45.3,88.3,56.9
3869354,2022-12-10,Quarter-finals,France,2,98,6,England,3233,Raheem Sterling,3943,Declan Rice,Complete,9.563472,92.9,60.3,84.0,56.8
3869354,2022-12-10,Quarter-finals,France,2,98,10,England,3943,Declan Rice,3233,Raheem Sterling,Complete,12.976903,76.5,55.2,88.3,60.6
3869354,2022-12-10,Quarter-finals,France,2,98,15,England,3233,Raheem Sterling,30714,Jude Bellingham,Complete,8.980535,85.0,63.5,91.4,69.8
3869354,2022-12-10,Quarter-finals,France,2,98,17,England,30714,Jude Bellingham,3943,Declan Rice,Complete,7.4323616,83.6,67.8,76.8,64.8
3869354,2022-12-10,Quarter-finals,France,2,98,21,England,3943,Declan Rice,,,Incomplete,42.706673,87.7,74.5,109.2,37.6
