match_id,fecha,fase,oponente,periodo,minuto,segundo,equipo,jugador_id,jugador_nombre,receptor_id,receptor_nombre,resultado,longitud_pase,inicio_x,inicio_y,fin_x,fin_y
3857284,2022-11-23,Group Stage,Japan,1,0,0,Germany,8966,Kai Havertz,5579,Joshua Kimmich,Complete,2.9698484,60.0,40.0,57.9,37.9
3857284,2022-11-23,Group Stage,Japan,1,0,2,Germany,5579,Joshua Kimmich,,,Incomplete,39.433617,60.5,41.8,97.9,29.3
3857284,2022-11-23,Group Stage,Japan,1,0,10,Germany,5579,Joshua Kimmich,5570,Manuel Neuer,Complete,46.21558,69.3,47.8,23.1,46.6
3857284,2022-11-23,Group Stage,Japan,1,0,16,Germany,5570,Manuel Neuer,24118,Nico Schlotterbeck,Complete,27.04755,21.8,45.1,26.7,18.5
3857284,2022-11-23,Group Stage,Japan,1,0,18,Germany,24118,Nico Schlotterbeck,5570,Manuel Neuer,Complete,20.420088,26.7,18.5,14.4,34.8
3857284,2022-11-23,Group Stage,Japan,1,0,20,Germany,5570,Manuel Neuer,24118,Nico Schlotterbeck,Complete,20.941109,14.4,34.8,26.2,17.5
3857284,2022-11-23,Group Stage,Japan,1,0,23,Germany,24118,Nico Schlotterbeck,3167,Antonio Rüdiger,Complete,32.67109,26.9,19.6,22.7,52.0
3857284,2022-11-23,Group Stage,Japan,1,0,25,Germany,3167,Antonio Rüdiger,5570,Manuel Neuer,Complete,20.00325,22.7,52.0,14.4,33.8
3857284,2022-11-23,Group Stage,Japan,1,0,27,Germany,5570,Manuel Neuer,24118,Nico Schlotterbeck,Complete,19.068823,14.4,33.8,26.3,18.9
3857284,2022-11-23,Group Stage,Japan,1,0,31,Germany,24118,Nico Schlotterbeck,5570,Manuel Neuer,Complete,20.821623,32.6,18.2,19.9,34.7
3857284,2022-11-23,Group Stage,Japan,1,0,35,Germany,5570,Manuel Neuer,6322,Niklas Süle,Complete,29.125418,22.9,40.4,31.9,68.1
3857284,2022-11-23,Group Stage,Japan,1,0,38,Germany,6322,Niklas Süle,5570,Manuel Neuer,Complete,35.523655,31.4,67.7,14.6,36.4
3857284,2022-11-23,Group Stage,Japan,1,0,46,Germany,5570,Manuel Neuer,3167,Antonio Rüdiger,Complete,24.135036,21.5,32.6,27.0,56.1
3857284,2022-11-23,Group Stage,Japan,1,0,49,Germany,3167,Antonio Rüdiger,5570,Manuel Neuer,Complete,21.095022,27.0,55.6,12.8,40.0
3857284,2022-11-23,Group Stage,Japan,1,0,51,Germany,5570,Manuel Neuer,24118,Nico Schlotterbeck,Complete,32.828342,13.7,39.5,31.0,11.6
3857284,2022-11-23,Group Stage,Japan,1,0,55,Germany,24118,Nico Schlotterbeck,,,Incomplete,46.96914,39.3,10.9,83.2,27.6
3857284,2022-11-23,Group Stage,Japan,1,1,3,Germany,24118,Nico Schlotterbeck,,,Incomplete,37.78386,51.8,27.0,80.9,51.1
3857284,2022-11-23,Group Stage,Japan,1,1,15,Germany,24118,Nico Schlotterbeck,39565,Jamal Musiala,Complete,22.506222,26.3,23.2,46.1,12.5
3857284,2022-11-23,Group Stage,Japan,1,1,26,Germany,12034,David Raum,8966,Kai Havertz,Complete,5.905929,77.8,4.0,83.0,1.2
3857284,2022-11-23,Group Stage,Japan,1,1,27,Germany,8966,Kai Havertz,39565,Jamal Musiala,Complete,6.3890533,83.0,1.2,81.1,7.3
3857284,2022-11-23,Group Stage,Japan,1,1,28,Germany,39565,Jamal Musiala,8400,Serge Gnabry,Complete,24.45915,80.9,8.7,86.1,32.6
3857284,2022-11-23,Group Stage,Japan,1,1,33,Germany,8400,Serge Gnabry,8966,Kai Havertz,Incomplete,7.615773,99.5,30.0,106.9,28.2
3857284,2022-11-23,Group Stage,Japan,1,1,47,Germany,12034,David Raum,8966,Kai Havertz,Complete,7.1589108,104.1,0.1,110.4,3.5
3857284,2022-11-23,Group Stage,Japan,1,1,49,Germany,8966,Kai Havertz,12034,David Raum,Complete,8.402381,110.5,3.5,102.1,3.3
3857284,2022-11-23,Group Stage,Japan,1,1,51,Germany,12034,David Raum,8966,Kai Havertz,Complete,4.049691,101.2,3.3,105.0,1.9
3857284,2022-11-23,Group Stage,Japan,1,1,53,Germany,8966,Kai Havertz,5562,Thomas Müller,Complete,35.0,105.7,1.9,105.7,36.9
3857284,2022-11-23,Group Stage,Japan,1,1,57,Germany,5562,Thomas Müller,3167,Antonio Rüdiger,Complete,22.402008,102.8,33.8,80.4,34.1
3857284,2022-11-23,Group Stage,Japan,1,2,0,Germany,3167,Antonio Rüdiger,6322,Niklas Süle,Complete,28.070803,80.4,35.2,86.5,62.6
3857284,2022-11-23,Group Stage,Japan,1,2,2,Germany,6322,Niklas Süle,8400,Serge Gnabry,Complete,11.552056,87.3,65.3,98.6,67.7
3857284,2022-11-23,Group Stage,Japan,1,2,4,Germany,8400,Serge Gnabry,,,Incomplete,15.43049,97.4,67.4,104.1,53.5
3857284,2022-11-23,Group Stage,Japan,1,2,21,Germany,3167,Antonio Rüdiger,5570,Manuel Neuer,Complete,27.682846,28.1,80.0,15.6,55.3
3857284,2022-11-23,Group Stage,Japan,1,2,24,Germany,5570,Manuel Neuer,24118,Nico Schlotterbeck,Complete,28.245354,15.4,52.3,33.6,30.7
3857284,2022-11-23,Group Stage,Japan,1,2,27,Germany,24118,Nico Schlotterbeck,12034,David Raum,Complete,29.398129,38.6,25.0,58.1,3.0
3857284,2022-11-23,Group Stage,Japan,1,2,30,Germany,12034,David Raum,24118,Nico Schlotterbeck,Complete,21.61157,54.9,2.3,34.0,7.8
3857284,2022-11-23,Group Stage,Japan,1,2,34,Germany,24118,Nico Schlotterbeck,5579,Joshua Kimmich,Complete,12.206555,32.2,11.8,39.2,21.8
3857284,2022-11-23,Group Stage,Japan,1,2,38,Germany,5579,Joshua Kimmich,3167,Antonio Rüdiger,Complete,31.751694,34.0,29.5,40.4,60.6
3857284,2022-11-23,Group Stage,Japan,1,2,41,Germany,3167,Antonio Rüdiger,12034,David Raum,Out,84.53834,45.9,65.8,99.1,0.1
3857284,2022-11-23,Group Stage,Japan,1,3,16,Germany,24118,Nico Schlotterbeck,12034,David Raum,Complete,5.9413805,63.4,2.3,69.3,3.0
3857284,2022-11-23,Group Stage,Japan,1,3,17,Germany,12034,David Raum,,,Incomplete,7.6843996,69.3,3.0,76.6,5.4
3857284,2022-11-23,Group Stage,Japan,1,3,28,Germany,3167,Antonio Rüdiger,,,Incomplete,2.2847319,7.1,2.1,6.2,4.2
3857284,2022-11-23,Group Stage,Japan,1,3,39,Germany,5570,Manuel Neuer,3167,Antonio Rüdiger,Complete,7.9075913,6.0,36.0,4.2,43.7
3857284,2022-11-23,Group Stage,Japan,1,3,43,Germany,3167,Antonio Rüdiger,24118,Nico Schlotterbeck,Complete,26.16295,7.5,43.1,19.4,19.8
3857284,2022-11-23,Group Stage,Japan,1,3,47,Germany,24118,Nico Schlotterbeck,10287,İlkay Gündoğan,Complete,12.238055,20.8,17.9,32.4,14.0
3857284,2022-11-23,Group Stage,Japan,1,3,50,Germany,10287,İlkay Gündoğan,3167,Antonio Rüdiger,Complete,29.888626,27.4,20.1,25.1,49.9
3857284,2022-11-23,Group Stage,Japan,1,3,53,Germany,3167,Antonio Rüdiger,6322,Niklas Süle,Complete,16.414932,26.0,50.2,33.1,65.0
3857284,2022-11-23,Group Stage,Japan,1,3,55,Germany,6322,Niklas Süle,5579,Joshua Kimmich,Complete,12.937542,32.9,65.5,39.2,54.2
3857284,2022-11-23,Group Stage,Japan,1,3,59,Germany,5579,Joshua Kimmich,39565,Jamal Musiala,Complete,21.945614,45.1,49.9,62.0,35.9
3857284,2022-11-23,Group Stage,Japan,1,4,0,Germany,39565,Jamal Musiala,10287,İlkay Gündoğan,Incomplete,16.227446,62.0,35.9,51.3,23.7
3857284,2022-11-23,Group Stage,Japan,1,5,14,Germany,24118,Nico Schlotterbeck,3167,Antonio Rüdiger,Complete,9.3,8.3,21.0,8.3,30.3
3857284,2022-11-23,Group Stage,Japan,1,5,15,Germany,3167,Antonio Rüdiger,8966,Kai Havertz,Incomplete,39.028835,6.9,30.9,39.0,8.7
3857284,2022-11-23,Group Stage,Japan,1,5,34,Germany,12034,David Raum,5562,Thomas Müller,Complete,17.428999,26.7,0.1,37.6,13.7
3857284,2022-11-23,Group Stage,Japan,1,5,35,Germany,5562,Thomas Müller,39565,Jamal Musiala,Complete,7.502666,37.6,13.7,45.1,13.5
3857284,2022-11-23,Group Stage,Japan,1,5,40,Germany,3167,Antonio Rüdiger,,,Incomplete,23.394444,32.2,31.7,55.5,33.8
3857284,2022-11-23,Group Stage,Japan,1,5,48,Germany,3167,Antonio Rüdiger,5570,Manuel Neuer,Complete,15.572412,15.6,64.6,2.3,56.5
3857284,2022-11-23,Group Stage,Japan,1,5,49,Germany,5570,Manuel Neuer,5562,Thomas Müller,Complete,43.308197,2.1,56.1,44.7,63.9
3857284,2022-11-23,Group Stage,Japan,1,5,55,Germany,5562,Thomas Müller,6322,Niklas Süle,Incomplete,2.8442926,45.1,73.8,42.3,74.3
3857284,2022-11-23,Group Stage,Japan,1,6,9,Germany,6322,Niklas Süle,3167,Antonio Rüdiger,Complete,19.678669,32.9,80.0,15.4,71.0
3857284,2022-11-23,Group Stage,Japan,1,6,12,Germany,3167,Antonio Rüdiger,5570,Manuel Neuer,Complete,21.128654,5.2,66.5,2.1,45.6
3857284,2022-11-23,Group Stage,Japan,1,6,16,Germany,5570,Manuel Neuer,24118,Nico Schlotterbeck,Complete,26.181673,7.5,37.4,25.3,18.2
3857284,2022-11-23,Group Stage,Japan,1,6,20,Germany,24118,Nico Schlotterbeck,10287,İlkay Gündoğan,Complete,8.34386,38.6,19.6,44.5,25.5
3857284,2022-11-23,Group Stage,Japan,1,6,22,Germany,10287,İlkay Gündoğan,6322,Niklas Süle,Complete,32.833214,45.4,28.4,56.5,59.3
3857284,2022-11-23,Group Stage,Japan,1,6,25,Germany,6322,Niklas Süle,8400,Serge Gnabry,Complete,19.759048,57.4,64.8,74.5,74.7
3857284,2022-11-23,Group Stage,Japan,1,6,26,Germany,8400,Serge Gnabry,6322,Niklas Süle,Complete,10.316007,74.7,74.7,72.6,64.6
3857284,2022-11-23,Group Stage,Japan,1,6,27,Germany,6322,Niklas Süle,8966,Kai Havertz,Complete,45.481426,72.8,64.6,117.8,71.2
3857284,2022-11-23,Group Stage,Japan,1,6,56,Germany,5562,Thomas Müller,8966,Kai Havertz,Incomplete,15.275144,93.9,66.9,105.7,57.2
3857284,2022-11-23,Group Stage,Japan,1,7,3,Germany,5579,Joshua Kimmich,,,Incomplete,1.9723083,94.6,63.4,96.3,62.4
3857284,2022-11-23,Group Stage,Japan,1,7,5,Germany,5579,Joshua Kimmich,10287,İlkay Gündoğan,Complete,14.342245,93.6,58.2,85.9,46.1
3857284,2022-11-23,Group Stage,Japan,1,7,57,Germany,5570,Manuel Neuer,24118,Nico Schlotterbeck,Complete,27.634941,9.0,41.9,22.7,17.9
3857284,2022-11-23,Group Stage,Japan,1,8,1,Germany,24118,Nico Schlotterbeck,12034,David Raum,Complete,15.160805,31.9,15.9,38.6,2.3
3857284,2022-11-23,Group Stage,Japan,1,8,3,Germany,12034,David Raum,39565,Jamal Musiala,Complete,13.400373,37.4,2.4,50.8,2.3
3857284,2022-11-23,Group Stage,Japan,1,8,6,Germany,39565,Jamal Musiala,24118,Nico Schlotterbeck,Complete,23.960384,44.7,1.9,20.8,3.6
3857284,2022-11-23,Group Stage,Japan,1,8,9,Germany,24118,Nico Schlotterbeck,5570,Manuel Neuer,Complete,26.759111,20.5,5.4,13.4,31.2
3857284,2022-11-23,Group Stage,Japan,1,8,12,Germany,5570,Manuel Neuer,3167,Antonio Rüdiger,Complete,18.36355,19.1,35.3,23.2,53.2
3857284,2022-11-23,Group Stage,Japan,1,8,16,Germany,3167,Antonio Rüdiger,24118,Nico Schlotterbeck,Complete,32.31996,26.3,51.5,32.6,19.8
3857284,2022-11-23,Group Stage,Japan,1,8,20,Germany,24118,Nico Schlotterbeck,39565,Jamal Musiala,Complete,12.332883,44.5,10.9,56.8,11.8
3857284,2022-11-23,Group Stage,Japan,1,8,26,Germany,10287,İlkay Gündoğan,24118,Nico Schlotterbeck,Complete,17.4,44.9,23.9,32.9,11.3
3857284,2022-11-23,Group Stage,Japan,1,8,30,Germany,24118,Nico Schlotterbeck,5579,Joshua Kimmich,Complete,5.646238,31.4,13.3,33.6,18.5
3857284,2022-11-23,Group Stage,Japan,1,8,32,Germany,5579,Joshua Kimmich,6322,Niklas Süle,Complete,37.926903,32.9,22.7,36.0,60.5
3857284,2022-11-23,Group Stage,Japan,1,8,34,Germany,6322,Niklas Süle,10287,İlkay Gündoğan,Complete,10.187247,35.4,61.2,40.7,52.5
3857284,2022-11-23,Group Stage,Japan,1,8,35,Germany,10287,İlkay Gündoğan,5562,Thomas Müller,Complete,16.883425,40.7,52.5,51.1,65.8
3857284,2022-11-23,Group Stage,Japan,1,8,37,Germany,5562,Thomas Müller,8966,Kai Havertz,Incomplete,2.1587033,51.1,66.0,51.6,63.9
3857284,2022-11-23,Group Stage,Japan,1,8,42,Germany,5562,Thomas Müller,10287,İlkay Gündoğan,Complete,18.777912,63.2,80.0,58.2,61.9
3857284,2022-11-23,Group Stage,Japan,1,8,43,Germany,10287,İlkay Gündoğan,6322,Niklas Süle,Complete,22.970633,57.9,62.9,38.5,75.2
3857284,2022-11-23,Group Stage,Japan,1,8,47,Germany,6322,Niklas Süle,5570,Manuel Neuer,Complete,29.433655,27.2,70.0,12.5,44.5
3857284,2022-11-23,Group Stage,Japan,1,8,50,Germany,5570,Manuel Neuer,24118,Nico Schlotterbeck,Complete,30.120424,14.7,37.9,32.9,13.9
3857284,2022-11-23,Group Stage,Japan,1,8,54,Germany,24118,Nico Schlotterbeck,12034,David Raum,Complete,11.552056,41.9,9.7,50.6,2.1
3857284,2022-11-23,Group Stage,Japan,1,8,57,Germany,12034,David Raum,3167,Antonio Rüdiger,Complete,31.475864,50.8,1.9,38.1,30.7
3857284,2022-11-23,Group Stage,Japan,1,9,1,Germany,3167,Antonio Rüdiger,6322,Niklas Süle,Complete,28.352425,38.8,38.5,45.7,66.0
3857284,2022-11-23,Group Stage,Japan,1,9,5,Germany,6322,Niklas Süle,5562,Thomas Müller,Complete,15.123822,50.3,67.7,63.6,74.9
3857284,2022-11-23,Group Stage,Japan,1,9,6,Germany,5562,Thomas Müller,10287,İlkay Gündoğan,Complete,14.04564,63.6,74.9,68.4,61.7
3857284,2022-11-23,Group Stage,Japan,1,9,9,Germany,10287,İlkay Gündoğan,12034,David Raum,Incomplete,41.078583,74.3,55.5,87.5,16.6
3857284,2022-11-23,Group Stage,Japan,1,9,19,Germany,12034,David Raum,24118,Nico Schlotterbeck,Complete,24.5153,98.9,0.1,74.9,5.1
3857284,2022-11-23,Group Stage,Japan,1,9,22,Germany,24118,Nico Schlotterbeck,5579,Joshua Kimmich,Complete,7.3171034,75.0,6.4,74.5,13.7
3857284,2022-11-23,Group Stage,Japan,1,9,23,Germany,5579,Joshua Kimmich,24118,Nico Schlotterbeck,Complete,6.477654,74.5,13.7,75.5,7.3
3857284,2022-11-23,Group Stage,Japan,1,9,25,Germany,24118,Nico Schlotterbeck,5579,Joshua Kimmich,Complete,6.1717095,74.9,7.1,80.4,9.9
3857284,2022-11-23,Group Stage,Japan,1,9,28,Germany,5579,Joshua Kimmich,12034,David Raum,Complete,7.864477,87.2,8.3,92.4,2.4
3857284,2022-11-23,Group Stage,Japan,1,9,32,Germany,12034,David Raum,24118,Nico Schlotterbeck,Complete,34.303642,85.4,3.1,51.1,2.6
3857284,2022-11-23,Group Stage,Japan,1,9,35,Germany,24118,Nico Schlotterbeck,5570,Manuel Neuer,Complete,30.053286,49.0,2.1,35.4,28.9
3857284,2022-11-23,Group Stage,Japan,1,9,38,Germany,5570,Manuel Neuer,24118,Nico Schlotterbeck,Complete,18.305191,35.4,28.9,45.6,13.7
3857284,2022-11-23,Group Stage,Japan,1,9,40,Germany,24118,Nico Schlotterbeck,3167,Antonio Rüdiger,Complete,35.00014,45.7,14.4,45.6,49.4
3857284,2022-11-23,Group Stage,Japan,1,9,44,Germany,3167,Antonio Rüdiger,6322,Niklas Süle,Complete,15.852129,46.4,50.8,50.9,66.0
3857284,2022-11-23,Group Stage,Japan,1,9,47,Germany,6322,Niklas Süle,3167,Antonio Rüdiger,Complete,19.764868,49.9,64.5,43.8,45.7
3857284,2022-11-23,Group Stage,Japan,1,9,49,Germany,3167,Antonio Rüdiger,24118,Nico Schlotterbeck,Complete,33.185085,44.4,41.6,57.0,10.9
3857284,2022-11-23,Group Stage,Japan,1,9,53,Germany,24118,Nico Schlotterbeck,8400,Serge Gnabry,Out,75.35648,67.4,10.2,95.8,80.0
3857284,2022-11-23,Group Stage,Japan,1,10,27,Germany,39565,Jamal Musiala,5579,Joshua Kimmich,Complete,9.940322,74.9,30.3,66.9,36.2
3857284,2022-11-23,Group Stage,Japan,1,10,29,Germany,5579,Joshua Kimmich,39565,Jamal Musiala,Complete,5.9135437,74.0,33.8,75.9,28.2
3857284,2022-11-23,Group Stage,Japan,1,10,30,Germany,39565,Jamal Musiala,24118,Nico Schlotterbeck,Complete,20.10224,75.9,28.2,55.8,27.9
3857284,2022-11-23,Group Stage,Japan,1,10,32,Germany,24118,Nico Schlotterbeck,3167,Antonio Rüdiger,Complete,19.81237,57.5,28.2,56.8,48.0
3857284,2022-11-23,Group Stage,Japan,1,10,36,Germany,3167,Antonio Rüdiger,6322,Niklas Süle,Complete,20.93896,62.2,52.0,71.0,71.0
3857284,2022-11-23,Group Stage,Japan,1,10,40,Germany,6322,Niklas Süle,3167,Antonio Rüdiger,Complete,16.76574,70.4,66.9,58.2,55.4
3857284,2022-11-23,Group Stage,Japan,1,10,45,Germany,3167,Antonio Rüdiger,10287,İlkay Gündoğan,Complete,7.140028,62.6,46.1,66.9,40.4
3857284,2022-11-23,Group Stage,Japan,1,10,45,Germany,10287,İlkay Gündoğan,3167,Antonio Rüdiger,Complete,9.773945,66.9,40.4,57.2,41.6
3857284,2022-11-23,Group Stage,Japan,1,10,47,Germany,3167,Antonio Rüdiger,24118,Nico Schlotterbeck,Complete,29.76928,57.0,41.4,68.4,13.9
3857284,2022-11-23,Group Stage,Japan,1,10,52,Germany,24118,Nico Schlotterbeck,12034,David Raum,Complete,15.1343975,85.3,12.0,97.0,2.4
3857284,2022-11-23,Group Stage,Japan,1,10,54,Germany,12034,David Raum,10287,İlkay Gündoğan,Complete,17.969418,96.7,3.3,93.6,21.0
3857284,2022-11-23,Group Stage,Japan,1,10,57,Germany,10287,İlkay Gündoğan,12034,David Raum,Complete,5.5226803,101.5,11.6,106.2,8.7
3857284,2022-11-23,Group Stage,Japan,1,11,1,Germany,12034,David Raum,,,Incomplete,28.79045,117.1,5.4,110.4,33.4
3857284,2022-11-23,Group Stage,Japan,1,11,10,Germany,3167,Antonio Rüdiger,39565,Jamal Musiala,Complete,16.609034,53.2,15.8,69.7,13.9
3857284,2022-11-23,Group Stage,Japan,1,11,11,Germany,39565,Jamal Musiala,5579,Joshua Kimmich,Complete,7.017834,69.7,13.9,62.7,14.4
3857284,2022-11-23,Group Stage,Japan,1,11,14,Germany,5579,Joshua Kimmich,12034,David Raum,Complete,8.888757,69.3,12.0,66.7,3.5
3857284,2022-11-23,Group Stage,Japan,1,11,15,Germany,12034,David Raum,24118,Nico Schlotterbeck,Complete,13.413426,66.7,3.5,54.1,8.1
3857284,2022-11-23,Group Stage,Japan,1,11,17,Germany,24118,Nico Schlotterbeck,5579,Joshua Kimmich,Complete,12.369317,51.8,11.4,63.2,6.6
3857284,2022-11-23,Group Stage,Japan,1,11,24,Germany,5579,Joshua Kimmich,3167,Antonio Rüdiger,Complete,20.020239,50.9,29.1,44.9,48.2
3857284,2022-11-23,Group Stage,Japan,1,11,27,Germany,3167,Antonio Rüdiger,24118,Nico Schlotterbeck,Complete,39.20204,44.4,47.1,63.2,12.7
3857284,2022-11-23,Group Stage,Japan,1,11,31,Germany,24118,Nico Schlotterbeck,12034,David Raum,Complete,18.878824,69.3,7.6,87.2,1.6
3857284,2022-11-23,Group Stage,Japan,1,11,34,Germany,12034,David Raum,39565,Jamal Musiala,Complete,26.011152,92.9,1.9,115.6,14.6
3857284,2022-11-23,Group Stage,Japan,1,11,50,Germany,12034,David Raum,24118,Nico Schlotterbeck,Complete,16.063934,92.9,0.1,77.1,3.0
3857284,2022-11-23,Group Stage,Japan,1,11,52,Germany,24118,Nico Schlotterbeck,5579,Joshua Kimmich,Complete,26.627241,77.1,3.1,74.5,29.6
3857284,2022-11-23,Group Stage,Japan,1,11,59,Germany,5579,Joshua Kimmich,24118,Nico Schlotterbeck,Complete,23.610378,74.5,36.6,75.2,13.0
3857284,2022-11-23,Group Stage,Japan,1,12,2,Germany,24118,Nico Schlotterbeck,39565,Jamal Musiala,Complete,11.405701,87.2,4.0,93.2,13.7
3857284,2022-11-23,Group Stage,Japan,1,12,4,Germany,39565,Jamal Musiala,10287,İlkay Gündoğan,Complete,7.023532,92.5,17.0,86.3,20.3
3857284,2022-11-23,Group Stage,Japan,1,12,5,Germany,10287,İlkay Gündoğan,5579,Joshua Kimmich,Complete,13.518136,85.9,20.6,86.6,34.1
3857284,2022-11-23,Group Stage,Japan,1,12,9,Germany,10287,İlkay Gündoğan,5562,Thomas Müller,Complete,14.90302,80.4,36.9,92.5,45.6
3857284,2022-11-23,Group Stage,Japan,1,12,9,Germany,5562,Thomas Müller,39565,Jamal Musiala,Incomplete,9.037699,92.5,45.6,100.7,41.8
3857284,2022-11-23,Group Stage,Japan,1,12,16,Germany,8400,Serge Gnabry,5579,Joshua Kimmich,Complete,16.5,73.1,76.8,73.1,60.3
3857284,2022-11-23,Group Stage,Japan,1,12,20,Germany,5579,Joshua Kimmich,3167,Antonio Rüdiger,Complete,21.525799,73.5,61.5,57.5,47.1
3857284,2022-11-23,Group Stage,Japan,1,12,23,Germany,3167,Antonio Rüdiger,24118,Nico Schlotterbeck,Complete,29.231833,61.7,44.9,73.6,18.2
3857284,2022-11-23,Group Stage,Japan,1,12,27,Germany,24118,Nico Schlotterbeck,5579,Joshua Kimmich,Complete,21.102133,84.6,16.8,84.9,37.9
3857284,2022-11-23,Group Stage,Japan,1,12,29,Germany,5579,Joshua Kimmich,24118,Nico Schlotterbeck,Complete,18.414125,86.3,37.3,89.1,19.1
3857284,2022-11-23,Group Stage,Japan,1,12,31,Germany,24118,Nico Schlotterbeck,12034,David Raum,Incomplete,21.128654,91.7,18.7,112.6,15.6
3857284,2022-11-23,Group Stage,Japan,1,12,43,Germany,5570,Manuel Neuer,6322,Niklas Süle,Complete,24.403482,22.5,44.5,40.2,61.3
3857284,2022-11-23,Group Stage,Japan,1,12,48,Germany,6322,Niklas Süle,8400,Serge Gnabry,Complete,22.788155,51.8,65.0,73.1,73.1
3857284,2022-11-23,Group Stage,Japan,1,12,50,Germany,8400,Serge Gnabry,6322,Niklas Süle,Complete,17.2154,65.8,74.7,49.9,68.1
3857284,2022-11-23,Group Stage,Japan,1,12,54,Germany,6322,Niklas Süle,10287,İlkay Gündoğan,Complete,18.700268,48.9,51.8,49.0,33.1
3857284,2022-11-23,Group Stage,Japan,1,12,56,Germany,10287,İlkay Gündoğan,5579,Joshua Kimmich,Complete,13.345411,51.6,32.6,64.3,36.7
3857284,2022-11-23,Group Stage,Japan,1,12,58,Germany,5579,Joshua Kimmich,5570,Manuel Neuer,Complete,33.800888,65.7,35.5,32.2,31.0
3857284,2022-11-23,Group Stage,Japan,1,13,1,Germany,5570,Manuel Neuer,10287,İlkay Gündoğan,Complete,15.121178,31.2,29.1,44.9,22.7
3857284,2022-11-23,Group Stage,Japan,1,13,6,Germany,10287,İlkay Gündoğan,24118,Nico Schlotterbeck,Complete,16.7869,50.6,20.1,56.8,4.5
3857284,2022-11-23,Group Stage,Japan,1,13,7,Germany,24118,Nico Schlotterbeck,12034,David Raum,Complete,18.738462,56.5,3.3,75.2,2.1
3857284,2022-11-23,Group Stage,Japan,1,13,9,Germany,12034,David Raum,39565,Jamal Musiala,Complete,23.705275,74.0,2.1,97.7,1.6
3857284,2022-11-23,Group Stage,Japan,1,13,15,Germany,39565,Jamal Musiala,12034,David Raum,Complete,7.553807,106.2,15.4,105.3,22.9
3857284,2022-11-23,Group Stage,Japan,1,13,15,Germany,12034,David Raum,39565,Jamal Musiala,Complete,3.8600519,105.3,22.9,102.2,20.6
3857284,2022-11-23,Group Stage,Japan,1,13,16,Germany,39565,Jamal Musiala,5579,Joshua Kimmich,Complete,10.394229,102.2,20.6,93.2,25.8
3857284,2022-11-23,Group Stage,Japan,1,13,25,Germany,5570,Manuel Neuer,24118,Nico Schlotterbeck,Complete,12.5028,38.5,1.9,50.9,3.5
3857284,2022-11-23,Group Stage,Japan,1,13,28,Germany,24118,Nico Schlotterbeck,10287,İlkay Gündoğan,Complete,16.555965,50.8,5.0,53.7,21.3
3857284,2022-11-23,Group Stage,Japan,1,13,36,Germany,10287,İlkay Gündoğan,3167,Antonio Rüdiger,Complete,22.143621,62.7,24.4,57.4,45.9
3857284,2022-11-23,Group Stage,Japan,1,13,39,Germany,3167,Antonio Rüdiger,6322,Niklas Süle,Complete,13.879842,63.2,52.3,68.8,65.0
3857284,2022-11-23,Group Stage,Japan,1,13,41,Germany,6322,Niklas Süle,8400,Serge Gnabry,Complete,15.915401,69.0,66.0,81.3,76.1
3857284,2022-11-23,Group Stage,Japan,1,13,43,Germany,8400,Serge Gnabry,10287,İlkay Gündoğan,Complete,17.369226,75.0,76.4,69.0,60.1
3857284,2022-11-23,Group Stage,Japan,1,13,44,Germany,10287,İlkay Gündoğan,5579,Joshua Kimmich,Complete,10.385567,69.0,60.1,75.5,52.0
3857284,2022-11-23,Group Stage,Japan,1,13,48,Germany,5579,Joshua Kimmich,24118,Nico Schlotterbeck,Complete,16.298466,66.9,39.0,74.9,24.8
3857284,2022-11-23,Group Stage,Japan,1,13,50,Germany,24118,Nico Schlotterbeck,5579,Joshua Kimmich,Complete,9.567131,75.5,23.0,68.3,29.3
3857284,2022-11-23,Group Stage,Japan,1,13,51,Germany,5579,Joshua Kimmich,12034,David Raum,Incomplete,29.928247,68.3,29.3,93.4,13.0
3857284,2022-11-23,Group Stage,Japan,1,13,57,Germany,24118,Nico Schlotterbeck,5570,Manuel Neuer,Complete,36.838295,56.5,3.1,25.0,22.2
3857284,2022-11-23,Group Stage,Japan,1,14,0,Germany,5570,Manuel Neuer,5579,Joshua Kimmich,Complete,10.956277,25.0,22.2,35.2,18.2
3857284,2022-11-23,Group Stage,Japan,1,14,7,Germany,5579,Joshua Kimmich,3167,Antonio Rüdiger,Complete,19.730686,38.6,28.6,39.7,48.3
3857284,2022-11-23,Group Stage,Japan,1,14,10,Germany,3167,Antonio Rüdiger,5579,Joshua Kimmich,Complete,16.609034,38.6,48.2,36.7,31.7
3857284,2022-11-23,Group Stage,Japan,1,14,13,Germany,5579,Joshua Kimmich,3167,Antonio Rüdiger,Complete,16.302454,38.8,35.2,35.2,51.1
3857284,2022-11-23,Group Stage,Japan,1,14,15,Germany,3167,Antonio Rüdiger,5570,Manuel Neuer,Complete,22.503777,34.7,50.2,15.6,38.3
3857284,2022-11-23,Group Stage,Japan,1,14,18,Germany,5570,Manuel Neuer,10287,İlkay Gündoğan,Complete,24.42335,16.3,38.6,38.8,29.1
3857284,2022-11-23,Group Stage,Japan,1,14,24,Germany,10287,İlkay Gündoğan,8966,Kai Havertz,Complete,12.304471,61.0,21.0,69.8,29.6
3857284,2022-11-23,Group Stage,Japan,1,14,26,Germany,8966,Kai Havertz,24118,Nico Schlotterbeck,Complete,23.83212,68.6,30.7,45.7,24.1
3857284,2022-11-23,Group Stage,Japan,1,14,27,Germany,24118,Nico Schlotterbeck,3167,Antonio Rüdiger,Complete,20.67293,45.7,24.1,51.3,44.0
3857284,2022-11-23,Group Stage,Japan,1,14,30,Germany,3167,Antonio Rüdiger,12034,David Raum,Complete,61.795956,56.8,44.2,103.3,3.5
3857284,2022-11-23,Group Stage,Japan,1,15,4,Germany,12034,David Raum,8966,Kai Havertz,Complete,15.002999,109.2,0.1,109.5,15.1
3857284,2022-11-23,Group Stage,Japan,1,15,6,Germany,8966,Kai Havertz,,,Incomplete,2.2,114.7,19.8,114.7,22.0
3857284,2022-11-23,Group Stage,Japan,1,15,57,Germany,5579,Joshua Kimmich,3167,Antonio Rüdiger,Complete,51.385796,120.0,0.1,110.5,50.6
3857284,2022-11-23,Group Stage,Japan,1,16,38,Germany,24118,Nico Schlotterbeck,3167,Antonio Rüdiger,Complete,20.862646,50.1,21.8,47.5,42.5
3857284,2022-11-23,Group Stage,Japan,1,16,40,Germany,3167,Antonio Rüdiger,,,Incomplete,1.2,47.5,42.5,48.7,42.5
3857284,2022-11-23,Group Stage,Japan,1,16,43,Germany,5579,Joshua Kimmich,,,Incomplete,19.259542,56.5,42.5,74.7,36.2
3857284,2022-11-23,Group Stage,Japan,1,16,46,Germany,5562,Thomas Müller,39565,Jamal Musiala,Complete,7.045566,67.4,41.1,71.4,35.3
3857284,2022-11-23,Group Stage,Japan,1,17,6,Germany,5579,Joshua Kimmich,5570,Manuel Neuer,Complete,50.604843,66.9,17.2,16.3,16.5
3857284,2022-11-23,Group Stage,Japan,1,17,12,Germany,5570,Manuel Neuer,5579,Joshua Kimmich,Complete,12.971122,20.1,17.7,32.9,19.8
3857284,2022-11-23,Group Stage,Japan,1,17,18,Germany,5579,Joshua Kimmich,3167,Antonio Rüdiger,Complete,25.23668,38.3,27.4,29.1,50.9
3857284,2022-11-23,Group Stage,Japan,1,17,20,Germany,3167,Antonio Rüdiger,5570,Manuel Neuer,Complete,22.58008,29.1,50.9,15.6,32.8
3857284,2022-11-23,Group Stage,Japan,1,17,24,Germany,5570,Manuel Neuer,3167,Antonio Rüdiger,Complete,19.353552,16.5,36.9,22.5,55.3
3857284,2022-11-23,Group Stage,Japan,1,17,28,Germany,3167,Antonio Rüdiger,10287,İlkay Gündoğan,Complete,25.36533,25.0,56.3,32.6,32.1
3857284,2022-11-23,Group Stage,Japan,1,17,29,Germany,10287,İlkay Gündoğan,5570,Manuel Neuer,Complete,21.37405,32.6,32.1,12.7,39.9
3857284,2022-11-23,Group Stage,Japan,1,17,32,Germany,5570,Manuel Neuer,6322,Niklas Süle,Complete,37.535316,13.7,41.1,31.4,74.2
3857284,2022-11-23,Group Stage,Japan,1,17,36,Germany,6322,Niklas Süle,3167,Antonio Rüdiger,Complete,21.560148,32.6,72.3,15.4,59.3
3857284,2022-11-23,Group Stage,Japan,1,17,40,Germany,3167,Antonio Rüdiger,5570,Manuel Neuer,Complete,21.151833,14.9,55.3,10.1,34.7
3857284,2022-11-23,Group Stage,Japan,1,17,42,Germany,5570,Manuel Neuer,24118,Nico Schlotterbeck,Complete,17.420103,10.1,34.7,20.6,20.8
3857284,2022-11-23,Group Stage,Japan,1,17,48,Germany,24118,Nico Schlotterbeck,10287,İlkay Gündoğan,Complete,9.042677,37.6,19.2,44.7,24.8
3857284,2022-11-23,Group Stage,Japan,1,17,53,Germany,10287,İlkay Gündoğan,3167,Antonio Rüdiger,Complete,28.060827,53.4,14.7,39.9,39.3
3857284,2022-11-23,Group Stage,Japan,1,17,56,Germany,3167,Antonio Rüdiger,6322,Niklas Süle,Complete,29.86503,40.6,40.5,49.2,69.1
3857284,2022-11-23,Group Stage,Japan,1,18,0,Germany,6322,Niklas Süle,5562,Thomas Müller,Complete,11.830892,50.9,65.3,55.5,76.2
3857284,2022-11-23,Group Stage,Japan,1,18,16,Germany,5579,Joshua Kimmich,3167,Antonio Rüdiger,Complete,22.917242,67.2,74.0,50.6,58.2
3857284,2022-11-23,Group Stage,Japan,1,18,19,Germany,3167,Antonio Rüdiger,24118,Nico Schlotterbeck,Complete,36.026794,49.6,55.6,56.8,20.3
3857284,2022-11-23,Group Stage,Japan,1,18,24,Germany,24118,Nico Schlotterbeck,10287,İlkay Gündoğan,Complete,12.525175,78.0,16.6,73.8,28.4
3857284,2022-11-23,Group Stage,Japan,1,18,27,Germany,10287,İlkay Gündoğan,8400,Serge Gnabry,Complete,50.33905,75.9,28.4,117.8,56.3
3857284,2022-11-23,Group Stage,Japan,1,18,30,Germany,8400,Serge Gnabry,,,Incomplete,10.530432,117.8,56.3,114.5,46.3
3857284,2022-11-23,Group Stage,Japan,1,18,34,Germany,6322,Niklas Süle,,,Unknown,3.8013155,92.7,66.5,95.8,64.3
3857284,2022-11-23,Group Stage,Japan,1,19,16,Germany,12034,David Raum,39565,Jamal Musiala,Complete,5.59017,43.7,9.5,49.2,8.5
3857284,2022-11-23,Group Stage,Japan,1,19,20,Germany,39565,Jamal Musiala,24118,Nico Schlotterbeck,Complete,12.007081,51.6,6.8,39.7,5.2
3857284,2022-11-23,Group Stage,Japan,1,19,22,Germany,24118,Nico Schlotterbeck,3167,Antonio Rüdiger,Complete,21.060863,38.5,8.1,31.9,28.1
3857284,2022-11-23,Group Stage,Japan,1,19,25,Germany,3167,Antonio Rüdiger,5562,Thomas Müller,Complete,27.647966,32.1,29.6,51.6,49.2
3857284,2022-11-23,Group Stage,Japan,1,19,27,Germany,5562,Thomas Müller,6322,Niklas Süle,Complete,18.05464,51.6,49.2,39.5,62.6
3857284,2022-11-23,Group Stage,Japan,1,19,31,Germany,6322,Niklas Süle,10287,İlkay Gündoğan,Complete,31.022089,39.3,58.0,44.4,27.4
3857284,2022-11-23,Group Stage,Japan,1,19,35,Germany,10287,İlkay Gündoğan,6322,Niklas Süle,Complete,32.504154,42.8,26.3,45.4,58.7
3857284,2022-11-23,Group Stage,Japan,1,19,38,Germany,6322,Niklas Süle,5579,Joshua Kimmich,Complete,18.462936,51.3,59.1,63.1,44.9
3857284,2022-11-23,Group Stage,Japan,1,19,40,Germany,5579,Joshua Kimmich,10287,İlkay Gündoğan,Complete,12.126417,63.2,42.8,67.6,31.5
3857284,2022-11-23,Group Stage,Japan,1,19,41,Germany,10287,İlkay Gündoğan,39565,Jamal Musiala,Complete,13.7411785,67.6,31.5,78.7,23.4
3857284,2022-11-23,Group Stage,Japan,1,19,43,Germany,39565,Jamal Musiala,12034,David Raum,Complete,21.095022,79.4,18.7,93.6,3.1
3857284,2022-11-23,Group Stage,Japan,1,19,45,Germany,12034,David Raum,10287,İlkay Gündoğan,Complete,19.382982,98.6,4.0,102.9,22.9
3857284,2022-11-23,Group Stage,Japan,1,19,46,Germany,10287,İlkay Gündoğan,39565,Jamal Musiala,Complete,6.3906183,102.9,22.9,96.9,25.1
3857284,2022-11-23,Group Stage,Japan,1,20,52,Germany,24118,Nico Schlotterbeck,3167,Antonio Rüdiger,Complete,9.272001,51.8,11.4,49.2,20.3
3857284,2022-11-23,Group Stage,Japan,1,20,54,Germany,3167,Antonio Rüdiger,24118,Nico Schlotterbeck,Complete,14.905368,44.9,19.1,44.5,4.2
3857284,2022-11-23,Group Stage,Japan,1,22,7,Germany,3167,Antonio Rüdiger,5570,Manuel Neuer,Complete,9.459387,6.0,44.0,8.2,34.8
3857284,2022-11-23,Group Stage,Japan,1,22,9,Germany,5570,Manuel Neuer,6322,Niklas Süle,Complete,28.420063,15.3,38.5,23.2,65.8
3857284,2022-11-23,Group Stage,Japan,1,22,12,Germany,6322,Niklas Süle,5579,Joshua Kimmich,Complete,10.707474,21.1,63.4,27.2,54.6
3857284,2022-11-23,Group Stage,Japan,1,22,15,Germany,5579,Joshua Kimmich,24118,Nico Schlotterbeck,Complete,28.112808,25.8,47.3,21.0,19.6
3857284,2022-11-23,Group Stage,Japan,1,22,20,Germany,24118,Nico Schlotterbeck,3167,Antonio Rüdiger,Complete,23.551008,32.6,16.5,26.7,39.3
3857284,2022-11-23,Group Stage,Japan,1,22,23,Germany,3167,Antonio Rüdiger,6322,Niklas Süle,Complete,21.52301,26.7,40.7,39.9,57.7
3857284,2022-11-23,Group Stage,Japan,1,22,25,Germany,6322,Niklas Süle,3167,Antonio Rüdiger,Complete,16.393291,39.3,57.5,30.0,44.0
3857284,2022-11-23,Group Stage,Japan,1,22,28,Germany,3167,Antonio Rüdiger,24118,Nico Schlotterbeck,Complete,33.842724,32.4,41.4,34.1,7.6
3857284,2022-11-23,Group Stage,Japan,1,22,33,Germany,24118,Nico Schlotterbeck,3167,Antonio Rüdiger,Complete,29.444185,39.2,11.4,32.2,40.0
3857284,2022-11-23,Group Stage,Japan,1,22,35,Germany,3167,Antonio Rüdiger,6322,Niklas Süle,Complete,20.143734,31.9,40.0,38.3,59.1
3857284,2022-11-23,Group Stage,Japan,1,22,38,Germany,6322,Niklas Süle,10287,İlkay Gündoğan,Complete,30.885757,37.6,58.2,39.9,27.4
3857284,2022-11-23,Group Stage,Japan,1,22,43,Germany,10287,İlkay Gündoğan,39565,Jamal Musiala,Complete,17.189823,56.1,24.4,68.6,36.2
3857284,2022-11-23,Group Stage,Japan,1,22,44,Germany,39565,Jamal Musiala,5579,Joshua Kimmich,Complete,6.3788714,68.6,36.2,67.6,42.5
3857284,2022-11-23,Group Stage,Japan,1,22,46,Germany,5579,Joshua Kimmich,8400,Serge Gnabry,Complete,28.42534,74.2,43.7,92.2,65.7
3857284,2022-11-23,Group Stage,Japan,1,22,50,Germany,8400,Serge Gnabry,6322,Niklas Süle,Complete,7.3824115,88.5,66.9,81.8,63.8
3857284,2022-11-23,Group Stage,Japan,1,22,52,Germany,6322,Niklas Süle,8400,Serge Gnabry,Complete,13.753545,81.4,63.9,91.8,72.9
3857284,2022-11-23,Group Stage,Japan,1,22,54,Germany,8400,Serge Gnabry,5579,Joshua Kimmich,Incomplete,3.51141,87.3,71.7,86.1,68.4
3857284,2022-11-23,Group Stage,Japan,1,23,3,Germany,5562,Thomas Müller,6322,Niklas Süle,Complete,34.769096,87.7,80.0,54.4,70.0
3857284,2022-11-23,Group Stage,Japan,1,23,8,Germany,6322,Niklas Süle,3167,Antonio Rüdiger,Complete,12.924783,51.6,65.0,44.5,54.2
3857284,2022-11-23,Group Stage,Japan,1,23,10,Germany,3167,Antonio Rüdiger,10287,İlkay Gündoğan,Complete,21.414015,44.9,52.5,56.5,34.5
3857284,2022-11-23,Group Stage,Japan,1,23,14,Germany,10287,İlkay Gündoğan,12034,David Raum,Complete,34.224262,51.6,28.2,73.5,1.9
3857284,2022-11-23,Group Stage,Japan,1,23,18,Germany,12034,David Raum,24118,Nico Schlotterbeck,Complete,16.285576,77.1,1.4,62.0,7.5
3857284,2022-11-23,Group Stage,Japan,1,23,20,Germany,24118,Nico Schlotterbeck,10287,İlkay Gündoğan,Complete,4.6647615,61.7,7.6,64.1,11.6
3857284,2022-11-23,Group Stage,Japan,1,23,24,Germany,10287,İlkay Gündoğan,3167,Antonio Rüdiger,Complete,30.634947,68.3,14.6,62.6,44.7
3857284,2022-11-23,Group Stage,Japan,1,23,27,Germany,3167,Antonio Rüdiger,6322,Niklas Süle,Complete,12.5781555,62.2,46.6,63.6,59.1
3857284,2022-11-23,Group Stage,Japan,1,23,29,Germany,6322,Niklas Süle,5570,Manuel Neuer,Complete,38.35844,63.6,58.4,27.2,46.3
3857284,2022-11-23,Group Stage,Japan,1,23,33,Germany,5570,Manuel Neuer,24118,Nico Schlotterbeck,Complete,31.986246,31.9,46.6,44.5,17.2
3857284,2022-11-23,Group Stage,Japan,1,23,37,Germany,24118,Nico Schlotterbeck,3167,Antonio Rüdiger,Complete,32.01562,47.7,14.9,39.7,45.9
3857284,2022-11-23,Group Stage,Japan,1,23,41,Germany,3167,Antonio Rüdiger,10287,İlkay Gündoğan,Complete,29.880428,43.3,45.7,56.1,18.7
3857284,2022-11-23,Group Stage,Japan,1,23,46,Germany,10287,İlkay Gündoğan,39565,Jamal Musiala,Complete,14.5,73.8,12.8,82.5,24.4
3857284,2022-11-23,Group Stage,Japan,1,23,49,Germany,39565,Jamal Musiala,5562,Thomas Müller,Complete,11.164677,92.5,28.4,93.7,39.5
3857284,2022-11-23,Group Stage,Japan,1,23,50,Germany,5562,Thomas Müller,39565,Jamal Musiala,Complete,7.387828,93.4,40.0,99.1,35.3
3857284,2022-11-23,Group Stage,Japan,1,23,50,Germany,39565,Jamal Musiala,,,Incomplete,8.627862,99.1,35.3,105.3,29.3
3857284,2022-11-23,Group Stage,Japan,1,23,55,Germany,24118,Nico Schlotterbeck,12034,David Raum,Complete,15.662695,71.4,7.6,87.0,6.2
3857284,2022-11-23,Group Stage,Japan,1,23,58,Germany,12034,David Raum,8966,Kai Havertz,Complete,25.45938,101.2,3.5,118.9,21.8
3857284,2022-11-23,Group Stage,Japan,1,24,0,Germany,8966,Kai Havertz,,,Incomplete,2.184033,118.9,21.8,118.3,23.9
3857284,2022-11-23,Group Stage,Japan,1,24,51,Germany,12034,David Raum,39565,Jamal Musiala,Incomplete,18.12319,107.2,0.1,89.9,5.5
3857284,2022-11-23,Group Stage,Japan,1,25,10,Germany,12034,David Raum,24118,Nico Schlotterbeck,Complete,39.335735,87.5,0.1,48.4,4.4
3857284,2022-11-23,Group Stage,Japan,1,25,12,Germany,24118,Nico Schlotterbeck,3167,Antonio Rüdiger,Complete,30.348806,45.9,5.2,39.2,34.8
3857284,2022-11-23,Group Stage,Japan,1,25,21,Germany,3167,Antonio Rüdiger,6322,Niklas Süle,Complete,21.539034,47.1,32.8,50.3,54.1
3857284,2022-11-23,Group Stage,Japan,1,25,23,Germany,6322,Niklas Süle,5562,Thomas Müller,Complete,23.226278,50.8,55.6,69.7,69.1
3857284,2022-11-23,Group Stage,Japan,1,25,38,Germany,5562,Thomas Müller,8400,Serge Gnabry,Complete,17.20029,80.7,80.0,97.6,76.8
3857284,2022-11-23,Group Stage,Japan,1,25,40,Germany,8400,Serge Gnabry,5562,Thomas Müller,Complete,5.903389,97.9,76.1,98.1,70.2
3857284,2022-11-23,Group Stage,Japan,1,25,41,Germany,5562,Thomas Müller,8966,Kai Havertz,Complete,4.704253,98.1,70.2,97.9,65.5
3857284,2022-11-23,Group Stage,Japan,1,25,42,Germany,8966,Kai Havertz,39565,Jamal Musiala,Complete,9.617692,96.5,60.5,92.4,51.8
3857284,2022-11-23,Group Stage,Japan,1,25,44,Germany,39565,Jamal Musiala,5579,Joshua Kimmich,Complete,7.5059977,93.2,52.3,92.9,59.8
3857284,2022-11-23,Group Stage,Japan,1,25,47,Germany,5579,Joshua Kimmich,8400,Serge Gnabry,Complete,16.402744,97.9,57.5,111.2,67.1
3857284,2022-11-23,Group Stage,Japan,1,25,48,Germany,8400,Serge Gnabry,12034,David Raum,Complete,41.962006,111.2,67.1,105.7,25.5
3857284,2022-11-23,Group Stage,Japan,1,25,52,Germany,12034,David Raum,10287,İlkay Gündoğan,Complete,7.8847957,106.2,23.2,98.6,25.3
3857284,2022-11-23,Group Stage,Japan,1,25,54,Germany,5579,Joshua Kimmich,,,Incomplete,6.9231496,104.7,44.7,106.0,37.9
3857284,2022-11-23,Group Stage,Japan,1,25,58,Germany,3167,Antonio Rüdiger,6322,Niklas Süle,Complete,18.2011,75.2,43.1,75.0,61.3
3857284,2022-11-23,Group Stage,Japan,1,26,1,Germany,6322,Niklas Süle,8400,Serge Gnabry,Complete,18.344753,75.0,61.3,87.2,75.0
3857284,2022-11-23,Group Stage,Japan,1,26,2,Germany,8400,Serge Gnabry,5579,Joshua Kimmich,Complete,13.28533,87.2,75.0,79.9,63.9
3857284,2022-11-23,Group Stage,Japan,1,26,4,Germany,5579,Joshua Kimmich,6322,Niklas Süle,Complete,9.654015,75.0,64.3,68.8,71.7
3857284,2022-11-23,Group Stage,Japan,1,26,6,Germany,6322,Niklas Süle,5570,Manuel Neuer,Complete,41.837425,62.6,72.6,23.7,57.2
3857284,2022-11-23,Group Stage,Japan,1,26,9,Germany,5570,Manuel Neuer,24118,Nico Schlotterbeck,Complete,43.961006,23.7,57.2,39.3,16.1
3857284,2022-11-23,Group Stage,Japan,1,26,16,Germany,24118,Nico Schlotterbeck,10287,İlkay Gündoğan,Complete,10.929318,63.1,16.1,57.2,25.3
3857284,2022-11-23,Group Stage,Japan,1,26,21,Germany,10287,İlkay Gündoğan,5579,Joshua Kimmich,Complete,5.0,62.6,37.9,67.6,37.9
3857284,2022-11-23,Group Stage,Japan,1,26,28,Germany,5579,Joshua Kimmich,6322,Niklas Süle,Complete,8.927485,63.8,53.5,63.1,62.4
3857284,2022-11-23,Group Stage,Japan,1,26,32,Germany,6322,Niklas Süle,10287,İlkay Gündoğan,Complete,10.244999,56.8,60.5,63.2,52.5
3857284,2022-11-23,Group Stage,Japan,1,26,33,Germany,10287,İlkay Gündoğan,8400,Serge Gnabry,Complete,21.377558,64.1,54.1,73.5,73.3
3857284,2022-11-23,Group Stage,Japan,1,26,37,Germany,8400,Serge Gnabry,5579,Joshua Kimmich,Complete,22.051077,80.9,67.7,79.4,45.7
3857284,2022-11-23,Group Stage,Japan,1,26,39,Germany,5579,Joshua Kimmich,12034,David Raum,Complete,23.148218,82.0,40.0,89.2,18.0
3857284,2022-11-23,Group Stage,Japan,1,26,42,Germany,12034,David Raum,39565,Jamal Musiala,Complete,14.549914,93.2,16.8,106.9,21.7
3857284,2022-11-23,Group Stage,Japan,1,26,45,Germany,39565,Jamal Musiala,12034,David Raum,Incomplete,6.239391,107.3,22.9,113.1,20.6
3857284,2022-11-23,Group Stage,Japan,1,26,54,Germany,12034,David Raum,24118,Nico Schlotterbeck,Complete,37.696815,104.1,0.1,66.9,6.2
3857284,2022-11-23,Group Stage,Japan,1,26,58,Germany,24118,Nico Schlotterbeck,3167,Antonio Rüdiger,Complete,20.247469,64.3,7.6,56.3,26.2
3857284,2022-11-23,Group Stage,Japan,1,27,3,Germany,3167,Antonio Rüdiger,24118,Nico Schlotterbeck,Complete,23.447815,62.6,30.5,73.8,9.9
3857284,2022-11-23,Group Stage,Japan,1,27,7,Germany,24118,Nico Schlotterbeck,10287,İlkay Gündoğan,Complete,14.3391075,88.2,7.3,91.3,21.3
3857284,2022-11-23,Group Stage,Japan,1,27,12,Germany,10287,İlkay Gündoğan,6322,Niklas Süle,Complete,27.706497,87.2,16.1,77.1,41.9
3857284,2022-11-23,Group Stage,Japan,1,27,15,Germany,6322,Niklas Süle,8966,Kai Havertz,Complete,15.116217,80.4,40.7,95.5,41.4
3857284,2022-11-23,Group Stage,Japan,1,27,16,Germany,8966,Kai Havertz,5562,Thomas Müller,Complete,9.867117,95.5,41.4,92.5,50.8
3857284,2022-11-23,Group Stage,Japan,1,27,17,Germany,5562,Thomas Müller,3167,Antonio Rüdiger,Complete,22.62587,90.8,52.5,73.6,37.8
3857284,2022-11-23,Group Stage,Japan,1,27,19,Germany,3167,Antonio Rüdiger,6322,Niklas Süle,Complete,25.518032,73.6,37.6,69.0,62.7
3857284,2022-11-23,Group Stage,Japan,1,27,23,Germany,6322,Niklas Süle,8400,Serge Gnabry,Complete,19.136614,68.6,76.8,87.5,73.8
3857284,2022-11-23,Group Stage,Japan,1,27,25,Germany,8400,Serge Gnabry,5562,Thomas Müller,Complete,19.44865,87.5,73.8,106.7,70.7
3857284,2022-11-23,Group Stage,Japan,1,27,27,Germany,5562,Thomas Müller,8400,Serge Gnabry,Complete,16.95317,106.0,71.0,98.1,56.0
3857284,2022-11-23,Group Stage,Japan,1,27,29,Germany,8400,Serge Gnabry,10287,İlkay Gündoğan,Complete,13.28533,98.9,55.3,94.4,42.8
3857284,2022-11-23,Group Stage,Japan,1,28,5,Germany,24118,Nico Schlotterbeck,3167,Antonio Rüdiger,Complete,24.062626,57.2,0.1,36.7,12.7
3857284,2022-11-23,Group Stage,Japan,1,28,12,Germany,3167,Antonio Rüdiger,10287,İlkay Gündoğan,Complete,13.598897,44.5,23.7,56.8,17.9
3857284,2022-11-23,Group Stage,Japan,1,28,18,Germany,10287,İlkay Gündoğan,3167,Antonio Rüdiger,Complete,24.820354,63.4,14.7,52.3,36.9
3857284,2022-11-23,Group Stage,Japan,1,28,22,Germany,3167,Antonio Rüdiger,6322,Niklas Süle,Complete,19.315538,53.7,37.6,61.2,55.4
3857284,2022-11-23,Group Stage,Japan,1,28,24,Germany,6322,Niklas Süle,5562,Thomas Müller,Complete,20.08009,62.0,54.6,74.0,70.7
3857284,2022-11-23,Group Stage,Japan,1,28,27,Germany,5562,Thomas Müller,8400,Serge Gnabry,Complete,9.625487,80.7,70.2,89.1,74.9
3857284,2022-11-23,Group Stage,Japan,1,28,32,Germany,8400,Serge Gnabry,10287,İlkay Gündoğan,Incomplete,16.829735,93.4,55.4,92.4,38.6
3857284,2022-11-23,Group Stage,Japan,1,28,35,Germany,10287,İlkay Gündoğan,12034,David Raum,Complete,24.203306,92.7,33.8,112.3,19.6
3857284,2022-11-23,Group Stage,Japan,1,28,37,Germany,12034,David Raum,8966,Kai Havertz,Incomplete,18.36001,112.3,19.8,116.8,37.6
3857284,2022-11-23,Group Stage,Japan,1,28,44,Germany,5579,Joshua Kimmich,12034,David Raum,Complete,24.4387,86.1,25.5,98.6,4.5
3857284,2022-11-23,Group Stage,Japan,1,28,47,Germany,12034,David Raum,,,Incomplete,30.870699,99.6,5.7,106.0,35.9
3857284,2022-11-23,Group Stage,Japan,1,28,59,Germany,12034,David Raum,5579,Joshua Kimmich,Complete,22.401785,94.3,0.1,86.5,21.1
3857284,2022-11-23,Group Stage,Japan,1,29,4,Germany,5579,Joshua Kimmich,6322,Niklas Süle,Complete,36.700546,85.6,21.7,85.4,58.4
3857284,2022-11-23,Group Stage,Japan,1,29,5,Germany,6322,Niklas Süle,,,Incomplete,13.813399,86.1,58.4,93.6,70.0
3857284,2022-11-23,Group Stage,Japan,1,29,11,Germany,6322,Niklas Süle,10287,İlkay Gündoğan,Incomplete,1.7,52.7,61.7,54.4,61.7
3857284,2022-11-23,Group Stage,Japan,1,29,26,Germany,6322,Niklas Süle,5579,Joshua Kimmich,Complete,15.241063,38.5,76.2,41.2,61.2
3857284,2022-11-23,Group Stage,Japan,1,29,28,Germany,5579,Joshua Kimmich,24118,Nico Schlotterbeck,Complete,34.876926,41.2,61.2,32.6,27.4
3857284,2022-11-23,Group Stage,Japan,1,29,33,Germany,24118,Nico Schlotterbeck,12034,David Raum,Complete,17.679932,44.5,14.9,57.2,2.6
3857284,2022-11-23,Group Stage,Japan,1,29,36,Germany,12034,David Raum,10287,İlkay Gündoğan,Complete,24.781445,62.4,2.6,51.8,25.0
3857284,2022-11-23,Group Stage,Japan,1,29,40,Germany,10287,İlkay Gündoğan,5579,Joshua Kimmich,Complete,14.368368,56.3,27.6,66.9,37.3
3857284,2022-11-23,Group Stage,Japan,1,29,42,Germany,5579,Joshua Kimmich,10287,İlkay Gündoğan,Complete,9.992997,66.7,36.2,57.2,33.1
3857284,2022-11-23,Group Stage,Japan,1,29,44,Germany,10287,İlkay Gündoğan,6322,Niklas Süle,Complete,16.858232,61.7,40.9,63.1,57.7
3857284,2022-11-23,Group Stage,Japan,1,29,49,Germany,6322,Niklas Süle,5562,Thomas Müller,Complete,15.307514,70.4,57.5,77.8,70.9
3857284,2022-11-23,Group Stage,Japan,1,29,52,Germany,5562,Thomas Müller,6322,Niklas Süle,Complete,12.366487,75.5,71.9,64.8,65.7
3857284,2022-11-23,Group Stage,Japan,1,29,57,Germany,6322,Niklas Süle,3167,Antonio Rüdiger,Complete,25.390156,57.0,58.0,44.5,35.9
3857284,2022-11-23,Group Stage,Japan,1,30,0,Germany,3167,Antonio Rüdiger,24118,Nico Schlotterbeck,Complete,18.05464,44.7,33.6,51.8,17.0
3857284,2022-11-23,Group Stage,Japan,1,30,1,Germany,24118,Nico Schlotterbeck,3167,Antonio Rüdiger,Complete,19.62906,51.8,17.0,44.7,35.3
3857284,2022-11-23,Group Stage,Japan,1,30,4,Germany,3167,Antonio Rüdiger,5570,Manuel Neuer,Complete,24.18119,44.5,32.6,20.8,37.4
3857284,2022-11-23,Group Stage,Japan,1,30,9,Germany,5570,Manuel Neuer,24118,Nico Schlotterbeck,Complete,19.31269,23.6,34.7,33.3,18.0
3857284,2022-11-23,Group Stage,Japan,1,30,12,Germany,24118,Nico Schlotterbeck,12034,David Raum,Complete,21.01095,34.7,15.9,50.8,2.4
3857284,2022-11-23,Group Stage,Japan,1,30,16,Germany,12034,David Raum,24118,Nico Schlotterbeck,Complete,15.054567,53.0,2.1,38.8,7.1
3857284,2022-11-23,Group Stage,Japan,1,30,19,Germany,24118,Nico Schlotterbeck,3167,Antonio Rüdiger,Complete,39.62146,38.5,9.4,35.4,48.9
3857284,2022-11-23,Group Stage,Japan,1,30,26,Germany,3167,Antonio Rüdiger,6322,Niklas Süle,Complete,18.91798,40.7,49.9,49.0,66.9
3857284,2022-11-23,Group Stage,Japan,1,30,31,Germany,6322,Niklas Süle,8966,Kai Havertz,Complete,9.7046385,65.3,61.5,75.0,61.2
3857284,2022-11-23,Group Stage,Japan,1,30,32,Germany,8966,Kai Havertz,5562,Thomas Müller,Complete,13.633048,75.0,61.2,76.9,74.7
3857284,2022-11-23,Group Stage,Japan,1,30,37,Germany,5562,Thomas Müller,5579,Joshua Kimmich,Complete,16.608732,92.7,72.8,87.0,57.2
3857284,2022-11-23,Group Stage,Japan,1,30,39,Germany,5579,Joshua Kimmich,12034,David Raum,Complete,35.68557,86.6,54.1,110.5,27.6
3857284,2022-11-23,Group Stage,Japan,1,33,32,Germany,24118,Nico Schlotterbeck,10287,İlkay Gündoğan,Complete,8.507056,25.0,13.5,33.1,16.1
3857284,2022-11-23,Group Stage,Japan,1,33,33,Germany,10287,İlkay Gündoğan,24118,Nico Schlotterbeck,Complete,8.732124,28.3,15.9,19.8,13.9
3857284,2022-11-23,Group Stage,Japan,1,33,36,Germany,24118,Nico Schlotterbeck,5570,Manuel Neuer,Complete,29.040833,15.4,15.4,3.3,41.8
3857284,2022-11-23,Group Stage,Japan,1,33,40,Germany,5570,Manuel Neuer,6322,Niklas Süle,Complete,22.6,3.1,45.2,6.1,67.6
3857284,2022-11-23,Group Stage,Japan,1,33,42,Germany,6322,Niklas Süle,8400,Serge Gnabry,Complete,22.259605,5.6,68.8,27.4,73.3
3857284,2022-11-23,Group Stage,Japan,1,33,44,Germany,8400,Serge Gnabry,6322,Niklas Süle,Complete,6.3560996,21.1,73.6,15.3,76.2
3857284,2022-11-23,Group Stage,Japan,1,33,45,Germany,6322,Niklas Süle,8966,Kai Havertz,Complete,30.875395,14.9,76.1,44.9,68.8
3857284,2022-11-23,Group Stage,Japan,1,33,49,Germany,8966,Kai Havertz,5562,Thomas Müller,Incomplete,4.368066,38.6,75.2,42.8,74.0
3857284,2022-11-23,Group Stage,Japan,1,34,36,Germany,6322,Niklas Süle,39565,Jamal Musiala,Incomplete,22.270384,49.9,80.0,63.8,62.6
3857284,2022-11-23,Group Stage,Japan,1,34,38,Germany,10287,İlkay Gündoğan,12034,David Raum,Incomplete,47.16206,45.0,56.0,80.1,24.5
3857284,2022-11-23,Group Stage,Japan,1,35,39,Germany,24118,Nico Schlotterbeck,5579,Joshua Kimmich,Complete,10.604244,45.4,15.9,56.0,15.6
3857284,2022-11-23,Group Stage,Japan,1,35,53,Germany,10287,İlkay Gündoğan,39565,Jamal Musiala,Complete,27.504545,15.8,35.2,38.1,51.3
3857284,2022-11-23,Group Stage,Japan,1,35,57,Germany,39565,Jamal Musiala,8400,Serge Gnabry,Complete,13.929106,51.1,63.8,63.2,70.7
3857284,2022-11-23,Group Stage,Japan,1,36,20,Germany,6322,Niklas Süle,5579,Joshua Kimmich,Complete,11.264102,55.1,80.0,53.9,68.8
3857284,2022-11-23,Group Stage,Japan,1,36,24,Germany,5579,Joshua Kimmich,3167,Antonio Rüdiger,Complete,22.548836,51.1,68.6,32.4,56.0
3857284,2022-11-23,Group Stage,Japan,1,36,26,Germany,3167,Antonio Rüdiger,24118,Nico Schlotterbeck,Complete,32.477993,32.4,55.1,38.5,23.2
3857284,2022-11-23,Group Stage,Japan,1,36,29,Germany,24118,Nico Schlotterbeck,3167,Antonio Rüdiger,Complete,23.80084,38.3,23.2,38.1,47.0
3857284,2022-11-23,Group Stage,Japan,1,36,33,Germany,3167,Antonio Rüdiger,6322,Niklas Süle,Complete,18.317478,38.6,49.7,44.9,66.9
3857284,2022-11-23,Group Stage,Japan,1,36,35,Germany,6322,Niklas Süle,3167,Antonio Rüdiger,Complete,18.122086,44.5,65.8,38.5,48.7
3857284,2022-11-23,Group Stage,Japan,1,36,42,Germany,3167,Antonio Rüdiger,6322,Niklas Süle,Complete,16.82409,44.0,47.8,44.9,64.6
3857284,2022-11-23,Group Stage,Japan,1,36,45,Germany,6322,Niklas Süle,5562,Thomas Müller,Complete,23.61292,50.3,66.9,71.4,56.3
3857284,2022-11-23,Group Stage,Japan,1,37,2,Germany,39565,Jamal Musiala,5579,Joshua Kimmich,Complete,18.582788,38.3,10.2,22.9,20.6
3857284,2022-11-23,Group Stage,Japan,1,37,6,Germany,5579,Joshua Kimmich,10287,İlkay Gündoğan,Complete,16.03122,21.7,21.0,32.1,8.8
3857284,2022-11-23,Group Stage,Japan,1,37,14,Germany,10287,İlkay Gündoğan,3167,Antonio Rüdiger,Complete,29.977491,38.6,8.1,26.9,35.7
3857284,2022-11-23,Group Stage,Japan,1,37,18,Germany,3167,Antonio Rüdiger,5579,Joshua Kimmich,Complete,15.667801,28.1,36.4,43.3,32.6
3857284,2022-11-23,Group Stage,Japan,1,37,20,Germany,5579,Joshua Kimmich,39565,Jamal Musiala,Complete,18.369812,44.5,33.4,60.1,23.7
3857284,2022-11-23,Group Stage,Japan,1,37,21,Germany,39565,Jamal Musiala,10287,İlkay Gündoğan,Complete,12.048652,60.1,23.7,48.7,19.8
3857284,2022-11-23,Group Stage,Japan,1,37,24,Germany,10287,İlkay Gündoğan,8400,Serge Gnabry,Complete,57.676685,54.8,21.0,83.2,71.2
3857284,2022-11-23,Group Stage,Japan,1,37,27,Germany,8400,Serge Gnabry,8966,Kai Havertz,Complete,14.993666,83.2,71.2,92.7,59.6
3857284,2022-11-23,Group Stage,Japan,1,37,29,Germany,8966,Kai Havertz,8400,Serge Gnabry,Complete,6.307139,92.9,58.6,87.2,61.3
3857284,2022-11-23,Group Stage,Japan,1,37,34,Germany,10287,İlkay Gündoğan,8966,Kai Havertz,Complete,33.719135,86.3,36.6,104.0,65.3
3857284,2022-11-23,Group Stage,Japan,1,37,37,Germany,8966,Kai Havertz,5562,Thomas Müller,Complete,9.104943,104.3,65.5,111.4,59.8
3857284,2022-11-23,Group Stage,Japan,1,37,40,Germany,5562,Thomas Müller,8400,Serge Gnabry,Incomplete,32.20466,110.9,65.4,104.2,33.9
3857284,2022-11-23,Group Stage,Japan,1,37,44,Germany,24118,Nico Schlotterbeck,39565,Jamal Musiala,Complete,12.742449,91.6,22.6,104.2,20.7
3857284,2022-11-23,Group Stage,Japan,1,37,51,Germany,5579,Joshua Kimmich,5562,Thomas Müller,Complete,13.536986,98.4,38.8,105.7,50.2
3857284,2022-11-23,Group Stage,Japan,1,37,53,Germany,5562,Thomas Müller,,,Incomplete,12.25765,105.9,50.4,111.1,39.3
3857284,2022-11-23,Group Stage,Japan,1,37,57,Germany,3167,Antonio Rüdiger,6322,Niklas Süle,Complete,15.417522,64.1,44.9,75.2,55.6
3857284,2022-11-23,Group Stage,Japan,1,37,59,Germany,6322,Niklas Süle,3167,Antonio Rüdiger,Complete,21.484879,74.9,56.0,56.1,45.6
3857284,2022-11-23,Group Stage,Japan,1,38,4,Germany,3167,Antonio Rüdiger,24118,Nico Schlotterbeck,Complete,27.501637,56.5,44.7,56.8,17.2
3857284,2022-11-23,Group Stage,Japan,1,38,10,Germany,24118,Nico Schlotterbeck,5579,Joshua Kimmich,Complete,18.657438,75.2,8.5,69.3,26.2
3857284,2022-11-23,Group Stage,Japan,1,38,13,Germany,5579,Joshua Kimmich,6322,Niklas Süle,Complete,22.726416,65.8,34.5,69.0,57.0
3857284,2022-11-23,Group Stage,Japan,1,38,15,Germany,6322,Niklas Süle,5562,Thomas Müller,Complete,23.551857,68.6,57.7,85.6,74.0
3857284,2022-11-23,Group Stage,Japan,1,38,17,Germany,5562,Thomas Müller,8400,Serge Gnabry,Complete,7.9699435,85.6,74.0,88.0,66.4
3857284,2022-11-23,Group Stage,Japan,1,38,18,Germany,8400,Serge Gnabry,5562,Thomas Müller,Complete,3.640055,88.0,66.4,85.1,68.6
3857284,2022-11-23,Group Stage,Japan,1,38,18,Germany,5562,Thomas Müller,8966,Kai Havertz,Incomplete,19.296114,85.1,68.6,99.8,56.1
3857284,2022-11-23,Group Stage,Japan,1,38,25,Germany,6322,Niklas Süle,3167,Antonio Rüdiger,Complete,23.892467,68.6,60.3,56.0,40.0
3857284,2022-11-23,Group Stage,Japan,1,38,27,Germany,3167,Antonio Rüdiger,24118,Nico Schlotterbeck,Complete,31.052214,56.0,39.5,69.0,11.3
3857284,2022-11-23,Group Stage,Japan,1,38,32,Germany,24118,Nico Schlotterbeck,12034,David Raum,Complete,8.348653,82.5,8.5,87.2,1.6
3857284,2022-11-23,Group Stage,Japan,1,38,35,Germany,12034,David Raum,5579,Joshua Kimmich,Complete,18.146349,81.3,3.0,66.5,13.5
3857284,2022-11-23,Group Stage,Japan,1,38,41,Germany,5579,Joshua Kimmich,8966,Kai Havertz,Complete,32.88419,70.0,33.1,92.9,56.7
3857284,2022-11-23,Group Stage,Japan,1,38,51,Germany,8966,Kai Havertz,24118,Nico Schlotterbeck,Complete,44.80904,57.2,71.7,56.3,26.9
3857284,2022-11-23,Group Stage,Japan,1,38,55,Germany,24118,Nico Schlotterbeck,12034,David Raum,Complete,23.436083,62.7,23.7,75.7,4.2
3857284,2022-11-23,Group Stage,Japan,1,38,57,Germany,12034,David Raum,39565,Jamal Musiala,Complete,11.588356,75.9,2.6,81.4,12.8
3857284,2022-11-23,Group Stage,Japan,1,39,1,Germany,39565,Jamal Musiala,10287,İlkay Gündoğan,Complete,11.661903,80.7,18.9,74.7,28.9
3857284,2022-11-23,Group Stage,Japan,1,39,3,Germany,10287,İlkay Gündoğan,5579,Joshua Kimmich,Incomplete,18.578482,74.9,28.9,92.9,24.3
3857284,2022-11-23,Group Stage,Japan,1,39,54,Germany,3167,Antonio Rüdiger,6322,Niklas Süle,Complete,29.802685,32.6,46.1,50.8,69.7
3857284,2022-11-23,Group Stage,Japan,1,39,57,Germany,6322,Niklas Süle,3167,Antonio Rüdiger,Complete,24.956161,51.3,66.7,38.8,45.1
3857284,2022-11-23,Group Stage,Japan,1,40,0,Germany,3167,Antonio Rüdiger,24118,Nico Schlotterbeck,Complete,27.46962,39.9,39.3,50.6,14.0
3857284,2022-11-23,Group Stage,Japan,1,40,3,Germany,24118,Nico Schlotterbeck,12034,David Raum,Complete,24.987396,56.8,8.7,80.9,2.1
3857284,2022-11-23,Group Stage,Japan,1,40,6,Germany,12034,David Raum,24118,Nico Schlotterbeck,Complete,18.232115,80.2,2.1,62.2,5.0
3857284,2022-11-23,Group Stage,Japan,1,40,10,Germany,24118,Nico Schlotterbeck,3167,Antonio Rüdiger,Complete,21.966566,63.2,6.1,50.9,24.3
3857284,2022-11-23,Group Stage,Japan,1,40,13,Germany,3167,Antonio Rüdiger,6322,Niklas Süle,Complete,28.117788,52.3,29.1,51.3,57.2
3857284,2022-11-23,Group Stage,Japan,1,40,18,Germany,6322,Niklas Süle,8400,Serge Gnabry,Complete,24.70081,66.2,58.2,84.4,74.9
3857284,2022-11-23,Group Stage,Japan,1,40,22,Germany,8400,Serge Gnabry,5579,Joshua Kimmich,Complete,13.333041,92.2,73.6,86.6,61.5
3857284,2022-11-23,Group Stage,Japan,1,40,24,Germany,5579,Joshua Kimmich,8400,Serge Gnabry,Complete,4.726521,87.0,65.5,87.5,70.2
3857284,2022-11-23,Group Stage,Japan,1,40,25,Germany,8400,Serge Gnabry,6322,Niklas Süle,Complete,11.261438,87.3,70.9,76.2,69.0
3857284,2022-11-23,Group Stage,Japan,1,40,27,Germany,6322,Niklas Süle,8400,Serge Gnabry,Complete,7.170077,80.1,72.6,81.1,65.5
3857284,2022-11-23,Group Stage,Japan,1,40,28,Germany,8400,Serge Gnabry,10287,İlkay Gündoğan,Complete,22.090721,74.9,61.9,76.9,39.9
3857284,2022-11-23,Group Stage,Japan,1,40,31,Germany,10287,İlkay Gündoğan,39565,Jamal Musiala,Complete,8.409518,77.3,37.9,84.9,34.3
3857284,2022-11-23,Group Stage,Japan,1,40,34,Germany,39565,Jamal Musiala,5562,Thomas Müller,Complete,7.1217976,89.2,36.7,94.8,41.1
3857284,2022-11-23,Group Stage,Japan,1,40,34,Germany,5562,Thomas Müller,10287,İlkay Gündoğan,Complete,10.089599,94.8,41.1,87.0,34.7
3857284,2022-11-23,Group Stage,Japan,1,40,56,Germany,24118,Nico Schlotterbeck,10287,İlkay Gündoğan,Complete,12.56702,63.8,9.9,75.0,15.6
3857284,2022-11-23,Group Stage,Japan,1,40,58,Germany,10287,İlkay Gündoğan,39565,Jamal Musiala,Complete,12.349089,75.0,15.8,86.5,11.3
3857284,2022-11-23,Group Stage,Japan,1,41,0,Germany,39565,Jamal Musiala,12034,David Raum,Complete,12.722421,92.9,9.5,104.8,14.0
3857284,2022-11-23,Group Stage,Japan,1,41,1,Germany,12034,David Raum,39565,Jamal Musiala,Complete,7.0007143,104.8,14.0,99.8,18.9
3857284,2022-11-23,Group Stage,Japan,1,41,3,Germany,39565,Jamal Musiala,5562,Thomas Müller,Complete,16.992058,105.0,23.2,100.2,39.5
3857284,2022-11-23,Group Stage,Japan,1,41,4,Germany,5562,Thomas Müller,5579,Joshua Kimmich,Complete,4.1868844,100.2,39.5,97.0,42.2
3857284,2022-11-23,Group Stage,Japan,1,41,40,Germany,24118,Nico Schlotterbeck,39565,Jamal Musiala,Complete,30.674093,48.2,10.7,74.9,25.8
3857284,2022-11-23,Group Stage,Japan,1,41,56,Germany,10287,İlkay Gündoğan,39565,Jamal Musiala,Complete,13.555811,74.7,25.3,87.3,20.3
3857284,2022-11-23,Group Stage,Japan,1,41,58,Germany,39565,Jamal Musiala,12034,David Raum,Complete,19.195051,93.2,18.9,111.4,12.8
3857284,2022-11-23,Group Stage,Japan,1,42,0,Germany,12034,David Raum,5562,Thomas Müller,Incomplete,28.514208,110.6,12.1,111.5,40.6
3857284,2022-11-23,Group Stage,Japan,1,42,30,Germany,8400,Serge Gnabry,10287,İlkay Gündoğan,Complete,25.684626,93.2,80.0,83.3,56.3
3857284,2022-11-23,Group Stage,Japan,1,42,33,Germany,10287,İlkay Gündoğan,6322,Niklas Süle,Complete,17.54537,86.5,55.3,74.5,68.1
3857284,2022-11-23,Group Stage,Japan,1,42,34,Germany,6322,Niklas Süle,3167,Antonio Rüdiger,Complete,17.84657,74.5,68.1,57.0,71.6
3857284,2022-11-23,Group Stage,Japan,1,42,36,Germany,3167,Antonio Rüdiger,,,Incomplete,60.020412,56.5,70.9,116.4,74.7
3857284,2022-11-23,Group Stage,Japan,1,42,49,Germany,8400,Serge Gnabry,6322,Niklas Süle,Complete,19.07092,96.5,80.0,78.8,72.9
3857284,2022-11-23,Group Stage,Japan,1,42,54,Germany,6322,Niklas Süle,5579,Joshua Kimmich,Complete,6.166036,81.8,72.1,80.9,66.0
3857284,2022-11-23,Group Stage,Japan,1,42,56,Germany,5579,Joshua Kimmich,8400,Serge Gnabry,Complete,16.619267,80.4,65.3,93.2,75.9
3857284,2022-11-23,Group Stage,Japan,1,42,58,Germany,8400,Serge Gnabry,6322,Niklas Süle,Complete,6.6007576,93.2,76.2,86.6,76.1
3857284,2022-11-23,Group Stage,Japan,1,42,59,Germany,6322,Niklas Süle,5579,Joshua Kimmich,Complete,15.843295,86.6,76.8,71.6,71.7
3857284,2022-11-23,Group Stage,Japan,1,43,3,Germany,5579,Joshua Kimmich,39565,Jamal Musiala,Complete,43.026154,70.4,62.9,112.1,52.3
3857284,2022-11-23,Group Stage,Japan,1,43,9,Germany,39565,Jamal Musiala,8400,Serge Gnabry,Complete,9.986491,117.7,66.0,109.5,71.7
3857284,2022-11-23,Group Stage,Japan,1,43,10,Germany,8400,Serge Gnabry,12034,David Raum,Complete,42.10962,109.5,71.7,110.4,29.6
3857284,2022-11-23,Group Stage,Japan,1,43,12,Germany,12034,David Raum,,,Incomplete,16.504848,110.4,29.6,110.0,46.1
3857284,2022-11-23,Group Stage,Japan,1,43,15,Germany,8400,Serge Gnabry,39565,Jamal Musiala,Complete,7.2346387,109.5,55.1,104.0,50.4
3857284,2022-11-23,Group Stage,Japan,1,43,17,Germany,39565,Jamal Musiala,12034,David Raum,Complete,47.20604,100.2,48.7,117.3,4.7
3857284,2022-11-23,Group Stage,Japan,1,43,25,Germany,12034,David Raum,5562,Thomas Müller,Complete,7.2346387,105.7,2.3,101.0,7.8
3857284,2022-11-23,Group Stage,Japan,1,43,26,Germany,5562,Thomas Müller,12034,David Raum,Complete,6.6573267,101.2,6.6,104.8,1.0
3857284,2022-11-23,Group Stage,Japan,1,43,26,Germany,12034,David Raum,10287,İlkay Gündoğan,Complete,17.54822,104.8,1.0,87.3,2.3
3857284,2022-11-23,Group Stage,Japan,1,43,31,Germany,10287,İlkay Gündoğan,3167,Antonio Rüdiger,Complete,29.33428,80.7,3.3,69.0,30.2
3857284,2022-11-23,Group Stage,Japan,1,43,34,Germany,3167,Antonio Rüdiger,5579,Joshua Kimmich,Complete,14.886235,66.9,36.9,79.7,29.3
3857284,2022-11-23,Group Stage,Japan,1,43,37,Germany,5579,Joshua Kimmich,10287,İlkay Gündoğan,Complete,16.201235,80.7,28.2,80.9,12.0
3857284,2022-11-23,Group Stage,Japan,1,43,38,Germany,10287,İlkay Gündoğan,5562,Thomas Müller,Complete,11.279184,80.9,12.0,91.8,14.9
3857284,2022-11-23,Group Stage,Japan,1,43,39,Germany,5562,Thomas Müller,10287,İlkay Gündoğan,Complete,12.599206,91.8,14.9,82.5,6.4
3857284,2022-11-23,Group Stage,Japan,1,43,41,Germany,10287,İlkay Gündoğan,24118,Nico Schlotterbeck,Complete,11.45513,80.9,3.3,72.8,11.4
3857284,2022-11-23,Group Stage,Japan,1,43,43,Germany,24118,Nico Schlotterbeck,5579,Joshua Kimmich,Complete,6.440497,73.8,11.4,77.6,16.6
3857284,2022-11-23,Group Stage,Japan,1,43,44,Germany,5579,Joshua Kimmich,3167,Antonio Rüdiger,Complete,24.1456,77.6,16.6,58.6,31.5
3857284,2022-11-23,Group Stage,Japan,1,43,49,Germany,3167,Antonio Rüdiger,6322,Niklas Süle,Complete,17.700283,63.2,34.8,63.1,52.5
3857284,2022-11-23,Group Stage,Japan,1,43,51,Germany,6322,Niklas Süle,5579,Joshua Kimmich,Complete,10.3445635,63.2,49.7,68.3,40.7
3857284,2022-11-23,Group Stage,Japan,1,43,52,Germany,5579,Joshua Kimmich,8966,Kai Havertz,Complete,18.65315,67.9,40.5,76.6,57.0
3857284,2022-11-23,Group Stage,Japan,1,43,54,Germany,8966,Kai Havertz,6322,Niklas Süle,Complete,21.827734,75.7,56.5,53.9,55.4
3857284,2022-11-23,Group Stage,Japan,1,43,57,Germany,6322,Niklas Süle,8400,Serge Gnabry,Complete,14.803378,56.1,60.3,62.6,73.6
3857284,2022-11-23,Group Stage,Japan,1,44,1,Germany,8400,Serge Gnabry,5579,Joshua Kimmich,Complete,18.835339,55.8,74.9,39.2,66.0
3857284,2022-11-23,Group Stage,Japan,1,44,4,Germany,5579,Joshua Kimmich,5570,Manuel Neuer,Complete,26.506792,32.1,62.9,9.0,49.9
3857284,2022-11-23,Group Stage,Japan,1,44,6,Germany,5570,Manuel Neuer,24118,Nico Schlotterbeck,Complete,36.840874,9.0,49.9,26.9,17.7
3857284,2022-11-23,Group Stage,Japan,1,44,16,Germany,24118,Nico Schlotterbeck,10287,İlkay Gündoğan,Complete,16.440195,76.6,10.7,73.8,26.9
3857284,2022-11-23,Group Stage,Japan,1,44,20,Germany,10287,İlkay Gündoğan,5562,Thomas Müller,Complete,21.51116,82.8,20.8,92.5,40.0
3857284,2022-11-23,Group Stage,Japan,1,44,22,Germany,5562,Thomas Müller,6322,Niklas Süle,Complete,18.374166,92.4,39.3,74.9,44.9
3857284,2022-11-23,Group Stage,Japan,1,44,25,Germany,6322,Niklas Süle,5579,Joshua Kimmich,Complete,8.720092,82.1,43.8,89.1,38.6
3857284,2022-11-23,Group Stage,Japan,1,44,26,Germany,5579,Joshua Kimmich,39565,Jamal Musiala,Complete,9.732934,88.7,39.9,98.4,40.7
3857284,2022-11-23,Group Stage,Japan,1,46,5,Germany,24118,Nico Schlotterbeck,10287,İlkay Gündoğan,Complete,13.559499,39.2,4.0,45.7,15.9
3857284,2022-11-23,Group Stage,Japan,1,46,9,Germany,10287,İlkay Gündoğan,8400,Serge Gnabry,Complete,21.749483,47.8,20.1,56.8,39.9
3857284,2022-11-23,Group Stage,Japan,1,46,10,Germany,8400,Serge Gnabry,5579,Joshua Kimmich,Complete,10.965857,56.8,40.4,67.6,38.5
3857284,2022-11-23,Group Stage,Japan,1,46,11,Germany,5579,Joshua Kimmich,8400,Serge Gnabry,Complete,4.6647615,67.6,38.5,65.2,34.5
3857284,2022-11-23,Group Stage,Japan,1,46,12,Germany,8400,Serge Gnabry,8966,Kai Havertz,Complete,16.36704,65.7,34.8,74.5,21.0
3857284,2022-11-23,Group Stage,Japan,1,46,14,Germany,8966,Kai Havertz,39565,Jamal Musiala,Complete,12.624183,80.4,21.1,92.5,17.5
3857284,2022-11-23,Group Stage,Japan,1,46,18,Germany,39565,Jamal Musiala,8400,Serge Gnabry,Complete,13.352154,106.7,26.2,93.9,30.0
3857284,2022-11-23,Group Stage,Japan,1,46,24,Germany,8400,Serge Gnabry,12034,David Raum,Complete,13.069813,105.0,16.5,102.9,3.6
3857284,2022-11-23,Group Stage,Japan,1,46,27,Germany,12034,David Raum,39565,Jamal Musiala,Complete,16.924833,101.7,3.3,98.4,19.9
3857284,2022-11-23,Group Stage,Japan,1,46,29,Germany,39565,Jamal Musiala,5562,Thomas Müller,Complete,25.604883,98.1,23.4,98.6,49.0
3857284,2022-11-23,Group Stage,Japan,1,46,30,Germany,5562,Thomas Müller,6322,Niklas Süle,Complete,12.088011,98.6,49.0,87.0,45.6
3857284,2022-11-23,Group Stage,Japan,1,46,36,Germany,6322,Niklas Süle,5562,Thomas Müller,Complete,8.832327,104.7,56.7,112.3,61.2
3857284,2022-11-23,Group Stage,Japan,1,46,37,Germany,5562,Thomas Müller,5579,Joshua Kimmich,Complete,17.656727,112.3,61.2,109.3,43.8
3857284,2022-11-23,Group Stage,Japan,1,46,41,Germany,10287,İlkay Gündoğan,6322,Niklas Süle,Complete,11.1400175,87.0,38.6,91.7,48.7
3857284,2022-11-23,Group Stage,Japan,1,46,42,Germany,6322,Niklas Süle,10287,İlkay Gündoğan,Complete,10.519031,91.7,49.7,86.6,40.5
3857284,2022-11-23,Group Stage,Japan,1,46,44,Germany,10287,İlkay Gündoğan,8400,Serge Gnabry,Complete,22.770596,86.5,39.5,79.0,18.0
3857284,2022-11-23,Group Stage,Japan,1,46,49,Germany,8400,Serge Gnabry,10287,İlkay Gündoğan,Complete,5.9093146,80.4,17.7,75.0,20.1
3857284,2022-11-23,Group Stage,Japan,1,46,50,Germany,10287,İlkay Gündoğan,8400,Serge Gnabry,Complete,8.980535,75.0,20.1,81.3,13.7
3857284,2022-11-23,Group Stage,Japan,1,46,53,Germany,8400,Serge Gnabry,39565,Jamal Musiala,Complete,12.184006,87.0,17.0,98.4,21.3
3857284,2022-11-23,Group Stage,Japan,1,47,16,Germany,6322,Niklas Süle,3167,Antonio Rüdiger,Complete,20.6693,52.2,80.0,33.1,72.1
3857284,2022-11-23,Group Stage,Japan,1,47,23,Germany,3167,Antonio Rüdiger,10287,İlkay Gündoğan,Complete,16.783623,33.3,59.3,44.5,46.8
3857284,2022-11-23,Group Stage,Japan,1,47,24,Germany,10287,İlkay Gündoğan,3167,Antonio Rüdiger,Complete,12.447088,44.5,46.8,36.7,56.5
3857284,2022-11-23,Group Stage,Japan,1,47,27,Germany,3167,Antonio Rüdiger,6322,Niklas Süle,Complete,11.331814,36.7,58.0,41.2,68.4
3857284,2022-11-23,Group Stage,Japan,1,47,29,Germany,6322,Niklas Süle,3167,Antonio Rüdiger,Complete,14.90302,40.6,67.7,31.9,55.6
3857284,2022-11-23,Group Stage,Japan,1,47,31,Germany,3167,Antonio Rüdiger,5570,Manuel Neuer,Complete,20.023237,28.3,53.4,12.5,41.1
3857284,2022-11-23,Group Stage,Japan,1,47,34,Germany,5570,Manuel Neuer,3167,Antonio Rüdiger,Complete,16.630093,14.4,39.7,15.4,56.3
3857284,2022-11-23,Group Stage,Japan,1,47,38,Germany,3167,Antonio Rüdiger,5570,Manuel Neuer,Complete,18.65315,14.9,56.5,6.2,40.0
3857284,2022-11-23,Group Stage,Japan,1,47,42,Germany,5570,Manuel Neuer,24118,Nico Schlotterbeck,Complete,32.784447,12.1,41.6,27.2,12.5
3857284,2022-11-23,Group Stage,Japan,1,47,45,Germany,24118,Nico Schlotterbeck,5570,Manuel Neuer,Complete,23.471899,26.9,12.7,11.6,30.5
3857284,2022-11-23,Group Stage,Japan,1,47,48,Germany,5570,Manuel Neuer,3167,Antonio Rüdiger,Complete,21.231344,12.5,32.6,19.9,52.5
3857284,2022-11-23,Group Stage,Japan,1,47,52,Germany,3167,Antonio Rüdiger,5579,Joshua Kimmich,Complete,17.541094,20.8,52.3,38.3,53.5
3857284,2022-11-23,Group Stage,Japan,1,47,55,Germany,5579,Joshua Kimmich,6322,Niklas Süle,Complete,16.292637,37.6,57.0,32.9,72.6
3857284,2022-11-23,Group Stage,Japan,1,47,57,Germany,6322,Niklas Süle,3167,Antonio Rüdiger,Complete,21.396496,33.1,71.2,19.6,54.6
3857284,2022-11-23,Group Stage,Japan,1,48,0,Germany,3167,Antonio Rüdiger,5570,Manuel Neuer,Complete,21.520456,19.4,53.9,6.6,36.6
3857284,2022-11-23,Group Stage,Japan,1,48,11,Germany,5570,Manuel Neuer,5579,Joshua Kimmich,Complete,15.733404,10.2,37.3,25.7,40.0
3857284,2022-11-23,Group Stage,Japan,1,48,13,Germany,5579,Joshua Kimmich,3167,Antonio Rüdiger,Complete,26.66102,19.8,40.9,13.9,66.9
3857284,2022-11-23,Group Stage,Japan,1,48,16,Germany,3167,Antonio Rüdiger,39565,Jamal Musiala,Complete,43.1978,15.4,70.5,57.2,59.6
3857284,2022-11-23,Group Stage,Japan,1,48,18,Germany,39565,Jamal Musiala,8400,Serge Gnabry,Complete,15.044268,56.1,60.5,53.4,45.7
3857284,2022-11-23,Group Stage,Japan,1,48,26,Germany,8400,Serge Gnabry,39565,Jamal Musiala,Complete,15.815183,90.8,33.3,94.4,48.7
3857284,2022-11-23,Group Stage,Japan,1,48,28,Germany,39565,Jamal Musiala,5562,Thomas Müller,Complete,16.101242,104.7,46.6,117.7,56.1
3857284,2022-11-23,Group Stage,Japan,1,48,30,Germany,5562,Thomas Müller,,,Incomplete,25.224789,117.7,56.1,106.7,33.4
3857284,2022-11-23,Group Stage,Japan,1,50,14,Germany,3167,Antonio Rüdiger,5562,Thomas Müller,Incomplete,13.689412,26.2,44.0,39.6,46.8
3857284,2022-11-23,Group Stage,Japan,2,45,23,Germany,6322,Niklas Süle,8966,Kai Havertz,Complete,17.46339,21.2,80.0,38.1,75.6
3857284,2022-11-23,Group Stage,Japan,2,45,24,Germany,8966,Kai Havertz,,,Incomplete,7.3824115,38.1,75.6,44.6,72.1
3857284,2022-11-23,Group Stage,Japan,2,45,27,Germany,8400,Serge Gnabry,,,Incomplete,2.3537204,39.5,67.5,40.0,65.2
3857284,2022-11-23,Group Stage,Japan,2,45,28,Germany,10287,İlkay Gündoğan,39565,Jamal Musiala,Complete,6.1983867,38.7,63.5,44.6,65.4
3857284,2022-11-23,Group Stage,Japan,2,45,29,Germany,39565,Jamal Musiala,8400,Serge Gnabry,Complete,5.59017,44.6,66.2,42.1,71.2
3857284,2022-11-23,Group Stage,Japan,2,45,30,Germany,8400,Serge Gnabry,5562,Thomas Müller,Incomplete,7.5927596,44.8,72.9,52.2,74.6
3857284,2022-11-23,Group Stage,Japan,2,45,36,Germany,5562,Thomas Müller,8400,Serge Gnabry,Complete,13.132022,68.9,80.0,56.6,75.4
3857284,2022-11-23,Group Stage,Japan,2,45,38,Germany,8400,Serge Gnabry,3167,Antonio Rüdiger,Complete,25.03158,51.4,74.8,33.7,57.1
3857284,2022-11-23,Group Stage,Japan,2,45,42,Germany,3167,Antonio Rüdiger,24118,Nico Schlotterbeck,Complete,30.326555,33.9,50.8,44.8,22.5
3857284,2022-11-23,Group Stage,Japan,2,45,45,Germany,24118,Nico Schlotterbeck,12034,David Raum,Complete,18.776848,44.8,18.1,57.2,4.0
3857284,2022-11-23,Group Stage,Japan,2,45,46,Germany,12034,David Raum,24118,Nico Schlotterbeck,Complete,20.032475,57.2,4.0,37.3,6.3
3857284,2022-11-23,Group Stage,Japan,2,45,49,Germany,24118,Nico Schlotterbeck,39565,Jamal Musiala,Complete,31.035786,36.4,7.1,62.3,24.2
3857284,2022-11-23,Group Stage,Japan,2,46,7,Germany,10287,İlkay Gündoğan,3167,Antonio Rüdiger,Complete,21.554117,63.9,24.2,51.6,41.9
3857284,2022-11-23,Group Stage,Japan,2,46,11,Germany,3167,Antonio Rüdiger,6322,Niklas Süle,Complete,16.476044,53.3,44.1,49.8,60.2
3857284,2022-11-23,Group Stage,Japan,2,46,13,Germany,6322,Niklas Süle,5570,Manuel Neuer,Complete,32.206367,42.9,61.7,14.4,46.7
3857284,2022-11-23,Group Stage,Japan,2,46,18,Germany,5570,Manuel Neuer,,,Incomplete,48.60504,14.6,49.1,53.9,77.7
3857284,2022-11-23,Group Stage,Japan,2,46,23,Germany,6322,Niklas Süle,5562,Thomas Müller,Complete,10.609901,32.7,75.4,43.1,73.3
3857284,2022-11-23,Group Stage,Japan,2,46,24,Germany,5562,Thomas Müller,5579,Joshua Kimmich,Incomplete,1.7,44.1,72.5,43.3,71.0
3857284,2022-11-23,Group Stage,Japan,2,46,32,Germany,5562,Thomas Müller,8400,Serge Gnabry,Complete,20.89713,87.0,50.2,106.0,58.9
3857284,2022-11-23,Group Stage,Japan,2,47,15,Germany,24118,Nico Schlotterbeck,5562,Thomas Müller,Complete,15.12878,74.1,17.7,87.9,23.9
3857284,2022-11-23,Group Stage,Japan,2,47,43,Germany,6322,Niklas Süle,5562,Thomas Müller,Complete,6.574192,86.8,80.0,92.7,77.1
3857284,2022-11-23,Group Stage,Japan,2,47,44,Germany,5562,Thomas Müller,6322,Niklas Süle,Complete,6.328507,92.7,77.1,86.4,77.7
3857284,2022-11-23,Group Stage,Japan,2,47,46,Germany,6322,Niklas Süle,,,Incomplete,9.013878,91.2,74.3,98.1,68.5
3857284,2022-11-23,Group Stage,Japan,2,48,14,Germany,24118,Nico Schlotterbeck,12034,David Raum,Complete,7.2249565,40.2,9.8,45.0,4.4
3857284,2022-11-23,Group Stage,Japan,2,48,15,Germany,12034,David Raum,24118,Nico Schlotterbeck,Complete,12.714166,45.0,4.4,32.3,5.0
3857284,2022-11-23,Group Stage,Japan,2,48,23,Germany,24118,Nico Schlotterbeck,3167,Antonio Rüdiger,Complete,23.067293,27.3,3.7,21.4,26.0
3857284,2022-11-23,Group Stage,Japan,2,48,25,Germany,3167,Antonio Rüdiger,5579,Joshua Kimmich,Complete,9.802041,21.8,26.4,31.6,26.2
3857284,2022-11-23,Group Stage,Japan,2,48,26,Germany,5579,Joshua Kimmich,6322,Niklas Süle,Complete,41.77667,30.8,28.5,35.6,70.0
3857284,2022-11-23,Group Stage,Japan,2,48,31,Germany,6322,Niklas Süle,8400,Serge Gnabry,Complete,23.825407,38.5,74.8,62.3,73.7
3857284,2022-11-23,Group Stage,Japan,2,48,32,Germany,8400,Serge Gnabry,5562,Thomas Müller,Complete,13.263861,63.3,74.3,52.5,66.6
3857284,2022-11-23,Group Stage,Japan,2,48,34,Germany,5562,Thomas Müller,10287,İlkay Gündoğan,Complete,21.232523,53.7,65.2,64.8,47.1
3857284,2022-11-23,Group Stage,Japan,2,48,37,Germany,10287,İlkay Gündoğan,39565,Jamal Musiala,Incomplete,6.328507,65.0,47.1,68.3,41.7
3857284,2022-11-23,Group Stage,Japan,2,48,43,Germany,5562,Thomas Müller,5579,Joshua Kimmich,Complete,8.485281,75.4,57.9,67.0,59.1
3857284,2022-11-23,Group Stage,Japan,2,48,47,Germany,5579,Joshua Kimmich,24118,Nico Schlotterbeck,Complete,27.684834,63.1,55.0,50.4,30.4
3857284,2022-11-23,Group Stage,Japan,2,48,50,Germany,24118,Nico Schlotterbeck,12034,David Raum,Complete,16.728718,50.6,29.2,55.8,13.3
3857284,2022-11-23,Group Stage,Japan,2,48,53,Germany,12034,David Raum,24118,Nico Schlotterbeck,Complete,16.933104,51.6,13.8,38.9,25.0
3857284,2022-11-23,Group Stage,Japan,2,48,54,Germany,24118,Nico Schlotterbeck,3167,Antonio Rüdiger,Complete,23.385466,38.9,23.9,33.7,46.7
3857284,2022-11-23,Group Stage,Japan,2,48,56,Germany,3167,Antonio Rüdiger,5570,Manuel Neuer,Complete,24.437675,33.3,47.1,9.1,43.7
3857284,2022-11-23,Group Stage,Japan,2,49,0,Germany,5570,Manuel Neuer,5562,Thomas Müller,Complete,48.23028,9.8,39.0,50.8,64.4
3857284,2022-11-23,Group Stage,Japan,2,49,2,Germany,5562,Thomas Müller,6322,Niklas Süle,Complete,19.40773,51.0,67.1,33.1,74.6
3857284,2022-11-23,Group Stage,Japan,2,49,5,Germany,6322,Niklas Süle,3167,Antonio Rüdiger,Complete,17.72597,27.0,73.9,16.0,60.0
3857284,2022-11-23,Group Stage,Japan,2,49,8,Germany,3167,Antonio Rüdiger,10287,İlkay Gündoğan,Complete,16.555965,16.0,60.0,27.3,47.9
3857284,2022-11-23,Group Stage,Japan,2,49,10,Germany,10287,İlkay Gündoğan,5570,Manuel Neuer,Complete,23.672981,27.3,47.9,4.4,41.9
3857284,2022-11-23,Group Stage,Japan,2,49,11,Germany,5570,Manuel Neuer,24118,Nico Schlotterbeck,Complete,16.70479,4.4,41.9,14.1,28.3
3857284,2022-11-23,Group Stage,Japan,2,49,14,Germany,24118,Nico Schlotterbeck,12034,David Raum,Complete,19.924858,15.2,25.2,21.2,6.2
3857284,2022-11-23,Group Stage,Japan,2,49,17,Germany,12034,David Raum,39565,Jamal Musiala,Complete,14.709181,21.0,6.7,35.4,3.7
3857284,2022-11-23,Group Stage,Japan,2,50,21,Germany,8400,Serge Gnabry,12034,David Raum,Complete,16.064869,38.9,40.4,44.1,25.2
3857284,2022-11-23,Group Stage,Japan,2,50,24,Germany,12034,David Raum,8966,Kai Havertz,Incomplete,56.889015,50.0,16.5,100.6,42.5
3857284,2022-11-23,Group Stage,Japan,2,50,33,Germany,10287,İlkay Gündoğan,39565,Jamal Musiala,Complete,16.901184,92.5,49.8,92.7,32.9
3857284,2022-11-23,Group Stage,Japan,2,50,35,Germany,39565,Jamal Musiala,12034,David Raum,Complete,24.42335,92.9,29.8,105.2,8.7
3857284,2022-11-23,Group Stage,Japan,2,50,39,Germany,12034,David Raum,39565,Jamal Musiala,Complete,17.711578,106.0,7.5,100.1,24.2
3857284,2022-11-23,Group Stage,Japan,2,51,17,Germany,3167,Antonio Rüdiger,5579,Joshua Kimmich,Complete,12.656223,52.0,23.9,63.3,29.6
3857284,2022-11-23,Group Stage,Japan,2,51,23,Germany,5579,Joshua Kimmich,39565,Jamal Musiala,Complete,12.126417,80.6,14.4,88.5,5.2
3857284,2022-11-23,Group Stage,Japan,2,51,25,Germany,39565,Jamal Musiala,8966,Kai Havertz,Incomplete,12.340584,88.7,5.0,98.5,12.5
3857284,2022-11-23,Group Stage,Japan,2,52,41,Germany,6322,Niklas Süle,10287,İlkay Gündoğan,Complete,5.420332,75.0,80.0,79.7,77.3
3857284,2022-11-23,Group Stage,Japan,2,53,23,Germany,5570,Manuel Neuer,6322,Niklas Süle,Complete,33.130802,7.0,44.1,20.4,74.4
3857284,2022-11-23,Group Stage,Japan,2,53,24,Germany,6322,Niklas Süle,3167,Antonio Rüdiger,Complete,19.902262,20.6,75.0,8.9,58.9
3857284,2022-11-23,Group Stage,Japan,2,53,26,Germany,3167,Antonio Rüdiger,5570,Manuel Neuer,Complete,18.721645,9.4,59.1,3.3,41.4
3857284,2022-11-23,Group Stage,Japan,2,53,29,Germany,5570,Manuel Neuer,,,Incomplete,57.93272,8.7,34.6,58.5,5.0
3857284,2022-11-23,Group Stage,Japan,2,54,32,Germany,6322,Niklas Süle,5579,Joshua Kimmich,Complete,10.575916,26.4,61.6,34.5,54.8
3857284,2022-11-23,Group Stage,Japan,2,54,34,Germany,5579,Joshua Kimmich,24118,Nico Schlotterbeck,Complete,35.679966,34.5,54.1,25.4,19.6
3857284,2022-11-23,Group Stage,Japan,2,54,37,Germany,24118,Nico Schlotterbeck,12034,David Raum,Complete,15.530937,25.4,19.6,32.9,6.0
3857284,2022-11-23,Group Stage,Japan,2,54,43,Germany,39565,Jamal Musiala,10287,İlkay Gündoğan,Complete,17.009703,34.5,13.8,40.8,29.6
3857284,2022-11-23,Group Stage,Japan,2,54,45,Germany,10287,İlkay Gündoğan,12034,David Raum,Complete,38.164383,42.7,33.7,74.3,12.3
3857284,2022-11-23,Group Stage,Japan,2,54,49,Germany,12034,David Raum,8966,Kai Havertz,Pass Offside,24.951353,86.8,19.8,110.4,27.9
3857284,2022-11-23,Group Stage,Japan,2,55,29,Germany,39565,Jamal Musiala,3167,Antonio Rüdiger,Complete,40.74899,91.8,10.2,57.0,31.4
3857284,2022-11-23,Group Stage,Japan,2,55,35,Germany,3167,Antonio Rüdiger,5570,Manuel Neuer,Complete,33.35416,53.7,42.9,20.4,41.0
3857284,2022-11-23,Group Stage,Japan,2,55,40,Germany,5570,Manuel Neuer,3167,Antonio Rüdiger,Complete,17.20029,23.9,42.5,27.1,59.4
3857284,2022-11-23,Group Stage,Japan,2,55,45,Germany,3167,Antonio Rüdiger,5570,Manuel Neuer,Complete,25.564428,26.8,59.4,14.3,37.1
3857284,2022-11-23,Group Stage,Japan,2,55,47,Germany,5570,Manuel Neuer,24118,Nico Schlotterbeck,Complete,23.688395,14.4,37.1,23.9,15.4
3857284,2022-11-23,Group Stage,Japan,2,55,50,Germany,24118,Nico Schlotterbeck,5570,Manuel Neuer,Complete,15.980614,21.8,16.3,12.1,29.0
3857284,2022-11-23,Group Stage,Japan,2,55,53,Germany,5570,Manuel Neuer,,,Unknown,38.67622,14.4,25.2,51.2,13.3
3857284,2022-11-23,Group Stage,Japan,2,56,50,Germany,10287,İlkay Gündoğan,24118,Nico Schlotterbeck,Complete,13.645879,52.2,13.7,40.8,21.2
3857284,2022-11-23,Group Stage,Japan,2,56,51,Germany,24118,Nico Schlotterbeck,12034,David Raum,Complete,17.20029,40.8,21.2,53.5,9.6
3857284,2022-11-23,Group Stage,Japan,2,56,55,Germany,12034,David Raum,10287,İlkay Gündoğan,Complete,10.007997,56.0,8.1,56.4,18.1
3857284,2022-11-23,Group Stage,Japan,2,56,56,Germany,10287,İlkay Gündoğan,5562,Thomas Müller,Incomplete,17.816004,58.1,17.1,75.2,22.1
3857284,2022-11-23,Group Stage,Japan,2,57,28,Germany,5570,Manuel Neuer,24118,Nico Schlotterbeck,Complete,10.937093,7.0,36.1,7.9,25.2
3857284,2022-11-23,Group Stage,Japan,2,57,32,Germany,24118,Nico Schlotterbeck,5570,Manuel Neuer,Complete,11.807201,8.7,23.5,3.3,34.0
3857284,2022-11-23,Group Stage,Japan,2,57,33,Germany,5570,Manuel Neuer,,,Incomplete,39.80264,4.1,34.2,39.6,16.2
3857284,2022-11-23,Group Stage,Japan,2,57,55,Germany,24118,Nico Schlotterbeck,3167,Antonio Rüdiger,Complete,31.45314,26.6,21.4,23.5,52.7
3857284,2022-11-23,Group Stage,Japan,2,58,0,Germany,3167,Antonio Rüdiger,10287,İlkay Gündoğan,Complete,16.072958,26.6,56.6,33.1,41.9
3857284,2022-11-23,Group Stage,Japan,2,58,1,Germany,10287,İlkay Gündoğan,3167,Antonio Rüdiger,Complete,13.72953,33.1,42.7,27.0,55.0
3857284,2022-11-23,Group Stage,Japan,2,58,3,Germany,3167,Antonio Rüdiger,5579,Joshua Kimmich,Complete,13.413426,27.0,55.0,39.6,50.4
3857284,2022-11-23,Group Stage,Japan,2,58,10,Germany,5579,Joshua Kimmich,24118,Nico Schlotterbeck,Complete,14.945233,27.1,45.8,23.1,31.4
3857284,2022-11-23,Group Stage,Japan,2,58,12,Germany,24118,Nico Schlotterbeck,10287,İlkay Gündoğan,Complete,13.106106,22.9,30.4,34.5,36.5
3857284,2022-11-23,Group Stage,Japan,2,58,13,Germany,10287,İlkay Gündoğan,5579,Joshua Kimmich,Complete,8.881441,34.5,36.5,33.3,27.7
3857284,2022-11-23,Group Stage,Japan,2,58,14,Germany,5579,Joshua Kimmich,12034,David Raum,Complete,18.374166,33.3,24.0,27.7,6.5
3857284,2022-11-23,Group Stage,Japan,2,58,16,Germany,12034,David Raum,24118,Nico Schlotterbeck,Complete,19.511278,26.8,7.3,20.6,25.8
3857284,2022-11-23,Group Stage,Japan,2,58,18,Germany,24118,Nico Schlotterbeck,5570,Manuel Neuer,Complete,21.554117,20.4,26.2,8.1,43.9
3857284,2022-11-23,Group Stage,Japan,2,58,21,Germany,5570,Manuel Neuer,6322,Niklas Süle,Complete,38.736286,7.9,44.8,27.0,78.5
3857284,2022-11-23,Group Stage,Japan,2,58,26,Germany,6322,Niklas Süle,8966,Kai Havertz,Incomplete,39.07787,21.4,78.9,51.6,54.1
3857284,2022-11-23,Group Stage,Japan,2,58,34,Germany,10287,İlkay Gündoğan,5579,Joshua Kimmich,Complete,9.604687,41.8,57.9,42.1,48.3
3857284,2022-11-23,Group Stage,Japan,2,58,34,Germany,5579,Joshua Kimmich,5562,Thomas Müller,Complete,14.047064,42.1,48.3,54.5,41.7
3857284,2022-11-23,Group Stage,Japan,2,58,36,Germany,5562,Thomas Müller,39565,Jamal Musiala,Complete,53.488876,55.6,39.2,94.7,2.7
3857284,2022-11-23,Group Stage,Japan,2,58,48,Germany,39565,Jamal Musiala,12034,David Raum,Complete,12.074767,98.3,19.6,103.7,8.8
3857284,2022-11-23,Group Stage,Japan,2,58,50,Germany,12034,David Raum,,,Incomplete,25.927784,104.7,8.5,110.8,33.7
3857284,2022-11-23,Group Stage,Japan,2,58,57,Germany,12034,David Raum,5579,Joshua Kimmich,Complete,8.523497,93.1,7.9,85.8,12.3
3857284,2022-11-23,Group Stage,Japan,2,59,1,Germany,5579,Joshua Kimmich,10287,İlkay Gündoğan,Complete,13.5624485,74.3,20.8,81.8,32.1
3857284,2022-11-23,Group Stage,Japan,2,59,2,Germany,10287,İlkay Gündoğan,24118,Nico Schlotterbeck,Complete,10.29563,81.8,32.1,80.4,21.9
3857284,2022-11-23,Group Stage,Japan,2,59,4,Germany,24118,Nico Schlotterbeck,12034,David Raum,Complete,18.146349,80.4,21.9,85.2,4.4
3857284,2022-11-23,Group Stage,Japan,2,59,8,Germany,12034,David Raum,8966,Kai Havertz,Complete,17.715813,82.5,5.6,91.6,20.8
3857284,2022-11-23,Group Stage,Japan,2,59,9,Germany,8966,Kai Havertz,39565,Jamal Musiala,Complete,3.1622777,91.8,21.9,90.8,18.9
3857284,2022-11-23,Group Stage,Japan,2,59,11,Germany,39565,Jamal Musiala,10287,İlkay Gündoğan,Complete,7.569016,92.9,29.6,94.9,36.9
3857284,2022-11-23,Group Stage,Japan,2,59,50,Germany,39565,Jamal Musiala,10287,İlkay Gündoğan,Complete,21.653868,91.0,17.1,82.7,37.1
3857284,2022-11-23,Group Stage,Japan,2,59,53,Germany,10287,İlkay Gündoğan,8400,Serge Gnabry,Complete,31.016125,82.4,37.5,106.6,56.9
3857284,2022-11-23,Group Stage,Japan,2,59,55,Germany,8400,Serge Gnabry,8966,Kai Havertz,Incomplete,14.615403,113.5,58.1,116.0,43.7
3857284,2022-11-23,Group Stage,Japan,2,60,47,Germany,5570,Manuel Neuer,5579,Joshua Kimmich,Complete,9.585927,7.0,44.1,16.0,40.8
3857284,2022-11-23,Group Stage,Japan,2,60,52,Germany,5579,Joshua Kimmich,39565,Jamal Musiala,Incomplete,26.978695,15.0,32.5,38.3,18.9
3857284,2022-11-23,Group Stage,Japan,2,61,0,Germany,24118,Nico Schlotterbeck,39565,Jamal Musiala,Complete,12.280066,10.2,25.8,22.0,29.2
3857284,2022-11-23,Group Stage,Japan,2,61,2,Germany,39565,Jamal Musiala,10287,İlkay Gündoğan,Complete,13.182564,22.0,29.2,32.7,36.9
3857284,2022-11-23,Group Stage,Japan,2,61,6,Germany,10287,İlkay Gündoğan,5562,Thomas Müller,Complete,16.201235,57.2,25.0,57.0,8.8
3857284,2022-11-23,Group Stage,Japan,2,61,9,Germany,5562,Thomas Müller,12034,David Raum,Complete,18.022764,56.4,7.5,38.5,9.6
3857284,2022-11-23,Group Stage,Japan,2,61,11,Germany,12034,David Raum,5579,Joshua Kimmich,Complete,9.518929,38.7,9.2,38.1,18.7
3857284,2022-11-23,Group Stage,Japan,2,61,13,Germany,5579,Joshua Kimmich,24118,Nico Schlotterbeck,Complete,9.470481,37.9,17.5,29.1,21.0
3857284,2022-11-23,Group Stage,Japan,2,61,14,Germany,24118,Nico Schlotterbeck,5570,Manuel Neuer,Complete,23.405342,27.5,21.7,11.0,38.3
3857284,2022-11-23,Group Stage,Japan,2,61,19,Germany,5570,Manuel Neuer,24118,Nico Schlotterbeck,Complete,17.936834,14.3,38.7,22.0,22.5
3857284,2022-11-23,Group Stage,Japan,2,61,22,Germany,24118,Nico Schlotterbeck,3167,Antonio Rüdiger,Complete,31.041264,22.0,22.7,20.4,53.7
3857284,2022-11-23,Group Stage,Japan,2,61,27,Germany,3167,Antonio Rüdiger,5579,Joshua Kimmich,Complete,13.6565,20.8,54.4,27.5,42.5
3857284,2022-11-23,Group Stage,Japan,2,61,29,Germany,5579,Joshua Kimmich,5562,Thomas Müller,Complete,19.77726,27.5,42.3,47.0,39.0
3857284,2022-11-23,Group Stage,Japan,2,61,33,Germany,5562,Thomas Müller,39565,Jamal Musiala,Complete,21.411446,51.8,36.7,63.7,18.9
3857284,2022-11-23,Group Stage,Japan,2,61,57,Germany,5579,Joshua Kimmich,3167,Antonio Rüdiger,Complete,21.15325,64.3,26.9,54.8,45.8
3857284,2022-11-23,Group Stage,Japan,2,62,1,Germany,3167,Antonio Rüdiger,10287,İlkay Gündoğan,Complete,16.672132,54.5,45.8,57.5,29.4
3857284,2022-11-23,Group Stage,Japan,2,62,3,Germany,10287,İlkay Gündoğan,39565,Jamal Musiala,Complete,19.642046,55.6,28.5,74.1,21.9
3857284,2022-11-23,Group Stage,Japan,2,62,7,Germany,39565,Jamal Musiala,3167,Antonio Rüdiger,Complete,14.384019,67.0,39.0,53.1,42.7
3857284,2022-11-23,Group Stage,Japan,2,62,9,Germany,3167,Antonio Rüdiger,10287,İlkay Gündoğan,Complete,15.402922,52.9,42.3,56.4,27.3
3857284,2022-11-23,Group Stage,Japan,2,62,18,Germany,10287,İlkay Gündoğan,3167,Antonio Rüdiger,Complete,19.932386,63.3,27.1,56.4,45.8
3857284,2022-11-23,Group Stage,Japan,2,62,22,Germany,3167,Antonio Rüdiger,10287,İlkay Gündoğan,Complete,9.231468,56.2,46.7,63.3,40.8
3857284,2022-11-23,Group Stage,Japan,2,62,23,Germany,10287,İlkay Gündoğan,5579,Joshua Kimmich,Complete,5.507268,63.3,40.6,68.1,43.3
3857284,2022-11-23,Group Stage,Japan,2,62,23,Germany,5579,Joshua Kimmich,24118,Nico Schlotterbeck,Complete,32.790546,68.1,43.3,51.2,15.2
3857284,2022-11-23,Group Stage,Japan,2,62,29,Germany,24118,Nico Schlotterbeck,8966,Kai Havertz,Pass Offside,27.987318,64.3,13.3,92.0,17.3
3857284,2022-11-23,Group Stage,Japan,2,63,12,Germany,3167,Antonio Rüdiger,5579,Joshua Kimmich,Complete,2.9,56.4,54.6,58.5,56.6
3857284,2022-11-23,Group Stage,Japan,2,63,14,Germany,5579,Joshua Kimmich,,,Incomplete,2.1213202,57.9,56.7,56.4,55.2
3857284,2022-11-23,Group Stage,Japan,2,63,22,Germany,5579,Joshua Kimmich,8400,Serge Gnabry,Complete,37.452503,56.2,54.8,85.2,78.5
3857284,2022-11-23,Group Stage,Japan,2,63,24,Germany,8400,Serge Gnabry,8966,Kai Havertz,Incomplete,2.184033,86.6,78.5,86.0,76.4
3857284,2022-11-23,Group Stage,Japan,2,64,4,Germany,5570,Manuel Neuer,24118,Nico Schlotterbeck,Complete,13.075168,7.0,36.1,5.6,23.1
3857284,2022-11-23,Group Stage,Japan,2,64,5,Germany,24118,Nico Schlotterbeck,12034,David Raum,Complete,15.4402075,5.8,22.7,10.2,7.9
3857284,2022-11-23,Group Stage,Japan,2,64,8,Germany,12034,David Raum,,,Incomplete,30.518847,9.3,7.3,39.5,11.7
3857284,2022-11-23,Group Stage,Japan,2,64,31,Germany,24118,Nico Schlotterbeck,6322,Niklas Süle,Complete,62.39527,13.9,10.0,25.0,71.4
3857284,2022-11-23,Group Stage,Japan,2,64,34,Germany,6322,Niklas Süle,3167,Antonio Rüdiger,Complete,11.720068,14.3,71.0,7.3,61.6
3857284,2022-11-23,Group Stage,Japan,2,64,36,Germany,3167,Antonio Rüdiger,8400,Serge Gnabry,Complete,31.409712,8.5,68.1,38.9,76.0
3857284,2022-11-23,Group Stage,Japan,2,64,38,Germany,8400,Serge Gnabry,8966,Kai Havertz,Complete,18.216751,39.3,76.0,56.2,69.2
3857284,2022-11-23,Group Stage,Japan,2,64,40,Germany,8966,Kai Havertz,8400,Serge Gnabry,Out,10.46948,56.2,70.0,59.3,80.0
3857284,2022-11-23,Group Stage,Japan,2,68,31,Germany,5570,Manuel Neuer,6322,Niklas Süle,Complete,27.13098,11.8,47.2,29.8,67.5
3857284,2022-11-23,Group Stage,Japan,2,68,37,Germany,6322,Niklas Süle,8804,Jonas Hofmann,Complete,9.873196,42.6,69.0,52.4,67.8
3857284,2022-11-23,Group Stage,Japan,2,68,38,Germany,8804,Jonas Hofmann,3167,Antonio Rüdiger,Complete,23.041267,52.4,67.8,31.5,58.1
3857284,2022-11-23,Group Stage,Japan,2,68,40,Germany,3167,Antonio Rüdiger,5579,Joshua Kimmich,Complete,11.535164,31.5,57.1,43.0,56.2
3857284,2022-11-23,Group Stage,Japan,2,68,41,Germany,5579,Joshua Kimmich,24118,Nico Schlotterbeck,Complete,24.213219,41.1,52.6,40.3,28.4
3857284,2022-11-23,Group Stage,Japan,2,68,47,Germany,24118,Nico Schlotterbeck,3167,Antonio Rüdiger,Complete,27.821035,45.4,28.8,33.4,53.9
3857284,2022-11-23,Group Stage,Japan,2,68,50,Germany,3167,Antonio Rüdiger,6322,Niklas Süle,Complete,16.717056,31.3,58.1,35.8,74.2
3857284,2022-11-23,Group Stage,Japan,2,68,53,Germany,6322,Niklas Süle,8804,Jonas Hofmann,Complete,15.158496,36.2,75.2,50.9,78.9
3857284,2022-11-23,Group Stage,Japan,2,68,54,Germany,8804,Jonas Hofmann,6322,Niklas Süle,Complete,9.802041,45.6,78.2,35.8,78.0
3857284,2022-11-23,Group Stage,Japan,2,68,56,Germany,6322,Niklas Süle,6324,Leon Goretzka,Complete,18.1,35.8,78.0,53.9,78.0
3857284,2022-11-23,Group Stage,Japan,2,69,0,Germany,6324,Leon Goretzka,5579,Joshua Kimmich,Complete,11.136427,51.8,77.4,46.7,67.5
3857284,2022-11-23,Group Stage,Japan,2,69,0,Germany,5579,Joshua Kimmich,39565,Jamal Musiala,Complete,20.242529,47.1,68.6,63.1,56.2
3857284,2022-11-23,Group Stage,Japan,2,69,3,Germany,39565,Jamal Musiala,,,Incomplete,9.261749,63.1,56.9,70.4,62.6
3857284,2022-11-23,Group Stage,Japan,2,69,13,Germany,12034,David Raum,,,Incomplete,23.759209,59.1,21.3,82.6,24.8
3857284,2022-11-23,Group Stage,Japan,2,69,24,Germany,6324,Leon Goretzka,,,Incomplete,33.928455,34.3,13.6,67.6,20.1
3857284,2022-11-23,Group Stage,Japan,2,69,31,Germany,3167,Antonio Rüdiger,24118,Nico Schlotterbeck,Complete,22.022715,36.0,37.6,37.0,15.6
3857284,2022-11-23,Group Stage,Japan,2,69,33,Germany,24118,Nico Schlotterbeck,8966,Kai Havertz,Complete,32.518917,38.8,13.9,70.6,20.7
3857284,2022-11-23,Group Stage,Japan,2,69,36,Germany,8966,Kai Havertz,8400,Serge Gnabry,Complete,11.890332,75.1,16.6,78.8,5.3
3857284,2022-11-23,Group Stage,Japan,2,69,39,Germany,8400,Serge Gnabry,39565,Jamal Musiala,Complete,13.209845,81.5,13.9,88.0,25.4
3857284,2022-11-23,Group Stage,Japan,2,69,42,Germany,39565,Jamal Musiala,5579,Joshua Kimmich,Complete,11.21606,93.1,38.2,93.7,49.4
3857284,2022-11-23,Group Stage,Japan,2,69,43,Germany,5579,Joshua Kimmich,8400,Serge Gnabry,Complete,18.601076,93.7,49.4,111.5,44.0
3857284,2022-11-23,Group Stage,Japan,2,69,45,Germany,8400,Serge Gnabry,8804,Jonas Hofmann,Complete,4.5177426,111.5,44.0,111.1,48.5
3857284,2022-11-23,Group Stage,Japan,2,69,50,Germany,8804,Jonas Hofmann,8400,Serge Gnabry,Complete,4.879549,108.5,58.3,105.1,61.8
3857284,2022-11-23,Group Stage,Japan,2,69,58,Germany,39565,Jamal Musiala,12034,David Raum,Complete,21.510231,95.7,19.2,117.0,16.2
3857284,2022-11-23,Group Stage,Japan,2,70,1,Germany,12034,David Raum,8400,Serge Gnabry,Complete,27.718765,117.0,16.2,112.2,43.5
3857284,2022-11-23,Group Stage,Japan,2,70,57,Germany,5579,Joshua Kimmich,,,Incomplete,44.42083,120.0,80.0,113.9,36.0
3857284,2022-11-23,Group Stage,Japan,2,71,19,Germany,12034,David Raum,6324,Leon Goretzka,Complete,13.943099,106.4,0.1,99.3,12.1
3857284,2022-11-23,Group Stage,Japan,2,71,21,Germany,6324,Leon Goretzka,12034,David Raum,Complete,10.448445,99.3,12.1,105.9,4.0
3857284,2022-11-23,Group Stage,Japan,2,71,22,Germany,12034,David Raum,24118,Nico Schlotterbeck,Complete,28.914011,105.7,4.0,76.8,4.9
3857284,2022-11-23,Group Stage,Japan,2,71,25,Germany,24118,Nico Schlotterbeck,3167,Antonio Rüdiger,Complete,26.673769,76.0,5.3,57.8,24.8
3857284,2022-11-23,Group Stage,Japan,2,71,27,Germany,3167,Antonio Rüdiger,5570,Manuel Neuer,Complete,37.747715,57.6,24.8,25.1,44.0
3857284,2022-11-23,Group Stage,Japan,2,71,31,Germany,5570,Manuel Neuer,39565,Jamal Musiala,Incomplete,56.35548,29.8,48.5,78.3,19.8
3857284,2022-11-23,Group Stage,Japan,2,71,36,Germany,12034,David Raum,39565,Jamal Musiala,Complete,11.200446,64.6,17.7,74.3,12.1
3857284,2022-11-23,Group Stage,Japan,2,71,41,Germany,8400,Serge Gnabry,8966,Kai Havertz,Incomplete,5.813777,81.5,16.6,87.3,16.2
3857284,2022-11-23,Group Stage,Japan,2,71,45,Germany,39565,Jamal Musiala,8966,Kai Havertz,Incomplete,3.026549,86.5,16.9,89.5,17.3
3857284,2022-11-23,Group Stage,Japan,2,71,52,Germany,8400,Serge Gnabry,5579,Joshua Kimmich,Complete,9.642096,68.9,24.3,69.8,14.7
3857284,2022-11-23,Group Stage,Japan,2,73,12,Germany,5570,Manuel Neuer,24118,Nico Schlotterbeck,Complete,18.278402,7.0,36.1,22.1,25.8
3857284,2022-11-23,Group Stage,Japan,2,73,16,Germany,24118,Nico Schlotterbeck,5570,Manuel Neuer,Complete,20.885641,25.7,27.3,8.2,38.7
3857284,2022-11-23,Group Stage,Japan,2,73,21,Germany,5570,Manuel Neuer,6322,Niklas Süle,Complete,37.242985,11.6,43.8,26.8,77.8
3857284,2022-11-23,Group Stage,Japan,2,73,25,Germany,6322,Niklas Süle,8804,Jonas Hofmann,Complete,12.003333,28.5,77.8,40.3,80.0
3857284,2022-11-23,Group Stage,Japan,2,73,26,Germany,8804,Jonas Hofmann,6324,Leon Goretzka,Complete,10.20784,39.2,78.0,39.6,67.8
3857284,2022-11-23,Group Stage,Japan,2,73,27,Germany,6324,Leon Goretzka,8966,Kai Havertz,Complete,12.606348,39.2,68.2,51.8,67.8
3857284,2022-11-23,Group Stage,Japan,2,73,29,Germany,8966,Kai Havertz,5579,Joshua Kimmich,Complete,13.508515,51.2,65.4,45.4,53.2
3857284,2022-11-23,Group Stage,Japan,2,73,30,Germany,5579,Joshua Kimmich,8804,Jonas Hofmann,Incomplete,63.288307,45.4,53.2,104.4,76.1
3857284,2022-11-23,Group Stage,Japan,2,76,13,Germany,6324,Leon Goretzka,6322,Niklas Süle,Complete,37.363617,61.0,40.1,39.0,70.3
3857284,2022-11-23,Group Stage,Japan,2,76,18,Germany,6322,Niklas Süle,8804,Jonas Hofmann,Complete,15.559563,49.5,74.4,64.2,79.5
3857284,2022-11-23,Group Stage,Japan,2,76,20,Germany,8804,Jonas Hofmann,6322,Niklas Süle,Complete,19.293781,63.1,78.9,43.9,77.0
3857284,2022-11-23,Group Stage,Japan,2,76,22,Germany,6322,Niklas Süle,5570,Manuel Neuer,Complete,38.11312,42.0,74.8,15.0,47.9
3857284,2022-11-23,Group Stage,Japan,2,76,24,Germany,5570,Manuel Neuer,3167,Antonio Rüdiger,Complete,10.440307,15.0,47.9,23.4,54.1
3857284,2022-11-23,Group Stage,Japan,2,76,27,Germany,3167,Antonio Rüdiger,6324,Leon Goretzka,Complete,20.280039,25.9,53.4,38.1,37.2
3857284,2022-11-23,Group Stage,Japan,2,76,31,Germany,6324,Leon Goretzka,12034,David Raum,Complete,30.001667,46.0,27.5,64.9,4.2
3857284,2022-11-23,Group Stage,Japan,2,76,35,Germany,12034,David Raum,24118,Nico Schlotterbeck,Complete,14.38089,57.6,7.9,46.0,16.4
3857284,2022-11-23,Group Stage,Japan,2,76,38,Germany,24118,Nico Schlotterbeck,3167,Antonio Rüdiger,Complete,26.726765,49.2,19.8,51.8,46.4
3857284,2022-11-23,Group Stage,Japan,2,76,43,Germany,3167,Antonio Rüdiger,6322,Niklas Süle,Complete,18.186808,50.1,53.0,52.7,71.0
3857284,2022-11-23,Group Stage,Japan,2,76,47,Germany,6322,Niklas Süle,3167,Antonio Rüdiger,Complete,16.979988,51.4,62.2,39.0,50.6
3857284,2022-11-23,Group Stage,Japan,2,76,50,Germany,3167,Antonio Rüdiger,5579,Joshua Kimmich,Complete,7.0092797,38.8,48.9,43.5,54.1
3857284,2022-11-23,Group Stage,Japan,2,76,51,Germany,5579,Joshua Kimmich,3167,Antonio Rüdiger,Complete,10.978616,43.5,54.1,35.3,46.8
3857284,2022-11-23,Group Stage,Japan,2,76,53,Germany,3167,Antonio Rüdiger,24118,Nico Schlotterbeck,Complete,29.813587,34.7,42.7,37.3,13.0
3857284,2022-11-23,Group Stage,Japan,2,76,56,Germany,24118,Nico Schlotterbeck,12034,David Raum,Complete,15.69777,38.1,11.3,52.2,4.4
3857284,2022-11-23,Group Stage,Japan,2,76,59,Germany,12034,David Raum,8966,Kai Havertz,Complete,24.71113,62.1,3.6,81.1,19.4
3857284,2022-11-23,Group Stage,Japan,2,77,2,Germany,8966,Kai Havertz,8400,Serge Gnabry,Complete,3.905125,88.8,7.2,85.8,4.7
3857284,2022-11-23,Group Stage,Japan,2,77,4,Germany,8400,Serge Gnabry,5579,Joshua Kimmich,Complete,13.44061,87.1,24.8,83.0,37.6
3857284,2022-11-23,Group Stage,Japan,2,77,6,Germany,5579,Joshua Kimmich,8804,Jonas Hofmann,Complete,17.59659,86.2,44.2,95.4,59.2
3857284,2022-11-23,Group Stage,Japan,2,78,23,Germany,5570,Manuel Neuer,5579,Joshua Kimmich,Complete,23.570532,7.0,44.1,24.4,28.2
3857284,2022-11-23,Group Stage,Japan,2,78,27,Germany,5579,Joshua Kimmich,6322,Niklas Süle,Complete,30.613232,43.0,42.5,43.9,73.1
3857284,2022-11-23,Group Stage,Japan,2,78,31,Germany,6322,Niklas Süle,3167,Antonio Rüdiger,Complete,21.196697,51.2,71.6,43.9,51.7
3857284,2022-11-23,Group Stage,Japan,2,78,34,Germany,3167,Antonio Rüdiger,24118,Nico Schlotterbeck,Complete,21.953815,43.7,48.3,48.6,26.9
3857284,2022-11-23,Group Stage,Japan,2,78,39,Germany,24118,Nico Schlotterbeck,3167,Antonio Rüdiger,Complete,26.096935,55.4,23.9,49.0,49.2
3857284,2022-11-23,Group Stage,Japan,2,78,42,Germany,3167,Antonio Rüdiger,6322,Niklas Süle,Complete,22.903494,53.1,45.7,53.5,68.6
3857284,2022-11-23,Group Stage,Japan,2,78,44,Germany,6322,Niklas Süle,5579,Joshua Kimmich,Complete,22.652372,53.1,70.5,62.3,49.8
3857284,2022-11-23,Group Stage,Japan,2,78,46,Germany,5579,Joshua Kimmich,3167,Antonio Rüdiger,Complete,15.028307,57.6,53.2,43.2,48.9
3857284,2022-11-23,Group Stage,Japan,2,78,50,Germany,3167,Antonio Rüdiger,5579,Joshua Kimmich,Complete,10.977249,42.6,45.3,46.9,55.4
3857284,2022-11-23,Group Stage,Japan,2,78,53,Germany,5579,Joshua Kimmich,3167,Antonio Rüdiger,Complete,18.298906,47.3,57.9,45.4,39.7
3857284,2022-11-23,Group Stage,Japan,2,78,56,Germany,3167,Antonio Rüdiger,5579,Joshua Kimmich,Complete,12.119819,45.4,37.8,57.4,39.5
3857284,2022-11-23,Group Stage,Japan,2,78,57,Germany,5579,Joshua Kimmich,24118,Nico Schlotterbeck,Incomplete,23.31373,57.4,39.5,58.2,16.2
3857284,2022-11-23,Group Stage,Japan,2,79,3,Germany,12034,David Raum,8400,Serge Gnabry,Complete,7.9511003,72.1,5.1,80.0,4.2
3857284,2022-11-23,Group Stage,Japan,2,79,4,Germany,8400,Serge Gnabry,12034,David Raum,Complete,9.035485,80.0,4.2,79.2,13.2
3857284,2022-11-23,Group Stage,Japan,2,79,6,Germany,8227,Mario Götze,8400,Serge Gnabry,Complete,15.50387,88.6,20.1,97.2,7.2
3857284,2022-11-23,Group Stage,Japan,2,79,8,Germany,8400,Serge Gnabry,,,Incomplete,28.287807,104.6,6.4,110.8,34.0
3857284,2022-11-23,Group Stage,Japan,2,79,44,Germany,5579,Joshua Kimmich,3167,Antonio Rüdiger,Complete,39.556793,120.0,0.1,115.5,39.4
3857284,2022-11-23,Group Stage,Japan,2,80,34,Germany,5570,Manuel Neuer,5579,Joshua Kimmich,Complete,19.362076,11.0,32.3,30.2,34.8
3857284,2022-11-23,Group Stage,Japan,2,80,39,Germany,5579,Joshua Kimmich,6324,Leon Goretzka,Complete,14.26359,31.7,34.8,42.6,25.6
3857284,2022-11-23,Group Stage,Japan,2,80,45,Germany,6324,Leon Goretzka,12034,David Raum,Complete,16.044003,64.6,18.8,69.1,3.4
3857284,2022-11-23,Group Stage,Japan,2,80,47,Germany,12034,David Raum,24118,Nico Schlotterbeck,Complete,22.022943,68.3,4.4,50.9,17.9
3857284,2022-11-23,Group Stage,Japan,2,80,50,Germany,24118,Nico Schlotterbeck,3167,Antonio Rüdiger,Complete,24.352823,50.7,21.6,54.2,45.7
3857284,2022-11-23,Group Stage,Japan,2,80,54,Germany,3167,Antonio Rüdiger,6322,Niklas Süle,Complete,18.906612,56.7,53.6,57.2,72.5
3857284,2022-11-23,Group Stage,Japan,2,80,56,Germany,6322,Niklas Süle,8804,Jonas Hofmann,Complete,12.611503,57.2,73.5,68.5,79.1
3857284,2022-11-23,Group Stage,Japan,2,80,58,Germany,8804,Jonas Hofmann,6322,Niklas Süle,Complete,8.472308,63.6,79.1,65.3,70.8
3857284,2022-11-23,Group Stage,Japan,2,80,59,Germany,6322,Niklas Süle,8804,Jonas Hofmann,Complete,11.248555,67.8,71.6,76.0,79.3
3857284,2022-11-23,Group Stage,Japan,2,81,3,Germany,8804,Jonas Hofmann,6324,Leon Goretzka,Incomplete,4.0261645,99.9,78.5,98.9,74.6
3857284,2022-11-23,Group Stage,Japan,2,81,42,Germany,5579,Joshua Kimmich,,,Incomplete,30.958843,120.0,80.0,115.3,49.4
3857284,2022-11-23,Group Stage,Japan,2,81,48,Germany,6322,Niklas Süle,12034,David Raum,Complete,31.75689,78.1,42.7,67.4,12.8
3857284,2022-11-23,Group Stage,Japan,2,81,51,Germany,12034,David Raum,8227,Mario Götze,Complete,24.894377,67.4,12.8,91.2,5.5
3857284,2022-11-23,Group Stage,Japan,2,82,1,Germany,12034,David Raum,8400,Serge Gnabry,Complete,19.109423,104.0,0.1,96.1,17.5
3857284,2022-11-23,Group Stage,Japan,2,84,4,Germany,8227,Mario Götze,3167,Antonio Rüdiger,Complete,24.418026,61.0,40.1,39.2,51.1
3857284,2022-11-23,Group Stage,Japan,2,84,5,Germany,3167,Antonio Rüdiger,12034,David Raum,Complete,56.029724,38.8,51.1,85.0,19.4
3857284,2022-11-23,Group Stage,Japan,2,84,35,Germany,12034,David Raum,,,Incomplete,38.683975,86.5,17.7,113.4,45.5
3857284,2022-11-23,Group Stage,Japan,2,85,5,Germany,5579,Joshua Kimmich,,,Incomplete,40.89022,120.0,80.0,112.0,39.9
3857284,2022-11-23,Group Stage,Japan,2,85,10,Germany,8227,Mario Götze,,,Incomplete,3.1906111,105.3,38.5,107.0,41.2
3857284,2022-11-23,Group Stage,Japan,2,85,56,Germany,6322,Niklas Süle,24118,Nico Schlotterbeck,Complete,38.55386,67.6,80.0,48.0,46.8
3857284,2022-11-23,Group Stage,Japan,2,86,0,Germany,24118,Nico Schlotterbeck,8804,Jonas Hofmann,Incomplete,57.75093,68.3,22.4,111.7,60.5
3857284,2022-11-23,Group Stage,Japan,2,86,30,Germany,5579,Joshua Kimmich,8227,Mario Götze,Complete,13.176495,87.7,78.0,94.8,66.9
3857284,2022-11-23,Group Stage,Japan,2,86,32,Germany,8546,Niclas Füllkrug,8400,Serge Gnabry,Complete,13.060245,98.4,60.5,88.0,52.6
3857284,2022-11-23,Group Stage,Japan,2,86,33,Germany,8400,Serge Gnabry,12034,David Raum,Complete,13.669309,88.4,52.4,81.5,40.6
3857284,2022-11-23,Group Stage,Japan,2,86,36,Germany,12034,David Raum,24118,Nico Schlotterbeck,Complete,13.2,79.6,35.2,66.4,35.2
3857284,2022-11-23,Group Stage,Japan,2,86,41,Germany,24118,Nico Schlotterbeck,6324,Leon Goretzka,Complete,14.308739,76.0,33.8,75.5,48.1
3857284,2022-11-23,Group Stage,Japan,2,86,43,Germany,6324,Leon Goretzka,6322,Niklas Süle,Complete,20.774023,75.5,54.1,83.9,73.1
3857284,2022-11-23,Group Stage,Japan,2,86,49,Germany,6322,Niklas Süle,3167,Antonio Rüdiger,Complete,20.611889,88.2,74.0,74.5,58.6
3857284,2022-11-23,Group Stage,Japan,2,86,51,Germany,3167,Antonio Rüdiger,24118,Nico Schlotterbeck,Complete,19.46484,71.7,48.7,74.9,29.5
3857284,2022-11-23,Group Stage,Japan,2,86,55,Germany,24118,Nico Schlotterbeck,8546,Niclas Füllkrug,Complete,34.48159,82.8,28.2,105.1,54.5
3857284,2022-11-23,Group Stage,Japan,2,86,57,Germany,8546,Niclas Füllkrug,,,Incomplete,10.834205,105.3,54.9,107.0,44.2
3857284,2022-11-23,Group Stage,Japan,2,87,2,Germany,12034,David Raum,,,Incomplete,10.748954,87.5,18.1,95.2,10.6
3857284,2022-11-23,Group Stage,Japan,2,87,32,Germany,12034,David Raum,,,Incomplete,20.130821,54.2,0.1,49.2,19.6
3857284,2022-11-23,Group Stage,Japan,2,87,50,Germany,5570,Manuel Neuer,12034,David Raum,Complete,37.873737,14.6,35.7,34.7,3.6
3857284,2022-11-23,Group Stage,Japan,2,88,6,Germany,12034,David Raum,24118,Nico Schlotterbeck,Complete,15.146287,21.0,6.6,23.1,21.6
3857284,2022-11-23,Group Stage,Japan,2,88,12,Germany,24118,Nico Schlotterbeck,8546,Niclas Füllkrug,Complete,63.345562,31.7,22.0,94.6,29.5
3857284,2022-11-23,Group Stage,Japan,2,88,19,Germany,5579,Joshua Kimmich,3167,Antonio Rüdiger,Complete,23.87572,64.4,37.0,41.8,44.7
3857284,2022-11-23,Group Stage,Japan,2,88,23,Germany,3167,Antonio Rüdiger,24118,Nico Schlotterbeck,Complete,22.643322,40.3,46.6,49.7,26.0
3857284,2022-11-23,Group Stage,Japan,2,88,26,Germany,24118,Nico Schlotterbeck,5579,Joshua Kimmich,Complete,17.756407,52.0,26.3,69.3,30.3
3857284,2022-11-23,Group Stage,Japan,2,88,31,Germany,5579,Joshua Kimmich,3167,Antonio Rüdiger,Complete,19.168985,70.6,27.5,67.4,46.4
3857284,2022-11-23,Group Stage,Japan,2,88,34,Germany,3167,Antonio Rüdiger,6322,Niklas Süle,Complete,31.328741,70.8,51.5,89.0,77.0
3857284,2022-11-23,Group Stage,Japan,2,88,37,Germany,6322,Niklas Süle,8804,Jonas Hofmann,Complete,11.229425,91.8,75.2,93.5,64.1
3857284,2022-11-23,Group Stage,Japan,2,88,39,Germany,8804,Jonas Hofmann,6322,Niklas Süle,Complete,8.149847,92.4,71.0,93.3,79.1
3857284,2022-11-23,Group Stage,Japan,2,88,42,Germany,6322,Niklas Süle,5579,Joshua Kimmich,Complete,20.074362,93.1,78.5,85.8,59.8
3857284,2022-11-23,Group Stage,Japan,2,88,45,Germany,5579,Joshua Kimmich,6322,Niklas Süle,Complete,13.746272,86.0,64.6,88.0,78.2
3857284,2022-11-23,Group Stage,Japan,2,88,46,Germany,6322,Niklas Süle,8804,Jonas Hofmann,Complete,11.906721,88.0,78.2,99.9,77.8
3857284,2022-11-23,Group Stage,Japan,2,88,48,Germany,8804,Jonas Hofmann,6322,Niklas Süle,Incomplete,4.876474,99.9,78.2,104.2,75.9
3857284,2022-11-23,Group Stage,Japan,2,89,10,Germany,8804,Jonas Hofmann,6322,Niklas Süle,Complete,8.448076,86.9,80.0,78.8,77.6
3857284,2022-11-23,Group Stage,Japan,2,89,11,Germany,6322,Niklas Süle,8804,Jonas Hofmann,Complete,12.515989,82.6,77.0,95.0,78.7
3857284,2022-11-23,Group Stage,Japan,2,89,12,Germany,8804,Jonas Hofmann,8227,Mario Götze,Complete,7.553807,95.0,78.7,95.9,71.2
3857284,2022-11-23,Group Stage,Japan,2,89,14,Germany,8227,Mario Götze,8546,Niclas Füllkrug,Complete,32.897568,99.7,73.1,106.9,41.0
3857284,2022-11-23,Group Stage,Japan,2,89,53,Germany,24118,Nico Schlotterbeck,3167,Antonio Rüdiger,Complete,26.165817,44.7,0.1,33.4,23.7
3857284,2022-11-23,Group Stage,Japan,2,89,56,Germany,3167,Antonio Rüdiger,6322,Niklas Süle,Complete,28.750652,34.9,26.5,40.5,54.7
3857284,2022-11-23,Group Stage,Japan,2,90,0,Germany,6322,Niklas Süle,3167,Antonio Rüdiger,Complete,16.74306,47.7,49.8,46.5,33.1
3857284,2022-11-23,Group Stage,Japan,2,90,4,Germany,3167,Antonio Rüdiger,24118,Nico Schlotterbeck,Complete,18.071247,50.5,31.8,56.9,14.9
3857284,2022-11-23,Group Stage,Japan,2,90,8,Germany,24118,Nico Schlotterbeck,,,Incomplete,52.86634,64.6,13.9,100.4,52.8
3857284,2022-11-23,Group Stage,Japan,2,90,14,Germany,6322,Niklas Süle,5579,Joshua Kimmich,Complete,11.401754,79.2,70.8,76.2,59.8
3857284,2022-11-23,Group Stage,Japan,2,90,18,Germany,5579,Joshua Kimmich,6322,Niklas Süle,Complete,9.617692,81.1,63.3,85.2,72.0
3857284,2022-11-23,Group Stage,Japan,2,90,21,Germany,6322,Niklas Süle,8804,Jonas Hofmann,Complete,7.359348,85.8,73.5,91.2,78.5
3857284,2022-11-23,Group Stage,Japan,2,90,23,Germany,8804,Jonas Hofmann,6322,Niklas Süle,Complete,8.15414,88.6,78.0,81.8,73.5
3857284,2022-11-23,Group Stage,Japan,2,90,24,Germany,6322,Niklas Süle,3167,Antonio Rüdiger,Complete,28.917124,81.1,72.0,65.9,47.4
3857284,2022-11-23,Group Stage,Japan,2,90,29,Germany,3167,Antonio Rüdiger,24118,Nico Schlotterbeck,Complete,25.969597,64.2,44.7,62.3,18.8
3857284,2022-11-23,Group Stage,Japan,2,90,34,Germany,24118,Nico Schlotterbeck,3167,Antonio Rüdiger,Complete,22.726416,65.5,23.9,53.5,43.2
3857284,2022-11-23,Group Stage,Japan,2,90,37,Germany,3167,Antonio Rüdiger,5579,Joshua Kimmich,Complete,8.472308,53.7,43.4,58.0,36.1
3857284,2022-11-23,Group Stage,Japan,2,90,42,Germany,5579,Joshua Kimmich,12034,David Raum,Complete,22.450167,77.5,24.3,87.5,4.2
3857284,2022-11-23,Group Stage,Japan,2,90,45,Germany,12034,David Raum,24118,Nico Schlotterbeck,Complete,24.725897,86.9,4.2,66.8,18.6
3857284,2022-11-23,Group Stage,Japan,2,90,48,Germany,24118,Nico Schlotterbeck,8804,Jonas Hofmann,Complete,20.426699,67.8,22.2,75.3,41.2
3857284,2022-11-23,Group Stage,Japan,2,90,50,Germany,8804,Jonas Hofmann,3167,Antonio Rüdiger,Complete,14.534442,74.9,41.9,62.7,49.8
3857284,2022-11-23,Group Stage,Japan,2,90,52,Germany,3167,Antonio Rüdiger,8804,Jonas Hofmann,Complete,12.108262,62.3,54.5,71.3,62.6
3857284,2022-11-23,Group Stage,Japan,2,90,54,Germany,8804,Jonas Hofmann,6322,Niklas Süle,Complete,17.938786,71.7,63.5,80.9,78.9
3857284,2022-11-23,Group Stage,Japan,2,90,58,Germany,6322,Niklas Süle,8804,Jonas Hofmann,Complete,8.338465,86.5,75.7,89.7,68.0
3857284,2022-11-23,Group Stage,Japan,2,91,3,Germany,8804,Jonas Hofmann,6322,Niklas Süle,Incomplete,4.3011627,96.9,78.2,100.4,75.7
3857284,2022-11-23,Group Stage,Japan,2,91,36,Germany,6322,Niklas Süle,5579,Joshua Kimmich,Complete,12.976903,93.1,80.0,81.3,74.6
3857284,2022-11-23,Group Stage,Japan,2,91,39,Germany,5579,Joshua Kimmich,3167,Antonio Rüdiger,Complete,16.009996,79.6,74.2,76.0,58.6
3857284,2022-11-23,Group Stage,Japan,2,91,41,Germany,3167,Antonio Rüdiger,24118,Nico Schlotterbeck,Complete,22.208107,75.8,51.5,76.4,29.3
3857284,2022-11-23,Group Stage,Japan,2,91,43,Germany,24118,Nico Schlotterbeck,12034,David Raum,Complete,20.833866,75.8,24.6,80.9,4.4
3857284,2022-11-23,Group Stage,Japan,2,91,46,Germany,12034,David Raum,24118,Nico Schlotterbeck,Complete,19.465353,75.5,7.0,57.8,15.1
3857284,2022-11-23,Group Stage,Japan,2,91,49,Germany,24118,Nico Schlotterbeck,3167,Antonio Rüdiger,Complete,23.093288,52.0,19.8,44.1,41.5
3857284,2022-11-23,Group Stage,Japan,2,91,55,Germany,3167,Antonio Rüdiger,5579,Joshua Kimmich,Complete,16.880758,48.0,46.4,52.0,62.8
3857284,2022-11-23,Group Stage,Japan,2,91,57,Germany,5579,Joshua Kimmich,6322,Niklas Süle,Complete,23.456556,51.8,65.8,72.3,77.2
3857284,2022-11-23,Group Stage,Japan,2,92,0,Germany,6322,Niklas Süle,5579,Joshua Kimmich,Complete,13.42386,66.1,77.6,53.9,72.0
3857284,2022-11-23,Group Stage,Japan,2,92,3,Germany,5579,Joshua Kimmich,3167,Antonio Rüdiger,Incomplete,20.75235,47.1,64.1,57.6,46.2
3857284,2022-11-23,Group Stage,Japan,2,92,21,Germany,38837,Youssoufa Moukoko,24118,Nico Schlotterbeck,Complete,10.756393,31.9,27.1,24.0,34.4
3857284,2022-11-23,Group Stage,Japan,2,92,23,Germany,24118,Nico Schlotterbeck,8804,Jonas Hofmann,Complete,16.665234,24.0,34.4,29.3,50.2
3857284,2022-11-23,Group Stage,Japan,2,92,26,Germany,8804,Jonas Hofmann,6322,Niklas Süle,Complete,13.943458,39.0,56.2,37.9,70.1
3857284,2022-11-23,Group Stage,Japan,2,92,27,Germany,6322,Niklas Süle,5579,Joshua Kimmich,Complete,11.321661,39.2,71.4,34.5,61.1
3857284,2022-11-23,Group Stage,Japan,2,92,36,Germany,5579,Joshua Kimmich,8546,Niclas Füllkrug,Complete,48.196682,63.4,57.7,100.8,27.3
3857284,2022-11-23,Group Stage,Japan,2,92,39,Germany,8546,Niclas Füllkrug,38837,Youssoufa Moukoko,Complete,17.62328,100.8,27.3,111.1,13.0
3857284,2022-11-23,Group Stage,Japan,2,92,44,Germany,38837,Youssoufa Moukoko,8546,Niclas Füllkrug,Complete,24.8129,112.1,12.8,111.3,37.6
3857284,2022-11-23,Group Stage,Japan,2,93,15,Germany,24118,Nico Schlotterbeck,3167,Antonio Rüdiger,Complete,37.105255,70.6,0.1,63.4,36.5
3857284,2022-11-23,Group Stage,Japan,2,93,20,Germany,3167,Antonio Rüdiger,24118,Nico Schlotterbeck,Complete,30.26896,67.2,41.0,76.2,12.1
3857284,2022-11-23,Group Stage,Japan,2,93,25,Germany,24118,Nico Schlotterbeck,12034,David Raum,Complete,21.78302,87.3,14.3,107.6,6.4
3857284,2022-11-23,Group Stage,Japan,2,93,28,Germany,12034,David Raum,,,Incomplete,6.264982,107.6,6.4,110.2,12.1
3857284,2022-11-23,Group Stage,Japan,2,93,43,Germany,12034,David Raum,24118,Nico Schlotterbeck,Complete,23.226278,106.4,0.1,87.5,13.6
3857284,2022-11-23,Group Stage,Japan,2,93,47,Germany,24118,Nico Schlotterbeck,3167,Antonio Rüdiger,Complete,19.864038,87.5,19.2,82.8,38.5
3857284,2022-11-23,Group Stage,Japan,2,94,34,Germany,12034,David Raum,24118,Nico Schlotterbeck,Complete,16.389326,50.8,6.7,40.2,19.2
3857284,2022-11-23,Group Stage,Japan,2,94,35,Germany,24118,Nico Schlotterbeck,8804,Jonas Hofmann,Complete,28.65397,46.5,17.5,54.2,45.1
3857284,2022-11-23,Group Stage,Japan,2,94,39,Germany,8804,Jonas Hofmann,8546,Niclas Füllkrug,Complete,42.22381,59.5,48.1,99.3,34.0
3857284,2022-11-23,Group Stage,Japan,2,94,41,Germany,8546,Niclas Füllkrug,6324,Leon Goretzka,Complete,7.0035706,99.1,34.0,100.3,40.9
3857284,2022-11-23,Group Stage,Japan,2,95,17,Germany,24118,Nico Schlotterbeck,8546,Niclas Füllkrug,Incomplete,38.30209,35.8,7.7,71.9,20.5
3857284,2022-11-23,Group Stage,Japan,2,95,25,Germany,6322,Niklas Süle,8546,Niclas Füllkrug,Incomplete,32.422832,56.5,48.5,84.7,32.5
3857284,2022-11-23,Group Stage,Japan,2,95,31,Germany,24118,Nico Schlotterbeck,12034,David Raum,Incomplete,2.7018511,60.6,27.3,62.3,25.2
3857284,2022-11-23,Group Stage,Japan,2,95,39,Germany,24118,Nico Schlotterbeck,,,Incomplete,65.98015,50.7,20.1,103.4,59.8
3857284,2022-11-23,Group Stage,Japan,2,96,5,Germany,6322,Niklas Süle,6324,Leon Goretzka,Complete,14.011781,83.0,78.0,87.7,64.8
3857284,2022-11-23,Group Stage,Japan,2,96,7,Germany,6324,Leon Goretzka,,,Incomplete,9.2439165,91.4,59.6,100.6,60.5
3857284,2022-11-23,Group Stage,Japan,2,96,10,Germany,6322,Niklas Süle,3167,Antonio Rüdiger,Complete,9.507892,86.5,76.1,95.7,73.7
3857284,2022-11-23,Group Stage,Japan,2,97,14,Germany,5579,Joshua Kimmich,,,Incomplete,34.59841,95.9,71.0,114.3,41.7
3857284,2022-11-23,Group Stage,Japan,2,97,55,Germany,5579,Joshua Kimmich,,,Incomplete,41.83037,120.0,0.1,116.7,41.8
3857284,2022-11-23,Group Stage,Japan,2,98,1,Germany,8804,Jonas Hofmann,8227,Mario Götze,Complete,18.456434,70.2,60.3,79.4,76.3
3857284,2022-11-23,Group Stage,Japan,2,98,3,Germany,8227,Mario Götze,24118,Nico Schlotterbeck,Complete,13.82353,79.4,76.3,92.4,71.6
3857292,2022-12-01,Group Stage,Costa Rica,1,0,0,Germany,5562,Thomas Müller,3167,Antonio Rüdiger,Complete,21.260761,61.0,40.1,40.1,36.2
3857292,2022-12-01,Group Stage,Costa Rica,1,0,2,Germany,3167,Antonio Rüdiger,5579,Joshua Kimmich,Complete,22.114475,39.8,36.4,40.6,58.5
3857292,2022-12-01,Group Stage,Costa Rica,1,0,5,Germany,5579,Joshua Kimmich,5562,Thomas Müller,Incomplete,45.886055,47.2,62.2,89.9,45.4
3857292,2022-12-01,Group Stage,Costa Rica,1,0,44,Germany,39565,Jamal Musiala,,,Injury Clearance,34.071835,77.6,52.7,109.6,41.0
3857292,2022-12-01,Group Stage,Costa Rica,1,1,13,Germany,10287,İlkay Gündoğan,5570,Manuel Neuer,Complete,36.84522,39.8,14.7,10.7,37.3
3857292,2022-12-01,Group Stage,Costa Rica,1,1,17,Germany,5570,Manuel Neuer,5579,Joshua Kimmich,Complete,27.215069,10.7,37.3,28.6,57.8
3857292,2022-12-01,Group Stage,Costa Rica,1,1,24,Germany,5579,Joshua Kimmich,6322,Niklas Süle,Complete,12.020815,53.8,65.4,44.1,58.3
3857292,2022-12-01,Group Stage,Costa Rica,1,1,26,Germany,6322,Niklas Süle,3167,Antonio Rüdiger,Complete,32.334812,44.1,58.3,45.6,26.0
3857292,2022-12-01,Group Stage,Costa Rica,1,1,29,Germany,3167,Antonio Rüdiger,10287,İlkay Gündoğan,Complete,20.31994,49.3,26.5,65.0,39.4
3857292,2022-12-01,Group Stage,Costa Rica,1,1,34,Germany,10287,İlkay Gündoğan,5579,Joshua Kimmich,Complete,31.618032,68.5,42.5,75.2,73.4
3857292,2022-12-01,Group Stage,Costa Rica,1,1,38,Germany,5579,Joshua Kimmich,6322,Niklas Süle,Complete,17.67767,81.5,75.9,66.0,67.4
3857292,2022-12-01,Group Stage,Costa Rica,1,1,40,Germany,6322,Niklas Süle,3167,Antonio Rüdiger,Complete,26.312164,66.4,67.5,65.6,41.2
3857292,2022-12-01,Group Stage,Costa Rica,1,1,43,Germany,3167,Antonio Rüdiger,12034,David Raum,Complete,17.63094,69.2,34.7,81.0,21.6
3857292,2022-12-01,Group Stage,Costa Rica,1,1,45,Germany,12034,David Raum,39565,Jamal Musiala,Complete,13.124405,81.5,21.5,93.9,25.8
3857292,2022-12-01,Group Stage,Costa Rica,1,2,44,Germany,5579,Joshua Kimmich,,,Incomplete,50.787598,120.0,80.0,104.3,31.7
3857292,2022-12-01,Group Stage,Costa Rica,1,2,54,Germany,12034,David Raum,10287,İlkay Gündoğan,Complete,7.3348484,45.1,24.7,51.7,27.9
3857292,2022-12-01,Group Stage,Costa Rica,1,2,57,Germany,10287,İlkay Gündoğan,3167,Antonio Rüdiger,Complete,13.605881,51.1,27.5,64.7,27.9
3857292,2022-12-01,Group Stage,Costa Rica,1,2,58,Germany,3167,Antonio Rüdiger,10287,İlkay Gündoğan,Complete,9.420191,63.9,28.4,54.6,29.9
3857292,2022-12-01,Group Stage,Costa Rica,1,2,59,Germany,10287,İlkay Gündoğan,6322,Niklas Süle,Complete,16.514841,54.6,29.9,55.3,46.4
3857292,2022-12-01,Group Stage,Costa Rica,1,3,3,Germany,6322,Niklas Süle,39565,Jamal Musiala,Complete,44.607285,63.7,47.7,89.2,11.1
3857292,2022-12-01,Group Stage,Costa Rica,1,3,7,Germany,39565,Jamal Musiala,10287,İlkay Gündoğan,Complete,7.4249578,77.4,17.9,74.2,24.6
3857292,2022-12-01,Group Stage,Costa Rica,1,3,8,Germany,10287,İlkay Gündoğan,39565,Jamal Musiala,Complete,3.2649655,73.6,25.4,75.7,27.9
3857292,2022-12-01,Group Stage,Costa Rica,1,3,10,Germany,39565,Jamal Musiala,6322,Niklas Süle,Complete,21.305868,74.5,30.4,75.0,51.7
3857292,2022-12-01,Group Stage,Costa Rica,1,3,13,Germany,6322,Niklas Süle,5579,Joshua Kimmich,Complete,18.97709,74.5,53.0,82.3,70.3
3857292,2022-12-01,Group Stage,Costa Rica,1,3,16,Germany,5579,Joshua Kimmich,10287,İlkay Gündoğan,Complete,28.215067,75.7,68.7,68.2,41.5
3857292,2022-12-01,Group Stage,Costa Rica,1,3,21,Germany,10287,İlkay Gündoğan,12034,David Raum,Complete,30.176315,82.1,38.1,93.1,10.0
3857292,2022-12-01,Group Stage,Costa Rica,1,3,26,Germany,12034,David Raum,39565,Jamal Musiala,Complete,13.780058,93.1,10.0,98.9,22.5
3857292,2022-12-01,Group Stage,Costa Rica,1,3,27,Germany,39565,Jamal Musiala,6324,Leon Goretzka,Incomplete,5.1662364,98.8,22.6,97.5,27.6
3857292,2022-12-01,Group Stage,Costa Rica,1,3,33,Germany,12034,David Raum,10287,İlkay Gündoğan,Complete,5.8872743,84.4,18.9,78.9,21.0
3857292,2022-12-01,Group Stage,Costa Rica,1,3,35,Germany,10287,İlkay Gündoğan,5562,Thomas Müller,Incomplete,16.62077,82.9,16.8,91.2,31.2
3857292,2022-12-01,Group Stage,Costa Rica,1,3,48,Germany,12034,David Raum,6322,Niklas Süle,Complete,43.79372,82.3,0.1,74.0,43.1
3857292,2022-12-01,Group Stage,Costa Rica,1,3,52,Germany,6322,Niklas Süle,8400,Serge Gnabry,Incomplete,37.12277,75.3,52.0,98.6,23.1
3857292,2022-12-01,Group Stage,Costa Rica,1,3,55,Germany,8400,Serge Gnabry,39565,Jamal Musiala,Complete,10.653169,99.4,16.0,97.6,26.5
3857292,2022-12-01,Group Stage,Costa Rica,1,3,57,Germany,39565,Jamal Musiala,8400,Serge Gnabry,Pass Offside,8.962701,103.1,26.7,111.9,25.0
3857292,2022-12-01,Group Stage,Costa Rica,1,4,53,Germany,3167,Antonio Rüdiger,8400,Serge Gnabry,Complete,28.690416,56.9,21.6,85.4,18.3
3857292,2022-12-01,Group Stage,Costa Rica,1,4,58,Germany,8400,Serge Gnabry,39565,Jamal Musiala,Incomplete,7.6576757,105.1,32.5,110.9,27.5
3857292,2022-12-01,Group Stage,Costa Rica,1,5,27,Germany,12034,David Raum,3167,Antonio Rüdiger,Incomplete,41.868843,120.0,0.1,110.6,40.9
3857292,2022-12-01,Group Stage,Costa Rica,1,5,33,Germany,39565,Jamal Musiala,12034,David Raum,Complete,6.981404,110.9,13.2,105.4,8.9
3857292,2022-12-01,Group Stage,Costa Rica,1,5,34,Germany,12034,David Raum,6324,Leon Goretzka,Complete,8.820431,105.4,8.9,98.0,13.7
3857292,2022-12-01,Group Stage,Costa Rica,1,5,36,Germany,6324,Leon Goretzka,8400,Serge Gnabry,Incomplete,2.828427,94.7,13.2,95.1,16.0
3857292,2022-12-01,Group Stage,Costa Rica,1,5,39,Germany,39565,Jamal Musiala,5570,Manuel Neuer,Complete,56.43545,87.9,6.9,31.5,8.9
3857292,2022-12-01,Group Stage,Costa Rica,1,5,46,Germany,5570,Manuel Neuer,5579,Joshua Kimmich,Complete,30.836666,34.4,12.1,47.1,40.2
3857292,2022-12-01,Group Stage,Costa Rica,1,5,50,Germany,5579,Joshua Kimmich,6322,Niklas Süle,Complete,17.82414,52.4,53.5,64.7,66.4
3857292,2022-12-01,Group Stage,Costa Rica,1,5,52,Germany,6322,Niklas Süle,3167,Antonio Rüdiger,Complete,22.943626,58.7,60.3,48.2,39.9
3857292,2022-12-01,Group Stage,Costa Rica,1,5,55,Germany,3167,Antonio Rüdiger,10287,İlkay Gündoğan,Complete,10.568349,48.2,36.4,56.9,30.4
3857292,2022-12-01,Group Stage,Costa Rica,1,5,58,Germany,10287,İlkay Gündoğan,12034,David Raum,Complete,18.669762,67.9,29.6,81.3,16.6
3857292,2022-12-01,Group Stage,Costa Rica,1,6,1,Germany,12034,David Raum,10287,İlkay Gündoğan,Incomplete,3.2015622,82.4,11.8,82.3,15.0
3857292,2022-12-01,Group Stage,Costa Rica,1,6,8,Germany,12034,David Raum,10287,İlkay Gündoğan,Complete,10.401923,74.5,0.1,66.3,6.5
3857292,2022-12-01,Group Stage,Costa Rica,1,6,11,Germany,10287,İlkay Gündoğan,6322,Niklas Süle,Complete,39.448826,64.5,6.9,55.9,45.4
3857292,2022-12-01,Group Stage,Costa Rica,1,6,16,Germany,6322,Niklas Süle,5579,Joshua Kimmich,Complete,25.033777,66.6,54.0,82.9,73.0
3857292,2022-12-01,Group Stage,Costa Rica,1,6,19,Germany,5579,Joshua Kimmich,3053,Leroy Sané,Complete,11.7209215,85.7,76.8,85.0,65.1
3857292,2022-12-01,Group Stage,Costa Rica,1,6,22,Germany,3053,Leroy Sané,10287,İlkay Gündoğan,Complete,23.773935,79.9,59.8,75.7,36.4
3857292,2022-12-01,Group Stage,Costa Rica,1,6,27,Germany,10287,İlkay Gündoğan,5562,Thomas Müller,Incomplete,14.446107,85.4,36.0,98.4,42.3
3857292,2022-12-01,Group Stage,Costa Rica,1,6,35,Germany,3167,Antonio Rüdiger,10287,İlkay Gündoğan,Complete,18.216476,54.6,14.0,71.8,20.0
3857292,2022-12-01,Group Stage,Costa Rica,1,6,37,Germany,10287,İlkay Gündoğan,6322,Niklas Süle,Complete,33.62529,70.2,20.5,67.3,54.0
3857292,2022-12-01,Group Stage,Costa Rica,1,6,42,Germany,6322,Niklas Süle,3053,Leroy Sané,Complete,15.511608,77.9,54.5,93.4,55.1
3857292,2022-12-01,Group Stage,Costa Rica,1,6,43,Germany,3053,Leroy Sané,6324,Leon Goretzka,Complete,6.7542577,92.8,56.4,95.7,50.3
3857292,2022-12-01,Group Stage,Costa Rica,1,6,44,Germany,6324,Leon Goretzka,3053,Leroy Sané,Complete,3.88973,95.7,50.3,92.9,53.0
3857292,2022-12-01,Group Stage,Costa Rica,1,6,46,Germany,3053,Leroy Sané,10287,İlkay Gündoğan,Complete,12.442669,93.9,48.6,91.0,36.5
3857292,2022-12-01,Group Stage,Costa Rica,1,6,47,Germany,10287,İlkay Gündoğan,39565,Jamal Musiala,Complete,14.2088,91.0,36.5,104.3,31.5
3857292,2022-12-01,Group Stage,Costa Rica,1,6,55,Germany,39565,Jamal Musiala,3053,Leroy Sané,Complete,8.28734,108.9,40.4,110.1,48.6
3857292,2022-12-01,Group Stage,Costa Rica,1,6,56,Germany,3053,Leroy Sané,6324,Leon Goretzka,Complete,0.84852815,110.1,48.6,109.5,48.0
3857292,2022-12-01,Group Stage,Costa Rica,1,7,40,Germany,5570,Manuel Neuer,10287,İlkay Gündoğan,Complete,17.171196,23.6,57.7,29.0,41.4
3857292,2022-12-01,Group Stage,Costa Rica,1,7,42,Germany,10287,İlkay Gündoğan,12034,David Raum,Complete,28.114943,28.1,41.4,39.5,15.7
3857292,2022-12-01,Group Stage,Costa Rica,1,7,48,Germany,12034,David Raum,8400,Serge Gnabry,Complete,12.445883,66.3,16.3,75.2,7.6
3857292,2022-12-01,Group Stage,Costa Rica,1,7,50,Germany,8400,Serge Gnabry,10287,İlkay Gündoğan,Complete,18.659313,72.7,9.4,56.3,18.3
3857292,2022-12-01,Group Stage,Costa Rica,1,7,54,Germany,10287,İlkay Gündoğan,6322,Niklas Süle,Complete,32.12382,64.0,24.4,57.7,55.9
3857292,2022-12-01,Group Stage,Costa Rica,1,7,57,Germany,6322,Niklas Süle,5579,Joshua Kimmich,Complete,29.284979,63.5,57.0,86.6,75.0
3857292,2022-12-01,Group Stage,Costa Rica,1,8,0,Germany,5579,Joshua Kimmich,5562,Thomas Müller,Complete,39.10652,86.6,75.0,108.2,42.4
3857292,2022-12-01,Group Stage,Costa Rica,1,8,28,Germany,6322,Niklas Süle,5562,Thomas Müller,Incomplete,35.43614,62.1,56.4,97.5,58.0
3857292,2022-12-01,Group Stage,Costa Rica,1,8,39,Germany,3167,Antonio Rüdiger,5570,Manuel Neuer,Complete,31.207851,38.8,56.4,12.5,39.6
3857292,2022-12-01,Group Stage,Costa Rica,1,8,41,Germany,5570,Manuel Neuer,12034,David Raum,Complete,34.35593,12.5,40.1,35.3,14.4
3857292,2022-12-01,Group Stage,Costa Rica,1,8,46,Germany,12034,David Raum,10287,İlkay Gündoğan,Complete,12.876335,47.2,12.4,56.6,21.2
3857292,2022-12-01,Group Stage,Costa Rica,1,8,49,Germany,10287,İlkay Gündoğan,6322,Niklas Süle,Complete,40.047222,56.1,21.2,66.4,59.9
3857292,2022-12-01,Group Stage,Costa Rica,1,8,56,Germany,6322,Niklas Süle,5579,Joshua Kimmich,Complete,9.847335,82.3,68.7,87.9,76.8
3857292,2022-12-01,Group Stage,Costa Rica,1,8,57,Germany,5579,Joshua Kimmich,6322,Niklas Süle,Incomplete,2.280351,87.3,75.8,88.7,74.0
3857292,2022-12-01,Group Stage,Costa Rica,1,9,22,Germany,10287,İlkay Gündoğan,39565,Jamal Musiala,Complete,4.504442,53.4,13.9,57.9,13.7
3857292,2022-12-01,Group Stage,Costa Rica,1,9,28,Germany,39565,Jamal Musiala,12034,David Raum,Complete,19.220041,95.5,26.7,110.1,14.2
3857292,2022-12-01,Group Stage,Costa Rica,1,9,30,Germany,12034,David Raum,8400,Serge Gnabry,Complete,18.976301,110.2,14.2,111.9,33.1
3857292,2022-12-01,Group Stage,Costa Rica,1,10,20,Germany,3167,Antonio Rüdiger,3053,Leroy Sané,Complete,15.259423,45.1,40.4,58.5,47.7
3857292,2022-12-01,Group Stage,Costa Rica,1,10,21,Germany,3053,Leroy Sané,5579,Joshua Kimmich,Complete,22.574322,57.2,48.3,34.8,51.1
3857292,2022-12-01,Group Stage,Costa Rica,1,10,24,Germany,5579,Joshua Kimmich,3167,Antonio Rüdiger,Complete,18.707218,34.8,51.1,32.8,32.5
3857292,2022-12-01,Group Stage,Costa Rica,1,10,28,Germany,3167,Antonio Rüdiger,12034,David Raum,Complete,27.55068,47.9,19.9,72.7,7.9
3857292,2022-12-01,Group Stage,Costa Rica,1,10,31,Germany,12034,David Raum,39565,Jamal Musiala,Complete,23.708437,79.2,6.1,85.7,28.9
3857292,2022-12-01,Group Stage,Costa Rica,1,10,40,Germany,3167,Antonio Rüdiger,5570,Manuel Neuer,Complete,28.311481,17.2,4.2,4.9,29.7
3857292,2022-12-01,Group Stage,Costa Rica,1,10,43,Germany,5570,Manuel Neuer,6322,Niklas Süle,Complete,35.151814,4.7,29.4,29.0,54.8
3857292,2022-12-01,Group Stage,Costa Rica,1,10,46,Germany,6322,Niklas Süle,10287,İlkay Gündoğan,Complete,22.227236,30.1,55.6,47.2,41.4
3857292,2022-12-01,Group Stage,Costa Rica,1,10,51,Germany,10287,İlkay Gündoğan,5579,Joshua Kimmich,Complete,35.211502,55.3,40.9,75.7,69.6
3857292,2022-12-01,Group Stage,Costa Rica,1,10,55,Germany,5579,Joshua Kimmich,6322,Niklas Süle,Complete,27.084497,83.7,76.4,64.8,57.0
3857292,2022-12-01,Group Stage,Costa Rica,1,10,58,Germany,6322,Niklas Süle,10287,İlkay Gündoğan,Complete,11.957006,64.8,57.0,75.2,51.1
3857292,2022-12-01,Group Stage,Costa Rica,1,11,1,Germany,10287,İlkay Gündoğan,8400,Serge Gnabry,Complete,49.926846,74.5,50.7,100.7,8.2
3857292,2022-12-01,Group Stage,Costa Rica,1,11,6,Germany,8400,Serge Gnabry,,,Incomplete,7.7103825,98.9,10.2,99.3,17.9
3857292,2022-12-01,Group Stage,Costa Rica,1,11,11,Germany,12034,David Raum,10287,İlkay Gündoğan,Complete,16.61385,96.0,0.1,82.1,9.2
3857292,2022-12-01,Group Stage,Costa Rica,1,11,12,Germany,10287,İlkay Gündoğan,3167,Antonio Rüdiger,Complete,19.064627,82.4,9.4,66.9,20.5
3857292,2022-12-01,Group Stage,Costa Rica,1,11,19,Germany,3167,Antonio Rüdiger,6322,Niklas Süle,Complete,17.393389,68.2,27.0,66.4,44.3
3857292,2022-12-01,Group Stage,Costa Rica,1,11,22,Germany,6322,Niklas Süle,10287,İlkay Gündoğan,Complete,17.602556,66.3,44.4,77.1,30.5
3857292,2022-12-01,Group Stage,Costa Rica,1,11,23,Germany,10287,İlkay Gündoğan,3167,Antonio Rüdiger,Complete,15.001333,77.1,30.5,62.1,30.7
3857292,2022-12-01,Group Stage,Costa Rica,1,11,26,Germany,3167,Antonio Rüdiger,6322,Niklas Süle,Complete,20.215836,62.1,30.4,62.9,50.6
3857292,2022-12-01,Group Stage,Costa Rica,1,11,29,Germany,6322,Niklas Süle,3053,Leroy Sané,Complete,15.815183,70.5,56.6,78.9,70.0
3857292,2022-12-01,Group Stage,Costa Rica,1,11,31,Germany,3053,Leroy Sané,5579,Joshua Kimmich,Complete,9.0,77.1,69.6,77.1,60.6
3857292,2022-12-01,Group Stage,Costa Rica,1,11,32,Germany,5579,Joshua Kimmich,6322,Niklas Süle,Complete,13.3544,76.5,61.4,64.0,66.1
3857292,2022-12-01,Group Stage,Costa Rica,1,11,34,Germany,6322,Niklas Süle,3167,Antonio Rüdiger,Complete,28.602797,57.1,69.0,53.7,40.6
3857292,2022-12-01,Group Stage,Costa Rica,1,11,40,Germany,3167,Antonio Rüdiger,5579,Joshua Kimmich,Complete,41.60108,62.6,40.4,87.8,73.5
3857292,2022-12-01,Group Stage,Costa Rica,1,11,46,Germany,5579,Joshua Kimmich,5562,Thomas Müller,Incomplete,14.5866375,92.9,68.4,104.3,59.3
3857292,2022-12-01,Group Stage,Costa Rica,1,11,58,Germany,8400,Serge Gnabry,12034,David Raum,Complete,25.9434,88.6,21.0,62.7,19.5
3857292,2022-12-01,Group Stage,Costa Rica,1,12,1,Germany,12034,David Raum,3167,Antonio Rüdiger,Complete,21.484879,61.8,15.8,42.2,24.6
3857292,2022-12-01,Group Stage,Costa Rica,1,12,4,Germany,3167,Antonio Rüdiger,6322,Niklas Süle,Complete,21.110188,41.7,31.3,50.9,50.3
3857292,2022-12-01,Group Stage,Costa Rica,1,12,9,Germany,6322,Niklas Süle,5579,Joshua Kimmich,Complete,22.934036,62.6,57.0,74.0,76.9
3857292,2022-12-01,Group Stage,Costa Rica,1,12,11,Germany,5579,Joshua Kimmich,6322,Niklas Süle,Complete,16.944616,70.5,69.5,55.9,60.9
3857292,2022-12-01,Group Stage,Costa Rica,1,12,13,Germany,6322,Niklas Süle,10287,İlkay Gündoğan,Complete,17.83732,56.9,59.8,59.8,42.2
3857292,2022-12-01,Group Stage,Costa Rica,1,12,17,Germany,10287,İlkay Gündoğan,39565,Jamal Musiala,Complete,24.878304,64.0,43.5,84.7,29.7
3857292,2022-12-01,Group Stage,Costa Rica,1,12,20,Germany,39565,Jamal Musiala,3053,Leroy Sané,Incomplete,11.503912,90.2,35.5,101.7,35.2
3857292,2022-12-01,Group Stage,Costa Rica,1,12,25,Germany,3167,Antonio Rüdiger,12034,David Raum,Complete,29.286516,60.0,25.7,81.3,5.6
3857292,2022-12-01,Group Stage,Costa Rica,1,12,29,Germany,12034,David Raum,3167,Antonio Rüdiger,Complete,24.041006,81.8,6.6,62.7,21.2
3857292,2022-12-01,Group Stage,Costa Rica,1,12,32,Germany,3167,Antonio Rüdiger,6322,Niklas Süle,Complete,26.55899,62.6,21.5,66.3,47.8
3857292,2022-12-01,Group Stage,Costa Rica,1,12,37,Germany,6322,Niklas Süle,3167,Antonio Rüdiger,Complete,24.941933,75.5,52.5,66.6,29.2
3857292,2022-12-01,Group Stage,Costa Rica,1,12,38,Germany,3167,Antonio Rüdiger,10287,İlkay Gündoğan,Complete,9.453042,66.6,29.7,76.0,30.7
3857292,2022-12-01,Group Stage,Costa Rica,1,12,41,Germany,10287,İlkay Gündoğan,8400,Serge Gnabry,Complete,27.986605,79.1,31.2,97.6,10.2
3857292,2022-12-01,Group Stage,Costa Rica,1,12,44,Germany,8400,Serge Gnabry,39565,Jamal Musiala,Incomplete,14.860686,98.0,11.9,105.2,24.9
3857292,2022-12-01,Group Stage,Costa Rica,1,13,12,Germany,6322,Niklas Süle,5579,Joshua Kimmich,Complete,5.7801385,31.7,45.9,34.6,50.9
3857292,2022-12-01,Group Stage,Costa Rica,1,13,13,Germany,5579,Joshua Kimmich,10287,İlkay Gündoğan,Complete,11.638728,34.3,51.2,37.8,40.1
3857292,2022-12-01,Group Stage,Costa Rica,1,13,18,Germany,10287,İlkay Gündoğan,3053,Leroy Sané,Complete,18.852057,53.4,38.3,67.6,50.7
3857292,2022-12-01,Group Stage,Costa Rica,1,13,20,Germany,3053,Leroy Sané,5562,Thomas Müller,Complete,32.485226,73.2,53.0,98.4,73.5
3857292,2022-12-01,Group Stage,Costa Rica,1,13,24,Germany,5562,Thomas Müller,5579,Joshua Kimmich,Complete,17.228464,106.0,74.5,88.9,72.4
3857292,2022-12-01,Group Stage,Costa Rica,1,13,26,Germany,5579,Joshua Kimmich,3053,Leroy Sané,Complete,16.30828,87.9,73.8,81.5,58.8
3857292,2022-12-01,Group Stage,Costa Rica,1,13,33,Germany,3053,Leroy Sané,8400,Serge Gnabry,Complete,25.881653,76.3,37.6,94.4,19.1
3857292,2022-12-01,Group Stage,Costa Rica,1,13,35,Germany,8400,Serge Gnabry,12034,David Raum,Complete,24.480604,94.4,19.5,116.7,9.4
3857292,2022-12-01,Group Stage,Costa Rica,1,13,38,Germany,12034,David Raum,5562,Thomas Müller,Complete,43.1919,116.7,9.5,110.2,52.2
3857292,2022-12-01,Group Stage,Costa Rica,1,13,41,Germany,5562,Thomas Müller,5579,Joshua Kimmich,Complete,20.435265,109.4,52.2,110.6,72.6
3857292,2022-12-01,Group Stage,Costa Rica,1,13,45,Germany,5579,Joshua Kimmich,10287,İlkay Gündoğan,Complete,23.982702,103.8,74.0,89.7,54.6
3857292,2022-12-01,Group Stage,Costa Rica,1,13,48,Germany,10287,İlkay Gündoğan,8400,Serge Gnabry,Complete,8.8,89.1,52.7,89.1,43.9
3857292,2022-12-01,Group Stage,Costa Rica,1,13,50,Germany,8400,Serge Gnabry,10287,İlkay Gündoğan,Complete,10.131634,88.7,44.4,82.0,52.0
3857292,2022-12-01,Group Stage,Costa Rica,1,13,52,Germany,10287,İlkay Gündoğan,5562,Thomas Müller,Complete,14.5,82.0,52.0,92.0,62.5
3857292,2022-12-01,Group Stage,Costa Rica,1,13,55,Germany,5562,Thomas Müller,6324,Leon Goretzka,Complete,34.335403,95.7,65.4,113.1,35.8
3857292,2022-12-01,Group Stage,Costa Rica,1,14,25,Germany,12034,David Raum,,,Incomplete,43.616165,120.0,0.1,108.6,42.2
3857292,2022-12-01,Group Stage,Costa Rica,1,14,48,Germany,10287,İlkay Gündoğan,39565,Jamal Musiala,Complete,4.7010636,73.6,31.7,77.3,28.8
3857292,2022-12-01,Group Stage,Costa Rica,1,14,49,Germany,39565,Jamal Musiala,10287,İlkay Gündoğan,Complete,2.9698484,77.1,28.8,75.0,30.9
3857292,2022-12-01,Group Stage,Costa Rica,1,14,51,Germany,10287,İlkay Gündoğan,5579,Joshua Kimmich,Complete,21.906391,74.7,31.5,78.9,53.0
3857292,2022-12-01,Group Stage,Costa Rica,1,14,52,Germany,5579,Joshua Kimmich,6322,Niklas Süle,Complete,8.471718,78.9,53.6,70.5,52.5
3857292,2022-12-01,Group Stage,Costa Rica,1,14,55,Germany,6322,Niklas Süle,10287,İlkay Gündoğan,Complete,19.340372,70.8,51.1,76.1,32.5
3857292,2022-12-01,Group Stage,Costa Rica,1,15,0,Germany,10287,İlkay Gündoğan,3167,Antonio Rüdiger,Complete,19.163769,83.1,29.9,66.4,39.3
3857292,2022-12-01,Group Stage,Costa Rica,1,15,2,Germany,3167,Antonio Rüdiger,10287,İlkay Gündoğan,Complete,12.728707,66.4,39.3,75.3,30.2
3857292,2022-12-01,Group Stage,Costa Rica,1,15,4,Germany,10287,İlkay Gündoğan,39565,Jamal Musiala,Complete,14.094325,68.5,26.8,82.1,23.1
3857292,2022-12-01,Group Stage,Costa Rica,1,15,6,Germany,39565,Jamal Musiala,6324,Leon Goretzka,Complete,6.789698,82.3,23.7,83.4,30.4
3857292,2022-12-01,Group Stage,Costa Rica,1,15,10,Germany,3167,Antonio Rüdiger,12034,David Raum,Complete,11.150336,63.1,19.7,69.4,10.5
3857292,2022-12-01,Group Stage,Costa Rica,1,15,12,Germany,12034,David Raum,10287,İlkay Gündoğan,Complete,19.72942,69.4,10.2,66.4,29.7
3857292,2022-12-01,Group Stage,Costa Rica,1,15,15,Germany,10287,İlkay Gündoğan,5579,Joshua Kimmich,Incomplete,30.800163,65.8,42.5,84.2,67.2
3857292,2022-12-01,Group Stage,Costa Rica,1,15,33,Germany,6324,Leon Goretzka,8400,Serge Gnabry,Incomplete,7.9177017,64.8,20.2,71.8,23.9
3857292,2022-12-01,Group Stage,Costa Rica,1,16,3,Germany,5579,Joshua Kimmich,5570,Manuel Neuer,Complete,10.737783,9.4,50.6,3.7,41.5
3857292,2022-12-01,Group Stage,Costa Rica,1,16,34,Germany,5570,Manuel Neuer,6322,Niklas Süle,Complete,31.340868,15.4,39.1,41.4,56.6
3857292,2022-12-01,Group Stage,Costa Rica,1,16,37,Germany,6322,Niklas Süle,5579,Joshua Kimmich,Complete,22.775864,47.5,58.3,64.0,74.0
3857292,2022-12-01,Group Stage,Costa Rica,1,16,42,Germany,5579,Joshua Kimmich,6322,Niklas Süle,Complete,20.580088,69.4,77.9,57.1,61.4
3857292,2022-12-01,Group Stage,Costa Rica,1,16,44,Germany,6322,Niklas Süle,10287,İlkay Gündoğan,Complete,8.429116,57.1,61.4,62.7,55.1
3857292,2022-12-01,Group Stage,Costa Rica,1,16,45,Germany,10287,İlkay Gündoğan,6322,Niklas Süle,Complete,7.6380625,62.7,55.1,57.2,60.4
3857292,2022-12-01,Group Stage,Costa Rica,1,16,46,Germany,6322,Niklas Süle,3167,Antonio Rüdiger,Complete,20.263268,57.2,60.4,55.6,40.2
3857292,2022-12-01,Group Stage,Costa Rica,1,16,55,Germany,3167,Antonio Rüdiger,6322,Niklas Süle,Complete,25.40118,71.8,29.4,67.9,54.5
3857292,2022-12-01,Group Stage,Costa Rica,1,16,59,Germany,6322,Niklas Süle,3053,Leroy Sané,Incomplete,18.926437,77.0,55.7,95.9,56.7
3857292,2022-12-01,Group Stage,Costa Rica,1,18,4,Germany,6322,Niklas Süle,6324,Leon Goretzka,Complete,14.378456,38.8,35.0,53.1,36.5
3857292,2022-12-01,Group Stage,Costa Rica,1,18,6,Germany,6324,Leon Goretzka,,,Incomplete,2.1,52.7,37.2,54.8,37.2
3857292,2022-12-01,Group Stage,Costa Rica,1,18,29,Germany,6322,Niklas Süle,5579,Joshua Kimmich,Complete,19.90402,8.4,70.3,27.5,75.9
3857292,2022-12-01,Group Stage,Costa Rica,1,18,40,Germany,5579,Joshua Kimmich,6322,Niklas Süle,Complete,21.985905,60.8,73.0,44.1,58.7
3857292,2022-12-01,Group Stage,Costa Rica,1,18,42,Germany,6322,Niklas Süle,10287,İlkay Gündoğan,Complete,8.440379,44.6,58.5,51.4,53.5
3857292,2022-12-01,Group Stage,Costa Rica,1,18,45,Germany,10287,İlkay Gündoğan,12034,David Raum,Complete,31.588606,53.2,42.5,68.2,14.7
3857292,2022-12-01,Group Stage,Costa Rica,1,18,49,Germany,12034,David Raum,3167,Antonio Rüdiger,Complete,14.934524,67.4,13.1,53.4,18.3
3857292,2022-12-01,Group Stage,Costa Rica,1,18,52,Germany,3167,Antonio Rüdiger,6322,Niklas Süle,Complete,28.553984,53.4,18.7,57.2,47.0
3857292,2022-12-01,Group Stage,Costa Rica,1,18,56,Germany,6322,Niklas Süle,5579,Joshua Kimmich,Complete,20.255617,64.5,56.7,74.7,74.2
3857292,2022-12-01,Group Stage,Costa Rica,1,19,2,Germany,5579,Joshua Kimmich,5562,Thomas Müller,Incomplete,26.049952,75.3,66.1,95.7,49.9
3857292,2022-12-01,Group Stage,Costa Rica,1,19,38,Germany,5579,Joshua Kimmich,3053,Leroy Sané,Complete,21.65664,27.5,59.0,49.0,56.4
3857292,2022-12-01,Group Stage,Costa Rica,1,19,44,Germany,3053,Leroy Sané,8400,Serge Gnabry,Complete,53.904545,45.4,52.0,88.1,19.1
3857292,2022-12-01,Group Stage,Costa Rica,1,19,48,Germany,8400,Serge Gnabry,39565,Jamal Musiala,Complete,13.90863,97.8,11.8,95.4,25.5
3857292,2022-12-01,Group Stage,Costa Rica,1,19,52,Germany,39565,Jamal Musiala,3053,Leroy Sané,Complete,5.6222773,94.9,36.0,90.5,32.5
3857292,2022-12-01,Group Stage,Costa Rica,1,19,54,Germany,3053,Leroy Sané,8400,Serge Gnabry,Complete,23.181458,93.4,32.2,116.1,27.5
3857292,2022-12-01,Group Stage,Costa Rica,1,19,56,Germany,8400,Serge Gnabry,6324,Leon Goretzka,Incomplete,11.859595,116.2,28.4,112.3,39.6
3857292,2022-12-01,Group Stage,Costa Rica,1,20,31,Germany,12034,David Raum,5562,Thomas Müller,Complete,41.851643,120.0,0.1,111.6,41.1
3857292,2022-12-01,Group Stage,Costa Rica,1,20,57,Germany,5579,Joshua Kimmich,5570,Manuel Neuer,Complete,24.5153,37.4,80.0,21.2,61.6
3857292,2022-12-01,Group Stage,Costa Rica,1,21,1,Germany,5570,Manuel Neuer,3167,Antonio Rüdiger,Complete,39.580425,20.7,56.7,47.2,27.3
3857292,2022-12-01,Group Stage,Costa Rica,1,21,5,Germany,3167,Antonio Rüdiger,12034,David Raum,Complete,21.614809,49.8,25.7,63.4,8.9
3857292,2022-12-01,Group Stage,Costa Rica,1,21,6,Germany,12034,David Raum,3167,Antonio Rüdiger,Complete,18.054363,63.5,8.9,52.1,22.9
3857292,2022-12-01,Group Stage,Costa Rica,1,21,14,Germany,3167,Antonio Rüdiger,6322,Niklas Süle,Complete,18.301092,62.7,28.6,62.9,46.9
3857292,2022-12-01,Group Stage,Costa Rica,1,21,16,Germany,6322,Niklas Süle,6324,Leon Goretzka,Complete,23.170887,64.8,55.9,76.5,75.9
3857292,2022-12-01,Group Stage,Costa Rica,1,21,19,Germany,6324,Leon Goretzka,3053,Leroy Sané,Complete,11.670904,76.5,75.9,87.9,73.4
3857292,2022-12-01,Group Stage,Costa Rica,1,21,20,Germany,3053,Leroy Sané,6324,Leon Goretzka,Complete,11.652039,87.9,73.4,76.3,74.5
3857292,2022-12-01,Group Stage,Costa Rica,1,21,22,Germany,6324,Leon Goretzka,3053,Leroy Sané,Complete,7.694154,75.7,75.0,74.5,67.4
3857292,2022-12-01,Group Stage,Costa Rica,1,21,24,Germany,3053,Leroy Sané,39565,Jamal Musiala,Complete,15.255163,75.3,53.0,87.9,44.4
3857292,2022-12-01,Group Stage,Costa Rica,1,21,25,Germany,39565,Jamal Musiala,10287,İlkay Gündoğan,Incomplete,4.1400485,86.2,43.9,83.7,47.2
3857292,2022-12-01,Group Stage,Costa Rica,1,22,5,Germany,12034,David Raum,5570,Manuel Neuer,Complete,27.731571,31.1,17.0,12.1,37.2
3857292,2022-12-01,Group Stage,Costa Rica,1,22,9,Germany,5570,Manuel Neuer,10287,İlkay Gündoğan,Complete,24.203306,12.6,38.1,36.4,42.5
3857292,2022-12-01,Group Stage,Costa Rica,1,22,18,Germany,10287,İlkay Gündoğan,5579,Joshua Kimmich,Complete,45.5,37.4,41.8,64.7,78.2
3857292,2022-12-01,Group Stage,Costa Rica,1,22,21,Germany,5579,Joshua Kimmich,6322,Niklas Süle,Complete,13.689412,63.9,77.2,61.1,63.8
3857292,2022-12-01,Group Stage,Costa Rica,1,22,24,Germany,6322,Niklas Süle,3167,Antonio Rüdiger,Complete,25.616402,63.1,61.7,58.5,36.5
3857292,2022-12-01,Group Stage,Costa Rica,1,22,26,Germany,3167,Antonio Rüdiger,12034,David Raum,Complete,24.5204,63.5,34.4,77.4,14.2
3857292,2022-12-01,Group Stage,Costa Rica,1,22,28,Germany,12034,David Raum,39565,Jamal Musiala,Complete,14.480331,75.7,10.8,87.9,18.6
3857292,2022-12-01,Group Stage,Costa Rica,1,22,29,Germany,39565,Jamal Musiala,5562,Thomas Müller,Complete,16.000313,87.9,19.5,87.8,35.5
3857292,2022-12-01,Group Stage,Costa Rica,1,22,31,Germany,5562,Thomas Müller,10287,İlkay Gündoğan,Complete,10.581588,85.2,37.6,76.1,43.0
3857292,2022-12-01,Group Stage,Costa Rica,1,22,34,Germany,10287,İlkay Gündoğan,6322,Niklas Süle,Complete,15.796518,75.7,41.5,80.0,56.7
3857292,2022-12-01,Group Stage,Costa Rica,1,22,36,Germany,6322,Niklas Süle,3053,Leroy Sané,Complete,12.3878975,83.3,59.6,94.4,54.1
3857292,2022-12-01,Group Stage,Costa Rica,1,22,37,Germany,3053,Leroy Sané,6322,Niklas Süle,Complete,5.7870545,94.4,54.1,95.4,59.8
3857292,2022-12-01,Group Stage,Costa Rica,1,22,37,Germany,6322,Niklas Süle,3053,Leroy Sané,Complete,5.0358715,95.4,59.8,96.0,54.8
3857292,2022-12-01,Group Stage,Costa Rica,1,22,38,Germany,3053,Leroy Sané,6322,Niklas Süle,Incomplete,8.407735,96.0,56.1,103.5,59.9
3857292,2022-12-01,Group Stage,Costa Rica,1,22,43,Germany,5579,Joshua Kimmich,39565,Jamal Musiala,Complete,30.147968,92.8,62.9,99.9,33.6
3857292,2022-12-01,Group Stage,Costa Rica,1,22,49,Germany,8400,Serge Gnabry,39565,Jamal Musiala,Complete,12.671622,96.5,21.2,108.1,26.3
3857292,2022-12-01,Group Stage,Costa Rica,1,22,51,Germany,39565,Jamal Musiala,8400,Serge Gnabry,Incomplete,5.724509,112.3,25.8,110.4,31.2
3857292,2022-12-01,Group Stage,Costa Rica,1,23,42,Germany,39565,Jamal Musiala,5562,Thomas Müller,Incomplete,32.81539,65.1,27.8,96.9,35.9
3857292,2022-12-01,Group Stage,Costa Rica,1,24,15,Germany,5570,Manuel Neuer,5579,Joshua Kimmich,Complete,14.135417,3.3,63.9,16.7,68.4
3857292,2022-12-01,Group Stage,Costa Rica,1,24,18,Germany,5579,Joshua Kimmich,6322,Niklas Süle,Complete,8.472308,16.7,68.4,21.0,61.1
3857292,2022-12-01,Group Stage,Costa Rica,1,24,20,Germany,6322,Niklas Süle,10287,İlkay Gündoğan,Complete,25.179358,25.1,60.3,37.7,38.5
3857292,2022-12-01,Group Stage,Costa Rica,1,24,26,Germany,10287,İlkay Gündoğan,5579,Joshua Kimmich,Complete,35.356613,52.4,39.5,62.1,73.5
3857292,2022-12-01,Group Stage,Costa Rica,1,24,31,Germany,5579,Joshua Kimmich,6322,Niklas Süle,Complete,17.951323,68.3,72.5,56.7,58.8
3857292,2022-12-01,Group Stage,Costa Rica,1,24,36,Germany,6322,Niklas Süle,12034,David Raum,Complete,39.381466,63.1,58.3,67.8,19.2
3857292,2022-12-01,Group Stage,Costa Rica,1,24,39,Germany,12034,David Raum,3167,Antonio Rüdiger,Complete,28.421295,67.8,19.2,39.4,18.1
3857292,2022-12-01,Group Stage,Costa Rica,1,24,44,Germany,3167,Antonio Rüdiger,6322,Niklas Süle,Complete,27.92293,43.0,24.1,51.8,50.6
3857292,2022-12-01,Group Stage,Costa Rica,1,24,52,Germany,6322,Niklas Süle,3167,Antonio Rüdiger,Complete,23.623081,68.9,56.2,63.1,33.3
3857292,2022-12-01,Group Stage,Costa Rica,1,24,57,Germany,3167,Antonio Rüdiger,5562,Thomas Müller,Incomplete,31.370369,73.8,28.2,100.1,45.3
3857292,2022-12-01,Group Stage,Costa Rica,1,25,0,Germany,10287,İlkay Gündoğan,6322,Niklas Süle,Complete,12.971122,80.0,45.3,67.2,47.4
3857292,2022-12-01,Group Stage,Costa Rica,1,25,1,Germany,6322,Niklas Süle,5579,Joshua Kimmich,Complete,17.507141,67.2,48.5,80.9,59.4
3857292,2022-12-01,Group Stage,Costa Rica,1,25,3,Germany,5579,Joshua Kimmich,10287,İlkay Gündoğan,Complete,4.802083,80.9,59.4,76.8,56.9
3857292,2022-12-01,Group Stage,Costa Rica,1,25,4,Germany,10287,İlkay Gündoğan,5579,Joshua Kimmich,Complete,10.557462,74.9,58.8,76.0,69.3
3857292,2022-12-01,Group Stage,Costa Rica,1,25,7,Germany,5579,Joshua Kimmich,6322,Niklas Süle,Complete,10.770329,71.9,67.8,62.7,62.2
3857292,2022-12-01,Group Stage,Costa Rica,1,25,8,Germany,6322,Niklas Süle,5579,Joshua Kimmich,Complete,11.493477,62.5,62.2,64.6,73.5
3857292,2022-12-01,Group Stage,Costa Rica,1,25,10,Germany,5579,Joshua Kimmich,6322,Niklas Süle,Complete,14.541664,64.6,78.0,55.7,66.5
3857292,2022-12-01,Group Stage,Costa Rica,1,25,12,Germany,6322,Niklas Süle,10287,İlkay Gündoğan,Complete,10.682696,56.5,65.2,64.9,58.6
3857292,2022-12-01,Group Stage,Costa Rica,1,25,14,Germany,10287,İlkay Gündoğan,39565,Jamal Musiala,Complete,28.627434,64.0,54.9,78.3,30.1
3857292,2022-12-01,Group Stage,Costa Rica,1,25,18,Germany,39565,Jamal Musiala,8400,Serge Gnabry,Complete,16.426807,92.2,29.3,104.4,18.3
3857292,2022-12-01,Group Stage,Costa Rica,1,25,21,Germany,8400,Serge Gnabry,12034,David Raum,Pass Offside,10.746628,106.6,24.6,117.3,25.6
3857292,2022-12-01,Group Stage,Costa Rica,1,26,0,Germany,5579,Joshua Kimmich,10287,İlkay Gündoğan,Complete,24.137316,40.3,80.0,47.3,56.9
3857292,2022-12-01,Group Stage,Costa Rica,1,26,1,Germany,10287,İlkay Gündoğan,5579,Joshua Kimmich,Complete,27.100739,47.3,56.9,63.4,78.7
3857292,2022-12-01,Group Stage,Costa Rica,1,26,4,Germany,5579,Joshua Kimmich,6322,Niklas Süle,Complete,16.71556,63.4,78.7,56.9,63.3
3857292,2022-12-01,Group Stage,Costa Rica,1,26,9,Germany,6322,Niklas Süle,5579,Joshua Kimmich,Complete,17.017637,67.4,62.2,75.8,77.0
3857292,2022-12-01,Group Stage,Costa Rica,1,26,12,Germany,5579,Joshua Kimmich,6322,Niklas Süle,Complete,10.486181,75.8,77.0,67.2,71.0
3857292,2022-12-01,Group Stage,Costa Rica,1,26,15,Germany,6322,Niklas Süle,5579,Joshua Kimmich,Complete,12.300406,69.8,71.0,80.9,76.3
3857292,2022-12-01,Group Stage,Costa Rica,1,26,19,Germany,5579,Joshua Kimmich,6322,Niklas Süle,Complete,13.884164,73.2,77.2,62.3,68.6
3857292,2022-12-01,Group Stage,Costa Rica,1,26,21,Germany,6322,Niklas Süle,6324,Leon Goretzka,Complete,21.380598,62.9,68.6,82.2,59.4
3857292,2022-12-01,Group Stage,Costa Rica,1,26,22,Germany,6324,Leon Goretzka,3053,Leroy Sané,Complete,7.8185678,82.2,59.4,79.4,52.1
3857292,2022-12-01,Group Stage,Costa Rica,1,26,31,Germany,6322,Niklas Süle,10287,İlkay Gündoğan,Complete,5.255473,48.6,57.7,46.7,52.8
3857292,2022-12-01,Group Stage,Costa Rica,1,26,34,Germany,10287,İlkay Gündoğan,8400,Serge Gnabry,Complete,80.45551,50.7,59.6,116.0,12.6
3857292,2022-12-01,Group Stage,Costa Rica,1,26,41,Germany,8400,Serge Gnabry,,,Incomplete,7.9511003,116.4,12.8,115.5,20.7
3857292,2022-12-01,Group Stage,Costa Rica,1,27,18,Germany,12034,David Raum,,,Incomplete,37.274254,120.0,0.1,116.4,37.2
3857292,2022-12-01,Group Stage,Costa Rica,1,27,28,Germany,10287,İlkay Gündoğan,39565,Jamal Musiala,Complete,22.750164,74.9,41.9,80.3,19.8
3857292,2022-12-01,Group Stage,Costa Rica,1,27,35,Germany,39565,Jamal Musiala,10287,İlkay Gündoğan,Complete,13.839798,93.5,16.9,85.8,28.4
3857292,2022-12-01,Group Stage,Costa Rica,1,27,38,Germany,10287,İlkay Gündoğan,3053,Leroy Sané,Complete,15.493547,85.2,35.9,86.9,51.3
3857292,2022-12-01,Group Stage,Costa Rica,1,27,39,Germany,3053,Leroy Sané,6324,Leon Goretzka,Complete,7.3348484,86.9,51.3,80.3,48.1
3857292,2022-12-01,Group Stage,Costa Rica,1,27,41,Germany,6324,Leon Goretzka,12034,David Raum,Complete,46.40097,80.3,48.1,105.9,9.4
3857292,2022-12-01,Group Stage,Costa Rica,1,27,44,Germany,12034,David Raum,39565,Jamal Musiala,Complete,10.377379,110.4,7.4,104.9,16.2
3857292,2022-12-01,Group Stage,Costa Rica,1,27,49,Germany,39565,Jamal Musiala,10287,İlkay Gündoğan,Complete,6.676077,99.9,24.8,98.0,31.2
3857292,2022-12-01,Group Stage,Costa Rica,1,27,50,Germany,10287,İlkay Gündoğan,3053,Leroy Sané,Complete,6.7742157,96.9,31.8,95.9,38.5
3857292,2022-12-01,Group Stage,Costa Rica,1,27,50,Germany,3053,Leroy Sané,39565,Jamal Musiala,Complete,8.714356,95.9,38.5,104.6,38.0
3857292,2022-12-01,Group Stage,Costa Rica,1,27,56,Germany,3167,Antonio Rüdiger,5579,Joshua Kimmich,Complete,13.85388,68.5,42.1,79.2,50.9
3857292,2022-12-01,Group Stage,Costa Rica,1,27,59,Germany,5579,Joshua Kimmich,10287,İlkay Gündoğan,Incomplete,21.300234,82.2,51.5,90.3,31.8
3857292,2022-12-01,Group Stage,Costa Rica,1,28,36,Germany,5570,Manuel Neuer,5579,Joshua Kimmich,Complete,48.70616,7.0,36.1,34.5,76.3
3857292,2022-12-01,Group Stage,Costa Rica,1,28,38,Germany,5579,Joshua Kimmich,6322,Niklas Süle,Complete,16.250538,45.8,76.3,42.0,60.5
3857292,2022-12-01,Group Stage,Costa Rica,1,28,44,Germany,6322,Niklas Süle,5579,Joshua Kimmich,Complete,24.11514,55.4,55.4,68.1,75.9
3857292,2022-12-01,Group Stage,Costa Rica,1,28,47,Germany,5579,Joshua Kimmich,6322,Niklas Süle,Complete,18.667887,75.1,76.7,63.1,62.4
3857292,2022-12-01,Group Stage,Costa Rica,1,28,50,Germany,6322,Niklas Süle,3167,Antonio Rüdiger,Complete,27.515268,62.9,62.0,57.6,35.0
3857292,2022-12-01,Group Stage,Costa Rica,1,28,55,Germany,3167,Antonio Rüdiger,12034,David Raum,Complete,10.473777,75.1,24.8,82.8,17.7
3857292,2022-12-01,Group Stage,Costa Rica,1,28,56,Germany,12034,David Raum,3167,Antonio Rüdiger,Complete,11.240107,82.8,17.7,78.3,28.0
3857292,2022-12-01,Group Stage,Costa Rica,1,28,59,Germany,3167,Antonio Rüdiger,39565,Jamal Musiala,Incomplete,6.676077,79.6,19.4,86.0,17.5
3857292,2022-12-01,Group Stage,Costa Rica,1,29,5,Germany,6324,Leon Goretzka,6322,Niklas Süle,Complete,12.567418,70.0,29.7,58.7,35.2
3857292,2022-12-01,Group Stage,Costa Rica,1,29,7,Germany,6322,Niklas Süle,39565,Jamal Musiala,Complete,19.622946,63.1,34.8,82.2,30.3
3857292,2022-12-01,Group Stage,Costa Rica,1,29,10,Germany,39565,Jamal Musiala,5562,Thomas Müller,Complete,20.96521,86.5,35.9,94.2,55.4
3857292,2022-12-01,Group Stage,Costa Rica,1,29,11,Germany,5562,Thomas Müller,6324,Leon Goretzka,Complete,14.150971,94.2,55.4,82.2,47.9
3857292,2022-12-01,Group Stage,Costa Rica,1,29,14,Germany,6324,Leon Goretzka,5579,Joshua Kimmich,Complete,13.281567,88.2,53.4,92.4,66.0
3857292,2022-12-01,Group Stage,Costa Rica,1,29,17,Germany,5579,Joshua Kimmich,10287,İlkay Gündoğan,Complete,13.148384,88.4,63.3,82.6,51.5
3857292,2022-12-01,Group Stage,Costa Rica,1,29,20,Germany,10287,İlkay Gündoğan,5579,Joshua Kimmich,Complete,8.558621,86.7,52.8,87.7,61.3
3857292,2022-12-01,Group Stage,Costa Rica,1,29,21,Germany,5579,Joshua Kimmich,5562,Thomas Müller,Complete,14.549914,87.7,61.3,92.0,75.2
3857292,2022-12-01,Group Stage,Costa Rica,1,29,24,Germany,5562,Thomas Müller,5579,Joshua Kimmich,Complete,11.681182,94.4,75.9,88.2,66.0
3857292,2022-12-01,Group Stage,Costa Rica,1,29,26,Germany,5579,Joshua Kimmich,10287,İlkay Gündoğan,Complete,9.377633,88.2,66.0,84.7,57.3
3857292,2022-12-01,Group Stage,Costa Rica,1,29,27,Germany,10287,İlkay Gündoğan,39565,Jamal Musiala,Complete,24.416798,84.7,57.1,92.0,33.8
3857292,2022-12-01,Group Stage,Costa Rica,1,30,3,Germany,12034,David Raum,,,Incomplete,37.379272,120.0,0.1,111.5,36.5
3857292,2022-12-01,Group Stage,Costa Rica,1,30,24,Germany,5579,Joshua Kimmich,10287,İlkay Gündoğan,Complete,4.539824,8.2,56.6,8.8,61.1
3857292,2022-12-01,Group Stage,Costa Rica,1,30,24,Germany,10287,İlkay Gündoğan,5570,Manuel Neuer,Complete,15.616978,8.8,61.1,3.0,46.6
3857292,2022-12-01,Group Stage,Costa Rica,1,30,27,Germany,5570,Manuel Neuer,12034,David Raum,Complete,34.707058,3.0,46.6,15.7,14.3
3857292,2022-12-01,Group Stage,Costa Rica,1,30,34,Germany,12034,David Raum,6324,Leon Goretzka,Complete,20.854256,48.0,25.8,55.9,45.1
3857292,2022-12-01,Group Stage,Costa Rica,1,30,36,Germany,6324,Leon Goretzka,12034,David Raum,Complete,20.700241,57.2,45.5,62.9,25.6
3857292,2022-12-01,Group Stage,Costa Rica,1,30,40,Germany,12034,David Raum,5579,Joshua Kimmich,Complete,28.702091,72.6,28.4,76.0,56.9
3857292,2022-12-01,Group Stage,Costa Rica,1,30,46,Germany,5579,Joshua Kimmich,5562,Thomas Müller,Complete,9.060353,94.4,60.5,101.6,66.0
3857292,2022-12-01,Group Stage,Costa Rica,1,30,48,Germany,5562,Thomas Müller,,,Incomplete,33.083683,99.5,65.4,116.8,37.2
3857292,2022-12-01,Group Stage,Costa Rica,1,31,20,Germany,12034,David Raum,5570,Manuel Neuer,Complete,12.322337,10.7,17.5,3.5,27.5
3857292,2022-12-01,Group Stage,Costa Rica,1,31,23,Germany,5570,Manuel Neuer,5579,Joshua Kimmich,Complete,67.96624,4.7,28.2,51.8,77.2
3857292,2022-12-01,Group Stage,Costa Rica,1,31,28,Germany,5579,Joshua Kimmich,3053,Leroy Sané,Complete,59.20304,51.2,77.0,110.4,77.6
3857292,2022-12-01,Group Stage,Costa Rica,1,31,37,Germany,3053,Leroy Sané,5579,Joshua Kimmich,Complete,16.087883,110.0,67.3,96.1,59.2
3857292,2022-12-01,Group Stage,Costa Rica,1,31,39,Germany,5579,Joshua Kimmich,5562,Thomas Müller,Incomplete,15.4012985,96.1,59.2,108.3,49.8
3857292,2022-12-01,Group Stage,Costa Rica,1,31,50,Germany,10287,İlkay Gündoğan,5579,Joshua Kimmich,Complete,14.310835,85.4,67.5,79.0,54.7
3857292,2022-12-01,Group Stage,Costa Rica,1,31,54,Germany,5579,Joshua Kimmich,12034,David Raum,Complete,31.74555,80.3,52.4,82.0,20.7
3857292,2022-12-01,Group Stage,Costa Rica,1,31,58,Germany,12034,David Raum,8400,Serge Gnabry,Complete,8.827797,88.0,12.4,87.3,3.6
3857292,2022-12-01,Group Stage,Costa Rica,1,32,3,Germany,8400,Serge Gnabry,5579,Joshua Kimmich,Complete,21.683174,85.4,27.1,80.0,48.1
3857292,2022-12-01,Group Stage,Costa Rica,1,32,6,Germany,5579,Joshua Kimmich,10287,İlkay Gündoğan,Complete,25.44838,81.8,50.4,92.9,73.3
3857292,2022-12-01,Group Stage,Costa Rica,1,32,8,Germany,10287,İlkay Gündoğan,,,Incomplete,5.470832,93.9,71.0,98.6,68.2
3857292,2022-12-01,Group Stage,Costa Rica,1,32,18,Germany,5579,Joshua Kimmich,6322,Niklas Süle,Complete,16.546904,80.3,80.0,68.5,68.4
3857292,2022-12-01,Group Stage,Costa Rica,1,32,22,Germany,6322,Niklas Süle,10287,İlkay Gündoğan,Complete,12.030378,67.4,62.8,70.2,51.1
3857292,2022-12-01,Group Stage,Costa Rica,1,32,24,Germany,10287,İlkay Gündoğan,6322,Niklas Süle,Complete,7.4323616,70.2,51.1,63.4,54.1
3857292,2022-12-01,Group Stage,Costa Rica,1,32,25,Germany,6322,Niklas Süle,3167,Antonio Rüdiger,Complete,17.663805,63.4,54.1,64.9,36.5
3857292,2022-12-01,Group Stage,Costa Rica,1,32,28,Germany,3167,Antonio Rüdiger,12034,David Raum,Complete,23.645718,73.6,28.6,88.2,10.0
3857292,2022-12-01,Group Stage,Costa Rica,1,32,31,Germany,12034,David Raum,3167,Antonio Rüdiger,Complete,15.524175,88.0,10.2,75.8,19.8
3857292,2022-12-01,Group Stage,Costa Rica,1,32,34,Germany,3167,Antonio Rüdiger,10287,İlkay Gündoğan,Complete,10.123734,75.8,23.5,82.6,31.0
3857292,2022-12-01,Group Stage,Costa Rica,1,32,35,Germany,10287,İlkay Gündoğan,3167,Antonio Rüdiger,Complete,11.957006,82.6,31.0,76.2,20.9
3857292,2022-12-01,Group Stage,Costa Rica,1,32,37,Germany,3167,Antonio Rüdiger,10287,İlkay Gündoğan,Complete,7.392564,78.5,22.2,82.2,28.6
3857292,2022-12-01,Group Stage,Costa Rica,1,32,40,Germany,10287,İlkay Gündoğan,6324,Leon Goretzka,Complete,15.29477,77.5,34.4,75.8,49.6
3857292,2022-12-01,Group Stage,Costa Rica,1,32,42,Germany,6324,Leon Goretzka,10287,İlkay Gündoğan,Complete,11.6297035,75.5,49.6,80.9,39.3
3857292,2022-12-01,Group Stage,Costa Rica,1,32,45,Germany,10287,İlkay Gündoğan,5562,Thomas Müller,Complete,11.166468,81.3,36.7,91.8,32.9
3857292,2022-12-01,Group Stage,Costa Rica,1,32,45,Germany,5562,Thomas Müller,10287,İlkay Gündoğan,Complete,10.519031,91.8,32.9,82.2,28.6
3857292,2022-12-01,Group Stage,Costa Rica,1,32,48,Germany,10287,İlkay Gündoğan,8400,Serge Gnabry,Complete,15.357409,81.1,27.8,85.2,13.0
3857292,2022-12-01,Group Stage,Costa Rica,1,32,50,Germany,8400,Serge Gnabry,6324,Leon Goretzka,Complete,30.496065,85.2,13.0,79.2,42.9
3857292,2022-12-01,Group Stage,Costa Rica,1,32,53,Germany,6324,Leon Goretzka,5579,Joshua Kimmich,Complete,23.648468,79.2,42.9,88.6,64.6
3857292,2022-12-01,Group Stage,Costa Rica,1,32,55,Germany,5579,Joshua Kimmich,,,Out,66.78473,92.9,65.0,111.3,0.8
3857292,2022-12-01,Group Stage,Costa Rica,1,33,21,Germany,6324,Leon Goretzka,5579,Joshua Kimmich,Complete,47.477257,85.8,13.4,69.8,58.1
3857292,2022-12-01,Group Stage,Costa Rica,1,33,31,Germany,5579,Joshua Kimmich,6322,Niklas Süle,Complete,13.28533,88.6,62.6,81.3,51.5
3857292,2022-12-01,Group Stage,Costa Rica,1,33,33,Germany,6322,Niklas Süle,10287,İlkay Gündoğan,Complete,16.907394,81.3,51.5,81.8,34.6
3857292,2022-12-01,Group Stage,Costa Rica,1,33,36,Germany,10287,İlkay Gündoğan,8400,Serge Gnabry,Complete,32.276928,81.8,34.6,98.2,6.8
3857292,2022-12-01,Group Stage,Costa Rica,1,33,39,Germany,8400,Serge Gnabry,12034,David Raum,Complete,15.205262,98.2,6.8,110.6,15.6
3857292,2022-12-01,Group Stage,Costa Rica,1,33,41,Germany,12034,David Raum,6324,Leon Goretzka,Incomplete,22.435017,110.6,15.6,105.3,37.4
3857292,2022-12-01,Group Stage,Costa Rica,1,33,57,Germany,10287,İlkay Gündoğan,6324,Leon Goretzka,Complete,13.154847,81.5,26.0,92.7,32.9
3857292,2022-12-01,Group Stage,Costa Rica,1,34,0,Germany,6324,Leon Goretzka,5579,Joshua Kimmich,Complete,23.39252,93.1,34.6,86.7,57.1
3857292,2022-12-01,Group Stage,Costa Rica,1,34,31,Germany,12034,David Raum,10287,İlkay Gündoğan,Complete,22.26432,86.5,0.1,89.2,22.2
3857292,2022-12-01,Group Stage,Costa Rica,1,34,35,Germany,10287,İlkay Gündoğan,5579,Joshua Kimmich,Complete,33.01348,85.6,29.3,91.4,61.8
3857292,2022-12-01,Group Stage,Costa Rica,1,34,36,Germany,5579,Joshua Kimmich,6322,Niklas Süle,Complete,13.069813,91.4,61.8,80.3,54.9
3857292,2022-12-01,Group Stage,Costa Rica,1,34,39,Germany,6322,Niklas Süle,10287,İlkay Gündoğan,Complete,14.912076,75.5,54.5,80.9,40.6
3857292,2022-12-01,Group Stage,Costa Rica,1,34,44,Germany,10287,İlkay Gündoğan,6322,Niklas Süle,Complete,16.125135,81.8,41.0,80.9,57.1
3857292,2022-12-01,Group Stage,Costa Rica,1,34,46,Germany,6322,Niklas Süle,39565,Jamal Musiala,Complete,16.3487,80.9,57.1,96.7,61.3
3857292,2022-12-01,Group Stage,Costa Rica,1,34,47,Germany,39565,Jamal Musiala,6324,Leon Goretzka,Complete,7.5894666,96.7,61.3,99.1,54.1
3857292,2022-12-01,Group Stage,Costa Rica,1,34,49,Germany,6324,Leon Goretzka,5562,Thomas Müller,Complete,7.7077885,104.4,55.4,107.4,48.3
3857292,2022-12-01,Group Stage,Costa Rica,1,34,50,Germany,5562,Thomas Müller,,,Incomplete,15.770859,107.8,48.5,104.4,33.1
3857292,2022-12-01,Group Stage,Costa Rica,1,35,4,Germany,6322,Niklas Süle,3167,Antonio Rüdiger,Complete,10.384604,42.8,44.2,40.0,34.2
3857292,2022-12-01,Group Stage,Costa Rica,1,35,5,Germany,3167,Antonio Rüdiger,6322,Niklas Süle,Complete,10.770329,39.4,35.5,45.0,44.7
3857292,2022-12-01,Group Stage,Costa Rica,1,35,8,Germany,6322,Niklas Süle,39565,Jamal Musiala,Complete,22.292599,45.0,44.7,67.0,48.3
3857292,2022-12-01,Group Stage,Costa Rica,1,35,11,Germany,39565,Jamal Musiala,5579,Joshua Kimmich,Complete,6.5436993,67.0,48.3,62.9,53.4
3857292,2022-12-01,Group Stage,Costa Rica,1,35,13,Germany,5579,Joshua Kimmich,10287,İlkay Gündoğan,Complete,8.3,62.9,51.5,62.9,43.2
3857292,2022-12-01,Group Stage,Costa Rica,1,35,15,Germany,10287,İlkay Gündoğan,3167,Antonio Rüdiger,Complete,15.221038,62.9,43.2,62.1,28.0
3857292,2022-12-01,Group Stage,Costa Rica,1,35,19,Germany,3167,Antonio Rüdiger,12034,David Raum,Complete,27.86252,71.1,23.3,92.7,5.7
3857292,2022-12-01,Group Stage,Costa Rica,1,35,24,Germany,12034,David Raum,3167,Antonio Rüdiger,Complete,9.1836815,88.8,6.2,81.3,11.5
3857292,2022-12-01,Group Stage,Costa Rica,1,35,26,Germany,3167,Antonio Rüdiger,8400,Serge Gnabry,Complete,13.244244,81.3,11.5,94.2,14.5
3857292,2022-12-01,Group Stage,Costa Rica,1,35,27,Germany,8400,Serge Gnabry,39565,Jamal Musiala,Complete,11.810589,94.2,14.5,93.7,26.3
3857292,2022-12-01,Group Stage,Costa Rica,1,36,12,Germany,12034,David Raum,8400,Serge Gnabry,Complete,9.931767,41.3,21.8,50.3,26.0
3857292,2022-12-01,Group Stage,Costa Rica,1,36,13,Germany,8400,Serge Gnabry,3167,Antonio Rüdiger,Complete,18.681541,50.3,26.0,32.3,31.0
3857292,2022-12-01,Group Stage,Costa Rica,1,36,15,Germany,3167,Antonio Rüdiger,10287,İlkay Gündoğan,Complete,12.664912,32.3,31.0,44.5,34.4
3857292,2022-12-01,Group Stage,Costa Rica,1,36,18,Germany,10287,İlkay Gündoğan,6324,Leon Goretzka,Complete,26.7507,45.8,34.6,57.2,58.8
3857292,2022-12-01,Group Stage,Costa Rica,1,36,22,Germany,6324,Leon Goretzka,3053,Leroy Sané,Complete,10.192154,70.0,73.1,79.8,70.3
3857292,2022-12-01,Group Stage,Costa Rica,1,36,22,Germany,3053,Leroy Sané,5579,Joshua Kimmich,Complete,9.990496,79.8,70.3,73.2,77.8
3857292,2022-12-01,Group Stage,Costa Rica,1,36,23,Germany,5579,Joshua Kimmich,6322,Niklas Süle,Complete,17.461386,73.2,77.8,62.9,63.7
3857292,2022-12-01,Group Stage,Costa Rica,1,36,27,Germany,6322,Niklas Süle,10287,İlkay Gündoğan,Complete,11.2,63.1,58.6,63.1,47.4
3857292,2022-12-01,Group Stage,Costa Rica,1,36,28,Germany,10287,İlkay Gündoğan,6322,Niklas Süle,Complete,11.449454,63.1,47.4,68.1,57.7
3857292,2022-12-01,Group Stage,Costa Rica,1,36,30,Germany,6322,Niklas Süle,3167,Antonio Rüdiger,Complete,26.3,68.7,56.4,68.7,30.1
3857292,2022-12-01,Group Stage,Costa Rica,1,36,35,Germany,3167,Antonio Rüdiger,8400,Serge Gnabry,Complete,15.805062,79.2,19.2,89.0,6.8
3857292,2022-12-01,Group Stage,Costa Rica,1,36,38,Germany,8400,Serge Gnabry,3167,Antonio Rüdiger,Complete,15.52192,95.2,6.4,83.5,16.6
3857292,2022-12-01,Group Stage,Costa Rica,1,36,41,Germany,3167,Antonio Rüdiger,12034,David Raum,Complete,15.945532,84.7,16.9,94.6,4.4
3857292,2022-12-01,Group Stage,Costa Rica,1,36,45,Germany,12034,David Raum,3167,Antonio Rüdiger,Complete,19.856737,98.0,3.8,80.3,12.8
3857292,2022-12-01,Group Stage,Costa Rica,1,36,50,Germany,3167,Antonio Rüdiger,8400,Serge Gnabry,Complete,9.615092,84.7,16.0,93.3,20.3
3857292,2022-12-01,Group Stage,Costa Rica,1,36,51,Germany,8400,Serge Gnabry,3167,Antonio Rüdiger,Complete,10.012492,93.3,20.3,85.6,13.9
3857292,2022-12-01,Group Stage,Costa Rica,1,36,55,Germany,3167,Antonio Rüdiger,10287,İlkay Gündoğan,Complete,10.072239,89.9,15.1,85.8,24.3
3857292,2022-12-01,Group Stage,Costa Rica,1,36,58,Germany,10287,İlkay Gündoğan,6324,Leon Goretzka,Complete,14.094325,86.7,28.2,80.0,40.6
3857292,2022-12-01,Group Stage,Costa Rica,1,37,0,Germany,6324,Leon Goretzka,10287,İlkay Gündoğan,Complete,8.850988,80.0,40.6,84.7,33.1
3857292,2022-12-01,Group Stage,Costa Rica,1,37,2,Germany,10287,İlkay Gündoğan,6324,Leon Goretzka,Complete,9.2660675,83.5,34.8,79.0,42.9
3857292,2022-12-01,Group Stage,Costa Rica,1,37,3,Germany,6324,Leon Goretzka,10287,İlkay Gündoğan,Complete,10.557462,78.1,42.5,79.2,32.0
3857292,2022-12-01,Group Stage,Costa Rica,1,37,4,Germany,10287,İlkay Gündoğan,6322,Niklas Süle,Complete,12.088011,79.4,31.8,67.8,35.2
3857292,2022-12-01,Group Stage,Costa Rica,1,37,5,Germany,6322,Niklas Süle,3167,Antonio Rüdiger,Complete,21.418917,68.1,35.5,75.5,15.4
3857292,2022-12-01,Group Stage,Costa Rica,1,37,8,Germany,3167,Antonio Rüdiger,10287,İlkay Gündoğan,Complete,7.28011,75.5,15.4,81.3,19.8
3857292,2022-12-01,Group Stage,Costa Rica,1,37,11,Germany,10287,İlkay Gündoğan,6324,Leon Goretzka,Complete,14.2351675,81.3,19.8,80.3,34.0
3857292,2022-12-01,Group Stage,Costa Rica,1,37,12,Germany,6324,Leon Goretzka,6322,Niklas Süle,Complete,13.07402,80.3,34.0,68.1,38.7
3857292,2022-12-01,Group Stage,Costa Rica,1,37,15,Germany,6322,Niklas Süle,6324,Leon Goretzka,Complete,10.381715,72.1,48.5,82.4,47.2
3857292,2022-12-01,Group Stage,Costa Rica,1,37,16,Germany,6324,Leon Goretzka,39565,Jamal Musiala,Complete,11.1606455,82.4,47.2,89.0,56.2
3857292,2022-12-01,Group Stage,Costa Rica,1,37,21,Germany,6324,Leon Goretzka,5579,Joshua Kimmich,Complete,19.233305,80.5,52.4,74.9,70.8
3857292,2022-12-01,Group Stage,Costa Rica,1,37,23,Germany,5579,Joshua Kimmich,6322,Niklas Süle,Complete,13.520725,73.6,67.8,62.7,59.8
3857292,2022-12-01,Group Stage,Costa Rica,1,37,26,Germany,6322,Niklas Süle,3053,Leroy Sané,Complete,12.593649,62.7,59.8,75.1,62.0
3857292,2022-12-01,Group Stage,Costa Rica,1,37,29,Germany,3053,Leroy Sané,39565,Jamal Musiala,Complete,9.80816,74.3,54.5,83.7,51.7
3857292,2022-12-01,Group Stage,Costa Rica,1,37,31,Germany,39565,Jamal Musiala,,,Incomplete,23.503405,90.3,54.7,90.7,31.2
3857292,2022-12-01,Group Stage,Costa Rica,1,37,39,Germany,5579,Joshua Kimmich,10287,İlkay Gündoğan,Complete,10.733592,68.7,50.6,74.7,41.7
3857292,2022-12-01,Group Stage,Costa Rica,1,37,42,Germany,10287,İlkay Gündoğan,8400,Serge Gnabry,Complete,12.841339,75.3,35.5,82.4,24.8
3857292,2022-12-01,Group Stage,Costa Rica,1,37,44,Germany,8400,Serge Gnabry,12034,David Raum,Complete,18.895767,86.2,22.2,100.1,9.4
3857292,2022-12-01,Group Stage,Costa Rica,1,37,47,Germany,12034,David Raum,8400,Serge Gnabry,Complete,14.63284,95.7,4.2,81.3,6.8
3857292,2022-12-01,Group Stage,Costa Rica,1,37,49,Germany,8400,Serge Gnabry,10287,İlkay Gündoğan,Complete,13.717872,80.7,7.2,80.0,20.9
3857292,2022-12-01,Group Stage,Costa Rica,1,37,51,Germany,10287,İlkay Gündoğan,6322,Niklas Süle,Complete,26.782457,79.4,22.0,77.3,48.7
3857292,2022-12-01,Group Stage,Costa Rica,1,37,55,Germany,6322,Niklas Süle,5579,Joshua Kimmich,Complete,22.85476,80.7,53.0,95.4,70.5
3857292,2022-12-01,Group Stage,Costa Rica,1,37,58,Germany,5579,Joshua Kimmich,6322,Niklas Süle,Complete,16.880758,95.4,70.5,85.4,56.9
3857292,2022-12-01,Group Stage,Costa Rica,1,38,1,Germany,6322,Niklas Süle,39565,Jamal Musiala,Complete,10.324728,85.4,56.9,94.2,51.5
3857292,2022-12-01,Group Stage,Costa Rica,1,38,1,Germany,39565,Jamal Musiala,5579,Joshua Kimmich,Incomplete,20.586647,94.2,51.5,108.3,66.5
3857292,2022-12-01,Group Stage,Costa Rica,1,38,35,Germany,3053,Leroy Sané,6322,Niklas Süle,Complete,13.1106825,76.8,78.2,63.8,76.5
3857292,2022-12-01,Group Stage,Costa Rica,1,38,35,Germany,6322,Niklas Süle,6324,Leon Goretzka,Complete,12.5004,63.8,76.5,75.3,71.6
3857292,2022-12-01,Group Stage,Costa Rica,1,38,36,Germany,6324,Leon Goretzka,10287,İlkay Gündoğan,Complete,9.679876,75.3,71.6,70.0,63.5
3857292,2022-12-01,Group Stage,Costa Rica,1,38,39,Germany,10287,İlkay Gündoğan,12034,David Raum,Complete,27.530529,67.8,56.9,74.1,30.1
3857292,2022-12-01,Group Stage,Costa Rica,1,38,44,Germany,12034,David Raum,5562,Thomas Müller,Incomplete,23.012388,89.5,23.5,106.6,38.9
3857292,2022-12-01,Group Stage,Costa Rica,1,38,53,Germany,12034,David Raum,5562,Thomas Müller,Complete,29.904013,86.5,0.1,111.7,16.2
3857292,2022-12-01,Group Stage,Costa Rica,1,38,55,Germany,5562,Thomas Müller,8400,Serge Gnabry,Complete,8.820431,111.7,16.2,112.3,25.0
3857292,2022-12-01,Group Stage,Costa Rica,1,39,58,Germany,3167,Antonio Rüdiger,8400,Serge Gnabry,Incomplete,38.124664,43.5,21.8,77.0,3.6
3857292,2022-12-01,Group Stage,Costa Rica,1,40,15,Germany,5570,Manuel Neuer,6322,Niklas Süle,Complete,20.77354,14.8,56.4,32.1,44.9
3857292,2022-12-01,Group Stage,Costa Rica,1,40,18,Germany,6322,Niklas Süle,10287,İlkay Gündoğan,Complete,19.4,33.0,44.9,46.0,30.5
3857292,2022-12-01,Group Stage,Costa Rica,1,40,23,Germany,10287,İlkay Gündoğan,6322,Niklas Süle,Complete,17.184296,56.7,35.5,58.4,52.6
3857292,2022-12-01,Group Stage,Costa Rica,1,40,26,Germany,6322,Niklas Süle,5579,Joshua Kimmich,Complete,15.164762,62.7,54.7,66.8,69.3
3857292,2022-12-01,Group Stage,Costa Rica,1,40,29,Germany,5579,Joshua Kimmich,6322,Niklas Süle,Complete,12.6732,73.2,69.0,63.8,60.5
3857292,2022-12-01,Group Stage,Costa Rica,1,40,32,Germany,6322,Niklas Süle,3167,Antonio Rüdiger,Complete,23.992706,64.0,58.6,58.7,35.2
3857292,2022-12-01,Group Stage,Costa Rica,1,40,38,Germany,3167,Antonio Rüdiger,12034,David Raum,Complete,19.588007,74.3,25.8,85.6,9.8
3857292,2022-12-01,Group Stage,Costa Rica,1,40,40,Germany,12034,David Raum,8400,Serge Gnabry,Complete,7.1589108,86.0,9.8,90.7,4.4
3857292,2022-12-01,Group Stage,Costa Rica,1,40,40,Germany,8400,Serge Gnabry,39565,Jamal Musiala,Incomplete,17.80702,90.7,4.4,91.2,22.2
3857292,2022-12-01,Group Stage,Costa Rica,1,40,47,Germany,5570,Manuel Neuer,3167,Antonio Rüdiger,Complete,10.339246,24.6,3.8,31.5,11.5
3857292,2022-12-01,Group Stage,Costa Rica,1,40,51,Germany,3167,Antonio Rüdiger,6322,Niklas Süle,Complete,31.084562,37.5,19.0,51.8,46.6
3857292,2022-12-01,Group Stage,Costa Rica,1,40,54,Germany,6322,Niklas Süle,10287,İlkay Gündoğan,Complete,20.332487,52.4,45.3,63.4,28.2
3857292,2022-12-01,Group Stage,Costa Rica,1,40,56,Germany,10287,İlkay Gündoğan,12034,David Raum,Complete,35.144985,63.1,28.0,87.7,2.9
3857292,2022-12-01,Group Stage,Costa Rica,1,40,59,Germany,12034,David Raum,39565,Jamal Musiala,Complete,25.369272,93.5,4.7,99.7,29.3
3857292,2022-12-01,Group Stage,Costa Rica,1,41,0,Germany,39565,Jamal Musiala,5562,Thomas Müller,Complete,3.7054014,99.7,27.1,99.5,30.8
3857292,2022-12-01,Group Stage,Costa Rica,1,41,31,Germany,10287,İlkay Gündoğan,5562,Thomas Müller,Incomplete,6.9526973,74.1,24.1,79.4,28.6
3857292,2022-12-01,Group Stage,Costa Rica,1,41,33,Germany,12034,David Raum,5579,Joshua Kimmich,Incomplete,44.9,79.4,26.9,79.4,71.8
3857292,2022-12-01,Group Stage,Costa Rica,1,43,8,Germany,3053,Leroy Sané,5562,Thomas Müller,Incomplete,15.367498,18.2,79.7,30.2,70.1
3857292,2022-12-01,Group Stage,Costa Rica,1,43,11,Germany,5562,Thomas Müller,6324,Leon Goretzka,Complete,6.481512,25.5,75.0,20.4,71.0
3857292,2022-12-01,Group Stage,Costa Rica,1,43,11,Germany,6324,Leon Goretzka,39565,Jamal Musiala,Incomplete,12.432618,20.6,70.8,31.7,65.2
3857292,2022-12-01,Group Stage,Costa Rica,1,43,54,Germany,5570,Manuel Neuer,3167,Antonio Rüdiger,Complete,27.486906,6.5,50.6,33.8,47.4
3857292,2022-12-01,Group Stage,Costa Rica,1,44,3,Germany,3167,Antonio Rüdiger,6322,Niklas Süle,Complete,17.993887,33.8,47.4,50.5,54.1
3857292,2022-12-01,Group Stage,Costa Rica,1,44,5,Germany,6322,Niklas Süle,5579,Joshua Kimmich,Complete,21.200235,52.0,55.6,68.9,68.4
3857292,2022-12-01,Group Stage,Costa Rica,1,44,10,Germany,5579,Joshua Kimmich,6322,Niklas Süle,Complete,19.146017,74.3,74.8,58.7,63.7
3857292,2022-12-01,Group Stage,Costa Rica,1,44,12,Germany,6322,Niklas Süle,10287,İlkay Gündoğan,Complete,18.113531,58.7,63.7,66.6,47.4
3857292,2022-12-01,Group Stage,Costa Rica,1,44,14,Germany,10287,İlkay Gündoğan,6322,Niklas Süle,Complete,13.72953,66.6,47.4,61.9,60.3
3857292,2022-12-01,Group Stage,Costa Rica,1,44,15,Germany,6322,Niklas Süle,3167,Antonio Rüdiger,Complete,24.607315,61.9,60.3,62.5,35.7
3857292,2022-12-01,Group Stage,Costa Rica,1,44,18,Germany,3167,Antonio Rüdiger,12034,David Raum,Complete,20.341583,67.0,26.5,77.7,9.2
3857292,2022-12-01,Group Stage,Costa Rica,1,44,21,Germany,12034,David Raum,3167,Antonio Rüdiger,Complete,20.393137,78.3,10.2,69.1,28.4
3857292,2022-12-01,Group Stage,Costa Rica,1,44,23,Germany,3167,Antonio Rüdiger,10287,İlkay Gündoğan,Complete,8.605231,69.3,28.6,76.0,34.0
3857292,2022-12-01,Group Stage,Costa Rica,1,44,24,Germany,10287,İlkay Gündoğan,3167,Antonio Rüdiger,Complete,9.900505,76.0,34.0,68.9,27.1
3857292,2022-12-01,Group Stage,Costa Rica,1,44,25,Germany,3167,Antonio Rüdiger,6322,Niklas Süle,Complete,19.612751,69.1,27.1,67.0,46.6
3857292,2022-12-01,Group Stage,Costa Rica,1,44,30,Germany,6322,Niklas Süle,5562,Thomas Müller,Complete,25.14319,67.8,50.4,89.5,63.1
3857292,2022-12-01,Group Stage,Costa Rica,1,44,31,Germany,5562,Thomas Müller,3053,Leroy Sané,Complete,6.3890533,89.5,63.1,94.4,59.0
3857292,2022-12-01,Group Stage,Costa Rica,1,45,4,Germany,12034,David Raum,8400,Serge Gnabry,Complete,27.73175,93.1,0.1,116.8,14.5
3857292,2022-12-01,Group Stage,Costa Rica,1,45,7,Germany,8400,Serge Gnabry,6324,Leon Goretzka,Incomplete,30.56354,116.8,14.5,112.1,44.7
3857292,2022-12-01,Group Stage,Costa Rica,1,45,39,Germany,12034,David Raum,5562,Thomas Müller,Complete,49.211483,120.0,0.1,111.1,48.5
3857292,2022-12-01,Group Stage,Costa Rica,1,45,48,Germany,39565,Jamal Musiala,,,Incomplete,22.07827,88.2,51.9,99.1,32.7
3857292,2022-12-01,Group Stage,Costa Rica,2,45,6,Germany,6322,Niklas Süle,,,Incomplete,0.2,25.9,29.4,26.1,29.4
3857292,2022-12-01,Group Stage,Costa Rica,2,45,9,Germany,5579,Joshua Kimmich,3167,Antonio Rüdiger,Complete,17.018812,23.3,22.6,6.3,21.8
3857292,2022-12-01,Group Stage,Costa Rica,2,45,11,Germany,3167,Antonio Rüdiger,5570,Manuel Neuer,Complete,13.8246155,6.8,21.8,3.4,35.2
3857292,2022-12-01,Group Stage,Costa Rica,2,45,14,Germany,5570,Manuel Neuer,8507,Lukas Klostermann,Complete,18.824718,3.4,38.9,6.3,57.5
3857292,2022-12-01,Group Stage,Costa Rica,2,45,16,Germany,8507,Lukas Klostermann,3053,Leroy Sané,Complete,17.85497,6.6,56.5,18.4,69.9
3857292,2022-12-01,Group Stage,Costa Rica,2,45,17,Germany,3053,Leroy Sané,6322,Niklas Süle,Complete,13.7186,18.4,70.1,20.2,56.5
3857292,2022-12-01,Group Stage,Costa Rica,2,45,21,Germany,6322,Niklas Süle,10287,İlkay Gündoğan,Complete,18.59301,27.5,65.4,44.6,72.7
3857292,2022-12-01,Group Stage,Costa Rica,2,45,22,Germany,10287,İlkay Gündoğan,3053,Leroy Sané,Complete,13.736448,45.1,72.8,44.1,59.1
3857292,2022-12-01,Group Stage,Costa Rica,2,45,24,Germany,3053,Leroy Sané,6322,Niklas Süle,Complete,11.001818,44.9,62.3,35.1,67.3
3857292,2022-12-01,Group Stage,Costa Rica,2,45,27,Germany,6322,Niklas Süle,8507,Lukas Klostermann,Complete,4.248529,35.1,67.3,37.0,71.1
3857292,2022-12-01,Group Stage,Costa Rica,2,45,29,Germany,8507,Lukas Klostermann,5579,Joshua Kimmich,Complete,13.514807,37.0,70.7,39.9,57.5
3857292,2022-12-01,Group Stage,Costa Rica,2,45,33,Germany,5579,Joshua Kimmich,8507,Lukas Klostermann,Complete,17.362316,40.7,58.1,50.4,72.5
3857292,2022-12-01,Group Stage,Costa Rica,2,45,34,Germany,8507,Lukas Klostermann,5579,Joshua Kimmich,Complete,14.148499,52.5,72.5,42.8,62.2
3857292,2022-12-01,Group Stage,Costa Rica,2,45,37,Germany,5579,Joshua Kimmich,3167,Antonio Rüdiger,Complete,21.50093,43.8,49.7,44.0,28.2
3857292,2022-12-01,Group Stage,Costa Rica,2,45,41,Germany,3167,Antonio Rüdiger,12034,David Raum,Complete,26.3638,52.5,25.0,69.2,4.6
3857292,2022-12-01,Group Stage,Costa Rica,2,45,44,Germany,12034,David Raum,3167,Antonio Rüdiger,Complete,18.710691,62.9,5.3,46.9,15.0
3857292,2022-12-01,Group Stage,Costa Rica,2,45,46,Germany,3167,Antonio Rüdiger,6322,Niklas Süle,Complete,27.652487,45.6,15.3,53.5,41.8
3857292,2022-12-01,Group Stage,Costa Rica,2,45,53,Germany,6322,Niklas Süle,8507,Lukas Klostermann,Complete,21.038061,70.8,50.9,79.4,70.1
3857292,2022-12-01,Group Stage,Costa Rica,2,45,57,Germany,8507,Lukas Klostermann,6322,Niklas Süle,Complete,20.62062,85.5,71.7,70.0,58.1
3857292,2022-12-01,Group Stage,Costa Rica,2,45,59,Germany,6322,Niklas Süle,5579,Joshua Kimmich,Complete,5.0,70.0,58.1,73.0,54.1
3857292,2022-12-01,Group Stage,Costa Rica,2,46,0,Germany,5579,Joshua Kimmich,6322,Niklas Süle,Complete,10.7415085,73.5,53.6,64.8,59.9
3857292,2022-12-01,Group Stage,Costa Rica,2,46,2,Germany,6322,Niklas Süle,3167,Antonio Rüdiger,Complete,22.227236,64.5,59.3,63.4,37.1
3857292,2022-12-01,Group Stage,Costa Rica,2,46,6,Germany,3167,Antonio Rüdiger,12034,David Raum,Complete,19.803535,68.2,28.1,81.9,13.8
3857292,2022-12-01,Group Stage,Costa Rica,2,46,7,Germany,12034,David Raum,39565,Jamal Musiala,Complete,9.774457,81.9,13.8,88.4,21.1
3857292,2022-12-01,Group Stage,Costa Rica,2,46,9,Germany,39565,Jamal Musiala,3167,Antonio Rüdiger,Complete,18.82153,87.4,20.2,69.7,26.6
3857292,2022-12-01,Group Stage,Costa Rica,2,46,12,Germany,3167,Antonio Rüdiger,6322,Niklas Süle,Complete,20.012497,69.7,28.9,74.2,48.4
3857292,2022-12-01,Group Stage,Costa Rica,2,46,14,Germany,6322,Niklas Süle,8400,Serge Gnabry,Complete,48.487938,76.6,47.5,102.8,6.7
3857292,2022-12-01,Group Stage,Costa Rica,2,46,22,Germany,5579,Joshua Kimmich,8400,Serge Gnabry,Complete,11.792371,84.2,14.7,88.7,3.8
3857292,2022-12-01,Group Stage,Costa Rica,2,46,23,Germany,8400,Serge Gnabry,39565,Jamal Musiala,Complete,13.612494,88.7,3.8,92.4,16.9
3857292,2022-12-01,Group Stage,Costa Rica,2,46,26,Germany,39565,Jamal Musiala,10287,İlkay Gündoğan,Complete,17.004705,92.0,22.1,92.4,39.1
3857292,2022-12-01,Group Stage,Costa Rica,2,46,27,Germany,10287,İlkay Gündoğan,5562,Thomas Müller,Complete,15.6894865,92.4,42.1,97.0,27.1
3857292,2022-12-01,Group Stage,Costa Rica,2,46,30,Germany,5562,Thomas Müller,,,Out,35.850384,97.0,27.1,120.0,54.6
3857292,2022-12-01,Group Stage,Costa Rica,2,47,8,Germany,3167,Antonio Rüdiger,12034,David Raum,Complete,9.759098,45.1,16.3,38.1,9.5
3857292,2022-12-01,Group Stage,Costa Rica,2,47,10,Germany,12034,David Raum,5570,Manuel Neuer,Complete,26.38276,34.1,9.2,15.0,27.4
3857292,2022-12-01,Group Stage,Costa Rica,2,47,12,Germany,5570,Manuel Neuer,5579,Joshua Kimmich,Complete,22.229935,14.7,27.6,36.8,30.0
3857292,2022-12-01,Group Stage,Costa Rica,2,47,16,Germany,5579,Joshua Kimmich,8400,Serge Gnabry,Complete,54.202766,40.6,29.8,94.1,21.1
3857292,2022-12-01,Group Stage,Costa Rica,2,47,27,Germany,12034,David Raum,39565,Jamal Musiala,Complete,6.074537,91.6,0.1,97.3,2.2
3857292,2022-12-01,Group Stage,Costa Rica,2,47,30,Germany,39565,Jamal Musiala,5579,Joshua Kimmich,Complete,14.294754,94.1,8.8,83.6,18.5
3857292,2022-12-01,Group Stage,Costa Rica,2,47,33,Germany,5579,Joshua Kimmich,,,Incomplete,38.415882,83.2,18.5,104.9,50.2
3857292,2022-12-01,Group Stage,Costa Rica,2,47,47,Germany,8507,Lukas Klostermann,3053,Leroy Sané,Complete,15.794303,96.5,80.0,82.6,72.5
3857292,2022-12-01,Group Stage,Costa Rica,2,47,49,Germany,3053,Leroy Sané,5579,Joshua Kimmich,Complete,9.953894,78.5,74.0,82.3,64.8
3857292,2022-12-01,Group Stage,Costa Rica,2,47,50,Germany,5579,Joshua Kimmich,8507,Lukas Klostermann,Complete,9.2439165,82.3,64.4,83.2,73.6
3857292,2022-12-01,Group Stage,Costa Rica,2,47,51,Germany,8507,Lukas Klostermann,10287,İlkay Gündoğan,Complete,15.005332,83.2,73.6,88.6,59.6
3857292,2022-12-01,Group Stage,Costa Rica,2,47,54,Germany,10287,İlkay Gündoğan,12034,David Raum,Complete,40.343525,88.1,59.6,81.5,19.8
3857292,2022-12-01,Group Stage,Costa Rica,2,47,58,Germany,12034,David Raum,39565,Jamal Musiala,Complete,9.6166525,86.3,19.5,93.1,26.3
3857292,2022-12-01,Group Stage,Costa Rica,2,48,43,Germany,3167,Antonio Rüdiger,5579,Joshua Kimmich,Complete,12.169634,33.3,13.5,42.2,21.8
3857292,2022-12-01,Group Stage,Costa Rica,2,48,45,Germany,5579,Joshua Kimmich,8400,Serge Gnabry,Complete,36.989864,44.8,21.1,77.6,4.0
3857292,2022-12-01,Group Stage,Costa Rica,2,48,50,Germany,8400,Serge Gnabry,12034,David Raum,Complete,14.905368,78.4,3.3,63.5,2.9
3857292,2022-12-01,Group Stage,Costa Rica,2,48,52,Germany,12034,David Raum,5579,Joshua Kimmich,Complete,11.111256,63.5,2.9,63.0,14.0
3857292,2022-12-01,Group Stage,Costa Rica,2,48,54,Germany,5579,Joshua Kimmich,8507,Lukas Klostermann,Complete,32.445953,63.0,26.0,73.5,56.7
3857292,2022-12-01,Group Stage,Costa Rica,2,48,57,Germany,8507,Lukas Klostermann,3053,Leroy Sané,Complete,9.538343,75.8,59.9,80.5,68.2
3857292,2022-12-01,Group Stage,Costa Rica,2,49,0,Germany,3053,Leroy Sané,5579,Joshua Kimmich,Complete,16.347782,81.0,70.6,72.9,56.4
3857292,2022-12-01,Group Stage,Costa Rica,2,49,2,Germany,5579,Joshua Kimmich,3053,Leroy Sané,Complete,12.061924,72.2,57.2,74.7,69.0
3857292,2022-12-01,Group Stage,Costa Rica,2,49,6,Germany,3053,Leroy Sané,5579,Joshua Kimmich,Complete,9.552486,74.8,69.1,75.8,59.6
3857292,2022-12-01,Group Stage,Costa Rica,2,49,7,Germany,5579,Joshua Kimmich,8507,Lukas Klostermann,Complete,8.134495,75.8,59.4,78.7,67.0
3857292,2022-12-01,Group Stage,Costa Rica,2,49,9,Germany,8507,Lukas Klostermann,3053,Leroy Sané,Complete,19.292486,79.0,67.0,73.2,48.6
3857292,2022-12-01,Group Stage,Costa Rica,2,49,11,Germany,3053,Leroy Sané,6322,Niklas Süle,Complete,31.391878,74.0,47.0,50.4,67.7
3857292,2022-12-01,Group Stage,Costa Rica,2,49,16,Germany,6322,Niklas Süle,3167,Antonio Rüdiger,Complete,31.028051,49.8,66.7,54.3,36.0
3857292,2022-12-01,Group Stage,Costa Rica,2,49,21,Germany,3167,Antonio Rüdiger,,,Incomplete,17.93544,64.0,27.4,81.8,25.2
3857292,2022-12-01,Group Stage,Costa Rica,2,49,41,Germany,12034,David Raum,5579,Joshua Kimmich,Complete,25.588278,81.8,0.1,69.8,22.7
3857292,2022-12-01,Group Stage,Costa Rica,2,49,42,Germany,5579,Joshua Kimmich,12034,David Raum,Complete,19.912308,69.8,22.7,78.1,4.6
3857292,2022-12-01,Group Stage,Costa Rica,2,49,45,Germany,12034,David Raum,8400,Serge Gnabry,Complete,4.7127485,78.1,4.6,82.6,3.2
3857292,2022-12-01,Group Stage,Costa Rica,2,49,46,Germany,8400,Serge Gnabry,39565,Jamal Musiala,Incomplete,6.9720874,82.6,3.2,83.6,10.1
3857292,2022-12-01,Group Stage,Costa Rica,2,49,58,Germany,3167,Antonio Rüdiger,6322,Niklas Süle,Complete,10.855874,57.5,17.2,51.9,26.5
3857292,2022-12-01,Group Stage,Costa Rica,2,49,59,Germany,6322,Niklas Süle,12034,David Raum,Complete,22.701982,51.7,26.5,51.4,3.8
3857292,2022-12-01,Group Stage,Costa Rica,2,50,4,Germany,12034,David Raum,5570,Manuel Neuer,Complete,35.956223,43.0,3.3,13.6,24.0
3857292,2022-12-01,Group Stage,Costa Rica,2,50,7,Germany,5570,Manuel Neuer,6322,Niklas Süle,Complete,24.31152,15.4,26.6,27.3,47.8
3857292,2022-12-01,Group Stage,Costa Rica,2,50,10,Germany,6322,Niklas Süle,8507,Lukas Klostermann,Complete,23.28798,29.3,48.4,46.5,64.1
3857292,2022-12-01,Group Stage,Costa Rica,2,50,12,Germany,8507,Lukas Klostermann,6322,Niklas Süle,Complete,18.023596,47.8,65.4,36.7,51.2
3857292,2022-12-01,Group Stage,Costa Rica,2,50,14,Germany,6322,Niklas Süle,5579,Joshua Kimmich,Complete,21.335651,37.2,52.3,53.3,38.3
3857292,2022-12-01,Group Stage,Costa Rica,2,50,17,Germany,5579,Joshua Kimmich,39565,Jamal Musiala,Complete,21.520456,53.3,38.3,70.6,25.5
3857292,2022-12-01,Group Stage,Costa Rica,2,50,24,Germany,39565,Jamal Musiala,,,Incomplete,9.968952,71.9,29.0,74.2,19.3
3857292,2022-12-01,Group Stage,Costa Rica,2,50,43,Germany,5579,Joshua Kimmich,12034,David Raum,Complete,7.0767226,14.7,33.2,9.5,28.4
3857292,2022-12-01,Group Stage,Costa Rica,2,50,45,Germany,12034,David Raum,,,Out,26.024988,4.4,24.0,14.7,0.1
3857292,2022-12-01,Group Stage,Costa Rica,2,51,34,Germany,5570,Manuel Neuer,5579,Joshua Kimmich,Complete,16.50515,15.7,42.0,29.6,33.1
3857292,2022-12-01,Group Stage,Costa Rica,2,51,43,Germany,5579,Joshua Kimmich,3053,Leroy Sané,Complete,40.206093,54.3,50.5,94.5,51.2
3857292,2022-12-01,Group Stage,Costa Rica,2,51,50,Germany,3053,Leroy Sané,8507,Lukas Klostermann,Complete,13.354026,111.4,73.2,98.1,72.0
3857292,2022-12-01,Group Stage,Costa Rica,2,51,51,Germany,8507,Lukas Klostermann,39565,Jamal Musiala,Complete,7.741447,98.1,73.2,101.8,66.4
3857292,2022-12-01,Group Stage,Costa Rica,2,51,52,Germany,39565,Jamal Musiala,8507,Lukas Klostermann,Complete,3.8327537,102.8,66.2,101.8,69.9
3857292,2022-12-01,Group Stage,Costa Rica,2,51,54,Germany,8507,Lukas Klostermann,5579,Joshua Kimmich,Complete,15.07216,99.7,68.3,86.3,61.4
3857292,2022-12-01,Group Stage,Costa Rica,2,51,57,Germany,5579,Joshua Kimmich,8507,Lukas Klostermann,Complete,17.139719,89.0,60.9,104.6,68.0
3857292,2022-12-01,Group Stage,Costa Rica,2,51,59,Germany,8507,Lukas Klostermann,5579,Joshua Kimmich,Complete,15.564704,106.5,68.0,91.6,63.5
3857292,2022-12-01,Group Stage,Costa Rica,2,52,1,Germany,5579,Joshua Kimmich,3053,Leroy Sané,Complete,9.660746,91.6,63.0,87.4,54.3
3857292,2022-12-01,Group Stage,Costa Rica,2,52,6,Germany,3167,Antonio Rüdiger,12034,David Raum,Complete,26.457891,76.1,30.3,89.0,7.2
3857292,2022-12-01,Group Stage,Costa Rica,2,52,12,Germany,12034,David Raum,39565,Jamal Musiala,Complete,10.031949,88.1,12.9,97.3,16.9
3857292,2022-12-01,Group Stage,Costa Rica,2,52,16,Germany,39565,Jamal Musiala,,,Incomplete,11.936917,116.2,23.7,113.0,35.2
3857292,2022-12-01,Group Stage,Costa Rica,2,52,46,Germany,5579,Joshua Kimmich,39565,Jamal Musiala,Incomplete,13.752818,120.0,0.1,116.5,13.4
3857292,2022-12-01,Group Stage,Costa Rica,2,52,51,Germany,10287,İlkay Gündoğan,,,Incomplete,10.748023,81.8,14.7,89.4,22.3
3857292,2022-12-01,Group Stage,Costa Rica,2,53,3,Germany,12034,David Raum,10287,İlkay Gündoğan,Complete,12.831601,43.5,29.5,53.2,21.1
3857292,2022-12-01,Group Stage,Costa Rica,2,53,4,Germany,10287,İlkay Gündoğan,12034,David Raum,Complete,10.526158,53.2,21.1,43.0,23.7
3857292,2022-12-01,Group Stage,Costa Rica,2,53,8,Germany,12034,David Raum,3167,Antonio Rüdiger,Complete,15.000334,38.1,19.7,38.0,34.7
3857292,2022-12-01,Group Stage,Costa Rica,2,53,12,Germany,3167,Antonio Rüdiger,5579,Joshua Kimmich,Complete,14.177799,38.0,34.7,50.6,28.2
3857292,2022-12-01,Group Stage,Costa Rica,2,53,15,Germany,5579,Joshua Kimmich,12034,David Raum,Complete,26.140007,50.6,25.2,66.3,4.3
3857292,2022-12-01,Group Stage,Costa Rica,2,53,18,Germany,12034,David Raum,3167,Antonio Rüdiger,Complete,26.790483,63.5,3.8,51.2,27.6
3857292,2022-12-01,Group Stage,Costa Rica,2,53,20,Germany,3167,Antonio Rüdiger,6322,Niklas Süle,Complete,20.800962,51.4,28.1,51.6,48.9
3857292,2022-12-01,Group Stage,Costa Rica,2,53,23,Germany,6322,Niklas Süle,5562,Thomas Müller,Complete,19.742847,51.6,48.9,71.3,50.2
3857292,2022-12-01,Group Stage,Costa Rica,2,53,25,Germany,5562,Thomas Müller,8507,Lukas Klostermann,Complete,22.181524,71.6,49.6,73.5,71.7
3857292,2022-12-01,Group Stage,Costa Rica,2,53,30,Germany,8507,Lukas Klostermann,3053,Leroy Sané,Complete,15.915401,97.1,66.1,97.8,50.2
3857292,2022-12-01,Group Stage,Costa Rica,2,53,33,Germany,3053,Leroy Sané,39565,Jamal Musiala,Incomplete,19.177069,97.8,50.2,116.8,52.8
3857292,2022-12-01,Group Stage,Costa Rica,2,54,35,Germany,5579,Joshua Kimmich,,,Incomplete,47.894154,120.0,80.0,114.7,32.4
3857292,2022-12-01,Group Stage,Costa Rica,2,54,45,Germany,39565,Jamal Musiala,8400,Serge Gnabry,Complete,9.571834,108.8,21.8,100.7,26.9
3857292,2022-12-01,Group Stage,Costa Rica,2,54,51,Germany,5579,Joshua Kimmich,3053,Leroy Sané,Complete,17.323395,103.8,55.2,90.5,44.1
3857292,2022-12-01,Group Stage,Costa Rica,2,55,36,Germany,6322,Niklas Süle,,,Incomplete,28.786282,33.8,66.7,62.2,62.0
3857292,2022-12-01,Group Stage,Costa Rica,2,55,48,Germany,8507,Lukas Klostermann,6322,Niklas Süle,Complete,20.0085,44.1,80.0,34.4,62.5
3857292,2022-12-01,Group Stage,Costa Rica,2,55,50,Germany,6322,Niklas Süle,3167,Antonio Rüdiger,Complete,26.261759,35.7,59.9,33.9,33.7
3857292,2022-12-01,Group Stage,Costa Rica,2,55,56,Germany,3167,Antonio Rüdiger,5579,Joshua Kimmich,Complete,19.49051,45.1,26.5,60.3,38.7
3857292,2022-12-01,Group Stage,Costa Rica,2,56,0,Germany,5579,Joshua Kimmich,8507,Lukas Klostermann,Complete,32.66956,62.9,39.5,75.6,69.6
3857292,2022-12-01,Group Stage,Costa Rica,2,56,3,Germany,8507,Lukas Klostermann,5562,Thomas Müller,Complete,29.115631,79.8,67.0,98.4,44.6
3857292,2022-12-01,Group Stage,Costa Rica,2,56,5,Germany,5562,Thomas Müller,39565,Jamal Musiala,Incomplete,17.871765,98.4,44.4,96.8,26.6
3857292,2022-12-01,Group Stage,Costa Rica,2,56,25,Germany,8546,Niclas Füllkrug,39565,Jamal Musiala,Complete,7.823043,43.5,45.4,44.1,37.6
3857292,2022-12-01,Group Stage,Costa Rica,2,56,32,Germany,39565,Jamal Musiala,8546,Niclas Füllkrug,Complete,20.571825,90.7,40.8,99.9,22.4
3857292,2022-12-01,Group Stage,Costa Rica,2,56,35,Germany,8546,Niclas Füllkrug,,,Incomplete,4.204759,108.0,21.8,106.2,25.6
3857292,2022-12-01,Group Stage,Costa Rica,2,56,38,Germany,8546,Niclas Füllkrug,,,Incomplete,2.2203603,100.0,2.9,97.8,3.2
3857292,2022-12-01,Group Stage,Costa Rica,2,57,14,Germany,8507,Lukas Klostermann,5570,Manuel Neuer,Complete,19.331322,25.7,80.0,15.0,63.9
3857292,2022-12-01,Group Stage,Costa Rica,2,57,19,Germany,5570,Manuel Neuer,5579,Joshua Kimmich,Complete,20.58276,23.1,51.8,38.0,37.6
3857292,2022-12-01,Group Stage,Costa Rica,2,57,22,Germany,5579,Joshua Kimmich,12034,David Raum,Complete,34.74953,40.9,35.8,56.2,4.6
3857292,2022-12-01,Group Stage,Costa Rica,2,57,25,Germany,12034,David Raum,8400,Serge Gnabry,Incomplete,16.260996,67.7,2.2,75.8,16.3
3857292,2022-12-01,Group Stage,Costa Rica,2,59,18,Germany,8546,Niclas Füllkrug,5579,Joshua Kimmich,Complete,3.8118236,60.0,40.0,56.2,39.7
3857292,2022-12-01,Group Stage,Costa Rica,2,59,20,Germany,5579,Joshua Kimmich,3053,Leroy Sané,Complete,30.005999,56.2,39.7,62.2,69.1
3857292,2022-12-01,Group Stage,Costa Rica,2,59,25,Germany,3053,Leroy Sané,5579,Joshua Kimmich,Complete,9.124144,72.9,58.3,68.7,50.2
3857292,2022-12-01,Group Stage,Costa Rica,2,59,29,Germany,5579,Joshua Kimmich,12034,David Raum,Complete,26.931767,68.4,30.5,79.8,6.1
3857292,2022-12-01,Group Stage,Costa Rica,2,59,33,Germany,12034,David Raum,5579,Joshua Kimmich,Complete,17.523699,87.4,3.8,76.6,17.6
3857292,2022-12-01,Group Stage,Costa Rica,2,59,37,Germany,5579,Joshua Kimmich,3167,Antonio Rüdiger,Complete,7.648529,75.5,18.5,74.0,26.0
3857292,2022-12-01,Group Stage,Costa Rica,2,59,39,Germany,3167,Antonio Rüdiger,5579,Joshua Kimmich,Complete,9.962429,73.9,26.3,76.9,16.8
3857292,2022-12-01,Group Stage,Costa Rica,2,59,42,Germany,5579,Joshua Kimmich,12034,David Raum,Complete,19.300259,78.9,15.3,94.4,3.8
3857292,2022-12-01,Group Stage,Costa Rica,2,59,44,Germany,12034,David Raum,,,Incomplete,29.897158,98.1,3.2,109.1,31.0
3857292,2022-12-01,Group Stage,Costa Rica,2,60,3,Germany,39565,Jamal Musiala,8546,Niclas Füllkrug,Complete,16.519382,51.6,8.8,62.4,21.3
3857292,2022-12-01,Group Stage,Costa Rica,2,60,6,Germany,8546,Niclas Füllkrug,3053,Leroy Sané,Complete,12.637246,71.3,25.5,74.2,37.8
3857292,2022-12-01,Group Stage,Costa Rica,2,60,9,Germany,3053,Leroy Sané,39565,Jamal Musiala,Complete,18.278402,90.2,28.2,108.1,24.5
3857292,2022-12-01,Group Stage,Costa Rica,2,60,52,Germany,5562,Thomas Müller,8546,Niclas Füllkrug,Complete,21.51488,52.2,53.1,73.0,47.6
3857292,2022-12-01,Group Stage,Costa Rica,2,60,53,Germany,8546,Niclas Füllkrug,39565,Jamal Musiala,Complete,14.446107,73.5,47.3,64.5,36.0
3857292,2022-12-01,Group Stage,Costa Rica,2,61,0,Germany,39565,Jamal Musiala,5562,Thomas Müller,Complete,11.995416,97.5,33.4,103.3,43.9
3857292,2022-12-01,Group Stage,Costa Rica,2,61,29,Germany,5579,Joshua Kimmich,,,Incomplete,40.879948,120.0,80.0,109.1,40.6
3857292,2022-12-01,Group Stage,Costa Rica,2,61,33,Germany,6322,Niklas Süle,12034,David Raum,Complete,18.147451,81.9,45.0,93.2,30.8
3857292,2022-12-01,Group Stage,Costa Rica,2,61,37,Germany,12034,David Raum,8400,Serge Gnabry,Complete,20.056171,93.4,36.2,94.9,56.2
3857292,2022-12-01,Group Stage,Costa Rica,2,61,39,Germany,8400,Serge Gnabry,5579,Joshua Kimmich,Complete,22.912441,94.9,53.4,114.6,65.1
3857292,2022-12-01,Group Stage,Costa Rica,2,61,41,Germany,5579,Joshua Kimmich,3167,Antonio Rüdiger,Complete,21.119186,114.7,65.2,113.8,44.1
3857292,2022-12-01,Group Stage,Costa Rica,2,62,18,Germany,5579,Joshua Kimmich,12034,David Raum,Incomplete,8.731552,45.9,51.3,37.7,54.3
3857292,2022-12-01,Group Stage,Costa Rica,2,62,35,Germany,6322,Niklas Süle,5579,Joshua Kimmich,Complete,28.955828,32.8,59.3,49.0,35.3
3857292,2022-12-01,Group Stage,Costa Rica,2,62,40,Germany,5579,Joshua Kimmich,12034,David Raum,Complete,28.353483,64.3,28.6,76.9,3.2
3857292,2022-12-01,Group Stage,Costa Rica,2,62,44,Germany,12034,David Raum,5562,Thomas Müller,Incomplete,33.970577,97.3,5.4,100.7,39.2
3857292,2022-12-01,Group Stage,Costa Rica,2,62,54,Germany,8507,Lukas Klostermann,5579,Joshua Kimmich,Complete,16.589455,74.0,51.3,65.1,37.3
3857292,2022-12-01,Group Stage,Costa Rica,2,62,55,Germany,5579,Joshua Kimmich,8507,Lukas Klostermann,Complete,15.669716,66.1,37.3,63.8,52.8
3857292,2022-12-01,Group Stage,Costa Rica,2,62,57,Germany,8507,Lukas Klostermann,6322,Niklas Süle,Complete,12.9,63.8,52.8,50.9,52.8
3857292,2022-12-01,Group Stage,Costa Rica,2,62,59,Germany,6322,Niklas Süle,3053,Leroy Sané,Complete,17.404022,50.9,50.9,67.2,57.0
3857292,2022-12-01,Group Stage,Costa Rica,2,63,4,Germany,3053,Leroy Sané,,,Out,45.083477,79.4,52.6,120.0,72.2
3857292,2022-12-01,Group Stage,Costa Rica,2,63,37,Germany,8507,Lukas Klostermann,6322,Niklas Süle,Complete,12.879829,26.3,80.0,19.6,69.0
3857292,2022-12-01,Group Stage,Costa Rica,2,63,39,Germany,6322,Niklas Süle,3167,Antonio Rüdiger,Complete,27.901613,19.4,67.2,27.5,40.5
3857292,2022-12-01,Group Stage,Costa Rica,2,63,44,Germany,3167,Antonio Rüdiger,5579,Joshua Kimmich,Complete,16.531485,37.2,32.1,52.4,38.6
3857292,2022-12-01,Group Stage,Costa Rica,2,63,48,Germany,5579,Joshua Kimmich,8507,Lukas Klostermann,Complete,33.45923,54.5,40.2,70.1,69.8
3857292,2022-12-01,Group Stage,Costa Rica,2,63,52,Germany,8507,Lukas Klostermann,5579,Joshua Kimmich,Complete,17.585505,76.9,73.8,70.3,57.5
3857292,2022-12-01,Group Stage,Costa Rica,2,63,57,Germany,5579,Joshua Kimmich,8507,Lukas Klostermann,Complete,19.375242,74.5,46.0,77.1,65.2
3857292,2022-12-01,Group Stage,Costa Rica,2,63,59,Germany,8507,Lukas Klostermann,5562,Thomas Müller,Complete,14.839475,78.1,65.1,89.5,74.6
3857292,2022-12-01,Group Stage,Costa Rica,2,64,1,Germany,5562,Thomas Müller,5579,Joshua Kimmich,Complete,22.7864,90.2,74.6,76.1,56.7
3857292,2022-12-01,Group Stage,Costa Rica,2,64,4,Germany,5579,Joshua Kimmich,12034,David Raum,Complete,36.661697,76.8,48.6,82.6,12.4
3857292,2022-12-01,Group Stage,Costa Rica,2,64,8,Germany,12034,David Raum,8400,Serge Gnabry,Complete,13.723338,82.6,16.0,87.8,3.3
3857292,2022-12-01,Group Stage,Costa Rica,2,64,10,Germany,8400,Serge Gnabry,12034,David Raum,Complete,21.470446,89.4,5.0,110.7,7.7
3857292,2022-12-01,Group Stage,Costa Rica,2,64,12,Germany,12034,David Raum,,,Out,71.98514,111.7,8.0,115.2,79.9
3857292,2022-12-01,Group Stage,Costa Rica,2,64,53,Germany,6322,Niklas Süle,12034,David Raum,Complete,37.438618,66.9,57.2,47.8,25.0
3857292,2022-12-01,Group Stage,Costa Rica,2,65,0,Germany,12034,David Raum,3167,Antonio Rüdiger,Complete,6.5069194,55.8,17.9,56.1,24.4
3857292,2022-12-01,Group Stage,Costa Rica,2,65,4,Germany,3167,Antonio Rüdiger,6322,Niklas Süle,Complete,25.297035,62.5,25.2,68.8,49.7
3857292,2022-12-01,Group Stage,Costa Rica,2,65,7,Germany,6322,Niklas Süle,8546,Niclas Füllkrug,Complete,18.253767,71.9,52.3,87.3,42.5
3857292,2022-12-01,Group Stage,Costa Rica,2,65,14,Germany,8546,Niclas Füllkrug,5562,Thomas Müller,Complete,14.566056,79.7,47.5,91.6,39.1
3857292,2022-12-01,Group Stage,Costa Rica,2,65,15,Germany,5562,Thomas Müller,39565,Jamal Musiala,Incomplete,5.5973206,91.6,39.1,93.4,44.4
3857292,2022-12-01,Group Stage,Costa Rica,2,65,23,Germany,12034,David Raum,5570,Manuel Neuer,Complete,19.739553,31.2,21.6,12.9,29.0
3857292,2022-12-01,Group Stage,Costa Rica,2,65,27,Germany,5570,Manuel Neuer,6322,Niklas Süle,Complete,31.194872,9.5,32.9,33.1,53.3
3857292,2022-12-01,Group Stage,Costa Rica,2,65,31,Germany,6322,Niklas Süle,5579,Joshua Kimmich,Complete,21.20778,43.8,53.8,51.9,34.2
3857292,2022-12-01,Group Stage,Costa Rica,2,65,34,Germany,5579,Joshua Kimmich,39565,Jamal Musiala,Complete,18.49108,60.3,26.1,71.9,11.7
3857292,2022-12-01,Group Stage,Costa Rica,2,65,40,Germany,39565,Jamal Musiala,8546,Niclas Füllkrug,Complete,6.824954,96.5,17.9,100.8,23.2
3857292,2022-12-01,Group Stage,Costa Rica,2,65,40,Germany,8546,Niclas Füllkrug,39565,Jamal Musiala,Incomplete,8.6977005,100.8,23.2,109.4,24.5
3857292,2022-12-01,Group Stage,Costa Rica,2,66,9,Germany,3053,Leroy Sané,3167,Antonio Rüdiger,Complete,14.392359,85.5,0.1,72.2,5.6
3857292,2022-12-01,Group Stage,Costa Rica,2,66,12,Germany,3167,Antonio Rüdiger,5579,Joshua Kimmich,Complete,10.288342,72.2,5.6,81.8,1.9
3857292,2022-12-01,Group Stage,Costa Rica,2,66,23,Germany,5579,Joshua Kimmich,39565,Jamal Musiala,Complete,10.113358,80.5,26.5,89.7,22.3
3857292,2022-12-01,Group Stage,Costa Rica,2,66,32,Germany,8400,Serge Gnabry,5579,Joshua Kimmich,Complete,7.77946,91.1,57.3,85.7,51.7
3857292,2022-12-01,Group Stage,Costa Rica,2,66,33,Germany,5579,Joshua Kimmich,8227,Mario Götze,Complete,11.108555,85.7,51.7,96.5,54.3
3857292,2022-12-01,Group Stage,Costa Rica,2,66,34,Germany,8227,Mario Götze,8400,Serge Gnabry,Complete,17.902514,96.5,54.3,96.2,72.2
3857292,2022-12-01,Group Stage,Costa Rica,2,66,38,Germany,8400,Serge Gnabry,5579,Joshua Kimmich,Complete,13.600368,97.1,72.2,85.5,65.1
3857292,2022-12-01,Group Stage,Costa Rica,2,66,44,Germany,5579,Joshua Kimmich,8227,Mario Götze,Complete,15.654073,85.3,49.2,92.1,63.3
3857292,2022-12-01,Group Stage,Costa Rica,2,66,48,Germany,8227,Mario Götze,8966,Kai Havertz,Complete,33.56799,93.9,62.8,105.5,31.3
3857292,2022-12-01,Group Stage,Costa Rica,2,67,25,Germany,5579,Joshua Kimmich,8507,Lukas Klostermann,Complete,20.231165,46.4,56.0,26.3,58.3
3857292,2022-12-01,Group Stage,Costa Rica,2,67,28,Germany,8507,Lukas Klostermann,5570,Manuel Neuer,Complete,22.729715,23.4,57.3,3.4,46.5
3857292,2022-12-01,Group Stage,Costa Rica,2,67,31,Germany,5570,Manuel Neuer,3167,Antonio Rüdiger,Complete,28.922829,4.4,42.5,24.6,21.8
3857292,2022-12-01,Group Stage,Costa Rica,2,67,34,Germany,3167,Antonio Rüdiger,39565,Jamal Musiala,Complete,10.840664,35.4,9.2,44.0,15.8
3857292,2022-12-01,Group Stage,Costa Rica,2,67,41,Germany,39565,Jamal Musiala,8227,Mario Götze,Complete,26.90669,73.5,29.0,84.4,53.6
3857292,2022-12-01,Group Stage,Costa Rica,2,67,43,Germany,8227,Mario Götze,8400,Serge Gnabry,Complete,11.66919,91.6,54.1,95.2,65.2
3857292,2022-12-01,Group Stage,Costa Rica,2,67,49,Germany,8400,Serge Gnabry,,,Out,8.28734,117.2,54.6,120.0,46.8
3857292,2022-12-01,Group Stage,Costa Rica,2,70,59,Germany,8546,Niclas Füllkrug,39565,Jamal Musiala,Complete,13.476646,60.0,40.0,56.1,27.1
3857292,2022-12-01,Group Stage,Costa Rica,2,71,5,Germany,39565,Jamal Musiala,6322,Niklas Süle,Complete,22.267914,73.0,26.3,56.1,40.8
3857292,2022-12-01,Group Stage,Costa Rica,2,71,8,Germany,6322,Niklas Süle,8507,Lukas Klostermann,Complete,15.730543,55.8,41.0,64.2,54.3
3857292,2022-12-01,Group Stage,Costa Rica,2,71,11,Germany,8507,Lukas Klostermann,6322,Niklas Süle,Complete,14.094325,64.8,54.3,61.1,40.7
3857292,2022-12-01,Group Stage,Costa Rica,2,71,16,Germany,6322,Niklas Süle,3053,Leroy Sané,Complete,30.770927,76.9,28.6,90.3,0.9
3857292,2022-12-01,Group Stage,Costa Rica,2,71,25,Germany,3167,Antonio Rüdiger,6322,Niklas Süle,Complete,33.741516,38.8,8.2,52.8,38.9
3857292,2022-12-01,Group Stage,Costa Rica,2,71,28,Germany,6322,Niklas Süle,8227,Mario Götze,Complete,35.03955,53.8,40.8,77.4,66.7
3857292,2022-12-01,Group Stage,Costa Rica,2,71,33,Germany,8227,Mario Götze,8507,Lukas Klostermann,Complete,22.21936,84.5,73.2,68.2,58.1
3857292,2022-12-01,Group Stage,Costa Rica,2,71,35,Germany,8507,Lukas Klostermann,6322,Niklas Süle,Complete,12.790622,69.2,55.1,63.4,43.7
3857292,2022-12-01,Group Stage,Costa Rica,2,71,37,Germany,6322,Niklas Süle,3167,Antonio Rüdiger,Complete,19.875864,63.4,43.6,66.7,24.0
3857292,2022-12-01,Group Stage,Costa Rica,2,71,41,Germany,3167,Antonio Rüdiger,6322,Niklas Süle,Complete,35.710644,69.7,22.3,75.1,57.6
3857292,2022-12-01,Group Stage,Costa Rica,2,71,44,Germany,6322,Niklas Süle,5579,Joshua Kimmich,Complete,14.808105,76.1,57.0,80.3,42.8
3857292,2022-12-01,Group Stage,Costa Rica,2,71,46,Germany,5579,Joshua Kimmich,8400,Serge Gnabry,Complete,30.143822,80.3,42.1,89.2,70.9
3857292,2022-12-01,Group Stage,Costa Rica,2,71,48,Germany,8400,Serge Gnabry,5579,Joshua Kimmich,Complete,21.68986,89.2,71.1,79.5,51.7
3857292,2022-12-01,Group Stage,Costa Rica,2,71,54,Germany,5579,Joshua Kimmich,3053,Leroy Sané,Complete,36.915714,84.8,42.5,93.4,6.6
3857292,2022-12-01,Group Stage,Costa Rica,2,71,57,Germany,3053,Leroy Sané,8966,Kai Havertz,Complete,32.289318,93.2,6.1,107.8,34.9
3857292,2022-12-01,Group Stage,Costa Rica,2,72,1,Germany,5579,Joshua Kimmich,8546,Niclas Füllkrug,Complete,14.948244,96.3,32.9,106.2,44.1
3857292,2022-12-01,Group Stage,Costa Rica,2,72,2,Germany,8546,Niclas Füllkrug,8966,Kai Havertz,Complete,6.2128897,106.5,44.7,109.9,39.5
3857292,2022-12-01,Group Stage,Costa Rica,2,73,39,Germany,6322,Niklas Süle,5579,Joshua Kimmich,Complete,62.459106,25.7,74.9,67.4,28.4
3857292,2022-12-01,Group Stage,Costa Rica,2,73,42,Germany,5579,Joshua Kimmich,39565,Jamal Musiala,Complete,12.612692,71.1,27.9,82.3,22.1
3857292,2022-12-01,Group Stage,Costa Rica,2,73,50,Germany,39565,Jamal Musiala,3053,Leroy Sané,Complete,13.90863,93.2,7.7,98.4,20.6
3857292,2022-12-01,Group Stage,Costa Rica,2,73,51,Germany,3053,Leroy Sané,39565,Jamal Musiala,Complete,5.7801385,98.4,20.6,95.5,25.6
3857292,2022-12-01,Group Stage,Costa Rica,2,74,27,Germany,8227,Mario Götze,5579,Joshua Kimmich,Complete,6.041523,43.1,69.8,44.4,63.9
3857292,2022-12-01,Group Stage,Costa Rica,2,74,28,Germany,5579,Joshua Kimmich,3167,Antonio Rüdiger,Complete,31.360006,44.8,63.5,36.0,33.4
3857292,2022-12-01,Group Stage,Costa Rica,2,74,30,Germany,3167,Antonio Rüdiger,8546,Niclas Füllkrug,Incomplete,18.44397,36.0,33.2,38.3,51.5
3857292,2022-12-01,Group Stage,Costa Rica,2,75,10,Germany,39565,Jamal Musiala,8966,Kai Havertz,Complete,35.36453,41.2,30.3,73.5,15.9
3857292,2022-12-01,Group Stage,Costa Rica,2,75,14,Germany,8966,Kai Havertz,3053,Leroy Sané,Complete,34.24675,78.7,11.5,110.7,23.7
3857292,2022-12-01,Group Stage,Costa Rica,2,75,17,Germany,3053,Leroy Sané,8546,Niclas Füllkrug,Complete,21.17475,111.8,23.7,115.2,44.6
3857292,2022-12-01,Group Stage,Costa Rica,2,76,28,Germany,5579,Joshua Kimmich,,,Incomplete,40.383785,120.0,80.0,112.6,40.3
3857292,2022-12-01,Group Stage,Costa Rica,2,76,38,Germany,5579,Joshua Kimmich,39565,Jamal Musiala,Complete,15.738488,95.8,65.5,94.7,49.8
3857292,2022-12-01,Group Stage,Costa Rica,2,76,39,Germany,39565,Jamal Musiala,,,Incomplete,15.911317,94.7,49.8,106.1,38.7
3857292,2022-12-01,Group Stage,Costa Rica,2,77,11,Germany,8966,Kai Havertz,8400,Serge Gnabry,Complete,21.855206,86.0,30.5,106.6,23.2
3857292,2022-12-01,Group Stage,Costa Rica,2,77,49,Germany,5579,Joshua Kimmich,3167,Antonio Rüdiger,Incomplete,49.977295,120.0,0.1,111.8,49.4
3857292,2022-12-01,Group Stage,Costa Rica,2,78,17,Germany,5579,Joshua Kimmich,8966,Kai Havertz,Incomplete,37.981705,120.0,0.1,111.0,37.0
3857292,2022-12-01,Group Stage,Costa Rica,2,79,16,Germany,5570,Manuel Neuer,5579,Joshua Kimmich,Complete,38.059166,6.0,36.0,39.9,53.3
3857292,2022-12-01,Group Stage,Costa Rica,2,79,17,Germany,5579,Joshua Kimmich,39565,Jamal Musiala,Complete,64.14,39.9,53.3,78.4,2.0
3857292,2022-12-01,Group Stage,Costa Rica,2,79,44,Germany,3167,Antonio Rüdiger,5570,Manuel Neuer,Complete,31.119287,30.6,23.7,4.6,40.8
3857292,2022-12-01,Group Stage,Costa Rica,2,79,48,Germany,5570,Manuel Neuer,6322,Niklas Süle,Complete,25.837957,2.1,43.3,27.9,41.9
3857292,2022-12-01,Group Stage,Costa Rica,2,79,50,Germany,6322,Niklas Süle,5579,Joshua Kimmich,Complete,15.487091,27.9,41.9,33.6,27.5
3857292,2022-12-01,Group Stage,Costa Rica,2,79,53,Germany,5579,Joshua Kimmich,39565,Jamal Musiala,Complete,33.19051,35.0,27.5,59.4,5.0
3857292,2022-12-01,Group Stage,Costa Rica,2,79,55,Germany,39565,Jamal Musiala,5579,Joshua Kimmich,Complete,18.506485,63.5,5.0,54.2,21.0
3857292,2022-12-01,Group Stage,Costa Rica,2,80,2,Germany,5579,Joshua Kimmich,8507,Lukas Klostermann,Complete,31.013706,77.9,37.0,73.5,67.7
3857292,2022-12-01,Group Stage,Costa Rica,2,80,5,Germany,8507,Lukas Klostermann,6322,Niklas Süle,Complete,25.18293,74.1,67.7,62.4,45.4
3857292,2022-12-01,Group Stage,Costa Rica,2,80,9,Germany,6322,Niklas Süle,3167,Antonio Rüdiger,Complete,15.7,69.2,40.0,69.2,24.3
3857292,2022-12-01,Group Stage,Costa Rica,2,80,12,Germany,3167,Antonio Rüdiger,8227,Mario Götze,Complete,25.339693,74.1,22.4,91.2,3.7
3857292,2022-12-01,Group Stage,Costa Rica,2,80,15,Germany,8227,Mario Götze,3053,Leroy Sané,Complete,9.303762,91.2,3.7,95.2,12.1
3857292,2022-12-01,Group Stage,Costa Rica,2,80,16,Germany,3053,Leroy Sané,8227,Mario Götze,Complete,8.170679,95.2,12.1,87.6,9.1
3857292,2022-12-01,Group Stage,Costa Rica,2,80,19,Germany,8227,Mario Götze,8546,Niclas Füllkrug,Complete,15.508062,87.1,7.5,99.8,16.4
3857292,2022-12-01,Group Stage,Costa Rica,2,80,20,Germany,8546,Niclas Füllkrug,,,Incomplete,8.205486,99.8,16.1,100.1,24.3
3857292,2022-12-01,Group Stage,Costa Rica,2,80,25,Germany,5570,Manuel Neuer,6322,Niklas Süle,Complete,23.764048,39.0,46.3,61.8,53.0
3857292,2022-12-01,Group Stage,Costa Rica,2,80,31,Germany,6322,Niklas Süle,,,Incomplete,57.671223,67.0,53.3,104.4,9.4
3857292,2022-12-01,Group Stage,Costa Rica,2,80,38,Germany,3053,Leroy Sané,39565,Jamal Musiala,Complete,19.830532,94.7,7.5,95.8,27.3
3857292,2022-12-01,Group Stage,Costa Rica,2,80,42,Germany,39565,Jamal Musiala,8400,Serge Gnabry,Complete,30.700163,91.4,38.9,109.9,63.4
3857292,2022-12-01,Group Stage,Costa Rica,2,80,47,Germany,8400,Serge Gnabry,8507,Lukas Klostermann,Complete,13.529966,110.1,62.5,96.6,63.4
3857292,2022-12-01,Group Stage,Costa Rica,2,80,48,Germany,8507,Lukas Klostermann,39565,Jamal Musiala,Complete,11.421471,96.0,63.4,104.7,56.0
3857292,2022-12-01,Group Stage,Costa Rica,2,82,23,Germany,8507,Lukas Klostermann,5579,Joshua Kimmich,Complete,42.07006,9.2,73.7,43.4,49.2
3857292,2022-12-01,Group Stage,Costa Rica,2,82,25,Germany,5579,Joshua Kimmich,39565,Jamal Musiala,Complete,19.720295,54.0,37.9,64.8,54.4
3857292,2022-12-01,Group Stage,Costa Rica,2,82,29,Germany,39565,Jamal Musiala,8507,Lukas Klostermann,Complete,20.877739,70.3,53.9,62.1,73.1
3857292,2022-12-01,Group Stage,Costa Rica,2,82,31,Germany,8507,Lukas Klostermann,5579,Joshua Kimmich,Complete,18.042727,65.1,71.0,68.6,53.3
3857292,2022-12-01,Group Stage,Costa Rica,2,82,35,Germany,5579,Joshua Kimmich,3167,Antonio Rüdiger,Complete,24.648327,74.6,32.2,77.3,7.7
3857292,2022-12-01,Group Stage,Costa Rica,2,82,38,Germany,3167,Antonio Rüdiger,3053,Leroy Sané,Complete,13.6926985,77.3,7.7,90.3,3.4
3857292,2022-12-01,Group Stage,Costa Rica,2,82,44,Germany,3053,Leroy Sané,5579,Joshua Kimmich,Complete,27.986605,89.3,3.9,83.6,31.3
3857292,2022-12-01,Group Stage,Costa Rica,2,82,46,Germany,5579,Joshua Kimmich,8400,Serge Gnabry,Complete,36.292286,83.6,31.3,93.9,66.1
3857292,2022-12-01,Group Stage,Costa Rica,2,82,51,Germany,8400,Serge Gnabry,,,Incomplete,22.276669,94.4,62.3,110.4,46.8
3857292,2022-12-01,Group Stage,Costa Rica,2,83,39,Germany,3167,Antonio Rüdiger,8507,Lukas Klostermann,Complete,18.132015,34.7,51.4,17.3,46.3
3857292,2022-12-01,Group Stage,Costa Rica,2,83,40,Germany,8507,Lukas Klostermann,5570,Manuel Neuer,Complete,15.6205,17.3,46.3,2.1,42.7
3857292,2022-12-01,Group Stage,Costa Rica,2,83,44,Germany,5570,Manuel Neuer,8546,Niclas Füllkrug,Complete,45.935825,12.2,38.4,46.9,8.3
3857292,2022-12-01,Group Stage,Costa Rica,2,83,47,Germany,8546,Niclas Füllkrug,8966,Kai Havertz,Complete,6.9856997,46.9,8.3,48.5,15.1
3857292,2022-12-01,Group Stage,Costa Rica,2,83,49,Germany,8966,Kai Havertz,5579,Joshua Kimmich,Complete,18.908464,47.5,18.9,44.7,37.6
3857292,2022-12-01,Group Stage,Costa Rica,2,83,53,Germany,5579,Joshua Kimmich,8227,Mario Götze,Complete,32.64751,56.1,40.8,83.0,59.3
3857292,2022-12-01,Group Stage,Costa Rica,2,83,58,Germany,8227,Mario Götze,8400,Serge Gnabry,Complete,10.412012,95.8,62.3,98.7,72.3
3857292,2022-12-01,Group Stage,Costa Rica,2,84,1,Germany,8400,Serge Gnabry,8966,Kai Havertz,Complete,34.741474,105.5,71.5,113.1,37.6
3857292,2022-12-01,Group Stage,Costa Rica,2,85,19,Germany,39565,Jamal Musiala,8966,Kai Havertz,Complete,18.895767,93.0,38.7,106.9,25.9
3857292,2022-12-01,Group Stage,Costa Rica,2,85,54,Germany,8400,Serge Gnabry,8507,Lukas Klostermann,Complete,14.094325,36.3,71.0,41.5,57.9
3857292,2022-12-01,Group Stage,Costa Rica,2,85,56,Germany,8507,Lukas Klostermann,5579,Joshua Kimmich,Complete,7.291776,41.5,56.8,46.4,51.4
3857292,2022-12-01,Group Stage,Costa Rica,2,86,4,Germany,5579,Joshua Kimmich,3167,Antonio Rüdiger,Complete,22.818632,55.3,34.3,51.5,11.8
3857292,2022-12-01,Group Stage,Costa Rica,2,86,6,Germany,3167,Antonio Rüdiger,39565,Jamal Musiala,Complete,22.835938,58.0,11.0,79.8,4.2
3857292,2022-12-01,Group Stage,Costa Rica,2,86,7,Germany,39565,Jamal Musiala,3167,Antonio Rüdiger,Complete,14.567086,79.8,4.2,65.4,6.4
3857292,2022-12-01,Group Stage,Costa Rica,2,86,12,Germany,3167,Antonio Rüdiger,5579,Joshua Kimmich,Complete,14.937536,65.4,6.4,72.2,19.7
3857292,2022-12-01,Group Stage,Costa Rica,2,86,17,Germany,5579,Joshua Kimmich,3167,Antonio Rüdiger,Complete,15.31829,76.5,34.9,74.6,19.7
3857292,2022-12-01,Group Stage,Costa Rica,2,86,23,Germany,3167,Antonio Rüdiger,5579,Joshua Kimmich,Complete,12.551494,76.0,18.0,73.5,30.3
3857292,2022-12-01,Group Stage,Costa Rica,2,86,26,Germany,5579,Joshua Kimmich,3053,Leroy Sané,Complete,19.028662,74.6,30.5,90.6,20.2
3857292,2022-12-01,Group Stage,Costa Rica,2,86,28,Germany,3053,Leroy Sané,5579,Joshua Kimmich,Complete,13.566503,93.3,26.5,82.2,34.3
3857292,2022-12-01,Group Stage,Costa Rica,2,86,32,Germany,5579,Joshua Kimmich,8507,Lukas Klostermann,Complete,24.37314,77.0,33.2,74.1,57.4
3857292,2022-12-01,Group Stage,Costa Rica,2,86,35,Germany,8507,Lukas Klostermann,5579,Joshua Kimmich,Complete,13.309395,77.6,57.4,78.1,44.1
3857292,2022-12-01,Group Stage,Costa Rica,2,86,52,Germany,3167,Antonio Rüdiger,6322,Niklas Süle,Complete,24.817131,49.4,0.1,43.9,24.3
3857292,2022-12-01,Group Stage,Costa Rica,2,86,56,Germany,6322,Niklas Süle,5579,Joshua Kimmich,Complete,16.082289,43.9,24.3,59.7,21.3
3857292,2022-12-01,Group Stage,Costa Rica,2,87,4,Germany,5579,Joshua Kimmich,8507,Lukas Klostermann,Complete,20.115913,73.8,37.0,73.0,57.1
3857292,2022-12-01,Group Stage,Costa Rica,2,87,7,Germany,8507,Lukas Klostermann,5579,Joshua Kimmich,Complete,22.030207,74.1,60.1,70.3,38.4
3857292,2022-12-01,Group Stage,Costa Rica,2,87,10,Germany,5579,Joshua Kimmich,39565,Jamal Musiala,Complete,35.70224,70.3,38.4,84.4,5.6
3857292,2022-12-01,Group Stage,Costa Rica,2,87,15,Germany,39565,Jamal Musiala,3053,Leroy Sané,Complete,12.2147455,100.9,14.2,101.5,2.0
3857292,2022-12-01,Group Stage,Costa Rica,2,87,16,Germany,3053,Leroy Sané,,,Incomplete,32.255234,104.2,3.1,109.6,34.9
3857292,2022-12-01,Group Stage,Costa Rica,2,87,22,Germany,3167,Antonio Rüdiger,5579,Joshua Kimmich,Complete,10.9,77.6,26.7,77.6,37.6
3857292,2022-12-01,Group Stage,Costa Rica,2,87,26,Germany,5579,Joshua Kimmich,3167,Antonio Rüdiger,Complete,22.308743,79.5,37.0,81.7,14.8
3857292,2022-12-01,Group Stage,Costa Rica,2,87,30,Germany,3167,Antonio Rüdiger,,,Incomplete,33.331367,81.9,14.8,107.2,36.5
3857292,2022-12-01,Group Stage,Costa Rica,2,87,37,Germany,5570,Manuel Neuer,8507,Lukas Klostermann,Complete,10.900458,45.0,72.9,55.1,68.8
3857292,2022-12-01,Group Stage,Costa Rica,2,87,40,Germany,8507,Lukas Klostermann,6322,Niklas Süle,Complete,16.81071,55.1,68.8,54.5,52.0
3857292,2022-12-01,Group Stage,Costa Rica,2,87,45,Germany,6322,Niklas Süle,8966,Kai Havertz,Complete,23.686495,68.6,54.1,88.2,40.8
3857292,2022-12-01,Group Stage,Costa Rica,2,87,48,Germany,8966,Kai Havertz,3053,Leroy Sané,Incomplete,19.89799,83.3,45.7,102.0,52.5
3857292,2022-12-01,Group Stage,Costa Rica,2,87,55,Germany,5579,Joshua Kimmich,8966,Kai Havertz,Complete,6.4884515,78.7,62.0,84.6,59.3
3857292,2022-12-01,Group Stage,Costa Rica,2,87,58,Germany,8966,Kai Havertz,3167,Antonio Rüdiger,Complete,24.09585,83.3,57.9,70.8,37.3
3857292,2022-12-01,Group Stage,Costa Rica,2,88,3,Germany,3167,Antonio Rüdiger,8227,Mario Götze,Complete,30.688435,71.6,35.4,93.3,57.1
3857292,2022-12-01,Group Stage,Costa Rica,2,88,8,Germany,8227,Mario Götze,5579,Joshua Kimmich,Complete,15.641611,93.3,57.1,79.8,49.2
3857292,2022-12-01,Group Stage,Costa Rica,2,88,10,Germany,5579,Joshua Kimmich,3053,Leroy Sané,Complete,35.7,82.2,49.8,113.7,33.0
3857292,2022-12-01,Group Stage,Costa Rica,2,88,12,Germany,3053,Leroy Sané,8546,Niclas Füllkrug,Complete,9.563472,113.7,33.0,114.8,42.5
3857292,2022-12-01,Group Stage,Costa Rica,2,91,33,Germany,6322,Niklas Süle,5579,Joshua Kimmich,Complete,2.6,38.5,44.4,40.9,45.4
3857292,2022-12-01,Group Stage,Costa Rica,2,91,34,Germany,5579,Joshua Kimmich,8507,Lukas Klostermann,Complete,23.505318,40.9,45.4,31.4,66.9
3857292,2022-12-01,Group Stage,Costa Rica,2,91,39,Germany,8507,Lukas Klostermann,5579,Joshua Kimmich,Complete,18.984203,31.4,66.9,49.6,61.5
3857292,2022-12-01,Group Stage,Costa Rica,2,91,40,Germany,5579,Joshua Kimmich,8400,Serge Gnabry,Complete,12.576566,50.2,61.5,52.3,73.9
3857292,2022-12-01,Group Stage,Costa Rica,2,91,41,Germany,8400,Serge Gnabry,8507,Lukas Klostermann,Complete,21.395327,52.3,73.9,32.3,66.3
3857292,2022-12-01,Group Stage,Costa Rica,2,91,43,Germany,8507,Lukas Klostermann,6322,Niklas Süle,Complete,18.298906,33.6,66.1,31.7,47.9
3857292,2022-12-01,Group Stage,Costa Rica,2,91,48,Germany,6322,Niklas Süle,3167,Antonio Rüdiger,Complete,27.721832,41.8,39.5,48.5,12.6
3857292,2022-12-01,Group Stage,Costa Rica,2,91,51,Germany,3167,Antonio Rüdiger,3053,Leroy Sané,Complete,22.90262,48.5,12.6,69.2,2.8
3857292,2022-12-01,Group Stage,Costa Rica,2,91,57,Germany,3053,Leroy Sané,8546,Niclas Füllkrug,Incomplete,7.694154,70.5,25.6,77.3,29.2
3857292,2022-12-01,Group Stage,Costa Rica,2,91,59,Germany,8227,Mario Götze,3053,Leroy Sané,Complete,11.98207,81.4,38.1,93.3,39.5
3857292,2022-12-01,Group Stage,Costa Rica,2,92,35,Germany,8400,Serge Gnabry,8966,Kai Havertz,Complete,12.006665,100.1,80.0,106.1,69.6
3857292,2022-12-01,Group Stage,Costa Rica,2,93,12,Germany,5579,Joshua Kimmich,,,Incomplete,24.420483,23.3,31.9,45.3,21.3
3857292,2022-12-01,Group Stage,Costa Rica,2,93,20,Germany,3167,Antonio Rüdiger,8546,Niclas Füllkrug,Complete,33.0796,24.4,20.8,55.9,10.7
3857292,2022-12-01,Group Stage,Costa Rica,2,93,28,Germany,8546,Niclas Füllkrug,,,Out,62.177166,93.3,18.0,103.1,79.4
3857292,2022-12-01,Group Stage,Costa Rica,2,94,5,Germany,3167,Antonio Rüdiger,8808,Matthias Ginter,Complete,40.407177,42.0,18.0,6.5,37.3
3857292,2022-12-01,Group Stage,Costa Rica,2,94,11,Germany,8808,Matthias Ginter,5579,Joshua Kimmich,Complete,20.600971,34.2,34.3,54.8,34.1
3857292,2022-12-01,Group Stage,Costa Rica,2,94,13,Germany,5579,Joshua Kimmich,39565,Jamal Musiala,Complete,33.467747,54.2,34.1,78.7,11.3
3857292,2022-12-01,Group Stage,Costa Rica,2,94,19,Germany,39565,Jamal Musiala,3167,Antonio Rüdiger,Complete,26.310453,89.5,12.3,71.3,31.3
3857292,2022-12-01,Group Stage,Costa Rica,2,94,22,Germany,3167,Antonio Rüdiger,5579,Joshua Kimmich,Complete,12.488795,71.1,31.3,76.2,42.7
3857292,2022-12-01,Group Stage,Costa Rica,2,94,26,Germany,5579,Joshua Kimmich,8400,Serge Gnabry,Complete,30.923292,76.2,42.7,88.2,71.2
3857292,2022-12-01,Group Stage,Costa Rica,2,94,28,Germany,8400,Serge Gnabry,8507,Lukas Klostermann,Complete,13.903237,88.2,71.2,74.3,71.5
3857292,2022-12-01,Group Stage,Costa Rica,2,94,31,Germany,8507,Lukas Klostermann,8808,Matthias Ginter,Complete,29.93877,74.9,70.4,56.1,47.1
3857292,2022-12-01,Group Stage,Costa Rica,2,94,34,Germany,8808,Matthias Ginter,3167,Antonio Rüdiger,Complete,23.293776,59.7,43.8,68.9,22.4
3857292,2022-12-01,Group Stage,Costa Rica,2,94,37,Germany,3167,Antonio Rüdiger,5579,Joshua Kimmich,Complete,16.78392,70.8,19.4,78.9,34.1
3857292,2022-12-01,Group Stage,Costa Rica,2,94,40,Germany,5579,Joshua Kimmich,3053,Leroy Sané,Complete,16.360012,76.2,34.1,89.3,24.3
3857292,2022-12-01,Group Stage,Costa Rica,2,94,43,Germany,3053,Leroy Sané,39565,Jamal Musiala,Complete,15.49516,97.4,19.7,102.3,5.0
3857292,2022-12-01,Group Stage,Costa Rica,2,94,46,Germany,39565,Jamal Musiala,3053,Leroy Sané,Complete,9.732934,102.5,14.0,101.7,23.7
3857292,2022-12-01,Group Stage,Costa Rica,2,94,47,Germany,3053,Leroy Sané,39565,Jamal Musiala,Complete,9.265528,100.9,22.4,110.1,23.5
3857292,2022-12-01,Group Stage,Costa Rica,2,94,48,Germany,39565,Jamal Musiala,8227,Mario Götze,Complete,6.5053825,111.2,24.6,106.6,29.2
3857292,2022-12-01,Group Stage,Costa Rica,2,94,54,Germany,5579,Joshua Kimmich,8400,Serge Gnabry,Complete,15.730543,92.2,34.3,100.6,47.6
3857292,2022-12-01,Group Stage,Costa Rica,2,94,57,Germany,8400,Serge Gnabry,8546,Niclas Füllkrug,Complete,4.976947,100.6,46.8,102.5,42.2
3857292,2022-12-01,Group Stage,Costa Rica,2,95,6,Germany,8400,Serge Gnabry,5579,Joshua Kimmich,Complete,8.256513,84.6,34.6,76.5,36.2
3857292,2022-12-01,Group Stage,Costa Rica,2,95,8,Germany,5579,Joshua Kimmich,8966,Kai Havertz,Complete,40.493084,74.6,35.4,109.1,56.6
3857292,2022-12-01,Group Stage,Costa Rica,2,95,12,Germany,8966,Kai Havertz,8546,Niclas Füllkrug,Complete,25.468609,109.1,56.6,117.9,32.7
3857292,2022-12-01,Group Stage,Costa Rica,2,96,1,Germany,5579,Joshua Kimmich,39565,Jamal Musiala,Complete,50.312027,58.9,54.7,99.8,25.4
3857292,2022-12-01,Group Stage,Costa Rica,2,96,40,Germany,5579,Joshua Kimmich,,,Incomplete,41.170498,120.0,0.1,112.6,40.6
3857292,2022-12-01,Group Stage,Costa Rica,2,97,26,Germany,5570,Manuel Neuer,39565,Jamal Musiala,Complete,50.287174,9.5,38.7,52.3,12.3
3857292,2022-12-01,Group Stage,Costa Rica,2,97,36,Germany,39565,Jamal Musiala,8400,Serge Gnabry,Incomplete,4.9,96.0,21.0,96.0,25.9
3857292,2022-12-01,Group Stage,Costa Rica,2,98,5,Germany,8400,Serge Gnabry,5570,Manuel Neuer,Complete,18.365728,22.8,49.2,5.7,42.5
3857292,2022-12-01,Group Stage,Costa Rica,2,98,7,Germany,5570,Manuel Neuer,8966,Kai Havertz,Complete,42.437836,7.0,39.2,42.6,16.1
3857292,2022-12-01,Group Stage,Costa Rica,2,98,9,Germany,8966,Kai Havertz,8227,Mario Götze,Complete,8.438009,42.3,16.1,33.9,15.3
3857292,2022-12-01,Group Stage,Costa Rica,2,98,11,Germany,8227,Mario Götze,8546,Niclas Füllkrug,Complete,12.863126,33.9,15.3,45.0,8.8
3857292,2022-12-01,Group Stage,Costa Rica,2,98,17,Germany,8546,Niclas Füllkrug,3167,Antonio Rüdiger,Incomplete,12.050726,73.5,21.3,75.4,33.2
3857292,2022-12-01,Group Stage,Costa Rica,2,98,21,Germany,8507,Lukas Klostermann,8966,Kai Havertz,Complete,31.30016,58.6,38.4,79.5,61.7
3857292,2022-12-01,Group Stage,Costa Rica,2,98,22,Germany,8966,Kai Havertz,8227,Mario Götze,Complete,19.36001,81.9,60.9,92.8,44.9
3857292,2022-12-01,Group Stage,Costa Rica,2,98,50,Germany,8966,Kai Havertz,8507,Lukas Klostermann,Complete,25.349161,54.5,64.4,29.8,58.7
3857292,2022-12-01,Group Stage,Costa Rica,2,98,55,Germany,8507,Lukas Klostermann,8808,Matthias Ginter,Complete,21.703917,23.9,58.2,38.0,41.7
3857292,2022-12-01,Group Stage,Costa Rica,2,98,59,Germany,8808,Matthias Ginter,5579,Joshua Kimmich,Complete,16.324827,40.1,41.7,56.4,40.8
3857292,2022-12-01,Group Stage,Costa Rica,2,99,4,Germany,5579,Joshua Kimmich,8400,Serge Gnabry,Complete,40.88276,58.3,41.1,86.5,70.7
3857292,2022-12-01,Group Stage,Costa Rica,2,99,8,Germany,8400,Serge Gnabry,8966,Kai Havertz,Complete,11.648176,89.8,69.9,93.0,58.7
3857292,2022-12-01,Group Stage,Costa Rica,2,99,9,Germany,8966,Kai Havertz,,,Incomplete,7.877182,95.8,59.6,94.7,67.4
3857292,2022-12-01,Group Stage,Costa Rica,2,99,14,Germany,3053,Leroy Sané,8966,Kai Havertz,Complete,8.68159,85.7,49.2,93.6,52.8
3857292,2022-12-01,Group Stage,Costa Rica,2,99,15,Germany,8966,Kai Havertz,3053,Leroy Sané,Complete,7.0,93.6,52.2,93.6,45.2
3857292,2022-12-01,Group Stage,Costa Rica,2,99,16,Germany,3053,Leroy Sané,39565,Jamal Musiala,Complete,9.300538,93.6,44.9,102.5,47.6
3857292,2022-12-01,Group Stage,Costa Rica,2,99,22,Germany,8400,Serge Gnabry,39565,Jamal Musiala,Complete,8.570881,109.6,57.7,110.7,49.2
3857263,2022-11-27,Group Stage,Spain,1,0,12,Germany,6322,Niklas Süle,,,Out,13.124405,20.8,79.2,33.9,80.0
3857263,2022-11-27,Group Stage,Spain,1,0,38,Germany,6324,Leon Goretzka,10287,İlkay Gündoğan,Complete,16.714066,31.7,58.3,47.3,52.3
3857263,2022-11-27,Group Stage,Spain,1,1,30,Germany,8511,Thilo Kehrer,6322,Niklas Süle,Complete,38.940083,69.7,80.0,30.9,76.7
3857263,2022-11-27,Group Stage,Spain,1,1,36,Germany,6322,Niklas Süle,5570,Manuel Neuer,Complete,26.160467,16.2,75.9,7.3,51.3
3857263,2022-11-27,Group Stage,Spain,1,1,39,Germany,5570,Manuel Neuer,3167,Antonio Rüdiger,Complete,24.988398,8.6,45.7,10.7,20.8
3857263,2022-11-27,Group Stage,Spain,1,1,41,Germany,3167,Antonio Rüdiger,12034,David Raum,Complete,12.969194,11.3,15.3,17.1,3.7
3857263,2022-11-27,Group Stage,Spain,1,1,44,Germany,12034,David Raum,39565,Jamal Musiala,Complete,16.443844,14.5,4.7,25.3,17.1
3857263,2022-11-27,Group Stage,Spain,1,1,47,Germany,39565,Jamal Musiala,,,Unknown,6.6,19.5,22.2,19.5,15.6
3857263,2022-11-27,Group Stage,Spain,1,2,5,Germany,5570,Manuel Neuer,,,Incomplete,101.47562,19.5,15.6,110.6,60.3
3857263,2022-11-27,Group Stage,Spain,1,2,34,Germany,8511,Thilo Kehrer,5562,Thomas Müller,Incomplete,20.554804,109.9,80.0,111.4,59.5
3857263,2022-11-27,Group Stage,Spain,1,3,2,Germany,6324,Leon Goretzka,5562,Thomas Müller,Incomplete,47.754475,56.7,52.6,103.5,62.1
3857263,2022-11-27,Group Stage,Spain,1,3,46,Germany,8511,Thilo Kehrer,6324,Leon Goretzka,Complete,10.604244,44.8,77.4,45.1,66.8
3857263,2022-11-27,Group Stage,Spain,1,3,47,Germany,6324,Leon Goretzka,8400,Serge Gnabry,Complete,13.231024,45.1,66.8,52.6,77.7
3857263,2022-11-27,Group Stage,Spain,1,3,50,Germany,8400,Serge Gnabry,6324,Leon Goretzka,Complete,10.538027,56.0,68.2,54.3,57.8
3857263,2022-11-27,Group Stage,Spain,1,3,56,Germany,3167,Antonio Rüdiger,6322,Niklas Süle,Complete,5.4571056,28.4,57.8,27.1,63.1
3857263,2022-11-27,Group Stage,Spain,1,3,57,Germany,6322,Niklas Süle,5570,Manuel Neuer,Complete,27.2068,26.7,63.1,2.8,50.1
3857263,2022-11-27,Group Stage,Spain,1,4,2,Germany,5570,Manuel Neuer,3167,Antonio Rüdiger,Complete,13.34054,6.3,48.1,19.2,44.7
3857263,2022-11-27,Group Stage,Spain,1,4,3,Germany,3167,Antonio Rüdiger,5570,Manuel Neuer,Complete,15.282997,19.2,44.7,4.3,48.1
3857263,2022-11-27,Group Stage,Spain,1,4,5,Germany,5570,Manuel Neuer,12034,David Raum,Complete,32.433624,4.3,48.1,12.8,16.8
3857263,2022-11-27,Group Stage,Spain,1,4,9,Germany,12034,David Raum,39565,Jamal Musiala,Incomplete,2.6907248,12.5,16.8,14.3,14.8
3857263,2022-11-27,Group Stage,Spain,1,4,29,Germany,8400,Serge Gnabry,5579,Joshua Kimmich,Complete,8.860023,30.1,64.2,33.2,55.9
3857263,2022-11-27,Group Stage,Spain,1,4,30,Germany,5579,Joshua Kimmich,5570,Manuel Neuer,Complete,27.984638,32.2,55.9,8.9,40.4
3857263,2022-11-27,Group Stage,Spain,1,4,35,Germany,5570,Manuel Neuer,5562,Thomas Müller,Incomplete,51.59467,10.0,34.5,58.5,52.1
3857263,2022-11-27,Group Stage,Spain,1,4,41,Germany,10287,İlkay Gündoğan,5562,Thomas Müller,Incomplete,3.1953092,63.5,65.5,64.6,62.5
3857263,2022-11-27,Group Stage,Spain,1,7,38,Germany,6324,Leon Goretzka,8400,Serge Gnabry,Complete,11.672618,25.4,56.3,27.4,44.8
3857263,2022-11-27,Group Stage,Spain,1,9,21,Germany,12034,David Raum,5562,Thomas Müller,Incomplete,20.073116,14.8,0.1,34.6,3.4
3857263,2022-11-27,Group Stage,Spain,1,9,25,Germany,5579,Joshua Kimmich,5570,Manuel Neuer,Complete,14.301049,18.2,21.8,7.6,31.4
3857263,2022-11-27,Group Stage,Spain,1,9,28,Germany,5570,Manuel Neuer,8511,Thilo Kehrer,Complete,44.376682,8.9,35.5,38.9,68.2
3857263,2022-11-27,Group Stage,Spain,1,9,33,Germany,8511,Thilo Kehrer,6322,Niklas Süle,Complete,19.11073,39.6,73.4,26.7,59.3
3857263,2022-11-27,Group Stage,Spain,1,9,35,Germany,6322,Niklas Süle,5570,Manuel Neuer,Complete,25.031979,26.4,59.3,8.6,41.7
3857263,2022-11-27,Group Stage,Spain,1,9,38,Germany,5570,Manuel Neuer,12034,David Raum,Complete,39.461372,12.3,42.4,20.5,3.8
3857263,2022-11-27,Group Stage,Spain,1,9,42,Germany,12034,David Raum,3167,Antonio Rüdiger,Complete,12.677934,17.1,6.1,10.3,16.8
3857263,2022-11-27,Group Stage,Spain,1,9,44,Germany,3167,Antonio Rüdiger,39565,Jamal Musiala,Complete,22.90786,10.0,16.8,32.9,17.4
3857263,2022-11-27,Group Stage,Spain,1,9,47,Germany,39565,Jamal Musiala,10287,İlkay Gündoğan,Complete,19.610456,33.5,22.1,43.1,39.2
3857263,2022-11-27,Group Stage,Spain,1,9,48,Germany,10287,İlkay Gündoğan,6324,Leon Goretzka,Complete,6.129437,43.1,39.4,48.5,36.5
3857263,2022-11-27,Group Stage,Spain,1,9,54,Germany,6324,Leon Goretzka,8400,Serge Gnabry,Pass Offside,21.897945,93.9,49.8,115.5,53.4
3857263,2022-11-27,Group Stage,Spain,1,11,57,Germany,5562,Thomas Müller,10287,İlkay Gündoğan,Complete,6.3702435,67.2,40.6,62.9,35.9
3857263,2022-11-27,Group Stage,Spain,1,12,13,Germany,6322,Niklas Süle,39565,Jamal Musiala,Complete,47.324516,7.9,75.9,49.8,53.9
3857263,2022-11-27,Group Stage,Spain,1,12,15,Germany,39565,Jamal Musiala,5562,Thomas Müller,Complete,13.648809,49.6,53.3,54.6,40.6
3857263,2022-11-27,Group Stage,Spain,1,12,17,Germany,5562,Thomas Müller,39565,Jamal Musiala,Incomplete,12.083046,54.6,40.6,65.2,46.4
3857263,2022-11-27,Group Stage,Spain,1,12,24,Germany,5579,Joshua Kimmich,10287,İlkay Gündoğan,Complete,16.714664,50.0,71.4,66.7,70.7
3857263,2022-11-27,Group Stage,Spain,1,12,25,Germany,10287,İlkay Gündoğan,8400,Serge Gnabry,Complete,8.188406,66.7,70.7,62.8,77.9
3857263,2022-11-27,Group Stage,Spain,1,12,26,Germany,8400,Serge Gnabry,10287,İlkay Gündoğan,Complete,12.975746,62.9,77.4,61.5,64.5
3857263,2022-11-27,Group Stage,Spain,1,12,27,Germany,10287,İlkay Gündoğan,5579,Joshua Kimmich,Complete,6.9339743,61.5,64.5,57.7,70.3
3857263,2022-11-27,Group Stage,Spain,1,12,29,Germany,5579,Joshua Kimmich,39565,Jamal Musiala,Complete,12.083046,58.5,70.3,69.1,64.5
3857263,2022-11-27,Group Stage,Spain,1,13,5,Germany,6324,Leon Goretzka,5562,Thomas Müller,Complete,24.460785,73.7,53.9,98.0,56.7
3857263,2022-11-27,Group Stage,Spain,1,13,7,Germany,5562,Thomas Müller,8400,Serge Gnabry,Incomplete,6.4202805,98.4,57.0,94.5,62.1
3857263,2022-11-27,Group Stage,Spain,1,13,12,Germany,6324,Leon Goretzka,3167,Antonio Rüdiger,Complete,15.332319,70.7,58.0,62.9,44.8
3857263,2022-11-27,Group Stage,Spain,1,13,14,Germany,3167,Antonio Rüdiger,12034,David Raum,Complete,29.008448,62.9,44.8,63.6,15.8
3857263,2022-11-27,Group Stage,Spain,1,13,18,Germany,12034,David Raum,39565,Jamal Musiala,Complete,13.547324,80.3,13.0,89.1,23.3
3857263,2022-11-27,Group Stage,Spain,1,14,57,Germany,5570,Manuel Neuer,3167,Antonio Rüdiger,Complete,12.847178,7.0,36.1,5.9,23.3
3857263,2022-11-27,Group Stage,Spain,1,14,58,Germany,3167,Antonio Rüdiger,5579,Joshua Kimmich,Complete,9.302151,5.9,23.3,15.2,23.5
3857263,2022-11-27,Group Stage,Spain,1,15,1,Germany,5579,Joshua Kimmich,12034,David Raum,Complete,17.40115,14.5,22.1,14.3,4.7
3857263,2022-11-27,Group Stage,Spain,1,15,8,Germany,12034,David Raum,39565,Jamal Musiala,Complete,11.780067,40.4,3.1,49.8,10.2
3857263,2022-11-27,Group Stage,Spain,1,15,11,Germany,39565,Jamal Musiala,3167,Antonio Rüdiger,Complete,20.421556,46.8,8.3,27.0,13.3
3857263,2022-11-27,Group Stage,Spain,1,15,15,Germany,3167,Antonio Rüdiger,6322,Niklas Süle,Complete,31.416716,27.1,26.0,22.0,57.0
3857263,2022-11-27,Group Stage,Spain,1,15,19,Germany,6322,Niklas Süle,8511,Thilo Kehrer,Complete,17.713272,27.0,62.2,34.6,78.2
3857263,2022-11-27,Group Stage,Spain,1,15,21,Germany,8511,Thilo Kehrer,8400,Serge Gnabry,Complete,15.205262,34.6,78.2,49.8,78.6
3857263,2022-11-27,Group Stage,Spain,1,15,29,Germany,6322,Niklas Süle,5570,Manuel Neuer,Complete,27.82391,15.2,77.9,4.3,52.3
3857263,2022-11-27,Group Stage,Spain,1,15,32,Germany,5570,Manuel Neuer,12034,David Raum,Complete,45.06318,8.9,48.4,19.9,4.7
3857263,2022-11-27,Group Stage,Spain,1,15,37,Germany,12034,David Raum,3167,Antonio Rüdiger,Complete,15.701274,21.5,6.6,14.8,20.8
3857263,2022-11-27,Group Stage,Spain,1,15,40,Germany,3167,Antonio Rüdiger,5562,Thomas Müller,Pass Offside,41.117027,16.1,22.5,56.7,29.0
3857263,2022-11-27,Group Stage,Spain,1,16,7,Germany,8511,Thilo Kehrer,5579,Joshua Kimmich,Complete,20.294088,38.6,77.7,41.4,57.6
3857263,2022-11-27,Group Stage,Spain,1,16,9,Germany,5579,Joshua Kimmich,39565,Jamal Musiala,Complete,17.4,40.6,57.0,52.6,44.4
3857263,2022-11-27,Group Stage,Spain,1,16,15,Germany,39565,Jamal Musiala,8400,Serge Gnabry,Complete,17.7,80.0,60.8,80.0,78.5
3857263,2022-11-27,Group Stage,Spain,1,16,18,Germany,8400,Serge Gnabry,8511,Thilo Kehrer,Complete,13.72953,80.0,78.5,67.7,72.4
3857263,2022-11-27,Group Stage,Spain,1,16,20,Germany,8511,Thilo Kehrer,6322,Niklas Süle,Complete,19.024458,65.9,71.3,52.7,57.6
3857263,2022-11-27,Group Stage,Spain,1,16,22,Germany,6322,Niklas Süle,3167,Antonio Rüdiger,Complete,14.143904,52.6,55.3,46.8,42.4
3857263,2022-11-27,Group Stage,Spain,1,16,25,Germany,3167,Antonio Rüdiger,12034,David Raum,Complete,24.720234,51.0,44.1,50.0,19.4
3857263,2022-11-27,Group Stage,Spain,1,16,31,Germany,12034,David Raum,3167,Antonio Rüdiger,Complete,11.237883,50.3,12.0,39.3,14.3
3857263,2022-11-27,Group Stage,Spain,1,16,33,Germany,3167,Antonio Rüdiger,5570,Manuel Neuer,Complete,29.680466,38.6,14.3,18.9,36.5
3857263,2022-11-27,Group Stage,Spain,1,16,36,Germany,5570,Manuel Neuer,6322,Niklas Süle,Complete,16.280048,19.2,39.9,29.0,52.9
3857263,2022-11-27,Group Stage,Spain,1,16,41,Germany,6322,Niklas Süle,12034,David Raum,Complete,65.98977,40.8,52.1,86.4,4.4
3857263,2022-11-27,Group Stage,Spain,1,18,20,Germany,12034,David Raum,5562,Thomas Müller,Out,37.5,52.3,0.1,89.8,0.1
3857263,2022-11-27,Group Stage,Spain,1,18,48,Germany,6322,Niklas Süle,8511,Thilo Kehrer,Complete,10.897706,40.6,49.6,32.6,57.0
3857263,2022-11-27,Group Stage,Spain,1,18,51,Germany,8511,Thilo Kehrer,5570,Manuel Neuer,Complete,25.850725,31.2,56.7,11.3,40.2
3857263,2022-11-27,Group Stage,Spain,1,18,54,Germany,5570,Manuel Neuer,5562,Thomas Müller,Incomplete,55.029446,14.0,33.5,69.0,31.7
3857263,2022-11-27,Group Stage,Spain,1,19,13,Germany,12034,David Raum,39565,Jamal Musiala,Incomplete,17.728226,48.3,0.1,58.5,14.6
3857263,2022-11-27,Group Stage,Spain,1,19,19,Germany,39565,Jamal Musiala,5562,Thomas Müller,Complete,2.9206164,62.8,12.3,64.6,14.6
3857263,2022-11-27,Group Stage,Spain,1,19,19,Germany,5562,Thomas Müller,12034,David Raum,Incomplete,5.7870545,64.6,14.6,63.6,8.9
3857263,2022-11-27,Group Stage,Spain,1,20,17,Germany,5579,Joshua Kimmich,6322,Niklas Süle,Complete,13.201515,57.0,33.7,43.8,33.9
3857263,2022-11-27,Group Stage,Spain,1,20,20,Germany,6322,Niklas Süle,8511,Thilo Kehrer,Complete,23.789913,43.8,39.2,46.8,62.8
3857263,2022-11-27,Group Stage,Spain,1,20,23,Germany,8511,Thilo Kehrer,5570,Manuel Neuer,Complete,36.44242,44.4,62.8,15.5,40.6
3857263,2022-11-27,Group Stage,Spain,1,20,29,Germany,5570,Manuel Neuer,5562,Thomas Müller,Incomplete,61.076427,17.9,27.0,69.1,60.3
3857263,2022-11-27,Group Stage,Spain,1,21,33,Germany,5570,Manuel Neuer,3167,Antonio Rüdiger,Complete,10.547511,7.0,36.1,3.1,26.3
3857263,2022-11-27,Group Stage,Spain,1,21,34,Germany,3167,Antonio Rüdiger,12034,David Raum,Complete,22.365152,4.8,25.7,10.6,4.1
3857263,2022-11-27,Group Stage,Spain,1,21,40,Germany,12034,David Raum,6324,Leon Goretzka,Complete,16.744253,50.8,20.8,46.2,36.9
3857263,2022-11-27,Group Stage,Spain,1,21,42,Germany,6324,Leon Goretzka,5579,Joshua Kimmich,Complete,5.5605755,46.2,36.9,42.8,32.5
3857263,2022-11-27,Group Stage,Spain,1,21,43,Germany,5579,Joshua Kimmich,8511,Thilo Kehrer,Complete,38.183765,41.1,36.9,46.5,74.7
3857263,2022-11-27,Group Stage,Spain,1,21,46,Germany,8511,Thilo Kehrer,8400,Serge Gnabry,Complete,11.2272,50.8,76.2,61.5,79.6
3857263,2022-11-27,Group Stage,Spain,1,21,48,Germany,8400,Serge Gnabry,5562,Thomas Müller,Complete,22.023851,62.9,79.6,77.6,63.2
3857263,2022-11-27,Group Stage,Spain,1,21,49,Germany,5562,Thomas Müller,10287,İlkay Gündoğan,Complete,16.502424,77.6,63.2,86.8,76.9
3857263,2022-11-27,Group Stage,Spain,1,21,51,Germany,10287,İlkay Gündoğan,8511,Thilo Kehrer,Incomplete,22.294842,88.4,72.4,76.9,53.3
3857263,2022-11-27,Group Stage,Spain,1,22,28,Germany,3167,Antonio Rüdiger,39565,Jamal Musiala,Complete,29.338882,41.1,3.4,67.2,16.8
3857263,2022-11-27,Group Stage,Spain,1,22,59,Germany,12034,David Raum,5562,Thomas Müller,Complete,12.349089,105.2,0.1,111.7,10.6
3857263,2022-11-27,Group Stage,Spain,1,24,2,Germany,6322,Niklas Süle,39565,Jamal Musiala,Complete,10.163661,81.9,30.7,91.8,28.4
3857263,2022-11-27,Group Stage,Spain,1,24,3,Germany,39565,Jamal Musiala,5562,Thomas Müller,Complete,7.376313,91.8,28.4,93.8,35.5
3857263,2022-11-27,Group Stage,Spain,1,24,4,Germany,5562,Thomas Müller,10287,İlkay Gündoğan,Complete,10.107423,94.5,38.5,103.5,43.1
3857263,2022-11-27,Group Stage,Spain,1,25,42,Germany,8400,Serge Gnabry,5579,Joshua Kimmich,Complete,5.208647,64.2,57.3,64.5,52.1
3857263,2022-11-27,Group Stage,Spain,1,25,44,Germany,5579,Joshua Kimmich,6322,Niklas Süle,Complete,13.433167,64.2,51.9,51.9,57.3
3857263,2022-11-27,Group Stage,Spain,1,25,45,Germany,6322,Niklas Süle,3167,Antonio Rüdiger,Complete,13.110301,51.9,57.3,47.1,45.1
3857263,2022-11-27,Group Stage,Spain,1,25,47,Germany,3167,Antonio Rüdiger,6322,Niklas Süle,Complete,11.543396,47.1,45.1,46.1,56.6
3857263,2022-11-27,Group Stage,Spain,1,25,48,Germany,6322,Niklas Süle,5570,Manuel Neuer,Complete,33.274616,44.8,56.6,15.2,41.4
3857263,2022-11-27,Group Stage,Spain,1,25,53,Germany,5570,Manuel Neuer,8511,Thilo Kehrer,Incomplete,34.87377,16.2,35.8,37.9,63.1
3857263,2022-11-27,Group Stage,Spain,1,26,17,Germany,5570,Manuel Neuer,12034,David Raum,Complete,29.347061,10.0,30.3,24.7,4.9
3857263,2022-11-27,Group Stage,Spain,1,26,19,Germany,12034,David Raum,39565,Jamal Musiala,Complete,11.521285,32.9,4.1,44.4,3.4
3857263,2022-11-27,Group Stage,Spain,1,26,34,Germany,12034,David Raum,3167,Antonio Rüdiger,Complete,14.805405,46.5,2.7,31.7,3.1
3857263,2022-11-27,Group Stage,Spain,1,26,36,Germany,3167,Antonio Rüdiger,5570,Manuel Neuer,Complete,31.237318,31.7,3.1,13.8,28.7
3857263,2022-11-27,Group Stage,Spain,1,26,40,Germany,5570,Manuel Neuer,3167,Antonio Rüdiger,Complete,14.286357,15.1,28.7,20.8,15.6
3857263,2022-11-27,Group Stage,Spain,1,26,43,Germany,3167,Antonio Rüdiger,39565,Jamal Musiala,Complete,20.934422,19.9,15.3,40.8,16.5
3857263,2022-11-27,Group Stage,Spain,1,26,45,Germany,39565,Jamal Musiala,12034,David Raum,Complete,6.2,34.5,9.6,34.5,3.4
3857263,2022-11-27,Group Stage,Spain,1,26,47,Germany,12034,David Raum,5579,Joshua Kimmich,Complete,10.866922,34.5,3.1,31.7,13.6
3857263,2022-11-27,Group Stage,Spain,1,26,48,Germany,5579,Joshua Kimmich,3167,Antonio Rüdiger,Complete,10.903669,31.7,14.6,20.9,16.1
3857263,2022-11-27,Group Stage,Spain,1,26,50,Germany,3167,Antonio Rüdiger,6322,Niklas Süle,Complete,14.866069,19.9,22.8,18.5,37.6
3857263,2022-11-27,Group Stage,Spain,1,26,55,Germany,6322,Niklas Süle,10287,İlkay Gündoğan,Complete,19.884165,22.7,53.3,42.4,56.0
3857263,2022-11-27,Group Stage,Spain,1,26,56,Germany,10287,İlkay Gündoğan,5579,Joshua Kimmich,Complete,11.933147,42.4,56.0,33.2,48.4
3857263,2022-11-27,Group Stage,Spain,1,26,58,Germany,5579,Joshua Kimmich,3167,Antonio Rüdiger,Complete,38.72002,31.2,48.1,8.0,17.1
3857263,2022-11-27,Group Stage,Spain,1,27,5,Germany,3167,Antonio Rüdiger,12034,David Raum,Complete,14.403125,4.6,15.1,13.0,3.4
3857263,2022-11-27,Group Stage,Spain,1,27,7,Germany,12034,David Raum,5562,Thomas Müller,Incomplete,42.569942,13.0,3.4,55.4,7.2
3857263,2022-11-27,Group Stage,Spain,1,27,44,Germany,6324,Leon Goretzka,3167,Antonio Rüdiger,Complete,22.86154,56.7,66.8,45.1,47.1
3857263,2022-11-27,Group Stage,Spain,1,27,49,Germany,3167,Antonio Rüdiger,5570,Manuel Neuer,Complete,26.597933,31.7,21.8,9.6,36.6
3857263,2022-11-27,Group Stage,Spain,1,27,52,Germany,5570,Manuel Neuer,6322,Niklas Süle,Complete,24.972185,8.9,40.2,15.8,64.2
3857263,2022-11-27,Group Stage,Spain,1,27,54,Germany,6322,Niklas Süle,6324,Leon Goretzka,Complete,14.490341,15.8,64.2,28.7,57.6
3857263,2022-11-27,Group Stage,Spain,1,27,56,Germany,6324,Leon Goretzka,8511,Thilo Kehrer,Complete,19.825237,28.7,57.6,27.7,77.4
3857263,2022-11-27,Group Stage,Spain,1,27,57,Germany,8511,Thilo Kehrer,6322,Niklas Süle,Complete,19.59209,27.7,77.4,10.0,69.0
3857263,2022-11-27,Group Stage,Spain,1,27,59,Germany,6322,Niklas Süle,5570,Manuel Neuer,Complete,19.093716,7.9,68.5,2.8,50.1
3857263,2022-11-27,Group Stage,Spain,1,28,2,Germany,5570,Manuel Neuer,12034,David Raum,Complete,42.56301,4.1,47.4,11.0,5.4
3857263,2022-11-27,Group Stage,Spain,1,28,7,Germany,12034,David Raum,5562,Thomas Müller,Incomplete,44.54391,11.0,5.4,51.0,25.0
3857263,2022-11-27,Group Stage,Spain,1,28,15,Germany,10287,İlkay Gündoğan,8511,Thilo Kehrer,Complete,29.75315,45.1,32.0,51.3,61.1
3857263,2022-11-27,Group Stage,Spain,1,28,17,Germany,8511,Thilo Kehrer,8400,Serge Gnabry,Complete,23.80084,51.3,61.1,69.1,76.9
3857263,2022-11-27,Group Stage,Spain,1,28,24,Germany,8400,Serge Gnabry,5579,Joshua Kimmich,Complete,2.7892652,70.4,57.3,69.7,54.6
3857263,2022-11-27,Group Stage,Spain,1,28,24,Germany,5579,Joshua Kimmich,,,Incomplete,1.9235384,70.1,54.0,71.8,54.9
3857263,2022-11-27,Group Stage,Spain,1,29,14,Germany,5579,Joshua Kimmich,6322,Niklas Süle,Complete,11.923087,66.4,39.9,61.8,50.9
3857263,2022-11-27,Group Stage,Spain,1,29,20,Germany,6322,Niklas Süle,8511,Thilo Kehrer,Complete,16.800297,81.3,62.5,86.1,78.6
3857263,2022-11-27,Group Stage,Spain,1,29,24,Germany,8511,Thilo Kehrer,6322,Niklas Süle,Complete,8.20061,94.0,78.6,91.8,70.7
3857263,2022-11-27,Group Stage,Spain,1,29,27,Germany,6322,Niklas Süle,,,Incomplete,41.191868,92.8,70.3,111.7,33.7
3857263,2022-11-27,Group Stage,Spain,1,29,36,Germany,39565,Jamal Musiala,3167,Antonio Rüdiger,Complete,18.806648,105.2,13.6,86.5,15.6
3857263,2022-11-27,Group Stage,Spain,1,31,7,Germany,8511,Thilo Kehrer,8400,Serge Gnabry,Incomplete,13.55913,105.2,80.0,108.3,66.8
3857263,2022-11-27,Group Stage,Spain,1,31,11,Germany,5579,Joshua Kimmich,5562,Thomas Müller,Complete,9.701547,93.3,65.2,102.7,62.8
3857263,2022-11-27,Group Stage,Spain,1,31,13,Germany,5562,Thomas Müller,8400,Serge Gnabry,Complete,11.101802,102.7,64.1,104.2,75.1
3857263,2022-11-27,Group Stage,Spain,1,31,15,Germany,8400,Serge Gnabry,8511,Thilo Kehrer,Complete,6.9892774,105.9,74.0,111.7,77.9
3857263,2022-11-27,Group Stage,Spain,1,31,16,Germany,8511,Thilo Kehrer,8400,Serge Gnabry,Incomplete,1.2165525,112.1,77.4,110.9,77.2
3857263,2022-11-27,Group Stage,Spain,1,31,36,Germany,8511,Thilo Kehrer,5579,Joshua Kimmich,Complete,8.876936,109.4,80.0,107.2,71.4
3857263,2022-11-27,Group Stage,Spain,1,31,37,Germany,5579,Joshua Kimmich,8511,Thilo Kehrer,Complete,7.5894666,107.2,71.4,109.6,78.6
3857263,2022-11-27,Group Stage,Spain,1,31,40,Germany,8511,Thilo Kehrer,5579,Joshua Kimmich,Incomplete,1.7,109.4,78.9,108.6,77.4
3857263,2022-11-27,Group Stage,Spain,1,31,45,Germany,6322,Niklas Süle,3167,Antonio Rüdiger,Complete,28.405985,71.0,73.7,57.7,48.6
3857263,2022-11-27,Group Stage,Spain,1,31,49,Germany,3167,Antonio Rüdiger,6322,Niklas Süle,Complete,22.853664,56.5,48.1,61.5,70.4
3857263,2022-11-27,Group Stage,Spain,1,31,52,Germany,6322,Niklas Süle,8511,Thilo Kehrer,Complete,18.693583,64.2,73.7,82.6,70.4
3857263,2022-11-27,Group Stage,Spain,1,31,53,Germany,8511,Thilo Kehrer,5579,Joshua Kimmich,Incomplete,7.6896033,82.6,70.4,75.4,67.7
3857263,2022-11-27,Group Stage,Spain,1,33,24,Germany,6322,Niklas Süle,5579,Joshua Kimmich,Complete,13.164346,26.4,59.8,27.7,46.7
3857263,2022-11-27,Group Stage,Spain,1,33,26,Germany,5579,Joshua Kimmich,6322,Niklas Süle,Complete,12.553884,26.0,51.6,21.2,63.2
3857263,2022-11-27,Group Stage,Spain,1,33,28,Germany,6322,Niklas Süle,8511,Thilo Kehrer,Complete,14.638647,19.9,67.2,30.1,77.7
3857263,2022-11-27,Group Stage,Spain,1,33,30,Germany,8511,Thilo Kehrer,8400,Serge Gnabry,Complete,15.420765,30.1,77.7,45.5,78.5
3857263,2022-11-27,Group Stage,Spain,1,33,32,Germany,8400,Serge Gnabry,6322,Niklas Süle,Incomplete,2.236068,41.1,78.2,39.1,77.2
3857263,2022-11-27,Group Stage,Spain,1,37,3,Germany,12034,David Raum,6324,Leon Goretzka,Complete,6.351378,32.6,4.9,29.1,10.2
3857263,2022-11-27,Group Stage,Spain,1,37,5,Germany,6324,Leon Goretzka,8400,Serge Gnabry,Pass Offside,65.41101,31.7,10.2,83.3,50.4
3857263,2022-11-27,Group Stage,Spain,1,37,51,Germany,3167,Antonio Rüdiger,5570,Manuel Neuer,Complete,21.332136,31.9,16.5,12.8,26.0
3857263,2022-11-27,Group Stage,Spain,1,37,53,Germany,5570,Manuel Neuer,3167,Antonio Rüdiger,Complete,11.462984,12.0,23.5,19.8,15.1
3857263,2022-11-27,Group Stage,Spain,1,37,55,Germany,3167,Antonio Rüdiger,5570,Manuel Neuer,Complete,15.34438,17.5,15.1,2.8,19.5
3857263,2022-11-27,Group Stage,Spain,1,38,0,Germany,5570,Manuel Neuer,5562,Thomas Müller,Incomplete,47.3942,2.8,13.0,49.8,19.1
3857263,2022-11-27,Group Stage,Spain,1,38,4,Germany,10287,İlkay Gündoğan,6324,Leon Goretzka,Complete,11.402193,43.5,34.8,52.0,42.4
3857263,2022-11-27,Group Stage,Spain,1,38,6,Germany,6324,Leon Goretzka,8400,Serge Gnabry,Complete,34.167236,52.0,42.4,74.4,68.2
3857263,2022-11-27,Group Stage,Spain,1,38,58,Germany,5579,Joshua Kimmich,3167,Antonio Rüdiger,Pass Offside,41.78672,96.0,76.9,110.2,37.6
3857263,2022-11-27,Group Stage,Spain,1,40,50,Germany,8400,Serge Gnabry,5562,Thomas Müller,Incomplete,9.1181135,99.4,40.9,107.9,37.6
3857263,2022-11-27,Group Stage,Spain,1,42,0,Germany,12034,David Raum,39565,Jamal Musiala,Incomplete,2.3194828,7.3,7.2,9.6,6.9
3857263,2022-11-27,Group Stage,Spain,1,42,2,Germany,12034,David Raum,5562,Thomas Müller,Complete,23.830233,7.6,4.9,31.4,3.7
3857263,2022-11-27,Group Stage,Spain,1,42,7,Germany,5562,Thomas Müller,6324,Leon Goretzka,Complete,14.990664,28.4,3.7,17.8,14.3
3857263,2022-11-27,Group Stage,Spain,1,42,8,Germany,6324,Leon Goretzka,12034,David Raum,Complete,11.308846,16.5,14.3,12.3,3.8
3857263,2022-11-27,Group Stage,Spain,1,42,10,Germany,12034,David Raum,10287,İlkay Gündoğan,Incomplete,42.129562,13.0,3.7,52.7,17.8
3857263,2022-11-27,Group Stage,Spain,1,42,19,Germany,5579,Joshua Kimmich,8400,Serge Gnabry,Incomplete,6.2201285,26.7,42.4,30.4,47.4
3857263,2022-11-27,Group Stage,Spain,1,42,48,Germany,6322,Niklas Süle,5579,Joshua Kimmich,Complete,8.5,20.2,78.2,20.2,69.7
3857263,2022-11-27,Group Stage,Spain,1,42,49,Germany,5579,Joshua Kimmich,10287,İlkay Gündoğan,Complete,16.337074,20.2,70.0,34.5,62.1
3857263,2022-11-27,Group Stage,Spain,1,42,52,Germany,10287,İlkay Gündoğan,8511,Thilo Kehrer,Complete,12.08139,31.7,66.8,27.7,78.2
3857263,2022-11-27,Group Stage,Spain,1,42,53,Germany,8511,Thilo Kehrer,5562,Thomas Müller,Incomplete,28.876635,29.1,77.9,51.6,59.8
3857263,2022-11-27,Group Stage,Spain,1,42,57,Germany,39565,Jamal Musiala,12034,David Raum,Complete,22.774109,38.3,37.2,43.8,15.1
3857263,2022-11-27,Group Stage,Spain,1,43,4,Germany,12034,David Raum,3167,Antonio Rüdiger,Complete,14.8556385,50.8,19.5,37.3,13.3
3857263,2022-11-27,Group Stage,Spain,1,43,7,Germany,3167,Antonio Rüdiger,5570,Manuel Neuer,Complete,31.039492,37.3,13.3,20.5,39.4
3857263,2022-11-27,Group Stage,Spain,1,43,12,Germany,5570,Manuel Neuer,6322,Niklas Süle,Complete,7.3824115,20.9,48.6,27.4,52.1
3857263,2022-11-27,Group Stage,Spain,1,43,16,Germany,6322,Niklas Süle,5570,Manuel Neuer,Complete,25.244604,28.0,64.8,10.0,47.1
3857263,2022-11-27,Group Stage,Spain,1,43,22,Germany,5570,Manuel Neuer,39565,Jamal Musiala,Complete,52.53618,17.9,37.2,69.0,25.0
3857263,2022-11-27,Group Stage,Spain,1,44,31,Germany,5579,Joshua Kimmich,3167,Antonio Rüdiger,Complete,35.035126,79.9,41.4,109.4,60.3
3857263,2022-11-27,Group Stage,Spain,2,45,0,Germany,5579,Joshua Kimmich,3167,Antonio Rüdiger,Complete,20.327322,60.0,40.0,40.2,35.4
3857263,2022-11-27,Group Stage,Spain,2,45,2,Germany,3167,Antonio Rüdiger,8511,Thilo Kehrer,Complete,18.970766,39.5,36.0,35.3,54.5
3857263,2022-11-27,Group Stage,Spain,2,45,4,Germany,8511,Thilo Kehrer,39565,Jamal Musiala,Complete,62.994366,37.5,56.6,93.0,26.8
3857263,2022-11-27,Group Stage,Spain,2,45,16,Germany,39565,Jamal Musiala,12034,David Raum,Complete,14.2351675,94.4,14.2,100.2,1.2
3857263,2022-11-27,Group Stage,Spain,2,45,19,Germany,12034,David Raum,,,Incomplete,36.254242,100.9,1.6,115.0,35.0
3857263,2022-11-27,Group Stage,Spain,2,45,59,Germany,6324,Leon Goretzka,8511,Thilo Kehrer,Complete,24.465895,63.4,24.4,52.1,46.1
3857263,2022-11-27,Group Stage,Spain,2,46,4,Germany,8511,Thilo Kehrer,3167,Antonio Rüdiger,Complete,25.23668,54.0,37.1,44.8,13.6
3857263,2022-11-27,Group Stage,Spain,2,46,5,Germany,3167,Antonio Rüdiger,,,Incomplete,50.32415,44.8,13.6,94.2,4.0
3857263,2022-11-27,Group Stage,Spain,2,46,33,Germany,5570,Manuel Neuer,12034,David Raum,Complete,40.51913,6.1,42.8,23.9,6.4
3857263,2022-11-27,Group Stage,Spain,2,46,39,Germany,12034,David Raum,5562,Thomas Müller,Pass Offside,63.16993,46.2,5.0,97.4,42.0
3857263,2022-11-27,Group Stage,Spain,2,47,59,Germany,3167,Antonio Rüdiger,5562,Thomas Müller,Out,76.4817,60.6,12.0,95.8,79.9
3857263,2022-11-27,Group Stage,Spain,2,48,20,Germany,3167,Antonio Rüdiger,5570,Manuel Neuer,Complete,17.414074,23.1,58.0,9.6,47.0
3857263,2022-11-27,Group Stage,Spain,2,48,23,Germany,5570,Manuel Neuer,8511,Thilo Kehrer,Complete,42.124695,7.3,40.2,34.1,72.7
3857263,2022-11-27,Group Stage,Spain,2,48,27,Germany,8511,Thilo Kehrer,8400,Serge Gnabry,Complete,14.904026,38.1,73.5,52.4,77.7
3857263,2022-11-27,Group Stage,Spain,2,49,15,Germany,6324,Leon Goretzka,12034,David Raum,Complete,3.5693138,95.7,3.0,99.2,2.3
3857263,2022-11-27,Group Stage,Spain,2,49,16,Germany,6324,Leon Goretzka,10287,İlkay Gündoğan,Unknown,10.6,93.3,3.5,93.3,14.1
3857263,2022-11-27,Group Stage,Spain,2,50,8,Germany,12034,David Raum,,,Out,47.475677,92.5,16.7,120.0,55.4
3857263,2022-11-27,Group Stage,Spain,2,51,2,Germany,12034,David Raum,10287,İlkay Gündoğan,Complete,7.6576757,76.1,0.1,81.1,5.9
3857263,2022-11-27,Group Stage,Spain,2,51,3,Germany,10287,İlkay Gündoğan,12034,David Raum,Complete,5.269725,79.8,6.3,76.9,1.9
3857263,2022-11-27,Group Stage,Spain,2,51,7,Germany,12034,David Raum,39565,Jamal Musiala,Complete,3.5777087,88.0,2.8,86.4,6.0
3857263,2022-11-27,Group Stage,Spain,2,51,57,Germany,6324,Leon Goretzka,39565,Jamal Musiala,Incomplete,30.457348,37.0,8.4,66.9,2.6
3857263,2022-11-27,Group Stage,Spain,2,52,4,Germany,10287,İlkay Gündoğan,8400,Serge Gnabry,Incomplete,54.965626,55.8,17.7,104.7,42.8
3857263,2022-11-27,Group Stage,Spain,2,53,41,Germany,3167,Antonio Rüdiger,39565,Jamal Musiala,Complete,80.46465,6.0,36.0,80.0,4.4
3857263,2022-11-27,Group Stage,Spain,2,53,51,Germany,12034,David Raum,5562,Thomas Müller,Complete,9.269844,79.1,2.4,87.8,5.6
3857263,2022-11-27,Group Stage,Spain,2,53,52,Germany,5562,Thomas Müller,12034,David Raum,Complete,5.515433,87.1,6.3,82.0,4.2
3857263,2022-11-27,Group Stage,Spain,2,54,11,Germany,6322,Niklas Süle,6324,Leon Goretzka,Complete,6.040695,26.7,2.8,27.4,8.8
3857263,2022-11-27,Group Stage,Spain,2,54,12,Germany,6324,Leon Goretzka,3167,Antonio Rüdiger,Complete,16.380781,27.6,9.2,14.4,18.9
3857263,2022-11-27,Group Stage,Spain,2,54,14,Germany,3167,Antonio Rüdiger,5570,Manuel Neuer,Complete,24.49347,13.5,20.0,4.3,42.7
3857263,2022-11-27,Group Stage,Spain,2,54,19,Germany,5570,Manuel Neuer,8400,Serge Gnabry,Complete,48.30207,8.7,51.2,50.9,74.7
3857263,2022-11-27,Group Stage,Spain,2,54,21,Germany,8400,Serge Gnabry,10287,İlkay Gündoğan,Incomplete,11.624973,51.7,73.8,50.0,62.3
3857263,2022-11-27,Group Stage,Spain,2,54,30,Germany,5579,Joshua Kimmich,5570,Manuel Neuer,Complete,27.713715,27.0,59.6,8.8,38.7
3857263,2022-11-27,Group Stage,Spain,2,54,35,Germany,5570,Manuel Neuer,6322,Niklas Süle,Complete,18.725918,9.6,38.3,15.1,56.2
3857263,2022-11-27,Group Stage,Spain,2,54,38,Germany,6322,Niklas Süle,5570,Manuel Neuer,Complete,10.568822,10.7,57.2,1.8,51.5
3857263,2022-11-27,Group Stage,Spain,2,54,40,Germany,5570,Manuel Neuer,8511,Thilo Kehrer,Out,31.689116,1.2,53.8,19.6,79.6
3857263,2022-11-27,Group Stage,Spain,2,55,4,Germany,10287,İlkay Gündoğan,6324,Leon Goretzka,Complete,9.0,22.9,55.9,13.9,55.9
3857263,2022-11-27,Group Stage,Spain,2,55,5,Germany,6324,Leon Goretzka,5562,Thomas Müller,Incomplete,64.745964,13.9,55.9,77.9,46.1
3857263,2022-11-27,Group Stage,Spain,2,55,27,Germany,8511,Thilo Kehrer,5562,Thomas Müller,Complete,18.42851,35.2,80.0,46.7,65.6
3857263,2022-11-27,Group Stage,Spain,2,55,28,Germany,5562,Thomas Müller,8511,Thilo Kehrer,Incomplete,9.660228,46.7,65.3,42.3,73.9
3857263,2022-11-27,Group Stage,Spain,2,55,52,Germany,10287,İlkay Gündoğan,5579,Joshua Kimmich,Complete,5.9008474,104.8,31.0,104.9,36.9
3857263,2022-11-27,Group Stage,Spain,2,56,40,Germany,5579,Joshua Kimmich,,,Incomplete,33.842724,120.0,0.1,118.3,33.9
3857263,2022-11-27,Group Stage,Spain,2,56,45,Germany,12034,David Raum,5579,Joshua Kimmich,Complete,17.901117,86.4,6.7,104.3,6.5
3857263,2022-11-27,Group Stage,Spain,2,58,12,Germany,5570,Manuel Neuer,6322,Niklas Süle,Complete,14.807093,10.3,44.0,21.4,53.8
3857263,2022-11-27,Group Stage,Spain,2,58,17,Germany,6322,Niklas Süle,10287,İlkay Gündoğan,Complete,13.237069,23.3,56.2,36.4,54.3
3857263,2022-11-27,Group Stage,Spain,2,58,19,Germany,10287,İlkay Gündoğan,5570,Manuel Neuer,Complete,25.274492,30.8,48.6,6.2,42.8
3857263,2022-11-27,Group Stage,Spain,2,58,23,Germany,5570,Manuel Neuer,8400,Serge Gnabry,Complete,66.18172,7.9,45.2,73.8,51.3
3857263,2022-11-27,Group Stage,Spain,2,58,26,Germany,8400,Serge Gnabry,39565,Jamal Musiala,Complete,25.65346,74.3,50.5,57.4,31.2
3857263,2022-11-27,Group Stage,Spain,2,58,34,Germany,39565,Jamal Musiala,12034,David Raum,Complete,19.144974,94.9,25.7,103.1,8.4
3857263,2022-11-27,Group Stage,Spain,2,58,37,Germany,12034,David Raum,,,Out,64.01758,106.8,15.4,114.1,79.0
3857263,2022-11-27,Group Stage,Spain,2,59,6,Germany,8400,Serge Gnabry,5579,Joshua Kimmich,Incomplete,4.609772,102.4,64.7,97.9,63.7
3857263,2022-11-27,Group Stage,Spain,2,59,47,Germany,12034,David Raum,39565,Jamal Musiala,Complete,10.324728,78.8,1.5,80.4,11.7
3857263,2022-11-27,Group Stage,Spain,2,60,35,Germany,5579,Joshua Kimmich,3167,Antonio Rüdiger,Out,53.315853,82.3,21.1,120.0,58.8
3857263,2022-11-27,Group Stage,Spain,2,61,10,Germany,8511,Thilo Kehrer,5562,Thomas Müller,Incomplete,28.412146,13.3,47.2,41.4,51.4
3857263,2022-11-27,Group Stage,Spain,2,62,53,Germany,5579,Joshua Kimmich,3167,Antonio Rüdiger,Complete,15.201316,60.0,40.0,44.8,40.2
3857263,2022-11-27,Group Stage,Spain,2,62,56,Germany,3167,Antonio Rüdiger,8400,Serge Gnabry,Incomplete,28.943565,44.8,40.2,71.0,52.5
3857263,2022-11-27,Group Stage,Spain,2,63,6,Germany,5570,Manuel Neuer,12034,David Raum,Complete,41.65153,15.3,36.4,42.2,4.6
3857263,2022-11-27,Group Stage,Spain,2,63,9,Germany,12034,David Raum,39565,Jamal Musiala,Complete,24.74207,42.4,5.6,66.8,1.5
3857263,2022-11-27,Group Stage,Spain,2,63,17,Germany,39565,Jamal Musiala,12034,David Raum,Complete,13.482581,91.4,16.6,101.7,7.9
3857263,2022-11-27,Group Stage,Spain,2,63,19,Germany,12034,David Raum,8400,Serge Gnabry,Incomplete,39.14486,102.0,7.9,116.4,44.3
3857263,2022-11-27,Group Stage,Spain,2,64,39,Germany,5570,Manuel Neuer,8511,Thilo Kehrer,Complete,28.079351,6.0,36.0,25.4,56.3
3857263,2022-11-27,Group Stage,Spain,2,64,45,Germany,8511,Thilo Kehrer,8400,Serge Gnabry,Complete,21.62799,22.6,73.3,44.2,74.4
3857263,2022-11-27,Group Stage,Spain,2,65,46,Germany,5579,Joshua Kimmich,12034,David Raum,Complete,68.56391,43.1,61.9,80.6,4.5
3857263,2022-11-27,Group Stage,Spain,2,65,51,Germany,12034,David Raum,39565,Jamal Musiala,Complete,8.041144,92.3,2.2,90.8,10.1
3857263,2022-11-27,Group Stage,Spain,2,66,26,Germany,6322,Niklas Süle,6324,Leon Goretzka,Incomplete,13.591541,56.0,35.5,67.2,27.8
3857263,2022-11-27,Group Stage,Spain,2,66,43,Germany,5570,Manuel Neuer,6322,Niklas Süle,Complete,19.331322,13.7,43.3,21.0,61.2
3857263,2022-11-27,Group Stage,Spain,2,66,46,Germany,6322,Niklas Süle,8511,Thilo Kehrer,Complete,17.288435,24.4,60.7,35.2,74.2
3857263,2022-11-27,Group Stage,Spain,2,66,48,Germany,8511,Thilo Kehrer,8400,Serge Gnabry,Complete,11.715375,38.9,77.4,50.6,78.0
3857263,2022-11-27,Group Stage,Spain,2,66,50,Germany,8400,Serge Gnabry,5562,Thomas Müller,Complete,10.564564,48.7,75.6,41.8,67.6
3857263,2022-11-27,Group Stage,Spain,2,66,50,Germany,5562,Thomas Müller,8511,Thilo Kehrer,Complete,7.7369246,41.8,67.6,39.9,75.1
3857263,2022-11-27,Group Stage,Spain,2,66,51,Germany,8511,Thilo Kehrer,8400,Serge Gnabry,Complete,19.586985,39.9,75.1,53.7,61.2
3857263,2022-11-27,Group Stage,Spain,2,66,55,Germany,8400,Serge Gnabry,6324,Leon Goretzka,Complete,7.31642,59.5,49.9,58.2,42.7
3857263,2022-11-27,Group Stage,Spain,2,66,56,Germany,6324,Leon Goretzka,5579,Joshua Kimmich,Complete,2.9410882,57.0,43.8,54.2,44.7
3857263,2022-11-27,Group Stage,Spain,2,66,58,Germany,5579,Joshua Kimmich,3167,Antonio Rüdiger,Complete,26.752943,53.4,43.1,45.0,17.7
3857263,2022-11-27,Group Stage,Spain,2,67,1,Germany,3167,Antonio Rüdiger,12034,David Raum,Complete,25.06392,52.4,20.2,71.0,3.4
3857263,2022-11-27,Group Stage,Spain,2,67,4,Germany,12034,David Raum,10287,İlkay Gündoğan,Complete,11.535164,76.6,1.0,75.7,12.5
3857263,2022-11-27,Group Stage,Spain,2,67,8,Germany,10287,İlkay Gündoğan,3167,Antonio Rüdiger,Complete,19.834566,75.9,11.0,63.4,26.4
3857263,2022-11-27,Group Stage,Spain,2,67,11,Germany,3167,Antonio Rüdiger,6322,Niklas Süle,Complete,14.132233,63.5,31.4,57.1,44.0
3857263,2022-11-27,Group Stage,Spain,2,67,15,Germany,6322,Niklas Süle,5562,Thomas Müller,Complete,16.807438,58.2,46.7,73.9,52.7
3857263,2022-11-27,Group Stage,Spain,2,67,17,Germany,5562,Thomas Müller,6322,Niklas Süle,Complete,18.504324,68.1,53.4,49.6,53.0
3857263,2022-11-27,Group Stage,Spain,2,67,20,Germany,6322,Niklas Süle,3167,Antonio Rüdiger,Complete,23.269077,50.8,52.5,48.0,29.4
3857263,2022-11-27,Group Stage,Spain,2,67,22,Germany,3167,Antonio Rüdiger,5570,Manuel Neuer,Complete,28.894981,47.3,29.4,21.7,42.8
3857263,2022-11-27,Group Stage,Spain,2,67,26,Germany,5570,Manuel Neuer,6322,Niklas Süle,Complete,28.057262,22.5,45.3,32.0,71.7
3857263,2022-11-27,Group Stage,Spain,2,67,30,Germany,6322,Niklas Süle,8400,Serge Gnabry,Complete,19.417776,40.7,74.8,57.8,65.6
3857263,2022-11-27,Group Stage,Spain,2,67,31,Germany,8400,Serge Gnabry,8511,Thilo Kehrer,Incomplete,2.9681644,58.3,66.0,59.9,68.5
3857263,2022-11-27,Group Stage,Spain,2,67,54,Germany,10287,İlkay Gündoğan,3167,Antonio Rüdiger,Complete,6.8883963,75.4,1.0,69.3,4.2
3857263,2022-11-27,Group Stage,Spain,2,67,55,Germany,3167,Antonio Rüdiger,39565,Jamal Musiala,Complete,10.704205,70.9,5.4,81.6,5.1
3857263,2022-11-27,Group Stage,Spain,2,68,47,Germany,10287,İlkay Gündoğan,8400,Serge Gnabry,Incomplete,2.9832869,85.3,77.0,87.6,75.1
3857263,2022-11-27,Group Stage,Spain,2,69,33,Germany,8507,Lukas Klostermann,8546,Niclas Füllkrug,Incomplete,11.700427,88.0,80.0,95.1,70.7
3857263,2022-11-27,Group Stage,Spain,2,69,47,Germany,8507,Lukas Klostermann,39565,Jamal Musiala,Complete,14.182384,99.9,80.0,111.4,71.7
3857263,2022-11-27,Group Stage,Spain,2,70,5,Germany,3167,Antonio Rüdiger,6322,Niklas Süle,Complete,23.807562,28.9,55.0,42.7,74.4
3857263,2022-11-27,Group Stage,Spain,2,70,7,Germany,6322,Niklas Süle,3167,Antonio Rüdiger,Complete,23.793276,42.7,74.4,32.3,53.0
3857263,2022-11-27,Group Stage,Spain,2,70,10,Germany,3167,Antonio Rüdiger,5579,Joshua Kimmich,Complete,11.204017,32.0,52.1,43.2,51.8
3857263,2022-11-27,Group Stage,Spain,2,70,12,Germany,5579,Joshua Kimmich,3167,Antonio Rüdiger,Complete,22.99413,36.8,50.5,26.0,30.2
3857263,2022-11-27,Group Stage,Spain,2,70,17,Germany,3167,Antonio Rüdiger,12034,David Raum,Complete,15.867262,27.4,11.6,39.8,1.7
3857263,2022-11-27,Group Stage,Spain,2,70,20,Germany,12034,David Raum,5570,Manuel Neuer,Complete,38.881485,35.6,2.2,12.0,33.1
3857263,2022-11-27,Group Stage,Spain,2,70,24,Germany,5570,Manuel Neuer,6322,Niklas Süle,Complete,16.03122,11.7,34.5,23.9,44.9
3857263,2022-11-27,Group Stage,Spain,2,70,27,Germany,6322,Niklas Süle,8546,Niclas Füllkrug,Complete,27.002592,32.3,48.6,55.8,35.3
3857263,2022-11-27,Group Stage,Spain,2,70,31,Germany,8546,Niclas Füllkrug,3053,Leroy Sané,Complete,37.867138,54.9,42.4,74.5,74.8
3857263,2022-11-27,Group Stage,Spain,2,70,36,Germany,3053,Leroy Sané,,,Incomplete,3.4409301,94.6,64.8,97.4,62.8
3857263,2022-11-27,Group Stage,Spain,2,70,41,Germany,5579,Joshua Kimmich,39565,Jamal Musiala,Complete,12.442669,82.8,64.1,94.9,61.2
3857263,2022-11-27,Group Stage,Spain,2,70,44,Germany,39565,Jamal Musiala,3053,Leroy Sané,Complete,13.485177,96.1,59.6,92.9,46.5
3857263,2022-11-27,Group Stage,Spain,2,70,46,Germany,3053,Leroy Sané,6324,Leon Goretzka,Complete,12.551494,93.3,44.0,90.8,31.7
3857263,2022-11-27,Group Stage,Spain,2,70,49,Germany,12034,David Raum,8400,Serge Gnabry,Complete,12.403628,93.9,19.8,104.0,12.6
3857263,2022-11-27,Group Stage,Spain,2,70,52,Germany,8400,Serge Gnabry,12034,David Raum,Incomplete,5.0159745,103.1,19.1,108.1,19.5
3857263,2022-11-27,Group Stage,Spain,2,71,10,Germany,6322,Niklas Süle,3167,Antonio Rüdiger,Complete,14.849242,14.8,32.6,16.9,17.9
3857263,2022-11-27,Group Stage,Spain,2,71,12,Germany,3167,Antonio Rüdiger,12034,David Raum,Complete,16.402744,19.2,15.7,28.8,2.4
3857263,2022-11-27,Group Stage,Spain,2,71,17,Germany,12034,David Raum,3167,Antonio Rüdiger,Complete,13.360015,30.4,2.4,18.9,9.2
3857263,2022-11-27,Group Stage,Spain,2,71,19,Germany,3167,Antonio Rüdiger,5579,Joshua Kimmich,Complete,9.350936,20.1,9.7,26.3,16.7
3857263,2022-11-27,Group Stage,Spain,2,71,21,Germany,5579,Joshua Kimmich,5570,Manuel Neuer,Complete,24.49347,25.6,17.3,6.8,33.0
3857263,2022-11-27,Group Stage,Spain,2,71,23,Germany,5570,Manuel Neuer,6322,Niklas Süle,Complete,17.83704,7.1,33.5,12.5,50.5
3857263,2022-11-27,Group Stage,Spain,2,71,26,Germany,6322,Niklas Süle,8507,Lukas Klostermann,Complete,15.148598,15.4,55.8,25.6,67.0
3857263,2022-11-27,Group Stage,Spain,2,71,31,Germany,8507,Lukas Klostermann,6322,Niklas Süle,Complete,14.303146,26.0,66.0,13.7,58.7
3857263,2022-11-27,Group Stage,Spain,2,71,32,Germany,6322,Niklas Süle,5570,Manuel Neuer,Complete,17.628386,13.7,58.7,6.3,42.7
3857263,2022-11-27,Group Stage,Spain,2,71,36,Germany,5570,Manuel Neuer,3167,Antonio Rüdiger,Complete,19.670536,7.9,36.0,11.7,16.7
3857263,2022-11-27,Group Stage,Spain,2,71,37,Germany,3167,Antonio Rüdiger,12034,David Raum,Complete,17.889942,12.1,15.4,24.8,2.8
3857263,2022-11-27,Group Stage,Spain,2,71,41,Germany,12034,David Raum,6322,Niklas Süle,Complete,38.97589,26.7,9.5,21.3,48.1
3857263,2022-11-27,Group Stage,Spain,2,71,49,Germany,6322,Niklas Süle,39565,Jamal Musiala,Complete,35.45645,56.2,43.3,76.6,72.3
3857263,2022-11-27,Group Stage,Spain,2,71,59,Germany,39565,Jamal Musiala,8546,Niclas Füllkrug,Complete,25.319756,112.2,66.8,111.2,41.5
3857263,2022-11-27,Group Stage,Spain,2,72,34,Germany,8507,Lukas Klostermann,3053,Leroy Sané,Complete,8.352844,81.1,80.0,85.5,72.9
3857263,2022-11-27,Group Stage,Spain,2,72,40,Germany,3053,Leroy Sané,39565,Jamal Musiala,Complete,26.73668,83.5,52.8,110.1,50.1
3857263,2022-11-27,Group Stage,Spain,2,72,45,Germany,6324,Leon Goretzka,,,Incomplete,7.805767,106.1,27.3,106.4,35.1
3857263,2022-11-27,Group Stage,Spain,2,72,48,Germany,12034,David Raum,8400,Serge Gnabry,Complete,6.293648,102.9,16.7,107.4,21.1
3857263,2022-11-27,Group Stage,Spain,2,73,15,Germany,12034,David Raum,8546,Niclas Füllkrug,Complete,43.577286,120.0,0.1,111.3,42.8
3857263,2022-11-27,Group Stage,Spain,2,74,57,Germany,3167,Antonio Rüdiger,,,Incomplete,16.697306,28.3,22.6,42.1,13.2
3857263,2022-11-27,Group Stage,Spain,2,76,15,Germany,12034,David Raum,8546,Niclas Füllkrug,Complete,47.445652,48.6,1.2,78.3,38.2
3857263,2022-11-27,Group Stage,Spain,2,76,18,Germany,8546,Niclas Füllkrug,5579,Joshua Kimmich,Complete,13.567977,78.3,38.2,65.5,33.7
3857263,2022-11-27,Group Stage,Spain,2,76,23,Germany,5579,Joshua Kimmich,8400,Serge Gnabry,Complete,36.28016,65.3,33.9,83.3,2.4
3857263,2022-11-27,Group Stage,Spain,2,76,27,Germany,8400,Serge Gnabry,6324,Leon Goretzka,Complete,14.681962,84.5,3.5,72.9,12.5
3857263,2022-11-27,Group Stage,Spain,2,76,29,Germany,6324,Leon Goretzka,3167,Antonio Rüdiger,Complete,16.502424,72.9,12.5,58.1,19.8
3857263,2022-11-27,Group Stage,Spain,2,76,38,Germany,3167,Antonio Rüdiger,,,Incomplete,32.08816,65.1,20.0,94.9,8.1
3857263,2022-11-27,Group Stage,Spain,2,76,47,Germany,12034,David Raum,6324,Leon Goretzka,Complete,14.698639,76.9,7.6,89.6,15.0
3857263,2022-11-27,Group Stage,Spain,2,76,48,Germany,6324,Leon Goretzka,12034,David Raum,Complete,13.509256,90.4,15.0,87.1,1.9
3857263,2022-11-27,Group Stage,Spain,2,77,38,Germany,6322,Niklas Süle,3167,Antonio Rüdiger,Complete,14.203169,58.7,21.4,59.0,7.2
3857263,2022-11-27,Group Stage,Spain,2,77,40,Germany,3167,Antonio Rüdiger,5579,Joshua Kimmich,Complete,8.091971,58.3,7.9,63.5,14.1
3857263,2022-11-27,Group Stage,Spain,2,77,44,Germany,5579,Joshua Kimmich,6322,Niklas Süle,Complete,15.230561,45.2,13.8,33.8,23.9
3857263,2022-11-27,Group Stage,Spain,2,77,47,Germany,6322,Niklas Süle,8507,Lukas Klostermann,Complete,43.033592,32.4,28.0,30.7,71.0
3857263,2022-11-27,Group Stage,Spain,2,77,52,Germany,8507,Lukas Klostermann,5570,Manuel Neuer,Complete,28.65048,25.6,76.0,9.8,52.1
3857263,2022-11-27,Group Stage,Spain,2,77,55,Germany,5570,Manuel Neuer,39565,Jamal Musiala,Complete,32.112305,11.2,60.9,42.4,68.5
3857263,2022-11-27,Group Stage,Spain,2,78,7,Germany,39565,Jamal Musiala,8546,Niclas Füllkrug,Incomplete,19.313208,80.3,74.8,87.3,56.8
3857263,2022-11-27,Group Stage,Spain,2,78,32,Germany,8546,Niclas Füllkrug,3167,Antonio Rüdiger,Complete,27.541424,66.8,63.1,44.6,46.8
3857263,2022-11-27,Group Stage,Spain,2,78,37,Germany,3167,Antonio Rüdiger,6322,Niklas Süle,Complete,12.925943,47.1,45.9,48.9,58.7
3857263,2022-11-27,Group Stage,Spain,2,78,42,Germany,6322,Niklas Süle,8507,Lukas Klostermann,Complete,15.641611,70.0,63.7,77.9,77.2
3857263,2022-11-27,Group Stage,Spain,2,78,44,Germany,8507,Lukas Klostermann,3053,Leroy Sané,Complete,7.81025,78.5,76.3,83.5,70.3
3857263,2022-11-27,Group Stage,Spain,2,78,44,Germany,3053,Leroy Sané,6322,Niklas Süle,Complete,4.7169905,83.2,70.3,83.6,65.6
3857263,2022-11-27,Group Stage,Spain,2,78,48,Germany,6322,Niklas Süle,3053,Leroy Sané,Complete,10.5,94.5,54.6,102.9,60.9
3857263,2022-11-27,Group Stage,Spain,2,78,50,Germany,3053,Leroy Sané,39565,Jamal Musiala,Complete,9.008884,106.1,58.7,106.5,49.7
3857263,2022-11-27,Group Stage,Spain,2,78,52,Germany,39565,Jamal Musiala,3053,Leroy Sané,Complete,3.224903,106.1,50.2,104.5,47.4
3857263,2022-11-27,Group Stage,Spain,2,78,59,Germany,6324,Leon Goretzka,8546,Niclas Füllkrug,Complete,13.579396,81.1,21.0,94.5,23.2
3857263,2022-11-27,Group Stage,Spain,2,79,0,Germany,8546,Niclas Füllkrug,12034,David Raum,Complete,4.669047,94.5,23.2,97.9,20.0
3857263,2022-11-27,Group Stage,Spain,2,79,2,Germany,12034,David Raum,8546,Niclas Füllkrug,Complete,3.535534,94.6,20.4,92.9,23.5
3857263,2022-11-27,Group Stage,Spain,2,80,42,Germany,5579,Joshua Kimmich,,,Incomplete,33.35386,120.0,0.1,116.8,33.3
3857263,2022-11-27,Group Stage,Spain,2,80,53,Germany,12034,David Raum,5570,Manuel Neuer,Complete,30.555197,32.4,17.9,10.3,39.0
3857263,2022-11-27,Group Stage,Spain,2,80,55,Germany,5570,Manuel Neuer,12034,David Raum,Complete,34.052017,7.2,36.3,16.7,3.6
3857263,2022-11-27,Group Stage,Spain,2,81,2,Germany,12034,David Raum,8546,Niclas Füllkrug,Complete,52.54874,40.5,5.4,76.9,43.3
3857263,2022-11-27,Group Stage,Spain,2,81,5,Germany,8546,Niclas Füllkrug,,,Incomplete,38.30196,77.3,43.3,93.3,8.5
3857263,2022-11-27,Group Stage,Spain,2,82,20,Germany,8507,Lukas Klostermann,3053,Leroy Sané,Complete,12.907749,79.5,75.6,84.5,63.7
3857263,2022-11-27,Group Stage,Spain,2,82,22,Germany,3053,Leroy Sané,39565,Jamal Musiala,Complete,15.572412,86.6,56.1,99.9,48.0
3857263,2022-11-27,Group Stage,Spain,2,85,33,Germany,5570,Manuel Neuer,6322,Niklas Süle,Complete,23.843657,6.0,36.0,9.4,59.6
3857263,2022-11-27,Group Stage,Spain,2,85,36,Germany,6322,Niklas Süle,,,Incomplete,52.352745,9.8,59.6,57.8,38.7
3857263,2022-11-27,Group Stage,Spain,2,86,45,Germany,24118,Nico Schlotterbeck,8546,Niclas Füllkrug,Incomplete,35.02285,74.1,0.1,103.9,18.5
3857263,2022-11-27,Group Stage,Spain,2,86,49,Germany,8804,Jonas Hofmann,,,Incomplete,10.191173,104.0,19.1,110.9,11.6
3857263,2022-11-27,Group Stage,Spain,2,86,57,Germany,8507,Lukas Klostermann,3167,Antonio Rüdiger,Complete,39.622723,70.0,28.9,36.4,7.9
3857263,2022-11-27,Group Stage,Spain,2,87,4,Germany,3167,Antonio Rüdiger,8804,Jonas Hofmann,Out,67.480736,34.0,15.5,99.7,0.1
3857263,2022-11-27,Group Stage,Spain,2,88,5,Germany,39565,Jamal Musiala,3167,Antonio Rüdiger,Complete,17.404022,69.7,40.6,52.4,38.7
3857263,2022-11-27,Group Stage,Spain,2,88,7,Germany,3167,Antonio Rüdiger,5579,Joshua Kimmich,Complete,16.961428,52.4,39.0,62.4,52.7
3857263,2022-11-27,Group Stage,Spain,2,88,8,Germany,5579,Joshua Kimmich,6322,Niklas Süle,Complete,12.596031,62.6,52.7,50.5,56.2
3857263,2022-11-27,Group Stage,Spain,2,88,11,Germany,6322,Niklas Süle,3053,Leroy Sané,Incomplete,15.056228,51.8,56.2,66.8,57.5
3857263,2022-11-27,Group Stage,Spain,2,89,46,Germany,5579,Joshua Kimmich,,,Incomplete,3.4525354,8.7,5.0,12.1,5.6
3857263,2022-11-27,Group Stage,Spain,2,91,26,Germany,8546,Niclas Füllkrug,3053,Leroy Sané,Complete,29.513725,53.7,11.3,52.8,40.8
3857263,2022-11-27,Group Stage,Spain,2,91,31,Germany,3053,Leroy Sané,5579,Joshua Kimmich,Complete,12.657014,63.1,42.7,64.3,30.1
3857263,2022-11-27,Group Stage,Spain,2,91,33,Germany,5579,Joshua Kimmich,8546,Niclas Füllkrug,Complete,23.303432,71.0,21.0,89.4,6.7
3857263,2022-11-27,Group Stage,Spain,2,91,37,Germany,8546,Niclas Füllkrug,8804,Jonas Hofmann,Incomplete,18.060177,93.0,9.7,95.4,27.6
3857263,2022-11-27,Group Stage,Spain,2,92,9,Germany,6322,Niklas Süle,24118,Nico Schlotterbeck,Complete,51.16757,26.4,56.3,43.0,7.9
3857263,2022-11-27,Group Stage,Spain,2,92,14,Germany,24118,Nico Schlotterbeck,39565,Jamal Musiala,Complete,74.75995,51.4,6.9,87.8,72.2
3857263,2022-11-27,Group Stage,Spain,2,92,22,Germany,39565,Jamal Musiala,3053,Leroy Sané,Complete,10.778683,88.0,72.3,86.7,61.6
3857263,2022-11-27,Group Stage,Spain,2,92,29,Germany,3053,Leroy Sané,6324,Leon Goretzka,Complete,25.477833,87.8,60.7,78.2,37.1
3857263,2022-11-27,Group Stage,Spain,2,92,32,Germany,6324,Leon Goretzka,24118,Nico Schlotterbeck,Complete,14.001429,78.6,31.0,78.8,17.0
3857263,2022-11-27,Group Stage,Spain,2,92,33,Germany,24118,Nico Schlotterbeck,3167,Antonio Rüdiger,Complete,17.821615,78.7,10.8,68.2,25.2
3857263,2022-11-27,Group Stage,Spain,2,92,36,Germany,3167,Antonio Rüdiger,6322,Niklas Süle,Complete,25.90309,68.8,22.7,68.4,48.6
3857263,2022-11-27,Group Stage,Spain,2,92,39,Germany,6322,Niklas Süle,8804,Jonas Hofmann,Incomplete,48.241165,70.9,53.1,107.0,21.1
3857263,2022-11-27,Group Stage,Spain,2,93,49,Germany,5579,Joshua Kimmich,3167,Antonio Rüdiger,Incomplete,45.83143,120.0,0.1,115.4,45.7
3857263,2022-11-27,Group Stage,Spain,2,94,24,Germany,8507,Lukas Klostermann,39565,Jamal Musiala,Complete,8.955445,104.7,80.0,112.5,75.6
3857263,2022-11-27,Group Stage,Spain,2,94,31,Germany,3167,Antonio Rüdiger,5579,Joshua Kimmich,Complete,14.983324,76.3,52.5,91.0,49.6
3857263,2022-11-27,Group Stage,Spain,2,94,34,Germany,5579,Joshua Kimmich,39565,Jamal Musiala,Complete,2.7073972,91.0,50.0,93.7,50.2
3857263,2022-11-27,Group Stage,Spain,2,94,39,Germany,39565,Jamal Musiala,24118,Nico Schlotterbeck,Incomplete,13.101526,88.0,40.2,88.2,27.1
3857263,2022-11-27,Group Stage,Spain,2,94,48,Germany,3167,Antonio Rüdiger,8804,Jonas Hofmann,Complete,14.714619,32.9,23.0,45.5,15.4
3857263,2022-11-27,Group Stage,Spain,2,94,49,Germany,8804,Jonas Hofmann,6324,Leon Goretzka,Complete,8.5440035,47.8,14.1,44.8,6.1
3857263,2022-11-27,Group Stage,Spain,2,94,50,Germany,6324,Leon Goretzka,24118,Nico Schlotterbeck,Complete,22.1,43.9,9.1,64.3,0.6
3857263,2022-11-27,Group Stage,Spain,2,94,53,Germany,24118,Nico Schlotterbeck,3053,Leroy Sané,Complete,24.240461,74.3,4.4,96.1,15.0
3857263,2022-11-27,Group Stage,Spain,2,94,58,Germany,3053,Leroy Sané,8546,Niclas Füllkrug,Incomplete,11.1400175,119.0,22.6,115.9,33.3
3857263,2022-11-27,Group Stage,Spain,2,95,43,Germany,5579,Joshua Kimmich,,,Incomplete,37.493065,120.0,0.1,116.2,37.4
