match_id,fecha,fase,oponente,periodo,minuto,segundo,equipo,jugador_id,jugador_nombre,receptor_id,receptor_nombre,resultado,longitud_pase,inicio_x,inicio_y,fin_x,fin_y
3857275,2022-11-30,Group Stage,Tunisia,1,0,34,France,3543,Steve Mandanda,5485,Raphaël Varane,Complete,17.394827,11.4,47.0,23.7,59.3
3857275,2022-11-30,Group Stage,Tunisia,1,0,38,France,5485,Raphaël Varane,7439,Axel Disasi,Complete,13.421252,32.5,63.7,34.3,77.0
3857275,2022-11-30,Group Stage,Tunisia,1,0,43,France,7439,Axel Disasi,,,Incomplete,5.2,26.7,78.0,31.9,78.0
3857275,2022-11-30,Group Stage,Tunisia,1,1,1,France,7439,Axel Disasi,22097,Randal Kolo Muani,Complete,14.464093,33.3,80.0,47.2,76.0
3857275,2022-11-30,Group Stage,Tunisia,1,1,59,France,3543,Steve Mandanda,5485,Raphaël Varane,Complete,23.769308,8.8,35.4,22.1,55.1
3857275,2022-11-30,Group Stage,Tunisia,1,2,4,France,5485,Raphaël Varane,11135,Ibrahima Konaté,Complete,22.144299,23.3,54.9,21.9,32.8
3857275,2022-11-30,Group Stage,Tunisia,1,2,6,France,11135,Ibrahima Konaté,24778,Eduardo Camavinga,Complete,21.134096,23.5,29.6,24.7,8.5
3857275,2022-11-30,Group Stage,Tunisia,1,2,12,France,24778,Eduardo Camavinga,3543,Steve Mandanda,Complete,35.31147,21.5,6.1,2.4,35.8
3857275,2022-11-30,Group Stage,Tunisia,1,2,22,France,3543,Steve Mandanda,,,Unknown,8.683317,2.4,35.8,10.0,31.6
3857275,2022-11-30,Group Stage,Tunisia,1,3,7,France,3543,Steve Mandanda,,,Incomplete,62.471195,29.7,53.9,91.8,60.7
3857275,2022-11-30,Group Stage,Tunisia,1,3,36,France,5485,Raphaël Varane,,,Incomplete,4.0199504,63.1,75.8,67.1,75.4
3857275,2022-11-30,Group Stage,Tunisia,1,5,20,France,24778,Eduardo Camavinga,11135,Ibrahima Konaté,Complete,8.4,70.9,0.1,70.9,8.5
3857275,2022-11-30,Group Stage,Tunisia,1,5,22,France,11135,Ibrahima Konaté,7439,Axel Disasi,Complete,54.689396,70.9,8.5,49.2,58.7
3857275,2022-11-30,Group Stage,Tunisia,1,5,23,France,7439,Axel Disasi,5485,Raphaël Varane,Complete,9.449339,49.8,73.0,43.8,65.7
3857275,2022-11-30,Group Stage,Tunisia,1,5,26,France,5485,Raphaël Varane,3543,Steve Mandanda,Complete,30.881872,45.4,70.7,20.9,51.9
3857275,2022-11-30,Group Stage,Tunisia,1,5,31,France,3543,Steve Mandanda,,,Incomplete,57.666714,21.7,51.9,77.3,36.6
3857275,2022-11-30,Group Stage,Tunisia,1,5,58,France,7439,Axel Disasi,5485,Raphaël Varane,Complete,68.55837,80.7,80.0,68.7,12.5
3857275,2022-11-30,Group Stage,Tunisia,1,5,58,France,5485,Raphaël Varane,24778,Eduardo Camavinga,Complete,19.800253,68.9,12.7,53.0,24.5
3857275,2022-11-30,Group Stage,Tunisia,1,5,59,France,24778,Eduardo Camavinga,11135,Ibrahima Konaté,Complete,16.360012,63.5,11.9,52.6,24.1
3857275,2022-11-30,Group Stage,Tunisia,1,6,1,France,11135,Ibrahima Konaté,5485,Raphaël Varane,Complete,26.394697,52.6,24.1,49.4,50.3
3857275,2022-11-30,Group Stage,Tunisia,1,6,4,France,5485,Raphaël Varane,7439,Axel Disasi,Complete,21.868927,51.2,55.9,55.2,77.4
3857275,2022-11-30,Group Stage,Tunisia,1,6,7,France,7439,Axel Disasi,8217,Kingsley Coman,Complete,15.520632,55.2,77.4,70.7,76.6
3857275,2022-11-30,Group Stage,Tunisia,1,6,11,France,8217,Kingsley Coman,10481,Aurélien Djani Tchouaméni,Complete,19.331322,67.5,59.9,56.8,43.8
3857275,2022-11-30,Group Stage,Tunisia,1,6,14,France,10481,Aurélien Djani Tchouaméni,8217,Kingsley Coman,Incomplete,18.709623,57.8,43.2,76.5,43.8
3857275,2022-11-30,Group Stage,Tunisia,1,6,18,France,7153,Jordan Veretout,24778,Eduardo Camavinga,Complete,15.283978,67.5,22.3,69.1,7.1
3857275,2022-11-30,Group Stage,Tunisia,1,6,19,France,24778,Eduardo Camavinga,11135,Ibrahima Konaté,Complete,25.725668,69.1,6.9,48.2,21.9
3857275,2022-11-30,Group Stage,Tunisia,1,6,23,France,11135,Ibrahima Konaté,5485,Raphaël Varane,Complete,28.355776,45.8,28.8,49.6,56.9
3857275,2022-11-30,Group Stage,Tunisia,1,6,26,France,5485,Raphaël Varane,7439,Axel Disasi,Complete,14.227438,53.8,65.7,62.7,76.8
3857275,2022-11-30,Group Stage,Tunisia,1,6,28,France,7439,Axel Disasi,11990,Youssouf Fofana,Complete,8.692526,62.7,76.8,70.7,73.4
3857275,2022-11-30,Group Stage,Tunisia,1,6,29,France,11990,Youssouf Fofana,7439,Axel Disasi,Incomplete,4.2426405,70.7,73.4,71.3,77.6
3857275,2022-11-30,Group Stage,Tunisia,1,6,40,France,7439,Axel Disasi,8217,Kingsley Coman,Complete,15.250246,69.7,80.0,81.3,70.1
3857275,2022-11-30,Group Stage,Tunisia,1,8,37,France,3543,Steve Mandanda,,,Incomplete,71.03478,10.2,46.2,80.7,54.9
3857275,2022-11-30,Group Stage,Tunisia,1,8,51,France,7439,Axel Disasi,22097,Randal Kolo Muani,Complete,12.567418,77.9,80.0,83.4,68.7
3857275,2022-11-30,Group Stage,Tunisia,1,8,54,France,22097,Randal Kolo Muani,7439,Axel Disasi,Out,13.345411,83.4,68.7,76.3,80.0
3857275,2022-11-30,Group Stage,Tunisia,1,10,22,France,10481,Aurélien Djani Tchouaméni,,,Incomplete,22.987171,24.7,62.1,47.6,60.1
3857275,2022-11-30,Group Stage,Tunisia,1,10,32,France,7439,Axel Disasi,,,Incomplete,29.932758,18.5,74.6,48.4,76.0
3857275,2022-11-30,Group Stage,Tunisia,1,10,35,France,5485,Raphaël Varane,,,Incomplete,31.643167,22.7,68.1,50.0,52.1
3857275,2022-11-30,Group Stage,Tunisia,1,11,13,France,3543,Steve Mandanda,24778,Eduardo Camavinga,Complete,10.462314,7.0,36.1,12.5,27.2
3857275,2022-11-30,Group Stage,Tunisia,1,11,18,France,24778,Eduardo Camavinga,7345,Mattéo Guendouzi Olié,Incomplete,45.827938,41.2,13.3,39.6,59.1
3857275,2022-11-30,Group Stage,Tunisia,1,12,12,France,3543,Steve Mandanda,11135,Ibrahima Konaté,Complete,8.04301,7.0,36.1,12.0,29.8
3857275,2022-11-30,Group Stage,Tunisia,1,12,14,France,11135,Ibrahima Konaté,5485,Raphaël Varane,Complete,24.745504,12.0,29.8,13.5,54.5
3857275,2022-11-30,Group Stage,Tunisia,1,12,19,France,5485,Raphaël Varane,11135,Ibrahima Konaté,Complete,23.94598,25.9,58.7,21.3,35.2
3857275,2022-11-30,Group Stage,Tunisia,1,12,21,France,11135,Ibrahima Konaté,24778,Eduardo Camavinga,Complete,12.432618,21.5,33.4,25.1,21.5
3857275,2022-11-30,Group Stage,Tunisia,1,12,24,France,24778,Eduardo Camavinga,10481,Aurélien Djani Tchouaméni,Complete,13.482581,25.1,21.5,35.4,30.2
3857275,2022-11-30,Group Stage,Tunisia,1,12,25,France,10481,Aurélien Djani Tchouaméni,24778,Eduardo Camavinga,Complete,9.078547,35.4,30.2,29.5,23.3
3857275,2022-11-30,Group Stage,Tunisia,1,12,26,France,24778,Eduardo Camavinga,11135,Ibrahima Konaté,Complete,10.317461,29.3,23.3,20.7,29.0
3857275,2022-11-30,Group Stage,Tunisia,1,12,28,France,11135,Ibrahima Konaté,7153,Jordan Veretout,Complete,15.55667,20.7,29.0,32.7,19.1
3857275,2022-11-30,Group Stage,Tunisia,1,13,8,France,3543,Steve Mandanda,,,Incomplete,16.633099,7.0,36.1,23.5,34.0
3857275,2022-11-30,Group Stage,Tunisia,1,13,12,France,7439,Axel Disasi,,,Incomplete,38.7115,49.4,58.5,78.7,33.2
3857275,2022-11-30,Group Stage,Tunisia,1,14,9,France,3543,Steve Mandanda,,,Incomplete,74.320724,10.0,46.8,82.6,62.7
3857275,2022-11-30,Group Stage,Tunisia,1,14,47,France,8217,Kingsley Coman,7345,Mattéo Guendouzi Olié,Complete,25.300198,120.0,80.0,112.3,55.9
3857275,2022-11-30,Group Stage,Tunisia,1,14,48,France,7345,Mattéo Guendouzi Olié,,,Incomplete,15.731815,112.3,56.1,111.3,40.4
3857275,2022-11-30,Group Stage,Tunisia,1,15,8,France,8217,Kingsley Coman,,,Incomplete,44.75455,120.0,80.0,109.9,36.4
3857275,2022-11-30,Group Stage,Tunisia,1,16,13,France,11990,Youssouf Fofana,8217,Kingsley Coman,Incomplete,4.6389656,38.4,76.6,43.0,76.0
3857275,2022-11-30,Group Stage,Tunisia,1,16,28,France,7345,Mattéo Guendouzi Olié,22097,Randal Kolo Muani,Complete,22.346588,21.9,24.5,41.0,12.9
3857275,2022-11-30,Group Stage,Tunisia,1,16,46,France,11135,Ibrahima Konaté,,,Incomplete,4.356604,10.4,48.0,14.1,50.3
3857275,2022-11-30,Group Stage,Tunisia,1,17,14,France,3543,Steve Mandanda,5485,Raphaël Varane,Complete,23.410467,7.0,44.1,25.3,58.7
3857275,2022-11-30,Group Stage,Tunisia,1,17,16,France,5485,Raphaël Varane,11135,Ibrahima Konaté,Complete,21.444113,25.3,58.7,20.5,37.8
3857275,2022-11-30,Group Stage,Tunisia,1,17,20,France,11135,Ibrahima Konaté,24778,Eduardo Camavinga,Complete,27.760584,27.7,32.0,35.3,5.3
3857275,2022-11-30,Group Stage,Tunisia,1,17,22,France,24778,Eduardo Camavinga,11135,Ibrahima Konaté,Complete,17.670597,36.4,5.1,28.1,20.7
3857275,2022-11-30,Group Stage,Tunisia,1,17,25,France,11135,Ibrahima Konaté,10481,Aurélien Djani Tchouaméni,Complete,9.2660675,28.7,23.1,36.8,27.6
3857275,2022-11-30,Group Stage,Tunisia,1,17,29,France,10481,Aurélien Djani Tchouaméni,5485,Raphaël Varane,Complete,14.549914,37.0,43.6,32.1,57.3
3857275,2022-11-30,Group Stage,Tunisia,1,17,32,France,5485,Raphaël Varane,7439,Axel Disasi,Complete,6.5276337,34.5,71.3,33.9,77.8
3857275,2022-11-30,Group Stage,Tunisia,1,17,34,France,7439,Axel Disasi,,,Incomplete,18.56906,33.9,77.8,52.4,76.2
3857275,2022-11-30,Group Stage,Tunisia,1,17,39,France,5485,Raphaël Varane,10481,Aurélien Djani Tchouaméni,Complete,7.5179787,37.4,65.1,41.0,58.5
3857275,2022-11-30,Group Stage,Tunisia,1,17,42,France,10481,Aurélien Djani Tchouaméni,24778,Eduardo Camavinga,Complete,37.066967,43.4,49.9,50.4,13.5
3857275,2022-11-30,Group Stage,Tunisia,1,17,49,France,24778,Eduardo Camavinga,22097,Randal Kolo Muani,Complete,8.926926,78.5,8.3,87.2,10.3
3857275,2022-11-30,Group Stage,Tunisia,1,18,5,France,24778,Eduardo Camavinga,7153,Jordan Veretout,Complete,12.02539,107.9,0.1,100.4,9.5
3857275,2022-11-30,Group Stage,Tunisia,1,18,6,France,7153,Jordan Veretout,24778,Eduardo Camavinga,Complete,6.9921384,100.4,9.3,107.1,7.3
3857275,2022-11-30,Group Stage,Tunisia,1,18,14,France,24778,Eduardo Camavinga,7153,Jordan Veretout,Complete,18.662529,106.7,0.1,89.4,7.1
3857275,2022-11-30,Group Stage,Tunisia,1,18,17,France,7153,Jordan Veretout,10481,Aurélien Djani Tchouaméni,Complete,20.207176,85.2,8.7,69.9,21.9
3857275,2022-11-30,Group Stage,Tunisia,1,18,20,France,10481,Aurélien Djani Tchouaméni,5485,Raphaël Varane,Complete,16.673632,69.9,21.9,67.5,38.4
3857275,2022-11-30,Group Stage,Tunisia,1,18,22,France,5485,Raphaël Varane,7439,Axel Disasi,Complete,31.231394,65.7,41.6,67.1,72.8
3857275,2022-11-30,Group Stage,Tunisia,1,18,24,France,7439,Axel Disasi,5485,Raphaël Varane,Complete,14.451644,67.1,72.8,62.5,59.1
3857275,2022-11-30,Group Stage,Tunisia,1,18,28,France,5485,Raphaël Varane,11990,Youssouf Fofana,Complete,12.857682,62.5,59.1,74.9,62.5
3857275,2022-11-30,Group Stage,Tunisia,1,18,30,France,11990,Youssouf Fofana,7439,Axel Disasi,Complete,8.321658,80.9,68.3,81.5,76.6
3857275,2022-11-30,Group Stage,Tunisia,1,18,34,France,7439,Axel Disasi,10481,Aurélien Djani Tchouaméni,Complete,7.4330344,81.5,76.6,75.3,72.5
3857275,2022-11-30,Group Stage,Tunisia,1,18,36,France,10481,Aurélien Djani Tchouaméni,11135,Ibrahima Konaté,Complete,28.53086,72.3,65.7,64.7,38.2
3857275,2022-11-30,Group Stage,Tunisia,1,18,39,France,11135,Ibrahima Konaté,24778,Eduardo Camavinga,Complete,30.101496,69.1,28.0,87.4,4.1
3857275,2022-11-30,Group Stage,Tunisia,1,18,43,France,24778,Eduardo Camavinga,7345,Mattéo Guendouzi Olié,Complete,15.728954,87.6,4.1,90.8,19.5
3857275,2022-11-30,Group Stage,Tunisia,1,18,44,France,7345,Mattéo Guendouzi Olié,24778,Eduardo Camavinga,Incomplete,23.447815,91.8,20.2,112.4,9.0
3857275,2022-11-30,Group Stage,Tunisia,1,19,21,France,24778,Eduardo Camavinga,,,Incomplete,3.5057096,82.0,7.3,78.5,7.5
3857275,2022-11-30,Group Stage,Tunisia,1,19,30,France,24778,Eduardo Camavinga,10481,Aurélien Djani Tchouaméni,Complete,6.4031243,55.4,9.3,55.2,15.7
3857275,2022-11-30,Group Stage,Tunisia,1,19,49,France,24778,Eduardo Camavinga,10481,Aurélien Djani Tchouaméni,Complete,22.314121,34.1,0.1,28.5,21.7
3857275,2022-11-30,Group Stage,Tunisia,1,19,53,France,10481,Aurélien Djani Tchouaméni,11990,Youssouf Fofana,Complete,10.770329,24.9,27.0,34.1,32.6
3857275,2022-11-30,Group Stage,Tunisia,1,19,55,France,11990,Youssouf Fofana,5485,Raphaël Varane,Complete,22.359114,34.1,32.6,27.3,53.9
3857275,2022-11-30,Group Stage,Tunisia,1,19,59,France,5485,Raphaël Varane,8217,Kingsley Coman,Complete,72.15608,27.1,56.5,96.4,76.6
3857275,2022-11-30,Group Stage,Tunisia,1,20,43,France,7439,Axel Disasi,24778,Eduardo Camavinga,Incomplete,37.187767,69.1,80.0,96.9,55.3
3857275,2022-11-30,Group Stage,Tunisia,1,21,24,France,24778,Eduardo Camavinga,10481,Aurélien Djani Tchouaméni,Complete,26.857588,12.0,0.1,29.7,20.3
3857275,2022-11-30,Group Stage,Tunisia,1,21,25,France,10481,Aurélien Djani Tchouaméni,7439,Axel Disasi,Complete,44.510334,29.9,32.2,42.8,74.8
3857275,2022-11-30,Group Stage,Tunisia,1,21,26,France,7439,Axel Disasi,8217,Kingsley Coman,Complete,13.146863,42.8,74.8,55.6,77.8
3857275,2022-11-30,Group Stage,Tunisia,1,21,30,France,8217,Kingsley Coman,10481,Aurélien Djani Tchouaméni,Complete,12.913946,51.0,75.0,44.4,63.9
3857275,2022-11-30,Group Stage,Tunisia,1,21,33,France,10481,Aurélien Djani Tchouaméni,24778,Eduardo Camavinga,Complete,30.280025,46.0,52.1,48.2,21.9
3857275,2022-11-30,Group Stage,Tunisia,1,21,36,France,24778,Eduardo Camavinga,7153,Jordan Veretout,Complete,8.70919,49.2,20.5,52.4,28.6
3857275,2022-11-30,Group Stage,Tunisia,1,21,38,France,7153,Jordan Veretout,10481,Aurélien Djani Tchouaméni,Complete,14.449913,52.4,28.6,53.6,43.0
3857275,2022-11-30,Group Stage,Tunisia,1,21,41,France,10481,Aurélien Djani Tchouaméni,11990,Youssouf Fofana,Complete,28.546453,52.8,49.6,79.5,59.7
3857275,2022-11-30,Group Stage,Tunisia,1,21,43,France,11990,Youssouf Fofana,7439,Axel Disasi,Complete,14.708501,77.5,66.3,87.8,76.8
3857275,2022-11-30,Group Stage,Tunisia,1,21,48,France,7439,Axel Disasi,8217,Kingsley Coman,Complete,8.492938,88.2,76.2,90.0,67.9
3857275,2022-11-30,Group Stage,Tunisia,1,21,50,France,8217,Kingsley Coman,10481,Aurélien Djani Tchouaméni,Complete,18.585209,88.2,66.5,70.3,71.5
3857275,2022-11-30,Group Stage,Tunisia,1,21,52,France,10481,Aurélien Djani Tchouaméni,7153,Jordan Veretout,Complete,12.322337,68.3,70.9,71.1,58.9
3857275,2022-11-30,Group Stage,Tunisia,1,21,53,France,7153,Jordan Veretout,10481,Aurélien Djani Tchouaméni,Complete,13.870832,73.3,59.3,66.7,71.5
3857275,2022-11-30,Group Stage,Tunisia,1,21,54,France,10481,Aurélien Djani Tchouaméni,5485,Raphaël Varane,Complete,21.284971,67.9,72.3,53.0,57.1
3857275,2022-11-30,Group Stage,Tunisia,1,21,57,France,5485,Raphaël Varane,11135,Ibrahima Konaté,Complete,25.993269,53.0,57.1,50.8,31.2
3857275,2022-11-30,Group Stage,Tunisia,1,21,59,France,11135,Ibrahima Konaté,24778,Eduardo Camavinga,Complete,24.6759,52.4,27.4,68.5,8.7
3857275,2022-11-30,Group Stage,Tunisia,1,22,3,France,24778,Eduardo Camavinga,,,Incomplete,19.906029,68.5,8.7,88.0,4.7
3857275,2022-11-30,Group Stage,Tunisia,1,22,25,France,24778,Eduardo Camavinga,8217,Kingsley Coman,Incomplete,12.563439,86.0,26.8,98.2,29.8
3857275,2022-11-30,Group Stage,Tunisia,1,22,29,France,22097,Randal Kolo Muani,7345,Mattéo Guendouzi Olié,Complete,8.1024685,108.7,9.5,100.8,7.7
3857275,2022-11-30,Group Stage,Tunisia,1,22,31,France,7345,Mattéo Guendouzi Olié,7153,Jordan Veretout,Complete,15.310127,100.4,8.3,86.0,13.5
3857275,2022-11-30,Group Stage,Tunisia,1,22,33,France,7153,Jordan Veretout,10481,Aurélien Djani Tchouaméni,Complete,12.586501,88.2,17.7,79.3,26.6
3857275,2022-11-30,Group Stage,Tunisia,1,22,35,France,10481,Aurélien Djani Tchouaméni,11135,Ibrahima Konaté,Complete,12.801562,80.3,28.4,67.5,28.2
3857275,2022-11-30,Group Stage,Tunisia,1,22,37,France,11135,Ibrahima Konaté,5485,Raphaël Varane,Complete,21.708294,67.5,28.2,68.1,49.9
3857275,2022-11-30,Group Stage,Tunisia,1,22,42,France,5485,Raphaël Varane,7439,Axel Disasi,Complete,8.077747,84.8,68.9,87.8,76.4
3857275,2022-11-30,Group Stage,Tunisia,1,22,43,France,7439,Axel Disasi,5485,Raphaël Varane,Complete,6.0207973,87.8,76.4,83.8,71.9
3857275,2022-11-30,Group Stage,Tunisia,1,22,45,France,5485,Raphaël Varane,11990,Youssouf Fofana,Complete,16.994116,83.8,71.9,99.0,64.3
3857275,2022-11-30,Group Stage,Tunisia,1,22,47,France,11990,Youssouf Fofana,8217,Kingsley Coman,Complete,10.480935,98.4,66.3,95.6,76.4
3857275,2022-11-30,Group Stage,Tunisia,1,22,50,France,8217,Kingsley Coman,5485,Raphaël Varane,Complete,13.416408,95.6,76.4,82.4,74.0
3857275,2022-11-30,Group Stage,Tunisia,1,22,52,France,5485,Raphaël Varane,11135,Ibrahima Konaté,Complete,35.893314,80.9,71.7,66.1,39.0
3857275,2022-11-30,Group Stage,Tunisia,1,22,57,France,11135,Ibrahima Konaté,,,Incomplete,14.493102,81.1,38.2,94.2,44.4
3857275,2022-11-30,Group Stage,Tunisia,1,23,24,France,3543,Steve Mandanda,7153,Jordan Veretout,Complete,8.5,7.0,36.1,11.0,28.6
3857275,2022-11-30,Group Stage,Tunisia,1,23,30,France,7153,Jordan Veretout,10481,Aurélien Djani Tchouaméni,Complete,13.237069,35.3,37.4,37.2,50.5
3857275,2022-11-30,Group Stage,Tunisia,1,23,33,France,10481,Aurélien Djani Tchouaméni,7153,Jordan Veretout,Complete,11.107204,39.0,50.7,39.4,39.6
3857275,2022-11-30,Group Stage,Tunisia,1,23,36,France,7153,Jordan Veretout,24778,Eduardo Camavinga,Complete,25.59785,39.4,39.6,50.0,16.3
3857275,2022-11-30,Group Stage,Tunisia,1,23,39,France,24778,Eduardo Camavinga,7153,Jordan Veretout,Complete,17.81011,50.6,6.1,43.2,22.3
3857275,2022-11-30,Group Stage,Tunisia,1,23,41,France,7153,Jordan Veretout,11135,Ibrahima Konaté,Complete,15.297712,40.0,24.7,26.9,32.6
3857275,2022-11-30,Group Stage,Tunisia,1,23,44,France,11135,Ibrahima Konaté,3543,Steve Mandanda,Complete,22.005682,23.3,29.0,4.6,40.6
3857275,2022-11-30,Group Stage,Tunisia,1,23,45,France,3543,Steve Mandanda,24778,Eduardo Camavinga,Complete,43.862625,5.2,40.4,40.0,13.7
3857275,2022-11-30,Group Stage,Tunisia,1,23,48,France,24778,Eduardo Camavinga,,,Incomplete,25.71167,40.0,13.7,64.5,21.5
3857275,2022-11-30,Group Stage,Tunisia,1,24,35,France,7345,Mattéo Guendouzi Olié,22097,Randal Kolo Muani,Complete,15.388308,14.1,7.9,29.3,10.3
3857275,2022-11-30,Group Stage,Tunisia,1,24,36,France,22097,Randal Kolo Muani,10481,Aurélien Djani Tchouaméni,Complete,25.515682,29.3,10.3,22.9,35.0
3857275,2022-11-30,Group Stage,Tunisia,1,24,39,France,10481,Aurélien Djani Tchouaméni,11990,Youssouf Fofana,Complete,34.096626,24.5,37.2,50.8,58.9
3857275,2022-11-30,Group Stage,Tunisia,1,24,46,France,11990,Youssouf Fofana,8217,Kingsley Coman,Complete,27.412771,91.0,53.9,108.5,32.8
3857275,2022-11-30,Group Stage,Tunisia,1,25,53,France,24778,Eduardo Camavinga,8217,Kingsley Coman,Incomplete,39.33154,35.3,13.3,64.9,39.2
3857275,2022-11-30,Group Stage,Tunisia,1,26,38,France,5485,Raphaël Varane,10481,Aurélien Djani Tchouaméni,Complete,5.8821764,22.3,58.3,27.9,56.5
3857275,2022-11-30,Group Stage,Tunisia,1,26,42,France,10481,Aurélien Djani Tchouaméni,5485,Raphaël Varane,Complete,6.61211,28.5,55.5,28.9,62.1
3857275,2022-11-30,Group Stage,Tunisia,1,26,46,France,5485,Raphaël Varane,10481,Aurélien Djani Tchouaméni,Complete,4.494441,30.1,62.5,32.5,58.7
3857275,2022-11-30,Group Stage,Tunisia,1,26,49,France,10481,Aurélien Djani Tchouaméni,11135,Ibrahima Konaté,Complete,23.306007,33.9,55.9,26.5,33.8
3857275,2022-11-30,Group Stage,Tunisia,1,26,53,France,11135,Ibrahima Konaté,7153,Jordan Veretout,Complete,5.8549123,38.0,27.0,43.8,27.8
3857275,2022-11-30,Group Stage,Tunisia,1,26,56,France,7153,Jordan Veretout,24778,Eduardo Camavinga,Complete,17.705366,46.2,19.5,58.0,6.3
3857275,2022-11-30,Group Stage,Tunisia,1,27,0,France,24778,Eduardo Camavinga,7153,Jordan Veretout,Complete,7.5186434,63.9,8.7,56.6,10.5
3857275,2022-11-30,Group Stage,Tunisia,1,27,1,France,7153,Jordan Veretout,10481,Aurélien Djani Tchouaméni,Complete,9.202173,56.2,13.9,56.4,23.1
3857275,2022-11-30,Group Stage,Tunisia,1,27,4,France,10481,Aurélien Djani Tchouaméni,7439,Axel Disasi,Complete,33.13865,52.0,26.4,53.6,59.5
3857275,2022-11-30,Group Stage,Tunisia,1,27,7,France,7439,Axel Disasi,8217,Kingsley Coman,Complete,21.663334,53.8,63.3,70.9,76.6
3857275,2022-11-30,Group Stage,Tunisia,1,27,11,France,8217,Kingsley Coman,10481,Aurélien Djani Tchouaméni,Complete,9.720082,71.5,65.9,65.7,58.1
3857275,2022-11-30,Group Stage,Tunisia,1,27,14,France,10481,Aurélien Djani Tchouaméni,24778,Eduardo Camavinga,Complete,46.80171,65.7,58.1,65.3,11.3
3857275,2022-11-30,Group Stage,Tunisia,1,28,2,France,7153,Jordan Veretout,5485,Raphaël Varane,Complete,32.46121,69.3,23.9,49.6,49.7
3857275,2022-11-30,Group Stage,Tunisia,1,28,8,France,5485,Raphaël Varane,10481,Aurélien Djani Tchouaméni,Complete,10.492378,55.2,38.8,64.9,42.8
3857275,2022-11-30,Group Stage,Tunisia,1,28,9,France,10481,Aurélien Djani Tchouaméni,5485,Raphaël Varane,Complete,10.623088,64.9,42.8,54.6,45.4
3857275,2022-11-30,Group Stage,Tunisia,1,28,11,France,5485,Raphaël Varane,7153,Jordan Veretout,Complete,9.002222,54.8,45.0,55.0,36.0
3857275,2022-11-30,Group Stage,Tunisia,1,28,13,France,7153,Jordan Veretout,24778,Eduardo Camavinga,Complete,36.889294,56.0,32.8,79.9,4.7
3857275,2022-11-30,Group Stage,Tunisia,1,28,16,France,24778,Eduardo Camavinga,7153,Jordan Veretout,Complete,9.303762,79.9,11.7,75.9,20.1
3857275,2022-11-30,Group Stage,Tunisia,1,28,18,France,7153,Jordan Veretout,11135,Ibrahima Konaté,Complete,18.878824,75.9,20.1,58.0,26.1
3857275,2022-11-30,Group Stage,Tunisia,1,28,21,France,11135,Ibrahima Konaté,5485,Raphaël Varane,Complete,22.769497,58.0,26.1,53.4,48.4
3857275,2022-11-30,Group Stage,Tunisia,1,28,25,France,5485,Raphaël Varane,11990,Youssouf Fofana,Complete,11.208925,59.5,53.7,70.3,56.7
3857275,2022-11-30,Group Stage,Tunisia,1,28,26,France,11990,Youssouf Fofana,5485,Raphaël Varane,Complete,7.045566,74.1,56.1,67.1,56.9
3857275,2022-11-30,Group Stage,Tunisia,1,28,27,France,5485,Raphaël Varane,11990,Youssouf Fofana,Complete,5.758472,67.1,56.9,69.1,62.3
3857275,2022-11-30,Group Stage,Tunisia,1,28,29,France,11990,Youssouf Fofana,5485,Raphaël Varane,Complete,5.408327,62.1,63.1,57.6,60.1
3857275,2022-11-30,Group Stage,Tunisia,1,28,35,France,5485,Raphaël Varane,11990,Youssouf Fofana,Complete,12.924783,54.0,56.7,61.1,67.5
3857275,2022-11-30,Group Stage,Tunisia,1,28,37,France,11990,Youssouf Fofana,8217,Kingsley Coman,Complete,14.795945,64.1,66.1,78.5,62.7
3857275,2022-11-30,Group Stage,Tunisia,1,28,39,France,8217,Kingsley Coman,7439,Axel Disasi,Complete,9.512623,79.1,68.5,77.1,77.8
3857275,2022-11-30,Group Stage,Tunisia,1,28,40,France,7439,Axel Disasi,11990,Youssouf Fofana,Complete,4.560702,77.1,77.8,75.9,73.4
3857275,2022-11-30,Group Stage,Tunisia,1,29,25,France,3543,Steve Mandanda,5485,Raphaël Varane,Complete,23.1588,12.1,37.2,24.9,56.5
3857275,2022-11-30,Group Stage,Tunisia,1,29,29,France,5485,Raphaël Varane,8217,Kingsley Coman,Complete,33.140007,27.3,58.5,53.8,78.4
3857275,2022-11-30,Group Stage,Tunisia,1,29,38,France,3543,Steve Mandanda,10481,Aurélien Djani Tchouaméni,Complete,13.981773,16.1,49.7,27.9,42.2
3857275,2022-11-30,Group Stage,Tunisia,1,29,46,France,10481,Aurélien Djani Tchouaméni,7439,Axel Disasi,Complete,35.01271,27.9,42.2,39.6,75.2
3857275,2022-11-30,Group Stage,Tunisia,1,29,49,France,7439,Axel Disasi,10481,Aurélien Djani Tchouaméni,Complete,7.9605274,41.6,75.4,45.2,68.3
3857275,2022-11-30,Group Stage,Tunisia,1,29,52,France,10481,Aurélien Djani Tchouaméni,7153,Jordan Veretout,Complete,15.183214,43.8,58.5,47.6,43.8
3857275,2022-11-30,Group Stage,Tunisia,1,29,55,France,7153,Jordan Veretout,24778,Eduardo Camavinga,Complete,30.458168,48.4,40.2,64.1,14.1
3857275,2022-11-30,Group Stage,Tunisia,1,30,0,France,24778,Eduardo Camavinga,10481,Aurélien Djani Tchouaméni,Complete,13.535139,72.3,27.0,64.7,38.2
3857275,2022-11-30,Group Stage,Tunisia,1,30,1,France,10481,Aurélien Djani Tchouaméni,7153,Jordan Veretout,Complete,15.911317,64.7,38.2,65.3,22.3
3857275,2022-11-30,Group Stage,Tunisia,1,30,3,France,7153,Jordan Veretout,7345,Mattéo Guendouzi Olié,Complete,16.747538,65.9,19.3,76.7,6.5
3857275,2022-11-30,Group Stage,Tunisia,1,30,5,France,7345,Mattéo Guendouzi Olié,7153,Jordan Veretout,Complete,11.933147,77.7,7.9,68.5,15.5
3857275,2022-11-30,Group Stage,Tunisia,1,30,7,France,7153,Jordan Veretout,24778,Eduardo Camavinga,Complete,21.936728,68.5,15.5,83.4,31.6
3857275,2022-11-30,Group Stage,Tunisia,1,32,1,France,7439,Axel Disasi,10481,Aurélien Djani Tchouaméni,Complete,9.57549,37.0,80.0,41.0,71.3
3857275,2022-11-30,Group Stage,Tunisia,1,32,2,France,10481,Aurélien Djani Tchouaméni,7439,Axel Disasi,Complete,11.141364,41.0,71.3,50.8,76.6
3857275,2022-11-30,Group Stage,Tunisia,1,32,3,France,7439,Axel Disasi,8217,Kingsley Coman,Complete,7.922752,53.8,76.6,61.7,77.2
3857275,2022-11-30,Group Stage,Tunisia,1,32,4,France,8217,Kingsley Coman,7439,Axel Disasi,Complete,6.747592,61.9,77.0,55.2,76.2
3857275,2022-11-30,Group Stage,Tunisia,1,33,51,France,11990,Youssouf Fofana,,,Unknown,7.3348484,73.1,54.5,80.3,53.1
3857275,2022-11-30,Group Stage,Tunisia,1,34,31,France,5485,Raphaël Varane,22097,Randal Kolo Muani,Incomplete,15.3153515,13.3,38.2,23.3,26.6
3857275,2022-11-30,Group Stage,Tunisia,1,35,33,France,11135,Ibrahima Konaté,10481,Aurélien Djani Tchouaméni,Complete,10.575916,25.1,32.2,35.4,34.6
3857275,2022-11-30,Group Stage,Tunisia,1,35,37,France,10481,Aurélien Djani Tchouaméni,24778,Eduardo Camavinga,Complete,27.506544,36.8,36.0,37.4,8.5
3857275,2022-11-30,Group Stage,Tunisia,1,35,40,France,24778,Eduardo Camavinga,11135,Ibrahima Konaté,Complete,18.161774,37.6,8.1,28.3,23.7
3857275,2022-11-30,Group Stage,Tunisia,1,35,42,France,11135,Ibrahima Konaté,5485,Raphaël Varane,Complete,23.10779,26.5,28.2,25.9,51.3
3857275,2022-11-30,Group Stage,Tunisia,1,35,45,France,5485,Raphaël Varane,10481,Aurélien Djani Tchouaméni,Complete,9.773945,30.7,55.9,40.4,54.7
3857275,2022-11-30,Group Stage,Tunisia,1,35,47,France,10481,Aurélien Djani Tchouaméni,5485,Raphaël Varane,Complete,8.285529,38.4,56.3,35.1,63.9
3857275,2022-11-30,Group Stage,Tunisia,1,35,48,France,5485,Raphaël Varane,7439,Axel Disasi,Complete,20.193563,35.3,64.1,51.0,76.8
3857275,2022-11-30,Group Stage,Tunisia,1,35,50,France,7439,Axel Disasi,11990,Youssouf Fofana,Complete,16.102795,51.0,76.8,63.7,66.9
3857275,2022-11-30,Group Stage,Tunisia,1,36,35,France,24778,Eduardo Camavinga,5485,Raphaël Varane,Complete,14.1039,6.2,27.0,10.6,40.4
3857275,2022-11-30,Group Stage,Tunisia,1,36,39,France,5485,Raphaël Varane,,,Incomplete,51.96499,9.6,49.2,54.0,76.2
3857275,2022-11-30,Group Stage,Tunisia,1,36,52,France,10481,Aurélien Djani Tchouaméni,24778,Eduardo Camavinga,Complete,17.510283,10.4,50.5,9.8,33.0
3857275,2022-11-30,Group Stage,Tunisia,1,36,58,France,24778,Eduardo Camavinga,7345,Mattéo Guendouzi Olié,Complete,22.9421,10.8,31.2,31.3,20.9
3857275,2022-11-30,Group Stage,Tunisia,1,37,0,France,7345,Mattéo Guendouzi Olié,7153,Jordan Veretout,Complete,5.72014,33.7,20.5,29.1,23.9
3857275,2022-11-30,Group Stage,Tunisia,1,37,1,France,7153,Jordan Veretout,11990,Youssouf Fofana,Complete,15.608331,29.1,23.9,36.2,37.8
3857275,2022-11-30,Group Stage,Tunisia,1,37,6,France,11990,Youssouf Fofana,5485,Raphaël Varane,Complete,7.267049,36.4,50.3,32.3,56.3
3857275,2022-11-30,Group Stage,Tunisia,1,37,9,France,5485,Raphaël Varane,10481,Aurélien Djani Tchouaméni,Complete,15.347313,32.3,56.3,39.6,42.8
3857275,2022-11-30,Group Stage,Tunisia,1,37,13,France,10481,Aurélien Djani Tchouaméni,7153,Jordan Veretout,Complete,23.348234,48.8,29.6,63.3,11.3
3857275,2022-11-30,Group Stage,Tunisia,1,37,17,France,7153,Jordan Veretout,7345,Mattéo Guendouzi Olié,Complete,13.508515,68.9,12.5,63.1,24.7
3857275,2022-11-30,Group Stage,Tunisia,1,37,19,France,7345,Mattéo Guendouzi Olié,24778,Eduardo Camavinga,Complete,11.098198,63.1,24.9,57.2,15.5
3857275,2022-11-30,Group Stage,Tunisia,1,37,22,France,24778,Eduardo Camavinga,11135,Ibrahima Konaté,Complete,20.16755,57.0,16.7,42.2,30.4
3857275,2022-11-30,Group Stage,Tunisia,1,37,24,France,11135,Ibrahima Konaté,5485,Raphaël Varane,Complete,20.734753,42.8,37.0,41.6,57.7
3857275,2022-11-30,Group Stage,Tunisia,1,37,29,France,5485,Raphaël Varane,7439,Axel Disasi,Complete,18.113531,46.6,69.5,62.7,77.8
3857275,2022-11-30,Group Stage,Tunisia,1,37,32,France,7439,Axel Disasi,8217,Kingsley Coman,Complete,7.694154,73.3,76.2,80.9,77.4
3857275,2022-11-30,Group Stage,Tunisia,1,37,34,France,8217,Kingsley Coman,10481,Aurélien Djani Tchouaméni,Complete,12.983451,72.5,76.8,64.1,66.9
3857275,2022-11-30,Group Stage,Tunisia,1,37,37,France,10481,Aurélien Djani Tchouaméni,11135,Ibrahima Konaté,Complete,23.58686,65.7,63.1,56.0,41.6
3857275,2022-11-30,Group Stage,Tunisia,1,37,41,France,11135,Ibrahima Konaté,24778,Eduardo Camavinga,Complete,26.772,56.6,37.4,64.1,11.7
3857275,2022-11-30,Group Stage,Tunisia,1,37,43,France,24778,Eduardo Camavinga,7153,Jordan Veretout,Complete,13.200378,64.1,9.5,75.7,3.2
3857275,2022-11-30,Group Stage,Tunisia,1,37,45,France,7153,Jordan Veretout,11135,Ibrahima Konaté,Complete,27.084497,73.1,6.1,54.2,25.5
3857275,2022-11-30,Group Stage,Tunisia,1,37,48,France,11135,Ibrahima Konaté,5485,Raphaël Varane,Complete,18.901058,53.2,33.0,53.4,51.9
3857275,2022-11-30,Group Stage,Tunisia,1,37,54,France,5485,Raphaël Varane,7439,Axel Disasi,Complete,7.4518456,63.1,71.3,67.9,77.0
3857275,2022-11-30,Group Stage,Tunisia,1,37,56,France,7439,Axel Disasi,10481,Aurélien Djani Tchouaméni,Complete,11.30177,69.1,77.2,69.3,65.9
3857275,2022-11-30,Group Stage,Tunisia,1,37,58,France,10481,Aurélien Djani Tchouaméni,5485,Raphaël Varane,Complete,13.106106,69.5,65.7,56.4,66.1
3857275,2022-11-30,Group Stage,Tunisia,1,38,0,France,5485,Raphaël Varane,11135,Ibrahima Konaté,Complete,18.926437,52.8,57.9,53.8,39.0
3857275,2022-11-30,Group Stage,Tunisia,1,38,4,France,11135,Ibrahima Konaté,10481,Aurélien Djani Tchouaméni,Complete,15.264338,60.9,36.8,76.1,38.2
3857275,2022-11-30,Group Stage,Tunisia,1,38,5,France,10481,Aurélien Djani Tchouaméni,11135,Ibrahima Konaté,Complete,12.107849,76.1,38.2,65.7,32.0
3857275,2022-11-30,Group Stage,Tunisia,1,38,7,France,11135,Ibrahima Konaté,7153,Jordan Veretout,Complete,20.690336,65.7,31.8,68.5,11.3
3857275,2022-11-30,Group Stage,Tunisia,1,38,10,France,7153,Jordan Veretout,22097,Randal Kolo Muani,Complete,12.971122,70.5,6.7,82.0,12.7
3857275,2022-11-30,Group Stage,Tunisia,1,38,15,France,22097,Randal Kolo Muani,11990,Youssouf Fofana,Complete,6.3150616,91.4,35.0,92.6,41.2
3857275,2022-11-30,Group Stage,Tunisia,1,38,17,France,11990,Youssouf Fofana,22097,Randal Kolo Muani,Incomplete,6.1188235,94.0,43.2,100.0,42.0
3857275,2022-11-30,Group Stage,Tunisia,1,38,24,France,11990,Youssouf Fofana,7439,Axel Disasi,Complete,18.109941,84.8,76.2,66.7,75.6
3857275,2022-11-30,Group Stage,Tunisia,1,38,26,France,7439,Axel Disasi,5485,Raphaël Varane,Complete,19.665451,66.1,75.2,58.9,56.9
3857275,2022-11-30,Group Stage,Tunisia,1,38,31,France,5485,Raphaël Varane,11990,Youssouf Fofana,Complete,32.879173,62.7,44.8,75.7,75.0
3857275,2022-11-30,Group Stage,Tunisia,1,38,35,France,11990,Youssouf Fofana,8217,Kingsley Coman,Complete,5.5362444,79.3,75.0,84.6,76.6
3857275,2022-11-30,Group Stage,Tunisia,1,38,40,France,8217,Kingsley Coman,7153,Jordan Veretout,Complete,15.009664,91.8,60.5,83.8,47.8
3857275,2022-11-30,Group Stage,Tunisia,1,38,42,France,7153,Jordan Veretout,24778,Eduardo Camavinga,Complete,24.026028,83.8,46.2,88.8,22.7
3857275,2022-11-30,Group Stage,Tunisia,1,38,45,France,24778,Eduardo Camavinga,,,Incomplete,57.948338,95.4,15.3,110.3,71.3
3857275,2022-11-30,Group Stage,Tunisia,1,38,56,France,11135,Ibrahima Konaté,3543,Steve Mandanda,Complete,34.50232,55.6,41.2,21.1,41.6
3857275,2022-11-30,Group Stage,Tunisia,1,39,0,France,3543,Steve Mandanda,5485,Raphaël Varane,Complete,26.632687,21.5,42.0,39.2,61.9
3857275,2022-11-30,Group Stage,Tunisia,1,39,4,France,5485,Raphaël Varane,10481,Aurélien Djani Tchouaméni,Complete,13.043006,39.2,61.9,49.8,54.3
3857275,2022-11-30,Group Stage,Tunisia,1,39,8,France,10481,Aurélien Djani Tchouaméni,11990,Youssouf Fofana,Complete,15.4858,52.6,58.1,63.5,69.1
3857275,2022-11-30,Group Stage,Tunisia,1,39,10,France,11990,Youssouf Fofana,7439,Axel Disasi,Complete,12.780063,63.3,68.3,73.5,76.0
3857275,2022-11-30,Group Stage,Tunisia,1,39,12,France,7439,Axel Disasi,8217,Kingsley Coman,Complete,23.901882,76.7,75.8,100.4,72.7
3857275,2022-11-30,Group Stage,Tunisia,1,39,19,France,8217,Kingsley Coman,,,Incomplete,23.172829,102.2,70.9,108.5,48.6
3857275,2022-11-30,Group Stage,Tunisia,1,39,22,France,7153,Jordan Veretout,11135,Ibrahima Konaté,Complete,33.662144,83.8,39.0,63.3,12.3
3857275,2022-11-30,Group Stage,Tunisia,1,39,27,France,11135,Ibrahima Konaté,5485,Raphaël Varane,Complete,26.695692,63.1,15.3,55.2,40.8
3857275,2022-11-30,Group Stage,Tunisia,1,39,34,France,5485,Raphaël Varane,7439,Axel Disasi,Complete,31.342304,74.9,50.3,93.4,75.6
3857275,2022-11-30,Group Stage,Tunisia,1,39,37,France,7439,Axel Disasi,8217,Kingsley Coman,Complete,6.129437,93.4,75.6,94.0,69.5
3857275,2022-11-30,Group Stage,Tunisia,1,39,39,France,8217,Kingsley Coman,5485,Raphaël Varane,Complete,6.063827,99.0,70.5,97.6,76.4
3857275,2022-11-30,Group Stage,Tunisia,1,39,40,France,5485,Raphaël Varane,11990,Youssouf Fofana,Complete,10.217632,97.6,76.4,87.4,75.8
3857275,2022-11-30,Group Stage,Tunisia,1,39,43,France,11990,Youssouf Fofana,,,Incomplete,74.45226,87.4,75.8,114.1,6.3
3857275,2022-11-30,Group Stage,Tunisia,1,40,9,France,24778,Eduardo Camavinga,11990,Youssouf Fofana,Complete,15.922312,104.4,0.1,91.0,8.7
3857275,2022-11-30,Group Stage,Tunisia,1,40,12,France,11990,Youssouf Fofana,24778,Eduardo Camavinga,Incomplete,18.496756,86.3,14.1,104.5,10.8
3857275,2022-11-30,Group Stage,Tunisia,1,40,23,France,24778,Eduardo Camavinga,11990,Youssouf Fofana,Complete,8.504117,50.4,5.7,56.8,11.3
3857275,2022-11-30,Group Stage,Tunisia,1,40,24,France,11990,Youssouf Fofana,11135,Ibrahima Konaté,Complete,12.701181,56.8,11.3,44.2,12.9
3857275,2022-11-30,Group Stage,Tunisia,1,40,26,France,11135,Ibrahima Konaté,7345,Mattéo Guendouzi Olié,Complete,5.6753855,43.0,22.3,41.6,27.8
3857275,2022-11-30,Group Stage,Tunisia,1,40,31,France,7345,Mattéo Guendouzi Olié,10481,Aurélien Djani Tchouaméni,Complete,16.769318,55.0,41.0,48.6,56.5
3857275,2022-11-30,Group Stage,Tunisia,1,40,33,France,10481,Aurélien Djani Tchouaméni,8217,Kingsley Coman,Complete,21.114214,50.6,59.7,71.5,62.7
3857275,2022-11-30,Group Stage,Tunisia,1,40,40,France,8217,Kingsley Coman,7439,Axel Disasi,Complete,18.668154,78.7,56.9,87.8,73.2
3857275,2022-11-30,Group Stage,Tunisia,1,40,45,France,7439,Axel Disasi,7345,Mattéo Guendouzi Olié,Complete,14.182031,88.6,71.7,79.9,60.5
3857275,2022-11-30,Group Stage,Tunisia,1,40,49,France,7345,Mattéo Guendouzi Olié,24778,Eduardo Camavinga,Out,52.60342,79.7,52.7,80.3,0.1
3857275,2022-11-30,Group Stage,Tunisia,1,41,20,France,11990,Youssouf Fofana,3543,Steve Mandanda,Complete,26.93585,32.7,25.9,10.0,40.4
3857275,2022-11-30,Group Stage,Tunisia,1,41,27,France,3543,Steve Mandanda,11990,Youssouf Fofana,Complete,15.332644,9.8,40.2,25.1,39.2
3857275,2022-11-30,Group Stage,Tunisia,1,41,38,France,11990,Youssouf Fofana,8217,Kingsley Coman,Complete,20.365166,56.4,41.8,70.7,56.3
3857275,2022-11-30,Group Stage,Tunisia,1,42,29,France,3543,Steve Mandanda,7345,Mattéo Guendouzi Olié,Out,76.60613,13.3,27.6,84.8,0.1
3857275,2022-11-30,Group Stage,Tunisia,1,43,5,France,7439,Axel Disasi,,,Incomplete,28.59965,69.7,58.7,93.2,75.0
3857275,2022-11-30,Group Stage,Tunisia,1,43,32,France,10481,Aurélien Djani Tchouaméni,,,Incomplete,7.045566,70.1,76.8,77.1,76.0
3857275,2022-11-30,Group Stage,Tunisia,1,43,42,France,7439,Axel Disasi,7153,Jordan Veretout,Complete,7.2277246,72.1,80.0,73.9,73.0
3857275,2022-11-30,Group Stage,Tunisia,1,43,43,France,7153,Jordan Veretout,7439,Axel Disasi,Complete,3.7589893,73.1,70.9,71.3,74.2
3857275,2022-11-30,Group Stage,Tunisia,1,43,46,France,7439,Axel Disasi,8217,Kingsley Coman,Complete,4.1231055,75.7,72.7,79.7,71.7
3857275,2022-11-30,Group Stage,Tunisia,1,43,49,France,8217,Kingsley Coman,10481,Aurélien Djani Tchouaméni,Complete,7.0028567,73.7,69.9,66.7,69.7
3857275,2022-11-30,Group Stage,Tunisia,1,43,50,France,10481,Aurélien Djani Tchouaméni,7153,Jordan Veretout,Complete,14.436066,66.5,67.9,63.9,53.7
3857275,2022-11-30,Group Stage,Tunisia,1,43,53,France,7153,Jordan Veretout,24778,Eduardo Camavinga,Complete,27.836128,60.9,46.2,75.5,22.5
3857275,2022-11-30,Group Stage,Tunisia,1,43,58,France,24778,Eduardo Camavinga,22097,Randal Kolo Muani,Complete,12.5016,79.3,29.0,91.8,29.2
3857275,2022-11-30,Group Stage,Tunisia,1,44,0,France,22097,Randal Kolo Muani,24778,Eduardo Camavinga,Complete,10.072239,93.0,29.0,83.8,24.9
3857275,2022-11-30,Group Stage,Tunisia,1,44,1,France,24778,Eduardo Camavinga,7345,Mattéo Guendouzi Olié,Complete,16.536022,84.0,24.5,92.8,10.5
3857275,2022-11-30,Group Stage,Tunisia,1,44,2,France,7345,Mattéo Guendouzi Olié,7153,Jordan Veretout,Complete,21.4758,92.8,10.5,72.3,16.9
3857275,2022-11-30,Group Stage,Tunisia,1,44,4,France,7153,Jordan Veretout,10481,Aurélien Djani Tchouaméni,Complete,8.908984,73.1,18.9,72.7,27.8
3857275,2022-11-30,Group Stage,Tunisia,1,44,8,France,10481,Aurélien Djani Tchouaméni,24778,Eduardo Camavinga,Complete,14.877164,70.3,30.6,76.1,16.9
3857275,2022-11-30,Group Stage,Tunisia,1,44,12,France,24778,Eduardo Camavinga,22097,Randal Kolo Muani,Complete,16.480595,76.1,16.9,91.6,11.3
3857275,2022-11-30,Group Stage,Tunisia,1,45,46,France,24778,Eduardo Camavinga,8217,Kingsley Coman,Complete,19.68883,11.2,14.1,28.5,23.5
3857275,2022-11-30,Group Stage,Tunisia,1,45,48,France,8217,Kingsley Coman,7345,Mattéo Guendouzi Olié,Complete,5.440588,28.3,23.3,26.7,18.1
3857275,2022-11-30,Group Stage,Tunisia,1,45,49,France,7345,Mattéo Guendouzi Olié,7153,Jordan Veretout,Complete,15.297058,31.3,11.9,16.3,8.9
3857275,2022-11-30,Group Stage,Tunisia,1,46,30,France,3543,Steve Mandanda,,,Incomplete,66.5433,9.0,23.9,75.5,21.5
3857275,2022-11-30,Group Stage,Tunisia,1,46,38,France,10481,Aurélien Djani Tchouaméni,11990,Youssouf Fofana,Complete,18.33712,53.8,37.0,70.1,45.4
3857275,2022-11-30,Group Stage,Tunisia,2,45,1,France,7345,Mattéo Guendouzi Olié,10481,Aurélien Djani Tchouaméni,Complete,17.060188,60.0,40.0,43.6,35.3
3857275,2022-11-30,Group Stage,Tunisia,2,45,2,France,10481,Aurélien Djani Tchouaméni,7153,Jordan Veretout,Complete,9.304837,43.6,35.8,43.3,26.5
3857275,2022-11-30,Group Stage,Tunisia,2,45,4,France,7153,Jordan Veretout,5485,Raphaël Varane,Complete,20.71835,43.2,26.5,28.5,41.1
3857275,2022-11-30,Group Stage,Tunisia,2,45,7,France,5485,Raphaël Varane,,,Out,48.528137,27.4,45.6,62.7,78.9
3857275,2022-11-30,Group Stage,Tunisia,2,46,34,France,7153,Jordan Veretout,,,Incomplete,0.92195445,43.2,13.1,43.9,13.7
3857275,2022-11-30,Group Stage,Tunisia,2,46,51,France,7153,Jordan Veretout,22097,Randal Kolo Muani,Complete,29.643549,14.3,29.0,33.6,6.5
3857275,2022-11-30,Group Stage,Tunisia,2,47,55,France,7345,Mattéo Guendouzi Olié,24778,Eduardo Camavinga,Complete,11.907981,75.3,3.5,63.5,5.1
3857275,2022-11-30,Group Stage,Tunisia,2,47,57,France,24778,Eduardo Camavinga,11135,Ibrahima Konaté,Complete,19.829775,61.9,5.1,43.8,13.2
3857275,2022-11-30,Group Stage,Tunisia,2,48,2,France,11135,Ibrahima Konaté,24778,Eduardo Camavinga,Complete,14.494137,50.3,15.4,59.5,4.2
3857275,2022-11-30,Group Stage,Tunisia,2,48,3,France,24778,Eduardo Camavinga,,,Incomplete,50.3314,63.8,4.2,112.8,15.7
3857275,2022-11-30,Group Stage,Tunisia,2,48,25,France,24778,Eduardo Camavinga,22097,Randal Kolo Muani,Complete,21.43945,110.7,0.1,112.0,21.5
3857275,2022-11-30,Group Stage,Tunisia,2,48,29,France,22097,Randal Kolo Muani,7153,Jordan Veretout,Complete,11.834272,111.9,21.3,103.0,29.1
3857275,2022-11-30,Group Stage,Tunisia,2,48,30,France,7153,Jordan Veretout,,,Incomplete,4.9648767,103.0,29.1,107.7,30.7
3857275,2022-11-30,Group Stage,Tunisia,2,48,45,France,7153,Jordan Veretout,,,Out,19.602295,82.3,14.5,95.6,0.1
3857275,2022-11-30,Group Stage,Tunisia,2,49,53,France,10481,Aurélien Djani Tchouaméni,8217,Kingsley Coman,Complete,20.057169,13.7,46.9,23.5,64.4
3857275,2022-11-30,Group Stage,Tunisia,2,50,6,France,8217,Kingsley Coman,10481,Aurélien Djani Tchouaméni,Complete,22.742252,92.1,64.3,74.1,50.4
3857275,2022-11-30,Group Stage,Tunisia,2,50,8,France,10481,Aurélien Djani Tchouaméni,11990,Youssouf Fofana,Complete,11.069327,70.0,50.6,74.3,60.8
3857275,2022-11-30,Group Stage,Tunisia,2,50,11,France,11990,Youssouf Fofana,8217,Kingsley Coman,Complete,18.06765,75.0,60.1,91.2,68.1
3857275,2022-11-30,Group Stage,Tunisia,2,50,13,France,8217,Kingsley Coman,11990,Youssouf Fofana,Complete,11.8,91.2,68.1,91.2,56.3
3857275,2022-11-30,Group Stage,Tunisia,2,50,14,France,11990,Youssouf Fofana,8217,Kingsley Coman,Out,28.977232,91.2,56.3,120.0,59.5
3857275,2022-11-30,Group Stage,Tunisia,2,50,54,France,7345,Mattéo Guendouzi Olié,7153,Jordan Veretout,Complete,8.6977005,50.5,7.8,47.9,16.1
3857275,2022-11-30,Group Stage,Tunisia,2,50,55,France,7153,Jordan Veretout,11135,Ibrahima Konaté,Complete,11.0385685,47.9,16.1,38.7,10.0
3857275,2022-11-30,Group Stage,Tunisia,2,50,58,France,11135,Ibrahima Konaté,3543,Steve Mandanda,Complete,26.715164,33.4,10.0,11.5,25.3
3857275,2022-11-30,Group Stage,Tunisia,2,51,1,France,3543,Steve Mandanda,,,Out,40.717194,13.9,25.9,45.4,0.1
3857275,2022-11-30,Group Stage,Tunisia,2,53,0,France,3543,Steve Mandanda,,,Incomplete,61.90202,6.0,44.0,66.5,57.1
3857275,2022-11-30,Group Stage,Tunisia,2,53,26,France,7153,Jordan Veretout,24778,Eduardo Camavinga,Complete,7.9120164,12.0,11.9,9.2,4.5
3857275,2022-11-30,Group Stage,Tunisia,2,53,30,France,24778,Eduardo Camavinga,,,Incomplete,2.1931713,9.5,3.0,11.5,3.9
3857275,2022-11-30,Group Stage,Tunisia,2,53,45,France,24778,Eduardo Camavinga,22097,Randal Kolo Muani,Complete,14.013208,29.6,0.1,43.0,4.2
3857275,2022-11-30,Group Stage,Tunisia,2,54,19,France,24778,Eduardo Camavinga,11135,Ibrahima Konaté,Complete,17.666351,47.6,2.9,31.7,10.6
3857275,2022-11-30,Group Stage,Tunisia,2,54,19,France,11135,Ibrahima Konaté,5485,Raphaël Varane,Complete,25.593163,31.7,12.9,26.7,38.0
3857275,2022-11-30,Group Stage,Tunisia,2,54,22,France,5485,Raphaël Varane,7439,Axel Disasi,Complete,24.646502,26.7,44.7,36.3,67.4
3857275,2022-11-30,Group Stage,Tunisia,2,54,25,France,7439,Axel Disasi,,,Incomplete,58.35863,35.0,73.5,93.2,69.2
3857275,2022-11-30,Group Stage,Tunisia,2,54,40,France,7439,Axel Disasi,11990,Youssouf Fofana,Complete,15.50774,68.7,80.0,74.7,65.7
3857275,2022-11-30,Group Stage,Tunisia,2,54,41,France,11990,Youssouf Fofana,7439,Axel Disasi,Incomplete,6.0207973,74.7,65.7,73.5,71.6
3857275,2022-11-30,Group Stage,Tunisia,2,54,59,France,7439,Axel Disasi,7153,Jordan Veretout,Complete,14.583552,92.1,80.0,85.9,66.8
3857275,2022-11-30,Group Stage,Tunisia,2,55,0,France,7153,Jordan Veretout,7439,Axel Disasi,Complete,5.0089917,87.2,69.1,89.4,73.6
3857275,2022-11-30,Group Stage,Tunisia,2,55,3,France,7439,Axel Disasi,5485,Raphaël Varane,Complete,19.7,84.8,70.0,65.1,70.0
3857275,2022-11-30,Group Stage,Tunisia,2,55,5,France,5485,Raphaël Varane,11135,Ibrahima Konaté,Complete,27.392881,62.2,67.6,45.1,46.2
3857275,2022-11-30,Group Stage,Tunisia,2,55,10,France,11135,Ibrahima Konaté,10481,Aurélien Djani Tchouaméni,Complete,15.796518,40.0,31.5,55.2,35.8
3857275,2022-11-30,Group Stage,Tunisia,2,55,11,France,10481,Aurélien Djani Tchouaméni,11135,Ibrahima Konaté,Complete,13.90863,55.2,36.3,43.3,29.1
3857275,2022-11-30,Group Stage,Tunisia,2,55,13,France,11135,Ibrahima Konaté,24778,Eduardo Camavinga,Complete,22.963015,45.7,25.9,47.4,3.0
3857275,2022-11-30,Group Stage,Tunisia,2,55,15,France,24778,Eduardo Camavinga,22097,Randal Kolo Muani,Complete,26.568026,48.2,3.3,74.7,5.2
3857275,2022-11-30,Group Stage,Tunisia,2,55,19,France,22097,Randal Kolo Muani,24778,Eduardo Camavinga,Complete,12.965339,73.1,6.5,60.8,10.6
3857275,2022-11-30,Group Stage,Tunisia,2,55,20,France,24778,Eduardo Camavinga,10481,Aurélien Djani Tchouaméni,Complete,16.93074,60.8,10.6,62.9,27.4
3857275,2022-11-30,Group Stage,Tunisia,2,55,24,France,10481,Aurélien Djani Tchouaméni,11990,Youssouf Fofana,Complete,18.33494,66.5,38.0,81.6,48.4
3857275,2022-11-30,Group Stage,Tunisia,2,56,16,France,3543,Steve Mandanda,,,Incomplete,67.74806,9.5,42.4,76.7,51.0
3857275,2022-11-30,Group Stage,Tunisia,2,56,21,France,7439,Axel Disasi,10481,Aurélien Djani Tchouaméni,Complete,21.208488,51.5,54.2,45.7,33.8
3857275,2022-11-30,Group Stage,Tunisia,2,56,25,France,10481,Aurélien Djani Tchouaméni,7345,Mattéo Guendouzi Olié,Complete,9.786726,54.1,33.2,63.8,34.5
3857275,2022-11-30,Group Stage,Tunisia,2,56,27,France,7345,Mattéo Guendouzi Olié,5485,Raphaël Varane,Complete,19.779787,62.2,38.6,44.2,46.8
3857275,2022-11-30,Group Stage,Tunisia,2,56,31,France,5485,Raphaël Varane,10481,Aurélien Djani Tchouaméni,Complete,18.562597,44.4,46.6,50.3,29.0
3857275,2022-11-30,Group Stage,Tunisia,2,56,32,France,10481,Aurélien Djani Tchouaméni,11135,Ibrahima Konaté,Complete,11.448144,50.3,29.0,39.4,32.5
3857275,2022-11-30,Group Stage,Tunisia,2,56,35,France,11135,Ibrahima Konaté,5485,Raphaël Varane,Complete,17.380737,39.0,30.3,36.5,47.5
3857275,2022-11-30,Group Stage,Tunisia,2,56,37,France,5485,Raphaël Varane,3543,Steve Mandanda,Complete,25.140604,32.1,55.2,8.2,47.4
3857275,2022-11-30,Group Stage,Tunisia,2,56,39,France,3543,Steve Mandanda,8217,Kingsley Coman,Complete,44.975105,8.2,47.4,50.6,62.4
3857275,2022-11-30,Group Stage,Tunisia,2,56,55,France,3543,Steve Mandanda,10481,Aurélien Djani Tchouaméni,Complete,19.019201,8.9,33.4,26.7,26.7
3857275,2022-11-30,Group Stage,Tunisia,2,57,3,France,10481,Aurélien Djani Tchouaméni,11990,Youssouf Fofana,Complete,8.18352,45.5,26.8,39.1,31.9
3857275,2022-11-30,Group Stage,Tunisia,2,57,4,France,11990,Youssouf Fofana,11135,Ibrahima Konaté,Complete,20.08009,44.4,39.3,35.5,21.3
3857275,2022-11-30,Group Stage,Tunisia,2,57,7,France,11135,Ibrahima Konaté,10481,Aurélien Djani Tchouaméni,Complete,21.967249,38.2,21.8,56.6,33.8
3857275,2022-11-30,Group Stage,Tunisia,2,57,8,France,10481,Aurélien Djani Tchouaméni,11990,Youssouf Fofana,Complete,5.147815,56.6,33.8,51.5,33.1
3857275,2022-11-30,Group Stage,Tunisia,2,59,15,France,22097,Randal Kolo Muani,5485,Raphaël Varane,Complete,30.365934,60.0,40.0,30.5,47.2
3857275,2022-11-30,Group Stage,Tunisia,2,59,21,France,5485,Raphaël Varane,3543,Steve Mandanda,Complete,25.15492,25.7,46.1,9.1,27.2
3857275,2022-11-30,Group Stage,Tunisia,2,59,25,France,3543,Steve Mandanda,,,Unknown,51.48398,9.1,27.2,60.3,32.6
3857275,2022-11-30,Group Stage,Tunisia,2,60,38,France,3543,Steve Mandanda,7345,Mattéo Guendouzi Olié,Incomplete,71.30063,6.0,36.0,77.3,36.3
3857275,2022-11-30,Group Stage,Tunisia,2,60,42,France,24778,Eduardo Camavinga,7345,Mattéo Guendouzi Olié,Complete,9.121404,64.6,24.2,71.8,29.8
3857275,2022-11-30,Group Stage,Tunisia,2,60,44,France,7345,Mattéo Guendouzi Olié,7153,Jordan Veretout,Complete,11.021796,68.3,28.5,57.5,26.3
3857275,2022-11-30,Group Stage,Tunisia,2,60,45,France,7153,Jordan Veretout,10481,Aurélien Djani Tchouaméni,Complete,13.882723,56.5,26.1,52.2,39.3
3857275,2022-11-30,Group Stage,Tunisia,2,60,48,France,10481,Aurélien Djani Tchouaméni,,,Incomplete,28.0692,52.2,38.0,75.4,53.8
3857275,2022-11-30,Group Stage,Tunisia,2,61,1,France,5485,Raphaël Varane,10481,Aurélien Djani Tchouaméni,Complete,32.51707,19.3,65.5,49.9,54.5
3857275,2022-11-30,Group Stage,Tunisia,2,61,4,France,10481,Aurélien Djani Tchouaméni,8217,Kingsley Coman,Complete,9.075792,51.5,55.4,60.1,58.3
3857275,2022-11-30,Group Stage,Tunisia,2,63,19,France,10481,Aurélien Djani Tchouaméni,17592,William Saliba,Complete,18.96154,50.9,54.2,33.4,46.9
3857275,2022-11-30,Group Stage,Tunisia,2,63,21,France,17592,William Saliba,10481,Aurélien Djani Tchouaméni,Complete,14.310835,33.3,46.9,46.1,53.3
3857275,2022-11-30,Group Stage,Tunisia,2,63,23,France,10481,Aurélien Djani Tchouaméni,7439,Axel Disasi,Complete,15.524175,46.1,53.3,55.7,65.5
3857275,2022-11-30,Group Stage,Tunisia,2,63,25,France,7439,Axel Disasi,10481,Aurélien Djani Tchouaméni,Complete,12.586501,55.7,65.5,46.8,56.6
3857275,2022-11-30,Group Stage,Tunisia,2,63,27,France,10481,Aurélien Djani Tchouaméni,11990,Youssouf Fofana,Complete,14.808443,46.8,56.6,47.3,41.8
3857275,2022-11-30,Group Stage,Tunisia,2,63,29,France,11990,Youssouf Fofana,24778,Eduardo Camavinga,Complete,30.501148,47.9,33.8,58.5,5.2
3857275,2022-11-30,Group Stage,Tunisia,2,63,32,France,24778,Eduardo Camavinga,3009,Kylian Mbappé Lottin,Complete,9.404786,58.2,4.8,65.9,10.2
3857275,2022-11-30,Group Stage,Tunisia,2,63,53,France,11135,Ibrahima Konaté,22097,Randal Kolo Muani,Complete,35.725903,46.1,10.0,80.8,18.5
3857275,2022-11-30,Group Stage,Tunisia,2,63,57,France,22097,Randal Kolo Muani,3009,Kylian Mbappé Lottin,Pass Offside,11.768602,80.8,18.5,89.7,10.8
3857275,2022-11-30,Group Stage,Tunisia,2,64,42,France,7345,Mattéo Guendouzi Olié,10481,Aurélien Djani Tchouaméni,Complete,23.04886,47.4,80.0,29.9,65.0
3857275,2022-11-30,Group Stage,Tunisia,2,64,48,France,10481,Aurélien Djani Tchouaméni,11135,Ibrahima Konaté,Complete,24.90502,31.4,45.9,30.9,21.0
3857275,2022-11-30,Group Stage,Tunisia,2,64,51,France,11135,Ibrahima Konaté,11990,Youssouf Fofana,Complete,8.96772,32.4,21.0,41.3,22.1
3857275,2022-11-30,Group Stage,Tunisia,2,64,52,France,11990,Youssouf Fofana,17592,William Saliba,Complete,20.306648,41.3,22.1,28.3,37.7
3857275,2022-11-30,Group Stage,Tunisia,2,64,55,France,17592,William Saliba,11135,Ibrahima Konaté,Complete,17.37383,28.3,37.7,26.7,20.4
3857275,2022-11-30,Group Stage,Tunisia,2,64,58,France,11135,Ibrahima Konaté,24778,Eduardo Camavinga,Complete,15.009664,31.1,15.4,39.1,2.7
3857275,2022-11-30,Group Stage,Tunisia,2,65,0,France,24778,Eduardo Camavinga,17592,William Saliba,Complete,32.61181,39.1,2.7,23.8,31.5
3857275,2022-11-30,Group Stage,Tunisia,2,65,4,France,17592,William Saliba,10481,Aurélien Djani Tchouaméni,Complete,16.88668,31.1,33.8,36.5,49.8
3857275,2022-11-30,Group Stage,Tunisia,2,65,6,France,10481,Aurélien Djani Tchouaméni,7439,Axel Disasi,Complete,33.88038,36.6,50.4,63.8,70.6
3857275,2022-11-30,Group Stage,Tunisia,2,65,8,France,7439,Axel Disasi,7345,Mattéo Guendouzi Olié,Complete,21.833002,65.2,72.3,87.0,73.5
3857275,2022-11-30,Group Stage,Tunisia,2,65,11,France,7345,Mattéo Guendouzi Olié,22097,Randal Kolo Muani,Complete,11.74436,86.4,74.4,93.7,65.2
3857275,2022-11-30,Group Stage,Tunisia,2,65,12,France,22097,Randal Kolo Muani,7439,Axel Disasi,Complete,10.016986,93.7,65.2,84.0,62.7
3857275,2022-11-30,Group Stage,Tunisia,2,65,14,France,7439,Axel Disasi,10481,Aurélien Djani Tchouaméni,Complete,16.09534,83.9,62.1,68.0,59.6
3857275,2022-11-30,Group Stage,Tunisia,2,65,16,France,10481,Aurélien Djani Tchouaméni,11135,Ibrahima Konaté,Complete,27.644892,68.3,59.5,56.5,34.5
3857275,2022-11-30,Group Stage,Tunisia,2,65,19,France,11135,Ibrahima Konaté,24778,Eduardo Camavinga,Complete,35.675343,56.5,34.5,73.8,3.3
3857275,2022-11-30,Group Stage,Tunisia,2,65,22,France,24778,Eduardo Camavinga,11990,Youssouf Fofana,Complete,11.014536,74.3,3.3,68.9,12.9
3857275,2022-11-30,Group Stage,Tunisia,2,65,24,France,11990,Youssouf Fofana,10481,Aurélien Djani Tchouaméni,Complete,26.359438,68.3,17.5,73.2,43.4
3857275,2022-11-30,Group Stage,Tunisia,2,65,26,France,10481,Aurélien Djani Tchouaméni,17592,William Saliba,Complete,15.3264475,72.5,45.0,57.2,45.9
3857275,2022-11-30,Group Stage,Tunisia,2,65,28,France,17592,William Saliba,7345,Mattéo Guendouzi Olié,Complete,22.485996,57.2,45.9,73.1,61.8
3857275,2022-11-30,Group Stage,Tunisia,2,65,31,France,7345,Mattéo Guendouzi Olié,10481,Aurélien Djani Tchouaméni,Complete,7.1021123,73.1,63.3,71.9,56.3
3857275,2022-11-30,Group Stage,Tunisia,2,65,59,France,7439,Axel Disasi,10481,Aurélien Djani Tchouaméni,Complete,12.841339,39.0,62.0,51.7,60.1
3857275,2022-11-30,Group Stage,Tunisia,2,66,0,France,10481,Aurélien Djani Tchouaméni,7345,Mattéo Guendouzi Olié,Complete,6.664083,51.7,60.1,45.7,63.0
3857275,2022-11-30,Group Stage,Tunisia,2,66,1,France,7345,Mattéo Guendouzi Olié,,,Incomplete,13.624243,45.7,63.0,56.8,55.1
3857275,2022-11-30,Group Stage,Tunisia,2,66,15,France,7439,Axel Disasi,22097,Randal Kolo Muani,Complete,30.384865,26.9,80.0,54.9,68.2
3857275,2022-11-30,Group Stage,Tunisia,2,66,19,France,22097,Randal Kolo Muani,7345,Mattéo Guendouzi Olié,Incomplete,6.328507,53.7,68.7,47.4,68.1
3857275,2022-11-30,Group Stage,Tunisia,2,66,21,France,7345,Mattéo Guendouzi Olié,10481,Aurélien Djani Tchouaméni,Complete,11.74138,49.3,65.6,41.2,57.1
3857275,2022-11-30,Group Stage,Tunisia,2,66,22,France,10481,Aurélien Djani Tchouaméni,11135,Ibrahima Konaté,Complete,23.705906,43.0,57.6,26.9,40.2
3857275,2022-11-30,Group Stage,Tunisia,2,66,25,France,11135,Ibrahima Konaté,24778,Eduardo Camavinga,Complete,36.92384,26.7,37.0,45.8,5.4
3857275,2022-11-30,Group Stage,Tunisia,2,66,29,France,24778,Eduardo Camavinga,3026,Adrien Rabiot,Complete,20.40245,50.5,6.7,70.6,10.2
3857275,2022-11-30,Group Stage,Tunisia,2,67,34,France,24778,Eduardo Camavinga,11135,Ibrahima Konaté,Complete,30.231441,97.9,0.1,69.2,9.6
3857275,2022-11-30,Group Stage,Tunisia,2,67,39,France,11135,Ibrahima Konaté,17592,William Saliba,Complete,23.216589,64.6,19.2,54.7,40.2
3857275,2022-11-30,Group Stage,Tunisia,2,67,41,France,17592,William Saliba,11135,Ibrahima Konaté,Complete,16.03278,55.7,35.8,49.3,21.1
3857275,2022-11-30,Group Stage,Tunisia,2,67,44,France,11135,Ibrahima Konaté,17592,William Saliba,Complete,25.162273,51.2,24.8,41.7,48.1
3857275,2022-11-30,Group Stage,Tunisia,2,68,41,France,3543,Steve Mandanda,17592,William Saliba,Complete,14.159802,6.0,36.0,7.3,50.1
3857275,2022-11-30,Group Stage,Tunisia,2,68,49,France,17592,William Saliba,11135,Ibrahima Konaté,Complete,25.612497,14.9,46.9,21.3,22.1
3857275,2022-11-30,Group Stage,Tunisia,2,68,55,France,11135,Ibrahima Konaté,11990,Youssouf Fofana,Complete,12.12353,37.2,17.9,47.9,23.6
3857275,2022-11-30,Group Stage,Tunisia,2,68,55,France,11990,Youssouf Fofana,11135,Ibrahima Konaté,Complete,9.3744335,47.9,23.6,38.7,21.8
3857275,2022-11-30,Group Stage,Tunisia,2,68,56,France,11135,Ibrahima Konaté,17592,William Saliba,Complete,22.157843,38.7,21.8,37.1,43.9
3857275,2022-11-30,Group Stage,Tunisia,2,68,58,France,17592,William Saliba,11990,Youssouf Fofana,Complete,19.961212,37.1,43.9,49.8,28.5
3857275,2022-11-30,Group Stage,Tunisia,2,69,0,France,11990,Youssouf Fofana,11135,Ibrahima Konaté,Complete,19.864542,49.8,28.5,33.0,17.9
3857275,2022-11-30,Group Stage,Tunisia,2,69,3,France,11135,Ibrahima Konaté,11990,Youssouf Fofana,Complete,12.043256,32.8,17.9,42.6,24.9
3857275,2022-11-30,Group Stage,Tunisia,2,69,4,France,11990,Youssouf Fofana,11135,Ibrahima Konaté,Complete,11.401754,42.6,24.9,32.0,20.7
3857275,2022-11-30,Group Stage,Tunisia,2,69,8,France,11135,Ibrahima Konaté,3026,Adrien Rabiot,Complete,24.957563,40.7,19.6,63.9,28.8
3857275,2022-11-30,Group Stage,Tunisia,2,69,13,France,3026,Adrien Rabiot,7439,Axel Disasi,Complete,21.708294,70.6,51.2,79.5,71.0
3857275,2022-11-30,Group Stage,Tunisia,2,69,16,France,7439,Axel Disasi,10481,Aurélien Djani Tchouaméni,Complete,14.723111,77.9,69.2,64.5,63.1
3857275,2022-11-30,Group Stage,Tunisia,2,69,20,France,10481,Aurélien Djani Tchouaméni,11135,Ibrahima Konaté,Complete,25.87122,64.5,53.2,55.9,28.8
3857275,2022-11-30,Group Stage,Tunisia,2,69,24,France,11135,Ibrahima Konaté,3026,Adrien Rabiot,Complete,9.208692,71.6,26.8,80.8,27.2
3857275,2022-11-30,Group Stage,Tunisia,2,69,26,France,3026,Adrien Rabiot,11990,Youssouf Fofana,Complete,13.146102,81.7,24.0,68.6,22.9
3857275,2022-11-30,Group Stage,Tunisia,2,69,28,France,11990,Youssouf Fofana,24778,Eduardo Camavinga,Complete,12.319902,68.6,21.7,69.3,9.4
3857275,2022-11-30,Group Stage,Tunisia,2,69,30,France,24778,Eduardo Camavinga,3026,Adrien Rabiot,Complete,13.822083,69.3,9.4,80.5,17.5
3857275,2022-11-30,Group Stage,Tunisia,2,69,32,France,3026,Adrien Rabiot,,,Incomplete,3.4655447,80.5,19.6,82.9,22.1
3857275,2022-11-30,Group Stage,Tunisia,2,69,52,France,17592,William Saliba,10481,Aurélien Djani Tchouaméni,Complete,14.450605,2.5,53.8,14.6,45.9
3857275,2022-11-30,Group Stage,Tunisia,2,70,7,France,11990,Youssouf Fofana,11135,Ibrahima Konaté,Complete,9.513149,40.3,36.3,32.4,31.0
3857275,2022-11-30,Group Stage,Tunisia,2,70,8,France,11135,Ibrahima Konaté,11990,Youssouf Fofana,Complete,8.605231,32.4,31.0,39.1,36.4
3857275,2022-11-30,Group Stage,Tunisia,2,70,10,France,11990,Youssouf Fofana,3009,Kylian Mbappé Lottin,Complete,31.16023,39.1,34.1,50.5,5.1
3857275,2022-11-30,Group Stage,Tunisia,2,70,17,France,3009,Kylian Mbappé Lottin,24778,Eduardo Camavinga,Complete,11.682466,76.3,5.2,67.1,12.4
3857275,2022-11-30,Group Stage,Tunisia,2,70,20,France,24778,Eduardo Camavinga,10481,Aurélien Djani Tchouaméni,Complete,22.177465,68.7,18.2,65.9,40.2
3857275,2022-11-30,Group Stage,Tunisia,2,70,22,France,10481,Aurélien Djani Tchouaméni,7345,Mattéo Guendouzi Olié,Complete,21.647402,65.9,42.6,75.3,62.1
3857275,2022-11-30,Group Stage,Tunisia,2,70,26,France,7345,Mattéo Guendouzi Olié,10481,Aurélien Djani Tchouaméni,Complete,18.774717,79.8,67.2,73.0,49.7
3857275,2022-11-30,Group Stage,Tunisia,2,70,28,France,10481,Aurélien Djani Tchouaméni,11990,Youssouf Fofana,Complete,17.184296,73.0,45.9,74.7,28.8
3857275,2022-11-30,Group Stage,Tunisia,2,70,31,France,11990,Youssouf Fofana,3009,Kylian Mbappé Lottin,Incomplete,6.87968,74.7,28.3,80.5,24.6
3857275,2022-11-30,Group Stage,Tunisia,2,70,44,France,11135,Ibrahima Konaté,11990,Youssouf Fofana,Complete,13.113733,9.8,5.2,22.9,4.6
3857275,2022-11-30,Group Stage,Tunisia,2,70,47,France,11990,Youssouf Fofana,3026,Adrien Rabiot,Complete,9.476286,27.3,4.6,28.5,14.0
3857275,2022-11-30,Group Stage,Tunisia,2,70,50,France,3026,Adrien Rabiot,10481,Aurélien Djani Tchouaméni,Complete,13.685759,27.9,22.3,33.0,35.0
3857275,2022-11-30,Group Stage,Tunisia,2,70,52,France,10481,Aurélien Djani Tchouaméni,7345,Mattéo Guendouzi Olié,Complete,37.88113,33.6,36.7,50.9,70.4
3857275,2022-11-30,Group Stage,Tunisia,2,70,55,France,7345,Mattéo Guendouzi Olié,7439,Axel Disasi,Complete,18.435835,50.0,69.3,32.2,64.5
3857275,2022-11-30,Group Stage,Tunisia,2,70,57,France,7439,Axel Disasi,17592,William Saliba,Complete,14.112761,25.1,65.5,24.5,51.4
3857275,2022-11-30,Group Stage,Tunisia,2,70,59,France,17592,William Saliba,10481,Aurélien Djani Tchouaméni,Complete,16.055529,24.5,51.4,38.8,44.1
3857275,2022-11-30,Group Stage,Tunisia,2,71,5,France,10481,Aurélien Djani Tchouaméni,22097,Randal Kolo Muani,Complete,24.475498,43.9,48.3,66.7,57.2
3857275,2022-11-30,Group Stage,Tunisia,2,71,7,France,22097,Randal Kolo Muani,7345,Mattéo Guendouzi Olié,Complete,10.107918,63.4,58.9,67.8,68.0
3857275,2022-11-30,Group Stage,Tunisia,2,71,9,France,7345,Mattéo Guendouzi Olié,22097,Randal Kolo Muani,Complete,29.31382,68.0,68.4,97.3,67.5
3857275,2022-11-30,Group Stage,Tunisia,2,71,20,France,7439,Axel Disasi,,,Incomplete,12.660568,79.7,58.1,92.0,55.1
3857275,2022-11-30,Group Stage,Tunisia,2,71,32,France,17592,William Saliba,7439,Axel Disasi,Complete,11.580155,49.5,66.4,56.4,57.1
3857275,2022-11-30,Group Stage,Tunisia,2,71,33,France,7439,Axel Disasi,10481,Aurélien Djani Tchouaméni,Complete,5.9135437,56.4,57.1,50.5,56.7
3857275,2022-11-30,Group Stage,Tunisia,2,71,37,France,10481,Aurélien Djani Tchouaméni,3009,Kylian Mbappé Lottin,Complete,24.423964,65.5,40.3,68.8,16.1
3857275,2022-11-30,Group Stage,Tunisia,2,71,44,France,3009,Kylian Mbappé Lottin,24778,Eduardo Camavinga,Complete,9.007774,94.3,12.9,97.8,4.6
3857275,2022-11-30,Group Stage,Tunisia,2,71,45,France,24778,Eduardo Camavinga,3009,Kylian Mbappé Lottin,Complete,5.8872743,97.8,4.6,92.3,6.7
3857275,2022-11-30,Group Stage,Tunisia,2,71,49,France,3009,Kylian Mbappé Lottin,7345,Mattéo Guendouzi Olié,Out,43.68272,95.7,17.7,120.0,54.0
3857275,2022-11-30,Group Stage,Tunisia,2,72,49,France,10481,Aurélien Djani Tchouaméni,5487,Antoine Griezmann,Complete,6.2169123,55.1,56.1,61.2,57.3
3857275,2022-11-30,Group Stage,Tunisia,2,72,50,France,5487,Antoine Griezmann,3026,Adrien Rabiot,Complete,11.303097,61.2,57.3,63.8,46.3
3857275,2022-11-30,Group Stage,Tunisia,2,72,53,France,3026,Adrien Rabiot,3009,Kylian Mbappé Lottin,Complete,13.635982,66.5,31.8,75.2,21.3
3857275,2022-11-30,Group Stage,Tunisia,2,72,56,France,3009,Kylian Mbappé Lottin,3026,Adrien Rabiot,Out,39.70806,80.3,19.6,120.0,20.4
3857275,2022-11-30,Group Stage,Tunisia,2,74,13,France,11135,Ibrahima Konaté,3026,Adrien Rabiot,Complete,3.7054014,19.6,6.3,23.3,6.5
3857275,2022-11-30,Group Stage,Tunisia,2,74,28,France,24778,Eduardo Camavinga,10481,Aurélien Djani Tchouaméni,Complete,40.18221,13.4,3.8,34.0,38.3
3857275,2022-11-30,Group Stage,Tunisia,2,74,32,France,10481,Aurélien Djani Tchouaméni,5487,Antoine Griezmann,Complete,13.386934,34.9,41.4,43.8,31.4
3857275,2022-11-30,Group Stage,Tunisia,2,74,34,France,5487,Antoine Griezmann,7439,Axel Disasi,Complete,27.009813,47.0,44.9,57.7,69.7
3857275,2022-11-30,Group Stage,Tunisia,2,74,36,France,7439,Axel Disasi,10481,Aurélien Djani Tchouaméni,Complete,21.36633,57.7,69.7,45.3,52.3
3857275,2022-11-30,Group Stage,Tunisia,2,74,40,France,10481,Aurélien Djani Tchouaméni,3009,Kylian Mbappé Lottin,Complete,13.981773,50.3,46.1,57.8,34.3
3857275,2022-11-30,Group Stage,Tunisia,2,74,41,France,3009,Kylian Mbappé Lottin,5487,Antoine Griezmann,Complete,10.307764,57.8,34.3,66.7,39.5
3857275,2022-11-30,Group Stage,Tunisia,2,74,42,France,5487,Antoine Griezmann,24778,Eduardo Camavinga,Complete,35.453915,66.7,39.5,70.0,4.2
3857275,2022-11-30,Group Stage,Tunisia,2,74,47,France,24778,Eduardo Camavinga,10481,Aurélien Djani Tchouaméni,Complete,17.758942,76.4,3.7,68.1,19.4
3857275,2022-11-30,Group Stage,Tunisia,2,74,49,France,10481,Aurélien Djani Tchouaméni,7345,Mattéo Guendouzi Olié,Complete,27.10166,68.1,27.5,68.4,54.6
3857275,2022-11-30,Group Stage,Tunisia,2,74,54,France,7345,Mattéo Guendouzi Olié,17592,William Saliba,Complete,14.475496,63.0,55.7,50.5,48.4
3857275,2022-11-30,Group Stage,Tunisia,2,74,57,France,17592,William Saliba,7345,Mattéo Guendouzi Olié,Complete,14.144964,56.6,48.2,64.4,60.0
3857275,2022-11-30,Group Stage,Tunisia,2,74,59,France,7345,Mattéo Guendouzi Olié,5487,Antoine Griezmann,Complete,12.478782,66.9,61.0,79.3,59.6
3857275,2022-11-30,Group Stage,Tunisia,2,75,0,France,5487,Antoine Griezmann,7439,Axel Disasi,Complete,16.592167,79.3,59.6,86.6,74.5
3857275,2022-11-30,Group Stage,Tunisia,2,75,3,France,7439,Axel Disasi,7345,Mattéo Guendouzi Olié,Complete,16.137224,87.2,74.1,71.2,72.0
3857275,2022-11-30,Group Stage,Tunisia,2,75,6,France,7345,Mattéo Guendouzi Olié,11135,Ibrahima Konaté,Complete,30.379763,68.8,62.5,57.5,34.3
3857275,2022-11-30,Group Stage,Tunisia,2,75,9,France,11135,Ibrahima Konaté,24778,Eduardo Camavinga,Complete,27.051249,57.5,32.9,71.9,10.0
3857275,2022-11-30,Group Stage,Tunisia,2,75,12,France,24778,Eduardo Camavinga,3026,Adrien Rabiot,Complete,12.146193,75.4,8.4,80.1,19.6
3857275,2022-11-30,Group Stage,Tunisia,2,75,12,France,3026,Adrien Rabiot,24778,Eduardo Camavinga,Complete,11.412712,79.9,19.6,74.4,9.6
3857275,2022-11-30,Group Stage,Tunisia,2,75,14,France,24778,Eduardo Camavinga,3009,Kylian Mbappé Lottin,Complete,7.140028,74.4,9.6,80.1,5.3
3857275,2022-11-30,Group Stage,Tunisia,2,75,19,France,3009,Kylian Mbappé Lottin,3026,Adrien Rabiot,Complete,12.149074,87.0,4.6,75.6,8.8
3857275,2022-11-30,Group Stage,Tunisia,2,75,21,France,3026,Adrien Rabiot,17592,William Saliba,Complete,30.501148,75.4,11.3,64.8,39.9
3857275,2022-11-30,Group Stage,Tunisia,2,75,24,France,17592,William Saliba,7345,Mattéo Guendouzi Olié,Complete,17.24094,64.2,50.3,74.4,64.2
3857275,2022-11-30,Group Stage,Tunisia,2,75,28,France,7345,Mattéo Guendouzi Olié,5487,Antoine Griezmann,Complete,11.624543,80.6,64.8,84.9,54.0
3857275,2022-11-30,Group Stage,Tunisia,2,75,30,France,5487,Antoine Griezmann,11135,Ibrahima Konaté,Complete,26.379538,74.9,55.9,67.1,30.7
3857275,2022-11-30,Group Stage,Tunisia,2,75,33,France,11135,Ibrahima Konaté,24778,Eduardo Camavinga,Complete,29.525581,70.2,23.9,92.8,4.9
3857275,2022-11-30,Group Stage,Tunisia,2,75,38,France,24778,Eduardo Camavinga,3009,Kylian Mbappé Lottin,Complete,4.648656,96.7,10.5,92.3,12.0
3857275,2022-11-30,Group Stage,Tunisia,2,75,40,France,3009,Kylian Mbappé Lottin,24778,Eduardo Camavinga,Complete,5.894065,92.3,12.0,93.8,17.7
3857275,2022-11-30,Group Stage,Tunisia,2,75,44,France,11135,Ibrahima Konaté,10481,Aurélien Djani Tchouaméni,Complete,16.0,72.5,16.9,72.5,32.9
3857275,2022-11-30,Group Stage,Tunisia,2,75,46,France,10481,Aurélien Djani Tchouaméni,11135,Ibrahima Konaté,Complete,10.9,69.6,31.8,69.6,20.9
3857275,2022-11-30,Group Stage,Tunisia,2,75,50,France,11135,Ibrahima Konaté,3026,Adrien Rabiot,Complete,14.789862,76.2,15.2,85.5,3.7
3857275,2022-11-30,Group Stage,Tunisia,2,75,52,France,3026,Adrien Rabiot,3009,Kylian Mbappé Lottin,Complete,6.519202,85.5,3.7,92.0,3.2
3857275,2022-11-30,Group Stage,Tunisia,2,75,56,France,3009,Kylian Mbappé Lottin,24778,Eduardo Camavinga,Complete,5.6797886,92.6,3.2,90.1,8.3
3857275,2022-11-30,Group Stage,Tunisia,2,75,59,France,24778,Eduardo Camavinga,10481,Aurélien Djani Tchouaméni,Complete,9.8234415,89.1,14.4,81.4,20.5
3857275,2022-11-30,Group Stage,Tunisia,2,76,2,France,10481,Aurélien Djani Tchouaméni,7345,Mattéo Guendouzi Olié,Complete,15.160475,76.6,32.4,78.8,47.4
3857275,2022-11-30,Group Stage,Tunisia,2,76,5,France,7345,Mattéo Guendouzi Olié,7439,Axel Disasi,Complete,22.925968,82.0,57.5,98.8,73.1
3857275,2022-11-30,Group Stage,Tunisia,2,76,6,France,7439,Axel Disasi,5487,Antoine Griezmann,Incomplete,8.3,98.8,73.1,98.8,64.8
3857275,2022-11-30,Group Stage,Tunisia,2,76,15,France,5487,Antoine Griezmann,7439,Axel Disasi,Complete,6.484597,93.0,74.3,99.2,72.4
3857275,2022-11-30,Group Stage,Tunisia,2,76,15,France,7439,Axel Disasi,5487,Antoine Griezmann,Incomplete,3.744329,98.2,72.0,101.3,74.1
3857275,2022-11-30,Group Stage,Tunisia,2,76,38,France,7439,Axel Disasi,17592,William Saliba,Complete,24.590445,86.4,80.0,67.9,63.8
3857275,2022-11-30,Group Stage,Tunisia,2,76,41,France,17592,William Saliba,3026,Adrien Rabiot,Complete,23.584953,67.9,60.7,76.4,38.7
3857275,2022-11-30,Group Stage,Tunisia,2,76,45,France,3026,Adrien Rabiot,5487,Antoine Griezmann,Complete,15.033297,76.0,56.3,85.8,67.7
3857275,2022-11-30,Group Stage,Tunisia,2,76,46,France,5487,Antoine Griezmann,,,Incomplete,20.764633,86.2,67.4,94.8,48.5
3857275,2022-11-30,Group Stage,Tunisia,2,76,53,France,17592,William Saliba,5487,Antoine Griezmann,Complete,8.702298,56.2,62.8,64.9,63.0
3857275,2022-11-30,Group Stage,Tunisia,2,76,54,France,5487,Antoine Griezmann,11135,Ibrahima Konaté,Complete,19.096073,63.3,62.8,54.8,45.7
3857275,2022-11-30,Group Stage,Tunisia,2,77,3,France,17592,William Saliba,7439,Axel Disasi,Complete,10.651291,56.4,71.6,66.1,67.2
3857275,2022-11-30,Group Stage,Tunisia,2,77,17,France,7439,Axel Disasi,10481,Aurélien Djani Tchouaméni,Complete,11.305308,63.9,68.8,53.0,65.8
3857275,2022-11-30,Group Stage,Tunisia,2,77,22,France,10481,Aurélien Djani Tchouaméni,11135,Ibrahima Konaté,Complete,21.36001,53.2,54.4,51.6,33.1
3857275,2022-11-30,Group Stage,Tunisia,2,77,25,France,11135,Ibrahima Konaté,24778,Eduardo Camavinga,Complete,34.659054,51.6,33.1,67.1,2.1
3857275,2022-11-30,Group Stage,Tunisia,2,77,33,France,24778,Eduardo Camavinga,17592,William Saliba,Complete,26.662708,74.1,23.4,57.8,44.5
3857275,2022-11-30,Group Stage,Tunisia,2,77,36,France,17592,William Saliba,5487,Antoine Griezmann,Complete,16.335545,64.3,52.3,75.7,64.0
3857275,2022-11-30,Group Stage,Tunisia,2,77,39,France,5487,Antoine Griezmann,17592,William Saliba,Complete,8.732124,71.3,57.8,63.7,53.5
3857275,2022-11-30,Group Stage,Tunisia,2,77,42,France,17592,William Saliba,7345,Mattéo Guendouzi Olié,Complete,16.546904,66.5,56.8,78.3,68.4
3857275,2022-11-30,Group Stage,Tunisia,2,77,43,France,7345,Mattéo Guendouzi Olié,17592,William Saliba,Complete,17.81011,78.3,68.4,62.1,61.0
3857275,2022-11-30,Group Stage,Tunisia,2,77,49,France,17592,William Saliba,7345,Mattéo Guendouzi Olié,Complete,16.883425,72.3,64.0,85.6,74.4
3857275,2022-11-30,Group Stage,Tunisia,2,77,52,France,7345,Mattéo Guendouzi Olié,22097,Randal Kolo Muani,Complete,12.625371,86.4,74.4,94.6,64.8
3857275,2022-11-30,Group Stage,Tunisia,2,78,11,France,7439,Axel Disasi,10481,Aurélien Djani Tchouaméni,Complete,9.674709,84.3,80.0,79.5,71.6
3857275,2022-11-30,Group Stage,Tunisia,2,78,16,France,10481,Aurélien Djani Tchouaméni,24778,Eduardo Camavinga,Complete,28.244646,74.3,33.7,68.3,6.1
3857275,2022-11-30,Group Stage,Tunisia,2,78,18,France,24778,Eduardo Camavinga,3009,Kylian Mbappé Lottin,Complete,9.8,68.3,6.1,78.1,6.1
3857275,2022-11-30,Group Stage,Tunisia,2,78,24,France,3009,Kylian Mbappé Lottin,5487,Antoine Griezmann,Complete,8.637129,77.9,14.2,83.7,20.6
3857275,2022-11-30,Group Stage,Tunisia,2,78,25,France,5487,Antoine Griezmann,3009,Kylian Mbappé Lottin,Complete,5.096077,84.5,20.4,89.4,19.0
3857275,2022-11-30,Group Stage,Tunisia,2,78,27,France,3009,Kylian Mbappé Lottin,5487,Antoine Griezmann,Complete,8.072174,98.0,21.6,92.6,27.6
3857275,2022-11-30,Group Stage,Tunisia,2,78,28,France,5487,Antoine Griezmann,22097,Randal Kolo Muani,Complete,14.641379,93.2,28.2,103.8,38.3
3857275,2022-11-30,Group Stage,Tunisia,2,78,29,France,22097,Randal Kolo Muani,5487,Antoine Griezmann,Complete,10.32279,103.8,38.3,97.8,46.7
3857275,2022-11-30,Group Stage,Tunisia,2,78,38,France,5477,Ousmane Dembélé,,,Incomplete,37.694828,104.0,71.4,116.1,35.7
3857275,2022-11-30,Group Stage,Tunisia,2,78,46,France,11135,Ibrahima Konaté,24778,Eduardo Camavinga,Complete,19.425756,67.7,23.2,84.7,13.8
3857275,2022-11-30,Group Stage,Tunisia,2,78,47,France,24778,Eduardo Camavinga,10481,Aurélien Djani Tchouaméni,Complete,3.2802439,84.7,13.8,82.1,15.8
3857275,2022-11-30,Group Stage,Tunisia,2,78,49,France,10481,Aurélien Djani Tchouaméni,3009,Kylian Mbappé Lottin,Complete,11.886968,81.7,14.6,90.4,6.5
3857275,2022-11-30,Group Stage,Tunisia,2,79,21,France,5487,Antoine Griezmann,7439,Axel Disasi,Complete,42.304256,120.0,0.1,111.3,41.5
3857275,2022-11-30,Group Stage,Tunisia,2,79,54,France,5487,Antoine Griezmann,,,Incomplete,36.85458,120.0,80.0,110.1,44.5
3857275,2022-11-30,Group Stage,Tunisia,2,80,6,France,10481,Aurélien Djani Tchouaméni,7439,Axel Disasi,Complete,16.84666,75.1,41.3,78.5,57.8
3857275,2022-11-30,Group Stage,Tunisia,2,80,10,France,7439,Axel Disasi,,,Incomplete,24.271175,87.0,68.2,104.8,51.7
3857275,2022-11-30,Group Stage,Tunisia,2,80,17,France,5477,Ousmane Dembélé,10481,Aurélien Djani Tchouaméni,Complete,5.531727,76.5,44.7,71.1,45.9
3857275,2022-11-30,Group Stage,Tunisia,2,80,19,France,10481,Aurélien Djani Tchouaméni,11135,Ibrahima Konaté,Complete,19.338305,72.3,47.5,55.4,38.1
3857275,2022-11-30,Group Stage,Tunisia,2,80,21,France,11135,Ibrahima Konaté,10481,Aurélien Djani Tchouaméni,Complete,4.669047,55.6,38.1,58.8,41.5
3857275,2022-11-30,Group Stage,Tunisia,2,80,23,France,10481,Aurélien Djani Tchouaméni,11135,Ibrahima Konaté,Complete,5.8821764,58.8,41.5,54.0,38.1
3857275,2022-11-30,Group Stage,Tunisia,2,80,27,France,11135,Ibrahima Konaté,5487,Antoine Griezmann,Complete,5.3665633,63.5,34.7,68.3,37.1
3857275,2022-11-30,Group Stage,Tunisia,2,80,28,France,5487,Antoine Griezmann,24778,Eduardo Camavinga,Complete,17.57868,68.1,37.1,77.1,22.0
3857275,2022-11-30,Group Stage,Tunisia,2,80,30,France,24778,Eduardo Camavinga,3009,Kylian Mbappé Lottin,Complete,21.38247,76.7,18.6,95.6,8.6
3857275,2022-11-30,Group Stage,Tunisia,2,80,34,France,3009,Kylian Mbappé Lottin,5477,Ousmane Dembélé,Incomplete,11.866339,106.4,18.4,108.9,30.0
3857275,2022-11-30,Group Stage,Tunisia,2,81,6,France,5487,Antoine Griezmann,,,Incomplete,33.35656,120.0,80.0,114.5,47.1
3857275,2022-11-30,Group Stage,Tunisia,2,81,10,France,22097,Randal Kolo Muani,,,Incomplete,12.509996,118.3,54.2,108.0,47.1
3857275,2022-11-30,Group Stage,Tunisia,2,81,12,France,17592,William Saliba,5477,Ousmane Dembélé,Complete,13.038404,106.8,47.5,94.6,52.1
3857275,2022-11-30,Group Stage,Tunisia,2,81,36,France,7439,Axel Disasi,,,Incomplete,9.426028,45.6,53.3,55.0,54.0
3857275,2022-11-30,Group Stage,Tunisia,2,81,40,France,10481,Aurélien Djani Tchouaméni,7439,Axel Disasi,Complete,16.144659,44.8,46.5,46.0,62.6
3857275,2022-11-30,Group Stage,Tunisia,2,81,43,France,7439,Axel Disasi,17592,William Saliba,Complete,10.420173,43.4,58.8,35.1,52.5
3857275,2022-11-30,Group Stage,Tunisia,2,81,48,France,17592,William Saliba,7439,Axel Disasi,Complete,13.621306,37.3,52.1,44.6,63.6
3857275,2022-11-30,Group Stage,Tunisia,2,81,53,France,7439,Axel Disasi,5477,Ousmane Dembélé,Incomplete,6.551336,64.3,70.6,70.7,69.2
3857275,2022-11-30,Group Stage,Tunisia,2,82,9,France,17592,William Saliba,10481,Aurélien Djani Tchouaméni,Complete,5.0159745,59.2,66.2,61.2,61.6
3857275,2022-11-30,Group Stage,Tunisia,2,82,11,France,10481,Aurélien Djani Tchouaméni,3026,Adrien Rabiot,Complete,18.9,62.5,59.4,62.5,40.5
3857275,2022-11-30,Group Stage,Tunisia,2,82,14,France,3026,Adrien Rabiot,10481,Aurélien Djani Tchouaméni,Incomplete,15.618579,58.2,39.3,65.7,25.6
3857275,2022-11-30,Group Stage,Tunisia,2,83,3,France,11135,Ibrahima Konaté,17592,William Saliba,Complete,22.424316,58.0,17.6,54.2,39.7
3857275,2022-11-30,Group Stage,Tunisia,2,83,5,France,17592,William Saliba,11135,Ibrahima Konaté,Complete,17.933767,54.6,40.7,62.5,24.6
3857275,2022-11-30,Group Stage,Tunisia,2,83,9,France,11135,Ibrahima Konaté,3026,Adrien Rabiot,Complete,18.531055,65.1,23.8,83.5,21.6
3857275,2022-11-30,Group Stage,Tunisia,2,83,10,France,3026,Adrien Rabiot,11135,Ibrahima Konaté,Complete,16.124516,83.5,21.6,67.5,19.6
3857275,2022-11-30,Group Stage,Tunisia,2,83,13,France,11135,Ibrahima Konaté,22097,Randal Kolo Muani,Complete,42.52176,67.5,19.6,103.2,42.7
3857275,2022-11-30,Group Stage,Tunisia,2,83,29,France,3543,Steve Mandanda,11135,Ibrahima Konaté,Complete,20.5,12.0,26.2,30.7,17.8
3857275,2022-11-30,Group Stage,Tunisia,2,83,32,France,11135,Ibrahima Konaté,10481,Aurélien Djani Tchouaméni,Complete,15.976545,32.9,19.4,48.2,24.0
3857275,2022-11-30,Group Stage,Tunisia,2,83,35,France,10481,Aurélien Djani Tchouaméni,24778,Eduardo Camavinga,Complete,14.860013,54.0,13.2,64.1,2.3
3857275,2022-11-30,Group Stage,Tunisia,2,83,40,France,24778,Eduardo Camavinga,10481,Aurélien Djani Tchouaméni,Complete,17.30029,68.1,3.5,57.8,17.4
3857275,2022-11-30,Group Stage,Tunisia,2,83,42,France,10481,Aurélien Djani Tchouaméni,17592,William Saliba,Complete,29.076622,55.8,19.6,52.6,48.5
3857275,2022-11-30,Group Stage,Tunisia,2,83,45,France,17592,William Saliba,5477,Ousmane Dembélé,Complete,21.119186,55.6,51.9,69.5,67.8
3857275,2022-11-30,Group Stage,Tunisia,2,83,47,France,5477,Ousmane Dembélé,7439,Axel Disasi,Complete,14.98566,64.3,65.6,49.4,64.0
3857275,2022-11-30,Group Stage,Tunisia,2,83,49,France,7439,Axel Disasi,17592,William Saliba,Complete,10.916501,49.8,63.2,45.2,53.3
3857275,2022-11-30,Group Stage,Tunisia,2,83,51,France,17592,William Saliba,11135,Ibrahima Konaté,Complete,25.653265,45.8,52.9,48.6,27.4
3857275,2022-11-30,Group Stage,Tunisia,2,83,54,France,11135,Ibrahima Konaté,3026,Adrien Rabiot,Complete,28.800173,48.6,27.4,77.3,25.0
3857275,2022-11-30,Group Stage,Tunisia,2,84,1,France,10481,Aurélien Djani Tchouaméni,5487,Antoine Griezmann,Complete,6.5,56.6,37.1,62.9,38.7
3857275,2022-11-30,Group Stage,Tunisia,2,84,2,France,5487,Antoine Griezmann,7439,Axel Disasi,Complete,17.080105,62.9,38.7,49.2,48.9
3857275,2022-11-30,Group Stage,Tunisia,2,84,7,France,7439,Axel Disasi,10481,Aurélien Djani Tchouaméni,Complete,3.4234486,49.2,48.9,52.6,48.5
3857275,2022-11-30,Group Stage,Tunisia,2,84,9,France,10481,Aurélien Djani Tchouaméni,11135,Ibrahima Konaté,Complete,21.8799,50.8,47.7,48.0,26.0
3857275,2022-11-30,Group Stage,Tunisia,2,84,12,France,11135,Ibrahima Konaté,24778,Eduardo Camavinga,Complete,29.71683,54.4,34.7,64.9,6.9
3857275,2022-11-30,Group Stage,Tunisia,2,84,14,France,24778,Eduardo Camavinga,3009,Kylian Mbappé Lottin,Complete,10.801851,67.9,5.1,78.7,4.9
3857275,2022-11-30,Group Stage,Tunisia,2,84,22,France,3009,Kylian Mbappé Lottin,5477,Ousmane Dembélé,Complete,55.139458,84.1,21.0,115.1,66.6
3857275,2022-11-30,Group Stage,Tunisia,2,84,26,France,5477,Ousmane Dembélé,3026,Adrien Rabiot,Complete,38.637806,115.5,66.0,109.7,27.8
3857275,2022-11-30,Group Stage,Tunisia,2,85,4,France,7439,Axel Disasi,,,Incomplete,26.953478,53.6,71.0,77.1,57.8
3857275,2022-11-30,Group Stage,Tunisia,2,85,10,France,5477,Ousmane Dembélé,5487,Antoine Griezmann,Complete,4.0792155,55.8,70.4,56.6,66.4
3857275,2022-11-30,Group Stage,Tunisia,2,85,13,France,5487,Antoine Griezmann,3009,Kylian Mbappé Lottin,Complete,49.14804,46.8,50.9,66.1,5.7
3857275,2022-11-30,Group Stage,Tunisia,2,85,21,France,3009,Kylian Mbappé Lottin,5487,Antoine Griezmann,Complete,4.8052053,78.5,5.9,79.5,10.6
3857275,2022-11-30,Group Stage,Tunisia,2,85,22,France,5487,Antoine Griezmann,3026,Adrien Rabiot,Incomplete,14.591093,76.7,7.9,86.4,18.8
3857275,2022-11-30,Group Stage,Tunisia,2,85,46,France,11135,Ibrahima Konaté,10481,Aurélien Djani Tchouaméni,Complete,14.505516,47.8,21.2,55.8,33.3
3857275,2022-11-30,Group Stage,Tunisia,2,85,50,France,10481,Aurélien Djani Tchouaméni,5477,Ousmane Dembélé,Complete,19.688068,56.4,37.7,66.5,54.6
3857275,2022-11-30,Group Stage,Tunisia,2,86,27,France,7439,Axel Disasi,24778,Eduardo Camavinga,Complete,11.108555,71.5,80.0,74.1,69.2
3857275,2022-11-30,Group Stage,Tunisia,2,86,32,France,24778,Eduardo Camavinga,3009,Kylian Mbappé Lottin,Complete,11.1892805,82.9,15.0,77.5,24.8
3857275,2022-11-30,Group Stage,Tunisia,2,86,35,France,3009,Kylian Mbappé Lottin,5477,Ousmane Dembélé,Complete,54.63854,77.5,25.8,107.6,71.4
3857275,2022-11-30,Group Stage,Tunisia,2,87,13,France,7439,Axel Disasi,,,Incomplete,19.716236,48.6,72.2,68.3,71.4
3857275,2022-11-30,Group Stage,Tunisia,2,87,20,France,10481,Aurélien Djani Tchouaméni,17592,William Saliba,Complete,9.859513,44.4,59.0,36.9,65.4
3857275,2022-11-30,Group Stage,Tunisia,2,87,21,France,17592,William Saliba,11135,Ibrahima Konaté,Complete,23.503405,36.9,63.8,36.5,40.3
3857275,2022-11-30,Group Stage,Tunisia,2,87,28,France,11135,Ibrahima Konaté,3009,Kylian Mbappé Lottin,Complete,8.15414,59.8,24.8,64.3,18.0
3857275,2022-11-30,Group Stage,Tunisia,2,87,29,France,3009,Kylian Mbappé Lottin,11135,Ibrahima Konaté,Complete,9.76934,66.3,17.8,62.5,26.8
3857275,2022-11-30,Group Stage,Tunisia,2,87,31,France,11135,Ibrahima Konaté,5487,Antoine Griezmann,Complete,25.724113,62.5,27.6,78.3,47.9
3857275,2022-11-30,Group Stage,Tunisia,2,87,34,France,5487,Antoine Griezmann,5477,Ousmane Dembélé,Complete,37.029987,73.1,52.5,104.2,72.6
3857275,2022-11-30,Group Stage,Tunisia,2,87,39,France,5477,Ousmane Dembélé,,,Incomplete,32.202484,103.8,58.4,94.4,27.6
3857275,2022-11-30,Group Stage,Tunisia,2,87,52,France,17592,William Saliba,3543,Steve Mandanda,Complete,22.156263,17.3,65.4,9.4,44.7
3857275,2022-11-30,Group Stage,Tunisia,2,87,55,France,3543,Steve Mandanda,10481,Aurélien Djani Tchouaméni,Complete,16.690416,9.4,44.7,25.5,49.1
3857275,2022-11-30,Group Stage,Tunisia,2,87,57,France,10481,Aurélien Djani Tchouaméni,3026,Adrien Rabiot,Complete,16.0,25.5,49.1,38.3,39.5
3857275,2022-11-30,Group Stage,Tunisia,2,88,0,France,3026,Adrien Rabiot,5487,Antoine Griezmann,Complete,28.036049,42.6,36.5,69.5,28.6
3857275,2022-11-30,Group Stage,Tunisia,2,88,1,France,5487,Antoine Griezmann,24778,Eduardo Camavinga,Complete,25.527435,69.5,28.6,66.1,3.3
3857275,2022-11-30,Group Stage,Tunisia,2,88,4,France,24778,Eduardo Camavinga,3009,Kylian Mbappé Lottin,Complete,6.276942,69.9,5.3,75.7,2.9
3857275,2022-11-30,Group Stage,Tunisia,2,88,10,France,3009,Kylian Mbappé Lottin,5487,Antoine Griezmann,Complete,9.402127,87.8,15.4,88.0,24.8
3857275,2022-11-30,Group Stage,Tunisia,2,88,11,France,5487,Antoine Griezmann,3026,Adrien Rabiot,Complete,11.771152,88.0,24.8,86.0,13.2
3857275,2022-11-30,Group Stage,Tunisia,2,88,13,France,3026,Adrien Rabiot,24778,Eduardo Camavinga,Complete,10.5019045,86.6,7.6,96.8,5.1
3857275,2022-11-30,Group Stage,Tunisia,2,88,14,France,24778,Eduardo Camavinga,3009,Kylian Mbappé Lottin,Complete,11.365298,96.6,5.1,107.2,9.2
3857275,2022-11-30,Group Stage,Tunisia,2,88,27,France,7439,Axel Disasi,17592,William Saliba,Complete,61.55924,114.5,0.1,92.0,57.4
3857275,2022-11-30,Group Stage,Tunisia,2,88,32,France,17592,William Saliba,5477,Ousmane Dembélé,Complete,9.002777,87.2,60.2,96.0,58.3
3857275,2022-11-30,Group Stage,Tunisia,2,88,35,France,5477,Ousmane Dembélé,,,Incomplete,20.666157,92.3,49.8,102.8,32.0
3857275,2022-11-30,Group Stage,Tunisia,2,88,49,France,3543,Steve Mandanda,17592,William Saliba,Complete,25.263412,15.7,26.6,25.7,49.8
3857275,2022-11-30,Group Stage,Tunisia,2,88,52,France,17592,William Saliba,5487,Antoine Griezmann,Complete,19.262918,31.8,53.6,50.9,51.1
3857275,2022-11-30,Group Stage,Tunisia,2,89,1,France,5487,Antoine Griezmann,22097,Randal Kolo Muani,Complete,17.194475,75.6,15.2,88.2,3.5
3857275,2022-11-30,Group Stage,Tunisia,2,89,6,France,22097,Randal Kolo Muani,3009,Kylian Mbappé Lottin,Complete,18.166178,82.7,4.4,87.2,22.0
3857275,2022-11-30,Group Stage,Tunisia,2,89,7,France,3009,Kylian Mbappé Lottin,5487,Antoine Griezmann,Complete,6.747592,88.4,19.6,95.1,18.8
3857275,2022-11-30,Group Stage,Tunisia,2,89,7,France,5487,Antoine Griezmann,3009,Kylian Mbappé Lottin,Complete,5.9682493,95.1,18.8,92.0,23.9
3857275,2022-11-30,Group Stage,Tunisia,2,89,8,France,3009,Kylian Mbappé Lottin,5487,Antoine Griezmann,Complete,4.90408,92.0,23.9,93.4,19.2
3857275,2022-11-30,Group Stage,Tunisia,2,89,9,France,5487,Antoine Griezmann,22097,Randal Kolo Muani,Complete,9.15478,93.4,21.6,92.4,30.7
3857275,2022-11-30,Group Stage,Tunisia,2,89,36,France,5487,Antoine Griezmann,24778,Eduardo Camavinga,Complete,80.86217,120.0,80.0,93.8,3.5
3857275,2022-11-30,Group Stage,Tunisia,2,89,43,France,24778,Eduardo Camavinga,3026,Adrien Rabiot,Complete,23.648468,95.7,3.5,105.1,25.2
3857275,2022-11-30,Group Stage,Tunisia,2,89,47,France,3026,Adrien Rabiot,,,Incomplete,9.269844,105.1,25.2,111.4,32.0
3857275,2022-11-30,Group Stage,Tunisia,2,90,7,France,24778,Eduardo Camavinga,22097,Randal Kolo Muani,Complete,25.58945,109.7,0.1,115.6,25.0
3857275,2022-11-30,Group Stage,Tunisia,2,90,9,France,22097,Randal Kolo Muani,,,Incomplete,12.586501,115.6,25.0,106.7,33.9
3857275,2022-11-30,Group Stage,Tunisia,2,90,13,France,17592,William Saliba,5477,Ousmane Dembélé,Complete,19.702284,92.6,47.7,99.9,66.0
3857275,2022-11-30,Group Stage,Tunisia,2,90,50,France,7439,Axel Disasi,22097,Randal Kolo Muani,Complete,23.28798,52.2,69.0,69.4,53.3
3857275,2022-11-30,Group Stage,Tunisia,2,90,53,France,22097,Randal Kolo Muani,5477,Ousmane Dembélé,Complete,7.9906197,69.4,53.3,70.6,61.2
3857275,2022-11-30,Group Stage,Tunisia,2,90,54,France,5477,Ousmane Dembélé,5487,Antoine Griezmann,Complete,13.619104,70.6,61.2,58.8,54.4
3857275,2022-11-30,Group Stage,Tunisia,2,90,55,France,5487,Antoine Griezmann,17592,William Saliba,Complete,17.593464,58.8,54.4,41.6,50.7
3857275,2022-11-30,Group Stage,Tunisia,2,90,57,France,17592,William Saliba,11135,Ibrahima Konaté,Complete,18.344753,42.0,49.8,44.3,31.6
3857275,2022-11-30,Group Stage,Tunisia,2,91,0,France,11135,Ibrahima Konaté,5487,Antoine Griezmann,Complete,13.077079,43.5,31.4,56.1,34.9
3857275,2022-11-30,Group Stage,Tunisia,2,91,1,France,5487,Antoine Griezmann,24778,Eduardo Camavinga,Complete,34.85183,56.1,34.9,70.8,3.3
3857275,2022-11-30,Group Stage,Tunisia,2,91,5,France,24778,Eduardo Camavinga,3009,Kylian Mbappé Lottin,Complete,7.025667,77.7,5.7,78.3,12.7
3857275,2022-11-30,Group Stage,Tunisia,2,91,6,France,3009,Kylian Mbappé Lottin,5487,Antoine Griezmann,Complete,5.575841,78.3,12.7,73.6,15.7
3857275,2022-11-30,Group Stage,Tunisia,2,91,8,France,5487,Antoine Griezmann,3009,Kylian Mbappé Lottin,Complete,9.192389,84.9,19.0,93.8,21.3
3857275,2022-11-30,Group Stage,Tunisia,2,92,46,France,5477,Ousmane Dembélé,7439,Axel Disasi,Complete,14.2411375,96.2,80.0,87.8,68.5
3857275,2022-11-30,Group Stage,Tunisia,2,92,48,France,7439,Axel Disasi,5477,Ousmane Dembélé,Incomplete,2.2472205,92.6,73.3,90.5,74.1
3857275,2022-11-30,Group Stage,Tunisia,2,92,50,France,5477,Ousmane Dembélé,17592,William Saliba,Complete,27.085789,81.6,71.6,65.8,49.6
3857275,2022-11-30,Group Stage,Tunisia,2,92,53,France,17592,William Saliba,5477,Ousmane Dembélé,Complete,9.102198,72.9,52.1,73.1,61.2
3857275,2022-11-30,Group Stage,Tunisia,2,92,55,France,5477,Ousmane Dembélé,7439,Axel Disasi,Complete,25.18591,75.4,61.8,98.2,72.5
3857275,2022-11-30,Group Stage,Tunisia,2,92,58,France,7439,Axel Disasi,3009,Kylian Mbappé Lottin,Complete,61.603245,107.9,73.3,112.9,11.9
3857275,2022-11-30,Group Stage,Tunisia,2,93,4,France,3009,Kylian Mbappé Lottin,,,Incomplete,4.1,114.5,15.7,114.5,19.8
3857275,2022-11-30,Group Stage,Tunisia,2,93,18,France,5487,Antoine Griezmann,3009,Kylian Mbappé Lottin,Complete,14.579437,120.0,0.1,113.4,13.1
3857275,2022-11-30,Group Stage,Tunisia,2,93,21,France,3009,Kylian Mbappé Lottin,,,Incomplete,5.1662364,112.5,18.5,113.8,23.5
3857275,2022-11-30,Group Stage,Tunisia,2,93,26,France,24778,Eduardo Camavinga,17592,William Saliba,Complete,28.104982,86.8,29.8,92.6,57.3
3857275,2022-11-30,Group Stage,Tunisia,2,93,30,France,17592,William Saliba,10481,Aurélien Djani Tchouaméni,Complete,14.912076,89.3,57.9,74.4,57.3
3857275,2022-11-30,Group Stage,Tunisia,2,93,34,France,10481,Aurélien Djani Tchouaméni,17592,William Saliba,Complete,8.949302,77.1,56.1,79.9,64.6
3857275,2022-11-30,Group Stage,Tunisia,2,93,39,France,17592,William Saliba,5477,Ousmane Dembélé,Complete,7.484651,80.6,62.3,87.5,65.2
3857275,2022-11-30,Group Stage,Tunisia,2,93,41,France,5477,Ousmane Dembélé,24778,Eduardo Camavinga,Complete,29.396088,80.6,59.6,72.3,31.4
3857275,2022-11-30,Group Stage,Tunisia,2,93,59,France,24778,Eduardo Camavinga,10481,Aurélien Djani Tchouaméni,Complete,4.2755117,74.7,33.3,78.9,34.1
3857275,2022-11-30,Group Stage,Tunisia,2,94,1,France,10481,Aurélien Djani Tchouaméni,7439,Axel Disasi,Complete,18.30683,79.3,36.4,86.8,53.1
3857275,2022-11-30,Group Stage,Tunisia,2,94,4,France,7439,Axel Disasi,5477,Ousmane Dembélé,Complete,18.984203,91.8,58.8,106.0,71.4
3857275,2022-11-30,Group Stage,Tunisia,2,94,7,France,5477,Ousmane Dembélé,,,Incomplete,36.655285,101.9,70.6,108.8,34.6
3857275,2022-11-30,Group Stage,Tunisia,2,94,12,France,3009,Kylian Mbappé Lottin,,,Out,36.56036,97.1,20.5,120.0,49.0
3857275,2022-11-30,Group Stage,Tunisia,2,94,51,France,10481,Aurélien Djani Tchouaméni,11135,Ibrahima Konaté,Complete,16.252077,42.5,48.6,38.3,32.9
3857275,2022-11-30,Group Stage,Tunisia,2,94,54,France,11135,Ibrahima Konaté,3009,Kylian Mbappé Lottin,Complete,27.224438,43.6,31.8,63.0,12.7
3857275,2022-11-30,Group Stage,Tunisia,2,95,0,France,3009,Kylian Mbappé Lottin,,,Incomplete,3.9824615,79.1,17.3,81.6,20.4
3857275,2022-11-30,Group Stage,Tunisia,2,95,21,France,3543,Steve Mandanda,10481,Aurélien Djani Tchouaméni,Complete,17.35886,6.0,36.0,21.3,44.2
3857275,2022-11-30,Group Stage,Tunisia,2,95,27,France,10481,Aurélien Djani Tchouaméni,3026,Adrien Rabiot,Complete,27.013515,36.4,34.1,48.2,9.8
3857275,2022-11-30,Group Stage,Tunisia,2,95,33,France,3026,Adrien Rabiot,24778,Eduardo Camavinga,Complete,9.625487,71.4,9.8,79.5,4.6
3857275,2022-11-30,Group Stage,Tunisia,2,95,37,France,24778,Eduardo Camavinga,5487,Antoine Griezmann,Complete,6.3245554,86.0,4.4,80.8,8.0
3857275,2022-11-30,Group Stage,Tunisia,2,95,38,France,5487,Antoine Griezmann,24778,Eduardo Camavinga,Complete,8.905055,79.9,8.3,88.0,4.6
3857275,2022-11-30,Group Stage,Tunisia,2,95,40,France,24778,Eduardo Camavinga,3009,Kylian Mbappé Lottin,Complete,24.464056,91.4,4.2,102.1,26.2
3857275,2022-11-30,Group Stage,Tunisia,2,96,5,France,5487,Antoine Griezmann,,,Incomplete,37.303352,120.0,0.1,112.3,36.6
3857275,2022-11-30,Group Stage,Tunisia,2,96,11,France,5477,Ousmane Dembélé,3026,Adrien Rabiot,Complete,7.4242845,99.9,52.5,106.5,55.9
3857275,2022-11-30,Group Stage,Tunisia,2,96,14,France,3026,Adrien Rabiot,5477,Ousmane Dembélé,Complete,11.098198,104.7,56.6,110.6,66.0
3857275,2022-11-30,Group Stage,Tunisia,2,96,15,France,5477,Ousmane Dembélé,3009,Kylian Mbappé Lottin,Complete,16.818146,107.9,67.7,105.2,51.1
3857275,2022-11-30,Group Stage,Tunisia,2,96,26,France,17592,William Saliba,10481,Aurélien Djani Tchouaméni,Complete,15.539627,49.3,51.8,62.5,43.6
3857275,2022-11-30,Group Stage,Tunisia,2,96,33,France,10481,Aurélien Djani Tchouaméni,5477,Ousmane Dembélé,Complete,41.821644,75.2,43.4,103.6,74.1
3857275,2022-11-30,Group Stage,Tunisia,2,96,38,France,5477,Ousmane Dembélé,,,Incomplete,26.020376,115.6,70.5,113.1,44.6
3857275,2022-11-30,Group Stage,Tunisia,2,96,50,France,7439,Axel Disasi,17592,William Saliba,Complete,12.571794,70.6,67.9,65.3,56.5
3857275,2022-11-30,Group Stage,Tunisia,2,96,54,France,17592,William Saliba,3026,Adrien Rabiot,Complete,17.325415,65.3,56.5,77.7,44.4
3857275,2022-11-30,Group Stage,Tunisia,2,96,56,France,3026,Adrien Rabiot,5487,Antoine Griezmann,Complete,23.769308,78.5,43.3,83.2,20.0
3857275,2022-11-30,Group Stage,Tunisia,2,97,0,France,5487,Antoine Griezmann,22097,Randal Kolo Muani,Complete,18.399185,87.3,20.9,99.0,35.1
3857275,2022-11-30,Group Stage,Tunisia,2,97,5,France,5477,Ousmane Dembélé,7439,Axel Disasi,Complete,10.711676,96.9,51.8,86.2,52.3
3857275,2022-11-30,Group Stage,Tunisia,2,97,6,France,7439,Axel Disasi,5487,Antoine Griezmann,Complete,5.9076223,86.2,52.3,89.5,47.4
3857275,2022-11-30,Group Stage,Tunisia,2,97,8,France,5487,Antoine Griezmann,24778,Eduardo Camavinga,Complete,13.595955,86.4,44.6,84.1,31.2
3857275,2022-11-30,Group Stage,Tunisia,2,97,10,France,24778,Eduardo Camavinga,3009,Kylian Mbappé Lottin,Complete,12.539936,85.3,26.4,93.6,17.0
3857275,2022-11-30,Group Stage,Tunisia,2,97,14,France,3009,Kylian Mbappé Lottin,3026,Adrien Rabiot,Incomplete,4.1785164,93.6,17.3,97.5,18.8
3857275,2022-11-30,Group Stage,Tunisia,2,97,16,France,10481,Aurélien Djani Tchouaméni,3009,Kylian Mbappé Lottin,Complete,9.590099,102.3,10.9,94.9,17.0
3857275,2022-11-30,Group Stage,Tunisia,2,97,19,France,3009,Kylian Mbappé Lottin,10481,Aurélien Djani Tchouaméni,Complete,9.503683,99.0,15.7,97.6,6.3
3857275,2022-11-30,Group Stage,Tunisia,2,97,22,France,10481,Aurélien Djani Tchouaméni,,,Incomplete,26.856098,92.4,9.4,103.4,33.9
3857275,2022-11-30,Group Stage,Tunisia,2,97,33,France,7439,Axel Disasi,17592,William Saliba,Complete,17.661541,88.0,80.0,81.2,63.7
3857275,2022-11-30,Group Stage,Tunisia,2,97,35,France,17592,William Saliba,5477,Ousmane Dembélé,Complete,19.777006,81.2,62.9,97.5,74.1
3857275,2022-11-30,Group Stage,Tunisia,2,97,39,France,5477,Ousmane Dembélé,24778,Eduardo Camavinga,Complete,30.244339,103.6,67.3,93.2,38.9
3857275,2022-11-30,Group Stage,Tunisia,2,97,42,France,24778,Eduardo Camavinga,10481,Aurélien Djani Tchouaméni,Complete,13.421252,93.2,35.5,91.4,22.2
3857275,2022-11-30,Group Stage,Tunisia,2,97,44,France,10481,Aurélien Djani Tchouaméni,,,Incomplete,26.05993,92.1,22.7,111.5,40.1
3857275,2022-11-30,Group Stage,Tunisia,2,102,15,France,7439,Axel Disasi,17592,William Saliba,Complete,14.447145,30.5,80.0,25.1,66.6
3857275,2022-11-30,Group Stage,Tunisia,2,102,17,France,17592,William Saliba,10481,Aurélien Djani Tchouaméni,Complete,30.419895,27.7,60.2,33.3,30.3
3857275,2022-11-30,Group Stage,Tunisia,2,102,19,France,10481,Aurélien Djani Tchouaméni,24778,Eduardo Camavinga,Complete,25.504902,33.5,26.8,49.2,6.7
3857275,2022-11-30,Group Stage,Tunisia,2,102,24,France,24778,Eduardo Camavinga,10481,Aurélien Djani Tchouaméni,Complete,18.65315,53.4,7.0,44.7,23.5
3857275,2022-11-30,Group Stage,Tunisia,2,102,26,France,10481,Aurélien Djani Tchouaméni,5487,Antoine Griezmann,Complete,25.985573,44.0,26.0,55.3,49.4
3857275,2022-11-30,Group Stage,Tunisia,2,102,27,France,5487,Antoine Griezmann,7439,Axel Disasi,Complete,27.197794,55.9,49.9,67.5,74.5
3857275,2022-11-30,Group Stage,Tunisia,2,102,30,France,7439,Axel Disasi,5477,Ousmane Dembélé,Incomplete,16.744253,67.5,74.5,83.6,69.9
3857275,2022-11-30,Group Stage,Tunisia,2,102,34,France,5487,Antoine Griezmann,,,Incomplete,7.2249565,63.2,61.9,70.4,62.5
3857266,2022-11-26,Group Stage,Denmark,1,1,12,France,5477,Ousmane Dembélé,4445,Jules Koundé,Complete,17.839844,34.8,55.6,19.7,65.1
3857266,2022-11-26,Group Stage,Denmark,1,1,13,France,4445,Jules Koundé,5477,Ousmane Dembélé,Out,21.580084,19.9,67.0,37.2,79.9
3857266,2022-11-26,Group Stage,Denmark,1,3,21,France,4445,Jules Koundé,5477,Ousmane Dembélé,Complete,7.33553,40.8,65.0,47.3,61.6
3857266,2022-11-26,Group Stage,Denmark,1,3,25,France,5477,Ousmane Dembélé,3026,Adrien Rabiot,Complete,26.469793,68.3,59.4,60.2,34.2
3857266,2022-11-26,Group Stage,Denmark,1,3,28,France,3026,Adrien Rabiot,3009,Kylian Mbappé Lottin,Complete,15.22268,65.4,25.9,75.6,14.6
3857266,2022-11-26,Group Stage,Denmark,1,4,8,France,3099,Hugo Lloris,8519,Dayotchanculle Upamecano,Complete,21.39743,12.8,44.3,23.2,25.6
3857266,2022-11-26,Group Stage,Denmark,1,4,11,France,8519,Dayotchanculle Upamecano,6704,Theo Bernard François Hernández,Complete,16.194136,23.9,16.9,31.5,2.6
3857266,2022-11-26,Group Stage,Denmark,1,4,13,France,6704,Theo Bernard François Hernández,10481,Aurélien Djani Tchouaméni,Complete,20.999048,31.5,2.6,25.1,22.6
3857266,2022-11-26,Group Stage,Denmark,1,4,15,France,10481,Aurélien Djani Tchouaméni,3099,Hugo Lloris,Complete,24.735804,26.6,23.4,4.7,34.9
3857266,2022-11-26,Group Stage,Denmark,1,4,20,France,3099,Hugo Lloris,,,Incomplete,50.25067,8.8,34.3,55.6,52.6
3857266,2022-11-26,Group Stage,Denmark,1,4,41,France,3026,Adrien Rabiot,6704,Theo Bernard François Hernández,Complete,10.542295,22.0,10.8,13.7,17.3
3857266,2022-11-26,Group Stage,Denmark,1,4,46,France,6704,Theo Bernard François Hernández,,,Out,8.188406,2.1,4.0,9.3,0.1
3857266,2022-11-26,Group Stage,Denmark,1,5,10,France,5477,Ousmane Dembélé,3026,Adrien Rabiot,Complete,36.00347,51.5,56.1,67.2,23.7
3857266,2022-11-26,Group Stage,Denmark,1,5,13,France,3026,Adrien Rabiot,3009,Kylian Mbappé Lottin,Complete,19.632881,77.5,11.1,96.7,7.0
3857266,2022-11-26,Group Stage,Denmark,1,5,18,France,3009,Kylian Mbappé Lottin,5477,Ousmane Dembélé,Complete,21.181124,99.6,8.1,95.6,28.9
3857266,2022-11-26,Group Stage,Denmark,1,5,32,France,4445,Jules Koundé,,,Incomplete,26.076809,62.3,77.6,88.3,75.6
3857266,2022-11-26,Group Stage,Denmark,1,6,24,France,3099,Hugo Lloris,3026,Adrien Rabiot,Complete,16.137533,9.7,42.9,25.8,44.0
3857266,2022-11-26,Group Stage,Denmark,1,6,26,France,3026,Adrien Rabiot,5485,Raphaël Varane,Complete,13.595955,27.7,44.3,15.6,50.5
3857266,2022-11-26,Group Stage,Denmark,1,6,29,France,5485,Raphaël Varane,3026,Adrien Rabiot,Complete,8.868484,18.9,51.9,27.7,50.8
3857266,2022-11-26,Group Stage,Denmark,1,6,30,France,3026,Adrien Rabiot,3099,Hugo Lloris,Complete,21.804815,27.7,50.8,9.3,39.1
3857266,2022-11-26,Group Stage,Denmark,1,6,32,France,3099,Hugo Lloris,8519,Dayotchanculle Upamecano,Complete,19.26266,9.6,39.1,15.3,20.7
3857266,2022-11-26,Group Stage,Denmark,1,6,35,France,8519,Dayotchanculle Upamecano,10481,Aurélien Djani Tchouaméni,Complete,10.034441,14.8,15.7,23.5,20.7
3857266,2022-11-26,Group Stage,Denmark,1,6,36,France,10481,Aurélien Djani Tchouaméni,3026,Adrien Rabiot,Complete,16.414627,23.5,20.7,11.5,31.9
3857266,2022-11-26,Group Stage,Denmark,1,6,43,France,3026,Adrien Rabiot,10481,Aurélien Djani Tchouaméni,Complete,12.571794,24.3,48.4,35.0,41.8
3857266,2022-11-26,Group Stage,Denmark,1,6,46,France,10481,Aurélien Djani Tchouaméni,6704,Theo Bernard François Hernández,Complete,20.58276,43.5,20.2,52.1,1.5
3857266,2022-11-26,Group Stage,Denmark,1,6,49,France,6704,Theo Bernard François Hernández,3009,Kylian Mbappé Lottin,Complete,5.5443664,57.5,2.1,54.0,6.4
3857266,2022-11-26,Group Stage,Denmark,1,6,51,France,3009,Kylian Mbappé Lottin,10481,Aurélien Djani Tchouaméni,Complete,8.640023,51.5,13.0,49.1,21.3
3857266,2022-11-26,Group Stage,Denmark,1,6,53,France,10481,Aurélien Djani Tchouaméni,5485,Raphaël Varane,Complete,18.08867,50.4,27.3,40.0,42.1
3857266,2022-11-26,Group Stage,Denmark,1,6,56,France,5485,Raphaël Varane,4445,Jules Koundé,Complete,13.668211,40.0,42.6,43.9,55.7
3857266,2022-11-26,Group Stage,Denmark,1,6,58,France,4445,Jules Koundé,5477,Ousmane Dembélé,Complete,22.43212,45.4,63.2,66.2,71.6
3857266,2022-11-26,Group Stage,Denmark,1,7,0,France,5477,Ousmane Dembélé,4445,Jules Koundé,Complete,19.677399,69.1,69.5,51.5,60.7
3857266,2022-11-26,Group Stage,Denmark,1,7,2,France,4445,Jules Koundé,5485,Raphaël Varane,Complete,8.761849,49.3,58.0,43.9,51.1
3857266,2022-11-26,Group Stage,Denmark,1,7,4,France,5485,Raphaël Varane,10481,Aurélien Djani Tchouaméni,Complete,21.9784,43.9,49.2,50.7,28.3
3857266,2022-11-26,Group Stage,Denmark,1,7,7,France,10481,Aurélien Djani Tchouaméni,3009,Kylian Mbappé Lottin,Complete,24.42642,53.4,21.8,68.5,2.6
3857266,2022-11-26,Group Stage,Denmark,1,7,9,France,3009,Kylian Mbappé Lottin,6704,Theo Bernard François Hernández,Complete,6.484597,68.5,2.6,62.3,4.5
3857266,2022-11-26,Group Stage,Denmark,1,7,11,France,6704,Theo Bernard François Hernández,3009,Kylian Mbappé Lottin,Complete,8.376157,62.3,6.4,69.3,1.8
3857266,2022-11-26,Group Stage,Denmark,1,7,13,France,3009,Kylian Mbappé Lottin,6704,Theo Bernard François Hernández,Complete,11.8,69.3,2.3,57.5,2.3
3857266,2022-11-26,Group Stage,Denmark,1,7,14,France,6704,Theo Bernard François Hernández,8519,Dayotchanculle Upamecano,Complete,13.008459,57.5,2.3,50.4,13.2
3857266,2022-11-26,Group Stage,Denmark,1,7,19,France,8519,Dayotchanculle Upamecano,5485,Raphaël Varane,Complete,23.286263,47.0,22.6,41.0,45.1
3857266,2022-11-26,Group Stage,Denmark,1,7,21,France,5485,Raphaël Varane,3026,Adrien Rabiot,Complete,10.062305,43.1,51.6,52.1,56.1
3857266,2022-11-26,Group Stage,Denmark,1,7,23,France,3026,Adrien Rabiot,8519,Dayotchanculle Upamecano,Complete,26.101341,51.5,52.2,44.7,27.0
3857266,2022-11-26,Group Stage,Denmark,1,7,26,France,8519,Dayotchanculle Upamecano,6704,Theo Bernard François Hernández,Complete,31.317886,48.8,22.9,72.9,2.9
3857266,2022-11-26,Group Stage,Denmark,1,7,30,France,6704,Theo Bernard François Hernández,3009,Kylian Mbappé Lottin,Complete,3.5510561,74.0,5.1,75.9,8.1
3857266,2022-11-26,Group Stage,Denmark,1,7,42,France,6704,Theo Bernard François Hernández,8519,Dayotchanculle Upamecano,Complete,16.89645,68.8,0.1,54.5,9.1
3857266,2022-11-26,Group Stage,Denmark,1,7,45,France,8519,Dayotchanculle Upamecano,5485,Raphaël Varane,Complete,25.329231,48.5,11.3,45.1,36.4
3857266,2022-11-26,Group Stage,Denmark,1,7,51,France,5485,Raphaël Varane,5477,Ousmane Dembélé,Complete,17.821335,67.7,61.3,80.5,73.7
3857266,2022-11-26,Group Stage,Denmark,1,7,56,France,5477,Ousmane Dembélé,3026,Adrien Rabiot,Complete,8.023091,94.3,59.5,86.9,56.4
3857266,2022-11-26,Group Stage,Denmark,1,7,58,France,3026,Adrien Rabiot,3009,Kylian Mbappé Lottin,Complete,53.17236,85.3,55.6,100.0,4.5
3857266,2022-11-26,Group Stage,Denmark,1,8,3,France,3009,Kylian Mbappé Lottin,5487,Antoine Griezmann,Incomplete,35.7056,101.5,5.1,110.7,39.6
3857266,2022-11-26,Group Stage,Denmark,1,8,9,France,6704,Theo Bernard François Hernández,8519,Dayotchanculle Upamecano,Complete,12.175796,69.3,18.3,57.8,22.3
3857266,2022-11-26,Group Stage,Denmark,1,8,12,France,8519,Dayotchanculle Upamecano,5485,Raphaël Varane,Complete,17.00735,57.5,23.2,57.0,40.2
3857266,2022-11-26,Group Stage,Denmark,1,8,17,France,5485,Raphaël Varane,5477,Ousmane Dembélé,Complete,26.998148,72.3,49.7,86.6,72.6
3857266,2022-11-26,Group Stage,Denmark,1,8,20,France,5477,Ousmane Dembélé,3026,Adrien Rabiot,Complete,13.201894,94.8,72.6,87.5,61.6
3857266,2022-11-26,Group Stage,Denmark,1,8,24,France,3026,Adrien Rabiot,5487,Antoine Griezmann,Complete,6.946222,87.7,61.6,80.8,62.4
3857266,2022-11-26,Group Stage,Denmark,1,8,25,France,5487,Antoine Griezmann,5477,Ousmane Dembélé,Complete,8.104937,80.8,62.6,88.8,61.3
3857266,2022-11-26,Group Stage,Denmark,1,8,26,France,5477,Ousmane Dembélé,4445,Jules Koundé,Complete,13.647344,88.8,61.3,94.5,73.7
3857266,2022-11-26,Group Stage,Denmark,1,8,29,France,4445,Jules Koundé,3026,Adrien Rabiot,Complete,17.032028,94.5,73.7,80.5,64.0
3857266,2022-11-26,Group Stage,Denmark,1,8,32,France,3026,Adrien Rabiot,8519,Dayotchanculle Upamecano,Complete,21.29601,70.7,59.4,65.3,38.8
3857266,2022-11-26,Group Stage,Denmark,1,8,36,France,8519,Dayotchanculle Upamecano,6704,Theo Bernard François Hernández,Complete,29.456747,72.9,34.2,78.6,5.3
3857266,2022-11-26,Group Stage,Denmark,1,8,38,France,6704,Theo Bernard François Hernández,3009,Kylian Mbappé Lottin,Complete,11.166468,78.6,5.3,89.1,1.5
3857266,2022-11-26,Group Stage,Denmark,1,8,39,France,3009,Kylian Mbappé Lottin,6704,Theo Bernard François Hernández,Complete,7.4464755,88.8,2.1,81.6,4.0
3857266,2022-11-26,Group Stage,Denmark,1,8,42,France,6704,Theo Bernard François Hernández,10481,Aurélien Djani Tchouaméni,Complete,8.221922,76.4,9.1,71.0,15.3
3857266,2022-11-26,Group Stage,Denmark,1,8,45,France,10481,Aurélien Djani Tchouaméni,3026,Adrien Rabiot,Complete,9.4371605,65.8,22.6,74.3,26.7
3857266,2022-11-26,Group Stage,Denmark,1,8,47,France,3026,Adrien Rabiot,5487,Antoine Griezmann,Complete,16.564117,74.3,26.4,80.4,41.8
3857266,2022-11-26,Group Stage,Denmark,1,8,48,France,5487,Antoine Griezmann,5485,Raphaël Varane,Complete,18.001389,80.4,42.4,63.5,48.6
3857266,2022-11-26,Group Stage,Denmark,1,8,49,France,5485,Raphaël Varane,4445,Jules Koundé,Complete,16.5,64.6,48.6,74.5,61.8
3857266,2022-11-26,Group Stage,Denmark,1,8,52,France,4445,Jules Koundé,5477,Ousmane Dembélé,Complete,14.424978,74.5,73.0,88.3,77.2
3857266,2022-11-26,Group Stage,Denmark,1,8,54,France,5477,Ousmane Dembélé,5487,Antoine Griezmann,Complete,9.995999,87.7,76.4,84.3,67.0
3857266,2022-11-26,Group Stage,Denmark,1,8,55,France,5487,Antoine Griezmann,4445,Jules Koundé,Complete,14.759743,84.3,67.0,71.0,73.4
3857266,2022-11-26,Group Stage,Denmark,1,8,57,France,4445,Jules Koundé,5485,Raphaël Varane,Complete,18.096685,71.0,72.6,62.0,56.9
3857266,2022-11-26,Group Stage,Denmark,1,8,59,France,5485,Raphaël Varane,10481,Aurélien Djani Tchouaméni,Complete,18.064606,62.0,56.9,67.2,39.6
3857266,2022-11-26,Group Stage,Denmark,1,9,0,France,10481,Aurélien Djani Tchouaméni,8519,Dayotchanculle Upamecano,Complete,6.021628,67.2,39.6,62.3,36.1
3857266,2022-11-26,Group Stage,Denmark,1,9,1,France,8519,Dayotchanculle Upamecano,6704,Theo Bernard François Hernández,Complete,30.410524,62.3,36.1,75.9,8.9
3857266,2022-11-26,Group Stage,Denmark,1,9,3,France,6704,Theo Bernard François Hernández,3009,Kylian Mbappé Lottin,Complete,8.285529,75.9,8.9,80.0,16.1
3857266,2022-11-26,Group Stage,Denmark,1,9,4,France,3009,Kylian Mbappé Lottin,6704,Theo Bernard François Hernández,Complete,27.721832,80.0,16.1,106.9,9.4
3857266,2022-11-26,Group Stage,Denmark,1,9,7,France,6704,Theo Bernard François Hernández,3026,Adrien Rabiot,Complete,36.989864,109.0,9.1,115.0,45.6
3857266,2022-11-26,Group Stage,Denmark,1,9,17,France,4445,Jules Koundé,5487,Antoine Griezmann,Complete,26.908176,77.0,50.0,87.2,74.9
3857266,2022-11-26,Group Stage,Denmark,1,9,22,France,5487,Antoine Griezmann,6704,Theo Bernard François Hernández,Incomplete,36.81698,84.3,65.4,75.3,29.7
3857266,2022-11-26,Group Stage,Denmark,1,10,24,France,3099,Hugo Lloris,10481,Aurélien Djani Tchouaméni,Complete,20.489998,9.6,40.3,22.4,24.3
3857266,2022-11-26,Group Stage,Denmark,1,10,27,France,10481,Aurélien Djani Tchouaméni,6704,Theo Bernard François Hernández,Complete,18.711494,22.4,24.3,25.8,5.9
3857266,2022-11-26,Group Stage,Denmark,1,10,30,France,6704,Theo Bernard François Hernández,8519,Dayotchanculle Upamecano,Complete,18.722446,25.8,5.9,10.1,16.1
3857266,2022-11-26,Group Stage,Denmark,1,10,32,France,8519,Dayotchanculle Upamecano,3099,Hugo Lloris,Complete,19.592346,10.4,19.1,2.9,37.2
3857266,2022-11-26,Group Stage,Denmark,1,10,35,France,3099,Hugo Lloris,5485,Raphaël Varane,Complete,16.063934,5.9,36.5,9.3,52.2
3857266,2022-11-26,Group Stage,Denmark,1,10,38,France,5485,Raphaël Varane,3026,Adrien Rabiot,Complete,12.160592,11.5,54.5,21.3,47.3
3857266,2022-11-26,Group Stage,Denmark,1,10,42,France,3026,Adrien Rabiot,6704,Theo Bernard François Hernández,Complete,36.805027,15.0,35.3,35.6,4.8
3857266,2022-11-26,Group Stage,Denmark,1,10,45,France,6704,Theo Bernard François Hernández,3009,Kylian Mbappé Lottin,Complete,11.783463,39.1,3.0,49.3,8.9
3857266,2022-11-26,Group Stage,Denmark,1,10,48,France,3009,Kylian Mbappé Lottin,10481,Aurélien Djani Tchouaméni,Complete,11.352973,55.3,13.2,51.8,24.0
3857266,2022-11-26,Group Stage,Denmark,1,10,54,France,10481,Aurélien Djani Tchouaméni,5487,Antoine Griezmann,Complete,14.422205,57.0,37.3,65.0,25.3
3857266,2022-11-26,Group Stage,Denmark,1,10,55,France,5487,Antoine Griezmann,8519,Dayotchanculle Upamecano,Complete,15.49871,65.0,25.3,50.0,29.2
3857266,2022-11-26,Group Stage,Denmark,1,10,57,France,8519,Dayotchanculle Upamecano,3026,Adrien Rabiot,Complete,12.965339,52.1,29.2,56.2,41.5
3857266,2022-11-26,Group Stage,Denmark,1,11,1,France,3026,Adrien Rabiot,10481,Aurélien Djani Tchouaméni,Complete,8.032434,68.0,50.8,65.4,43.2
3857266,2022-11-26,Group Stage,Denmark,1,11,3,France,10481,Aurélien Djani Tchouaméni,6704,Theo Bernard François Hernández,Complete,38.601166,65.3,42.6,71.5,4.5
3857266,2022-11-26,Group Stage,Denmark,1,11,8,France,6704,Theo Bernard François Hernández,3009,Kylian Mbappé Lottin,Complete,20.00225,71.5,4.5,91.5,4.2
3857266,2022-11-26,Group Stage,Denmark,1,11,9,France,3009,Kylian Mbappé Lottin,5487,Antoine Griezmann,Complete,16.043068,91.5,4.2,94.8,19.9
3857266,2022-11-26,Group Stage,Denmark,1,11,11,France,5487,Antoine Griezmann,3009,Kylian Mbappé Lottin,Incomplete,4.88467,94.0,18.8,98.5,16.9
3857266,2022-11-26,Group Stage,Denmark,1,11,17,France,8519,Dayotchanculle Upamecano,10481,Aurélien Djani Tchouaméni,Complete,12.7,62.4,12.4,75.1,12.4
3857266,2022-11-26,Group Stage,Denmark,1,11,19,France,10481,Aurélien Djani Tchouaméni,5487,Antoine Griezmann,Complete,4.652956,73.2,11.9,77.3,9.7
3857266,2022-11-26,Group Stage,Denmark,1,11,20,France,5487,Antoine Griezmann,3009,Kylian Mbappé Lottin,Complete,10.833744,76.7,9.1,86.6,13.5
3857266,2022-11-26,Group Stage,Denmark,1,11,55,France,5487,Antoine Griezmann,5485,Raphaël Varane,Incomplete,35.793297,82.3,16.1,108.3,40.7
3857266,2022-11-26,Group Stage,Denmark,1,12,33,France,5487,Antoine Griezmann,5485,Raphaël Varane,Complete,33.9613,120.0,80.0,112.4,46.9
3857266,2022-11-26,Group Stage,Denmark,1,12,43,France,8519,Dayotchanculle Upamecano,3099,Hugo Lloris,Complete,38.15049,53.2,55.6,16.7,44.5
3857266,2022-11-26,Group Stage,Denmark,1,12,49,France,3099,Hugo Lloris,5477,Ousmane Dembélé,Unknown,61.485935,13.9,41.5,74.5,51.9
3857266,2022-11-26,Group Stage,Denmark,1,13,52,France,3026,Adrien Rabiot,6704,Theo Bernard François Hernández,Complete,5.0219517,32.6,8.9,33.7,13.8
3857266,2022-11-26,Group Stage,Denmark,1,13,55,France,6704,Theo Bernard François Hernández,5487,Antoine Griezmann,Complete,7.2449985,35.9,18.3,39.1,24.8
3857266,2022-11-26,Group Stage,Denmark,1,13,56,France,5487,Antoine Griezmann,10481,Aurélien Djani Tchouaméni,Complete,6.5490456,39.4,25.6,32.9,24.8
3857266,2022-11-26,Group Stage,Denmark,1,14,0,France,10481,Aurélien Djani Tchouaméni,4445,Jules Koundé,Complete,36.271477,32.9,40.3,45.8,74.2
3857266,2022-11-26,Group Stage,Denmark,1,14,4,France,4445,Jules Koundé,5477,Ousmane Dembélé,Complete,18.19148,48.5,72.6,66.2,76.8
3857266,2022-11-26,Group Stage,Denmark,1,14,5,France,5477,Ousmane Dembélé,4445,Jules Koundé,Complete,9.392018,66.2,76.8,75.1,73.8
3857266,2022-11-26,Group Stage,Denmark,1,14,7,France,4445,Jules Koundé,3604,Olivier Giroud,Incomplete,6.440497,76.7,70.0,80.5,64.8
3857266,2022-11-26,Group Stage,Denmark,1,14,11,France,5487,Antoine Griezmann,5485,Raphaël Varane,Complete,13.955644,51.2,61.6,38.6,55.6
3857266,2022-11-26,Group Stage,Denmark,1,14,13,France,5485,Raphaël Varane,3026,Adrien Rabiot,Complete,14.425672,34.2,51.6,44.3,41.3
3857266,2022-11-26,Group Stage,Denmark,1,14,15,France,3026,Adrien Rabiot,5485,Raphaël Varane,Complete,16.995588,45.8,41.8,31.2,50.5
3857266,2022-11-26,Group Stage,Denmark,1,14,18,France,5485,Raphaël Varane,8519,Dayotchanculle Upamecano,Complete,19.7,24.3,50.8,24.3,31.1
3857266,2022-11-26,Group Stage,Denmark,1,14,19,France,8519,Dayotchanculle Upamecano,6704,Theo Bernard François Hernández,Complete,29.156475,24.3,31.1,33.4,3.4
3857266,2022-11-26,Group Stage,Denmark,1,14,26,France,6704,Theo Bernard François Hernández,3009,Kylian Mbappé Lottin,Complete,12.20041,79.4,9.7,89.1,2.3
3857266,2022-11-26,Group Stage,Denmark,1,14,32,France,3009,Kylian Mbappé Lottin,10481,Aurélien Djani Tchouaméni,Complete,16.600302,95.4,7.8,80.8,15.7
3857266,2022-11-26,Group Stage,Denmark,1,14,34,France,10481,Aurélien Djani Tchouaméni,6704,Theo Bernard François Hernández,Complete,17.749647,80.8,18.3,93.5,5.9
3857266,2022-11-26,Group Stage,Denmark,1,14,36,France,6704,Theo Bernard François Hernández,10481,Aurélien Djani Tchouaméni,Complete,9.688137,95.6,4.5,86.1,6.4
3857266,2022-11-26,Group Stage,Denmark,1,14,39,France,10481,Aurélien Djani Tchouaméni,3009,Kylian Mbappé Lottin,Complete,6.484597,84.6,14.6,82.4,20.7
3857266,2022-11-26,Group Stage,Denmark,1,14,41,France,3009,Kylian Mbappé Lottin,5477,Ousmane Dembélé,Complete,58.18075,82.4,20.7,106.4,73.7
3857266,2022-11-26,Group Stage,Denmark,1,14,51,France,5477,Ousmane Dembélé,3604,Olivier Giroud,Complete,33.553837,113.8,72.4,111.9,38.9
3857266,2022-11-26,Group Stage,Denmark,1,15,46,France,6704,Theo Bernard François Hernández,8519,Dayotchanculle Upamecano,Complete,8.022469,55.9,0.1,55.3,8.1
3857266,2022-11-26,Group Stage,Denmark,1,15,48,France,8519,Dayotchanculle Upamecano,5485,Raphaël Varane,Complete,22.329353,34.2,8.6,31.8,30.8
3857266,2022-11-26,Group Stage,Denmark,1,15,52,France,5485,Raphaël Varane,4445,Jules Koundé,Complete,25.181343,31.8,38.0,39.1,62.1
3857266,2022-11-26,Group Stage,Denmark,1,15,54,France,4445,Jules Koundé,5477,Ousmane Dembélé,Complete,16.244383,40.8,73.0,57.0,74.2
3857266,2022-11-26,Group Stage,Denmark,1,15,57,France,5477,Ousmane Dembélé,4445,Jules Koundé,Complete,17.102047,57.0,72.7,40.2,69.5
3857266,2022-11-26,Group Stage,Denmark,1,16,0,France,4445,Jules Koundé,8519,Dayotchanculle Upamecano,Complete,29.125418,40.5,62.4,37.8,33.4
3857266,2022-11-26,Group Stage,Denmark,1,16,3,France,8519,Dayotchanculle Upamecano,6704,Theo Bernard François Hernández,Complete,27.42353,38.0,26.4,52.3,3.0
3857266,2022-11-26,Group Stage,Denmark,1,16,7,France,6704,Theo Bernard François Hernández,5487,Antoine Griezmann,Complete,12.206555,52.9,3.7,56.7,15.3
3857266,2022-11-26,Group Stage,Denmark,1,16,10,France,5487,Antoine Griezmann,3009,Kylian Mbappé Lottin,Complete,12.773801,56.7,15.3,69.3,13.2
3857266,2022-11-26,Group Stage,Denmark,1,16,11,France,3009,Kylian Mbappé Lottin,6704,Theo Bernard François Hernández,Incomplete,6.6098413,69.3,11.6,67.3,5.3
3857266,2022-11-26,Group Stage,Denmark,1,16,22,France,6704,Theo Bernard François Hernández,8519,Dayotchanculle Upamecano,Complete,18.346935,58.3,0.1,41.3,7.0
3857266,2022-11-26,Group Stage,Denmark,1,16,25,France,8519,Dayotchanculle Upamecano,5485,Raphaël Varane,Complete,20.838667,33.7,12.7,36.1,33.4
3857266,2022-11-26,Group Stage,Denmark,1,16,29,France,5485,Raphaël Varane,3604,Olivier Giroud,Complete,21.851545,45.1,51.9,66.9,53.4
3857266,2022-11-26,Group Stage,Denmark,1,16,30,France,3604,Olivier Giroud,4445,Jules Koundé,Complete,18.082588,68.3,53.0,64.6,70.7
3857266,2022-11-26,Group Stage,Denmark,1,16,33,France,4445,Jules Koundé,5477,Ousmane Dembélé,Incomplete,11.868024,65.3,72.2,76.4,76.4
3857266,2022-11-26,Group Stage,Denmark,1,16,37,France,5485,Raphaël Varane,,,Incomplete,26.103065,59.3,71.1,85.4,71.5
3857266,2022-11-26,Group Stage,Denmark,1,17,43,France,3026,Adrien Rabiot,10481,Aurélien Djani Tchouaméni,Complete,3.482815,50.4,25.6,52.6,28.3
3857266,2022-11-26,Group Stage,Denmark,1,17,44,France,10481,Aurélien Djani Tchouaméni,5487,Antoine Griezmann,Complete,3.5510561,52.6,28.3,50.7,31.3
3857266,2022-11-26,Group Stage,Denmark,1,17,45,France,5487,Antoine Griezmann,5485,Raphaël Varane,Complete,14.516887,50.7,31.3,36.4,33.8
3857266,2022-11-26,Group Stage,Denmark,1,17,47,France,5485,Raphaël Varane,4445,Jules Koundé,Complete,12.298374,35.3,35.7,37.5,47.8
3857266,2022-11-26,Group Stage,Denmark,1,17,49,France,4445,Jules Koundé,5485,Raphaël Varane,Complete,12.212289,37.5,47.8,34.0,36.1
3857266,2022-11-26,Group Stage,Denmark,1,17,51,France,5485,Raphaël Varane,6704,Theo Bernard François Hernández,Complete,34.50058,34.0,36.1,45.0,3.4
3857266,2022-11-26,Group Stage,Denmark,1,17,54,France,6704,Theo Bernard François Hernández,3009,Kylian Mbappé Lottin,Complete,14.32236,47.0,3.7,61.3,4.5
3857266,2022-11-26,Group Stage,Denmark,1,17,55,France,3009,Kylian Mbappé Lottin,6704,Theo Bernard François Hernández,Complete,4.909175,61.3,4.5,61.6,9.4
3857266,2022-11-26,Group Stage,Denmark,1,18,56,France,5485,Raphaël Varane,5487,Antoine Griezmann,Complete,1.56205,12.8,51.5,11.8,50.3
3857266,2022-11-26,Group Stage,Denmark,1,19,0,France,5487,Antoine Griezmann,3009,Kylian Mbappé Lottin,Unknown,34.171333,48.5,56.1,79.3,41.3
3857266,2022-11-26,Group Stage,Denmark,1,20,13,France,5487,Antoine Griezmann,5477,Ousmane Dembélé,Complete,38.974094,81.2,44.5,106.9,73.8
3857266,2022-11-26,Group Stage,Denmark,1,20,17,France,5477,Ousmane Dembélé,3026,Adrien Rabiot,Complete,29.516945,103.4,73.3,108.9,44.3
3857266,2022-11-26,Group Stage,Denmark,1,20,33,France,8519,Dayotchanculle Upamecano,10481,Aurélien Djani Tchouaméni,Complete,14.440222,42.4,9.1,54.8,16.5
3857266,2022-11-26,Group Stage,Denmark,1,20,36,France,10481,Aurélien Djani Tchouaméni,6704,Theo Bernard François Hernández,Complete,7.2449985,66.6,10.2,69.1,3.4
3857266,2022-11-26,Group Stage,Denmark,1,20,38,France,6704,Theo Bernard François Hernández,3009,Kylian Mbappé Lottin,Complete,12.269067,69.1,3.4,81.3,2.1
3857266,2022-11-26,Group Stage,Denmark,1,20,41,France,3009,Kylian Mbappé Lottin,6704,Theo Bernard François Hernández,Complete,10.1493845,82.7,1.1,72.6,2.1
3857266,2022-11-26,Group Stage,Denmark,1,20,43,France,6704,Theo Bernard François Hernández,10481,Aurélien Djani Tchouaméni,Complete,4.248529,72.6,2.1,70.7,5.9
3857266,2022-11-26,Group Stage,Denmark,1,20,46,France,10481,Aurélien Djani Tchouaméni,5485,Raphaël Varane,Complete,19.394072,67.7,25.6,60.0,43.4
3857266,2022-11-26,Group Stage,Denmark,1,20,52,France,5485,Raphaël Varane,8519,Dayotchanculle Upamecano,Complete,20.744638,68.8,49.7,62.3,30.0
3857266,2022-11-26,Group Stage,Denmark,1,20,54,France,8519,Dayotchanculle Upamecano,6704,Theo Bernard François Hernández,Complete,26.054174,62.4,26.2,72.3,2.1
3857266,2022-11-26,Group Stage,Denmark,1,20,58,France,6704,Theo Bernard François Hernández,8519,Dayotchanculle Upamecano,Complete,17.83704,59.7,2.6,44.3,11.6
3857266,2022-11-26,Group Stage,Denmark,1,21,9,France,8519,Dayotchanculle Upamecano,10481,Aurélien Djani Tchouaméni,Complete,6.2008066,46.1,16.2,51.0,12.4
3857266,2022-11-26,Group Stage,Denmark,1,21,11,France,10481,Aurélien Djani Tchouaméni,6704,Theo Bernard François Hernández,Complete,21.676023,53.4,9.1,73.7,1.5
3857266,2022-11-26,Group Stage,Denmark,1,21,13,France,6704,Theo Bernard François Hernández,10481,Aurélien Djani Tchouaméni,Incomplete,10.304368,72.3,3.7,62.0,4.0
3857266,2022-11-26,Group Stage,Denmark,1,21,17,France,10481,Aurélien Djani Tchouaméni,6704,Theo Bernard François Hernández,Complete,6.293648,62.3,4.8,68.3,6.7
3857266,2022-11-26,Group Stage,Denmark,1,21,18,France,6704,Theo Bernard François Hernández,3009,Kylian Mbappé Lottin,Complete,9.7046385,70.2,8.6,74.5,17.3
3857266,2022-11-26,Group Stage,Denmark,1,21,21,France,3009,Kylian Mbappé Lottin,5477,Ousmane Dembélé,Incomplete,37.94733,77.0,23.7,98.6,54.9
3857266,2022-11-26,Group Stage,Denmark,1,23,45,France,10481,Aurélien Djani Tchouaméni,3026,Adrien Rabiot,Complete,13.346161,51.0,26.2,46.6,38.8
3857266,2022-11-26,Group Stage,Denmark,1,23,49,France,3026,Adrien Rabiot,8519,Dayotchanculle Upamecano,Complete,13.092364,54.8,11.6,47.7,22.6
3857266,2022-11-26,Group Stage,Denmark,1,23,52,France,8519,Dayotchanculle Upamecano,4445,Jules Koundé,Complete,44.70011,46.9,22.9,54.2,67.0
3857266,2022-11-26,Group Stage,Denmark,1,23,57,France,4445,Jules Koundé,10481,Aurélien Djani Tchouaméni,Complete,18.952572,60.8,72.6,63.2,53.8
3857266,2022-11-26,Group Stage,Denmark,1,24,0,France,10481,Aurélien Djani Tchouaméni,4445,Jules Koundé,Complete,17.836199,63.1,55.7,49.3,67.0
3857266,2022-11-26,Group Stage,Denmark,1,24,3,France,4445,Jules Koundé,3099,Hugo Lloris,Complete,36.12603,41.3,62.1,12.8,39.9
3857266,2022-11-26,Group Stage,Denmark,1,24,7,France,3099,Hugo Lloris,,,Incomplete,74.03816,12.0,36.1,85.4,26.4
3857266,2022-11-26,Group Stage,Denmark,1,25,28,France,3099,Hugo Lloris,8519,Dayotchanculle Upamecano,Complete,14.86775,6.0,36.0,9.7,21.6
3857266,2022-11-26,Group Stage,Denmark,1,25,32,France,8519,Dayotchanculle Upamecano,6704,Theo Bernard François Hernández,Complete,22.572992,19.1,17.6,36.4,3.1
3857266,2022-11-26,Group Stage,Denmark,1,25,37,France,6704,Theo Bernard François Hernández,3026,Adrien Rabiot,Complete,20.460693,28.6,8.5,12.8,21.5
3857266,2022-11-26,Group Stage,Denmark,1,25,40,France,3026,Adrien Rabiot,3099,Hugo Lloris,Complete,18.287973,7.9,26.7,3.3,44.4
3857266,2022-11-26,Group Stage,Denmark,1,25,42,France,3099,Hugo Lloris,4445,Jules Koundé,Complete,21.954498,1.8,50.5,12.8,69.5
3857266,2022-11-26,Group Stage,Denmark,1,25,44,France,4445,Jules Koundé,5477,Ousmane Dembélé,Incomplete,24.734186,11.9,70.4,35.2,62.1
3857266,2022-11-26,Group Stage,Denmark,1,26,52,France,4445,Jules Koundé,5487,Antoine Griezmann,Incomplete,16.573774,8.6,72.0,24.9,75.0
3857266,2022-11-26,Group Stage,Denmark,1,27,14,France,6704,Theo Bernard François Hernández,3009,Kylian Mbappé Lottin,Out,17.95355,14.1,17.4,18.9,0.1
3857266,2022-11-26,Group Stage,Denmark,1,28,17,France,3099,Hugo Lloris,3604,Olivier Giroud,Incomplete,71.135155,6.0,44.0,71.0,72.9
3857266,2022-11-26,Group Stage,Denmark,1,28,23,France,10481,Aurélien Djani Tchouaméni,8519,Dayotchanculle Upamecano,Complete,18.40489,58.4,50.5,40.9,44.8
3857266,2022-11-26,Group Stage,Denmark,1,28,26,France,8519,Dayotchanculle Upamecano,3009,Kylian Mbappé Lottin,Incomplete,54.238457,42.2,46.7,95.6,37.2
3857266,2022-11-26,Group Stage,Denmark,1,28,49,France,8519,Dayotchanculle Upamecano,,,Out,12.25765,1.8,12.8,4.3,0.8
3857266,2022-11-26,Group Stage,Denmark,1,29,35,France,3099,Hugo Lloris,3604,Olivier Giroud,Complete,62.143784,6.0,44.0,65.2,62.9
3857266,2022-11-26,Group Stage,Denmark,1,29,39,France,3604,Olivier Giroud,5487,Antoine Griezmann,Complete,16.307667,63.3,62.9,63.8,46.6
3857266,2022-11-26,Group Stage,Denmark,1,29,40,France,5487,Antoine Griezmann,3009,Kylian Mbappé Lottin,Complete,42.30981,68.6,45.4,88.0,7.8
3857266,2022-11-26,Group Stage,Denmark,1,29,50,France,3009,Kylian Mbappé Lottin,4445,Jules Koundé,Complete,34.6273,117.6,22.4,106.8,55.3
3857266,2022-11-26,Group Stage,Denmark,1,30,40,France,10481,Aurélien Djani Tchouaméni,3604,Olivier Giroud,Complete,10.890363,40.0,38.6,47.8,46.2
3857266,2022-11-26,Group Stage,Denmark,1,30,42,France,3604,Olivier Giroud,5477,Ousmane Dembélé,Out,26.52395,55.1,55.5,65.5,79.9
3857266,2022-11-26,Group Stage,Denmark,1,32,2,France,3099,Hugo Lloris,3604,Olivier Giroud,Complete,62.43236,6.0,36.0,63.8,59.6
3857266,2022-11-26,Group Stage,Denmark,1,32,5,France,3604,Olivier Giroud,5477,Ousmane Dembélé,Complete,20.611889,63.7,59.6,77.4,75.0
3857266,2022-11-26,Group Stage,Denmark,1,32,12,France,4445,Jules Koundé,5485,Raphaël Varane,Complete,30.424332,65.4,80.0,36.4,70.8
3857266,2022-11-26,Group Stage,Denmark,1,32,16,France,5485,Raphaël Varane,8519,Dayotchanculle Upamecano,Complete,16.876019,37.1,59.5,38.7,42.7
3857266,2022-11-26,Group Stage,Denmark,1,32,20,France,8519,Dayotchanculle Upamecano,6704,Theo Bernard François Hernández,Complete,19.474342,43.8,18.9,56.8,4.4
3857266,2022-11-26,Group Stage,Denmark,1,32,23,France,6704,Theo Bernard François Hernández,8519,Dayotchanculle Upamecano,Complete,15.55892,56.5,3.7,41.7,8.5
3857266,2022-11-26,Group Stage,Denmark,1,32,26,France,8519,Dayotchanculle Upamecano,5487,Antoine Griezmann,Complete,23.28798,43.9,14.5,66.6,19.7
3857266,2022-11-26,Group Stage,Denmark,1,32,29,France,5487,Antoine Griezmann,3009,Kylian Mbappé Lottin,Complete,9.159148,68.1,14.5,77.1,16.2
3857266,2022-11-26,Group Stage,Denmark,1,32,33,France,3009,Kylian Mbappé Lottin,5487,Antoine Griezmann,Incomplete,5.0774007,87.8,6.0,83.5,3.3
3857266,2022-11-26,Group Stage,Denmark,1,32,45,France,5487,Antoine Griezmann,3604,Olivier Giroud,Complete,8.091971,86.9,15.5,93.1,20.7
3857266,2022-11-26,Group Stage,Denmark,1,32,46,France,3604,Olivier Giroud,5487,Antoine Griezmann,Complete,11.933985,92.7,20.7,104.6,19.8
3857266,2022-11-26,Group Stage,Denmark,1,32,51,France,5477,Ousmane Dembélé,10481,Aurélien Djani Tchouaméni,Complete,10.866922,102.5,49.6,99.7,39.1
3857266,2022-11-26,Group Stage,Denmark,1,32,54,France,10481,Aurélien Djani Tchouaméni,5477,Ousmane Dembélé,Complete,6.2201285,102.6,47.5,107.6,51.2
3857266,2022-11-26,Group Stage,Denmark,1,33,2,France,5477,Ousmane Dembélé,10481,Aurélien Djani Tchouaméni,Complete,17.935997,112.9,73.3,97.0,65.0
3857266,2022-11-26,Group Stage,Denmark,1,33,4,France,10481,Aurélien Djani Tchouaméni,4445,Jules Koundé,Complete,11.943618,96.4,64.6,94.0,76.3
3857266,2022-11-26,Group Stage,Denmark,1,33,5,France,4445,Jules Koundé,10481,Aurélien Djani Tchouaméni,Complete,10.833744,94.3,76.2,89.9,66.3
3857266,2022-11-26,Group Stage,Denmark,1,33,9,France,10481,Aurélien Djani Tchouaméni,5485,Raphaël Varane,Complete,12.453513,87.2,67.6,75.0,65.1
3857266,2022-11-26,Group Stage,Denmark,1,33,10,France,5485,Raphaël Varane,8519,Dayotchanculle Upamecano,Complete,24.31296,76.4,64.7,69.8,41.3
3857266,2022-11-26,Group Stage,Denmark,1,33,15,France,8519,Dayotchanculle Upamecano,5477,Ousmane Dembélé,Complete,28.244999,74.6,34.6,84.9,60.9
3857266,2022-11-26,Group Stage,Denmark,1,33,20,France,4445,Jules Koundé,5477,Ousmane Dembélé,Complete,6.6407833,92.6,76.2,94.7,69.9
3857266,2022-11-26,Group Stage,Denmark,1,33,22,France,5477,Ousmane Dembélé,4445,Jules Koundé,Complete,18.967604,94.8,69.9,113.7,71.5
3857266,2022-11-26,Group Stage,Denmark,1,33,25,France,4445,Jules Koundé,3009,Kylian Mbappé Lottin,Incomplete,33.601337,113.4,71.6,113.7,38.0
3857266,2022-11-26,Group Stage,Denmark,1,33,31,France,8519,Dayotchanculle Upamecano,6704,Theo Bernard François Hernández,Complete,18.592472,73.3,30.1,89.1,20.3
3857266,2022-11-26,Group Stage,Denmark,1,33,32,France,6704,Theo Bernard François Hernández,3009,Kylian Mbappé Lottin,Incomplete,13.495184,89.1,20.3,102.5,21.9
3857266,2022-11-26,Group Stage,Denmark,1,33,46,France,6704,Theo Bernard François Hernández,10481,Aurélien Djani Tchouaméni,Complete,8.668333,78.5,0.1,80.2,8.6
3857266,2022-11-26,Group Stage,Denmark,1,33,47,France,10481,Aurélien Djani Tchouaméni,6704,Theo Bernard François Hernández,Complete,7.454529,80.2,9.4,79.3,2.0
3857266,2022-11-26,Group Stage,Denmark,1,33,49,France,6704,Theo Bernard François Hernández,8519,Dayotchanculle Upamecano,Complete,14.762791,79.7,3.1,68.4,12.6
3857266,2022-11-26,Group Stage,Denmark,1,33,52,France,8519,Dayotchanculle Upamecano,5487,Antoine Griezmann,Complete,21.51488,65.8,18.1,71.3,38.9
3857266,2022-11-26,Group Stage,Denmark,1,33,55,France,5487,Antoine Griezmann,3026,Adrien Rabiot,Complete,12.124768,67.5,25.5,77.4,18.5
3857266,2022-11-26,Group Stage,Denmark,1,33,56,France,3026,Adrien Rabiot,5487,Antoine Griezmann,Complete,4.9979997,77.1,18.5,72.4,16.8
3857266,2022-11-26,Group Stage,Denmark,1,33,57,France,5487,Antoine Griezmann,6704,Theo Bernard François Hernández,Complete,16.62077,72.4,16.8,83.9,4.8
3857266,2022-11-26,Group Stage,Denmark,1,33,59,France,6704,Theo Bernard François Hernández,5487,Antoine Griezmann,Complete,9.2612095,85.8,4.8,77.4,8.7
3857266,2022-11-26,Group Stage,Denmark,1,34,0,France,5487,Antoine Griezmann,3604,Olivier Giroud,Incomplete,31.712774,77.4,8.7,95.7,34.6
3857266,2022-11-26,Group Stage,Denmark,1,34,54,France,5487,Antoine Griezmann,3604,Olivier Giroud,Incomplete,26.07144,84.8,30.6,106.4,45.2
3857266,2022-11-26,Group Stage,Denmark,1,34,59,France,10481,Aurélien Djani Tchouaméni,4445,Jules Koundé,Complete,15.339492,88.7,52.2,80.4,65.1
3857266,2022-11-26,Group Stage,Denmark,1,35,1,France,4445,Jules Koundé,10481,Aurélien Djani Tchouaméni,Complete,8.683317,81.0,67.6,76.8,60.0
3857266,2022-11-26,Group Stage,Denmark,1,35,3,France,10481,Aurélien Djani Tchouaméni,5487,Antoine Griezmann,Complete,20.728,78.5,56.8,72.7,36.9
3857266,2022-11-26,Group Stage,Denmark,1,35,6,France,5487,Antoine Griezmann,3009,Kylian Mbappé Lottin,Complete,17.85189,76.4,30.5,92.6,23.0
3857266,2022-11-26,Group Stage,Denmark,1,35,56,France,3099,Hugo Lloris,3604,Olivier Giroud,Incomplete,62.2213,6.0,36.0,65.5,54.2
3857266,2022-11-26,Group Stage,Denmark,1,36,0,France,5487,Antoine Griezmann,3026,Adrien Rabiot,Complete,4.3737855,65.0,50.5,60.7,51.3
3857266,2022-11-26,Group Stage,Denmark,1,36,1,France,3026,Adrien Rabiot,6704,Theo Bernard François Hernández,Complete,19.957205,53.8,52.1,51.3,32.3
3857266,2022-11-26,Group Stage,Denmark,1,36,5,France,6704,Theo Bernard François Hernández,3009,Kylian Mbappé Lottin,Complete,10.7912,61.6,12.4,71.0,7.1
3857266,2022-11-26,Group Stage,Denmark,1,36,9,France,3009,Kylian Mbappé Lottin,6704,Theo Bernard François Hernández,Complete,11.035398,82.7,6.0,93.4,3.3
3857266,2022-11-26,Group Stage,Denmark,1,36,11,France,6704,Theo Bernard François Hernández,3009,Kylian Mbappé Lottin,Complete,11.315918,101.4,4.2,90.1,4.8
3857266,2022-11-26,Group Stage,Denmark,1,36,13,France,3009,Kylian Mbappé Lottin,10481,Aurélien Djani Tchouaméni,Complete,12.137957,90.1,4.8,82.3,14.1
3857266,2022-11-26,Group Stage,Denmark,1,36,17,France,10481,Aurélien Djani Tchouaméni,3604,Olivier Giroud,Complete,20.856894,83.1,18.0,90.5,37.5
3857266,2022-11-26,Group Stage,Denmark,1,36,18,France,3604,Olivier Giroud,5485,Raphaël Varane,Complete,18.35756,93.0,39.7,76.2,47.1
3857266,2022-11-26,Group Stage,Denmark,1,36,19,France,5485,Raphaël Varane,4445,Jules Koundé,Complete,12.067311,77.0,50.5,83.9,60.4
3857266,2022-11-26,Group Stage,Denmark,1,36,21,France,4445,Jules Koundé,5477,Ousmane Dembélé,Complete,16.446884,84.4,63.0,93.5,76.7
3857266,2022-11-26,Group Stage,Denmark,1,36,29,France,5477,Ousmane Dembélé,3009,Kylian Mbappé Lottin,Complete,49.96499,94.7,64.2,110.8,16.9
3857266,2022-11-26,Group Stage,Denmark,1,36,32,France,3009,Kylian Mbappé Lottin,3604,Olivier Giroud,Complete,27.189152,110.8,18.1,108.6,45.2
3857266,2022-11-26,Group Stage,Denmark,1,37,29,France,5477,Ousmane Dembélé,3604,Olivier Giroud,Incomplete,38.22787,1.8,76.3,36.7,60.7
3857266,2022-11-26,Group Stage,Denmark,1,38,8,France,4445,Jules Koundé,3604,Olivier Giroud,Incomplete,20.646065,6.8,80.0,26.7,74.5
3857266,2022-11-26,Group Stage,Denmark,1,38,23,France,4445,Jules Koundé,3604,Olivier Giroud,Complete,6.661081,23.2,80.0,27.1,74.6
3857266,2022-11-26,Group Stage,Denmark,1,38,24,France,3604,Olivier Giroud,4445,Jules Koundé,Complete,6.040695,27.1,73.6,21.4,75.6
3857266,2022-11-26,Group Stage,Denmark,1,38,24,France,4445,Jules Koundé,5477,Ousmane Dembélé,Incomplete,29.456747,21.4,75.6,50.3,69.9
3857266,2022-11-26,Group Stage,Denmark,1,38,33,France,5487,Antoine Griezmann,6704,Theo Bernard François Hernández,Complete,31.16697,30.5,35.9,51.2,12.6
3857266,2022-11-26,Group Stage,Denmark,1,38,52,France,5487,Antoine Griezmann,3604,Olivier Giroud,Complete,50.092415,82.8,5.4,104.6,50.5
3857266,2022-11-26,Group Stage,Denmark,1,39,18,France,5485,Raphaël Varane,10481,Aurélien Djani Tchouaméni,Complete,9.044335,62.0,67.8,70.6,65.0
3857266,2022-11-26,Group Stage,Denmark,1,39,27,France,8519,Dayotchanculle Upamecano,5477,Ousmane Dembélé,Complete,54.63305,54.7,63.8,109.3,65.7
3857266,2022-11-26,Group Stage,Denmark,1,39,32,France,5477,Ousmane Dembélé,3009,Kylian Mbappé Lottin,Complete,19.610456,115.6,60.9,106.0,43.8
3857266,2022-11-26,Group Stage,Denmark,1,40,13,France,8519,Dayotchanculle Upamecano,,,Unknown,16.772001,4.5,23.2,20.6,18.5
3857266,2022-11-26,Group Stage,Denmark,1,40,56,France,3099,Hugo Lloris,3604,Olivier Giroud,Complete,59.033295,11.6,25.3,66.3,47.5
3857266,2022-11-26,Group Stage,Denmark,1,41,0,France,3604,Olivier Giroud,3009,Kylian Mbappé Lottin,Incomplete,27.973202,66.3,47.5,72.4,20.2
3857266,2022-11-26,Group Stage,Denmark,1,41,50,France,8519,Dayotchanculle Upamecano,5487,Antoine Griezmann,Complete,13.822083,23.6,23.6,31.7,34.8
3857266,2022-11-26,Group Stage,Denmark,1,41,57,France,5487,Antoine Griezmann,10481,Aurélien Djani Tchouaméni,Complete,12.76127,53.0,36.5,42.9,44.3
3857266,2022-11-26,Group Stage,Denmark,1,42,0,France,10481,Aurélien Djani Tchouaméni,4445,Jules Koundé,Complete,23.119257,43.0,48.7,55.1,68.4
3857266,2022-11-26,Group Stage,Denmark,1,42,4,France,4445,Jules Koundé,5477,Ousmane Dembélé,Complete,4.1303754,77.4,72.5,77.9,76.6
3857266,2022-11-26,Group Stage,Denmark,1,42,4,France,5477,Ousmane Dembélé,4445,Jules Koundé,Incomplete,12.425779,78.5,76.6,88.9,69.8
3857266,2022-11-26,Group Stage,Denmark,1,44,27,France,4445,Jules Koundé,3604,Olivier Giroud,Incomplete,28.503508,30.6,80.0,51.2,60.3
3857266,2022-11-26,Group Stage,Denmark,1,45,17,France,3099,Hugo Lloris,3604,Olivier Giroud,Incomplete,63.647938,6.0,44.0,66.9,62.5
3857266,2022-11-26,Group Stage,Denmark,1,45,26,France,10481,Aurélien Djani Tchouaméni,5485,Raphaël Varane,Complete,10.463747,50.0,62.4,41.8,55.9
3857266,2022-11-26,Group Stage,Denmark,1,45,29,France,5485,Raphaël Varane,5487,Antoine Griezmann,Complete,6.846897,45.6,52.2,52.4,51.4
3857266,2022-11-26,Group Stage,Denmark,1,45,30,France,5487,Antoine Griezmann,6704,Theo Bernard François Hernández,Complete,28.681004,53.3,51.2,45.5,23.6
3857266,2022-11-26,Group Stage,Denmark,1,45,36,France,6704,Theo Bernard François Hernández,3009,Kylian Mbappé Lottin,Complete,14.420125,83.6,16.9,92.3,5.4
3857266,2022-11-26,Group Stage,Denmark,1,45,40,France,3009,Kylian Mbappé Lottin,10481,Aurélien Djani Tchouaméni,Complete,12.744019,97.8,8.2,85.7,12.2
3857266,2022-11-26,Group Stage,Denmark,1,45,41,France,10481,Aurélien Djani Tchouaméni,3026,Adrien Rabiot,Complete,12.45793,84.0,13.3,82.8,25.7
3857266,2022-11-26,Group Stage,Denmark,1,45,44,France,3026,Adrien Rabiot,5487,Antoine Griezmann,Complete,6.9123077,82.4,27.1,89.1,28.8
3857266,2022-11-26,Group Stage,Denmark,1,45,45,France,5487,Antoine Griezmann,3026,Adrien Rabiot,Complete,8.8729925,89.3,28.8,83.6,22.0
3857266,2022-11-26,Group Stage,Denmark,1,45,47,France,3026,Adrien Rabiot,3009,Kylian Mbappé Lottin,Complete,19.082977,83.6,17.7,99.6,7.3
3857266,2022-11-26,Group Stage,Denmark,1,45,50,France,3009,Kylian Mbappé Lottin,3604,Olivier Giroud,Out,49.84536,103.4,6.9,120.0,53.9
3857266,2022-11-26,Group Stage,Denmark,1,46,34,France,3026,Adrien Rabiot,4445,Jules Koundé,Incomplete,11.253888,40.9,42.6,45.2,53.0
3857266,2022-11-26,Group Stage,Denmark,1,47,5,France,4445,Jules Koundé,5487,Antoine Griezmann,Complete,10.647065,22.3,80.0,31.7,75.0
3857266,2022-11-26,Group Stage,Denmark,1,47,6,France,5487,Antoine Griezmann,6704,Theo Bernard François Hernández,Complete,40.754143,33.9,75.8,42.2,35.9
3857266,2022-11-26,Group Stage,Denmark,1,47,16,France,3026,Adrien Rabiot,5487,Antoine Griezmann,Complete,14.803378,32.3,47.0,45.6,53.5
3857266,2022-11-26,Group Stage,Denmark,1,47,17,France,5487,Antoine Griezmann,6704,Theo Bernard François Hernández,Complete,33.107403,45.5,53.9,49.2,21.0
3857266,2022-11-26,Group Stage,Denmark,1,47,20,France,6704,Theo Bernard François Hernández,3009,Kylian Mbappé Lottin,Complete,22.571886,65.0,14.7,85.7,5.7
3857266,2022-11-26,Group Stage,Denmark,1,47,59,France,5485,Raphaël Varane,5487,Antoine Griezmann,Complete,19.739553,51.2,63.3,68.1,53.1
3857266,2022-11-26,Group Stage,Denmark,1,48,0,France,5487,Antoine Griezmann,,,Unknown,28.221445,68.8,52.1,56.5,26.7
3857266,2022-11-26,Group Stage,Denmark,2,45,0,France,3604,Olivier Giroud,10481,Aurélien Djani Tchouaméni,Complete,18.850994,61.0,40.1,43.0,45.7
3857266,2022-11-26,Group Stage,Denmark,2,45,3,France,10481,Aurélien Djani Tchouaméni,4445,Jules Koundé,Complete,12.903488,42.4,47.0,42.7,59.9
3857266,2022-11-26,Group Stage,Denmark,2,45,4,France,4445,Jules Koundé,5485,Raphaël Varane,Complete,11.360018,42.7,59.9,31.8,56.7
3857266,2022-11-26,Group Stage,Denmark,2,45,9,France,5485,Raphaël Varane,4445,Jules Koundé,Complete,13.0311165,30.0,57.0,29.1,70.0
3857266,2022-11-26,Group Stage,Denmark,2,45,11,France,4445,Jules Koundé,3099,Hugo Lloris,Complete,29.841248,29.1,70.0,7.8,49.1
3857266,2022-11-26,Group Stage,Denmark,2,45,15,France,3099,Hugo Lloris,6704,Theo Bernard François Hernández,Complete,44.323357,5.6,41.4,30.6,4.8
3857266,2022-11-26,Group Stage,Denmark,2,45,32,France,6704,Theo Bernard François Hernández,8519,Dayotchanculle Upamecano,Complete,8.558621,26.7,5.2,19.3,9.5
3857266,2022-11-26,Group Stage,Denmark,2,45,34,France,8519,Dayotchanculle Upamecano,5485,Raphaël Varane,Complete,31.99031,16.1,11.6,20.4,43.3
3857266,2022-11-26,Group Stage,Denmark,2,45,43,France,5485,Raphaël Varane,5487,Antoine Griezmann,Incomplete,16.344112,40.4,56.2,56.7,57.4
3857266,2022-11-26,Group Stage,Denmark,2,45,46,France,5485,Raphaël Varane,4445,Jules Koundé,Complete,7.366139,32.1,62.6,37.0,68.1
3857266,2022-11-26,Group Stage,Denmark,2,45,49,France,4445,Jules Koundé,5477,Ousmane Dembélé,Complete,32.24438,34.8,73.4,66.7,78.1
3857266,2022-11-26,Group Stage,Denmark,2,45,58,France,5477,Ousmane Dembélé,3009,Kylian Mbappé Lottin,Complete,10.547511,93.5,32.0,99.0,23.0
3857266,2022-11-26,Group Stage,Denmark,2,46,0,France,3009,Kylian Mbappé Lottin,3026,Adrien Rabiot,Complete,13.054502,99.2,23.4,111.3,28.3
3857266,2022-11-26,Group Stage,Denmark,2,46,20,France,3026,Adrien Rabiot,8519,Dayotchanculle Upamecano,Complete,25.69708,87.4,0.1,62.1,4.6
3857266,2022-11-26,Group Stage,Denmark,2,46,23,France,8519,Dayotchanculle Upamecano,5485,Raphaël Varane,Complete,23.985205,55.7,8.7,50.9,32.2
3857266,2022-11-26,Group Stage,Denmark,2,46,27,France,5485,Raphaël Varane,4445,Jules Koundé,Complete,21.858637,49.7,41.6,51.3,63.4
3857266,2022-11-26,Group Stage,Denmark,2,46,29,France,4445,Jules Koundé,5485,Raphaël Varane,Complete,8.041144,52.0,63.0,44.5,60.1
3857266,2022-11-26,Group Stage,Denmark,2,46,33,France,5485,Raphaël Varane,3099,Hugo Lloris,Complete,29.771296,41.0,64.0,16.7,46.8
3857266,2022-11-26,Group Stage,Denmark,2,46,37,France,3099,Hugo Lloris,3009,Kylian Mbappé Lottin,Incomplete,61.751842,15.0,43.5,72.7,21.5
3857266,2022-11-26,Group Stage,Denmark,2,46,42,France,6704,Theo Bernard François Hernández,5487,Antoine Griezmann,Complete,23.815962,47.0,15.5,58.6,36.3
3857266,2022-11-26,Group Stage,Denmark,2,46,58,France,5487,Antoine Griezmann,3009,Kylian Mbappé Lottin,Complete,13.148765,67.9,33.8,79.6,27.8
3857266,2022-11-26,Group Stage,Denmark,2,46,59,France,3009,Kylian Mbappé Lottin,6704,Theo Bernard François Hernández,Complete,17.039072,79.6,27.8,71.9,12.6
3857266,2022-11-26,Group Stage,Denmark,2,47,3,France,6704,Theo Bernard François Hernández,3009,Kylian Mbappé Lottin,Incomplete,2.9614186,81.4,2.5,80.8,5.4
3857266,2022-11-26,Group Stage,Denmark,2,47,12,France,6704,Theo Bernard François Hernández,8519,Dayotchanculle Upamecano,Complete,21.784628,70.2,0.1,50.1,8.5
3857266,2022-11-26,Group Stage,Denmark,2,47,15,France,8519,Dayotchanculle Upamecano,10481,Aurélien Djani Tchouaméni,Complete,28.40845,52.8,12.0,57.6,40.0
3857266,2022-11-26,Group Stage,Denmark,2,47,18,France,10481,Aurélien Djani Tchouaméni,5477,Ousmane Dembélé,Complete,33.94363,63.2,46.0,78.3,76.4
3857266,2022-11-26,Group Stage,Denmark,2,47,26,France,5477,Ousmane Dembélé,3026,Adrien Rabiot,Complete,12.314626,89.9,62.4,83.0,52.2
3857266,2022-11-26,Group Stage,Denmark,2,47,34,France,6704,Theo Bernard François Hernández,3099,Hugo Lloris,Complete,28.762823,31.9,16.8,7.8,32.5
3857266,2022-11-26,Group Stage,Denmark,2,47,37,France,3099,Hugo Lloris,,,Incomplete,51.153297,10.1,32.7,59.6,19.8
3857266,2022-11-26,Group Stage,Denmark,2,48,32,France,3099,Hugo Lloris,3604,Olivier Giroud,Out,87.5948,7.0,36.1,82.8,80.0
3857266,2022-11-26,Group Stage,Denmark,2,48,55,France,4445,Jules Koundé,5487,Antoine Griezmann,Incomplete,4.4,63.4,77.2,67.8,77.2
3857266,2022-11-26,Group Stage,Denmark,2,49,22,France,3026,Adrien Rabiot,5487,Antoine Griezmann,Complete,16.003124,12.5,22.5,23.2,34.4
3857266,2022-11-26,Group Stage,Denmark,2,49,24,France,5487,Antoine Griezmann,3009,Kylian Mbappé Lottin,Complete,43.66062,26.1,34.8,59.6,6.8
3857266,2022-11-26,Group Stage,Denmark,2,49,36,France,3009,Kylian Mbappé Lottin,5477,Ousmane Dembélé,Complete,15.82024,110.2,20.1,109.4,35.9
3857266,2022-11-26,Group Stage,Denmark,2,49,38,France,5477,Ousmane Dembélé,3009,Kylian Mbappé Lottin,Incomplete,7.441102,111.3,30.7,116.2,36.3
3857266,2022-11-26,Group Stage,Denmark,2,51,27,France,3099,Hugo Lloris,8519,Dayotchanculle Upamecano,Complete,10.378824,14.7,36.1,19.1,26.7
3857266,2022-11-26,Group Stage,Denmark,2,51,29,France,8519,Dayotchanculle Upamecano,6704,Theo Bernard François Hernández,Complete,16.90355,20.9,23.8,32.6,11.6
3857266,2022-11-26,Group Stage,Denmark,2,51,33,France,6704,Theo Bernard François Hernández,3009,Kylian Mbappé Lottin,Complete,15.715597,43.7,10.9,59.4,11.6
3857266,2022-11-26,Group Stage,Denmark,2,51,36,France,3009,Kylian Mbappé Lottin,6704,Theo Bernard François Hernández,Complete,11.016352,59.4,11.8,48.4,12.4
3857266,2022-11-26,Group Stage,Denmark,2,51,38,France,6704,Theo Bernard François Hernández,3026,Adrien Rabiot,Complete,12.649506,48.4,12.2,45.9,24.6
3857266,2022-11-26,Group Stage,Denmark,2,51,40,France,3026,Adrien Rabiot,10481,Aurélien Djani Tchouaméni,Complete,28.004463,45.9,24.6,45.4,52.6
3857266,2022-11-26,Group Stage,Denmark,2,51,44,France,10481,Aurélien Djani Tchouaméni,5477,Ousmane Dembélé,Complete,29.155617,47.2,54.9,66.1,77.1
3857266,2022-11-26,Group Stage,Denmark,2,51,53,France,10481,Aurélien Djani Tchouaméni,8519,Dayotchanculle Upamecano,Complete,23.970816,54.3,64.6,49.1,41.2
3857266,2022-11-26,Group Stage,Denmark,2,51,59,France,8519,Dayotchanculle Upamecano,6704,Theo Bernard François Hernández,Complete,21.883783,55.9,30.2,63.0,9.5
3857266,2022-11-26,Group Stage,Denmark,2,52,3,France,6704,Theo Bernard François Hernández,8519,Dayotchanculle Upamecano,Complete,36.136547,61.5,4.8,25.8,10.4
3857266,2022-11-26,Group Stage,Denmark,2,52,9,France,8519,Dayotchanculle Upamecano,3099,Hugo Lloris,Complete,26.88215,14.5,10.7,12.4,37.5
3857266,2022-11-26,Group Stage,Denmark,2,52,17,France,3099,Hugo Lloris,5485,Raphaël Varane,Complete,19.528954,13.4,37.0,27.7,50.3
3857266,2022-11-26,Group Stage,Denmark,2,52,22,France,5485,Raphaël Varane,4445,Jules Koundé,Complete,15.008331,36.0,61.4,36.5,76.4
3857266,2022-11-26,Group Stage,Denmark,2,52,24,France,4445,Jules Koundé,5487,Antoine Griezmann,Pass Offside,45.913177,40.2,75.3,86.1,74.2
3857266,2022-11-26,Group Stage,Denmark,2,53,0,France,4445,Jules Koundé,5477,Ousmane Dembélé,Complete,13.2740345,30.0,75.2,43.2,73.8
3857266,2022-11-26,Group Stage,Denmark,2,53,6,France,5477,Ousmane Dembélé,3009,Kylian Mbappé Lottin,Incomplete,47.223934,52.4,69.8,95.5,50.5
3857266,2022-11-26,Group Stage,Denmark,2,53,12,France,4445,Jules Koundé,5487,Antoine Griezmann,Complete,9.166243,37.4,69.2,46.5,68.1
3857266,2022-11-26,Group Stage,Denmark,2,53,13,France,5487,Antoine Griezmann,6704,Theo Bernard François Hernández,Complete,50.870914,48.2,67.9,40.6,17.6
3857266,2022-11-26,Group Stage,Denmark,2,53,20,France,6704,Theo Bernard François Hernández,8519,Dayotchanculle Upamecano,Complete,11.269872,40.8,17.6,32.3,25.0
3857266,2022-11-26,Group Stage,Denmark,2,53,22,France,8519,Dayotchanculle Upamecano,10481,Aurélien Djani Tchouaméni,Complete,15.03762,32.3,25.0,38.5,38.7
3857266,2022-11-26,Group Stage,Denmark,2,53,24,France,10481,Aurélien Djani Tchouaméni,5487,Antoine Griezmann,Complete,22.071928,41.8,46.2,60.7,57.6
3857266,2022-11-26,Group Stage,Denmark,2,53,26,France,5487,Antoine Griezmann,4445,Jules Koundé,Incomplete,4.7010636,60.7,57.6,57.8,61.3
3857266,2022-11-26,Group Stage,Denmark,2,55,9,France,3099,Hugo Lloris,8519,Dayotchanculle Upamecano,Complete,13.548431,9.5,32.7,16.5,21.1
3857266,2022-11-26,Group Stage,Denmark,2,55,12,France,8519,Dayotchanculle Upamecano,6704,Theo Bernard François Hernández,Complete,21.08388,16.5,21.1,34.3,9.8
3857266,2022-11-26,Group Stage,Denmark,2,55,14,France,6704,Theo Bernard François Hernández,3026,Adrien Rabiot,Complete,13.74409,33.9,9.8,35.0,23.5
3857266,2022-11-26,Group Stage,Denmark,2,55,19,France,3026,Adrien Rabiot,10481,Aurélien Djani Tchouaméni,Complete,18.462124,42.2,23.8,39.1,42.0
3857266,2022-11-26,Group Stage,Denmark,2,55,22,France,10481,Aurélien Djani Tchouaméni,4445,Jules Koundé,Complete,27.225906,43.5,57.6,63.0,76.6
3857266,2022-11-26,Group Stage,Denmark,2,55,25,France,4445,Jules Koundé,3604,Olivier Giroud,Incomplete,23.086792,66.7,79.2,78.9,59.6
3857266,2022-11-26,Group Stage,Denmark,2,55,40,France,5485,Raphaël Varane,3009,Kylian Mbappé Lottin,Incomplete,40.221886,9.9,32.4,48.7,21.8
3857266,2022-11-26,Group Stage,Denmark,2,55,49,France,5487,Antoine Griezmann,3026,Adrien Rabiot,Complete,10.007997,32.9,8.9,32.5,18.9
3857266,2022-11-26,Group Stage,Denmark,2,55,52,France,3026,Adrien Rabiot,3009,Kylian Mbappé Lottin,Complete,14.25798,41.2,20.7,55.2,23.4
3857266,2022-11-26,Group Stage,Denmark,2,56,39,France,5487,Antoine Griezmann,8519,Dayotchanculle Upamecano,Incomplete,33.545193,120.0,0.1,115.2,33.3
3857266,2022-11-26,Group Stage,Denmark,2,57,8,France,6704,Theo Bernard François Hernández,3026,Adrien Rabiot,Complete,19.834566,76.8,0.1,89.3,15.5
3857266,2022-11-26,Group Stage,Denmark,2,57,9,France,3026,Adrien Rabiot,6704,Theo Bernard François Hernández,Complete,13.2981205,89.1,13.5,76.1,10.7
3857266,2022-11-26,Group Stage,Denmark,2,57,13,France,6704,Theo Bernard François Hernández,8519,Dayotchanculle Upamecano,Complete,17.428713,65.9,7.4,48.5,6.4
3857266,2022-11-26,Group Stage,Denmark,2,57,16,France,8519,Dayotchanculle Upamecano,4445,Jules Koundé,Complete,58.587456,45.9,7.4,49.1,65.9
3857266,2022-11-26,Group Stage,Denmark,2,57,22,France,4445,Jules Koundé,10481,Aurélien Djani Tchouaméni,Complete,10.410091,61.7,69.8,56.3,60.9
3857266,2022-11-26,Group Stage,Denmark,2,57,27,France,10481,Aurélien Djani Tchouaméni,8519,Dayotchanculle Upamecano,Complete,15.160475,48.0,45.4,40.2,32.4
3857266,2022-11-26,Group Stage,Denmark,2,57,29,France,8519,Dayotchanculle Upamecano,6704,Theo Bernard François Hernández,Complete,21.587265,39.7,29.0,52.2,11.4
3857266,2022-11-26,Group Stage,Denmark,2,57,31,France,6704,Theo Bernard François Hernández,10481,Aurélien Djani Tchouaméni,Complete,6.8883963,50.3,9.6,48.7,16.3
3857266,2022-11-26,Group Stage,Denmark,2,57,41,France,10481,Aurélien Djani Tchouaméni,5485,Raphaël Varane,Complete,21.100948,49.9,13.3,37.4,30.3
3857266,2022-11-26,Group Stage,Denmark,2,57,44,France,5485,Raphaël Varane,4445,Jules Koundé,Complete,34.762768,37.6,30.0,50.7,62.2
3857266,2022-11-26,Group Stage,Denmark,2,57,47,France,4445,Jules Koundé,5477,Ousmane Dembélé,Complete,20.09975,48.9,65.5,66.1,75.9
3857266,2022-11-26,Group Stage,Denmark,2,57,50,France,5477,Ousmane Dembélé,5487,Antoine Griezmann,Complete,7.839005,66.1,74.2,63.0,67.0
3857266,2022-11-26,Group Stage,Denmark,2,57,51,France,5487,Antoine Griezmann,4445,Jules Koundé,Complete,18.9082,64.0,67.4,46.6,74.8
3857266,2022-11-26,Group Stage,Denmark,2,57,53,France,4445,Jules Koundé,5485,Raphaël Varane,Complete,19.827507,46.5,75.2,40.2,56.4
3857266,2022-11-26,Group Stage,Denmark,2,57,59,France,5485,Raphaël Varane,3604,Olivier Giroud,Complete,19.90402,48.0,50.3,67.9,50.7
3857266,2022-11-26,Group Stage,Denmark,2,58,0,France,3604,Olivier Giroud,10481,Aurélien Djani Tchouaméni,Complete,16.815767,67.9,50.5,60.5,35.4
3857266,2022-11-26,Group Stage,Denmark,2,58,4,France,10481,Aurélien Djani Tchouaméni,3604,Olivier Giroud,Complete,14.693195,66.9,45.8,80.4,51.6
3857266,2022-11-26,Group Stage,Denmark,2,58,11,France,4445,Jules Koundé,8519,Dayotchanculle Upamecano,Complete,25.6,57.2,59.4,57.2,33.8
3857266,2022-11-26,Group Stage,Denmark,2,58,13,France,8519,Dayotchanculle Upamecano,6704,Theo Bernard François Hernández,Complete,32.9997,56.9,34.0,77.6,8.3
3857266,2022-11-26,Group Stage,Denmark,2,58,17,France,6704,Theo Bernard François Hernández,3026,Adrien Rabiot,Complete,13.743726,77.4,9.3,68.9,20.1
3857266,2022-11-26,Group Stage,Denmark,2,58,20,France,3026,Adrien Rabiot,10481,Aurélien Djani Tchouaméni,Complete,21.333776,67.3,17.2,66.1,38.5
3857266,2022-11-26,Group Stage,Denmark,2,58,23,France,10481,Aurélien Djani Tchouaméni,5477,Ousmane Dembélé,Complete,39.080048,66.7,40.2,80.4,76.8
3857266,2022-11-26,Group Stage,Denmark,2,58,32,France,5477,Ousmane Dembélé,3009,Kylian Mbappé Lottin,Complete,16.319313,95.1,61.8,100.5,46.4
3857266,2022-11-26,Group Stage,Denmark,2,58,45,France,8519,Dayotchanculle Upamecano,3026,Adrien Rabiot,Complete,17.362604,57.4,0.1,41.3,6.6
3857266,2022-11-26,Group Stage,Denmark,2,58,48,France,3026,Adrien Rabiot,10481,Aurélien Djani Tchouaméni,Complete,39.411926,41.2,6.8,54.5,43.9
3857266,2022-11-26,Group Stage,Denmark,2,58,49,France,10481,Aurélien Djani Tchouaméni,5485,Raphaël Varane,Complete,10.762899,54.5,43.9,46.5,36.7
3857266,2022-11-26,Group Stage,Denmark,2,58,52,France,5485,Raphaël Varane,3026,Adrien Rabiot,Complete,9.560335,46.5,36.7,54.1,30.9
3857266,2022-11-26,Group Stage,Denmark,2,58,56,France,3026,Adrien Rabiot,10481,Aurélien Djani Tchouaméni,Complete,15.033629,54.1,30.9,56.1,45.8
3857266,2022-11-26,Group Stage,Denmark,2,58,59,France,10481,Aurélien Djani Tchouaméni,5487,Antoine Griezmann,Complete,39.184692,58.2,45.5,97.2,49.3
3857266,2022-11-26,Group Stage,Denmark,2,59,49,France,4445,Jules Koundé,3604,Olivier Giroud,Complete,49.9988,16.1,75.5,60.9,53.3
3857266,2022-11-26,Group Stage,Denmark,2,60,3,France,5487,Antoine Griezmann,,,Incomplete,4.2544093,35.0,70.1,38.9,71.8
3857266,2022-11-26,Group Stage,Denmark,2,60,9,France,10481,Aurélien Djani Tchouaméni,4445,Jules Koundé,Complete,5.162364,19.6,73.1,22.3,77.5
3857266,2022-11-26,Group Stage,Denmark,2,60,9,France,4445,Jules Koundé,,,Incomplete,7.4330344,21.9,77.5,28.9,75.0
3857266,2022-11-26,Group Stage,Denmark,2,60,13,France,10481,Aurélien Djani Tchouaméni,6704,Theo Bernard François Hernández,Complete,48.709034,20.7,58.8,39.1,13.7
3857266,2022-11-26,Group Stage,Denmark,2,60,17,France,6704,Theo Bernard François Hernández,3009,Kylian Mbappé Lottin,Complete,28.6681,57.8,16.8,85.3,8.7
3857266,2022-11-26,Group Stage,Denmark,2,60,22,France,3009,Kylian Mbappé Lottin,6704,Theo Bernard François Hernández,Complete,13.013839,104.4,22.8,117.4,23.4
3857266,2022-11-26,Group Stage,Denmark,2,60,24,France,6704,Theo Bernard François Hernández,3009,Kylian Mbappé Lottin,Complete,10.413933,118.7,23.6,110.9,30.5
3857266,2022-11-26,Group Stage,Denmark,2,62,54,France,4445,Jules Koundé,10481,Aurélien Djani Tchouaméni,Complete,6.7683086,35.2,80.0,33.7,73.4
3857266,2022-11-26,Group Stage,Denmark,2,62,55,France,10481,Aurélien Djani Tchouaméni,4445,Jules Koundé,Complete,5.4451814,34.1,73.1,34.8,78.5
3857266,2022-11-26,Group Stage,Denmark,2,62,57,France,4445,Jules Koundé,,,Incomplete,3.1064448,36.9,78.8,40.0,79.0
3857266,2022-11-26,Group Stage,Denmark,2,63,9,France,4445,Jules Koundé,10481,Aurélien Djani Tchouaméni,Complete,7.981228,43.5,80.0,35.8,77.9
3857266,2022-11-26,Group Stage,Denmark,2,63,10,France,10481,Aurélien Djani Tchouaméni,6704,Theo Bernard François Hernández,Complete,56.11283,35.8,77.9,37.0,21.8
3857266,2022-11-26,Group Stage,Denmark,2,63,15,France,6704,Theo Bernard François Hernández,3009,Kylian Mbappé Lottin,Complete,15.917601,42.0,17.0,56.9,11.4
3857266,2022-11-26,Group Stage,Denmark,2,63,19,France,3009,Kylian Mbappé Lottin,10481,Aurélien Djani Tchouaméni,Complete,19.382982,54.8,25.9,49.7,44.6
3857266,2022-11-26,Group Stage,Denmark,2,63,22,France,10481,Aurélien Djani Tchouaméni,5477,Ousmane Dembélé,Complete,29.283613,50.7,50.7,67.9,74.4
3857266,2022-11-26,Group Stage,Denmark,2,64,16,France,6704,Theo Bernard François Hernández,2972,Marcus Thuram,Complete,28.257742,31.5,0.1,59.0,6.6
3857266,2022-11-26,Group Stage,Denmark,2,64,17,France,2972,Marcus Thuram,3009,Kylian Mbappé Lottin,Complete,7.9,60.5,6.6,60.5,14.5
3857266,2022-11-26,Group Stage,Denmark,2,64,18,France,3009,Kylian Mbappé Lottin,2972,Marcus Thuram,Complete,28.034443,61.5,14.5,87.2,25.7
3857266,2022-11-26,Group Stage,Denmark,2,65,19,France,3099,Hugo Lloris,2972,Marcus Thuram,Incomplete,78.46999,7.0,44.1,84.3,57.6
3857266,2022-11-26,Group Stage,Denmark,2,68,20,France,2972,Marcus Thuram,10481,Aurélien Djani Tchouaméni,Complete,10.530432,61.0,40.1,50.5,40.9
3857266,2022-11-26,Group Stage,Denmark,2,68,22,France,10481,Aurélien Djani Tchouaméni,5477,Ousmane Dembélé,Complete,32.014526,50.9,44.4,62.6,74.2
3857266,2022-11-26,Group Stage,Denmark,2,68,24,France,5477,Ousmane Dembélé,4445,Jules Koundé,Complete,15.825612,62.6,73.6,46.8,72.7
3857266,2022-11-26,Group Stage,Denmark,2,68,26,France,4445,Jules Koundé,5485,Raphaël Varane,Complete,9.904545,43.7,70.5,35.6,64.8
3857266,2022-11-26,Group Stage,Denmark,2,68,28,France,5485,Raphaël Varane,8519,Dayotchanculle Upamecano,Complete,23.6,36.7,62.6,36.7,39.0
3857266,2022-11-26,Group Stage,Denmark,2,68,30,France,8519,Dayotchanculle Upamecano,6704,Theo Bernard François Hernández,Complete,28.074543,36.3,31.9,47.6,6.2
3857266,2022-11-26,Group Stage,Denmark,2,68,33,France,6704,Theo Bernard François Hernández,3009,Kylian Mbappé Lottin,Complete,15.705094,47.8,6.6,63.5,6.2
3857266,2022-11-26,Group Stage,Denmark,2,68,40,France,6704,Theo Bernard François Hernández,3026,Adrien Rabiot,Complete,10.511898,70.0,0.1,61.9,6.8
3857266,2022-11-26,Group Stage,Denmark,2,68,44,France,3026,Adrien Rabiot,10481,Aurélien Djani Tchouaméni,Complete,17.24094,62.6,20.1,52.4,34.0
3857266,2022-11-26,Group Stage,Denmark,2,68,51,France,10481,Aurélien Djani Tchouaméni,4445,Jules Koundé,Complete,17.41838,63.2,52.2,62.4,69.6
3857266,2022-11-26,Group Stage,Denmark,2,68,53,France,4445,Jules Koundé,5477,Ousmane Dembélé,Complete,9.992997,66.5,74.4,76.0,77.5
3857266,2022-11-26,Group Stage,Denmark,2,68,54,France,5477,Ousmane Dembélé,4445,Jules Koundé,Complete,6.606815,75.8,76.9,76.1,70.3
3857266,2022-11-26,Group Stage,Denmark,2,68,56,France,4445,Jules Koundé,5477,Ousmane Dembélé,Complete,15.839823,76.0,71.8,90.7,77.7
3857266,2022-11-26,Group Stage,Denmark,2,69,20,France,4445,Jules Koundé,5485,Raphaël Varane,Complete,30.978218,79.1,80.0,48.9,73.1
3857266,2022-11-26,Group Stage,Denmark,2,69,22,France,5485,Raphaël Varane,3099,Hugo Lloris,Complete,40.320713,47.8,73.1,15.4,49.1
3857266,2022-11-26,Group Stage,Denmark,2,69,28,France,3099,Hugo Lloris,5485,Raphaël Varane,Complete,24.78911,18.4,50.9,36.9,67.4
3857266,2022-11-26,Group Stage,Denmark,2,69,30,France,5485,Raphaël Varane,10481,Aurélien Djani Tchouaméni,Complete,12.277622,37.0,67.4,48.5,63.1
3857266,2022-11-26,Group Stage,Denmark,2,69,33,France,10481,Aurélien Djani Tchouaméni,8519,Dayotchanculle Upamecano,Complete,10.429286,42.2,63.1,36.3,54.5
3857266,2022-11-26,Group Stage,Denmark,2,69,38,France,8519,Dayotchanculle Upamecano,10481,Aurélien Djani Tchouaméni,Complete,12.742449,47.4,33.1,49.3,45.7
3857266,2022-11-26,Group Stage,Denmark,2,69,41,France,10481,Aurélien Djani Tchouaméni,2972,Marcus Thuram,Complete,76.326996,54.5,48.5,117.9,6.0
3857266,2022-11-26,Group Stage,Denmark,2,69,56,France,3009,Kylian Mbappé Lottin,3026,Adrien Rabiot,Complete,15.005332,113.3,0.1,107.9,14.1
3857266,2022-11-26,Group Stage,Denmark,2,70,37,France,5485,Raphaël Varane,10481,Aurélien Djani Tchouaméni,Complete,11.90126,35.8,40.0,46.6,45.0
3857266,2022-11-26,Group Stage,Denmark,2,70,43,France,10481,Aurélien Djani Tchouaméni,3009,Kylian Mbappé Lottin,Complete,10.20049,68.5,37.7,76.6,31.5
3857266,2022-11-26,Group Stage,Denmark,2,70,44,France,3009,Kylian Mbappé Lottin,10481,Aurélien Djani Tchouaméni,Complete,5.6400356,77.0,30.5,80.4,35.0
3857266,2022-11-26,Group Stage,Denmark,2,70,46,France,10481,Aurélien Djani Tchouaméni,3009,Kylian Mbappé Lottin,Complete,21.16034,83.7,32.7,100.7,20.1
3857266,2022-11-26,Group Stage,Denmark,2,70,51,France,3009,Kylian Mbappé Lottin,2972,Marcus Thuram,Incomplete,23.070543,105.0,18.2,114.1,39.4
3857266,2022-11-26,Group Stage,Denmark,2,74,26,France,6704,Theo Bernard François Hernández,11135,Ibrahima Konaté,Complete,32.539974,31.5,0.1,21.3,31.0
3857266,2022-11-26,Group Stage,Denmark,2,74,31,France,11135,Ibrahima Konaté,4445,Jules Koundé,Complete,21.571278,23.7,50.0,30.1,70.6
3857266,2022-11-26,Group Stage,Denmark,2,74,33,France,4445,Jules Koundé,8217,Kingsley Coman,Complete,18.026924,32.2,73.4,49.8,77.3
3857266,2022-11-26,Group Stage,Denmark,2,74,36,France,8217,Kingsley Coman,4445,Jules Koundé,Complete,16.71945,49.9,77.2,33.4,74.5
3857266,2022-11-26,Group Stage,Denmark,2,74,38,France,4445,Jules Koundé,11135,Ibrahima Konaté,Complete,20.130821,33.6,73.7,21.0,58.0
3857266,2022-11-26,Group Stage,Denmark,2,74,41,France,11135,Ibrahima Konaté,3099,Hugo Lloris,Complete,19.349419,17.1,56.6,7.5,39.8
3857266,2022-11-26,Group Stage,Denmark,2,74,44,France,3099,Hugo Lloris,2972,Marcus Thuram,Incomplete,54.447224,9.4,36.1,63.3,28.4
3857266,2022-11-26,Group Stage,Denmark,2,74,56,France,10481,Aurélien Djani Tchouaméni,8217,Kingsley Coman,Complete,10.565037,40.8,46.2,50.9,49.3
3857266,2022-11-26,Group Stage,Denmark,2,74,57,France,8217,Kingsley Coman,11135,Ibrahima Konaté,Complete,18.916924,51.8,50.0,32.9,50.8
3857266,2022-11-26,Group Stage,Denmark,2,75,0,France,11135,Ibrahima Konaté,10481,Aurélien Djani Tchouaméni,Complete,8.800569,36.4,50.8,45.2,50.9
3857266,2022-11-26,Group Stage,Denmark,2,75,5,France,10481,Aurélien Djani Tchouaméni,3026,Adrien Rabiot,Complete,16.487875,43.0,64.1,54.2,52.0
3857266,2022-11-26,Group Stage,Denmark,2,75,6,France,3026,Adrien Rabiot,10481,Aurélien Djani Tchouaméni,Complete,16.658031,59.7,51.4,45.2,59.6
3857266,2022-11-26,Group Stage,Denmark,2,75,8,France,10481,Aurélien Djani Tchouaméni,3009,Kylian Mbappé Lottin,Incomplete,54.489082,51.2,61.4,85.3,18.9
3857266,2022-11-26,Group Stage,Denmark,2,75,12,France,5487,Antoine Griezmann,6704,Theo Bernard François Hernández,Complete,17.083618,68.3,29.4,64.7,12.7
3857266,2022-11-26,Group Stage,Denmark,2,75,14,France,6704,Theo Bernard François Hernández,3009,Kylian Mbappé Lottin,Complete,14.756694,64.7,12.7,77.1,4.7
3857266,2022-11-26,Group Stage,Denmark,2,75,16,France,3009,Kylian Mbappé Lottin,5487,Antoine Griezmann,Complete,10.47855,77.1,4.7,79.5,14.9
3857266,2022-11-26,Group Stage,Denmark,2,75,21,France,5487,Antoine Griezmann,2972,Marcus Thuram,Complete,15.592627,86.2,27.3,94.5,40.5
3857266,2022-11-26,Group Stage,Denmark,2,75,25,France,2972,Marcus Thuram,3009,Kylian Mbappé Lottin,Complete,12.836277,103.7,27.0,109.6,15.6
3857266,2022-11-26,Group Stage,Denmark,2,76,0,France,5487,Antoine Griezmann,3026,Adrien Rabiot,Incomplete,38.67919,120.0,0.1,111.8,37.9
3857266,2022-11-26,Group Stage,Denmark,2,76,5,France,8217,Kingsley Coman,3009,Kylian Mbappé Lottin,Complete,16.124516,87.3,51.1,95.3,65.1
3857266,2022-11-26,Group Stage,Denmark,2,76,11,France,3009,Kylian Mbappé Lottin,,,Incomplete,23.94264,96.0,64.7,105.9,42.9
3857266,2022-11-26,Group Stage,Denmark,2,76,16,France,8519,Dayotchanculle Upamecano,4445,Jules Koundé,Complete,14.317122,61.7,64.0,67.0,77.3
3857266,2022-11-26,Group Stage,Denmark,2,76,18,France,4445,Jules Koundé,8519,Dayotchanculle Upamecano,Complete,9.265528,62.6,76.7,57.3,69.1
3857266,2022-11-26,Group Stage,Denmark,2,76,23,France,8519,Dayotchanculle Upamecano,11135,Ibrahima Konaté,Complete,25.975372,57.0,67.4,52.6,41.8
3857266,2022-11-26,Group Stage,Denmark,2,76,26,France,11135,Ibrahima Konaté,5487,Antoine Griezmann,Complete,38.30992,54.5,36.5,75.1,4.2
3857266,2022-11-26,Group Stage,Denmark,2,76,29,France,5487,Antoine Griezmann,10481,Aurélien Djani Tchouaméni,Complete,12.73185,72.5,8.0,71.6,20.7
3857266,2022-11-26,Group Stage,Denmark,2,76,31,France,10481,Aurélien Djani Tchouaméni,5487,Antoine Griezmann,Complete,7.080254,71.9,21.1,67.7,15.4
3857266,2022-11-26,Group Stage,Denmark,2,76,32,France,5487,Antoine Griezmann,8519,Dayotchanculle Upamecano,Complete,32.798325,67.7,15.4,57.9,46.7
3857266,2022-11-26,Group Stage,Denmark,2,76,37,France,8519,Dayotchanculle Upamecano,3009,Kylian Mbappé Lottin,Complete,20.248457,72.2,56.3,91.6,62.1
3857266,2022-11-26,Group Stage,Denmark,2,76,38,France,3009,Kylian Mbappé Lottin,4445,Jules Koundé,Complete,16.37834,91.9,62.2,79.5,72.9
3857266,2022-11-26,Group Stage,Denmark,2,76,40,France,4445,Jules Koundé,8217,Kingsley Coman,Complete,12.87517,79.5,72.9,91.6,77.3
3857266,2022-11-26,Group Stage,Denmark,2,76,43,France,8217,Kingsley Coman,3026,Adrien Rabiot,Complete,9.047099,91.4,71.3,83.1,67.7
3857266,2022-11-26,Group Stage,Denmark,2,76,47,France,3026,Adrien Rabiot,4445,Jules Koundé,Complete,9.457801,83.1,67.7,88.3,75.6
3857266,2022-11-26,Group Stage,Denmark,2,76,48,France,4445,Jules Koundé,8217,Kingsley Coman,Complete,18.201374,88.3,75.6,106.3,78.3
3857266,2022-11-26,Group Stage,Denmark,2,77,0,France,4445,Jules Koundé,3026,Adrien Rabiot,Complete,5.5,104.3,80.0,101.0,75.6
3857266,2022-11-26,Group Stage,Denmark,2,77,2,France,3026,Adrien Rabiot,8217,Kingsley Coman,Complete,5.80517,101.0,75.6,104.9,71.3
3857266,2022-11-26,Group Stage,Denmark,2,77,4,France,8217,Kingsley Coman,3026,Adrien Rabiot,Complete,14.866069,104.9,71.3,115.9,61.3
3857266,2022-11-26,Group Stage,Denmark,2,77,6,France,3026,Adrien Rabiot,2972,Marcus Thuram,Incomplete,9.1268835,115.1,58.6,115.8,49.5
3857266,2022-11-26,Group Stage,Denmark,2,77,36,France,5487,Antoine Griezmann,10481,Aurélien Djani Tchouaméni,Complete,42.766575,120.0,80.0,113.7,37.7
3857266,2022-11-26,Group Stage,Denmark,2,78,12,France,5487,Antoine Griezmann,4445,Jules Koundé,Incomplete,45.425983,120.0,0.1,110.4,44.5
3857266,2022-11-26,Group Stage,Denmark,2,78,19,France,8217,Kingsley Coman,4445,Jules Koundé,Complete,27.789387,97.4,65.1,110.7,40.7
3857266,2022-11-26,Group Stage,Denmark,2,78,54,France,5487,Antoine Griezmann,10481,Aurélien Djani Tchouaméni,Incomplete,38.546856,120.0,80.0,118.1,41.5
3857266,2022-11-26,Group Stage,Denmark,2,78,59,France,3009,Kylian Mbappé Lottin,6704,Theo Bernard François Hernández,Complete,8.130191,105.2,21.1,97.1,20.4
3857266,2022-11-26,Group Stage,Denmark,2,79,1,France,6704,Theo Bernard François Hernández,3026,Adrien Rabiot,Complete,31.096142,97.1,20.4,112.7,47.3
3857266,2022-11-26,Group Stage,Denmark,2,81,0,France,3099,Hugo Lloris,2972,Marcus Thuram,Incomplete,66.05044,7.0,36.1,69.1,58.6
3857266,2022-11-26,Group Stage,Denmark,2,81,6,France,11135,Ibrahima Konaté,3026,Adrien Rabiot,Complete,7.8492036,47.2,61.1,52.7,55.5
3857266,2022-11-26,Group Stage,Denmark,2,81,8,France,3026,Adrien Rabiot,8217,Kingsley Coman,Incomplete,13.74409,52.7,55.5,63.0,64.6
3857266,2022-11-26,Group Stage,Denmark,2,83,16,France,3099,Hugo Lloris,11135,Ibrahima Konaté,Complete,24.758837,7.0,36.1,9.8,60.7
3857266,2022-11-26,Group Stage,Denmark,2,83,19,France,11135,Ibrahima Konaté,,,Incomplete,55.27097,15.7,65.1,70.5,72.3
3857266,2022-11-26,Group Stage,Denmark,2,84,34,France,3099,Hugo Lloris,11135,Ibrahima Konaté,Complete,20.829065,7.0,44.1,18.6,61.4
3857266,2022-11-26,Group Stage,Denmark,2,84,39,France,11135,Ibrahima Konaté,8519,Dayotchanculle Upamecano,Complete,26.312164,29.5,53.6,30.3,27.3
3857266,2022-11-26,Group Stage,Denmark,2,84,42,France,8519,Dayotchanculle Upamecano,6704,Theo Bernard François Hernández,Complete,24.816326,32.5,27.3,45.4,6.1
3857266,2022-11-26,Group Stage,Denmark,2,84,47,France,6704,Theo Bernard François Hernández,10481,Aurélien Djani Tchouaméni,Complete,27.803957,46.6,4.9,42.5,32.4
3857266,2022-11-26,Group Stage,Denmark,2,84,49,France,10481,Aurélien Djani Tchouaméni,8519,Dayotchanculle Upamecano,Complete,11.236102,42.8,32.4,41.9,21.2
3857266,2022-11-26,Group Stage,Denmark,2,84,53,France,8519,Dayotchanculle Upamecano,11135,Ibrahima Konaté,Complete,29.024128,41.9,21.2,38.3,50.0
3857266,2022-11-26,Group Stage,Denmark,2,84,55,France,11135,Ibrahima Konaté,4445,Jules Koundé,Complete,24.848541,38.3,50.0,47.2,73.2
3857266,2022-11-26,Group Stage,Denmark,2,85,1,France,4445,Jules Koundé,8217,Kingsley Coman,Complete,50.95449,62.3,73.9,112.9,67.9
3857266,2022-11-26,Group Stage,Denmark,2,85,8,France,5487,Antoine Griezmann,3009,Kylian Mbappé Lottin,Complete,32.154938,103.3,65.2,117.8,36.5
3857266,2022-11-26,Group Stage,Denmark,2,87,20,France,3099,Hugo Lloris,6704,Theo Bernard François Hernández,Complete,36.9432,8.1,39.8,28.5,9.0
3857266,2022-11-26,Group Stage,Denmark,2,87,24,France,6704,Theo Bernard François Hernández,3009,Kylian Mbappé Lottin,Incomplete,50.102795,32.2,5.3,82.0,10.8
3857266,2022-11-26,Group Stage,Denmark,2,88,26,France,8217,Kingsley Coman,5487,Antoine Griezmann,Complete,11.356496,50.2,67.7,52.6,56.6
3857266,2022-11-26,Group Stage,Denmark,2,88,28,France,5487,Antoine Griezmann,6704,Theo Bernard François Hernández,Complete,39.299873,52.6,54.8,49.8,15.6
3857266,2022-11-26,Group Stage,Denmark,2,88,32,France,6704,Theo Bernard François Hernández,3009,Kylian Mbappé Lottin,Complete,18.07678,49.9,14.3,65.8,5.7
3857266,2022-11-26,Group Stage,Denmark,2,88,41,France,3009,Kylian Mbappé Lottin,8519,Dayotchanculle Upamecano,Complete,40.03461,76.3,17.4,36.9,24.5
3857266,2022-11-26,Group Stage,Denmark,2,88,47,France,8519,Dayotchanculle Upamecano,3026,Adrien Rabiot,Complete,14.286357,38.0,24.4,47.9,14.1
3857266,2022-11-26,Group Stage,Denmark,2,88,50,France,3026,Adrien Rabiot,6704,Theo Bernard François Hernández,Complete,7.6380625,51.5,10.2,57.0,4.9
3857266,2022-11-26,Group Stage,Denmark,2,88,52,France,6704,Theo Bernard François Hernández,8519,Dayotchanculle Upamecano,Complete,22.041779,57.3,4.9,39.5,17.9
3857266,2022-11-26,Group Stage,Denmark,2,88,55,France,8519,Dayotchanculle Upamecano,4445,Jules Koundé,Complete,56.447144,39.5,17.9,51.3,73.1
3857266,2022-11-26,Group Stage,Denmark,2,89,0,France,4445,Jules Koundé,11135,Ibrahima Konaté,Complete,13.431679,52.0,72.9,41.6,64.4
3857266,2022-11-26,Group Stage,Denmark,2,89,3,France,11135,Ibrahima Konaté,4445,Jules Koundé,Complete,10.252805,42.7,63.8,46.3,73.4
3857266,2022-11-26,Group Stage,Denmark,2,89,5,France,4445,Jules Koundé,8217,Kingsley Coman,Complete,18.298906,49.8,73.4,67.7,77.2
3857266,2022-11-26,Group Stage,Denmark,2,89,8,France,8217,Kingsley Coman,4445,Jules Koundé,Complete,15.891192,67.8,77.0,52.0,75.3
3857266,2022-11-26,Group Stage,Denmark,2,89,10,France,4445,Jules Koundé,11135,Ibrahima Konaté,Complete,22.561028,53.4,75.3,38.8,58.1
3857266,2022-11-26,Group Stage,Denmark,2,89,13,France,11135,Ibrahima Konaté,8519,Dayotchanculle Upamecano,Complete,24.26685,38.8,54.8,37.0,30.6
3857266,2022-11-26,Group Stage,Denmark,2,89,16,France,8519,Dayotchanculle Upamecano,6704,Theo Bernard François Hernández,Complete,26.02787,36.7,27.8,51.8,6.6
3857266,2022-11-26,Group Stage,Denmark,2,89,20,France,6704,Theo Bernard François Hernández,8519,Dayotchanculle Upamecano,Complete,14.870777,43.0,8.6,28.5,5.3
3857266,2022-11-26,Group Stage,Denmark,2,89,22,France,8519,Dayotchanculle Upamecano,3099,Hugo Lloris,Complete,35.49042,24.5,4.4,3.9,33.3
3857266,2022-11-26,Group Stage,Denmark,2,89,26,France,3099,Hugo Lloris,4445,Jules Koundé,Complete,49.502525,8.7,35.0,33.4,77.9
3857266,2022-11-26,Group Stage,Denmark,2,89,30,France,4445,Jules Koundé,10481,Aurélien Djani Tchouaméni,Complete,13.413426,35.0,76.4,30.4,63.8
3857266,2022-11-26,Group Stage,Denmark,2,89,35,France,10481,Aurélien Djani Tchouaméni,4445,Jules Koundé,Complete,18.822327,31.1,62.9,43.9,76.7
3857266,2022-11-26,Group Stage,Denmark,2,89,38,France,4445,Jules Koundé,8217,Kingsley Coman,Complete,15.9,48.5,77.8,64.4,77.8
3857266,2022-11-26,Group Stage,Denmark,2,89,40,France,8217,Kingsley Coman,10481,Aurélien Djani Tchouaméni,Complete,15.523209,60.6,77.9,45.5,74.3
3857266,2022-11-26,Group Stage,Denmark,2,89,43,France,10481,Aurélien Djani Tchouaméni,3026,Adrien Rabiot,Complete,28.050846,44.6,72.9,28.4,50.0
3857266,2022-11-26,Group Stage,Denmark,2,89,46,France,3026,Adrien Rabiot,11135,Ibrahima Konaté,Complete,12.758135,29.0,48.9,33.6,60.8
3857266,2022-11-26,Group Stage,Denmark,2,89,50,France,11135,Ibrahima Konaté,6704,Theo Bernard François Hernández,Complete,35.0,38.8,40.5,38.8,5.5
3857266,2022-11-26,Group Stage,Denmark,2,89,54,France,6704,Theo Bernard François Hernández,8519,Dayotchanculle Upamecano,Complete,13.3544,38.8,5.3,28.5,13.8
3857266,2022-11-26,Group Stage,Denmark,2,89,56,France,8519,Dayotchanculle Upamecano,11135,Ibrahima Konaté,Complete,44.440636,25.6,15.6,23.7,60.0
3857266,2022-11-26,Group Stage,Denmark,2,90,0,France,11135,Ibrahima Konaté,10481,Aurélien Djani Tchouaméni,Incomplete,17.010586,25.1,60.5,42.1,59.9
3857266,2022-11-26,Group Stage,Denmark,2,90,12,France,6704,Theo Bernard François Hernández,3009,Kylian Mbappé Lottin,Complete,92.70992,8.7,6.3,99.4,25.5
3857266,2022-11-26,Group Stage,Denmark,2,90,30,France,3026,Adrien Rabiot,6704,Theo Bernard François Hernández,Complete,12.306502,45.4,5.5,35.8,13.2
3857266,2022-11-26,Group Stage,Denmark,2,90,32,France,6704,Theo Bernard François Hernández,3099,Hugo Lloris,Complete,31.869265,35.8,12.9,9.1,30.3
3857266,2022-11-26,Group Stage,Denmark,2,90,38,France,3099,Hugo Lloris,3026,Adrien Rabiot,Incomplete,47.972595,9.7,28.3,55.3,13.4
3857266,2022-11-26,Group Stage,Denmark,2,90,42,France,8519,Dayotchanculle Upamecano,2972,Marcus Thuram,Complete,28.935965,30.4,27.8,56.4,40.5
3857266,2022-11-26,Group Stage,Denmark,2,90,45,France,2972,Marcus Thuram,8217,Kingsley Coman,Complete,7.406079,54.8,44.9,54.5,52.3
3857266,2022-11-26,Group Stage,Denmark,2,90,50,France,8217,Kingsley Coman,4445,Jules Koundé,Complete,20.064396,48.7,54.7,37.0,71.0
3857266,2022-11-26,Group Stage,Denmark,2,90,53,France,4445,Jules Koundé,3099,Hugo Lloris,Complete,32.607513,37.0,71.0,10.5,52.0
3857266,2022-11-26,Group Stage,Denmark,2,90,57,France,3099,Hugo Lloris,8217,Kingsley Coman,Incomplete,55.597214,11.4,53.3,63.0,74.0
3857266,2022-11-26,Group Stage,Denmark,2,91,13,France,6704,Theo Bernard François Hernández,8217,Kingsley Coman,Complete,31.24628,19.6,47.0,34.8,74.3
3857266,2022-11-26,Group Stage,Denmark,2,91,21,France,8217,Kingsley Coman,10481,Aurélien Djani Tchouaméni,Complete,6.2801275,33.7,79.0,37.5,74.0
3857266,2022-11-26,Group Stage,Denmark,2,92,16,France,4445,Jules Koundé,8217,Kingsley Coman,Complete,8.065978,48.7,80.0,54.6,74.5
3857266,2022-11-26,Group Stage,Denmark,2,94,10,France,2972,Marcus Thuram,3009,Kylian Mbappé Lottin,Incomplete,12.567418,108.7,21.1,103.2,32.4
3857266,2022-11-26,Group Stage,Denmark,2,94,14,France,11990,Youssouf Fofana,10481,Aurélien Djani Tchouaméni,Complete,24.801815,85.6,30.5,85.3,55.3
3857266,2022-11-26,Group Stage,Denmark,2,94,18,France,10481,Aurélien Djani Tchouaméni,8217,Kingsley Coman,Complete,11.975391,90.1,58.3,99.1,66.2
3857266,2022-11-26,Group Stage,Denmark,2,94,22,France,8217,Kingsley Coman,10481,Aurélien Djani Tchouaméni,Complete,9.708244,100.0,62.9,90.3,63.3
3857266,2022-11-26,Group Stage,Denmark,2,94,24,France,10481,Aurélien Djani Tchouaméni,11135,Ibrahima Konaté,Complete,23.281322,88.3,64.0,66.4,56.1
3857266,2022-11-26,Group Stage,Denmark,2,94,27,France,11135,Ibrahima Konaté,8519,Dayotchanculle Upamecano,Complete,14.042791,66.3,55.9,63.7,42.1
3857266,2022-11-26,Group Stage,Denmark,2,94,29,France,8519,Dayotchanculle Upamecano,10481,Aurélien Djani Tchouaméni,Complete,21.497908,61.2,44.8,76.2,60.2
3857266,2022-11-26,Group Stage,Denmark,2,94,32,France,10481,Aurélien Djani Tchouaméni,8217,Kingsley Coman,Complete,21.510231,77.6,62.1,91.4,78.6
3857266,2022-11-26,Group Stage,Denmark,2,94,35,France,8217,Kingsley Coman,4445,Jules Koundé,Complete,13.462912,91.6,78.6,78.2,77.3
3857266,2022-11-26,Group Stage,Denmark,2,94,37,France,4445,Jules Koundé,10481,Aurélien Djani Tchouaméni,Complete,7.9259067,78.2,77.3,74.3,70.4
3857266,2022-11-26,Group Stage,Denmark,2,94,40,France,10481,Aurélien Djani Tchouaméni,11990,Youssouf Fofana,Complete,13.433167,74.3,70.4,68.9,58.1
3857266,2022-11-26,Group Stage,Denmark,2,94,41,France,11990,Youssouf Fofana,10481,Aurélien Djani Tchouaméni,Complete,11.421471,68.9,58.1,69.6,69.5
3857266,2022-11-26,Group Stage,Denmark,2,94,44,France,10481,Aurélien Djani Tchouaméni,8217,Kingsley Coman,Complete,13.370116,69.6,69.5,82.0,74.5
3857266,2022-11-26,Group Stage,Denmark,2,94,50,France,8217,Kingsley Coman,3009,Kylian Mbappé Lottin,Incomplete,17.3026,104.0,58.8,103.7,41.5
3857266,2022-11-26,Group Stage,Denmark,2,94,57,France,3026,Adrien Rabiot,6704,Theo Bernard François Hernández,Complete,44.290405,71.8,47.5,35.8,21.7
3857266,2022-11-26,Group Stage,Denmark,2,95,5,France,6704,Theo Bernard François Hernández,3099,Hugo Lloris,Complete,23.436083,27.4,20.6,10.0,36.3
3857266,2022-11-26,Group Stage,Denmark,2,95,9,France,3099,Hugo Lloris,6704,Theo Bernard François Hernández,Complete,25.878563,10.0,36.3,24.1,14.6
3857266,2022-11-26,Group Stage,Denmark,2,95,11,France,6704,Theo Bernard François Hernández,3026,Adrien Rabiot,Complete,7.9120164,24.9,14.3,32.5,12.1
3857266,2022-11-26,Group Stage,Denmark,2,95,13,France,3026,Adrien Rabiot,3009,Kylian Mbappé Lottin,Complete,21.421951,32.5,12.1,53.4,7.4
3857266,2022-11-26,Group Stage,Denmark,2,95,47,France,8519,Dayotchanculle Upamecano,2972,Marcus Thuram,Incomplete,47.989685,53.7,6.3,101.1,13.8
3869685,2022-12-18,Final,Argentina,1,0,0,France,5487,Antoine Griezmann,10481,Aurélien Djani Tchouaméni,Complete,13.364505,61.0,40.1,48.0,43.2
3869685,2022-12-18,Final,Argentina,1,0,2,France,10481,Aurélien Djani Tchouaméni,3604,Olivier Giroud,Out,62.37732,49.7,43.6,96.0,1.8
3869685,2022-12-18,Final,Argentina,1,1,31,France,6704,Theo Bernard François Hernández,3026,Adrien Rabiot,Complete,8.5,68.5,5.7,72.1,13.4
3869685,2022-12-18,Final,Argentina,1,1,33,France,3026,Adrien Rabiot,6704,Theo Bernard François Hernández,Complete,8.79659,72.3,13.4,73.6,4.7
3869685,2022-12-18,Final,Argentina,1,1,34,France,6704,Theo Bernard François Hernández,,,Unknown,26.320524,73.2,4.0,47.1,7.4
3869685,2022-12-18,Final,Argentina,1,1,55,France,6704,Theo Bernard François Hernández,5485,Raphaël Varane,Complete,34.879364,61.2,7.0,44.1,37.4
3869685,2022-12-18,Final,Argentina,1,2,2,France,5485,Raphaël Varane,4445,Jules Koundé,Complete,23.563744,53.1,44.9,45.2,67.1
3869685,2022-12-18,Final,Argentina,1,2,4,France,4445,Jules Koundé,5477,Ousmane Dembélé,Complete,16.595482,43.2,70.3,58.2,77.4
3869685,2022-12-18,Final,Argentina,1,3,1,France,3099,Hugo Lloris,3604,Olivier Giroud,Complete,63.788715,9.2,35.5,67.8,60.7
3869685,2022-12-18,Final,Argentina,1,3,4,France,3604,Olivier Giroud,5487,Antoine Griezmann,Complete,8.127115,67.8,60.7,75.5,63.3
3869685,2022-12-18,Final,Argentina,1,3,50,France,3026,Adrien Rabiot,,,Incomplete,6.88767,47.5,14.5,50.5,20.7
3869685,2022-12-18,Final,Argentina,1,4,20,France,3009,Kylian Mbappé Lottin,3026,Adrien Rabiot,Complete,17.62328,38.8,46.8,32.1,30.5
3869685,2022-12-18,Final,Argentina,1,4,22,France,3026,Adrien Rabiot,6704,Theo Bernard François Hernández,Complete,20.40833,31.3,28.2,33.4,7.9
3869685,2022-12-18,Final,Argentina,1,4,24,France,6704,Theo Bernard François Hernández,3026,Adrien Rabiot,Incomplete,8.431489,33.6,7.9,38.3,14.9
3869685,2022-12-18,Final,Argentina,1,4,32,France,4445,Jules Koundé,5477,Ousmane Dembélé,Complete,13.619104,16.5,64.6,28.3,71.4
3869685,2022-12-18,Final,Argentina,1,4,33,France,5477,Ousmane Dembélé,4445,Jules Koundé,Complete,12.523977,28.3,71.4,17.2,77.2
3869685,2022-12-18,Final,Argentina,1,4,36,France,4445,Jules Koundé,5487,Antoine Griezmann,Complete,13.320661,17.2,77.2,27.2,68.4
3869685,2022-12-18,Final,Argentina,1,4,37,France,5487,Antoine Griezmann,,,Incomplete,10.04241,27.6,68.2,21.4,60.3
3869685,2022-12-18,Final,Argentina,1,4,49,France,3099,Hugo Lloris,,,Incomplete,67.200294,8.8,41.9,76.0,42.1
3869685,2022-12-18,Final,Argentina,1,4,56,France,3026,Adrien Rabiot,8519,Dayotchanculle Upamecano,Complete,11.815245,53.1,36.3,41.3,35.7
3869685,2022-12-18,Final,Argentina,1,4,57,France,8519,Dayotchanculle Upamecano,6704,Theo Bernard François Hernández,Complete,33.116913,41.5,35.7,58.7,7.4
3869685,2022-12-18,Final,Argentina,1,5,0,France,6704,Theo Bernard François Hernández,3009,Kylian Mbappé Lottin,Complete,8.065358,61.6,7.7,69.3,5.3
3869685,2022-12-18,Final,Argentina,1,5,3,France,3009,Kylian Mbappé Lottin,6704,Theo Bernard François Hernández,Complete,13.313527,68.7,5.9,56.1,10.2
3869685,2022-12-18,Final,Argentina,1,5,6,France,6704,Theo Bernard François Hernández,8519,Dayotchanculle Upamecano,Complete,15.6,55.7,10.2,41.3,16.2
3869685,2022-12-18,Final,Argentina,1,5,9,France,8519,Dayotchanculle Upamecano,10481,Aurélien Djani Tchouaméni,Complete,17.438463,36.8,21.3,41.1,38.2
3869685,2022-12-18,Final,Argentina,1,5,13,France,10481,Aurélien Djani Tchouaméni,5477,Ousmane Dembélé,Incomplete,24.53263,43.9,51.3,66.8,60.1
3869685,2022-12-18,Final,Argentina,1,5,17,France,4445,Jules Koundé,3099,Hugo Lloris,Complete,43.08364,56.7,76.7,21.9,51.3
3869685,2022-12-18,Final,Argentina,1,5,20,France,3099,Hugo Lloris,5485,Raphaël Varane,Complete,9.140022,19.9,51.1,27.2,56.6
3869685,2022-12-18,Final,Argentina,1,5,27,France,5485,Raphaël Varane,8519,Dayotchanculle Upamecano,Complete,26.846415,39.4,51.9,42.2,25.2
3869685,2022-12-18,Final,Argentina,1,5,29,France,8519,Dayotchanculle Upamecano,6704,Theo Bernard François Hernández,Complete,30.92313,44.3,23.3,69.3,5.1
3869685,2022-12-18,Final,Argentina,1,5,36,France,6704,Theo Bernard François Hernández,4445,Jules Koundé,Complete,21.112318,46.5,34.4,40.7,54.7
3869685,2022-12-18,Final,Argentina,1,5,39,France,4445,Jules Koundé,5485,Raphaël Varane,Complete,20.188362,37.9,54.7,34.5,34.8
3869685,2022-12-18,Final,Argentina,1,5,41,France,5485,Raphaël Varane,6704,Theo Bernard François Hernández,Complete,10.017983,36.8,36.7,45.8,32.3
3869685,2022-12-18,Final,Argentina,1,5,59,France,3026,Adrien Rabiot,5477,Ousmane Dembélé,Complete,29.149614,53.3,33.3,51.6,62.4
3869685,2022-12-18,Final,Argentina,1,6,1,France,5477,Ousmane Dembélé,4445,Jules Koundé,Complete,21.031881,64.6,76.1,44.1,71.4
3869685,2022-12-18,Final,Argentina,1,6,4,France,4445,Jules Koundé,5485,Raphaël Varane,Complete,13.885244,42.4,66.0,33.2,55.6
3869685,2022-12-18,Final,Argentina,1,6,7,France,5485,Raphaël Varane,8519,Dayotchanculle Upamecano,Complete,8.202438,33.6,32.7,39.4,26.9
3869685,2022-12-18,Final,Argentina,1,6,9,France,8519,Dayotchanculle Upamecano,5485,Raphaël Varane,Complete,18.293715,46.7,22.6,54.6,39.1
3869685,2022-12-18,Final,Argentina,1,6,16,France,5485,Raphaël Varane,8519,Dayotchanculle Upamecano,Complete,24.162989,46.0,48.7,39.6,25.4
3869685,2022-12-18,Final,Argentina,1,6,20,France,8519,Dayotchanculle Upamecano,5485,Raphaël Varane,Complete,12.701574,39.6,25.2,33.8,36.5
3869685,2022-12-18,Final,Argentina,1,6,26,France,5485,Raphaël Varane,8519,Dayotchanculle Upamecano,Complete,24.89739,25.3,51.5,23.1,26.7
3869685,2022-12-18,Final,Argentina,1,6,30,France,8519,Dayotchanculle Upamecano,5477,Ousmane Dembélé,Complete,45.82063,23.6,27.3,50.9,64.1
3869685,2022-12-18,Final,Argentina,1,6,33,France,5477,Ousmane Dembélé,5487,Antoine Griezmann,Complete,8.910667,52.2,66.7,45.8,60.5
3869685,2022-12-18,Final,Argentina,1,6,36,France,5487,Antoine Griezmann,10481,Aurélien Djani Tchouaméni,Complete,13.513327,51.8,59.0,51.2,45.5
3869685,2022-12-18,Final,Argentina,1,6,41,France,10481,Aurélien Djani Tchouaméni,3026,Adrien Rabiot,Complete,8.381527,63.8,13.0,61.0,5.1
3869685,2022-12-18,Final,Argentina,1,6,50,France,3026,Adrien Rabiot,10481,Aurélien Djani Tchouaméni,Complete,12.614278,52.9,6.6,53.5,19.2
3869685,2022-12-18,Final,Argentina,1,6,55,France,10481,Aurélien Djani Tchouaméni,5485,Raphaël Varane,Complete,23.90753,50.9,26.0,46.0,49.4
3869685,2022-12-18,Final,Argentina,1,7,0,France,5485,Raphaël Varane,,,Incomplete,53.509346,67.0,51.1,99.9,8.9
3869685,2022-12-18,Final,Argentina,1,11,4,France,3099,Hugo Lloris,3604,Olivier Giroud,Complete,73.68236,9.0,38.2,80.5,56.0
3869685,2022-12-18,Final,Argentina,1,11,8,France,3604,Olivier Giroud,,,Incomplete,14.840822,74.3,58.3,88.2,63.5
3869685,2022-12-18,Final,Argentina,1,11,11,France,3026,Adrien Rabiot,5487,Antoine Griezmann,Complete,14.111343,68.5,53.6,79.2,62.8
3869685,2022-12-18,Final,Argentina,1,11,13,France,5487,Antoine Griezmann,3604,Olivier Giroud,Complete,7.267049,78.5,63.3,82.6,57.3
3869685,2022-12-18,Final,Argentina,1,11,14,France,3604,Olivier Giroud,,,Incomplete,9.888377,79.8,58.1,84.5,49.4
3869685,2022-12-18,Final,Argentina,1,11,42,France,5485,Raphaël Varane,3099,Hugo Lloris,Complete,8.840815,8.0,22.0,2.6,29.0
3869685,2022-12-18,Final,Argentina,1,11,43,France,3099,Hugo Lloris,,,Incomplete,50.89489,3.3,29.7,53.1,19.2
3869685,2022-12-18,Final,Argentina,1,12,36,France,3099,Hugo Lloris,,,Incomplete,70.47219,15.4,36.1,84.7,48.9
3869685,2022-12-18,Final,Argentina,1,12,47,France,5485,Raphaël Varane,5487,Antoine Griezmann,Complete,28.087185,45.2,52.4,65.7,71.6
3869685,2022-12-18,Final,Argentina,1,12,49,France,5487,Antoine Griezmann,4445,Jules Koundé,Complete,11.350771,66.4,74.4,55.4,77.2
3869685,2022-12-18,Final,Argentina,1,12,52,France,4445,Jules Koundé,5477,Ousmane Dembélé,Complete,17.930141,61.2,77.4,74.7,65.6
3869685,2022-12-18,Final,Argentina,1,12,58,France,5477,Ousmane Dembélé,6704,Theo Bernard François Hernández,Complete,47.195446,90.3,66.3,93.3,19.2
3869685,2022-12-18,Final,Argentina,1,13,1,France,6704,Theo Bernard François Hernández,3009,Kylian Mbappé Lottin,Complete,7.2470684,94.2,17.7,100.6,14.3
3869685,2022-12-18,Final,Argentina,1,13,7,France,3009,Kylian Mbappé Lottin,3026,Adrien Rabiot,Complete,9.008884,99.1,19.2,99.5,28.2
3869685,2022-12-18,Final,Argentina,1,13,8,France,3026,Adrien Rabiot,3009,Kylian Mbappé Lottin,Incomplete,17.118704,99.5,28.2,116.6,29.0
3869685,2022-12-18,Final,Argentina,1,14,26,France,3099,Hugo Lloris,3604,Olivier Giroud,Complete,64.34672,13.9,48.5,76.2,64.6
3869685,2022-12-18,Final,Argentina,1,14,29,France,3604,Olivier Giroud,5477,Ousmane Dembélé,Complete,15.681837,76.6,64.8,89.0,74.4
3869685,2022-12-18,Final,Argentina,1,14,32,France,5477,Ousmane Dembélé,3604,Olivier Giroud,Complete,9.617692,89.5,75.9,80.0,74.4
3869685,2022-12-18,Final,Argentina,1,14,33,France,3604,Olivier Giroud,5487,Antoine Griezmann,Complete,11.85116,79.8,74.4,80.9,62.6
3869685,2022-12-18,Final,Argentina,1,15,43,France,6704,Theo Bernard François Hernández,3026,Adrien Rabiot,Complete,8.409518,19.1,0.1,22.7,7.7
3869685,2022-12-18,Final,Argentina,1,15,47,France,3026,Adrien Rabiot,8519,Dayotchanculle Upamecano,Complete,13.705838,27.6,5.9,19.7,17.1
3869685,2022-12-18,Final,Argentina,1,15,49,France,8519,Dayotchanculle Upamecano,5485,Raphaël Varane,Complete,18.40978,19.1,23.5,19.7,41.9
3869685,2022-12-18,Final,Argentina,1,15,58,France,5485,Raphaël Varane,4445,Jules Koundé,Complete,15.474172,39.8,57.7,33.0,71.6
3869685,2022-12-18,Final,Argentina,1,16,0,France,4445,Jules Koundé,8519,Dayotchanculle Upamecano,Complete,37.641598,33.4,69.0,24.2,32.5
3869685,2022-12-18,Final,Argentina,1,16,5,France,8519,Dayotchanculle Upamecano,6704,Theo Bernard François Hernández,Complete,31.2474,27.0,31.8,45.2,6.4
3869685,2022-12-18,Final,Argentina,1,16,8,France,6704,Theo Bernard François Hernández,3009,Kylian Mbappé Lottin,Incomplete,4.9517674,41.8,4.7,45.4,8.1
3869685,2022-12-18,Final,Argentina,1,16,50,France,3099,Hugo Lloris,,,Incomplete,60.678333,7.0,44.1,65.1,61.6
3869685,2022-12-18,Final,Argentina,1,16,58,France,5485,Raphaël Varane,8519,Dayotchanculle Upamecano,Complete,15.420765,27.4,54.3,26.6,38.9
3869685,2022-12-18,Final,Argentina,1,17,1,France,8519,Dayotchanculle Upamecano,5485,Raphaël Varane,Complete,15.472879,26.6,38.7,28.1,54.1
3869685,2022-12-18,Final,Argentina,1,17,10,France,5485,Raphaël Varane,5477,Ousmane Dembélé,Complete,30.819637,38.5,59.8,63.8,77.4
3869685,2022-12-18,Final,Argentina,1,17,15,France,5477,Ousmane Dembélé,3026,Adrien Rabiot,Complete,14.408678,68.7,65.0,62.7,51.9
3869685,2022-12-18,Final,Argentina,1,17,17,France,3026,Adrien Rabiot,6704,Theo Bernard François Hernández,Complete,41.376564,56.7,47.4,70.8,8.5
3869685,2022-12-18,Final,Argentina,1,17,21,France,6704,Theo Bernard François Hernández,3009,Kylian Mbappé Lottin,Complete,11.1,73.2,8.5,83.7,4.9
3869685,2022-12-18,Final,Argentina,1,17,23,France,3009,Kylian Mbappé Lottin,6704,Theo Bernard François Hernández,Complete,13.159408,81.8,5.1,68.9,7.7
3869685,2022-12-18,Final,Argentina,1,17,26,France,6704,Theo Bernard François Hernández,8519,Dayotchanculle Upamecano,Complete,14.365583,57.6,7.4,45.0,14.3
3869685,2022-12-18,Final,Argentina,1,17,29,France,8519,Dayotchanculle Upamecano,5485,Raphaël Varane,Complete,33.8851,45.0,18.1,42.6,51.9
3869685,2022-12-18,Final,Argentina,1,17,36,France,5485,Raphaël Varane,4445,Jules Koundé,Complete,14.797973,57.6,60.1,55.9,74.8
3869685,2022-12-18,Final,Argentina,1,17,37,France,4445,Jules Koundé,5477,Ousmane Dembélé,Complete,15.239751,53.7,75.9,68.9,77.0
3869685,2022-12-18,Final,Argentina,1,17,39,France,5477,Ousmane Dembélé,4445,Jules Koundé,Complete,8.091971,70.6,77.6,75.8,71.4
3869685,2022-12-18,Final,Argentina,1,17,40,France,4445,Jules Koundé,5477,Ousmane Dembélé,Complete,18.189283,75.8,71.4,92.9,77.6
3869685,2022-12-18,Final,Argentina,1,17,44,France,5477,Ousmane Dembélé,,,Incomplete,4.049691,103.1,78.2,105.3,74.8
3869685,2022-12-18,Final,Argentina,1,17,58,France,4445,Jules Koundé,5485,Raphaël Varane,Complete,31.410189,100.1,80.0,74.5,61.8
3869685,2022-12-18,Final,Argentina,1,18,1,France,5485,Raphaël Varane,8519,Dayotchanculle Upamecano,Complete,18.056854,74.9,59.0,69.1,41.9
3869685,2022-12-18,Final,Argentina,1,18,3,France,8519,Dayotchanculle Upamecano,6704,Theo Bernard François Hernández,Complete,32.560867,70.2,34.2,85.2,5.3
3869685,2022-12-18,Final,Argentina,1,18,8,France,6704,Theo Bernard François Hernández,3009,Kylian Mbappé Lottin,Complete,8.895505,85.4,5.3,86.7,14.1
3869685,2022-12-18,Final,Argentina,1,18,8,France,3009,Kylian Mbappé Lottin,6704,Theo Bernard François Hernández,Complete,18.001389,86.7,14.1,103.6,7.9
3869685,2022-12-18,Final,Argentina,1,19,1,France,5487,Antoine Griezmann,,,Unknown,30.053951,112.3,13.4,114.1,43.4
3869685,2022-12-18,Final,Argentina,1,23,40,France,3604,Olivier Giroud,3026,Adrien Rabiot,Complete,8.367795,61.0,40.1,52.9,38.0
3869685,2022-12-18,Final,Argentina,1,23,43,France,3026,Adrien Rabiot,10481,Aurélien Djani Tchouaméni,Complete,13.024976,55.0,34.2,46.9,44.4
3869685,2022-12-18,Final,Argentina,1,23,46,France,10481,Aurélien Djani Tchouaméni,4445,Jules Koundé,Complete,15.373354,44.5,47.7,40.0,62.4
3869685,2022-12-18,Final,Argentina,1,23,49,France,4445,Jules Koundé,5485,Raphaël Varane,Complete,12.701574,39.0,63.9,33.2,52.6
3869685,2022-12-18,Final,Argentina,1,23,52,France,5485,Raphaël Varane,6704,Theo Bernard François Hernández,Complete,40.42932,34.7,47.2,39.0,7.0
3869685,2022-12-18,Final,Argentina,1,23,55,France,6704,Theo Bernard François Hernández,3009,Kylian Mbappé Lottin,Incomplete,58.749043,38.5,7.4,97.2,9.8
3869685,2022-12-18,Final,Argentina,1,24,3,France,3009,Kylian Mbappé Lottin,3026,Adrien Rabiot,Complete,12.961867,98.0,0.1,87.5,7.7
3869685,2022-12-18,Final,Argentina,1,24,6,France,3026,Adrien Rabiot,3009,Kylian Mbappé Lottin,Complete,7.28011,89.7,7.7,96.5,5.1
3869685,2022-12-18,Final,Argentina,1,24,12,France,3009,Kylian Mbappé Lottin,,,Incomplete,22.93687,105.9,5.5,104.6,28.4
3869685,2022-12-18,Final,Argentina,1,24,54,France,10481,Aurélien Djani Tchouaméni,4445,Jules Koundé,Incomplete,3.238827,69.8,77.2,73.0,76.7
3869685,2022-12-18,Final,Argentina,1,25,0,France,5485,Raphaël Varane,8519,Dayotchanculle Upamecano,Complete,19.659603,48.4,80.0,34.3,66.3
3869685,2022-12-18,Final,Argentina,1,25,7,France,8519,Dayotchanculle Upamecano,3026,Adrien Rabiot,Complete,5.95483,41.3,53.0,45.2,48.5
3869685,2022-12-18,Final,Argentina,1,25,13,France,3026,Adrien Rabiot,10481,Aurélien Djani Tchouaméni,Complete,11.6297035,50.3,50.4,48.0,61.8
3869685,2022-12-18,Final,Argentina,1,25,15,France,10481,Aurélien Djani Tchouaméni,5477,Ousmane Dembélé,Complete,18.829763,48.0,62.0,66.4,66.0
3869685,2022-12-18,Final,Argentina,1,25,16,France,5477,Ousmane Dembélé,3026,Adrien Rabiot,Incomplete,9.968952,66.4,66.0,56.7,63.7
3869685,2022-12-18,Final,Argentina,1,25,31,France,5477,Ousmane Dembélé,3604,Olivier Giroud,Complete,16.894081,80.3,70.8,88.8,56.2
3869685,2022-12-18,Final,Argentina,1,26,48,France,5487,Antoine Griezmann,,,Incomplete,27.060118,90.1,55.1,106.4,33.5
3869685,2022-12-18,Final,Argentina,1,28,21,France,6704,Theo Bernard François Hernández,,,Incomplete,15.965588,31.5,16.2,45.8,23.3
3869685,2022-12-18,Final,Argentina,1,29,38,France,3099,Hugo Lloris,4445,Jules Koundé,Complete,64.38672,10.1,9.6,64.4,44.2
3869685,2022-12-18,Final,Argentina,1,29,41,France,4445,Jules Koundé,5477,Ousmane Dembélé,Complete,21.030455,64.4,44.2,82.2,55.4
3869685,2022-12-18,Final,Argentina,1,29,43,France,5477,Ousmane Dembélé,5487,Antoine Griezmann,Incomplete,6.6483083,82.4,55.4,75.8,56.2
3869685,2022-12-18,Final,Argentina,1,30,25,France,6704,Theo Bernard François Hernández,3604,Olivier Giroud,Complete,27.534706,9.2,0.1,36.2,5.5
3869685,2022-12-18,Final,Argentina,1,30,27,France,3604,Olivier Giroud,3009,Kylian Mbappé Lottin,Incomplete,9.33381,36.2,5.5,42.8,12.1
3869685,2022-12-18,Final,Argentina,1,30,29,France,10481,Aurélien Djani Tchouaméni,3604,Olivier Giroud,Complete,12.1938505,31.9,20.1,42.4,13.9
3869685,2022-12-18,Final,Argentina,1,30,31,France,3604,Olivier Giroud,3009,Kylian Mbappé Lottin,Incomplete,9.241753,42.4,13.9,51.4,16.0
3869685,2022-12-18,Final,Argentina,1,32,4,France,6704,Theo Bernard François Hernández,3009,Kylian Mbappé Lottin,Incomplete,27.290474,18.0,0.1,43.9,8.7
3869685,2022-12-18,Final,Argentina,1,32,24,France,5477,Ousmane Dembélé,,,Incomplete,32.858635,21.6,55.1,52.9,45.1
3869685,2022-12-18,Final,Argentina,1,32,59,France,4445,Jules Koundé,3604,Olivier Giroud,Incomplete,20.012497,33.8,80.0,53.3,75.5
3869685,2022-12-18,Final,Argentina,1,33,4,France,5477,Ousmane Dembélé,4445,Jules Koundé,Complete,6.0835843,54.6,77.8,57.2,72.3
3869685,2022-12-18,Final,Argentina,1,33,9,France,5485,Raphaël Varane,,,Incomplete,21.931713,39.2,60.9,61.0,63.3
3869685,2022-12-18,Final,Argentina,1,33,12,France,3026,Adrien Rabiot,,,Incomplete,46.464287,48.6,50.6,88.8,27.3
3869685,2022-12-18,Final,Argentina,1,34,19,France,4445,Jules Koundé,3026,Adrien Rabiot,Incomplete,21.609257,18.4,55.4,39.8,52.4
3869685,2022-12-18,Final,Argentina,1,35,1,France,6704,Theo Bernard François Hernández,3009,Kylian Mbappé Lottin,Complete,18.997368,93.1,0.1,110.8,7.0
3869685,2022-12-18,Final,Argentina,1,35,11,France,8519,Dayotchanculle Upamecano,,,Incomplete,23.070543,71.3,5.5,94.2,8.3
3869685,2022-12-18,Final,Argentina,1,36,53,France,3604,Olivier Giroud,10481,Aurélien Djani Tchouaméni,Complete,6.9856997,61.0,40.1,54.6,42.9
3869685,2022-12-18,Final,Argentina,1,36,55,France,10481,Aurélien Djani Tchouaméni,3009,Kylian Mbappé Lottin,Complete,30.871508,54.6,42.9,56.7,12.1
3869685,2022-12-18,Final,Argentina,1,37,0,France,3009,Kylian Mbappé Lottin,8519,Dayotchanculle Upamecano,Complete,29.086939,66.8,10.6,45.4,30.3
3869685,2022-12-18,Final,Argentina,1,37,3,France,8519,Dayotchanculle Upamecano,10481,Aurélien Djani Tchouaméni,Complete,16.323296,45.4,31.6,52.7,46.2
3869685,2022-12-18,Final,Argentina,1,37,14,France,10481,Aurélien Djani Tchouaméni,5477,Ousmane Dembélé,Complete,19.380661,56.5,64.6,72.1,76.1
3869685,2022-12-18,Final,Argentina,1,38,22,France,6704,Theo Bernard François Hernández,5487,Antoine Griezmann,Complete,11.957006,70.4,28.4,80.5,34.8
3869685,2022-12-18,Final,Argentina,1,38,22,France,5487,Antoine Griezmann,3009,Kylian Mbappé Lottin,Complete,14.67106,80.5,35.2,87.3,22.2
3869685,2022-12-18,Final,Argentina,1,38,26,France,3009,Kylian Mbappé Lottin,3026,Adrien Rabiot,Complete,13.118689,87.1,10.4,94.4,21.3
3869685,2022-12-18,Final,Argentina,1,38,35,France,8519,Dayotchanculle Upamecano,3099,Hugo Lloris,Complete,38.658764,42.6,5.1,9.7,25.4
3869685,2022-12-18,Final,Argentina,1,38,39,France,3099,Hugo Lloris,5485,Raphaël Varane,Complete,21.592823,12.9,29.9,27.4,45.9
3869685,2022-12-18,Final,Argentina,1,38,47,France,5485,Raphaël Varane,5487,Antoine Griezmann,Complete,12.238055,49.0,56.9,60.6,53.0
3869685,2022-12-18,Final,Argentina,1,38,48,France,5487,Antoine Griezmann,4445,Jules Koundé,Complete,22.62786,60.4,53.2,44.5,69.3
3869685,2022-12-18,Final,Argentina,1,38,50,France,4445,Jules Koundé,5485,Raphaël Varane,Complete,6.6,45.6,69.7,45.6,63.1
3869685,2022-12-18,Final,Argentina,1,38,52,France,5485,Raphaël Varane,10481,Aurélien Djani Tchouaméni,Complete,18.603495,45.6,61.6,50.3,43.6
3869685,2022-12-18,Final,Argentina,1,38,56,France,10481,Aurélien Djani Tchouaméni,5485,Raphaël Varane,Complete,14.590751,56.9,39.7,50.9,53.0
3869685,2022-12-18,Final,Argentina,1,39,2,France,5485,Raphaël Varane,4445,Jules Koundé,Complete,15.913831,62.7,57.5,64.6,73.3
3869685,2022-12-18,Final,Argentina,1,39,4,France,4445,Jules Koundé,5487,Antoine Griezmann,Complete,15.672269,64.4,73.5,77.3,64.6
3869685,2022-12-18,Final,Argentina,1,39,5,France,5487,Antoine Griezmann,3009,Kylian Mbappé Lottin,Incomplete,4.909175,77.3,64.6,80.0,60.5
3869685,2022-12-18,Final,Argentina,1,39,35,France,10481,Aurélien Djani Tchouaméni,3026,Adrien Rabiot,Complete,12.182364,55.0,32.7,62.5,23.1
3869685,2022-12-18,Final,Argentina,1,39,36,France,3026,Adrien Rabiot,10481,Aurélien Djani Tchouaméni,Complete,11.321661,62.5,22.8,51.8,26.5
3869685,2022-12-18,Final,Argentina,1,39,37,France,10481,Aurélien Djani Tchouaméni,8519,Dayotchanculle Upamecano,Complete,23.837156,51.8,26.5,41.3,5.1
3869685,2022-12-18,Final,Argentina,1,39,40,France,8519,Dayotchanculle Upamecano,,,Incomplete,48.132008,41.3,5.7,87.5,19.2
3869685,2022-12-18,Final,Argentina,1,39,53,France,10481,Aurélien Djani Tchouaméni,,,Incomplete,30.40592,65.7,4.7,96.1,5.3
3869685,2022-12-18,Final,Argentina,1,42,33,France,4445,Jules Koundé,22097,Randal Kolo Muani,Complete,9.404786,2.8,65.8,10.5,71.2
3869685,2022-12-18,Final,Argentina,1,43,4,France,3099,Hugo Lloris,,,Incomplete,65.80615,7.0,36.1,72.4,28.8
3869685,2022-12-18,Final,Argentina,1,43,13,France,3026,Adrien Rabiot,2972,Marcus Thuram,Complete,6.0033326,80.5,5.3,86.5,5.5
3869685,2022-12-18,Final,Argentina,1,43,20,France,10481,Aurélien Djani Tchouaméni,3026,Adrien Rabiot,Complete,8.072174,76.6,11.1,82.0,5.1
3869685,2022-12-18,Final,Argentina,1,43,22,France,3026,Adrien Rabiot,2972,Marcus Thuram,Complete,4.356604,83.9,5.9,79.6,6.6
3869685,2022-12-18,Final,Argentina,1,43,31,France,6704,Theo Bernard François Hernández,10481,Aurélien Djani Tchouaméni,Complete,8.807384,69.6,0.1,71.5,8.7
3869685,2022-12-18,Final,Argentina,1,43,32,France,10481,Aurélien Djani Tchouaméni,6704,Theo Bernard François Hernández,Complete,5.724509,71.5,8.7,68.9,3.6
3869685,2022-12-18,Final,Argentina,1,43,34,France,6704,Theo Bernard François Hernández,8519,Dayotchanculle Upamecano,Complete,24.249125,68.9,3.6,45.0,7.7
3869685,2022-12-18,Final,Argentina,1,43,42,France,8519,Dayotchanculle Upamecano,6704,Theo Bernard François Hernández,Complete,17.30809,48.4,22.4,56.3,7.0
3869685,2022-12-18,Final,Argentina,1,43,46,France,6704,Theo Bernard François Hernández,8519,Dayotchanculle Upamecano,Complete,14.698639,56.3,7.0,45.0,16.4
3869685,2022-12-18,Final,Argentina,1,43,50,France,8519,Dayotchanculle Upamecano,5485,Raphaël Varane,Complete,31.085205,42.8,20.7,40.5,51.7
3869685,2022-12-18,Final,Argentina,1,43,59,France,5485,Raphaël Varane,10481,Aurélien Djani Tchouaméni,Complete,12.847178,63.1,58.3,56.3,47.4
3869685,2022-12-18,Final,Argentina,1,44,1,France,10481,Aurélien Djani Tchouaméni,8519,Dayotchanculle Upamecano,Complete,18.020544,56.3,46.8,45.6,32.3
3869685,2022-12-18,Final,Argentina,1,44,7,France,8519,Dayotchanculle Upamecano,,,Unknown,18.704277,53.1,8.1,68.3,19.0
3869685,2022-12-18,Final,Argentina,1,44,22,France,6704,Theo Bernard François Hernández,10481,Aurélien Djani Tchouaméni,Complete,20.50878,56.5,7.0,55.9,27.5
3869685,2022-12-18,Final,Argentina,1,44,26,France,10481,Aurélien Djani Tchouaméni,5485,Raphaël Varane,Complete,20.802164,55.4,28.4,55.7,49.2
3869685,2022-12-18,Final,Argentina,1,44,28,France,5485,Raphaël Varane,8519,Dayotchanculle Upamecano,Complete,18.5,55.2,47.4,49.2,29.9
3869685,2022-12-18,Final,Argentina,1,44,30,France,8519,Dayotchanculle Upamecano,4445,Jules Koundé,Complete,40.200497,47.7,31.4,47.5,71.6
3869685,2022-12-18,Final,Argentina,1,44,37,France,4445,Jules Koundé,22097,Randal Kolo Muani,Complete,10.983624,77.5,71.2,86.7,77.2
3869685,2022-12-18,Final,Argentina,1,44,40,France,22097,Randal Kolo Muani,3009,Kylian Mbappé Lottin,Incomplete,11.869709,85.2,64.8,94.4,57.3
3869685,2022-12-18,Final,Argentina,1,44,45,France,10481,Aurélien Djani Tchouaméni,22097,Randal Kolo Muani,Complete,8.994443,86.0,55.1,84.7,46.2
3869685,2022-12-18,Final,Argentina,1,44,53,France,3026,Adrien Rabiot,,,Incomplete,15.647364,78.5,39.4,91.3,30.4
3869685,2022-12-18,Final,Argentina,1,45,5,France,3026,Adrien Rabiot,2972,Marcus Thuram,Out,11.842297,62.1,12.6,63.1,0.8
3869685,2022-12-18,Final,Argentina,1,45,43,France,3099,Hugo Lloris,8519,Dayotchanculle Upamecano,Complete,28.882002,9.2,57.7,26.8,34.8
3869685,2022-12-18,Final,Argentina,1,45,48,France,8519,Dayotchanculle Upamecano,10481,Aurélien Djani Tchouaméni,Complete,10.167104,38.8,33.3,46.7,26.9
3869685,2022-12-18,Final,Argentina,1,45,52,France,10481,Aurélien Djani Tchouaméni,6704,Theo Bernard François Hernández,Complete,16.74306,56.1,20.9,66.4,7.7
3869685,2022-12-18,Final,Argentina,1,45,54,France,6704,Theo Bernard François Hernández,8519,Dayotchanculle Upamecano,Complete,26.732939,67.8,7.2,42.2,14.9
3869685,2022-12-18,Final,Argentina,1,45,59,France,8519,Dayotchanculle Upamecano,3026,Adrien Rabiot,Complete,33.583626,42.8,16.2,53.3,48.1
3869685,2022-12-18,Final,Argentina,1,46,9,France,3026,Adrien Rabiot,4445,Jules Koundé,Complete,7.787811,80.7,72.9,73.6,76.1
3869685,2022-12-18,Final,Argentina,1,46,11,France,4445,Jules Koundé,10481,Aurélien Djani Tchouaméni,Complete,27.930807,74.1,76.3,65.9,49.6
3869685,2022-12-18,Final,Argentina,1,46,14,France,10481,Aurélien Djani Tchouaméni,6704,Theo Bernard François Hernández,Complete,34.84853,67.4,41.0,78.3,7.9
3869685,2022-12-18,Final,Argentina,1,46,18,France,6704,Theo Bernard François Hernández,10481,Aurélien Djani Tchouaméni,Complete,14.111343,78.3,6.8,69.1,17.5
3869685,2022-12-18,Final,Argentina,1,46,20,France,10481,Aurélien Djani Tchouaméni,8519,Dayotchanculle Upamecano,Complete,15.39383,69.8,16.4,56.9,24.8
3869685,2022-12-18,Final,Argentina,1,46,22,France,8519,Dayotchanculle Upamecano,,,Incomplete,31.108198,56.5,26.9,86.9,20.3
3869685,2022-12-18,Final,Argentina,1,46,27,France,3009,Kylian Mbappé Lottin,2972,Marcus Thuram,Complete,10.04241,91.8,4.7,99.7,10.9
3869685,2022-12-18,Final,Argentina,1,46,32,France,2972,Marcus Thuram,,,Incomplete,4.7169905,113.0,5.5,112.6,10.2
3869685,2022-12-18,Final,Argentina,1,47,46,France,10481,Aurélien Djani Tchouaméni,,,Incomplete,18.656097,34.9,18.8,53.1,14.7
3869685,2022-12-18,Final,Argentina,1,48,22,France,3026,Adrien Rabiot,3009,Kylian Mbappé Lottin,Complete,17.923449,22.5,10.0,40.3,12.1
3869685,2022-12-18,Final,Argentina,1,48,43,France,22097,Randal Kolo Muani,5485,Raphaël Varane,Complete,24.607723,64.6,73.7,47.1,56.4
3869685,2022-12-18,Final,Argentina,1,48,49,France,5485,Raphaël Varane,10481,Aurélien Djani Tchouaméni,Complete,19.082191,40.0,40.2,50.7,56.0
3869685,2022-12-18,Final,Argentina,1,48,51,France,10481,Aurélien Djani Tchouaméni,8519,Dayotchanculle Upamecano,Complete,27.989285,50.9,56.9,44.3,29.7
3869685,2022-12-18,Final,Argentina,1,48,57,France,8519,Dayotchanculle Upamecano,5485,Raphaël Varane,Complete,18.444782,53.3,25.8,44.3,41.9
3869685,2022-12-18,Final,Argentina,1,49,0,France,5485,Raphaël Varane,10481,Aurélien Djani Tchouaméni,Complete,10.119288,47.7,45.5,50.9,55.1
3869685,2022-12-18,Final,Argentina,1,49,2,France,10481,Aurélien Djani Tchouaméni,8519,Dayotchanculle Upamecano,Complete,20.602184,52.7,49.4,52.4,28.8
3869685,2022-12-18,Final,Argentina,1,49,6,France,8519,Dayotchanculle Upamecano,2972,Marcus Thuram,Complete,24.44361,63.1,24.8,78.1,5.5
3869685,2022-12-18,Final,Argentina,1,49,20,France,6704,Theo Bernard François Hernández,8519,Dayotchanculle Upamecano,Complete,19.827507,94.6,0.1,75.8,6.4
3869685,2022-12-18,Final,Argentina,1,49,22,France,8519,Dayotchanculle Upamecano,5485,Raphaël Varane,Complete,28.4271,76.6,7.2,56.7,27.5
3869685,2022-12-18,Final,Argentina,1,49,26,France,5485,Raphaël Varane,4445,Jules Koundé,Complete,26.373472,55.2,34.8,63.6,59.8
3869685,2022-12-18,Final,Argentina,1,49,29,France,4445,Jules Koundé,5487,Antoine Griezmann,Complete,17.133009,70.8,65.2,83.5,76.7
3869685,2022-12-18,Final,Argentina,1,49,32,France,5487,Antoine Griezmann,5485,Raphaël Varane,Complete,20.448227,81.8,75.7,65.1,63.9
3869685,2022-12-18,Final,Argentina,1,49,37,France,5485,Raphaël Varane,2972,Marcus Thuram,Incomplete,38.22002,68.9,60.3,99.5,37.4
3869685,2022-12-18,Final,Argentina,1,50,33,France,10481,Aurélien Djani Tchouaméni,8519,Dayotchanculle Upamecano,Complete,10.756393,26.6,70.8,18.7,63.5
3869685,2022-12-18,Final,Argentina,1,50,33,France,8519,Dayotchanculle Upamecano,,,Incomplete,34.537663,18.2,61.3,52.0,68.4
3869685,2022-12-18,Final,Argentina,1,50,43,France,5487,Antoine Griezmann,4445,Jules Koundé,Complete,6.8029404,38.5,73.1,31.7,72.9
3869685,2022-12-18,Final,Argentina,1,50,44,France,4445,Jules Koundé,,,Incomplete,3.4,30.0,72.9,33.4,72.9
3869685,2022-12-18,Final,Argentina,1,51,15,France,4445,Jules Koundé,10481,Aurélien Djani Tchouaméni,Complete,7.218033,42.0,80.0,40.7,72.9
3869685,2022-12-18,Final,Argentina,1,51,16,France,10481,Aurélien Djani Tchouaméni,22097,Randal Kolo Muani,Complete,15.211838,39.2,74.2,54.4,74.8
3869685,2022-12-18,Final,Argentina,1,52,23,France,5487,Antoine Griezmann,,,Out,58.937424,80.9,73.1,120.0,29.0
3869685,2022-12-18,Final,Argentina,2,45,26,France,4445,Jules Koundé,10481,Aurélien Djani Tchouaméni,Complete,13.449535,69.4,72.9,67.4,59.6
3869685,2022-12-18,Final,Argentina,2,45,28,France,10481,Aurélien Djani Tchouaméni,,,Incomplete,4.767599,67.2,59.6,71.9,58.8
3869685,2022-12-18,Final,Argentina,2,45,58,France,3099,Hugo Lloris,6704,Theo Bernard François Hernández,Complete,35.20128,11.6,39.7,27.9,8.5
3869685,2022-12-18,Final,Argentina,2,46,29,France,2972,Marcus Thuram,4445,Jules Koundé,Complete,33.69332,36.6,11.7,23.4,42.7
3869685,2022-12-18,Final,Argentina,2,46,41,France,4445,Jules Koundé,,,Incomplete,3.8118236,61.9,71.2,65.7,70.9
3869685,2022-12-18,Final,Argentina,2,46,44,France,10481,Aurélien Djani Tchouaméni,5485,Raphaël Varane,Complete,22.414282,42.4,73.9,29.6,55.5
3869685,2022-12-18,Final,Argentina,2,46,49,France,5485,Raphaël Varane,8519,Dayotchanculle Upamecano,Complete,25.141201,24.4,55.5,36.2,33.3
3869685,2022-12-18,Final,Argentina,2,46,52,France,8519,Dayotchanculle Upamecano,10481,Aurélien Djani Tchouaméni,Complete,13.903237,43.5,30.3,54.8,38.4
3869685,2022-12-18,Final,Argentina,2,46,55,France,10481,Aurélien Djani Tchouaméni,6704,Theo Bernard François Hernández,Complete,29.051163,56.1,32.0,51.0,3.4
3869685,2022-12-18,Final,Argentina,2,46,58,France,6704,Theo Bernard François Hernández,2972,Marcus Thuram,Complete,17.70452,52.7,3.1,70.4,2.7
3869685,2022-12-18,Final,Argentina,2,46,59,France,2972,Marcus Thuram,6704,Theo Bernard François Hernández,Complete,18.768324,70.4,2.7,52.0,6.4
3869685,2022-12-18,Final,Argentina,2,47,1,France,6704,Theo Bernard François Hernández,5485,Raphaël Varane,Complete,33.526855,51.8,7.4,38.1,38.0
3869685,2022-12-18,Final,Argentina,2,47,5,France,5485,Raphaël Varane,4445,Jules Koundé,Complete,14.105673,39.0,42.9,39.4,57.0
3869685,2022-12-18,Final,Argentina,2,47,7,France,4445,Jules Koundé,5485,Raphaël Varane,Complete,6.8029404,39.4,57.0,39.6,50.2
3869685,2022-12-18,Final,Argentina,2,47,12,France,5485,Raphaël Varane,8519,Dayotchanculle Upamecano,Complete,27.610144,46.7,48.5,43.3,21.1
3869685,2022-12-18,Final,Argentina,2,47,15,France,8519,Dayotchanculle Upamecano,2972,Marcus Thuram,Incomplete,55.326847,46.0,28.6,99.5,14.5
3869685,2022-12-18,Final,Argentina,2,47,55,France,6704,Theo Bernard François Hernández,2972,Marcus Thuram,Complete,24.847736,25.3,0.1,49.9,3.6
3869685,2022-12-18,Final,Argentina,2,48,22,France,5485,Raphaël Varane,3099,Hugo Lloris,Complete,13.473678,18.7,36.3,6.0,40.8
3869685,2022-12-18,Final,Argentina,2,48,23,France,3099,Hugo Lloris,22097,Randal Kolo Muani,Incomplete,39.381466,6.0,40.8,43.9,51.5
3869685,2022-12-18,Final,Argentina,2,48,30,France,4445,Jules Koundé,22097,Randal Kolo Muani,Complete,12.124768,24.0,66.9,33.9,73.9
3869685,2022-12-18,Final,Argentina,2,48,32,France,22097,Randal Kolo Muani,4445,Jules Koundé,Incomplete,5.124451,36.4,71.8,36.9,66.7
3869685,2022-12-18,Final,Argentina,2,48,40,France,4445,Jules Koundé,3009,Kylian Mbappé Lottin,Incomplete,27.751036,52.3,75.2,56.7,47.8
3869685,2022-12-18,Final,Argentina,2,48,53,France,3099,Hugo Lloris,5487,Antoine Griezmann,Complete,20.367867,12.0,39.7,30.6,31.4
3869685,2022-12-18,Final,Argentina,2,48,54,France,5487,Antoine Griezmann,6704,Theo Bernard François Hernández,Complete,24.603252,30.6,31.4,30.2,6.8
3869685,2022-12-18,Final,Argentina,2,49,1,France,6704,Theo Bernard François Hernández,5487,Antoine Griezmann,Complete,7.072482,48.2,8.3,43.1,13.2
3869685,2022-12-18,Final,Argentina,2,49,1,France,5487,Antoine Griezmann,3009,Kylian Mbappé Lottin,Complete,16.440195,43.1,13.2,56.3,3.4
3869685,2022-12-18,Final,Argentina,2,49,10,France,5487,Antoine Griezmann,4445,Jules Koundé,Incomplete,13.956002,73.6,22.0,77.5,35.4
3869685,2022-12-18,Final,Argentina,2,49,30,France,8519,Dayotchanculle Upamecano,3099,Hugo Lloris,Complete,22.21936,22.9,11.9,7.8,28.2
3869685,2022-12-18,Final,Argentina,2,49,31,France,3099,Hugo Lloris,3026,Adrien Rabiot,Complete,40.15084,7.8,28.2,47.5,22.2
3869685,2022-12-18,Final,Argentina,2,49,34,France,3026,Adrien Rabiot,5487,Antoine Griezmann,Complete,7.510659,47.5,22.2,55.0,22.6
3869685,2022-12-18,Final,Argentina,2,49,35,France,5487,Antoine Griezmann,3009,Kylian Mbappé Lottin,Incomplete,14.805405,55.0,22.6,66.6,13.4
3869685,2022-12-18,Final,Argentina,2,49,38,France,5487,Antoine Griezmann,3026,Adrien Rabiot,Complete,5.234501,55.0,15.5,54.4,20.7
3869685,2022-12-18,Final,Argentina,2,49,40,France,3026,Adrien Rabiot,3009,Kylian Mbappé Lottin,Incomplete,13.159027,55.7,16.0,65.3,7.0
3869685,2022-12-18,Final,Argentina,2,49,53,France,6704,Theo Bernard François Hernández,2972,Marcus Thuram,Complete,21.095022,69.8,0.1,51.8,11.1
3869685,2022-12-18,Final,Argentina,2,50,32,France,22097,Randal Kolo Muani,3009,Kylian Mbappé Lottin,Complete,12.621015,86.5,67.7,96.5,60.0
3869685,2022-12-18,Final,Argentina,2,51,4,France,5487,Antoine Griezmann,,,Incomplete,43.73065,120.0,80.0,112.6,36.9
3869685,2022-12-18,Final,Argentina,2,53,19,France,2972,Marcus Thuram,,,Incomplete,57.93462,5.2,7.0,62.1,17.9
3869685,2022-12-18,Final,Argentina,2,53,36,France,4445,Jules Koundé,5487,Antoine Griezmann,Complete,18.51945,60.8,68.4,79.2,70.5
3869685,2022-12-18,Final,Argentina,2,53,38,France,5487,Antoine Griezmann,10481,Aurélien Djani Tchouaméni,Complete,12.440257,79.4,70.5,67.0,69.5
3869685,2022-12-18,Final,Argentina,2,53,41,France,10481,Aurélien Djani Tchouaméni,8519,Dayotchanculle Upamecano,Complete,31.99078,63.6,73.3,55.7,42.3
3869685,2022-12-18,Final,Argentina,2,53,44,France,8519,Dayotchanculle Upamecano,3026,Adrien Rabiot,Complete,23.906902,64.4,45.9,71.9,23.2
3869685,2022-12-18,Final,Argentina,2,53,49,France,3026,Adrien Rabiot,10481,Aurélien Djani Tchouaméni,Complete,12.912397,65.3,30.1,67.0,42.9
3869685,2022-12-18,Final,Argentina,2,53,50,France,10481,Aurélien Djani Tchouaméni,8519,Dayotchanculle Upamecano,Complete,13.482581,67.0,42.9,56.7,34.2
3869685,2022-12-18,Final,Argentina,2,53,53,France,8519,Dayotchanculle Upamecano,3009,Kylian Mbappé Lottin,Complete,19.386593,63.4,31.8,70.6,13.8
3869685,2022-12-18,Final,Argentina,2,53,57,France,3009,Kylian Mbappé Lottin,,,Incomplete,4.103657,74.1,15.1,76.9,18.1
3869685,2022-12-18,Final,Argentina,2,54,0,France,10481,Aurélien Djani Tchouaméni,6704,Theo Bernard François Hernández,Complete,21.980446,80.7,19.8,94.0,2.3
3869685,2022-12-18,Final,Argentina,2,54,3,France,6704,Theo Bernard François Hernández,10481,Aurélien Djani Tchouaméni,Complete,8.453402,94.0,2.3,90.1,9.8
3869685,2022-12-18,Final,Argentina,2,54,5,France,10481,Aurélien Djani Tchouaméni,6704,Theo Bernard François Hernández,Incomplete,10.404326,90.1,12.1,100.0,15.3
3869685,2022-12-18,Final,Argentina,2,56,0,France,4445,Jules Koundé,22097,Randal Kolo Muani,Complete,14.591093,43.5,54.1,57.8,57.0
3869685,2022-12-18,Final,Argentina,2,56,13,France,4445,Jules Koundé,10481,Aurélien Djani Tchouaméni,Complete,8.900561,59.1,57.3,63.2,65.2
3869685,2022-12-18,Final,Argentina,2,56,14,France,10481,Aurélien Djani Tchouaméni,8519,Dayotchanculle Upamecano,Complete,29.272,63.2,65.2,52.9,37.8
3869685,2022-12-18,Final,Argentina,2,56,18,France,8519,Dayotchanculle Upamecano,6704,Theo Bernard François Hernández,Complete,29.194006,52.7,33.9,62.5,6.4
3869685,2022-12-18,Final,Argentina,2,56,21,France,6704,Theo Bernard François Hernández,3026,Adrien Rabiot,Complete,8.602325,61.9,3.1,62.1,11.7
3869685,2022-12-18,Final,Argentina,2,56,23,France,3026,Adrien Rabiot,6704,Theo Bernard François Hernández,Complete,11.458621,64.4,10.6,56.5,2.3
3869685,2022-12-18,Final,Argentina,2,56,24,France,6704,Theo Bernard François Hernández,8519,Dayotchanculle Upamecano,Complete,18.916924,56.5,2.3,40.9,13.0
3869685,2022-12-18,Final,Argentina,2,56,27,France,8519,Dayotchanculle Upamecano,5485,Raphaël Varane,Complete,34.132977,40.9,15.5,42.4,49.6
3869685,2022-12-18,Final,Argentina,2,56,29,France,5485,Raphaël Varane,8519,Dayotchanculle Upamecano,Complete,29.050646,42.4,49.6,37.9,20.9
3869685,2022-12-18,Final,Argentina,2,56,35,France,8519,Dayotchanculle Upamecano,4445,Jules Koundé,Complete,42.323635,47.5,29.7,62.7,69.2
3869685,2022-12-18,Final,Argentina,2,56,43,France,4445,Jules Koundé,,,Incomplete,3.4234486,114.7,73.5,115.1,70.1
3869685,2022-12-18,Final,Argentina,2,57,4,France,4445,Jules Koundé,22097,Randal Kolo Muani,Complete,16.703592,114.5,80.0,111.9,63.5
3869685,2022-12-18,Final,Argentina,2,57,6,France,22097,Randal Kolo Muani,3026,Adrien Rabiot,Complete,22.5,112.6,63.9,94.6,50.4
3869685,2022-12-18,Final,Argentina,2,57,8,France,3026,Adrien Rabiot,5485,Raphaël Varane,Complete,22.584286,94.6,50.4,80.7,68.2
3869685,2022-12-18,Final,Argentina,2,57,11,France,5485,Raphaël Varane,3099,Hugo Lloris,Complete,45.39218,72.1,66.9,29.4,51.5
3869685,2022-12-18,Final,Argentina,2,57,15,France,3099,Hugo Lloris,8519,Dayotchanculle Upamecano,Complete,31.541243,30.9,50.4,45.8,22.6
3869685,2022-12-18,Final,Argentina,2,57,18,France,8519,Dayotchanculle Upamecano,6704,Theo Bernard François Hernández,Complete,25.056934,47.3,22.6,63.4,3.4
3869685,2022-12-18,Final,Argentina,2,57,22,France,6704,Theo Bernard François Hernández,3009,Kylian Mbappé Lottin,Complete,12.889143,45.4,2.9,56.7,9.1
3869685,2022-12-18,Final,Argentina,2,58,14,France,4445,Jules Koundé,22097,Randal Kolo Muani,Incomplete,10.507616,30.2,68.2,40.7,68.6
3869685,2022-12-18,Final,Argentina,2,58,36,France,3099,Hugo Lloris,8519,Dayotchanculle Upamecano,Complete,46.81805,7.8,44.4,50.5,25.2
3869685,2022-12-18,Final,Argentina,2,58,45,France,8519,Dayotchanculle Upamecano,5485,Raphaël Varane,Complete,15.67801,50.5,22.8,44.3,37.2
3869685,2022-12-18,Final,Argentina,2,58,49,France,5485,Raphaël Varane,8519,Dayotchanculle Upamecano,Complete,19.622946,45.2,42.1,49.7,23.0
3869685,2022-12-18,Final,Argentina,2,58,52,France,8519,Dayotchanculle Upamecano,6704,Theo Bernard François Hernández,Complete,17.30029,52.0,22.4,55.7,5.5
3869685,2022-12-18,Final,Argentina,2,58,55,France,6704,Theo Bernard François Hernández,3009,Kylian Mbappé Lottin,Pass Offside,43.712013,55.5,5.5,94.0,26.2
3869685,2022-12-18,Final,Argentina,2,59,33,France,4445,Jules Koundé,22097,Randal Kolo Muani,Complete,12.010412,39.0,74.2,45.8,64.3
3869685,2022-12-18,Final,Argentina,2,59,34,France,22097,Randal Kolo Muani,10481,Aurélien Djani Tchouaméni,Complete,4.7507896,46.5,63.7,44.1,59.6
3869685,2022-12-18,Final,Argentina,2,59,34,France,10481,Aurélien Djani Tchouaméni,22097,Randal Kolo Muani,Incomplete,19.651209,44.1,59.6,62.5,66.5
3869685,2022-12-18,Final,Argentina,2,60,19,France,3099,Hugo Lloris,22097,Randal Kolo Muani,Incomplete,82.935455,6.0,36.0,83.7,65.0
3869685,2022-12-18,Final,Argentina,2,60,49,France,8519,Dayotchanculle Upamecano,6704,Theo Bernard François Hernández,Complete,51.42334,50.8,60.3,66.4,11.3
3869685,2022-12-18,Final,Argentina,2,61,24,France,6704,Theo Bernard François Hernández,8519,Dayotchanculle Upamecano,Complete,7.256032,52.0,0.1,48.4,6.4
3869685,2022-12-18,Final,Argentina,2,61,26,France,8519,Dayotchanculle Upamecano,5485,Raphaël Varane,Complete,23.87572,34.5,12.1,36.4,35.9
3869685,2022-12-18,Final,Argentina,2,61,29,France,5485,Raphaël Varane,4445,Jules Koundé,Complete,22.1822,36.2,38.9,32.1,60.7
3869685,2022-12-18,Final,Argentina,2,61,30,France,4445,Jules Koundé,3099,Hugo Lloris,Complete,28.876635,32.1,60.7,14.0,38.2
3869685,2022-12-18,Final,Argentina,2,61,33,France,3099,Hugo Lloris,8519,Dayotchanculle Upamecano,Complete,16.37834,14.0,38.0,24.7,25.6
3869685,2022-12-18,Final,Argentina,2,61,40,France,8519,Dayotchanculle Upamecano,6704,Theo Bernard François Hernández,Complete,22.832434,36.9,25.6,44.3,4.0
3869685,2022-12-18,Final,Argentina,2,61,43,France,6704,Theo Bernard François Hernández,2972,Marcus Thuram,Complete,14.7,49.3,3.6,64.0,3.6
3869685,2022-12-18,Final,Argentina,2,61,45,France,2972,Marcus Thuram,3026,Adrien Rabiot,Complete,6.71193,64.2,3.4,67.4,9.3
3869685,2022-12-18,Final,Argentina,2,61,50,France,2972,Marcus Thuram,5487,Antoine Griezmann,Complete,13.901439,85.4,21.1,85.6,35.0
3869685,2022-12-18,Final,Argentina,2,61,52,France,5487,Antoine Griezmann,6704,Theo Bernard François Hernández,Complete,26.086395,85.4,32.0,105.1,14.9
3869685,2022-12-18,Final,Argentina,2,61,55,France,6704,Theo Bernard François Hernández,,,Incomplete,22.766861,104.9,14.9,113.2,36.1
3869685,2022-12-18,Final,Argentina,2,62,4,France,6704,Theo Bernard François Hernández,10481,Aurélien Djani Tchouaméni,Complete,18.396194,86.0,0.1,77.1,16.2
3869685,2022-12-18,Final,Argentina,2,62,8,France,10481,Aurélien Djani Tchouaméni,5485,Raphaël Varane,Complete,34.19898,77.1,16.2,68.5,49.3
3869685,2022-12-18,Final,Argentina,2,62,13,France,5485,Raphaël Varane,22097,Randal Kolo Muani,Complete,10.846197,80.5,58.5,90.5,54.3
3869685,2022-12-18,Final,Argentina,2,62,27,France,4445,Jules Koundé,3026,Adrien Rabiot,Complete,27.694223,19.3,50.2,32.4,25.8
3869685,2022-12-18,Final,Argentina,2,62,30,France,3026,Adrien Rabiot,2972,Marcus Thuram,Complete,20.895933,35.1,21.5,55.9,23.5
3869685,2022-12-18,Final,Argentina,2,62,33,France,2972,Marcus Thuram,5487,Antoine Griezmann,Complete,6.5,53.5,25.4,51.0,31.4
3869685,2022-12-18,Final,Argentina,2,62,54,France,10481,Aurélien Djani Tchouaméni,6704,Theo Bernard François Hernández,Complete,15.400325,52.5,26.5,57.4,11.9
3869685,2022-12-18,Final,Argentina,2,62,56,France,6704,Theo Bernard François Hernández,3009,Kylian Mbappé Lottin,Complete,11.406138,61.2,7.8,71.3,2.5
3869685,2022-12-18,Final,Argentina,2,62,59,France,3009,Kylian Mbappé Lottin,5487,Antoine Griezmann,Complete,12.226201,71.3,2.5,68.1,14.3
3869685,2022-12-18,Final,Argentina,2,63,1,France,5487,Antoine Griezmann,3026,Adrien Rabiot,Complete,10.977249,73.4,16.2,84.3,14.9
3869685,2022-12-18,Final,Argentina,2,63,2,France,3026,Adrien Rabiot,3009,Kylian Mbappé Lottin,Complete,7.283543,84.3,14.7,89.5,9.6
3869685,2022-12-18,Final,Argentina,2,63,5,France,3009,Kylian Mbappé Lottin,5487,Antoine Griezmann,Incomplete,5.10392,97.6,17.7,102.7,17.5
3869685,2022-12-18,Final,Argentina,2,63,7,France,3026,Adrien Rabiot,10481,Aurélien Djani Tchouaméni,Complete,9.638465,92.0,9.8,83.7,14.7
3869685,2022-12-18,Final,Argentina,2,63,10,France,10481,Aurélien Djani Tchouaméni,4445,Jules Koundé,Complete,54.77116,76.4,23.0,113.6,63.2
3869685,2022-12-18,Final,Argentina,2,64,11,France,22097,Randal Kolo Muani,,,Incomplete,14.653668,48.6,66.5,62.9,69.7
3869685,2022-12-18,Final,Argentina,2,64,42,France,10481,Aurélien Djani Tchouaméni,3099,Hugo Lloris,Complete,8.792042,6.7,54.3,1.8,47.0
3869685,2022-12-18,Final,Argentina,2,64,43,France,3099,Hugo Lloris,,,Incomplete,32.467983,1.8,47.0,29.4,64.1
3869685,2022-12-18,Final,Argentina,2,64,49,France,4445,Jules Koundé,,,Incomplete,2.4186773,5.4,70.9,7.8,71.2
3869685,2022-12-18,Final,Argentina,2,65,20,France,3099,Hugo Lloris,,,Incomplete,75.871605,6.0,44.0,80.1,60.3
3869685,2022-12-18,Final,Argentina,2,65,26,France,10481,Aurélien Djani Tchouaméni,5487,Antoine Griezmann,Complete,12.330855,62.9,52.1,74.3,47.4
3869685,2022-12-18,Final,Argentina,2,65,27,France,5487,Antoine Griezmann,3026,Adrien Rabiot,Complete,12.776933,74.3,47.4,62.5,42.5
3869685,2022-12-18,Final,Argentina,2,65,29,France,3026,Adrien Rabiot,5485,Raphaël Varane,Complete,13.923002,53.3,38.2,45.6,49.8
3869685,2022-12-18,Final,Argentina,2,65,32,France,5485,Raphaël Varane,6704,Theo Bernard François Hernández,Complete,44.975548,45.6,49.8,57.4,6.4
3869685,2022-12-18,Final,Argentina,2,65,38,France,6704,Theo Bernard François Hernández,3026,Adrien Rabiot,Complete,11.69316,63.2,5.9,54.4,13.6
3869685,2022-12-18,Final,Argentina,2,65,40,France,3026,Adrien Rabiot,8519,Dayotchanculle Upamecano,Complete,11.423659,53.3,15.1,48.8,25.6
3869685,2022-12-18,Final,Argentina,2,65,43,France,8519,Dayotchanculle Upamecano,3009,Kylian Mbappé Lottin,Incomplete,55.420033,53.1,29.2,106.8,15.5
3869685,2022-12-18,Final,Argentina,2,65,55,France,5487,Antoine Griezmann,6704,Theo Bernard François Hernández,Complete,17.014112,105.9,0.1,89.7,5.3
3869685,2022-12-18,Final,Argentina,2,65,57,France,6704,Theo Bernard François Hernández,3026,Adrien Rabiot,Complete,6.0033326,89.7,5.3,89.5,11.3
3869685,2022-12-18,Final,Argentina,2,65,59,France,3026,Adrien Rabiot,5487,Antoine Griezmann,Complete,12.381034,92.9,10.0,102.9,2.7
3869685,2022-12-18,Final,Argentina,2,66,1,France,5487,Antoine Griezmann,22097,Randal Kolo Muani,Complete,71.516785,107.2,3.1,117.3,73.9
3869685,2022-12-18,Final,Argentina,2,66,6,France,22097,Randal Kolo Muani,4445,Jules Koundé,Complete,12.003333,117.3,73.9,105.5,76.1
3869685,2022-12-18,Final,Argentina,2,66,8,France,4445,Jules Koundé,22097,Randal Kolo Muani,Incomplete,3.640055,105.7,76.1,109.1,74.8
3869685,2022-12-18,Final,Argentina,2,66,21,France,10481,Aurélien Djani Tchouaméni,5485,Raphaël Varane,Complete,24.635746,87.3,65.8,62.9,62.4
3869685,2022-12-18,Final,Argentina,2,66,25,France,5485,Raphaël Varane,3099,Hugo Lloris,Complete,35.030415,52.7,53.4,23.4,34.2
3869685,2022-12-18,Final,Argentina,2,66,30,France,3099,Hugo Lloris,5485,Raphaël Varane,Complete,23.26478,23.2,34.2,33.0,55.3
3869685,2022-12-18,Final,Argentina,2,66,32,France,5485,Raphaël Varane,10481,Aurélien Djani Tchouaméni,Complete,15.220053,33.2,57.7,47.1,63.9
3869685,2022-12-18,Final,Argentina,2,66,35,France,10481,Aurélien Djani Tchouaméni,4445,Jules Koundé,Complete,16.06549,49.9,68.4,64.0,76.1
3869685,2022-12-18,Final,Argentina,2,66,36,France,4445,Jules Koundé,5485,Raphaël Varane,Complete,28.454876,64.0,76.1,41.8,58.3
3869685,2022-12-18,Final,Argentina,2,66,39,France,5485,Raphaël Varane,5487,Antoine Griezmann,Complete,12.753431,42.8,57.0,54.4,51.7
3869685,2022-12-18,Final,Argentina,2,66,40,France,5487,Antoine Griezmann,8519,Dayotchanculle Upamecano,Complete,27.21562,54.4,51.7,48.2,25.2
3869685,2022-12-18,Final,Argentina,2,66,43,France,8519,Dayotchanculle Upamecano,5487,Antoine Griezmann,Complete,16.571058,48.2,25.8,63.4,19.2
3869685,2022-12-18,Final,Argentina,2,66,45,France,5487,Antoine Griezmann,6704,Theo Bernard François Hernández,Complete,18.321844,64.2,18.1,75.4,3.6
3869685,2022-12-18,Final,Argentina,2,66,46,France,6704,Theo Bernard François Hernández,5487,Antoine Griezmann,Complete,6.207254,75.4,3.6,75.1,9.8
3869685,2022-12-18,Final,Argentina,2,66,47,France,5487,Antoine Griezmann,6704,Theo Bernard François Hernández,Complete,20.143734,75.1,9.8,94.2,3.4
3869685,2022-12-18,Final,Argentina,2,66,49,France,6704,Theo Bernard François Hernández,2972,Marcus Thuram,Incomplete,35.650105,93.7,3.6,107.9,36.3
3869685,2022-12-18,Final,Argentina,2,67,13,France,5487,Antoine Griezmann,22097,Randal Kolo Muani,Complete,35.125633,120.0,0.1,113.4,34.6
3869685,2022-12-18,Final,Argentina,2,68,5,France,10481,Aurélien Djani Tchouaméni,2972,Marcus Thuram,Incomplete,24.480604,45.4,50.0,67.7,39.9
3869685,2022-12-18,Final,Argentina,2,68,9,France,3026,Adrien Rabiot,3009,Kylian Mbappé Lottin,Complete,14.708501,54.4,28.0,64.7,17.5
3869685,2022-12-18,Final,Argentina,2,68,11,France,3009,Kylian Mbappé Lottin,5487,Antoine Griezmann,Complete,5.964059,67.0,18.1,63.6,23.0
3869685,2022-12-18,Final,Argentina,2,68,13,France,5487,Antoine Griezmann,,,Incomplete,21.520456,63.6,23.0,76.4,5.7
3869685,2022-12-18,Final,Argentina,2,68,37,France,2972,Marcus Thuram,22097,Randal Kolo Muani,Complete,8.060397,70.2,62.2,75.1,68.6
3869685,2022-12-18,Final,Argentina,2,68,38,France,22097,Randal Kolo Muani,4445,Jules Koundé,Complete,5.255473,75.1,68.6,70.2,70.5
3869685,2022-12-18,Final,Argentina,2,68,39,France,4445,Jules Koundé,2972,Marcus Thuram,Complete,14.812494,70.2,70.5,77.3,57.5
3869685,2022-12-18,Final,Argentina,2,68,45,France,10481,Aurélien Djani Tchouaméni,3026,Adrien Rabiot,Complete,30.206291,71.9,62.8,63.8,33.7
3869685,2022-12-18,Final,Argentina,2,68,48,France,3026,Adrien Rabiot,3009,Kylian Mbappé Lottin,Complete,18.462936,62.9,28.6,77.1,16.8
3869685,2022-12-18,Final,Argentina,2,68,50,France,3009,Kylian Mbappé Lottin,6704,Theo Bernard François Hernández,Complete,33.30345,79.0,17.0,109.4,3.4
3869685,2022-12-18,Final,Argentina,2,68,52,France,6704,Theo Bernard François Hernández,,,Incomplete,24.490202,109.6,5.3,111.7,29.7
3869685,2022-12-18,Final,Argentina,2,68,58,France,8519,Dayotchanculle Upamecano,3026,Adrien Rabiot,Incomplete,8.005623,67.0,21.1,69.8,13.6
3869685,2022-12-18,Final,Argentina,2,69,1,France,3026,Adrien Rabiot,10481,Aurélien Djani Tchouaméni,Complete,8.723532,62.3,13.6,66.4,21.3
3869685,2022-12-18,Final,Argentina,2,69,5,France,10481,Aurélien Djani Tchouaméni,3009,Kylian Mbappé Lottin,Complete,14.875819,77.9,14.3,92.7,15.8
3869685,2022-12-18,Final,Argentina,2,69,6,France,3009,Kylian Mbappé Lottin,10481,Aurélien Djani Tchouaméni,Complete,5.1195703,92.9,15.8,94.0,10.8
3869685,2022-12-18,Final,Argentina,2,69,25,France,6704,Theo Bernard François Hernández,3099,Hugo Lloris,Complete,35.0454,46.9,3.1,20.2,25.8
3869685,2022-12-18,Final,Argentina,2,69,29,France,3099,Hugo Lloris,5485,Raphaël Varane,Complete,22.707928,25.3,32.4,39.4,50.2
3869685,2022-12-18,Final,Argentina,2,69,36,France,5485,Raphaël Varane,4445,Jules Koundé,Complete,13.685759,62.5,56.8,57.4,69.5
3869685,2022-12-18,Final,Argentina,2,69,38,France,4445,Jules Koundé,8519,Dayotchanculle Upamecano,Complete,38.20785,57.4,69.5,44.6,33.5
3869685,2022-12-18,Final,Argentina,2,69,42,France,8519,Dayotchanculle Upamecano,10481,Aurélien Djani Tchouaméni,Complete,24.740654,45.0,30.3,59.7,10.4
3869685,2022-12-18,Final,Argentina,2,69,47,France,10481,Aurélien Djani Tchouaméni,6704,Theo Bernard François Hernández,Complete,14.458562,69.6,9.3,82.8,3.4
3869685,2022-12-18,Final,Argentina,2,69,49,France,6704,Theo Bernard François Hernández,5487,Antoine Griezmann,Incomplete,18.921417,83.7,4.2,100.8,12.3
3869685,2022-12-18,Final,Argentina,2,69,56,France,10481,Aurélien Djani Tchouaméni,3026,Adrien Rabiot,Complete,10.816654,78.3,17.9,68.1,21.5
3869685,2022-12-18,Final,Argentina,2,70,0,France,3026,Adrien Rabiot,6704,Theo Bernard François Hernández,Complete,17.08157,72.6,18.1,81.3,3.4
3869685,2022-12-18,Final,Argentina,2,70,2,France,6704,Theo Bernard François Hernández,3009,Kylian Mbappé Lottin,Complete,16.9,81.3,3.4,98.2,3.4
3869685,2022-12-18,Final,Argentina,2,70,5,France,3009,Kylian Mbappé Lottin,3026,Adrien Rabiot,Incomplete,4.167733,98.9,8.7,101.0,12.3
3869685,2022-12-18,Final,Argentina,2,71,2,France,4445,Jules Koundé,8217,Kingsley Coman,Complete,9.425497,45.0,72.4,54.0,75.2
3869685,2022-12-18,Final,Argentina,2,71,43,France,3099,Hugo Lloris,3026,Adrien Rabiot,Complete,31.578474,10.1,38.6,34.7,18.8
3869685,2022-12-18,Final,Argentina,2,71,48,France,3026,Adrien Rabiot,24778,Eduardo Camavinga,Complete,10.454664,60.0,14.5,62.7,4.4
3869685,2022-12-18,Final,Argentina,2,71,52,France,24778,Eduardo Camavinga,8519,Dayotchanculle Upamecano,Complete,13.395895,45.2,2.7,35.1,11.5
3869685,2022-12-18,Final,Argentina,2,71,55,France,8519,Dayotchanculle Upamecano,5485,Raphaël Varane,Complete,23.591524,31.5,12.3,34.5,35.7
3869685,2022-12-18,Final,Argentina,2,71,58,France,5485,Raphaël Varane,4445,Jules Koundé,Complete,27.449226,43.5,43.8,52.0,69.9
3869685,2022-12-18,Final,Argentina,2,72,3,France,4445,Jules Koundé,10481,Aurélien Djani Tchouaméni,Complete,15.426276,63.6,70.9,62.7,55.5
3869685,2022-12-18,Final,Argentina,2,72,9,France,10481,Aurélien Djani Tchouaméni,3026,Adrien Rabiot,Complete,9.323626,57.8,45.5,65.1,39.7
3869685,2022-12-18,Final,Argentina,2,72,10,France,3026,Adrien Rabiot,5485,Raphaël Varane,Complete,22.631836,66.8,38.9,48.0,51.5
3869685,2022-12-18,Final,Argentina,2,72,13,France,5485,Raphaël Varane,8519,Dayotchanculle Upamecano,Complete,30.124077,48.0,51.5,56.5,22.6
3869685,2022-12-18,Final,Argentina,2,72,16,France,8519,Dayotchanculle Upamecano,22097,Randal Kolo Muani,Complete,32.78353,56.5,22.6,83.9,4.6
3869685,2022-12-18,Final,Argentina,2,72,21,France,22097,Randal Kolo Muani,10481,Aurélien Djani Tchouaméni,Complete,16.892899,92.0,8.1,82.4,22.0
3869685,2022-12-18,Final,Argentina,2,72,23,France,10481,Aurélien Djani Tchouaméni,3009,Kylian Mbappé Lottin,Incomplete,33.284832,83.1,22.0,105.3,46.8
3869685,2022-12-18,Final,Argentina,2,72,34,France,24778,Eduardo Camavinga,8519,Dayotchanculle Upamecano,Complete,11.807201,58.5,0.1,48.0,5.5
3869685,2022-12-18,Final,Argentina,2,72,38,France,8519,Dayotchanculle Upamecano,5485,Raphaël Varane,Complete,39.225628,54.4,8.3,48.0,47.0
3869685,2022-12-18,Final,Argentina,2,72,47,France,5485,Raphaël Varane,4445,Jules Koundé,Complete,23.677204,70.0,52.3,79.0,74.2
3869685,2022-12-18,Final,Argentina,2,72,50,France,4445,Jules Koundé,8217,Kingsley Coman,Complete,14.83543,79.0,74.2,93.7,72.2
3869685,2022-12-18,Final,Argentina,2,72,54,France,8217,Kingsley Coman,3026,Adrien Rabiot,Complete,17.464249,93.5,80.0,78.3,71.4
3869685,2022-12-18,Final,Argentina,2,72,56,France,3026,Adrien Rabiot,8217,Kingsley Coman,Complete,4.876474,78.3,71.4,82.6,73.7
3869685,2022-12-18,Final,Argentina,2,72,58,France,8217,Kingsley Coman,5485,Raphaël Varane,Complete,25.656189,83.9,75.0,61.9,61.8
3869685,2022-12-18,Final,Argentina,2,73,0,France,5485,Raphaël Varane,8519,Dayotchanculle Upamecano,Complete,24.707287,61.9,58.8,64.2,34.2
3869685,2022-12-18,Final,Argentina,2,73,6,France,8519,Dayotchanculle Upamecano,3009,Kylian Mbappé Lottin,Incomplete,14.723111,82.8,19.2,97.4,21.1
3869685,2022-12-18,Final,Argentina,2,74,13,France,8519,Dayotchanculle Upamecano,,,Incomplete,17.05579,28.1,16.8,45.0,14.5
3869685,2022-12-18,Final,Argentina,2,74,48,France,8217,Kingsley Coman,5485,Raphaël Varane,Complete,21.476732,47.1,29.2,42.6,50.2
3869685,2022-12-18,Final,Argentina,2,74,55,France,5485,Raphaël Varane,4445,Jules Koundé,Out,24.981594,67.4,57.9,79.6,79.7
3869685,2022-12-18,Final,Argentina,2,75,41,France,2972,Marcus Thuram,,,Incomplete,27.144981,54.2,38.2,70.9,59.6
3869685,2022-12-18,Final,Argentina,2,75,48,France,24778,Eduardo Camavinga,2972,Marcus Thuram,Complete,20.383572,41.6,34.2,54.6,18.5
3869685,2022-12-18,Final,Argentina,2,75,54,France,2972,Marcus Thuram,10481,Aurélien Djani Tchouaméni,Complete,17.923449,62.9,16.4,55.9,32.9
3869685,2022-12-18,Final,Argentina,2,76,0,France,10481,Aurélien Djani Tchouaméni,3009,Kylian Mbappé Lottin,Incomplete,19.516659,78.6,29.7,92.3,15.8
3869685,2022-12-18,Final,Argentina,2,77,7,France,3099,Hugo Lloris,,,Incomplete,69.64919,13.7,42.7,82.2,55.3
3869685,2022-12-18,Final,Argentina,2,77,39,France,24778,Eduardo Camavinga,,,Incomplete,3.8052595,50.8,4.2,54.6,4.4
3869685,2022-12-18,Final,Argentina,2,78,6,France,24778,Eduardo Camavinga,3009,Kylian Mbappé Lottin,Complete,20.895933,39.4,9.8,60.2,7.8
3869685,2022-12-18,Final,Argentina,2,78,8,France,3009,Kylian Mbappé Lottin,22097,Randal Kolo Muani,Complete,31.878834,60.2,7.6,90.3,18.1
3869685,2022-12-18,Final,Argentina,2,80,13,France,4445,Jules Koundé,8519,Dayotchanculle Upamecano,Complete,34.145718,56.5,80.0,38.8,50.8
3869685,2022-12-18,Final,Argentina,2,80,20,France,8519,Dayotchanculle Upamecano,24778,Eduardo Camavinga,Complete,24.10083,55.7,35.2,55.9,11.1
3869685,2022-12-18,Final,Argentina,2,80,22,France,24778,Eduardo Camavinga,2972,Marcus Thuram,Complete,14.008925,55.9,11.1,66.8,2.3
3869685,2022-12-18,Final,Argentina,2,80,24,France,2972,Marcus Thuram,24778,Eduardo Camavinga,Complete,14.375326,68.7,2.7,54.6,5.5
3869685,2022-12-18,Final,Argentina,2,80,25,France,24778,Eduardo Camavinga,8519,Dayotchanculle Upamecano,Complete,21.011663,54.6,5.5,44.1,23.7
3869685,2022-12-18,Final,Argentina,2,80,33,France,8519,Dayotchanculle Upamecano,,,Incomplete,49.819675,66.2,64.1,100.0,27.5
3869685,2022-12-18,Final,Argentina,2,80,38,France,24778,Eduardo Camavinga,3026,Adrien Rabiot,Incomplete,11.869709,81.1,23.7,73.6,32.9
3869685,2022-12-18,Final,Argentina,2,80,52,France,8217,Kingsley Coman,3026,Adrien Rabiot,Complete,14.227087,84.8,71.2,78.8,58.3
3869685,2022-12-18,Final,Argentina,2,80,54,France,3026,Adrien Rabiot,3009,Kylian Mbappé Lottin,Complete,33.063725,79.2,54.1,93.1,24.1
3869685,2022-12-18,Final,Argentina,2,80,56,France,3009,Kylian Mbappé Lottin,2972,Marcus Thuram,Complete,12.317873,93.1,24.1,94.8,36.3
3869685,2022-12-18,Final,Argentina,2,80,57,France,2972,Marcus Thuram,3009,Kylian Mbappé Lottin,Complete,11.766053,94.8,36.3,104.8,30.1
3869685,2022-12-18,Final,Argentina,2,83,30,France,24778,Eduardo Camavinga,,,Incomplete,24.096888,23.8,24.7,46.7,32.2
3869685,2022-12-18,Final,Argentina,2,83,36,France,3026,Adrien Rabiot,,,Incomplete,5.903389,42.0,17.7,47.3,15.1
3869685,2022-12-18,Final,Argentina,2,84,0,France,2972,Marcus Thuram,3009,Kylian Mbappé Lottin,Complete,18.319935,91.0,19.0,108.9,15.1
3869685,2022-12-18,Final,Argentina,2,84,3,France,3009,Kylian Mbappé Lottin,,,Out,38.805798,108.3,20.3,120.0,57.3
3869685,2022-12-18,Final,Argentina,2,84,51,France,3026,Adrien Rabiot,4445,Jules Koundé,Complete,16.204937,46.3,50.0,46.7,66.2
3869685,2022-12-18,Final,Argentina,2,84,52,France,4445,Jules Koundé,5485,Raphaël Varane,Complete,13.008459,46.7,66.2,39.6,55.3
3869685,2022-12-18,Final,Argentina,2,84,56,France,5485,Raphaël Varane,4445,Jules Koundé,Complete,14.767871,42.6,57.3,45.4,71.8
3869685,2022-12-18,Final,Argentina,2,84,57,France,4445,Jules Koundé,5485,Raphaël Varane,Complete,12.442266,45.4,71.2,40.9,59.6
3869685,2022-12-18,Final,Argentina,2,84,59,France,5485,Raphaël Varane,3099,Hugo Lloris,Complete,35.202274,40.7,60.5,12.3,39.7
3869685,2022-12-18,Final,Argentina,2,85,7,France,3099,Hugo Lloris,2972,Marcus Thuram,Complete,57.74816,23.4,29.7,78.8,13.4
3869685,2022-12-18,Final,Argentina,2,85,10,France,2972,Marcus Thuram,,,Incomplete,15.088075,78.8,13.4,93.5,16.8
3869685,2022-12-18,Final,Argentina,2,85,16,France,10481,Aurélien Djani Tchouaméni,3026,Adrien Rabiot,Complete,8.612201,68.3,19.2,70.2,10.8
3869685,2022-12-18,Final,Argentina,2,85,17,France,3026,Adrien Rabiot,8519,Dayotchanculle Upamecano,Complete,22.98978,70.2,10.8,48.4,18.1
3869685,2022-12-18,Final,Argentina,2,85,20,France,8519,Dayotchanculle Upamecano,4445,Jules Koundé,Complete,34.277252,53.5,21.8,51.2,56.0
3869685,2022-12-18,Final,Argentina,2,85,25,France,4445,Jules Koundé,5485,Raphaël Varane,Complete,11.346365,51.8,56.0,47.5,45.5
3869685,2022-12-18,Final,Argentina,2,85,29,France,5485,Raphaël Varane,3026,Adrien Rabiot,Complete,17.448496,52.3,38.9,67.0,29.5
3869685,2022-12-18,Final,Argentina,2,85,30,France,3026,Adrien Rabiot,8519,Dayotchanculle Upamecano,Complete,21.219095,67.0,29.5,49.5,17.5
3869685,2022-12-18,Final,Argentina,2,85,38,France,8519,Dayotchanculle Upamecano,4445,Jules Koundé,Complete,54.44502,49.3,10.6,39.2,64.1
3869685,2022-12-18,Final,Argentina,2,85,44,France,4445,Jules Koundé,,,Unknown,30.37252,46.7,75.7,76.0,67.7
3869685,2022-12-18,Final,Argentina,2,86,13,France,3009,Kylian Mbappé Lottin,4445,Jules Koundé,Complete,4.8270073,74.7,63.0,75.8,67.7
3869685,2022-12-18,Final,Argentina,2,86,13,France,4445,Jules Koundé,3009,Kylian Mbappé Lottin,Complete,6.8242216,76.4,67.1,80.3,61.5
3869685,2022-12-18,Final,Argentina,2,86,15,France,3009,Kylian Mbappé Lottin,,,Incomplete,23.660305,80.3,61.5,99.3,47.4
3869685,2022-12-18,Final,Argentina,2,86,19,France,22097,Randal Kolo Muani,,,Incomplete,9.960923,98.0,32.9,107.9,31.8
3869685,2022-12-18,Final,Argentina,2,86,21,France,22097,Randal Kolo Muani,2972,Marcus Thuram,Complete,7.566373,96.7,30.7,100.4,24.1
3869685,2022-12-18,Final,Argentina,2,86,22,France,2972,Marcus Thuram,3026,Adrien Rabiot,Complete,6.8767724,101.2,23.9,106.4,28.4
3869685,2022-12-18,Final,Argentina,2,86,23,France,3026,Adrien Rabiot,2972,Marcus Thuram,Complete,3.342155,104.0,25.2,106.6,27.3
3869685,2022-12-18,Final,Argentina,2,89,19,France,24778,Eduardo Camavinga,5485,Raphaël Varane,Complete,37.845078,34.9,10.2,30.6,47.8
3869685,2022-12-18,Final,Argentina,2,89,25,France,5485,Raphaël Varane,,,Incomplete,62.415703,44.8,52.6,97.4,19.0
3869685,2022-12-18,Final,Argentina,2,89,40,France,24778,Eduardo Camavinga,3026,Adrien Rabiot,Complete,13.18484,99.5,0.1,87.3,5.1
3869685,2022-12-18,Final,Argentina,2,89,43,France,3026,Adrien Rabiot,,,Incomplete,38.175648,89.7,3.8,109.4,36.5
3869685,2022-12-18,Final,Argentina,2,89,48,France,3026,Adrien Rabiot,3009,Kylian Mbappé Lottin,Complete,12.902713,87.8,13.4,92.0,25.6
3869685,2022-12-18,Final,Argentina,2,89,50,France,3009,Kylian Mbappé Lottin,8217,Kingsley Coman,Complete,44.723595,92.3,25.4,111.9,65.6
3869685,2022-12-18,Final,Argentina,2,89,55,France,8217,Kingsley Coman,4445,Jules Koundé,Complete,42.4807,111.7,68.8,69.8,61.8
3869685,2022-12-18,Final,Argentina,2,90,0,France,4445,Jules Koundé,5485,Raphaël Varane,Complete,23.726147,70.4,59.8,54.6,42.1
3869685,2022-12-18,Final,Argentina,2,90,3,France,5485,Raphaël Varane,8519,Dayotchanculle Upamecano,Complete,25.072096,54.8,39.9,56.7,14.9
3869685,2022-12-18,Final,Argentina,2,90,7,France,8519,Dayotchanculle Upamecano,4445,Jules Koundé,Complete,37.470654,56.3,19.4,54.0,56.8
3869685,2022-12-18,Final,Argentina,2,90,10,France,4445,Jules Koundé,8217,Kingsley Coman,Complete,25.947062,52.9,60.9,75.8,73.1
3869685,2022-12-18,Final,Argentina,2,90,18,France,8519,Dayotchanculle Upamecano,2972,Marcus Thuram,Pass Offside,30.829855,53.1,35.0,83.3,28.8
3869685,2022-12-18,Final,Argentina,2,90,55,France,4445,Jules Koundé,,,Incomplete,16.137224,23.2,57.9,39.2,55.8
3869685,2022-12-18,Final,Argentina,2,91,27,France,3099,Hugo Lloris,22097,Randal Kolo Muani,Complete,71.121376,6.0,44.0,74.7,25.6
3869685,2022-12-18,Final,Argentina,2,91,30,France,22097,Randal Kolo Muani,2972,Marcus Thuram,Complete,7.91012,74.7,25.6,82.6,25.2
3869685,2022-12-18,Final,Argentina,2,92,16,France,3009,Kylian Mbappé Lottin,,,Incomplete,23.216589,86.7,18.1,106.2,30.7
3869685,2022-12-18,Final,Argentina,2,93,29,France,8217,Kingsley Coman,,,Incomplete,38.541016,120.0,0.1,113.0,38.0
3869685,2022-12-18,Final,Argentina,2,93,34,France,10481,Aurélien Djani Tchouaméni,24778,Eduardo Camavinga,Complete,14.483784,91.6,33.7,89.3,19.4
3869685,2022-12-18,Final,Argentina,2,93,36,France,24778,Eduardo Camavinga,8217,Kingsley Coman,Complete,17.638594,90.1,18.3,98.7,2.9
3869685,2022-12-18,Final,Argentina,2,93,44,France,24778,Eduardo Camavinga,3026,Adrien Rabiot,Complete,9.888377,113.6,19.8,108.9,28.5
3869685,2022-12-18,Final,Argentina,2,94,59,France,24778,Eduardo Camavinga,3009,Kylian Mbappé Lottin,Complete,24.745504,22.3,13.0,44.8,2.7
3869685,2022-12-18,Final,Argentina,2,95,3,France,3009,Kylian Mbappé Lottin,22097,Randal Kolo Muani,Complete,23.34138,79.4,4.6,95.5,21.5
3869685,2022-12-18,Final,Argentina,2,95,10,France,3009,Kylian Mbappé Lottin,22097,Randal Kolo Muani,Complete,2.531798,110.9,23.5,113.4,23.9
3869685,2022-12-18,Final,Argentina,2,95,56,France,10481,Aurélien Djani Tchouaméni,4445,Jules Koundé,Complete,26.166391,31.5,53.0,49.7,71.8
3869685,2022-12-18,Final,Argentina,2,96,2,France,4445,Jules Koundé,5485,Raphaël Varane,Complete,16.227446,55.9,73.3,45.2,61.1
3869685,2022-12-18,Final,Argentina,2,96,5,France,5485,Raphaël Varane,10481,Aurélien Djani Tchouaméni,Complete,5.8463664,45.6,55.3,46.9,49.6
3869685,2022-12-18,Final,Argentina,2,96,7,France,10481,Aurélien Djani Tchouaméni,3099,Hugo Lloris,Complete,25.083858,48.4,41.2,24.2,34.6
3869685,2022-12-18,Final,Argentina,2,96,15,France,3099,Hugo Lloris,2972,Marcus Thuram,Complete,55.081757,26.6,31.8,79.6,16.8
3869685,2022-12-18,Final,Argentina,2,96,18,France,2972,Marcus Thuram,22097,Randal Kolo Muani,Incomplete,23.749737,79.6,16.8,89.9,38.2
3869685,2022-12-18,Final,Argentina,2,97,51,France,5485,Raphaël Varane,10481,Aurélien Djani Tchouaméni,Complete,23.920702,24.4,52.3,42.0,36.1
3869685,2022-12-18,Final,Argentina,2,97,53,France,10481,Aurélien Djani Tchouaméni,3026,Adrien Rabiot,Complete,16.21635,48.6,49.1,55.0,34.2
3869685,2022-12-18,Final,Argentina,2,97,58,France,3026,Adrien Rabiot,10481,Aurélien Djani Tchouaméni,Complete,17.042593,66.4,11.1,64.2,28.0
3869685,2022-12-18,Final,Argentina,2,98,1,France,10481,Aurélien Djani Tchouaméni,4445,Jules Koundé,Complete,24.807257,62.7,33.5,65.9,58.1
3869685,2022-12-18,Final,Argentina,2,98,3,France,4445,Jules Koundé,8217,Kingsley Coman,Complete,15.772445,73.4,63.0,84.3,74.4
3869685,2022-12-18,Final,Argentina,2,98,12,France,8217,Kingsley Coman,,,Incomplete,11.228535,116.2,66.7,115.4,55.5
3869685,2022-12-18,Final,Argentina,2,98,35,France,10481,Aurélien Djani Tchouaméni,24778,Eduardo Camavinga,Complete,9.750897,15.0,43.6,23.8,47.8
3869685,2022-12-18,Final,Argentina,3,90,0,France,22097,Randal Kolo Muani,10481,Aurélien Djani Tchouaméni,Complete,9.89798,61.0,40.1,51.6,43.2
3869685,2022-12-18,Final,Argentina,3,90,2,France,10481,Aurélien Djani Tchouaméni,3026,Adrien Rabiot,Complete,12.41491,52.0,42.5,49.7,30.3
3869685,2022-12-18,Final,Argentina,3,90,5,France,3026,Adrien Rabiot,24778,Eduardo Camavinga,Complete,11.315918,51.6,19.8,52.2,8.5
3869685,2022-12-18,Final,Argentina,3,90,8,France,24778,Eduardo Camavinga,8519,Dayotchanculle Upamecano,Complete,16.812199,52.0,9.2,39.2,20.1
3869685,2022-12-18,Final,Argentina,3,90,11,France,8519,Dayotchanculle Upamecano,4445,Jules Koundé,Complete,36.289116,44.5,23.1,39.2,59.0
3869685,2022-12-18,Final,Argentina,3,90,14,France,4445,Jules Koundé,8217,Kingsley Coman,Incomplete,41.210922,39.4,60.1,77.9,74.8
3869685,2022-12-18,Final,Argentina,3,90,32,France,10481,Aurélien Djani Tchouaméni,,,Incomplete,24.691092,57.4,46.4,81.3,40.2
3869685,2022-12-18,Final,Argentina,3,92,31,France,3099,Hugo Lloris,8217,Kingsley Coman,Incomplete,84.52881,7.0,44.1,85.4,75.7
3869685,2022-12-18,Final,Argentina,3,93,3,France,24778,Eduardo Camavinga,4445,Jules Koundé,Complete,51.57606,22.7,14.5,25.5,66.0
3869685,2022-12-18,Final,Argentina,3,93,7,France,4445,Jules Koundé,5485,Raphaël Varane,Complete,17.0,29.6,66.0,27.0,49.2
3869685,2022-12-18,Final,Argentina,3,93,10,France,5485,Raphaël Varane,3026,Adrien Rabiot,Complete,19.747404,27.8,47.2,38.8,30.8
3869685,2022-12-18,Final,Argentina,3,93,12,France,3026,Adrien Rabiot,5485,Raphaël Varane,Complete,17.260939,45.2,35.0,34.7,48.7
3869685,2022-12-18,Final,Argentina,3,93,18,France,5485,Raphaël Varane,4445,Jules Koundé,Complete,22.856947,45.8,52.8,52.0,74.8
3869685,2022-12-18,Final,Argentina,3,93,20,France,4445,Jules Koundé,10481,Aurélien Djani Tchouaméni,Complete,11.928118,52.0,74.8,45.2,65.0
3869685,2022-12-18,Final,Argentina,3,93,22,France,10481,Aurélien Djani Tchouaméni,4445,Jules Koundé,Complete,12.212289,44.7,65.0,48.2,76.7
3869685,2022-12-18,Final,Argentina,3,93,24,France,4445,Jules Koundé,3099,Hugo Lloris,Complete,43.184486,47.7,77.8,11.6,54.1
3869685,2022-12-18,Final,Argentina,3,93,37,France,3099,Hugo Lloris,2972,Marcus Thuram,Complete,70.89351,12.2,50.2,80.5,31.2
3869685,2022-12-18,Final,Argentina,3,93,40,France,2972,Marcus Thuram,3009,Kylian Mbappé Lottin,Incomplete,14.741099,80.5,31.2,94.6,35.5
3869685,2022-12-18,Final,Argentina,3,93,49,France,8519,Dayotchanculle Upamecano,10481,Aurélien Djani Tchouaméni,Complete,11.537765,50.1,24.1,59.7,17.7
3869685,2022-12-18,Final,Argentina,3,93,51,France,10481,Aurélien Djani Tchouaméni,24778,Eduardo Camavinga,Complete,10.737783,62.5,18.8,63.4,8.1
3869685,2022-12-18,Final,Argentina,3,93,55,France,24778,Eduardo Camavinga,8519,Dayotchanculle Upamecano,Complete,21.185137,67.2,7.2,48.8,17.7
3869685,2022-12-18,Final,Argentina,3,93,57,France,8519,Dayotchanculle Upamecano,3026,Adrien Rabiot,Complete,7.7077885,49.0,20.1,54.4,25.6
3869685,2022-12-18,Final,Argentina,3,94,5,France,3026,Adrien Rabiot,22097,Randal Kolo Muani,Complete,15.181897,73.0,60.9,86.2,53.4
3869685,2022-12-18,Final,Argentina,3,95,16,France,5485,Raphaël Varane,24778,Eduardo Camavinga,Complete,53.56314,46.5,74.2,43.9,20.7
3869685,2022-12-18,Final,Argentina,3,95,19,France,24778,Eduardo Camavinga,11990,Youssouf Fofana,Complete,12.024142,46.7,13.0,55.4,21.3
3869685,2022-12-18,Final,Argentina,3,95,20,France,11990,Youssouf Fofana,24778,Eduardo Camavinga,Complete,9.960923,55.9,21.6,54.8,11.7
3869685,2022-12-18,Final,Argentina,3,95,23,France,24778,Eduardo Camavinga,2972,Marcus Thuram,Complete,22.046541,55.0,11.5,76.4,6.2
3869685,2022-12-18,Final,Argentina,3,95,24,France,2972,Marcus Thuram,24778,Eduardo Camavinga,Complete,8.062258,76.0,7.0,70.2,12.6
3869685,2022-12-18,Final,Argentina,3,95,36,France,10481,Aurélien Djani Tchouaméni,11990,Youssouf Fofana,Complete,14.169333,69.3,27.8,74.7,14.7
3869685,2022-12-18,Final,Argentina,3,95,37,France,11990,Youssouf Fofana,10481,Aurélien Djani Tchouaméni,Complete,18.984203,75.5,13.2,68.9,31.0
3869685,2022-12-18,Final,Argentina,3,95,40,France,10481,Aurélien Djani Tchouaméni,4445,Jules Koundé,Complete,23.49234,64.2,44.7,61.2,68.0
3869685,2022-12-18,Final,Argentina,3,95,44,France,4445,Jules Koundé,5485,Raphaël Varane,Complete,17.269917,63.4,67.5,56.9,51.5
3869685,2022-12-18,Final,Argentina,3,95,47,France,5485,Raphaël Varane,11990,Youssouf Fofana,Complete,7.605919,56.9,49.8,63.8,46.6
3869685,2022-12-18,Final,Argentina,3,95,50,France,11990,Youssouf Fofana,8519,Dayotchanculle Upamecano,Complete,12.865458,57.8,45.7,55.2,33.1
3869685,2022-12-18,Final,Argentina,3,95,52,France,8519,Dayotchanculle Upamecano,24778,Eduardo Camavinga,Complete,20.895214,56.9,31.2,60.4,10.6
3869685,2022-12-18,Final,Argentina,3,95,55,France,24778,Eduardo Camavinga,8519,Dayotchanculle Upamecano,Complete,10.720075,61.0,10.0,54.6,18.6
3869685,2022-12-18,Final,Argentina,3,95,58,France,8519,Dayotchanculle Upamecano,3009,Kylian Mbappé Lottin,Pass Offside,32.588493,57.2,22.2,89.7,19.8
3869685,2022-12-18,Final,Argentina,3,97,40,France,3099,Hugo Lloris,,,Incomplete,79.72961,7.0,36.1,85.4,50.6
3869685,2022-12-18,Final,Argentina,3,97,52,France,8217,Kingsley Coman,,,Incomplete,31.257,92.2,72.5,107.6,45.3
3869685,2022-12-18,Final,Argentina,3,98,44,France,24778,Eduardo Camavinga,10481,Aurélien Djani Tchouaméni,Complete,17.582378,50.7,7.9,64.0,19.4
3869685,2022-12-18,Final,Argentina,3,98,46,France,10481,Aurélien Djani Tchouaméni,3009,Kylian Mbappé Lottin,Complete,23.24672,65.1,20.3,88.0,24.3
3869685,2022-12-18,Final,Argentina,3,99,49,France,8217,Kingsley Coman,,,Incomplete,31.343899,111.1,6.2,108.1,37.4
3869685,2022-12-18,Final,Argentina,3,100,20,France,8217,Kingsley Coman,,,Incomplete,28.65554,120.0,0.1,115.5,28.4
3869685,2022-12-18,Final,Argentina,3,100,23,France,11990,Youssouf Fofana,4445,Jules Koundé,Complete,23.145842,88.4,50.0,94.6,72.3
3869685,2022-12-18,Final,Argentina,3,100,26,France,4445,Jules Koundé,5485,Raphaël Varane,Pass Offside,33.392365,97.4,72.3,106.6,40.2
3869685,2022-12-18,Final,Argentina,3,101,10,France,2972,Marcus Thuram,22097,Randal Kolo Muani,Complete,22.92444,50.5,10.6,73.2,7.4
3869685,2022-12-18,Final,Argentina,3,102,32,France,11990,Youssouf Fofana,,,Incomplete,55.061874,55.0,23.9,105.9,44.9
3869685,2022-12-18,Final,Argentina,3,103,5,France,4445,Jules Koundé,8217,Kingsley Coman,Incomplete,14.698639,27.2,56.9,41.8,58.6
3869685,2022-12-18,Final,Argentina,3,104,2,France,3099,Hugo Lloris,,,Incomplete,61.46495,7.0,36.1,68.3,31.6
3869685,2022-12-18,Final,Argentina,3,105,21,France,10481,Aurélien Djani Tchouaméni,24778,Eduardo Camavinga,Complete,10.154801,28.5,0.1,23.1,8.7
3869685,2022-12-18,Final,Argentina,3,105,23,France,24778,Eduardo Camavinga,8519,Dayotchanculle Upamecano,Complete,11.764353,24.2,7.7,17.4,17.3
3869685,2022-12-18,Final,Argentina,3,105,25,France,8519,Dayotchanculle Upamecano,5485,Raphaël Varane,Complete,21.99932,14.4,18.3,19.5,39.7
3869685,2022-12-18,Final,Argentina,3,105,28,France,5485,Raphaël Varane,11990,Youssouf Fofana,Complete,15.337862,19.3,40.0,33.8,35.0
3869685,2022-12-18,Final,Argentina,3,105,30,France,11990,Youssouf Fofana,4445,Jules Koundé,Complete,25.79651,35.1,41.0,39.0,66.5
3869685,2022-12-18,Final,Argentina,3,105,33,France,4445,Jules Koundé,8217,Kingsley Coman,Complete,13.805072,41.1,77.8,54.8,76.1
3869685,2022-12-18,Final,Argentina,3,106,0,France,3099,Hugo Lloris,11990,Youssouf Fofana,Complete,31.28658,7.0,36.1,36.4,25.4
3869685,2022-12-18,Final,Argentina,3,106,2,France,11990,Youssouf Fofana,24778,Eduardo Camavinga,Complete,11.692733,40.5,25.0,37.9,13.6
3869685,2022-12-18,Final,Argentina,4,105,28,France,8217,Kingsley Coman,,,Incomplete,10.3,7.3,75.0,17.6,75.0
3869685,2022-12-18,Final,Argentina,4,106,4,France,3099,Hugo Lloris,,,Incomplete,79.747665,6.0,44.0,83.5,25.2
3869685,2022-12-18,Final,Argentina,4,107,37,France,3099,Hugo Lloris,,,Incomplete,62.415783,6.0,44.0,68.3,47.8
3869685,2022-12-18,Final,Argentina,4,107,43,France,8519,Dayotchanculle Upamecano,10481,Aurélien Djani Tchouaméni,Complete,10.701869,55.7,38.4,66.4,38.2
3869685,2022-12-18,Final,Argentina,4,107,44,France,10481,Aurélien Djani Tchouaméni,,,Incomplete,11.002727,66.4,38.2,77.3,36.7
3869685,2022-12-18,Final,Argentina,4,109,58,France,10481,Aurélien Djani Tchouaméni,4445,Jules Koundé,Complete,16.62438,60.0,40.0,48.6,52.1
3869685,2022-12-18,Final,Argentina,4,110,0,France,4445,Jules Koundé,5485,Raphaël Varane,Complete,18.970766,54.4,71.6,45.4,54.9
3869685,2022-12-18,Final,Argentina,4,110,3,France,5485,Raphaël Varane,3099,Hugo Lloris,Complete,29.71683,43.7,53.2,15.9,42.7
3869685,2022-12-18,Final,Argentina,4,110,9,France,3099,Hugo Lloris,,,Out,99.651596,21.0,27.7,119.8,14.7
3869685,2022-12-18,Final,Argentina,4,110,54,France,2972,Marcus Thuram,5485,Raphaël Varane,Complete,16.224981,45.4,8.3,36.4,21.8
3869685,2022-12-18,Final,Argentina,4,110,56,France,5485,Raphaël Varane,2972,Marcus Thuram,Complete,42.8376,37.5,21.5,76.6,4.0
3869685,2022-12-18,Final,Argentina,4,111,3,France,2972,Marcus Thuram,,,Incomplete,24.538134,76.6,4.0,101.0,6.6
3869685,2022-12-18,Final,Argentina,4,111,11,France,22097,Randal Kolo Muani,2972,Marcus Thuram,Complete,9.441399,90.8,17.0,86.3,8.7
3869685,2022-12-18,Final,Argentina,4,111,19,France,5485,Raphaël Varane,8519,Dayotchanculle Upamecano,Complete,16.659533,34.3,41.2,36.6,24.7
3869685,2022-12-18,Final,Argentina,4,111,21,France,8519,Dayotchanculle Upamecano,3099,Hugo Lloris,Complete,22.318153,34.9,22.8,17.6,36.9
3869685,2022-12-18,Final,Argentina,4,111,26,France,3099,Hugo Lloris,24778,Eduardo Camavinga,Complete,42.18649,17.6,36.9,43.5,3.6
3869685,2022-12-18,Final,Argentina,4,111,30,France,24778,Eduardo Camavinga,11990,Youssouf Fofana,Complete,22.631174,46.3,6.6,56.7,26.7
3869685,2022-12-18,Final,Argentina,4,111,55,France,5485,Raphaël Varane,,,Out,10.944405,3.3,68.6,5.6,79.3
3869685,2022-12-18,Final,Argentina,4,113,16,France,3099,Hugo Lloris,24778,Eduardo Camavinga,Complete,23.221542,6.0,44.0,14.0,22.2
3869685,2022-12-18,Final,Argentina,4,114,17,France,8217,Kingsley Coman,,,Incomplete,47.20519,77.9,13.8,104.2,53.0
3869685,2022-12-18,Final,Argentina,4,114,22,France,11990,Youssouf Fofana,4445,Jules Koundé,Complete,20.115913,86.3,49.6,87.1,69.7
3869685,2022-12-18,Final,Argentina,4,114,26,France,4445,Jules Koundé,10481,Aurélien Djani Tchouaméni,Incomplete,12.509996,89.7,69.7,81.8,60.0
3869685,2022-12-18,Final,Argentina,4,114,30,France,11990,Youssouf Fofana,4445,Jules Koundé,Complete,13.219683,70.2,51.3,72.6,64.3
3869685,2022-12-18,Final,Argentina,4,114,32,France,4445,Jules Koundé,11135,Ibrahima Konaté,Complete,32.918385,72.8,64.3,105.7,63.2
3869685,2022-12-18,Final,Argentina,4,114,41,France,11135,Ibrahima Konaté,,,Incomplete,3.7054014,116.0,68.0,115.8,64.3
3869685,2022-12-18,Final,Argentina,4,115,35,France,8217,Kingsley Coman,8519,Dayotchanculle Upamecano,Incomplete,44.42353,120.0,80.0,108.1,37.2
3869685,2022-12-18,Final,Argentina,4,118,11,France,11990,Youssouf Fofana,,,Incomplete,21.898401,26.6,19.0,47.1,26.7
3869685,2022-12-18,Final,Argentina,4,119,27,France,24778,Eduardo Camavinga,2972,Marcus Thuram,Complete,4.5,12.3,3.4,15.9,6.1
3869685,2022-12-18,Final,Argentina,4,119,30,France,2972,Marcus Thuram,11990,Youssouf Fofana,Complete,16.211416,15.9,6.1,27.9,17.0
3869685,2022-12-18,Final,Argentina,4,119,35,France,11990,Youssouf Fofana,3009,Kylian Mbappé Lottin,Complete,16.43472,63.8,12.3,78.1,4.2
3869685,2022-12-18,Final,Argentina,4,119,40,France,3009,Kylian Mbappé Lottin,22097,Randal Kolo Muani,Out,59.703938,79.0,4.2,120.0,47.6
3869685,2022-12-18,Final,Argentina,4,121,41,France,8217,Kingsley Coman,22097,Randal Kolo Muani,Incomplete,11.144954,53.3,72.7,64.4,73.7
3869685,2022-12-18,Final,Argentina,4,121,53,France,8217,Kingsley Coman,,,Incomplete,16.507574,57.4,75.9,67.7,63.0
3869685,2022-12-18,Final,Argentina,4,122,34,France,3099,Hugo Lloris,,,Incomplete,62.34621,22.7,50.8,85.0,53.2
3869685,2022-12-18,Final,Argentina,4,122,41,France,11135,Ibrahima Konaté,22097,Randal Kolo Muani,Complete,41.070183,62.7,42.7,103.7,45.1
3869685,2022-12-18,Final,Argentina,4,123,36,France,3099,Hugo Lloris,,,Incomplete,71.733955,6.0,36.0,73.6,60.0
3869685,2022-12-18,Final,Argentina,4,123,46,France,10481,Aurélien Djani Tchouaméni,3009,Kylian Mbappé Lottin,Complete,59.22432,63.4,36.1,115.8,8.5
3869354,2022-12-10,Quarter-finals,England,1,0,0,France,5487,Antoine Griezmann,10481,Aurélien Djani Tchouaméni,Complete,15.692355,61.0,40.1,45.4,41.8
3869354,2022-12-10,Quarter-finals,England,1,0,2,France,10481,Aurélien Djani Tchouaméni,3009,Kylian Mbappé Lottin,Incomplete,51.34754,46.1,42.3,87.7,12.2
3869354,2022-12-10,Quarter-finals,England,1,0,36,France,5477,Ousmane Dembélé,,,Injury Clearance,30.84234,99.0,80.0,117.2,55.1
3869354,2022-12-10,Quarter-finals,England,1,1,40,France,5477,Ousmane Dembélé,4445,Jules Koundé,Complete,7.4330344,30.3,68.4,23.2,70.6
3869354,2022-12-10,Quarter-finals,England,1,1,41,France,4445,Jules Koundé,10481,Aurélien Djani Tchouaméni,Complete,5.4626,23.2,70.6,28.2,68.4
3869354,2022-12-10,Quarter-finals,England,1,1,43,France,10481,Aurélien Djani Tchouaméni,8519,Dayotchanculle Upamecano,Complete,24.932709,26.4,65.9,20.4,41.7
3869354,2022-12-10,Quarter-finals,England,1,1,45,France,8519,Dayotchanculle Upamecano,6704,Theo Bernard François Hernández,Complete,37.960243,20.4,41.1,45.7,12.8
3869354,2022-12-10,Quarter-finals,England,1,1,51,France,6704,Theo Bernard François Hernández,3009,Kylian Mbappé Lottin,Complete,15.090394,80.4,13.4,92.8,4.8
3869354,2022-12-10,Quarter-finals,England,1,1,57,France,3009,Kylian Mbappé Lottin,3026,Adrien Rabiot,Complete,5.020956,95.4,18.0,91.9,14.4
3869354,2022-12-10,Quarter-finals,England,1,1,58,France,3026,Adrien Rabiot,6704,Theo Bernard François Hernández,Complete,10.6737995,92.2,13.6,95.0,3.3
3869354,2022-12-10,Quarter-finals,England,1,1,59,France,6704,Theo Bernard François Hernández,3009,Kylian Mbappé Lottin,Complete,13.577187,94.6,4.1,85.1,13.8
3869354,2022-12-10,Quarter-finals,England,1,2,4,France,3009,Kylian Mbappé Lottin,3026,Adrien Rabiot,Complete,5.3712196,82.2,6.5,87.1,8.7
3869354,2022-12-10,Quarter-finals,England,1,2,8,France,3026,Adrien Rabiot,5485,Raphaël Varane,Complete,27.887094,82.9,18.0,61.6,36.0
3869354,2022-12-10,Quarter-finals,England,1,2,10,France,5485,Raphaël Varane,4445,Jules Koundé,Complete,25.10717,57.6,41.1,58.2,66.2
3869354,2022-12-10,Quarter-finals,England,1,2,13,France,4445,Jules Koundé,5477,Ousmane Dembélé,Complete,19.156462,58.2,68.4,74.6,78.3
3869354,2022-12-10,Quarter-finals,England,1,2,16,France,5477,Ousmane Dembélé,5487,Antoine Griezmann,Complete,17.554771,82.4,75.9,93.5,62.3
3869354,2022-12-10,Quarter-finals,England,1,2,17,France,5487,Antoine Griezmann,10481,Aurélien Djani Tchouaméni,Complete,19.424984,93.7,62.1,74.4,59.9
3869354,2022-12-10,Quarter-finals,England,1,2,20,France,10481,Aurélien Djani Tchouaméni,8519,Dayotchanculle Upamecano,Complete,20.604126,74.2,58.1,68.5,38.3
3869354,2022-12-10,Quarter-finals,England,1,2,23,France,8519,Dayotchanculle Upamecano,6704,Theo Bernard François Hernández,Complete,21.982948,70.1,28.1,76.6,7.1
3869354,2022-12-10,Quarter-finals,England,1,2,25,France,6704,Theo Bernard François Hernández,3026,Adrien Rabiot,Complete,14.578408,77.1,7.9,81.8,21.7
3869354,2022-12-10,Quarter-finals,England,1,2,26,France,3026,Adrien Rabiot,3009,Kylian Mbappé Lottin,Complete,8.319856,81.8,21.7,89.9,23.6
3869354,2022-12-10,Quarter-finals,England,1,2,27,France,3009,Kylian Mbappé Lottin,3026,Adrien Rabiot,Complete,10.412012,89.9,23.6,90.4,13.2
3869354,2022-12-10,Quarter-finals,England,1,2,41,France,6704,Theo Bernard François Hernández,10481,Aurélien Djani Tchouaméni,Complete,33.202408,74.4,0.1,57.2,28.5
3869354,2022-12-10,Quarter-finals,England,1,3,4,France,5485,Raphaël Varane,3026,Adrien Rabiot,Complete,29.129538,25.0,39.5,33.7,11.7
3869354,2022-12-10,Quarter-finals,England,1,3,6,France,3026,Adrien Rabiot,6704,Theo Bernard François Hernández,Complete,24.278797,33.5,11.4,10.0,5.3
3869354,2022-12-10,Quarter-finals,England,1,3,10,France,6704,Theo Bernard François Hernández,8519,Dayotchanculle Upamecano,Complete,11.501739,8.8,3.9,8.6,15.4
3869354,2022-12-10,Quarter-finals,England,1,3,12,France,8519,Dayotchanculle Upamecano,,,Incomplete,17.847408,8.6,15.4,24.4,7.1
3869354,2022-12-10,Quarter-finals,England,1,3,34,France,5487,Antoine Griezmann,4445,Jules Koundé,Complete,9.702062,31.9,77.3,22.2,77.5
3869354,2022-12-10,Quarter-finals,England,1,3,35,France,4445,Jules Koundé,10481,Aurélien Djani Tchouaméni,Complete,8.352844,22.0,77.5,26.4,70.4
3869354,2022-12-10,Quarter-finals,England,1,3,37,France,10481,Aurélien Djani Tchouaméni,8519,Dayotchanculle Upamecano,Complete,28.412146,28.6,68.4,24.4,40.3
3869354,2022-12-10,Quarter-finals,England,1,3,45,France,8519,Dayotchanculle Upamecano,5485,Raphaël Varane,Complete,21.128416,39.2,26.3,33.7,46.7
3869354,2022-12-10,Quarter-finals,England,1,3,48,France,5485,Raphaël Varane,4445,Jules Koundé,Complete,22.403572,39.2,48.4,39.6,70.8
3869354,2022-12-10,Quarter-finals,England,1,3,54,France,4445,Jules Koundé,5485,Raphaël Varane,Complete,15.542522,39.9,70.8,27.3,61.7
3869354,2022-12-10,Quarter-finals,England,1,3,57,France,5485,Raphaël Varane,5487,Antoine Griezmann,Complete,27.724539,28.4,61.9,55.2,69.0
3869354,2022-12-10,Quarter-finals,England,1,5,53,France,3099,Hugo Lloris,3604,Olivier Giroud,Incomplete,65.34493,11.8,33.4,75.4,48.4
3869354,2022-12-10,Quarter-finals,England,1,6,7,France,3099,Hugo Lloris,5485,Raphaël Varane,Complete,28.901384,15.1,31.0,19.9,59.5
3869354,2022-12-10,Quarter-finals,England,1,6,13,France,5485,Raphaël Varane,8519,Dayotchanculle Upamecano,Complete,35.735836,35.1,73.9,33.5,38.2
3869354,2022-12-10,Quarter-finals,England,1,6,20,France,8519,Dayotchanculle Upamecano,3009,Kylian Mbappé Lottin,Incomplete,51.381905,47.7,27.8,99.0,24.9
3869354,2022-12-10,Quarter-finals,England,1,6,24,France,3604,Olivier Giroud,3009,Kylian Mbappé Lottin,Complete,9.774457,91.7,29.2,99.0,22.7
3869354,2022-12-10,Quarter-finals,England,1,6,26,France,3009,Kylian Mbappé Lottin,3604,Olivier Giroud,Incomplete,24.257164,102.1,21.7,112.1,43.8
3869354,2022-12-10,Quarter-finals,England,1,6,31,France,4445,Jules Koundé,5477,Ousmane Dembélé,Complete,12.969194,92.8,55.7,97.2,67.9
3869354,2022-12-10,Quarter-finals,England,1,6,33,France,5477,Ousmane Dembélé,4445,Jules Koundé,Complete,9.642613,96.4,67.2,89.1,60.9
3869354,2022-12-10,Quarter-finals,England,1,6,36,France,4445,Jules Koundé,5477,Ousmane Dembélé,Incomplete,4.215448,92.2,60.7,93.8,64.6
3869354,2022-12-10,Quarter-finals,England,1,6,43,France,4445,Jules Koundé,10481,Aurélien Djani Tchouaméni,Complete,13.559499,96.4,80.0,83.3,76.5
3869354,2022-12-10,Quarter-finals,England,1,6,45,France,10481,Aurélien Djani Tchouaméni,4445,Jules Koundé,Incomplete,5.6753855,81.8,77.1,87.3,78.5
3869354,2022-12-10,Quarter-finals,England,1,8,18,France,3099,Hugo Lloris,,,Incomplete,71.12032,7.0,36.1,78.1,34.4
3869354,2022-12-10,Quarter-finals,England,1,8,25,France,5487,Antoine Griezmann,3026,Adrien Rabiot,Complete,8.980535,74.7,40.4,73.5,31.5
3869354,2022-12-10,Quarter-finals,England,1,8,26,France,3026,Adrien Rabiot,3604,Olivier Giroud,Complete,20.298769,73.3,31.6,75.3,51.8
3869354,2022-12-10,Quarter-finals,England,1,8,28,France,3604,Olivier Giroud,4445,Jules Koundé,Complete,11.253888,75.1,51.4,64.7,55.7
3869354,2022-12-10,Quarter-finals,England,1,8,30,France,4445,Jules Koundé,5485,Raphaël Varane,Complete,14.406942,65.1,54.8,51.1,51.4
3869354,2022-12-10,Quarter-finals,England,1,8,34,France,5485,Raphaël Varane,5477,Ousmane Dembélé,Complete,25.434818,64.7,54.0,74.9,77.3
3869354,2022-12-10,Quarter-finals,England,1,8,37,France,5477,Ousmane Dembélé,5487,Antoine Griezmann,Complete,9.417537,81.1,77.3,88.1,71.0
3869354,2022-12-10,Quarter-finals,England,1,8,39,France,5487,Antoine Griezmann,5477,Ousmane Dembélé,Complete,19.574728,86.7,71.2,105.3,77.3
3869354,2022-12-10,Quarter-finals,England,1,8,41,France,5477,Ousmane Dembélé,3604,Olivier Giroud,Incomplete,31.712774,106.3,77.3,111.4,46.0
3869354,2022-12-10,Quarter-finals,England,1,8,48,France,3026,Adrien Rabiot,6704,Theo Bernard François Hernández,Complete,7.8409185,91.5,7.3,99.3,6.5
3869354,2022-12-10,Quarter-finals,England,1,8,49,France,6704,Theo Bernard François Hernández,3026,Adrien Rabiot,Complete,10.2,97.7,4.8,87.5,4.8
3869354,2022-12-10,Quarter-finals,England,1,8,52,France,3026,Adrien Rabiot,8519,Dayotchanculle Upamecano,Complete,13.296617,81.3,3.5,68.9,8.3
3869354,2022-12-10,Quarter-finals,England,1,8,54,France,8519,Dayotchanculle Upamecano,5485,Raphaël Varane,Complete,40.964985,67.1,7.3,57.4,47.1
3869354,2022-12-10,Quarter-finals,England,1,8,59,France,5485,Raphaël Varane,5477,Ousmane Dembélé,Complete,25.379717,68.0,56.6,81.8,77.9
3869354,2022-12-10,Quarter-finals,England,1,9,0,France,5477,Ousmane Dembélé,5487,Antoine Griezmann,Complete,0.0,81.8,77.9,81.8,77.9
3869354,2022-12-10,Quarter-finals,England,1,9,52,France,5487,Antoine Griezmann,,,Incomplete,34.414097,120.0,80.0,117.2,45.7
3869354,2022-12-10,Quarter-finals,England,1,10,25,France,8519,Dayotchanculle Upamecano,3026,Adrien Rabiot,Complete,7.712976,56.3,61.1,63.8,59.3
3869354,2022-12-10,Quarter-finals,England,1,10,27,France,3026,Adrien Rabiot,5477,Ousmane Dembélé,Complete,14.358621,57.4,64.6,67.8,74.5
3869354,2022-12-10,Quarter-finals,England,1,10,28,France,5477,Ousmane Dembélé,5487,Antoine Griezmann,Complete,7.5292764,67.8,75.9,71.6,69.4
3869354,2022-12-10,Quarter-finals,England,1,10,32,France,5487,Antoine Griezmann,5477,Ousmane Dembélé,Complete,17.046993,90.2,66.4,104.8,75.2
3869354,2022-12-10,Quarter-finals,England,1,10,33,France,5477,Ousmane Dembélé,3604,Olivier Giroud,Complete,37.223648,104.7,75.0,110.3,38.2
3869354,2022-12-10,Quarter-finals,England,1,11,53,France,4445,Jules Koundé,5487,Antoine Griezmann,Complete,10.900458,20.0,77.3,30.1,73.2
3869354,2022-12-10,Quarter-finals,England,1,11,55,France,5487,Antoine Griezmann,8519,Dayotchanculle Upamecano,Complete,32.680576,26.2,72.4,19.1,40.5
3869354,2022-12-10,Quarter-finals,England,1,12,4,France,8519,Dayotchanculle Upamecano,4445,Jules Koundé,Complete,34.80704,45.9,41.3,45.2,76.1
3869354,2022-12-10,Quarter-finals,England,1,12,7,France,4445,Jules Koundé,5477,Ousmane Dembélé,Complete,13.76154,44.3,77.9,58.0,79.2
3869354,2022-12-10,Quarter-finals,England,1,12,8,France,5477,Ousmane Dembélé,4445,Jules Koundé,Complete,16.274212,58.0,77.5,45.4,67.2
3869354,2022-12-10,Quarter-finals,England,1,12,11,France,4445,Jules Koundé,5485,Raphaël Varane,Complete,16.260689,45.4,67.2,32.9,56.8
3869354,2022-12-10,Quarter-finals,England,1,12,13,France,5485,Raphaël Varane,8519,Dayotchanculle Upamecano,Complete,49.973694,34.5,57.5,40.6,7.9
3869354,2022-12-10,Quarter-finals,England,1,12,17,France,8519,Dayotchanculle Upamecano,6704,Theo Bernard François Hernández,Complete,24.91907,51.5,12.3,75.1,4.3
3869354,2022-12-10,Quarter-finals,England,1,12,23,France,6704,Theo Bernard François Hernández,5485,Raphaël Varane,Complete,24.470594,64.2,31.4,50.1,51.4
3869354,2022-12-10,Quarter-finals,England,1,12,33,France,5485,Raphaël Varane,5477,Ousmane Dembélé,Complete,16.456001,73.5,61.7,79.3,77.1
3869354,2022-12-10,Quarter-finals,England,1,12,36,France,5477,Ousmane Dembélé,5485,Raphaël Varane,Complete,10.568349,79.8,77.9,73.8,69.2
3869354,2022-12-10,Quarter-finals,England,1,12,38,France,5485,Raphaël Varane,8519,Dayotchanculle Upamecano,Complete,33.709938,69.3,68.0,58.7,36.0
3869354,2022-12-10,Quarter-finals,England,1,12,42,France,8519,Dayotchanculle Upamecano,6704,Theo Bernard François Hernández,Complete,23.155344,64.0,33.6,65.6,10.5
3869354,2022-12-10,Quarter-finals,England,1,12,46,France,6704,Theo Bernard François Hernández,5485,Raphaël Varane,Complete,39.212242,68.0,10.8,55.6,48.0
3869354,2022-12-10,Quarter-finals,England,1,12,51,France,5485,Raphaël Varane,5487,Antoine Griezmann,Complete,13.647344,75.4,64.4,88.9,66.4
3869354,2022-12-10,Quarter-finals,England,1,12,55,France,5487,Antoine Griezmann,3026,Adrien Rabiot,Complete,21.29413,85.7,60.3,87.7,39.1
3869354,2022-12-10,Quarter-finals,England,1,12,56,France,3026,Adrien Rabiot,5487,Antoine Griezmann,Complete,5.903389,87.9,42.5,83.3,46.2
3869354,2022-12-10,Quarter-finals,England,1,12,59,France,5487,Antoine Griezmann,6704,Theo Bernard François Hernández,Complete,17.181385,75.4,30.9,71.8,14.1
3869354,2022-12-10,Quarter-finals,England,1,13,2,France,6704,Theo Bernard François Hernández,8519,Dayotchanculle Upamecano,Complete,13.501481,71.1,26.9,57.6,26.7
3869354,2022-12-10,Quarter-finals,England,1,13,5,France,8519,Dayotchanculle Upamecano,3026,Adrien Rabiot,Complete,9.542537,63.2,24.5,69.1,32.0
3869354,2022-12-10,Quarter-finals,England,1,14,16,France,3026,Adrien Rabiot,3009,Kylian Mbappé Lottin,Complete,10.948973,105.7,27.2,107.5,16.4
3869354,2022-12-10,Quarter-finals,England,1,14,17,France,3009,Kylian Mbappé Lottin,5477,Ousmane Dembélé,Complete,39.529736,107.5,16.4,119.7,54.0
3869354,2022-12-10,Quarter-finals,England,1,16,2,France,8519,Dayotchanculle Upamecano,3009,Kylian Mbappé Lottin,Complete,23.349731,41.4,14.3,62.5,4.3
3869354,2022-12-10,Quarter-finals,England,1,16,8,France,3009,Kylian Mbappé Lottin,8519,Dayotchanculle Upamecano,Complete,14.43087,84.6,7.7,81.1,21.7
3869354,2022-12-10,Quarter-finals,England,1,16,11,France,8519,Dayotchanculle Upamecano,3009,Kylian Mbappé Lottin,Complete,17.366922,83.5,17.8,87.5,34.7
3869354,2022-12-10,Quarter-finals,England,1,16,14,France,3009,Kylian Mbappé Lottin,5477,Ousmane Dembélé,Complete,22.860008,93.0,49.1,101.3,70.4
3869354,2022-12-10,Quarter-finals,England,1,16,19,France,5477,Ousmane Dembélé,5487,Antoine Griezmann,Complete,8.628442,104.5,59.9,97.2,55.3
3869354,2022-12-10,Quarter-finals,England,1,16,21,France,5487,Antoine Griezmann,10481,Aurélien Djani Tchouaméni,Complete,7.856844,98.8,55.7,93.0,50.4
3869354,2022-12-10,Quarter-finals,England,1,20,19,France,3099,Hugo Lloris,8519,Dayotchanculle Upamecano,Complete,27.436655,9.1,34.6,14.5,7.7
3869354,2022-12-10,Quarter-finals,England,1,20,21,France,8519,Dayotchanculle Upamecano,6704,Theo Bernard François Hernández,Complete,17.168575,15.1,6.9,32.1,4.5
3869354,2022-12-10,Quarter-finals,England,1,20,26,France,6704,Theo Bernard François Hernández,8519,Dayotchanculle Upamecano,Complete,13.106106,32.8,6.3,19.7,6.7
3869354,2022-12-10,Quarter-finals,England,1,20,29,France,8519,Dayotchanculle Upamecano,3099,Hugo Lloris,Complete,26.989813,19.7,6.7,5.1,29.4
3869354,2022-12-10,Quarter-finals,England,1,20,31,France,3099,Hugo Lloris,6704,Theo Bernard François Hernández,Out,45.994457,5.1,29.4,40.8,0.4
3869354,2022-12-10,Quarter-finals,England,1,21,35,France,5487,Antoine Griezmann,5477,Ousmane Dembélé,Complete,29.488472,3.4,51.0,24.0,72.1
3869354,2022-12-10,Quarter-finals,England,1,22,36,France,4445,Jules Koundé,5477,Ousmane Dembélé,Complete,12.301626,22.2,76.1,34.5,75.9
3869354,2022-12-10,Quarter-finals,England,1,22,37,France,5477,Ousmane Dembélé,4445,Jules Koundé,Complete,7.1386275,34.3,75.3,27.3,76.7
3869354,2022-12-10,Quarter-finals,England,1,22,39,France,4445,Jules Koundé,5487,Antoine Griezmann,Complete,13.29135,27.3,76.7,39.4,71.2
3869354,2022-12-10,Quarter-finals,England,1,22,41,France,5487,Antoine Griezmann,8519,Dayotchanculle Upamecano,Complete,37.025665,36.1,72.1,18.0,39.8
3869354,2022-12-10,Quarter-finals,England,1,22,44,France,8519,Dayotchanculle Upamecano,6704,Theo Bernard François Hernández,Complete,27.459242,15.5,29.6,27.9,5.1
3869354,2022-12-10,Quarter-finals,England,1,22,46,France,6704,Theo Bernard François Hernández,3009,Kylian Mbappé Lottin,Complete,12.998846,27.7,5.1,40.1,9.0
3869354,2022-12-10,Quarter-finals,England,1,22,47,France,3009,Kylian Mbappé Lottin,6704,Theo Bernard François Hernández,Complete,5.8215117,40.1,8.8,40.6,3.0
3869354,2022-12-10,Quarter-finals,England,1,22,48,France,6704,Theo Bernard François Hernández,3009,Kylian Mbappé Lottin,Complete,15.5128975,41.4,3.0,51.7,14.6
3869354,2022-12-10,Quarter-finals,England,1,22,49,France,3009,Kylian Mbappé Lottin,6704,Theo Bernard François Hernández,Incomplete,4.494441,58.7,11.9,62.5,9.5
3869354,2022-12-10,Quarter-finals,England,1,24,7,France,5485,Raphaël Varane,3099,Hugo Lloris,Complete,22.321514,21.1,59.3,3.4,45.7
3869354,2022-12-10,Quarter-finals,England,1,24,10,France,3099,Hugo Lloris,5477,Ousmane Dembélé,Incomplete,58.687817,3.1,45.1,53.6,75.0
3869354,2022-12-10,Quarter-finals,England,1,24,27,France,8519,Dayotchanculle Upamecano,6704,Theo Bernard François Hernández,Complete,20.143734,27.7,23.6,21.3,4.5
3869354,2022-12-10,Quarter-finals,England,1,24,37,France,8519,Dayotchanculle Upamecano,,,Out,62.369865,9.3,13.4,70.3,0.4
3869354,2022-12-10,Quarter-finals,England,1,26,43,France,4445,Jules Koundé,3009,Kylian Mbappé Lottin,Complete,21.82407,53.2,64.4,63.0,44.9
3869354,2022-12-10,Quarter-finals,England,1,26,49,France,3009,Kylian Mbappé Lottin,6704,Theo Bernard François Hernández,Complete,17.17673,67.2,23.3,59.2,8.1
3869354,2022-12-10,Quarter-finals,England,1,26,52,France,6704,Theo Bernard François Hernández,10481,Aurélien Djani Tchouaméni,Complete,13.314653,59.8,8.4,52.6,19.6
3869354,2022-12-10,Quarter-finals,England,1,26,54,France,10481,Aurélien Djani Tchouaméni,5485,Raphaël Varane,Complete,27.920065,51.2,21.0,44.9,48.2
3869354,2022-12-10,Quarter-finals,England,1,26,56,France,5485,Raphaël Varane,4445,Jules Koundé,Complete,30.046797,44.8,48.4,55.7,76.4
3869354,2022-12-10,Quarter-finals,England,1,26,58,France,4445,Jules Koundé,10481,Aurélien Djani Tchouaméni,Complete,24.053274,55.2,75.2,53.6,51.2
3869354,2022-12-10,Quarter-finals,England,1,27,2,France,10481,Aurélien Djani Tchouaméni,3026,Adrien Rabiot,Complete,13.296617,53.6,51.0,58.4,38.6
3869354,2022-12-10,Quarter-finals,England,1,27,3,France,3026,Adrien Rabiot,10481,Aurélien Djani Tchouaméni,Complete,7.169379,58.2,38.6,55.4,45.2
3869354,2022-12-10,Quarter-finals,England,1,27,8,France,10481,Aurélien Djani Tchouaméni,5477,Ousmane Dembélé,Complete,26.04093,65.1,57.7,80.9,78.4
3869354,2022-12-10,Quarter-finals,England,1,27,10,France,5477,Ousmane Dembélé,10481,Aurélien Djani Tchouaméni,Complete,19.719027,80.9,78.4,68.1,63.4
3869354,2022-12-10,Quarter-finals,England,1,27,16,France,10481,Aurélien Djani Tchouaméni,4445,Jules Koundé,Complete,13.535878,73.7,63.1,69.6,76.0
3869354,2022-12-10,Quarter-finals,England,1,27,17,France,4445,Jules Koundé,5485,Raphaël Varane,Complete,24.750353,69.6,76.0,52.3,58.3
3869354,2022-12-10,Quarter-finals,England,1,27,20,France,5485,Raphaël Varane,8519,Dayotchanculle Upamecano,Complete,18.964441,49.1,56.2,52.8,37.6
3869354,2022-12-10,Quarter-finals,England,1,27,21,France,8519,Dayotchanculle Upamecano,5485,Raphaël Varane,Complete,17.96274,52.8,37.6,47.3,54.7
3869354,2022-12-10,Quarter-finals,England,1,27,24,France,4445,Jules Koundé,,,Incomplete,57.893867,48.7,70.5,104.8,56.2
3869354,2022-12-10,Quarter-finals,England,1,28,15,France,3026,Adrien Rabiot,3009,Kylian Mbappé Lottin,Incomplete,4.707441,30.6,12.9,35.2,13.9
3869354,2022-12-10,Quarter-finals,England,1,28,22,France,8519,Dayotchanculle Upamecano,,,Incomplete,28.7,6.5,21.7,35.2,21.7
3869354,2022-12-10,Quarter-finals,England,1,29,25,France,3026,Adrien Rabiot,3009,Kylian Mbappé Lottin,Incomplete,62.256245,1.4,33.9,57.4,6.7
3869354,2022-12-10,Quarter-finals,England,1,30,5,France,3026,Adrien Rabiot,5487,Antoine Griezmann,Incomplete,3.6235342,19.9,13.4,22.2,10.6
3869354,2022-12-10,Quarter-finals,England,1,30,46,France,3099,Hugo Lloris,3604,Olivier Giroud,Complete,64.89938,7.0,36.1,71.3,27.3
3869354,2022-12-10,Quarter-finals,England,1,30,49,France,3604,Olivier Giroud,,,Out,29.704714,71.3,27.3,83.9,0.4
3869354,2022-12-10,Quarter-finals,England,1,31,22,France,10481,Aurélien Djani Tchouaméni,3026,Adrien Rabiot,Complete,10.294173,47.7,16.8,55.6,23.4
3869354,2022-12-10,Quarter-finals,England,1,31,27,France,3026,Adrien Rabiot,4445,Jules Koundé,Complete,21.185844,54.0,44.9,33.0,47.7
3869354,2022-12-10,Quarter-finals,England,1,31,28,France,4445,Jules Koundé,3099,Hugo Lloris,Complete,20.155643,32.4,47.4,12.4,44.9
3869354,2022-12-10,Quarter-finals,England,1,31,31,France,3099,Hugo Lloris,5477,Ousmane Dembélé,Complete,57.716984,12.4,44.9,59.4,78.4
3869354,2022-12-10,Quarter-finals,England,1,31,34,France,5477,Ousmane Dembélé,3026,Adrien Rabiot,Incomplete,17.996944,59.4,78.1,76.9,73.9
3869354,2022-12-10,Quarter-finals,England,1,33,11,France,6704,Theo Bernard François Hernández,5487,Antoine Griezmann,Incomplete,23.024336,27.4,10.6,50.0,15.0
3869354,2022-12-10,Quarter-finals,England,1,33,30,France,5487,Antoine Griezmann,3604,Olivier Giroud,Complete,15.283978,34.1,27.5,44.5,38.7
3869354,2022-12-10,Quarter-finals,England,1,33,34,France,3604,Olivier Giroud,5477,Ousmane Dembélé,Complete,30.58709,58.6,49.1,73.7,75.7
3869354,2022-12-10,Quarter-finals,England,1,33,42,France,5477,Ousmane Dembélé,10481,Aurélien Djani Tchouaméni,Complete,20.385534,97.1,77.3,77.0,73.9
3869354,2022-12-10,Quarter-finals,England,1,33,46,France,10481,Aurélien Djani Tchouaméni,5487,Antoine Griezmann,Complete,15.011995,77.6,71.1,77.0,56.1
3869354,2022-12-10,Quarter-finals,England,1,33,47,France,5487,Antoine Griezmann,10481,Aurélien Djani Tchouaméni,Complete,8.429116,77.0,56.1,76.3,64.5
3869354,2022-12-10,Quarter-finals,England,1,33,49,France,10481,Aurélien Djani Tchouaméni,3026,Adrien Rabiot,Complete,24.233036,75.9,64.4,68.9,41.2
3869354,2022-12-10,Quarter-finals,England,1,33,51,France,3026,Adrien Rabiot,3009,Kylian Mbappé Lottin,Complete,21.355093,68.9,39.4,76.9,19.6
3869354,2022-12-10,Quarter-finals,England,1,33,54,France,3009,Kylian Mbappé Lottin,6704,Theo Bernard François Hernández,Complete,18.727787,74.5,17.2,89.8,6.4
3869354,2022-12-10,Quarter-finals,England,1,33,58,France,6704,Theo Bernard François Hernández,3009,Kylian Mbappé Lottin,Complete,13.746272,93.7,6.0,80.1,8.0
3869354,2022-12-10,Quarter-finals,England,1,34,2,France,3009,Kylian Mbappé Lottin,8519,Dayotchanculle Upamecano,Complete,17.00735,80.0,8.0,66.1,17.8
3869354,2022-12-10,Quarter-finals,England,1,34,5,France,8519,Dayotchanculle Upamecano,5485,Raphaël Varane,Complete,28.225697,64.7,18.2,54.2,44.4
3869354,2022-12-10,Quarter-finals,England,1,34,10,France,5485,Raphaël Varane,5487,Antoine Griezmann,Complete,18.675385,66.1,54.7,84.2,59.3
3869354,2022-12-10,Quarter-finals,England,1,34,11,France,5487,Antoine Griezmann,5485,Raphaël Varane,Complete,14.767871,82.1,59.3,67.6,56.5
3869354,2022-12-10,Quarter-finals,England,1,34,16,France,5485,Raphaël Varane,5477,Ousmane Dembélé,Complete,20.649456,74.1,61.1,84.9,78.7
3869354,2022-12-10,Quarter-finals,England,1,34,17,France,5477,Ousmane Dembélé,5487,Antoine Griezmann,Complete,28.755869,85.2,78.7,113.5,73.6
3869354,2022-12-10,Quarter-finals,England,1,34,28,France,5485,Raphaël Varane,8519,Dayotchanculle Upamecano,Complete,32.02249,63.4,71.0,52.2,41.0
3869354,2022-12-10,Quarter-finals,England,1,34,34,France,8519,Dayotchanculle Upamecano,5485,Raphaël Varane,Complete,16.74306,52.6,39.1,53.8,55.8
3869354,2022-12-10,Quarter-finals,England,1,34,37,France,5485,Raphaël Varane,3026,Adrien Rabiot,Complete,8.409518,53.8,55.8,62.2,56.2
3869354,2022-12-10,Quarter-finals,England,1,34,41,France,3026,Adrien Rabiot,4445,Jules Koundé,Complete,17.107307,71.4,58.9,70.9,76.0
3869354,2022-12-10,Quarter-finals,England,1,34,44,France,4445,Jules Koundé,5487,Antoine Griezmann,Complete,9.689685,74.9,75.0,83.2,70.0
3869354,2022-12-10,Quarter-finals,England,1,34,45,France,5487,Antoine Griezmann,3026,Adrien Rabiot,Incomplete,6.537584,82.8,70.0,76.3,69.3
3869354,2022-12-10,Quarter-finals,England,1,34,48,France,5485,Raphaël Varane,3099,Hugo Lloris,Complete,41.743263,54.7,69.1,20.2,45.6
3869354,2022-12-10,Quarter-finals,England,1,34,54,France,3099,Hugo Lloris,10481,Aurélien Djani Tchouaméni,Complete,15.652476,19.4,44.2,34.8,47.0
3869354,2022-12-10,Quarter-finals,England,1,34,57,France,10481,Aurélien Djani Tchouaméni,5485,Raphaël Varane,Complete,22.573658,30.2,48.4,25.6,70.5
3869354,2022-12-10,Quarter-finals,England,1,34,59,France,5485,Raphaël Varane,4445,Jules Koundé,Complete,14.800338,25.6,70.5,38.3,78.1
3869354,2022-12-10,Quarter-finals,England,1,35,3,France,4445,Jules Koundé,5477,Ousmane Dembélé,Complete,6.074537,57.1,76.6,62.8,78.7
3869354,2022-12-10,Quarter-finals,England,1,35,5,France,5477,Ousmane Dembélé,5487,Antoine Griezmann,Complete,7.9906197,62.8,78.7,61.6,70.8
3869354,2022-12-10,Quarter-finals,England,1,35,7,France,5487,Antoine Griezmann,6704,Theo Bernard François Hernández,Complete,62.443974,66.1,68.2,96.4,13.6
3869354,2022-12-10,Quarter-finals,England,1,35,28,France,6704,Theo Bernard François Hernández,10481,Aurélien Djani Tchouaméni,Complete,10.044899,88.4,0.1,81.5,7.4
3869354,2022-12-10,Quarter-finals,England,1,35,34,France,10481,Aurélien Djani Tchouaméni,5487,Antoine Griezmann,Complete,12.969194,73.1,32.5,76.9,44.9
3869354,2022-12-10,Quarter-finals,England,1,35,35,France,5487,Antoine Griezmann,10481,Aurélien Djani Tchouaméni,Complete,19.037333,76.9,44.9,58.8,39.0
3869354,2022-12-10,Quarter-finals,England,1,35,39,France,10481,Aurélien Djani Tchouaméni,3099,Hugo Lloris,Complete,33.946575,49.0,53.3,17.6,40.4
3869354,2022-12-10,Quarter-finals,England,1,35,45,France,3099,Hugo Lloris,3604,Olivier Giroud,Incomplete,53.45353,20.5,38.6,73.7,43.8
3869354,2022-12-10,Quarter-finals,England,1,36,36,France,10481,Aurélien Djani Tchouaméni,5485,Raphaël Varane,Complete,28.431849,35.2,69.7,19.8,45.8
3869354,2022-12-10,Quarter-finals,England,1,36,40,France,5485,Raphaël Varane,,,Incomplete,67.59179,18.8,41.2,77.9,8.4
3869354,2022-12-10,Quarter-finals,England,1,37,45,France,6704,Theo Bernard François Hernández,3026,Adrien Rabiot,Complete,16.055218,22.8,0.1,34.4,11.2
3869354,2022-12-10,Quarter-finals,England,1,37,48,France,3026,Adrien Rabiot,10481,Aurélien Djani Tchouaméni,Complete,38.14315,34.7,11.5,54.0,44.4
3869354,2022-12-10,Quarter-finals,England,1,38,40,France,5487,Antoine Griezmann,5477,Ousmane Dembélé,Complete,14.21267,83.3,25.7,92.3,36.7
3869354,2022-12-10,Quarter-finals,England,1,38,41,France,5477,Ousmane Dembélé,6704,Theo Bernard François Hernández,Complete,28.265173,92.3,36.7,117.7,24.3
3869354,2022-12-10,Quarter-finals,England,1,38,44,France,6704,Theo Bernard François Hernández,3009,Kylian Mbappé Lottin,Complete,13.9603,118.4,23.7,107.9,32.9
3869354,2022-12-10,Quarter-finals,England,1,40,5,France,5485,Raphaël Varane,3604,Olivier Giroud,Incomplete,17.230787,8.9,51.2,24.6,58.3
3869354,2022-12-10,Quarter-finals,England,1,40,10,France,3026,Adrien Rabiot,5477,Ousmane Dembélé,Unknown,46.423378,24.8,52.6,66.1,73.8
3869354,2022-12-10,Quarter-finals,England,1,40,53,France,8519,Dayotchanculle Upamecano,5487,Antoine Griezmann,Complete,17.650496,34.7,36.7,52.2,39.0
3869354,2022-12-10,Quarter-finals,England,1,40,56,France,5487,Antoine Griezmann,8519,Dayotchanculle Upamecano,Complete,17.44133,54.2,36.2,55.4,18.8
3869354,2022-12-10,Quarter-finals,England,1,40,58,France,8519,Dayotchanculle Upamecano,5487,Antoine Griezmann,Complete,8.825531,57.0,18.5,54.0,26.8
3869354,2022-12-10,Quarter-finals,England,1,41,0,France,5487,Antoine Griezmann,4445,Jules Koundé,Complete,35.057095,56.6,30.1,54.6,65.1
3869354,2022-12-10,Quarter-finals,England,1,41,4,France,4445,Jules Koundé,5477,Ousmane Dembélé,Complete,11.5,71.8,68.2,78.7,77.4
3869354,2022-12-10,Quarter-finals,England,1,41,9,France,5477,Ousmane Dembélé,3026,Adrien Rabiot,Complete,44.060074,80.0,76.4,65.2,34.9
3869354,2022-12-10,Quarter-finals,England,1,41,14,France,3026,Adrien Rabiot,3009,Kylian Mbappé Lottin,Complete,14.266394,66.5,27.6,79.3,33.9
3869354,2022-12-10,Quarter-finals,England,1,41,16,France,3009,Kylian Mbappé Lottin,8519,Dayotchanculle Upamecano,Complete,23.760893,79.3,33.9,55.6,35.6
3869354,2022-12-10,Quarter-finals,England,1,41,19,France,8519,Dayotchanculle Upamecano,5485,Raphaël Varane,Complete,22.489109,55.4,35.9,57.4,58.3
3869354,2022-12-10,Quarter-finals,England,1,41,25,France,5485,Raphaël Varane,5487,Antoine Griezmann,Complete,13.727709,72.3,60.3,85.6,63.7
3869354,2022-12-10,Quarter-finals,England,1,41,25,France,5487,Antoine Griezmann,5477,Ousmane Dembélé,Complete,15.500322,85.7,63.7,85.6,79.2
3869354,2022-12-10,Quarter-finals,England,1,41,31,France,5477,Ousmane Dembélé,,,Incomplete,2.1095023,100.6,66.5,100.4,64.4
3869354,2022-12-10,Quarter-finals,England,1,41,38,France,4445,Jules Koundé,5477,Ousmane Dembélé,Complete,9.219544,104.5,80.0,105.1,70.8
3869354,2022-12-10,Quarter-finals,England,1,41,39,France,5477,Ousmane Dembélé,4445,Jules Koundé,Complete,7.3,105.1,70.8,105.1,78.1
3869354,2022-12-10,Quarter-finals,England,1,41,39,France,4445,Jules Koundé,5477,Ousmane Dembélé,Complete,8.845903,104.8,78.1,96.0,79.0
3869354,2022-12-10,Quarter-finals,England,1,41,42,France,5477,Ousmane Dembélé,10481,Aurélien Djani Tchouaméni,Complete,28.559061,90.8,78.4,84.7,50.5
3869354,2022-12-10,Quarter-finals,England,1,41,43,France,10481,Aurélien Djani Tchouaméni,8519,Dayotchanculle Upamecano,Complete,11.081967,84.6,50.5,73.7,52.5
3869354,2022-12-10,Quarter-finals,England,1,41,46,France,8519,Dayotchanculle Upamecano,6704,Theo Bernard François Hernández,Complete,50.886246,73.7,52.6,98.2,8.0
3869354,2022-12-10,Quarter-finals,England,1,41,49,France,6704,Theo Bernard François Hernández,3026,Adrien Rabiot,Complete,19.053871,94.3,6.6,76.7,13.9
3869354,2022-12-10,Quarter-finals,England,1,41,53,France,3026,Adrien Rabiot,3009,Kylian Mbappé Lottin,Complete,12.481186,80.0,7.6,91.3,12.9
3869354,2022-12-10,Quarter-finals,England,1,43,14,France,10481,Aurélien Djani Tchouaméni,5477,Ousmane Dembélé,Complete,26.226894,36.1,66.8,60.0,77.6
3869354,2022-12-10,Quarter-finals,England,1,43,26,France,5477,Ousmane Dembélé,10481,Aurélien Djani Tchouaméni,Complete,5.3084836,87.4,53.4,82.1,53.7
3869354,2022-12-10,Quarter-finals,England,1,43,27,France,10481,Aurélien Djani Tchouaméni,3026,Adrien Rabiot,Complete,11.543396,82.5,53.7,78.7,42.8
3869354,2022-12-10,Quarter-finals,England,1,43,29,France,3026,Adrien Rabiot,10481,Aurélien Djani Tchouaméni,Complete,7.119691,78.7,42.8,80.0,49.8
3869354,2022-12-10,Quarter-finals,England,1,43,31,France,10481,Aurélien Djani Tchouaméni,4445,Jules Koundé,Complete,26.437096,79.5,49.8,80.9,76.2
3869354,2022-12-10,Quarter-finals,England,1,43,34,France,4445,Jules Koundé,10481,Aurélien Djani Tchouaméni,Complete,15.9380045,80.7,76.4,75.6,61.3
3869354,2022-12-10,Quarter-finals,England,1,43,36,France,10481,Aurélien Djani Tchouaméni,3026,Adrien Rabiot,Complete,13.669309,75.1,62.1,80.4,49.5
3869354,2022-12-10,Quarter-finals,England,1,43,38,France,3026,Adrien Rabiot,5485,Raphaël Varane,Complete,17.97387,80.1,49.6,62.6,53.7
3869354,2022-12-10,Quarter-finals,England,1,43,43,France,5485,Raphaël Varane,5477,Ousmane Dembélé,Complete,21.716583,69.5,59.9,81.5,78.0
3869354,2022-12-10,Quarter-finals,England,1,43,44,France,5477,Ousmane Dembélé,5487,Antoine Griezmann,Out,13.76154,82.1,78.7,95.8,80.0
3869354,2022-12-10,Quarter-finals,England,1,44,24,France,4445,Jules Koundé,5487,Antoine Griezmann,Complete,8.769264,7.2,74.8,13.5,68.7
3869354,2022-12-10,Quarter-finals,England,1,44,25,France,5487,Antoine Griezmann,5477,Ousmane Dembélé,Complete,17.844048,13.5,68.7,29.5,76.6
3869354,2022-12-10,Quarter-finals,England,1,44,28,France,5477,Ousmane Dembélé,10481,Aurélien Djani Tchouaméni,Complete,23.394444,27.2,76.4,16.3,55.7
3869354,2022-12-10,Quarter-finals,England,1,44,32,France,10481,Aurélien Djani Tchouaméni,5487,Antoine Griezmann,Complete,11.543396,19.1,55.4,28.5,48.7
3869354,2022-12-10,Quarter-finals,England,1,44,33,France,5487,Antoine Griezmann,8519,Dayotchanculle Upamecano,Complete,19.608671,28.5,48.8,22.6,30.1
3869354,2022-12-10,Quarter-finals,England,1,44,36,France,8519,Dayotchanculle Upamecano,6704,Theo Bernard François Hernández,Complete,40.493458,28.8,28.2,62.4,5.6
3869354,2022-12-10,Quarter-finals,England,1,44,40,France,6704,Theo Bernard François Hernández,3009,Kylian Mbappé Lottin,Incomplete,8.309633,72.7,5.6,72.3,13.9
3869354,2022-12-10,Quarter-finals,England,1,45,58,France,10481,Aurélien Djani Tchouaméni,8519,Dayotchanculle Upamecano,Complete,4.1146083,26.7,37.0,23.0,35.2
3869354,2022-12-10,Quarter-finals,England,1,45,59,France,8519,Dayotchanculle Upamecano,5487,Antoine Griezmann,Complete,10.650822,23.0,35.2,29.0,44.0
3869354,2022-12-10,Quarter-finals,England,1,46,1,France,5487,Antoine Griezmann,10481,Aurélien Djani Tchouaméni,Complete,11.603879,29.0,44.0,36.2,34.9
3869354,2022-12-10,Quarter-finals,England,1,46,3,France,10481,Aurélien Djani Tchouaméni,3009,Kylian Mbappé Lottin,Complete,31.194872,44.8,30.6,65.2,7.0
3869354,2022-12-10,Quarter-finals,England,1,46,9,France,3009,Kylian Mbappé Lottin,10481,Aurélien Djani Tchouaméni,Complete,22.983908,81.9,5.6,70.4,25.5
3869354,2022-12-10,Quarter-finals,England,1,46,10,France,10481,Aurélien Djani Tchouaméni,5487,Antoine Griezmann,Complete,9.4541,70.3,25.9,68.6,35.2
3869354,2022-12-10,Quarter-finals,England,1,46,12,France,5487,Antoine Griezmann,4445,Jules Koundé,Complete,29.50051,73.1,43.0,77.3,72.2
3869354,2022-12-10,Quarter-finals,England,1,46,15,France,4445,Jules Koundé,5477,Ousmane Dembélé,Complete,6.92026,77.3,72.2,82.8,76.4
3869354,2022-12-10,Quarter-finals,England,1,46,17,France,5477,Ousmane Dembélé,5487,Antoine Griezmann,Complete,10.884851,80.7,76.4,76.9,66.2
3869354,2022-12-10,Quarter-finals,England,1,46,20,France,5487,Antoine Griezmann,5477,Ousmane Dembélé,Complete,11.588356,82.9,67.7,73.9,75.0
3869354,2022-12-10,Quarter-finals,England,1,46,21,France,5477,Ousmane Dembélé,5485,Raphaël Varane,Complete,17.394827,73.7,75.0,64.4,60.3
3869354,2022-12-10,Quarter-finals,England,1,46,27,France,5485,Raphaël Varane,4445,Jules Koundé,Complete,15.076471,63.8,61.1,66.1,76.0
3869354,2022-12-10,Quarter-finals,England,1,46,28,France,4445,Jules Koundé,5485,Raphaël Varane,Complete,11.6456,66.1,76.0,62.0,65.1
3869354,2022-12-10,Quarter-finals,England,1,46,31,France,5485,Raphaël Varane,3026,Adrien Rabiot,Complete,23.505318,58.0,62.5,51.9,39.8
3869354,2022-12-10,Quarter-finals,England,1,46,38,France,3026,Adrien Rabiot,6704,Theo Bernard François Hernández,Complete,11.166468,60.5,15.3,64.3,4.8
3869354,2022-12-10,Quarter-finals,England,1,46,40,France,6704,Theo Bernard François Hernández,3009,Kylian Mbappé Lottin,Complete,12.90155,63.8,4.8,76.7,4.6
3869354,2022-12-10,Quarter-finals,England,1,46,43,France,3009,Kylian Mbappé Lottin,3026,Adrien Rabiot,Complete,15.133077,74.5,13.2,59.4,12.2
3869354,2022-12-10,Quarter-finals,England,1,46,45,France,3026,Adrien Rabiot,8519,Dayotchanculle Upamecano,Complete,19.059118,58.8,12.6,46.2,26.9
3869354,2022-12-10,Quarter-finals,England,1,46,51,France,8519,Dayotchanculle Upamecano,5485,Raphaël Varane,Complete,20.580088,43.2,29.7,32.7,47.4
3869354,2022-12-10,Quarter-finals,England,1,46,55,France,5485,Raphaël Varane,8519,Dayotchanculle Upamecano,Complete,23.745737,33.0,47.8,38.5,24.7
3869354,2022-12-10,Quarter-finals,England,1,47,0,France,8519,Dayotchanculle Upamecano,,,Out,71.984024,48.7,22.4,120.0,12.5
3869354,2022-12-10,Quarter-finals,England,1,48,37,France,3009,Kylian Mbappé Lottin,6704,Theo Bernard François Hernández,Complete,10.778683,25.4,14.9,26.7,4.2
3869354,2022-12-10,Quarter-finals,England,2,45,22,France,4445,Jules Koundé,,,Incomplete,50.222107,53.3,69.9,98.2,47.4
3869354,2022-12-10,Quarter-finals,England,2,47,32,France,3099,Hugo Lloris,,,Incomplete,82.51363,13.7,43.6,95.0,29.5
3869354,2022-12-10,Quarter-finals,England,2,47,56,France,10481,Aurélien Djani Tchouaméni,5487,Antoine Griezmann,Complete,3.981206,42.4,56.0,46.0,54.3
3869354,2022-12-10,Quarter-finals,England,2,47,58,France,5487,Antoine Griezmann,3026,Adrien Rabiot,Complete,9.656604,54.0,41.0,45.8,35.9
3869354,2022-12-10,Quarter-finals,England,2,48,1,France,3026,Adrien Rabiot,4445,Jules Koundé,Complete,26.807648,47.3,42.3,49.7,69.0
3869354,2022-12-10,Quarter-finals,England,2,48,4,France,4445,Jules Koundé,5477,Ousmane Dembélé,Complete,17.08391,51.0,69.7,67.9,72.2
3869354,2022-12-10,Quarter-finals,England,2,48,7,France,5477,Ousmane Dembélé,8519,Dayotchanculle Upamecano,Complete,56.55201,63.6,72.4,39.8,21.1
3869354,2022-12-10,Quarter-finals,England,2,48,11,France,8519,Dayotchanculle Upamecano,,,Incomplete,5.2,39.8,21.1,45.0,21.1
3869354,2022-12-10,Quarter-finals,England,2,48,22,France,3026,Adrien Rabiot,10481,Aurélien Djani Tchouaméni,Complete,16.507574,61.4,30.3,61.9,46.8
3869354,2022-12-10,Quarter-finals,England,2,48,25,France,10481,Aurélien Djani Tchouaméni,5487,Antoine Griezmann,Complete,7.9,61.9,46.8,69.8,46.8
3869354,2022-12-10,Quarter-finals,England,2,48,26,France,5487,Antoine Griezmann,10481,Aurélien Djani Tchouaméni,Complete,10.955364,69.8,46.8,58.9,45.7
3869354,2022-12-10,Quarter-finals,England,2,48,28,France,10481,Aurélien Djani Tchouaméni,5485,Raphaël Varane,Complete,10.031949,58.0,44.4,54.0,35.2
3869354,2022-12-10,Quarter-finals,England,2,48,30,France,5485,Raphaël Varane,8519,Dayotchanculle Upamecano,Complete,24.932709,54.4,34.2,48.4,10.0
3869354,2022-12-10,Quarter-finals,England,2,48,33,France,8519,Dayotchanculle Upamecano,6704,Theo Bernard François Hernández,Complete,7.083784,49.3,9.3,54.0,4.0
3869354,2022-12-10,Quarter-finals,England,2,48,35,France,6704,Theo Bernard François Hernández,3026,Adrien Rabiot,Complete,28.62953,54.0,4.0,82.6,5.3
3869354,2022-12-10,Quarter-finals,England,2,48,39,France,3026,Adrien Rabiot,3009,Kylian Mbappé Lottin,Complete,3.1064448,76.2,5.3,77.9,2.7
3869354,2022-12-10,Quarter-finals,England,2,49,34,France,5487,Antoine Griezmann,3026,Adrien Rabiot,Incomplete,30.042137,95.6,4.5,111.8,29.8
3869354,2022-12-10,Quarter-finals,England,2,49,40,France,5477,Ousmane Dembélé,4445,Jules Koundé,Complete,16.09006,96.7,60.7,80.7,59.0
3869354,2022-12-10,Quarter-finals,England,2,49,42,France,4445,Jules Koundé,6704,Theo Bernard François Hernández,Complete,22.380795,79.6,58.3,64.7,41.6
3869354,2022-12-10,Quarter-finals,England,2,49,45,France,6704,Theo Bernard François Hernández,3099,Hugo Lloris,Complete,40.418312,55.0,39.7,15.0,33.9
3869354,2022-12-10,Quarter-finals,England,2,49,49,France,3099,Hugo Lloris,3604,Olivier Giroud,Pass Offside,65.9474,15.0,33.9,80.9,31.4
3869354,2022-12-10,Quarter-finals,England,2,51,5,France,6704,Theo Bernard François Hernández,3009,Kylian Mbappé Lottin,Complete,16.727522,32.4,12.6,46.5,3.6
3869354,2022-12-10,Quarter-finals,England,2,51,9,France,3009,Kylian Mbappé Lottin,3604,Olivier Giroud,Complete,32.478455,54.0,8.3,80.9,26.5
3869354,2022-12-10,Quarter-finals,England,2,54,27,France,3604,Olivier Giroud,10481,Aurélien Djani Tchouaméni,Complete,8.969393,60.0,40.0,52.3,35.4
3869354,2022-12-10,Quarter-finals,England,2,54,29,France,10481,Aurélien Djani Tchouaméni,8519,Dayotchanculle Upamecano,Complete,21.67487,52.3,35.4,37.9,19.2
3869354,2022-12-10,Quarter-finals,England,2,54,33,France,8519,Dayotchanculle Upamecano,5485,Raphaël Varane,Complete,31.025795,37.5,21.3,31.3,51.7
3869354,2022-12-10,Quarter-finals,England,2,54,38,France,5485,Raphaël Varane,4445,Jules Koundé,Complete,17.129215,45.0,56.2,46.0,73.3
3869354,2022-12-10,Quarter-finals,England,2,54,40,France,4445,Jules Koundé,3026,Adrien Rabiot,Complete,56.911335,47.3,73.3,95.6,43.2
3869354,2022-12-10,Quarter-finals,England,2,54,55,France,4445,Jules Koundé,3604,Olivier Giroud,Complete,16.697306,92.0,80.0,101.4,66.2
3869354,2022-12-10,Quarter-finals,England,2,55,26,France,4445,Jules Koundé,,,Incomplete,20.880613,58.0,80.0,64.0,60.0
3869354,2022-12-10,Quarter-finals,England,2,55,29,France,10481,Aurélien Djani Tchouaméni,4445,Jules Koundé,Complete,7.496666,52.3,61.5,46.9,66.7
3869354,2022-12-10,Quarter-finals,England,2,55,30,France,4445,Jules Koundé,5487,Antoine Griezmann,Incomplete,9.035485,46.9,66.7,55.9,67.5
3869354,2022-12-10,Quarter-finals,England,2,55,33,France,5485,Raphaël Varane,,,Incomplete,7.874643,36.2,59.0,42.2,64.1
3869354,2022-12-10,Quarter-finals,England,2,55,54,France,3009,Kylian Mbappé Lottin,5477,Ousmane Dembélé,Complete,18.254314,115.6,19.0,108.7,35.9
3869354,2022-12-10,Quarter-finals,England,2,55,58,France,5477,Ousmane Dembélé,5487,Antoine Griezmann,Complete,12.525574,115.4,56.6,102.9,55.8
3869354,2022-12-10,Quarter-finals,England,2,55,59,France,5487,Antoine Griezmann,,,Incomplete,15.802848,102.9,55.8,104.7,40.1
3869354,2022-12-10,Quarter-finals,England,2,56,6,France,5485,Raphaël Varane,,,Incomplete,13.971757,63.8,56.6,77.3,53.0
3869354,2022-12-10,Quarter-finals,England,2,56,27,France,4445,Jules Koundé,10481,Aurélien Djani Tchouaméni,Complete,33.773956,28.1,80.0,34.3,46.8
3869354,2022-12-10,Quarter-finals,England,2,56,35,France,10481,Aurélien Djani Tchouaméni,4445,Jules Koundé,Complete,17.722866,42.0,48.3,41.1,66.0
3869354,2022-12-10,Quarter-finals,England,2,56,36,France,4445,Jules Koundé,10481,Aurélien Djani Tchouaméni,Complete,13.230646,41.1,66.0,42.0,52.8
3869354,2022-12-10,Quarter-finals,England,2,56,38,France,10481,Aurélien Djani Tchouaméni,8519,Dayotchanculle Upamecano,Complete,32.413887,43.3,48.5,38.8,16.4
3869354,2022-12-10,Quarter-finals,England,2,56,43,France,8519,Dayotchanculle Upamecano,6704,Theo Bernard François Hernández,Complete,18.952837,45.6,13.8,61.7,3.8
3869354,2022-12-10,Quarter-finals,England,2,56,46,France,6704,Theo Bernard François Hernández,8519,Dayotchanculle Upamecano,Complete,14.043148,54.8,4.4,40.9,6.4
3869354,2022-12-10,Quarter-finals,England,2,56,49,France,8519,Dayotchanculle Upamecano,5485,Raphaël Varane,Complete,27.111805,37.5,14.3,38.3,41.4
3869354,2022-12-10,Quarter-finals,England,2,56,54,France,5485,Raphaël Varane,3604,Olivier Giroud,Incomplete,61.628,51.0,59.4,105.9,31.4
3869354,2022-12-10,Quarter-finals,England,2,57,31,France,3026,Adrien Rabiot,3009,Kylian Mbappé Lottin,Complete,14.250614,65.9,6.6,80.1,7.8
3869354,2022-12-10,Quarter-finals,England,2,57,32,France,3009,Kylian Mbappé Lottin,3604,Olivier Giroud,Complete,8.70919,79.4,8.5,87.5,11.7
3869354,2022-12-10,Quarter-finals,England,2,57,34,France,3604,Olivier Giroud,3009,Kylian Mbappé Lottin,Incomplete,10.5948105,87.5,11.7,97.6,8.5
3869354,2022-12-10,Quarter-finals,England,2,57,38,France,3026,Adrien Rabiot,3009,Kylian Mbappé Lottin,Out,35.400566,84.6,5.9,120.0,6.1
3869354,2022-12-10,Quarter-finals,England,2,58,19,France,8519,Dayotchanculle Upamecano,3009,Kylian Mbappé Lottin,Incomplete,45.491207,56.5,33.7,101.3,25.8
3869354,2022-12-10,Quarter-finals,England,2,58,30,France,4445,Jules Koundé,5487,Antoine Griezmann,Complete,11.060289,74.9,68.0,83.7,61.3
3869354,2022-12-10,Quarter-finals,England,2,58,31,France,5487,Antoine Griezmann,8519,Dayotchanculle Upamecano,Complete,31.320919,83.7,61.3,53.7,52.3
3869354,2022-12-10,Quarter-finals,England,2,58,36,France,8519,Dayotchanculle Upamecano,10481,Aurélien Djani Tchouaméni,Complete,13.010765,52.9,44.6,62.1,35.4
3869354,2022-12-10,Quarter-finals,England,2,58,37,France,10481,Aurélien Djani Tchouaméni,8519,Dayotchanculle Upamecano,Complete,20.112185,62.1,35.4,45.6,23.9
3869354,2022-12-10,Quarter-finals,England,2,58,40,France,8519,Dayotchanculle Upamecano,3099,Hugo Lloris,Complete,33.60268,41.6,20.5,10.1,32.2
3869354,2022-12-10,Quarter-finals,England,2,58,44,France,3099,Hugo Lloris,,,Incomplete,66.66521,10.8,32.9,71.3,60.9
3869354,2022-12-10,Quarter-finals,England,2,58,49,France,3026,Adrien Rabiot,5487,Antoine Griezmann,Incomplete,8.850988,62.7,52.8,70.2,57.5
3869354,2022-12-10,Quarter-finals,England,2,59,53,France,3099,Hugo Lloris,3604,Olivier Giroud,Incomplete,78.410774,14.3,32.5,92.7,31.2
3869354,2022-12-10,Quarter-finals,England,2,60,1,France,5487,Antoine Griezmann,3009,Kylian Mbappé Lottin,Complete,7.547185,84.8,26.0,88.8,32.4
3869354,2022-12-10,Quarter-finals,England,2,60,4,France,3009,Kylian Mbappé Lottin,5477,Ousmane Dembélé,Complete,24.628845,93.3,40.6,100.0,64.3
3869354,2022-12-10,Quarter-finals,England,2,60,15,France,4445,Jules Koundé,5477,Ousmane Dembélé,Complete,17.014406,88.0,80.0,87.3,63.0
3869354,2022-12-10,Quarter-finals,England,2,60,26,France,5477,Ousmane Dembélé,3009,Kylian Mbappé Lottin,Complete,21.630072,79.0,42.1,92.5,25.2
3869354,2022-12-10,Quarter-finals,England,2,60,28,France,3009,Kylian Mbappé Lottin,3026,Adrien Rabiot,Incomplete,5.4424257,94.2,25.4,99.3,27.3
3869354,2022-12-10,Quarter-finals,England,2,61,16,France,3099,Hugo Lloris,5485,Raphaël Varane,Complete,11.761803,8.0,39.3,13.3,49.8
3869354,2022-12-10,Quarter-finals,England,2,61,29,France,5485,Raphaël Varane,10481,Aurélien Djani Tchouaméni,Complete,20.634922,38.3,55.8,37.1,35.2
3869354,2022-12-10,Quarter-finals,England,2,61,36,France,10481,Aurélien Djani Tchouaméni,6704,Theo Bernard François Hernández,Complete,15.91006,61.7,19.4,57.0,4.2
3869354,2022-12-10,Quarter-finals,England,2,61,39,France,6704,Theo Bernard François Hernández,10481,Aurélien Djani Tchouaméni,Complete,8.122191,57.0,4.2,57.6,12.3
3869354,2022-12-10,Quarter-finals,England,2,61,44,France,10481,Aurélien Djani Tchouaméni,4445,Jules Koundé,Complete,37.149696,57.2,23.7,65.1,60.0
3869354,2022-12-10,Quarter-finals,England,2,61,47,France,4445,Jules Koundé,5477,Ousmane Dembélé,Complete,20.10398,72.8,65.8,91.2,73.9
3869354,2022-12-10,Quarter-finals,England,2,63,0,France,5485,Raphaël Varane,,,Incomplete,11.884864,17.0,65.2,28.5,68.2
3869354,2022-12-10,Quarter-finals,England,2,63,5,France,4445,Jules Koundé,5487,Antoine Griezmann,Complete,22.06377,15.7,66.5,37.3,62.0
3869354,2022-12-10,Quarter-finals,England,2,63,18,France,4445,Jules Koundé,10481,Aurélien Djani Tchouaméni,Complete,21.102133,64.9,80.0,50.8,64.3
3869354,2022-12-10,Quarter-finals,England,2,63,24,France,10481,Aurélien Djani Tchouaméni,3026,Adrien Rabiot,Complete,16.954056,49.0,57.0,54.0,40.8
3869354,2022-12-10,Quarter-finals,England,2,63,28,France,3026,Adrien Rabiot,6704,Theo Bernard François Hernández,Complete,33.86399,57.4,30.3,77.3,2.9
3869354,2022-12-10,Quarter-finals,England,2,63,33,France,6704,Theo Bernard François Hernández,3026,Adrien Rabiot,Complete,7.922752,86.7,5.3,78.8,5.9
3869354,2022-12-10,Quarter-finals,England,2,63,37,France,3026,Adrien Rabiot,8519,Dayotchanculle Upamecano,Complete,12.669649,78.8,5.9,66.4,8.5
3869354,2022-12-10,Quarter-finals,England,2,63,39,France,8519,Dayotchanculle Upamecano,5477,Ousmane Dembélé,Complete,39.580044,67.0,14.1,71.7,53.4
3869354,2022-12-10,Quarter-finals,England,2,63,44,France,5477,Ousmane Dembélé,4445,Jules Koundé,Complete,24.46753,74.1,56.4,91.2,73.9
3869354,2022-12-10,Quarter-finals,England,2,63,46,France,4445,Jules Koundé,5477,Ousmane Dembélé,Complete,12.306502,91.2,73.9,81.6,66.2
3869354,2022-12-10,Quarter-finals,England,2,63,49,France,5477,Ousmane Dembélé,4445,Jules Koundé,Out,36.614887,84.1,63.0,120.0,55.8
3869354,2022-12-10,Quarter-finals,England,2,64,40,France,6704,Theo Bernard François Hernández,5487,Antoine Griezmann,Complete,25.647028,38.8,20.5,46.7,44.9
3869354,2022-12-10,Quarter-finals,England,2,64,44,France,5487,Antoine Griezmann,10481,Aurélien Djani Tchouaméni,Complete,20.40049,63.6,38.0,68.9,18.3
3869354,2022-12-10,Quarter-finals,England,2,64,47,France,10481,Aurélien Djani Tchouaméni,3009,Kylian Mbappé Lottin,Complete,16.97292,76.0,10.6,91.8,4.4
3869354,2022-12-10,Quarter-finals,England,2,64,52,France,3009,Kylian Mbappé Lottin,10481,Aurélien Djani Tchouaméni,Complete,7.543209,92.3,4.9,85.0,6.8
3869354,2022-12-10,Quarter-finals,England,2,64,54,France,10481,Aurélien Djani Tchouaméni,3604,Olivier Giroud,Out,38.46297,85.8,8.9,120.0,26.5
3869354,2022-12-10,Quarter-finals,England,2,65,59,France,6704,Theo Bernard François Hernández,5487,Antoine Griezmann,Incomplete,58.189777,23.4,6.6,73.2,36.7
3869354,2022-12-10,Quarter-finals,England,2,66,47,France,3099,Hugo Lloris,8519,Dayotchanculle Upamecano,Complete,10.6216755,8.6,33.1,15.7,25.2
3869354,2022-12-10,Quarter-finals,England,2,66,51,France,8519,Dayotchanculle Upamecano,4445,Jules Koundé,Complete,51.251537,20.0,28.0,45.6,72.4
3869354,2022-12-10,Quarter-finals,England,2,66,54,France,4445,Jules Koundé,5477,Ousmane Dembélé,Incomplete,19.714462,45.8,72.4,65.3,69.5
3869354,2022-12-10,Quarter-finals,England,2,67,0,France,5487,Antoine Griezmann,6704,Theo Bernard François Hernández,Complete,43.161674,63.8,44.2,80.5,4.4
3869354,2022-12-10,Quarter-finals,England,2,67,4,France,6704,Theo Bernard François Hernández,3009,Kylian Mbappé Lottin,Complete,8.881441,89.3,6.6,80.5,7.8
3869354,2022-12-10,Quarter-finals,England,2,67,9,France,3009,Kylian Mbappé Lottin,6704,Theo Bernard François Hernández,Complete,11.609048,80.5,8.7,91.6,5.3
3869354,2022-12-10,Quarter-finals,England,2,67,13,France,6704,Theo Bernard François Hernández,3009,Kylian Mbappé Lottin,Complete,12.946815,89.9,12.3,88.8,25.2
3869354,2022-12-10,Quarter-finals,England,2,67,17,France,3009,Kylian Mbappé Lottin,5477,Ousmane Dembélé,Complete,36.973774,91.2,25.0,112.1,55.5
3869354,2022-12-10,Quarter-finals,England,2,67,19,France,5477,Ousmane Dembélé,,,Incomplete,12.231925,112.4,55.8,105.5,45.7
3869354,2022-12-10,Quarter-finals,England,2,67,35,France,4445,Jules Koundé,5487,Antoine Griezmann,Complete,18.898678,86.5,80.0,71.9,68.0
3869354,2022-12-10,Quarter-finals,England,2,67,38,France,5487,Antoine Griezmann,8519,Dayotchanculle Upamecano,Complete,27.294687,68.9,62.2,64.9,35.2
3869354,2022-12-10,Quarter-finals,England,2,67,43,France,8519,Dayotchanculle Upamecano,3026,Adrien Rabiot,Complete,14.378456,73.2,25.6,74.7,11.3
3869354,2022-12-10,Quarter-finals,England,2,67,45,France,3026,Adrien Rabiot,6704,Theo Bernard François Hernández,Complete,19.612242,77.1,7.6,96.3,3.6
3869354,2022-12-10,Quarter-finals,England,2,69,58,France,3099,Hugo Lloris,3604,Olivier Giroud,Complete,67.552055,6.0,36.0,69.8,13.8
3869354,2022-12-10,Quarter-finals,England,2,70,2,France,3604,Olivier Giroud,3009,Kylian Mbappé Lottin,Incomplete,18.895767,69.8,13.8,88.6,11.9
3869354,2022-12-10,Quarter-finals,England,2,70,13,France,6704,Theo Bernard François Hernández,3099,Hugo Lloris,Complete,34.838196,36.4,5.5,10.5,28.8
3869354,2022-12-10,Quarter-finals,England,2,70,15,France,3099,Hugo Lloris,3026,Adrien Rabiot,Complete,37.992237,11.0,27.1,43.9,8.1
3869354,2022-12-10,Quarter-finals,England,2,70,17,France,3026,Adrien Rabiot,3009,Kylian Mbappé Lottin,Incomplete,25.387005,43.9,8.1,69.2,10.2
3869354,2022-12-10,Quarter-finals,England,2,70,35,France,5477,Ousmane Dembélé,,,Incomplete,33.92359,10.5,69.7,39.0,51.3
3869354,2022-12-10,Quarter-finals,England,2,71,46,France,3099,Hugo Lloris,3604,Olivier Giroud,Incomplete,73.577446,8.9,40.1,81.9,30.9
3869354,2022-12-10,Quarter-finals,England,2,71,50,France,3026,Adrien Rabiot,5487,Antoine Griezmann,Pass Offside,35.857494,74.1,22.8,102.1,45.2
3869354,2022-12-10,Quarter-finals,England,2,72,42,France,8519,Dayotchanculle Upamecano,,,Incomplete,75.26939,41.7,4.4,115.5,19.2
3869354,2022-12-10,Quarter-finals,England,2,73,40,France,3099,Hugo Lloris,5485,Raphaël Varane,Complete,38.228,5.7,29.1,34.0,54.8
3869354,2022-12-10,Quarter-finals,England,2,73,44,France,5485,Raphaël Varane,10481,Aurélien Djani Tchouaméni,Complete,14.623953,43.5,57.2,30.4,50.7
3869354,2022-12-10,Quarter-finals,England,2,73,47,France,10481,Aurélien Djani Tchouaméni,5487,Antoine Griezmann,Incomplete,18.679668,32.6,52.3,48.8,61.6
3869354,2022-12-10,Quarter-finals,England,2,73,50,France,4445,Jules Koundé,5487,Antoine Griezmann,Incomplete,5.9539905,44.1,63.1,50.0,62.3
3869354,2022-12-10,Quarter-finals,England,2,73,56,France,5487,Antoine Griezmann,5477,Ousmane Dembélé,Out,33.56501,75.1,53.2,95.7,79.7
3869354,2022-12-10,Quarter-finals,England,2,74,28,France,10481,Aurélien Djani Tchouaméni,5487,Antoine Griezmann,Complete,15.654073,67.6,71.8,82.4,66.7
3869354,2022-12-10,Quarter-finals,England,2,74,29,France,5487,Antoine Griezmann,5477,Ousmane Dembélé,Complete,6.303174,82.4,66.7,82.2,73.0
3869354,2022-12-10,Quarter-finals,England,2,74,32,France,5477,Ousmane Dembélé,5485,Raphaël Varane,Complete,20.96187,78.5,76.0,57.7,73.4
3869354,2022-12-10,Quarter-finals,England,2,74,33,France,5485,Raphaël Varane,3604,Olivier Giroud,Complete,37.165173,57.2,72.8,94.3,70.6
3869354,2022-12-10,Quarter-finals,England,2,74,35,France,3604,Olivier Giroud,5477,Ousmane Dembélé,Complete,9.617692,94.3,70.6,102.8,75.1
3869354,2022-12-10,Quarter-finals,England,2,74,40,France,5477,Ousmane Dembélé,3026,Adrien Rabiot,Incomplete,30.32095,104.8,67.8,109.2,37.8
3869354,2022-12-10,Quarter-finals,England,2,74,44,France,10481,Aurélien Djani Tchouaméni,3026,Adrien Rabiot,Complete,7.2235727,91.7,23.3,98.4,20.6
3869354,2022-12-10,Quarter-finals,England,2,74,45,France,3026,Adrien Rabiot,10481,Aurélien Djani Tchouaméni,Complete,7.236712,98.4,20.6,91.3,19.2
3869354,2022-12-10,Quarter-finals,England,2,74,48,France,10481,Aurélien Djani Tchouaméni,3026,Adrien Rabiot,Complete,2.657066,91.9,17.8,92.8,15.3
3869354,2022-12-10,Quarter-finals,England,2,74,48,France,3026,Adrien Rabiot,6704,Theo Bernard François Hernández,Complete,13.379462,92.8,15.3,80.2,19.8
3869354,2022-12-10,Quarter-finals,England,2,74,51,France,6704,Theo Bernard François Hernández,3604,Olivier Giroud,Complete,40.494938,82.9,19.8,112.9,47.0
3869354,2022-12-10,Quarter-finals,England,2,75,51,France,3009,Kylian Mbappé Lottin,6704,Theo Bernard François Hernández,Complete,22.980427,27.7,3.0,49.8,9.3
3869354,2022-12-10,Quarter-finals,England,2,75,55,France,6704,Theo Bernard François Hernández,3026,Adrien Rabiot,Complete,16.204937,41.7,13.1,25.5,12.7
3869354,2022-12-10,Quarter-finals,England,2,75,57,France,3026,Adrien Rabiot,3009,Kylian Mbappé Lottin,Complete,12.773801,27.5,5.1,40.1,3.0
3869354,2022-12-10,Quarter-finals,England,2,75,59,France,3009,Kylian Mbappé Lottin,6704,Theo Bernard François Hernández,Complete,8.348653,37.9,4.0,44.8,8.7
3869354,2022-12-10,Quarter-finals,England,2,76,2,France,6704,Theo Bernard François Hernández,10481,Aurélien Djani Tchouaméni,Complete,11.560277,45.0,13.5,39.2,23.5
3869354,2022-12-10,Quarter-finals,England,2,76,6,France,10481,Aurélien Djani Tchouaméni,5487,Antoine Griezmann,Complete,21.49721,45.0,42.5,62.7,54.7
3869354,2022-12-10,Quarter-finals,England,2,76,10,France,5487,Antoine Griezmann,3026,Adrien Rabiot,Complete,39.891853,56.7,44.9,74.7,9.3
3869354,2022-12-10,Quarter-finals,England,2,76,14,France,3026,Adrien Rabiot,3009,Kylian Mbappé Lottin,Complete,6.5253353,85.0,5.3,91.3,3.6
3869354,2022-12-10,Quarter-finals,England,2,76,18,France,3009,Kylian Mbappé Lottin,3026,Adrien Rabiot,Complete,3.940812,107.7,11.7,105.4,14.9
3869354,2022-12-10,Quarter-finals,England,2,76,20,France,3026,Adrien Rabiot,5477,Ousmane Dembélé,Complete,35.027134,104.2,15.3,111.3,49.6
3869354,2022-12-10,Quarter-finals,England,2,76,22,France,5477,Ousmane Dembélé,3604,Olivier Giroud,Complete,9.4,111.3,49.9,111.3,40.5
3869354,2022-12-10,Quarter-finals,England,2,76,58,France,5487,Antoine Griezmann,,,Incomplete,35.133175,120.0,0.1,114.5,34.8
3869354,2022-12-10,Quarter-finals,England,2,77,2,France,4445,Jules Koundé,6704,Theo Bernard François Hernández,Complete,28.846144,88.0,40.3,75.3,14.4
3869354,2022-12-10,Quarter-finals,England,2,77,5,France,6704,Theo Bernard François Hernández,5487,Antoine Griezmann,Complete,20.69396,74.5,12.2,93.5,4.0
3869354,2022-12-10,Quarter-finals,England,2,77,8,France,5487,Antoine Griezmann,3604,Olivier Giroud,Complete,37.297855,97.9,3.1,114.7,36.4
3869354,2022-12-10,Quarter-finals,England,2,79,10,France,3026,Adrien Rabiot,3604,Olivier Giroud,Complete,23.61292,60.7,24.8,81.8,35.4
3869354,2022-12-10,Quarter-finals,England,2,79,12,France,3604,Olivier Giroud,5487,Antoine Griezmann,Incomplete,18.428782,81.8,35.4,95.7,23.3
3869354,2022-12-10,Quarter-finals,England,2,79,23,France,8519,Dayotchanculle Upamecano,4445,Jules Koundé,Out,59.471844,24.7,25.2,49.4,79.3
3869354,2022-12-10,Quarter-finals,England,2,84,38,France,3099,Hugo Lloris,3604,Olivier Giroud,Complete,65.459915,6.0,36.0,68.2,56.4
3869354,2022-12-10,Quarter-finals,England,2,84,42,France,3604,Olivier Giroud,8217,Kingsley Coman,Out,26.945314,68.2,56.4,82.4,79.3
3869354,2022-12-10,Quarter-finals,England,2,85,53,France,3099,Hugo Lloris,3604,Olivier Giroud,Complete,67.02313,41.7,57.0,103.6,31.3
3869354,2022-12-10,Quarter-finals,England,2,85,56,France,3604,Olivier Giroud,3009,Kylian Mbappé Lottin,Incomplete,6.519202,103.6,32.1,105.9,38.2
3869354,2022-12-10,Quarter-finals,England,2,86,1,France,6704,Theo Bernard François Hernández,3604,Olivier Giroud,Incomplete,24.075298,81.7,17.3,105.6,14.4
3869354,2022-12-10,Quarter-finals,England,2,87,47,France,4445,Jules Koundé,3604,Olivier Giroud,Incomplete,29.143095,38.1,80.0,60.7,61.6
3869354,2022-12-10,Quarter-finals,England,2,87,52,France,8519,Dayotchanculle Upamecano,8217,Kingsley Coman,Incomplete,12.465152,39.7,48.7,51.4,53.0
3869354,2022-12-10,Quarter-finals,England,2,88,35,France,3099,Hugo Lloris,3604,Olivier Giroud,Incomplete,59.33338,6.0,44.0,63.3,59.4
3869354,2022-12-10,Quarter-finals,England,2,88,40,France,3026,Adrien Rabiot,,,Unknown,11.128792,61.7,51.6,70.1,58.9
3869354,2022-12-10,Quarter-finals,England,2,89,31,France,5485,Raphaël Varane,3604,Olivier Giroud,Complete,48.22489,70.0,60.3,104.0,26.1
3869354,2022-12-10,Quarter-finals,England,2,89,34,France,3604,Olivier Giroud,3009,Kylian Mbappé Lottin,Complete,7.1168814,104.0,26.1,106.4,32.8
3869354,2022-12-10,Quarter-finals,England,2,89,52,France,3009,Kylian Mbappé Lottin,3026,Adrien Rabiot,Complete,1.3453624,91.9,3.6,92.8,4.6
3869354,2022-12-10,Quarter-finals,England,2,90,40,France,5487,Antoine Griezmann,,,Incomplete,25.585348,94.9,6.2,105.9,29.3
3869354,2022-12-10,Quarter-finals,England,2,90,44,France,3026,Adrien Rabiot,,,Incomplete,16.052414,87.2,26.8,101.0,35.0
3869354,2022-12-10,Quarter-finals,England,2,90,47,France,3026,Adrien Rabiot,8519,Dayotchanculle Upamecano,Complete,15.76864,86.8,32.5,71.2,34.8
3869354,2022-12-10,Quarter-finals,England,2,90,49,France,8519,Dayotchanculle Upamecano,6704,Theo Bernard François Hernández,Complete,16.9,71.2,34.8,55.6,28.3
3869354,2022-12-10,Quarter-finals,England,2,90,51,France,6704,Theo Bernard François Hernández,5487,Antoine Griezmann,Complete,36.98175,57.4,26.7,87.2,4.8
3869354,2022-12-10,Quarter-finals,England,2,90,54,France,5487,Antoine Griezmann,3009,Kylian Mbappé Lottin,Complete,22.214409,87.2,4.8,109.4,4.0
3869354,2022-12-10,Quarter-finals,England,2,92,49,France,3099,Hugo Lloris,8217,Kingsley Coman,Complete,79.53427,14.6,43.4,93.9,49.5
3869354,2022-12-10,Quarter-finals,England,2,93,22,France,4445,Jules Koundé,3604,Olivier Giroud,Incomplete,18.061285,83.3,80.0,100.3,73.9
3869354,2022-12-10,Quarter-finals,England,2,93,49,France,6704,Theo Bernard François Hernández,,,Incomplete,69.566734,15.5,2.9,84.3,13.2
3869354,2022-12-10,Quarter-finals,England,2,94,50,France,3099,Hugo Lloris,,,Incomplete,74.37587,14.6,33.9,88.5,25.5
3869354,2022-12-10,Quarter-finals,England,2,94,58,France,3009,Kylian Mbappé Lottin,3026,Adrien Rabiot,Complete,20.554804,82.5,21.8,63.0,15.3
3869354,2022-12-10,Quarter-finals,England,2,97,19,France,5487,Antoine Griezmann,8519,Dayotchanculle Upamecano,Complete,12.767537,57.0,31.3,44.5,28.7
3869354,2022-12-10,Quarter-finals,England,2,97,21,France,8519,Dayotchanculle Upamecano,3099,Hugo Lloris,Complete,30.907604,39.0,23.5,9.2,31.7
3869354,2022-12-10,Quarter-finals,England,2,97,23,France,3099,Hugo Lloris,,,Incomplete,69.81468,10.9,31.6,80.6,27.6
3869354,2022-12-10,Quarter-finals,England,2,97,28,France,5487,Antoine Griezmann,3009,Kylian Mbappé Lottin,Complete,29.792952,66.0,35.3,75.9,7.2
3869354,2022-12-10,Quarter-finals,England,2,97,55,France,4445,Jules Koundé,10481,Aurélien Djani Tchouaméni,Incomplete,12.238464,25.2,44.0,36.5,39.3
3869354,2022-12-10,Quarter-finals,England,2,98,0,France,3026,Adrien Rabiot,5487,Antoine Griezmann,Incomplete,3.5510561,35.3,35.4,38.8,34.8
3869552,2022-12-14,Semi-finals,Morocco,1,0,50,France,10481,Aurélien Djani Tchouaméni,5487,Antoine Griezmann,Complete,15.430165,47.3,61.1,62.6,63.1
3869552,2022-12-14,Semi-finals,Morocco,1,0,52,France,5487,Antoine Griezmann,5477,Ousmane Dembélé,Complete,13.640015,68.2,63.3,76.4,74.2
3869552,2022-12-14,Semi-finals,Morocco,1,0,56,France,5477,Ousmane Dembélé,,,Incomplete,10.143471,103.6,75.3,105.3,65.3
3869552,2022-12-14,Semi-finals,Morocco,1,1,4,France,4445,Jules Koundé,,,Incomplete,4.509989,40.6,76.1,45.1,76.4
3869552,2022-12-14,Semi-finals,Morocco,1,1,10,France,4445,Jules Koundé,,,Out,21.112318,18.6,74.2,38.9,80.0
3869552,2022-12-14,Semi-finals,Morocco,1,1,40,France,5487,Antoine Griezmann,3009,Kylian Mbappé Lottin,Incomplete,31.063967,24.3,59.1,43.9,35.0
3869552,2022-12-14,Semi-finals,Morocco,1,3,10,France,11990,Youssouf Fofana,,,Incomplete,11.819053,70.1,19.9,76.4,29.9
3869552,2022-12-14,Semi-finals,Morocco,1,3,32,France,6704,Theo Bernard François Hernández,,,Incomplete,1.8027756,56.5,2.2,58.2,1.6
3869552,2022-12-14,Semi-finals,Morocco,1,3,40,France,6704,Theo Bernard François Hernández,10481,Aurélien Djani Tchouaméni,Complete,16.024044,61.1,0.1,51.2,12.7
3869552,2022-12-14,Semi-finals,Morocco,1,3,43,France,10481,Aurélien Djani Tchouaméni,11135,Ibrahima Konaté,Complete,16.729914,51.2,12.7,35.4,7.2
3869552,2022-12-14,Semi-finals,Morocco,1,3,47,France,11135,Ibrahima Konaté,5485,Raphaël Varane,Complete,39.21543,34.2,8.9,35.3,48.1
3869552,2022-12-14,Semi-finals,Morocco,1,3,51,France,5485,Raphaël Varane,4445,Jules Koundé,Complete,16.458433,38.7,54.1,45.9,68.9
3869552,2022-12-14,Semi-finals,Morocco,1,3,53,France,4445,Jules Koundé,5485,Raphaël Varane,Complete,14.508618,44.8,66.4,44.3,51.9
3869552,2022-12-14,Semi-finals,Morocco,1,3,55,France,5485,Raphaël Varane,11135,Ibrahima Konaté,Complete,36.3,44.0,51.9,44.0,15.6
3869552,2022-12-14,Semi-finals,Morocco,1,3,59,France,11135,Ibrahima Konaté,3009,Kylian Mbappé Lottin,Complete,21.660332,51.8,16.7,69.2,3.8
3869552,2022-12-14,Semi-finals,Morocco,1,4,2,France,3009,Kylian Mbappé Lottin,6704,Theo Bernard François Hernández,Complete,11.211155,68.7,3.6,57.5,3.1
3869552,2022-12-14,Semi-finals,Morocco,1,4,4,France,6704,Theo Bernard François Hernández,5485,Raphaël Varane,Complete,36.494656,56.2,5.0,44.3,39.5
3869552,2022-12-14,Semi-finals,Morocco,1,4,11,France,5485,Raphaël Varane,5477,Ousmane Dembélé,Complete,16.47574,61.7,58.5,67.0,74.1
3869552,2022-12-14,Semi-finals,Morocco,1,4,14,France,5477,Ousmane Dembélé,11135,Ibrahima Konaté,Complete,34.85183,61.5,65.8,54.3,31.7
3869552,2022-12-14,Semi-finals,Morocco,1,4,18,France,11135,Ibrahima Konaté,3009,Kylian Mbappé Lottin,Complete,21.980446,67.0,20.0,80.3,2.5
3869552,2022-12-14,Semi-finals,Morocco,1,4,23,France,3009,Kylian Mbappé Lottin,11990,Youssouf Fofana,Complete,9.774457,77.9,6.3,71.4,13.6
3869552,2022-12-14,Semi-finals,Morocco,1,4,25,France,11990,Youssouf Fofana,5485,Raphaël Varane,Complete,28.903288,72.6,13.6,63.4,41.0
3869552,2022-12-14,Semi-finals,Morocco,1,4,30,France,5485,Raphaël Varane,5487,Antoine Griezmann,Complete,21.63169,72.2,61.3,93.4,57.0
3869552,2022-12-14,Semi-finals,Morocco,1,4,34,France,5487,Antoine Griezmann,3009,Kylian Mbappé Lottin,Complete,11.715375,110.0,55.2,107.3,43.8
3869552,2022-12-14,Semi-finals,Morocco,1,6,16,France,11135,Ibrahima Konaté,3009,Kylian Mbappé Lottin,Complete,11.280514,56.4,35.0,63.7,43.6
3869552,2022-12-14,Semi-finals,Morocco,1,7,22,France,4445,Jules Koundé,,,Incomplete,27.131163,37.9,80.0,51.8,56.7
3869552,2022-12-14,Semi-finals,Morocco,1,7,44,France,11990,Youssouf Fofana,3009,Kylian Mbappé Lottin,Complete,21.606712,76.1,16.0,94.2,4.2
3869552,2022-12-14,Semi-finals,Morocco,1,7,51,France,3009,Kylian Mbappé Lottin,,,Incomplete,4.215448,104.8,19.4,103.2,23.3
3869552,2022-12-14,Semi-finals,Morocco,1,7,52,France,5477,Ousmane Dembélé,5487,Antoine Griezmann,Complete,18.607794,98.6,40.2,81.4,33.1
3869552,2022-12-14,Semi-finals,Morocco,1,7,57,France,5487,Antoine Griezmann,5485,Raphaël Varane,Complete,12.001667,65.9,33.0,66.1,45.0
3869552,2022-12-14,Semi-finals,Morocco,1,7,59,France,5485,Raphaël Varane,4445,Jules Koundé,Complete,16.349007,67.3,52.0,72.5,67.5
3869552,2022-12-14,Semi-finals,Morocco,1,8,1,France,4445,Jules Koundé,5487,Antoine Griezmann,Complete,13.462912,74.5,68.3,73.2,54.9
3869552,2022-12-14,Semi-finals,Morocco,1,8,3,France,5487,Antoine Griezmann,4445,Jules Koundé,Complete,12.539936,77.9,58.0,71.2,68.6
3869552,2022-12-14,Semi-finals,Morocco,1,8,4,France,4445,Jules Koundé,5485,Raphaël Varane,Complete,13.701095,70.7,68.9,63.1,57.5
3869552,2022-12-14,Semi-finals,Morocco,1,8,6,France,5485,Raphaël Varane,10481,Aurélien Djani Tchouaméni,Complete,16.609034,63.1,57.5,65.0,41.0
3869552,2022-12-14,Semi-finals,Morocco,1,8,9,France,10481,Aurélien Djani Tchouaméni,6704,Theo Bernard François Hernández,Complete,29.98216,65.9,37.5,69.2,7.7
3869552,2022-12-14,Semi-finals,Morocco,1,8,11,France,6704,Theo Bernard François Hernández,3009,Kylian Mbappé Lottin,Complete,11.1004505,69.5,6.6,80.4,4.5
3869552,2022-12-14,Semi-finals,Morocco,1,8,59,France,3099,Hugo Lloris,5485,Raphaël Varane,Complete,32.66864,6.0,36.0,29.0,59.2
3869552,2022-12-14,Semi-finals,Morocco,1,9,2,France,5485,Raphaël Varane,4445,Jules Koundé,Complete,18.18186,37.3,59.2,52.0,69.9
3869552,2022-12-14,Semi-finals,Morocco,1,9,4,France,4445,Jules Koundé,5485,Raphaël Varane,Complete,10.567876,46.5,66.3,37.3,61.1
3869552,2022-12-14,Semi-finals,Morocco,1,9,8,France,5485,Raphaël Varane,3604,Olivier Giroud,Complete,21.505814,45.4,60.0,62.3,46.7
3869552,2022-12-14,Semi-finals,Morocco,1,9,10,France,3604,Olivier Giroud,10481,Aurélien Djani Tchouaméni,Incomplete,9.106591,65.3,46.1,57.5,41.4
3869552,2022-12-14,Semi-finals,Morocco,1,9,43,France,6704,Theo Bernard François Hernández,3009,Kylian Mbappé Lottin,Incomplete,24.240461,10.1,4.2,34.3,2.8
3869552,2022-12-14,Semi-finals,Morocco,1,10,4,France,6704,Theo Bernard François Hernández,,,Incomplete,31.077967,4.0,1.7,35.0,3.9
3869552,2022-12-14,Semi-finals,Morocco,1,10,27,France,10481,Aurélien Djani Tchouaméni,11990,Youssouf Fofana,Complete,22.69207,8.9,2.4,13.1,24.7
3869552,2022-12-14,Semi-finals,Morocco,1,10,30,France,11990,Youssouf Fofana,4445,Jules Koundé,Complete,37.010944,13.4,23.3,26.8,57.8
3869552,2022-12-14,Semi-finals,Morocco,1,10,34,France,4445,Jules Koundé,5477,Ousmane Dembélé,Complete,18.369812,50.0,58.1,57.2,75.0
3869552,2022-12-14,Semi-finals,Morocco,1,10,41,France,5477,Ousmane Dembélé,5487,Antoine Griezmann,Complete,10.604244,63.4,65.3,63.1,54.7
3869552,2022-12-14,Semi-finals,Morocco,1,10,43,France,5487,Antoine Griezmann,3009,Kylian Mbappé Lottin,Pass Offside,44.626896,63.4,52.2,86.8,14.2
3869552,2022-12-14,Semi-finals,Morocco,1,11,26,France,5487,Antoine Griezmann,10481,Aurélien Djani Tchouaméni,Complete,12.348279,53.7,63.8,42.5,58.6
3869552,2022-12-14,Semi-finals,Morocco,1,11,27,France,10481,Aurélien Djani Tchouaméni,4445,Jules Koundé,Complete,14.040655,42.6,59.1,38.1,72.4
3869552,2022-12-14,Semi-finals,Morocco,1,11,30,France,4445,Jules Koundé,10481,Aurélien Djani Tchouaméni,Complete,15.119855,37.9,74.1,39.8,59.1
3869552,2022-12-14,Semi-finals,Morocco,1,11,31,France,10481,Aurélien Djani Tchouaméni,5487,Antoine Griezmann,Complete,8.683893,39.5,59.9,44.5,52.8
3869552,2022-12-14,Semi-finals,Morocco,1,11,32,France,5487,Antoine Griezmann,11135,Ibrahima Konaté,Complete,31.342783,45.9,51.0,36.5,21.1
3869552,2022-12-14,Semi-finals,Morocco,1,11,35,France,11135,Ibrahima Konaté,6704,Theo Bernard François Hernández,Complete,23.690716,35.0,21.4,52.0,4.9
3869552,2022-12-14,Semi-finals,Morocco,1,11,42,France,6704,Theo Bernard François Hernández,11990,Youssouf Fofana,Complete,7.05762,71.8,1.9,64.8,2.8
3869552,2022-12-14,Semi-finals,Morocco,1,11,44,France,11990,Youssouf Fofana,3009,Kylian Mbappé Lottin,Complete,10.358571,64.0,3.1,69.3,12.0
3869552,2022-12-14,Semi-finals,Morocco,1,11,48,France,3009,Kylian Mbappé Lottin,5485,Raphaël Varane,Complete,30.061272,69.2,18.1,56.4,45.3
3869552,2022-12-14,Semi-finals,Morocco,1,11,52,France,5485,Raphaël Varane,5477,Ousmane Dembélé,Complete,13.566503,67.3,63.1,75.1,74.2
3869552,2022-12-14,Semi-finals,Morocco,1,11,56,France,5477,Ousmane Dembélé,5485,Raphaël Varane,Complete,11.410959,75.4,72.8,67.9,64.2
3869552,2022-12-14,Semi-finals,Morocco,1,11,58,France,5485,Raphaël Varane,11135,Ibrahima Konaté,Complete,27.682846,67.9,64.2,55.4,39.5
3869552,2022-12-14,Semi-finals,Morocco,1,12,5,France,11135,Ibrahima Konaté,5485,Raphaël Varane,Complete,19.865547,64.0,26.0,58.2,45.0
3869552,2022-12-14,Semi-finals,Morocco,1,12,10,France,5485,Raphaël Varane,5487,Antoine Griezmann,Complete,24.575802,68.6,53.8,81.2,74.9
3869552,2022-12-14,Semi-finals,Morocco,1,12,37,France,5487,Antoine Griezmann,3604,Olivier Giroud,Complete,9.631719,75.4,36.4,77.5,27.0
3869552,2022-12-14,Semi-finals,Morocco,1,12,39,France,3604,Olivier Giroud,3009,Kylian Mbappé Lottin,Out,28.34784,77.5,23.9,92.9,0.1
3869552,2022-12-14,Semi-finals,Morocco,1,14,40,France,6704,Theo Bernard François Hernández,5477,Ousmane Dembélé,Complete,52.327908,13.7,4.5,52.6,39.5
3869552,2022-12-14,Semi-finals,Morocco,1,14,49,France,5477,Ousmane Dembélé,10481,Aurélien Djani Tchouaméni,Complete,13.776793,75.9,64.2,63.7,57.8
3869552,2022-12-14,Semi-finals,Morocco,1,14,54,France,10481,Aurélien Djani Tchouaméni,4445,Jules Koundé,Complete,16.43046,70.3,51.9,69.3,68.3
3869552,2022-12-14,Semi-finals,Morocco,1,14,56,France,4445,Jules Koundé,10481,Aurélien Djani Tchouaméni,Complete,12.060266,68.1,68.6,64.8,57.0
3869552,2022-12-14,Semi-finals,Morocco,1,15,1,France,10481,Aurélien Djani Tchouaméni,4445,Jules Koundé,Complete,20.700966,65.6,47.0,65.4,67.7
3869552,2022-12-14,Semi-finals,Morocco,1,15,4,France,4445,Jules Koundé,5477,Ousmane Dembélé,Complete,12.162236,66.1,66.3,74.7,74.9
3869552,2022-12-14,Semi-finals,Morocco,1,15,6,France,5477,Ousmane Dembélé,5485,Raphaël Varane,Complete,21.330027,74.7,74.9,56.8,63.3
3869552,2022-12-14,Semi-finals,Morocco,1,15,12,France,5485,Raphaël Varane,4445,Jules Koundé,Complete,16.19784,73.4,54.9,64.3,68.3
3869552,2022-12-14,Semi-finals,Morocco,1,15,16,France,4445,Jules Koundé,5485,Raphaël Varane,Complete,11.535164,64.3,68.5,63.4,57.0
3869552,2022-12-14,Semi-finals,Morocco,1,15,23,France,5485,Raphaël Varane,11990,Youssouf Fofana,Complete,16.7003,66.7,57.0,66.8,40.3
3869552,2022-12-14,Semi-finals,Morocco,1,15,25,France,11990,Youssouf Fofana,3009,Kylian Mbappé Lottin,Complete,23.146706,66.4,38.5,82.0,21.4
3869552,2022-12-14,Semi-finals,Morocco,1,15,31,France,11990,Youssouf Fofana,5485,Raphaël Varane,Complete,20.122128,55.6,35.6,51.5,55.3
3869552,2022-12-14,Semi-finals,Morocco,1,15,33,France,5485,Raphaël Varane,4445,Jules Koundé,Complete,17.572706,51.2,55.3,47.6,72.5
3869552,2022-12-14,Semi-finals,Morocco,1,15,35,France,4445,Jules Koundé,10481,Aurélien Djani Tchouaméni,Complete,19.154112,47.6,71.0,56.8,54.2
3869552,2022-12-14,Semi-finals,Morocco,1,15,39,France,10481,Aurélien Djani Tchouaméni,11990,Youssouf Fofana,Complete,11.18794,64.0,38.5,65.4,27.4
3869552,2022-12-14,Semi-finals,Morocco,1,15,41,France,11990,Youssouf Fofana,6704,Theo Bernard François Hernández,Complete,24.1754,69.8,16.7,90.9,4.9
3869552,2022-12-14,Semi-finals,Morocco,1,15,45,France,6704,Theo Bernard François Hernández,3009,Kylian Mbappé Lottin,Complete,14.900335,91.5,5.5,98.6,18.6
3869552,2022-12-14,Semi-finals,Morocco,1,16,23,France,3099,Hugo Lloris,11135,Ibrahima Konaté,Complete,14.983324,6.0,36.0,12.5,22.5
3869552,2022-12-14,Semi-finals,Morocco,1,16,25,France,11135,Ibrahima Konaté,3604,Olivier Giroud,Complete,62.803265,16.5,17.7,79.2,14.1
3869552,2022-12-14,Semi-finals,Morocco,1,17,22,France,5477,Ousmane Dembélé,,,Incomplete,29.230806,62.8,73.1,89.8,61.9
3869552,2022-12-14,Semi-finals,Morocco,1,18,13,France,4445,Jules Koundé,3604,Olivier Giroud,Complete,24.86966,35.3,80.0,56.8,67.5
3869552,2022-12-14,Semi-finals,Morocco,1,18,54,France,3099,Hugo Lloris,4445,Jules Koundé,Complete,15.420765,13.1,48.0,24.3,58.6
3869552,2022-12-14,Semi-finals,Morocco,1,19,1,France,4445,Jules Koundé,10481,Aurélien Djani Tchouaméni,Complete,15.346987,45.9,67.8,44.7,52.5
3869552,2022-12-14,Semi-finals,Morocco,1,19,2,France,10481,Aurélien Djani Tchouaméni,5485,Raphaël Varane,Complete,11.676472,43.7,52.0,33.4,57.5
3869552,2022-12-14,Semi-finals,Morocco,1,19,4,France,5485,Raphaël Varane,11135,Ibrahima Konaté,Complete,39.801132,32.9,57.5,33.2,17.7
3869552,2022-12-14,Semi-finals,Morocco,1,19,10,France,11135,Ibrahima Konaté,11990,Youssouf Fofana,Complete,16.064869,45.4,12.2,50.6,27.4
3869552,2022-12-14,Semi-finals,Morocco,1,19,12,France,11990,Youssouf Fofana,3604,Olivier Giroud,Complete,14.040655,50.9,27.4,64.2,31.9
3869552,2022-12-14,Semi-finals,Morocco,1,19,13,France,3604,Olivier Giroud,11990,Youssouf Fofana,Complete,14.60137,64.2,31.9,50.0,28.5
3869552,2022-12-14,Semi-finals,Morocco,1,19,14,France,11990,Youssouf Fofana,11135,Ibrahima Konaté,Complete,15.794303,52.9,26.6,45.4,12.7
3869552,2022-12-14,Semi-finals,Morocco,1,19,19,France,11135,Ibrahima Konaté,6704,Theo Bernard François Hernández,Complete,16.592167,49.8,9.7,64.7,2.4
3869552,2022-12-14,Semi-finals,Morocco,1,19,20,France,6704,Theo Bernard François Hernández,11135,Ibrahima Konaté,Complete,15.023315,68.9,2.4,54.2,5.5
3869552,2022-12-14,Semi-finals,Morocco,1,19,23,France,11135,Ibrahima Konaté,5485,Raphaël Varane,Complete,36.74915,52.5,9.1,40.4,43.8
3869552,2022-12-14,Semi-finals,Morocco,1,19,26,France,5485,Raphaël Varane,4445,Jules Koundé,Complete,19.997,40.4,43.8,43.2,63.6
3869552,2022-12-14,Semi-finals,Morocco,1,19,31,France,4445,Jules Koundé,5485,Raphaël Varane,Complete,17.924564,56.5,63.8,47.0,48.6
3869552,2022-12-14,Semi-finals,Morocco,1,19,33,France,5485,Raphaël Varane,11135,Ibrahima Konaté,Complete,25.732859,47.0,48.6,51.7,23.3
3869552,2022-12-14,Semi-finals,Morocco,1,19,38,France,11135,Ibrahima Konaté,10481,Aurélien Djani Tchouaméni,Complete,12.126417,62.8,10.8,69.2,21.1
3869552,2022-12-14,Semi-finals,Morocco,1,19,39,France,10481,Aurélien Djani Tchouaméni,11135,Ibrahima Konaté,Complete,9.712878,68.1,22.0,63.4,13.5
3869552,2022-12-14,Semi-finals,Morocco,1,19,41,France,11135,Ibrahima Konaté,5485,Raphaël Varane,Complete,20.306156,62.6,16.9,52.3,34.4
3869552,2022-12-14,Semi-finals,Morocco,1,19,45,France,5485,Raphaël Varane,3604,Olivier Giroud,Complete,19.051771,55.6,43.1,74.5,45.5
3869552,2022-12-14,Semi-finals,Morocco,1,19,45,France,3604,Olivier Giroud,3009,Kylian Mbappé Lottin,Complete,12.720063,74.5,45.5,84.7,53.1
3869552,2022-12-14,Semi-finals,Morocco,1,19,47,France,3009,Kylian Mbappé Lottin,5487,Antoine Griezmann,Complete,8.605231,84.7,53.1,85.0,61.7
3869552,2022-12-14,Semi-finals,Morocco,1,21,39,France,4445,Jules Koundé,10481,Aurélien Djani Tchouaméni,Complete,10.9,47.2,80.0,47.2,69.1
3869552,2022-12-14,Semi-finals,Morocco,1,21,43,France,10481,Aurélien Djani Tchouaméni,11135,Ibrahima Konaté,Complete,42.08622,43.2,61.0,33.7,20.0
3869552,2022-12-14,Semi-finals,Morocco,1,21,48,France,11135,Ibrahima Konaté,3009,Kylian Mbappé Lottin,Complete,16.93576,51.8,18.1,68.7,19.2
3869552,2022-12-14,Semi-finals,Morocco,1,21,52,France,3009,Kylian Mbappé Lottin,6704,Theo Bernard François Hernández,Complete,13.547324,76.1,13.8,86.4,5.0
3869552,2022-12-14,Semi-finals,Morocco,1,21,56,France,6704,Theo Bernard François Hernández,11135,Ibrahima Konaté,Complete,22.726416,86.5,3.8,64.0,7.0
3869552,2022-12-14,Semi-finals,Morocco,1,22,1,France,11135,Ibrahima Konaté,5485,Raphaël Varane,Complete,26.254524,62.0,14.1,54.3,39.2
3869552,2022-12-14,Semi-finals,Morocco,1,22,3,France,5485,Raphaël Varane,10481,Aurélien Djani Tchouaméni,Complete,14.676852,56.4,38.1,63.4,51.0
3869552,2022-12-14,Semi-finals,Morocco,1,22,5,France,10481,Aurélien Djani Tchouaméni,5487,Antoine Griezmann,Complete,20.453362,62.9,61.7,83.2,59.2
3869552,2022-12-14,Semi-finals,Morocco,1,23,8,France,11135,Ibrahima Konaté,5485,Raphaël Varane,Complete,35.524216,12.2,21.9,24.3,55.3
3869552,2022-12-14,Semi-finals,Morocco,1,23,16,France,5485,Raphaël Varane,11135,Ibrahima Konaté,Complete,40.54442,40.4,62.4,33.2,22.5
3869552,2022-12-14,Semi-finals,Morocco,1,23,21,France,11135,Ibrahima Konaté,5485,Raphaël Varane,Complete,36.611748,39.3,22.0,45.4,58.1
3869552,2022-12-14,Semi-finals,Morocco,1,23,27,France,5485,Raphaël Varane,3099,Hugo Lloris,Complete,30.772877,46.7,70.5,24.3,49.4
3869552,2022-12-14,Semi-finals,Morocco,1,23,35,France,3099,Hugo Lloris,11135,Ibrahima Konaté,Complete,30.805843,24.2,49.4,33.4,20.0
3869552,2022-12-14,Semi-finals,Morocco,1,23,39,France,11135,Ibrahima Konaté,5485,Raphaël Varane,Complete,43.425915,40.4,18.0,38.9,61.4
3869552,2022-12-14,Semi-finals,Morocco,1,23,43,France,5485,Raphaël Varane,,,Incomplete,56.53539,51.7,61.9,95.7,26.4
3869552,2022-12-14,Semi-finals,Morocco,1,23,48,France,11990,Youssouf Fofana,3009,Kylian Mbappé Lottin,Complete,9.786726,83.1,25.8,92.8,24.5
3869552,2022-12-14,Semi-finals,Morocco,1,23,50,France,3604,Olivier Giroud,11990,Youssouf Fofana,Complete,12.979984,91.4,31.6,80.6,24.4
3869552,2022-12-14,Semi-finals,Morocco,1,23,51,France,11990,Youssouf Fofana,,,Incomplete,12.40645,80.6,24.4,92.2,20.0
3869552,2022-12-14,Semi-finals,Morocco,1,25,34,France,3009,Kylian Mbappé Lottin,5477,Ousmane Dembélé,Incomplete,12.560255,68.9,52.7,58.9,60.3
3869552,2022-12-14,Semi-finals,Morocco,1,28,16,France,3099,Hugo Lloris,5485,Raphaël Varane,Complete,32.280025,14.0,23.9,25.4,54.1
3869552,2022-12-14,Semi-finals,Morocco,1,28,19,France,5485,Raphaël Varane,4445,Jules Koundé,Complete,15.822136,26.5,54.7,36.2,67.2
3869552,2022-12-14,Semi-finals,Morocco,1,28,22,France,4445,Jules Koundé,10481,Aurélien Djani Tchouaméni,Complete,9.730879,44.7,67.2,50.9,59.7
3869552,2022-12-14,Semi-finals,Morocco,1,28,24,France,10481,Aurélien Djani Tchouaméni,11990,Youssouf Fofana,Complete,16.97557,52.0,59.7,53.6,42.8
3869552,2022-12-14,Semi-finals,Morocco,1,28,25,France,11990,Youssouf Fofana,10481,Aurélien Djani Tchouaméni,Complete,7.940403,53.6,42.8,47.2,47.5
3869552,2022-12-14,Semi-finals,Morocco,1,28,26,France,10481,Aurélien Djani Tchouaméni,11135,Ibrahima Konaté,Complete,32.229954,46.4,46.6,41.8,14.7
3869552,2022-12-14,Semi-finals,Morocco,1,28,32,France,11135,Ibrahima Konaté,4445,Jules Koundé,Complete,45.56863,42.6,14.4,45.1,59.9
3869552,2022-12-14,Semi-finals,Morocco,1,28,35,France,4445,Jules Koundé,5487,Antoine Griezmann,Complete,24.31995,51.5,63.1,75.4,58.6
3869552,2022-12-14,Semi-finals,Morocco,1,29,17,France,10481,Aurélien Djani Tchouaméni,5485,Raphaël Varane,Complete,32.140007,69.5,13.3,53.2,41.0
3869552,2022-12-14,Semi-finals,Morocco,1,29,23,France,5485,Raphaël Varane,4445,Jules Koundé,Complete,18.830296,66.8,52.2,58.1,68.9
3869552,2022-12-14,Semi-finals,Morocco,1,29,25,France,4445,Jules Koundé,3099,Hugo Lloris,Complete,40.512344,55.7,68.1,23.9,43.0
3869552,2022-12-14,Semi-finals,Morocco,1,29,33,France,3099,Hugo Lloris,11135,Ibrahima Konaté,Complete,32.99712,23.9,43.0,33.4,11.4
3869552,2022-12-14,Semi-finals,Morocco,1,29,37,France,11135,Ibrahima Konaté,,,Incomplete,60.84817,42.0,11.7,102.5,5.2
3869552,2022-12-14,Semi-finals,Morocco,1,30,49,France,3099,Hugo Lloris,3604,Olivier Giroud,Complete,62.740498,10.4,52.7,71.8,65.6
3869552,2022-12-14,Semi-finals,Morocco,1,30,52,France,3604,Olivier Giroud,,,Incomplete,24.570917,68.9,65.2,92.2,73.0
3869552,2022-12-14,Semi-finals,Morocco,1,30,58,France,10481,Aurélien Djani Tchouaméni,,,Incomplete,15.24336,63.7,70.2,78.1,65.2
3869552,2022-12-14,Semi-finals,Morocco,1,31,17,France,11135,Ibrahima Konaté,,,Incomplete,31.600159,11.2,5.0,42.8,4.9
3869552,2022-12-14,Semi-finals,Morocco,1,31,36,France,6704,Theo Bernard François Hernández,11990,Youssouf Fofana,Complete,6.264982,36.5,0.1,39.5,5.6
3869552,2022-12-14,Semi-finals,Morocco,1,31,37,France,11990,Youssouf Fofana,6704,Theo Bernard François Hernández,Complete,5.5569777,39.5,5.6,34.7,2.8
3869552,2022-12-14,Semi-finals,Morocco,1,31,38,France,6704,Theo Bernard François Hernández,,,Incomplete,56.773674,34.3,2.8,51.2,57.0
3869552,2022-12-14,Semi-finals,Morocco,1,32,15,France,6704,Theo Bernard François Hernández,3009,Kylian Mbappé Lottin,Complete,18.324028,69.2,12.8,86.8,7.7
3869552,2022-12-14,Semi-finals,Morocco,1,32,22,France,3009,Kylian Mbappé Lottin,10481,Aurélien Djani Tchouaméni,Complete,16.107452,106.4,20.6,96.0,32.9
3869552,2022-12-14,Semi-finals,Morocco,1,33,10,France,4445,Jules Koundé,5477,Ousmane Dembélé,Complete,13.945967,40.0,55.8,53.2,60.3
3869552,2022-12-14,Semi-finals,Morocco,1,33,12,France,5477,Ousmane Dembélé,5487,Antoine Griezmann,Complete,8.475848,53.6,61.9,56.4,53.9
3869552,2022-12-14,Semi-finals,Morocco,1,33,17,France,5487,Antoine Griezmann,5477,Ousmane Dembélé,Complete,18.250753,81.7,66.4,98.2,74.2
3869552,2022-12-14,Semi-finals,Morocco,1,33,21,France,5477,Ousmane Dembélé,,,Incomplete,6.428841,110.1,75.3,108.4,69.1
3869552,2022-12-14,Semi-finals,Morocco,1,34,4,France,5487,Antoine Griezmann,3604,Olivier Giroud,Complete,36.41236,120.0,80.0,111.9,44.5
3869552,2022-12-14,Semi-finals,Morocco,1,35,8,France,10481,Aurélien Djani Tchouaméni,3009,Kylian Mbappé Lottin,Complete,26.512074,80.3,22.7,106.8,23.5
3869552,2022-12-14,Semi-finals,Morocco,1,35,13,France,10481,Aurélien Djani Tchouaméni,3604,Olivier Giroud,Complete,27.322153,90.3,20.0,105.8,42.5
3869552,2022-12-14,Semi-finals,Morocco,1,36,18,France,5477,Ousmane Dembélé,10481,Aurélien Djani Tchouaméni,Complete,11.303097,45.4,73.5,42.8,62.5
3869552,2022-12-14,Semi-finals,Morocco,1,36,19,France,10481,Aurélien Djani Tchouaméni,5487,Antoine Griezmann,Complete,8.612201,42.8,62.5,51.2,64.4
3869552,2022-12-14,Semi-finals,Morocco,1,36,52,France,4445,Jules Koundé,11990,Youssouf Fofana,Complete,20.3578,58.2,71.4,62.0,51.4
3869552,2022-12-14,Semi-finals,Morocco,1,36,53,France,11990,Youssouf Fofana,5487,Antoine Griezmann,Complete,18.895767,62.0,51.4,74.8,65.3
3869552,2022-12-14,Semi-finals,Morocco,1,36,55,France,5487,Antoine Griezmann,5477,Ousmane Dembélé,Complete,20.57304,79.0,57.8,88.4,76.1
3869552,2022-12-14,Semi-finals,Morocco,1,36,59,France,5477,Ousmane Dembélé,4445,Jules Koundé,Complete,12.20041,92.9,74.1,81.1,71.0
3869552,2022-12-14,Semi-finals,Morocco,1,37,3,France,4445,Jules Koundé,5485,Raphaël Varane,Complete,30.081556,75.1,65.3,49.2,50.0
3869552,2022-12-14,Semi-finals,Morocco,1,37,6,France,5485,Raphaël Varane,11135,Ibrahima Konaté,Complete,21.455303,49.0,50.0,52.3,28.8
3869552,2022-12-14,Semi-finals,Morocco,1,37,10,France,11135,Ibrahima Konaté,10481,Aurélien Djani Tchouaméni,Complete,30.604084,53.1,21.4,53.6,52.0
3869552,2022-12-14,Semi-finals,Morocco,1,37,13,France,10481,Aurélien Djani Tchouaméni,4445,Jules Koundé,Complete,13.218548,61.4,54.1,58.1,66.9
3869552,2022-12-14,Semi-finals,Morocco,1,37,15,France,4445,Jules Koundé,5485,Raphaël Varane,Complete,24.105808,58.1,66.9,45.1,46.6
3869552,2022-12-14,Semi-finals,Morocco,1,37,17,France,5485,Raphaël Varane,11135,Ibrahima Konaté,Complete,22.023851,44.8,46.6,50.4,25.3
3869552,2022-12-14,Semi-finals,Morocco,1,37,22,France,11135,Ibrahima Konaté,5485,Raphaël Varane,Complete,23.53083,59.5,19.9,47.6,40.2
3869552,2022-12-14,Semi-finals,Morocco,1,37,24,France,5485,Raphaël Varane,4445,Jules Koundé,Complete,18.027756,46.4,42.2,40.4,59.2
3869552,2022-12-14,Semi-finals,Morocco,1,37,27,France,4445,Jules Koundé,3099,Hugo Lloris,Complete,35.96804,37.2,57.8,13.1,31.1
3869552,2022-12-14,Semi-finals,Morocco,1,37,36,France,3099,Hugo Lloris,3604,Olivier Giroud,Complete,56.812412,23.6,27.8,76.7,48.0
3869552,2022-12-14,Semi-finals,Morocco,1,37,39,France,3604,Olivier Giroud,,,Incomplete,3.6345563,77.3,47.5,73.7,47.0
3869552,2022-12-14,Semi-finals,Morocco,1,37,46,France,10481,Aurélien Djani Tchouaméni,11990,Youssouf Fofana,Complete,9.963935,82.3,18.1,72.5,16.3
3869552,2022-12-14,Semi-finals,Morocco,1,37,47,France,11990,Youssouf Fofana,11135,Ibrahima Konaté,Complete,18.247192,68.9,16.7,52.5,24.7
3869552,2022-12-14,Semi-finals,Morocco,1,37,50,France,11135,Ibrahima Konaté,6704,Theo Bernard François Hernández,Complete,18.431767,52.0,20.5,49.8,2.2
3869552,2022-12-14,Semi-finals,Morocco,1,37,53,France,6704,Theo Bernard François Hernández,3099,Hugo Lloris,Complete,40.68968,49.8,2.2,15.7,24.4
3869552,2022-12-14,Semi-finals,Morocco,1,37,58,France,3099,Hugo Lloris,5485,Raphaël Varane,Complete,33.731293,15.4,24.4,27.2,56.0
3869552,2022-12-14,Semi-finals,Morocco,1,38,5,France,5485,Raphaël Varane,,,Incomplete,57.967663,46.7,63.6,94.7,31.1
3869552,2022-12-14,Semi-finals,Morocco,1,38,9,France,10481,Aurélien Djani Tchouaméni,3604,Olivier Giroud,Complete,6.646804,75.7,23.8,80.4,28.5
3869552,2022-12-14,Semi-finals,Morocco,1,38,11,France,3604,Olivier Giroud,,,Incomplete,16.788687,81.2,27.7,84.3,44.2
3869552,2022-12-14,Semi-finals,Morocco,1,38,26,France,6704,Theo Bernard François Hernández,3009,Kylian Mbappé Lottin,Complete,11.287161,64.2,3.8,75.4,5.2
3869552,2022-12-14,Semi-finals,Morocco,1,38,32,France,3009,Kylian Mbappé Lottin,5487,Antoine Griezmann,Complete,21.199293,86.8,12.0,92.2,32.5
3869552,2022-12-14,Semi-finals,Morocco,1,38,33,France,5487,Antoine Griezmann,10481,Aurélien Djani Tchouaméni,Complete,11.200892,92.2,32.5,81.1,31.0
3869552,2022-12-14,Semi-finals,Morocco,1,38,36,France,10481,Aurélien Djani Tchouaméni,4445,Jules Koundé,Complete,34.207165,81.1,31.0,81.8,65.2
3869552,2022-12-14,Semi-finals,Morocco,1,38,38,France,4445,Jules Koundé,5477,Ousmane Dembélé,Complete,6.521503,81.8,65.2,85.6,59.9
3869552,2022-12-14,Semi-finals,Morocco,1,38,40,France,5477,Ousmane Dembélé,5487,Antoine Griezmann,Complete,21.708294,85.7,59.7,107.2,56.7
3869552,2022-12-14,Semi-finals,Morocco,1,39,32,France,5487,Antoine Griezmann,5485,Raphaël Varane,Complete,32.712383,120.0,80.0,113.7,47.9
3869552,2022-12-14,Semi-finals,Morocco,1,40,40,France,3099,Hugo Lloris,5485,Raphaël Varane,Complete,17.454226,15.1,38.3,22.3,54.2
3869552,2022-12-14,Semi-finals,Morocco,1,40,44,France,5485,Raphaël Varane,10481,Aurélien Djani Tchouaméni,Complete,11.261438,22.5,54.2,33.6,56.1
3869552,2022-12-14,Semi-finals,Morocco,1,40,46,France,10481,Aurélien Djani Tchouaméni,5485,Raphaël Varane,Complete,7.406079,33.6,56.4,26.2,56.7
3869552,2022-12-14,Semi-finals,Morocco,1,40,47,France,5485,Raphaël Varane,3099,Hugo Lloris,Complete,21.027838,24.5,57.2,10.4,41.6
3869552,2022-12-14,Semi-finals,Morocco,1,40,51,France,3099,Hugo Lloris,5485,Raphaël Varane,Complete,20.978085,10.4,41.6,24.2,57.4
3869552,2022-12-14,Semi-finals,Morocco,1,40,54,France,5485,Raphaël Varane,4445,Jules Koundé,Complete,18.493782,24.5,57.5,33.6,73.6
3869552,2022-12-14,Semi-finals,Morocco,1,40,59,France,4445,Jules Koundé,5485,Raphaël Varane,Complete,20.4,41.2,73.5,41.2,53.1
3869552,2022-12-14,Semi-finals,Morocco,1,41,2,France,5485,Raphaël Varane,11135,Ibrahima Konaté,Complete,36.572395,41.2,53.1,38.9,16.6
3869552,2022-12-14,Semi-finals,Morocco,1,41,7,France,11135,Ibrahima Konaté,5485,Raphaël Varane,Complete,21.982948,45.3,17.4,37.9,38.1
3869552,2022-12-14,Semi-finals,Morocco,1,41,10,France,5485,Raphaël Varane,4445,Jules Koundé,Complete,16.240997,42.0,51.0,50.4,64.9
3869552,2022-12-14,Semi-finals,Morocco,1,41,14,France,4445,Jules Koundé,5477,Ousmane Dembélé,Out,68.953606,51.2,64.9,120.0,69.5
3869552,2022-12-14,Semi-finals,Morocco,1,42,3,France,3099,Hugo Lloris,6704,Theo Bernard François Hernández,Complete,42.837833,12.0,46.0,26.8,5.8
3869552,2022-12-14,Semi-finals,Morocco,1,42,8,France,6704,Theo Bernard François Hernández,11990,Youssouf Fofana,Complete,14.150971,32.9,3.6,31.7,17.7
3869552,2022-12-14,Semi-finals,Morocco,1,42,9,France,11990,Youssouf Fofana,11135,Ibrahima Konaté,Complete,8.605231,31.7,17.7,23.1,17.4
3869552,2022-12-14,Semi-finals,Morocco,1,42,13,France,11135,Ibrahima Konaté,5485,Raphaël Varane,Complete,28.450834,16.7,29.1,18.4,57.5
3869552,2022-12-14,Semi-finals,Morocco,1,42,16,France,5485,Raphaël Varane,10481,Aurélien Djani Tchouaméni,Complete,15.376931,20.6,57.5,34.8,51.6
3869552,2022-12-14,Semi-finals,Morocco,1,42,20,France,10481,Aurélien Djani Tchouaméni,11135,Ibrahima Konaté,Complete,27.018513,38.2,39.7,37.2,12.7
3869552,2022-12-14,Semi-finals,Morocco,1,42,24,France,11135,Ibrahima Konaté,11990,Youssouf Fofana,Complete,17.681911,45.9,16.3,57.2,29.9
3869552,2022-12-14,Semi-finals,Morocco,1,42,25,France,11990,Youssouf Fofana,10481,Aurélien Djani Tchouaméni,Complete,8.221922,55.4,29.4,47.2,28.8
3869552,2022-12-14,Semi-finals,Morocco,1,42,26,France,10481,Aurélien Djani Tchouaméni,11135,Ibrahima Konaté,Complete,16.019987,47.2,28.8,46.4,12.8
3869552,2022-12-14,Semi-finals,Morocco,1,42,30,France,11135,Ibrahima Konaté,6704,Theo Bernard François Hernández,Incomplete,10.688779,51.7,11.1,62.2,9.1
3869552,2022-12-14,Semi-finals,Morocco,1,42,39,France,5487,Antoine Griezmann,10481,Aurélien Djani Tchouaméni,Complete,9.0,55.7,38.5,50.3,31.3
3869552,2022-12-14,Semi-finals,Morocco,1,42,42,France,10481,Aurélien Djani Tchouaméni,,,Incomplete,32.12242,50.6,37.5,77.0,55.8
3869552,2022-12-14,Semi-finals,Morocco,1,44,39,France,3099,Hugo Lloris,3604,Olivier Giroud,Complete,62.932503,6.0,44.0,65.9,63.3
3869552,2022-12-14,Semi-finals,Morocco,1,44,42,France,3604,Olivier Giroud,,,Incomplete,20.72993,65.9,63.3,86.2,59.1
3869552,2022-12-14,Semi-finals,Morocco,1,46,4,France,3099,Hugo Lloris,,,Incomplete,74.423454,12.5,45.6,85.9,33.3
3869552,2022-12-14,Semi-finals,Morocco,2,45,0,France,5487,Antoine Griezmann,10481,Aurélien Djani Tchouaméni,Complete,15.311434,61.0,40.1,47.0,46.3
3869552,2022-12-14,Semi-finals,Morocco,2,45,3,France,10481,Aurélien Djani Tchouaméni,,,Incomplete,36.592075,52.8,45.6,81.5,22.9
3869552,2022-12-14,Semi-finals,Morocco,2,46,15,France,6704,Theo Bernard François Hernández,3604,Olivier Giroud,Complete,19.38685,33.9,0.1,52.2,6.5
3869552,2022-12-14,Semi-finals,Morocco,2,46,17,France,3604,Olivier Giroud,3009,Kylian Mbappé Lottin,Incomplete,11.438969,52.2,6.5,62.0,12.4
3869552,2022-12-14,Semi-finals,Morocco,2,46,20,France,11990,Youssouf Fofana,,,Incomplete,31.590189,47.9,13.8,74.2,31.3
3869552,2022-12-14,Semi-finals,Morocco,2,46,27,France,10481,Aurélien Djani Tchouaméni,5487,Antoine Griezmann,Complete,17.118704,44.2,28.8,55.1,42.0
3869552,2022-12-14,Semi-finals,Morocco,2,46,29,France,5487,Antoine Griezmann,10481,Aurélien Djani Tchouaméni,Complete,10.555094,55.1,41.3,45.6,45.9
3869552,2022-12-14,Semi-finals,Morocco,2,46,40,France,5487,Antoine Griezmann,6704,Theo Bernard François Hernández,Complete,24.74207,37.0,42.6,41.1,18.2
3869552,2022-12-14,Semi-finals,Morocco,2,46,44,France,6704,Theo Bernard François Hernández,3009,Kylian Mbappé Lottin,Complete,15.363918,64.5,17.4,74.8,6.0
3869552,2022-12-14,Semi-finals,Morocco,2,46,52,France,3009,Kylian Mbappé Lottin,4445,Jules Koundé,Complete,34.82786,115.3,23.5,95.0,51.8
3869552,2022-12-14,Semi-finals,Morocco,2,47,7,France,4445,Jules Koundé,5487,Antoine Griezmann,Complete,10.29563,81.2,80.0,82.6,69.8
3869552,2022-12-14,Semi-finals,Morocco,2,47,11,France,5487,Antoine Griezmann,10481,Aurélien Djani Tchouaméni,Complete,8.6,80.6,73.2,80.6,64.6
3869552,2022-12-14,Semi-finals,Morocco,2,47,12,France,10481,Aurélien Djani Tchouaméni,5485,Raphaël Varane,Complete,18.834543,80.8,65.2,65.3,75.9
3869552,2022-12-14,Semi-finals,Morocco,2,47,15,France,5485,Raphaël Varane,11135,Ibrahima Konaté,Complete,33.41811,58.6,73.7,54.0,40.6
3869552,2022-12-14,Semi-finals,Morocco,2,47,17,France,11135,Ibrahima Konaté,11990,Youssouf Fofana,Complete,22.541739,52.2,38.4,62.0,18.1
3869552,2022-12-14,Semi-finals,Morocco,2,47,22,France,11990,Youssouf Fofana,11135,Ibrahima Konaté,Complete,24.298147,69.2,13.2,46.4,21.6
3869552,2022-12-14,Semi-finals,Morocco,2,47,26,France,11135,Ibrahima Konaté,5485,Raphaël Varane,Complete,37.619144,46.1,22.0,47.3,59.6
3869552,2022-12-14,Semi-finals,Morocco,2,47,29,France,5485,Raphaël Varane,4445,Jules Koundé,Complete,11.768602,52.0,63.4,54.5,74.9
3869552,2022-12-14,Semi-finals,Morocco,2,47,32,France,4445,Jules Koundé,5485,Raphaël Varane,Complete,15.719097,56.1,75.9,51.4,60.9
3869552,2022-12-14,Semi-finals,Morocco,2,47,34,France,5485,Raphaël Varane,11135,Ibrahima Konaté,Complete,39.161842,50.9,60.6,48.7,21.5
3869552,2022-12-14,Semi-finals,Morocco,2,47,37,France,11135,Ibrahima Konaté,4445,Jules Koundé,Complete,39.732227,47.3,26.0,48.9,65.7
3869552,2022-12-14,Semi-finals,Morocco,2,47,40,France,4445,Jules Koundé,10481,Aurélien Djani Tchouaméni,Complete,14.921796,48.6,66.0,56.1,53.1
3869552,2022-12-14,Semi-finals,Morocco,2,47,41,France,10481,Aurélien Djani Tchouaméni,5487,Antoine Griezmann,Complete,15.009664,56.1,56.0,70.9,53.5
3869552,2022-12-14,Semi-finals,Morocco,2,47,44,France,5487,Antoine Griezmann,3009,Kylian Mbappé Lottin,Incomplete,34.311077,81.4,56.2,106.4,32.7
3869552,2022-12-14,Semi-finals,Morocco,2,49,14,France,6704,Theo Bernard François Hernández,3009,Kylian Mbappé Lottin,Complete,31.297285,5.0,24.1,29.4,4.5
3869552,2022-12-14,Semi-finals,Morocco,2,49,16,France,3009,Kylian Mbappé Lottin,,,Incomplete,3.138471,29.4,4.5,32.3,5.7
3869552,2022-12-14,Semi-finals,Morocco,2,53,48,France,3099,Hugo Lloris,5487,Antoine Griezmann,Complete,63.082485,7.0,44.1,64.2,70.7
3869552,2022-12-14,Semi-finals,Morocco,2,53,50,France,5487,Antoine Griezmann,,,Incomplete,14.524806,64.2,70.7,78.6,72.6
3869552,2022-12-14,Semi-finals,Morocco,2,53,53,France,5487,Antoine Griezmann,,,Incomplete,15.283978,59.2,74.9,74.4,76.5
3869552,2022-12-14,Semi-finals,Morocco,2,53,57,France,5485,Raphaël Varane,4445,Jules Koundé,Complete,8.348653,37.6,75.2,45.9,74.3
3869552,2022-12-14,Semi-finals,Morocco,2,53,58,France,4445,Jules Koundé,3604,Olivier Giroud,Complete,17.81011,45.9,74.3,63.7,74.9
3869552,2022-12-14,Semi-finals,Morocco,2,54,0,France,3604,Olivier Giroud,5477,Ousmane Dembélé,Complete,9.144397,63.9,74.9,72.8,77.0
3869552,2022-12-14,Semi-finals,Morocco,2,54,39,France,11990,Youssouf Fofana,,,Incomplete,42.718147,7.2,9.0,49.2,16.8
3869552,2022-12-14,Semi-finals,Morocco,2,55,14,France,4445,Jules Koundé,10481,Aurélien Djani Tchouaméni,Complete,8.5,36.4,55.4,28.7,59.0
3869552,2022-12-14,Semi-finals,Morocco,2,55,16,France,10481,Aurélien Djani Tchouaméni,,,Incomplete,2.1,32.3,61.3,34.4,61.3
3869552,2022-12-14,Semi-finals,Morocco,2,55,32,France,4445,Jules Koundé,3604,Olivier Giroud,Complete,26.734434,31.5,80.0,57.8,75.2
3869552,2022-12-14,Semi-finals,Morocco,2,55,34,France,3604,Olivier Giroud,5487,Antoine Griezmann,Complete,10.804628,57.9,75.1,48.6,69.6
3869552,2022-12-14,Semi-finals,Morocco,2,55,35,France,5487,Antoine Griezmann,3604,Olivier Giroud,Complete,7.0,48.3,69.6,52.5,75.2
3869552,2022-12-14,Semi-finals,Morocco,2,56,15,France,5487,Antoine Griezmann,3009,Kylian Mbappé Lottin,Complete,25.267569,4.2,26.8,25.1,12.6
3869552,2022-12-14,Semi-finals,Morocco,2,56,16,France,3009,Kylian Mbappé Lottin,3604,Olivier Giroud,Complete,13.918693,23.7,10.9,35.9,17.6
3869552,2022-12-14,Semi-finals,Morocco,2,56,18,France,3604,Olivier Giroud,3009,Kylian Mbappé Lottin,Complete,8.287943,35.9,17.7,30.4,11.5
3869552,2022-12-14,Semi-finals,Morocco,2,56,19,France,3009,Kylian Mbappé Lottin,,,Incomplete,1.4866068,30.4,11.5,30.9,12.9
3869552,2022-12-14,Semi-finals,Morocco,2,56,21,France,3604,Olivier Giroud,,,Incomplete,4.3382025,34.5,16.5,32.6,12.6
3869552,2022-12-14,Semi-finals,Morocco,2,57,54,France,3099,Hugo Lloris,3604,Olivier Giroud,Complete,69.03253,7.0,44.1,72.5,65.9
3869552,2022-12-14,Semi-finals,Morocco,2,57,56,France,3604,Olivier Giroud,5477,Ousmane Dembélé,Complete,12.480785,72.2,66.0,82.6,72.9
3869552,2022-12-14,Semi-finals,Morocco,2,58,2,France,3604,Olivier Giroud,10481,Aurélien Djani Tchouaméni,Complete,11.002273,64.4,61.8,54.5,57.0
3869552,2022-12-14,Semi-finals,Morocco,2,58,4,France,10481,Aurélien Djani Tchouaméni,11990,Youssouf Fofana,Complete,11.941943,59.7,50.1,70.3,44.6
3869552,2022-12-14,Semi-finals,Morocco,2,58,6,France,11990,Youssouf Fofana,5477,Ousmane Dembélé,Out,49.725746,76.9,49.0,120.0,73.8
3869552,2022-12-14,Semi-finals,Morocco,2,59,21,France,10481,Aurélien Djani Tchouaméni,5487,Antoine Griezmann,Complete,11.90126,26.1,25.9,36.9,30.9
3869552,2022-12-14,Semi-finals,Morocco,2,59,23,France,5487,Antoine Griezmann,3604,Olivier Giroud,Complete,11.3,44.8,27.4,56.1,27.4
3869552,2022-12-14,Semi-finals,Morocco,2,59,26,France,3604,Olivier Giroud,3009,Kylian Mbappé Lottin,Pass Offside,25.514309,63.9,19.6,89.2,16.3
3869552,2022-12-14,Semi-finals,Morocco,2,60,29,France,4445,Jules Koundé,5477,Ousmane Dembélé,Complete,15.802848,27.9,67.1,42.6,72.9
3869552,2022-12-14,Semi-finals,Morocco,2,60,30,France,5477,Ousmane Dembélé,5487,Antoine Griezmann,Complete,10.840664,42.6,71.3,52.0,65.9
3869552,2022-12-14,Semi-finals,Morocco,2,61,2,France,5485,Raphaël Varane,5477,Ousmane Dembélé,Complete,29.878588,66.2,66.5,93.9,77.7
3869552,2022-12-14,Semi-finals,Morocco,2,61,5,France,5477,Ousmane Dembélé,5487,Antoine Griezmann,Complete,11.414026,93.9,77.7,91.7,66.5
3869552,2022-12-14,Semi-finals,Morocco,2,61,17,France,5477,Ousmane Dembélé,,,Out,20.500975,59.0,76.5,79.2,80.0
3869552,2022-12-14,Semi-finals,Morocco,2,61,44,France,6704,Theo Bernard François Hernández,,,Incomplete,45.02888,5.6,4.5,49.8,13.1
3869552,2022-12-14,Semi-finals,Morocco,2,62,53,France,11135,Ibrahima Konaté,3009,Kylian Mbappé Lottin,Complete,12.826925,21.5,22.0,34.2,20.2
3869552,2022-12-14,Semi-finals,Morocco,2,63,23,France,6704,Theo Bernard François Hernández,11135,Ibrahima Konaté,Complete,24.045374,58.7,0.1,42.0,17.4
3869552,2022-12-14,Semi-finals,Morocco,2,63,26,France,11135,Ibrahima Konaté,5485,Raphaël Varane,Complete,40.549355,37.8,19.0,35.8,59.5
3869552,2022-12-14,Semi-finals,Morocco,2,63,31,France,5485,Raphaël Varane,11135,Ibrahima Konaté,Complete,39.6284,45.9,62.7,44.4,23.1
3869552,2022-12-14,Semi-finals,Morocco,2,63,35,France,11135,Ibrahima Konaté,5485,Raphaël Varane,Complete,30.827423,43.7,28.5,45.0,59.3
3869552,2022-12-14,Semi-finals,Morocco,2,63,39,France,5485,Raphaël Varane,11135,Ibrahima Konaté,Complete,38.908226,46.1,60.2,46.9,21.3
3869552,2022-12-14,Semi-finals,Morocco,2,63,44,France,11135,Ibrahima Konaté,5487,Antoine Griezmann,Complete,52.726654,46.9,35.1,94.0,58.8
3869552,2022-12-14,Semi-finals,Morocco,2,63,47,France,5487,Antoine Griezmann,5477,Ousmane Dembélé,Complete,18.506485,94.0,59.3,98.3,77.3
3869552,2022-12-14,Semi-finals,Morocco,2,63,50,France,5477,Ousmane Dembélé,,,Incomplete,68.757256,104.4,74.9,111.4,6.5
3869552,2022-12-14,Semi-finals,Morocco,2,65,2,France,4445,Jules Koundé,5485,Raphaël Varane,Complete,6.7542577,24.5,80.0,30.6,77.1
3869552,2022-12-14,Semi-finals,Morocco,2,65,3,France,5485,Raphaël Varane,,,Incomplete,34.864452,30.4,77.7,57.2,55.4
3869552,2022-12-14,Semi-finals,Morocco,2,65,7,France,11990,Youssouf Fofana,6704,Theo Bernard François Hernández,Complete,27.290474,38.3,57.6,33.7,30.7
3869552,2022-12-14,Semi-finals,Morocco,2,65,10,France,6704,Theo Bernard François Hernández,2972,Marcus Thuram,Complete,37.916355,33.7,30.7,65.0,9.3
3869552,2022-12-14,Semi-finals,Morocco,2,67,12,France,3099,Hugo Lloris,,,Incomplete,77.41092,6.5,48.8,69.2,3.4
3869552,2022-12-14,Semi-finals,Morocco,2,67,29,France,6704,Theo Bernard François Hernández,2972,Marcus Thuram,Complete,22.469757,75.3,0.1,95.8,9.3
3869552,2022-12-14,Semi-finals,Morocco,2,68,21,France,5487,Antoine Griezmann,,,Incomplete,43.316624,109.4,5.7,110.6,49.0
3869552,2022-12-14,Semi-finals,Morocco,2,68,27,France,4445,Jules Koundé,3009,Kylian Mbappé Lottin,Pass Offside,12.9031,95.6,56.3,108.1,59.5
3869552,2022-12-14,Semi-finals,Morocco,2,68,55,France,4445,Jules Koundé,5477,Ousmane Dembélé,Complete,10.822661,31.5,66.3,40.3,72.6
3869552,2022-12-14,Semi-finals,Morocco,2,69,38,France,11990,Youssouf Fofana,2972,Marcus Thuram,Complete,27.964441,40.8,13.8,68.4,9.3
3869552,2022-12-14,Semi-finals,Morocco,2,70,55,France,5487,Antoine Griezmann,2972,Marcus Thuram,Complete,35.211502,91.2,19.1,114.5,45.5
3869552,2022-12-14,Semi-finals,Morocco,2,71,35,France,6704,Theo Bernard François Hernández,,,Incomplete,21.475567,34.9,13.6,56.3,15.4
3869552,2022-12-14,Semi-finals,Morocco,2,71,40,France,6704,Theo Bernard François Hernández,2972,Marcus Thuram,Complete,12.6889715,33.6,4.7,46.2,6.2
3869552,2022-12-14,Semi-finals,Morocco,2,72,6,France,11135,Ibrahima Konaté,5485,Raphaël Varane,Complete,34.283524,43.2,25.8,38.8,59.8
3869552,2022-12-14,Semi-finals,Morocco,2,72,9,France,5485,Raphaël Varane,4445,Jules Koundé,Complete,15.20855,38.8,61.6,44.5,75.7
3869552,2022-12-14,Semi-finals,Morocco,2,72,12,France,4445,Jules Koundé,5485,Raphaël Varane,Complete,15.250246,45.0,72.5,35.1,60.9
3869552,2022-12-14,Semi-finals,Morocco,2,72,16,France,5485,Raphaël Varane,11135,Ibrahima Konaté,Complete,27.045332,39.0,57.7,36.2,30.8
3869552,2022-12-14,Semi-finals,Morocco,2,72,19,France,11135,Ibrahima Konaté,5485,Raphaël Varane,Complete,12.924783,32.8,47.4,33.6,60.3
3869552,2022-12-14,Semi-finals,Morocco,2,72,22,France,5485,Raphaël Varane,4445,Jules Koundé,Complete,13.168523,28.9,64.6,26.8,77.6
3869552,2022-12-14,Semi-finals,Morocco,2,72,24,France,4445,Jules Koundé,3099,Hugo Lloris,Complete,36.71757,25.1,75.9,8.4,43.2
3869552,2022-12-14,Semi-finals,Morocco,2,72,29,France,3099,Hugo Lloris,2972,Marcus Thuram,Complete,59.594715,11.4,30.8,70.2,21.1
3869552,2022-12-14,Semi-finals,Morocco,2,72,32,France,2972,Marcus Thuram,3009,Kylian Mbappé Lottin,Incomplete,11.995416,70.0,20.7,75.8,31.2
3869552,2022-12-14,Semi-finals,Morocco,2,72,36,France,5485,Raphaël Varane,11990,Youssouf Fofana,Complete,25.684431,42.2,44.2,63.4,29.7
3869552,2022-12-14,Semi-finals,Morocco,2,72,37,France,11990,Youssouf Fofana,3009,Kylian Mbappé Lottin,Complete,11.624973,63.4,29.7,74.9,31.4
3869552,2022-12-14,Semi-finals,Morocco,2,72,38,France,3009,Kylian Mbappé Lottin,2972,Marcus Thuram,Incomplete,9.270383,74.7,31.0,83.2,27.3
3869552,2022-12-14,Semi-finals,Morocco,2,73,20,France,11135,Ibrahima Konaté,,,Incomplete,16.68832,36.2,22.0,50.9,29.9
3869552,2022-12-14,Semi-finals,Morocco,2,73,25,France,11990,Youssouf Fofana,2972,Marcus Thuram,Complete,16.456001,78.1,21.8,93.5,16.0
3869552,2022-12-14,Semi-finals,Morocco,2,73,29,France,2972,Marcus Thuram,11990,Youssouf Fofana,Complete,7.4431176,107.2,20.1,106.4,27.5
3869552,2022-12-14,Semi-finals,Morocco,2,74,22,France,5485,Raphaël Varane,11135,Ibrahima Konaté,Complete,13.960659,24.4,47.9,25.7,34.0
3869552,2022-12-14,Semi-finals,Morocco,2,74,27,France,11135,Ibrahima Konaté,5485,Raphaël Varane,Complete,21.897945,28.3,29.9,31.9,51.5
3869552,2022-12-14,Semi-finals,Morocco,2,74,34,France,5485,Raphaël Varane,4445,Jules Koundé,Complete,11.936499,37.3,61.1,35.5,72.9
3869552,2022-12-14,Semi-finals,Morocco,2,74,35,France,4445,Jules Koundé,11135,Ibrahima Konaté,Complete,29.571777,32.1,71.2,28.1,41.9
3869552,2022-12-14,Semi-finals,Morocco,2,74,39,France,11135,Ibrahima Konaté,6704,Theo Bernard François Hernández,Complete,26.340084,34.7,36.5,40.9,10.9
3869552,2022-12-14,Semi-finals,Morocco,2,74,42,France,6704,Theo Bernard François Hernández,11135,Ibrahima Konaté,Complete,19.043371,40.7,9.2,26.6,22.0
3869552,2022-12-14,Semi-finals,Morocco,2,74,45,France,11135,Ibrahima Konaté,5485,Raphaël Varane,Complete,30.835045,25.1,26.5,28.9,57.1
3869552,2022-12-14,Semi-finals,Morocco,2,74,54,France,5485,Raphaël Varane,11135,Ibrahima Konaté,Complete,19.62371,37.7,58.6,35.5,39.1
3869552,2022-12-14,Semi-finals,Morocco,2,74,57,France,11135,Ibrahima Konaté,10481,Aurélien Djani Tchouaméni,Complete,12.788276,36.6,45.5,43.9,56.0
3869552,2022-12-14,Semi-finals,Morocco,2,75,21,France,10481,Aurélien Djani Tchouaméni,5477,Ousmane Dembélé,Complete,16.70479,17.6,76.3,34.3,76.7
3869552,2022-12-14,Semi-finals,Morocco,2,75,24,France,5477,Ousmane Dembélé,10481,Aurélien Djani Tchouaméni,Complete,14.722093,40.0,77.8,43.5,63.5
3869552,2022-12-14,Semi-finals,Morocco,2,75,30,France,10481,Aurélien Djani Tchouaméni,2972,Marcus Thuram,Complete,30.545868,62.1,38.9,76.0,11.7
3869552,2022-12-14,Semi-finals,Morocco,2,75,35,France,2972,Marcus Thuram,10481,Aurélien Djani Tchouaméni,Complete,11.090987,86.5,8.9,81.5,18.8
3869552,2022-12-14,Semi-finals,Morocco,2,75,37,France,10481,Aurélien Djani Tchouaméni,6704,Theo Bernard François Hernández,Complete,5.3600373,82.0,18.8,87.3,19.6
3869552,2022-12-14,Semi-finals,Morocco,2,75,37,France,6704,Theo Bernard François Hernández,10481,Aurélien Djani Tchouaméni,Complete,5.7939625,88.0,19.6,82.6,17.5
3869552,2022-12-14,Semi-finals,Morocco,2,75,40,France,10481,Aurélien Djani Tchouaméni,11990,Youssouf Fofana,Complete,9.070832,79.6,19.4,70.8,21.6
3869552,2022-12-14,Semi-finals,Morocco,2,75,42,France,11990,Youssouf Fofana,10481,Aurélien Djani Tchouaméni,Complete,5.080354,70.6,21.6,74.7,18.6
3869552,2022-12-14,Semi-finals,Morocco,2,75,44,France,10481,Aurélien Djani Tchouaméni,2972,Marcus Thuram,Complete,16.682026,74.5,18.6,84.3,5.1
3869552,2022-12-14,Semi-finals,Morocco,2,75,45,France,2972,Marcus Thuram,6704,Theo Bernard François Hernández,Complete,14.202112,85.8,6.2,71.7,7.9
3869552,2022-12-14,Semi-finals,Morocco,2,75,47,France,6704,Theo Bernard François Hernández,11135,Ibrahima Konaté,Complete,28.785065,69.3,8.7,51.6,31.4
3869552,2022-12-14,Semi-finals,Morocco,2,75,50,France,11135,Ibrahima Konaté,5485,Raphaël Varane,Complete,21.519526,53.3,35.9,58.0,56.9
3869552,2022-12-14,Semi-finals,Morocco,2,75,53,France,5485,Raphaël Varane,5477,Ousmane Dembélé,Complete,27.195036,57.6,61.1,78.5,78.5
3869552,2022-12-14,Semi-finals,Morocco,2,75,57,France,5477,Ousmane Dembélé,4445,Jules Koundé,Complete,9.355747,85.0,77.6,75.8,75.9
3869552,2022-12-14,Semi-finals,Morocco,2,76,0,France,4445,Jules Koundé,5485,Raphaël Varane,Complete,16.837162,75.3,74.2,62.3,63.5
3869552,2022-12-14,Semi-finals,Morocco,2,76,2,France,5485,Raphaël Varane,,,Out,64.2225,62.3,53.2,120.0,25.0
3869552,2022-12-14,Semi-finals,Morocco,2,78,20,France,3099,Hugo Lloris,,,Incomplete,59.965324,7.0,36.1,64.2,18.1
3869552,2022-12-14,Semi-finals,Morocco,2,78,25,France,11135,Ibrahima Konaté,4445,Jules Koundé,Complete,15.652476,45.2,27.5,42.4,42.9
3869552,2022-12-14,Semi-finals,Morocco,2,78,26,France,4445,Jules Koundé,2972,Marcus Thuram,Complete,26.38977,42.4,42.9,62.5,25.8
3869552,2022-12-14,Semi-finals,Morocco,2,78,29,France,2972,Marcus Thuram,,,Incomplete,20.980228,62.7,26.0,67.6,46.4
3869552,2022-12-14,Semi-finals,Morocco,2,78,34,France,10481,Aurélien Djani Tchouaméni,11990,Youssouf Fofana,Complete,7.569016,56.7,39.7,64.0,41.7
3869552,2022-12-14,Semi-finals,Morocco,2,78,39,France,11990,Youssouf Fofana,3009,Kylian Mbappé Lottin,Complete,12.248265,89.5,48.9,92.4,37.0
3869552,2022-12-14,Semi-finals,Morocco,2,78,41,France,3009,Kylian Mbappé Lottin,2972,Marcus Thuram,Complete,11.552056,94.2,26.3,105.5,23.9
3869552,2022-12-14,Semi-finals,Morocco,2,78,45,France,2972,Marcus Thuram,3009,Kylian Mbappé Lottin,Complete,5.3037724,108.7,26.7,103.4,26.9
3869552,2022-12-14,Semi-finals,Morocco,2,81,8,France,4445,Jules Koundé,5487,Antoine Griezmann,Complete,11.715375,26.4,71.4,38.1,70.8
3869552,2022-12-14,Semi-finals,Morocco,2,81,35,France,5485,Raphaël Varane,3099,Hugo Lloris,Complete,31.9401,41.8,67.5,12.9,53.9
3869552,2022-12-14,Semi-finals,Morocco,2,81,40,France,3099,Hugo Lloris,,,Incomplete,74.03087,15.0,46.4,85.4,23.5
3869552,2022-12-14,Semi-finals,Morocco,2,81,53,France,3009,Kylian Mbappé Lottin,11990,Youssouf Fofana,Complete,17.805899,105.3,5.5,90.5,15.4
3869552,2022-12-14,Semi-finals,Morocco,2,81,55,France,11990,Youssouf Fofana,6704,Theo Bernard François Hernández,Complete,12.44508,89.9,14.3,81.1,5.5
3869552,2022-12-14,Semi-finals,Morocco,2,81,56,France,6704,Theo Bernard François Hernández,11135,Ibrahima Konaté,Complete,23.970816,81.1,5.5,62.9,21.1
3869552,2022-12-14,Semi-finals,Morocco,2,81,59,France,11135,Ibrahima Konaté,5485,Raphaël Varane,Complete,26.541477,62.5,23.1,54.8,48.5
3869552,2022-12-14,Semi-finals,Morocco,2,82,3,France,5485,Raphaël Varane,4445,Jules Koundé,Complete,7.905694,64.6,67.1,64.9,75.0
3869552,2022-12-14,Semi-finals,Morocco,2,82,6,France,4445,Jules Koundé,5485,Raphaël Varane,Complete,17.779202,64.6,77.2,49.7,67.5
3869552,2022-12-14,Semi-finals,Morocco,2,82,9,France,5485,Raphaël Varane,11135,Ibrahima Konaté,Complete,15.563097,46.0,58.3,39.0,44.4
3869552,2022-12-14,Semi-finals,Morocco,2,82,13,France,11135,Ibrahima Konaté,3099,Hugo Lloris,Complete,30.101496,38.3,47.7,8.2,47.4
3869552,2022-12-14,Semi-finals,Morocco,2,82,18,France,3099,Hugo Lloris,22097,Randal Kolo Muani,Complete,60.55617,11.2,46.4,63.1,77.6
3869552,2022-12-14,Semi-finals,Morocco,2,82,21,France,22097,Randal Kolo Muani,5487,Antoine Griezmann,Complete,9.024411,63.1,77.6,65.1,68.8
3869552,2022-12-14,Semi-finals,Morocco,2,82,22,France,5487,Antoine Griezmann,22097,Randal Kolo Muani,Out,8.229824,64.9,71.8,64.2,80.0
3869552,2022-12-14,Semi-finals,Morocco,2,83,23,France,6704,Theo Bernard François Hernández,,,Unknown,13.301504,33.0,0.1,32.8,13.4
3869552,2022-12-14,Semi-finals,Morocco,2,84,40,France,22097,Randal Kolo Muani,,,Incomplete,25.553865,33.6,20.3,57.2,30.1
3869552,2022-12-14,Semi-finals,Morocco,2,86,20,France,3099,Hugo Lloris,2972,Marcus Thuram,Complete,66.3049,7.0,36.1,72.3,24.6
3869552,2022-12-14,Semi-finals,Morocco,2,86,23,France,2972,Marcus Thuram,,,Incomplete,20.803846,73.6,25.2,94.4,25.6
3869552,2022-12-14,Semi-finals,Morocco,2,87,35,France,3099,Hugo Lloris,2972,Marcus Thuram,Complete,66.8757,7.0,36.1,72.6,23.1
3869552,2022-12-14,Semi-finals,Morocco,2,87,37,France,2972,Marcus Thuram,,,Incomplete,10.223991,72.6,23.1,82.8,22.4
3869552,2022-12-14,Semi-finals,Morocco,2,87,56,France,10481,Aurélien Djani Tchouaméni,4445,Jules Koundé,Complete,11.690166,33.8,64.8,22.3,66.9
3869552,2022-12-14,Semi-finals,Morocco,2,87,58,France,4445,Jules Koundé,5485,Raphaël Varane,Complete,8.902246,24.2,62.8,18.7,55.8
3869552,2022-12-14,Semi-finals,Morocco,2,87,59,France,5485,Raphaël Varane,3099,Hugo Lloris,Complete,19.942167,18.7,55.8,7.5,39.3
3869552,2022-12-14,Semi-finals,Morocco,2,88,3,France,3099,Hugo Lloris,,,Incomplete,63.6737,6.7,32.7,70.2,28.0
3869552,2022-12-14,Semi-finals,Morocco,2,88,10,France,2972,Marcus Thuram,11990,Youssouf Fofana,Complete,8.237719,68.3,28.2,61.4,23.7
3869552,2022-12-14,Semi-finals,Morocco,2,88,11,France,11990,Youssouf Fofana,5487,Antoine Griezmann,Complete,29.294538,61.4,23.7,73.0,50.6
3869552,2022-12-14,Semi-finals,Morocco,2,88,14,France,5487,Antoine Griezmann,22097,Randal Kolo Muani,Complete,35.155228,78.1,50.6,102.3,76.1
3869552,2022-12-14,Semi-finals,Morocco,2,88,21,France,22097,Randal Kolo Muani,4445,Jules Koundé,Complete,20.41568,106.6,75.2,86.2,74.4
3869552,2022-12-14,Semi-finals,Morocco,2,88,23,France,4445,Jules Koundé,10481,Aurélien Djani Tchouaméni,Complete,7.641989,83.9,75.5,78.3,70.3
3869552,2022-12-14,Semi-finals,Morocco,2,88,26,France,10481,Aurélien Djani Tchouaméni,5485,Raphaël Varane,Complete,15.725775,75.3,68.2,66.6,55.1
3869552,2022-12-14,Semi-finals,Morocco,2,88,28,France,5485,Raphaël Varane,11135,Ibrahima Konaté,Complete,19.436306,65.7,53.9,62.1,34.8
3869552,2022-12-14,Semi-finals,Morocco,2,88,30,France,11135,Ibrahima Konaté,11990,Youssouf Fofana,Complete,15.190786,64.4,27.3,79.4,29.7
3869552,2022-12-14,Semi-finals,Morocco,2,88,32,France,11990,Youssouf Fofana,11135,Ibrahima Konaté,Complete,14.358621,78.8,26.9,64.9,23.3
3869552,2022-12-14,Semi-finals,Morocco,2,88,33,France,11135,Ibrahima Konaté,6704,Theo Bernard François Hernández,Complete,17.860012,64.6,23.3,71.9,7.0
3869552,2022-12-14,Semi-finals,Morocco,2,88,37,France,6704,Theo Bernard François Hernández,11990,Youssouf Fofana,Complete,16.92838,68.3,9.2,53.9,18.1
3869552,2022-12-14,Semi-finals,Morocco,2,88,38,France,11990,Youssouf Fofana,11135,Ibrahima Konaté,Complete,17.527693,53.9,18.1,38.8,9.2
3869552,2022-12-14,Semi-finals,Morocco,2,88,41,France,11135,Ibrahima Konaté,3099,Hugo Lloris,Complete,29.234398,32.3,10.2,10.7,29.9
3869552,2022-12-14,Semi-finals,Morocco,2,88,44,France,3099,Hugo Lloris,,,Incomplete,72.52379,10.7,30.1,82.4,19.2
3869552,2022-12-14,Semi-finals,Morocco,2,89,52,France,3099,Hugo Lloris,,,Incomplete,77.34003,14.2,58.6,85.4,28.4
3869552,2022-12-14,Semi-finals,Morocco,2,90,34,France,6704,Theo Bernard François Hernández,,,Incomplete,39.277985,23.8,0.1,61.2,12.1
3869552,2022-12-14,Semi-finals,Morocco,2,91,18,France,4445,Jules Koundé,22097,Randal Kolo Muani,Complete,15.100993,19.9,80.0,34.7,77.0
3869552,2022-12-14,Semi-finals,Morocco,2,91,19,France,22097,Randal Kolo Muani,,,Incomplete,13.583077,34.7,77.0,48.2,78.5
3869552,2022-12-14,Semi-finals,Morocco,2,91,22,France,10481,Aurélien Djani Tchouaméni,3009,Kylian Mbappé Lottin,Complete,9.436631,38.5,74.4,47.7,72.3
3869552,2022-12-14,Semi-finals,Morocco,2,91,31,France,3009,Kylian Mbappé Lottin,2972,Marcus Thuram,Complete,18.060177,63.8,26.3,74.7,11.9
3869552,2022-12-14,Semi-finals,Morocco,2,91,32,France,2972,Marcus Thuram,3009,Kylian Mbappé Lottin,Complete,11.401754,74.9,12.1,75.1,23.5
3869552,2022-12-14,Semi-finals,Morocco,2,92,11,France,10481,Aurélien Djani Tchouaméni,6704,Theo Bernard François Hernández,Complete,11.920151,26.6,27.1,16.3,21.1
3869552,2022-12-14,Semi-finals,Morocco,2,92,13,France,6704,Theo Bernard François Hernández,,,Incomplete,57.4458,17.8,19.2,74.7,27.1
3869552,2022-12-14,Semi-finals,Morocco,2,94,55,France,3099,Hugo Lloris,,,Incomplete,80.39229,14.8,44.7,91.4,20.3
3869152,2022-12-04,Round of 16,Poland,1,0,0,France,3604,Olivier Giroud,10481,Aurélien Djani Tchouaméni,Complete,12.548306,60.0,40.0,47.5,41.1
3869152,2022-12-04,Round of 16,Poland,1,0,1,France,10481,Aurélien Djani Tchouaméni,4445,Jules Koundé,Complete,23.975405,48.7,42.1,41.6,65.0
3869152,2022-12-04,Round of 16,Poland,1,0,4,France,4445,Jules Koundé,3099,Hugo Lloris,Complete,36.6662,41.8,64.4,11.4,43.9
3869152,2022-12-04,Round of 16,Poland,1,0,6,France,3099,Hugo Lloris,,,Incomplete,51.3077,11.4,43.9,62.2,51.1
3869152,2022-12-04,Round of 16,Poland,1,0,14,France,3026,Adrien Rabiot,5487,Antoine Griezmann,Complete,19.221083,72.0,32.1,82.8,48.0
3869152,2022-12-04,Round of 16,Poland,1,1,11,France,5487,Antoine Griezmann,,,Out,45.429726,93.4,61.7,119.9,24.8
3869152,2022-12-04,Round of 16,Poland,1,1,43,France,3026,Adrien Rabiot,3604,Olivier Giroud,Complete,15.261062,55.9,20.7,70.8,24.0
3869152,2022-12-04,Round of 16,Poland,1,1,45,France,3604,Olivier Giroud,3009,Kylian Mbappé Lottin,Incomplete,9.037699,70.8,24.0,74.6,15.8
3869152,2022-12-04,Round of 16,Poland,1,1,59,France,6704,Theo Bernard François Hernández,8519,Dayotchanculle Upamecano,Complete,14.269548,25.5,0.1,12.6,6.2
3869152,2022-12-04,Round of 16,Poland,1,2,3,France,8519,Dayotchanculle Upamecano,5485,Raphaël Varane,Complete,30.486883,17.5,6.2,19.8,36.6
3869152,2022-12-04,Round of 16,Poland,1,2,6,France,5485,Raphaël Varane,4445,Jules Koundé,Complete,28.397535,19.8,36.6,28.9,63.5
3869152,2022-12-04,Round of 16,Poland,1,2,8,France,4445,Jules Koundé,5477,Ousmane Dembélé,Complete,21.029741,26.1,67.4,46.1,73.9
3869152,2022-12-04,Round of 16,Poland,1,2,17,France,5477,Ousmane Dembélé,3009,Kylian Mbappé Lottin,Complete,33.0542,55.0,33.9,70.3,4.6
3869152,2022-12-04,Round of 16,Poland,1,2,21,France,3009,Kylian Mbappé Lottin,3026,Adrien Rabiot,Complete,31.840225,70.6,4.6,102.4,6.2
3869152,2022-12-04,Round of 16,Poland,1,2,25,France,3026,Adrien Rabiot,,,Incomplete,3.847077,111.6,3.4,112.2,7.2
3869152,2022-12-04,Round of 16,Poland,1,2,30,France,6704,Theo Bernard François Hernández,10481,Aurélien Djani Tchouaméni,Complete,11.141364,90.1,17.8,80.3,23.1
3869152,2022-12-04,Round of 16,Poland,1,2,32,France,10481,Aurélien Djani Tchouaméni,4445,Jules Koundé,Complete,19.302332,80.3,24.0,80.6,43.3
3869152,2022-12-04,Round of 16,Poland,1,2,38,France,4445,Jules Koundé,5477,Ousmane Dembélé,Complete,29.328825,82.6,40.3,90.3,68.6
3869152,2022-12-04,Round of 16,Poland,1,2,42,France,5477,Ousmane Dembélé,,,Incomplete,9.170606,90.8,69.9,99.1,66.0
3869152,2022-12-04,Round of 16,Poland,1,3,10,France,5487,Antoine Griezmann,5485,Raphaël Varane,Complete,40.404083,120.0,80.0,114.3,40.0
3869152,2022-12-04,Round of 16,Poland,1,3,57,France,4445,Jules Koundé,3604,Olivier Giroud,Complete,36.796196,31.0,80.0,64.6,65.0
3869152,2022-12-04,Round of 16,Poland,1,3,59,France,3604,Olivier Giroud,5487,Antoine Griezmann,Complete,9.264988,67.1,64.3,59.3,59.3
3869152,2022-12-04,Round of 16,Poland,1,4,18,France,5485,Raphaël Varane,3099,Hugo Lloris,Complete,20.974508,6.3,67.0,3.6,46.2
3869152,2022-12-04,Round of 16,Poland,1,4,19,France,3099,Hugo Lloris,8519,Dayotchanculle Upamecano,Complete,15.22268,3.6,44.6,13.8,33.3
3869152,2022-12-04,Round of 16,Poland,1,4,21,France,8519,Dayotchanculle Upamecano,,,Incomplete,5.5145264,7.3,32.1,6.9,26.6
3869152,2022-12-04,Round of 16,Poland,1,4,25,France,6704,Theo Bernard François Hernández,3009,Kylian Mbappé Lottin,Complete,13.943458,22.4,12.9,36.3,14.0
3869152,2022-12-04,Round of 16,Poland,1,4,31,France,3026,Adrien Rabiot,6704,Theo Bernard François Hernández,Complete,12.45793,35.3,5.8,47.7,7.0
3869152,2022-12-04,Round of 16,Poland,1,4,37,France,6704,Theo Bernard François Hernández,3009,Kylian Mbappé Lottin,Complete,17.754436,37.7,0.1,53.6,8.0
3869152,2022-12-04,Round of 16,Poland,1,4,44,France,10481,Aurélien Djani Tchouaméni,,,Incomplete,14.334923,26.5,8.5,40.8,9.5
3869152,2022-12-04,Round of 16,Poland,1,5,10,France,3099,Hugo Lloris,10481,Aurélien Djani Tchouaméni,Complete,22.01454,12.4,43.7,34.4,42.9
3869152,2022-12-04,Round of 16,Poland,1,5,12,France,10481,Aurélien Djani Tchouaméni,4445,Jules Koundé,Complete,31.027246,34.0,42.9,35.3,73.9
3869152,2022-12-04,Round of 16,Poland,1,5,14,France,4445,Jules Koundé,10481,Aurélien Djani Tchouaméni,Complete,9.394147,35.3,72.7,33.4,63.5
3869152,2022-12-04,Round of 16,Poland,1,5,16,France,10481,Aurélien Djani Tchouaméni,4445,Jules Koundé,Complete,7.864477,33.6,61.5,32.0,69.2
3869152,2022-12-04,Round of 16,Poland,1,5,19,France,4445,Jules Koundé,5485,Raphaël Varane,Complete,23.398504,28.7,69.2,24.4,46.2
3869152,2022-12-04,Round of 16,Poland,1,5,25,France,5485,Raphaël Varane,6704,Theo Bernard François Hernández,Complete,31.283222,40.0,34.8,44.2,3.8
3869152,2022-12-04,Round of 16,Poland,1,5,28,France,6704,Theo Bernard François Hernández,8519,Dayotchanculle Upamecano,Complete,17.880716,44.2,3.8,29.8,14.4
3869152,2022-12-04,Round of 16,Poland,1,5,32,France,8519,Dayotchanculle Upamecano,,,Incomplete,61.000328,32.8,14.8,93.8,15.0
3869152,2022-12-04,Round of 16,Poland,1,5,46,France,6704,Theo Bernard François Hernández,10481,Aurélien Djani Tchouaméni,Complete,14.871785,83.8,0.1,71.2,8.0
3869152,2022-12-04,Round of 16,Poland,1,5,49,France,10481,Aurélien Djani Tchouaméni,5487,Antoine Griezmann,Complete,18.47647,74.6,9.1,79.9,26.8
3869152,2022-12-04,Round of 16,Poland,1,5,50,France,5487,Antoine Griezmann,8519,Dayotchanculle Upamecano,Complete,19.446594,80.6,27.6,66.7,14.0
3869152,2022-12-04,Round of 16,Poland,1,5,53,France,8519,Dayotchanculle Upamecano,6704,Theo Bernard François Hernández,Complete,12.955694,66.7,14.0,75.4,4.4
3869152,2022-12-04,Round of 16,Poland,1,5,55,France,6704,Theo Bernard François Hernández,10481,Aurélien Djani Tchouaméni,Complete,8.417244,75.4,4.4,74.0,12.7
3869152,2022-12-04,Round of 16,Poland,1,5,57,France,10481,Aurélien Djani Tchouaméni,3009,Kylian Mbappé Lottin,Incomplete,61.793526,74.6,12.7,93.6,71.5
3869152,2022-12-04,Round of 16,Poland,1,6,3,France,5477,Ousmane Dembélé,4445,Jules Koundé,Complete,7.4632435,83.6,77.2,85.9,70.1
3869152,2022-12-04,Round of 16,Poland,1,7,2,France,3099,Hugo Lloris,5485,Raphaël Varane,Complete,18.124569,6.0,36.0,13.5,52.5
3869152,2022-12-04,Round of 16,Poland,1,7,8,France,5485,Raphaël Varane,10481,Aurélien Djani Tchouaméni,Complete,12.571794,24.3,55.5,36.0,50.9
3869152,2022-12-04,Round of 16,Poland,1,7,8,France,10481,Aurélien Djani Tchouaméni,8519,Dayotchanculle Upamecano,Complete,25.99423,36.0,50.9,27.9,26.2
3869152,2022-12-04,Round of 16,Poland,1,7,13,France,8519,Dayotchanculle Upamecano,6704,Theo Bernard François Hernández,Complete,19.723083,40.9,19.9,50.9,2.9
3869152,2022-12-04,Round of 16,Poland,1,7,16,France,6704,Theo Bernard François Hernández,10481,Aurélien Djani Tchouaméni,Complete,18.895767,52.2,2.3,44.6,19.6
3869152,2022-12-04,Round of 16,Poland,1,7,18,France,10481,Aurélien Djani Tchouaméni,3099,Hugo Lloris,Complete,34.79799,44.6,19.6,11.3,29.7
3869152,2022-12-04,Round of 16,Poland,1,7,25,France,3099,Hugo Lloris,8519,Dayotchanculle Upamecano,Complete,20.462893,13.0,31.4,26.7,16.2
3869152,2022-12-04,Round of 16,Poland,1,7,28,France,8519,Dayotchanculle Upamecano,5485,Raphaël Varane,Complete,37.72241,30.9,15.3,32.2,53.0
3869152,2022-12-04,Round of 16,Poland,1,7,34,France,5485,Raphaël Varane,5477,Ousmane Dembélé,Complete,24.263966,49.8,55.8,68.3,71.5
3869152,2022-12-04,Round of 16,Poland,1,7,36,France,5477,Ousmane Dembélé,3604,Olivier Giroud,Incomplete,14.897651,69.1,71.5,82.6,65.2
3869152,2022-12-04,Round of 16,Poland,1,7,43,France,5477,Ousmane Dembélé,3026,Adrien Rabiot,Complete,8.814193,70.4,30.5,69.9,21.7
3869152,2022-12-04,Round of 16,Poland,1,7,45,France,3026,Adrien Rabiot,6704,Theo Bernard François Hernández,Complete,14.43468,74.0,18.9,75.0,4.5
3869152,2022-12-04,Round of 16,Poland,1,7,45,France,6704,Theo Bernard François Hernández,3009,Kylian Mbappé Lottin,Complete,10.307764,75.0,4.5,85.0,2.0
3869152,2022-12-04,Round of 16,Poland,1,7,47,France,3009,Kylian Mbappé Lottin,6704,Theo Bernard François Hernández,Complete,8.10432,85.0,1.7,77.2,3.9
3869152,2022-12-04,Round of 16,Poland,1,7,48,France,6704,Theo Bernard François Hernández,5477,Ousmane Dembélé,Complete,11.2272,77.0,3.5,80.7,14.1
3869152,2022-12-04,Round of 16,Poland,1,7,55,France,5477,Ousmane Dembélé,5487,Antoine Griezmann,Complete,5.239275,83.5,56.6,88.3,54.5
3869152,2022-12-04,Round of 16,Poland,1,7,57,France,5487,Antoine Griezmann,10481,Aurélien Djani Tchouaméni,Complete,10.83005,87.5,51.5,82.3,42.0
3869152,2022-12-04,Round of 16,Poland,1,8,0,France,10481,Aurélien Djani Tchouaméni,6704,Theo Bernard François Hernández,Complete,20.59126,83.5,40.6,80.7,20.2
3869152,2022-12-04,Round of 16,Poland,1,8,2,France,6704,Theo Bernard François Hernández,3009,Kylian Mbappé Lottin,Complete,17.380737,81.6,19.6,91.9,5.6
3869152,2022-12-04,Round of 16,Poland,1,8,3,France,3009,Kylian Mbappé Lottin,3026,Adrien Rabiot,Complete,11.672618,91.9,5.6,99.9,14.1
3869152,2022-12-04,Round of 16,Poland,1,8,4,France,3026,Adrien Rabiot,5487,Antoine Griezmann,Complete,9.15478,100.5,13.5,93.5,19.4
3869152,2022-12-04,Round of 16,Poland,1,8,6,France,5487,Antoine Griezmann,3604,Olivier Giroud,Incomplete,10.007997,98.1,21.8,108.1,21.4
3869152,2022-12-04,Round of 16,Poland,1,8,23,France,6704,Theo Bernard François Hernández,10481,Aurélien Djani Tchouaméni,Complete,19.450449,28.2,7.2,47.6,8.6
3869152,2022-12-04,Round of 16,Poland,1,8,28,France,10481,Aurélien Djani Tchouaméni,5487,Antoine Griezmann,Complete,9.89798,48.8,8.3,57.4,13.2
3869152,2022-12-04,Round of 16,Poland,1,8,29,France,5487,Antoine Griezmann,3026,Adrien Rabiot,Complete,12.453513,57.4,13.2,64.4,2.9
3869152,2022-12-04,Round of 16,Poland,1,8,30,France,3026,Adrien Rabiot,3009,Kylian Mbappé Lottin,Complete,13.345411,64.7,2.6,78.0,1.5
3869152,2022-12-04,Round of 16,Poland,1,8,37,France,3009,Kylian Mbappé Lottin,,,Incomplete,26.036322,117.6,15.9,114.1,41.7
3869152,2022-12-04,Round of 16,Poland,1,9,15,France,5487,Antoine Griezmann,,,Incomplete,41.14912,120.0,80.0,113.3,39.4
3869152,2022-12-04,Round of 16,Poland,1,9,22,France,6704,Theo Bernard François Hernández,,,Incomplete,48.299587,90.2,4.5,112.0,47.6
3869152,2022-12-04,Round of 16,Poland,1,9,26,France,5487,Antoine Griezmann,,,Incomplete,22.649725,110.0,65.2,112.6,42.7
3869152,2022-12-04,Round of 16,Poland,1,9,30,France,4445,Jules Koundé,,,Incomplete,9.752948,97.5,42.4,92.9,33.8
3869152,2022-12-04,Round of 16,Poland,1,9,35,France,5477,Ousmane Dembélé,3099,Hugo Lloris,Complete,42.38608,54.4,44.1,12.1,41.4
3869152,2022-12-04,Round of 16,Poland,1,9,40,France,3099,Hugo Lloris,4445,Jules Koundé,Complete,27.393612,12.1,41.4,39.2,45.4
3869152,2022-12-04,Round of 16,Poland,1,9,46,France,4445,Jules Koundé,5487,Antoine Griezmann,Complete,13.476646,43.9,49.7,56.8,53.6
3869152,2022-12-04,Round of 16,Poland,1,9,47,France,5487,Antoine Griezmann,6704,Theo Bernard François Hernández,Complete,44.452785,56.8,53.9,44.1,11.3
3869152,2022-12-04,Round of 16,Poland,1,9,49,France,6704,Theo Bernard François Hernández,3026,Adrien Rabiot,Complete,8.363014,45.2,11.1,51.5,5.6
3869152,2022-12-04,Round of 16,Poland,1,9,52,France,3026,Adrien Rabiot,3009,Kylian Mbappé Lottin,Complete,21.745115,58.5,5.3,80.2,3.9
3869152,2022-12-04,Round of 16,Poland,1,9,58,France,3009,Kylian Mbappé Lottin,5477,Ousmane Dembélé,Complete,35.627098,116.9,18.1,111.4,53.3
3869152,2022-12-04,Round of 16,Poland,1,10,21,France,5487,Antoine Griezmann,5477,Ousmane Dembélé,Complete,18.77232,120.0,80.0,105.4,68.2
3869152,2022-12-04,Round of 16,Poland,1,10,24,France,5477,Ousmane Dembélé,,,Incomplete,23.716871,107.1,67.9,110.3,44.4
3869152,2022-12-04,Round of 16,Poland,1,10,30,France,6704,Theo Bernard François Hernández,4445,Jules Koundé,Complete,24.573563,80.5,27.2,68.6,48.7
3869152,2022-12-04,Round of 16,Poland,1,10,35,France,4445,Jules Koundé,5487,Antoine Griezmann,Complete,26.794403,67.7,50.0,80.2,73.7
3869152,2022-12-04,Round of 16,Poland,1,10,39,France,5487,Antoine Griezmann,3009,Kylian Mbappé Lottin,Complete,65.99591,78.9,70.1,95.4,6.2
3869152,2022-12-04,Round of 16,Poland,1,10,45,France,3009,Kylian Mbappé Lottin,,,Incomplete,36.975666,97.1,6.5,116.3,38.1
3869152,2022-12-04,Round of 16,Poland,1,11,38,France,10481,Aurélien Djani Tchouaméni,5485,Raphaël Varane,Complete,13.640015,50.4,70.9,38.2,64.8
3869152,2022-12-04,Round of 16,Poland,1,11,41,France,5485,Raphaël Varane,8519,Dayotchanculle Upamecano,Complete,34.511738,38.2,64.8,37.3,30.3
3869152,2022-12-04,Round of 16,Poland,1,11,44,France,8519,Dayotchanculle Upamecano,10481,Aurélien Djani Tchouaméni,Complete,16.812199,39.5,30.8,50.4,43.6
3869152,2022-12-04,Round of 16,Poland,1,11,47,France,10481,Aurélien Djani Tchouaméni,4445,Jules Koundé,Complete,22.343231,52.2,45.2,60.1,66.1
3869152,2022-12-04,Round of 16,Poland,1,11,49,France,4445,Jules Koundé,10481,Aurélien Djani Tchouaméni,Complete,16.943436,60.7,65.5,58.5,48.7
3869152,2022-12-04,Round of 16,Poland,1,11,51,France,10481,Aurélien Djani Tchouaméni,3026,Adrien Rabiot,Complete,24.437675,61.0,46.0,64.4,21.8
3869152,2022-12-04,Round of 16,Poland,1,11,54,France,3026,Adrien Rabiot,6704,Theo Bernard François Hernández,Complete,31.000162,66.1,16.5,93.5,2.0
3869152,2022-12-04,Round of 16,Poland,1,11,58,France,6704,Theo Bernard François Hernández,3009,Kylian Mbappé Lottin,Complete,11.200892,98.9,2.0,87.8,3.5
3869152,2022-12-04,Round of 16,Poland,1,12,0,France,3009,Kylian Mbappé Lottin,3026,Adrien Rabiot,Complete,11.162885,87.8,3.5,84.3,14.1
3869152,2022-12-04,Round of 16,Poland,1,12,2,France,3026,Adrien Rabiot,10481,Aurélien Djani Tchouaméni,Complete,10.283968,84.3,14.1,81.9,24.1
3869152,2022-12-04,Round of 16,Poland,1,12,12,France,3009,Kylian Mbappé Lottin,3026,Adrien Rabiot,Complete,16.720047,110.8,1.7,100.8,15.1
3869152,2022-12-04,Round of 16,Poland,1,12,14,France,3026,Adrien Rabiot,,,Incomplete,6.0166435,103.8,16.5,106.0,22.1
3869152,2022-12-04,Round of 16,Poland,1,12,34,France,5487,Antoine Griezmann,3009,Kylian Mbappé Lottin,Complete,11.458621,120.0,0.1,109.3,4.2
3869152,2022-12-04,Round of 16,Poland,1,12,39,France,3009,Kylian Mbappé Lottin,3604,Olivier Giroud,Incomplete,6.0008335,118.1,16.2,112.6,18.6
3869152,2022-12-04,Round of 16,Poland,1,12,56,France,6704,Theo Bernard François Hernández,8519,Dayotchanculle Upamecano,Complete,7.3600273,72.9,0.1,67.0,4.5
3869152,2022-12-04,Round of 16,Poland,1,12,59,France,8519,Dayotchanculle Upamecano,3026,Adrien Rabiot,Complete,10.288342,67.0,4.5,70.7,14.1
3869152,2022-12-04,Round of 16,Poland,1,13,0,France,3026,Adrien Rabiot,5485,Raphaël Varane,Complete,25.85208,68.9,15.1,51.7,34.4
3869152,2022-12-04,Round of 16,Poland,1,13,3,France,5485,Raphaël Varane,3009,Kylian Mbappé Lottin,Incomplete,22.87903,53.4,34.4,68.6,51.5
3869152,2022-12-04,Round of 16,Poland,1,13,5,France,4445,Jules Koundé,5477,Ousmane Dembélé,Complete,23.600847,61.3,55.5,75.3,74.5
3869152,2022-12-04,Round of 16,Poland,1,13,12,France,5477,Ousmane Dembélé,3009,Kylian Mbappé Lottin,Complete,24.001041,97.1,57.3,100.2,33.5
3869152,2022-12-04,Round of 16,Poland,1,13,30,France,8519,Dayotchanculle Upamecano,3026,Adrien Rabiot,Complete,3.3,40.3,2.3,37.0,2.3
3869152,2022-12-04,Round of 16,Poland,1,13,37,France,3026,Adrien Rabiot,4445,Jules Koundé,Complete,38.881615,44.6,17.2,37.9,55.5
3869152,2022-12-04,Round of 16,Poland,1,13,42,France,4445,Jules Koundé,8519,Dayotchanculle Upamecano,Complete,34.024845,39.2,57.2,37.9,23.2
3869152,2022-12-04,Round of 16,Poland,1,13,45,France,8519,Dayotchanculle Upamecano,6704,Theo Bernard François Hernández,Complete,20.486338,37.6,23.2,46.4,4.7
3869152,2022-12-04,Round of 16,Poland,1,13,51,France,6704,Theo Bernard François Hernández,3009,Kylian Mbappé Lottin,Complete,3.310589,69.6,4.7,71.0,1.7
3869152,2022-12-04,Round of 16,Poland,1,13,51,France,3009,Kylian Mbappé Lottin,,,Incomplete,3.905125,71.0,1.7,74.0,4.2
3869152,2022-12-04,Round of 16,Poland,1,14,16,France,4445,Jules Koundé,5477,Ousmane Dembélé,Complete,9.202717,20.0,60.6,28.7,63.6
3869152,2022-12-04,Round of 16,Poland,1,14,17,France,5477,Ousmane Dembélé,4445,Jules Koundé,Complete,9.960923,28.7,63.9,18.8,62.8
3869152,2022-12-04,Round of 16,Poland,1,14,19,France,4445,Jules Koundé,10481,Aurélien Djani Tchouaméni,Complete,22.611944,18.8,62.8,27.9,42.1
3869152,2022-12-04,Round of 16,Poland,1,14,23,France,10481,Aurélien Djani Tchouaméni,6704,Theo Bernard François Hernández,Complete,30.758413,33.3,36.3,44.1,7.5
3869152,2022-12-04,Round of 16,Poland,1,14,29,France,6704,Theo Bernard François Hernández,10481,Aurélien Djani Tchouaméni,Complete,8.184131,59.8,5.3,56.1,12.6
3869152,2022-12-04,Round of 16,Poland,1,14,31,France,10481,Aurélien Djani Tchouaméni,3026,Adrien Rabiot,Complete,13.860014,56.1,11.8,64.4,22.9
3869152,2022-12-04,Round of 16,Poland,1,14,32,France,3026,Adrien Rabiot,5487,Antoine Griezmann,Complete,6.462198,64.7,22.7,62.3,28.7
3869152,2022-12-04,Round of 16,Poland,1,14,33,France,5487,Antoine Griezmann,3009,Kylian Mbappé Lottin,Complete,12.3,62.3,28.7,74.3,26.0
3869152,2022-12-04,Round of 16,Poland,1,14,33,France,3009,Kylian Mbappé Lottin,10481,Aurélien Djani Tchouaméni,Complete,14.17921,74.6,26.0,61.8,19.9
3869152,2022-12-04,Round of 16,Poland,1,14,37,France,10481,Aurélien Djani Tchouaméni,3026,Adrien Rabiot,Complete,10.607545,62.0,19.4,69.4,27.0
3869152,2022-12-04,Round of 16,Poland,1,14,40,France,3026,Adrien Rabiot,5487,Antoine Griezmann,Complete,13.140016,69.4,27.0,71.9,14.1
3869152,2022-12-04,Round of 16,Poland,1,14,41,France,5487,Antoine Griezmann,3009,Kylian Mbappé Lottin,Incomplete,36.11371,72.3,13.8,106.5,25.4
3869152,2022-12-04,Round of 16,Poland,1,14,56,France,4445,Jules Koundé,8519,Dayotchanculle Upamecano,Complete,19.656296,49.8,56.6,30.9,51.2
3869152,2022-12-04,Round of 16,Poland,1,15,2,France,8519,Dayotchanculle Upamecano,10481,Aurélien Djani Tchouaméni,Complete,25.982494,30.6,51.2,44.1,29.0
3869152,2022-12-04,Round of 16,Poland,1,15,9,France,10481,Aurélien Djani Tchouaméni,4445,Jules Koundé,Complete,26.454678,54.7,38.1,56.4,64.5
3869152,2022-12-04,Round of 16,Poland,1,15,13,France,4445,Jules Koundé,3026,Adrien Rabiot,Complete,7.283543,56.7,64.5,61.8,59.3
3869152,2022-12-04,Round of 16,Poland,1,15,19,France,3026,Adrien Rabiot,6704,Theo Bernard François Hernández,Complete,30.180954,68.6,39.0,71.9,9.0
3869152,2022-12-04,Round of 16,Poland,1,15,21,France,6704,Theo Bernard François Hernández,3009,Kylian Mbappé Lottin,Complete,12.39758,74.0,6.6,85.3,1.5
3869152,2022-12-04,Round of 16,Poland,1,15,26,France,3009,Kylian Mbappé Lottin,6704,Theo Bernard François Hernández,Complete,18.134222,92.2,0.1,76.4,9.0
3869152,2022-12-04,Round of 16,Poland,1,15,29,France,6704,Theo Bernard François Hernández,10481,Aurélien Djani Tchouaméni,Complete,14.312582,81.0,2.0,72.9,13.8
3869152,2022-12-04,Round of 16,Poland,1,15,31,France,10481,Aurélien Djani Tchouaméni,3604,Olivier Giroud,Complete,22.041098,73.7,13.5,94.6,20.5
3869152,2022-12-04,Round of 16,Poland,1,15,32,France,3604,Olivier Giroud,8519,Dayotchanculle Upamecano,Incomplete,4.6840153,92.6,20.2,88.1,18.9
3869152,2022-12-04,Round of 16,Poland,1,16,30,France,8519,Dayotchanculle Upamecano,3009,Kylian Mbappé Lottin,Incomplete,18.38396,39.8,8.6,56.4,16.5
3869152,2022-12-04,Round of 16,Poland,1,17,16,France,3099,Hugo Lloris,5485,Raphaël Varane,Complete,17.576405,6.0,44.0,13.7,59.8
3869152,2022-12-04,Round of 16,Poland,1,17,18,France,5485,Raphaël Varane,4445,Jules Koundé,Complete,20.922955,12.7,59.1,26.3,75.0
3869152,2022-12-04,Round of 16,Poland,1,17,20,France,4445,Jules Koundé,5485,Raphaël Varane,Complete,12.139605,26.3,73.7,23.9,61.8
3869152,2022-12-04,Round of 16,Poland,1,17,24,France,5485,Raphaël Varane,8519,Dayotchanculle Upamecano,Complete,29.90067,29.5,59.1,29.7,29.2
3869152,2022-12-04,Round of 16,Poland,1,17,26,France,8519,Dayotchanculle Upamecano,3026,Adrien Rabiot,Complete,16.37834,33.6,25.4,47.6,16.9
3869152,2022-12-04,Round of 16,Poland,1,17,32,France,3026,Adrien Rabiot,10481,Aurélien Djani Tchouaméni,Complete,11.065261,53.7,16.2,52.5,27.2
3869152,2022-12-04,Round of 16,Poland,1,17,33,France,10481,Aurélien Djani Tchouaméni,8519,Dayotchanculle Upamecano,Complete,11.763078,52.5,27.2,41.9,22.1
3869152,2022-12-04,Round of 16,Poland,1,17,36,France,8519,Dayotchanculle Upamecano,10481,Aurélien Djani Tchouaméni,Complete,13.787676,43.3,21.4,56.4,25.7
3869152,2022-12-04,Round of 16,Poland,1,17,39,France,10481,Aurélien Djani Tchouaméni,6704,Theo Bernard François Hernández,Complete,14.590751,62.0,17.8,68.0,4.5
3869152,2022-12-04,Round of 16,Poland,1,17,42,France,6704,Theo Bernard François Hernández,10481,Aurélien Djani Tchouaméni,Complete,7.502666,68.0,4.5,65.3,11.5
3869152,2022-12-04,Round of 16,Poland,1,17,44,France,10481,Aurélien Djani Tchouaméni,5487,Antoine Griezmann,Complete,21.693317,65.3,11.5,69.9,32.7
3869152,2022-12-04,Round of 16,Poland,1,17,45,France,5487,Antoine Griezmann,3009,Kylian Mbappé Lottin,Incomplete,26.5859,67.0,31.1,88.6,15.6
3869152,2022-12-04,Round of 16,Poland,1,18,4,France,8519,Dayotchanculle Upamecano,4445,Jules Koundé,Complete,11.672618,26.0,53.9,27.3,65.5
3869152,2022-12-04,Round of 16,Poland,1,18,8,France,4445,Jules Koundé,10481,Aurélien Djani Tchouaméni,Complete,22.434126,27.6,66.1,44.1,50.9
3869152,2022-12-04,Round of 16,Poland,1,18,11,France,10481,Aurélien Djani Tchouaméni,3009,Kylian Mbappé Lottin,Incomplete,45.54492,50.7,43.3,80.2,8.6
3869152,2022-12-04,Round of 16,Poland,1,18,23,France,8519,Dayotchanculle Upamecano,3026,Adrien Rabiot,Complete,4.9,33.6,19.4,33.6,14.5
3869152,2022-12-04,Round of 16,Poland,1,18,24,France,3026,Adrien Rabiot,10481,Aurélien Djani Tchouaméni,Complete,4.588028,33.9,16.5,35.5,20.8
3869152,2022-12-04,Round of 16,Poland,1,18,25,France,10481,Aurélien Djani Tchouaméni,5487,Antoine Griezmann,Complete,16.313185,35.8,22.4,48.2,33.0
3869152,2022-12-04,Round of 16,Poland,1,18,32,France,4445,Jules Koundé,5477,Ousmane Dembélé,Complete,19.60102,36.0,53.6,47.6,69.4
3869152,2022-12-04,Round of 16,Poland,1,18,59,France,4445,Jules Koundé,5477,Ousmane Dembélé,Complete,11.708544,22.1,60.9,33.6,63.1
3869152,2022-12-04,Round of 16,Poland,1,19,9,France,4445,Jules Koundé,10481,Aurélien Djani Tchouaméni,Complete,24.803226,39.2,80.0,38.8,55.2
3869152,2022-12-04,Round of 16,Poland,1,19,13,France,10481,Aurélien Djani Tchouaméni,6704,Theo Bernard François Hernández,Complete,41.38816,38.5,54.5,41.2,13.2
3869152,2022-12-04,Round of 16,Poland,1,19,21,France,6704,Theo Bernard François Hernández,3604,Olivier Giroud,Complete,16.480595,59.8,7.8,72.9,17.8
3869152,2022-12-04,Round of 16,Poland,1,19,22,France,3604,Olivier Giroud,3009,Kylian Mbappé Lottin,Complete,15.427572,73.7,17.8,77.7,2.9
3869152,2022-12-04,Round of 16,Poland,1,19,29,France,3009,Kylian Mbappé Lottin,6704,Theo Bernard François Hernández,Complete,7.0092797,76.7,5.0,72.0,10.2
3869152,2022-12-04,Round of 16,Poland,1,19,30,France,6704,Theo Bernard François Hernández,10481,Aurélien Djani Tchouaméni,Complete,10.215674,72.0,10.2,68.0,19.6
3869152,2022-12-04,Round of 16,Poland,1,19,33,France,10481,Aurélien Djani Tchouaméni,3026,Adrien Rabiot,Complete,15.211838,68.3,19.6,83.5,20.2
3869152,2022-12-04,Round of 16,Poland,1,19,36,France,3026,Adrien Rabiot,3009,Kylian Mbappé Lottin,Complete,16.06549,85.3,18.4,94.6,5.3
3869152,2022-12-04,Round of 16,Poland,1,19,43,France,3009,Kylian Mbappé Lottin,,,Incomplete,1.6,105.1,12.6,105.1,14.2
3869152,2022-12-04,Round of 16,Poland,1,19,47,France,6704,Theo Bernard François Hernández,10481,Aurélien Djani Tchouaméni,Complete,9.859513,91.3,6.2,83.8,12.6
3869152,2022-12-04,Round of 16,Poland,1,19,50,France,10481,Aurélien Djani Tchouaméni,5487,Antoine Griezmann,Complete,37.401203,84.0,13.5,114.1,35.7
3869152,2022-12-04,Round of 16,Poland,1,19,53,France,5487,Antoine Griezmann,,,Incomplete,5.10392,117.1,29.0,116.9,34.1
3869152,2022-12-04,Round of 16,Poland,1,20,45,France,3099,Hugo Lloris,8519,Dayotchanculle Upamecano,Complete,30.83845,6.0,36.0,33.0,21.1
3869152,2022-12-04,Round of 16,Poland,1,20,50,France,8519,Dayotchanculle Upamecano,5485,Raphaël Varane,Complete,29.206163,37.6,21.7,38.2,50.9
3869152,2022-12-04,Round of 16,Poland,1,20,58,France,5485,Raphaël Varane,5477,Ousmane Dembélé,Complete,28.542774,56.4,55.8,77.7,74.8
3869152,2022-12-04,Round of 16,Poland,1,21,4,France,5477,Ousmane Dembélé,4445,Jules Koundé,Complete,16.124516,94.1,70.7,82.9,59.1
3869152,2022-12-04,Round of 16,Poland,1,21,6,France,4445,Jules Koundé,10481,Aurélien Djani Tchouaméni,Complete,23.186419,82.6,59.3,77.0,36.8
3869152,2022-12-04,Round of 16,Poland,1,21,8,France,10481,Aurélien Djani Tchouaméni,3026,Adrien Rabiot,Complete,15.453802,76.4,36.0,80.5,21.1
3869152,2022-12-04,Round of 16,Poland,1,21,9,France,3026,Adrien Rabiot,6704,Theo Bernard François Hernández,Complete,23.809662,80.5,20.8,96.2,2.9
3869152,2022-12-04,Round of 16,Poland,1,21,14,France,6704,Theo Bernard François Hernández,3009,Kylian Mbappé Lottin,Complete,6.2169123,97.5,3.5,91.9,6.2
3869152,2022-12-04,Round of 16,Poland,1,21,17,France,3009,Kylian Mbappé Lottin,10481,Aurélien Djani Tchouaméni,Complete,14.071958,89.9,7.2,81.0,18.1
3869152,2022-12-04,Round of 16,Poland,1,21,19,France,10481,Aurélien Djani Tchouaméni,4445,Jules Koundé,Complete,25.20734,81.0,18.1,86.5,42.7
3869152,2022-12-04,Round of 16,Poland,1,21,45,France,5485,Raphaël Varane,3026,Adrien Rabiot,Incomplete,13.086252,27.6,57.3,40.6,58.8
3869152,2022-12-04,Round of 16,Poland,1,21,47,France,5485,Raphaël Varane,4445,Jules Koundé,Complete,8.780091,26.4,56.3,21.1,63.3
3869152,2022-12-04,Round of 16,Poland,1,21,49,France,4445,Jules Koundé,,,Incomplete,51.5,21.1,65.5,72.6,65.5
3869152,2022-12-04,Round of 16,Poland,1,22,16,France,3026,Adrien Rabiot,3009,Kylian Mbappé Lottin,Incomplete,29.813587,34.6,2.3,64.4,3.2
3869152,2022-12-04,Round of 16,Poland,1,23,21,France,5477,Ousmane Dembélé,,,Incomplete,37.488266,50.7,72.5,83.8,54.9
3869152,2022-12-04,Round of 16,Poland,1,25,51,France,3026,Adrien Rabiot,5487,Antoine Griezmann,Complete,4.022437,26.2,12.1,28.5,8.8
3869152,2022-12-04,Round of 16,Poland,1,25,53,France,5487,Antoine Griezmann,3009,Kylian Mbappé Lottin,Complete,26.690823,31.6,7.6,58.2,5.4
3869152,2022-12-04,Round of 16,Poland,1,27,19,France,3099,Hugo Lloris,8519,Dayotchanculle Upamecano,Complete,40.966328,8.0,54.7,32.0,21.5
3869152,2022-12-04,Round of 16,Poland,1,27,25,France,8519,Dayotchanculle Upamecano,10481,Aurélien Djani Tchouaméni,Complete,15.892766,36.7,19.9,52.0,24.2
3869152,2022-12-04,Round of 16,Poland,1,27,27,France,10481,Aurélien Djani Tchouaméni,6704,Theo Bernard François Hernández,Complete,21.408644,56.7,24.8,63.5,4.5
3869152,2022-12-04,Round of 16,Poland,1,27,30,France,6704,Theo Bernard François Hernández,10481,Aurélien Djani Tchouaméni,Complete,11.399123,63.5,4.3,57.2,13.8
3869152,2022-12-04,Round of 16,Poland,1,27,35,France,10481,Aurélien Djani Tchouaméni,8519,Dayotchanculle Upamecano,Complete,7.543209,54.5,12.9,52.6,5.6
3869152,2022-12-04,Round of 16,Poland,1,27,36,France,8519,Dayotchanculle Upamecano,6704,Theo Bernard François Hernández,Complete,21.272047,53.1,5.8,74.2,3.1
3869152,2022-12-04,Round of 16,Poland,1,27,39,France,6704,Theo Bernard François Hernández,8519,Dayotchanculle Upamecano,Complete,24.803226,74.2,3.1,49.4,3.5
3869152,2022-12-04,Round of 16,Poland,1,27,44,France,8519,Dayotchanculle Upamecano,3026,Adrien Rabiot,Complete,12.244183,51.2,2.9,58.8,12.5
3869152,2022-12-04,Round of 16,Poland,1,27,46,France,3026,Adrien Rabiot,3009,Kylian Mbappé Lottin,Incomplete,18.874321,62.7,12.9,80.9,17.9
3869152,2022-12-04,Round of 16,Poland,1,28,9,France,5487,Antoine Griezmann,5477,Ousmane Dembélé,Pass Offside,19.830532,93.0,51.6,112.8,52.7
3869152,2022-12-04,Round of 16,Poland,1,29,28,France,3099,Hugo Lloris,5485,Raphaël Varane,Complete,17.576405,6.0,36.0,13.7,51.8
3869152,2022-12-04,Round of 16,Poland,1,29,32,France,5485,Raphaël Varane,8519,Dayotchanculle Upamecano,Complete,38.083725,22.1,54.7,30.7,17.6
3869152,2022-12-04,Round of 16,Poland,1,29,39,France,8519,Dayotchanculle Upamecano,5485,Raphaël Varane,Complete,29.163162,44.7,14.0,33.2,40.8
3869152,2022-12-04,Round of 16,Poland,1,29,48,France,5485,Raphaël Varane,5477,Ousmane Dembélé,Complete,17.658142,64.1,60.6,75.6,74.0
3869152,2022-12-04,Round of 16,Poland,1,29,54,France,5477,Ousmane Dembélé,10481,Aurélien Djani Tchouaméni,Complete,21.508139,89.5,72.7,78.7,54.1
3869152,2022-12-04,Round of 16,Poland,1,29,57,France,10481,Aurélien Djani Tchouaméni,3009,Kylian Mbappé Lottin,Complete,25.423807,78.7,54.1,77.6,28.7
3869152,2022-12-04,Round of 16,Poland,1,29,59,France,3009,Kylian Mbappé Lottin,3026,Adrien Rabiot,Complete,6.1,77.8,28.1,71.7,28.1
3869152,2022-12-04,Round of 16,Poland,1,30,1,France,3026,Adrien Rabiot,6704,Theo Bernard François Hernández,Complete,21.833231,76.8,20.5,90.5,3.5
3869152,2022-12-04,Round of 16,Poland,1,30,7,France,6704,Theo Bernard François Hernández,3026,Adrien Rabiot,Complete,9.718539,84.4,12.1,91.8,5.8
3869152,2022-12-04,Round of 16,Poland,1,30,10,France,3026,Adrien Rabiot,6704,Theo Bernard François Hernández,Complete,11.250778,91.8,5.8,82.1,11.5
3869152,2022-12-04,Round of 16,Poland,1,30,12,France,6704,Theo Bernard François Hernández,3009,Kylian Mbappé Lottin,Incomplete,15.463506,82.1,11.5,80.7,26.9
3869152,2022-12-04,Round of 16,Poland,1,34,17,France,3099,Hugo Lloris,8519,Dayotchanculle Upamecano,Complete,10.771258,6.0,36.0,13.1,27.9
3869152,2022-12-04,Round of 16,Poland,1,34,24,France,8519,Dayotchanculle Upamecano,10481,Aurélien Djani Tchouaméni,Complete,18.534832,37.1,26.2,42.6,43.9
3869152,2022-12-04,Round of 16,Poland,1,34,26,France,10481,Aurélien Djani Tchouaméni,4445,Jules Koundé,Complete,22.12736,43.2,48.6,44.3,70.7
3869152,2022-12-04,Round of 16,Poland,1,34,28,France,4445,Jules Koundé,5477,Ousmane Dembélé,Complete,18.085354,44.3,70.7,62.1,73.9
3869152,2022-12-04,Round of 16,Poland,1,34,32,France,5477,Ousmane Dembélé,10481,Aurélien Djani Tchouaméni,Complete,13.602941,59.8,71.3,50.8,61.1
3869152,2022-12-04,Round of 16,Poland,1,34,33,France,10481,Aurélien Djani Tchouaméni,8519,Dayotchanculle Upamecano,Complete,24.729132,50.8,60.8,52.0,36.1
3869152,2022-12-04,Round of 16,Poland,1,34,40,France,8519,Dayotchanculle Upamecano,5487,Antoine Griezmann,Complete,3.138471,67.4,23.0,70.3,24.2
3869152,2022-12-04,Round of 16,Poland,1,34,41,France,5487,Antoine Griezmann,3604,Olivier Giroud,Incomplete,13.7186,71.1,23.6,80.7,13.8
3869152,2022-12-04,Round of 16,Poland,1,34,45,France,3604,Olivier Giroud,5487,Antoine Griezmann,Complete,1.7888544,76.8,19.1,78.4,18.3
3869152,2022-12-04,Round of 16,Poland,1,34,47,France,5487,Antoine Griezmann,3009,Kylian Mbappé Lottin,Complete,14.494137,97.3,21.7,106.5,10.5
3869152,2022-12-04,Round of 16,Poland,1,35,27,France,5487,Antoine Griezmann,8519,Dayotchanculle Upamecano,Incomplete,41.576557,120.0,0.1,110.6,40.6
3869152,2022-12-04,Round of 16,Poland,1,36,17,France,10481,Aurélien Djani Tchouaméni,,,Incomplete,18.514858,50.2,51.0,66.8,42.8
3869152,2022-12-04,Round of 16,Poland,1,36,21,France,6704,Theo Bernard François Hernández,3009,Kylian Mbappé Lottin,Complete,16.854969,45.7,25.6,61.7,20.3
3869152,2022-12-04,Round of 16,Poland,1,36,23,France,3009,Kylian Mbappé Lottin,3026,Adrien Rabiot,Complete,9.021087,61.0,19.9,53.3,24.6
3869152,2022-12-04,Round of 16,Poland,1,36,25,France,3026,Adrien Rabiot,10481,Aurélien Djani Tchouaméni,Complete,8.563293,48.1,25.4,41.8,31.2
3869152,2022-12-04,Round of 16,Poland,1,36,28,France,10481,Aurélien Djani Tchouaméni,8519,Dayotchanculle Upamecano,Complete,14.972308,41.8,31.2,34.2,18.3
3869152,2022-12-04,Round of 16,Poland,1,36,30,France,8519,Dayotchanculle Upamecano,5485,Raphaël Varane,Complete,35.55784,34.2,18.3,25.2,52.7
3869152,2022-12-04,Round of 16,Poland,1,36,33,France,5485,Raphaël Varane,4445,Jules Koundé,Complete,19.492819,25.2,52.7,27.1,72.1
3869152,2022-12-04,Round of 16,Poland,1,36,35,France,4445,Jules Koundé,3099,Hugo Lloris,Complete,31.13535,23.0,70.9,8.4,43.4
3869152,2022-12-04,Round of 16,Poland,1,36,38,France,3099,Hugo Lloris,,,Incomplete,24.07509,8.0,44.5,18.0,66.4
3869152,2022-12-04,Round of 16,Poland,1,36,42,France,4445,Jules Koundé,3026,Adrien Rabiot,Out,20.703865,8.4,67.2,25.2,79.3
3869152,2022-12-04,Round of 16,Poland,1,37,17,France,8519,Dayotchanculle Upamecano,5477,Ousmane Dembélé,Complete,13.845216,3.5,64.5,11.5,75.8
3869152,2022-12-04,Round of 16,Poland,1,38,16,France,3099,Hugo Lloris,8519,Dayotchanculle Upamecano,Complete,29.760544,6.0,44.0,29.7,26.0
3869152,2022-12-04,Round of 16,Poland,1,38,21,France,8519,Dayotchanculle Upamecano,3026,Adrien Rabiot,Complete,23.972692,39.7,26.9,54.7,8.2
3869152,2022-12-04,Round of 16,Poland,1,38,26,France,3026,Adrien Rabiot,8519,Dayotchanculle Upamecano,Complete,17.734148,57.2,3.7,45.7,17.2
3869152,2022-12-04,Round of 16,Poland,1,38,29,France,8519,Dayotchanculle Upamecano,,,Incomplete,70.0035,46.1,17.2,116.1,17.9
3869152,2022-12-04,Round of 16,Poland,1,39,17,France,4445,Jules Koundé,5485,Raphaël Varane,Complete,35.88161,71.1,80.0,42.6,58.2
3869152,2022-12-04,Round of 16,Poland,1,39,18,France,5485,Raphaël Varane,8519,Dayotchanculle Upamecano,Complete,15.6,42.6,58.0,48.6,43.6
3869152,2022-12-04,Round of 16,Poland,1,39,21,France,8519,Dayotchanculle Upamecano,10481,Aurélien Djani Tchouaméni,Complete,7.8,55.1,36.1,62.3,39.1
3869152,2022-12-04,Round of 16,Poland,1,39,25,France,10481,Aurélien Djani Tchouaméni,3009,Kylian Mbappé Lottin,Complete,8.915716,73.3,22.4,81.5,18.9
3869152,2022-12-04,Round of 16,Poland,1,39,28,France,3009,Kylian Mbappé Lottin,10481,Aurélien Djani Tchouaméni,Complete,13.513327,81.5,18.9,80.9,5.4
3869152,2022-12-04,Round of 16,Poland,1,39,30,France,10481,Aurélien Djani Tchouaméni,6704,Theo Bernard François Hernández,Complete,9.749359,80.9,5.4,90.5,3.7
3869152,2022-12-04,Round of 16,Poland,1,39,33,France,6704,Theo Bernard François Hernández,10481,Aurélien Djani Tchouaméni,Complete,5.93043,91.1,3.7,85.2,3.1
3869152,2022-12-04,Round of 16,Poland,1,39,36,France,10481,Aurélien Djani Tchouaméni,8519,Dayotchanculle Upamecano,Complete,14.792228,80.1,6.4,69.2,16.4
3869152,2022-12-04,Round of 16,Poland,1,39,38,France,8519,Dayotchanculle Upamecano,6704,Theo Bernard François Hernández,Complete,18.67244,69.2,16.4,82.7,3.5
3869152,2022-12-04,Round of 16,Poland,1,39,41,France,6704,Theo Bernard François Hernández,10481,Aurélien Djani Tchouaméni,Complete,11.536464,82.7,3.7,74.2,11.5
3869152,2022-12-04,Round of 16,Poland,1,39,43,France,10481,Aurélien Djani Tchouaméni,3009,Kylian Mbappé Lottin,Complete,11.205802,75.8,10.9,81.9,20.3
3869152,2022-12-04,Round of 16,Poland,1,40,26,France,5487,Antoine Griezmann,,,Incomplete,32.345943,82.8,20.9,108.3,40.8
3869152,2022-12-04,Round of 16,Poland,1,40,34,France,5477,Ousmane Dembélé,8519,Dayotchanculle Upamecano,Complete,13.059862,87.3,63.3,97.3,71.7
3869152,2022-12-04,Round of 16,Poland,1,40,39,France,8519,Dayotchanculle Upamecano,5477,Ousmane Dembélé,Complete,10.10198,98.5,72.7,89.1,69.0
3869152,2022-12-04,Round of 16,Poland,1,40,41,France,5477,Ousmane Dembélé,10481,Aurélien Djani Tchouaméni,Complete,22.561028,88.5,69.0,79.3,48.4
3869152,2022-12-04,Round of 16,Poland,1,40,43,France,10481,Aurélien Djani Tchouaméni,5487,Antoine Griezmann,Complete,16.240997,78.7,47.7,70.3,33.8
3869152,2022-12-04,Round of 16,Poland,1,40,45,France,5487,Antoine Griezmann,4445,Jules Koundé,Complete,32.201862,70.3,33.8,73.9,65.8
3869152,2022-12-04,Round of 16,Poland,1,40,46,France,4445,Jules Koundé,5477,Ousmane Dembélé,Complete,26.495472,73.9,65.8,99.9,70.9
3869152,2022-12-04,Round of 16,Poland,1,40,50,France,5477,Ousmane Dembélé,3026,Adrien Rabiot,Complete,18.603495,100.1,70.9,87.3,57.4
3869152,2022-12-04,Round of 16,Poland,1,40,52,France,3026,Adrien Rabiot,,,Incomplete,25.397047,86.4,56.1,104.9,38.7
3869152,2022-12-04,Round of 16,Poland,1,41,46,France,4445,Jules Koundé,8519,Dayotchanculle Upamecano,Complete,41.64721,105.7,80.0,66.2,66.8
3869152,2022-12-04,Round of 16,Poland,1,41,51,France,8519,Dayotchanculle Upamecano,5485,Raphaël Varane,Complete,10.5948105,66.2,66.4,75.0,72.3
3869152,2022-12-04,Round of 16,Poland,1,41,54,France,5485,Raphaël Varane,,,Incomplete,54.695976,75.0,72.3,104.9,26.5
3869152,2022-12-04,Round of 16,Poland,1,42,1,France,6704,Theo Bernard François Hernández,3026,Adrien Rabiot,Complete,9.024411,83.8,4.5,85.8,13.3
3869152,2022-12-04,Round of 16,Poland,1,42,3,France,3026,Adrien Rabiot,10481,Aurélien Djani Tchouaméni,Complete,10.801851,82.1,13.3,71.3,13.5
3869152,2022-12-04,Round of 16,Poland,1,42,5,France,10481,Aurélien Djani Tchouaméni,6704,Theo Bernard François Hernández,Complete,11.331814,71.9,13.5,76.4,3.1
3869152,2022-12-04,Round of 16,Poland,1,42,7,France,6704,Theo Bernard François Hernández,3009,Kylian Mbappé Lottin,Complete,9.079648,77.6,3.7,86.6,2.5
3869152,2022-12-04,Round of 16,Poland,1,42,14,France,3009,Kylian Mbappé Lottin,10481,Aurélien Djani Tchouaméni,Complete,9.706183,79.9,6.4,71.3,10.9
3869152,2022-12-04,Round of 16,Poland,1,42,16,France,10481,Aurélien Djani Tchouaméni,5485,Raphaël Varane,Complete,21.867327,68.0,20.3,65.3,42.0
3869152,2022-12-04,Round of 16,Poland,1,42,22,France,5485,Raphaël Varane,4445,Jules Koundé,Complete,16.802382,87.0,54.9,84.4,71.5
3869152,2022-12-04,Round of 16,Poland,1,42,24,France,4445,Jules Koundé,10481,Aurélien Djani Tchouaméni,Complete,15.412008,84.4,71.5,80.1,56.7
3869152,2022-12-04,Round of 16,Poland,1,42,26,France,10481,Aurélien Djani Tchouaméni,6704,Theo Bernard François Hernández,Complete,35.089172,80.7,52.9,78.2,17.9
3869152,2022-12-04,Round of 16,Poland,1,42,30,France,6704,Theo Bernard François Hernández,3026,Adrien Rabiot,Complete,12.39758,78.2,17.9,89.9,13.8
3869152,2022-12-04,Round of 16,Poland,1,42,32,France,3026,Adrien Rabiot,3009,Kylian Mbappé Lottin,Complete,12.090492,89.9,13.8,94.2,2.5
3869152,2022-12-04,Round of 16,Poland,1,42,35,France,3009,Kylian Mbappé Lottin,3026,Adrien Rabiot,Complete,6.4280634,94.2,2.5,100.6,3.1
3869152,2022-12-04,Round of 16,Poland,1,42,37,France,3026,Adrien Rabiot,,,Incomplete,37.01959,103.8,4.9,112.0,41.0
3869152,2022-12-04,Round of 16,Poland,1,42,44,France,6704,Theo Bernard François Hernández,3026,Adrien Rabiot,Complete,12.847178,110.0,15.4,103.2,4.5
3869152,2022-12-04,Round of 16,Poland,1,42,45,France,3026,Adrien Rabiot,3009,Kylian Mbappé Lottin,Complete,12.442266,103.2,4.5,91.6,9.0
3869152,2022-12-04,Round of 16,Poland,1,42,47,France,3009,Kylian Mbappé Lottin,3026,Adrien Rabiot,Complete,10.18332,91.6,9.0,99.9,3.1
3869152,2022-12-04,Round of 16,Poland,1,42,49,France,3026,Adrien Rabiot,6704,Theo Bernard François Hernández,Complete,11.146299,101.0,3.1,112.0,4.9
3869152,2022-12-04,Round of 16,Poland,1,42,52,France,6704,Theo Bernard François Hernández,,,Incomplete,43.582108,117.3,6.4,108.1,49.0
3869152,2022-12-04,Round of 16,Poland,1,43,2,France,4445,Jules Koundé,5477,Ousmane Dembélé,Complete,16.256075,94.8,80.0,89.9,64.5
3869152,2022-12-04,Round of 16,Poland,1,43,5,France,5477,Ousmane Dembélé,10481,Aurélien Djani Tchouaméni,Complete,33.889526,89.9,64.5,77.4,33.0
3869152,2022-12-04,Round of 16,Poland,1,43,8,France,10481,Aurélien Djani Tchouaméni,3026,Adrien Rabiot,Complete,14.993999,76.4,30.1,81.5,16.0
3869152,2022-12-04,Round of 16,Poland,1,43,11,France,3026,Adrien Rabiot,10481,Aurélien Djani Tchouaméni,Complete,10.0,81.5,16.0,78.7,25.6
3869152,2022-12-04,Round of 16,Poland,1,43,13,France,10481,Aurélien Djani Tchouaméni,5477,Ousmane Dembélé,Complete,22.389507,78.7,25.6,80.7,47.9
3869152,2022-12-04,Round of 16,Poland,1,43,14,France,5477,Ousmane Dembélé,5485,Raphaël Varane,Complete,10.770329,80.7,47.9,70.3,45.1
3869152,2022-12-04,Round of 16,Poland,1,43,15,France,5485,Raphaël Varane,4445,Jules Koundé,Complete,34.688328,70.3,45.1,90.5,73.3
3869152,2022-12-04,Round of 16,Poland,1,43,19,France,4445,Jules Koundé,5477,Ousmane Dembélé,Complete,15.500322,89.9,73.3,86.4,58.2
3869152,2022-12-04,Round of 16,Poland,1,43,22,France,5477,Ousmane Dembélé,8519,Dayotchanculle Upamecano,Complete,9.676776,86.4,58.2,83.4,49.0
3869152,2022-12-04,Round of 16,Poland,1,43,25,France,8519,Dayotchanculle Upamecano,3009,Kylian Mbappé Lottin,Complete,11.317685,84.4,30.1,94.4,24.8
3869152,2022-12-04,Round of 16,Poland,1,43,26,France,3009,Kylian Mbappé Lottin,3604,Olivier Giroud,Complete,11.503912,94.4,24.8,104.9,29.5
3869152,2022-12-04,Round of 16,Poland,1,46,6,France,3099,Hugo Lloris,4445,Jules Koundé,Complete,36.43309,9.9,42.0,27.5,73.9
3869152,2022-12-04,Round of 16,Poland,1,46,10,France,4445,Jules Koundé,5485,Raphaël Varane,Complete,18.470787,39.1,69.0,29.7,53.1
3869152,2022-12-04,Round of 16,Poland,1,46,13,France,5485,Raphaël Varane,8519,Dayotchanculle Upamecano,Complete,17.304625,30.1,52.9,32.0,35.7
3869152,2022-12-04,Round of 16,Poland,1,46,15,France,8519,Dayotchanculle Upamecano,6704,Theo Bernard François Hernández,Complete,27.653751,32.6,35.1,39.8,8.4
3869152,2022-12-04,Round of 16,Poland,1,46,19,France,6704,Theo Bernard François Hernández,8519,Dayotchanculle Upamecano,Complete,10.625442,41.0,8.4,37.7,18.5
3869152,2022-12-04,Round of 16,Poland,1,46,22,France,8519,Dayotchanculle Upamecano,10481,Aurélien Djani Tchouaméni,Complete,10.10198,38.7,19.1,46.9,25.0
3869152,2022-12-04,Round of 16,Poland,1,46,24,France,10481,Aurélien Djani Tchouaméni,6704,Theo Bernard François Hernández,Complete,17.229046,46.9,25.0,44.1,8.0
3869152,2022-12-04,Round of 16,Poland,1,46,26,France,6704,Theo Bernard François Hernández,5477,Ousmane Dembélé,Complete,18.506485,44.1,8.0,62.1,3.7
3869152,2022-12-04,Round of 16,Poland,1,46,28,France,5477,Ousmane Dembélé,6704,Theo Bernard François Hernández,Complete,18.850994,62.9,3.7,44.9,9.3
3869152,2022-12-04,Round of 16,Poland,1,46,30,France,6704,Theo Bernard François Hernández,8519,Dayotchanculle Upamecano,Complete,14.202112,44.9,9.3,32.6,16.4
3869152,2022-12-04,Round of 16,Poland,1,46,33,France,8519,Dayotchanculle Upamecano,5485,Raphaël Varane,Complete,37.90211,32.6,16.4,32.2,54.3
3869152,2022-12-04,Round of 16,Poland,1,46,38,France,5485,Raphaël Varane,10481,Aurélien Djani Tchouaméni,Complete,10.6775465,43.0,56.7,50.6,49.2
3869152,2022-12-04,Round of 16,Poland,1,46,39,France,10481,Aurélien Djani Tchouaméni,4445,Jules Koundé,Complete,11.926861,50.6,49.2,44.1,59.2
3869152,2022-12-04,Round of 16,Poland,1,46,41,France,4445,Jules Koundé,5485,Raphaël Varane,Complete,14.286357,44.3,69.7,34.0,59.8
3869152,2022-12-04,Round of 16,Poland,1,46,43,France,5485,Raphaël Varane,3099,Hugo Lloris,Complete,32.840218,34.0,59.8,7.8,40.0
3869152,2022-12-04,Round of 16,Poland,1,46,50,France,3099,Hugo Lloris,3009,Kylian Mbappé Lottin,Unknown,55.13048,9.9,36.5,63.5,23.6
3869152,2022-12-04,Round of 16,Poland,2,45,21,France,8519,Dayotchanculle Upamecano,5485,Raphaël Varane,Complete,23.39081,33.8,27.5,23.1,48.3
3869152,2022-12-04,Round of 16,Poland,2,45,25,France,5485,Raphaël Varane,10481,Aurélien Djani Tchouaméni,Complete,21.143557,30.6,47.4,33.8,26.5
3869152,2022-12-04,Round of 16,Poland,2,45,27,France,10481,Aurélien Djani Tchouaméni,6704,Theo Bernard François Hernández,Complete,18.634377,34.3,26.5,38.3,8.3
3869152,2022-12-04,Round of 16,Poland,2,45,29,France,6704,Theo Bernard François Hernández,8519,Dayotchanculle Upamecano,Complete,28.580063,37.5,8.5,20.4,31.4
3869152,2022-12-04,Round of 16,Poland,2,45,32,France,8519,Dayotchanculle Upamecano,4445,Jules Koundé,Complete,44.970436,17.6,35.7,32.3,78.2
3869152,2022-12-04,Round of 16,Poland,2,45,36,France,4445,Jules Koundé,5487,Antoine Griezmann,Complete,12.349089,33.8,73.1,38.3,61.6
3869152,2022-12-04,Round of 16,Poland,2,45,37,France,5487,Antoine Griezmann,5485,Raphaël Varane,Complete,17.60284,38.3,61.6,20.8,63.5
3869152,2022-12-04,Round of 16,Poland,2,45,39,France,5485,Raphaël Varane,5477,Ousmane Dembélé,Complete,39.293766,20.8,63.7,57.2,78.5
3869152,2022-12-04,Round of 16,Poland,2,45,42,France,5477,Ousmane Dembélé,3604,Olivier Giroud,Incomplete,11.6456,57.8,78.0,53.7,67.1
3869152,2022-12-04,Round of 16,Poland,2,46,4,France,4445,Jules Koundé,3604,Olivier Giroud,Complete,13.897482,37.9,80.0,51.4,76.7
3869152,2022-12-04,Round of 16,Poland,2,46,5,France,3604,Olivier Giroud,4445,Jules Koundé,Complete,8.448076,51.4,76.7,43.0,77.6
3869152,2022-12-04,Round of 16,Poland,2,46,6,France,4445,Jules Koundé,5487,Antoine Griezmann,Complete,6.440497,43.2,77.8,48.4,74.0
3869152,2022-12-04,Round of 16,Poland,2,46,7,France,5487,Antoine Griezmann,3604,Olivier Giroud,Complete,9.4667845,48.4,74.2,56.5,79.1
3869152,2022-12-04,Round of 16,Poland,2,46,10,France,3604,Olivier Giroud,5477,Ousmane Dembélé,Complete,26.715164,60.6,78.0,87.3,78.9
3869152,2022-12-04,Round of 16,Poland,2,48,8,France,5485,Raphaël Varane,4445,Jules Koundé,Complete,18.420097,31.9,49.6,26.8,67.3
3869152,2022-12-04,Round of 16,Poland,2,48,11,France,4445,Jules Koundé,,,Out,34.153183,26.1,71.2,59.1,80.0
3869152,2022-12-04,Round of 16,Poland,2,48,22,France,4445,Jules Koundé,10481,Aurélien Djani Tchouaméni,Complete,4.1,36.6,78.2,40.7,78.2
3869152,2022-12-04,Round of 16,Poland,2,48,23,France,10481,Aurélien Djani Tchouaméni,5477,Ousmane Dembélé,Incomplete,13.3,40.0,78.5,53.3,78.5
3869152,2022-12-04,Round of 16,Poland,2,48,26,France,3604,Olivier Giroud,5477,Ousmane Dembélé,Complete,11.3877125,63.6,68.4,73.4,74.2
3869152,2022-12-04,Round of 16,Poland,2,48,52,France,6704,Theo Bernard François Hernández,10481,Aurélien Djani Tchouaméni,Complete,23.10368,48.4,0.1,44.1,22.8
3869152,2022-12-04,Round of 16,Poland,2,48,55,France,10481,Aurélien Djani Tchouaméni,5485,Raphaël Varane,Complete,31.476023,44.5,28.6,33.0,57.9
3869152,2022-12-04,Round of 16,Poland,2,49,0,France,5485,Raphaël Varane,4445,Jules Koundé,Complete,6.670832,37.9,72.7,33.6,77.8
3869152,2022-12-04,Round of 16,Poland,2,49,1,France,4445,Jules Koundé,3099,Hugo Lloris,Complete,30.972569,33.6,78.7,9.7,59.0
3869152,2022-12-04,Round of 16,Poland,2,49,8,France,3099,Hugo Lloris,3604,Olivier Giroud,Incomplete,58.148945,11.2,49.5,67.9,36.6
3869152,2022-12-04,Round of 16,Poland,2,49,38,France,4445,Jules Koundé,5485,Raphaël Varane,Complete,12.816006,10.1,73.3,14.6,61.3
3869152,2022-12-04,Round of 16,Poland,2,49,42,France,5485,Raphaël Varane,4445,Jules Koundé,Complete,12.580143,4.1,71.0,14.2,78.5
3869152,2022-12-04,Round of 16,Poland,2,49,45,France,4445,Jules Koundé,5487,Antoine Griezmann,Complete,16.201235,14.4,78.5,30.6,78.7
3869152,2022-12-04,Round of 16,Poland,2,49,48,France,5487,Antoine Griezmann,3604,Olivier Giroud,Incomplete,38.62072,41.8,78.5,69.8,51.9
3869152,2022-12-04,Round of 16,Poland,2,50,3,France,6704,Theo Bernard François Hernández,3009,Kylian Mbappé Lottin,Complete,55.22617,22.6,10.1,77.8,11.8
3869152,2022-12-04,Round of 16,Poland,2,51,50,France,6704,Theo Bernard François Hernández,3604,Olivier Giroud,Incomplete,34.0147,26.6,0.1,57.6,14.1
3869152,2022-12-04,Round of 16,Poland,2,52,20,France,6704,Theo Bernard François Hernández,3026,Adrien Rabiot,Complete,14.921461,32.6,20.9,45.0,12.6
3869152,2022-12-04,Round of 16,Poland,2,52,22,France,3026,Adrien Rabiot,3009,Kylian Mbappé Lottin,Complete,24.516525,45.0,12.6,69.1,8.1
3869152,2022-12-04,Round of 16,Poland,2,52,28,France,3009,Kylian Mbappé Lottin,3026,Adrien Rabiot,Complete,18.313383,99.1,21.1,116.8,25.8
3869152,2022-12-04,Round of 16,Poland,2,52,30,France,3026,Adrien Rabiot,3604,Olivier Giroud,Incomplete,15.6,116.8,25.8,110.8,40.2
3869152,2022-12-04,Round of 16,Poland,2,52,58,France,6704,Theo Bernard François Hernández,8519,Dayotchanculle Upamecano,Complete,13.605881,105.1,0.1,92.7,5.7
3869152,2022-12-04,Round of 16,Poland,2,53,0,France,8519,Dayotchanculle Upamecano,5485,Raphaël Varane,Complete,17.972479,92.7,5.7,75.3,10.2
3869152,2022-12-04,Round of 16,Poland,2,53,6,France,5485,Raphaël Varane,10481,Aurélien Djani Tchouaméni,Complete,18.815153,63.6,29.3,53.7,45.3
3869152,2022-12-04,Round of 16,Poland,2,53,8,France,10481,Aurélien Djani Tchouaméni,4445,Jules Koundé,Complete,18.113531,53.3,45.9,45.4,62.2
3869152,2022-12-04,Round of 16,Poland,2,53,11,France,4445,Jules Koundé,5487,Antoine Griezmann,Complete,20.66422,47.1,64.8,67.6,62.2
3869152,2022-12-04,Round of 16,Poland,2,53,13,France,5487,Antoine Griezmann,5477,Ousmane Dembélé,Complete,14.851936,64.6,69.3,77.3,77.0
3869152,2022-12-04,Round of 16,Poland,2,53,16,France,5477,Ousmane Dembélé,5487,Antoine Griezmann,Complete,8.485281,85.4,77.2,79.4,71.2
3869152,2022-12-04,Round of 16,Poland,2,53,17,France,5487,Antoine Griezmann,4445,Jules Koundé,Complete,11.715375,79.4,71.2,70.4,78.7
3869152,2022-12-04,Round of 16,Poland,2,53,20,France,4445,Jules Koundé,5477,Ousmane Dembélé,Complete,11.136427,69.6,77.8,80.7,78.7
3869152,2022-12-04,Round of 16,Poland,2,53,21,France,5477,Ousmane Dembélé,10481,Aurélien Djani Tchouaméni,Complete,14.871785,80.7,78.7,68.1,70.8
3869152,2022-12-04,Round of 16,Poland,2,53,24,France,10481,Aurélien Djani Tchouaméni,5487,Antoine Griezmann,Complete,10.141499,68.1,70.8,74.7,63.1
3869152,2022-12-04,Round of 16,Poland,2,53,25,France,5487,Antoine Griezmann,10481,Aurélien Djani Tchouaméni,Complete,7.574299,74.7,63.1,69.1,68.2
3869152,2022-12-04,Round of 16,Poland,2,53,27,France,10481,Aurélien Djani Tchouaméni,8519,Dayotchanculle Upamecano,Complete,28.332314,70.2,62.8,63.8,35.2
3869152,2022-12-04,Round of 16,Poland,2,53,29,France,8519,Dayotchanculle Upamecano,6704,Theo Bernard François Hernández,Complete,21.284971,63.6,34.6,65.5,13.4
3869152,2022-12-04,Round of 16,Poland,2,53,33,France,6704,Theo Bernard François Hernández,3009,Kylian Mbappé Lottin,Complete,15.604166,65.3,9.6,80.3,5.3
3869152,2022-12-04,Round of 16,Poland,2,53,52,France,3026,Adrien Rabiot,10481,Aurélien Djani Tchouaméni,Complete,10.327633,19.9,24.8,27.0,32.3
3869152,2022-12-04,Round of 16,Poland,2,53,54,France,10481,Aurélien Djani Tchouaméni,5487,Antoine Griezmann,Complete,13.536617,28.7,32.5,31.7,45.7
3869152,2022-12-04,Round of 16,Poland,2,53,58,France,5487,Antoine Griezmann,4445,Jules Koundé,Complete,22.58008,42.2,52.1,44.1,74.6
3869152,2022-12-04,Round of 16,Poland,2,53,59,France,4445,Jules Koundé,5477,Ousmane Dembélé,Complete,19.331062,44.1,74.6,62.9,79.1
3869152,2022-12-04,Round of 16,Poland,2,54,4,France,5477,Ousmane Dembélé,5487,Antoine Griezmann,Complete,32.11791,81.5,78.9,108.1,60.9
3869152,2022-12-04,Round of 16,Poland,2,54,7,France,5487,Antoine Griezmann,3009,Kylian Mbappé Lottin,Incomplete,24.935919,111.9,60.7,114.5,35.9
3869152,2022-12-04,Round of 16,Poland,2,54,16,France,3009,Kylian Mbappé Lottin,3604,Olivier Giroud,Complete,17.464249,120.0,0.1,116.0,17.1
3869152,2022-12-04,Round of 16,Poland,2,54,17,France,3604,Olivier Giroud,3009,Kylian Mbappé Lottin,Complete,8.100617,116.2,17.1,112.3,10.0
3869152,2022-12-04,Round of 16,Poland,2,54,24,France,3009,Kylian Mbappé Lottin,,,Incomplete,2.8,106.8,13.4,106.8,16.2
3869152,2022-12-04,Round of 16,Poland,2,54,30,France,6704,Theo Bernard François Hernández,3026,Adrien Rabiot,Complete,11.798729,69.1,16.9,65.1,28.0
3869152,2022-12-04,Round of 16,Poland,2,54,33,France,3026,Adrien Rabiot,10481,Aurélien Djani Tchouaméni,Complete,18.189283,66.6,30.5,71.9,47.9
3869152,2022-12-04,Round of 16,Poland,2,54,39,France,10481,Aurélien Djani Tchouaméni,5477,Ousmane Dembélé,Complete,28.279497,74.7,53.6,86.5,79.3
3869152,2022-12-04,Round of 16,Poland,2,54,42,France,5477,Ousmane Dembélé,4445,Jules Koundé,Complete,10.976793,86.5,79.3,76.0,76.1
3869152,2022-12-04,Round of 16,Poland,2,54,44,France,4445,Jules Koundé,10481,Aurélien Djani Tchouaméni,Complete,11.3,76.0,76.1,76.0,64.8
3869152,2022-12-04,Round of 16,Poland,2,54,46,France,10481,Aurélien Djani Tchouaméni,3026,Adrien Rabiot,Complete,19.930378,76.0,64.8,74.9,44.9
3869152,2022-12-04,Round of 16,Poland,2,54,49,France,3026,Adrien Rabiot,6704,Theo Bernard François Hernández,Complete,21.0,75.1,44.7,75.1,23.7
3869152,2022-12-04,Round of 16,Poland,2,54,52,France,6704,Theo Bernard François Hernández,8519,Dayotchanculle Upamecano,Complete,12.120231,75.1,23.7,64.2,29.0
3869152,2022-12-04,Round of 16,Poland,2,54,54,France,8519,Dayotchanculle Upamecano,5477,Ousmane Dembélé,Complete,58.83205,63.4,34.2,102.9,77.8
3869152,2022-12-04,Round of 16,Poland,2,55,3,France,5477,Ousmane Dembélé,,,Incomplete,6.2361846,108.1,71.6,109.8,65.6
3869152,2022-12-04,Round of 16,Poland,2,55,8,France,5477,Ousmane Dembélé,4445,Jules Koundé,Incomplete,17.55819,99.7,58.3,117.0,61.3
3869152,2022-12-04,Round of 16,Poland,2,55,23,France,4445,Jules Koundé,10481,Aurélien Djani Tchouaméni,Complete,28.013033,116.0,80.0,88.8,73.3
3869152,2022-12-04,Round of 16,Poland,2,55,27,France,10481,Aurélien Djani Tchouaméni,,,Incomplete,13.743726,87.7,64.6,99.7,57.9
3869152,2022-12-04,Round of 16,Poland,2,55,34,France,6704,Theo Bernard François Hernández,3009,Kylian Mbappé Lottin,Complete,10.993179,97.6,7.7,93.5,17.9
3869152,2022-12-04,Round of 16,Poland,2,55,36,France,3009,Kylian Mbappé Lottin,6704,Theo Bernard François Hernández,Complete,9.929753,93.5,17.3,96.7,7.9
3869152,2022-12-04,Round of 16,Poland,2,55,39,France,6704,Theo Bernard François Hernández,3009,Kylian Mbappé Lottin,Incomplete,19.811613,96.9,8.7,100.4,28.2
3869152,2022-12-04,Round of 16,Poland,2,55,48,France,5487,Antoine Griezmann,3009,Kylian Mbappé Lottin,Complete,14.124093,90.7,26.0,98.9,14.5
3869152,2022-12-04,Round of 16,Poland,2,56,38,France,5487,Antoine Griezmann,3604,Olivier Giroud,Incomplete,31.058655,120.0,80.0,116.0,49.2
3869152,2022-12-04,Round of 16,Poland,2,56,43,France,5477,Ousmane Dembélé,5487,Antoine Griezmann,Complete,11.406138,99.7,60.7,104.6,71.0
3869152,2022-12-04,Round of 16,Poland,2,56,45,France,5487,Antoine Griezmann,,,Unknown,29.613848,104.6,71.0,111.9,42.3
3869152,2022-12-04,Round of 16,Poland,2,58,40,France,10481,Aurélien Djani Tchouaméni,,,Incomplete,21.827734,45.0,65.6,66.8,66.7
3869152,2022-12-04,Round of 16,Poland,2,59,5,France,5487,Antoine Griezmann,3604,Olivier Giroud,Complete,21.400934,24.4,36.7,45.8,36.5
3869152,2022-12-04,Round of 16,Poland,2,59,7,France,3604,Olivier Giroud,3009,Kylian Mbappé Lottin,Incomplete,13.010765,42.8,35.9,52.0,26.7
3869152,2022-12-04,Round of 16,Poland,2,60,11,France,6704,Theo Bernard François Hernández,5487,Antoine Griezmann,Complete,12.587692,32.8,29.7,40.7,39.5
3869152,2022-12-04,Round of 16,Poland,2,60,20,France,5487,Antoine Griezmann,5477,Ousmane Dembélé,Complete,22.203604,92.7,57.9,114.7,60.9
3869152,2022-12-04,Round of 16,Poland,2,60,23,France,5477,Ousmane Dembélé,3009,Kylian Mbappé Lottin,Complete,17.3358,114.7,60.9,100.4,51.1
3869152,2022-12-04,Round of 16,Poland,2,60,31,France,5485,Raphaël Varane,4445,Jules Koundé,Incomplete,12.5,70.4,65.0,77.9,75.0
3869152,2022-12-04,Round of 16,Poland,2,60,34,France,10481,Aurélien Djani Tchouaméni,5477,Ousmane Dembélé,Complete,17.532825,72.8,72.0,89.2,78.2
3869152,2022-12-04,Round of 16,Poland,2,60,36,France,5477,Ousmane Dembélé,3009,Kylian Mbappé Lottin,Complete,12.90155,88.6,77.2,88.8,64.3
3869152,2022-12-04,Round of 16,Poland,2,60,37,France,3009,Kylian Mbappé Lottin,5485,Raphaël Varane,Complete,8.962701,88.4,65.2,79.6,63.5
3869152,2022-12-04,Round of 16,Poland,2,60,38,France,5485,Raphaël Varane,8519,Dayotchanculle Upamecano,Complete,18.51513,79.6,63.5,63.1,55.1
3869152,2022-12-04,Round of 16,Poland,2,60,41,France,8519,Dayotchanculle Upamecano,4445,Jules Koundé,Complete,23.553556,62.9,57.5,75.5,77.4
3869152,2022-12-04,Round of 16,Poland,2,60,44,France,4445,Jules Koundé,5477,Ousmane Dembélé,Complete,1.4317821,80.7,77.6,81.3,78.9
3869152,2022-12-04,Round of 16,Poland,2,60,45,France,5477,Ousmane Dembélé,10481,Aurélien Djani Tchouaméni,Complete,13.645879,81.3,78.9,73.8,67.5
3869152,2022-12-04,Round of 16,Poland,2,60,50,France,10481,Aurélien Djani Tchouaméni,4445,Jules Koundé,Complete,16.76007,73.8,67.5,86.7,78.2
3869152,2022-12-04,Round of 16,Poland,2,60,52,France,4445,Jules Koundé,5477,Ousmane Dembélé,Complete,9.908582,87.3,78.5,80.0,71.8
3869152,2022-12-04,Round of 16,Poland,2,60,54,France,5477,Ousmane Dembélé,10481,Aurélien Djani Tchouaméni,Complete,8.309633,80.0,71.8,73.6,66.5
3869152,2022-12-04,Round of 16,Poland,2,60,57,France,10481,Aurélien Djani Tchouaméni,5485,Raphaël Varane,Complete,19.61632,69.3,65.4,50.9,58.6
3869152,2022-12-04,Round of 16,Poland,2,60,59,France,5485,Raphaël Varane,5477,Ousmane Dembélé,Complete,29.628534,50.9,58.6,73.8,77.4
3869152,2022-12-04,Round of 16,Poland,2,61,5,France,5477,Ousmane Dembélé,10481,Aurélien Djani Tchouaméni,Complete,14.165098,82.6,78.0,73.8,66.9
3869152,2022-12-04,Round of 16,Poland,2,61,7,France,10481,Aurélien Djani Tchouaméni,3009,Kylian Mbappé Lottin,Complete,10.688779,73.8,66.9,75.8,56.4
3869152,2022-12-04,Round of 16,Poland,2,61,8,France,3009,Kylian Mbappé Lottin,5487,Antoine Griezmann,Complete,9.7046385,75.8,56.2,84.5,60.5
3869152,2022-12-04,Round of 16,Poland,2,61,9,France,5487,Antoine Griezmann,10481,Aurélien Djani Tchouaméni,Complete,11.063906,84.5,60.5,74.9,66.0
3869152,2022-12-04,Round of 16,Poland,2,61,10,France,10481,Aurélien Djani Tchouaméni,5477,Ousmane Dembélé,Complete,7.605919,74.9,66.0,78.5,72.7
3869152,2022-12-04,Round of 16,Poland,2,61,12,France,5477,Ousmane Dembélé,5485,Raphaël Varane,Complete,22.707928,78.5,72.7,64.4,54.9
3869152,2022-12-04,Round of 16,Poland,2,61,17,France,5485,Raphaël Varane,5487,Antoine Griezmann,Complete,13.060245,67.0,45.5,79.4,49.6
3869152,2022-12-04,Round of 16,Poland,2,61,18,France,5487,Antoine Griezmann,6704,Theo Bernard François Hernández,Complete,44.679302,79.4,49.6,101.2,10.6
3869152,2022-12-04,Round of 16,Poland,2,61,22,France,6704,Theo Bernard François Hernández,3009,Kylian Mbappé Lottin,Complete,17.913681,110.2,14.5,98.9,28.4
3869152,2022-12-04,Round of 16,Poland,2,61,27,France,3009,Kylian Mbappé Lottin,3026,Adrien Rabiot,Complete,8.68159,100.6,17.1,92.7,20.7
3869152,2022-12-04,Round of 16,Poland,2,61,30,France,3026,Adrien Rabiot,6704,Theo Bernard François Hernández,Complete,11.950314,91.6,14.3,100.1,5.9
3869152,2022-12-04,Round of 16,Poland,2,61,31,France,6704,Theo Bernard François Hernández,3026,Adrien Rabiot,Complete,12.401613,100.1,5.9,87.7,5.7
3869152,2022-12-04,Round of 16,Poland,2,61,35,France,3026,Adrien Rabiot,10481,Aurélien Djani Tchouaméni,Complete,32.07647,81.3,13.0,76.4,44.7
3869152,2022-12-04,Round of 16,Poland,2,61,38,France,10481,Aurélien Djani Tchouaméni,4445,Jules Koundé,Complete,18.850994,74.1,44.4,68.5,62.4
3869152,2022-12-04,Round of 16,Poland,2,61,40,France,4445,Jules Koundé,5477,Ousmane Dembélé,Complete,23.028894,68.5,62.4,85.8,77.6
3869152,2022-12-04,Round of 16,Poland,2,61,42,France,5477,Ousmane Dembélé,4445,Jules Koundé,Complete,13.152946,85.8,77.6,92.0,66.0
3869152,2022-12-04,Round of 16,Poland,2,61,49,France,3026,Adrien Rabiot,10481,Aurélien Djani Tchouaméni,Complete,6.493843,84.7,59.8,78.3,60.9
3869152,2022-12-04,Round of 16,Poland,2,61,51,France,10481,Aurélien Djani Tchouaméni,5487,Antoine Griezmann,Complete,8.91852,77.5,60.1,86.0,62.8
3869152,2022-12-04,Round of 16,Poland,2,61,52,France,5487,Antoine Griezmann,10481,Aurélien Djani Tchouaméni,Complete,10.153324,86.0,62.8,77.0,58.1
3869152,2022-12-04,Round of 16,Poland,2,61,56,France,10481,Aurélien Djani Tchouaméni,5477,Ousmane Dembélé,Complete,18.027203,80.9,61.1,88.6,77.4
3869152,2022-12-04,Round of 16,Poland,2,61,57,France,5477,Ousmane Dembélé,4445,Jules Koundé,Complete,7.156815,88.6,77.4,81.5,76.5
3869152,2022-12-04,Round of 16,Poland,2,61,59,France,4445,Jules Koundé,5487,Antoine Griezmann,Complete,6.0835843,81.8,76.7,79.2,71.2
3869152,2022-12-04,Round of 16,Poland,2,62,1,France,5487,Antoine Griezmann,10481,Aurélien Djani Tchouaméni,Complete,7.0604534,81.3,72.5,77.0,66.9
3869152,2022-12-04,Round of 16,Poland,2,62,4,France,10481,Aurélien Djani Tchouaméni,3026,Adrien Rabiot,Complete,10.822661,74.3,61.6,80.0,52.4
3869152,2022-12-04,Round of 16,Poland,2,62,6,France,3026,Adrien Rabiot,3009,Kylian Mbappé Lottin,Complete,43.36012,79.2,50.2,99.9,12.1
3869152,2022-12-04,Round of 16,Poland,2,62,10,France,3009,Kylian Mbappé Lottin,6704,Theo Bernard François Hernández,Complete,17.904469,99.7,8.1,81.8,8.5
3869152,2022-12-04,Round of 16,Poland,2,62,13,France,6704,Theo Bernard François Hernández,3009,Kylian Mbappé Lottin,Complete,10.562197,81.8,8.5,91.8,5.1
3869152,2022-12-04,Round of 16,Poland,2,62,18,France,3009,Kylian Mbappé Lottin,6704,Theo Bernard François Hernández,Complete,13.508515,94.2,8.7,82.0,14.5
3869152,2022-12-04,Round of 16,Poland,2,62,20,France,6704,Theo Bernard François Hernández,8519,Dayotchanculle Upamecano,Complete,14.940214,81.1,14.5,67.6,20.9
3869152,2022-12-04,Round of 16,Poland,2,62,23,France,8519,Dayotchanculle Upamecano,10481,Aurélien Djani Tchouaméni,Complete,11.706836,67.6,23.3,74.3,32.9
3869152,2022-12-04,Round of 16,Poland,2,62,27,France,10481,Aurélien Djani Tchouaméni,5487,Antoine Griezmann,Complete,22.203604,76.0,50.2,91.8,65.8
3869152,2022-12-04,Round of 16,Poland,2,62,31,France,5487,Antoine Griezmann,3009,Kylian Mbappé Lottin,Complete,40.732544,102.5,62.6,115.8,24.1
3869152,2022-12-04,Round of 16,Poland,2,62,40,France,3009,Kylian Mbappé Lottin,5477,Ousmane Dembélé,Complete,6.462198,115.8,24.1,113.4,30.1
3869152,2022-12-04,Round of 16,Poland,2,62,41,France,5477,Ousmane Dembélé,3009,Kylian Mbappé Lottin,Complete,4.967897,113.4,30.1,110.2,26.3
3869152,2022-12-04,Round of 16,Poland,2,62,47,France,5487,Antoine Griezmann,10481,Aurélien Djani Tchouaméni,Complete,13.903237,93.9,66.7,85.8,55.4
3869152,2022-12-04,Round of 16,Poland,2,62,50,France,10481,Aurélien Djani Tchouaméni,5487,Antoine Griezmann,Complete,10.870603,85.8,55.4,95.4,60.5
3869152,2022-12-04,Round of 16,Poland,2,62,51,France,5487,Antoine Griezmann,10481,Aurélien Djani Tchouaméni,Complete,10.515227,95.4,60.5,86.5,54.9
3869152,2022-12-04,Round of 16,Poland,2,62,54,France,10481,Aurélien Djani Tchouaméni,4445,Jules Koundé,Complete,21.28403,86.5,54.9,93.5,75.0
3869152,2022-12-04,Round of 16,Poland,2,62,56,France,4445,Jules Koundé,5477,Ousmane Dembélé,Complete,4.4407206,93.5,75.0,90.9,71.4
3869152,2022-12-04,Round of 16,Poland,2,62,58,France,5477,Ousmane Dembélé,3009,Kylian Mbappé Lottin,Incomplete,13.28533,91.6,71.4,98.9,60.3
3869152,2022-12-04,Round of 16,Poland,2,63,0,France,5487,Antoine Griezmann,5477,Ousmane Dembélé,Pass Offside,5.4129477,99.1,60.7,104.4,61.8
3869152,2022-12-04,Round of 16,Poland,2,63,50,France,3026,Adrien Rabiot,3009,Kylian Mbappé Lottin,Incomplete,22.676199,42.6,12.8,64.0,20.3
3869152,2022-12-04,Round of 16,Poland,2,64,4,France,8519,Dayotchanculle Upamecano,3009,Kylian Mbappé Lottin,Complete,23.041918,41.1,14.3,63.4,20.1
3869152,2022-12-04,Round of 16,Poland,2,64,5,France,3009,Kylian Mbappé Lottin,8519,Dayotchanculle Upamecano,Complete,10.9018345,62.5,19.6,62.3,8.7
3869152,2022-12-04,Round of 16,Poland,2,64,9,France,8519,Dayotchanculle Upamecano,3009,Kylian Mbappé Lottin,Incomplete,50.023693,62.7,10.6,109.6,28.0
3869152,2022-12-04,Round of 16,Poland,2,64,34,France,6704,Theo Bernard François Hernández,3604,Olivier Giroud,Complete,12.912397,19.1,22.4,31.9,20.7
3869152,2022-12-04,Round of 16,Poland,2,64,36,France,3604,Olivier Giroud,3026,Adrien Rabiot,Complete,17.172361,31.9,20.7,41.1,6.2
3869152,2022-12-04,Round of 16,Poland,2,64,43,France,3026,Adrien Rabiot,3604,Olivier Giroud,Complete,11.421471,55.7,13.6,55.0,25.0
3869152,2022-12-04,Round of 16,Poland,2,64,46,France,3604,Olivier Giroud,5477,Ousmane Dembélé,Complete,23.409399,57.6,33.8,70.4,53.4
3869152,2022-12-04,Round of 16,Poland,2,64,49,France,5477,Ousmane Dembélé,4445,Jules Koundé,Complete,18.585209,86.2,64.8,100.8,76.3
3869152,2022-12-04,Round of 16,Poland,2,64,54,France,4445,Jules Koundé,5477,Ousmane Dembélé,Complete,15.297712,106.8,72.0,93.7,64.1
3869152,2022-12-04,Round of 16,Poland,2,64,57,France,5477,Ousmane Dembélé,5487,Antoine Griezmann,Complete,14.142136,91.2,60.3,101.2,70.3
3869152,2022-12-04,Round of 16,Poland,2,65,0,France,5487,Antoine Griezmann,10481,Aurélien Djani Tchouaméni,Complete,14.524806,98.0,69.0,87.1,59.4
3869152,2022-12-04,Round of 16,Poland,2,65,4,France,10481,Aurélien Djani Tchouaméni,4445,Jules Koundé,Complete,24.358982,86.2,58.8,106.8,71.8
3869152,2022-12-04,Round of 16,Poland,2,65,8,France,4445,Jules Koundé,3604,Olivier Giroud,Complete,18.676188,112.6,65.2,115.8,46.8
3869152,2022-12-04,Round of 16,Poland,2,65,54,France,6704,Theo Bernard François Hernández,3026,Adrien Rabiot,Complete,8.276473,38.0,18.1,46.1,16.4
3869152,2022-12-04,Round of 16,Poland,2,66,4,France,3026,Adrien Rabiot,,,Incomplete,8.372574,48.4,5.9,56.7,7.0
3869152,2022-12-04,Round of 16,Poland,2,66,51,France,3099,Hugo Lloris,3604,Olivier Giroud,Incomplete,61.100327,7.0,36.1,68.1,36.3
3869152,2022-12-04,Round of 16,Poland,2,66,57,France,5485,Raphaël Varane,3099,Hugo Lloris,Complete,21.076054,28.3,39.1,7.5,35.7
3869152,2022-12-04,Round of 16,Poland,2,67,13,France,3099,Hugo Lloris,3604,Olivier Giroud,Incomplete,81.53649,17.2,33.5,95.0,57.9
3869152,2022-12-04,Round of 16,Poland,2,67,27,France,8519,Dayotchanculle Upamecano,3026,Adrien Rabiot,Incomplete,18.478365,54.6,29.5,73.0,31.2
3869152,2022-12-04,Round of 16,Poland,2,67,43,France,3026,Adrien Rabiot,3099,Hugo Lloris,Complete,12.714166,16.1,24.8,3.5,26.5
3869152,2022-12-04,Round of 16,Poland,2,68,6,France,3099,Hugo Lloris,3009,Kylian Mbappé Lottin,Complete,59.300674,16.5,33.8,69.6,7.4
3869152,2022-12-04,Round of 16,Poland,2,68,32,France,11990,Youssouf Fofana,,,Incomplete,42.073864,49.5,64.1,90.9,71.6
3869152,2022-12-04,Round of 16,Poland,2,68,53,France,4445,Jules Koundé,5477,Ousmane Dembélé,Complete,16.282812,22.5,69.7,36.2,78.5
3869152,2022-12-04,Round of 16,Poland,2,68,56,France,5477,Ousmane Dembélé,4445,Jules Koundé,Complete,8.3,27.4,78.0,19.1,78.0
3869152,2022-12-04,Round of 16,Poland,2,68,57,France,4445,Jules Koundé,5485,Raphaël Varane,Complete,13.983204,19.1,78.0,21.9,64.3
3869152,2022-12-04,Round of 16,Poland,2,68,59,France,5485,Raphaël Varane,8519,Dayotchanculle Upamecano,Complete,28.400703,21.4,63.9,21.2,35.5
3869152,2022-12-04,Round of 16,Poland,2,69,2,France,8519,Dayotchanculle Upamecano,3009,Kylian Mbappé Lottin,Complete,27.795862,26.6,33.3,53.5,26.3
3869152,2022-12-04,Round of 16,Poland,2,71,27,France,3099,Hugo Lloris,3604,Olivier Giroud,Complete,63.804466,7.0,36.1,70.0,26.0
3869152,2022-12-04,Round of 16,Poland,2,71,31,France,3604,Olivier Giroud,3009,Kylian Mbappé Lottin,Incomplete,3.6138623,70.6,26.3,74.1,25.4
3869152,2022-12-04,Round of 16,Poland,2,71,52,France,8519,Dayotchanculle Upamecano,3099,Hugo Lloris,Complete,29.07456,26.8,17.9,3.0,34.6
3869152,2022-12-04,Round of 16,Poland,2,71,56,France,3099,Hugo Lloris,,,Incomplete,84.287605,6.9,31.8,90.3,19.6
3869152,2022-12-04,Round of 16,Poland,2,72,51,France,3604,Olivier Giroud,11990,Youssouf Fofana,Complete,5.503635,38.5,36.3,33.0,36.1
3869152,2022-12-04,Round of 16,Poland,2,72,53,France,11990,Youssouf Fofana,3009,Kylian Mbappé Lottin,Complete,49.844257,37.0,34.6,78.1,6.4
3869152,2022-12-04,Round of 16,Poland,2,73,40,France,5485,Raphaël Varane,5487,Antoine Griezmann,Complete,3.9698865,8.8,39.3,11.8,41.9
3869152,2022-12-04,Round of 16,Poland,2,73,42,France,5487,Antoine Griezmann,3604,Olivier Giroud,Complete,31.84792,11.8,41.9,42.8,34.6
3869152,2022-12-04,Round of 16,Poland,2,73,48,France,3604,Olivier Giroud,5477,Ousmane Dembélé,Complete,27.543602,62.7,46.2,71.5,72.3
3869152,2022-12-04,Round of 16,Poland,2,73,53,France,5477,Ousmane Dembélé,3009,Kylian Mbappé Lottin,Complete,29.71683,90.3,57.3,100.8,29.5
3869152,2022-12-04,Round of 16,Poland,2,76,46,France,3099,Hugo Lloris,2972,Marcus Thuram,Incomplete,65.83168,7.0,44.1,70.0,25.0
3869152,2022-12-04,Round of 16,Poland,2,77,4,France,5485,Raphaël Varane,8217,Kingsley Coman,Incomplete,46.37456,34.5,59.4,78.1,75.2
3869152,2022-12-04,Round of 16,Poland,2,78,23,France,3099,Hugo Lloris,2972,Marcus Thuram,Complete,66.567406,7.0,36.1,72.1,22.2
3869152,2022-12-04,Round of 16,Poland,2,78,26,France,2972,Marcus Thuram,3009,Kylian Mbappé Lottin,Incomplete,11.859595,70.6,23.1,81.8,19.2
3869152,2022-12-04,Round of 16,Poland,2,78,35,France,3009,Kylian Mbappé Lottin,2972,Marcus Thuram,Complete,9.613012,98.0,5.7,88.4,6.2
3869152,2022-12-04,Round of 16,Poland,2,78,37,France,2972,Marcus Thuram,3026,Adrien Rabiot,Complete,8.228001,87.5,6.8,85.2,14.7
3869152,2022-12-04,Round of 16,Poland,2,78,37,France,3026,Adrien Rabiot,3009,Kylian Mbappé Lottin,Complete,12.408464,85.2,14.7,94.6,6.6
3869152,2022-12-04,Round of 16,Poland,2,78,42,France,3009,Kylian Mbappé Lottin,3026,Adrien Rabiot,Complete,11.584904,91.8,9.2,80.3,10.6
3869152,2022-12-04,Round of 16,Poland,2,78,46,France,3026,Adrien Rabiot,2972,Marcus Thuram,Complete,10.722406,76.8,10.0,86.9,6.4
3869152,2022-12-04,Round of 16,Poland,2,78,48,France,2972,Marcus Thuram,6704,Theo Bernard François Hernández,Complete,15.938946,87.1,5.3,71.3,7.4
3869152,2022-12-04,Round of 16,Poland,2,78,52,France,6704,Theo Bernard François Hernández,8519,Dayotchanculle Upamecano,Complete,15.839823,69.3,9.2,58.0,20.3
3869152,2022-12-04,Round of 16,Poland,2,78,54,France,8519,Dayotchanculle Upamecano,5485,Raphaël Varane,Complete,29.841248,56.1,20.9,51.6,50.4
3869152,2022-12-04,Round of 16,Poland,2,78,57,France,5485,Raphaël Varane,4445,Jules Koundé,Complete,16.633099,50.1,56.6,52.2,73.1
3869152,2022-12-04,Round of 16,Poland,2,79,1,France,4445,Jules Koundé,8217,Kingsley Coman,Complete,11.461239,57.6,75.5,67.6,69.9
3869152,2022-12-04,Round of 16,Poland,2,79,3,France,8217,Kingsley Coman,11990,Youssouf Fofana,Complete,11.060289,68.7,60.7,58.0,57.9
3869152,2022-12-04,Round of 16,Poland,2,79,5,France,11990,Youssouf Fofana,3026,Adrien Rabiot,Complete,19.609436,58.2,55.6,65.5,37.4
3869152,2022-12-04,Round of 16,Poland,2,79,6,France,3026,Adrien Rabiot,8519,Dayotchanculle Upamecano,Complete,11.101802,65.5,37.4,54.4,37.2
3869152,2022-12-04,Round of 16,Poland,2,79,10,France,8519,Dayotchanculle Upamecano,2972,Marcus Thuram,Complete,34.33322,55.7,29.5,81.1,6.4
3869152,2022-12-04,Round of 16,Poland,2,79,13,France,2972,Marcus Thuram,6704,Theo Bernard François Hernández,Complete,16.161682,80.0,7.2,64.2,10.6
3869152,2022-12-04,Round of 16,Poland,2,79,15,France,6704,Theo Bernard François Hernández,3026,Adrien Rabiot,Complete,8.028076,63.4,10.9,68.5,17.1
3869152,2022-12-04,Round of 16,Poland,2,79,16,France,3026,Adrien Rabiot,2972,Marcus Thuram,Complete,9.200543,68.5,16.9,75.8,11.3
3869152,2022-12-04,Round of 16,Poland,2,79,19,France,2972,Marcus Thuram,3026,Adrien Rabiot,Complete,8.863972,80.0,10.0,76.4,18.1
3869152,2022-12-04,Round of 16,Poland,2,79,20,France,3026,Adrien Rabiot,3009,Kylian Mbappé Lottin,Complete,9.219544,75.5,19.0,81.5,26.0
3869152,2022-12-04,Round of 16,Poland,2,79,22,France,3009,Kylian Mbappé Lottin,6704,Theo Bernard François Hernández,Complete,13.601471,73.8,25.6,69.8,12.6
3869152,2022-12-04,Round of 16,Poland,2,79,23,France,6704,Theo Bernard François Hernández,3009,Kylian Mbappé Lottin,Complete,8.421401,69.3,11.7,68.7,20.1
3869152,2022-12-04,Round of 16,Poland,2,79,25,France,3009,Kylian Mbappé Lottin,3026,Adrien Rabiot,Complete,7.7491937,68.7,20.3,76.0,17.7
3869152,2022-12-04,Round of 16,Poland,2,79,27,France,3026,Adrien Rabiot,2972,Marcus Thuram,Complete,10.728001,76.4,15.8,79.4,5.5
3869152,2022-12-04,Round of 16,Poland,2,79,29,France,2972,Marcus Thuram,6704,Theo Bernard François Hernández,Complete,7.7781744,78.8,5.7,71.1,6.8
3869152,2022-12-04,Round of 16,Poland,2,79,31,France,6704,Theo Bernard François Hernández,8519,Dayotchanculle Upamecano,Complete,19.227064,69.1,7.2,50.9,13.4
3869152,2022-12-04,Round of 16,Poland,2,79,35,France,8519,Dayotchanculle Upamecano,5485,Raphaël Varane,Complete,37.83398,48.8,15.8,40.9,52.8
3869152,2022-12-04,Round of 16,Poland,2,79,39,France,5485,Raphaël Varane,4445,Jules Koundé,Complete,11.303982,38.8,63.9,38.5,75.2
3869152,2022-12-04,Round of 16,Poland,2,79,41,France,4445,Jules Koundé,8217,Kingsley Coman,Complete,18.217573,38.3,75.5,56.5,76.3
3869152,2022-12-04,Round of 16,Poland,2,79,42,France,8217,Kingsley Coman,5487,Antoine Griezmann,Complete,6.726812,56.1,75.9,54.8,69.3
3869152,2022-12-04,Round of 16,Poland,2,79,47,France,5487,Antoine Griezmann,8217,Kingsley Coman,Complete,6.1522355,81.5,72.3,85.8,76.7
3869152,2022-12-04,Round of 16,Poland,2,79,50,France,8217,Kingsley Coman,4445,Jules Koundé,Complete,14.405555,86.5,75.7,72.1,76.1
3869152,2022-12-04,Round of 16,Poland,2,79,52,France,4445,Jules Koundé,11990,Youssouf Fofana,Complete,7.083784,70.4,75.5,68.1,68.8
3869152,2022-12-04,Round of 16,Poland,2,79,54,France,11990,Youssouf Fofana,5487,Antoine Griezmann,Complete,7.1021123,68.3,69.3,75.3,70.5
3869152,2022-12-04,Round of 16,Poland,2,79,55,France,5487,Antoine Griezmann,3026,Adrien Rabiot,Complete,15.754364,73.2,66.9,67.8,52.1
3869152,2022-12-04,Round of 16,Poland,2,79,57,France,3026,Adrien Rabiot,3009,Kylian Mbappé Lottin,Complete,10.822661,70.6,49.2,80.3,44.4
3869152,2022-12-04,Round of 16,Poland,2,79,58,France,3009,Kylian Mbappé Lottin,3026,Adrien Rabiot,Complete,9.79898,81.5,43.4,72.6,39.3
3869152,2022-12-04,Round of 16,Poland,2,80,0,France,3026,Adrien Rabiot,2972,Marcus Thuram,Complete,30.637396,74.5,34.4,88.6,7.2
3869152,2022-12-04,Round of 16,Poland,2,80,48,France,5487,Antoine Griezmann,3009,Kylian Mbappé Lottin,Complete,2.86007,110.4,7.9,108.7,10.2
3869152,2022-12-04,Round of 16,Poland,2,80,50,France,3009,Kylian Mbappé Lottin,6704,Theo Bernard François Hernández,Complete,20.329535,107.0,8.9,93.5,24.1
3869152,2022-12-04,Round of 16,Poland,2,80,52,France,6704,Theo Bernard François Hernández,3009,Kylian Mbappé Lottin,Complete,9.295698,93.9,24.1,101.0,18.1
3869152,2022-12-04,Round of 16,Poland,2,82,24,France,3099,Hugo Lloris,2972,Marcus Thuram,Complete,65.27427,33.0,47.0,94.2,24.3
3869152,2022-12-04,Round of 16,Poland,2,82,38,France,11990,Youssouf Fofana,5487,Antoine Griezmann,Complete,9.759098,74.3,62.0,81.3,68.8
3869152,2022-12-04,Round of 16,Poland,2,83,24,France,4445,Jules Koundé,8217,Kingsley Coman,Complete,7.2277246,45.2,80.0,52.2,78.2
3869152,2022-12-04,Round of 16,Poland,2,83,26,France,8217,Kingsley Coman,4445,Jules Koundé,Complete,11.154371,51.6,76.7,40.5,77.8
3869152,2022-12-04,Round of 16,Poland,2,83,28,France,4445,Jules Koundé,5485,Raphaël Varane,Complete,5.4,39.6,75.5,39.6,70.1
3869152,2022-12-04,Round of 16,Poland,2,83,28,France,5485,Raphaël Varane,8217,Kingsley Coman,Complete,13.705838,39.6,70.5,51.2,77.8
3869152,2022-12-04,Round of 16,Poland,2,83,31,France,8217,Kingsley Coman,5487,Antoine Griezmann,Incomplete,8.05295,49.2,73.7,56.3,69.9
3869152,2022-12-04,Round of 16,Poland,2,84,2,France,6704,Theo Bernard François Hernández,8519,Dayotchanculle Upamecano,Complete,29.108418,52.2,0.1,24.9,10.2
3869152,2022-12-04,Round of 16,Poland,2,84,7,France,8519,Dayotchanculle Upamecano,3099,Hugo Lloris,Complete,27.115494,20.8,11.7,10.3,36.7
3869152,2022-12-04,Round of 16,Poland,2,84,10,France,3099,Hugo Lloris,4445,Jules Koundé,Complete,28.65397,12.7,40.8,23.1,67.5
3869152,2022-12-04,Round of 16,Poland,2,84,13,France,4445,Jules Koundé,8217,Kingsley Coman,Complete,25.776928,21.9,68.8,46.5,76.5
3869152,2022-12-04,Round of 16,Poland,2,84,21,France,8217,Kingsley Coman,5487,Antoine Griezmann,Complete,4.104875,68.7,75.9,65.3,78.2
3869152,2022-12-04,Round of 16,Poland,2,84,23,France,5487,Antoine Griezmann,4445,Jules Koundé,Complete,10.210778,63.8,76.1,53.7,77.6
3869152,2022-12-04,Round of 16,Poland,2,84,25,France,4445,Jules Koundé,5487,Antoine Griezmann,Complete,7.470609,53.9,75.9,57.4,69.3
3869152,2022-12-04,Round of 16,Poland,2,84,28,France,5487,Antoine Griezmann,11990,Youssouf Fofana,Complete,15.969972,57.4,65.0,51.4,50.2
3869152,2022-12-04,Round of 16,Poland,2,84,31,France,11990,Youssouf Fofana,6704,Theo Bernard François Hernández,Complete,19.630842,50.5,35.2,51.6,15.6
3869152,2022-12-04,Round of 16,Poland,2,84,32,France,6704,Theo Bernard François Hernández,11990,Youssouf Fofana,Complete,10.507616,51.6,15.6,50.1,26.0
3869152,2022-12-04,Round of 16,Poland,2,84,34,France,11990,Youssouf Fofana,6704,Theo Bernard François Hernández,Complete,7.4323616,52.0,20.9,49.0,14.1
3869152,2022-12-04,Round of 16,Poland,2,84,35,France,6704,Theo Bernard François Hernández,8519,Dayotchanculle Upamecano,Complete,21.301643,48.4,15.1,36.4,32.7
3869152,2022-12-04,Round of 16,Poland,2,84,38,France,8519,Dayotchanculle Upamecano,5487,Antoine Griezmann,Complete,25.013796,37.3,32.7,56.1,49.2
3869152,2022-12-04,Round of 16,Poland,2,84,39,France,5487,Antoine Griezmann,3026,Adrien Rabiot,Complete,5.433231,56.1,48.5,50.7,47.9
3869152,2022-12-04,Round of 16,Poland,2,84,44,France,3026,Adrien Rabiot,4445,Jules Koundé,Complete,11.673046,64.2,65.6,69.3,76.1
3869152,2022-12-04,Round of 16,Poland,2,84,47,France,4445,Jules Koundé,3026,Adrien Rabiot,Complete,8.140024,75.8,77.4,69.3,72.5
3869152,2022-12-04,Round of 16,Poland,2,84,49,France,3026,Adrien Rabiot,5487,Antoine Griezmann,Complete,6.1351447,71.3,68.2,69.3,62.4
3869152,2022-12-04,Round of 16,Poland,2,84,51,France,5487,Antoine Griezmann,8217,Kingsley Coman,Complete,16.916264,71.3,67.8,86.7,74.8
3869152,2022-12-04,Round of 16,Poland,2,84,55,France,8217,Kingsley Coman,2972,Marcus Thuram,Unknown,62.928688,104.2,75.0,102.3,12.1
3869152,2022-12-04,Round of 16,Poland,2,86,14,France,6704,Theo Bernard François Hernández,8519,Dayotchanculle Upamecano,Complete,13.242356,31.9,0.1,43.9,5.7
3869152,2022-12-04,Round of 16,Poland,2,86,16,France,8519,Dayotchanculle Upamecano,,,Out,8.570297,45.4,5.9,51.8,0.2
3869152,2022-12-04,Round of 16,Poland,2,87,37,France,6704,Theo Bernard François Hernández,2972,Marcus Thuram,Complete,16.807735,10.5,23.7,26.8,19.6
3869152,2022-12-04,Round of 16,Poland,2,88,32,France,6704,Theo Bernard François Hernández,3026,Adrien Rabiot,Complete,6.708204,81.5,7.4,75.5,10.4
3869152,2022-12-04,Round of 16,Poland,2,88,33,France,3026,Adrien Rabiot,5485,Raphaël Varane,Complete,33.752335,74.5,11.3,57.4,40.4
3869152,2022-12-04,Round of 16,Poland,2,88,37,France,5485,Raphaël Varane,4445,Jules Koundé,Complete,20.14274,57.2,45.9,61.4,65.6
3869152,2022-12-04,Round of 16,Poland,2,88,39,France,4445,Jules Koundé,8217,Kingsley Coman,Complete,20.0025,62.3,66.0,79.2,76.7
3869152,2022-12-04,Round of 16,Poland,2,88,45,France,8217,Kingsley Coman,4445,Jules Koundé,Complete,10.339246,88.0,68.0,81.1,75.7
3869152,2022-12-04,Round of 16,Poland,2,88,46,France,4445,Jules Koundé,11990,Youssouf Fofana,Complete,13.2740345,81.1,75.7,74.3,64.3
3869152,2022-12-04,Round of 16,Poland,2,88,48,France,11990,Youssouf Fofana,5485,Raphaël Varane,Complete,19.8736,73.0,60.9,54.4,53.9
3869152,2022-12-04,Round of 16,Poland,2,88,52,France,5485,Raphaël Varane,11990,Youssouf Fofana,Complete,11.2605505,54.8,53.4,64.2,47.2
3869152,2022-12-04,Round of 16,Poland,2,88,53,France,11990,Youssouf Fofana,8519,Dayotchanculle Upamecano,Complete,20.16755,64.2,46.6,50.5,31.8
3869152,2022-12-04,Round of 16,Poland,2,88,55,France,8519,Dayotchanculle Upamecano,6704,Theo Bernard François Hernández,Complete,18.580097,50.5,32.0,61.6,17.1
3869152,2022-12-04,Round of 16,Poland,2,88,59,France,6704,Theo Bernard François Hernández,3026,Adrien Rabiot,Complete,8.64523,65.3,16.0,72.8,20.3
3869152,2022-12-04,Round of 16,Poland,2,89,2,France,3026,Adrien Rabiot,3009,Kylian Mbappé Lottin,Complete,8.300602,81.1,14.3,85.4,7.2
3869152,2022-12-04,Round of 16,Poland,2,89,3,France,3009,Kylian Mbappé Lottin,3026,Adrien Rabiot,Incomplete,3.3241541,86.0,7.7,88.4,10.0
3869152,2022-12-04,Round of 16,Poland,2,89,15,France,6704,Theo Bernard François Hernández,3026,Adrien Rabiot,Complete,12.756175,84.1,0.1,74.5,8.5
3869152,2022-12-04,Round of 16,Poland,2,89,17,France,3026,Adrien Rabiot,4445,Jules Koundé,Complete,38.261337,72.1,13.6,52.4,46.4
3869152,2022-12-04,Round of 16,Poland,2,89,23,France,4445,Jules Koundé,11990,Youssouf Fofana,Complete,5.255473,57.2,50.4,59.1,45.5
3869152,2022-12-04,Round of 16,Poland,2,89,24,France,11990,Youssouf Fofana,4445,Jules Koundé,Complete,11.406138,58.4,45.9,53.5,56.2
3869152,2022-12-04,Round of 16,Poland,2,89,25,France,4445,Jules Koundé,3099,Hugo Lloris,Complete,34.396076,53.1,55.6,20.1,45.9
3869152,2022-12-04,Round of 16,Poland,2,89,28,France,3099,Hugo Lloris,5487,Antoine Griezmann,Incomplete,66.683205,20.1,45.9,86.2,54.7
3869152,2022-12-04,Round of 16,Poland,2,89,42,France,8519,Dayotchanculle Upamecano,2972,Marcus Thuram,Complete,10.247438,51.8,22.2,56.7,13.2
3869152,2022-12-04,Round of 16,Poland,2,89,44,France,2972,Marcus Thuram,8519,Dayotchanculle Upamecano,Complete,9.763708,55.9,13.0,47.7,18.3
3869152,2022-12-04,Round of 16,Poland,2,89,45,France,8519,Dayotchanculle Upamecano,5487,Antoine Griezmann,Complete,11.649893,47.1,14.1,56.7,20.7
3869152,2022-12-04,Round of 16,Poland,2,89,47,France,5487,Antoine Griezmann,3026,Adrien Rabiot,Complete,6.652819,54.4,22.2,58.9,27.1
3869152,2022-12-04,Round of 16,Poland,2,89,47,France,3026,Adrien Rabiot,5487,Antoine Griezmann,Complete,3.224903,58.9,28.6,55.7,28.2
3869152,2022-12-04,Round of 16,Poland,2,89,50,France,5487,Antoine Griezmann,3009,Kylian Mbappé Lottin,Complete,15.641611,63.1,36.1,76.6,28.2
3869152,2022-12-04,Round of 16,Poland,2,89,53,France,3009,Kylian Mbappé Lottin,2972,Marcus Thuram,Complete,28.095907,82.2,24.6,105.5,8.9
3869152,2022-12-04,Round of 16,Poland,2,90,3,France,2972,Marcus Thuram,3009,Kylian Mbappé Lottin,Complete,12.366487,112.3,13.4,106.1,24.1
3869152,2022-12-04,Round of 16,Poland,2,92,22,France,3099,Hugo Lloris,2972,Marcus Thuram,Incomplete,63.78691,7.0,36.1,68.9,20.7
3869152,2022-12-04,Round of 16,Poland,2,92,32,France,5487,Antoine Griezmann,8217,Kingsley Coman,Complete,8.202438,50.7,59.6,50.9,67.8
3869152,2022-12-04,Round of 16,Poland,2,92,38,France,8217,Kingsley Coman,8519,Dayotchanculle Upamecano,Complete,11.977479,55.0,44.2,43.9,39.7
3869152,2022-12-04,Round of 16,Poland,2,92,42,France,8519,Dayotchanculle Upamecano,7439,Axel Disasi,Complete,32.81966,43.7,40.2,46.5,72.9
3869152,2022-12-04,Round of 16,Poland,2,92,46,France,7439,Axel Disasi,5485,Raphaël Varane,Complete,15.493224,45.8,74.2,36.0,62.2
3869152,2022-12-04,Round of 16,Poland,2,92,52,France,5485,Raphaël Varane,8519,Dayotchanculle Upamecano,Complete,31.624199,34.3,60.5,31.5,29.0
3869152,2022-12-04,Round of 16,Poland,2,92,55,France,8519,Dayotchanculle Upamecano,11990,Youssouf Fofana,Complete,14.926487,32.1,28.0,40.7,40.2
3869152,2022-12-04,Round of 16,Poland,2,92,57,France,11990,Youssouf Fofana,8519,Dayotchanculle Upamecano,Complete,15.890248,40.0,41.0,32.3,27.1
3869152,2022-12-04,Round of 16,Poland,2,93,2,France,8519,Dayotchanculle Upamecano,11990,Youssouf Fofana,Complete,20.59126,29.8,27.1,39.8,45.1
3869152,2022-12-04,Round of 16,Poland,2,93,5,France,11990,Youssouf Fofana,7439,Axel Disasi,Complete,22.860008,41.5,51.3,38.8,74.0
3869152,2022-12-04,Round of 16,Poland,2,93,7,France,7439,Axel Disasi,8217,Kingsley Coman,Complete,13.822083,38.8,73.7,52.0,77.8
3869152,2022-12-04,Round of 16,Poland,2,93,10,France,8217,Kingsley Coman,11990,Youssouf Fofana,Complete,6.2128897,48.0,73.7,41.8,73.3
3869152,2022-12-04,Round of 16,Poland,2,93,12,France,11990,Youssouf Fofana,7439,Axel Disasi,Complete,8.15414,39.6,73.5,32.8,78.0
3869152,2022-12-04,Round of 16,Poland,2,93,14,France,7439,Axel Disasi,3099,Hugo Lloris,Complete,35.503803,31.5,76.5,6.9,50.9
3869152,2022-12-04,Round of 16,Poland,2,93,16,France,3099,Hugo Lloris,,,Incomplete,52.55949,6.9,51.3,58.4,61.8
3869152,2022-12-04,Round of 16,Poland,2,94,16,France,3099,Hugo Lloris,,,Incomplete,68.750275,6.5,45.1,71.9,23.9
3857279,2022-11-22,Group Stage,Australia,1,0,0,France,3604,Olivier Giroud,10481,Aurélien Djani Tchouaméni,Complete,12.248265,60.0,40.0,47.9,38.1
3857279,2022-11-22,Group Stage,Australia,1,0,2,France,10481,Aurélien Djani Tchouaméni,3026,Adrien Rabiot,Complete,9.8,46.5,35.0,46.5,25.2
3857279,2022-11-22,Group Stage,Australia,1,0,5,France,3026,Adrien Rabiot,8519,Dayotchanculle Upamecano,Complete,12.0415945,46.6,23.1,34.8,20.7
3857279,2022-11-22,Group Stage,Australia,1,0,7,France,8519,Dayotchanculle Upamecano,10481,Aurélien Djani Tchouaméni,Complete,15.179591,34.0,20.7,40.1,34.6
3857279,2022-11-22,Group Stage,Australia,1,0,9,France,10481,Aurélien Djani Tchouaméni,5476,Benjamin Pavard,Complete,22.475098,40.8,45.1,43.6,67.4
3857279,2022-11-22,Group Stage,Australia,1,0,11,France,5476,Benjamin Pavard,11135,Ibrahima Konaté,Complete,17.983604,43.5,67.7,28.9,57.2
3857279,2022-11-22,Group Stage,Australia,1,0,15,France,11135,Ibrahima Konaté,8519,Dayotchanculle Upamecano,Complete,15.849606,30.6,42.2,37.0,27.7
3857279,2022-11-22,Group Stage,Australia,1,0,19,France,8519,Dayotchanculle Upamecano,5484,Lucas Hernández Pi,Complete,33.462963,47.4,26.0,70.3,1.6
3857279,2022-11-22,Group Stage,Australia,1,0,20,France,5484,Lucas Hernández Pi,3009,Kylian Mbappé Lottin,Complete,5.6435804,70.3,1.8,69.6,7.4
3857279,2022-11-22,Group Stage,Australia,1,0,22,France,3009,Kylian Mbappé Lottin,5484,Lucas Hernández Pi,Complete,11.108555,68.3,4.4,57.5,1.8
3857279,2022-11-22,Group Stage,Australia,1,0,23,France,5484,Lucas Hernández Pi,8519,Dayotchanculle Upamecano,Complete,19.61632,57.5,1.8,38.7,7.4
3857279,2022-11-22,Group Stage,Australia,1,0,26,France,8519,Dayotchanculle Upamecano,11135,Ibrahima Konaté,Complete,19.05151,39.0,17.0,37.6,36.0
3857279,2022-11-22,Group Stage,Australia,1,0,31,France,11135,Ibrahima Konaté,5487,Antoine Griezmann,Complete,25.387596,49.2,58.9,66.9,77.1
3857279,2022-11-22,Group Stage,Australia,1,0,33,France,5487,Antoine Griezmann,5477,Ousmane Dembélé,Complete,18.876705,66.9,76.1,83.6,67.3
3857279,2022-11-22,Group Stage,Australia,1,0,42,France,5477,Ousmane Dembélé,3009,Kylian Mbappé Lottin,Complete,39.427147,117.6,58.9,109.1,20.4
3857279,2022-11-22,Group Stage,Australia,1,0,48,France,3009,Kylian Mbappé Lottin,,,Incomplete,10.046392,112.1,23.2,115.9,32.5
3857279,2022-11-22,Group Stage,Australia,1,0,54,France,5484,Lucas Hernández Pi,3009,Kylian Mbappé Lottin,Complete,8.237719,78.2,2.7,86.3,1.2
3857279,2022-11-22,Group Stage,Australia,1,0,56,France,3009,Kylian Mbappé Lottin,5484,Lucas Hernández Pi,Complete,13.630847,86.3,1.2,99.5,4.6
3857279,2022-11-22,Group Stage,Australia,1,0,59,France,5484,Lucas Hernández Pi,,,Incomplete,3.88973,99.6,4.6,102.3,7.4
3857279,2022-11-22,Group Stage,Australia,1,1,29,France,3009,Kylian Mbappé Lottin,3026,Adrien Rabiot,Complete,31.964043,120.0,0.1,115.9,31.8
3857279,2022-11-22,Group Stage,Australia,1,1,30,France,3026,Adrien Rabiot,,,Incomplete,12.709839,115.3,30.9,115.8,43.6
3857279,2022-11-22,Group Stage,Australia,1,1,37,France,5484,Lucas Hernández Pi,3604,Olivier Giroud,Incomplete,14.848906,81.6,10.6,96.1,7.4
3857279,2022-11-22,Group Stage,Australia,1,2,42,France,3099,Hugo Lloris,11135,Ibrahima Konaté,Complete,14.567086,6.0,44.0,3.8,58.4
3857279,2022-11-22,Group Stage,Australia,1,2,44,France,11135,Ibrahima Konaté,5476,Benjamin Pavard,Complete,13.420135,3.8,64.9,11.9,75.6
3857279,2022-11-22,Group Stage,Australia,1,2,47,France,5476,Benjamin Pavard,,,Incomplete,5.0089917,17.7,76.0,22.7,75.7
3857279,2022-11-22,Group Stage,Australia,1,3,29,France,5484,Lucas Hernández Pi,,,Incomplete,17.066048,24.1,3.7,38.6,12.7
3857279,2022-11-22,Group Stage,Australia,1,3,45,France,5476,Benjamin Pavard,,,Incomplete,31.993124,3.6,77.9,35.2,72.9
3857279,2022-11-22,Group Stage,Australia,1,4,15,France,3099,Hugo Lloris,5487,Antoine Griezmann,Complete,45.05874,6.0,44.0,38.7,75.0
3857279,2022-11-22,Group Stage,Australia,1,4,18,France,5487,Antoine Griezmann,5476,Benjamin Pavard,Complete,23.201939,44.9,75.3,21.7,75.6
3857279,2022-11-22,Group Stage,Australia,1,4,19,France,5476,Benjamin Pavard,11135,Ibrahima Konaté,Complete,19.520502,21.7,75.6,16.1,56.9
3857279,2022-11-22,Group Stage,Australia,1,4,22,France,11135,Ibrahima Konaté,10481,Aurélien Djani Tchouaméni,Complete,12.304471,18.9,56.2,27.5,47.4
3857279,2022-11-22,Group Stage,Australia,1,4,25,France,10481,Aurélien Djani Tchouaméni,5484,Lucas Hernández Pi,Complete,28.716894,36.8,30.8,46.3,3.7
3857279,2022-11-22,Group Stage,Australia,1,4,29,France,5484,Lucas Hernández Pi,3009,Kylian Mbappé Lottin,Complete,11.353414,48.8,4.8,60.1,3.7
3857279,2022-11-22,Group Stage,Australia,1,4,31,France,3009,Kylian Mbappé Lottin,5484,Lucas Hernández Pi,Complete,12.5,57.1,2.2,44.6,2.2
3857279,2022-11-22,Group Stage,Australia,1,4,33,France,5484,Lucas Hernández Pi,8519,Dayotchanculle Upamecano,Complete,15.198027,44.5,2.3,32.8,12.0
3857279,2022-11-22,Group Stage,Australia,1,4,35,France,8519,Dayotchanculle Upamecano,11135,Ibrahima Konaté,Complete,28.522448,33.0,18.3,39.8,46.0
3857279,2022-11-22,Group Stage,Australia,1,4,41,France,11135,Ibrahima Konaté,3009,Kylian Mbappé Lottin,Complete,60.052395,54.9,51.6,91.9,4.3
3857279,2022-11-22,Group Stage,Australia,1,4,58,France,3026,Adrien Rabiot,8519,Dayotchanculle Upamecano,Complete,44.32268,107.5,0.1,64.0,8.6
3857279,2022-11-22,Group Stage,Australia,1,5,2,France,8519,Dayotchanculle Upamecano,5484,Lucas Hernández Pi,Complete,9.404786,64.0,8.6,71.7,3.2
3857279,2022-11-22,Group Stage,Australia,1,5,5,France,5484,Lucas Hernández Pi,8519,Dayotchanculle Upamecano,Complete,19.021303,70.3,3.6,56.8,17.0
3857279,2022-11-22,Group Stage,Australia,1,5,11,France,8519,Dayotchanculle Upamecano,3026,Adrien Rabiot,Complete,15.295751,57.3,30.9,64.3,17.3
3857279,2022-11-22,Group Stage,Australia,1,5,14,France,3026,Adrien Rabiot,11135,Ibrahima Konaté,Complete,26.868011,62.9,20.4,55.4,46.2
3857279,2022-11-22,Group Stage,Australia,1,5,17,France,11135,Ibrahima Konaté,5476,Benjamin Pavard,Complete,16.7003,55.3,49.2,65.4,62.5
3857279,2022-11-22,Group Stage,Australia,1,5,19,France,5476,Benjamin Pavard,11135,Ibrahima Konaté,Complete,15.100331,64.0,61.1,50.1,55.2
3857279,2022-11-22,Group Stage,Australia,1,5,21,France,11135,Ibrahima Konaté,8519,Dayotchanculle Upamecano,Complete,21.236053,49.1,54.4,51.5,33.3
3857279,2022-11-22,Group Stage,Australia,1,5,27,France,8519,Dayotchanculle Upamecano,,,Out,37.195297,71.6,21.1,102.3,0.1
3857279,2022-11-22,Group Stage,Australia,1,7,26,France,5484,Lucas Hernández Pi,,,Incomplete,43.794292,79.0,1.3,117.7,21.8
3857279,2022-11-22,Group Stage,Australia,1,11,14,France,3604,Olivier Giroud,10481,Aurélien Djani Tchouaméni,Complete,16.549622,60.0,40.0,44.5,45.8
3857279,2022-11-22,Group Stage,Australia,1,11,16,France,10481,Aurélien Djani Tchouaméni,5476,Benjamin Pavard,Complete,20.74729,44.5,45.8,43.1,66.5
3857279,2022-11-22,Group Stage,Australia,1,11,19,France,5476,Benjamin Pavard,10481,Aurélien Djani Tchouaméni,Complete,19.990498,45.9,66.3,40.0,47.2
3857279,2022-11-22,Group Stage,Australia,1,11,21,France,10481,Aurélien Djani Tchouaméni,11135,Ibrahima Konaté,Complete,10.817116,38.4,46.4,27.9,49.0
3857279,2022-11-22,Group Stage,Australia,1,11,26,France,11135,Ibrahima Konaté,3604,Olivier Giroud,Incomplete,48.920036,33.4,62.1,78.0,42.0
3857279,2022-11-22,Group Stage,Australia,1,11,36,France,10481,Aurélien Djani Tchouaméni,8519,Dayotchanculle Upamecano,Complete,21.156796,54.4,46.8,40.0,31.3
3857279,2022-11-22,Group Stage,Australia,1,11,38,France,8519,Dayotchanculle Upamecano,3026,Adrien Rabiot,Complete,17.14001,40.1,31.5,45.4,15.2
3857279,2022-11-22,Group Stage,Australia,1,11,41,France,3026,Adrien Rabiot,10481,Aurélien Djani Tchouaméni,Complete,11.512168,45.4,15.2,51.6,24.9
3857279,2022-11-22,Group Stage,Australia,1,11,42,France,10481,Aurélien Djani Tchouaméni,3009,Kylian Mbappé Lottin,Complete,27.338617,51.6,24.9,65.4,1.3
3857279,2022-11-22,Group Stage,Australia,1,11,50,France,3009,Kylian Mbappé Lottin,,,Incomplete,24.544857,111.5,12.8,115.6,37.0
3857279,2022-11-22,Group Stage,Australia,1,12,23,France,3009,Kylian Mbappé Lottin,,,Incomplete,32.87628,120.0,0.1,116.6,32.8
3857279,2022-11-22,Group Stage,Australia,1,12,29,France,8519,Dayotchanculle Upamecano,3009,Kylian Mbappé Lottin,Complete,34.620804,78.6,39.2,90.8,6.8
3857279,2022-11-22,Group Stage,Australia,1,12,34,France,3009,Kylian Mbappé Lottin,3026,Adrien Rabiot,Complete,22.373198,89.1,13.8,104.1,30.4
3857279,2022-11-22,Group Stage,Australia,1,12,35,France,3026,Adrien Rabiot,,,Incomplete,27.536339,104.1,30.4,117.6,54.4
3857279,2022-11-22,Group Stage,Australia,1,13,26,France,6704,Theo Bernard François Hernández,8519,Dayotchanculle Upamecano,Complete,30.989838,67.9,0.1,37.3,5.0
3857279,2022-11-22,Group Stage,Australia,1,13,30,France,8519,Dayotchanculle Upamecano,11135,Ibrahima Konaté,Complete,42.399292,30.2,5.7,33.1,48.0
3857279,2022-11-22,Group Stage,Australia,1,13,36,France,11135,Ibrahima Konaté,10481,Aurélien Djani Tchouaméni,Complete,13.287965,44.0,52.7,54.9,45.1
3857279,2022-11-22,Group Stage,Australia,1,13,38,France,10481,Aurélien Djani Tchouaméni,5487,Antoine Griezmann,Complete,5.7628117,53.0,54.4,57.5,50.8
3857279,2022-11-22,Group Stage,Australia,1,13,40,France,5487,Antoine Griezmann,8519,Dayotchanculle Upamecano,Complete,17.98694,55.8,45.4,52.6,27.7
3857279,2022-11-22,Group Stage,Australia,1,13,43,France,8519,Dayotchanculle Upamecano,5487,Antoine Griezmann,Complete,3.5341194,63.3,24.5,66.5,26.0
3857279,2022-11-22,Group Stage,Australia,1,13,44,France,5487,Antoine Griezmann,6704,Theo Bernard François Hernández,Complete,44.19774,66.5,26.0,106.5,7.2
3857279,2022-11-22,Group Stage,Australia,1,13,48,France,6704,Theo Bernard François Hernández,,,Incomplete,25.815498,117.7,9.0,107.7,32.8
3857279,2022-11-22,Group Stage,Australia,1,13,54,France,5487,Antoine Griezmann,8519,Dayotchanculle Upamecano,Complete,16.144659,74.5,1.3,60.9,10.0
3857279,2022-11-22,Group Stage,Australia,1,13,57,France,8519,Dayotchanculle Upamecano,3026,Adrien Rabiot,Complete,6.746851,63.1,10.4,69.7,9.0
3857279,2022-11-22,Group Stage,Australia,1,14,0,France,3026,Adrien Rabiot,11135,Ibrahima Konaté,Complete,25.287348,63.1,16.5,61.0,41.7
3857279,2022-11-22,Group Stage,Australia,1,14,3,France,11135,Ibrahima Konaté,5476,Benjamin Pavard,Complete,17.079227,62.9,44.6,68.6,60.7
3857279,2022-11-22,Group Stage,Australia,1,14,6,France,5476,Benjamin Pavard,10481,Aurélien Djani Tchouaméni,Complete,29.045137,65.5,56.2,62.6,27.3
3857279,2022-11-22,Group Stage,Australia,1,14,10,France,10481,Aurélien Djani Tchouaméni,5487,Antoine Griezmann,Complete,9.066973,74.5,15.6,75.6,6.6
3857279,2022-11-22,Group Stage,Australia,1,14,11,France,5487,Antoine Griezmann,8519,Dayotchanculle Upamecano,Complete,13.55913,75.6,6.6,66.9,17.0
3857279,2022-11-22,Group Stage,Australia,1,14,14,France,8519,Dayotchanculle Upamecano,5476,Benjamin Pavard,Complete,33.565758,68.2,25.5,66.1,59.0
3857279,2022-11-22,Group Stage,Australia,1,14,19,France,5476,Benjamin Pavard,10481,Aurélien Djani Tchouaméni,Complete,28.840424,75.3,60.8,64.9,33.9
3857279,2022-11-22,Group Stage,Australia,1,14,22,France,10481,Aurélien Djani Tchouaméni,6704,Theo Bernard François Hernández,Complete,37.312195,66.9,31.1,91.1,2.7
3857279,2022-11-22,Group Stage,Australia,1,14,25,France,6704,Theo Bernard François Hernández,10481,Aurélien Djani Tchouaméni,Complete,22.69207,91.1,2.7,73.4,16.9
3857279,2022-11-22,Group Stage,Australia,1,14,29,France,10481,Aurélien Djani Tchouaméni,3009,Kylian Mbappé Lottin,Complete,27.886915,79.1,18.5,106.9,20.7
3857279,2022-11-22,Group Stage,Australia,1,14,34,France,3009,Kylian Mbappé Lottin,5487,Antoine Griezmann,Complete,13.170042,114.5,20.8,111.4,33.6
3857279,2022-11-22,Group Stage,Australia,1,14,40,France,6704,Theo Bernard François Hernández,3009,Kylian Mbappé Lottin,Incomplete,7.5,90.3,2.3,90.3,9.8
3857279,2022-11-22,Group Stage,Australia,1,14,55,France,8519,Dayotchanculle Upamecano,10481,Aurélien Djani Tchouaméni,Complete,11.112605,56.3,9.6,67.0,12.6
3857279,2022-11-22,Group Stage,Australia,1,14,58,France,8519,Dayotchanculle Upamecano,3026,Adrien Rabiot,Complete,12.477981,55.8,10.2,57.9,22.5
3857279,2022-11-22,Group Stage,Australia,1,15,8,France,3026,Adrien Rabiot,,,Incomplete,18.204395,58.1,51.8,57.7,33.6
3857279,2022-11-22,Group Stage,Australia,1,15,47,France,5476,Benjamin Pavard,11135,Ibrahima Konaté,Complete,16.907099,27.5,80.0,15.9,67.7
3857279,2022-11-22,Group Stage,Australia,1,15,49,France,11135,Ibrahima Konaté,3099,Hugo Lloris,Complete,20.373022,15.7,68.0,9.8,48.5
3857279,2022-11-22,Group Stage,Australia,1,15,53,France,3099,Hugo Lloris,8519,Dayotchanculle Upamecano,Complete,15.564061,14.9,41.7,21.7,27.7
3857279,2022-11-22,Group Stage,Australia,1,15,58,France,8519,Dayotchanculle Upamecano,10481,Aurélien Djani Tchouaméni,Complete,10.6,31.7,27.4,31.7,38.0
3857279,2022-11-22,Group Stage,Australia,1,16,0,France,10481,Aurélien Djani Tchouaméni,3026,Adrien Rabiot,Complete,13.446561,34.5,44.4,45.0,52.8
3857279,2022-11-22,Group Stage,Australia,1,16,2,France,3026,Adrien Rabiot,10481,Aurélien Djani Tchouaméni,Complete,16.604818,45.2,53.4,42.6,37.0
3857279,2022-11-22,Group Stage,Australia,1,16,4,France,10481,Aurélien Djani Tchouaméni,3009,Kylian Mbappé Lottin,Incomplete,63.38596,44.9,35.6,108.2,32.3
3857279,2022-11-22,Group Stage,Australia,1,17,2,France,5487,Antoine Griezmann,10481,Aurélien Djani Tchouaméni,Complete,4.7201695,41.2,69.1,38.4,65.3
3857279,2022-11-22,Group Stage,Australia,1,17,4,France,10481,Aurélien Djani Tchouaméni,8519,Dayotchanculle Upamecano,Complete,20.673655,37.2,53.8,32.8,33.6
3857279,2022-11-22,Group Stage,Australia,1,17,10,France,8519,Dayotchanculle Upamecano,3009,Kylian Mbappé Lottin,Complete,17.607101,51.6,23.2,69.2,22.7
3857279,2022-11-22,Group Stage,Australia,1,17,10,France,3009,Kylian Mbappé Lottin,6704,Theo Bernard François Hernández,Complete,27.658813,69.2,22.7,86.6,1.2
3857279,2022-11-22,Group Stage,Australia,1,17,17,France,6704,Theo Bernard François Hernández,,,Incomplete,25.997885,118.1,10.0,108.6,34.2
3857279,2022-11-22,Group Stage,Australia,1,17,53,France,6704,Theo Bernard François Hernández,3026,Adrien Rabiot,Complete,15.002999,36.8,21.3,33.8,6.6
3857279,2022-11-22,Group Stage,Australia,1,17,56,France,3026,Adrien Rabiot,3009,Kylian Mbappé Lottin,Complete,7.28011,42.1,4.6,49.1,2.6
3857279,2022-11-22,Group Stage,Australia,1,17,57,France,3009,Kylian Mbappé Lottin,6704,Theo Bernard François Hernández,Complete,12.705904,49.1,2.6,43.1,13.8
3857279,2022-11-22,Group Stage,Australia,1,17,59,France,6704,Theo Bernard François Hernández,3009,Kylian Mbappé Lottin,Complete,9.76166,44.5,13.8,50.5,21.5
3857279,2022-11-22,Group Stage,Australia,1,18,1,France,3009,Kylian Mbappé Lottin,5487,Antoine Griezmann,Complete,21.146395,51.1,23.7,52.5,44.8
3857279,2022-11-22,Group Stage,Australia,1,18,3,France,5487,Antoine Griezmann,5476,Benjamin Pavard,Complete,19.536888,56.1,50.4,57.3,69.9
3857279,2022-11-22,Group Stage,Australia,1,18,6,France,5476,Benjamin Pavard,5477,Ousmane Dembélé,Complete,18.247192,57.5,70.1,73.9,78.1
3857279,2022-11-22,Group Stage,Australia,1,18,11,France,5477,Ousmane Dembélé,3009,Kylian Mbappé Lottin,Complete,32.80564,81.3,65.8,90.8,34.4
3857279,2022-11-22,Group Stage,Australia,1,18,12,France,3009,Kylian Mbappé Lottin,6704,Theo Bernard François Hernández,Incomplete,11.597413,91.4,35.9,99.7,44.0
3857279,2022-11-22,Group Stage,Australia,1,18,19,France,5477,Ousmane Dembélé,3009,Kylian Mbappé Lottin,Complete,5.8821764,92.0,31.3,96.8,34.7
3857279,2022-11-22,Group Stage,Australia,1,18,20,France,3009,Kylian Mbappé Lottin,,,Incomplete,1.7262677,96.8,34.3,98.5,34.6
3857279,2022-11-22,Group Stage,Australia,1,18,27,France,11135,Ibrahima Konaté,10481,Aurélien Djani Tchouaméni,Complete,12.742449,54.3,60.8,66.9,58.9
3857279,2022-11-22,Group Stage,Australia,1,18,31,France,10481,Aurélien Djani Tchouaméni,8519,Dayotchanculle Upamecano,Complete,21.593517,63.5,59.7,57.7,38.9
3857279,2022-11-22,Group Stage,Australia,1,18,35,France,8519,Dayotchanculle Upamecano,6704,Theo Bernard François Hernández,Complete,27.802877,62.3,33.9,69.7,7.1
3857279,2022-11-22,Group Stage,Australia,1,18,40,France,6704,Theo Bernard François Hernández,8519,Dayotchanculle Upamecano,Complete,12.0283,71.1,7.4,62.3,15.6
3857279,2022-11-22,Group Stage,Australia,1,18,43,France,8519,Dayotchanculle Upamecano,11135,Ibrahima Konaté,Complete,25.65385,61.5,19.7,57.9,45.1
3857279,2022-11-22,Group Stage,Australia,1,18,46,France,11135,Ibrahima Konaté,5476,Benjamin Pavard,Complete,17.802528,62.1,46.8,66.3,64.1
3857279,2022-11-22,Group Stage,Australia,1,18,48,France,5476,Benjamin Pavard,8519,Dayotchanculle Upamecano,Complete,32.518917,64.7,61.7,57.9,29.9
3857279,2022-11-22,Group Stage,Australia,1,18,51,France,8519,Dayotchanculle Upamecano,6704,Theo Bernard François Hernández,Complete,20.616983,61.5,27.7,70.6,9.2
3857279,2022-11-22,Group Stage,Australia,1,18,54,France,6704,Theo Bernard François Hernández,10481,Aurélien Djani Tchouaméni,Complete,15.239751,70.6,9.2,73.8,24.1
3857279,2022-11-22,Group Stage,Australia,1,18,59,France,10481,Aurélien Djani Tchouaméni,3009,Kylian Mbappé Lottin,Complete,6.6483083,77.0,23.5,83.6,24.3
3857279,2022-11-22,Group Stage,Australia,1,19,0,France,3009,Kylian Mbappé Lottin,5476,Benjamin Pavard,Complete,29.00569,83.6,24.3,73.8,51.6
3857279,2022-11-22,Group Stage,Australia,1,19,4,France,5476,Benjamin Pavard,5477,Ousmane Dembélé,Complete,27.452686,74.8,54.2,92.6,75.1
3857279,2022-11-22,Group Stage,Australia,1,19,10,France,5477,Ousmane Dembélé,11135,Ibrahima Konaté,Incomplete,20.09602,95.7,57.7,90.1,38.4
3857279,2022-11-22,Group Stage,Australia,1,19,48,France,6704,Theo Bernard François Hernández,10481,Aurélien Djani Tchouaméni,Complete,19.722322,56.8,0.1,49.7,18.5
3857279,2022-11-22,Group Stage,Australia,1,19,51,France,10481,Aurélien Djani Tchouaméni,5487,Antoine Griezmann,Complete,12.646343,51.2,28.1,62.9,32.9
3857279,2022-11-22,Group Stage,Australia,1,19,53,France,5487,Antoine Griezmann,11135,Ibrahima Konaté,Complete,21.061813,62.9,32.9,54.7,52.3
3857279,2022-11-22,Group Stage,Australia,1,19,58,France,11135,Ibrahima Konaté,5487,Antoine Griezmann,Complete,6.789698,64.0,60.7,68.9,56.0
3857279,2022-11-22,Group Stage,Australia,1,19,59,France,5487,Antoine Griezmann,5476,Benjamin Pavard,Complete,10.623088,68.9,56.0,66.3,66.3
3857279,2022-11-22,Group Stage,Australia,1,20,0,France,5476,Benjamin Pavard,11135,Ibrahima Konaté,Complete,10.526158,66.3,66.3,58.1,59.7
3857279,2022-11-22,Group Stage,Australia,1,20,4,France,11135,Ibrahima Konaté,3604,Olivier Giroud,Incomplete,13.050671,67.8,59.4,80.4,56.0
3857279,2022-11-22,Group Stage,Australia,1,20,15,France,11135,Ibrahima Konaté,,,Incomplete,12.88177,45.2,37.8,54.7,46.5
3857279,2022-11-22,Group Stage,Australia,1,20,30,France,5476,Benjamin Pavard,5487,Antoine Griezmann,Complete,6.8,31.7,72.3,31.7,65.5
3857279,2022-11-22,Group Stage,Australia,1,20,31,France,5487,Antoine Griezmann,11135,Ibrahima Konaté,Incomplete,29.783384,31.5,65.2,60.4,72.4
3857279,2022-11-22,Group Stage,Australia,1,20,39,France,5476,Benjamin Pavard,11135,Ibrahima Konaté,Complete,20.276587,49.2,80.0,32.5,68.5
3857279,2022-11-22,Group Stage,Australia,1,20,42,France,11135,Ibrahima Konaté,8519,Dayotchanculle Upamecano,Complete,28.80139,33.8,67.4,37.2,38.8
3857279,2022-11-22,Group Stage,Australia,1,20,45,France,8519,Dayotchanculle Upamecano,5487,Antoine Griezmann,Complete,28.022312,39.0,39.2,49.2,65.3
3857279,2022-11-22,Group Stage,Australia,1,20,50,France,5487,Antoine Griezmann,,,Incomplete,27.31483,58.1,57.0,79.4,39.9
3857279,2022-11-22,Group Stage,Australia,1,21,2,France,6704,Theo Bernard François Hernández,,,Incomplete,10.6794195,40.8,22.2,33.4,29.9
3857279,2022-11-22,Group Stage,Australia,1,21,37,France,3099,Hugo Lloris,5487,Antoine Griezmann,Complete,45.500328,6.0,36.0,43.2,62.2
3857279,2022-11-22,Group Stage,Australia,1,22,37,France,5476,Benjamin Pavard,8519,Dayotchanculle Upamecano,Complete,33.16459,35.4,70.5,38.7,37.5
3857279,2022-11-22,Group Stage,Australia,1,22,40,France,8519,Dayotchanculle Upamecano,3026,Adrien Rabiot,Complete,12.495199,45.0,35.6,57.3,37.8
3857279,2022-11-22,Group Stage,Australia,1,22,41,France,3026,Adrien Rabiot,8519,Dayotchanculle Upamecano,Complete,12.20041,57.3,37.8,46.0,33.2
3857279,2022-11-22,Group Stage,Australia,1,22,45,France,8519,Dayotchanculle Upamecano,3009,Kylian Mbappé Lottin,Complete,16.68832,46.0,33.2,57.9,21.5
3857279,2022-11-22,Group Stage,Australia,1,22,48,France,3009,Kylian Mbappé Lottin,6704,Theo Bernard François Hernández,Complete,12.9,61.7,17.5,61.7,4.6
3857279,2022-11-22,Group Stage,Australia,1,22,51,France,6704,Theo Bernard François Hernández,8519,Dayotchanculle Upamecano,Complete,14.876156,62.7,4.6,48.8,9.9
3857279,2022-11-22,Group Stage,Australia,1,22,54,France,8519,Dayotchanculle Upamecano,10481,Aurélien Djani Tchouaméni,Complete,29.222593,49.1,14.4,55.1,43.0
3857279,2022-11-22,Group Stage,Australia,1,23,0,France,10481,Aurélien Djani Tchouaméni,5476,Benjamin Pavard,Complete,10.656922,69.3,59.0,65.9,69.1
3857279,2022-11-22,Group Stage,Australia,1,23,1,France,5476,Benjamin Pavard,11135,Ibrahima Konaté,Complete,24.70081,66.1,69.5,57.9,46.2
3857279,2022-11-22,Group Stage,Australia,1,23,4,France,11135,Ibrahima Konaté,6704,Theo Bernard François Hernández,Complete,32.221886,64.1,41.7,66.9,9.6
3857279,2022-11-22,Group Stage,Australia,1,23,7,France,6704,Theo Bernard François Hernández,3009,Kylian Mbappé Lottin,Complete,24.713154,67.2,8.5,91.5,4.0
3857279,2022-11-22,Group Stage,Australia,1,23,28,France,3099,Hugo Lloris,8519,Dayotchanculle Upamecano,Complete,8.105554,25.4,11.6,33.5,11.3
3857279,2022-11-22,Group Stage,Australia,1,23,30,France,8519,Dayotchanculle Upamecano,10481,Aurélien Djani Tchouaméni,Complete,20.321417,36.3,11.6,56.3,8.0
3857279,2022-11-22,Group Stage,Australia,1,23,35,France,10481,Aurélien Djani Tchouaméni,11135,Ibrahima Konaté,Complete,27.602354,62.7,11.4,55.7,38.1
3857279,2022-11-22,Group Stage,Australia,1,23,38,France,11135,Ibrahima Konaté,5476,Benjamin Pavard,Complete,12.270289,57.7,45.4,61.7,57.0
3857279,2022-11-22,Group Stage,Australia,1,23,42,France,5476,Benjamin Pavard,,,Out,69.45797,71.1,56.6,111.5,0.1
3857279,2022-11-22,Group Stage,Australia,1,24,14,France,8519,Dayotchanculle Upamecano,,,Incomplete,14.912076,67.2,16.1,82.1,15.5
3857279,2022-11-22,Group Stage,Australia,1,24,19,France,5476,Benjamin Pavard,5477,Ousmane Dembélé,Incomplete,22.408033,46.3,51.4,68.7,52.0
3857279,2022-11-22,Group Stage,Australia,1,24,23,France,10481,Aurélien Djani Tchouaméni,5487,Antoine Griezmann,Complete,12.301626,51.2,50.6,62.9,46.8
3857279,2022-11-22,Group Stage,Australia,1,24,25,France,5487,Antoine Griezmann,3026,Adrien Rabiot,Complete,9.718539,62.1,40.2,55.8,32.8
3857279,2022-11-22,Group Stage,Australia,1,24,27,France,3026,Adrien Rabiot,3009,Kylian Mbappé Lottin,Complete,20.488289,57.7,28.3,75.8,18.7
3857279,2022-11-22,Group Stage,Australia,1,24,37,France,6704,Theo Bernard François Hernández,3026,Adrien Rabiot,Complete,8.558621,92.2,0.1,86.0,6.0
3857279,2022-11-22,Group Stage,Australia,1,24,41,France,3026,Adrien Rabiot,8519,Dayotchanculle Upamecano,Complete,13.595955,84.9,6.2,72.8,12.4
3857279,2022-11-22,Group Stage,Australia,1,24,44,France,8519,Dayotchanculle Upamecano,11135,Ibrahima Konaté,Complete,24.923883,72.5,15.1,65.1,38.9
3857279,2022-11-22,Group Stage,Australia,1,24,47,France,11135,Ibrahima Konaté,5476,Benjamin Pavard,Complete,12.809762,67.8,44.4,70.6,56.9
3857279,2022-11-22,Group Stage,Australia,1,24,51,France,5476,Benjamin Pavard,11135,Ibrahima Konaté,Complete,17.901117,78.6,56.6,65.5,44.4
3857279,2022-11-22,Group Stage,Australia,1,24,53,France,11135,Ibrahima Konaté,8519,Dayotchanculle Upamecano,Complete,20.756205,65.8,42.0,71.7,22.1
3857279,2022-11-22,Group Stage,Australia,1,24,55,France,8519,Dayotchanculle Upamecano,6704,Theo Bernard François Hernández,Complete,26.44617,74.2,20.4,93.0,1.8
3857279,2022-11-22,Group Stage,Australia,1,24,59,France,6704,Theo Bernard François Hernández,8519,Dayotchanculle Upamecano,Complete,13.956002,88.7,4.3,75.3,8.2
3857279,2022-11-22,Group Stage,Australia,1,25,3,France,8519,Dayotchanculle Upamecano,5476,Benjamin Pavard,Complete,32.40247,75.3,10.6,74.9,43.0
3857279,2022-11-22,Group Stage,Australia,1,25,6,France,5476,Benjamin Pavard,5477,Ousmane Dembélé,Complete,34.4942,77.2,47.2,94.4,77.1
3857279,2022-11-22,Group Stage,Australia,1,25,19,France,11135,Ibrahima Konaté,8519,Dayotchanculle Upamecano,Complete,16.906803,55.1,43.7,62.9,28.7
3857279,2022-11-22,Group Stage,Australia,1,25,26,France,8519,Dayotchanculle Upamecano,5477,Ousmane Dembélé,Complete,37.692043,78.6,37.1,89.1,73.3
3857279,2022-11-22,Group Stage,Australia,1,25,31,France,5477,Ousmane Dembélé,5487,Antoine Griezmann,Complete,17.83704,99.3,68.8,108.3,53.4
3857279,2022-11-22,Group Stage,Australia,1,25,53,France,5487,Antoine Griezmann,,,Incomplete,36.135857,120.0,80.0,113.8,44.4
3857279,2022-11-22,Group Stage,Australia,1,25,58,France,8519,Dayotchanculle Upamecano,6704,Theo Bernard François Hernández,Complete,11.172287,80.8,31.8,88.7,23.9
3857279,2022-11-22,Group Stage,Australia,1,26,0,France,6704,Theo Bernard François Hernández,3026,Adrien Rabiot,Complete,29.048923,88.8,24.0,111.6,42.0
3857279,2022-11-22,Group Stage,Australia,1,27,42,France,3009,Kylian Mbappé Lottin,5487,Antoine Griezmann,Complete,20.47071,120.0,0.1,112.9,19.3
3857279,2022-11-22,Group Stage,Australia,1,27,44,France,5487,Antoine Griezmann,3009,Kylian Mbappé Lottin,Complete,12.093387,112.9,19.3,104.5,10.6
3857279,2022-11-22,Group Stage,Australia,1,27,45,France,3009,Kylian Mbappé Lottin,,,Incomplete,27.55667,104.5,10.6,112.4,37.0
3857279,2022-11-22,Group Stage,Australia,1,27,54,France,3009,Kylian Mbappé Lottin,6704,Theo Bernard François Hernández,Complete,15.052574,93.0,0.1,78.7,4.8
3857279,2022-11-22,Group Stage,Australia,1,27,57,France,6704,Theo Bernard François Hernández,10481,Aurélien Djani Tchouaméni,Complete,17.802528,79.4,4.8,75.2,22.1
3857279,2022-11-22,Group Stage,Australia,1,28,0,France,10481,Aurélien Djani Tchouaméni,11135,Ibrahima Konaté,Complete,21.37709,72.4,26.3,64.1,46.0
3857279,2022-11-22,Group Stage,Australia,1,28,5,France,11135,Ibrahima Konaté,5477,Ousmane Dembélé,Complete,17.104677,79.4,62.5,87.8,77.4
3857279,2022-11-22,Group Stage,Australia,1,28,11,France,5477,Ousmane Dembélé,10481,Aurélien Djani Tchouaméni,Complete,42.4125,92.5,69.4,75.6,30.5
3857279,2022-11-22,Group Stage,Australia,1,28,16,France,10481,Aurélien Djani Tchouaméni,6704,Theo Bernard François Hernández,Complete,10.369667,85.4,25.5,86.6,15.2
3857279,2022-11-22,Group Stage,Australia,1,28,18,France,6704,Theo Bernard François Hernández,10481,Aurélien Djani Tchouaméni,Complete,5.1264024,86.4,15.6,88.2,20.4
3857279,2022-11-22,Group Stage,Australia,1,28,18,France,10481,Aurélien Djani Tchouaméni,5487,Antoine Griezmann,Complete,13.446933,88.2,20.4,98.1,11.3
3857279,2022-11-22,Group Stage,Australia,1,28,20,France,5487,Antoine Griezmann,3009,Kylian Mbappé Lottin,Complete,20.041208,98.9,11.3,116.6,20.7
3857279,2022-11-22,Group Stage,Australia,1,28,22,France,3009,Kylian Mbappé Lottin,,,Incomplete,2.0223749,116.6,20.7,116.3,22.7
3857279,2022-11-22,Group Stage,Australia,1,28,44,France,5487,Antoine Griezmann,5477,Ousmane Dembélé,Complete,69.95005,120.0,0.1,99.9,67.1
3857279,2022-11-22,Group Stage,Australia,1,28,52,France,5477,Ousmane Dembélé,6704,Theo Bernard François Hernández,Complete,47.73259,103.8,64.3,92.6,17.9
3857279,2022-11-22,Group Stage,Australia,1,28,55,France,6704,Theo Bernard François Hernández,5487,Antoine Griezmann,Complete,9.1268835,92.6,17.9,100.3,13.0
3857279,2022-11-22,Group Stage,Australia,1,28,57,France,5487,Antoine Griezmann,3604,Olivier Giroud,Complete,30.239874,97.2,13.6,112.3,39.8
3857279,2022-11-22,Group Stage,Australia,1,29,44,France,5476,Benjamin Pavard,5477,Ousmane Dembélé,Complete,16.429546,56.5,77.4,69.3,67.1
3857279,2022-11-22,Group Stage,Australia,1,29,45,France,5477,Ousmane Dembélé,,,Incomplete,11.846096,69.3,67.1,79.0,60.3
3857279,2022-11-22,Group Stage,Australia,1,30,0,France,5476,Benjamin Pavard,8519,Dayotchanculle Upamecano,Complete,24.129856,39.6,61.5,38.4,37.4
3857279,2022-11-22,Group Stage,Australia,1,30,4,France,8519,Dayotchanculle Upamecano,10481,Aurélien Djani Tchouaméni,Complete,12.684636,51.5,29.9,48.4,17.6
3857279,2022-11-22,Group Stage,Australia,1,30,7,France,10481,Aurélien Djani Tchouaméni,6704,Theo Bernard François Hernández,Complete,22.1,54.9,12.4,74.4,2.0
3857279,2022-11-22,Group Stage,Australia,1,30,9,France,6704,Theo Bernard François Hernández,10481,Aurélien Djani Tchouaméni,Complete,11.940268,73.4,2.2,62.3,6.6
3857279,2022-11-22,Group Stage,Australia,1,30,14,France,10481,Aurélien Djani Tchouaméni,11135,Ibrahima Konaté,Complete,35.302265,51.1,19.9,51.5,55.2
3857279,2022-11-22,Group Stage,Australia,1,30,17,France,11135,Ibrahima Konaté,5476,Benjamin Pavard,Complete,15.601282,56.5,56.6,56.7,72.2
3857279,2022-11-22,Group Stage,Australia,1,30,20,France,5476,Benjamin Pavard,8519,Dayotchanculle Upamecano,Complete,39.165546,56.7,72.2,45.4,34.7
3857279,2022-11-22,Group Stage,Australia,1,30,25,France,8519,Dayotchanculle Upamecano,3026,Adrien Rabiot,Complete,18.895767,52.5,39.2,56.8,20.8
3857279,2022-11-22,Group Stage,Australia,1,30,27,France,3026,Adrien Rabiot,3009,Kylian Mbappé Lottin,Complete,21.470446,59.1,19.0,80.4,21.7
3857279,2022-11-22,Group Stage,Australia,1,30,32,France,3009,Kylian Mbappé Lottin,5487,Antoine Griezmann,Complete,7.1449285,65.4,42.2,70.6,47.1
3857279,2022-11-22,Group Stage,Australia,1,30,34,France,5487,Antoine Griezmann,3026,Adrien Rabiot,Complete,35.895405,66.5,43.0,75.3,8.2
3857279,2022-11-22,Group Stage,Australia,1,30,38,France,3026,Adrien Rabiot,6704,Theo Bernard François Hernández,Complete,12.969194,81.2,6.6,93.4,2.2
3857279,2022-11-22,Group Stage,Australia,1,30,41,France,6704,Theo Bernard François Hernández,10481,Aurélien Djani Tchouaméni,Complete,8.318654,88.4,4.4,81.0,8.2
3857279,2022-11-22,Group Stage,Australia,1,30,44,France,10481,Aurélien Djani Tchouaméni,8519,Dayotchanculle Upamecano,Complete,16.686821,80.1,15.6,78.4,32.2
3857279,2022-11-22,Group Stage,Australia,1,30,46,France,8519,Dayotchanculle Upamecano,5487,Antoine Griezmann,Complete,11.723907,81.0,33.9,92.6,32.2
3857279,2022-11-22,Group Stage,Australia,1,30,47,France,5487,Antoine Griezmann,3009,Kylian Mbappé Lottin,Incomplete,27.989285,92.2,31.8,110.0,53.4
3857279,2022-11-22,Group Stage,Australia,1,31,15,France,3009,Kylian Mbappé Lottin,3026,Adrien Rabiot,Complete,5.6035705,104.7,9.2,104.5,14.8
3857279,2022-11-22,Group Stage,Australia,1,31,17,France,3026,Adrien Rabiot,3604,Olivier Giroud,Complete,11.810589,111.0,27.4,110.5,39.2
3857279,2022-11-22,Group Stage,Australia,1,32,44,France,8519,Dayotchanculle Upamecano,,,Incomplete,15.415901,37.3,26.5,52.7,25.8
3857279,2022-11-22,Group Stage,Australia,1,33,15,France,5476,Benjamin Pavard,5487,Antoine Griezmann,Complete,8.949302,43.1,53.8,51.6,51.0
3857279,2022-11-22,Group Stage,Australia,1,33,16,France,5487,Antoine Griezmann,10481,Aurélien Djani Tchouaméni,Complete,9.5294285,52.0,51.3,43.6,46.8
3857279,2022-11-22,Group Stage,Australia,1,33,17,France,10481,Aurélien Djani Tchouaméni,5476,Benjamin Pavard,Complete,15.508062,43.6,48.6,43.1,64.1
3857279,2022-11-22,Group Stage,Australia,1,33,19,France,5476,Benjamin Pavard,5477,Ousmane Dembélé,Complete,11.345484,43.2,67.4,50.6,76.0
3857279,2022-11-22,Group Stage,Australia,1,33,20,France,5477,Ousmane Dembélé,5476,Benjamin Pavard,Complete,15.70796,47.4,76.1,31.7,75.6
3857279,2022-11-22,Group Stage,Australia,1,33,23,France,5476,Benjamin Pavard,3099,Hugo Lloris,Complete,29.069744,20.5,75.7,7.7,49.6
3857279,2022-11-22,Group Stage,Australia,1,33,27,France,3099,Hugo Lloris,8519,Dayotchanculle Upamecano,Complete,26.747896,4.9,45.1,9.2,18.7
3857279,2022-11-22,Group Stage,Australia,1,33,34,France,8519,Dayotchanculle Upamecano,,,Incomplete,31.700157,10.1,6.8,40.8,14.7
3857279,2022-11-22,Group Stage,Australia,1,33,59,France,3099,Hugo Lloris,3026,Adrien Rabiot,Complete,27.400183,6.0,36.0,33.4,36.1
3857279,2022-11-22,Group Stage,Australia,1,34,4,France,3026,Adrien Rabiot,8519,Dayotchanculle Upamecano,Complete,8.04301,33.8,35.7,28.8,29.4
3857279,2022-11-22,Group Stage,Australia,1,34,6,France,8519,Dayotchanculle Upamecano,3009,Kylian Mbappé Lottin,Complete,22.370739,30.3,29.5,50.6,20.1
3857279,2022-11-22,Group Stage,Australia,1,34,7,France,3009,Kylian Mbappé Lottin,6704,Theo Bernard François Hernández,Complete,15.640013,50.6,20.1,62.1,9.5
3857279,2022-11-22,Group Stage,Australia,1,34,11,France,6704,Theo Bernard François Hernández,3009,Kylian Mbappé Lottin,Complete,13.417153,85.6,9.5,72.5,6.6
3857279,2022-11-22,Group Stage,Australia,1,34,17,France,3009,Kylian Mbappé Lottin,8519,Dayotchanculle Upamecano,Complete,16.02061,74.8,7.4,62.7,17.9
3857279,2022-11-22,Group Stage,Australia,1,34,19,France,8519,Dayotchanculle Upamecano,3026,Adrien Rabiot,Complete,10.688779,62.1,19.0,60.1,29.5
3857279,2022-11-22,Group Stage,Australia,1,34,21,France,3026,Adrien Rabiot,5477,Ousmane Dembélé,Complete,25.962473,60.9,31.9,69.2,56.5
3857279,2022-11-22,Group Stage,Australia,1,34,24,France,5477,Ousmane Dembélé,5476,Benjamin Pavard,Complete,21.900913,70.6,61.3,88.0,74.6
3857279,2022-11-22,Group Stage,Australia,1,34,26,France,5476,Benjamin Pavard,5477,Ousmane Dembélé,Complete,12.630123,87.7,74.7,75.3,72.3
3857279,2022-11-22,Group Stage,Australia,1,34,28,France,5477,Ousmane Dembélé,5487,Antoine Griezmann,Complete,7.823043,75.2,72.3,75.8,64.5
3857279,2022-11-22,Group Stage,Australia,1,34,29,France,5487,Antoine Griezmann,5477,Ousmane Dembélé,Complete,5.6222773,75.8,64.5,75.3,70.1
3857279,2022-11-22,Group Stage,Australia,1,34,31,France,5477,Ousmane Dembélé,11135,Ibrahima Konaté,Complete,26.44617,75.3,70.1,56.7,51.3
3857279,2022-11-22,Group Stage,Australia,1,34,33,France,11135,Ibrahima Konaté,8519,Dayotchanculle Upamecano,Complete,17.475124,55.8,46.2,62.1,29.9
3857279,2022-11-22,Group Stage,Australia,1,34,35,France,8519,Dayotchanculle Upamecano,10481,Aurélien Djani Tchouaméni,Complete,13.318033,64.1,26.3,66.5,13.2
3857279,2022-11-22,Group Stage,Australia,1,34,37,France,10481,Aurélien Djani Tchouaméni,6704,Theo Bernard François Hernández,Complete,16.096273,66.5,13.2,78.7,2.7
3857279,2022-11-22,Group Stage,Australia,1,34,39,France,6704,Theo Bernard François Hernández,10481,Aurélien Djani Tchouaméni,Complete,12.093387,78.4,1.6,67.9,7.6
3857279,2022-11-22,Group Stage,Australia,1,34,42,France,10481,Aurélien Djani Tchouaméni,3026,Adrien Rabiot,Complete,13.182185,67.5,12.7,75.6,23.1
3857279,2022-11-22,Group Stage,Australia,1,34,43,France,3026,Adrien Rabiot,10481,Aurélien Djani Tchouaméni,Complete,9.708244,75.6,23.1,66.8,19.0
3857279,2022-11-22,Group Stage,Australia,1,34,45,France,10481,Aurélien Djani Tchouaméni,11135,Ibrahima Konaté,Complete,19.453535,66.3,20.7,61.3,39.5
3857279,2022-11-22,Group Stage,Australia,1,34,50,France,11135,Ibrahima Konaté,5477,Ousmane Dembélé,Complete,25.541534,73.1,53.8,85.0,76.4
3857279,2022-11-22,Group Stage,Australia,1,34,55,France,5477,Ousmane Dembélé,3026,Adrien Rabiot,Complete,16.501211,95.0,67.1,84.0,54.8
3857279,2022-11-22,Group Stage,Australia,1,34,57,France,3026,Adrien Rabiot,10481,Aurélien Djani Tchouaméni,Complete,21.973848,85.0,49.0,79.6,27.7
3857279,2022-11-22,Group Stage,Australia,1,35,0,France,10481,Aurélien Djani Tchouaméni,6704,Theo Bernard François Hernández,Complete,23.160742,84.0,23.7,97.1,4.6
3857279,2022-11-22,Group Stage,Australia,1,35,2,France,6704,Theo Bernard François Hernández,3009,Kylian Mbappé Lottin,Complete,9.207063,97.2,5.0,95.8,14.1
3857279,2022-11-22,Group Stage,Australia,1,35,4,France,3009,Kylian Mbappé Lottin,6704,Theo Bernard François Hernández,Complete,7.839005,97.9,10.2,94.8,3.0
3857279,2022-11-22,Group Stage,Australia,1,35,5,France,6704,Theo Bernard François Hernández,10481,Aurélien Djani Tchouaméni,Complete,11.627554,94.4,3.0,85.6,10.6
3857279,2022-11-22,Group Stage,Australia,1,35,9,France,10481,Aurélien Djani Tchouaméni,3026,Adrien Rabiot,Complete,5.990826,88.2,23.7,83.2,20.4
3857279,2022-11-22,Group Stage,Australia,1,35,11,France,3026,Adrien Rabiot,5487,Antoine Griezmann,Complete,6.7416615,86.3,18.3,92.6,20.7
3857279,2022-11-22,Group Stage,Australia,1,35,13,France,5487,Antoine Griezmann,3009,Kylian Mbappé Lottin,Complete,10.1965685,98.5,20.4,108.6,19.0
3857279,2022-11-22,Group Stage,Australia,1,35,16,France,3009,Kylian Mbappé Lottin,5487,Antoine Griezmann,Complete,13.407833,110.6,21.5,105.5,33.9
3857279,2022-11-22,Group Stage,Australia,1,35,17,France,5487,Antoine Griezmann,,,Incomplete,15.546382,105.5,33.9,104.3,49.4
3857279,2022-11-22,Group Stage,Australia,1,35,25,France,3099,Hugo Lloris,11135,Ibrahima Konaté,Complete,9.64002,41.5,45.0,49.2,50.8
3857279,2022-11-22,Group Stage,Australia,1,35,28,France,11135,Ibrahima Konaté,10481,Aurélien Djani Tchouaméni,Complete,10.6550455,50.8,51.4,60.1,56.6
3857279,2022-11-22,Group Stage,Australia,1,35,30,France,10481,Aurélien Djani Tchouaméni,5477,Ousmane Dembélé,Complete,15.55892,61.5,57.0,76.3,61.8
3857279,2022-11-22,Group Stage,Australia,1,35,31,France,5477,Ousmane Dembélé,5476,Benjamin Pavard,Complete,13.314653,76.3,61.3,65.1,68.5
3857279,2022-11-22,Group Stage,Australia,1,35,35,France,5476,Benjamin Pavard,10481,Aurélien Djani Tchouaméni,Complete,12.41934,64.9,68.7,52.9,65.5
3857279,2022-11-22,Group Stage,Australia,1,35,37,France,10481,Aurélien Djani Tchouaméni,11135,Ibrahima Konaté,Complete,17.839283,51.6,65.3,45.6,48.5
3857279,2022-11-22,Group Stage,Australia,1,35,38,France,11135,Ibrahima Konaté,8519,Dayotchanculle Upamecano,Complete,17.87652,45.6,48.5,49.7,31.1
3857279,2022-11-22,Group Stage,Australia,1,35,41,France,8519,Dayotchanculle Upamecano,3026,Adrien Rabiot,Complete,12.31097,49.7,31.1,58.1,22.1
3857279,2022-11-22,Group Stage,Australia,1,35,45,France,3026,Adrien Rabiot,3009,Kylian Mbappé Lottin,Complete,10.728001,70.1,24.1,73.1,13.8
3857279,2022-11-22,Group Stage,Australia,1,35,48,France,3009,Kylian Mbappé Lottin,3026,Adrien Rabiot,Complete,6.1846585,68.6,16.2,73.4,20.1
3857279,2022-11-22,Group Stage,Australia,1,35,49,France,3026,Adrien Rabiot,3009,Kylian Mbappé Lottin,Complete,4.9396358,73.4,20.1,69.2,22.7
3857279,2022-11-22,Group Stage,Australia,1,35,50,France,3009,Kylian Mbappé Lottin,10481,Aurélien Djani Tchouaméni,Complete,8.720665,70.1,29.0,62.3,32.9
3857279,2022-11-22,Group Stage,Australia,1,35,56,France,10481,Aurélien Djani Tchouaméni,5476,Benjamin Pavard,Complete,11.225863,72.1,59.0,67.2,69.1
3857279,2022-11-22,Group Stage,Australia,1,35,57,France,5476,Benjamin Pavard,5477,Ousmane Dembélé,Complete,13.260844,67.5,69.4,78.7,76.5
3857279,2022-11-22,Group Stage,Australia,1,36,2,France,5477,Ousmane Dembélé,3009,Kylian Mbappé Lottin,Complete,27.299816,110.2,74.0,105.0,47.2
3857279,2022-11-22,Group Stage,Australia,1,36,51,France,3026,Adrien Rabiot,5487,Antoine Griezmann,Complete,13.200378,57.4,5.9,54.6,18.8
3857279,2022-11-22,Group Stage,Australia,1,36,52,France,5487,Antoine Griezmann,3009,Kylian Mbappé Lottin,Incomplete,43.60046,54.2,19.0,97.8,18.8
3857279,2022-11-22,Group Stage,Australia,1,37,9,France,3026,Adrien Rabiot,11135,Ibrahima Konaté,Complete,23.792856,66.5,14.1,50.6,31.8
3857279,2022-11-22,Group Stage,Australia,1,37,11,France,11135,Ibrahima Konaté,,,Incomplete,41.506145,50.6,31.8,88.0,13.8
3857279,2022-11-22,Group Stage,Australia,1,37,21,France,10481,Aurélien Djani Tchouaméni,,,Out,13.315405,59.5,3.4,46.6,0.1
3857279,2022-11-22,Group Stage,Australia,1,38,49,France,10481,Aurélien Djani Tchouaméni,,,Incomplete,3.5510561,36.8,74.1,39.8,72.2
3857279,2022-11-22,Group Stage,Australia,1,39,7,France,5476,Benjamin Pavard,11135,Ibrahima Konaté,Complete,14.649232,33.1,80.0,20.7,72.2
3857279,2022-11-22,Group Stage,Australia,1,39,10,France,11135,Ibrahima Konaté,3099,Hugo Lloris,Complete,23.120987,16.7,69.9,6.4,49.2
3857279,2022-11-22,Group Stage,Australia,1,39,12,France,3099,Hugo Lloris,11135,Ibrahima Konaté,Complete,21.524405,6.0,49.2,11.9,69.9
3857279,2022-11-22,Group Stage,Australia,1,39,14,France,11135,Ibrahima Konaté,5476,Benjamin Pavard,Complete,17.17673,11.6,69.9,26.8,77.9
3857279,2022-11-22,Group Stage,Australia,1,39,16,France,5476,Benjamin Pavard,5487,Antoine Griezmann,Complete,12.435433,28.6,74.6,34.4,63.6
3857279,2022-11-22,Group Stage,Australia,1,39,18,France,5487,Antoine Griezmann,6704,Theo Bernard François Hernández,Complete,52.737938,32.5,60.7,47.7,10.2
3857279,2022-11-22,Group Stage,Australia,1,39,24,France,6704,Theo Bernard François Hernández,3009,Kylian Mbappé Lottin,Complete,20.903828,75.6,15.6,96.5,15.2
3857279,2022-11-22,Group Stage,Australia,1,39,27,France,3009,Kylian Mbappé Lottin,5477,Ousmane Dembélé,Complete,16.985289,109.6,21.5,106.5,38.2
3857279,2022-11-22,Group Stage,Australia,1,40,18,France,10481,Aurélien Djani Tchouaméni,5487,Antoine Griezmann,Complete,14.546477,38.4,47.2,52.2,42.6
3857279,2022-11-22,Group Stage,Australia,1,40,19,France,5487,Antoine Griezmann,11135,Ibrahima Konaté,Complete,19.349419,52.2,42.6,33.0,40.2
3857279,2022-11-22,Group Stage,Australia,1,40,21,France,11135,Ibrahima Konaté,3026,Adrien Rabiot,Complete,14.741099,33.5,39.2,44.6,29.5
3857279,2022-11-22,Group Stage,Australia,1,40,26,France,3026,Adrien Rabiot,10481,Aurélien Djani Tchouaméni,Complete,21.414948,43.8,29.4,44.6,50.8
3857279,2022-11-22,Group Stage,Australia,1,40,31,France,10481,Aurélien Djani Tchouaméni,8519,Dayotchanculle Upamecano,Complete,25.862715,48.8,55.5,47.0,29.7
3857279,2022-11-22,Group Stage,Australia,1,40,37,France,8519,Dayotchanculle Upamecano,10481,Aurélien Djani Tchouaméni,Complete,19.112823,56.5,31.9,55.8,51.0
3857279,2022-11-22,Group Stage,Australia,1,40,40,France,10481,Aurélien Djani Tchouaméni,5476,Benjamin Pavard,Complete,13.8351,61.7,55.2,56.7,68.1
3857279,2022-11-22,Group Stage,Australia,1,40,42,France,5476,Benjamin Pavard,11135,Ibrahima Konaté,Complete,19.990498,56.7,68.1,50.8,49.0
3857279,2022-11-22,Group Stage,Australia,1,40,46,France,11135,Ibrahima Konaté,8519,Dayotchanculle Upamecano,Complete,20.008999,57.3,43.2,56.7,23.2
3857279,2022-11-22,Group Stage,Australia,1,40,48,France,8519,Dayotchanculle Upamecano,5487,Antoine Griezmann,Complete,7.4686007,56.8,25.7,63.5,29.0
3857279,2022-11-22,Group Stage,Australia,1,40,49,France,5487,Antoine Griezmann,3009,Kylian Mbappé Lottin,Complete,21.893606,63.5,29.0,83.8,20.8
3857279,2022-11-22,Group Stage,Australia,1,40,55,France,3009,Kylian Mbappé Lottin,5487,Antoine Griezmann,Complete,7.071068,91.1,14.2,84.9,17.6
3857279,2022-11-22,Group Stage,Australia,1,40,56,France,5487,Antoine Griezmann,10481,Aurélien Djani Tchouaméni,Complete,29.430767,85.4,18.0,81.0,47.1
3857279,2022-11-22,Group Stage,Australia,1,40,59,France,10481,Aurélien Djani Tchouaméni,5476,Benjamin Pavard,Complete,12.568612,80.0,51.4,76.6,63.5
3857279,2022-11-22,Group Stage,Australia,1,41,1,France,5476,Benjamin Pavard,10481,Aurélien Djani Tchouaméni,Complete,9.556673,76.6,63.9,85.9,61.7
3857279,2022-11-22,Group Stage,Australia,1,41,3,France,10481,Aurélien Djani Tchouaméni,5476,Benjamin Pavard,Complete,15.079124,82.9,63.1,69.2,69.4
3857279,2022-11-22,Group Stage,Australia,1,41,6,France,5476,Benjamin Pavard,11135,Ibrahima Konaté,Complete,27.43884,70.6,69.4,57.3,45.4
3857279,2022-11-22,Group Stage,Australia,1,41,10,France,11135,Ibrahima Konaté,3604,Olivier Giroud,Incomplete,25.87238,63.3,42.7,88.0,35.0
3857279,2022-11-22,Group Stage,Australia,1,41,14,France,10481,Aurélien Djani Tchouaméni,3604,Olivier Giroud,Complete,8.429116,80.1,49.2,86.4,43.6
3857279,2022-11-22,Group Stage,Australia,1,41,16,France,3604,Olivier Giroud,10481,Aurélien Djani Tchouaméni,Complete,7.4,86.0,43.4,88.4,50.4
3857279,2022-11-22,Group Stage,Australia,1,41,17,France,10481,Aurélien Djani Tchouaméni,5477,Ousmane Dembélé,Complete,16.360012,91.6,52.7,104.7,62.5
3857279,2022-11-22,Group Stage,Australia,1,41,19,France,5477,Ousmane Dembélé,,,Incomplete,12.203688,107.5,58.4,107.2,46.2
3857279,2022-11-22,Group Stage,Australia,1,41,21,France,5487,Antoine Griezmann,8519,Dayotchanculle Upamecano,Complete,23.715395,88.4,52.8,66.5,43.7
3857279,2022-11-22,Group Stage,Australia,1,41,24,France,8519,Dayotchanculle Upamecano,5487,Antoine Griezmann,Complete,15.754682,67.3,44.0,76.2,57.0
3857279,2022-11-22,Group Stage,Australia,1,41,25,France,5487,Antoine Griezmann,5476,Benjamin Pavard,Complete,21.467417,76.8,57.6,57.7,67.4
3857279,2022-11-22,Group Stage,Australia,1,41,27,France,5476,Benjamin Pavard,5487,Antoine Griezmann,Complete,11.951987,60.3,68.0,68.9,59.7
3857279,2022-11-22,Group Stage,Australia,1,41,29,France,5487,Antoine Griezmann,8519,Dayotchanculle Upamecano,Complete,26.112257,67.5,56.9,58.2,32.5
3857279,2022-11-22,Group Stage,Australia,1,41,35,France,8519,Dayotchanculle Upamecano,10481,Aurélien Djani Tchouaméni,Complete,21.328384,69.7,28.1,68.6,49.4
3857279,2022-11-22,Group Stage,Australia,1,41,37,France,10481,Aurélien Djani Tchouaméni,3009,Kylian Mbappé Lottin,Complete,18.711494,70.0,54.6,88.4,58.0
3857279,2022-11-22,Group Stage,Australia,1,41,38,France,3009,Kylian Mbappé Lottin,5477,Ousmane Dembélé,Complete,17.867569,88.4,58.0,93.9,75.0
3857279,2022-11-22,Group Stage,Australia,1,41,41,France,5477,Ousmane Dembélé,,,Incomplete,22.777401,101.3,72.2,107.2,50.2
3857279,2022-11-22,Group Stage,Australia,1,41,44,France,5476,Benjamin Pavard,5477,Ousmane Dembélé,Complete,10.346497,92.0,64.6,100.7,70.2
3857279,2022-11-22,Group Stage,Australia,1,41,51,France,5477,Ousmane Dembélé,3009,Kylian Mbappé Lottin,Complete,8.902246,111.4,56.9,105.9,49.9
3857279,2022-11-22,Group Stage,Australia,1,41,53,France,3009,Kylian Mbappé Lottin,5487,Antoine Griezmann,Complete,7.18401,106.4,49.5,99.5,47.5
3857279,2022-11-22,Group Stage,Australia,1,42,56,France,6704,Theo Bernard François Hernández,3604,Olivier Giroud,Complete,17.96274,32.0,0.1,44.5,13.0
3857279,2022-11-22,Group Stage,Australia,1,42,57,France,3604,Olivier Giroud,5487,Antoine Griezmann,Complete,11.438969,44.6,13.0,34.8,7.1
3857279,2022-11-22,Group Stage,Australia,1,43,2,France,5487,Antoine Griezmann,11135,Ibrahima Konaté,Complete,17.98249,34.5,17.3,26.1,33.2
3857279,2022-11-22,Group Stage,Australia,1,43,7,France,11135,Ibrahima Konaté,,,Incomplete,40.695087,39.0,51.8,76.2,68.3
3857279,2022-11-22,Group Stage,Australia,1,43,39,France,8519,Dayotchanculle Upamecano,3604,Olivier Giroud,Complete,13.9531355,51.6,9.0,64.1,15.2
3857279,2022-11-22,Group Stage,Australia,1,43,41,France,3604,Olivier Giroud,10481,Aurélien Djani Tchouaméni,Complete,9.141663,64.9,16.1,56.3,13.0
3857279,2022-11-22,Group Stage,Australia,1,43,42,France,10481,Aurélien Djani Tchouaméni,3026,Adrien Rabiot,Complete,11.696581,56.7,12.8,68.3,11.3
3857279,2022-11-22,Group Stage,Australia,1,43,43,France,3026,Adrien Rabiot,6704,Theo Bernard François Hernández,Complete,7.632169,68.9,11.3,64.9,4.8
3857279,2022-11-22,Group Stage,Australia,1,43,45,France,6704,Theo Bernard François Hernández,8519,Dayotchanculle Upamecano,Complete,26.673208,63.3,4.0,37.2,9.5
3857279,2022-11-22,Group Stage,Australia,1,43,47,France,8519,Dayotchanculle Upamecano,3099,Hugo Lloris,Complete,31.821062,33.5,9.6,11.2,32.3
3857279,2022-11-22,Group Stage,Australia,1,43,51,France,3099,Hugo Lloris,11135,Ibrahima Konaté,Complete,18.120707,15.1,36.0,26.1,50.4
3857279,2022-11-22,Group Stage,Australia,1,43,54,France,11135,Ibrahima Konaté,5476,Benjamin Pavard,Complete,17.940178,27.3,53.7,38.0,68.1
3857279,2022-11-22,Group Stage,Australia,1,43,57,France,5476,Benjamin Pavard,11135,Ibrahima Konaté,Complete,14.675831,38.7,67.7,35.4,53.4
3857279,2022-11-22,Group Stage,Australia,1,44,0,France,11135,Ibrahima Konaté,8519,Dayotchanculle Upamecano,Complete,24.93291,38.0,52.7,41.4,28.0
3857279,2022-11-22,Group Stage,Australia,1,44,2,France,8519,Dayotchanculle Upamecano,10481,Aurélien Djani Tchouaméni,Complete,10.5418215,41.5,28.0,49.2,20.8
3857279,2022-11-22,Group Stage,Australia,1,44,7,France,10481,Aurélien Djani Tchouaméni,3026,Adrien Rabiot,Complete,6.720863,53.0,21.3,57.9,25.9
3857279,2022-11-22,Group Stage,Australia,1,44,8,France,3026,Adrien Rabiot,8519,Dayotchanculle Upamecano,Complete,11.101802,57.9,25.9,46.8,25.7
3857279,2022-11-22,Group Stage,Australia,1,44,10,France,8519,Dayotchanculle Upamecano,11135,Ibrahima Konaté,Complete,19.2,47.8,29.0,47.8,48.2
3857279,2022-11-22,Group Stage,Australia,1,44,12,France,11135,Ibrahima Konaté,5476,Benjamin Pavard,Complete,19.602295,48.8,50.2,50.8,69.7
3857279,2022-11-22,Group Stage,Australia,1,44,14,France,5476,Benjamin Pavard,8519,Dayotchanculle Upamecano,Complete,29.173447,50.6,66.7,38.4,40.2
3857279,2022-11-22,Group Stage,Australia,1,44,18,France,8519,Dayotchanculle Upamecano,5487,Antoine Griezmann,Complete,40.093517,38.7,45.8,66.9,74.3
3857279,2022-11-22,Group Stage,Australia,1,44,21,France,5487,Antoine Griezmann,5476,Benjamin Pavard,Complete,12.175796,67.2,73.7,57.1,66.9
3857279,2022-11-22,Group Stage,Australia,1,44,24,France,5476,Benjamin Pavard,11135,Ibrahima Konaté,Complete,15.426276,57.3,66.3,48.4,53.7
3857279,2022-11-22,Group Stage,Australia,1,44,26,France,11135,Ibrahima Konaté,3026,Adrien Rabiot,Complete,10.396634,48.3,50.8,55.8,58.0
3857279,2022-11-22,Group Stage,Australia,1,44,28,France,3026,Adrien Rabiot,8519,Dayotchanculle Upamecano,Complete,22.3,53.5,56.9,53.5,34.6
3857279,2022-11-22,Group Stage,Australia,1,44,33,France,8519,Dayotchanculle Upamecano,5487,Antoine Griezmann,Complete,38.051807,65.5,42.3,101.0,56.0
3857279,2022-11-22,Group Stage,Australia,1,44,37,France,5487,Antoine Griezmann,3009,Kylian Mbappé Lottin,Complete,14.534442,109.8,54.4,112.9,40.2
3857279,2022-11-22,Group Stage,Australia,1,45,21,France,8519,Dayotchanculle Upamecano,,,Incomplete,24.800806,47.3,20.1,72.1,20.3
3857279,2022-11-22,Group Stage,Australia,1,45,33,France,8519,Dayotchanculle Upamecano,6704,Theo Bernard François Hernández,Complete,13.306014,9.4,3.0,22.7,3.4
3857279,2022-11-22,Group Stage,Australia,1,46,37,France,3099,Hugo Lloris,10481,Aurélien Djani Tchouaméni,Complete,45.863495,6.0,44.0,50.5,55.1
3857279,2022-11-22,Group Stage,Australia,1,46,39,France,10481,Aurélien Djani Tchouaméni,,,Incomplete,24.858198,50.5,55.1,75.2,57.9
3857279,2022-11-22,Group Stage,Australia,1,48,8,France,5476,Benjamin Pavard,3604,Olivier Giroud,Complete,21.986359,26.4,80.0,46.8,71.8
3857279,2022-11-22,Group Stage,Australia,1,49,6,France,5476,Benjamin Pavard,5477,Ousmane Dembélé,Complete,24.553818,16.3,59.4,33.0,77.4
3857279,2022-11-22,Group Stage,Australia,1,49,19,France,5477,Ousmane Dembélé,5487,Antoine Griezmann,Complete,12.611503,92.5,62.1,81.2,67.7
3857279,2022-11-22,Group Stage,Australia,1,49,21,France,5487,Antoine Griezmann,5476,Benjamin Pavard,Complete,10.811568,78.7,69.4,67.9,69.9
3857279,2022-11-22,Group Stage,Australia,1,49,22,France,5476,Benjamin Pavard,10481,Aurélien Djani Tchouaméni,Complete,12.816006,67.9,69.9,64.3,57.6
3857279,2022-11-22,Group Stage,Australia,1,49,23,France,10481,Aurélien Djani Tchouaméni,11135,Ibrahima Konaté,Complete,11.317685,64.3,57.6,54.3,52.3
3857279,2022-11-22,Group Stage,Australia,1,49,26,France,11135,Ibrahima Konaté,6704,Theo Bernard François Hernández,Complete,44.682995,57.9,44.4,72.0,2.0
3857279,2022-11-22,Group Stage,Australia,1,49,29,France,6704,Theo Bernard François Hernández,3009,Kylian Mbappé Lottin,Complete,3.4132097,72.0,2.0,71.7,5.4
3857279,2022-11-22,Group Stage,Australia,1,49,33,France,3009,Kylian Mbappé Lottin,10481,Aurélien Djani Tchouaméni,Complete,10.976793,76.6,7.1,73.4,17.6
3857279,2022-11-22,Group Stage,Australia,1,49,34,France,10481,Aurélien Djani Tchouaméni,3009,Kylian Mbappé Lottin,Complete,6.132699,73.4,17.6,75.9,12.0
3857279,2022-11-22,Group Stage,Australia,1,49,35,France,3009,Kylian Mbappé Lottin,10481,Aurélien Djani Tchouaméni,Complete,6.400781,75.9,12.0,72.8,17.6
3857279,2022-11-22,Group Stage,Australia,1,49,36,France,10481,Aurélien Djani Tchouaméni,3009,Kylian Mbappé Lottin,Complete,3.8118236,72.8,17.6,76.6,17.3
3857279,2022-11-22,Group Stage,Australia,1,49,36,France,3009,Kylian Mbappé Lottin,11135,Ibrahima Konaté,Complete,26.400757,76.6,17.6,64.0,40.8
3857279,2022-11-22,Group Stage,Australia,1,49,39,France,11135,Ibrahima Konaté,5476,Benjamin Pavard,Complete,16.37712,63.3,43.2,66.3,59.3
3857279,2022-11-22,Group Stage,Australia,1,49,40,France,5476,Benjamin Pavard,11135,Ibrahima Konaté,Complete,11.609048,66.3,59.3,62.9,48.2
3857279,2022-11-22,Group Stage,Australia,1,49,41,France,11135,Ibrahima Konaté,5476,Benjamin Pavard,Complete,14.354442,62.9,48.2,57.5,61.5
3857279,2022-11-22,Group Stage,Australia,1,49,44,France,5476,Benjamin Pavard,8519,Dayotchanculle Upamecano,Complete,26.454678,56.1,58.3,54.4,31.9
3857279,2022-11-22,Group Stage,Australia,1,49,48,France,8519,Dayotchanculle Upamecano,5476,Benjamin Pavard,Complete,15.601282,53.6,43.6,41.0,52.8
3857279,2022-11-22,Group Stage,Australia,1,49,50,France,5476,Benjamin Pavard,8519,Dayotchanculle Upamecano,Complete,24.637573,38.4,51.8,35.8,27.3
3857279,2022-11-22,Group Stage,Australia,1,49,55,France,8519,Dayotchanculle Upamecano,11135,Ibrahima Konaté,Complete,21.966566,31.7,26.0,34.4,47.8
3857279,2022-11-22,Group Stage,Australia,1,49,59,France,11135,Ibrahima Konaté,5476,Benjamin Pavard,Complete,12.997308,44.6,51.8,48.8,64.1
3857279,2022-11-22,Group Stage,Australia,1,50,1,France,5476,Benjamin Pavard,5487,Antoine Griezmann,Complete,22.011814,48.8,64.9,68.2,75.3
3857279,2022-11-22,Group Stage,Australia,1,50,3,France,5487,Antoine Griezmann,10481,Aurélien Djani Tchouaméni,Complete,18.507566,67.3,73.7,57.5,58.0
3857279,2022-11-22,Group Stage,Australia,1,50,7,France,10481,Aurélien Djani Tchouaméni,8519,Dayotchanculle Upamecano,Complete,26.137522,57.1,56.5,55.7,30.4
3857279,2022-11-22,Group Stage,Australia,1,50,12,France,8519,Dayotchanculle Upamecano,6704,Theo Bernard François Hernández,Complete,25.323902,66.9,24.6,81.2,3.7
3857279,2022-11-22,Group Stage,Australia,1,50,15,France,6704,Theo Bernard François Hernández,3009,Kylian Mbappé Lottin,Complete,10.716809,81.2,3.7,81.8,14.4
3857279,2022-11-22,Group Stage,Australia,1,50,41,France,3099,Hugo Lloris,10481,Aurélien Djani Tchouaméni,Complete,31.072174,9.8,24.1,39.6,32.9
3857279,2022-11-22,Group Stage,Australia,1,50,43,France,10481,Aurélien Djani Tchouaméni,11135,Ibrahima Konaté,Complete,13.810142,39.6,32.9,37.2,46.5
3857279,2022-11-22,Group Stage,Australia,1,50,45,France,11135,Ibrahima Konaté,5476,Benjamin Pavard,Complete,13.967104,36.8,49.9,43.6,62.1
3857279,2022-11-22,Group Stage,Australia,1,50,49,France,5476,Benjamin Pavard,11135,Ibrahima Konaté,Complete,15.893709,49.4,64.5,40.4,51.4
3857279,2022-11-22,Group Stage,Australia,1,50,52,France,11135,Ibrahima Konaté,8519,Dayotchanculle Upamecano,Complete,17.220047,40.7,47.8,44.9,31.1
3857279,2022-11-22,Group Stage,Australia,1,50,55,France,8519,Dayotchanculle Upamecano,5487,Antoine Griezmann,Complete,8.321658,46.6,28.5,54.9,29.1
3857279,2022-11-22,Group Stage,Australia,1,50,56,France,5487,Antoine Griezmann,8519,Dayotchanculle Upamecano,Complete,10.53945,54.9,29.1,49.1,20.3
3857279,2022-11-22,Group Stage,Australia,1,50,58,France,8519,Dayotchanculle Upamecano,3009,Kylian Mbappé Lottin,Complete,54.366165,49.1,22.2,102.3,11.0
3857279,2022-11-22,Group Stage,Australia,2,45,39,France,3099,Hugo Lloris,,,Incomplete,66.1,7.0,36.1,65.9,66.1
3857279,2022-11-22,Group Stage,Australia,2,46,2,France,11135,Ibrahima Konaté,8519,Dayotchanculle Upamecano,Complete,17.601137,33.3,54.3,33.5,36.7
3857279,2022-11-22,Group Stage,Australia,2,46,5,France,8519,Dayotchanculle Upamecano,6704,Theo Bernard François Hernández,Complete,28.935272,36.1,33.8,45.1,6.3
3857279,2022-11-22,Group Stage,Australia,2,46,8,France,6704,Theo Bernard François Hernández,3009,Kylian Mbappé Lottin,Complete,19.226025,45.1,5.2,64.3,4.2
3857279,2022-11-22,Group Stage,Australia,2,48,0,France,5476,Benjamin Pavard,5487,Antoine Griezmann,Complete,18.748867,68.9,71.8,84.5,61.4
3857279,2022-11-22,Group Stage,Australia,2,48,4,France,5487,Antoine Griezmann,5476,Benjamin Pavard,Complete,8.5440035,84.5,60.0,81.5,68.0
3857279,2022-11-22,Group Stage,Australia,2,48,5,France,5476,Benjamin Pavard,3604,Olivier Giroud,Complete,13.788401,81.5,68.0,94.1,62.4
3857279,2022-11-22,Group Stage,Australia,2,48,6,France,3604,Olivier Giroud,3009,Kylian Mbappé Lottin,Incomplete,4.88467,93.7,63.1,98.2,65.0
3857279,2022-11-22,Group Stage,Australia,2,48,25,France,5476,Benjamin Pavard,5477,Ousmane Dembélé,Complete,6.8242216,87.1,80.0,81.5,76.1
3857279,2022-11-22,Group Stage,Australia,2,48,36,France,5487,Antoine Griezmann,8519,Dayotchanculle Upamecano,Complete,24.602846,74.9,72.3,61.0,52.0
3857279,2022-11-22,Group Stage,Australia,2,48,40,France,8519,Dayotchanculle Upamecano,5487,Antoine Griezmann,Complete,6.109828,62.0,48.5,64.2,42.8
3857279,2022-11-22,Group Stage,Australia,2,48,42,France,5487,Antoine Griezmann,6704,Theo Bernard François Hernández,Complete,35.146122,64.3,41.6,72.4,7.4
3857279,2022-11-22,Group Stage,Australia,2,48,46,France,6704,Theo Bernard François Hernández,8519,Dayotchanculle Upamecano,Complete,32.200775,77.9,6.1,51.2,24.1
3857279,2022-11-22,Group Stage,Australia,2,48,50,France,8519,Dayotchanculle Upamecano,10481,Aurélien Djani Tchouaméni,Complete,24.242525,51.2,25.7,56.3,49.4
3857279,2022-11-22,Group Stage,Australia,2,48,53,France,10481,Aurélien Djani Tchouaméni,5476,Benjamin Pavard,Complete,22.472204,57.4,54.3,63.6,75.9
3857279,2022-11-22,Group Stage,Australia,2,48,55,France,5476,Benjamin Pavard,11135,Ibrahima Konaté,Complete,24.37909,59.4,72.9,45.9,52.6
3857279,2022-11-22,Group Stage,Australia,2,48,59,France,11135,Ibrahima Konaté,8519,Dayotchanculle Upamecano,Complete,30.513767,47.8,51.8,55.6,22.3
3857279,2022-11-22,Group Stage,Australia,2,49,4,France,8519,Dayotchanculle Upamecano,6704,Theo Bernard François Hernández,Complete,29.560953,70.2,18.5,99.3,13.3
3857279,2022-11-22,Group Stage,Australia,2,49,9,France,6704,Theo Bernard François Hernández,5487,Antoine Griezmann,Incomplete,5.3712196,118.1,23.3,115.5,28.0
3857279,2022-11-22,Group Stage,Australia,2,49,19,France,11135,Ibrahima Konaté,10481,Aurélien Djani Tchouaméni,Complete,6.226556,72.5,33.1,77.9,36.2
3857279,2022-11-22,Group Stage,Australia,2,49,20,France,10481,Aurélien Djani Tchouaméni,8519,Dayotchanculle Upamecano,Complete,17.488853,77.9,36.2,69.8,20.7
3857279,2022-11-22,Group Stage,Australia,2,49,22,France,8519,Dayotchanculle Upamecano,6704,Theo Bernard François Hernández,Complete,28.170374,75.2,14.8,101.3,4.2
3857279,2022-11-22,Group Stage,Australia,2,49,26,France,6704,Theo Bernard François Hernández,3604,Olivier Giroud,Complete,35.680946,116.8,8.9,111.6,44.2
3857279,2022-11-22,Group Stage,Australia,2,50,16,France,3099,Hugo Lloris,3026,Adrien Rabiot,Incomplete,21.5824,12.0,35.0,33.4,37.8
3857279,2022-11-22,Group Stage,Australia,2,50,55,France,8519,Dayotchanculle Upamecano,10481,Aurélien Djani Tchouaméni,Complete,19.366207,15.2,24.5,34.5,26.1
3857279,2022-11-22,Group Stage,Australia,2,51,1,France,10481,Aurélien Djani Tchouaméni,11135,Ibrahima Konaté,Complete,7.44043,40.1,42.8,34.1,47.2
3857279,2022-11-22,Group Stage,Australia,2,51,3,France,11135,Ibrahima Konaté,5476,Benjamin Pavard,Complete,13.793115,34.1,47.2,35.7,60.9
3857279,2022-11-22,Group Stage,Australia,2,51,4,France,5476,Benjamin Pavard,11135,Ibrahima Konaté,Complete,14.024621,35.7,60.9,32.7,47.2
3857279,2022-11-22,Group Stage,Australia,2,51,6,France,11135,Ibrahima Konaté,8519,Dayotchanculle Upamecano,Complete,15.984055,33.6,43.6,36.6,27.9
3857279,2022-11-22,Group Stage,Australia,2,51,12,France,8519,Dayotchanculle Upamecano,11135,Ibrahima Konaté,Complete,18.11215,51.2,27.1,43.1,43.3
3857279,2022-11-22,Group Stage,Australia,2,51,14,France,11135,Ibrahima Konaté,5477,Ousmane Dembélé,Complete,53.1639,45.9,45.5,87.1,79.1
3857279,2022-11-22,Group Stage,Australia,2,51,23,France,5477,Ousmane Dembélé,11135,Ibrahima Konaté,Incomplete,26.97647,92.4,57.3,100.6,31.6
3857279,2022-11-22,Group Stage,Australia,2,51,27,France,3026,Adrien Rabiot,3009,Kylian Mbappé Lottin,Complete,24.821966,80.9,30.2,98.7,12.9
3857279,2022-11-22,Group Stage,Australia,2,51,32,France,3009,Kylian Mbappé Lottin,5476,Benjamin Pavard,Incomplete,35.469563,93.1,17.1,108.4,49.1
3857279,2022-11-22,Group Stage,Australia,2,51,36,France,5487,Antoine Griezmann,,,Incomplete,13.623509,91.7,41.4,92.5,55.0
3857279,2022-11-22,Group Stage,Australia,2,51,48,France,11135,Ibrahima Konaté,5476,Benjamin Pavard,Complete,18.423084,58.6,80.0,41.6,72.9
3857279,2022-11-22,Group Stage,Australia,2,51,49,France,5476,Benjamin Pavard,10481,Aurélien Djani Tchouaméni,Complete,5.060632,41.6,71.8,46.0,69.3
3857279,2022-11-22,Group Stage,Australia,2,51,53,France,10481,Aurélien Djani Tchouaméni,5487,Antoine Griezmann,Complete,8.811924,52.8,51.5,60.6,47.4
3857279,2022-11-22,Group Stage,Australia,2,51,54,France,5487,Antoine Griezmann,8519,Dayotchanculle Upamecano,Complete,16.772596,60.6,47.4,44.0,45.0
3857279,2022-11-22,Group Stage,Australia,2,51,56,France,8519,Dayotchanculle Upamecano,10481,Aurélien Djani Tchouaméni,Complete,16.76007,45.1,44.4,58.0,55.1
3857279,2022-11-22,Group Stage,Australia,2,51,59,France,10481,Aurélien Djani Tchouaméni,3604,Olivier Giroud,Complete,17.719198,59.3,57.2,75.4,64.6
3857279,2022-11-22,Group Stage,Australia,2,52,0,France,3604,Olivier Giroud,10481,Aurélien Djani Tchouaméni,Complete,13.984634,76.0,64.6,64.6,56.5
3857279,2022-11-22,Group Stage,Australia,2,52,3,France,10481,Aurélien Djani Tchouaméni,3604,Olivier Giroud,Complete,16.954351,71.9,58.6,78.3,74.3
3857279,2022-11-22,Group Stage,Australia,2,52,6,France,3604,Olivier Giroud,6704,Theo Bernard François Hernández,Complete,55.745853,73.9,67.7,80.1,12.3
3857279,2022-11-22,Group Stage,Australia,2,52,11,France,6704,Theo Bernard François Hernández,3009,Kylian Mbappé Lottin,Complete,7.826238,86.9,6.0,93.9,2.5
3857279,2022-11-22,Group Stage,Australia,2,52,13,France,3009,Kylian Mbappé Lottin,6704,Theo Bernard François Hernández,Complete,7.28011,93.9,2.5,89.5,8.3
3857279,2022-11-22,Group Stage,Australia,2,52,59,France,3009,Kylian Mbappé Lottin,,,Out,53.720016,87.8,9.1,120.0,52.1
3857279,2022-11-22,Group Stage,Australia,2,53,17,France,6704,Theo Bernard François Hernández,3009,Kylian Mbappé Lottin,Complete,16.37712,78.8,15.3,94.9,12.3
3857279,2022-11-22,Group Stage,Australia,2,54,39,France,11135,Ibrahima Konaté,8519,Dayotchanculle Upamecano,Complete,41.65813,28.1,66.6,25.9,25.0
3857279,2022-11-22,Group Stage,Australia,2,54,42,France,8519,Dayotchanculle Upamecano,6704,Theo Bernard François Hernández,Complete,25.268557,41.3,25.3,52.8,2.8
3857279,2022-11-22,Group Stage,Australia,2,54,45,France,6704,Theo Bernard François Hernández,8519,Dayotchanculle Upamecano,Complete,18.710958,54.6,3.6,40.5,15.9
3857279,2022-11-22,Group Stage,Australia,2,54,49,France,8519,Dayotchanculle Upamecano,3604,Olivier Giroud,Complete,29.090376,40.5,16.7,68.9,10.4
3857279,2022-11-22,Group Stage,Australia,2,54,50,France,3604,Olivier Giroud,6704,Theo Bernard François Hernández,Complete,13.017296,68.9,10.4,57.8,3.6
3857279,2022-11-22,Group Stage,Australia,2,54,53,France,6704,Theo Bernard François Hernández,8519,Dayotchanculle Upamecano,Complete,14.029255,52.2,7.2,40.1,14.3
3857279,2022-11-22,Group Stage,Australia,2,54,56,France,8519,Dayotchanculle Upamecano,11135,Ibrahima Konaté,Complete,35.70126,38.5,15.5,38.8,51.2
3857279,2022-11-22,Group Stage,Australia,2,55,4,France,11135,Ibrahima Konaté,5476,Benjamin Pavard,Complete,17.804493,53.0,57.6,48.4,74.8
3857279,2022-11-22,Group Stage,Australia,2,55,7,France,5476,Benjamin Pavard,10481,Aurélien Djani Tchouaméni,Complete,18.217573,48.1,69.0,48.9,50.8
3857279,2022-11-22,Group Stage,Australia,2,55,13,France,10481,Aurélien Djani Tchouaméni,6704,Theo Bernard François Hernández,Complete,12.907749,58.6,15.7,63.6,3.8
3857279,2022-11-22,Group Stage,Australia,2,55,15,France,6704,Theo Bernard François Hernández,10481,Aurélien Djani Tchouaméni,Complete,11.8207445,63.6,3.8,57.8,14.1
3857279,2022-11-22,Group Stage,Australia,2,55,16,France,10481,Aurélien Djani Tchouaméni,8519,Dayotchanculle Upamecano,Complete,13.892444,57.4,14.1,45.4,21.1
3857279,2022-11-22,Group Stage,Australia,2,55,19,France,8519,Dayotchanculle Upamecano,,,Out,69.86516,45.4,21.7,83.9,80.0
3857279,2022-11-22,Group Stage,Australia,2,56,38,France,5476,Benjamin Pavard,5487,Antoine Griezmann,Complete,11.328283,48.1,69.6,59.3,71.3
3857279,2022-11-22,Group Stage,Australia,2,56,39,France,5487,Antoine Griezmann,3026,Adrien Rabiot,Complete,8.302409,59.3,71.3,58.0,63.1
3857279,2022-11-22,Group Stage,Australia,2,56,42,France,11135,Ibrahima Konaté,5487,Antoine Griezmann,Complete,10.701869,48.6,64.7,58.4,69.0
3857279,2022-11-22,Group Stage,Australia,2,56,43,France,5487,Antoine Griezmann,8519,Dayotchanculle Upamecano,Complete,34.592773,58.0,69.0,36.5,41.9
3857279,2022-11-22,Group Stage,Australia,2,56,49,France,8519,Dayotchanculle Upamecano,5487,Antoine Griezmann,Complete,20.592232,65.8,36.2,69.8,56.4
3857279,2022-11-22,Group Stage,Australia,2,56,50,France,5487,Antoine Griezmann,11135,Ibrahima Konaté,Complete,14.261837,69.8,56.4,56.6,51.0
3857279,2022-11-22,Group Stage,Australia,2,56,52,France,11135,Ibrahima Konaté,5476,Benjamin Pavard,Complete,27.821035,56.6,51.0,68.6,76.1
3857279,2022-11-22,Group Stage,Australia,2,56,54,France,5476,Benjamin Pavard,5477,Ousmane Dembélé,Complete,6.6730804,75.2,76.7,81.5,78.9
3857279,2022-11-22,Group Stage,Australia,2,56,57,France,5477,Ousmane Dembélé,5476,Benjamin Pavard,Complete,11.150336,87.5,78.9,81.2,69.7
3857279,2022-11-22,Group Stage,Australia,2,56,59,France,5476,Benjamin Pavard,3026,Adrien Rabiot,Complete,3.6878178,81.3,68.5,78.5,66.1
3857279,2022-11-22,Group Stage,Australia,2,57,0,France,3026,Adrien Rabiot,11135,Ibrahima Konaté,Complete,21.071781,78.5,65.3,63.6,50.4
3857279,2022-11-22,Group Stage,Australia,2,57,4,France,11135,Ibrahima Konaté,8519,Dayotchanculle Upamecano,Complete,7.864477,66.4,45.2,68.0,37.5
3857279,2022-11-22,Group Stage,Australia,2,57,6,France,8519,Dayotchanculle Upamecano,10481,Aurélien Djani Tchouaméni,Complete,15.308167,68.7,36.0,69.2,20.7
3857279,2022-11-22,Group Stage,Australia,2,57,7,France,10481,Aurélien Djani Tchouaméni,6704,Theo Bernard François Hernández,Complete,22.291254,69.2,20.7,83.5,3.6
3857279,2022-11-22,Group Stage,Australia,2,57,9,France,6704,Theo Bernard François Hernández,10481,Aurélien Djani Tchouaméni,Complete,13.296617,83.9,3.3,74.7,12.9
3857279,2022-11-22,Group Stage,Australia,2,57,11,France,10481,Aurélien Djani Tchouaméni,3026,Adrien Rabiot,Complete,24.49898,74.7,12.9,76.9,37.3
3857279,2022-11-22,Group Stage,Australia,2,57,15,France,3026,Adrien Rabiot,11135,Ibrahima Konaté,Complete,13.678084,72.4,32.3,63.4,42.6
3857279,2022-11-22,Group Stage,Australia,2,57,17,France,11135,Ibrahima Konaté,5477,Ousmane Dembélé,Complete,41.578117,63.4,49.6,92.7,79.1
3857279,2022-11-22,Group Stage,Australia,2,57,26,France,5477,Ousmane Dembélé,6704,Theo Bernard François Hernández,Incomplete,35.28697,93.6,63.0,109.7,31.6
3857279,2022-11-22,Group Stage,Australia,2,57,30,France,3009,Kylian Mbappé Lottin,8519,Dayotchanculle Upamecano,Complete,19.942417,95.7,19.3,76.0,16.2
3857279,2022-11-22,Group Stage,Australia,2,57,34,France,8519,Dayotchanculle Upamecano,3026,Adrien Rabiot,Complete,8.296988,76.0,14.5,73.8,22.5
3857279,2022-11-22,Group Stage,Australia,2,57,36,France,3026,Adrien Rabiot,10481,Aurélien Djani Tchouaméni,Complete,27.304579,73.0,22.5,72.5,49.8
3857279,2022-11-22,Group Stage,Australia,2,57,42,France,10481,Aurélien Djani Tchouaméni,5477,Ousmane Dembélé,Complete,19.550192,83.9,61.1,88.9,80.0
3857279,2022-11-22,Group Stage,Australia,2,57,45,France,5477,Ousmane Dembélé,5476,Benjamin Pavard,Complete,9.689685,89.7,79.3,82.7,72.6
3857279,2022-11-22,Group Stage,Australia,2,57,48,France,5476,Benjamin Pavard,5487,Antoine Griezmann,Complete,9.974467,83.7,67.4,92.7,63.1
3857279,2022-11-22,Group Stage,Australia,2,57,49,France,5487,Antoine Griezmann,5476,Benjamin Pavard,Complete,6.8029404,92.7,63.1,85.9,63.3
3857279,2022-11-22,Group Stage,Australia,2,57,50,France,5476,Benjamin Pavard,5477,Ousmane Dembélé,Complete,15.83193,86.7,65.2,93.9,79.3
3857279,2022-11-22,Group Stage,Australia,2,57,52,France,5477,Ousmane Dembélé,,,Incomplete,3.9698865,95.7,79.3,98.7,76.7
3857279,2022-11-22,Group Stage,Australia,2,57,57,France,11135,Ibrahima Konaté,5476,Benjamin Pavard,Complete,21.716583,82.7,56.0,94.7,74.1
3857279,2022-11-22,Group Stage,Australia,2,57,58,France,5476,Benjamin Pavard,5477,Ousmane Dembélé,Complete,7.920227,94.7,74.1,91.4,66.9
3857279,2022-11-22,Group Stage,Australia,2,58,3,France,5477,Ousmane Dembélé,11135,Ibrahima Konaté,Complete,11.641735,86.7,62.2,75.4,59.4
3857279,2022-11-22,Group Stage,Australia,2,58,6,France,11135,Ibrahima Konaté,8519,Dayotchanculle Upamecano,Complete,25.800776,75.4,57.6,75.2,31.8
3857279,2022-11-22,Group Stage,Australia,2,58,8,France,8519,Dayotchanculle Upamecano,6704,Theo Bernard François Hernández,Complete,15.81455,75.2,29.4,77.1,13.7
3857279,2022-11-22,Group Stage,Australia,2,58,11,France,6704,Theo Bernard François Hernández,8519,Dayotchanculle Upamecano,Complete,9.391485,76.1,12.7,71.9,21.1
3857279,2022-11-22,Group Stage,Australia,2,58,14,France,8519,Dayotchanculle Upamecano,10481,Aurélien Djani Tchouaméni,Complete,28.687628,71.1,21.7,75.8,50.0
3857279,2022-11-22,Group Stage,Australia,2,58,17,France,10481,Aurélien Djani Tchouaméni,5477,Ousmane Dembélé,Complete,10.307764,80.7,54.6,88.7,61.1
3857279,2022-11-22,Group Stage,Australia,2,58,20,France,5477,Ousmane Dembélé,5476,Benjamin Pavard,Complete,19.543285,87.8,61.1,96.5,78.6
3857279,2022-11-22,Group Stage,Australia,2,58,22,France,5476,Benjamin Pavard,5477,Ousmane Dembélé,Complete,11.268097,96.5,78.6,86.9,72.7
3857279,2022-11-22,Group Stage,Australia,2,58,24,France,5477,Ousmane Dembélé,5487,Antoine Griezmann,Complete,9.17878,86.9,72.7,88.1,63.6
3857279,2022-11-22,Group Stage,Australia,2,58,25,France,5487,Antoine Griezmann,11135,Ibrahima Konaté,Complete,26.387308,88.1,63.6,63.6,53.8
3857279,2022-11-22,Group Stage,Australia,2,58,27,France,11135,Ibrahima Konaté,10481,Aurélien Djani Tchouaméni,Complete,12.390722,63.6,53.8,68.9,65.0
3857279,2022-11-22,Group Stage,Australia,2,58,29,France,10481,Aurélien Djani Tchouaméni,3026,Adrien Rabiot,Complete,8.563293,68.9,65.0,74.7,58.7
3857279,2022-11-22,Group Stage,Australia,2,58,31,France,3026,Adrien Rabiot,5477,Ousmane Dembélé,Complete,6.87968,74.7,58.7,80.5,62.4
3857279,2022-11-22,Group Stage,Australia,2,58,32,France,5477,Ousmane Dembélé,10481,Aurélien Djani Tchouaméni,Complete,11.000455,80.5,62.4,69.5,62.5
3857279,2022-11-22,Group Stage,Australia,2,58,34,France,10481,Aurélien Djani Tchouaméni,5476,Benjamin Pavard,Complete,22.634487,69.5,62.5,85.1,78.9
3857279,2022-11-22,Group Stage,Australia,2,58,36,France,5476,Benjamin Pavard,10481,Aurélien Djani Tchouaméni,Complete,13.748091,82.9,76.7,69.4,74.1
3857279,2022-11-22,Group Stage,Australia,2,58,38,France,10481,Aurélien Djani Tchouaméni,5477,Ousmane Dembélé,Complete,6.7542577,69.4,74.1,75.5,71.2
3857279,2022-11-22,Group Stage,Australia,2,58,39,France,5477,Ousmane Dembélé,11135,Ibrahima Konaté,Complete,23.725513,76.1,69.9,61.0,51.6
3857279,2022-11-22,Group Stage,Australia,2,58,40,France,11135,Ibrahima Konaté,,,Out,34.46752,61.2,52.0,81.3,80.0
3857279,2022-11-22,Group Stage,Australia,2,59,3,France,3009,Kylian Mbappé Lottin,3026,Adrien Rabiot,Complete,9.3962755,87.8,16.5,90.5,7.5
3857279,2022-11-22,Group Stage,Australia,2,59,8,France,3026,Adrien Rabiot,5477,Ousmane Dembélé,Complete,50.756084,112.8,12.7,102.5,62.4
3857279,2022-11-22,Group Stage,Australia,2,59,12,France,5477,Ousmane Dembélé,5487,Antoine Griezmann,Complete,21.9784,104.0,63.0,96.9,42.2
3857279,2022-11-22,Group Stage,Australia,2,59,14,France,5487,Antoine Griezmann,3009,Kylian Mbappé Lottin,Complete,7.7897367,96.9,41.9,103.7,38.1
3857279,2022-11-22,Group Stage,Australia,2,59,16,France,3009,Kylian Mbappé Lottin,5487,Antoine Griezmann,Incomplete,1.360147,99.3,37.3,100.4,36.5
3857279,2022-11-22,Group Stage,Australia,2,59,26,France,6704,Theo Bernard François Hernández,8519,Dayotchanculle Upamecano,Complete,21.00595,60.8,0.1,43.7,12.3
3857279,2022-11-22,Group Stage,Australia,2,59,30,France,8519,Dayotchanculle Upamecano,11135,Ibrahima Konaté,Complete,31.969517,44.6,11.1,52.8,42.0
3857279,2022-11-22,Group Stage,Australia,2,59,35,France,11135,Ibrahima Konaté,10481,Aurélien Djani Tchouaméni,Complete,15.021651,59.0,47.2,63.6,32.9
3857279,2022-11-22,Group Stage,Australia,2,59,38,France,10481,Aurélien Djani Tchouaméni,6704,Theo Bernard François Hernández,Complete,18.885445,65.1,23.5,72.2,6.0
3857279,2022-11-22,Group Stage,Australia,2,59,40,France,6704,Theo Bernard François Hernández,8519,Dayotchanculle Upamecano,Complete,19.474342,68.9,2.5,54.4,15.5
3857279,2022-11-22,Group Stage,Australia,2,59,43,France,8519,Dayotchanculle Upamecano,3026,Adrien Rabiot,Complete,17.065756,57.2,18.9,60.2,35.7
3857279,2022-11-22,Group Stage,Australia,2,59,47,France,3026,Adrien Rabiot,5476,Benjamin Pavard,Complete,20.017242,68.1,43.4,61.8,62.4
3857279,2022-11-22,Group Stage,Australia,2,59,51,France,5476,Benjamin Pavard,8519,Dayotchanculle Upamecano,Complete,23.496809,65.1,47.2,60.8,24.1
3857279,2022-11-22,Group Stage,Australia,2,59,54,France,8519,Dayotchanculle Upamecano,6704,Theo Bernard François Hernández,Complete,25.684431,64.6,21.3,82.1,2.5
3857279,2022-11-22,Group Stage,Australia,2,59,56,France,6704,Theo Bernard François Hernández,8519,Dayotchanculle Upamecano,Complete,10.324728,82.1,2.5,74.7,9.7
3857279,2022-11-22,Group Stage,Australia,2,59,59,France,8519,Dayotchanculle Upamecano,5476,Benjamin Pavard,Complete,26.686514,74.7,9.7,65.1,34.6
3857279,2022-11-22,Group Stage,Australia,2,60,1,France,5476,Benjamin Pavard,3026,Adrien Rabiot,Complete,12.39395,65.0,39.5,68.1,51.5
3857279,2022-11-22,Group Stage,Australia,2,60,3,France,3026,Adrien Rabiot,8519,Dayotchanculle Upamecano,Incomplete,19.758795,66.4,51.9,68.9,32.3
3857279,2022-11-22,Group Stage,Australia,2,60,8,France,8519,Dayotchanculle Upamecano,3009,Kylian Mbappé Lottin,Complete,13.682105,76.9,23.1,90.1,26.7
3857279,2022-11-22,Group Stage,Australia,2,60,9,France,3009,Kylian Mbappé Lottin,3604,Olivier Giroud,Complete,9.1,90.1,26.7,93.6,35.1
3857279,2022-11-22,Group Stage,Australia,2,60,10,France,3604,Olivier Giroud,3009,Kylian Mbappé Lottin,Complete,14.384019,93.6,34.8,107.5,31.1
3857279,2022-11-22,Group Stage,Australia,2,61,8,France,3009,Kylian Mbappé Lottin,,,Incomplete,33.67566,120.0,0.1,113.8,33.2
3857279,2022-11-22,Group Stage,Australia,2,61,15,France,6704,Theo Bernard François Hernández,3099,Hugo Lloris,Complete,48.56686,66.4,2.0,25.7,28.5
3857279,2022-11-22,Group Stage,Australia,2,61,20,France,3099,Hugo Lloris,6704,Theo Bernard François Hernández,Complete,30.829855,25.7,28.5,47.5,6.7
3857279,2022-11-22,Group Stage,Australia,2,61,24,France,6704,Theo Bernard François Hernández,8519,Dayotchanculle Upamecano,Complete,14.301049,48.4,6.9,38.8,17.5
3857279,2022-11-22,Group Stage,Australia,2,61,27,France,8519,Dayotchanculle Upamecano,10481,Aurélien Djani Tchouaméni,Complete,30.976282,42.4,18.3,51.2,48.0
3857279,2022-11-22,Group Stage,Australia,2,61,32,France,10481,Aurélien Djani Tchouaméni,3026,Adrien Rabiot,Complete,19.61632,59.0,56.4,58.2,36.8
3857279,2022-11-22,Group Stage,Australia,2,61,34,France,3026,Adrien Rabiot,11135,Ibrahima Konaté,Complete,18.707218,58.2,36.8,49.2,53.2
3857279,2022-11-22,Group Stage,Australia,2,61,36,France,11135,Ibrahima Konaté,3009,Kylian Mbappé Lottin,Complete,65.80615,52.2,49.1,104.3,8.9
3857279,2022-11-22,Group Stage,Australia,2,61,47,France,3009,Kylian Mbappé Lottin,5476,Benjamin Pavard,Complete,21.9784,90.5,29.1,83.7,50.0
3857279,2022-11-22,Group Stage,Australia,2,61,50,France,5476,Benjamin Pavard,10481,Aurélien Djani Tchouaméni,Complete,9.84124,79.1,44.6,70.2,48.8
3857279,2022-11-22,Group Stage,Australia,2,61,52,France,10481,Aurélien Djani Tchouaméni,8519,Dayotchanculle Upamecano,Complete,21.143557,67.6,44.4,70.8,23.5
3857279,2022-11-22,Group Stage,Australia,2,61,55,France,8519,Dayotchanculle Upamecano,6704,Theo Bernard François Hernández,Complete,33.51716,77.7,23.1,106.1,5.3
3857279,2022-11-22,Group Stage,Australia,2,61,58,France,6704,Theo Bernard François Hernández,3009,Kylian Mbappé Lottin,Complete,25.634546,113.6,8.0,108.9,33.2
3857279,2022-11-22,Group Stage,Australia,2,62,30,France,5487,Antoine Griezmann,11135,Ibrahima Konaté,Complete,40.50938,120.0,0.1,113.0,40.0
3857279,2022-11-22,Group Stage,Australia,2,63,16,France,6704,Theo Bernard François Hernández,8519,Dayotchanculle Upamecano,Complete,20.482431,31.9,0.1,13.6,9.3
3857279,2022-11-22,Group Stage,Australia,2,63,18,France,8519,Dayotchanculle Upamecano,3099,Hugo Lloris,Complete,24.159678,12.3,10.2,3.5,32.7
3857279,2022-11-22,Group Stage,Australia,2,63,22,France,3099,Hugo Lloris,5476,Benjamin Pavard,Complete,44.146122,4.8,35.3,35.0,67.5
3857279,2022-11-22,Group Stage,Australia,2,63,26,France,5476,Benjamin Pavard,,,Incomplete,36.82241,39.6,67.5,76.3,70.5
3857279,2022-11-22,Group Stage,Australia,2,63,37,France,5476,Benjamin Pavard,5487,Antoine Griezmann,Complete,6.0827627,56.0,76.5,55.0,70.5
3857279,2022-11-22,Group Stage,Australia,2,63,38,France,5487,Antoine Griezmann,,,Unknown,4.427189,55.0,70.5,50.8,69.1
3857279,2022-11-22,Group Stage,Australia,2,63,44,France,10481,Aurélien Djani Tchouaméni,8519,Dayotchanculle Upamecano,Complete,28.539446,49.7,68.0,48.2,39.5
3857279,2022-11-22,Group Stage,Australia,2,63,46,France,8519,Dayotchanculle Upamecano,3009,Kylian Mbappé Lottin,Complete,37.40976,57.6,36.7,94.1,28.5
3857279,2022-11-22,Group Stage,Australia,2,63,56,France,6704,Theo Bernard François Hernández,10481,Aurélien Djani Tchouaméni,Complete,14.900335,88.6,2.8,81.5,15.9
3857279,2022-11-22,Group Stage,Australia,2,63,59,France,10481,Aurélien Djani Tchouaméni,11135,Ibrahima Konaté,Complete,28.943048,75.8,16.3,68.1,44.2
3857279,2022-11-22,Group Stage,Australia,2,64,2,France,11135,Ibrahima Konaté,5487,Antoine Griezmann,Complete,10.020978,74.6,49.1,82.7,55.0
3857279,2022-11-22,Group Stage,Australia,2,64,3,France,5487,Antoine Griezmann,11135,Ibrahima Konaté,Complete,7.3334846,82.7,55.0,75.4,54.3
3857279,2022-11-22,Group Stage,Australia,2,64,5,France,11135,Ibrahima Konaté,5476,Benjamin Pavard,Complete,17.77217,75.4,55.0,73.8,72.7
3857279,2022-11-22,Group Stage,Australia,2,64,7,France,5476,Benjamin Pavard,5477,Ousmane Dembélé,Complete,11.576269,73.8,72.7,83.7,78.7
3857279,2022-11-22,Group Stage,Australia,2,64,9,France,5477,Ousmane Dembélé,5476,Benjamin Pavard,Complete,7.3054776,83.7,78.7,81.3,71.8
3857279,2022-11-22,Group Stage,Australia,2,64,11,France,5476,Benjamin Pavard,11135,Ibrahima Konaté,Complete,9.148224,81.3,69.9,72.5,67.4
3857279,2022-11-22,Group Stage,Australia,2,64,13,France,11135,Ibrahima Konaté,10481,Aurélien Djani Tchouaméni,Complete,21.897945,70.8,61.4,67.2,39.8
3857279,2022-11-22,Group Stage,Australia,2,64,18,France,10481,Aurélien Djani Tchouaméni,6704,Theo Bernard François Hernández,Complete,22.792324,77.9,22.5,89.7,3.0
3857279,2022-11-22,Group Stage,Australia,2,64,21,France,6704,Theo Bernard François Hernández,10481,Aurélien Djani Tchouaméni,Complete,11.907981,88.1,3.0,86.5,14.8
3857279,2022-11-22,Group Stage,Australia,2,64,22,France,10481,Aurélien Djani Tchouaméni,8519,Dayotchanculle Upamecano,Complete,16.944616,86.9,13.3,70.3,9.9
3857279,2022-11-22,Group Stage,Australia,2,64,26,France,8519,Dayotchanculle Upamecano,3099,Hugo Lloris,Complete,43.28995,58.2,2.0,25.1,29.9
3857279,2022-11-22,Group Stage,Australia,2,64,30,France,3099,Hugo Lloris,,,Injury Clearance,42.284985,25.9,30.5,55.8,0.6
3857279,2022-11-22,Group Stage,Australia,2,65,36,France,8519,Dayotchanculle Upamecano,11135,Ibrahima Konaté,Complete,36.557487,33.6,13.2,38.7,49.4
3857279,2022-11-22,Group Stage,Australia,2,65,40,France,11135,Ibrahima Konaté,3026,Adrien Rabiot,Complete,13.0,42.4,48.8,53.6,42.2
3857279,2022-11-22,Group Stage,Australia,2,65,42,France,3026,Adrien Rabiot,5476,Benjamin Pavard,Complete,16.589455,51.9,50.8,42.4,64.4
3857279,2022-11-22,Group Stage,Australia,2,65,44,France,5476,Benjamin Pavard,3026,Adrien Rabiot,Complete,11.272089,43.7,64.4,54.2,60.3
3857279,2022-11-22,Group Stage,Australia,2,65,45,France,3026,Adrien Rabiot,5476,Benjamin Pavard,Complete,10.417773,54.2,60.3,44.5,64.1
3857279,2022-11-22,Group Stage,Australia,2,65,47,France,5476,Benjamin Pavard,8519,Dayotchanculle Upamecano,Complete,31.907679,45.3,62.4,46.0,30.5
3857279,2022-11-22,Group Stage,Australia,2,65,51,France,8519,Dayotchanculle Upamecano,10481,Aurélien Djani Tchouaméni,Complete,11.374093,56.0,25.8,62.1,35.4
3857279,2022-11-22,Group Stage,Australia,2,65,54,France,10481,Aurélien Djani Tchouaméni,8519,Dayotchanculle Upamecano,Complete,11.0367565,63.8,26.5,62.9,15.5
3857279,2022-11-22,Group Stage,Australia,2,65,57,France,8519,Dayotchanculle Upamecano,3026,Adrien Rabiot,Complete,34.6013,63.2,14.5,62.9,49.1
3857279,2022-11-22,Group Stage,Australia,2,66,3,France,3026,Adrien Rabiot,5476,Benjamin Pavard,Complete,16.54237,75.2,47.8,71.4,63.9
3857279,2022-11-22,Group Stage,Australia,2,66,6,France,5476,Benjamin Pavard,3026,Adrien Rabiot,Complete,6.0,75.8,64.7,75.8,58.7
3857279,2022-11-22,Group Stage,Australia,2,66,7,France,3026,Adrien Rabiot,5476,Benjamin Pavard,Complete,7.1589108,75.8,58.7,72.4,65.0
3857279,2022-11-22,Group Stage,Australia,2,66,8,France,5476,Benjamin Pavard,11135,Ibrahima Konaté,Complete,17.91089,72.4,65.0,63.6,49.4
3857279,2022-11-22,Group Stage,Australia,2,66,12,France,11135,Ibrahima Konaté,8519,Dayotchanculle Upamecano,Complete,15.570806,66.4,44.2,68.7,28.8
3857279,2022-11-22,Group Stage,Australia,2,66,14,France,8519,Dayotchanculle Upamecano,11135,Ibrahima Konaté,Complete,12.001667,63.8,28.8,64.0,40.8
3857279,2022-11-22,Group Stage,Australia,2,66,16,France,11135,Ibrahima Konaté,,,Incomplete,17.348488,62.6,40.8,75.5,52.4
3857279,2022-11-22,Group Stage,Australia,2,66,21,France,5487,Antoine Griezmann,3604,Olivier Giroud,Complete,8.860023,87.8,50.4,93.1,43.3
3857279,2022-11-22,Group Stage,Australia,2,66,21,France,3604,Olivier Giroud,5487,Antoine Griezmann,Complete,5.7775426,93.1,43.3,87.8,45.6
3857279,2022-11-22,Group Stage,Australia,2,66,23,France,5487,Antoine Griezmann,6704,Theo Bernard François Hernández,Complete,30.372684,87.8,44.2,96.5,15.1
3857279,2022-11-22,Group Stage,Australia,2,66,26,France,6704,Theo Bernard François Hernández,3009,Kylian Mbappé Lottin,Complete,11.535164,103.1,11.8,104.0,23.3
3857279,2022-11-22,Group Stage,Australia,2,66,27,France,3009,Kylian Mbappé Lottin,6704,Theo Bernard François Hernández,Complete,8.616263,104.0,23.3,112.0,20.1
3857279,2022-11-22,Group Stage,Australia,2,66,29,France,6704,Theo Bernard François Hernández,5487,Antoine Griezmann,Complete,15.420116,117.6,26.9,105.3,36.2
3857279,2022-11-22,Group Stage,Australia,2,66,38,France,10481,Aurélien Djani Tchouaméni,11135,Ibrahima Konaté,Complete,33.742702,75.2,9.3,64.8,41.4
3857279,2022-11-22,Group Stage,Australia,2,66,42,France,11135,Ibrahima Konaté,5476,Benjamin Pavard,Complete,14.516887,68.6,48.2,71.1,62.5
3857279,2022-11-22,Group Stage,Australia,2,66,44,France,5476,Benjamin Pavard,11135,Ibrahima Konaté,Complete,13.613229,71.1,62.5,68.7,49.1
3857279,2022-11-22,Group Stage,Australia,2,66,45,France,11135,Ibrahima Konaté,3026,Adrien Rabiot,Complete,8.409518,68.7,50.6,77.1,51.0
3857279,2022-11-22,Group Stage,Australia,2,66,46,France,3026,Adrien Rabiot,8519,Dayotchanculle Upamecano,Complete,30.761177,77.1,51.0,73.1,20.5
3857279,2022-11-22,Group Stage,Australia,2,66,48,France,8519,Dayotchanculle Upamecano,6704,Theo Bernard François Hernández,Complete,18.110771,74.7,17.0,87.1,3.8
3857279,2022-11-22,Group Stage,Australia,2,66,51,France,6704,Theo Bernard François Hernández,3009,Kylian Mbappé Lottin,Complete,31.51587,91.1,5.0,115.7,24.7
3857279,2022-11-22,Group Stage,Australia,2,67,2,France,5477,Ousmane Dembélé,3009,Kylian Mbappé Lottin,Complete,21.204245,111.4,63.3,113.5,42.2
3857279,2022-11-22,Group Stage,Australia,2,69,52,France,3026,Adrien Rabiot,6704,Theo Bernard François Hernández,Complete,22.397322,19.1,37.5,23.3,15.5
3857279,2022-11-22,Group Stage,Australia,2,70,26,France,6704,Theo Bernard François Hernández,8519,Dayotchanculle Upamecano,Complete,14.990664,45.1,3.9,34.5,14.5
3857279,2022-11-22,Group Stage,Australia,2,70,28,France,8519,Dayotchanculle Upamecano,6704,Theo Bernard François Hernández,Complete,25.537815,34.5,14.5,57.2,2.8
3857279,2022-11-22,Group Stage,Australia,2,70,31,France,6704,Theo Bernard François Hernández,8519,Dayotchanculle Upamecano,Complete,14.921461,57.2,2.8,46.8,13.5
3857279,2022-11-22,Group Stage,Australia,2,70,34,France,8519,Dayotchanculle Upamecano,11135,Ibrahima Konaté,Complete,26.967388,48.1,15.1,45.1,41.9
3857279,2022-11-22,Group Stage,Australia,2,70,38,France,11135,Ibrahima Konaté,8519,Dayotchanculle Upamecano,Complete,15.519342,48.6,43.8,51.2,28.5
3857279,2022-11-22,Group Stage,Australia,2,70,40,France,8519,Dayotchanculle Upamecano,3009,Kylian Mbappé Lottin,Complete,43.185413,51.2,28.5,86.9,4.2
3857279,2022-11-22,Group Stage,Australia,2,70,49,France,3009,Kylian Mbappé Lottin,3604,Olivier Giroud,Complete,27.697292,116.8,15.1,113.5,42.6
3857279,2022-11-22,Group Stage,Australia,2,74,9,France,3099,Hugo Lloris,11135,Ibrahima Konaté,Complete,14.55232,7.0,36.1,10.6,50.2
3857279,2022-11-22,Group Stage,Australia,2,74,12,France,11135,Ibrahima Konaté,5476,Benjamin Pavard,Complete,17.514565,10.8,50.8,12.8,68.2
3857279,2022-11-22,Group Stage,Australia,2,74,14,France,5476,Benjamin Pavard,,,Incomplete,58.450405,12.8,68.2,62.1,36.8
3857279,2022-11-22,Group Stage,Australia,2,74,20,France,3026,Adrien Rabiot,3009,Kylian Mbappé Lottin,Complete,71.52517,43.1,22.8,112.0,3.6
3857279,2022-11-22,Group Stage,Australia,2,74,39,France,8519,Dayotchanculle Upamecano,3099,Hugo Lloris,Complete,40.208084,45.4,14.0,9.2,31.5
3857279,2022-11-22,Group Stage,Australia,2,74,42,France,3099,Hugo Lloris,11135,Ibrahima Konaté,Complete,32.2405,12.0,32.4,37.9,51.6
3857279,2022-11-22,Group Stage,Australia,2,74,46,France,11135,Ibrahima Konaté,10481,Aurélien Djani Tchouaméni,Complete,9.192389,39.1,52.1,48.2,50.8
3857279,2022-11-22,Group Stage,Australia,2,74,48,France,10481,Aurélien Djani Tchouaméni,3026,Adrien Rabiot,Complete,20.268448,48.9,49.4,57.4,31.0
3857279,2022-11-22,Group Stage,Australia,2,74,49,France,3026,Adrien Rabiot,8519,Dayotchanculle Upamecano,Complete,43.193172,57.4,31.0,18.0,13.3
3857279,2022-11-22,Group Stage,Australia,2,75,1,France,8519,Dayotchanculle Upamecano,11135,Ibrahima Konaté,Complete,33.010605,22.9,17.7,25.6,50.6
3857279,2022-11-22,Group Stage,Australia,2,75,4,France,11135,Ibrahima Konaté,3099,Hugo Lloris,Complete,25.532724,25.6,50.6,6.2,34.0
3857279,2022-11-22,Group Stage,Australia,2,75,6,France,3099,Hugo Lloris,,,Incomplete,56.63709,6.2,34.0,53.6,65.0
3857279,2022-11-22,Group Stage,Australia,2,76,44,France,3099,Hugo Lloris,5487,Antoine Griezmann,Incomplete,71.353,7.0,36.1,70.0,69.6
3857279,2022-11-22,Group Stage,Australia,2,77,11,France,11135,Ibrahima Konaté,3026,Adrien Rabiot,Complete,7.558439,15.7,62.4,22.9,60.1
3857279,2022-11-22,Group Stage,Australia,2,77,12,France,3026,Adrien Rabiot,11990,Youssouf Fofana,Complete,2.2627418,23.1,59.8,21.5,61.4
3857279,2022-11-22,Group Stage,Australia,2,77,13,France,11990,Youssouf Fofana,8519,Dayotchanculle Upamecano,Complete,9.9368,21.5,61.4,18.0,52.1
3857279,2022-11-22,Group Stage,Australia,2,77,15,France,8519,Dayotchanculle Upamecano,6704,Theo Bernard François Hernández,Complete,16.867128,24.8,43.4,21.3,26.9
3857279,2022-11-22,Group Stage,Australia,2,77,21,France,6704,Theo Bernard François Hernández,8519,Dayotchanculle Upamecano,Complete,11.981652,39.4,14.0,27.8,17.0
3857279,2022-11-22,Group Stage,Australia,2,77,24,France,8519,Dayotchanculle Upamecano,3026,Adrien Rabiot,Complete,19.790907,28.9,17.7,48.1,12.9
3857279,2022-11-22,Group Stage,Australia,2,77,26,France,3026,Adrien Rabiot,5487,Antoine Griezmann,Complete,14.301398,52.2,12.6,52.0,26.9
3857279,2022-11-22,Group Stage,Australia,2,77,27,France,5487,Antoine Griezmann,3009,Kylian Mbappé Lottin,Complete,11.601724,52.0,26.9,63.6,27.1
3857279,2022-11-22,Group Stage,Australia,2,77,28,France,3009,Kylian Mbappé Lottin,,,Incomplete,6.7052217,63.6,27.1,70.0,29.1
3857279,2022-11-22,Group Stage,Australia,2,79,38,France,11990,Youssouf Fofana,5487,Antoine Griezmann,Complete,4.2201896,60.2,54.3,63.6,56.8
3857279,2022-11-22,Group Stage,Australia,2,79,39,France,5487,Antoine Griezmann,11990,Youssouf Fofana,Complete,6.9339743,63.6,56.8,57.8,53.0
3857279,2022-11-22,Group Stage,Australia,2,79,41,France,11990,Youssouf Fofana,11135,Ibrahima Konaté,Complete,9.81835,57.4,52.1,47.6,51.5
3857279,2022-11-22,Group Stage,Australia,2,79,42,France,11135,Ibrahima Konaté,8519,Dayotchanculle Upamecano,Complete,18.317478,47.6,51.8,48.4,33.5
3857279,2022-11-22,Group Stage,Australia,2,79,44,France,8519,Dayotchanculle Upamecano,3026,Adrien Rabiot,Complete,9.693296,48.4,32.3,57.4,35.9
3857279,2022-11-22,Group Stage,Australia,2,79,48,France,3026,Adrien Rabiot,8519,Dayotchanculle Upamecano,Complete,12.998846,51.9,34.6,50.3,21.7
3857279,2022-11-22,Group Stage,Australia,2,79,51,France,8519,Dayotchanculle Upamecano,11135,Ibrahima Konaté,Complete,34.5407,51.4,19.3,45.9,53.4
3857279,2022-11-22,Group Stage,Australia,2,79,55,France,11135,Ibrahima Konaté,8217,Kingsley Coman,Complete,36.83911,46.8,54.3,74.4,78.7
3857279,2022-11-22,Group Stage,Australia,2,79,58,France,8217,Kingsley Coman,5476,Benjamin Pavard,Complete,13.146863,74.4,77.1,63.4,69.9
3857279,2022-11-22,Group Stage,Australia,2,80,0,France,5476,Benjamin Pavard,3026,Adrien Rabiot,Complete,27.585503,63.4,65.0,55.4,38.6
3857279,2022-11-22,Group Stage,Australia,2,80,5,France,3026,Adrien Rabiot,11135,Ibrahima Konaté,Incomplete,22.895414,66.8,26.7,89.0,21.1
3857279,2022-11-22,Group Stage,Australia,2,81,14,France,8217,Kingsley Coman,3009,Kylian Mbappé Lottin,Complete,32.875828,75.4,57.0,94.3,30.1
3857279,2022-11-22,Group Stage,Australia,2,81,20,France,3009,Kylian Mbappé Lottin,3604,Olivier Giroud,Incomplete,18.071247,106.9,26.5,113.3,43.4
3857279,2022-11-22,Group Stage,Australia,2,81,28,France,8217,Kingsley Coman,5476,Benjamin Pavard,Complete,15.001333,114.6,71.3,99.6,71.5
3857279,2022-11-22,Group Stage,Australia,2,81,31,France,5476,Benjamin Pavard,5487,Antoine Griezmann,Complete,6.293648,98.8,65.8,94.3,61.4
3857279,2022-11-22,Group Stage,Australia,2,81,32,France,5487,Antoine Griezmann,11990,Youssouf Fofana,Complete,6.762396,94.3,61.4,88.1,64.1
3857279,2022-11-22,Group Stage,Australia,2,81,33,France,11990,Youssouf Fofana,8217,Kingsley Coman,Complete,15.682156,88.1,66.6,97.3,79.3
3857279,2022-11-22,Group Stage,Australia,2,81,38,France,8217,Kingsley Coman,11990,Youssouf Fofana,Complete,7.5960517,95.1,74.0,87.8,71.9
3857279,2022-11-22,Group Stage,Australia,2,81,39,France,11990,Youssouf Fofana,11135,Ibrahima Konaté,Complete,25.353895,87.8,71.9,70.9,53.0
3857279,2022-11-22,Group Stage,Australia,2,81,42,France,11135,Ibrahima Konaté,3026,Adrien Rabiot,Complete,18.023596,70.9,53.0,78.8,36.8
3857279,2022-11-22,Group Stage,Australia,2,81,47,France,3026,Adrien Rabiot,6704,Theo Bernard François Hernández,Complete,13.405969,87.1,15.7,86.7,2.3
3857279,2022-11-22,Group Stage,Australia,2,81,48,France,6704,Theo Bernard François Hernández,8519,Dayotchanculle Upamecano,Complete,19.126944,86.7,2.3,68.9,9.3
3857279,2022-11-22,Group Stage,Australia,2,81,51,France,8519,Dayotchanculle Upamecano,11990,Youssouf Fofana,Complete,30.727512,68.9,9.3,67.6,40.0
3857279,2022-11-22,Group Stage,Australia,2,81,55,France,11990,Youssouf Fofana,5476,Benjamin Pavard,Complete,15.248607,71.4,47.6,67.0,62.2
3857279,2022-11-22,Group Stage,Australia,2,81,56,France,5476,Benjamin Pavard,11990,Youssouf Fofana,Complete,7.343024,67.0,62.2,70.6,55.8
3857279,2022-11-22,Group Stage,Australia,2,81,57,France,11990,Youssouf Fofana,8217,Kingsley Coman,Complete,24.105186,70.6,55.8,81.5,77.3
3857279,2022-11-22,Group Stage,Australia,2,82,1,France,8217,Kingsley Coman,11990,Youssouf Fofana,Complete,14.25798,81.5,77.3,69.5,69.6
3857279,2022-11-22,Group Stage,Australia,2,82,2,France,11990,Youssouf Fofana,5487,Antoine Griezmann,Complete,19.285486,69.5,69.6,88.3,65.3
3857279,2022-11-22,Group Stage,Australia,2,82,3,France,5487,Antoine Griezmann,,,Incomplete,2.8301942,88.3,65.3,85.9,63.8
3857279,2022-11-22,Group Stage,Australia,2,82,13,France,5487,Antoine Griezmann,3009,Kylian Mbappé Lottin,Complete,29.363924,82.1,44.4,108.9,32.4
3857279,2022-11-22,Group Stage,Australia,2,82,47,France,6704,Theo Bernard François Hernández,11135,Ibrahima Konaté,Complete,39.116364,43.8,7.4,28.5,43.4
3857279,2022-11-22,Group Stage,Australia,2,82,48,France,11135,Ibrahima Konaté,5487,Antoine Griezmann,Complete,26.517353,28.1,43.6,46.7,62.5
3857279,2022-11-22,Group Stage,Australia,2,82,50,France,5487,Antoine Griezmann,3026,Adrien Rabiot,Complete,27.997322,76.9,61.4,72.2,33.8
3857279,2022-11-22,Group Stage,Australia,2,82,54,France,3026,Adrien Rabiot,5487,Antoine Griezmann,Complete,9.060353,74.6,33.2,80.1,40.4
3857279,2022-11-22,Group Stage,Australia,2,82,55,France,5487,Antoine Griezmann,3009,Kylian Mbappé Lottin,Complete,13.244244,80.1,40.4,83.1,27.5
3857279,2022-11-22,Group Stage,Australia,2,82,56,France,3009,Kylian Mbappé Lottin,3026,Adrien Rabiot,Incomplete,9.192389,83.1,27.5,74.6,31.0
3857279,2022-11-22,Group Stage,Australia,2,83,2,France,3099,Hugo Lloris,11135,Ibrahima Konaté,Complete,24.851961,30.0,30.9,45.9,50.0
3857279,2022-11-22,Group Stage,Australia,2,83,6,France,11135,Ibrahima Konaté,11990,Youssouf Fofana,Complete,12.403628,45.9,51.0,58.2,52.6
3857279,2022-11-22,Group Stage,Australia,2,83,7,France,11990,Youssouf Fofana,11135,Ibrahima Konaté,Complete,13.912944,58.2,52.6,44.3,52.0
3857279,2022-11-22,Group Stage,Australia,2,83,10,France,11135,Ibrahima Konaté,8519,Dayotchanculle Upamecano,Complete,24.78911,44.3,49.6,46.4,24.9
3857279,2022-11-22,Group Stage,Australia,2,83,13,France,8519,Dayotchanculle Upamecano,6704,Theo Bernard François Hernández,Complete,28.992758,48.4,23.7,68.7,3.0
3857279,2022-11-22,Group Stage,Australia,2,83,17,France,6704,Theo Bernard François Hernández,8519,Dayotchanculle Upamecano,Complete,25.869287,75.5,2.8,51.6,12.7
3857279,2022-11-22,Group Stage,Australia,2,83,20,France,8519,Dayotchanculle Upamecano,5476,Benjamin Pavard,Complete,52.26471,51.2,15.5,53.8,67.7
3857279,2022-11-22,Group Stage,Australia,2,83,22,France,5476,Benjamin Pavard,11135,Ibrahima Konaté,Complete,12.791013,53.8,67.7,48.2,56.2
3857279,2022-11-22,Group Stage,Australia,2,83,24,France,11135,Ibrahima Konaté,5487,Antoine Griezmann,Complete,25.144583,48.2,56.2,71.9,64.6
3857279,2022-11-22,Group Stage,Australia,2,83,26,France,5487,Antoine Griezmann,8217,Kingsley Coman,Complete,7.4330344,76.8,73.1,80.9,79.3
3857279,2022-11-22,Group Stage,Australia,2,83,29,France,8217,Kingsley Coman,11990,Youssouf Fofana,Complete,16.037767,80.9,79.3,79.8,63.3
3857279,2022-11-22,Group Stage,Australia,2,83,30,France,11990,Youssouf Fofana,5476,Benjamin Pavard,Complete,12.010828,79.8,63.3,73.3,73.4
3857279,2022-11-22,Group Stage,Australia,2,83,31,France,5476,Benjamin Pavard,5487,Antoine Griezmann,Complete,5.3488317,73.3,73.4,78.3,75.3
3857279,2022-11-22,Group Stage,Australia,2,83,34,France,5487,Antoine Griezmann,11135,Ibrahima Konaté,Complete,24.522642,73.6,71.5,54.2,56.5
3857279,2022-11-22,Group Stage,Australia,2,83,36,France,11135,Ibrahima Konaté,8519,Dayotchanculle Upamecano,Complete,21.37405,54.2,55.4,59.9,34.8
3857279,2022-11-22,Group Stage,Australia,2,83,39,France,8519,Dayotchanculle Upamecano,6704,Theo Bernard François Hernández,Complete,35.898746,63.6,32.4,84.2,3.0
3857279,2022-11-22,Group Stage,Australia,2,83,41,France,6704,Theo Bernard François Hernández,3009,Kylian Mbappé Lottin,Complete,8.800569,86.1,2.8,80.9,9.9
3857279,2022-11-22,Group Stage,Australia,2,83,42,France,3009,Kylian Mbappé Lottin,6704,Theo Bernard François Hernández,Complete,10.111875,80.9,9.9,88.1,2.8
3857279,2022-11-22,Group Stage,Australia,2,83,45,France,6704,Theo Bernard François Hernández,3009,Kylian Mbappé Lottin,Complete,7.983107,89.9,4.7,82.1,3.0
3857279,2022-11-22,Group Stage,Australia,2,83,47,France,3009,Kylian Mbappé Lottin,8519,Dayotchanculle Upamecano,Complete,10.551303,79.1,4.2,68.9,6.9
3857279,2022-11-22,Group Stage,Australia,2,83,49,France,8519,Dayotchanculle Upamecano,11135,Ibrahima Konaté,Complete,29.06424,67.2,8.5,58.4,36.2
3857279,2022-11-22,Group Stage,Australia,2,83,52,France,11135,Ibrahima Konaté,,,Out,50.951447,61.6,38.6,91.3,80.0
3857279,2022-11-22,Group Stage,Australia,2,85,9,France,8217,Kingsley Coman,11135,Ibrahima Konaté,Complete,8.854378,24.1,79.1,21.3,70.7
3857279,2022-11-22,Group Stage,Australia,2,85,14,France,11135,Ibrahima Konaté,,,Out,19.32563,40.2,77.8,59.4,80.0
3857279,2022-11-22,Group Stage,Australia,2,85,35,France,8519,Dayotchanculle Upamecano,5476,Benjamin Pavard,Complete,7.50733,37.7,60.8,32.1,65.8
3857279,2022-11-22,Group Stage,Australia,2,85,37,France,5476,Benjamin Pavard,8519,Dayotchanculle Upamecano,Complete,5.2924476,32.1,65.8,30.1,60.9
3857279,2022-11-22,Group Stage,Australia,2,85,42,France,8519,Dayotchanculle Upamecano,5476,Benjamin Pavard,Complete,17.700283,27.9,60.9,27.8,78.6
3857279,2022-11-22,Group Stage,Australia,2,85,44,France,5476,Benjamin Pavard,8217,Kingsley Coman,Complete,17.602556,27.8,78.6,45.4,78.3
3857279,2022-11-22,Group Stage,Australia,2,85,47,France,8217,Kingsley Coman,8519,Dayotchanculle Upamecano,Complete,19.631098,36.3,72.9,24.0,57.6
3857279,2022-11-22,Group Stage,Australia,2,85,49,France,8519,Dayotchanculle Upamecano,3026,Adrien Rabiot,Complete,16.33432,24.0,57.6,35.5,46.0
3857279,2022-11-22,Group Stage,Australia,2,85,57,France,3026,Adrien Rabiot,11135,Ibrahima Konaté,Complete,23.810291,38.0,36.5,38.7,60.3
3857279,2022-11-22,Group Stage,Australia,2,85,59,France,11135,Ibrahima Konaté,5487,Antoine Griezmann,Complete,31.867538,41.5,62.0,68.0,79.7
3857279,2022-11-22,Group Stage,Australia,2,86,3,France,5487,Antoine Griezmann,3026,Adrien Rabiot,Complete,15.861904,74.9,72.7,64.3,60.9
3857279,2022-11-22,Group Stage,Australia,2,86,4,France,3026,Adrien Rabiot,5476,Benjamin Pavard,Complete,18.630352,64.3,60.8,69.8,78.6
3857279,2022-11-22,Group Stage,Australia,2,86,7,France,5476,Benjamin Pavard,8217,Kingsley Coman,Complete,12.53196,71.1,77.1,83.4,79.5
3857279,2022-11-22,Group Stage,Australia,2,86,9,France,8217,Kingsley Coman,5476,Benjamin Pavard,Complete,8.354639,83.4,79.5,75.2,77.9
3857279,2022-11-22,Group Stage,Australia,2,86,11,France,5476,Benjamin Pavard,11135,Ibrahima Konaté,Complete,26.836542,75.2,77.9,58.0,57.3
3857279,2022-11-22,Group Stage,Australia,2,86,14,France,11135,Ibrahima Konaté,8519,Dayotchanculle Upamecano,Complete,14.875819,62.8,55.1,64.3,40.3
3857279,2022-11-22,Group Stage,Australia,2,86,17,France,8519,Dayotchanculle Upamecano,3026,Adrien Rabiot,Complete,15.582362,64.3,40.3,65.9,55.8
3857279,2022-11-22,Group Stage,Australia,2,86,20,France,3026,Adrien Rabiot,5476,Benjamin Pavard,Complete,21.369371,70.6,57.0,75.5,77.8
3857279,2022-11-22,Group Stage,Australia,2,86,22,France,5476,Benjamin Pavard,8217,Kingsley Coman,Complete,9.0448885,75.5,77.8,84.5,78.7
3857279,2022-11-22,Group Stage,Australia,2,86,28,France,5476,Benjamin Pavard,11135,Ibrahima Konaté,Complete,22.703524,55.8,78.6,46.7,57.8
3857279,2022-11-22,Group Stage,Australia,2,86,31,France,11135,Ibrahima Konaté,8519,Dayotchanculle Upamecano,Complete,21.251352,46.7,55.4,53.6,35.3
3857279,2022-11-22,Group Stage,Australia,2,86,35,France,8519,Dayotchanculle Upamecano,11990,Youssouf Fofana,Complete,5.8694124,53.6,35.3,59.0,37.6
3857279,2022-11-22,Group Stage,Australia,2,86,39,France,11990,Youssouf Fofana,8217,Kingsley Coman,Complete,36.760033,72.2,48.2,100.3,71.9
3857279,2022-11-22,Group Stage,Australia,2,86,43,France,8217,Kingsley Coman,,,Incomplete,30.678493,104.7,70.5,115.8,41.9
3857279,2022-11-22,Group Stage,Australia,2,87,28,France,3009,Kylian Mbappé Lottin,5487,Antoine Griezmann,Complete,23.37734,70.3,7.4,68.4,30.7
3857279,2022-11-22,Group Stage,Australia,2,87,34,France,5487,Antoine Griezmann,3009,Kylian Mbappé Lottin,Complete,15.394155,71.4,45.5,85.7,39.8
3857279,2022-11-22,Group Stage,Australia,2,87,35,France,3009,Kylian Mbappé Lottin,5487,Antoine Griezmann,Complete,11.405701,85.7,39.8,76.0,45.8
3857279,2022-11-22,Group Stage,Australia,2,87,37,France,5487,Antoine Griezmann,5476,Benjamin Pavard,Complete,37.513332,77.6,47.6,100.9,77.0
3857279,2022-11-22,Group Stage,Australia,2,87,41,France,5476,Benjamin Pavard,,,Incomplete,43.026505,104.8,76.4,115.0,34.6
3857279,2022-11-22,Group Stage,Australia,2,89,0,France,5487,Antoine Griezmann,11135,Ibrahima Konaté,Complete,42.048782,120.0,0.1,112.1,41.4
3857279,2022-11-22,Group Stage,Australia,2,89,8,France,3009,Kylian Mbappé Lottin,,,Incomplete,2.236068,111.6,63.6,112.0,61.4
3857279,2022-11-22,Group Stage,Australia,2,89,13,France,3009,Kylian Mbappé Lottin,11990,Youssouf Fofana,Complete,11.552056,101.3,74.0,90.5,78.1
3857279,2022-11-22,Group Stage,Australia,2,89,15,France,11990,Youssouf Fofana,4445,Jules Koundé,Complete,33.180264,87.1,78.1,62.9,55.4
3857279,2022-11-22,Group Stage,Australia,2,89,21,France,4445,Jules Koundé,3099,Hugo Lloris,Complete,38.798195,57.4,51.8,22.1,35.7
3857279,2022-11-22,Group Stage,Australia,2,89,27,France,3099,Hugo Lloris,2972,Marcus Thuram,Incomplete,51.726204,26.5,39.7,77.9,45.5
3857279,2022-11-22,Group Stage,Australia,2,90,0,France,6704,Theo Bernard François Hernández,5487,Antoine Griezmann,Complete,22.365152,61.8,0.1,67.6,21.7
3857279,2022-11-22,Group Stage,Australia,2,90,1,France,5487,Antoine Griezmann,3009,Kylian Mbappé Lottin,Complete,14.365583,73.8,29.3,80.7,41.9
3857279,2022-11-22,Group Stage,Australia,2,90,2,France,3009,Kylian Mbappé Lottin,3026,Adrien Rabiot,Complete,16.601204,74.9,43.4,68.7,28.0
3857279,2022-11-22,Group Stage,Australia,2,90,5,France,3026,Adrien Rabiot,8217,Kingsley Coman,Complete,16.979988,71.7,21.7,88.1,17.3
3857279,2022-11-22,Group Stage,Australia,2,90,9,France,8217,Kingsley Coman,5487,Antoine Griezmann,Complete,15.184531,83.9,30.1,82.3,45.2
3857279,2022-11-22,Group Stage,Australia,2,90,11,France,5487,Antoine Griezmann,4445,Jules Koundé,Complete,27.032574,86.5,50.4,93.9,76.4
3857279,2022-11-22,Group Stage,Australia,2,90,15,France,4445,Jules Koundé,11990,Youssouf Fofana,Complete,18.760864,95.7,76.7,83.1,62.8
3857279,2022-11-22,Group Stage,Australia,2,90,17,France,11990,Youssouf Fofana,5487,Antoine Griezmann,Complete,11.85116,81.8,62.8,93.6,61.7
3857279,2022-11-22,Group Stage,Australia,2,90,18,France,5487,Antoine Griezmann,4445,Jules Koundé,Complete,13.509256,93.6,61.7,90.3,74.8
3857279,2022-11-22,Group Stage,Australia,2,90,21,France,4445,Jules Koundé,5487,Antoine Griezmann,Complete,15.316005,92.9,76.1,93.6,60.8
3857279,2022-11-22,Group Stage,Australia,2,90,24,France,5487,Antoine Griezmann,6704,Theo Bernard François Hernández,Complete,33.5872,94.1,60.0,112.8,32.1
3857279,2022-11-22,Group Stage,Australia,2,90,55,France,4445,Jules Koundé,3099,Hugo Lloris,Complete,36.838295,27.5,80.0,8.4,48.5
3857279,2022-11-22,Group Stage,Australia,2,90,59,France,3099,Hugo Lloris,8519,Dayotchanculle Upamecano,Complete,13.803261,9.5,44.8,18.8,34.6
3857279,2022-11-22,Group Stage,Australia,2,91,4,France,8519,Dayotchanculle Upamecano,11990,Youssouf Fofana,Complete,14.204225,28.5,32.4,36.1,44.4
3857279,2022-11-22,Group Stage,Australia,2,91,9,France,11990,Youssouf Fofana,8519,Dayotchanculle Upamecano,Complete,24.516525,43.8,52.0,39.3,27.9
3857279,2022-11-22,Group Stage,Australia,2,91,13,France,8519,Dayotchanculle Upamecano,3026,Adrien Rabiot,Complete,13.865424,47.8,25.0,53.8,37.5
3857279,2022-11-22,Group Stage,Australia,2,91,15,France,3026,Adrien Rabiot,6704,Theo Bernard François Hernández,Complete,31.849648,54.4,34.8,60.8,3.6
3857279,2022-11-22,Group Stage,Australia,2,91,19,France,6704,Theo Bernard François Hernández,8519,Dayotchanculle Upamecano,Complete,22.071928,63.4,3.9,44.5,15.3
3857279,2022-11-22,Group Stage,Australia,2,91,21,France,8519,Dayotchanculle Upamecano,11135,Ibrahima Konaté,Complete,34.77039,41.6,17.3,47.3,51.6
3857279,2022-11-22,Group Stage,Australia,2,91,27,France,11135,Ibrahima Konaté,8217,Kingsley Coman,Complete,18.33712,62.0,56.8,78.3,65.2
3857279,2022-11-22,Group Stage,Australia,2,91,35,France,8217,Kingsley Coman,5487,Antoine Griezmann,Complete,8.720092,99.3,63.0,104.5,56.0
3857279,2022-11-22,Group Stage,Australia,2,91,37,France,5487,Antoine Griezmann,,,Incomplete,10.404326,104.5,56.0,114.4,59.2
3857279,2022-11-22,Group Stage,Australia,2,91,49,France,4445,Jules Koundé,11135,Ibrahima Konaté,Complete,28.927668,106.9,80.0,78.5,74.5
3857279,2022-11-22,Group Stage,Australia,2,91,53,France,11135,Ibrahima Konaté,3026,Adrien Rabiot,Complete,8.372574,77.9,63.3,82.0,56.0
3857279,2022-11-22,Group Stage,Australia,2,91,55,France,3026,Adrien Rabiot,11135,Ibrahima Konaté,Complete,7.44043,76.6,53.8,72.2,59.8
3857279,2022-11-22,Group Stage,Australia,2,91,56,France,11135,Ibrahima Konaté,5487,Antoine Griezmann,Complete,14.870777,72.2,62.0,75.5,76.5
3857279,2022-11-22,Group Stage,Australia,2,91,57,France,5487,Antoine Griezmann,3026,Adrien Rabiot,Complete,7.4632435,75.5,76.5,79.8,70.4
3857279,2022-11-22,Group Stage,Australia,2,91,59,France,3026,Adrien Rabiot,4445,Jules Koundé,Complete,12.267437,80.1,70.7,88.1,80.0
3857279,2022-11-22,Group Stage,Australia,2,92,2,France,4445,Jules Koundé,3026,Adrien Rabiot,Complete,9.305912,92.3,78.1,87.9,69.9
3857279,2022-11-22,Group Stage,Australia,2,92,3,France,3026,Adrien Rabiot,5487,Antoine Griezmann,Complete,8.3600235,87.9,69.9,81.2,74.9
3857279,2022-11-22,Group Stage,Australia,2,92,3,France,5487,Antoine Griezmann,8519,Dayotchanculle Upamecano,Complete,38.429806,81.2,74.9,69.8,38.2
3857279,2022-11-22,Group Stage,Australia,2,92,8,France,8519,Dayotchanculle Upamecano,11990,Youssouf Fofana,Complete,7.939773,75.5,33.8,80.7,39.8
3857279,2022-11-22,Group Stage,Australia,2,92,9,France,11990,Youssouf Fofana,8519,Dayotchanculle Upamecano,Complete,8.563293,80.7,39.8,74.9,33.5
3857279,2022-11-22,Group Stage,Australia,2,92,10,France,8519,Dayotchanculle Upamecano,11135,Ibrahima Konaté,Complete,18.917189,74.9,33.5,69.4,51.6
3857279,2022-11-22,Group Stage,Australia,2,92,13,France,11135,Ibrahima Konaté,3026,Adrien Rabiot,Complete,19.163769,69.4,52.6,86.1,62.0
3857279,2022-11-22,Group Stage,Australia,2,92,13,France,3026,Adrien Rabiot,5487,Antoine Griezmann,Complete,7.21734,86.1,62.0,93.3,62.5
3857279,2022-11-22,Group Stage,Australia,2,92,14,France,5487,Antoine Griezmann,3026,Adrien Rabiot,Complete,4.427189,93.3,62.5,89.1,63.9
3857279,2022-11-22,Group Stage,Australia,2,92,15,France,3026,Adrien Rabiot,8217,Kingsley Coman,Complete,17.705366,89.1,63.9,102.3,75.7
3857279,2022-11-22,Group Stage,Australia,2,92,23,France,8217,Kingsley Coman,3026,Adrien Rabiot,Complete,3.4985712,100.9,58.0,97.9,59.8
3857279,2022-11-22,Group Stage,Australia,2,92,24,France,3026,Adrien Rabiot,4445,Jules Koundé,Complete,16.31962,97.9,59.8,97.1,76.1
3857279,2022-11-22,Group Stage,Australia,2,92,27,France,4445,Jules Koundé,8217,Kingsley Coman,Complete,15.764834,97.1,74.8,100.9,59.5
3857279,2022-11-22,Group Stage,Australia,2,93,3,France,6704,Theo Bernard François Hernández,3009,Kylian Mbappé Lottin,Complete,36.641235,57.1,9.9,74.4,42.2
3857279,2022-11-22,Group Stage,Australia,2,93,13,France,3099,Hugo Lloris,11135,Ibrahima Konaté,Complete,10.872442,13.8,48.2,19.9,57.2
3857279,2022-11-22,Group Stage,Australia,2,93,16,France,11135,Ibrahima Konaté,11990,Youssouf Fofana,Complete,13.009612,21.5,59.5,34.5,60.0
3857279,2022-11-22,Group Stage,Australia,2,93,19,France,11990,Youssouf Fofana,3026,Adrien Rabiot,Complete,19.0,40.1,52.1,40.1,33.1
3857279,2022-11-22,Group Stage,Australia,2,93,23,France,3026,Adrien Rabiot,11990,Youssouf Fofana,Complete,16.501211,45.4,26.1,45.6,42.6
3857279,2022-11-22,Group Stage,Australia,2,93,24,France,11990,Youssouf Fofana,8519,Dayotchanculle Upamecano,Complete,20.193316,45.6,43.3,35.7,25.7
3857279,2022-11-22,Group Stage,Australia,2,93,27,France,8519,Dayotchanculle Upamecano,11135,Ibrahima Konaté,Complete,27.539427,35.7,29.1,41.6,56.0
3857279,2022-11-22,Group Stage,Australia,2,93,30,France,11135,Ibrahima Konaté,11990,Youssouf Fofana,Complete,14.204225,44.0,57.0,56.0,49.4
3857279,2022-11-22,Group Stage,Australia,2,93,33,France,11990,Youssouf Fofana,8519,Dayotchanculle Upamecano,Complete,23.584953,52.0,54.2,50.0,30.7
3857279,2022-11-22,Group Stage,Australia,2,93,36,France,8519,Dayotchanculle Upamecano,6704,Theo Bernard François Hernández,Complete,33.67744,57.4,34.5,75.5,6.1
3857279,2022-11-22,Group Stage,Australia,2,93,41,France,6704,Theo Bernard François Hernández,11990,Youssouf Fofana,Incomplete,9.802041,93.7,18.6,93.9,28.4
3857279,2022-11-22,Group Stage,Australia,2,94,37,France,8519,Dayotchanculle Upamecano,5487,Antoine Griezmann,Complete,52.934395,57.2,11.0,68.1,62.8
3857279,2022-11-22,Group Stage,Australia,2,94,39,France,5487,Antoine Griezmann,8519,Dayotchanculle Upamecano,Complete,42.104633,62.8,64.1,52.4,23.3
3857279,2022-11-22,Group Stage,Australia,2,94,43,France,8519,Dayotchanculle Upamecano,11135,Ibrahima Konaté,Complete,18.967604,51.4,25.3,53.0,44.2
3857279,2022-11-22,Group Stage,Australia,2,94,45,France,11135,Ibrahima Konaté,8519,Dayotchanculle Upamecano,Complete,20.562344,53.0,44.2,51.4,23.7
3857279,2022-11-22,Group Stage,Australia,2,94,47,France,8519,Dayotchanculle Upamecano,6704,Theo Bernard François Hernández,Complete,20.59126,51.4,23.3,59.8,4.5
3857279,2022-11-22,Group Stage,Australia,2,94,51,France,6704,Theo Bernard François Hernández,3026,Adrien Rabiot,Complete,12.677539,59.8,4.7,58.4,17.3
3857279,2022-11-22,Group Stage,Australia,2,94,53,France,3026,Adrien Rabiot,3009,Kylian Mbappé Lottin,Complete,14.624979,56.4,15.5,69.4,8.8
3857279,2022-11-22,Group Stage,Australia,2,94,57,France,3009,Kylian Mbappé Lottin,8217,Kingsley Coman,Complete,26.379726,65.6,34.8,76.1,59.0
3857279,2022-11-22,Group Stage,Australia,2,95,2,France,4445,Jules Koundé,8217,Kingsley Coman,Out,25.738104,94.3,61.7,120.0,60.3
3857279,2022-11-22,Group Stage,Australia,2,96,1,France,3026,Adrien Rabiot,3009,Kylian Mbappé Lottin,Complete,13.536986,64.0,13.3,75.4,6.0
