match_id,fecha,fase,oponente,periodo,minuto,segundo,equipo,jugador_id,jugador_nombre,receptor_id,receptor_nombre,resultado,longitud_pase,inicio_x,inicio_y,fin_x,fin_y
3857287,2022-11-24,Group Stage,South Korea,1,0,16,Uruguay,5255,Matías Vecino Falero,5260,Rodrigo Bentancur Colmán,Complete,3.5735137,29.2,23.5,25.8,24.6
3857287,2022-11-24,Group Stage,South Korea,1,0,17,Uruguay,5260,Rodrigo Bentancur Colmán,7104,Mathías Olivera Miramontes,Complete,10.6737995,25.4,23.1,28.2,12.8
3857287,2022-11-24,Group Stage,South Korea,1,0,17,Uruguay,7104,Mathías Olivera Miramontes,5260,Rodrigo Bentancur Colmán,Complete,12.007081,28.2,13.3,16.3,14.9
3857287,2022-11-24,Group Stage,South Korea,1,0,43,Uruguay,7104,Mathías Olivera Miramontes,32478,Darwin Gabriel Núñez Ribeiro,Complete,13.678084,17.3,0.1,30.8,2.3
3857287,2022-11-24,Group Stage,South Korea,1,0,45,Uruguay,32478,Darwin Gabriel Núñez Ribeiro,5246,Luis Alberto Suárez Díaz,Complete,13.159408,29.5,2.9,42.4,5.5
3857287,2022-11-24,Group Stage,South Korea,1,1,50,Uruguay,36710,Sergio Rochet Álvarez,32478,Darwin Gabriel Núñez Ribeiro,Incomplete,81.61868,12.3,28.2,89.8,53.8
3857287,2022-11-24,Group Stage,South Korea,1,2,48,Uruguay,5248,José Martín Cáceres Silva,36288,Facundo Pellistri Rebollo,Incomplete,10.317461,36.4,67.4,46.7,66.8
3857287,2022-11-24,Group Stage,South Korea,1,2,51,Uruguay,5248,José Martín Cáceres Silva,6773,Federico Santiago Valverde Dipetta,Incomplete,11.135978,34.4,65.4,44.4,60.5
3857287,2022-11-24,Group Stage,South Korea,1,2,54,Uruguay,5260,Rodrigo Bentancur Colmán,32478,Darwin Gabriel Núñez Ribeiro,Complete,20.941824,36.0,53.8,54.4,43.8
3857287,2022-11-24,Group Stage,South Korea,1,2,57,Uruguay,32478,Darwin Gabriel Núñez Ribeiro,,,Incomplete,11.520851,53.8,43.2,42.6,45.9
3857287,2022-11-24,Group Stage,South Korea,1,4,7,Uruguay,5248,José Martín Cáceres Silva,,,Incomplete,1.3,7.5,78.8,8.8,78.8
3857287,2022-11-24,Group Stage,South Korea,1,4,32,Uruguay,5248,José Martín Cáceres Silva,5246,Luis Alberto Suárez Díaz,Complete,13.170042,23.6,80.0,36.4,76.9
3857287,2022-11-24,Group Stage,South Korea,1,4,35,Uruguay,5246,Luis Alberto Suárez Díaz,,,Incomplete,53.562767,33.3,76.9,63.7,32.8
3857287,2022-11-24,Group Stage,South Korea,1,5,19,Uruguay,7104,Mathías Olivera Miramontes,32478,Darwin Gabriel Núñez Ribeiro,Complete,17.85497,24.6,19.9,36.4,6.5
3857287,2022-11-24,Group Stage,South Korea,1,5,37,Uruguay,7104,Mathías Olivera Miramontes,5255,Matías Vecino Falero,Complete,16.772001,65.4,3.5,50.3,10.8
3857287,2022-11-24,Group Stage,South Korea,1,5,40,Uruguay,5255,Matías Vecino Falero,5249,Diego Roberto Godín Leal,Complete,33.86163,52.5,11.1,38.0,41.7
3857287,2022-11-24,Group Stage,South Korea,1,5,43,Uruguay,5249,Diego Roberto Godín Leal,5259,José María Giménez de Vargas,Complete,14.945903,39.9,40.7,42.6,26.0
3857287,2022-11-24,Group Stage,South Korea,1,5,47,Uruguay,5259,José María Giménez de Vargas,7104,Mathías Olivera Miramontes,Complete,22.501556,55.9,15.9,75.3,4.5
3857287,2022-11-24,Group Stage,South Korea,1,5,56,Uruguay,5259,José María Giménez de Vargas,5246,Luis Alberto Suárez Díaz,Incomplete,19.474342,75.5,24.0,94.8,26.6
3857287,2022-11-24,Group Stage,South Korea,1,6,12,Uruguay,7104,Mathías Olivera Miramontes,5255,Matías Vecino Falero,Incomplete,1.6552945,34.3,15.6,35.8,16.3
3857287,2022-11-24,Group Stage,South Korea,1,6,14,Uruguay,32478,Darwin Gabriel Núñez Ribeiro,36710,Sergio Rochet Álvarez,Complete,20.08009,19.2,11.8,7.2,27.9
3857287,2022-11-24,Group Stage,South Korea,1,6,16,Uruguay,36710,Sergio Rochet Álvarez,,,Incomplete,27.58623,7.5,30.0,34.9,33.2
3857287,2022-11-24,Group Stage,South Korea,1,6,22,Uruguay,5248,José Martín Cáceres Silva,36288,Facundo Pellistri Rebollo,Incomplete,29.67086,28.5,59.9,57.9,63.9
3857287,2022-11-24,Group Stage,South Korea,1,8,45,Uruguay,5255,Matías Vecino Falero,32478,Darwin Gabriel Núñez Ribeiro,Complete,44.91069,48.1,38.5,79.2,6.1
3857287,2022-11-24,Group Stage,South Korea,1,9,16,Uruguay,7104,Mathías Olivera Miramontes,5255,Matías Vecino Falero,Complete,10.307764,110.9,0.1,116.1,9.0
3857287,2022-11-24,Group Stage,South Korea,1,9,16,Uruguay,5255,Matías Vecino Falero,7104,Mathías Olivera Miramontes,Complete,11.1139555,116.1,8.0,106.5,2.4
3857287,2022-11-24,Group Stage,South Korea,1,9,19,Uruguay,7104,Mathías Olivera Miramontes,5246,Luis Alberto Suárez Díaz,Complete,11.057124,105.5,5.5,101.0,15.6
3857287,2022-11-24,Group Stage,South Korea,1,9,20,Uruguay,5246,Luis Alberto Suárez Díaz,5255,Matías Vecino Falero,Complete,7.3979726,99.5,16.3,106.8,17.5
3857287,2022-11-24,Group Stage,South Korea,1,10,42,Uruguay,36710,Sergio Rochet Álvarez,32478,Darwin Gabriel Núñez Ribeiro,Complete,71.71192,11.2,15.9,82.0,4.5
3857287,2022-11-24,Group Stage,South Korea,1,10,46,Uruguay,32478,Darwin Gabriel Núñez Ribeiro,5255,Matías Vecino Falero,Complete,15.357409,82.0,4.9,84.8,20.0
3857287,2022-11-24,Group Stage,South Korea,1,10,47,Uruguay,5255,Matías Vecino Falero,5246,Luis Alberto Suárez Díaz,Incomplete,15.730543,85.6,22.0,100.3,16.4
3857287,2022-11-24,Group Stage,South Korea,1,12,25,Uruguay,5248,José Martín Cáceres Silva,,,Incomplete,37.561817,22.9,80.0,53.7,58.5
3857287,2022-11-24,Group Stage,South Korea,1,12,32,Uruguay,5255,Matías Vecino Falero,7104,Mathías Olivera Miramontes,Complete,29.500677,63.6,45.1,83.8,23.6
3857287,2022-11-24,Group Stage,South Korea,1,12,37,Uruguay,7104,Mathías Olivera Miramontes,5255,Matías Vecino Falero,Complete,17.22353,94.3,20.5,109.5,28.6
3857287,2022-11-24,Group Stage,South Korea,1,13,48,Uruguay,32478,Darwin Gabriel Núñez Ribeiro,5246,Luis Alberto Suárez Díaz,Complete,17.762882,48.6,28.4,66.2,26.0
3857287,2022-11-24,Group Stage,South Korea,1,13,52,Uruguay,5246,Luis Alberto Suárez Díaz,5255,Matías Vecino Falero,Complete,21.41705,76.6,7.6,70.4,28.1
3857287,2022-11-24,Group Stage,South Korea,1,13,57,Uruguay,5255,Matías Vecino Falero,6773,Federico Santiago Valverde Dipetta,Complete,21.71474,80.5,33.1,79.7,54.8
3857287,2022-11-24,Group Stage,South Korea,1,13,59,Uruguay,6773,Federico Santiago Valverde Dipetta,5248,José Martín Cáceres Silva,Complete,20.513897,76.6,54.2,80.7,74.3
3857287,2022-11-24,Group Stage,South Korea,1,14,1,Uruguay,5248,José Martín Cáceres Silva,36288,Facundo Pellistri Rebollo,Complete,24.053274,79.7,74.3,103.7,75.9
3857287,2022-11-24,Group Stage,South Korea,1,14,5,Uruguay,36288,Facundo Pellistri Rebollo,5248,José Martín Cáceres Silva,Complete,20.796394,103.0,76.9,82.3,74.9
3857287,2022-11-24,Group Stage,South Korea,1,14,7,Uruguay,5248,José Martín Cáceres Silva,6773,Federico Santiago Valverde Dipetta,Complete,4.0816665,82.3,73.9,78.8,71.8
3857287,2022-11-24,Group Stage,South Korea,1,14,8,Uruguay,6773,Federico Santiago Valverde Dipetta,5248,José Martín Cáceres Silva,Complete,4.7507896,79.5,71.5,83.6,73.9
3857287,2022-11-24,Group Stage,South Korea,1,14,9,Uruguay,5248,José Martín Cáceres Silva,6773,Federico Santiago Valverde Dipetta,Complete,9.525755,83.6,73.3,75.1,69.0
3857287,2022-11-24,Group Stage,South Korea,1,14,11,Uruguay,6773,Federico Santiago Valverde Dipetta,5259,José María Giménez de Vargas,Complete,35.300568,74.5,62.4,74.7,27.1
3857287,2022-11-24,Group Stage,South Korea,1,14,15,Uruguay,5259,José María Giménez de Vargas,7104,Mathías Olivera Miramontes,Complete,24.113274,83.5,23.1,98.6,4.3
3857287,2022-11-24,Group Stage,South Korea,1,14,19,Uruguay,7104,Mathías Olivera Miramontes,5259,José María Giménez de Vargas,Complete,14.733974,92.9,8.4,78.2,7.4
3857287,2022-11-24,Group Stage,South Korea,1,14,22,Uruguay,5259,José María Giménez de Vargas,5249,Diego Roberto Godín Leal,Complete,32.52599,74.7,6.5,63.4,37.0
3857287,2022-11-24,Group Stage,South Korea,1,14,25,Uruguay,5249,Diego Roberto Godín Leal,5248,José Martín Cáceres Silva,Complete,11.3,64.0,44.8,64.0,56.1
3857287,2022-11-24,Group Stage,South Korea,1,14,26,Uruguay,5248,José Martín Cáceres Silva,5249,Diego Roberto Godín Leal,Complete,10.480935,64.0,56.1,62.7,45.7
3857287,2022-11-24,Group Stage,South Korea,1,14,28,Uruguay,5249,Diego Roberto Godín Leal,5255,Matías Vecino Falero,Complete,22.13504,58.1,45.7,70.1,27.1
3857287,2022-11-24,Group Stage,South Korea,1,14,31,Uruguay,5255,Matías Vecino Falero,5259,José María Giménez de Vargas,Complete,7.0092797,74.7,27.2,69.5,22.5
3857287,2022-11-24,Group Stage,South Korea,1,14,33,Uruguay,5259,José María Giménez de Vargas,5255,Matías Vecino Falero,Complete,11.7515955,69.1,23.5,77.8,15.6
3857287,2022-11-24,Group Stage,South Korea,1,14,35,Uruguay,5255,Matías Vecino Falero,5259,José María Giménez de Vargas,Complete,15.255163,76.7,15.5,64.1,24.1
3857287,2022-11-24,Group Stage,South Korea,1,14,38,Uruguay,5259,José María Giménez de Vargas,5249,Diego Roberto Godín Leal,Complete,26.005,64.1,25.6,59.0,51.1
3857287,2022-11-24,Group Stage,South Korea,1,14,41,Uruguay,5249,Diego Roberto Godín Leal,36288,Facundo Pellistri Rebollo,Complete,31.681225,59.6,53.8,82.3,75.9
3857287,2022-11-24,Group Stage,South Korea,1,14,45,Uruguay,36288,Facundo Pellistri Rebollo,5248,José Martín Cáceres Silva,Complete,18.146626,87.6,75.9,69.5,74.6
3857287,2022-11-24,Group Stage,South Korea,1,14,47,Uruguay,5248,José Martín Cáceres Silva,5249,Diego Roberto Godín Leal,Complete,23.881582,69.5,75.9,58.7,54.6
3857287,2022-11-24,Group Stage,South Korea,1,14,49,Uruguay,5249,Diego Roberto Godín Leal,5259,José María Giménez de Vargas,Complete,27.209005,58.7,52.7,63.4,25.9
3857287,2022-11-24,Group Stage,South Korea,1,14,53,Uruguay,5259,José María Giménez de Vargas,5260,Rodrigo Bentancur Colmán,Complete,14.582523,63.4,25.2,76.3,32.0
3857287,2022-11-24,Group Stage,South Korea,1,16,39,Uruguay,36710,Sergio Rochet Álvarez,5260,Rodrigo Bentancur Colmán,Complete,25.36533,7.0,44.1,31.2,51.7
3857287,2022-11-24,Group Stage,South Korea,1,16,44,Uruguay,5260,Rodrigo Bentancur Colmán,5259,José María Giménez de Vargas,Complete,24.992998,30.8,55.2,33.9,30.4
3857287,2022-11-24,Group Stage,South Korea,1,16,48,Uruguay,5259,José María Giménez de Vargas,5260,Rodrigo Bentancur Colmán,Complete,23.003477,35.4,26.6,35.8,49.6
3857287,2022-11-24,Group Stage,South Korea,1,16,52,Uruguay,5260,Rodrigo Bentancur Colmán,7104,Mathías Olivera Miramontes,Incomplete,56.081547,42.4,47.9,90.7,19.4
3857287,2022-11-24,Group Stage,South Korea,1,17,33,Uruguay,7104,Mathías Olivera Miramontes,6773,Federico Santiago Valverde Dipetta,Complete,26.210304,28.9,18.4,50.6,33.1
3857287,2022-11-24,Group Stage,South Korea,1,17,36,Uruguay,6773,Federico Santiago Valverde Dipetta,,,Incomplete,23.769728,49.6,33.5,70.0,45.7
3857287,2022-11-24,Group Stage,South Korea,1,18,17,Uruguay,36710,Sergio Rochet Álvarez,5260,Rodrigo Bentancur Colmán,Complete,5.6222773,7.0,36.1,7.5,41.7
3857287,2022-11-24,Group Stage,South Korea,1,18,21,Uruguay,5260,Rodrigo Bentancur Colmán,5259,José María Giménez de Vargas,Complete,23.78571,15.7,42.2,31.7,24.6
3857287,2022-11-24,Group Stage,South Korea,1,18,27,Uruguay,5259,José María Giménez de Vargas,5260,Rodrigo Bentancur Colmán,Complete,26.585146,53.0,10.5,32.9,27.9
3857287,2022-11-24,Group Stage,South Korea,1,18,31,Uruguay,5260,Rodrigo Bentancur Colmán,5249,Diego Roberto Godín Leal,Complete,31.208492,35.4,29.1,38.0,60.2
3857287,2022-11-24,Group Stage,South Korea,1,18,36,Uruguay,5249,Diego Roberto Godín Leal,5260,Rodrigo Bentancur Colmán,Complete,21.000952,45.3,71.8,45.1,50.8
3857287,2022-11-24,Group Stage,South Korea,1,18,39,Uruguay,5260,Rodrigo Bentancur Colmán,5259,José María Giménez de Vargas,Complete,34.372227,44.5,51.9,53.4,18.7
3857287,2022-11-24,Group Stage,South Korea,1,18,42,Uruguay,5259,José María Giménez de Vargas,6773,Federico Santiago Valverde Dipetta,Complete,51.41916,53.8,19.9,101.5,39.1
3857287,2022-11-24,Group Stage,South Korea,1,19,34,Uruguay,5249,Diego Roberto Godín Leal,5246,Luis Alberto Suárez Díaz,Incomplete,30.1264,70.4,57.7,98.6,68.3
3857287,2022-11-24,Group Stage,South Korea,1,20,2,Uruguay,5248,José Martín Cáceres Silva,5255,Matías Vecino Falero,Complete,27.00463,99.5,80.0,116.1,58.7
3857287,2022-11-24,Group Stage,South Korea,1,20,6,Uruguay,5255,Matías Vecino Falero,,,Incomplete,19.669773,119.0,54.2,107.7,38.1
3857287,2022-11-24,Group Stage,South Korea,1,20,21,Uruguay,7104,Mathías Olivera Miramontes,5260,Rodrigo Bentancur Colmán,Complete,26.971281,107.8,0.1,86.7,16.9
3857287,2022-11-24,Group Stage,South Korea,1,20,25,Uruguay,5260,Rodrigo Bentancur Colmán,5259,José María Giménez de Vargas,Complete,16.80268,75.5,11.8,58.7,11.5
3857287,2022-11-24,Group Stage,South Korea,1,20,27,Uruguay,5259,José María Giménez de Vargas,5249,Diego Roberto Godín Leal,Complete,36.382412,55.0,13.4,45.8,48.6
3857287,2022-11-24,Group Stage,South Korea,1,20,31,Uruguay,5249,Diego Roberto Godín Leal,6773,Federico Santiago Valverde Dipetta,Complete,12.300406,45.8,48.8,56.9,43.5
3857287,2022-11-24,Group Stage,South Korea,1,20,32,Uruguay,6773,Federico Santiago Valverde Dipetta,5248,José Martín Cáceres Silva,Complete,29.917387,56.9,43.6,46.1,71.5
3857287,2022-11-24,Group Stage,South Korea,1,20,35,Uruguay,5248,José Martín Cáceres Silva,5249,Diego Roberto Godín Leal,Complete,15.84929,46.5,67.7,34.9,56.9
3857287,2022-11-24,Group Stage,South Korea,1,20,41,Uruguay,5249,Diego Roberto Godín Leal,5259,José María Giménez de Vargas,Complete,38.03117,39.2,54.2,32.3,16.8
3857287,2022-11-24,Group Stage,South Korea,1,20,45,Uruguay,5259,José María Giménez de Vargas,5260,Rodrigo Bentancur Colmán,Complete,12.159359,39.5,15.5,45.8,5.1
3857287,2022-11-24,Group Stage,South Korea,1,20,46,Uruguay,5260,Rodrigo Bentancur Colmán,7104,Mathías Olivera Miramontes,Complete,19.188799,45.1,4.5,54.0,21.5
3857287,2022-11-24,Group Stage,South Korea,1,20,48,Uruguay,7104,Mathías Olivera Miramontes,,,Incomplete,2.1931713,54.6,22.1,55.5,24.1
3857287,2022-11-24,Group Stage,South Korea,1,21,11,Uruguay,5260,Rodrigo Bentancur Colmán,5259,José María Giménez de Vargas,Complete,24.89016,48.6,37.6,66.2,20.0
3857287,2022-11-24,Group Stage,South Korea,1,21,15,Uruguay,5259,José María Giménez de Vargas,36288,Facundo Pellistri Rebollo,Complete,61.976852,64.4,20.6,110.7,61.8
3857287,2022-11-24,Group Stage,South Korea,1,21,18,Uruguay,36288,Facundo Pellistri Rebollo,7104,Mathías Olivera Miramontes,Complete,34.805317,111.3,58.2,115.9,23.7
3857287,2022-11-24,Group Stage,South Korea,1,21,21,Uruguay,7104,Mathías Olivera Miramontes,5246,Luis Alberto Suárez Díaz,Complete,12.209013,116.5,24.1,112.4,35.6
3857287,2022-11-24,Group Stage,South Korea,1,22,5,Uruguay,7104,Mathías Olivera Miramontes,5246,Luis Alberto Suárez Díaz,Complete,17.293062,100.4,0.1,104.5,16.9
3857287,2022-11-24,Group Stage,South Korea,1,22,6,Uruguay,5246,Luis Alberto Suárez Díaz,7104,Mathías Olivera Miramontes,Complete,12.467959,103.7,16.9,102.4,4.5
3857287,2022-11-24,Group Stage,South Korea,1,22,10,Uruguay,7104,Mathías Olivera Miramontes,5259,José María Giménez de Vargas,Complete,19.6,93.9,8.4,74.3,8.4
3857287,2022-11-24,Group Stage,South Korea,1,22,12,Uruguay,5259,José María Giménez de Vargas,5249,Diego Roberto Godín Leal,Complete,30.52032,73.2,9.0,55.0,33.5
3857287,2022-11-24,Group Stage,South Korea,1,22,17,Uruguay,5249,Diego Roberto Godín Leal,5248,José Martín Cáceres Silva,Complete,14.96028,59.6,40.1,54.6,54.2
3857287,2022-11-24,Group Stage,South Korea,1,22,18,Uruguay,5248,José Martín Cáceres Silva,5249,Diego Roberto Godín Leal,Complete,13.336041,54.9,53.9,53.0,40.7
3857287,2022-11-24,Group Stage,South Korea,1,22,23,Uruguay,5249,Diego Roberto Godín Leal,5259,José María Giménez de Vargas,Complete,27.546507,53.4,43.8,55.0,16.3
3857287,2022-11-24,Group Stage,South Korea,1,22,27,Uruguay,5259,José María Giménez de Vargas,5255,Matías Vecino Falero,Incomplete,21.317833,63.4,10.8,74.5,29.0
3857287,2022-11-24,Group Stage,South Korea,1,22,42,Uruguay,7104,Mathías Olivera Miramontes,6773,Federico Santiago Valverde Dipetta,Complete,27.771389,88.8,0.1,77.8,25.6
3857287,2022-11-24,Group Stage,South Korea,1,22,44,Uruguay,6773,Federico Santiago Valverde Dipetta,5249,Diego Roberto Godín Leal,Complete,20.515604,77.6,27.1,57.1,27.9
3857287,2022-11-24,Group Stage,South Korea,1,22,47,Uruguay,5249,Diego Roberto Godín Leal,5259,José María Giménez de Vargas,Complete,8.026207,56.1,26.9,60.2,20.0
3857287,2022-11-24,Group Stage,South Korea,1,22,49,Uruguay,5259,José María Giménez de Vargas,5249,Diego Roberto Godín Leal,Complete,16.414627,59.0,21.1,47.8,33.1
3857287,2022-11-24,Group Stage,South Korea,1,22,51,Uruguay,5249,Diego Roberto Godín Leal,5248,José Martín Cáceres Silva,Complete,26.709175,46.5,34.3,45.8,61.0
3857287,2022-11-24,Group Stage,South Korea,1,22,54,Uruguay,5248,José Martín Cáceres Silva,5260,Rodrigo Bentancur Colmán,Complete,14.425672,47.6,59.2,57.9,49.1
3857287,2022-11-24,Group Stage,South Korea,1,22,55,Uruguay,5260,Rodrigo Bentancur Colmán,5248,José Martín Cáceres Silva,Complete,14.88086,57.1,49.4,45.1,58.2
3857287,2022-11-24,Group Stage,South Korea,1,22,57,Uruguay,5248,José Martín Cáceres Silva,5259,José María Giménez de Vargas,Complete,34.563564,46.5,57.3,51.5,23.1
3857287,2022-11-24,Group Stage,South Korea,1,23,2,Uruguay,5259,José María Giménez de Vargas,36288,Facundo Pellistri Rebollo,Incomplete,64.270836,56.7,21.9,107.4,61.4
3857287,2022-11-24,Group Stage,South Korea,1,23,8,Uruguay,32478,Darwin Gabriel Núñez Ribeiro,5260,Rodrigo Bentancur Colmán,Complete,12.513193,92.1,66.7,79.8,69.0
3857287,2022-11-24,Group Stage,South Korea,1,23,10,Uruguay,5260,Rodrigo Bentancur Colmán,5248,José Martín Cáceres Silva,Complete,6.7742157,76.3,69.7,75.3,63.0
3857287,2022-11-24,Group Stage,South Korea,1,23,11,Uruguay,5248,José Martín Cáceres Silva,5260,Rodrigo Bentancur Colmán,Complete,8.633076,75.3,62.4,71.6,70.2
3857287,2022-11-24,Group Stage,South Korea,1,23,13,Uruguay,5260,Rodrigo Bentancur Colmán,5255,Matías Vecino Falero,Complete,13.209845,69.5,64.2,71.2,51.1
3857287,2022-11-24,Group Stage,South Korea,1,23,15,Uruguay,5255,Matías Vecino Falero,5260,Rodrigo Bentancur Colmán,Complete,8.766413,71.3,50.1,63.4,53.9
3857287,2022-11-24,Group Stage,South Korea,1,23,17,Uruguay,5260,Rodrigo Bentancur Colmán,5248,José Martín Cáceres Silva,Complete,11.73925,59.6,60.2,63.7,71.2
3857287,2022-11-24,Group Stage,South Korea,1,23,18,Uruguay,5248,José Martín Cáceres Silva,5260,Rodrigo Bentancur Colmán,Complete,8.232861,63.4,70.5,58.1,64.2
3857287,2022-11-24,Group Stage,South Korea,1,23,20,Uruguay,5260,Rodrigo Bentancur Colmán,5255,Matías Vecino Falero,Complete,12.806249,58.1,61.8,68.1,53.8
3857287,2022-11-24,Group Stage,South Korea,1,23,21,Uruguay,5255,Matías Vecino Falero,5260,Rodrigo Bentancur Colmán,Complete,9.990496,68.5,53.8,61.0,60.4
3857287,2022-11-24,Group Stage,South Korea,1,23,23,Uruguay,5260,Rodrigo Bentancur Colmán,5249,Diego Roberto Godín Leal,Complete,17.395401,62.9,57.7,57.1,41.3
3857287,2022-11-24,Group Stage,South Korea,1,23,27,Uruguay,5249,Diego Roberto Godín Leal,5248,José Martín Cáceres Silva,Complete,31.579266,56.9,42.8,72.6,70.2
3857287,2022-11-24,Group Stage,South Korea,1,23,30,Uruguay,5248,José Martín Cáceres Silva,6773,Federico Santiago Valverde Dipetta,Complete,19.549425,73.2,71.2,91.9,76.9
3857287,2022-11-24,Group Stage,South Korea,1,23,36,Uruguay,6773,Federico Santiago Valverde Dipetta,5249,Diego Roberto Godín Leal,Complete,24.473864,77.8,58.3,56.7,45.9
3857287,2022-11-24,Group Stage,South Korea,1,23,39,Uruguay,5249,Diego Roberto Godín Leal,5259,José María Giménez de Vargas,Complete,18.436106,56.5,45.5,66.0,29.7
3857287,2022-11-24,Group Stage,South Korea,1,23,42,Uruguay,5259,José María Giménez de Vargas,5249,Diego Roberto Godín Leal,Complete,11.520851,62.9,34.3,56.1,43.6
3857287,2022-11-24,Group Stage,South Korea,1,23,46,Uruguay,5249,Diego Roberto Godín Leal,5260,Rodrigo Bentancur Colmán,Complete,13.82353,57.5,45.3,62.2,58.3
3857287,2022-11-24,Group Stage,South Korea,1,23,49,Uruguay,5260,Rodrigo Bentancur Colmán,5259,José María Giménez de Vargas,Complete,33.307358,62.2,59.3,62.9,26.0
3857287,2022-11-24,Group Stage,South Korea,1,23,51,Uruguay,5259,José María Giménez de Vargas,7104,Mathías Olivera Miramontes,Complete,22.242302,62.7,24.1,76.3,6.5
3857287,2022-11-24,Group Stage,South Korea,1,23,54,Uruguay,7104,Mathías Olivera Miramontes,5255,Matías Vecino Falero,Complete,19.163769,77.6,5.5,72.6,24.0
3857287,2022-11-24,Group Stage,South Korea,1,23,55,Uruguay,5255,Matías Vecino Falero,32478,Darwin Gabriel Núñez Ribeiro,Complete,16.301228,73.5,22.9,89.8,23.1
3857287,2022-11-24,Group Stage,South Korea,1,23,58,Uruguay,7104,Mathías Olivera Miramontes,6773,Federico Santiago Valverde Dipetta,Complete,8.780091,78.8,23.7,81.0,32.2
3857287,2022-11-24,Group Stage,South Korea,1,24,48,Uruguay,6773,Federico Santiago Valverde Dipetta,,,Incomplete,29.90953,83.0,32.0,108.7,47.3
3857287,2022-11-24,Group Stage,South Korea,1,25,22,Uruguay,6773,Federico Santiago Valverde Dipetta,5255,Matías Vecino Falero,Incomplete,38.091076,120.0,80.0,109.8,43.3
3857287,2022-11-24,Group Stage,South Korea,1,25,29,Uruguay,5248,José Martín Cáceres Silva,7104,Mathías Olivera Miramontes,Complete,40.606033,81.3,63.3,57.5,30.4
3857287,2022-11-24,Group Stage,South Korea,1,25,32,Uruguay,7104,Mathías Olivera Miramontes,32478,Darwin Gabriel Núñez Ribeiro,Complete,30.272924,57.5,30.4,87.7,32.5
3857287,2022-11-24,Group Stage,South Korea,1,25,36,Uruguay,32478,Darwin Gabriel Núñez Ribeiro,36288,Facundo Pellistri Rebollo,Incomplete,18.88306,86.1,36.0,99.2,49.6
3857287,2022-11-24,Group Stage,South Korea,1,26,29,Uruguay,5248,José Martín Cáceres Silva,5260,Rodrigo Bentancur Colmán,Complete,4.3174067,10.6,69.7,11.6,65.5
3857287,2022-11-24,Group Stage,South Korea,1,26,34,Uruguay,5260,Rodrigo Bentancur Colmán,5255,Matías Vecino Falero,Incomplete,30.763126,24.8,61.2,41.4,35.3
3857287,2022-11-24,Group Stage,South Korea,1,26,37,Uruguay,5260,Rodrigo Bentancur Colmán,7104,Mathías Olivera Miramontes,Complete,22.79693,38.5,49.4,53.8,32.5
3857287,2022-11-24,Group Stage,South Korea,1,26,44,Uruguay,7104,Mathías Olivera Miramontes,32478,Darwin Gabriel Núñez Ribeiro,Incomplete,17.3026,97.3,33.8,114.6,33.5
3857287,2022-11-24,Group Stage,South Korea,1,26,59,Uruguay,36710,Sergio Rochet Álvarez,5249,Diego Roberto Godín Leal,Complete,23.153618,12.2,40.1,27.7,57.3
3857287,2022-11-24,Group Stage,South Korea,1,27,3,Uruguay,5249,Diego Roberto Godín Leal,5248,José Martín Cáceres Silva,Complete,8.232861,34.2,60.4,39.5,66.7
3857287,2022-11-24,Group Stage,South Korea,1,27,4,Uruguay,5248,José Martín Cáceres Silva,5249,Diego Roberto Godín Leal,Complete,7.4732857,39.5,66.7,36.4,59.9
3857287,2022-11-24,Group Stage,South Korea,1,27,6,Uruguay,5249,Diego Roberto Godín Leal,5259,José María Giménez de Vargas,Complete,28.906227,37.9,58.3,38.5,29.4
3857287,2022-11-24,Group Stage,South Korea,1,27,9,Uruguay,5259,José María Giménez de Vargas,5260,Rodrigo Bentancur Colmán,Complete,23.086792,41.4,25.2,60.2,11.8
3857287,2022-11-24,Group Stage,South Korea,1,27,15,Uruguay,5260,Rodrigo Bentancur Colmán,5255,Matías Vecino Falero,Complete,11.759252,72.5,15.3,63.7,23.1
3857287,2022-11-24,Group Stage,South Korea,1,27,17,Uruguay,5255,Matías Vecino Falero,5249,Diego Roberto Godín Leal,Complete,30.438463,61.2,20.9,55.5,50.8
3857287,2022-11-24,Group Stage,South Korea,1,27,20,Uruguay,5249,Diego Roberto Godín Leal,5248,José Martín Cáceres Silva,Complete,19.635937,55.0,56.3,64.1,73.7
3857287,2022-11-24,Group Stage,South Korea,1,27,23,Uruguay,5248,José Martín Cáceres Silva,5255,Matías Vecino Falero,Complete,22.968239,63.4,71.5,66.9,48.8
3857287,2022-11-24,Group Stage,South Korea,1,27,26,Uruguay,5255,Matías Vecino Falero,5248,José Martín Cáceres Silva,Complete,17.079227,65.9,53.6,60.2,69.7
3857287,2022-11-24,Group Stage,South Korea,1,27,28,Uruguay,5248,José Martín Cáceres Silva,5249,Diego Roberto Godín Leal,Complete,17.623848,59.1,70.8,50.9,55.2
3857287,2022-11-24,Group Stage,South Korea,1,27,31,Uruguay,5249,Diego Roberto Godín Leal,5255,Matías Vecino Falero,Complete,14.534442,57.9,46.9,56.9,61.4
3857287,2022-11-24,Group Stage,South Korea,1,27,34,Uruguay,5255,Matías Vecino Falero,36288,Facundo Pellistri Rebollo,Complete,27.221498,54.9,65.5,79.8,76.5
3857287,2022-11-24,Group Stage,South Korea,1,28,51,Uruguay,32478,Darwin Gabriel Núñez Ribeiro,5246,Luis Alberto Suárez Díaz,Incomplete,17.974705,24.8,23.7,42.6,26.2
3857287,2022-11-24,Group Stage,South Korea,1,29,25,Uruguay,7104,Mathías Olivera Miramontes,5246,Luis Alberto Suárez Díaz,Complete,19.38685,10.6,0.1,28.9,6.5
3857287,2022-11-24,Group Stage,South Korea,1,29,26,Uruguay,5246,Luis Alberto Suárez Díaz,5255,Matías Vecino Falero,Incomplete,7.793587,28.9,8.3,35.4,12.6
3857287,2022-11-24,Group Stage,South Korea,1,31,19,Uruguay,5249,Diego Roberto Godín Leal,6773,Federico Santiago Valverde Dipetta,Incomplete,16.42833,34.8,41.7,50.6,37.2
3857287,2022-11-24,Group Stage,South Korea,1,32,5,Uruguay,7104,Mathías Olivera Miramontes,32478,Darwin Gabriel Núñez Ribeiro,Complete,33.4389,7.5,0.1,40.5,5.5
3857287,2022-11-24,Group Stage,South Korea,1,32,7,Uruguay,32478,Darwin Gabriel Núñez Ribeiro,,,Out,12.488795,40.5,5.5,51.9,0.4
3857287,2022-11-24,Group Stage,South Korea,1,32,16,Uruguay,5255,Matías Vecino Falero,5246,Luis Alberto Suárez Díaz,Incomplete,5.59017,50.9,9.0,55.0,12.8
3857287,2022-11-24,Group Stage,South Korea,1,34,10,Uruguay,36710,Sergio Rochet Álvarez,5259,José María Giménez de Vargas,Complete,39.217342,7.0,36.1,44.0,23.1
3857287,2022-11-24,Group Stage,South Korea,1,34,13,Uruguay,5259,José María Giménez de Vargas,5260,Rodrigo Bentancur Colmán,Complete,16.690416,43.6,23.1,40.5,39.5
3857287,2022-11-24,Group Stage,South Korea,1,34,15,Uruguay,5260,Rodrigo Bentancur Colmán,5249,Diego Roberto Godín Leal,Complete,23.26478,39.9,43.2,43.4,66.2
3857287,2022-11-24,Group Stage,South Korea,1,34,20,Uruguay,5249,Diego Roberto Godín Leal,5260,Rodrigo Bentancur Colmán,Complete,14.534442,43.4,67.7,42.4,53.2
3857287,2022-11-24,Group Stage,South Korea,1,34,25,Uruguay,5260,Rodrigo Bentancur Colmán,5259,José María Giménez de Vargas,Complete,20.209404,53.6,37.0,51.5,16.9
3857287,2022-11-24,Group Stage,South Korea,1,34,27,Uruguay,5259,José María Giménez de Vargas,7104,Mathías Olivera Miramontes,Complete,19.981241,50.9,12.8,69.5,5.5
3857287,2022-11-24,Group Stage,South Korea,1,34,28,Uruguay,7104,Mathías Olivera Miramontes,32478,Darwin Gabriel Núñez Ribeiro,Out,12.202458,69.4,3.9,81.3,1.2
3857287,2022-11-24,Group Stage,South Korea,1,35,1,Uruguay,7104,Mathías Olivera Miramontes,5246,Luis Alberto Suárez Díaz,Complete,15.500322,65.9,6.1,81.0,9.6
3857287,2022-11-24,Group Stage,South Korea,1,35,3,Uruguay,5246,Luis Alberto Suárez Díaz,32478,Darwin Gabriel Núñez Ribeiro,Complete,10.316007,81.7,12.8,83.8,22.9
3857287,2022-11-24,Group Stage,South Korea,1,35,4,Uruguay,32478,Darwin Gabriel Núñez Ribeiro,6773,Federico Santiago Valverde Dipetta,Complete,16.101242,86.1,25.0,73.1,34.5
3857287,2022-11-24,Group Stage,South Korea,1,35,7,Uruguay,6773,Federico Santiago Valverde Dipetta,5260,Rodrigo Bentancur Colmán,Complete,6.8963757,66.0,36.0,64.0,29.4
3857287,2022-11-24,Group Stage,South Korea,1,35,8,Uruguay,5260,Rodrigo Bentancur Colmán,5249,Diego Roberto Godín Leal,Complete,18.668154,64.4,30.0,46.5,35.3
3857287,2022-11-24,Group Stage,South Korea,1,35,11,Uruguay,5249,Diego Roberto Godín Leal,5248,José Martín Cáceres Silva,Complete,24.671644,46.5,37.6,53.0,61.4
3857287,2022-11-24,Group Stage,South Korea,1,35,14,Uruguay,5248,José Martín Cáceres Silva,5249,Diego Roberto Godín Leal,Complete,19.549425,51.5,60.4,45.8,41.7
3857287,2022-11-24,Group Stage,South Korea,1,35,18,Uruguay,5249,Diego Roberto Godín Leal,6773,Federico Santiago Valverde Dipetta,Complete,17.149343,48.1,41.6,55.0,57.3
3857287,2022-11-24,Group Stage,South Korea,1,35,20,Uruguay,6773,Federico Santiago Valverde Dipetta,5248,José Martín Cáceres Silva,Complete,9.192389,55.0,56.9,46.1,59.2
3857287,2022-11-24,Group Stage,South Korea,1,35,24,Uruguay,5248,José Martín Cáceres Silva,5260,Rodrigo Bentancur Colmán,Complete,12.8140545,52.8,55.8,63.4,48.6
3857287,2022-11-24,Group Stage,South Korea,1,35,25,Uruguay,5260,Rodrigo Bentancur Colmán,5248,José Martín Cáceres Silva,Complete,16.532696,65.0,48.8,48.8,52.1
3857287,2022-11-24,Group Stage,South Korea,1,35,27,Uruguay,5248,José Martín Cáceres Silva,6773,Federico Santiago Valverde Dipetta,Complete,17.870926,49.4,52.1,52.5,69.7
3857287,2022-11-24,Group Stage,South Korea,1,35,29,Uruguay,6773,Federico Santiago Valverde Dipetta,5249,Diego Roberto Godín Leal,Complete,34.40959,53.0,70.5,47.1,36.6
3857287,2022-11-24,Group Stage,South Korea,1,35,32,Uruguay,5249,Diego Roberto Godín Leal,5259,José María Giménez de Vargas,Complete,21.663334,49.9,32.0,55.6,11.1
3857287,2022-11-24,Group Stage,South Korea,1,35,35,Uruguay,5259,José María Giménez de Vargas,5248,José Martín Cáceres Silva,Complete,42.21469,55.0,11.5,45.8,52.7
3857287,2022-11-24,Group Stage,South Korea,1,35,38,Uruguay,5248,José Martín Cáceres Silva,6773,Federico Santiago Valverde Dipetta,Complete,19.112823,47.9,61.0,64.0,71.3
3857287,2022-11-24,Group Stage,South Korea,1,35,42,Uruguay,6773,Federico Santiago Valverde Dipetta,7104,Mathías Olivera Miramontes,Out,83.16159,64.0,69.1,111.3,0.7
3857287,2022-11-24,Group Stage,South Korea,1,36,4,Uruguay,7104,Mathías Olivera Miramontes,5260,Rodrigo Bentancur Colmán,Complete,6.1392183,87.6,10.5,88.9,16.5
3857287,2022-11-24,Group Stage,South Korea,1,36,6,Uruguay,5260,Rodrigo Bentancur Colmán,5246,Luis Alberto Suárez Díaz,Incomplete,10.628264,89.2,16.9,99.2,20.5
3857287,2022-11-24,Group Stage,South Korea,1,36,11,Uruguay,6773,Federico Santiago Valverde Dipetta,5248,José Martín Cáceres Silva,Complete,18.315294,74.7,33.5,61.9,46.6
3857287,2022-11-24,Group Stage,South Korea,1,36,12,Uruguay,5248,José Martín Cáceres Silva,5249,Diego Roberto Godín Leal,Complete,22.99239,63.7,47.3,56.1,25.6
3857287,2022-11-24,Group Stage,South Korea,1,36,14,Uruguay,5249,Diego Roberto Godín Leal,5248,José Martín Cáceres Silva,Complete,19.720295,58.1,28.4,53.6,47.6
3857287,2022-11-24,Group Stage,South Korea,1,36,20,Uruguay,5248,José Martín Cáceres Silva,5249,Diego Roberto Godín Leal,Complete,14.838464,57.7,52.9,49.4,40.6
3857287,2022-11-24,Group Stage,South Korea,1,36,23,Uruguay,5249,Diego Roberto Godín Leal,5259,José María Giménez de Vargas,Complete,25.340284,51.5,40.7,60.2,16.9
3857287,2022-11-24,Group Stage,South Korea,1,36,27,Uruguay,5259,José María Giménez de Vargas,5248,José Martín Cáceres Silva,Complete,34.738594,61.0,18.6,57.9,53.2
3857287,2022-11-24,Group Stage,South Korea,1,36,30,Uruguay,5248,José Martín Cáceres Silva,36288,Facundo Pellistri Rebollo,Complete,24.738634,58.1,55.1,73.7,74.3
3857287,2022-11-24,Group Stage,South Korea,1,36,33,Uruguay,36288,Facundo Pellistri Rebollo,5248,José Martín Cáceres Silva,Complete,20.00025,69.4,76.5,51.8,67.0
3857287,2022-11-24,Group Stage,South Korea,1,36,35,Uruguay,5248,José Martín Cáceres Silva,5249,Diego Roberto Godín Leal,Complete,20.08233,49.4,63.9,45.5,44.2
3857287,2022-11-24,Group Stage,South Korea,1,36,41,Uruguay,5249,Diego Roberto Godín Leal,5248,José Martín Cáceres Silva,Complete,15.605127,51.5,49.6,51.9,65.2
3857287,2022-11-24,Group Stage,South Korea,1,36,43,Uruguay,5248,José Martín Cáceres Silva,5249,Diego Roberto Godín Leal,Complete,14.408678,51.5,64.2,45.5,51.1
3857287,2022-11-24,Group Stage,South Korea,1,36,45,Uruguay,5249,Diego Roberto Godín Leal,5259,José María Giménez de Vargas,Complete,29.80151,47.1,48.8,47.4,19.0
3857287,2022-11-24,Group Stage,South Korea,1,36,49,Uruguay,5259,José María Giménez de Vargas,5249,Diego Roberto Godín Leal,Complete,22.200901,50.3,21.7,46.1,43.5
3857287,2022-11-24,Group Stage,South Korea,1,36,57,Uruguay,5249,Diego Roberto Godín Leal,5248,José Martín Cáceres Silva,Complete,18.36001,54.0,45.7,58.5,63.5
3857287,2022-11-24,Group Stage,South Korea,1,36,59,Uruguay,5248,José Martín Cáceres Silva,36288,Facundo Pellistri Rebollo,Complete,15.282016,56.7,67.0,69.4,75.5
3857287,2022-11-24,Group Stage,South Korea,1,37,1,Uruguay,36288,Facundo Pellistri Rebollo,5248,José Martín Cáceres Silva,Complete,21.40841,68.5,75.5,47.1,74.9
3857287,2022-11-24,Group Stage,South Korea,1,37,4,Uruguay,5248,José Martín Cáceres Silva,5249,Diego Roberto Godín Leal,Complete,26.418932,39.5,65.5,38.5,39.1
3857287,2022-11-24,Group Stage,South Korea,1,37,7,Uruguay,5249,Diego Roberto Godín Leal,5248,José Martín Cáceres Silva,Complete,24.981594,42.6,37.2,48.8,61.4
3857287,2022-11-24,Group Stage,South Korea,1,37,11,Uruguay,5248,José Martín Cáceres Silva,5260,Rodrigo Bentancur Colmán,Complete,7.4732857,55.0,57.9,51.9,51.1
3857287,2022-11-24,Group Stage,South Korea,1,37,13,Uruguay,5260,Rodrigo Bentancur Colmán,36288,Facundo Pellistri Rebollo,Complete,32.920055,54.0,57.1,80.3,76.9
3857287,2022-11-24,Group Stage,South Korea,1,37,19,Uruguay,36288,Facundo Pellistri Rebollo,5260,Rodrigo Bentancur Colmán,Complete,18.209887,92.7,74.9,74.5,74.3
3857287,2022-11-24,Group Stage,South Korea,1,37,21,Uruguay,5260,Rodrigo Bentancur Colmán,5248,José Martín Cáceres Silva,Complete,17.935997,74.7,69.7,66.4,53.8
3857287,2022-11-24,Group Stage,South Korea,1,37,24,Uruguay,5248,José Martín Cáceres Silva,5249,Diego Roberto Godín Leal,Complete,15.204276,68.5,49.1,57.9,38.2
3857287,2022-11-24,Group Stage,South Korea,1,37,25,Uruguay,5249,Diego Roberto Godín Leal,5259,José María Giménez de Vargas,Complete,14.509652,57.7,33.8,67.5,23.1
3857287,2022-11-24,Group Stage,South Korea,1,37,27,Uruguay,5259,José María Giménez de Vargas,7104,Mathías Olivera Miramontes,Out,24.782454,67.0,23.1,78.6,1.2
3857287,2022-11-24,Group Stage,South Korea,1,39,3,Uruguay,36710,Sergio Rochet Álvarez,5259,José María Giménez de Vargas,Complete,42.813316,7.0,36.1,43.3,13.4
3857287,2022-11-24,Group Stage,South Korea,1,39,7,Uruguay,5259,José María Giménez de Vargas,5246,Luis Alberto Suárez Díaz,Complete,31.109001,44.6,13.3,75.5,16.9
3857287,2022-11-24,Group Stage,South Korea,1,39,29,Uruguay,6773,Federico Santiago Valverde Dipetta,5259,José María Giménez de Vargas,Complete,15.23286,2.8,6.5,3.8,21.7
3857287,2022-11-24,Group Stage,South Korea,1,39,30,Uruguay,5259,José María Giménez de Vargas,,,Incomplete,41.960575,3.1,21.7,44.6,15.5
3857287,2022-11-24,Group Stage,South Korea,1,40,26,Uruguay,5259,José María Giménez de Vargas,5246,Luis Alberto Suárez Díaz,Complete,24.001041,15.7,15.9,39.5,12.8
3857287,2022-11-24,Group Stage,South Korea,1,40,28,Uruguay,5246,Luis Alberto Suárez Díaz,5255,Matías Vecino Falero,Incomplete,14.798986,39.5,11.8,28.5,21.7
3857287,2022-11-24,Group Stage,South Korea,1,40,32,Uruguay,5248,José Martín Cáceres Silva,36288,Facundo Pellistri Rebollo,Incomplete,41.880306,21.7,36.0,57.7,14.6
3857287,2022-11-24,Group Stage,South Korea,1,41,19,Uruguay,5255,Matías Vecino Falero,5246,Luis Alberto Suárez Díaz,Incomplete,31.173386,26.1,7.6,53.8,21.9
3857287,2022-11-24,Group Stage,South Korea,1,41,54,Uruguay,7104,Mathías Olivera Miramontes,,,Incomplete,30.85855,8.6,17.6,39.4,19.5
3857287,2022-11-24,Group Stage,South Korea,1,42,0,Uruguay,5260,Rodrigo Bentancur Colmán,6773,Federico Santiago Valverde Dipetta,Complete,18.921417,41.5,32.5,42.4,51.4
3857287,2022-11-24,Group Stage,South Korea,1,42,2,Uruguay,6773,Federico Santiago Valverde Dipetta,36288,Facundo Pellistri Rebollo,Complete,42.21907,46.5,51.7,86.4,65.5
3857287,2022-11-24,Group Stage,South Korea,1,42,6,Uruguay,36288,Facundo Pellistri Rebollo,5246,Luis Alberto Suárez Díaz,Incomplete,25.653265,99.9,69.3,102.7,43.8
3857287,2022-11-24,Group Stage,South Korea,1,42,49,Uruguay,6773,Federico Santiago Valverde Dipetta,5249,Diego Roberto Godín Leal,Complete,40.843113,120.0,80.0,110.0,40.4
3857287,2022-11-24,Group Stage,South Korea,1,43,13,Uruguay,6773,Federico Santiago Valverde Dipetta,36288,Facundo Pellistri Rebollo,Incomplete,31.618032,120.0,80.0,113.3,49.1
3857287,2022-11-24,Group Stage,South Korea,1,43,21,Uruguay,7104,Mathías Olivera Miramontes,5260,Rodrigo Bentancur Colmán,Complete,25.216265,87.6,20.9,75.1,42.8
3857287,2022-11-24,Group Stage,South Korea,1,43,27,Uruguay,5260,Rodrigo Bentancur Colmán,5248,José Martín Cáceres Silva,Complete,23.041918,75.3,45.5,53.0,39.7
3857287,2022-11-24,Group Stage,South Korea,1,43,30,Uruguay,5248,José Martín Cáceres Silva,36710,Sergio Rochet Álvarez,Complete,37.06926,49.9,37.6,15.7,51.9
3857287,2022-11-24,Group Stage,South Korea,1,43,36,Uruguay,36710,Sergio Rochet Álvarez,5248,José Martín Cáceres Silva,Complete,8.1154175,17.6,51.9,25.1,48.8
3857287,2022-11-24,Group Stage,South Korea,1,43,42,Uruguay,5248,José Martín Cáceres Silva,5260,Rodrigo Bentancur Colmán,Complete,25.183527,27.6,50.8,41.5,71.8
3857287,2022-11-24,Group Stage,South Korea,1,43,49,Uruguay,5260,Rodrigo Bentancur Colmán,5249,Diego Roberto Godín Leal,Complete,23.81932,53.6,71.2,38.0,53.2
3857287,2022-11-24,Group Stage,South Korea,1,43,51,Uruguay,5249,Diego Roberto Godín Leal,5259,José María Giménez de Vargas,Complete,27.921677,39.3,50.7,53.4,26.6
3857287,2022-11-24,Group Stage,South Korea,1,43,55,Uruguay,5259,José María Giménez de Vargas,7104,Mathías Olivera Miramontes,Complete,28.663042,61.2,24.7,82.3,5.3
3857287,2022-11-24,Group Stage,South Korea,1,43,57,Uruguay,7104,Mathías Olivera Miramontes,5259,José María Giménez de Vargas,Complete,16.278206,74.7,7.1,59.0,11.4
3857287,2022-11-24,Group Stage,South Korea,1,44,0,Uruguay,5259,José María Giménez de Vargas,5249,Diego Roberto Godín Leal,Complete,25.646248,54.6,13.3,46.4,37.6
3857287,2022-11-24,Group Stage,South Korea,1,44,3,Uruguay,5249,Diego Roberto Godín Leal,5248,José Martín Cáceres Silva,Complete,27.142586,47.1,37.6,52.5,64.2
3857287,2022-11-24,Group Stage,South Korea,1,44,5,Uruguay,5248,José Martín Cáceres Silva,6773,Federico Santiago Valverde Dipetta,Complete,20.231165,52.5,64.5,67.2,78.4
3857287,2022-11-24,Group Stage,South Korea,1,44,9,Uruguay,6773,Federico Santiago Valverde Dipetta,5248,José Martín Cáceres Silva,Complete,10.440307,68.1,76.9,58.1,73.9
3857287,2022-11-24,Group Stage,South Korea,1,44,11,Uruguay,5248,José Martín Cáceres Silva,5249,Diego Roberto Godín Leal,Complete,28.652748,57.1,71.8,48.4,44.5
3857287,2022-11-24,Group Stage,South Korea,1,44,15,Uruguay,5249,Diego Roberto Godín Leal,7104,Mathías Olivera Miramontes,Incomplete,59.740856,54.1,42.9,101.7,6.8
3857287,2022-11-24,Group Stage,South Korea,1,44,23,Uruguay,5259,José María Giménez de Vargas,,,Incomplete,11.496521,79.2,23.9,89.6,28.8
3857287,2022-11-24,Group Stage,South Korea,1,44,52,Uruguay,5259,José María Giménez de Vargas,7104,Mathías Olivera Miramontes,Complete,26.532433,75.3,20.9,97.9,7.0
3857287,2022-11-24,Group Stage,South Korea,1,44,56,Uruguay,7104,Mathías Olivera Miramontes,5255,Matías Vecino Falero,Complete,42.43018,98.9,7.0,100.5,49.4
3857287,2022-11-24,Group Stage,South Korea,1,44,59,Uruguay,5255,Matías Vecino Falero,36288,Facundo Pellistri Rebollo,Complete,7.930952,95.4,48.6,97.3,56.3
3857287,2022-11-24,Group Stage,South Korea,1,45,2,Uruguay,36288,Facundo Pellistri Rebollo,5260,Rodrigo Bentancur Colmán,Complete,19.276152,92.3,58.3,81.7,42.2
3857287,2022-11-24,Group Stage,South Korea,1,45,4,Uruguay,5260,Rodrigo Bentancur Colmán,6773,Federico Santiago Valverde Dipetta,Complete,19.453535,83.6,38.7,88.6,19.9
3857287,2022-11-24,Group Stage,South Korea,1,45,6,Uruguay,6773,Federico Santiago Valverde Dipetta,7104,Mathías Olivera Miramontes,Complete,19.602295,89.8,17.5,105.3,5.5
3857287,2022-11-24,Group Stage,South Korea,1,45,8,Uruguay,7104,Mathías Olivera Miramontes,5259,José María Giménez de Vargas,Complete,28.317663,104.5,7.6,103.5,35.9
3857287,2022-11-24,Group Stage,South Korea,2,45,0,Uruguay,5246,Luis Alberto Suárez Díaz,5260,Rodrigo Bentancur Colmán,Complete,13.904316,60.0,40.0,46.2,38.3
3857287,2022-11-24,Group Stage,South Korea,2,45,2,Uruguay,5260,Rodrigo Bentancur Colmán,5248,José Martín Cáceres Silva,Complete,24.424782,47.0,39.7,45.9,64.1
3857287,2022-11-24,Group Stage,South Korea,2,45,5,Uruguay,5248,José Martín Cáceres Silva,5249,Diego Roberto Godín Leal,Complete,22.447495,46.0,64.4,31.0,47.7
3857287,2022-11-24,Group Stage,South Korea,2,45,12,Uruguay,5249,Diego Roberto Godín Leal,5260,Rodrigo Bentancur Colmán,Complete,18.335758,40.0,55.3,31.8,38.9
3857287,2022-11-24,Group Stage,South Korea,2,45,15,Uruguay,5260,Rodrigo Bentancur Colmán,5249,Diego Roberto Godín Leal,Complete,19.221342,33.5,37.9,30.0,56.8
3857287,2022-11-24,Group Stage,South Korea,2,45,20,Uruguay,5249,Diego Roberto Godín Leal,5246,Luis Alberto Suárez Díaz,Complete,55.268253,40.1,63.8,94.4,53.5
3857287,2022-11-24,Group Stage,South Korea,2,45,22,Uruguay,5246,Luis Alberto Suárez Díaz,36288,Facundo Pellistri Rebollo,Out,30.666267,94.3,53.5,110.4,79.6
3857287,2022-11-24,Group Stage,South Korea,2,45,49,Uruguay,5249,Diego Roberto Godín Leal,,,Incomplete,7.694154,68.1,68.2,75.7,69.4
3857287,2022-11-24,Group Stage,South Korea,2,45,59,Uruguay,7104,Mathías Olivera Miramontes,5259,José María Giménez de Vargas,Complete,14.354442,45.9,6.5,33.6,13.9
3857287,2022-11-24,Group Stage,South Korea,2,46,2,Uruguay,5259,José María Giménez de Vargas,6773,Federico Santiago Valverde Dipetta,Complete,59.47941,33.0,15.1,86.2,41.7
3857287,2022-11-24,Group Stage,South Korea,2,46,6,Uruguay,6773,Federico Santiago Valverde Dipetta,36288,Facundo Pellistri Rebollo,Incomplete,24.216524,86.2,41.7,104.2,57.9
3857287,2022-11-24,Group Stage,South Korea,2,47,30,Uruguay,5248,José Martín Cáceres Silva,5246,Luis Alberto Suárez Díaz,Complete,14.669697,13.3,80.0,26.5,73.6
3857287,2022-11-24,Group Stage,South Korea,2,47,31,Uruguay,5246,Luis Alberto Suárez Díaz,,,Incomplete,15.201316,27.2,73.6,40.0,65.4
3857287,2022-11-24,Group Stage,South Korea,2,47,33,Uruguay,6773,Federico Santiago Valverde Dipetta,5260,Rodrigo Bentancur Colmán,Incomplete,7.7103825,28.6,57.4,35.0,61.7
3857287,2022-11-24,Group Stage,South Korea,2,47,45,Uruguay,5255,Matías Vecino Falero,5259,José María Giménez de Vargas,Complete,12.48439,29.3,8.1,19.8,16.2
3857287,2022-11-24,Group Stage,South Korea,2,47,46,Uruguay,5259,José María Giménez de Vargas,5255,Matías Vecino Falero,Complete,16.1149,19.8,16.2,28.6,2.7
3857287,2022-11-24,Group Stage,South Korea,2,47,49,Uruguay,5255,Matías Vecino Falero,5260,Rodrigo Bentancur Colmán,Complete,15.511608,28.6,2.7,29.2,18.2
3857287,2022-11-24,Group Stage,South Korea,2,47,51,Uruguay,5260,Rodrigo Bentancur Colmán,5255,Matías Vecino Falero,Complete,15.079124,28.4,17.7,34.7,4.0
3857287,2022-11-24,Group Stage,South Korea,2,47,53,Uruguay,5255,Matías Vecino Falero,5259,José María Giménez de Vargas,Complete,19.81338,34.4,3.7,16.8,12.8
3857287,2022-11-24,Group Stage,South Korea,2,47,56,Uruguay,5259,José María Giménez de Vargas,5260,Rodrigo Bentancur Colmán,Complete,13.150285,20.6,17.2,28.9,27.4
3857287,2022-11-24,Group Stage,South Korea,2,47,59,Uruguay,5260,Rodrigo Bentancur Colmán,5249,Diego Roberto Godín Leal,Complete,24.213219,30.0,30.1,29.2,54.3
3857287,2022-11-24,Group Stage,South Korea,2,48,3,Uruguay,5249,Diego Roberto Godín Leal,5248,José Martín Cáceres Silva,Complete,22.240953,44.5,53.5,47.0,75.6
3857287,2022-11-24,Group Stage,South Korea,2,48,5,Uruguay,5248,José Martín Cáceres Silva,36710,Sergio Rochet Álvarez,Complete,43.628086,44.3,70.2,8.9,44.7
3857287,2022-11-24,Group Stage,South Korea,2,48,10,Uruguay,36710,Sergio Rochet Álvarez,5255,Matías Vecino Falero,Complete,27.520355,9.7,44.4,31.8,28.0
3857287,2022-11-24,Group Stage,South Korea,2,48,16,Uruguay,5255,Matías Vecino Falero,5249,Diego Roberto Godín Leal,Complete,37.20054,39.4,24.9,39.2,62.1
3857287,2022-11-24,Group Stage,South Korea,2,48,19,Uruguay,5249,Diego Roberto Godín Leal,5260,Rodrigo Bentancur Colmán,Complete,14.159802,39.2,62.5,37.9,48.4
3857287,2022-11-24,Group Stage,South Korea,2,48,22,Uruguay,5260,Rodrigo Bentancur Colmán,5255,Matías Vecino Falero,Complete,31.338316,45.5,47.5,37.5,17.2
3857287,2022-11-24,Group Stage,South Korea,2,48,26,Uruguay,5255,Matías Vecino Falero,5249,Diego Roberto Godín Leal,Complete,36.56036,40.9,19.9,38.8,56.4
3857287,2022-11-24,Group Stage,South Korea,2,48,32,Uruguay,5249,Diego Roberto Godín Leal,5260,Rodrigo Bentancur Colmán,Complete,21.55203,45.6,69.0,39.6,48.3
3857287,2022-11-24,Group Stage,South Korea,2,48,35,Uruguay,5260,Rodrigo Bentancur Colmán,5259,José María Giménez de Vargas,Complete,34.150257,46.4,45.2,38.4,12.0
3857287,2022-11-24,Group Stage,South Korea,2,48,39,Uruguay,5259,José María Giménez de Vargas,32478,Darwin Gabriel Núñez Ribeiro,Pass Offside,61.23667,44.3,12.4,105.1,19.7
3857287,2022-11-24,Group Stage,South Korea,2,49,37,Uruguay,5259,José María Giménez de Vargas,5255,Matías Vecino Falero,Complete,16.4195,22.2,11.3,38.6,12.1
3857287,2022-11-24,Group Stage,South Korea,2,49,39,Uruguay,5255,Matías Vecino Falero,,,Incomplete,19.11073,38.8,12.4,52.9,25.3
3857287,2022-11-24,Group Stage,South Korea,2,50,13,Uruguay,5259,José María Giménez de Vargas,32478,Darwin Gabriel Núñez Ribeiro,Complete,28.12579,15.1,22.8,42.6,16.9
3857287,2022-11-24,Group Stage,South Korea,2,50,31,Uruguay,5255,Matías Vecino Falero,7104,Mathías Olivera Miramontes,Complete,6.2801275,26.5,7.8,21.5,4.0
3857287,2022-11-24,Group Stage,South Korea,2,50,32,Uruguay,7104,Mathías Olivera Miramontes,32478,Darwin Gabriel Núñez Ribeiro,Complete,11.866339,22.7,4.6,34.3,7.1
3857287,2022-11-24,Group Stage,South Korea,2,50,34,Uruguay,32478,Darwin Gabriel Núñez Ribeiro,5246,Luis Alberto Suárez Díaz,Complete,17.334936,34.3,7.1,43.8,21.6
3857287,2022-11-24,Group Stage,South Korea,2,50,36,Uruguay,5246,Luis Alberto Suárez Díaz,5260,Rodrigo Bentancur Colmán,Complete,12.9529915,44.2,21.5,33.5,28.8
3857287,2022-11-24,Group Stage,South Korea,2,50,37,Uruguay,5260,Rodrigo Bentancur Colmán,6773,Federico Santiago Valverde Dipetta,Incomplete,19.982243,34.0,28.9,51.3,38.9
3857287,2022-11-24,Group Stage,South Korea,2,53,3,Uruguay,5249,Diego Roberto Godín Leal,36710,Sergio Rochet Álvarez,Complete,18.766459,26.9,56.4,17.6,40.1
3857287,2022-11-24,Group Stage,South Korea,2,53,6,Uruguay,36710,Sergio Rochet Álvarez,5260,Rodrigo Bentancur Colmán,Complete,9.508417,17.6,39.6,27.1,39.2
3857287,2022-11-24,Group Stage,South Korea,2,53,11,Uruguay,5260,Rodrigo Bentancur Colmán,6773,Federico Santiago Valverde Dipetta,Complete,19.516659,37.9,38.6,51.6,52.5
3857287,2022-11-24,Group Stage,South Korea,2,53,12,Uruguay,6773,Federico Santiago Valverde Dipetta,5249,Diego Roberto Godín Leal,Complete,17.464249,50.4,53.8,35.2,62.4
3857287,2022-11-24,Group Stage,South Korea,2,53,15,Uruguay,5249,Diego Roberto Godín Leal,5260,Rodrigo Bentancur Colmán,Complete,18.023596,36.9,67.8,32.2,50.4
3857287,2022-11-24,Group Stage,South Korea,2,53,17,Uruguay,5260,Rodrigo Bentancur Colmán,5259,José María Giménez de Vargas,Complete,34.224697,33.5,49.1,34.8,14.9
3857287,2022-11-24,Group Stage,South Korea,2,53,21,Uruguay,5259,José María Giménez de Vargas,36710,Sergio Rochet Álvarez,Complete,37.388367,33.1,5.4,8.9,33.9
3857287,2022-11-24,Group Stage,South Korea,2,53,27,Uruguay,36710,Sergio Rochet Álvarez,32478,Darwin Gabriel Núñez Ribeiro,Incomplete,61.90614,7.3,45.4,68.7,53.3
3857287,2022-11-24,Group Stage,South Korea,2,53,32,Uruguay,5260,Rodrigo Bentancur Colmán,5248,José Martín Cáceres Silva,Complete,19.649174,40.8,45.2,50.3,62.4
3857287,2022-11-24,Group Stage,South Korea,2,53,36,Uruguay,5248,José Martín Cáceres Silva,32478,Darwin Gabriel Núñez Ribeiro,Complete,12.303251,54.6,64.1,66.2,68.2
3857287,2022-11-24,Group Stage,South Korea,2,54,15,Uruguay,6773,Federico Santiago Valverde Dipetta,,,Incomplete,47.20731,72.7,67.4,108.9,37.1
3857287,2022-11-24,Group Stage,South Korea,2,54,19,Uruguay,36288,Facundo Pellistri Rebollo,5260,Rodrigo Bentancur Colmán,Complete,6.7675695,96.5,43.1,100.3,37.5
3857287,2022-11-24,Group Stage,South Korea,2,54,23,Uruguay,6773,Federico Santiago Valverde Dipetta,5255,Matías Vecino Falero,Complete,20.9571,79.4,37.6,98.6,46.0
3857287,2022-11-24,Group Stage,South Korea,2,54,25,Uruguay,5255,Matías Vecino Falero,5246,Luis Alberto Suárez Díaz,Complete,26.16276,98.6,46.0,119.3,62.0
3857287,2022-11-24,Group Stage,South Korea,2,55,1,Uruguay,5248,José Martín Cáceres Silva,5246,Luis Alberto Suárez Díaz,Complete,29.544712,105.1,80.0,115.9,52.5
3857287,2022-11-24,Group Stage,South Korea,2,55,3,Uruguay,5246,Luis Alberto Suárez Díaz,,,Incomplete,12.79453,115.9,52.5,111.2,40.6
3857287,2022-11-24,Group Stage,South Korea,2,55,10,Uruguay,5249,Diego Roberto Godín Leal,36288,Facundo Pellistri Rebollo,Complete,30.896763,62.9,74.6,92.3,65.1
3857287,2022-11-24,Group Stage,South Korea,2,57,25,Uruguay,7104,Mathías Olivera Miramontes,5255,Matías Vecino Falero,Complete,14.561936,33.5,10.8,39.2,24.2
3857287,2022-11-24,Group Stage,South Korea,2,57,28,Uruguay,5255,Matías Vecino Falero,5259,José María Giménez de Vargas,Complete,17.700283,33.9,13.5,19.8,24.2
3857287,2022-11-24,Group Stage,South Korea,2,57,31,Uruguay,5259,José María Giménez de Vargas,32478,Darwin Gabriel Núñez Ribeiro,Incomplete,36.210632,20.8,20.3,56.8,24.2
3857287,2022-11-24,Group Stage,South Korea,2,57,52,Uruguay,7104,Mathías Olivera Miramontes,5246,Luis Alberto Suárez Díaz,Complete,9.752948,22.3,0.1,31.7,2.7
3857287,2022-11-24,Group Stage,South Korea,2,57,54,Uruguay,5246,Luis Alberto Suárez Díaz,7104,Mathías Olivera Miramontes,Complete,7.3,31.3,3.3,24.0,3.3
3857287,2022-11-24,Group Stage,South Korea,2,57,55,Uruguay,7104,Mathías Olivera Miramontes,,,Incomplete,56.16983,23.5,2.5,66.7,38.4
3857287,2022-11-24,Group Stage,South Korea,2,58,18,Uruguay,5249,Diego Roberto Godín Leal,,,Incomplete,38.46297,26.1,47.3,64.5,45.1
3857287,2022-11-24,Group Stage,South Korea,2,58,26,Uruguay,5260,Rodrigo Bentancur Colmán,5248,José Martín Cáceres Silva,Complete,11.703419,44.7,44.1,37.1,53.0
3857287,2022-11-24,Group Stage,South Korea,2,58,27,Uruguay,5248,José Martín Cáceres Silva,5259,José María Giménez de Vargas,Complete,28.738302,38.1,53.0,33.1,24.7
3857287,2022-11-24,Group Stage,South Korea,2,58,30,Uruguay,5259,José María Giménez de Vargas,5260,Rodrigo Bentancur Colmán,Complete,16.319313,33.4,23.2,38.8,38.6
3857287,2022-11-24,Group Stage,South Korea,2,58,33,Uruguay,5260,Rodrigo Bentancur Colmán,6773,Federico Santiago Valverde Dipetta,Complete,16.676031,39.1,39.7,55.1,44.4
3857287,2022-11-24,Group Stage,South Korea,2,58,35,Uruguay,6773,Federico Santiago Valverde Dipetta,5255,Matías Vecino Falero,Complete,9.730879,55.7,39.2,52.0,30.2
3857287,2022-11-24,Group Stage,South Korea,2,58,37,Uruguay,5255,Matías Vecino Falero,7104,Mathías Olivera Miramontes,Complete,30.527529,52.0,26.8,72.3,4.0
3857287,2022-11-24,Group Stage,South Korea,2,58,40,Uruguay,7104,Mathías Olivera Miramontes,5255,Matías Vecino Falero,Complete,12.592458,74.4,3.5,67.3,13.9
3857287,2022-11-24,Group Stage,South Korea,2,58,42,Uruguay,5255,Matías Vecino Falero,5259,José María Giménez de Vargas,Complete,20.12486,69.2,7.7,49.1,8.7
3857287,2022-11-24,Group Stage,South Korea,2,58,48,Uruguay,5259,José María Giménez de Vargas,5249,Diego Roberto Godín Leal,Complete,27.145903,50.4,18.1,45.5,44.8
3857287,2022-11-24,Group Stage,South Korea,2,58,50,Uruguay,5249,Diego Roberto Godín Leal,5248,José Martín Cáceres Silva,Complete,17.740631,51.7,47.0,52.9,64.7
3857287,2022-11-24,Group Stage,South Korea,2,58,54,Uruguay,5248,José Martín Cáceres Silva,5249,Diego Roberto Godín Leal,Complete,23.908157,54.6,60.4,41.2,40.6
3857287,2022-11-24,Group Stage,South Korea,2,58,58,Uruguay,5249,Diego Roberto Godín Leal,5248,José Martín Cáceres Silva,Complete,18.532404,43.4,40.6,50.3,57.8
3857287,2022-11-24,Group Stage,South Korea,2,59,0,Uruguay,5248,José Martín Cáceres Silva,5260,Rodrigo Bentancur Colmán,Complete,14.17392,53.4,61.3,61.1,73.2
3857287,2022-11-24,Group Stage,South Korea,2,59,2,Uruguay,5260,Rodrigo Bentancur Colmán,5249,Diego Roberto Godín Leal,Complete,36.259205,57.2,69.0,36.4,39.3
3857287,2022-11-24,Group Stage,South Korea,2,59,8,Uruguay,5249,Diego Roberto Godín Leal,7104,Mathías Olivera Miramontes,Incomplete,66.562004,44.7,41.4,110.0,28.5
3857287,2022-11-24,Group Stage,South Korea,2,59,30,Uruguay,5259,José María Giménez de Vargas,5260,Rodrigo Bentancur Colmán,Complete,14.735332,46.6,21.1,53.9,33.9
3857287,2022-11-24,Group Stage,South Korea,2,59,48,Uruguay,6773,Federico Santiago Valverde Dipetta,32478,Darwin Gabriel Núñez Ribeiro,Complete,47.327053,30.2,68.6,77.5,70.2
3857287,2022-11-24,Group Stage,South Korea,2,60,9,Uruguay,5248,José Martín Cáceres Silva,5249,Diego Roberto Godín Leal,Complete,33.824547,80.4,80.0,51.7,62.1
3857287,2022-11-24,Group Stage,South Korea,2,60,16,Uruguay,5249,Diego Roberto Godín Leal,5259,José María Giménez de Vargas,Complete,30.8099,49.6,51.3,55.7,21.1
3857287,2022-11-24,Group Stage,South Korea,2,60,20,Uruguay,5259,José María Giménez de Vargas,5260,Rodrigo Bentancur Colmán,Complete,44.29221,54.7,26.7,62.5,70.3
3857287,2022-11-24,Group Stage,South Korea,2,60,26,Uruguay,5260,Rodrigo Bentancur Colmán,6773,Federico Santiago Valverde Dipetta,Complete,11.377171,68.2,68.8,66.2,57.6
3857287,2022-11-24,Group Stage,South Korea,2,60,28,Uruguay,6773,Federico Santiago Valverde Dipetta,5260,Rodrigo Bentancur Colmán,Complete,9.296236,66.3,58.2,68.2,67.3
3857287,2022-11-24,Group Stage,South Korea,2,60,28,Uruguay,5260,Rodrigo Bentancur Colmán,6773,Federico Santiago Valverde Dipetta,Complete,10.406248,68.4,67.4,60.7,60.4
3857287,2022-11-24,Group Stage,South Korea,2,60,30,Uruguay,6773,Federico Santiago Valverde Dipetta,5255,Matías Vecino Falero,Complete,10.543718,60.4,59.1,69.0,53.0
3857287,2022-11-24,Group Stage,South Korea,2,60,33,Uruguay,5255,Matías Vecino Falero,36288,Facundo Pellistri Rebollo,Out,28.460499,66.2,56.4,82.4,79.8
3857287,2022-11-24,Group Stage,South Korea,2,61,19,Uruguay,7104,Mathías Olivera Miramontes,6773,Federico Santiago Valverde Dipetta,Complete,7.5610847,34.3,19.7,31.7,26.8
3857287,2022-11-24,Group Stage,South Korea,2,61,22,Uruguay,6773,Federico Santiago Valverde Dipetta,5255,Matías Vecino Falero,Complete,11.0367565,35.2,15.1,31.8,4.6
3857287,2022-11-24,Group Stage,South Korea,2,61,24,Uruguay,5255,Matías Vecino Falero,36710,Sergio Rochet Álvarez,Complete,41.895107,31.9,4.8,3.5,35.6
3857287,2022-11-24,Group Stage,South Korea,2,61,28,Uruguay,36710,Sergio Rochet Álvarez,5259,José María Giménez de Vargas,Complete,16.954351,4.3,36.3,10.7,20.6
3857287,2022-11-24,Group Stage,South Korea,2,61,29,Uruguay,5259,José María Giménez de Vargas,5248,José Martín Cáceres Silva,Complete,42.782475,10.7,20.6,36.0,55.1
3857287,2022-11-24,Group Stage,South Korea,2,61,32,Uruguay,5248,José Martín Cáceres Silva,7104,Mathías Olivera Miramontes,Incomplete,20.709902,36.0,55.1,40.1,34.8
3857287,2022-11-24,Group Stage,South Korea,2,61,59,Uruguay,5259,José María Giménez de Vargas,5260,Rodrigo Bentancur Colmán,Incomplete,11.001818,15.1,26.3,26.1,26.1
3857287,2022-11-24,Group Stage,South Korea,2,62,29,Uruguay,5249,Diego Roberto Godín Leal,32478,Darwin Gabriel Núñez Ribeiro,Complete,72.47158,24.9,42.7,85.2,2.5
3857287,2022-11-24,Group Stage,South Korea,2,62,40,Uruguay,32478,Darwin Gabriel Núñez Ribeiro,5246,Luis Alberto Suárez Díaz,Incomplete,9.602083,116.7,26.3,116.9,35.9
3857287,2022-11-24,Group Stage,South Korea,2,65,23,Uruguay,7104,Mathías Olivera Miramontes,5260,Rodrigo Bentancur Colmán,Complete,18.559364,28.6,21.1,45.2,29.4
3857287,2022-11-24,Group Stage,South Korea,2,65,25,Uruguay,5260,Rodrigo Bentancur Colmán,,,Incomplete,8.905055,44.7,27.6,53.4,25.7
3857287,2022-11-24,Group Stage,South Korea,2,65,49,Uruguay,36288,Facundo Pellistri Rebollo,5248,José Martín Cáceres Silva,Complete,8.044874,19.8,66.5,24.4,59.9
3857287,2022-11-24,Group Stage,South Korea,2,65,51,Uruguay,5248,José Martín Cáceres Silva,,,Incomplete,27.794964,21.4,63.4,44.8,48.4
3857287,2022-11-24,Group Stage,South Korea,2,66,35,Uruguay,5248,José Martín Cáceres Silva,4319,Edinson Roberto Cavani Gómez,Incomplete,28.80139,17.4,80.0,46.0,76.6
3857287,2022-11-24,Group Stage,South Korea,2,66,58,Uruguay,5248,José Martín Cáceres Silva,32478,Darwin Gabriel Núñez Ribeiro,Complete,31.681067,53.7,80.0,84.9,74.5
3857287,2022-11-24,Group Stage,South Korea,2,67,0,Uruguay,32478,Darwin Gabriel Núñez Ribeiro,,,Incomplete,20.796394,84.8,76.2,82.8,55.5
3857287,2022-11-24,Group Stage,South Korea,2,67,10,Uruguay,5260,Rodrigo Bentancur Colmán,5255,Matías Vecino Falero,Complete,6.624198,56.1,45.1,61.9,41.9
3857287,2022-11-24,Group Stage,South Korea,2,67,11,Uruguay,5255,Matías Vecino Falero,32478,Darwin Gabriel Núñez Ribeiro,Complete,9.340771,62.5,42.2,69.9,36.5
3857287,2022-11-24,Group Stage,South Korea,2,67,12,Uruguay,32478,Darwin Gabriel Núñez Ribeiro,7104,Mathías Olivera Miramontes,Complete,13.3764715,71.9,36.5,60.1,30.2
3857287,2022-11-24,Group Stage,South Korea,2,67,14,Uruguay,7104,Mathías Olivera Miramontes,5260,Rodrigo Bentancur Colmán,Incomplete,13.583077,60.1,30.2,61.6,43.7
3857287,2022-11-24,Group Stage,South Korea,2,67,16,Uruguay,5255,Matías Vecino Falero,6773,Federico Santiago Valverde Dipetta,Complete,1.6,61.2,41.9,61.2,43.5
3857287,2022-11-24,Group Stage,South Korea,2,67,21,Uruguay,5260,Rodrigo Bentancur Colmán,36288,Facundo Pellistri Rebollo,Out,52.102303,49.6,56.2,96.0,79.9
3857287,2022-11-24,Group Stage,South Korea,2,67,47,Uruguay,5255,Matías Vecino Falero,4319,Edinson Roberto Cavani Gómez,Incomplete,16.296318,76.1,61.3,91.0,54.7
3857287,2022-11-24,Group Stage,South Korea,2,67,53,Uruguay,5255,Matías Vecino Falero,6773,Federico Santiago Valverde Dipetta,Complete,7.856844,81.9,50.4,76.1,55.7
3857287,2022-11-24,Group Stage,South Korea,2,67,53,Uruguay,6773,Federico Santiago Valverde Dipetta,5255,Matías Vecino Falero,Complete,7.8714676,76.1,55.3,79.7,48.3
3857287,2022-11-24,Group Stage,South Korea,2,67,55,Uruguay,5255,Matías Vecino Falero,7104,Mathías Olivera Miramontes,Complete,11.7209215,82.2,45.6,81.5,33.9
3857287,2022-11-24,Group Stage,South Korea,2,67,58,Uruguay,7104,Mathías Olivera Miramontes,32478,Darwin Gabriel Núñez Ribeiro,Complete,10.049875,87.2,23.6,94.0,16.2
3857287,2022-11-24,Group Stage,South Korea,2,68,3,Uruguay,32478,Darwin Gabriel Núñez Ribeiro,7104,Mathías Olivera Miramontes,Complete,13.536617,108.3,12.4,95.1,9.4
3857287,2022-11-24,Group Stage,South Korea,2,68,5,Uruguay,7104,Mathías Olivera Miramontes,,,Incomplete,31.367659,95.6,9.1,106.8,38.4
3857287,2022-11-24,Group Stage,South Korea,2,68,29,Uruguay,5248,José Martín Cáceres Silva,5260,Rodrigo Bentancur Colmán,Complete,16.147446,103.0,80.0,88.7,72.5
3857287,2022-11-24,Group Stage,South Korea,2,68,32,Uruguay,5260,Rodrigo Bentancur Colmán,6773,Federico Santiago Valverde Dipetta,Complete,13.829317,84.4,69.4,87.4,55.9
3857287,2022-11-24,Group Stage,South Korea,2,68,34,Uruguay,6773,Federico Santiago Valverde Dipetta,4319,Edinson Roberto Cavani Gómez,Complete,20.36664,89.7,57.2,104.3,43.0
3857287,2022-11-24,Group Stage,South Korea,2,68,39,Uruguay,36288,Facundo Pellistri Rebollo,6773,Federico Santiago Valverde Dipetta,Complete,16.585836,110.8,63.4,100.5,50.4
3857287,2022-11-24,Group Stage,South Korea,2,68,40,Uruguay,6773,Federico Santiago Valverde Dipetta,5259,José María Giménez de Vargas,Complete,28.617477,100.5,50.4,79.1,31.4
3857287,2022-11-24,Group Stage,South Korea,2,68,43,Uruguay,5259,José María Giménez de Vargas,7104,Mathías Olivera Miramontes,Complete,21.500233,81.8,28.1,96.7,12.6
3857287,2022-11-24,Group Stage,South Korea,2,68,48,Uruguay,7104,Mathías Olivera Miramontes,5259,José María Giménez de Vargas,Complete,14.800338,95.6,7.4,80.8,7.3
3857287,2022-11-24,Group Stage,South Korea,2,68,52,Uruguay,5259,José María Giménez de Vargas,5249,Diego Roberto Godín Leal,Complete,34.15333,80.6,16.4,68.4,48.3
3857287,2022-11-24,Group Stage,South Korea,2,68,56,Uruguay,5249,Diego Roberto Godín Leal,5259,José María Giménez de Vargas,Complete,28.095907,68.2,49.2,72.9,21.5
3857287,2022-11-24,Group Stage,South Korea,2,68,59,Uruguay,5259,José María Giménez de Vargas,7104,Mathías Olivera Miramontes,Complete,22.9506,79.7,14.5,100.5,4.8
3857287,2022-11-24,Group Stage,South Korea,2,69,1,Uruguay,7104,Mathías Olivera Miramontes,6773,Federico Santiago Valverde Dipetta,Complete,14.675831,100.5,4.8,86.2,8.1
3857287,2022-11-24,Group Stage,South Korea,2,69,3,Uruguay,6773,Federico Santiago Valverde Dipetta,5259,José María Giménez de Vargas,Complete,17.351946,89.1,9.5,73.6,17.3
3857287,2022-11-24,Group Stage,South Korea,2,69,5,Uruguay,5259,José María Giménez de Vargas,5260,Rodrigo Bentancur Colmán,Complete,13.006152,74.5,18.5,74.1,31.5
3857287,2022-11-24,Group Stage,South Korea,2,69,7,Uruguay,5260,Rodrigo Bentancur Colmán,5248,José Martín Cáceres Silva,Complete,26.803358,73.7,33.6,80.6,59.5
3857287,2022-11-24,Group Stage,South Korea,2,69,9,Uruguay,5248,José Martín Cáceres Silva,5249,Diego Roberto Godín Leal,Complete,13.566503,81.4,61.2,70.3,53.4
3857287,2022-11-24,Group Stage,South Korea,2,69,12,Uruguay,5249,Diego Roberto Godín Leal,36288,Facundo Pellistri Rebollo,Complete,31.881813,70.7,53.0,96.0,72.4
3857287,2022-11-24,Group Stage,South Korea,2,69,16,Uruguay,36288,Facundo Pellistri Rebollo,5248,José Martín Cáceres Silva,Complete,16.885794,97.8,62.0,81.0,60.3
3857287,2022-11-24,Group Stage,South Korea,2,69,19,Uruguay,5248,José Martín Cáceres Silva,5249,Diego Roberto Godín Leal,Complete,24.831633,81.1,59.9,64.1,41.8
3857287,2022-11-24,Group Stage,South Korea,2,69,20,Uruguay,5249,Diego Roberto Godín Leal,5259,José María Giménez de Vargas,Complete,16.304907,64.2,41.0,68.6,25.3
3857287,2022-11-24,Group Stage,South Korea,2,69,24,Uruguay,5259,José María Giménez de Vargas,5248,José Martín Cáceres Silva,Complete,33.29159,69.2,28.4,74.9,61.2
3857287,2022-11-24,Group Stage,South Korea,2,69,26,Uruguay,5248,José Martín Cáceres Silva,36288,Facundo Pellistri Rebollo,Complete,21.996819,75.0,61.3,93.1,73.8
3857287,2022-11-24,Group Stage,South Korea,2,69,34,Uruguay,36288,Facundo Pellistri Rebollo,5260,Rodrigo Bentancur Colmán,Complete,12.0415945,77.9,68.8,71.5,58.6
3857287,2022-11-24,Group Stage,South Korea,2,69,37,Uruguay,5260,Rodrigo Bentancur Colmán,6773,Federico Santiago Valverde Dipetta,Complete,22.177465,72.4,52.2,69.6,30.2
3857287,2022-11-24,Group Stage,South Korea,2,69,42,Uruguay,6773,Federico Santiago Valverde Dipetta,7104,Mathías Olivera Miramontes,Complete,16.801489,77.9,17.7,88.9,5.0
3857287,2022-11-24,Group Stage,South Korea,2,69,45,Uruguay,7104,Mathías Olivera Miramontes,32478,Darwin Gabriel Núñez Ribeiro,Complete,15.31176,90.1,4.6,98.8,17.2
3857287,2022-11-24,Group Stage,South Korea,2,69,54,Uruguay,32478,Darwin Gabriel Núñez Ribeiro,6773,Federico Santiago Valverde Dipetta,Complete,17.925402,104.6,0.1,87.0,3.5
3857287,2022-11-24,Group Stage,South Korea,2,69,58,Uruguay,6773,Federico Santiago Valverde Dipetta,5249,Diego Roberto Godín Leal,Complete,38.658764,85.8,4.6,65.5,37.5
3857287,2022-11-24,Group Stage,South Korea,2,70,1,Uruguay,5249,Diego Roberto Godín Leal,7104,Mathías Olivera Miramontes,Complete,42.51835,69.0,37.5,98.1,6.5
3857287,2022-11-24,Group Stage,South Korea,2,70,5,Uruguay,7104,Mathías Olivera Miramontes,36288,Facundo Pellistri Rebollo,Complete,58.127876,106.8,4.8,108.6,62.9
3857287,2022-11-24,Group Stage,South Korea,2,70,13,Uruguay,36288,Facundo Pellistri Rebollo,,,Incomplete,11.921828,117.6,57.4,115.9,45.6
3857287,2022-11-24,Group Stage,South Korea,2,70,35,Uruguay,6773,Federico Santiago Valverde Dipetta,5260,Rodrigo Bentancur Colmán,Complete,28.318544,75.7,13.3,65.2,39.6
3857287,2022-11-24,Group Stage,South Korea,2,70,39,Uruguay,5260,Rodrigo Bentancur Colmán,5248,José Martín Cáceres Silva,Complete,24.66171,67.7,44.1,77.1,66.9
3857287,2022-11-24,Group Stage,South Korea,2,70,41,Uruguay,5248,José Martín Cáceres Silva,5260,Rodrigo Bentancur Colmán,Complete,13.396268,79.1,65.7,71.6,54.6
3857287,2022-11-24,Group Stage,South Korea,2,70,45,Uruguay,5260,Rodrigo Bentancur Colmán,5255,Matías Vecino Falero,Complete,23.739418,70.7,48.1,66.7,24.7
3857287,2022-11-24,Group Stage,South Korea,2,70,48,Uruguay,5255,Matías Vecino Falero,6773,Federico Santiago Valverde Dipetta,Complete,12.842507,69.2,15.2,77.5,5.4
3857287,2022-11-24,Group Stage,South Korea,2,70,50,Uruguay,6773,Federico Santiago Valverde Dipetta,7104,Mathías Olivera Miramontes,Complete,13.912944,79.7,4.8,93.6,4.2
3857287,2022-11-24,Group Stage,South Korea,2,70,52,Uruguay,7104,Mathías Olivera Miramontes,6773,Federico Santiago Valverde Dipetta,Complete,10.112369,93.6,4.2,83.5,3.7
3857287,2022-11-24,Group Stage,South Korea,2,70,56,Uruguay,6773,Federico Santiago Valverde Dipetta,5249,Diego Roberto Godín Leal,Complete,36.312256,79.7,11.9,69.0,46.6
3857287,2022-11-24,Group Stage,South Korea,2,71,1,Uruguay,5249,Diego Roberto Godín Leal,5259,José María Giménez de Vargas,Complete,20.5779,70.2,48.4,72.9,28.0
3857287,2022-11-24,Group Stage,South Korea,2,71,3,Uruguay,5259,José María Giménez de Vargas,6773,Federico Santiago Valverde Dipetta,Complete,7.605919,73.6,27.1,76.8,20.2
3857287,2022-11-24,Group Stage,South Korea,2,71,8,Uruguay,6773,Federico Santiago Valverde Dipetta,7104,Mathías Olivera Miramontes,Complete,11.080162,85.6,12.8,92.2,3.9
3857287,2022-11-24,Group Stage,South Korea,2,71,10,Uruguay,7104,Mathías Olivera Miramontes,5259,José María Giménez de Vargas,Complete,31.705677,93.1,5.6,73.6,30.6
3857287,2022-11-24,Group Stage,South Korea,2,71,13,Uruguay,5259,José María Giménez de Vargas,5248,José Martín Cáceres Silva,Complete,35.11638,76.2,30.5,82.2,65.1
3857287,2022-11-24,Group Stage,South Korea,2,71,16,Uruguay,5248,José Martín Cáceres Silva,36288,Facundo Pellistri Rebollo,Complete,24.941933,81.9,62.9,103.0,76.2
3857287,2022-11-24,Group Stage,South Korea,2,71,18,Uruguay,36288,Facundo Pellistri Rebollo,5248,José Martín Cáceres Silva,Complete,16.671532,101.3,75.6,87.6,66.1
3857287,2022-11-24,Group Stage,South Korea,2,71,21,Uruguay,5248,José Martín Cáceres Silva,5260,Rodrigo Bentancur Colmán,Complete,16.86683,83.9,65.5,82.4,48.7
3857287,2022-11-24,Group Stage,South Korea,2,71,23,Uruguay,5260,Rodrigo Bentancur Colmán,5259,José María Giménez de Vargas,Complete,19.394072,82.8,47.0,76.1,28.8
3857287,2022-11-24,Group Stage,South Korea,2,71,24,Uruguay,5259,José María Giménez de Vargas,6773,Federico Santiago Valverde Dipetta,Complete,10.720075,77.1,27.1,83.5,18.5
3857287,2022-11-24,Group Stage,South Korea,2,71,26,Uruguay,6773,Federico Santiago Valverde Dipetta,5259,José María Giménez de Vargas,Complete,10.467569,83.9,18.6,74.0,22.0
3857287,2022-11-24,Group Stage,South Korea,2,71,28,Uruguay,5259,José María Giménez de Vargas,5248,José Martín Cáceres Silva,Complete,23.749737,73.3,26.7,77.9,50.0
3857287,2022-11-24,Group Stage,South Korea,2,71,31,Uruguay,5248,José Martín Cáceres Silva,36288,Facundo Pellistri Rebollo,Complete,32.790546,78.7,53.0,103.8,74.1
3857287,2022-11-24,Group Stage,South Korea,2,71,34,Uruguay,36288,Facundo Pellistri Rebollo,,,Incomplete,29.486437,105.9,74.6,110.0,45.4
3857287,2022-11-24,Group Stage,South Korea,2,71,42,Uruguay,5259,José María Giménez de Vargas,,,Incomplete,35.079483,88.2,11.1,111.3,37.5
3857287,2022-11-24,Group Stage,South Korea,2,72,19,Uruguay,5255,Matías Vecino Falero,5260,Rodrigo Bentancur Colmán,Complete,10.568822,47.0,9.9,38.1,15.6
3857287,2022-11-24,Group Stage,South Korea,2,72,21,Uruguay,5260,Rodrigo Bentancur Colmán,36288,Facundo Pellistri Rebollo,Complete,42.01928,37.7,16.0,57.8,52.9
3857287,2022-11-24,Group Stage,South Korea,2,72,26,Uruguay,36288,Facundo Pellistri Rebollo,5248,José Martín Cáceres Silva,Complete,17.976929,47.6,52.1,31.0,45.2
3857287,2022-11-24,Group Stage,South Korea,2,72,29,Uruguay,5248,José Martín Cáceres Silva,5260,Rodrigo Bentancur Colmán,Complete,12.790622,28.6,43.9,34.4,32.5
3857287,2022-11-24,Group Stage,South Korea,2,72,33,Uruguay,5260,Rodrigo Bentancur Colmán,5259,José María Giménez de Vargas,Complete,32.221886,45.5,41.0,39.2,9.4
3857287,2022-11-24,Group Stage,South Korea,2,72,36,Uruguay,5259,José María Giménez de Vargas,7104,Mathías Olivera Miramontes,Complete,26.005,41.8,7.8,67.3,2.7
3857287,2022-11-24,Group Stage,South Korea,2,72,39,Uruguay,7104,Mathías Olivera Miramontes,32478,Darwin Gabriel Núñez Ribeiro,Complete,8.1024685,68.1,2.7,76.2,2.9
3857287,2022-11-24,Group Stage,South Korea,2,72,42,Uruguay,32478,Darwin Gabriel Núñez Ribeiro,5259,José María Giménez de Vargas,Complete,28.115654,69.9,3.5,43.1,12.0
3857287,2022-11-24,Group Stage,South Korea,2,72,44,Uruguay,5259,José María Giménez de Vargas,5249,Diego Roberto Godín Leal,Complete,29.474905,44.7,13.3,46.8,42.7
3857287,2022-11-24,Group Stage,South Korea,2,72,51,Uruguay,5249,Diego Roberto Godín Leal,5259,José María Giménez de Vargas,Complete,22.155134,55.9,41.3,46.8,21.1
3857287,2022-11-24,Group Stage,South Korea,2,72,54,Uruguay,5259,José María Giménez de Vargas,6773,Federico Santiago Valverde Dipetta,Complete,14.450605,46.8,21.1,54.7,9.0
3857287,2022-11-24,Group Stage,South Korea,2,72,57,Uruguay,6773,Federico Santiago Valverde Dipetta,5248,José Martín Cáceres Silva,Complete,43.111485,55.7,8.1,47.9,50.5
3857287,2022-11-24,Group Stage,South Korea,2,73,3,Uruguay,5248,José Martín Cáceres Silva,32478,Darwin Gabriel Núñez Ribeiro,Out,72.82431,63.3,56.4,120.0,10.7
3857287,2022-11-24,Group Stage,South Korea,2,74,26,Uruguay,5249,Diego Roberto Godín Leal,36288,Facundo Pellistri Rebollo,Incomplete,13.300376,45.6,70.7,58.7,68.4
3857287,2022-11-24,Group Stage,South Korea,2,74,29,Uruguay,5249,Diego Roberto Godín Leal,,,Incomplete,8.634813,41.2,55.5,49.6,53.5
3857287,2022-11-24,Group Stage,South Korea,2,74,50,Uruguay,5260,Rodrigo Bentancur Colmán,6773,Federico Santiago Valverde Dipetta,Incomplete,26.303041,8.1,43.9,8.5,70.2
3857287,2022-11-24,Group Stage,South Korea,2,75,12,Uruguay,36710,Sergio Rochet Álvarez,5255,Matías Vecino Falero,Complete,30.100166,6.0,44.0,33.1,30.9
3857287,2022-11-24,Group Stage,South Korea,2,75,15,Uruguay,5255,Matías Vecino Falero,5259,José María Giménez de Vargas,Complete,14.8946295,34.0,29.4,27.1,16.2
3857287,2022-11-24,Group Stage,South Korea,2,75,17,Uruguay,5259,José María Giménez de Vargas,6773,Federico Santiago Valverde Dipetta,Complete,32.38966,34.0,16.9,37.5,49.1
3857287,2022-11-24,Group Stage,South Korea,2,75,19,Uruguay,6773,Federico Santiago Valverde Dipetta,5260,Rodrigo Bentancur Colmán,Complete,16.729914,38.1,50.4,32.6,34.6
3857287,2022-11-24,Group Stage,South Korea,2,75,25,Uruguay,5260,Rodrigo Bentancur Colmán,6773,Federico Santiago Valverde Dipetta,Complete,17.740631,49.5,31.8,50.7,49.5
3857287,2022-11-24,Group Stage,South Korea,2,75,28,Uruguay,6773,Federico Santiago Valverde Dipetta,32478,Darwin Gabriel Núñez Ribeiro,Out,65.6,54.3,50.4,119.9,50.4
3857287,2022-11-24,Group Stage,South Korea,2,76,37,Uruguay,5248,José Martín Cáceres Silva,,,Incomplete,26.606203,35.4,54.2,61.2,47.7
3857287,2022-11-24,Group Stage,South Korea,2,77,5,Uruguay,36710,Sergio Rochet Álvarez,5259,José María Giménez de Vargas,Complete,16.34044,6.0,36.0,15.9,23.0
3857287,2022-11-24,Group Stage,South Korea,2,77,6,Uruguay,5259,José María Giménez de Vargas,5260,Rodrigo Bentancur Colmán,Complete,24.909838,15.1,23.6,21.4,47.7
3857287,2022-11-24,Group Stage,South Korea,2,77,12,Uruguay,5260,Rodrigo Bentancur Colmán,5259,José María Giménez de Vargas,Complete,32.257248,33.0,44.8,40.8,13.5
3857287,2022-11-24,Group Stage,South Korea,2,77,17,Uruguay,5259,José María Giménez de Vargas,5260,Rodrigo Bentancur Colmán,Complete,16.592167,40.4,20.3,33.1,35.2
3857287,2022-11-24,Group Stage,South Korea,2,77,19,Uruguay,5260,Rodrigo Bentancur Colmán,5249,Diego Roberto Godín Leal,Complete,26.25738,37.3,39.3,47.0,63.7
3857287,2022-11-24,Group Stage,South Korea,2,77,25,Uruguay,5249,Diego Roberto Godín Leal,5248,José Martín Cáceres Silva,Complete,14.425325,47.0,61.6,54.2,74.1
3857287,2022-11-24,Group Stage,South Korea,2,77,27,Uruguay,5248,José Martín Cáceres Silva,36710,Sergio Rochet Álvarez,Complete,43.507355,52.6,72.4,19.3,44.4
3857287,2022-11-24,Group Stage,South Korea,2,77,31,Uruguay,36710,Sergio Rochet Álvarez,5259,José María Giménez de Vargas,Complete,26.708239,21.8,43.1,33.1,18.9
3857287,2022-11-24,Group Stage,South Korea,2,77,34,Uruguay,5259,José María Giménez de Vargas,36288,Facundo Pellistri Rebollo,Incomplete,72.864944,38.7,19.0,99.8,58.7
3857287,2022-11-24,Group Stage,South Korea,2,78,19,Uruguay,5248,José Martín Cáceres Silva,5249,Diego Roberto Godín Leal,Complete,38.109577,93.0,80.0,64.5,54.7
3857287,2022-11-24,Group Stage,South Korea,2,78,21,Uruguay,5249,Diego Roberto Godín Leal,5259,José María Giménez de Vargas,Complete,23.248442,65.2,54.3,66.7,31.1
3857287,2022-11-24,Group Stage,South Korea,2,78,24,Uruguay,5259,José María Giménez de Vargas,5249,Diego Roberto Godín Leal,Complete,22.81162,68.6,29.2,65.5,51.8
3857287,2022-11-24,Group Stage,South Korea,2,78,27,Uruguay,5249,Diego Roberto Godín Leal,5248,José Martín Cáceres Silva,Complete,14.103191,63.8,53.8,74.9,62.5
3857287,2022-11-24,Group Stage,South Korea,2,78,28,Uruguay,5248,José Martín Cáceres Silva,5249,Diego Roberto Godín Leal,Complete,10.916501,74.9,62.9,65.0,58.3
3857287,2022-11-24,Group Stage,South Korea,2,78,30,Uruguay,5249,Diego Roberto Godín Leal,5248,José Martín Cáceres Silva,Complete,12.244999,64.9,59.3,58.6,69.8
3857287,2022-11-24,Group Stage,South Korea,2,78,33,Uruguay,5248,José Martín Cáceres Silva,36710,Sergio Rochet Álvarez,Complete,35.820805,45.6,62.6,16.8,41.3
3857287,2022-11-24,Group Stage,South Korea,2,78,38,Uruguay,36710,Sergio Rochet Álvarez,5259,José María Giménez de Vargas,Complete,11.764353,19.1,27.6,25.9,18.0
3857287,2022-11-24,Group Stage,South Korea,2,78,43,Uruguay,5259,José María Giménez de Vargas,5249,Diego Roberto Godín Leal,Complete,43.86935,32.3,15.2,38.7,58.6
3857287,2022-11-24,Group Stage,South Korea,2,78,51,Uruguay,5249,Diego Roberto Godín Leal,36710,Sergio Rochet Álvarez,Complete,24.10809,43.1,46.7,19.7,40.9
3857287,2022-11-24,Group Stage,South Korea,2,78,57,Uruguay,36710,Sergio Rochet Álvarez,32478,Darwin Gabriel Núñez Ribeiro,Complete,53.749233,18.4,39.7,57.1,2.4
3857287,2022-11-24,Group Stage,South Korea,2,79,0,Uruguay,32478,Darwin Gabriel Núñez Ribeiro,4319,Edinson Roberto Cavani Gómez,Incomplete,26.437284,57.1,2.4,82.8,8.6
3857287,2022-11-24,Group Stage,South Korea,2,79,51,Uruguay,5248,José Martín Cáceres Silva,36710,Sergio Rochet Álvarez,Complete,34.012497,13.2,69.8,8.6,36.1
3857287,2022-11-24,Group Stage,South Korea,2,79,55,Uruguay,36710,Sergio Rochet Álvarez,5259,José María Giménez de Vargas,Complete,21.333542,10.6,33.2,24.0,16.6
3857287,2022-11-24,Group Stage,South Korea,2,80,2,Uruguay,5259,José María Giménez de Vargas,36288,Facundo Pellistri Rebollo,Incomplete,70.18041,50.8,29.4,116.3,54.6
3857287,2022-11-24,Group Stage,South Korea,2,80,31,Uruguay,6773,Federico Santiago Valverde Dipetta,5259,José María Giménez de Vargas,Complete,23.773935,70.3,31.8,52.9,15.6
3857287,2022-11-24,Group Stage,South Korea,2,80,34,Uruguay,5259,José María Giménez de Vargas,5249,Diego Roberto Godín Leal,Complete,24.240461,52.1,25.9,72.3,39.3
3857287,2022-11-24,Group Stage,South Korea,2,80,35,Uruguay,5249,Diego Roberto Godín Leal,5260,Rodrigo Bentancur Colmán,Complete,9.264988,72.8,39.2,70.6,30.2
3857287,2022-11-24,Group Stage,South Korea,2,80,36,Uruguay,5260,Rodrigo Bentancur Colmán,4319,Edinson Roberto Cavani Gómez,Complete,18.562597,70.6,30.2,88.2,36.1
3857287,2022-11-24,Group Stage,South Korea,2,80,41,Uruguay,4319,Edinson Roberto Cavani Gómez,32478,Darwin Gabriel Núñez Ribeiro,Complete,14.223924,95.2,35.6,101.8,23.0
3857287,2022-11-24,Group Stage,South Korea,2,82,41,Uruguay,5260,Rodrigo Bentancur Colmán,4319,Edinson Roberto Cavani Gómez,Complete,18.63867,38.8,55.5,57.4,54.3
3857287,2022-11-24,Group Stage,South Korea,2,82,56,Uruguay,5260,Rodrigo Bentancur Colmán,5249,Diego Roberto Godín Leal,Complete,18.309834,57.1,59.6,42.1,49.1
3857287,2022-11-24,Group Stage,South Korea,2,82,58,Uruguay,5249,Diego Roberto Godín Leal,6773,Federico Santiago Valverde Dipetta,Complete,13.520355,42.1,48.8,43.9,35.4
3857287,2022-11-24,Group Stage,South Korea,2,83,0,Uruguay,6773,Federico Santiago Valverde Dipetta,5260,Rodrigo Bentancur Colmán,Complete,22.157618,44.3,33.9,55.7,52.9
3857287,2022-11-24,Group Stage,South Korea,2,83,1,Uruguay,5260,Rodrigo Bentancur Colmán,5249,Diego Roberto Godín Leal,Complete,12.831601,55.7,52.9,42.9,53.8
3857287,2022-11-24,Group Stage,South Korea,2,83,4,Uruguay,5249,Diego Roberto Godín Leal,6773,Federico Santiago Valverde Dipetta,Complete,22.4,42.9,53.8,42.9,31.4
3857287,2022-11-24,Group Stage,South Korea,2,83,6,Uruguay,6773,Federico Santiago Valverde Dipetta,5249,Diego Roberto Godín Leal,Complete,26.05091,43.8,29.8,46.6,55.7
3857287,2022-11-24,Group Stage,South Korea,2,83,11,Uruguay,5249,Diego Roberto Godín Leal,5260,Rodrigo Bentancur Colmán,Complete,9.024965,59.1,60.4,56.7,51.7
3857287,2022-11-24,Group Stage,South Korea,2,83,15,Uruguay,5260,Rodrigo Bentancur Colmán,32478,Darwin Gabriel Núñez Ribeiro,Complete,33.62514,56.7,51.7,90.3,53.0
3857287,2022-11-24,Group Stage,South Korea,2,83,16,Uruguay,32478,Darwin Gabriel Núñez Ribeiro,36288,Facundo Pellistri Rebollo,Incomplete,13.0,90.1,57.8,78.1,52.8
3857287,2022-11-24,Group Stage,South Korea,2,83,18,Uruguay,5260,Rodrigo Bentancur Colmán,36288,Facundo Pellistri Rebollo,Complete,13.416408,76.0,60.4,82.0,48.4
3857287,2022-11-24,Group Stage,South Korea,2,83,20,Uruguay,36288,Facundo Pellistri Rebollo,32478,Darwin Gabriel Núñez Ribeiro,Complete,26.723959,86.2,48.3,102.6,69.4
3857287,2022-11-24,Group Stage,South Korea,2,83,25,Uruguay,32478,Darwin Gabriel Núñez Ribeiro,5260,Rodrigo Bentancur Colmán,Out,22.408926,103.0,64.1,120.0,49.5
3857287,2022-11-24,Group Stage,South Korea,2,84,12,Uruguay,5260,Rodrigo Bentancur Colmán,,,Incomplete,4.1,11.9,74.2,16.0,74.2
3857287,2022-11-24,Group Stage,South Korea,2,84,31,Uruguay,5248,José Martín Cáceres Silva,4319,Edinson Roberto Cavani Gómez,Complete,9.940322,31.7,80.0,39.7,74.1
3857287,2022-11-24,Group Stage,South Korea,2,84,31,Uruguay,4319,Edinson Roberto Cavani Gómez,5248,José Martín Cáceres Silva,Complete,6.400781,40.4,73.7,34.0,73.6
3857287,2022-11-24,Group Stage,South Korea,2,84,33,Uruguay,5248,José Martín Cáceres Silva,32478,Darwin Gabriel Núñez Ribeiro,Complete,27.324898,34.0,73.6,58.4,61.3
3857287,2022-11-24,Group Stage,South Korea,2,85,19,Uruguay,5260,Rodrigo Bentancur Colmán,4319,Edinson Roberto Cavani Gómez,Complete,25.905983,55.7,61.2,77.1,46.6
3857287,2022-11-24,Group Stage,South Korea,2,85,25,Uruguay,4319,Edinson Roberto Cavani Gómez,5248,José Martín Cáceres Silva,Complete,27.300182,92.2,53.0,64.9,53.1
3857287,2022-11-24,Group Stage,South Korea,2,85,29,Uruguay,5248,José Martín Cáceres Silva,36288,Facundo Pellistri Rebollo,Complete,28.0692,65.2,52.2,81.0,75.4
3857287,2022-11-24,Group Stage,South Korea,2,85,32,Uruguay,36288,Facundo Pellistri Rebollo,5249,Diego Roberto Godín Leal,Complete,32.250427,80.8,72.5,55.5,52.5
3857287,2022-11-24,Group Stage,South Korea,2,85,35,Uruguay,5249,Diego Roberto Godín Leal,5259,José María Giménez de Vargas,Complete,33.100605,55.5,52.5,55.7,19.4
3857287,2022-11-24,Group Stage,South Korea,2,85,39,Uruguay,5259,José María Giménez de Vargas,6773,Federico Santiago Valverde Dipetta,Complete,18.13946,60.8,18.6,71.0,33.6
3857287,2022-11-24,Group Stage,South Korea,2,85,40,Uruguay,6773,Federico Santiago Valverde Dipetta,5259,José María Giménez de Vargas,Complete,18.270195,70.6,33.9,58.4,20.3
3857287,2022-11-24,Group Stage,South Korea,2,85,42,Uruguay,5259,José María Giménez de Vargas,6773,Federico Santiago Valverde Dipetta,Complete,15.273506,58.4,20.3,69.2,31.1
3857287,2022-11-24,Group Stage,South Korea,2,85,43,Uruguay,6773,Federico Santiago Valverde Dipetta,28729,Diego Nicolás De La Cruz Arcosa,Complete,18.183784,69.2,31.1,63.3,13.9
3857287,2022-11-24,Group Stage,South Korea,2,85,46,Uruguay,28729,Diego Nicolás De La Cruz Arcosa,5249,Diego Roberto Godín Leal,Complete,40.603077,61.6,15.6,61.1,56.2
3857287,2022-11-24,Group Stage,South Korea,2,85,51,Uruguay,5249,Diego Roberto Godín Leal,36288,Facundo Pellistri Rebollo,Complete,24.983395,68.2,58.9,86.6,75.8
3857287,2022-11-24,Group Stage,South Korea,2,85,53,Uruguay,36288,Facundo Pellistri Rebollo,4319,Edinson Roberto Cavani Gómez,Incomplete,8.729834,89.7,74.9,88.2,66.3
3857287,2022-11-24,Group Stage,South Korea,2,86,2,Uruguay,5248,José Martín Cáceres Silva,36710,Sergio Rochet Álvarez,Complete,21.86344,11.5,64.2,3.9,43.7
3857287,2022-11-24,Group Stage,South Korea,2,86,3,Uruguay,36710,Sergio Rochet Álvarez,5249,Diego Roberto Godín Leal,Complete,34.375862,3.5,43.0,28.4,66.7
3857287,2022-11-24,Group Stage,South Korea,2,86,7,Uruguay,5249,Diego Roberto Godín Leal,6773,Federico Santiago Valverde Dipetta,Complete,14.098227,28.2,66.3,35.6,54.3
3857287,2022-11-24,Group Stage,South Korea,2,86,13,Uruguay,6773,Federico Santiago Valverde Dipetta,5259,José María Giménez de Vargas,Complete,24.901808,52.1,38.4,52.4,13.5
3857287,2022-11-24,Group Stage,South Korea,2,86,18,Uruguay,5259,José María Giménez de Vargas,6773,Federico Santiago Valverde Dipetta,Complete,17.40115,68.2,22.7,57.6,36.5
3857287,2022-11-24,Group Stage,South Korea,2,86,20,Uruguay,6773,Federico Santiago Valverde Dipetta,5259,José María Giménez de Vargas,Complete,14.57738,64.9,27.4,57.4,14.9
3857287,2022-11-24,Group Stage,South Korea,2,86,22,Uruguay,5259,José María Giménez de Vargas,5249,Diego Roberto Godín Leal,Complete,33.229656,56.5,12.4,52.6,45.4
3857287,2022-11-24,Group Stage,South Korea,2,86,26,Uruguay,5249,Diego Roberto Godín Leal,34476,Matías Nicolás Viña Susperreguy,Complete,45.45822,60.7,41.7,86.1,4.0
3857287,2022-11-24,Group Stage,South Korea,2,86,30,Uruguay,34476,Matías Nicolás Viña Susperreguy,6773,Federico Santiago Valverde Dipetta,Complete,12.63962,85.8,4.0,73.2,5.0
3857287,2022-11-24,Group Stage,South Korea,2,86,34,Uruguay,6773,Federico Santiago Valverde Dipetta,5259,José María Giménez de Vargas,Complete,14.756694,73.6,5.2,61.2,13.2
3857287,2022-11-24,Group Stage,South Korea,2,86,35,Uruguay,5259,José María Giménez de Vargas,28729,Diego Nicolás De La Cruz Arcosa,Complete,15.264338,62.0,13.3,76.2,18.9
3857287,2022-11-24,Group Stage,South Korea,2,86,38,Uruguay,28729,Diego Nicolás De La Cruz Arcosa,5248,José Martín Cáceres Silva,Complete,38.70207,75.0,22.3,68.2,60.4
3857287,2022-11-24,Group Stage,South Korea,2,86,42,Uruguay,5248,José Martín Cáceres Silva,5260,Rodrigo Bentancur Colmán,Complete,28.617477,80.8,54.6,99.8,76.0
3857287,2022-11-24,Group Stage,South Korea,2,86,46,Uruguay,5260,Rodrigo Bentancur Colmán,28729,Diego Nicolás De La Cruz Arcosa,Complete,21.566874,103.8,71.9,88.6,56.6
3857287,2022-11-24,Group Stage,South Korea,2,86,49,Uruguay,28729,Diego Nicolás De La Cruz Arcosa,6773,Federico Santiago Valverde Dipetta,Complete,11.788554,88.2,52.9,90.3,41.3
3857287,2022-11-24,Group Stage,South Korea,2,86,51,Uruguay,6773,Federico Santiago Valverde Dipetta,5260,Rodrigo Bentancur Colmán,Complete,35.363823,90.5,40.9,108.9,71.1
3857287,2022-11-24,Group Stage,South Korea,2,86,54,Uruguay,5260,Rodrigo Bentancur Colmán,4319,Edinson Roberto Cavani Gómez,Complete,32.41188,106.8,71.9,110.5,39.7
3857287,2022-11-24,Group Stage,South Korea,2,88,13,Uruguay,34476,Matías Nicolás Viña Susperreguy,28729,Diego Nicolás De La Cruz Arcosa,Complete,19.5,46.6,3.7,65.5,8.5
3857287,2022-11-24,Group Stage,South Korea,2,88,15,Uruguay,28729,Diego Nicolás De La Cruz Arcosa,6773,Federico Santiago Valverde Dipetta,Complete,15.011995,68.8,7.8,69.4,22.8
3857287,2022-11-24,Group Stage,South Korea,2,88,16,Uruguay,6773,Federico Santiago Valverde Dipetta,5260,Rodrigo Bentancur Colmán,Complete,15.700318,69.4,22.8,53.9,20.3
3857287,2022-11-24,Group Stage,South Korea,2,88,22,Uruguay,5260,Rodrigo Bentancur Colmán,32478,Darwin Gabriel Núñez Ribeiro,Incomplete,18.146626,75.3,37.9,91.0,28.8
3857287,2022-11-24,Group Stage,South Korea,2,88,33,Uruguay,5259,José María Giménez de Vargas,5264,Guillermo Varela Olivera,Complete,22.463526,27.8,28.1,22.8,50.0
3857287,2022-11-24,Group Stage,South Korea,2,88,40,Uruguay,5264,Guillermo Varela Olivera,4319,Edinson Roberto Cavani Gómez,Complete,55.93255,51.2,53.4,72.3,1.6
3857287,2022-11-24,Group Stage,South Korea,2,88,43,Uruguay,4319,Edinson Roberto Cavani Gómez,34476,Matías Nicolás Viña Susperreguy,Complete,18.595161,72.3,1.6,54.6,7.3
3857287,2022-11-24,Group Stage,South Korea,2,88,46,Uruguay,34476,Matías Nicolás Viña Susperreguy,28729,Diego Nicolás De La Cruz Arcosa,Complete,18.179384,56.5,7.8,69.0,21.0
3857287,2022-11-24,Group Stage,South Korea,2,88,51,Uruguay,28729,Diego Nicolás De La Cruz Arcosa,6773,Federico Santiago Valverde Dipetta,Complete,13.395895,76.1,13.5,69.4,25.1
3857287,2022-11-24,Group Stage,South Korea,2,88,52,Uruguay,6773,Federico Santiago Valverde Dipetta,,,Incomplete,1.9235384,69.0,24.5,67.3,23.6
3857287,2022-11-24,Group Stage,South Korea,2,89,49,Uruguay,5259,José María Giménez de Vargas,36710,Sergio Rochet Álvarez,Complete,29.321835,13.2,7.8,3.3,35.4
3857287,2022-11-24,Group Stage,South Korea,2,89,51,Uruguay,36710,Sergio Rochet Álvarez,,,Incomplete,24.403482,3.7,35.9,26.5,27.2
3857287,2022-11-24,Group Stage,South Korea,2,90,17,Uruguay,36710,Sergio Rochet Álvarez,5259,José María Giménez de Vargas,Complete,46.684044,6.0,36.0,52.6,38.8
3857287,2022-11-24,Group Stage,South Korea,2,90,25,Uruguay,5259,José María Giménez de Vargas,34476,Matías Nicolás Viña Susperreguy,Complete,52.052475,59.9,37.6,99.4,3.7
3857287,2022-11-24,Group Stage,South Korea,2,90,28,Uruguay,34476,Matías Nicolás Viña Susperreguy,32478,Darwin Gabriel Núñez Ribeiro,Complete,12.083046,99.4,3.9,93.6,14.5
3857287,2022-11-24,Group Stage,South Korea,2,90,30,Uruguay,32478,Darwin Gabriel Núñez Ribeiro,34476,Matías Nicolás Viña Susperreguy,Complete,10.640489,93.9,14.5,97.8,4.6
3857287,2022-11-24,Group Stage,South Korea,2,90,33,Uruguay,34476,Matías Nicolás Viña Susperreguy,6773,Federico Santiago Valverde Dipetta,Complete,17.118996,88.0,3.5,78.9,18.0
3857287,2022-11-24,Group Stage,South Korea,2,90,34,Uruguay,6773,Federico Santiago Valverde Dipetta,5260,Rodrigo Bentancur Colmán,Complete,10.307764,79.3,17.7,76.8,7.7
3857287,2022-11-24,Group Stage,South Korea,2,90,39,Uruguay,5260,Rodrigo Bentancur Colmán,6773,Federico Santiago Valverde Dipetta,Complete,12.33572,78.5,3.5,76.1,15.6
3857287,2022-11-24,Group Stage,South Korea,2,90,44,Uruguay,6773,Federico Santiago Valverde Dipetta,5248,José Martín Cáceres Silva,Complete,41.66593,79.7,27.6,84.4,69.0
3857287,2022-11-24,Group Stage,South Korea,2,90,47,Uruguay,5248,José Martín Cáceres Silva,28729,Diego Nicolás De La Cruz Arcosa,Complete,14.649232,82.3,72.8,81.1,58.2
3857287,2022-11-24,Group Stage,South Korea,2,90,49,Uruguay,28729,Diego Nicolás De La Cruz Arcosa,4319,Edinson Roberto Cavani Gómez,Complete,16.43472,82.2,58.7,90.3,44.4
3857287,2022-11-24,Group Stage,South Korea,2,90,50,Uruguay,4319,Edinson Roberto Cavani Gómez,32478,Darwin Gabriel Núñez Ribeiro,Complete,13.200378,90.9,44.3,96.4,32.3
3857287,2022-11-24,Group Stage,South Korea,2,90,52,Uruguay,32478,Darwin Gabriel Núñez Ribeiro,5260,Rodrigo Bentancur Colmán,Complete,15.402922,96.9,32.5,82.2,37.1
3857287,2022-11-24,Group Stage,South Korea,2,90,54,Uruguay,5260,Rodrigo Bentancur Colmán,5264,Guillermo Varela Olivera,Complete,39.684002,82.3,37.5,107.2,68.4
3857287,2022-11-24,Group Stage,South Korea,2,90,58,Uruguay,5264,Guillermo Varela Olivera,28729,Diego Nicolás De La Cruz Arcosa,Complete,8.158431,108.1,68.8,106.5,60.8
3857287,2022-11-24,Group Stage,South Korea,2,91,8,Uruguay,5248,José Martín Cáceres Silva,5249,Diego Roberto Godín Leal,Complete,35.2881,87.8,80.0,63.2,54.7
3857287,2022-11-24,Group Stage,South Korea,2,91,12,Uruguay,5249,Diego Roberto Godín Leal,5260,Rodrigo Bentancur Colmán,Complete,15.562134,63.2,53.4,74.5,64.1
3857287,2022-11-24,Group Stage,South Korea,2,91,15,Uruguay,5260,Rodrigo Bentancur Colmán,28729,Diego Nicolás De La Cruz Arcosa,Complete,25.603125,78.1,63.7,100.5,51.3
3857287,2022-11-24,Group Stage,South Korea,2,91,17,Uruguay,28729,Diego Nicolás De La Cruz Arcosa,4319,Edinson Roberto Cavani Gómez,Incomplete,15.4402075,107.9,53.1,103.5,38.3
3857287,2022-11-24,Group Stage,South Korea,2,92,7,Uruguay,34476,Matías Nicolás Viña Susperreguy,5249,Diego Roberto Godín Leal,Complete,27.312452,35.2,0.1,31.8,27.2
3857287,2022-11-24,Group Stage,South Korea,2,92,17,Uruguay,5249,Diego Roberto Godín Leal,5259,José María Giménez de Vargas,Complete,39.232895,44.5,50.1,49.6,11.2
3857287,2022-11-24,Group Stage,South Korea,2,93,1,Uruguay,5260,Rodrigo Bentancur Colmán,,,Incomplete,8.285529,21.0,22.7,28.6,19.4
3857287,2022-11-24,Group Stage,South Korea,2,93,20,Uruguay,36710,Sergio Rochet Álvarez,5260,Rodrigo Bentancur Colmán,Complete,11.1400175,6.0,36.0,14.9,42.7
3857287,2022-11-24,Group Stage,South Korea,2,93,23,Uruguay,5260,Rodrigo Bentancur Colmán,6773,Federico Santiago Valverde Dipetta,Complete,10.962208,15.3,42.7,24.2,49.1
3857287,2022-11-24,Group Stage,South Korea,2,93,32,Uruguay,6773,Federico Santiago Valverde Dipetta,28729,Diego Nicolás De La Cruz Arcosa,Complete,16.11521,40.9,21.1,50.0,7.8
3857287,2022-11-24,Group Stage,South Korea,2,93,37,Uruguay,28729,Diego Nicolás De La Cruz Arcosa,5260,Rodrigo Bentancur Colmán,Complete,37.520126,45.1,4.0,42.1,41.4
3857287,2022-11-24,Group Stage,South Korea,2,93,41,Uruguay,5260,Rodrigo Bentancur Colmán,5248,José Martín Cáceres Silva,Complete,25.858847,45.2,43.1,57.4,65.9
3857287,2022-11-24,Group Stage,South Korea,2,93,43,Uruguay,5248,José Martín Cáceres Silva,5249,Diego Roberto Godín Leal,Complete,21.07368,56.8,65.1,42.1,50.0
3857287,2022-11-24,Group Stage,South Korea,2,93,46,Uruguay,5249,Diego Roberto Godín Leal,5259,José María Giménez de Vargas,Complete,32.370667,42.1,50.0,47.6,18.1
3857287,2022-11-24,Group Stage,South Korea,2,93,49,Uruguay,5259,José María Giménez de Vargas,34476,Matías Nicolás Viña Susperreguy,Complete,28.264465,48.9,16.8,74.1,4.0
3857287,2022-11-24,Group Stage,South Korea,2,93,52,Uruguay,34476,Matías Nicolás Viña Susperreguy,28729,Diego Nicolás De La Cruz Arcosa,Complete,20.10224,83.6,3.7,67.7,16.0
3857287,2022-11-24,Group Stage,South Korea,2,93,55,Uruguay,28729,Diego Nicolás De La Cruz Arcosa,5248,José Martín Cáceres Silva,Complete,31.1,64.5,21.0,64.5,52.1
3857287,2022-11-24,Group Stage,South Korea,2,94,0,Uruguay,5248,José Martín Cáceres Silva,34476,Matías Nicolás Viña Susperreguy,Unknown,49.027542,73.7,54.3,103.8,15.6
3857287,2022-11-24,Group Stage,South Korea,2,94,38,Uruguay,5259,José María Giménez de Vargas,6773,Federico Santiago Valverde Dipetta,Complete,10.707474,25.9,23.2,34.7,29.3
3857287,2022-11-24,Group Stage,South Korea,2,94,40,Uruguay,6773,Federico Santiago Valverde Dipetta,5248,José Martín Cáceres Silva,Complete,15.647364,28.8,32.8,16.0,41.8
3857287,2022-11-24,Group Stage,South Korea,2,94,42,Uruguay,5248,José Martín Cáceres Silva,32478,Darwin Gabriel Núñez Ribeiro,Incomplete,80.6604,16.0,41.8,93.1,65.5
3857287,2022-11-24,Group Stage,South Korea,2,94,53,Uruguay,5264,Guillermo Varela Olivera,28729,Diego Nicolás De La Cruz Arcosa,Complete,20.883726,76.2,65.4,81.5,45.2
3857287,2022-11-24,Group Stage,South Korea,2,94,57,Uruguay,28729,Diego Nicolás De La Cruz Arcosa,34476,Matías Nicolás Viña Susperreguy,Complete,22.435017,86.5,35.0,91.8,13.2
3857287,2022-11-24,Group Stage,South Korea,2,95,0,Uruguay,34476,Matías Nicolás Viña Susperreguy,,,Incomplete,7.045566,106.1,11.9,106.9,18.9
3857287,2022-11-24,Group Stage,South Korea,2,95,42,Uruguay,28729,Diego Nicolás De La Cruz Arcosa,,,Incomplete,46.21796,120.0,0.1,116.7,46.2
3857287,2022-11-24,Group Stage,South Korea,2,95,56,Uruguay,5259,José María Giménez de Vargas,28729,Diego Nicolás De La Cruz Arcosa,Complete,17.014406,40.1,9.1,57.1,9.8
3857287,2022-11-24,Group Stage,South Korea,2,96,19,Uruguay,5249,Diego Roberto Godín Leal,34476,Matías Nicolás Viña Susperreguy,Incomplete,14.839475,17.2,13.2,28.6,3.7
3857287,2022-11-24,Group Stage,South Korea,2,96,36,Uruguay,34476,Matías Nicolás Viña Susperreguy,6773,Federico Santiago Valverde Dipetta,Complete,15.138032,17.0,7.4,21.0,22.0
3857287,2022-11-24,Group Stage,South Korea,2,96,38,Uruguay,6773,Federico Santiago Valverde Dipetta,28729,Diego Nicolás De La Cruz Arcosa,Complete,34.047173,21.0,21.9,49.9,3.9
3857287,2022-11-24,Group Stage,South Korea,2,96,41,Uruguay,28729,Diego Nicolás De La Cruz Arcosa,4319,Edinson Roberto Cavani Gómez,Complete,22.451057,50.0,4.4,47.4,26.7
3857287,2022-11-24,Group Stage,South Korea,2,96,44,Uruguay,4319,Edinson Roberto Cavani Gómez,6773,Federico Santiago Valverde Dipetta,Complete,10.904128,49.5,28.5,49.2,17.6
3857287,2022-11-24,Group Stage,South Korea,2,96,45,Uruguay,6773,Federico Santiago Valverde Dipetta,5264,Guillermo Varela Olivera,Complete,66.94027,49.2,17.6,91.6,69.4
3857270,2022-11-28,Group Stage,Portugal,1,0,0,Uruguay,32478,Darwin Gabriel Núñez Ribeiro,5255,Matías Vecino Falero,Complete,17.41551,60.0,40.0,48.3,27.1
3857270,2022-11-28,Group Stage,Portugal,1,0,3,Uruguay,5255,Matías Vecino Falero,5259,José María Giménez de Vargas,Complete,28.122055,47.0,26.7,38.8,53.6
3857270,2022-11-28,Group Stage,Portugal,1,0,7,Uruguay,5259,José María Giménez de Vargas,,,Incomplete,30.513111,50.3,61.7,65.6,35.3
3857270,2022-11-28,Group Stage,Portugal,1,0,56,Uruguay,5249,Diego Roberto Godín Leal,,,Incomplete,21.81307,56.0,33.7,77.0,27.8
3857270,2022-11-28,Group Stage,Portugal,1,1,6,Uruguay,5249,Diego Roberto Godín Leal,36710,Sergio Rochet Álvarez,Complete,21.966566,24.2,43.8,2.4,46.5
3857270,2022-11-28,Group Stage,Portugal,1,1,8,Uruguay,36710,Sergio Rochet Álvarez,,,Out,49.637184,2.4,46.5,39.3,79.7
3857270,2022-11-28,Group Stage,Portugal,1,1,57,Uruguay,32478,Darwin Gabriel Núñez Ribeiro,7104,Mathías Olivera Miramontes,Complete,6.529931,82.7,5.0,79.7,10.8
3857270,2022-11-28,Group Stage,Portugal,1,2,0,Uruguay,7104,Mathías Olivera Miramontes,4319,Edinson Roberto Cavani Gómez,Complete,11.175867,80.5,14.5,88.6,22.2
3857270,2022-11-28,Group Stage,Portugal,1,2,1,Uruguay,4319,Edinson Roberto Cavani Gómez,7104,Mathías Olivera Miramontes,Complete,3.9319208,88.6,22.2,89.1,18.3
3857270,2022-11-28,Group Stage,Portugal,1,2,39,Uruguay,5259,José María Giménez de Vargas,,,Out,23.203447,45.0,56.5,44.6,79.7
3857270,2022-11-28,Group Stage,Portugal,1,3,28,Uruguay,36710,Sergio Rochet Álvarez,,,Incomplete,72.12052,6.0,44.0,75.6,25.1
3857270,2022-11-28,Group Stage,Portugal,1,3,34,Uruguay,5249,Diego Roberto Godín Leal,,,Incomplete,31.45314,51.4,39.5,82.7,42.6
3857270,2022-11-28,Group Stage,Portugal,1,3,47,Uruguay,5249,Diego Roberto Godín Leal,,,Incomplete,24.236542,54.6,43.6,75.6,31.5
3857270,2022-11-28,Group Stage,Portugal,1,3,56,Uruguay,6300,Sebastián Coates Nión,7104,Mathías Olivera Miramontes,Complete,12.742449,45.6,12.3,58.2,10.4
3857270,2022-11-28,Group Stage,Portugal,1,4,39,Uruguay,6773,Federico Santiago Valverde Dipetta,,,Incomplete,12.126417,61.9,43.4,73.2,39.0
3857270,2022-11-28,Group Stage,Portugal,1,5,11,Uruguay,7104,Mathías Olivera Miramontes,6300,Sebastián Coates Nión,Complete,10.822661,33.8,11.2,27.5,20.0
3857270,2022-11-28,Group Stage,Portugal,1,5,14,Uruguay,6300,Sebastián Coates Nión,,,Unknown,60.63695,26.0,29.1,77.0,61.9
3857270,2022-11-28,Group Stage,Portugal,1,7,1,Uruguay,5260,Rodrigo Bentancur Colmán,6773,Federico Santiago Valverde Dipetta,Complete,9.904039,76.6,46.7,79.4,56.2
3857270,2022-11-28,Group Stage,Portugal,1,7,2,Uruguay,6773,Federico Santiago Valverde Dipetta,5260,Rodrigo Bentancur Colmán,Incomplete,8.595929,79.4,56.2,75.2,48.7
3857270,2022-11-28,Group Stage,Portugal,1,7,41,Uruguay,36710,Sergio Rochet Álvarez,5259,José María Giménez de Vargas,Complete,6.8949256,6.0,44.0,8.3,50.5
3857270,2022-11-28,Group Stage,Portugal,1,7,43,Uruguay,5259,José María Giménez de Vargas,,,Incomplete,68.2907,7.3,50.5,75.4,45.4
3857270,2022-11-28,Group Stage,Portugal,1,9,10,Uruguay,36710,Sergio Rochet Álvarez,5259,José María Giménez de Vargas,Complete,5.748913,6.0,44.0,7.3,49.6
3857270,2022-11-28,Group Stage,Portugal,1,9,14,Uruguay,5259,José María Giménez de Vargas,4319,Edinson Roberto Cavani Gómez,Incomplete,62.71236,6.9,49.3,69.1,57.3
3857270,2022-11-28,Group Stage,Portugal,1,9,22,Uruguay,5264,Guillermo Varela Olivera,5260,Rodrigo Bentancur Colmán,Complete,17.030855,41.5,66.6,56.2,58.0
3857270,2022-11-28,Group Stage,Portugal,1,9,25,Uruguay,5260,Rodrigo Bentancur Colmán,,,Incomplete,16.82409,56.2,58.0,73.0,57.1
3857270,2022-11-28,Group Stage,Portugal,1,9,33,Uruguay,5260,Rodrigo Bentancur Colmán,36710,Sergio Rochet Álvarez,Complete,26.16295,21.8,71.9,3.3,53.4
3857270,2022-11-28,Group Stage,Portugal,1,9,37,Uruguay,36710,Sergio Rochet Álvarez,,,Incomplete,58.20928,3.3,53.4,60.9,45.0
3857270,2022-11-28,Group Stage,Portugal,1,10,7,Uruguay,5259,José María Giménez de Vargas,5249,Diego Roberto Godín Leal,Complete,20.506096,40.8,61.7,28.9,45.0
3857270,2022-11-28,Group Stage,Portugal,1,10,11,Uruguay,5249,Diego Roberto Godín Leal,5255,Matías Vecino Falero,Complete,34.685013,31.7,52.0,63.3,37.7
3857270,2022-11-28,Group Stage,Portugal,1,10,13,Uruguay,5255,Matías Vecino Falero,32478,Darwin Gabriel Núñez Ribeiro,Complete,13.857128,63.3,37.7,75.2,30.6
3857270,2022-11-28,Group Stage,Portugal,1,10,14,Uruguay,32478,Darwin Gabriel Núñez Ribeiro,5255,Matías Vecino Falero,Complete,16.162302,75.2,30.6,61.1,38.5
3857270,2022-11-28,Group Stage,Portugal,1,10,24,Uruguay,6300,Sebastián Coates Nión,5255,Matías Vecino Falero,Complete,10.584895,46.5,8.1,50.5,17.9
3857270,2022-11-28,Group Stage,Portugal,1,10,26,Uruguay,5255,Matías Vecino Falero,32478,Darwin Gabriel Núñez Ribeiro,Complete,17.001177,50.3,17.1,67.3,17.3
3857270,2022-11-28,Group Stage,Portugal,1,10,34,Uruguay,32478,Darwin Gabriel Núñez Ribeiro,,,Incomplete,2.0099752,117.2,3.9,117.4,5.9
3857270,2022-11-28,Group Stage,Portugal,1,11,1,Uruguay,6773,Federico Santiago Valverde Dipetta,7104,Mathías Olivera Miramontes,Complete,24.850151,120.0,0.1,95.7,5.3
3857270,2022-11-28,Group Stage,Portugal,1,11,4,Uruguay,7104,Mathías Olivera Miramontes,5259,José María Giménez de Vargas,Complete,32.184624,101.5,5.9,109.4,37.1
3857270,2022-11-28,Group Stage,Portugal,1,13,7,Uruguay,5249,Diego Roberto Godín Leal,7104,Mathías Olivera Miramontes,Complete,28.208155,42.8,19.2,70.1,12.1
3857270,2022-11-28,Group Stage,Portugal,1,13,9,Uruguay,7104,Mathías Olivera Miramontes,,,Incomplete,20.758854,70.1,12.1,79.9,30.4
3857270,2022-11-28,Group Stage,Portugal,1,13,15,Uruguay,7104,Mathías Olivera Miramontes,5260,Rodrigo Bentancur Colmán,Complete,9.873196,66.2,26.3,65.0,36.1
3857270,2022-11-28,Group Stage,Portugal,1,13,15,Uruguay,5260,Rodrigo Bentancur Colmán,7104,Mathías Olivera Miramontes,Complete,11.280514,65.2,36.3,62.7,25.3
3857270,2022-11-28,Group Stage,Portugal,1,13,18,Uruguay,7104,Mathías Olivera Miramontes,5255,Matías Vecino Falero,Complete,6.3505907,62.7,25.3,69.0,24.5
3857270,2022-11-28,Group Stage,Portugal,1,13,41,Uruguay,5260,Rodrigo Bentancur Colmán,4319,Edinson Roberto Cavani Gómez,Complete,8.489994,32.4,35.3,40.6,37.5
3857270,2022-11-28,Group Stage,Portugal,1,13,42,Uruguay,4319,Edinson Roberto Cavani Gómez,5255,Matías Vecino Falero,Complete,12.965339,42.4,36.8,38.3,24.5
3857270,2022-11-28,Group Stage,Portugal,1,13,47,Uruguay,5255,Matías Vecino Falero,32478,Darwin Gabriel Núñez Ribeiro,Complete,16.636406,59.5,10.4,74.4,3.0
3857270,2022-11-28,Group Stage,Portugal,1,13,48,Uruguay,32478,Darwin Gabriel Núñez Ribeiro,,,Incomplete,12.0415945,75.4,3.7,74.4,15.7
3857270,2022-11-28,Group Stage,Portugal,1,15,9,Uruguay,7104,Mathías Olivera Miramontes,,,Incomplete,20.044949,26.3,0.1,45.9,4.3
3857270,2022-11-28,Group Stage,Portugal,1,15,20,Uruguay,4319,Edinson Roberto Cavani Gómez,5259,José María Giménez de Vargas,Complete,22.5834,30.2,22.6,25.1,44.6
3857270,2022-11-28,Group Stage,Portugal,1,15,23,Uruguay,5259,José María Giménez de Vargas,5255,Matías Vecino Falero,Complete,20.538013,27.1,43.2,40.1,27.3
3857270,2022-11-28,Group Stage,Portugal,1,15,24,Uruguay,5255,Matías Vecino Falero,,,Incomplete,22.800219,40.1,27.3,61.7,34.6
3857270,2022-11-28,Group Stage,Portugal,1,19,10,Uruguay,5264,Guillermo Varela Olivera,4319,Edinson Roberto Cavani Gómez,Complete,14.135417,17.4,80.0,29.9,73.4
3857270,2022-11-28,Group Stage,Portugal,1,19,12,Uruguay,4319,Edinson Roberto Cavani Gómez,5264,Guillermo Varela Olivera,Complete,6.363961,28.3,73.4,22.0,74.3
3857270,2022-11-28,Group Stage,Portugal,1,19,13,Uruguay,5264,Guillermo Varela Olivera,,,Incomplete,22.163483,22.0,74.3,39.1,60.2
3857270,2022-11-28,Group Stage,Portugal,1,19,53,Uruguay,6773,Federico Santiago Valverde Dipetta,4319,Edinson Roberto Cavani Gómez,Complete,21.112318,38.3,51.2,48.1,69.9
3857270,2022-11-28,Group Stage,Portugal,1,19,55,Uruguay,4319,Edinson Roberto Cavani Gómez,32478,Darwin Gabriel Núñez Ribeiro,Complete,49.778408,50.5,70.8,83.8,33.8
3857270,2022-11-28,Group Stage,Portugal,1,19,59,Uruguay,32478,Darwin Gabriel Núñez Ribeiro,,,Out,46.572094,83.8,33.5,87.8,79.9
3857270,2022-11-28,Group Stage,Portugal,1,20,37,Uruguay,5259,José María Giménez de Vargas,,,Incomplete,25.938389,64.0,71.5,75.6,48.3
3857270,2022-11-28,Group Stage,Portugal,1,21,16,Uruguay,5249,Diego Roberto Godín Leal,36710,Sergio Rochet Álvarez,Complete,30.340237,41.0,53.0,14.8,37.7
3857270,2022-11-28,Group Stage,Portugal,1,21,20,Uruguay,36710,Sergio Rochet Álvarez,,,Incomplete,58.40856,14.3,35.3,70.3,18.7
3857270,2022-11-28,Group Stage,Portugal,1,21,24,Uruguay,5255,Matías Vecino Falero,7104,Mathías Olivera Miramontes,Complete,10.978616,56.9,17.6,60.7,7.3
3857270,2022-11-28,Group Stage,Portugal,1,21,26,Uruguay,7104,Mathías Olivera Miramontes,5255,Matías Vecino Falero,Complete,7.3756356,60.7,7.3,59.1,14.5
3857270,2022-11-28,Group Stage,Portugal,1,21,27,Uruguay,5255,Matías Vecino Falero,,,Incomplete,28.114408,59.7,14.5,87.8,13.6
3857270,2022-11-28,Group Stage,Portugal,1,21,53,Uruguay,6300,Sebastián Coates Nión,,,Incomplete,14.317122,15.4,25.3,29.7,26.0
3857270,2022-11-28,Group Stage,Portugal,1,21,59,Uruguay,5260,Rodrigo Bentancur Colmán,6773,Federico Santiago Valverde Dipetta,Complete,13.098091,29.7,27.5,28.1,40.5
3857270,2022-11-28,Group Stage,Portugal,1,22,0,Uruguay,6773,Federico Santiago Valverde Dipetta,5249,Diego Roberto Godín Leal,Complete,8.0062475,28.1,40.5,24.4,33.4
3857270,2022-11-28,Group Stage,Portugal,1,22,2,Uruguay,5249,Diego Roberto Godín Leal,7104,Mathías Olivera Miramontes,Complete,27.110514,24.4,33.4,29.1,6.7
3857270,2022-11-28,Group Stage,Portugal,1,22,7,Uruguay,7104,Mathías Olivera Miramontes,,,Injury Clearance,2.7073972,36.8,2.8,36.6,0.1
3857270,2022-11-28,Group Stage,Portugal,1,22,36,Uruguay,36710,Sergio Rochet Álvarez,,,Incomplete,67.34998,12.6,32.0,78.5,45.9
3857270,2022-11-28,Group Stage,Portugal,1,22,42,Uruguay,6773,Federico Santiago Valverde Dipetta,,,Incomplete,6.303174,68.8,49.3,68.6,55.6
3857270,2022-11-28,Group Stage,Portugal,1,24,49,Uruguay,5255,Matías Vecino Falero,6773,Federico Santiago Valverde Dipetta,Complete,8.132035,13.8,48.1,19.6,53.8
3857270,2022-11-28,Group Stage,Portugal,1,24,50,Uruguay,6773,Federico Santiago Valverde Dipetta,5259,José María Giménez de Vargas,Complete,11.236102,19.6,53.8,8.8,56.9
3857270,2022-11-28,Group Stage,Portugal,1,24,51,Uruguay,5259,José María Giménez de Vargas,,,Incomplete,8.18352,8.8,56.9,13.2,63.8
3857270,2022-11-28,Group Stage,Portugal,1,25,16,Uruguay,36710,Sergio Rochet Álvarez,6300,Sebastián Coates Nión,Complete,15.054567,6.0,36.0,11.0,21.8
3857270,2022-11-28,Group Stage,Portugal,1,25,20,Uruguay,6300,Sebastián Coates Nión,,,Incomplete,58.60802,13.0,24.0,71.1,16.3
3857270,2022-11-28,Group Stage,Portugal,1,25,29,Uruguay,5260,Rodrigo Bentancur Colmán,32478,Darwin Gabriel Núñez Ribeiro,Complete,26.018839,52.7,9.9,77.0,19.2
3857270,2022-11-28,Group Stage,Portugal,1,26,52,Uruguay,36710,Sergio Rochet Álvarez,5259,José María Giménez de Vargas,Complete,13.90899,6.0,36.0,5.5,49.9
3857270,2022-11-28,Group Stage,Portugal,1,26,54,Uruguay,5259,José María Giménez de Vargas,5264,Guillermo Varela Olivera,Complete,22.233534,5.7,49.6,12.4,70.8
3857270,2022-11-28,Group Stage,Portugal,1,26,57,Uruguay,5264,Guillermo Varela Olivera,4319,Edinson Roberto Cavani Gómez,Complete,46.804806,21.2,71.3,65.0,54.8
3857270,2022-11-28,Group Stage,Portugal,1,27,0,Uruguay,4319,Edinson Roberto Cavani Gómez,,,Incomplete,19.525623,65.0,54.8,84.5,55.8
3857270,2022-11-28,Group Stage,Portugal,1,27,43,Uruguay,5259,José María Giménez de Vargas,4319,Edinson Roberto Cavani Gómez,Complete,26.28802,63.7,80.0,87.8,69.5
3857270,2022-11-28,Group Stage,Portugal,1,28,10,Uruguay,5255,Matías Vecino Falero,6773,Federico Santiago Valverde Dipetta,Complete,18.580904,48.3,46.9,66.4,51.1
3857270,2022-11-28,Group Stage,Portugal,1,28,11,Uruguay,6773,Federico Santiago Valverde Dipetta,,,Incomplete,14.342245,66.4,51.1,78.5,43.4
3857270,2022-11-28,Group Stage,Portugal,1,28,15,Uruguay,5260,Rodrigo Bentancur Colmán,5264,Guillermo Varela Olivera,Complete,12.2147455,60.5,59.7,69.9,67.5
3857270,2022-11-28,Group Stage,Portugal,1,28,17,Uruguay,5264,Guillermo Varela Olivera,,,Incomplete,4.060788,70.8,67.3,71.5,63.3
3857270,2022-11-28,Group Stage,Portugal,1,28,51,Uruguay,6300,Sebastián Coates Nión,5255,Matías Vecino Falero,Complete,43.82077,7.9,50.3,34.4,15.4
3857270,2022-11-28,Group Stage,Portugal,1,28,54,Uruguay,5255,Matías Vecino Falero,5249,Diego Roberto Godín Leal,Complete,33.286633,35.2,19.1,23.6,50.3
3857270,2022-11-28,Group Stage,Portugal,1,29,1,Uruguay,5249,Diego Roberto Godín Leal,5259,José María Giménez de Vargas,Complete,9.398404,29.5,54.4,20.7,57.7
3857270,2022-11-28,Group Stage,Portugal,1,29,5,Uruguay,5259,José María Giménez de Vargas,36710,Sergio Rochet Álvarez,Complete,26.109385,19.4,57.3,6.5,34.6
3857270,2022-11-28,Group Stage,Portugal,1,29,10,Uruguay,36710,Sergio Rochet Álvarez,5260,Rodrigo Bentancur Colmán,Complete,21.91803,7.3,34.4,27.1,43.8
3857270,2022-11-28,Group Stage,Portugal,1,29,15,Uruguay,5260,Rodrigo Bentancur Colmán,5259,José María Giménez de Vargas,Complete,18.120155,34.4,46.5,39.1,64.0
3857270,2022-11-28,Group Stage,Portugal,1,29,18,Uruguay,5259,José María Giménez de Vargas,5260,Rodrigo Bentancur Colmán,Complete,17.04494,38.5,69.0,50.3,56.7
3857270,2022-11-28,Group Stage,Portugal,1,29,20,Uruguay,5260,Rodrigo Bentancur Colmán,6300,Sebastián Coates Nión,Complete,38.04655,51.1,50.5,43.6,13.2
3857270,2022-11-28,Group Stage,Portugal,1,29,25,Uruguay,6300,Sebastián Coates Nión,,,Incomplete,46.98021,57.8,15.7,104.3,9.0
3857270,2022-11-28,Group Stage,Portugal,1,29,35,Uruguay,5255,Matías Vecino Falero,,,Incomplete,3.757659,107.2,6.5,108.8,9.9
3857270,2022-11-28,Group Stage,Portugal,1,29,59,Uruguay,7104,Mathías Olivera Miramontes,32478,Darwin Gabriel Núñez Ribeiro,Complete,6.3702435,108.6,0.1,112.9,4.8
3857270,2022-11-28,Group Stage,Portugal,1,30,0,Uruguay,32478,Darwin Gabriel Núñez Ribeiro,7104,Mathías Olivera Miramontes,Complete,4.9193497,112.5,4.8,108.1,2.6
3857270,2022-11-28,Group Stage,Portugal,1,30,13,Uruguay,7104,Mathías Olivera Miramontes,5260,Rodrigo Bentancur Colmán,Complete,5.841233,108.1,0.1,103.5,3.7
3857270,2022-11-28,Group Stage,Portugal,1,30,20,Uruguay,5260,Rodrigo Bentancur Colmán,6300,Sebastián Coates Nión,Complete,19.856737,74.4,5.3,54.6,6.8
3857270,2022-11-28,Group Stage,Portugal,1,30,22,Uruguay,6300,Sebastián Coates Nión,5249,Diego Roberto Godín Leal,Complete,35.739334,49.5,6.7,38.8,40.8
3857270,2022-11-28,Group Stage,Portugal,1,30,27,Uruguay,5249,Diego Roberto Godín Leal,36710,Sergio Rochet Álvarez,Complete,27.4372,37.1,42.4,9.9,38.8
3857270,2022-11-28,Group Stage,Portugal,1,30,33,Uruguay,36710,Sergio Rochet Álvarez,5249,Diego Roberto Godín Leal,Complete,30.060106,9.9,37.9,11.8,67.9
3857270,2022-11-28,Group Stage,Portugal,1,30,35,Uruguay,5249,Diego Roberto Godín Leal,36710,Sergio Rochet Álvarez,Complete,23.67826,11.8,67.7,3.3,45.6
3857270,2022-11-28,Group Stage,Portugal,1,30,40,Uruguay,36710,Sergio Rochet Álvarez,,,Incomplete,56.575966,12.8,50.9,55.6,13.9
3857270,2022-11-28,Group Stage,Portugal,1,30,45,Uruguay,7104,Mathías Olivera Miramontes,32478,Darwin Gabriel Núñez Ribeiro,Complete,11.112605,56.4,0.6,64.6,8.1
3857270,2022-11-28,Group Stage,Portugal,1,30,49,Uruguay,32478,Darwin Gabriel Núñez Ribeiro,4319,Edinson Roberto Cavani Gómez,Complete,6.8942003,71.1,9.6,73.9,3.3
3857270,2022-11-28,Group Stage,Portugal,1,30,50,Uruguay,4319,Edinson Roberto Cavani Gómez,7104,Mathías Olivera Miramontes,Complete,8.348653,73.5,2.4,79.2,8.5
3857270,2022-11-28,Group Stage,Portugal,1,30,54,Uruguay,7104,Mathías Olivera Miramontes,4319,Edinson Roberto Cavani Gómez,Complete,6.351378,85.6,6.1,80.3,2.6
3857270,2022-11-28,Group Stage,Portugal,1,30,55,Uruguay,4319,Edinson Roberto Cavani Gómez,,,Incomplete,4.4922156,81.5,2.6,77.2,3.9
3857270,2022-11-28,Group Stage,Portugal,1,31,9,Uruguay,7104,Mathías Olivera Miramontes,6773,Federico Santiago Valverde Dipetta,Complete,14.233763,91.7,0.1,78.1,4.3
3857270,2022-11-28,Group Stage,Portugal,1,31,10,Uruguay,6773,Federico Santiago Valverde Dipetta,7104,Mathías Olivera Miramontes,Complete,6.926038,78.1,4.3,85.0,3.7
3857270,2022-11-28,Group Stage,Portugal,1,31,15,Uruguay,5259,José María Giménez de Vargas,7104,Mathías Olivera Miramontes,Complete,30.585127,74.8,47.9,86.4,19.6
3857270,2022-11-28,Group Stage,Portugal,1,31,19,Uruguay,7104,Mathías Olivera Miramontes,32478,Darwin Gabriel Núñez Ribeiro,Complete,8.595929,86.4,19.6,93.9,23.8
3857270,2022-11-28,Group Stage,Portugal,1,31,24,Uruguay,5249,Diego Roberto Godín Leal,36710,Sergio Rochet Álvarez,Complete,38.38854,52.7,36.8,14.5,40.6
3857270,2022-11-28,Group Stage,Portugal,1,31,28,Uruguay,36710,Sergio Rochet Álvarez,5249,Diego Roberto Godín Leal,Complete,22.365152,14.5,40.6,28.3,58.2
3857270,2022-11-28,Group Stage,Portugal,1,31,31,Uruguay,5249,Diego Roberto Godín Leal,5264,Guillermo Varela Olivera,Complete,12.149486,29.7,59.1,36.6,69.1
3857270,2022-11-28,Group Stage,Portugal,1,31,34,Uruguay,5264,Guillermo Varela Olivera,5249,Diego Roberto Godín Leal,Complete,14.534442,37.0,69.1,29.1,56.9
3857270,2022-11-28,Group Stage,Portugal,1,31,37,Uruguay,5249,Diego Roberto Godín Leal,36710,Sergio Rochet Álvarez,Complete,23.40812,24.0,56.9,3.5,45.6
3857270,2022-11-28,Group Stage,Portugal,1,31,41,Uruguay,36710,Sergio Rochet Álvarez,,,Incomplete,46.669262,3.7,47.9,46.8,65.8
3857270,2022-11-28,Group Stage,Portugal,1,31,45,Uruguay,5249,Diego Roberto Godín Leal,4319,Edinson Roberto Cavani Gómez,Complete,25.019993,27.7,54.2,52.7,53.2
3857270,2022-11-28,Group Stage,Portugal,1,31,47,Uruguay,4319,Edinson Roberto Cavani Gómez,5260,Rodrigo Bentancur Colmán,Complete,9.72471,53.2,53.2,48.3,44.8
3857270,2022-11-28,Group Stage,Portugal,1,33,21,Uruguay,5264,Guillermo Varela Olivera,4319,Edinson Roberto Cavani Gómez,Complete,15.78005,59.3,67.5,71.9,58.0
3857270,2022-11-28,Group Stage,Portugal,1,33,24,Uruguay,4319,Edinson Roberto Cavani Gómez,,,Incomplete,22.774109,74.3,52.5,68.8,30.4
3857270,2022-11-28,Group Stage,Portugal,1,34,54,Uruguay,36710,Sergio Rochet Álvarez,32478,Darwin Gabriel Núñez Ribeiro,Complete,71.328674,6.0,36.0,71.3,7.3
3857270,2022-11-28,Group Stage,Portugal,1,34,58,Uruguay,32478,Darwin Gabriel Núñez Ribeiro,5260,Rodrigo Bentancur Colmán,Complete,13.296992,71.3,7.3,64.8,18.9
3857270,2022-11-28,Group Stage,Portugal,1,35,6,Uruguay,5260,Rodrigo Bentancur Colmán,7104,Mathías Olivera Miramontes,Complete,12.206555,97.6,20.2,107.6,13.2
3857270,2022-11-28,Group Stage,Portugal,1,35,8,Uruguay,7104,Mathías Olivera Miramontes,5260,Rodrigo Bentancur Colmán,Complete,16.31962,107.6,13.2,108.4,29.5
3857270,2022-11-28,Group Stage,Portugal,1,36,3,Uruguay,5259,José María Giménez de Vargas,5249,Diego Roberto Godín Leal,Complete,15.592627,36.4,45.0,28.1,31.8
3857270,2022-11-28,Group Stage,Portugal,1,36,6,Uruguay,5249,Diego Roberto Godín Leal,36710,Sergio Rochet Álvarez,Complete,20.706762,28.7,31.5,10.1,40.6
3857270,2022-11-28,Group Stage,Portugal,1,36,8,Uruguay,36710,Sergio Rochet Álvarez,5255,Matías Vecino Falero,Complete,28.507719,11.2,41.0,37.5,52.0
3857270,2022-11-28,Group Stage,Portugal,1,36,10,Uruguay,5255,Matías Vecino Falero,,,Out,33.451008,37.5,52.0,56.4,79.6
3857270,2022-11-28,Group Stage,Portugal,1,37,26,Uruguay,7104,Mathías Olivera Miramontes,6773,Federico Santiago Valverde Dipetta,Complete,10.140019,24.2,12.8,25.1,22.9
3857270,2022-11-28,Group Stage,Portugal,1,37,28,Uruguay,6773,Federico Santiago Valverde Dipetta,6300,Sebastián Coates Nión,Complete,5.6515484,25.1,22.9,19.6,24.2
3857270,2022-11-28,Group Stage,Portugal,1,37,30,Uruguay,6300,Sebastián Coates Nión,6773,Federico Santiago Valverde Dipetta,Complete,4.909175,20.7,24.2,25.6,24.5
3857270,2022-11-28,Group Stage,Portugal,1,37,30,Uruguay,6773,Federico Santiago Valverde Dipetta,6300,Sebastián Coates Nión,Complete,4.588028,25.6,24.5,21.2,23.2
3857270,2022-11-28,Group Stage,Portugal,1,37,32,Uruguay,6300,Sebastián Coates Nión,32478,Darwin Gabriel Núñez Ribeiro,Complete,37.353046,25.1,19.1,58.9,3.2
3857270,2022-11-28,Group Stage,Portugal,1,37,42,Uruguay,32478,Darwin Gabriel Núñez Ribeiro,5264,Guillermo Varela Olivera,Complete,19.525623,81.5,45.8,86.0,64.8
3857270,2022-11-28,Group Stage,Portugal,1,39,23,Uruguay,6773,Federico Santiago Valverde Dipetta,,,Incomplete,29.843592,92.2,62.8,107.2,37.0
3857270,2022-11-28,Group Stage,Portugal,1,39,29,Uruguay,5260,Rodrigo Bentancur Colmán,,,Incomplete,24.645487,100.8,5.9,107.2,29.7
3857270,2022-11-28,Group Stage,Portugal,1,39,37,Uruguay,5264,Guillermo Varela Olivera,36710,Sergio Rochet Álvarez,Complete,37.189247,46.8,53.0,11.6,41.0
3857270,2022-11-28,Group Stage,Portugal,1,39,41,Uruguay,36710,Sergio Rochet Álvarez,,,Incomplete,62.436207,12.6,40.6,68.8,13.4
3857270,2022-11-28,Group Stage,Portugal,1,39,52,Uruguay,7104,Mathías Olivera Miramontes,32478,Darwin Gabriel Núñez Ribeiro,Complete,11.013628,62.0,6.1,72.3,2.2
3857270,2022-11-28,Group Stage,Portugal,1,39,54,Uruguay,32478,Darwin Gabriel Núñez Ribeiro,,,Incomplete,5.115662,72.3,2.2,77.4,2.6
3857270,2022-11-28,Group Stage,Portugal,1,41,34,Uruguay,7104,Mathías Olivera Miramontes,6300,Sebastián Coates Nión,Complete,22.853664,60.9,0.1,41.9,12.8
3857270,2022-11-28,Group Stage,Portugal,1,41,36,Uruguay,6300,Sebastián Coates Nión,5249,Diego Roberto Godín Leal,Complete,31.409712,41.7,12.8,33.8,43.2
3857270,2022-11-28,Group Stage,Portugal,1,41,41,Uruguay,5249,Diego Roberto Godín Leal,5260,Rodrigo Bentancur Colmán,Complete,21.584486,36.6,48.5,53.6,35.2
3857270,2022-11-28,Group Stage,Portugal,1,41,45,Uruguay,5260,Rodrigo Bentancur Colmán,,,Incomplete,16.425894,60.9,35.5,74.3,26.0
3857270,2022-11-28,Group Stage,Portugal,1,41,49,Uruguay,4319,Edinson Roberto Cavani Gómez,6773,Federico Santiago Valverde Dipetta,Complete,16.085398,62.2,22.0,58.7,6.3
3857270,2022-11-28,Group Stage,Portugal,1,41,51,Uruguay,6773,Federico Santiago Valverde Dipetta,,,Out,92.22765,56.4,8.6,114.9,79.9
3857270,2022-11-28,Group Stage,Portugal,1,42,19,Uruguay,6300,Sebastián Coates Nión,5260,Rodrigo Bentancur Colmán,Complete,13.102672,64.6,61.7,75.8,54.9
3857270,2022-11-28,Group Stage,Portugal,1,42,21,Uruguay,5260,Rodrigo Bentancur Colmán,6773,Federico Santiago Valverde Dipetta,Complete,9.27847,75.8,54.9,80.5,46.9
3857270,2022-11-28,Group Stage,Portugal,1,42,23,Uruguay,6773,Federico Santiago Valverde Dipetta,5264,Guillermo Varela Olivera,Complete,19.403093,83.4,47.4,88.2,66.2
3857270,2022-11-28,Group Stage,Portugal,1,42,25,Uruguay,5264,Guillermo Varela Olivera,,,Incomplete,26.98833,97.0,70.7,108.1,46.1
3857270,2022-11-28,Group Stage,Portugal,1,42,31,Uruguay,5264,Guillermo Varela Olivera,,,Incomplete,6.307139,84.5,61.1,87.2,55.4
3857270,2022-11-28,Group Stage,Portugal,1,43,10,Uruguay,6300,Sebastián Coates Nión,,,Incomplete,22.77279,51.8,30.2,74.4,33.0
3857270,2022-11-28,Group Stage,Portugal,1,43,14,Uruguay,5260,Rodrigo Bentancur Colmán,,,Out,34.056572,58.2,48.3,70.9,79.9
3857270,2022-11-28,Group Stage,Portugal,1,43,36,Uruguay,6300,Sebastián Coates Nión,7104,Mathías Olivera Miramontes,Complete,20.4,55.0,19.2,73.0,9.6
3857270,2022-11-28,Group Stage,Portugal,1,44,50,Uruguay,6300,Sebastián Coates Nión,,,Incomplete,18.787762,14.8,21.4,26.5,6.7
3857270,2022-11-28,Group Stage,Portugal,1,46,27,Uruguay,5259,José María Giménez de Vargas,5260,Rodrigo Bentancur Colmán,Complete,6.146544,51.4,63.0,49.1,57.3
3857270,2022-11-28,Group Stage,Portugal,1,46,28,Uruguay,5260,Rodrigo Bentancur Colmán,5255,Matías Vecino Falero,Complete,33.849224,50.5,56.6,84.1,60.7
3857270,2022-11-28,Group Stage,Portugal,1,46,30,Uruguay,5255,Matías Vecino Falero,,,Incomplete,20.22375,84.1,60.3,98.5,46.1
3857270,2022-11-28,Group Stage,Portugal,1,46,39,Uruguay,5260,Rodrigo Bentancur Colmán,,,Incomplete,14.776333,70.9,50.0,85.6,48.5
3857270,2022-11-28,Group Stage,Portugal,1,46,49,Uruguay,5260,Rodrigo Bentancur Colmán,32478,Darwin Gabriel Núñez Ribeiro,Complete,17.381887,61.7,59.3,77.9,53.0
3857270,2022-11-28,Group Stage,Portugal,1,46,50,Uruguay,32478,Darwin Gabriel Núñez Ribeiro,,,Incomplete,13.061394,77.9,53.0,80.5,65.8
3857270,2022-11-28,Group Stage,Portugal,1,47,25,Uruguay,7104,Mathías Olivera Miramontes,,,Incomplete,30.991934,23.2,3.7,52.7,13.2
3857270,2022-11-28,Group Stage,Portugal,1,47,33,Uruguay,6773,Federico Santiago Valverde Dipetta,5260,Rodrigo Bentancur Colmán,Incomplete,6.7779055,41.0,8.6,38.5,14.9
3857270,2022-11-28,Group Stage,Portugal,2,45,20,Uruguay,6300,Sebastián Coates Nión,,,Incomplete,29.60152,34.2,20.3,63.8,20.0
3857270,2022-11-28,Group Stage,Portugal,2,46,26,Uruguay,5249,Diego Roberto Godín Leal,,,Incomplete,24.724482,56.5,45.4,75.6,29.7
3857270,2022-11-28,Group Stage,Portugal,2,46,50,Uruguay,6300,Sebastián Coates Nión,5249,Diego Roberto Godín Leal,Complete,36.716347,44.9,9.9,28.4,42.7
3857270,2022-11-28,Group Stage,Portugal,2,46,51,Uruguay,5249,Diego Roberto Godín Leal,36710,Sergio Rochet Álvarez,Complete,23.913595,28.4,44.4,5.9,36.3
3857270,2022-11-28,Group Stage,Portugal,2,46,59,Uruguay,36710,Sergio Rochet Álvarez,5260,Rodrigo Bentancur Colmán,Complete,29.094673,8.5,35.9,32.6,52.2
3857270,2022-11-28,Group Stage,Portugal,2,47,1,Uruguay,5260,Rodrigo Bentancur Colmán,,,Incomplete,3.905125,30.5,55.7,31.4,59.5
3857270,2022-11-28,Group Stage,Portugal,2,47,46,Uruguay,5260,Rodrigo Bentancur Colmán,4319,Edinson Roberto Cavani Gómez,Complete,11.177209,39.4,46.3,45.6,37.0
3857270,2022-11-28,Group Stage,Portugal,2,47,47,Uruguay,4319,Edinson Roberto Cavani Gómez,,,Incomplete,19.872847,44.2,38.3,64.0,36.6
3857270,2022-11-28,Group Stage,Portugal,2,51,28,Uruguay,5255,Matías Vecino Falero,,,Incomplete,17.33032,79.4,32.9,95.9,38.2
3857270,2022-11-28,Group Stage,Portugal,2,51,59,Uruguay,36710,Sergio Rochet Álvarez,4319,Edinson Roberto Cavani Gómez,Complete,78.514015,7.0,44.1,75.2,5.2
3857270,2022-11-28,Group Stage,Portugal,2,52,1,Uruguay,4319,Edinson Roberto Cavani Gómez,,,Incomplete,17.230787,75.2,5.2,83.5,20.3
3857270,2022-11-28,Group Stage,Portugal,2,52,43,Uruguay,5260,Rodrigo Bentancur Colmán,32478,Darwin Gabriel Núñez Ribeiro,Complete,15.230561,69.8,24.0,79.9,35.4
3857270,2022-11-28,Group Stage,Portugal,2,52,45,Uruguay,32478,Darwin Gabriel Núñez Ribeiro,6773,Federico Santiago Valverde Dipetta,Complete,12.554282,78.2,40.6,74.2,52.5
3857270,2022-11-28,Group Stage,Portugal,2,52,51,Uruguay,6773,Federico Santiago Valverde Dipetta,,,Incomplete,39.56008,93.2,71.3,117.0,39.7
3857270,2022-11-28,Group Stage,Portugal,2,54,58,Uruguay,4319,Edinson Roberto Cavani Gómez,5259,José María Giménez de Vargas,Complete,25.364738,61.0,40.1,41.4,56.2
3857270,2022-11-28,Group Stage,Portugal,2,54,58,Uruguay,5259,José María Giménez de Vargas,,,Incomplete,43.073544,41.8,56.4,68.5,22.6
3857270,2022-11-28,Group Stage,Portugal,2,55,29,Uruguay,5249,Diego Roberto Godín Leal,5259,José María Giménez de Vargas,Complete,20.987616,45.6,35.2,42.8,56.0
3857270,2022-11-28,Group Stage,Portugal,2,55,31,Uruguay,5259,José María Giménez de Vargas,6773,Federico Santiago Valverde Dipetta,Complete,20.911718,43.9,58.4,57.0,74.7
3857270,2022-11-28,Group Stage,Portugal,2,55,34,Uruguay,6773,Federico Santiago Valverde Dipetta,36710,Sergio Rochet Álvarez,Complete,48.2084,52.5,72.6,13.4,44.4
3857270,2022-11-28,Group Stage,Portugal,2,55,38,Uruguay,36710,Sergio Rochet Álvarez,5249,Diego Roberto Godín Leal,Complete,17.630089,13.4,44.4,22.5,29.3
3857270,2022-11-28,Group Stage,Portugal,2,55,41,Uruguay,5249,Diego Roberto Godín Leal,6300,Sebastián Coates Nión,Complete,21.473007,25.8,28.1,32.8,7.8
3857270,2022-11-28,Group Stage,Portugal,2,55,44,Uruguay,6300,Sebastián Coates Nión,5249,Diego Roberto Godín Leal,Complete,24.294237,32.8,7.8,21.3,29.2
3857270,2022-11-28,Group Stage,Portugal,2,55,49,Uruguay,5249,Diego Roberto Godín Leal,6300,Sebastián Coates Nión,Complete,23.242203,25.1,32.4,26.5,9.2
3857270,2022-11-28,Group Stage,Portugal,2,55,52,Uruguay,6300,Sebastián Coates Nión,4319,Edinson Roberto Cavani Gómez,Complete,14.927156,26.5,9.2,41.4,10.1
3857270,2022-11-28,Group Stage,Portugal,2,55,53,Uruguay,4319,Edinson Roberto Cavani Gómez,5255,Matías Vecino Falero,Complete,9.055386,41.4,10.1,34.8,16.3
3857270,2022-11-28,Group Stage,Portugal,2,55,54,Uruguay,5255,Matías Vecino Falero,4319,Edinson Roberto Cavani Gómez,Complete,10.340696,34.8,16.3,38.1,6.5
3857270,2022-11-28,Group Stage,Portugal,2,55,55,Uruguay,4319,Edinson Roberto Cavani Gómez,,,Incomplete,9.044335,37.6,5.1,32.4,12.5
3857270,2022-11-28,Group Stage,Portugal,2,56,1,Uruguay,6300,Sebastián Coates Nión,,,Incomplete,24.988197,19.4,34.2,42.3,44.2
3857270,2022-11-28,Group Stage,Portugal,2,56,11,Uruguay,5259,José María Giménez de Vargas,6773,Federico Santiago Valverde Dipetta,Complete,9.544108,24.3,62.1,29.8,69.9
3857270,2022-11-28,Group Stage,Portugal,2,56,13,Uruguay,6773,Federico Santiago Valverde Dipetta,32478,Darwin Gabriel Núñez Ribeiro,Complete,21.200943,33.6,67.6,54.8,67.8
3857270,2022-11-28,Group Stage,Portugal,2,56,21,Uruguay,32478,Darwin Gabriel Núñez Ribeiro,,,Incomplete,33.559647,104.5,71.8,115.8,40.2
3857270,2022-11-28,Group Stage,Portugal,2,57,19,Uruguay,5264,Guillermo Varela Olivera,32478,Darwin Gabriel Núñez Ribeiro,Complete,17.640862,58.8,65.5,76.4,64.3
3857270,2022-11-28,Group Stage,Portugal,2,57,21,Uruguay,32478,Darwin Gabriel Núñez Ribeiro,5264,Guillermo Varela Olivera,Complete,6.3702435,78.5,68.1,74.2,72.8
3857270,2022-11-28,Group Stage,Portugal,2,57,24,Uruguay,5264,Guillermo Varela Olivera,4319,Edinson Roberto Cavani Gómez,Complete,34.232735,93.1,72.5,102.9,39.7
3857270,2022-11-28,Group Stage,Portugal,2,59,4,Uruguay,5255,Matías Vecino Falero,32478,Darwin Gabriel Núñez Ribeiro,Complete,24.856588,63.1,12.4,84.7,24.7
3857270,2022-11-28,Group Stage,Portugal,2,59,31,Uruguay,5259,José María Giménez de Vargas,5260,Rodrigo Bentancur Colmán,Complete,15.705094,55.0,51.4,67.8,42.3
3857270,2022-11-28,Group Stage,Portugal,2,59,33,Uruguay,5260,Rodrigo Bentancur Colmán,5255,Matías Vecino Falero,Complete,8.20975,67.8,42.3,72.4,49.1
3857270,2022-11-28,Group Stage,Portugal,2,59,34,Uruguay,5255,Matías Vecino Falero,6773,Federico Santiago Valverde Dipetta,Complete,9.84124,69.8,50.1,74.4,58.8
3857270,2022-11-28,Group Stage,Portugal,2,59,40,Uruguay,6773,Federico Santiago Valverde Dipetta,5260,Rodrigo Bentancur Colmán,Complete,21.812382,88.2,73.5,83.5,52.2
3857270,2022-11-28,Group Stage,Portugal,2,59,43,Uruguay,5260,Rodrigo Bentancur Colmán,6773,Federico Santiago Valverde Dipetta,Complete,19.159594,87.2,54.8,95.0,72.3
3857270,2022-11-28,Group Stage,Portugal,2,59,45,Uruguay,6773,Federico Santiago Valverde Dipetta,5260,Rodrigo Bentancur Colmán,Complete,16.292637,95.0,72.3,90.3,56.7
3857270,2022-11-28,Group Stage,Portugal,2,59,49,Uruguay,5260,Rodrigo Bentancur Colmán,6300,Sebastián Coates Nión,Complete,26.7507,93.2,55.1,81.8,30.9
3857270,2022-11-28,Group Stage,Portugal,2,59,50,Uruguay,6300,Sebastián Coates Nión,5249,Diego Roberto Godín Leal,Complete,20.706038,82.0,34.5,74.5,53.8
3857270,2022-11-28,Group Stage,Portugal,2,59,54,Uruguay,5249,Diego Roberto Godín Leal,6773,Federico Santiago Valverde Dipetta,Complete,9.84124,74.0,54.1,80.6,61.4
3857270,2022-11-28,Group Stage,Portugal,2,59,55,Uruguay,6773,Federico Santiago Valverde Dipetta,5260,Rodrigo Bentancur Colmán,Complete,7.4040527,80.6,61.4,82.7,54.3
3857270,2022-11-28,Group Stage,Portugal,2,59,58,Uruguay,5260,Rodrigo Bentancur Colmán,6300,Sebastián Coates Nión,Complete,29.95363,82.8,50.6,75.7,21.5
3857270,2022-11-28,Group Stage,Portugal,2,60,0,Uruguay,6300,Sebastián Coates Nión,7104,Mathías Olivera Miramontes,Complete,15.220053,75.7,21.5,87.9,12.4
3857270,2022-11-28,Group Stage,Portugal,2,60,2,Uruguay,7104,Mathías Olivera Miramontes,5260,Rodrigo Bentancur Colmán,Complete,11.098198,85.1,19.5,75.0,24.1
3857270,2022-11-28,Group Stage,Portugal,2,60,7,Uruguay,5260,Rodrigo Bentancur Colmán,7104,Mathías Olivera Miramontes,Complete,16.420109,80.6,45.8,87.5,30.9
3857270,2022-11-28,Group Stage,Portugal,2,60,10,Uruguay,7104,Mathías Olivera Miramontes,32478,Darwin Gabriel Núñez Ribeiro,Complete,5.246904,94.4,32.3,95.1,37.5
3857270,2022-11-28,Group Stage,Portugal,2,60,11,Uruguay,32478,Darwin Gabriel Núñez Ribeiro,5260,Rodrigo Bentancur Colmán,Complete,9.849365,95.3,42.3,85.8,39.7
3857270,2022-11-28,Group Stage,Portugal,2,60,13,Uruguay,5260,Rodrigo Bentancur Colmán,6773,Federico Santiago Valverde Dipetta,Complete,18.253767,84.9,42.3,83.5,60.5
3857270,2022-11-28,Group Stage,Portugal,2,60,16,Uruguay,6773,Federico Santiago Valverde Dipetta,5264,Guillermo Varela Olivera,Complete,18.257053,85.6,61.6,102.2,69.2
3857270,2022-11-28,Group Stage,Portugal,2,60,19,Uruguay,5264,Guillermo Varela Olivera,5259,José María Giménez de Vargas,Complete,15.417522,102.8,72.3,87.5,70.4
3857270,2022-11-28,Group Stage,Portugal,2,60,20,Uruguay,5259,José María Giménez de Vargas,6773,Federico Santiago Valverde Dipetta,Complete,10.223991,87.5,70.4,88.2,60.2
3857270,2022-11-28,Group Stage,Portugal,2,60,21,Uruguay,6773,Federico Santiago Valverde Dipetta,5259,José María Giménez de Vargas,Complete,11.842297,88.2,60.2,87.2,72.0
3857270,2022-11-28,Group Stage,Portugal,2,60,24,Uruguay,5259,José María Giménez de Vargas,,,Out,75.34905,94.1,74.7,109.3,0.9
3857270,2022-11-28,Group Stage,Portugal,2,61,12,Uruguay,5260,Rodrigo Bentancur Colmán,32478,Darwin Gabriel Núñez Ribeiro,Complete,10.292716,94.8,34.5,100.3,43.2
3857270,2022-11-28,Group Stage,Portugal,2,62,34,Uruguay,5258,Giorgian Daniel De Arrascaeta Benedetti,7104,Mathías Olivera Miramontes,Complete,11.18034,104.3,0.1,99.3,10.1
3857270,2022-11-28,Group Stage,Portugal,2,62,38,Uruguay,7104,Mathías Olivera Miramontes,5258,Giorgian Daniel De Arrascaeta Benedetti,Complete,9.558765,105.7,12.2,98.6,5.8
3857270,2022-11-28,Group Stage,Portugal,2,62,39,Uruguay,5258,Giorgian Daniel De Arrascaeta Benedetti,5260,Rodrigo Bentancur Colmán,Complete,14.8499155,98.3,3.7,87.9,14.3
3857270,2022-11-28,Group Stage,Portugal,2,62,41,Uruguay,5260,Rodrigo Bentancur Colmán,5259,José María Giménez de Vargas,Complete,28.992758,82.0,15.3,65.3,39.0
3857270,2022-11-28,Group Stage,Portugal,2,62,44,Uruguay,5259,José María Giménez de Vargas,5264,Guillermo Varela Olivera,Complete,26.869314,65.2,44.2,70.2,70.6
3857270,2022-11-28,Group Stage,Portugal,2,62,48,Uruguay,5264,Guillermo Varela Olivera,5259,José María Giménez de Vargas,Complete,19.770939,71.2,74.7,62.0,57.2
3857270,2022-11-28,Group Stage,Portugal,2,62,51,Uruguay,5259,José María Giménez de Vargas,5260,Rodrigo Bentancur Colmán,Complete,18.396194,62.0,57.2,70.9,41.1
3857270,2022-11-28,Group Stage,Portugal,2,62,52,Uruguay,5260,Rodrigo Bentancur Colmán,,,Incomplete,39.268562,70.9,41.1,93.8,73.0
3857270,2022-11-28,Group Stage,Portugal,2,62,57,Uruguay,5258,Giorgian Daniel De Arrascaeta Benedetti,,,Incomplete,22.645088,88.9,58.8,102.1,40.4
3857270,2022-11-28,Group Stage,Portugal,2,63,38,Uruguay,5260,Rodrigo Bentancur Colmán,5258,Giorgian Daniel De Arrascaeta Benedetti,Complete,18.850199,26.9,33.1,38.7,18.4
3857270,2022-11-28,Group Stage,Portugal,2,63,42,Uruguay,5258,Giorgian Daniel De Arrascaeta Benedetti,32478,Darwin Gabriel Núñez Ribeiro,Complete,30.787823,43.0,4.7,73.5,8.9
3857270,2022-11-28,Group Stage,Portugal,2,64,2,Uruguay,7104,Mathías Olivera Miramontes,5260,Rodrigo Bentancur Colmán,Complete,20.012247,86.1,0.1,72.1,14.4
3857270,2022-11-28,Group Stage,Portugal,2,64,7,Uruguay,5260,Rodrigo Bentancur Colmán,5258,Giorgian Daniel De Arrascaeta Benedetti,Complete,11.86086,66.9,18.4,78.7,19.6
3857270,2022-11-28,Group Stage,Portugal,2,64,8,Uruguay,5258,Giorgian Daniel De Arrascaeta Benedetti,5260,Rodrigo Bentancur Colmán,Complete,15.100331,78.7,19.6,63.6,19.5
3857270,2022-11-28,Group Stage,Portugal,2,64,13,Uruguay,5260,Rodrigo Bentancur Colmán,6300,Sebastián Coates Nión,Complete,23.711811,67.8,12.7,46.3,22.7
3857270,2022-11-28,Group Stage,Portugal,2,64,15,Uruguay,6300,Sebastián Coates Nión,5260,Rodrigo Bentancur Colmán,Complete,16.302761,46.3,22.7,57.0,10.4
3857270,2022-11-28,Group Stage,Portugal,2,64,17,Uruguay,5260,Rodrigo Bentancur Colmán,6300,Sebastián Coates Nión,Complete,21.786694,54.6,11.5,41.1,28.6
3857270,2022-11-28,Group Stage,Portugal,2,64,19,Uruguay,6300,Sebastián Coates Nión,5259,José María Giménez de Vargas,Complete,28.395247,41.1,28.8,51.3,55.3
3857270,2022-11-28,Group Stage,Portugal,2,64,24,Uruguay,5259,José María Giménez de Vargas,5264,Guillermo Varela Olivera,Complete,18.413311,56.3,57.7,57.0,76.1
3857270,2022-11-28,Group Stage,Portugal,2,64,26,Uruguay,5264,Guillermo Varela Olivera,36288,Facundo Pellistri Rebollo,Complete,45.962704,57.4,76.1,103.3,73.7
3857270,2022-11-28,Group Stage,Portugal,2,64,34,Uruguay,32478,Darwin Gabriel Núñez Ribeiro,36288,Facundo Pellistri Rebollo,Complete,13.577187,96.2,64.0,105.7,73.7
3857270,2022-11-28,Group Stage,Portugal,2,64,39,Uruguay,36288,Facundo Pellistri Rebollo,7104,Mathías Olivera Miramontes,Complete,27.875616,114.2,61.0,108.1,33.8
3857270,2022-11-28,Group Stage,Portugal,2,64,45,Uruguay,5259,José María Giménez de Vargas,5264,Guillermo Varela Olivera,Complete,15.121178,66.4,44.6,76.1,56.2
3857270,2022-11-28,Group Stage,Portugal,2,64,48,Uruguay,5264,Guillermo Varela Olivera,,,Incomplete,19.171854,76.1,56.2,94.1,49.6
3857270,2022-11-28,Group Stage,Portugal,2,65,1,Uruguay,5260,Rodrigo Bentancur Colmán,6300,Sebastián Coates Nión,Complete,11.449454,62.9,63.5,57.9,53.2
3857270,2022-11-28,Group Stage,Portugal,2,65,3,Uruguay,6300,Sebastián Coates Nión,5258,Giorgian Daniel De Arrascaeta Benedetti,Complete,13.182185,57.4,52.5,67.8,44.4
3857270,2022-11-28,Group Stage,Portugal,2,65,7,Uruguay,5258,Giorgian Daniel De Arrascaeta Benedetti,,,Incomplete,16.85764,80.6,53.1,96.9,57.4
3857270,2022-11-28,Group Stage,Portugal,2,65,14,Uruguay,6300,Sebastián Coates Nión,5258,Giorgian Daniel De Arrascaeta Benedetti,Complete,7.3054776,69.5,53.9,76.4,51.5
3857270,2022-11-28,Group Stage,Portugal,2,65,15,Uruguay,5258,Giorgian Daniel De Arrascaeta Benedetti,6773,Federico Santiago Valverde Dipetta,Complete,12.758135,76.6,51.5,83.7,62.1
3857270,2022-11-28,Group Stage,Portugal,2,65,17,Uruguay,6773,Federico Santiago Valverde Dipetta,36288,Facundo Pellistri Rebollo,Complete,18.643229,87.2,63.6,103.3,73.0
3857270,2022-11-28,Group Stage,Portugal,2,65,58,Uruguay,5259,José María Giménez de Vargas,,,Out,18.024706,31.9,64.0,40.2,80.0
3857270,2022-11-28,Group Stage,Portugal,2,66,20,Uruguay,5259,José María Giménez de Vargas,5260,Rodrigo Bentancur Colmán,Complete,10.638139,26.2,65.7,36.8,66.6
3857270,2022-11-28,Group Stage,Portugal,2,66,23,Uruguay,5260,Rodrigo Bentancur Colmán,36710,Sergio Rochet Álvarez,Complete,29.971487,26.9,64.2,4.4,44.4
3857270,2022-11-28,Group Stage,Portugal,2,66,26,Uruguay,36710,Sergio Rochet Álvarez,,,Incomplete,58.22783,7.0,43.4,65.2,41.6
3857270,2022-11-28,Group Stage,Portugal,2,66,33,Uruguay,5260,Rodrigo Bentancur Colmán,,,Incomplete,16.880758,46.5,40.4,62.9,36.4
3857270,2022-11-28,Group Stage,Portugal,2,66,37,Uruguay,6773,Federico Santiago Valverde Dipetta,36288,Facundo Pellistri Rebollo,Complete,11.964113,54.4,55.1,65.9,58.4
3857270,2022-11-28,Group Stage,Portugal,2,66,41,Uruguay,36288,Facundo Pellistri Rebollo,5264,Guillermo Varela Olivera,Complete,14.029255,58.6,64.3,46.5,71.4
3857270,2022-11-28,Group Stage,Portugal,2,66,43,Uruguay,5264,Guillermo Varela Olivera,6773,Federico Santiago Valverde Dipetta,Complete,8.178631,48.4,72.3,50.1,64.3
3857270,2022-11-28,Group Stage,Portugal,2,66,46,Uruguay,6773,Federico Santiago Valverde Dipetta,5260,Rodrigo Bentancur Colmán,Complete,14.153445,49.2,57.9,58.8,47.5
3857270,2022-11-28,Group Stage,Portugal,2,66,48,Uruguay,5260,Rodrigo Bentancur Colmán,,,Incomplete,23.086792,63.8,46.0,85.8,39.0
3857270,2022-11-28,Group Stage,Portugal,2,67,1,Uruguay,6300,Sebastián Coates Nión,36710,Sergio Rochet Álvarez,Complete,17.86197,21.7,37.3,4.0,34.9
3857270,2022-11-28,Group Stage,Portugal,2,67,3,Uruguay,36710,Sergio Rochet Álvarez,,,Incomplete,48.676277,4.5,35.2,45.2,61.9
3857270,2022-11-28,Group Stage,Portugal,2,67,13,Uruguay,5264,Guillermo Varela Olivera,5259,José María Giménez de Vargas,Complete,25.741018,46.5,80.0,25.3,65.4
3857270,2022-11-28,Group Stage,Portugal,2,67,21,Uruguay,5259,José María Giménez de Vargas,5264,Guillermo Varela Olivera,Complete,22.62587,21.5,57.9,36.2,75.1
3857270,2022-11-28,Group Stage,Portugal,2,67,23,Uruguay,5264,Guillermo Varela Olivera,4319,Edinson Roberto Cavani Gómez,Complete,22.606194,39.2,74.4,61.2,69.2
3857270,2022-11-28,Group Stage,Portugal,2,67,25,Uruguay,4319,Edinson Roberto Cavani Gómez,6773,Federico Santiago Valverde Dipetta,Complete,9.408506,61.2,69.2,51.8,68.8
3857270,2022-11-28,Group Stage,Portugal,2,67,29,Uruguay,6773,Federico Santiago Valverde Dipetta,5260,Rodrigo Bentancur Colmán,Complete,27.07508,62.7,73.0,53.6,47.5
3857270,2022-11-28,Group Stage,Portugal,2,67,44,Uruguay,5264,Guillermo Varela Olivera,5259,José María Giménez de Vargas,Complete,12.611503,21.5,80.0,10.2,74.4
3857270,2022-11-28,Group Stage,Portugal,2,67,47,Uruguay,5259,José María Giménez de Vargas,6300,Sebastián Coates Nión,Complete,38.246044,13.7,69.7,21.7,32.3
3857270,2022-11-28,Group Stage,Portugal,2,67,52,Uruguay,6300,Sebastián Coates Nión,7104,Mathías Olivera Miramontes,Complete,20.88923,25.3,29.0,35.9,11.0
3857270,2022-11-28,Group Stage,Portugal,2,67,56,Uruguay,7104,Mathías Olivera Miramontes,6300,Sebastián Coates Nión,Complete,21.880585,36.9,11.1,19.3,24.1
3857270,2022-11-28,Group Stage,Portugal,2,67,59,Uruguay,6300,Sebastián Coates Nión,5259,José María Giménez de Vargas,Complete,34.167236,20.5,26.9,27.7,60.3
3857270,2022-11-28,Group Stage,Portugal,2,68,5,Uruguay,5259,José María Giménez de Vargas,5264,Guillermo Varela Olivera,Complete,14.26359,40.2,64.2,48.5,75.8
3857270,2022-11-28,Group Stage,Portugal,2,68,55,Uruguay,5264,Guillermo Varela Olivera,6773,Federico Santiago Valverde Dipetta,Complete,9.140022,52.2,76.8,57.7,69.5
3857270,2022-11-28,Group Stage,Portugal,2,68,58,Uruguay,6773,Federico Santiago Valverde Dipetta,5264,Guillermo Varela Olivera,Complete,10.519031,62.2,70.7,71.4,75.8
3857270,2022-11-28,Group Stage,Portugal,2,69,0,Uruguay,5264,Guillermo Varela Olivera,4319,Edinson Roberto Cavani Gómez,Complete,11.595258,71.4,75.8,76.1,65.2
3857270,2022-11-28,Group Stage,Portugal,2,69,2,Uruguay,4319,Edinson Roberto Cavani Gómez,5260,Rodrigo Bentancur Colmán,Complete,16.584631,76.1,65.2,60.8,58.8
3857270,2022-11-28,Group Stage,Portugal,2,69,4,Uruguay,5260,Rodrigo Bentancur Colmán,5258,Giorgian Daniel De Arrascaeta Benedetti,Complete,26.0,64.8,65.4,85.6,49.8
3857270,2022-11-28,Group Stage,Portugal,2,69,5,Uruguay,5258,Giorgian Daniel De Arrascaeta Benedetti,4319,Edinson Roberto Cavani Gómez,Complete,9.688137,85.6,49.8,87.5,59.3
3857270,2022-11-28,Group Stage,Portugal,2,69,7,Uruguay,4319,Edinson Roberto Cavani Gómez,5258,Giorgian Daniel De Arrascaeta Benedetti,Complete,15.171684,87.5,59.3,94.8,46.0
3857270,2022-11-28,Group Stage,Portugal,2,69,10,Uruguay,4319,Edinson Roberto Cavani Gómez,,,Incomplete,7.9120164,96.4,50.1,103.8,47.3
3857270,2022-11-28,Group Stage,Portugal,2,69,45,Uruguay,6773,Federico Santiago Valverde Dipetta,32478,Darwin Gabriel Núñez Ribeiro,Complete,31.891064,64.6,42.2,84.4,17.2
3857270,2022-11-28,Group Stage,Portugal,2,70,1,Uruguay,7104,Mathías Olivera Miramontes,5258,Giorgian Daniel De Arrascaeta Benedetti,Complete,19.024458,25.7,20.8,44.0,26.0
3857270,2022-11-28,Group Stage,Portugal,2,70,9,Uruguay,5258,Giorgian Daniel De Arrascaeta Benedetti,36288,Facundo Pellistri Rebollo,Complete,16.726028,72.1,55.7,79.5,70.7
3857270,2022-11-28,Group Stage,Portugal,2,70,15,Uruguay,36288,Facundo Pellistri Rebollo,5258,Giorgian Daniel De Arrascaeta Benedetti,Complete,11.960351,95.0,66.1,103.1,74.9
3857270,2022-11-28,Group Stage,Portugal,2,70,17,Uruguay,5258,Giorgian Daniel De Arrascaeta Benedetti,36288,Facundo Pellistri Rebollo,Complete,18.619614,106.9,76.8,115.9,60.5
3857270,2022-11-28,Group Stage,Portugal,2,70,18,Uruguay,36288,Facundo Pellistri Rebollo,5258,Giorgian Daniel De Arrascaeta Benedetti,Complete,5.994164,115.9,60.5,110.6,57.7
3857270,2022-11-28,Group Stage,Portugal,2,70,19,Uruguay,5258,Giorgian Daniel De Arrascaeta Benedetti,,,Incomplete,19.97223,110.6,57.7,116.1,38.5
3857270,2022-11-28,Group Stage,Portugal,2,70,22,Uruguay,6773,Federico Santiago Valverde Dipetta,,,Incomplete,23.300644,97.4,56.2,110.0,36.6
3857270,2022-11-28,Group Stage,Portugal,2,70,32,Uruguay,5259,José María Giménez de Vargas,6300,Sebastián Coates Nión,Complete,22.24972,54.3,47.9,62.2,27.1
3857270,2022-11-28,Group Stage,Portugal,2,70,40,Uruguay,6300,Sebastián Coates Nión,36288,Facundo Pellistri Rebollo,Complete,56.61281,74.2,24.1,94.1,77.1
3857270,2022-11-28,Group Stage,Portugal,2,70,43,Uruguay,36288,Facundo Pellistri Rebollo,,,Incomplete,4.675468,94.3,77.1,90.8,74.0
3857270,2022-11-28,Group Stage,Portugal,2,71,3,Uruguay,5264,Guillermo Varela Olivera,5259,José María Giménez de Vargas,Complete,27.907885,81.3,80.0,53.9,74.7
3857270,2022-11-28,Group Stage,Portugal,2,71,6,Uruguay,5259,José María Giménez de Vargas,6300,Sebastián Coates Nión,Complete,32.602455,52.7,72.3,52.3,39.7
3857270,2022-11-28,Group Stage,Portugal,2,71,12,Uruguay,6300,Sebastián Coates Nión,7104,Mathías Olivera Miramontes,Complete,23.104113,66.9,39.4,73.3,17.2
3857270,2022-11-28,Group Stage,Portugal,2,71,16,Uruguay,7104,Mathías Olivera Miramontes,5258,Giorgian Daniel De Arrascaeta Benedetti,Complete,11.981652,72.3,13.4,78.9,23.4
3857270,2022-11-28,Group Stage,Portugal,2,71,17,Uruguay,5258,Giorgian Daniel De Arrascaeta Benedetti,5260,Rodrigo Bentancur Colmán,Complete,12.127654,76.6,24.8,79.4,36.6
3857270,2022-11-28,Group Stage,Portugal,2,71,20,Uruguay,5260,Rodrigo Bentancur Colmán,5258,Giorgian Daniel De Arrascaeta Benedetti,Complete,10.940292,83.4,38.7,89.9,29.9
3857270,2022-11-28,Group Stage,Portugal,2,71,21,Uruguay,5258,Giorgian Daniel De Arrascaeta Benedetti,32478,Darwin Gabriel Núñez Ribeiro,Complete,8.414867,89.9,29.9,98.3,30.4
3857270,2022-11-28,Group Stage,Portugal,2,73,8,Uruguay,5259,José María Giménez de Vargas,6773,Federico Santiago Valverde Dipetta,Complete,31.05817,15.3,60.0,46.3,61.9
3857270,2022-11-28,Group Stage,Portugal,2,73,11,Uruguay,6773,Federico Santiago Valverde Dipetta,5246,Luis Alberto Suárez Díaz,Complete,15.763248,49.6,61.2,58.8,48.4
3857270,2022-11-28,Group Stage,Portugal,2,73,12,Uruguay,5246,Luis Alberto Suárez Díaz,6773,Federico Santiago Valverde Dipetta,Complete,7.858753,57.5,55.0,55.5,62.6
3857270,2022-11-28,Group Stage,Portugal,2,73,15,Uruguay,6773,Federico Santiago Valverde Dipetta,,,Incomplete,49.365982,58.6,69.4,107.6,75.4
3857270,2022-11-28,Group Stage,Portugal,2,73,24,Uruguay,5260,Rodrigo Bentancur Colmán,,,Incomplete,27.951744,68.1,62.9,93.2,50.6
3857270,2022-11-28,Group Stage,Portugal,2,73,50,Uruguay,7104,Mathías Olivera Miramontes,5246,Luis Alberto Suárez Díaz,Complete,12.965339,86.0,0.1,90.1,12.4
3857270,2022-11-28,Group Stage,Portugal,2,73,51,Uruguay,5246,Luis Alberto Suárez Díaz,7104,Mathías Olivera Miramontes,Complete,8.3600235,88.0,13.2,87.0,4.9
3857270,2022-11-28,Group Stage,Portugal,2,73,55,Uruguay,7104,Mathías Olivera Miramontes,5259,José María Giménez de Vargas,Complete,26.3964,77.8,22.7,58.4,40.6
3857270,2022-11-28,Group Stage,Portugal,2,74,1,Uruguay,5259,José María Giménez de Vargas,5258,Giorgian Daniel De Arrascaeta Benedetti,Complete,21.914606,65.9,43.9,86.7,50.8
3857270,2022-11-28,Group Stage,Portugal,2,74,2,Uruguay,5258,Giorgian Daniel De Arrascaeta Benedetti,5264,Guillermo Varela Olivera,Complete,22.332264,85.8,54.8,87.0,77.1
3857270,2022-11-28,Group Stage,Portugal,2,74,5,Uruguay,5264,Guillermo Varela Olivera,36288,Facundo Pellistri Rebollo,Complete,4.88467,94.3,70.9,92.4,75.4
3857270,2022-11-28,Group Stage,Portugal,2,74,12,Uruguay,6297,Maximiliano Gómez González,6773,Federico Santiago Valverde Dipetta,Complete,11.098198,98.1,54.1,88.7,60.0
3857270,2022-11-28,Group Stage,Portugal,2,74,13,Uruguay,6773,Federico Santiago Valverde Dipetta,36288,Facundo Pellistri Rebollo,Complete,11.921828,89.6,60.5,101.4,62.2
3857270,2022-11-28,Group Stage,Portugal,2,74,15,Uruguay,36288,Facundo Pellistri Rebollo,6297,Maximiliano Gómez González,Complete,16.667633,100.7,59.8,99.2,43.2
3857270,2022-11-28,Group Stage,Portugal,2,74,27,Uruguay,6300,Sebastián Coates Nión,6297,Maximiliano Gómez González,Complete,25.056934,76.1,25.0,92.2,5.8
3857270,2022-11-28,Group Stage,Portugal,2,74,28,Uruguay,6297,Maximiliano Gómez González,,,Incomplete,14.767871,92.2,5.8,95.0,20.3
3857270,2022-11-28,Group Stage,Portugal,2,74,30,Uruguay,6300,Sebastián Coates Nión,5246,Luis Alberto Suárez Díaz,Complete,21.100237,75.6,25.0,96.5,27.9
3857270,2022-11-28,Group Stage,Portugal,2,74,34,Uruguay,7104,Mathías Olivera Miramontes,,,Incomplete,4.7707443,88.9,29.3,92.9,31.9
3857270,2022-11-28,Group Stage,Portugal,2,75,20,Uruguay,36710,Sergio Rochet Álvarez,5259,José María Giménez de Vargas,Complete,12.066896,7.0,36.1,9.0,48.0
3857270,2022-11-28,Group Stage,Portugal,2,75,21,Uruguay,5259,José María Giménez de Vargas,6773,Federico Santiago Valverde Dipetta,Complete,19.241621,9.2,49.1,16.0,67.1
3857270,2022-11-28,Group Stage,Portugal,2,75,24,Uruguay,6773,Federico Santiago Valverde Dipetta,6300,Sebastián Coates Nión,Complete,38.11312,20.3,68.1,19.3,30.0
3857270,2022-11-28,Group Stage,Portugal,2,75,29,Uruguay,6300,Sebastián Coates Nión,5259,José María Giménez de Vargas,Complete,18.873262,17.3,36.4,20.5,55.0
3857270,2022-11-28,Group Stage,Portugal,2,75,33,Uruguay,5259,José María Giménez de Vargas,6773,Federico Santiago Valverde Dipetta,Complete,13.063308,29.0,57.9,36.2,68.8
3857270,2022-11-28,Group Stage,Portugal,2,75,38,Uruguay,6773,Federico Santiago Valverde Dipetta,5264,Guillermo Varela Olivera,Complete,10.662551,56.0,66.8,52.3,76.8
3857270,2022-11-28,Group Stage,Portugal,2,75,39,Uruguay,5264,Guillermo Varela Olivera,5260,Rodrigo Bentancur Colmán,Complete,11.661903,52.3,76.8,46.3,66.8
3857270,2022-11-28,Group Stage,Portugal,2,75,42,Uruguay,5260,Rodrigo Bentancur Colmán,5259,José María Giménez de Vargas,Complete,17.756407,44.6,66.8,28.6,59.1
3857270,2022-11-28,Group Stage,Portugal,2,75,44,Uruguay,5259,José María Giménez de Vargas,6300,Sebastián Coates Nión,Complete,31.529192,29.0,59.3,38.7,29.3
3857270,2022-11-28,Group Stage,Portugal,2,75,50,Uruguay,6300,Sebastián Coates Nión,7104,Mathías Olivera Miramontes,Out,42.721073,70.2,23.1,106.7,0.9
3857270,2022-11-28,Group Stage,Portugal,2,76,6,Uruguay,6300,Sebastián Coates Nión,5258,Giorgian Daniel De Arrascaeta Benedetti,Complete,19.573452,78.5,14.1,97.9,16.7
3857270,2022-11-28,Group Stage,Portugal,2,76,8,Uruguay,5258,Giorgian Daniel De Arrascaeta Benedetti,5260,Rodrigo Bentancur Colmán,Complete,9.908077,95.0,18.2,85.1,18.6
3857270,2022-11-28,Group Stage,Portugal,2,76,9,Uruguay,5260,Rodrigo Bentancur Colmán,5246,Luis Alberto Suárez Díaz,Complete,13.974262,85.8,18.6,99.6,20.8
3857270,2022-11-28,Group Stage,Portugal,2,76,10,Uruguay,5246,Luis Alberto Suárez Díaz,5258,Giorgian Daniel De Arrascaeta Benedetti,Complete,4.3416586,99.6,20.8,95.8,22.9
3857270,2022-11-28,Group Stage,Portugal,2,76,11,Uruguay,5258,Giorgian Daniel De Arrascaeta Benedetti,5246,Luis Alberto Suárez Díaz,Complete,8.20975,94.4,20.5,99.0,13.7
3857270,2022-11-28,Group Stage,Portugal,2,77,12,Uruguay,5258,Giorgian Daniel De Arrascaeta Benedetti,5246,Luis Alberto Suárez Díaz,Complete,27.282595,103.8,8.9,113.5,34.4
3857270,2022-11-28,Group Stage,Portugal,2,78,0,Uruguay,5260,Rodrigo Bentancur Colmán,5259,José María Giménez de Vargas,Complete,12.394354,36.6,75.4,30.7,64.5
3857270,2022-11-28,Group Stage,Portugal,2,78,1,Uruguay,5259,José María Giménez de Vargas,6773,Federico Santiago Valverde Dipetta,Complete,15.047259,30.7,64.5,45.6,62.4
3857270,2022-11-28,Group Stage,Portugal,2,78,3,Uruguay,6773,Federico Santiago Valverde Dipetta,5260,Rodrigo Bentancur Colmán,Complete,12.203688,44.6,62.6,51.3,72.8
3857270,2022-11-28,Group Stage,Portugal,2,78,4,Uruguay,5260,Rodrigo Bentancur Colmán,6773,Federico Santiago Valverde Dipetta,Complete,16.78392,51.3,72.8,66.0,64.7
3857270,2022-11-28,Group Stage,Portugal,2,78,8,Uruguay,6773,Federico Santiago Valverde Dipetta,5258,Giorgian Daniel De Arrascaeta Benedetti,Complete,25.939352,86.0,61.4,109.3,50.0
3857270,2022-11-28,Group Stage,Portugal,2,78,37,Uruguay,5259,José María Giménez de Vargas,,,Incomplete,33.741516,49.2,56.2,79.9,42.2
3857270,2022-11-28,Group Stage,Portugal,2,79,8,Uruguay,5260,Rodrigo Bentancur Colmán,6773,Federico Santiago Valverde Dipetta,Complete,10.104454,55.6,80.0,55.3,69.9
3857270,2022-11-28,Group Stage,Portugal,2,79,14,Uruguay,6773,Federico Santiago Valverde Dipetta,36288,Facundo Pellistri Rebollo,Complete,23.140009,66.9,56.0,76.4,77.1
3857270,2022-11-28,Group Stage,Portugal,2,79,18,Uruguay,36288,Facundo Pellistri Rebollo,6773,Federico Santiago Valverde Dipetta,Complete,9.33381,85.8,73.7,79.2,67.1
3857270,2022-11-28,Group Stage,Portugal,2,79,20,Uruguay,6773,Federico Santiago Valverde Dipetta,5258,Giorgian Daniel De Arrascaeta Benedetti,Complete,19.840363,81.3,65.4,100.5,70.4
3857270,2022-11-28,Group Stage,Portugal,2,79,22,Uruguay,5258,Giorgian Daniel De Arrascaeta Benedetti,,,Incomplete,4.9578223,97.2,71.8,100.5,68.1
3857270,2022-11-28,Group Stage,Portugal,2,79,29,Uruguay,5260,Rodrigo Bentancur Colmán,5258,Giorgian Daniel De Arrascaeta Benedetti,Complete,7.4249578,69.0,80.0,74.2,74.7
3857270,2022-11-28,Group Stage,Portugal,2,79,30,Uruguay,5258,Giorgian Daniel De Arrascaeta Benedetti,5260,Rodrigo Bentancur Colmán,Complete,5.0695167,74.4,74.6,69.5,75.9
3857270,2022-11-28,Group Stage,Portugal,2,79,31,Uruguay,5260,Rodrigo Bentancur Colmán,6773,Federico Santiago Valverde Dipetta,Complete,21.513948,69.5,75.9,73.7,54.8
3857270,2022-11-28,Group Stage,Portugal,2,79,35,Uruguay,6773,Federico Santiago Valverde Dipetta,5264,Guillermo Varela Olivera,Complete,17.492855,89.3,63.6,104.3,72.6
3857270,2022-11-28,Group Stage,Portugal,2,79,39,Uruguay,5264,Guillermo Varela Olivera,,,Incomplete,18.780842,113.0,74.4,115.6,55.8
3857270,2022-11-28,Group Stage,Portugal,2,79,51,Uruguay,5260,Rodrigo Bentancur Colmán,5264,Guillermo Varela Olivera,Complete,10.026465,83.4,68.1,91.2,74.4
3857270,2022-11-28,Group Stage,Portugal,2,79,53,Uruguay,5264,Guillermo Varela Olivera,,,Incomplete,13.152946,91.2,74.4,93.2,61.4
3857270,2022-11-28,Group Stage,Portugal,2,80,9,Uruguay,6300,Sebastián Coates Nión,5259,José María Giménez de Vargas,Complete,21.392523,55.5,41.1,60.5,61.9
3857270,2022-11-28,Group Stage,Portugal,2,80,10,Uruguay,5259,José María Giménez de Vargas,6300,Sebastián Coates Nión,Complete,21.092415,60.5,61.9,57.0,41.1
3857270,2022-11-28,Group Stage,Portugal,2,80,12,Uruguay,6300,Sebastián Coates Nión,6773,Federico Santiago Valverde Dipetta,Complete,34.447933,56.3,42.8,68.8,74.9
3857270,2022-11-28,Group Stage,Portugal,2,80,14,Uruguay,6773,Federico Santiago Valverde Dipetta,36288,Facundo Pellistri Rebollo,Complete,16.189503,68.8,74.9,82.7,66.6
3857270,2022-11-28,Group Stage,Portugal,2,80,15,Uruguay,36288,Facundo Pellistri Rebollo,,,Incomplete,2.8635643,80.8,65.5,82.0,68.1
3857270,2022-11-28,Group Stage,Portugal,2,80,19,Uruguay,36288,Facundo Pellistri Rebollo,5264,Guillermo Varela Olivera,Complete,23.11731,89.8,64.3,111.8,71.4
3857270,2022-11-28,Group Stage,Portugal,2,80,22,Uruguay,5264,Guillermo Varela Olivera,,,Incomplete,31.800629,111.8,71.4,111.6,39.6
3857270,2022-11-28,Group Stage,Portugal,2,80,52,Uruguay,5258,Giorgian Daniel De Arrascaeta Benedetti,,,Incomplete,34.134148,120.0,80.0,112.5,46.7
3857270,2022-11-28,Group Stage,Portugal,2,82,3,Uruguay,5264,Guillermo Varela Olivera,,,Incomplete,12.971122,75.2,80.0,86.7,74.0
3857270,2022-11-28,Group Stage,Portugal,2,82,11,Uruguay,5258,Giorgian Daniel De Arrascaeta Benedetti,5264,Guillermo Varela Olivera,Complete,6.26099,98.4,69.5,101.2,75.1
3857270,2022-11-28,Group Stage,Portugal,2,82,13,Uruguay,5264,Guillermo Varela Olivera,,,Incomplete,32.109966,101.2,75.1,106.9,43.5
3857270,2022-11-28,Group Stage,Portugal,2,82,55,Uruguay,36710,Sergio Rochet Álvarez,5260,Rodrigo Bentancur Colmán,Complete,2.5495098,7.0,44.1,8.7,42.2
3857270,2022-11-28,Group Stage,Portugal,2,83,1,Uruguay,5260,Rodrigo Bentancur Colmán,6773,Federico Santiago Valverde Dipetta,Complete,13.0679,21.7,54.1,33.6,48.7
3857270,2022-11-28,Group Stage,Portugal,2,83,2,Uruguay,6773,Federico Santiago Valverde Dipetta,5259,José María Giménez de Vargas,Complete,12.21147,33.1,48.9,22.7,55.3
3857270,2022-11-28,Group Stage,Portugal,2,83,7,Uruguay,5259,José María Giménez de Vargas,5260,Rodrigo Bentancur Colmán,Complete,23.77751,27.4,59.0,50.3,65.4
3857270,2022-11-28,Group Stage,Portugal,2,83,8,Uruguay,5260,Rodrigo Bentancur Colmán,,,Incomplete,25.146769,49.2,61.9,65.2,42.5
3857270,2022-11-28,Group Stage,Portugal,2,84,0,Uruguay,7104,Mathías Olivera Miramontes,6300,Sebastián Coates Nión,Complete,10.012492,13.7,18.6,14.2,28.6
3857270,2022-11-28,Group Stage,Portugal,2,84,1,Uruguay,6300,Sebastián Coates Nión,,,Incomplete,33.01212,14.1,29.7,43.3,14.3
3857270,2022-11-28,Group Stage,Portugal,2,84,4,Uruguay,5246,Luis Alberto Suárez Díaz,,,Incomplete,59.824577,39.0,17.9,72.3,67.6
3857270,2022-11-28,Group Stage,Portugal,2,84,21,Uruguay,36288,Facundo Pellistri Rebollo,6300,Sebastián Coates Nión,Complete,11.892855,46.1,60.9,37.3,52.9
3857270,2022-11-28,Group Stage,Portugal,2,84,22,Uruguay,6300,Sebastián Coates Nión,5260,Rodrigo Bentancur Colmán,Complete,11.119802,37.3,52.9,48.2,55.1
3857270,2022-11-28,Group Stage,Portugal,2,84,34,Uruguay,5260,Rodrigo Bentancur Colmán,5259,José María Giménez de Vargas,Complete,27.527803,45.4,59.5,38.7,32.8
3857270,2022-11-28,Group Stage,Portugal,2,84,37,Uruguay,5259,José María Giménez de Vargas,7104,Mathías Olivera Miramontes,Complete,21.644861,38.7,30.4,49.6,11.7
3857270,2022-11-28,Group Stage,Portugal,2,84,41,Uruguay,7104,Mathías Olivera Miramontes,5259,José María Giménez de Vargas,Complete,23.181458,50.3,15.5,36.6,34.2
3857270,2022-11-28,Group Stage,Portugal,2,84,45,Uruguay,5259,José María Giménez de Vargas,6300,Sebastián Coates Nión,Complete,19.875864,34.5,37.1,37.8,56.7
3857270,2022-11-28,Group Stage,Portugal,2,84,48,Uruguay,6300,Sebastián Coates Nión,5259,José María Giménez de Vargas,Complete,18.603764,38.3,58.3,34.0,40.2
3857270,2022-11-28,Group Stage,Portugal,2,84,52,Uruguay,5259,José María Giménez de Vargas,6300,Sebastián Coates Nión,Complete,19.79899,34.0,40.2,36.8,59.8
3857270,2022-11-28,Group Stage,Portugal,2,84,55,Uruguay,6300,Sebastián Coates Nión,5259,José María Giménez de Vargas,Complete,36.94117,38.7,60.0,32.4,23.6
3857270,2022-11-28,Group Stage,Portugal,2,84,58,Uruguay,5259,José María Giménez de Vargas,7104,Mathías Olivera Miramontes,Complete,19.000263,31.4,24.8,38.8,7.3
3857270,2022-11-28,Group Stage,Portugal,2,85,0,Uruguay,7104,Mathías Olivera Miramontes,,,Unknown,17.812635,38.8,5.2,56.5,3.2
3857270,2022-11-28,Group Stage,Portugal,2,85,15,Uruguay,34476,Matías Nicolás Viña Susperreguy,6773,Federico Santiago Valverde Dipetta,Complete,13.641848,54.6,7.3,48.7,19.6
3857270,2022-11-28,Group Stage,Portugal,2,85,17,Uruguay,6773,Federico Santiago Valverde Dipetta,5264,Guillermo Varela Olivera,Complete,54.258087,52.2,20.8,65.9,73.3
3857270,2022-11-28,Group Stage,Portugal,2,85,21,Uruguay,5264,Guillermo Varela Olivera,36288,Facundo Pellistri Rebollo,Complete,10.215674,66.9,74.9,76.3,78.9
3857270,2022-11-28,Group Stage,Portugal,2,85,41,Uruguay,5260,Rodrigo Bentancur Colmán,5258,Giorgian Daniel De Arrascaeta Benedetti,Complete,7.4464755,81.6,66.1,84.4,73.0
3857270,2022-11-28,Group Stage,Portugal,2,85,42,Uruguay,5258,Giorgian Daniel De Arrascaeta Benedetti,36288,Facundo Pellistri Rebollo,Complete,10.697663,84.4,73.0,94.4,76.8
3857270,2022-11-28,Group Stage,Portugal,2,85,44,Uruguay,36288,Facundo Pellistri Rebollo,5260,Rodrigo Bentancur Colmán,Complete,13.600368,94.4,76.8,82.8,69.7
3857270,2022-11-28,Group Stage,Portugal,2,85,46,Uruguay,5260,Rodrigo Bentancur Colmán,6773,Federico Santiago Valverde Dipetta,Complete,25.603516,82.8,69.7,85.1,44.2
3857270,2022-11-28,Group Stage,Portugal,2,86,30,Uruguay,6300,Sebastián Coates Nión,5259,José María Giménez de Vargas,Complete,23.405342,37.3,32.3,36.8,55.7
3857270,2022-11-28,Group Stage,Portugal,2,86,32,Uruguay,5259,José María Giménez de Vargas,6297,Maximiliano Gómez González,Complete,49.334976,36.8,55.7,81.3,77.0
3857270,2022-11-28,Group Stage,Portugal,2,86,38,Uruguay,6297,Maximiliano Gómez González,5259,José María Giménez de Vargas,Complete,25.181343,75.0,73.5,52.3,62.6
3857270,2022-11-28,Group Stage,Portugal,2,86,41,Uruguay,5259,José María Giménez de Vargas,5260,Rodrigo Bentancur Colmán,Complete,13.860014,50.4,59.0,52.5,45.3
3857270,2022-11-28,Group Stage,Portugal,2,86,43,Uruguay,5260,Rodrigo Bentancur Colmán,6300,Sebastián Coates Nión,Complete,22.073513,55.8,44.4,62.6,23.4
3857270,2022-11-28,Group Stage,Portugal,2,86,45,Uruguay,6300,Sebastián Coates Nión,34476,Matías Nicolás Viña Susperreguy,Complete,25.817242,62.2,21.5,80.9,3.7
3857270,2022-11-28,Group Stage,Portugal,2,87,0,Uruguay,34476,Matías Nicolás Viña Susperreguy,,,Incomplete,21.262407,57.4,22.4,77.1,30.4
3857270,2022-11-28,Group Stage,Portugal,2,87,15,Uruguay,34476,Matías Nicolás Viña Susperreguy,6300,Sebastián Coates Nión,Complete,17.477127,74.5,0.1,61.7,12.0
3857270,2022-11-28,Group Stage,Portugal,2,87,18,Uruguay,6300,Sebastián Coates Nión,5259,José María Giménez de Vargas,Complete,33.30165,58.1,13.4,51.3,46.0
3857270,2022-11-28,Group Stage,Portugal,2,87,23,Uruguay,5259,José María Giménez de Vargas,6773,Federico Santiago Valverde Dipetta,Complete,20.999523,54.8,46.8,73.1,57.1
3857270,2022-11-28,Group Stage,Portugal,2,87,25,Uruguay,6773,Federico Santiago Valverde Dipetta,5264,Guillermo Varela Olivera,Complete,21.053503,75.4,60.2,57.7,71.6
3857270,2022-11-28,Group Stage,Portugal,2,87,28,Uruguay,5264,Guillermo Varela Olivera,5259,José María Giménez de Vargas,Complete,22.690968,62.6,68.7,45.4,53.9
3857270,2022-11-28,Group Stage,Portugal,2,87,30,Uruguay,5259,José María Giménez de Vargas,6300,Sebastián Coates Nión,Complete,26.139626,45.4,53.9,49.6,28.1
3857270,2022-11-28,Group Stage,Portugal,2,87,35,Uruguay,6300,Sebastián Coates Nión,34476,Matías Nicolás Viña Susperreguy,Complete,46.08959,58.6,25.0,100.5,5.8
3857270,2022-11-28,Group Stage,Portugal,2,87,39,Uruguay,34476,Matías Nicolás Viña Susperreguy,,,Incomplete,5.9933295,102.6,5.2,105.2,10.6
3857270,2022-11-28,Group Stage,Portugal,2,93,31,Uruguay,5246,Luis Alberto Suárez Díaz,5260,Rodrigo Bentancur Colmán,Complete,11.696581,61.0,40.1,49.4,41.6
3857270,2022-11-28,Group Stage,Portugal,2,93,33,Uruguay,5260,Rodrigo Bentancur Colmán,34476,Matías Nicolás Viña Susperreguy,Complete,29.132284,53.4,44.2,48.4,15.5
3857270,2022-11-28,Group Stage,Portugal,2,93,37,Uruguay,34476,Matías Nicolás Viña Susperreguy,5258,Giorgian Daniel De Arrascaeta Benedetti,Complete,14.440222,50.3,13.7,62.7,6.3
3857270,2022-11-28,Group Stage,Portugal,2,93,52,Uruguay,6300,Sebastián Coates Nión,,,Incomplete,19.009472,52.9,40.4,71.9,41.0
3857270,2022-11-28,Group Stage,Portugal,2,93,56,Uruguay,5258,Giorgian Daniel De Arrascaeta Benedetti,6773,Federico Santiago Valverde Dipetta,Complete,4.7518415,59.1,25.7,58.4,30.4
3857270,2022-11-28,Group Stage,Portugal,2,93,57,Uruguay,6773,Federico Santiago Valverde Dipetta,34476,Matías Nicolás Viña Susperreguy,Complete,10.846197,58.4,30.4,57.4,19.6
3857270,2022-11-28,Group Stage,Portugal,2,93,58,Uruguay,34476,Matías Nicolás Viña Susperreguy,,,Incomplete,7.569016,57.4,19.6,62.9,24.8
3857270,2022-11-28,Group Stage,Portugal,2,94,1,Uruguay,34476,Matías Nicolás Viña Susperreguy,,,Incomplete,4.7413077,62.7,15.8,66.9,13.6
3857270,2022-11-28,Group Stage,Portugal,2,94,43,Uruguay,6300,Sebastián Coates Nión,,,Incomplete,17.107307,49.0,24.6,66.1,24.1
3857270,2022-11-28,Group Stage,Portugal,2,94,52,Uruguay,34476,Matías Nicolás Viña Susperreguy,5258,Giorgian Daniel De Arrascaeta Benedetti,Complete,14.450605,47.0,0.1,59.1,8.0
3857270,2022-11-28,Group Stage,Portugal,2,94,53,Uruguay,5258,Giorgian Daniel De Arrascaeta Benedetti,34476,Matías Nicolás Viña Susperreguy,Complete,5.7428217,59.1,8.0,54.4,4.7
3857270,2022-11-28,Group Stage,Portugal,2,94,55,Uruguay,34476,Matías Nicolás Viña Susperreguy,,,Incomplete,11.456003,64.8,5.4,73.0,13.4
3857270,2022-11-28,Group Stage,Portugal,2,95,6,Uruguay,5260,Rodrigo Bentancur Colmán,6300,Sebastián Coates Nión,Complete,13.572398,20.3,3.9,18.9,17.4
3857270,2022-11-28,Group Stage,Portugal,2,95,8,Uruguay,6300,Sebastián Coates Nión,5246,Luis Alberto Suárez Díaz,Complete,26.744158,21.3,22.4,46.3,31.9
3857270,2022-11-28,Group Stage,Portugal,2,95,10,Uruguay,5246,Luis Alberto Suárez Díaz,,,Incomplete,35.11182,44.9,32.1,47.7,67.1
3857270,2022-11-28,Group Stage,Portugal,2,95,22,Uruguay,6773,Federico Santiago Valverde Dipetta,5260,Rodrigo Bentancur Colmán,Complete,6.400781,45.2,29.7,42.1,24.1
3857270,2022-11-28,Group Stage,Portugal,2,95,24,Uruguay,5260,Rodrigo Bentancur Colmán,5246,Luis Alberto Suárez Díaz,Complete,29.96331,41.1,29.3,67.9,42.7
3857270,2022-11-28,Group Stage,Portugal,2,95,26,Uruguay,5246,Luis Alberto Suárez Díaz,6297,Maximiliano Gómez González,Complete,32.79512,66.7,44.2,95.1,27.8
3857270,2022-11-28,Group Stage,Portugal,2,95,30,Uruguay,6297,Maximiliano Gómez González,,,Incomplete,20.379646,94.3,29.9,97.0,50.1
3857270,2022-11-28,Group Stage,Portugal,2,96,38,Uruguay,34476,Matías Nicolás Viña Susperreguy,,,Out,33.736034,14.2,10.3,46.6,0.9
3857270,2022-11-28,Group Stage,Portugal,2,98,1,Uruguay,36710,Sergio Rochet Álvarez,5260,Rodrigo Bentancur Colmán,Complete,10.12571,7.0,36.1,12.8,44.4
3857270,2022-11-28,Group Stage,Portugal,2,98,4,Uruguay,5260,Rodrigo Bentancur Colmán,5264,Guillermo Varela Olivera,Incomplete,30.147968,12.8,44.4,29.5,69.5
3857270,2022-11-28,Group Stage,Portugal,2,98,33,Uruguay,36710,Sergio Rochet Álvarez,,,Unknown,68.32686,7.0,44.1,74.0,30.7
3857270,2022-11-28,Group Stage,Portugal,2,99,13,Uruguay,6773,Federico Santiago Valverde Dipetta,,,Incomplete,20.08233,48.5,22.7,62.6,37.0
3857270,2022-11-28,Group Stage,Portugal,2,99,16,Uruguay,5258,Giorgian Daniel De Arrascaeta Benedetti,6773,Federico Santiago Valverde Dipetta,Complete,14.948244,41.5,11.6,48.7,24.7
3857270,2022-11-28,Group Stage,Portugal,2,99,20,Uruguay,6773,Federico Santiago Valverde Dipetta,5260,Rodrigo Bentancur Colmán,Complete,8.9,47.5,34.4,47.5,25.5
3857270,2022-11-28,Group Stage,Portugal,2,99,23,Uruguay,5260,Rodrigo Bentancur Colmán,6300,Sebastián Coates Nión,Complete,10.922454,45.6,28.6,34.7,29.3
3857270,2022-11-28,Group Stage,Portugal,2,99,24,Uruguay,6300,Sebastián Coates Nión,5259,José María Giménez de Vargas,Complete,19.906029,34.0,30.4,30.0,49.9
3857270,2022-11-28,Group Stage,Portugal,2,99,28,Uruguay,5259,José María Giménez de Vargas,,,Incomplete,42.667553,31.4,55.0,74.0,57.4
3857270,2022-11-28,Group Stage,Portugal,2,99,43,Uruguay,5264,Guillermo Varela Olivera,5259,José María Giménez de Vargas,Complete,13.046455,14.1,71.8,13.0,58.8
3857270,2022-11-28,Group Stage,Portugal,2,99,45,Uruguay,5259,José María Giménez de Vargas,6773,Federico Santiago Valverde Dipetta,Complete,10.941664,13.0,58.8,23.4,62.2
3857270,2022-11-28,Group Stage,Portugal,2,99,49,Uruguay,6773,Federico Santiago Valverde Dipetta,34476,Matías Nicolás Viña Susperreguy,Complete,34.314137,20.3,41.6,38.8,12.7
3857270,2022-11-28,Group Stage,Portugal,2,99,53,Uruguay,34476,Matías Nicolás Viña Susperreguy,,,Incomplete,79.65526,46.1,11.1,112.5,55.1
3857293,2022-12-02,Group Stage,Ghana,1,0,0,Uruguay,5246,Luis Alberto Suárez Díaz,6773,Federico Santiago Valverde Dipetta,Complete,16.42833,61.0,40.1,45.2,44.6
3857293,2022-12-02,Group Stage,Ghana,1,0,3,Uruguay,6773,Federico Santiago Valverde Dipetta,7104,Mathías Olivera Miramontes,Complete,39.94496,49.1,46.1,52.5,6.3
3857293,2022-12-02,Group Stage,Ghana,1,0,6,Uruguay,7104,Mathías Olivera Miramontes,5258,Giorgian Daniel De Arrascaeta Benedetti,Complete,11.236102,52.4,5.1,63.2,2.0
3857293,2022-12-02,Group Stage,Ghana,1,0,7,Uruguay,5258,Giorgian Daniel De Arrascaeta Benedetti,32478,Darwin Gabriel Núñez Ribeiro,Complete,13.328166,63.2,2.0,69.0,14.0
3857293,2022-12-02,Group Stage,Ghana,1,1,26,Uruguay,5259,José María Giménez de Vargas,5264,Guillermo Varela Olivera,Complete,24.573563,39.6,65.5,61.1,77.4
3857293,2022-12-02,Group Stage,Ghana,1,1,29,Uruguay,5264,Guillermo Varela Olivera,6773,Federico Santiago Valverde Dipetta,Complete,6.7675695,56.0,75.5,49.6,77.7
3857293,2022-12-02,Group Stage,Ghana,1,1,34,Uruguay,6773,Federico Santiago Valverde Dipetta,5264,Guillermo Varela Olivera,Complete,5.3009434,71.7,75.7,74.8,80.0
3857293,2022-12-02,Group Stage,Ghana,1,1,35,Uruguay,5264,Guillermo Varela Olivera,36288,Facundo Pellistri Rebollo,Complete,7.1,74.8,80.0,81.9,80.0
3857293,2022-12-02,Group Stage,Ghana,1,1,37,Uruguay,36288,Facundo Pellistri Rebollo,5264,Guillermo Varela Olivera,Complete,6.0827627,80.9,79.3,74.9,78.3
3857293,2022-12-02,Group Stage,Ghana,1,1,52,Uruguay,5264,Guillermo Varela Olivera,6773,Federico Santiago Valverde Dipetta,Complete,6.545991,87.4,80.0,81.2,77.9
3857293,2022-12-02,Group Stage,Ghana,1,1,56,Uruguay,6773,Federico Santiago Valverde Dipetta,5259,José María Giménez de Vargas,Complete,14.39618,77.2,73.3,63.4,77.4
3857293,2022-12-02,Group Stage,Ghana,1,1,59,Uruguay,5259,José María Giménez de Vargas,6773,Federico Santiago Valverde Dipetta,Complete,3.8013155,68.1,76.6,71.5,74.9
3857293,2022-12-02,Group Stage,Ghana,1,2,0,Uruguay,6773,Federico Santiago Valverde Dipetta,5264,Guillermo Varela Olivera,Complete,12.586501,71.5,75.1,83.4,79.2
3857293,2022-12-02,Group Stage,Ghana,1,2,2,Uruguay,5264,Guillermo Varela Olivera,36288,Facundo Pellistri Rebollo,Incomplete,37.476925,86.3,77.4,119.9,60.8
3857293,2022-12-02,Group Stage,Ghana,1,3,2,Uruguay,36710,Sergio Rochet Álvarez,6300,Sebastián Coates Nión,Complete,14.425325,12.1,35.8,19.3,23.3
3857293,2022-12-02,Group Stage,Ghana,1,3,6,Uruguay,6300,Sebastián Coates Nión,7104,Mathías Olivera Miramontes,Complete,20.77354,27.1,20.2,38.6,2.9
3857293,2022-12-02,Group Stage,Ghana,1,3,29,Uruguay,5260,Rodrigo Bentancur Colmán,32478,Darwin Gabriel Núñez Ribeiro,Complete,21.208488,74.8,29.7,95.2,35.5
3857293,2022-12-02,Group Stage,Ghana,1,4,7,Uruguay,36710,Sergio Rochet Álvarez,5259,José María Giménez de Vargas,Complete,7.28011,16.6,39.9,21.0,45.7
3857293,2022-12-02,Group Stage,Ghana,1,4,10,Uruguay,5259,José María Giménez de Vargas,5264,Guillermo Varela Olivera,Complete,27.739683,25.2,49.6,33.4,76.1
3857293,2022-12-02,Group Stage,Ghana,1,4,13,Uruguay,5264,Guillermo Varela Olivera,6773,Federico Santiago Valverde Dipetta,Complete,15.171684,33.4,76.1,40.7,62.8
3857293,2022-12-02,Group Stage,Ghana,1,4,15,Uruguay,6773,Federico Santiago Valverde Dipetta,5264,Guillermo Varela Olivera,Complete,15.384732,40.7,62.8,33.7,76.5
3857293,2022-12-02,Group Stage,Ghana,1,4,17,Uruguay,5264,Guillermo Varela Olivera,36288,Facundo Pellistri Rebollo,Out,43.839935,33.7,76.5,77.4,80.0
3857293,2022-12-02,Group Stage,Ghana,1,4,48,Uruguay,5259,José María Giménez de Vargas,5260,Rodrigo Bentancur Colmán,Complete,13.395895,52.4,75.7,50.8,62.4
3857293,2022-12-02,Group Stage,Ghana,1,4,51,Uruguay,5260,Rodrigo Bentancur Colmán,5259,José María Giménez de Vargas,Complete,8.628442,50.8,62.4,42.2,63.1
3857293,2022-12-02,Group Stage,Ghana,1,4,55,Uruguay,5259,José María Giménez de Vargas,7104,Mathías Olivera Miramontes,Complete,61.877296,50.1,62.1,73.7,4.9
3857293,2022-12-02,Group Stage,Ghana,1,5,2,Uruguay,7104,Mathías Olivera Miramontes,5246,Luis Alberto Suárez Díaz,Complete,14.3391075,79.6,8.5,82.7,22.5
3857293,2022-12-02,Group Stage,Ghana,1,5,2,Uruguay,5246,Luis Alberto Suárez Díaz,7104,Mathías Olivera Miramontes,Complete,6.842514,82.7,22.5,79.6,16.4
3857293,2022-12-02,Group Stage,Ghana,1,5,3,Uruguay,7104,Mathías Olivera Miramontes,5246,Luis Alberto Suárez Díaz,Complete,6.664083,79.6,16.4,82.5,22.4
3857293,2022-12-02,Group Stage,Ghana,1,5,4,Uruguay,5246,Luis Alberto Suárez Díaz,5258,Giorgian Daniel De Arrascaeta Benedetti,Complete,18.848078,82.5,22.4,89.5,4.9
3857293,2022-12-02,Group Stage,Ghana,1,5,5,Uruguay,5258,Giorgian Daniel De Arrascaeta Benedetti,7104,Mathías Olivera Miramontes,Complete,4.90408,89.3,4.7,93.1,1.6
3857293,2022-12-02,Group Stage,Ghana,1,5,14,Uruguay,7104,Mathías Olivera Miramontes,5246,Luis Alberto Suárez Díaz,Complete,10.7354555,103.7,0.1,98.7,9.6
3857293,2022-12-02,Group Stage,Ghana,1,5,19,Uruguay,5246,Luis Alberto Suárez Díaz,32478,Darwin Gabriel Núñez Ribeiro,Incomplete,10.914211,120.0,10.3,117.4,20.9
3857293,2022-12-02,Group Stage,Ghana,1,5,25,Uruguay,6300,Sebastián Coates Nión,32478,Darwin Gabriel Núñez Ribeiro,Incomplete,24.546486,78.0,10.7,98.3,24.5
3857293,2022-12-02,Group Stage,Ghana,1,5,29,Uruguay,5260,Rodrigo Bentancur Colmán,6300,Sebastián Coates Nión,Complete,8.13941,80.7,20.4,72.6,19.6
3857293,2022-12-02,Group Stage,Ghana,1,5,31,Uruguay,6300,Sebastián Coates Nión,5259,José María Giménez de Vargas,Complete,21.351582,69.3,20.7,51.0,31.7
3857293,2022-12-02,Group Stage,Ghana,1,5,33,Uruguay,5259,José María Giménez de Vargas,6773,Federico Santiago Valverde Dipetta,Complete,12.608727,50.8,31.9,62.5,36.6
3857293,2022-12-02,Group Stage,Ghana,1,5,35,Uruguay,6773,Federico Santiago Valverde Dipetta,6300,Sebastián Coates Nión,Complete,20.118896,62.5,36.6,51.9,19.5
3857293,2022-12-02,Group Stage,Ghana,1,5,36,Uruguay,6300,Sebastián Coates Nión,5259,José María Giménez de Vargas,Complete,25.587692,51.9,19.5,45.6,44.3
3857293,2022-12-02,Group Stage,Ghana,1,5,38,Uruguay,5259,José María Giménez de Vargas,5264,Guillermo Varela Olivera,Complete,24.644066,47.1,47.4,57.8,69.6
3857293,2022-12-02,Group Stage,Ghana,1,5,41,Uruguay,5264,Guillermo Varela Olivera,36288,Facundo Pellistri Rebollo,Complete,18.788294,57.8,69.6,74.4,78.4
3857293,2022-12-02,Group Stage,Ghana,1,5,43,Uruguay,36288,Facundo Pellistri Rebollo,5264,Guillermo Varela Olivera,Complete,14.863714,69.5,79.2,54.8,77.0
3857293,2022-12-02,Group Stage,Ghana,1,5,45,Uruguay,5264,Guillermo Varela Olivera,5259,José María Giménez de Vargas,Complete,18.73953,50.6,75.7,37.5,62.3
3857293,2022-12-02,Group Stage,Ghana,1,5,48,Uruguay,5259,José María Giménez de Vargas,6300,Sebastián Coates Nión,Complete,43.310276,37.8,62.1,47.1,19.8
3857293,2022-12-02,Group Stage,Ghana,1,5,54,Uruguay,6300,Sebastián Coates Nión,5246,Luis Alberto Suárez Díaz,Complete,15.282997,72.1,24.3,87.0,27.7
3857293,2022-12-02,Group Stage,Ghana,1,5,55,Uruguay,5246,Luis Alberto Suárez Díaz,5258,Giorgian Daniel De Arrascaeta Benedetti,Incomplete,6.6940274,87.0,27.7,88.6,34.2
3857293,2022-12-02,Group Stage,Ghana,1,7,27,Uruguay,5259,José María Giménez de Vargas,6300,Sebastián Coates Nión,Complete,18.202473,13.4,46.6,21.7,30.4
3857293,2022-12-02,Group Stage,Ghana,1,7,28,Uruguay,6300,Sebastián Coates Nión,5260,Rodrigo Bentancur Colmán,Complete,10.406248,25.6,29.2,35.4,25.7
3857293,2022-12-02,Group Stage,Ghana,1,7,30,Uruguay,5260,Rodrigo Bentancur Colmán,6300,Sebastián Coates Nión,Complete,10.5,35.4,25.7,24.9,25.7
3857293,2022-12-02,Group Stage,Ghana,1,7,32,Uruguay,6300,Sebastián Coates Nión,7104,Mathías Olivera Miramontes,Complete,22.472204,24.9,25.7,26.7,3.3
3857293,2022-12-02,Group Stage,Ghana,1,7,34,Uruguay,7104,Mathías Olivera Miramontes,32478,Darwin Gabriel Núñez Ribeiro,Complete,39.383755,23.3,2.5,62.5,6.3
3857293,2022-12-02,Group Stage,Ghana,1,7,59,Uruguay,7104,Mathías Olivera Miramontes,5246,Luis Alberto Suárez Díaz,Complete,22.777182,26.3,2.7,34.1,24.1
3857293,2022-12-02,Group Stage,Ghana,1,8,2,Uruguay,5246,Luis Alberto Suárez Díaz,5264,Guillermo Varela Olivera,Complete,45.26367,34.3,28.1,43.1,72.5
3857293,2022-12-02,Group Stage,Ghana,1,8,7,Uruguay,5264,Guillermo Varela Olivera,36288,Facundo Pellistri Rebollo,Complete,50.45047,68.8,74.7,117.0,59.8
3857293,2022-12-02,Group Stage,Ghana,1,8,11,Uruguay,36288,Facundo Pellistri Rebollo,,,Incomplete,21.28685,118.1,60.3,104.9,43.6
3857293,2022-12-02,Group Stage,Ghana,1,9,42,Uruguay,5259,José María Giménez de Vargas,5258,Giorgian Daniel De Arrascaeta Benedetti,Incomplete,31.824833,56.6,54.9,67.5,25.0
3857293,2022-12-02,Group Stage,Ghana,1,9,49,Uruguay,7104,Mathías Olivera Miramontes,32478,Darwin Gabriel Núñez Ribeiro,Out,39.56008,51.7,14.2,88.7,0.2
3857293,2022-12-02,Group Stage,Ghana,1,10,24,Uruguay,5260,Rodrigo Bentancur Colmán,6773,Federico Santiago Valverde Dipetta,Incomplete,17.575552,55.5,2.9,63.4,18.6
3857293,2022-12-02,Group Stage,Ghana,1,10,28,Uruguay,5260,Rodrigo Bentancur Colmán,5264,Guillermo Varela Olivera,Complete,32.73912,52.2,14.4,41.1,45.2
3857293,2022-12-02,Group Stage,Ghana,1,10,31,Uruguay,5264,Guillermo Varela Olivera,36288,Facundo Pellistri Rebollo,Complete,17.20029,46.3,49.5,63.2,52.7
3857293,2022-12-02,Group Stage,Ghana,1,10,32,Uruguay,36288,Facundo Pellistri Rebollo,5264,Guillermo Varela Olivera,Out,28.36512,63.2,52.7,55.5,80.0
3857293,2022-12-02,Group Stage,Ghana,1,11,13,Uruguay,5264,Guillermo Varela Olivera,32478,Darwin Gabriel Núñez Ribeiro,Complete,32.97575,39.3,80.0,72.1,76.6
3857293,2022-12-02,Group Stage,Ghana,1,11,14,Uruguay,32478,Darwin Gabriel Núñez Ribeiro,36288,Facundo Pellistri Rebollo,Incomplete,3.8288379,71.9,76.3,69.0,78.8
3857293,2022-12-02,Group Stage,Ghana,1,11,21,Uruguay,5259,José María Giménez de Vargas,6773,Federico Santiago Valverde Dipetta,Incomplete,2.0124612,33.0,70.7,33.9,68.9
3857293,2022-12-02,Group Stage,Ghana,1,11,31,Uruguay,32478,Darwin Gabriel Núñez Ribeiro,7104,Mathías Olivera Miramontes,Complete,23.985205,52.8,41.2,48.0,17.7
3857293,2022-12-02,Group Stage,Ghana,1,11,36,Uruguay,7104,Mathías Olivera Miramontes,6773,Federico Santiago Valverde Dipetta,Complete,32.143585,61.1,13.7,67.5,45.2
3857293,2022-12-02,Group Stage,Ghana,1,11,39,Uruguay,6773,Federico Santiago Valverde Dipetta,36288,Facundo Pellistri Rebollo,Complete,19.412367,73.1,61.6,82.1,78.8
3857293,2022-12-02,Group Stage,Ghana,1,11,42,Uruguay,36288,Facundo Pellistri Rebollo,5246,Luis Alberto Suárez Díaz,Incomplete,18.445868,86.5,78.1,92.9,60.8
3857293,2022-12-02,Group Stage,Ghana,1,11,55,Uruguay,6773,Federico Santiago Valverde Dipetta,5260,Rodrigo Bentancur Colmán,Complete,21.16979,71.9,79.0,63.9,59.4
3857293,2022-12-02,Group Stage,Ghana,1,11,58,Uruguay,5260,Rodrigo Bentancur Colmán,5264,Guillermo Varela Olivera,Complete,13.641848,63.9,59.4,70.2,71.5
3857293,2022-12-02,Group Stage,Ghana,1,12,2,Uruguay,5264,Guillermo Varela Olivera,6773,Federico Santiago Valverde Dipetta,Complete,6.441273,70.2,71.8,67.2,77.5
3857293,2022-12-02,Group Stage,Ghana,1,12,5,Uruguay,6773,Federico Santiago Valverde Dipetta,5260,Rodrigo Bentancur Colmán,Complete,15.715597,67.2,77.5,66.5,61.8
3857293,2022-12-02,Group Stage,Ghana,1,12,6,Uruguay,5260,Rodrigo Bentancur Colmán,5264,Guillermo Varela Olivera,Complete,20.370813,66.5,61.8,79.6,77.4
3857293,2022-12-02,Group Stage,Ghana,1,12,8,Uruguay,5264,Guillermo Varela Olivera,5258,Giorgian Daniel De Arrascaeta Benedetti,Complete,34.657467,85.0,78.8,119.5,75.5
3857293,2022-12-02,Group Stage,Ghana,1,12,11,Uruguay,5258,Giorgian Daniel De Arrascaeta Benedetti,32478,Darwin Gabriel Núñez Ribeiro,Incomplete,35.000572,119.5,75.5,119.7,40.5
3857293,2022-12-02,Group Stage,Ghana,1,12,39,Uruguay,5259,José María Giménez de Vargas,5246,Luis Alberto Suárez Díaz,Complete,36.481503,41.1,46.3,73.0,28.6
3857293,2022-12-02,Group Stage,Ghana,1,12,42,Uruguay,5246,Luis Alberto Suárez Díaz,32478,Darwin Gabriel Núñez Ribeiro,Complete,10.697663,73.0,28.6,83.0,32.4
3857293,2022-12-02,Group Stage,Ghana,1,13,2,Uruguay,6300,Sebastián Coates Nión,6773,Federico Santiago Valverde Dipetta,Complete,7.864477,35.9,22.7,41.1,28.6
3857293,2022-12-02,Group Stage,Ghana,1,13,2,Uruguay,6773,Federico Santiago Valverde Dipetta,6300,Sebastián Coates Nión,Complete,6.720119,41.1,28.6,35.7,24.6
3857293,2022-12-02,Group Stage,Ghana,1,13,3,Uruguay,6300,Sebastián Coates Nión,5260,Rodrigo Bentancur Colmán,Out,24.608942,35.7,24.6,38.9,0.2
3857293,2022-12-02,Group Stage,Ghana,1,13,35,Uruguay,7104,Mathías Olivera Miramontes,6773,Federico Santiago Valverde Dipetta,Incomplete,12.465152,14.8,13.9,26.5,18.2
3857293,2022-12-02,Group Stage,Ghana,1,14,6,Uruguay,7104,Mathías Olivera Miramontes,5260,Rodrigo Bentancur Colmán,Complete,15.530937,33.7,0.1,26.2,13.7
3857293,2022-12-02,Group Stage,Ghana,1,14,8,Uruguay,5260,Rodrigo Bentancur Colmán,6773,Federico Santiago Valverde Dipetta,Complete,6.2169123,27.4,13.7,33.0,16.4
3857293,2022-12-02,Group Stage,Ghana,1,14,9,Uruguay,6773,Federico Santiago Valverde Dipetta,7104,Mathías Olivera Miramontes,Complete,14.420125,33.0,16.4,37.5,2.7
3857293,2022-12-02,Group Stage,Ghana,1,14,11,Uruguay,7104,Mathías Olivera Miramontes,6773,Federico Santiago Valverde Dipetta,Complete,21.346897,40.0,3.4,37.5,24.6
3857293,2022-12-02,Group Stage,Ghana,1,14,14,Uruguay,6773,Federico Santiago Valverde Dipetta,5260,Rodrigo Bentancur Colmán,Complete,19.241621,38.9,25.4,32.1,7.4
3857293,2022-12-02,Group Stage,Ghana,1,14,18,Uruguay,5260,Rodrigo Bentancur Colmán,5258,Giorgian Daniel De Arrascaeta Benedetti,Complete,20.875105,46.7,16.6,64.8,27.0
3857293,2022-12-02,Group Stage,Ghana,1,14,19,Uruguay,5258,Giorgian Daniel De Arrascaeta Benedetti,5246,Luis Alberto Suárez Díaz,Incomplete,3.1400638,64.8,27.0,64.3,30.1
3857293,2022-12-02,Group Stage,Ghana,1,20,35,Uruguay,5260,Rodrigo Bentancur Colmán,32478,Darwin Gabriel Núñez Ribeiro,Complete,33.80059,11.6,18.4,45.4,18.2
3857293,2022-12-02,Group Stage,Ghana,1,20,37,Uruguay,32478,Darwin Gabriel Núñez Ribeiro,5246,Luis Alberto Suárez Díaz,Complete,15.801266,45.4,18.2,45.6,2.4
3857293,2022-12-02,Group Stage,Ghana,1,20,39,Uruguay,5246,Luis Alberto Suárez Díaz,32478,Darwin Gabriel Núñez Ribeiro,Complete,15.74357,45.6,2.4,59.1,10.5
3857293,2022-12-02,Group Stage,Ghana,1,21,12,Uruguay,7104,Mathías Olivera Miramontes,5260,Rodrigo Bentancur Colmán,Complete,8.1154175,95.1,0.1,92.0,7.6
3857293,2022-12-02,Group Stage,Ghana,1,21,51,Uruguay,5260,Rodrigo Bentancur Colmán,5258,Giorgian Daniel De Arrascaeta Benedetti,Complete,5.186521,31.2,25.5,36.1,23.8
3857293,2022-12-02,Group Stage,Ghana,1,21,52,Uruguay,5258,Giorgian Daniel De Arrascaeta Benedetti,36288,Facundo Pellistri Rebollo,Incomplete,69.19682,35.9,22.4,94.5,59.2
3857293,2022-12-02,Group Stage,Ghana,1,22,3,Uruguay,5264,Guillermo Varela Olivera,5260,Rodrigo Bentancur Colmán,Complete,29.925575,42.5,74.7,62.0,52.0
3857293,2022-12-02,Group Stage,Ghana,1,22,6,Uruguay,5260,Rodrigo Bentancur Colmán,5246,Luis Alberto Suárez Díaz,Complete,6.5551505,62.0,52.0,68.1,49.6
3857293,2022-12-02,Group Stage,Ghana,1,22,7,Uruguay,5246,Luis Alberto Suárez Díaz,5258,Giorgian Daniel De Arrascaeta Benedetti,Complete,6.2128897,68.4,49.0,68.8,42.8
3857293,2022-12-02,Group Stage,Ghana,1,22,12,Uruguay,5258,Giorgian Daniel De Arrascaeta Benedetti,32478,Darwin Gabriel Núñez Ribeiro,Complete,25.663202,81.2,30.8,106.8,29.0
3857293,2022-12-02,Group Stage,Ghana,1,23,7,Uruguay,5258,Giorgian Daniel De Arrascaeta Benedetti,32478,Darwin Gabriel Núñez Ribeiro,Incomplete,32.965588,120.0,0.1,116.7,32.9
3857293,2022-12-02,Group Stage,Ghana,1,23,10,Uruguay,6773,Federico Santiago Valverde Dipetta,5258,Giorgian Daniel De Arrascaeta Benedetti,Complete,12.256019,97.5,10.6,108.9,6.1
3857293,2022-12-02,Group Stage,Ghana,1,23,12,Uruguay,5258,Giorgian Daniel De Arrascaeta Benedetti,6773,Federico Santiago Valverde Dipetta,Complete,16.352676,109.1,6.1,93.7,11.6
3857293,2022-12-02,Group Stage,Ghana,1,23,13,Uruguay,6773,Federico Santiago Valverde Dipetta,5260,Rodrigo Bentancur Colmán,Complete,18.168653,93.7,11.6,89.6,29.3
3857293,2022-12-02,Group Stage,Ghana,1,23,16,Uruguay,5260,Rodrigo Bentancur Colmán,5264,Guillermo Varela Olivera,Complete,32.820877,83.9,28.4,57.5,47.9
3857293,2022-12-02,Group Stage,Ghana,1,23,19,Uruguay,5264,Guillermo Varela Olivera,36710,Sergio Rochet Álvarez,Complete,35.289234,49.8,56.0,18.0,40.7
3857293,2022-12-02,Group Stage,Ghana,1,23,24,Uruguay,36710,Sergio Rochet Álvarez,6773,Federico Santiago Valverde Dipetta,Complete,20.634438,19.1,41.3,38.4,48.6
3857293,2022-12-02,Group Stage,Ghana,1,23,26,Uruguay,6773,Federico Santiago Valverde Dipetta,5264,Guillermo Varela Olivera,Complete,23.657768,37.0,51.6,45.7,73.6
3857293,2022-12-02,Group Stage,Ghana,1,23,29,Uruguay,5264,Guillermo Varela Olivera,36288,Facundo Pellistri Rebollo,Complete,22.561028,47.1,74.5,69.1,79.5
3857293,2022-12-02,Group Stage,Ghana,1,23,33,Uruguay,36288,Facundo Pellistri Rebollo,5259,José María Giménez de Vargas,Complete,23.333452,68.0,66.8,45.3,61.4
3857293,2022-12-02,Group Stage,Ghana,1,23,37,Uruguay,5259,José María Giménez de Vargas,6773,Federico Santiago Valverde Dipetta,Complete,12.553884,46.6,61.8,51.4,73.4
3857293,2022-12-02,Group Stage,Ghana,1,23,40,Uruguay,6773,Federico Santiago Valverde Dipetta,5264,Guillermo Varela Olivera,Complete,16.818146,56.8,75.3,73.4,78.0
3857293,2022-12-02,Group Stage,Ghana,1,23,42,Uruguay,5264,Guillermo Varela Olivera,6773,Federico Santiago Valverde Dipetta,Complete,6.603787,73.4,78.0,67.8,74.5
3857293,2022-12-02,Group Stage,Ghana,1,23,44,Uruguay,6773,Federico Santiago Valverde Dipetta,5258,Giorgian Daniel De Arrascaeta Benedetti,Complete,27.508907,73.0,72.1,87.3,48.6
3857293,2022-12-02,Group Stage,Ghana,1,23,45,Uruguay,5258,Giorgian Daniel De Arrascaeta Benedetti,5246,Luis Alberto Suárez Díaz,Incomplete,15.654392,87.3,48.6,101.8,42.7
3857293,2022-12-02,Group Stage,Ghana,1,23,54,Uruguay,7104,Mathías Olivera Miramontes,5258,Giorgian Daniel De Arrascaeta Benedetti,Incomplete,3.1144824,55.7,2.2,58.0,4.3
3857293,2022-12-02,Group Stage,Ghana,1,24,7,Uruguay,7104,Mathías Olivera Miramontes,6773,Federico Santiago Valverde Dipetta,Complete,37.15764,69.8,0.1,56.0,34.6
3857293,2022-12-02,Group Stage,Ghana,1,24,11,Uruguay,6773,Federico Santiago Valverde Dipetta,5264,Guillermo Varela Olivera,Complete,44.780018,58.9,40.2,81.6,78.8
3857293,2022-12-02,Group Stage,Ghana,1,24,15,Uruguay,5264,Guillermo Varela Olivera,5258,Giorgian Daniel De Arrascaeta Benedetti,Incomplete,36.739216,89.4,77.1,102.3,42.7
3857293,2022-12-02,Group Stage,Ghana,1,24,19,Uruguay,7104,Mathías Olivera Miramontes,5246,Luis Alberto Suárez Díaz,Out,24.896585,93.5,18.2,110.7,0.2
3857293,2022-12-02,Group Stage,Ghana,1,25,7,Uruguay,6773,Federico Santiago Valverde Dipetta,6300,Sebastián Coates Nión,Complete,19.564508,48.0,49.4,36.6,33.5
3857293,2022-12-02,Group Stage,Ghana,1,25,10,Uruguay,6300,Sebastián Coates Nión,5264,Guillermo Varela Olivera,Complete,43.700115,36.8,33.8,42.7,77.1
3857293,2022-12-02,Group Stage,Ghana,1,25,13,Uruguay,5264,Guillermo Varela Olivera,6773,Federico Santiago Valverde Dipetta,Complete,11.4982605,42.5,75.7,45.5,64.6
3857293,2022-12-02,Group Stage,Ghana,1,25,19,Uruguay,6773,Federico Santiago Valverde Dipetta,32478,Darwin Gabriel Núñez Ribeiro,Complete,20.376947,57.8,62.3,72.7,76.2
3857293,2022-12-02,Group Stage,Ghana,1,25,24,Uruguay,32478,Darwin Gabriel Núñez Ribeiro,5246,Luis Alberto Suárez Díaz,Complete,49.931652,96.4,74.6,109.8,26.5
3857293,2022-12-02,Group Stage,Ghana,1,27,2,Uruguay,5260,Rodrigo Bentancur Colmán,5246,Luis Alberto Suárez Díaz,Incomplete,5.23259,72.4,35.0,76.1,38.7
3857293,2022-12-02,Group Stage,Ghana,1,27,4,Uruguay,5246,Luis Alberto Suárez Díaz,5258,Giorgian Daniel De Arrascaeta Benedetti,Complete,14.755677,82.7,44.6,91.0,32.4
3857293,2022-12-02,Group Stage,Ghana,1,27,6,Uruguay,5258,Giorgian Daniel De Arrascaeta Benedetti,5246,Luis Alberto Suárez Díaz,Complete,16.82409,98.6,33.3,107.3,47.7
3857293,2022-12-02,Group Stage,Ghana,1,27,9,Uruguay,5246,Luis Alberto Suárez Díaz,32478,Darwin Gabriel Núñez Ribeiro,Incomplete,8.626702,107.6,47.9,112.5,40.8
3857293,2022-12-02,Group Stage,Ghana,1,27,31,Uruguay,5264,Guillermo Varela Olivera,6773,Federico Santiago Valverde Dipetta,Complete,15.761028,80.0,80.0,70.4,67.5
3857293,2022-12-02,Group Stage,Ghana,1,27,34,Uruguay,6773,Federico Santiago Valverde Dipetta,6300,Sebastián Coates Nión,Complete,27.730848,68.6,66.6,56.6,41.6
3857293,2022-12-02,Group Stage,Ghana,1,27,37,Uruguay,6300,Sebastián Coates Nión,5258,Giorgian Daniel De Arrascaeta Benedetti,Incomplete,19.757025,66.9,31.8,86.6,33.3
3857293,2022-12-02,Group Stage,Ghana,1,28,51,Uruguay,36710,Sergio Rochet Álvarez,6300,Sebastián Coates Nión,Complete,20.508047,12.2,44.6,26.5,29.9
3857293,2022-12-02,Group Stage,Ghana,1,28,53,Uruguay,6300,Sebastián Coates Nión,5260,Rodrigo Bentancur Colmán,Complete,9.009439,27.0,27.9,35.9,29.3
3857293,2022-12-02,Group Stage,Ghana,1,28,55,Uruguay,5260,Rodrigo Bentancur Colmán,7104,Mathías Olivera Miramontes,Complete,19.67562,44.0,24.9,39.7,5.7
3857293,2022-12-02,Group Stage,Ghana,1,28,58,Uruguay,7104,Mathías Olivera Miramontes,6773,Federico Santiago Valverde Dipetta,Complete,28.352425,41.1,7.6,34.2,35.1
3857293,2022-12-02,Group Stage,Ghana,1,29,2,Uruguay,6773,Federico Santiago Valverde Dipetta,5264,Guillermo Varela Olivera,Complete,35.660904,47.6,52.7,73.7,77.0
3857293,2022-12-02,Group Stage,Ghana,1,29,7,Uruguay,5264,Guillermo Varela Olivera,36288,Facundo Pellistri Rebollo,Complete,25.686768,87.9,76.3,112.9,70.4
3857293,2022-12-02,Group Stage,Ghana,1,29,11,Uruguay,36288,Facundo Pellistri Rebollo,32478,Darwin Gabriel Núñez Ribeiro,Incomplete,18.747267,116.2,67.4,107.3,50.9
3857293,2022-12-02,Group Stage,Ghana,1,29,52,Uruguay,5260,Rodrigo Bentancur Colmán,32478,Darwin Gabriel Núñez Ribeiro,Complete,19.54789,53.9,19.6,72.3,26.2
3857293,2022-12-02,Group Stage,Ghana,1,29,53,Uruguay,32478,Darwin Gabriel Núñez Ribeiro,5246,Luis Alberto Suárez Díaz,Complete,10.062305,74.0,28.1,69.5,19.1
3857293,2022-12-02,Group Stage,Ghana,1,30,44,Uruguay,5260,Rodrigo Bentancur Colmán,6773,Federico Santiago Valverde Dipetta,Complete,15.107614,75.4,18.1,73.6,33.1
3857293,2022-12-02,Group Stage,Ghana,1,30,45,Uruguay,6773,Federico Santiago Valverde Dipetta,5260,Rodrigo Bentancur Colmán,Complete,16.907099,73.4,35.2,75.3,18.4
3857293,2022-12-02,Group Stage,Ghana,1,30,46,Uruguay,5260,Rodrigo Bentancur Colmán,7104,Mathías Olivera Miramontes,Complete,12.703543,75.3,18.4,75.0,5.7
3857293,2022-12-02,Group Stage,Ghana,1,30,47,Uruguay,7104,Mathías Olivera Miramontes,6300,Sebastián Coates Nión,Complete,32.775753,77.3,5.4,49.4,22.6
3857293,2022-12-02,Group Stage,Ghana,1,30,51,Uruguay,6300,Sebastián Coates Nión,5259,José María Giménez de Vargas,Complete,31.202084,44.7,21.0,50.8,51.6
3857293,2022-12-02,Group Stage,Ghana,1,30,53,Uruguay,5259,José María Giménez de Vargas,6773,Federico Santiago Valverde Dipetta,Complete,8.01561,52.0,50.4,60.0,50.9
3857293,2022-12-02,Group Stage,Ghana,1,30,56,Uruguay,6773,Federico Santiago Valverde Dipetta,36288,Facundo Pellistri Rebollo,Complete,18.906612,66.2,57.0,84.7,60.9
3857293,2022-12-02,Group Stage,Ghana,1,30,58,Uruguay,36288,Facundo Pellistri Rebollo,32478,Darwin Gabriel Núñez Ribeiro,Complete,12.050726,88.4,56.0,100.3,54.1
3857293,2022-12-02,Group Stage,Ghana,1,30,59,Uruguay,32478,Darwin Gabriel Núñez Ribeiro,5246,Luis Alberto Suárez Díaz,Complete,14.1,100.3,54.3,100.3,40.2
3857293,2022-12-02,Group Stage,Ghana,1,31,0,Uruguay,5246,Luis Alberto Suárez Díaz,5258,Giorgian Daniel De Arrascaeta Benedetti,Complete,13.507405,101.1,40.6,110.8,31.2
3857293,2022-12-02,Group Stage,Ghana,1,34,16,Uruguay,36710,Sergio Rochet Álvarez,6773,Federico Santiago Valverde Dipetta,Complete,32.073196,15.4,47.0,33.9,73.2
3857293,2022-12-02,Group Stage,Ghana,1,34,19,Uruguay,6773,Federico Santiago Valverde Dipetta,5264,Guillermo Varela Olivera,Out,24.473047,48.7,74.3,72.5,80.0
3857293,2022-12-02,Group Stage,Ghana,1,34,40,Uruguay,5255,Matías Vecino Falero,36288,Facundo Pellistri Rebollo,Out,16.7335,46.9,75.1,62.9,80.0
3857293,2022-12-02,Group Stage,Ghana,1,35,12,Uruguay,5255,Matías Vecino Falero,5264,Guillermo Varela Olivera,Complete,6.493843,20.6,59.6,14.2,60.7
3857293,2022-12-02,Group Stage,Ghana,1,35,13,Uruguay,5264,Guillermo Varela Olivera,32478,Darwin Gabriel Núñez Ribeiro,Incomplete,43.68089,15.0,64.1,58.1,71.2
3857293,2022-12-02,Group Stage,Ghana,1,35,41,Uruguay,6773,Federico Santiago Valverde Dipetta,5246,Luis Alberto Suárez Díaz,Incomplete,33.35416,34.2,78.5,59.7,57.0
3857293,2022-12-02,Group Stage,Ghana,1,37,30,Uruguay,5264,Guillermo Varela Olivera,36288,Facundo Pellistri Rebollo,Complete,17.095028,38.1,80.0,55.1,78.2
3857293,2022-12-02,Group Stage,Ghana,1,37,44,Uruguay,36288,Facundo Pellistri Rebollo,5264,Guillermo Varela Olivera,Complete,6.484597,50.6,80.0,44.8,77.1
3857293,2022-12-02,Group Stage,Ghana,1,37,45,Uruguay,5264,Guillermo Varela Olivera,5258,Giorgian Daniel De Arrascaeta Benedetti,Incomplete,43.166885,44.7,75.2,74.0,43.5
3857293,2022-12-02,Group Stage,Ghana,1,37,49,Uruguay,7104,Mathías Olivera Miramontes,5255,Matías Vecino Falero,Complete,12.287392,62.3,36.5,52.0,43.2
3857293,2022-12-02,Group Stage,Ghana,1,37,52,Uruguay,5255,Matías Vecino Falero,6773,Federico Santiago Valverde Dipetta,Complete,8.935883,48.3,38.4,55.9,43.1
3857293,2022-12-02,Group Stage,Ghana,1,37,52,Uruguay,6773,Federico Santiago Valverde Dipetta,6300,Sebastián Coates Nión,Complete,17.32195,55.9,43.1,39.0,39.3
3857293,2022-12-02,Group Stage,Ghana,1,37,55,Uruguay,6300,Sebastián Coates Nión,5259,José María Giménez de Vargas,Complete,20.80601,39.0,39.3,39.5,60.1
3857293,2022-12-02,Group Stage,Ghana,1,37,57,Uruguay,5259,José María Giménez de Vargas,5255,Matías Vecino Falero,Complete,15.283978,39.5,60.1,41.1,44.9
3857293,2022-12-02,Group Stage,Ghana,1,38,0,Uruguay,5255,Matías Vecino Falero,6300,Sebastián Coates Nión,Complete,19.582901,39.7,42.4,41.5,22.9
3857293,2022-12-02,Group Stage,Ghana,1,38,2,Uruguay,6300,Sebastián Coates Nión,7104,Mathías Olivera Miramontes,Complete,25.244604,43.1,23.1,61.1,5.4
3857293,2022-12-02,Group Stage,Ghana,1,38,4,Uruguay,7104,Mathías Olivera Miramontes,6300,Sebastián Coates Nión,Complete,19.100262,61.1,5.4,44.2,14.3
3857293,2022-12-02,Group Stage,Ghana,1,38,7,Uruguay,6300,Sebastián Coates Nión,5259,José María Giménez de Vargas,Complete,27.483814,38.7,11.8,28.7,37.4
3857293,2022-12-02,Group Stage,Ghana,1,38,10,Uruguay,5259,José María Giménez de Vargas,36710,Sergio Rochet Álvarez,Complete,20.616983,26.1,36.0,7.6,45.1
3857293,2022-12-02,Group Stage,Ghana,1,38,15,Uruguay,36710,Sergio Rochet Álvarez,36288,Facundo Pellistri Rebollo,Incomplete,56.26011,5.6,53.1,55.8,78.5
3857293,2022-12-02,Group Stage,Ghana,1,38,20,Uruguay,6773,Federico Santiago Valverde Dipetta,32478,Darwin Gabriel Núñez Ribeiro,Complete,56.235577,44.2,66.8,100.4,64.8
3857293,2022-12-02,Group Stage,Ghana,1,38,27,Uruguay,32478,Darwin Gabriel Núñez Ribeiro,5246,Luis Alberto Suárez Díaz,Incomplete,7.170077,110.6,59.5,105.1,54.9
3857293,2022-12-02,Group Stage,Ghana,1,39,11,Uruguay,5264,Guillermo Varela Olivera,36288,Facundo Pellistri Rebollo,Incomplete,5.162364,22.0,60.7,24.7,65.1
3857293,2022-12-02,Group Stage,Ghana,1,39,15,Uruguay,5255,Matías Vecino Falero,5246,Luis Alberto Suárez Díaz,Incomplete,21.12179,40.4,49.1,61.1,44.9
3857293,2022-12-02,Group Stage,Ghana,1,40,1,Uruguay,36710,Sergio Rochet Álvarez,32478,Darwin Gabriel Núñez Ribeiro,Incomplete,69.41304,16.5,46.3,80.9,20.4
3857293,2022-12-02,Group Stage,Ghana,1,40,32,Uruguay,5264,Guillermo Varela Olivera,36288,Facundo Pellistri Rebollo,Incomplete,42.08622,21.5,80.0,63.3,75.1
3857293,2022-12-02,Group Stage,Ghana,1,41,17,Uruguay,6773,Federico Santiago Valverde Dipetta,5246,Luis Alberto Suárez Díaz,Complete,19.520502,31.2,16.3,42.8,32.0
3857293,2022-12-02,Group Stage,Ghana,1,41,18,Uruguay,5246,Luis Alberto Suárez Díaz,6773,Federico Santiago Valverde Dipetta,Unknown,8.70919,42.0,32.0,33.9,35.2
3857293,2022-12-02,Group Stage,Ghana,1,42,44,Uruguay,6300,Sebastián Coates Nión,7104,Mathías Olivera Miramontes,Complete,18.146349,45.0,31.8,49.8,14.3
3857293,2022-12-02,Group Stage,Ghana,1,42,47,Uruguay,7104,Mathías Olivera Miramontes,5258,Giorgian Daniel De Arrascaeta Benedetti,Complete,26.376125,52.0,12.4,76.9,3.7
3857293,2022-12-02,Group Stage,Ghana,1,42,49,Uruguay,5258,Giorgian Daniel De Arrascaeta Benedetti,5246,Luis Alberto Suárez Díaz,Complete,11.280514,80.8,4.0,85.4,14.3
3857293,2022-12-02,Group Stage,Ghana,1,42,50,Uruguay,5246,Luis Alberto Suárez Díaz,7104,Mathías Olivera Miramontes,Complete,23.901464,86.5,15.7,64.7,5.9
3857293,2022-12-02,Group Stage,Ghana,1,42,54,Uruguay,7104,Mathías Olivera Miramontes,5255,Matías Vecino Falero,Complete,18.42607,56.7,9.8,65.1,26.2
3857293,2022-12-02,Group Stage,Ghana,1,42,56,Uruguay,5255,Matías Vecino Falero,6773,Federico Santiago Valverde Dipetta,Complete,15.591344,65.3,32.4,57.5,45.9
3857293,2022-12-02,Group Stage,Ghana,1,42,58,Uruguay,6773,Federico Santiago Valverde Dipetta,5264,Guillermo Varela Olivera,Complete,42.717678,56.7,48.8,87.5,78.4
3857293,2022-12-02,Group Stage,Ghana,1,43,2,Uruguay,5264,Guillermo Varela Olivera,5255,Matías Vecino Falero,Complete,15.261062,85.3,77.3,82.0,62.4
3857293,2022-12-02,Group Stage,Ghana,1,43,5,Uruguay,5255,Matías Vecino Falero,6773,Federico Santiago Valverde Dipetta,Complete,15.646086,81.2,62.0,72.8,75.2
3857293,2022-12-02,Group Stage,Ghana,1,43,7,Uruguay,6773,Federico Santiago Valverde Dipetta,5255,Matías Vecino Falero,Complete,6.0033326,74.0,74.5,80.0,74.3
3857293,2022-12-02,Group Stage,Ghana,1,43,9,Uruguay,5255,Matías Vecino Falero,5264,Guillermo Varela Olivera,Complete,8.276473,80.3,73.8,87.8,77.3
3857293,2022-12-02,Group Stage,Ghana,1,43,11,Uruguay,5264,Guillermo Varela Olivera,32478,Darwin Gabriel Núñez Ribeiro,Unknown,8.747571,92.6,78.4,101.2,76.8
3857293,2022-12-02,Group Stage,Ghana,1,44,14,Uruguay,5258,Giorgian Daniel De Arrascaeta Benedetti,6300,Sebastián Coates Nión,Incomplete,37.47746,94.5,76.5,111.5,43.1
3857293,2022-12-02,Group Stage,Ghana,1,44,24,Uruguay,5246,Luis Alberto Suárez Díaz,6773,Federico Santiago Valverde Dipetta,Incomplete,3.4132097,117.1,20.9,116.8,24.3
3857293,2022-12-02,Group Stage,Ghana,1,44,45,Uruguay,6773,Federico Santiago Valverde Dipetta,36288,Facundo Pellistri Rebollo,Incomplete,17.531685,68.4,56.6,84.0,64.6
3857293,2022-12-02,Group Stage,Ghana,1,44,47,Uruguay,5255,Matías Vecino Falero,32478,Darwin Gabriel Núñez Ribeiro,Incomplete,12.325989,76.4,58.8,88.7,59.6
3857293,2022-12-02,Group Stage,Ghana,1,45,27,Uruguay,7104,Mathías Olivera Miramontes,6773,Federico Santiago Valverde Dipetta,Complete,13.641848,39.8,24.0,33.9,36.3
3857293,2022-12-02,Group Stage,Ghana,1,45,29,Uruguay,6773,Federico Santiago Valverde Dipetta,5264,Guillermo Varela Olivera,Complete,35.029415,30.0,46.5,49.5,75.6
3857293,2022-12-02,Group Stage,Ghana,1,45,36,Uruguay,5264,Guillermo Varela Olivera,6773,Federico Santiago Valverde Dipetta,Complete,11.91008,61.1,77.9,58.4,66.3
3857293,2022-12-02,Group Stage,Ghana,1,45,41,Uruguay,6773,Federico Santiago Valverde Dipetta,5264,Guillermo Varela Olivera,Complete,17.327723,87.2,77.0,104.4,79.1
3857293,2022-12-02,Group Stage,Ghana,1,45,44,Uruguay,5264,Guillermo Varela Olivera,32478,Darwin Gabriel Núñez Ribeiro,Incomplete,37.303352,115.3,78.5,114.8,41.2
3857293,2022-12-02,Group Stage,Ghana,1,45,54,Uruguay,6773,Federico Santiago Valverde Dipetta,36710,Sergio Rochet Álvarez,Complete,53.80344,69.5,58.5,20.4,36.5
3857293,2022-12-02,Group Stage,Ghana,1,46,1,Uruguay,36710,Sergio Rochet Álvarez,5259,José María Giménez de Vargas,Complete,39.225628,20.9,36.5,39.0,71.3
3857293,2022-12-02,Group Stage,Ghana,1,46,3,Uruguay,5259,José María Giménez de Vargas,6773,Federico Santiago Valverde Dipetta,Complete,7.787811,37.2,73.5,38.9,65.9
3857293,2022-12-02,Group Stage,Ghana,1,46,4,Uruguay,6773,Federico Santiago Valverde Dipetta,5259,José María Giménez de Vargas,Complete,8.720665,38.9,65.9,39.5,74.6
3857293,2022-12-02,Group Stage,Ghana,1,46,5,Uruguay,5259,José María Giménez de Vargas,6773,Federico Santiago Valverde Dipetta,Complete,6.7,39.5,74.6,39.5,67.9
3857293,2022-12-02,Group Stage,Ghana,1,46,6,Uruguay,6773,Federico Santiago Valverde Dipetta,5255,Matías Vecino Falero,Complete,15.769591,41.4,68.7,45.6,53.5
3857293,2022-12-02,Group Stage,Ghana,1,46,7,Uruguay,5255,Matías Vecino Falero,6773,Federico Santiago Valverde Dipetta,Complete,16.140942,45.6,53.5,42.3,69.3
3857293,2022-12-02,Group Stage,Ghana,1,46,12,Uruguay,6773,Federico Santiago Valverde Dipetta,5264,Guillermo Varela Olivera,Complete,10.623088,55.1,67.9,52.5,78.2
3857293,2022-12-02,Group Stage,Ghana,1,46,13,Uruguay,5264,Guillermo Varela Olivera,5259,José María Giménez de Vargas,Complete,24.321184,52.5,78.2,32.9,63.8
3857293,2022-12-02,Group Stage,Ghana,1,46,16,Uruguay,5259,José María Giménez de Vargas,6300,Sebastián Coates Nión,Complete,35.52689,35.9,61.3,32.9,25.9
3857293,2022-12-02,Group Stage,Ghana,1,46,22,Uruguay,6300,Sebastián Coates Nión,6773,Federico Santiago Valverde Dipetta,Complete,17.149343,39.8,22.0,46.7,37.7
3857293,2022-12-02,Group Stage,Ghana,1,46,23,Uruguay,6773,Federico Santiago Valverde Dipetta,6300,Sebastián Coates Nión,Complete,14.981655,46.4,37.7,39.7,24.3
3857293,2022-12-02,Group Stage,Ghana,1,46,25,Uruguay,6300,Sebastián Coates Nión,6773,Federico Santiago Valverde Dipetta,Complete,14.940214,39.7,25.2,46.1,38.7
3857293,2022-12-02,Group Stage,Ghana,1,46,26,Uruguay,6773,Federico Santiago Valverde Dipetta,6300,Sebastián Coates Nión,Complete,12.165936,45.9,37.1,38.3,27.6
3857293,2022-12-02,Group Stage,Ghana,1,46,27,Uruguay,6300,Sebastián Coates Nión,5259,José María Giménez de Vargas,Complete,39.52784,38.1,27.4,32.3,66.5
3857293,2022-12-02,Group Stage,Ghana,1,46,30,Uruguay,5259,José María Giménez de Vargas,6773,Federico Santiago Valverde Dipetta,Complete,14.26359,32.3,65.2,45.9,60.9
3857293,2022-12-02,Group Stage,Ghana,1,46,34,Uruguay,6773,Federico Santiago Valverde Dipetta,6300,Sebastián Coates Nión,Complete,24.267056,47.3,64.5,34.8,43.7
3857293,2022-12-02,Group Stage,Ghana,1,46,37,Uruguay,6300,Sebastián Coates Nión,5255,Matías Vecino Falero,Complete,25.6285,40.4,32.4,51.5,9.3
3857293,2022-12-02,Group Stage,Ghana,1,46,41,Uruguay,5255,Matías Vecino Falero,6300,Sebastián Coates Nión,Complete,22.346588,57.0,6.5,45.4,25.6
3857293,2022-12-02,Group Stage,Ghana,1,46,44,Uruguay,6300,Sebastián Coates Nión,6773,Federico Santiago Valverde Dipetta,Complete,16.215117,45.4,25.6,44.7,41.8
3857293,2022-12-02,Group Stage,Ghana,1,46,46,Uruguay,6773,Federico Santiago Valverde Dipetta,6300,Sebastián Coates Nión,Complete,13.703284,44.7,41.8,45.0,28.1
3857293,2022-12-02,Group Stage,Ghana,1,46,46,Uruguay,6300,Sebastián Coates Nión,6773,Federico Santiago Valverde Dipetta,Complete,13.501481,45.0,28.1,44.8,41.6
3857293,2022-12-02,Group Stage,Ghana,1,46,47,Uruguay,6773,Federico Santiago Valverde Dipetta,6300,Sebastián Coates Nión,Complete,14.60137,44.8,41.6,45.0,27.0
3857293,2022-12-02,Group Stage,Ghana,1,46,49,Uruguay,6300,Sebastián Coates Nión,5255,Matías Vecino Falero,Complete,15.900314,45.3,26.8,45.4,10.9
3857293,2022-12-02,Group Stage,Ghana,1,46,51,Uruguay,5255,Matías Vecino Falero,7104,Mathías Olivera Miramontes,Complete,13.723338,45.4,10.9,58.1,5.7
3857293,2022-12-02,Group Stage,Ghana,1,46,53,Uruguay,7104,Mathías Olivera Miramontes,5246,Luis Alberto Suárez Díaz,Incomplete,5.3665633,58.1,5.7,62.9,8.1
3857293,2022-12-02,Group Stage,Ghana,1,46,58,Uruguay,7104,Mathías Olivera Miramontes,5246,Luis Alberto Suárez Díaz,Incomplete,3.2,38.3,4.0,41.5,4.0
3857293,2022-12-02,Group Stage,Ghana,1,47,15,Uruguay,7104,Mathías Olivera Miramontes,5246,Luis Alberto Suárez Díaz,Complete,9.2358,45.4,0.1,53.1,5.2
3857293,2022-12-02,Group Stage,Ghana,1,47,16,Uruguay,5246,Luis Alberto Suárez Díaz,7104,Mathías Olivera Miramontes,Complete,8.736704,53.4,5.1,44.7,4.3
3857293,2022-12-02,Group Stage,Ghana,1,47,17,Uruguay,7104,Mathías Olivera Miramontes,,,Incomplete,6.706713,44.8,4.0,51.5,4.3
3857293,2022-12-02,Group Stage,Ghana,1,47,29,Uruguay,5259,José María Giménez de Vargas,36288,Facundo Pellistri Rebollo,Complete,23.233166,57.0,46.5,78.7,54.8
3857293,2022-12-02,Group Stage,Ghana,1,47,31,Uruguay,36288,Facundo Pellistri Rebollo,6773,Federico Santiago Valverde Dipetta,Complete,8.039901,77.0,53.7,69.0,52.9
3857293,2022-12-02,Group Stage,Ghana,1,47,34,Uruguay,6773,Federico Santiago Valverde Dipetta,32478,Darwin Gabriel Núñez Ribeiro,Complete,23.256182,76.7,55.6,87.3,76.3
3857293,2022-12-02,Group Stage,Ghana,1,47,37,Uruguay,32478,Darwin Gabriel Núñez Ribeiro,6773,Federico Santiago Valverde Dipetta,Complete,16.058954,87.2,71.6,76.2,59.9
3857293,2022-12-02,Group Stage,Ghana,1,47,40,Uruguay,6773,Federico Santiago Valverde Dipetta,36288,Facundo Pellistri Rebollo,Complete,22.161678,85.1,61.5,103.4,74.0
3857293,2022-12-02,Group Stage,Ghana,1,47,42,Uruguay,36288,Facundo Pellistri Rebollo,5258,Giorgian Daniel De Arrascaeta Benedetti,Complete,11.128792,106.9,73.8,106.1,62.7
3857293,2022-12-02,Group Stage,Ghana,1,47,43,Uruguay,5258,Giorgian Daniel De Arrascaeta Benedetti,5246,Luis Alberto Suárez Díaz,Incomplete,4.8507733,105.8,61.5,107.0,56.8
3857293,2022-12-02,Group Stage,Ghana,1,47,48,Uruguay,5264,Guillermo Varela Olivera,6773,Federico Santiago Valverde Dipetta,Complete,9.459387,92.6,77.3,90.4,68.1
3857293,2022-12-02,Group Stage,Ghana,1,47,49,Uruguay,6773,Federico Santiago Valverde Dipetta,5264,Guillermo Varela Olivera,Complete,29.652992,90.4,68.1,119.5,73.8
3857293,2022-12-02,Group Stage,Ghana,1,47,52,Uruguay,5264,Guillermo Varela Olivera,,,Out,9.730879,119.5,73.8,112.0,80.0
3857293,2022-12-02,Group Stage,Ghana,1,48,14,Uruguay,6773,Federico Santiago Valverde Dipetta,5264,Guillermo Varela Olivera,Complete,6.5734315,76.4,74.3,81.9,77.9
3857293,2022-12-02,Group Stage,Ghana,1,48,17,Uruguay,5264,Guillermo Varela Olivera,32478,Darwin Gabriel Núñez Ribeiro,Complete,17.949373,82.6,75.6,92.9,60.9
3857293,2022-12-02,Group Stage,Ghana,1,48,19,Uruguay,32478,Darwin Gabriel Núñez Ribeiro,7104,Mathías Olivera Miramontes,Complete,25.059929,90.1,59.6,86.5,34.8
3857293,2022-12-02,Group Stage,Ghana,1,48,24,Uruguay,7104,Mathías Olivera Miramontes,5255,Matías Vecino Falero,Complete,20.37891,86.7,11.2,78.6,29.9
3857293,2022-12-02,Group Stage,Ghana,1,48,26,Uruguay,5255,Matías Vecino Falero,32478,Darwin Gabriel Núñez Ribeiro,Complete,12.889143,78.6,29.9,84.8,41.2
3857293,2022-12-02,Group Stage,Ghana,1,48,27,Uruguay,32478,Darwin Gabriel Núñez Ribeiro,5255,Matías Vecino Falero,Complete,11.1830225,84.8,41.2,78.3,32.1
3857293,2022-12-02,Group Stage,Ghana,1,48,29,Uruguay,5255,Matías Vecino Falero,6300,Sebastián Coates Nión,Complete,22.105429,78.1,31.8,57.2,39.0
3857293,2022-12-02,Group Stage,Ghana,1,48,31,Uruguay,6300,Sebastián Coates Nión,6773,Federico Santiago Valverde Dipetta,Complete,23.189869,57.2,39.0,74.8,54.1
3857293,2022-12-02,Group Stage,Ghana,1,48,33,Uruguay,6773,Federico Santiago Valverde Dipetta,5255,Matías Vecino Falero,Complete,13.513327,74.8,54.1,74.2,40.6
3857293,2022-12-02,Group Stage,Ghana,1,48,35,Uruguay,5255,Matías Vecino Falero,7104,Mathías Olivera Miramontes,Complete,32.919598,74.2,40.6,81.5,8.5
3857293,2022-12-02,Group Stage,Ghana,1,48,38,Uruguay,7104,Mathías Olivera Miramontes,5255,Matías Vecino Falero,Complete,16.811901,77.3,6.5,68.3,20.7
3857293,2022-12-02,Group Stage,Ghana,1,48,42,Uruguay,5255,Matías Vecino Falero,5259,José María Giménez de Vargas,Complete,55.800808,63.6,15.2,63.3,71.0
3857293,2022-12-02,Group Stage,Ghana,1,48,46,Uruguay,5259,José María Giménez de Vargas,5264,Guillermo Varela Olivera,Complete,23.475306,66.2,71.6,89.2,76.3
3857293,2022-12-02,Group Stage,Ghana,1,49,24,Uruguay,6773,Federico Santiago Valverde Dipetta,5259,José María Giménez de Vargas,Complete,41.298183,83.8,77.0,106.5,42.5
3857293,2022-12-02,Group Stage,Ghana,1,50,0,Uruguay,5264,Guillermo Varela Olivera,32478,Darwin Gabriel Núñez Ribeiro,Incomplete,45.348537,42.2,70.1,82.9,50.1
3857293,2022-12-02,Group Stage,Ghana,1,51,5,Uruguay,6300,Sebastián Coates Nión,5258,Giorgian Daniel De Arrascaeta Benedetti,Complete,31.18878,44.8,44.5,50.3,13.8
3857293,2022-12-02,Group Stage,Ghana,1,51,8,Uruguay,5258,Giorgian Daniel De Arrascaeta Benedetti,32478,Darwin Gabriel Núñez Ribeiro,Incomplete,42.007618,50.6,12.4,92.6,11.6
3857293,2022-12-02,Group Stage,Ghana,1,51,54,Uruguay,5255,Matías Vecino Falero,32478,Darwin Gabriel Núñez Ribeiro,Incomplete,5.748913,30.0,15.1,35.6,13.8
3857293,2022-12-02,Group Stage,Ghana,1,52,1,Uruguay,5264,Guillermo Varela Olivera,36288,Facundo Pellistri Rebollo,Incomplete,18.270195,26.5,60.6,40.1,48.4
3857293,2022-12-02,Group Stage,Ghana,1,52,12,Uruguay,36288,Facundo Pellistri Rebollo,5255,Matías Vecino Falero,Complete,8.29759,39.0,47.6,33.6,41.3
3857293,2022-12-02,Group Stage,Ghana,1,52,13,Uruguay,5255,Matías Vecino Falero,5258,Giorgian Daniel De Arrascaeta Benedetti,Complete,11.128792,31.9,38.7,31.1,27.6
3857293,2022-12-02,Group Stage,Ghana,1,52,14,Uruguay,5258,Giorgian Daniel De Arrascaeta Benedetti,,,Incomplete,61.77378,32.5,27.9,93.7,19.5
3857293,2022-12-02,Group Stage,Ghana,1,52,50,Uruguay,36710,Sergio Rochet Álvarez,5258,Giorgian Daniel De Arrascaeta Benedetti,Incomplete,51.730453,15.3,34.1,65.1,20.1
3857293,2022-12-02,Group Stage,Ghana,1,53,0,Uruguay,7104,Mathías Olivera Miramontes,32478,Darwin Gabriel Núñez Ribeiro,Complete,25.894014,33.6,6.0,56.7,17.7
3857293,2022-12-02,Group Stage,Ghana,1,53,3,Uruguay,32478,Darwin Gabriel Núñez Ribeiro,36288,Facundo Pellistri Rebollo,Complete,13.567977,56.5,17.6,63.7,29.1
3857293,2022-12-02,Group Stage,Ghana,2,46,45,Uruguay,36710,Sergio Rochet Álvarez,5255,Matías Vecino Falero,Complete,22.051304,6.0,44.0,27.5,48.9
3857293,2022-12-02,Group Stage,Ghana,2,46,50,Uruguay,5255,Matías Vecino Falero,36710,Sergio Rochet Álvarez,Complete,23.728674,23.1,48.6,2.4,37.0
3857293,2022-12-02,Group Stage,Ghana,2,46,54,Uruguay,36710,Sergio Rochet Álvarez,6300,Sebastián Coates Nión,Complete,23.193533,5.7,36.3,14.4,14.8
3857293,2022-12-02,Group Stage,Ghana,2,46,58,Uruguay,6300,Sebastián Coates Nión,5258,Giorgian Daniel De Arrascaeta Benedetti,Complete,23.299786,23.6,15.0,46.4,19.8
3857293,2022-12-02,Group Stage,Ghana,2,47,38,Uruguay,5259,José María Giménez de Vargas,5258,Giorgian Daniel De Arrascaeta Benedetti,Complete,11.005453,21.8,50.2,32.2,53.8
3857293,2022-12-02,Group Stage,Ghana,2,47,40,Uruguay,5258,Giorgian Daniel De Arrascaeta Benedetti,36288,Facundo Pellistri Rebollo,Complete,13.7320795,33.1,54.4,31.2,68.0
3857293,2022-12-02,Group Stage,Ghana,2,47,41,Uruguay,36288,Facundo Pellistri Rebollo,32478,Darwin Gabriel Núñez Ribeiro,Complete,70.33136,31.4,68.0,101.7,70.1
3857293,2022-12-02,Group Stage,Ghana,2,47,48,Uruguay,32478,Darwin Gabriel Núñez Ribeiro,5246,Luis Alberto Suárez Díaz,Complete,69.6581,116.2,65.9,88.7,1.9
3857293,2022-12-02,Group Stage,Ghana,2,47,55,Uruguay,5246,Luis Alberto Suárez Díaz,7104,Mathías Olivera Miramontes,Complete,13.42386,81.6,3.2,80.8,16.6
3857293,2022-12-02,Group Stage,Ghana,2,47,56,Uruguay,7104,Mathías Olivera Miramontes,6773,Federico Santiago Valverde Dipetta,Complete,7.9177017,80.6,16.6,76.9,9.6
3857293,2022-12-02,Group Stage,Ghana,2,47,57,Uruguay,6773,Federico Santiago Valverde Dipetta,5255,Matías Vecino Falero,Complete,12.101653,76.9,9.5,68.7,18.4
3857293,2022-12-02,Group Stage,Ghana,2,47,58,Uruguay,5255,Matías Vecino Falero,6773,Federico Santiago Valverde Dipetta,Complete,7.0092797,68.7,18.4,73.9,13.7
3857293,2022-12-02,Group Stage,Ghana,2,47,59,Uruguay,6773,Federico Santiago Valverde Dipetta,5255,Matías Vecino Falero,Complete,6.2625875,73.9,13.7,69.0,17.6
3857293,2022-12-02,Group Stage,Ghana,2,48,1,Uruguay,5255,Matías Vecino Falero,6773,Federico Santiago Valverde Dipetta,Complete,7.2346387,69.0,17.7,74.5,22.4
3857293,2022-12-02,Group Stage,Ghana,2,48,2,Uruguay,6773,Federico Santiago Valverde Dipetta,5259,José María Giménez de Vargas,Complete,27.622093,74.5,23.1,58.2,45.4
3857293,2022-12-02,Group Stage,Ghana,2,48,6,Uruguay,5259,José María Giménez de Vargas,5264,Guillermo Varela Olivera,Complete,29.98683,62.1,52.6,85.7,71.1
3857293,2022-12-02,Group Stage,Ghana,2,48,9,Uruguay,5264,Guillermo Varela Olivera,5255,Matías Vecino Falero,Complete,18.341211,85.7,70.9,77.1,54.7
3857293,2022-12-02,Group Stage,Ghana,2,48,12,Uruguay,5255,Matías Vecino Falero,5259,José María Giménez de Vargas,Complete,23.805252,74.2,58.6,50.4,59.1
3857293,2022-12-02,Group Stage,Ghana,2,48,15,Uruguay,5259,José María Giménez de Vargas,36710,Sergio Rochet Álvarez,Complete,38.363003,37.3,58.3,13.9,27.9
3857293,2022-12-02,Group Stage,Ghana,2,48,20,Uruguay,36710,Sergio Rochet Álvarez,6300,Sebastián Coates Nión,Complete,9.963935,15.0,27.3,22.8,21.1
3857293,2022-12-02,Group Stage,Ghana,2,48,22,Uruguay,6300,Sebastián Coates Nión,7104,Mathías Olivera Miramontes,Complete,18.835339,26.2,20.3,35.1,3.7
3857293,2022-12-02,Group Stage,Ghana,2,48,25,Uruguay,7104,Mathías Olivera Miramontes,6300,Sebastián Coates Nión,Complete,15.620819,34.9,4.2,22.5,13.7
3857293,2022-12-02,Group Stage,Ghana,2,48,26,Uruguay,6300,Sebastián Coates Nión,5258,Giorgian Daniel De Arrascaeta Benedetti,Complete,32.205124,22.5,13.8,54.6,16.4
3857293,2022-12-02,Group Stage,Ghana,2,49,32,Uruguay,5264,Guillermo Varela Olivera,5255,Matías Vecino Falero,Complete,11.178998,25.0,80.0,29.1,69.6
3857293,2022-12-02,Group Stage,Ghana,2,49,32,Uruguay,5255,Matías Vecino Falero,5264,Guillermo Varela Olivera,Complete,8.937561,29.1,69.6,23.3,76.4
3857293,2022-12-02,Group Stage,Ghana,2,49,33,Uruguay,5264,Guillermo Varela Olivera,,,Incomplete,31.312937,23.8,76.4,53.3,65.9
3857293,2022-12-02,Group Stage,Ghana,2,50,6,Uruguay,36710,Sergio Rochet Álvarez,5259,José María Giménez de Vargas,Complete,13.685759,13.1,39.2,20.2,50.9
3857293,2022-12-02,Group Stage,Ghana,2,50,9,Uruguay,5259,José María Giménez de Vargas,5264,Guillermo Varela Olivera,Complete,19.039433,24.7,57.2,36.8,71.9
3857293,2022-12-02,Group Stage,Ghana,2,50,12,Uruguay,5264,Guillermo Varela Olivera,5246,Luis Alberto Suárez Díaz,Complete,49.449875,37.8,73.2,75.5,41.2
3857293,2022-12-02,Group Stage,Ghana,2,50,14,Uruguay,5246,Luis Alberto Suárez Díaz,36288,Facundo Pellistri Rebollo,Incomplete,33.080055,76.6,40.8,81.6,73.5
3857293,2022-12-02,Group Stage,Ghana,2,50,26,Uruguay,5264,Guillermo Varela Olivera,5255,Matías Vecino Falero,Complete,13.860014,84.5,80.0,74.8,70.1
3857293,2022-12-02,Group Stage,Ghana,2,50,28,Uruguay,5255,Matías Vecino Falero,36288,Facundo Pellistri Rebollo,Complete,7.5802374,77.7,70.1,84.2,74.0
3857293,2022-12-02,Group Stage,Ghana,2,50,29,Uruguay,36288,Facundo Pellistri Rebollo,5255,Matías Vecino Falero,Complete,13.948835,83.7,73.2,80.6,59.6
3857293,2022-12-02,Group Stage,Ghana,2,50,31,Uruguay,5255,Matías Vecino Falero,5258,Giorgian Daniel De Arrascaeta Benedetti,Complete,36.615433,80.8,59.4,86.3,23.2
3857293,2022-12-02,Group Stage,Ghana,2,50,36,Uruguay,5258,Giorgian Daniel De Arrascaeta Benedetti,7104,Mathías Olivera Miramontes,Incomplete,16.86683,88.4,23.1,105.2,21.6
3857293,2022-12-02,Group Stage,Ghana,2,51,20,Uruguay,5258,Giorgian Daniel De Arrascaeta Benedetti,7104,Mathías Olivera Miramontes,Complete,5.4120235,30.9,17.4,29.4,22.6
3857293,2022-12-02,Group Stage,Ghana,2,51,22,Uruguay,7104,Mathías Olivera Miramontes,5255,Matías Vecino Falero,Complete,7.8,31.2,21.4,31.2,29.2
3857293,2022-12-02,Group Stage,Ghana,2,51,23,Uruguay,5255,Matías Vecino Falero,5246,Luis Alberto Suárez Díaz,Complete,19.334167,33.8,29.0,44.8,44.9
3857293,2022-12-02,Group Stage,Ghana,2,51,24,Uruguay,5246,Luis Alberto Suárez Díaz,5264,Guillermo Varela Olivera,Complete,14.542696,44.8,45.8,33.0,54.3
3857293,2022-12-02,Group Stage,Ghana,2,51,26,Uruguay,5264,Guillermo Varela Olivera,5259,José María Giménez de Vargas,Complete,18.387224,33.0,54.3,15.8,47.8
3857293,2022-12-02,Group Stage,Ghana,2,51,30,Uruguay,5259,José María Giménez de Vargas,5264,Guillermo Varela Olivera,Complete,25.612497,17.5,50.9,33.5,70.9
3857293,2022-12-02,Group Stage,Ghana,2,52,20,Uruguay,6300,Sebastián Coates Nión,6773,Federico Santiago Valverde Dipetta,Complete,7.28011,24.7,30.0,31.5,27.4
3857293,2022-12-02,Group Stage,Ghana,2,52,21,Uruguay,6773,Federico Santiago Valverde Dipetta,5246,Luis Alberto Suárez Díaz,Incomplete,6.397656,33.5,29.2,39.3,31.9
3857293,2022-12-02,Group Stage,Ghana,2,52,35,Uruguay,5255,Matías Vecino Falero,,,Incomplete,4.89183,24.1,43.6,27.3,39.9
3857293,2022-12-02,Group Stage,Ghana,2,52,47,Uruguay,6300,Sebastián Coates Nión,6773,Federico Santiago Valverde Dipetta,Complete,16.171888,28.1,37.8,37.3,24.5
3857293,2022-12-02,Group Stage,Ghana,2,52,52,Uruguay,6773,Federico Santiago Valverde Dipetta,7104,Mathías Olivera Miramontes,Complete,17.293062,37.8,22.4,41.9,5.6
3857293,2022-12-02,Group Stage,Ghana,2,52,55,Uruguay,7104,Mathías Olivera Miramontes,5258,Giorgian Daniel De Arrascaeta Benedetti,Complete,13.029965,42.0,5.0,51.7,13.7
3857293,2022-12-02,Group Stage,Ghana,2,52,58,Uruguay,5258,Giorgian Daniel De Arrascaeta Benedetti,5259,José María Giménez de Vargas,Complete,27.144796,43.0,27.4,35.2,53.4
3857293,2022-12-02,Group Stage,Ghana,2,53,2,Uruguay,5259,José María Giménez de Vargas,5264,Guillermo Varela Olivera,Complete,22.917242,46.9,60.9,63.5,76.7
3857293,2022-12-02,Group Stage,Ghana,2,53,5,Uruguay,5264,Guillermo Varela Olivera,5255,Matías Vecino Falero,Complete,16.918924,58.3,73.6,63.5,57.5
3857293,2022-12-02,Group Stage,Ghana,2,53,6,Uruguay,5255,Matías Vecino Falero,36288,Facundo Pellistri Rebollo,Complete,15.6237,63.0,56.5,77.9,61.2
3857293,2022-12-02,Group Stage,Ghana,2,53,37,Uruguay,5259,José María Giménez de Vargas,6300,Sebastián Coates Nión,Complete,27.911467,71.9,61.5,55.8,38.7
3857293,2022-12-02,Group Stage,Ghana,2,53,39,Uruguay,6300,Sebastián Coates Nión,6773,Federico Santiago Valverde Dipetta,Complete,8.757282,55.8,38.6,64.5,37.6
3857293,2022-12-02,Group Stage,Ghana,2,53,40,Uruguay,6773,Federico Santiago Valverde Dipetta,6300,Sebastián Coates Nión,Complete,10.829589,64.5,37.6,53.7,36.8
3857293,2022-12-02,Group Stage,Ghana,2,53,48,Uruguay,6300,Sebastián Coates Nión,5246,Luis Alberto Suárez Díaz,Complete,23.303432,68.4,22.6,82.7,41.0
3857293,2022-12-02,Group Stage,Ghana,2,54,47,Uruguay,6773,Federico Santiago Valverde Dipetta,5259,José María Giménez de Vargas,Pass Offside,31.574831,81.6,44.9,109.7,30.5
3857293,2022-12-02,Group Stage,Ghana,2,55,37,Uruguay,6300,Sebastián Coates Nión,,,Out,42.630505,11.6,38.1,24.6,78.7
3857293,2022-12-02,Group Stage,Ghana,2,56,39,Uruguay,5258,Giorgian Daniel De Arrascaeta Benedetti,5246,Luis Alberto Suárez Díaz,Complete,46.08959,55.1,23.7,97.9,40.8
3857293,2022-12-02,Group Stage,Ghana,2,57,3,Uruguay,5264,Guillermo Varela Olivera,5255,Matías Vecino Falero,Complete,11.6400175,68.8,72.8,75.8,63.5
3857293,2022-12-02,Group Stage,Ghana,2,57,5,Uruguay,5255,Matías Vecino Falero,,,Out,33.065086,77.1,64.1,106.2,79.8
3857293,2022-12-02,Group Stage,Ghana,2,59,16,Uruguay,6300,Sebastián Coates Nión,36288,Facundo Pellistri Rebollo,Complete,33.800888,34.4,45.4,65.3,59.1
3857293,2022-12-02,Group Stage,Ghana,2,61,27,Uruguay,5264,Guillermo Varela Olivera,,,Unknown,16.75858,14.4,80.0,26.3,68.2
3857293,2022-12-02,Group Stage,Ghana,2,61,41,Uruguay,5259,José María Giménez de Vargas,6300,Sebastián Coates Nión,Complete,46.30529,27.3,66.1,28.0,19.8
3857293,2022-12-02,Group Stage,Ghana,2,61,48,Uruguay,6300,Sebastián Coates Nión,7104,Mathías Olivera Miramontes,Complete,15.477726,28.3,16.0,36.7,3.0
3857293,2022-12-02,Group Stage,Ghana,2,61,51,Uruguay,7104,Mathías Olivera Miramontes,6300,Sebastián Coates Nión,Complete,15.939887,37.7,5.3,22.5,10.1
3857293,2022-12-02,Group Stage,Ghana,2,61,53,Uruguay,6300,Sebastián Coates Nión,5255,Matías Vecino Falero,Complete,8.345058,21.2,15.8,27.0,21.8
3857293,2022-12-02,Group Stage,Ghana,2,61,55,Uruguay,5255,Matías Vecino Falero,7104,Mathías Olivera Miramontes,Complete,17.817968,26.0,23.2,43.8,22.4
3857293,2022-12-02,Group Stage,Ghana,2,62,38,Uruguay,5255,Matías Vecino Falero,5246,Luis Alberto Suárez Díaz,Incomplete,12.647924,33.5,20.6,46.1,19.5
3857293,2022-12-02,Group Stage,Ghana,2,63,26,Uruguay,36710,Sergio Rochet Álvarez,6773,Federico Santiago Valverde Dipetta,Complete,47.711216,6.0,36.0,47.0,11.6
3857293,2022-12-02,Group Stage,Ghana,2,63,38,Uruguay,6773,Federico Santiago Valverde Dipetta,5258,Giorgian Daniel De Arrascaeta Benedetti,Complete,46.50215,48.8,10.8,94.5,2.2
3857293,2022-12-02,Group Stage,Ghana,2,64,6,Uruguay,7104,Mathías Olivera Miramontes,5246,Luis Alberto Suárez Díaz,Complete,9.004998,112.3,0.1,107.8,7.9
3857293,2022-12-02,Group Stage,Ghana,2,64,9,Uruguay,5246,Luis Alberto Suárez Díaz,5255,Matías Vecino Falero,Complete,18.03247,104.1,12.4,91.5,25.3
3857293,2022-12-02,Group Stage,Ghana,2,64,10,Uruguay,5255,Matías Vecino Falero,5246,Luis Alberto Suárez Díaz,Incomplete,15.2,93.4,25.5,108.6,25.5
3857293,2022-12-02,Group Stage,Ghana,2,64,14,Uruguay,6300,Sebastián Coates Nión,6773,Federico Santiago Valverde Dipetta,Complete,14.221462,74.2,22.3,80.6,9.6
3857293,2022-12-02,Group Stage,Ghana,2,64,17,Uruguay,6773,Federico Santiago Valverde Dipetta,5246,Luis Alberto Suárez Díaz,Incomplete,6.3007936,83.1,8.9,88.2,12.6
3857293,2022-12-02,Group Stage,Ghana,2,64,26,Uruguay,32478,Darwin Gabriel Núñez Ribeiro,6773,Federico Santiago Valverde Dipetta,Complete,15.520632,108.4,3.8,99.2,16.3
3857293,2022-12-02,Group Stage,Ghana,2,64,28,Uruguay,6773,Federico Santiago Valverde Dipetta,7104,Mathías Olivera Miramontes,Complete,10.783784,98.4,18.9,108.6,22.4
3857293,2022-12-02,Group Stage,Ghana,2,64,29,Uruguay,7104,Mathías Olivera Miramontes,36288,Facundo Pellistri Rebollo,Complete,6.7683086,108.6,23.2,107.1,29.8
3857293,2022-12-02,Group Stage,Ghana,2,66,23,Uruguay,4319,Edinson Roberto Cavani Gómez,6773,Federico Santiago Valverde Dipetta,Incomplete,5.9,54.6,57.2,54.6,51.3
3857293,2022-12-02,Group Stage,Ghana,2,66,29,Uruguay,5259,José María Giménez de Vargas,5255,Matías Vecino Falero,Complete,6.0539246,32.0,53.6,37.2,56.7
3857293,2022-12-02,Group Stage,Ghana,2,66,31,Uruguay,5255,Matías Vecino Falero,5264,Guillermo Varela Olivera,Complete,10.090095,38.3,58.3,41.7,67.8
3857293,2022-12-02,Group Stage,Ghana,2,66,56,Uruguay,5259,José María Giménez de Vargas,5255,Matías Vecino Falero,Complete,13.641848,45.4,72.5,51.7,60.4
3857293,2022-12-02,Group Stage,Ghana,2,66,58,Uruguay,5255,Matías Vecino Falero,5259,José María Giménez de Vargas,Complete,12.764012,52.2,62.8,44.8,73.2
3857293,2022-12-02,Group Stage,Ghana,2,66,59,Uruguay,5259,José María Giménez de Vargas,,,Incomplete,6.0033326,44.8,73.2,47.8,68.0
3857293,2022-12-02,Group Stage,Ghana,2,67,20,Uruguay,28729,Diego Nicolás De La Cruz Arcosa,5255,Matías Vecino Falero,Complete,11.423659,22.3,62.5,16.6,52.6
3857293,2022-12-02,Group Stage,Ghana,2,67,21,Uruguay,5255,Matías Vecino Falero,5264,Guillermo Varela Olivera,Complete,12.126417,17.0,52.5,12.6,63.8
3857293,2022-12-02,Group Stage,Ghana,2,67,23,Uruguay,5264,Guillermo Varela Olivera,,,Incomplete,2.5,12.4,69.8,14.4,68.3
3857293,2022-12-02,Group Stage,Ghana,2,67,29,Uruguay,5264,Guillermo Varela Olivera,5255,Matías Vecino Falero,Complete,23.345236,13.4,80.0,29.4,63.0
3857293,2022-12-02,Group Stage,Ghana,2,67,32,Uruguay,5255,Matías Vecino Falero,5264,Guillermo Varela Olivera,Complete,12.258874,26.2,63.0,19.4,73.2
3857293,2022-12-02,Group Stage,Ghana,2,67,33,Uruguay,5264,Guillermo Varela Olivera,,,Incomplete,23.528706,19.4,73.2,38.6,59.6
3857293,2022-12-02,Group Stage,Ghana,2,67,37,Uruguay,7104,Mathías Olivera Miramontes,5258,Giorgian Daniel De Arrascaeta Benedetti,Complete,12.44508,24.6,38.6,33.4,47.4
3857293,2022-12-02,Group Stage,Ghana,2,68,34,Uruguay,36710,Sergio Rochet Álvarez,6773,Federico Santiago Valverde Dipetta,Complete,58.32684,6.3,35.3,63.4,23.4
3857293,2022-12-02,Group Stage,Ghana,2,68,40,Uruguay,6773,Federico Santiago Valverde Dipetta,4319,Edinson Roberto Cavani Gómez,Incomplete,27.506544,73.9,25.0,93.4,44.4
3857293,2022-12-02,Group Stage,Ghana,2,69,8,Uruguay,5264,Guillermo Varela Olivera,5258,Giorgian Daniel De Arrascaeta Benedetti,Complete,16.760967,83.2,80.0,93.4,66.7
3857293,2022-12-02,Group Stage,Ghana,2,69,9,Uruguay,5258,Giorgian Daniel De Arrascaeta Benedetti,4319,Edinson Roberto Cavani Gómez,Complete,6.627217,93.4,66.7,100.0,67.3
3857293,2022-12-02,Group Stage,Ghana,2,69,11,Uruguay,4319,Edinson Roberto Cavani Gómez,5258,Giorgian Daniel De Arrascaeta Benedetti,Incomplete,17.345892,101.0,70.7,107.2,54.5
3857293,2022-12-02,Group Stage,Ghana,2,69,14,Uruguay,5255,Matías Vecino Falero,4319,Edinson Roberto Cavani Gómez,Complete,12.525574,81.6,64.3,94.1,63.5
3857293,2022-12-02,Group Stage,Ghana,2,69,15,Uruguay,4319,Edinson Roberto Cavani Gómez,5258,Giorgian Daniel De Arrascaeta Benedetti,Complete,9.960923,94.1,63.3,95.2,53.4
3857293,2022-12-02,Group Stage,Ghana,2,69,16,Uruguay,5258,Giorgian Daniel De Arrascaeta Benedetti,28729,Diego Nicolás De La Cruz Arcosa,Complete,9.338094,95.2,53.4,88.4,47.0
3857293,2022-12-02,Group Stage,Ghana,2,69,19,Uruguay,28729,Diego Nicolás De La Cruz Arcosa,7104,Mathías Olivera Miramontes,Complete,27.816721,95.4,38.9,107.8,14.0
3857293,2022-12-02,Group Stage,Ghana,2,69,25,Uruguay,32478,Darwin Gabriel Núñez Ribeiro,7104,Mathías Olivera Miramontes,Complete,7.340981,116.2,3.0,110.4,7.5
3857293,2022-12-02,Group Stage,Ghana,2,69,27,Uruguay,7104,Mathías Olivera Miramontes,5258,Giorgian Daniel De Arrascaeta Benedetti,Incomplete,29.038767,110.4,8.8,108.9,37.8
3857293,2022-12-02,Group Stage,Ghana,2,69,52,Uruguay,7104,Mathías Olivera Miramontes,6773,Federico Santiago Valverde Dipetta,Complete,8.471718,93.1,0.1,92.0,8.5
3857293,2022-12-02,Group Stage,Ghana,2,71,11,Uruguay,36710,Sergio Rochet Álvarez,6300,Sebastián Coates Nión,Complete,12.165936,6.0,36.0,13.6,26.5
3857293,2022-12-02,Group Stage,Ghana,2,71,16,Uruguay,6300,Sebastián Coates Nión,7104,Mathías Olivera Miramontes,Complete,21.794724,21.5,22.4,28.9,1.9
3857293,2022-12-02,Group Stage,Ghana,2,71,19,Uruguay,7104,Mathías Olivera Miramontes,,,Incomplete,5.2,28.1,2.1,33.3,2.1
3857293,2022-12-02,Group Stage,Ghana,2,72,9,Uruguay,7104,Mathías Olivera Miramontes,6773,Federico Santiago Valverde Dipetta,Complete,6.621178,28.4,0.1,31.2,6.1
3857293,2022-12-02,Group Stage,Ghana,2,72,12,Uruguay,6773,Federico Santiago Valverde Dipetta,6300,Sebastián Coates Nión,Complete,15.681837,31.4,6.3,15.8,7.9
3857293,2022-12-02,Group Stage,Ghana,2,72,14,Uruguay,6300,Sebastián Coates Nión,,,Incomplete,41.54383,19.4,5.9,60.4,12.6
3857293,2022-12-02,Group Stage,Ghana,2,72,20,Uruguay,6300,Sebastián Coates Nión,,,Incomplete,10.358571,31.2,15.6,41.5,14.5
3857293,2022-12-02,Group Stage,Ghana,2,72,52,Uruguay,6773,Federico Santiago Valverde Dipetta,6300,Sebastián Coates Nión,Complete,27.723816,56.7,51.1,38.6,30.1
3857293,2022-12-02,Group Stage,Ghana,2,72,57,Uruguay,6300,Sebastián Coates Nión,5258,Giorgian Daniel De Arrascaeta Benedetti,Complete,39.04664,45.4,28.4,76.2,4.4
3857293,2022-12-02,Group Stage,Ghana,2,73,1,Uruguay,5258,Giorgian Daniel De Arrascaeta Benedetti,,,Incomplete,2.1023796,73.9,2.5,73.0,4.4
3857293,2022-12-02,Group Stage,Ghana,2,73,6,Uruguay,6773,Federico Santiago Valverde Dipetta,5259,José María Giménez de Vargas,Complete,47.169907,46.0,4.2,33.2,49.6
3857293,2022-12-02,Group Stage,Ghana,2,73,9,Uruguay,5259,José María Giménez de Vargas,36710,Sergio Rochet Álvarez,Complete,29.656872,33.2,49.6,7.5,34.8
3857293,2022-12-02,Group Stage,Ghana,2,73,12,Uruguay,36710,Sergio Rochet Álvarez,5258,Giorgian Daniel De Arrascaeta Benedetti,Incomplete,59.124447,7.4,34.5,65.1,21.6
3857293,2022-12-02,Group Stage,Ghana,2,73,17,Uruguay,6773,Federico Santiago Valverde Dipetta,32478,Darwin Gabriel Núñez Ribeiro,Incomplete,54.19013,46.4,24.6,94.0,50.5
3857293,2022-12-02,Group Stage,Ghana,2,73,26,Uruguay,28729,Diego Nicolás De La Cruz Arcosa,4319,Edinson Roberto Cavani Gómez,Complete,22.529093,81.8,74.6,94.8,56.2
3857293,2022-12-02,Group Stage,Ghana,2,73,53,Uruguay,7104,Mathías Olivera Miramontes,5258,Giorgian Daniel De Arrascaeta Benedetti,Complete,6.8242216,70.2,0.1,74.1,5.7
3857293,2022-12-02,Group Stage,Ghana,2,73,55,Uruguay,5258,Giorgian Daniel De Arrascaeta Benedetti,5255,Matías Vecino Falero,Incomplete,2.3853722,67.2,9.1,65.9,11.1
3857293,2022-12-02,Group Stage,Ghana,2,73,57,Uruguay,6300,Sebastián Coates Nión,5258,Giorgian Daniel De Arrascaeta Benedetti,Complete,5.6044626,53.7,11.5,59.1,13.0
3857293,2022-12-02,Group Stage,Ghana,2,74,38,Uruguay,36710,Sergio Rochet Álvarez,4319,Edinson Roberto Cavani Gómez,Complete,65.795135,16.1,42.1,80.3,27.7
3857293,2022-12-02,Group Stage,Ghana,2,74,42,Uruguay,4319,Edinson Roberto Cavani Gómez,7104,Mathías Olivera Miramontes,Complete,11.676472,80.3,27.7,70.0,22.2
3857293,2022-12-02,Group Stage,Ghana,2,74,45,Uruguay,7104,Mathías Olivera Miramontes,32478,Darwin Gabriel Núñez Ribeiro,Complete,8.134495,82.2,25.0,87.8,30.9
3857293,2022-12-02,Group Stage,Ghana,2,74,47,Uruguay,32478,Darwin Gabriel Núñez Ribeiro,28729,Diego Nicolás De La Cruz Arcosa,Incomplete,37.48093,82.6,35.7,108.7,62.6
3857293,2022-12-02,Group Stage,Ghana,2,75,55,Uruguay,7104,Mathías Olivera Miramontes,4319,Edinson Roberto Cavani Gómez,Complete,16.86683,29.6,28.8,42.8,39.3
3857293,2022-12-02,Group Stage,Ghana,2,75,56,Uruguay,4319,Edinson Roberto Cavani Gómez,32478,Darwin Gabriel Núñez Ribeiro,Complete,47.35325,44.1,39.3,73.4,2.1
3857293,2022-12-02,Group Stage,Ghana,2,76,40,Uruguay,4319,Edinson Roberto Cavani Gómez,5258,Giorgian Daniel De Arrascaeta Benedetti,Complete,15.76864,25.5,28.6,41.1,30.9
3857293,2022-12-02,Group Stage,Ghana,2,76,43,Uruguay,5258,Giorgian Daniel De Arrascaeta Benedetti,4319,Edinson Roberto Cavani Gómez,Complete,11.458621,52.3,23.9,54.2,12.6
3857293,2022-12-02,Group Stage,Ghana,2,76,47,Uruguay,4319,Edinson Roberto Cavani Gómez,6773,Federico Santiago Valverde Dipetta,Complete,3.0,52.5,13.8,49.5,13.8
3857293,2022-12-02,Group Stage,Ghana,2,76,49,Uruguay,6773,Federico Santiago Valverde Dipetta,5258,Giorgian Daniel De Arrascaeta Benedetti,Complete,15.533191,49.5,13.8,64.7,10.6
3857293,2022-12-02,Group Stage,Ghana,2,76,50,Uruguay,5258,Giorgian Daniel De Arrascaeta Benedetti,6773,Federico Santiago Valverde Dipetta,Complete,9.037699,64.9,10.6,56.7,6.8
3857293,2022-12-02,Group Stage,Ghana,2,78,27,Uruguay,7104,Mathías Olivera Miramontes,32478,Darwin Gabriel Núñez Ribeiro,Incomplete,55.54791,10.3,15.8,64.4,28.4
3857293,2022-12-02,Group Stage,Ghana,2,79,54,Uruguay,36710,Sergio Rochet Álvarez,,,Incomplete,68.572296,6.0,36.0,70.6,13.0
3857293,2022-12-02,Group Stage,Ghana,2,80,2,Uruguay,7104,Mathías Olivera Miramontes,,,Incomplete,9.14385,56.3,8.9,63.2,2.9
3857293,2022-12-02,Group Stage,Ghana,2,82,45,Uruguay,36710,Sergio Rochet Álvarez,4319,Edinson Roberto Cavani Gómez,Incomplete,69.4219,15.5,33.3,83.1,17.5
3857293,2022-12-02,Group Stage,Ghana,2,83,8,Uruguay,7104,Mathías Olivera Miramontes,6773,Federico Santiago Valverde Dipetta,Complete,8.407735,80.7,0.1,76.9,7.6
3857293,2022-12-02,Group Stage,Ghana,2,83,9,Uruguay,6773,Federico Santiago Valverde Dipetta,7104,Mathías Olivera Miramontes,Complete,7.2006946,76.9,7.6,81.3,1.9
3857293,2022-12-02,Group Stage,Ghana,2,83,10,Uruguay,7104,Mathías Olivera Miramontes,6773,Federico Santiago Valverde Dipetta,Complete,9.84124,81.3,1.9,72.4,6.1
3857293,2022-12-02,Group Stage,Ghana,2,83,13,Uruguay,6773,Federico Santiago Valverde Dipetta,36666,Agustín Canobbio Graviz,Complete,44.093082,65.9,11.7,83.1,52.3
3857293,2022-12-02,Group Stage,Ghana,2,83,18,Uruguay,36666,Agustín Canobbio Graviz,5255,Matías Vecino Falero,Complete,11.161541,78.8,46.6,68.5,42.3
3857293,2022-12-02,Group Stage,Ghana,2,83,20,Uruguay,5255,Matías Vecino Falero,5264,Guillermo Varela Olivera,Complete,21.544836,73.6,47.8,84.3,66.5
3857293,2022-12-02,Group Stage,Ghana,2,83,22,Uruguay,5264,Guillermo Varela Olivera,28729,Diego Nicolás De La Cruz Arcosa,Complete,6.2128897,84.6,66.5,85.0,60.3
3857293,2022-12-02,Group Stage,Ghana,2,83,27,Uruguay,28729,Diego Nicolás De La Cruz Arcosa,5264,Guillermo Varela Olivera,Incomplete,1.6552945,85.9,76.8,87.4,77.5
3857293,2022-12-02,Group Stage,Ghana,2,83,28,Uruguay,28729,Diego Nicolás De La Cruz Arcosa,36666,Agustín Canobbio Graviz,Complete,7.366139,80.2,76.2,85.7,71.3
3857293,2022-12-02,Group Stage,Ghana,2,83,29,Uruguay,36666,Agustín Canobbio Graviz,5264,Guillermo Varela Olivera,Complete,5.2038445,86.0,70.7,85.8,75.9
3857293,2022-12-02,Group Stage,Ghana,2,83,54,Uruguay,28729,Diego Nicolás De La Cruz Arcosa,5255,Matías Vecino Falero,Complete,8.861715,76.9,75.9,70.2,70.1
3857293,2022-12-02,Group Stage,Ghana,2,83,55,Uruguay,5255,Matías Vecino Falero,28729,Diego Nicolás De La Cruz Arcosa,Complete,7.856844,69.8,70.1,75.1,75.9
3857293,2022-12-02,Group Stage,Ghana,2,83,56,Uruguay,28729,Diego Nicolás De La Cruz Arcosa,5255,Matías Vecino Falero,Complete,6.8007355,74.7,75.4,72.4,69.0
3857293,2022-12-02,Group Stage,Ghana,2,83,58,Uruguay,5255,Matías Vecino Falero,5264,Guillermo Varela Olivera,Complete,11.700427,72.4,69.0,83.5,72.7
3857293,2022-12-02,Group Stage,Ghana,2,83,59,Uruguay,5264,Guillermo Varela Olivera,28729,Diego Nicolás De La Cruz Arcosa,Complete,4.3863425,83.5,72.7,80.5,75.9
3857293,2022-12-02,Group Stage,Ghana,2,83,59,Uruguay,28729,Diego Nicolás De La Cruz Arcosa,36666,Agustín Canobbio Graviz,Complete,13.038788,80.5,75.9,85.6,63.9
3857293,2022-12-02,Group Stage,Ghana,2,84,2,Uruguay,36666,Agustín Canobbio Graviz,28729,Diego Nicolás De La Cruz Arcosa,Complete,6.0133185,85.4,69.9,85.8,75.9
3857293,2022-12-02,Group Stage,Ghana,2,84,3,Uruguay,28729,Diego Nicolás De La Cruz Arcosa,36666,Agustín Canobbio Graviz,Complete,7.302739,85.8,75.9,86.0,68.6
3857293,2022-12-02,Group Stage,Ghana,2,84,4,Uruguay,36666,Agustín Canobbio Graviz,6297,Maximiliano Gómez González,Incomplete,10.834205,87.8,66.0,98.5,64.3
3857293,2022-12-02,Group Stage,Ghana,2,84,19,Uruguay,5255,Matías Vecino Falero,28729,Diego Nicolás De La Cruz Arcosa,Complete,22.070795,57.0,30.5,51.6,51.9
3857293,2022-12-02,Group Stage,Ghana,2,85,43,Uruguay,5259,José María Giménez de Vargas,,,Incomplete,82.64526,32.4,51.7,106.4,14.9
3857293,2022-12-02,Group Stage,Ghana,2,85,53,Uruguay,6773,Federico Santiago Valverde Dipetta,,,Incomplete,10.604244,89.3,25.6,95.9,33.9
3857293,2022-12-02,Group Stage,Ghana,2,87,14,Uruguay,36710,Sergio Rochet Álvarez,36666,Agustín Canobbio Graviz,Incomplete,71.08087,6.0,36.0,74.0,15.3
3857293,2022-12-02,Group Stage,Ghana,2,87,27,Uruguay,7104,Mathías Olivera Miramontes,6300,Sebastián Coates Nión,Complete,18.309834,46.5,0.1,36.0,15.1
3857293,2022-12-02,Group Stage,Ghana,2,87,31,Uruguay,6300,Sebastián Coates Nión,36710,Sergio Rochet Álvarez,Complete,34.422375,31.5,16.4,8.6,42.1
3857293,2022-12-02,Group Stage,Ghana,2,87,34,Uruguay,36710,Sergio Rochet Álvarez,,,Incomplete,61.391285,8.6,43.4,69.4,51.9
3857293,2022-12-02,Group Stage,Ghana,2,87,52,Uruguay,5259,José María Giménez de Vargas,5255,Matías Vecino Falero,Complete,11.8,9.7,46.6,21.5,46.6
3857293,2022-12-02,Group Stage,Ghana,2,87,54,Uruguay,5255,Matías Vecino Falero,36666,Agustín Canobbio Graviz,Complete,23.983536,21.5,46.8,37.9,64.3
3857293,2022-12-02,Group Stage,Ghana,2,88,0,Uruguay,36666,Agustín Canobbio Graviz,4319,Edinson Roberto Cavani Gómez,Complete,28.441694,52.3,66.2,80.5,69.9
3857293,2022-12-02,Group Stage,Ghana,2,88,2,Uruguay,4319,Edinson Roberto Cavani Gómez,6773,Federico Santiago Valverde Dipetta,Complete,30.236732,80.3,58.5,75.8,28.6
3857293,2022-12-02,Group Stage,Ghana,2,88,6,Uruguay,6773,Federico Santiago Valverde Dipetta,28729,Diego Nicolás De La Cruz Arcosa,Complete,21.778889,91.2,30.7,106.6,15.3
3857293,2022-12-02,Group Stage,Ghana,2,88,10,Uruguay,28729,Diego Nicolás De La Cruz Arcosa,4319,Edinson Roberto Cavani Gómez,Pass Offside,15.139683,105.9,17.9,111.9,31.8
3857293,2022-12-02,Group Stage,Ghana,2,90,23,Uruguay,5264,Guillermo Varela Olivera,,,Incomplete,18.217573,44.3,72.0,62.5,71.2
3857293,2022-12-02,Group Stage,Ghana,2,90,41,Uruguay,5255,Matías Vecino Falero,28729,Diego Nicolás De La Cruz Arcosa,Complete,14.940214,30.4,42.3,43.9,35.9
3857293,2022-12-02,Group Stage,Ghana,2,90,44,Uruguay,28729,Diego Nicolás De La Cruz Arcosa,6773,Federico Santiago Valverde Dipetta,Complete,21.960419,53.1,34.2,63.2,14.7
3857293,2022-12-02,Group Stage,Ghana,2,90,46,Uruguay,6773,Federico Santiago Valverde Dipetta,4319,Edinson Roberto Cavani Gómez,Complete,19.808079,69.2,14.7,88.2,9.1
3857293,2022-12-02,Group Stage,Ghana,2,90,50,Uruguay,4319,Edinson Roberto Cavani Gómez,6300,Sebastián Coates Nión,Complete,43.00814,95.2,13.4,104.9,55.3
3857293,2022-12-02,Group Stage,Ghana,2,90,52,Uruguay,6300,Sebastián Coates Nión,36666,Agustín Canobbio Graviz,Incomplete,11.0421915,104.9,55.3,111.7,46.6
3857293,2022-12-02,Group Stage,Ghana,2,90,55,Uruguay,6300,Sebastián Coates Nión,6773,Federico Santiago Valverde Dipetta,Complete,10.080674,103.8,57.7,105.7,47.8
3857293,2022-12-02,Group Stage,Ghana,2,90,57,Uruguay,6773,Federico Santiago Valverde Dipetta,6297,Maximiliano Gómez González,Incomplete,4.016217,105.7,47.8,107.0,44.0
3857293,2022-12-02,Group Stage,Ghana,2,91,6,Uruguay,5259,José María Giménez de Vargas,36710,Sergio Rochet Álvarez,Complete,23.022816,39.4,56.8,21.2,42.7
3857293,2022-12-02,Group Stage,Ghana,2,91,9,Uruguay,36710,Sergio Rochet Álvarez,28729,Diego Nicolás De La Cruz Arcosa,Complete,46.9553,22.5,44.4,68.9,37.2
3857293,2022-12-02,Group Stage,Ghana,2,91,20,Uruguay,5255,Matías Vecino Falero,6773,Federico Santiago Valverde Dipetta,Complete,31.75736,67.2,37.2,85.0,63.5
3857293,2022-12-02,Group Stage,Ghana,2,91,24,Uruguay,6773,Federico Santiago Valverde Dipetta,4319,Edinson Roberto Cavani Gómez,Complete,39.22308,96.7,60.0,116.6,26.2
3857293,2022-12-02,Group Stage,Ghana,2,91,27,Uruguay,4319,Edinson Roberto Cavani Gómez,,,Incomplete,14.279006,116.6,26.2,115.1,40.4
3857293,2022-12-02,Group Stage,Ghana,2,91,52,Uruguay,36710,Sergio Rochet Álvarez,6773,Federico Santiago Valverde Dipetta,Complete,39.43615,14.8,35.7,50.8,19.6
3857293,2022-12-02,Group Stage,Ghana,2,92,0,Uruguay,6773,Federico Santiago Valverde Dipetta,4319,Edinson Roberto Cavani Gómez,Out,37.155483,83.3,15.5,120.0,21.3
3857293,2022-12-02,Group Stage,Ghana,2,93,8,Uruguay,36710,Sergio Rochet Álvarez,6297,Maximiliano Gómez González,Complete,54.72586,56.7,65.8,99.1,31.2
3857293,2022-12-02,Group Stage,Ghana,2,93,10,Uruguay,6297,Maximiliano Gómez González,,,Incomplete,15.988121,99.3,31.6,107.2,45.5
3857293,2022-12-02,Group Stage,Ghana,2,93,14,Uruguay,6297,Maximiliano Gómez González,36666,Agustín Canobbio Graviz,Complete,19.794191,96.1,41.0,99.5,60.5
3857293,2022-12-02,Group Stage,Ghana,2,93,17,Uruguay,36666,Agustín Canobbio Graviz,,,Incomplete,28.680307,99.7,61.1,118.1,39.1
3857293,2022-12-02,Group Stage,Ghana,2,93,37,Uruguay,6773,Federico Santiago Valverde Dipetta,,,Incomplete,16.611141,45.6,45.5,61.9,42.3
3857293,2022-12-02,Group Stage,Ghana,2,94,8,Uruguay,7104,Mathías Olivera Miramontes,4319,Edinson Roberto Cavani Gómez,Complete,42.686768,17.4,39.9,52.0,14.9
3857293,2022-12-02,Group Stage,Ghana,2,94,13,Uruguay,4319,Edinson Roberto Cavani Gómez,6297,Maximiliano Gómez González,Complete,33.849815,76.9,11.5,82.4,44.9
3857293,2022-12-02,Group Stage,Ghana,2,94,26,Uruguay,4319,Edinson Roberto Cavani Gómez,6773,Federico Santiago Valverde Dipetta,Complete,14.534442,120.0,0.1,105.7,2.7
3857293,2022-12-02,Group Stage,Ghana,2,95,35,Uruguay,36666,Agustín Canobbio Graviz,6297,Maximiliano Gómez González,Complete,42.9162,21.0,62.2,58.2,40.8
3857293,2022-12-02,Group Stage,Ghana,2,95,37,Uruguay,6297,Maximiliano Gómez González,6773,Federico Santiago Valverde Dipetta,Complete,17.528547,58.0,40.8,44.6,29.5
3857293,2022-12-02,Group Stage,Ghana,2,95,44,Uruguay,6773,Federico Santiago Valverde Dipetta,4319,Edinson Roberto Cavani Gómez,Incomplete,32.45489,70.9,28.2,92.3,52.6
3857293,2022-12-02,Group Stage,Ghana,2,95,54,Uruguay,6773,Federico Santiago Valverde Dipetta,7104,Mathías Olivera Miramontes,Complete,25.122301,52.9,36.3,73.2,21.5
3857293,2022-12-02,Group Stage,Ghana,2,95,58,Uruguay,7104,Mathías Olivera Miramontes,5255,Matías Vecino Falero,Complete,5.8189344,77.1,21.8,79.0,27.3
3857293,2022-12-02,Group Stage,Ghana,2,95,59,Uruguay,5255,Matías Vecino Falero,28729,Diego Nicolás De La Cruz Arcosa,Complete,22.737854,81.3,28.6,92.3,48.5
3857293,2022-12-02,Group Stage,Ghana,2,96,1,Uruguay,28729,Diego Nicolás De La Cruz Arcosa,4319,Edinson Roberto Cavani Gómez,Complete,14.583552,92.5,48.5,105.7,54.7
3857293,2022-12-02,Group Stage,Ghana,2,96,3,Uruguay,4319,Edinson Roberto Cavani Gómez,6300,Sebastián Coates Nión,Complete,11.905041,106.6,54.7,108.8,43.0
3857293,2022-12-02,Group Stage,Ghana,2,97,34,Uruguay,5264,Guillermo Varela Olivera,,,Incomplete,19.59694,61.7,80.0,80.7,75.2
3857293,2022-12-02,Group Stage,Ghana,2,97,40,Uruguay,5264,Guillermo Varela Olivera,36710,Sergio Rochet Álvarez,Complete,43.68352,43.7,80.0,14.4,47.6
3857293,2022-12-02,Group Stage,Ghana,2,97,44,Uruguay,36710,Sergio Rochet Álvarez,7104,Mathías Olivera Miramontes,Complete,23.835478,14.8,48.3,38.6,49.6
3857293,2022-12-02,Group Stage,Ghana,2,97,46,Uruguay,7104,Mathías Olivera Miramontes,5255,Matías Vecino Falero,Complete,13.091982,38.6,49.6,51.0,53.8
3857293,2022-12-02,Group Stage,Ghana,2,97,49,Uruguay,5255,Matías Vecino Falero,5264,Guillermo Varela Olivera,Complete,17.801123,52.0,53.6,51.8,71.4
3857293,2022-12-02,Group Stage,Ghana,2,97,50,Uruguay,5264,Guillermo Varela Olivera,,,Incomplete,67.76673,51.8,71.4,111.1,38.6
3857293,2022-12-02,Group Stage,Ghana,2,98,22,Uruguay,36710,Sergio Rochet Álvarez,6300,Sebastián Coates Nión,Complete,68.100075,6.0,36.0,74.1,35.9
3857293,2022-12-02,Group Stage,Ghana,2,98,26,Uruguay,6300,Sebastián Coates Nión,6297,Maximiliano Gómez González,Complete,16.443844,74.1,35.9,89.7,30.7
