match_id,fecha,fase,oponente,periodo,minuto,segundo,equipo,jugador_id,jugador_nombre,receptor_id,receptor_nombre,resultado,longitud_pase,inicio_x,inicio_y,fin_x,fin_y
3857296,2022-12-01,Group Stage,Belgium,1,0,0,Croatia,5456,Mateo Kovačić,5469,Marcelo Brozović,Complete,15.602884,60.0,40.0,44.4,39.7
3857296,2022-12-01,Group Stage,Belgium,1,0,2,Croatia,5469,Marcelo Brozović,5456,Mateo Kovačić,Complete,12.403628,46.4,40.1,58.8,39.8
3857296,2022-12-01,Group Stage,Belgium,1,0,3,Croatia,5456,Mateo Kovačić,5463,Luka Modrić,Complete,6.021628,58.8,39.8,55.3,44.7
3857296,2022-12-01,Group Stage,Belgium,1,0,4,Croatia,5463,Luka Modrić,5474,Ivan Perišić,Complete,53.596455,55.3,44.7,102.0,18.4
3857296,2022-12-01,Group Stage,Belgium,1,0,37,Croatia,29163,Josip Juranović,3471,Dejan Lovren,Complete,23.3,38.7,80.0,17.9,69.5
3857296,2022-12-01,Group Stage,Belgium,1,0,41,Croatia,3471,Dejan Lovren,16531,Dominik Livaković,Complete,27.181244,15.3,67.3,4.4,42.4
3857296,2022-12-01,Group Stage,Belgium,1,0,44,Croatia,16531,Dominik Livaković,12625,Borna Sosa,Complete,41.40592,4.4,40.4,21.3,2.6
3857296,2022-12-01,Group Stage,Belgium,1,0,47,Croatia,12625,Borna Sosa,5474,Ivan Perišić,Complete,12.465152,27.3,1.5,39.0,5.8
3857296,2022-12-01,Group Stage,Belgium,1,0,48,Croatia,5474,Ivan Perišić,12625,Borna Sosa,Complete,4.6389656,39.0,5.8,39.6,1.2
3857296,2022-12-01,Group Stage,Belgium,1,0,49,Croatia,12625,Borna Sosa,22041,Marko Livaja,Complete,24.593088,39.6,1.2,63.7,6.1
3857296,2022-12-01,Group Stage,Belgium,1,0,51,Croatia,22041,Marko Livaja,12625,Borna Sosa,Complete,10.651291,60.8,4.4,50.4,2.1
3857296,2022-12-01,Group Stage,Belgium,1,0,54,Croatia,12625,Borna Sosa,5456,Mateo Kovačić,Complete,43.609745,57.3,3.5,98.8,16.9
3857296,2022-12-01,Group Stage,Belgium,1,1,1,Croatia,5456,Mateo Kovačić,5460,Andrej Kramarić,Complete,19.900753,109.3,28.0,107.3,47.8
3857296,2022-12-01,Group Stage,Belgium,1,1,5,Croatia,5460,Andrej Kramarić,29163,Josip Juranović,Complete,18.736061,110.5,53.8,115.7,71.8
3857296,2022-12-01,Group Stage,Belgium,1,1,7,Croatia,29163,Josip Juranović,,,Incomplete,22.327114,115.7,71.8,116.8,49.5
3857296,2022-12-01,Group Stage,Belgium,1,1,27,Croatia,29163,Josip Juranović,22041,Marko Livaja,Incomplete,35.164757,106.5,80.0,109.9,45.0
3857296,2022-12-01,Group Stage,Belgium,1,1,34,Croatia,29163,Josip Juranović,5463,Luka Modrić,Complete,11.205802,93.9,74.1,104.8,71.5
3857296,2022-12-01,Group Stage,Belgium,1,1,43,Croatia,5463,Luka Modrić,22041,Marko Livaja,Complete,18.809572,101.1,73.8,111.9,58.4
3857296,2022-12-01,Group Stage,Belgium,1,1,46,Croatia,22041,Marko Livaja,5460,Andrej Kramarić,Incomplete,9.915645,113.9,54.7,107.3,47.3
3857296,2022-12-01,Group Stage,Belgium,1,2,2,Croatia,5469,Marcelo Brozović,5463,Luka Modrić,Complete,10.163661,72.5,58.4,74.8,68.3
3857296,2022-12-01,Group Stage,Belgium,1,3,6,Croatia,5463,Luka Modrić,5474,Ivan Perišić,Complete,31.792137,23.3,32.0,47.6,11.5
3857296,2022-12-01,Group Stage,Belgium,1,3,16,Croatia,12625,Borna Sosa,5469,Marcelo Brozović,Complete,8.516455,46.1,0.1,48.4,8.3
3857296,2022-12-01,Group Stage,Belgium,1,3,21,Croatia,5469,Marcelo Brozović,3471,Dejan Lovren,Complete,19.944424,43.3,12.3,31.0,28.0
3857296,2022-12-01,Group Stage,Belgium,1,3,24,Croatia,3471,Dejan Lovren,29163,Josip Juranović,Complete,34.38037,31.6,32.0,43.1,64.4
3857296,2022-12-01,Group Stage,Belgium,1,3,28,Croatia,29163,Josip Juranović,3471,Dejan Lovren,Complete,14.04564,44.2,48.6,31.0,43.8
3857296,2022-12-01,Group Stage,Belgium,1,3,29,Croatia,3471,Dejan Lovren,33018,Joško Gvardiol,Complete,24.408606,31.0,43.8,33.3,19.5
3857296,2022-12-01,Group Stage,Belgium,1,3,37,Croatia,33018,Joško Gvardiol,12625,Borna Sosa,Complete,13.377593,68.2,9.4,79.6,2.4
3857296,2022-12-01,Group Stage,Belgium,1,3,40,Croatia,12625,Borna Sosa,22041,Marko Livaja,Complete,21.849714,79.6,2.4,95.1,17.8
3857296,2022-12-01,Group Stage,Belgium,1,3,42,Croatia,22041,Marko Livaja,5474,Ivan Perišić,Out,23.242203,96.8,14.9,120.0,16.3
3857296,2022-12-01,Group Stage,Belgium,1,4,27,Croatia,5469,Marcelo Brozović,5463,Luka Modrić,Complete,6.16198,18.4,32.3,23.0,36.4
3857296,2022-12-01,Group Stage,Belgium,1,4,28,Croatia,5463,Luka Modrić,3471,Dejan Lovren,Complete,9.213577,23.0,36.4,13.8,36.9
3857296,2022-12-01,Group Stage,Belgium,1,4,29,Croatia,3471,Dejan Lovren,16531,Dominik Livaković,Complete,12.403628,13.8,36.9,3.0,43.0
3857296,2022-12-01,Group Stage,Belgium,1,4,31,Croatia,16531,Dominik Livaković,,,Incomplete,91.47382,3.0,43.0,92.5,24.1
3857296,2022-12-01,Group Stage,Belgium,1,5,54,Croatia,29163,Josip Juranović,16531,Dominik Livaković,Complete,43.43731,44.7,30.9,4.9,48.3
3857296,2022-12-01,Group Stage,Belgium,1,5,59,Croatia,16531,Dominik Livaković,5474,Ivan Perišić,Incomplete,69.023476,4.9,48.3,67.9,20.1
3857296,2022-12-01,Group Stage,Belgium,1,6,5,Croatia,5469,Marcelo Brozović,33018,Joško Gvardiol,Complete,19.803535,47.3,28.3,33.6,14.0
3857296,2022-12-01,Group Stage,Belgium,1,6,8,Croatia,33018,Joško Gvardiol,12625,Borna Sosa,Complete,10.568822,33.6,14.0,37.3,4.1
3857296,2022-12-01,Group Stage,Belgium,1,6,11,Croatia,12625,Borna Sosa,5456,Mateo Kovačić,Complete,8.039901,35.9,4.9,36.7,12.9
3857296,2022-12-01,Group Stage,Belgium,1,6,12,Croatia,5456,Mateo Kovačić,12625,Borna Sosa,Complete,12.928264,36.7,12.9,42.2,1.2
3857296,2022-12-01,Group Stage,Belgium,1,6,16,Croatia,12625,Borna Sosa,5469,Marcelo Brozović,Complete,16.39817,59.1,15.8,50.4,29.7
3857296,2022-12-01,Group Stage,Belgium,1,6,17,Croatia,5469,Marcelo Brozović,29163,Josip Juranović,Complete,26.236044,50.4,29.7,43.1,54.9
3857296,2022-12-01,Group Stage,Belgium,1,6,21,Croatia,29163,Josip Juranović,5460,Andrej Kramarić,Complete,20.039211,43.9,59.5,57.3,74.4
3857296,2022-12-01,Group Stage,Belgium,1,6,23,Croatia,5460,Andrej Kramarić,29163,Josip Juranović,Complete,17.889103,54.5,70.6,39.6,60.7
3857296,2022-12-01,Group Stage,Belgium,1,6,26,Croatia,29163,Josip Juranović,5469,Marcelo Brozović,Complete,8.926926,42.2,61.3,51.0,59.8
3857296,2022-12-01,Group Stage,Belgium,1,6,47,Croatia,5469,Marcelo Brozović,12625,Borna Sosa,Complete,54.147667,33.0,72.9,43.6,19.8
3857296,2022-12-01,Group Stage,Belgium,1,6,51,Croatia,12625,Borna Sosa,5474,Ivan Perišić,Complete,17.36577,56.5,14.6,67.9,1.5
3857296,2022-12-01,Group Stage,Belgium,1,6,56,Croatia,5474,Ivan Perišić,12625,Borna Sosa,Complete,10.638139,69.9,3.8,59.3,4.7
3857296,2022-12-01,Group Stage,Belgium,1,6,59,Croatia,12625,Borna Sosa,33018,Joško Gvardiol,Complete,16.991762,57.0,3.5,44.4,14.9
3857296,2022-12-01,Group Stage,Belgium,1,7,1,Croatia,33018,Joško Gvardiol,3471,Dejan Lovren,Complete,31.771685,44.2,16.3,38.2,47.5
3857296,2022-12-01,Group Stage,Belgium,1,7,4,Croatia,3471,Dejan Lovren,29163,Josip Juranović,Complete,28.708883,38.5,49.2,49.3,75.8
3857296,2022-12-01,Group Stage,Belgium,1,7,6,Croatia,29163,Josip Juranović,5463,Luka Modrić,Incomplete,29.342972,52.0,74.9,79.4,64.4
3857296,2022-12-01,Group Stage,Belgium,1,7,12,Croatia,22041,Marko Livaja,5469,Marcelo Brozović,Complete,12.589679,73.0,59.0,60.5,57.5
3857296,2022-12-01,Group Stage,Belgium,1,7,14,Croatia,5469,Marcelo Brozović,5463,Luka Modrić,Complete,14.641379,61.4,57.2,75.3,52.6
3857296,2022-12-01,Group Stage,Belgium,1,7,14,Croatia,5463,Luka Modrić,5456,Mateo Kovačić,Incomplete,3.2893767,75.3,52.6,74.2,49.5
3857296,2022-12-01,Group Stage,Belgium,1,7,39,Croatia,29163,Josip Juranović,22041,Marko Livaja,Incomplete,33.594345,101.1,80.0,108.8,47.3
3857296,2022-12-01,Group Stage,Belgium,1,7,45,Croatia,5460,Andrej Kramarić,5474,Ivan Perišić,Incomplete,18.787762,93.1,29.7,99.4,12.0
3857296,2022-12-01,Group Stage,Belgium,1,7,54,Croatia,33018,Joško Gvardiol,5469,Marcelo Brozović,Complete,10.0,44.2,4.7,47.0,14.3
3857296,2022-12-01,Group Stage,Belgium,1,7,55,Croatia,5469,Marcelo Brozović,3471,Dejan Lovren,Complete,14.629422,44.2,14.6,31.3,21.5
3857296,2022-12-01,Group Stage,Belgium,1,7,58,Croatia,3471,Dejan Lovren,16531,Dominik Livaković,Complete,28.079351,29.6,21.5,5.8,36.4
3857296,2022-12-01,Group Stage,Belgium,1,8,1,Croatia,16531,Dominik Livaković,5460,Andrej Kramarić,Incomplete,59.48109,6.7,38.4,62.5,59.0
3857296,2022-12-01,Group Stage,Belgium,1,8,7,Croatia,5469,Marcelo Brozović,5460,Andrej Kramarić,Complete,11.335784,55.0,56.1,66.1,53.8
3857296,2022-12-01,Group Stage,Belgium,1,8,8,Croatia,5460,Andrej Kramarić,5469,Marcelo Brozović,Complete,3.8288379,65.6,53.8,63.1,50.9
3857296,2022-12-01,Group Stage,Belgium,1,8,10,Croatia,5469,Marcelo Brozović,22041,Marko Livaja,Complete,11.313708,64.5,41.8,72.5,33.8
3857296,2022-12-01,Group Stage,Belgium,1,9,9,Croatia,5460,Andrej Kramarić,29163,Josip Juranović,Complete,9.121951,9.8,64.1,11.8,55.2
3857296,2022-12-01,Group Stage,Belgium,1,9,10,Croatia,29163,Josip Juranović,22041,Marko Livaja,Complete,35.696777,11.8,55.2,46.7,62.7
3857296,2022-12-01,Group Stage,Belgium,1,9,49,Croatia,16531,Dominik Livaković,12625,Borna Sosa,Complete,38.602848,15.3,42.1,23.6,4.4
3857296,2022-12-01,Group Stage,Belgium,1,9,57,Croatia,12625,Borna Sosa,5456,Mateo Kovačić,Complete,10.017983,55.0,4.1,65.0,3.5
3857296,2022-12-01,Group Stage,Belgium,1,9,58,Croatia,5456,Mateo Kovačić,12625,Borna Sosa,Complete,4.382921,64.7,2.9,60.8,4.9
3857296,2022-12-01,Group Stage,Belgium,1,10,0,Croatia,12625,Borna Sosa,5474,Ivan Perišić,Pass Offside,17.551353,69.3,14.3,85.9,8.6
3857296,2022-12-01,Group Stage,Belgium,1,11,53,Croatia,5474,Ivan Perišić,5469,Marcelo Brozović,Complete,7.4242845,52.4,30.6,45.0,30.0
3857296,2022-12-01,Group Stage,Belgium,1,11,54,Croatia,5469,Marcelo Brozović,12625,Borna Sosa,Complete,26.600752,45.0,30.0,49.6,3.8
3857296,2022-12-01,Group Stage,Belgium,1,11,57,Croatia,12625,Borna Sosa,5456,Mateo Kovačić,Complete,8.246211,49.6,3.8,57.6,1.8
3857296,2022-12-01,Group Stage,Belgium,1,12,1,Croatia,5456,Mateo Kovačić,3471,Dejan Lovren,Complete,31.590189,56.8,11.2,45.5,40.7
3857296,2022-12-01,Group Stage,Belgium,1,12,4,Croatia,3471,Dejan Lovren,5469,Marcelo Brozović,Complete,10.339246,44.4,35.2,54.7,34.3
3857296,2022-12-01,Group Stage,Belgium,1,12,5,Croatia,5469,Marcelo Brozović,29163,Josip Juranović,Complete,40.01962,54.7,34.3,45.3,73.2
3857296,2022-12-01,Group Stage,Belgium,1,12,9,Croatia,29163,Josip Juranović,5474,Ivan Perišić,Complete,11.822436,58.8,70.1,68.4,77.0
3857296,2022-12-01,Group Stage,Belgium,1,12,11,Croatia,5474,Ivan Perišić,3471,Dejan Lovren,Complete,27.446129,65.6,77.0,43.3,61.0
3857296,2022-12-01,Group Stage,Belgium,1,12,13,Croatia,3471,Dejan Lovren,29163,Josip Juranović,Incomplete,23.400213,43.6,61.3,64.2,72.4
3857296,2022-12-01,Group Stage,Belgium,1,12,17,Croatia,5469,Marcelo Brozović,33018,Joško Gvardiol,Complete,15.143315,63.7,53.8,55.3,41.2
3857296,2022-12-01,Group Stage,Belgium,1,12,20,Croatia,33018,Joško Gvardiol,12625,Borna Sosa,Complete,28.602448,57.0,35.8,68.7,9.7
3857296,2022-12-01,Group Stage,Belgium,1,12,24,Croatia,12625,Borna Sosa,5460,Andrej Kramarić,Complete,10.822661,90.5,10.9,96.8,2.1
3857296,2022-12-01,Group Stage,Belgium,1,12,29,Croatia,5460,Andrej Kramarić,5456,Mateo Kovačić,Complete,9.007774,102.5,7.1,94.2,10.6
3857296,2022-12-01,Group Stage,Belgium,1,12,31,Croatia,5456,Mateo Kovačić,12625,Borna Sosa,Complete,11.967038,94.2,10.6,103.1,2.6
3857296,2022-12-01,Group Stage,Belgium,1,12,34,Croatia,12625,Borna Sosa,5469,Marcelo Brozović,Complete,12.809762,101.7,4.1,102.2,16.9
3857296,2022-12-01,Group Stage,Belgium,1,12,36,Croatia,5469,Marcelo Brozović,12625,Borna Sosa,Complete,10.748954,100.8,14.6,98.5,4.1
3857296,2022-12-01,Group Stage,Belgium,1,12,37,Croatia,12625,Borna Sosa,5456,Mateo Kovačić,Complete,12.127654,98.5,4.1,86.7,6.9
3857296,2022-12-01,Group Stage,Belgium,1,12,39,Croatia,5456,Mateo Kovačić,29163,Josip Juranović,Complete,63.607704,86.2,9.7,82.5,73.2
3857296,2022-12-01,Group Stage,Belgium,1,12,44,Croatia,29163,Josip Juranović,22041,Marko Livaja,Incomplete,35.00357,86.2,71.2,107.6,43.5
3857296,2022-12-01,Group Stage,Belgium,1,13,28,Croatia,16531,Dominik Livaković,29163,Josip Juranović,Complete,39.117386,6.0,44.0,34.4,70.9
3857296,2022-12-01,Group Stage,Belgium,1,13,32,Croatia,29163,Josip Juranović,3471,Dejan Lovren,Complete,29.980328,48.1,72.9,22.2,57.8
3857296,2022-12-01,Group Stage,Belgium,1,13,35,Croatia,3471,Dejan Lovren,16531,Dominik Livaković,Complete,19.86001,19.3,57.8,6.4,42.7
3857296,2022-12-01,Group Stage,Belgium,1,13,37,Croatia,16531,Dominik Livaković,33018,Joško Gvardiol,Complete,18.717104,6.4,42.7,15.6,26.4
3857296,2022-12-01,Group Stage,Belgium,1,13,40,Croatia,33018,Joško Gvardiol,12625,Borna Sosa,Complete,35.88119,20.5,20.4,51.0,1.5
3857296,2022-12-01,Group Stage,Belgium,1,13,45,Croatia,12625,Borna Sosa,5460,Andrej Kramarić,Complete,9.2,73.6,2.4,82.8,2.4
3857296,2022-12-01,Group Stage,Belgium,1,13,46,Croatia,5460,Andrej Kramarić,5456,Mateo Kovačić,Complete,5.936329,82.8,2.4,79.6,7.4
3857296,2022-12-01,Group Stage,Belgium,1,14,26,Croatia,5463,Luka Modrić,3471,Dejan Lovren,Pass Offside,39.03255,85.9,13.2,113.6,40.7
3857296,2022-12-01,Group Stage,Belgium,1,18,18,Croatia,29163,Josip Juranović,5463,Luka Modrić,Complete,9.228217,64.5,71.8,72.5,76.4
3857296,2022-12-01,Group Stage,Belgium,1,18,19,Croatia,5463,Luka Modrić,29163,Josip Juranović,Complete,7.0035706,72.7,75.8,73.9,68.9
3857296,2022-12-01,Group Stage,Belgium,1,18,24,Croatia,29163,Josip Juranović,22041,Marko Livaja,Incomplete,16.686821,108.5,69.8,110.2,53.2
3857296,2022-12-01,Group Stage,Belgium,1,18,41,Croatia,12625,Borna Sosa,33018,Joško Gvardiol,Complete,27.106089,87.0,0.1,60.5,5.8
3857296,2022-12-01,Group Stage,Belgium,1,18,44,Croatia,33018,Joško Gvardiol,3471,Dejan Lovren,Complete,22.866789,60.5,8.9,51.0,29.7
3857296,2022-12-01,Group Stage,Belgium,1,18,48,Croatia,3471,Dejan Lovren,33018,Joško Gvardiol,Complete,23.31373,51.9,33.5,54.2,10.3
3857296,2022-12-01,Group Stage,Belgium,1,18,52,Croatia,33018,Joško Gvardiol,3471,Dejan Lovren,Complete,19.858751,61.6,14.6,50.7,31.2
3857296,2022-12-01,Group Stage,Belgium,1,18,55,Croatia,3471,Dejan Lovren,29163,Josip Juranović,Complete,41.49217,50.1,34.6,63.7,73.8
3857296,2022-12-01,Group Stage,Belgium,1,18,59,Croatia,29163,Josip Juranović,5463,Luka Modrić,Complete,50.799213,69.0,75.2,118.0,61.8
3857296,2022-12-01,Group Stage,Belgium,1,19,3,Croatia,5463,Luka Modrić,22041,Marko Livaja,Incomplete,27.637114,118.0,61.8,110.5,35.2
3857296,2022-12-01,Group Stage,Belgium,1,19,17,Croatia,5469,Marcelo Brozović,5456,Mateo Kovačić,Complete,9.900505,45.3,60.4,52.4,53.5
3857296,2022-12-01,Group Stage,Belgium,1,19,19,Croatia,5456,Mateo Kovačić,5469,Marcelo Brozović,Complete,7.366139,51.0,53.5,45.5,58.4
3857296,2022-12-01,Group Stage,Belgium,1,19,23,Croatia,5469,Marcelo Brozović,5463,Luka Modrić,Complete,7.088018,55.3,63.6,53.3,70.4
3857296,2022-12-01,Group Stage,Belgium,1,19,27,Croatia,5463,Luka Modrić,29163,Josip Juranović,Incomplete,2.5,48.7,77.3,46.7,75.8
3857296,2022-12-01,Group Stage,Belgium,1,19,44,Croatia,29163,Josip Juranović,5469,Marcelo Brozović,Complete,20.670027,47.3,80.0,54.7,60.7
3857296,2022-12-01,Group Stage,Belgium,1,19,46,Croatia,5469,Marcelo Brozović,12625,Borna Sosa,Complete,49.661354,54.2,52.4,58.2,2.9
3857296,2022-12-01,Group Stage,Belgium,1,19,53,Croatia,12625,Borna Sosa,33018,Joško Gvardiol,Complete,25.960932,66.4,2.4,45.5,17.8
3857296,2022-12-01,Group Stage,Belgium,1,19,58,Croatia,33018,Joško Gvardiol,5469,Marcelo Brozović,Complete,12.709839,50.4,22.7,63.1,23.2
3857296,2022-12-01,Group Stage,Belgium,1,19,59,Croatia,5469,Marcelo Brozović,12625,Borna Sosa,Complete,20.751144,63.1,23.2,65.6,2.6
3857296,2022-12-01,Group Stage,Belgium,1,20,3,Croatia,12625,Borna Sosa,5469,Marcelo Brozović,Complete,8.381527,68.4,2.1,60.5,4.9
3857296,2022-12-01,Group Stage,Belgium,1,20,5,Croatia,5469,Marcelo Brozović,33018,Joško Gvardiol,Complete,14.393401,55.6,4.4,44.7,13.8
3857296,2022-12-01,Group Stage,Belgium,1,20,9,Croatia,33018,Joško Gvardiol,16531,Dominik Livaković,Complete,31.205769,35.0,26.1,10.4,45.3
3857296,2022-12-01,Group Stage,Belgium,1,20,14,Croatia,16531,Dominik Livaković,12625,Borna Sosa,Complete,48.826324,14.7,44.1,39.6,2.1
3857296,2022-12-01,Group Stage,Belgium,1,20,18,Croatia,12625,Borna Sosa,5456,Mateo Kovačić,Complete,12.376186,44.7,3.8,56.8,6.4
3857296,2022-12-01,Group Stage,Belgium,1,20,23,Croatia,5456,Mateo Kovačić,5460,Andrej Kramarić,Incomplete,51.351337,74.2,16.3,96.2,62.7
3857296,2022-12-01,Group Stage,Belgium,1,20,32,Croatia,5463,Luka Modrić,29163,Josip Juranović,Complete,15.065523,79.9,68.3,69.0,78.7
3857296,2022-12-01,Group Stage,Belgium,1,20,34,Croatia,29163,Josip Juranović,5460,Andrej Kramarić,Complete,18.744598,69.0,78.7,83.4,66.7
3857296,2022-12-01,Group Stage,Belgium,1,20,35,Croatia,5460,Andrej Kramarić,5463,Luka Modrić,Complete,9.004998,83.4,66.7,75.6,71.2
3857296,2022-12-01,Group Stage,Belgium,1,20,36,Croatia,5463,Luka Modrić,5469,Marcelo Brozović,Complete,13.82787,75.0,68.3,72.5,54.7
3857296,2022-12-01,Group Stage,Belgium,1,20,40,Croatia,5469,Marcelo Brozović,5474,Ivan Perišić,Complete,42.062927,74.2,46.4,76.5,4.4
3857296,2022-12-01,Group Stage,Belgium,1,20,50,Croatia,5474,Ivan Perišić,5460,Andrej Kramarić,Complete,44.80681,115.9,12.6,111.6,57.2
3857296,2022-12-01,Group Stage,Belgium,1,21,18,Croatia,29163,Josip Juranović,22041,Marko Livaja,Incomplete,33.343365,107.3,80.0,109.0,46.7
3857296,2022-12-01,Group Stage,Belgium,1,22,54,Croatia,33018,Joško Gvardiol,12625,Borna Sosa,Complete,21.00595,39.0,25.2,44.4,4.9
3857296,2022-12-01,Group Stage,Belgium,1,22,58,Croatia,12625,Borna Sosa,33018,Joško Gvardiol,Complete,10.080178,38.2,10.9,30.1,4.9
3857296,2022-12-01,Group Stage,Belgium,1,22,59,Croatia,33018,Joško Gvardiol,5456,Mateo Kovačić,Complete,15.570806,31.9,4.9,47.3,2.6
3857296,2022-12-01,Group Stage,Belgium,1,23,5,Croatia,5456,Mateo Kovačić,22041,Marko Livaja,Incomplete,10.793516,74.5,5.2,81.4,13.5
3857296,2022-12-01,Group Stage,Belgium,1,23,21,Croatia,12625,Borna Sosa,33018,Joško Gvardiol,Complete,22.360008,79.4,0.1,57.3,3.5
3857296,2022-12-01,Group Stage,Belgium,1,23,24,Croatia,33018,Joško Gvardiol,3471,Dejan Lovren,Complete,23.495745,56.8,8.0,45.5,28.6
3857296,2022-12-01,Group Stage,Belgium,1,23,26,Croatia,3471,Dejan Lovren,5469,Marcelo Brozović,Complete,10.430724,47.8,28.9,58.2,29.7
3857296,2022-12-01,Group Stage,Belgium,1,23,30,Croatia,5469,Marcelo Brozović,3471,Dejan Lovren,Complete,14.653668,51.3,35.5,37.0,32.3
3857296,2022-12-01,Group Stage,Belgium,1,23,34,Croatia,3471,Dejan Lovren,5456,Mateo Kovačić,Complete,19.106281,37.0,32.3,55.9,29.5
3857296,2022-12-01,Group Stage,Belgium,1,23,35,Croatia,5456,Mateo Kovačić,3471,Dejan Lovren,Complete,20.771374,56.2,29.7,35.9,34.1
3857296,2022-12-01,Group Stage,Belgium,1,23,37,Croatia,3471,Dejan Lovren,5469,Marcelo Brozović,Complete,14.927156,33.0,34.3,32.1,49.2
3857296,2022-12-01,Group Stage,Belgium,1,23,39,Croatia,5469,Marcelo Brozović,29163,Josip Juranović,Complete,22.323082,31.9,49.2,40.5,69.8
3857296,2022-12-01,Group Stage,Belgium,1,23,40,Croatia,29163,Josip Juranović,5463,Luka Modrić,Complete,19.473314,40.5,69.8,56.5,58.7
3857296,2022-12-01,Group Stage,Belgium,1,23,42,Croatia,5463,Luka Modrić,5469,Marcelo Brozović,Incomplete,14.8296995,56.5,57.8,41.9,55.2
3857296,2022-12-01,Group Stage,Belgium,1,23,46,Croatia,3471,Dejan Lovren,5460,Andrej Kramarić,Incomplete,39.460613,51.0,52.6,74.5,20.9
3857296,2022-12-01,Group Stage,Belgium,1,24,55,Croatia,5474,Ivan Perišić,16531,Dominik Livaković,Complete,21.503721,27.8,52.9,7.8,45.0
3857296,2022-12-01,Group Stage,Belgium,1,25,0,Croatia,16531,Dominik Livaković,12625,Borna Sosa,Complete,32.125378,15.0,41.5,27.0,11.7
3857296,2022-12-01,Group Stage,Belgium,1,25,4,Croatia,12625,Borna Sosa,33018,Joško Gvardiol,Complete,15.273506,25.8,1.8,15.0,12.6
3857296,2022-12-01,Group Stage,Belgium,1,25,8,Croatia,33018,Joško Gvardiol,29163,Josip Juranović,Complete,55.155235,16.4,14.0,28.1,67.9
3857296,2022-12-01,Group Stage,Belgium,1,25,13,Croatia,29163,Josip Juranović,3471,Dejan Lovren,Complete,10.751744,28.1,67.9,20.7,60.1
3857296,2022-12-01,Group Stage,Belgium,1,25,18,Croatia,3471,Dejan Lovren,29163,Josip Juranović,Complete,19.839859,22.8,59.2,35.9,74.1
3857296,2022-12-01,Group Stage,Belgium,1,25,20,Croatia,29163,Josip Juranović,5463,Luka Modrić,Complete,9.095603,37.9,74.4,46.7,76.7
3857296,2022-12-01,Group Stage,Belgium,1,25,24,Croatia,5463,Luka Modrić,5456,Mateo Kovačić,Complete,47.40232,41.6,75.0,65.9,34.3
3857296,2022-12-01,Group Stage,Belgium,1,25,29,Croatia,5456,Mateo Kovačić,5460,Andrej Kramarić,Complete,26.184156,74.2,27.2,94.2,10.3
3857296,2022-12-01,Group Stage,Belgium,1,25,41,Croatia,12625,Borna Sosa,5456,Mateo Kovačić,Complete,4.738143,106.7,3.5,102.0,4.1
3857296,2022-12-01,Group Stage,Belgium,1,25,42,Croatia,5456,Mateo Kovačić,5469,Marcelo Brozović,Complete,17.969418,100.2,4.7,87.9,17.8
3857296,2022-12-01,Group Stage,Belgium,1,25,46,Croatia,5469,Marcelo Brozović,5456,Mateo Kovačić,Complete,14.085809,87.6,20.7,97.1,10.3
3857296,2022-12-01,Group Stage,Belgium,1,25,48,Croatia,5456,Mateo Kovačić,12625,Borna Sosa,Complete,9.76166,97.1,10.3,103.1,2.6
3857296,2022-12-01,Group Stage,Belgium,1,25,52,Croatia,12625,Borna Sosa,5474,Ivan Perišić,Complete,8.570297,103.1,2.6,110.2,7.4
3857296,2022-12-01,Group Stage,Belgium,1,26,38,Croatia,5463,Luka Modrić,,,Incomplete,38.30992,120.0,0.1,111.7,37.5
3857296,2022-12-01,Group Stage,Belgium,1,26,44,Croatia,5456,Mateo Kovačić,5469,Marcelo Brozović,Complete,20.947554,80.5,2.6,59.9,6.4
3857296,2022-12-01,Group Stage,Belgium,1,26,48,Croatia,5469,Marcelo Brozović,12625,Borna Sosa,Complete,20.181675,51.3,6.7,67.6,18.6
3857296,2022-12-01,Group Stage,Belgium,1,26,51,Croatia,12625,Borna Sosa,5456,Mateo Kovačić,Complete,12.066896,63.1,14.0,61.1,2.1
3857296,2022-12-01,Group Stage,Belgium,1,26,53,Croatia,5456,Mateo Kovačić,5474,Ivan Perišić,Out,43.43731,61.1,2.1,104.5,0.3
3857296,2022-12-01,Group Stage,Belgium,1,27,16,Croatia,12625,Borna Sosa,33018,Joško Gvardiol,Complete,21.04899,69.9,0.1,49.0,2.6
3857296,2022-12-01,Group Stage,Belgium,1,27,19,Croatia,33018,Joško Gvardiol,3471,Dejan Lovren,Complete,25.68774,47.0,7.4,43.9,32.9
3857296,2022-12-01,Group Stage,Belgium,1,27,23,Croatia,3471,Dejan Lovren,33018,Joško Gvardiol,Complete,20.940392,41.0,35.5,48.1,15.8
3857296,2022-12-01,Group Stage,Belgium,1,27,26,Croatia,33018,Joško Gvardiol,5474,Ivan Perišić,Complete,16.201544,56.8,5.8,72.5,1.8
3857296,2022-12-01,Group Stage,Belgium,1,27,28,Croatia,5474,Ivan Perišić,3471,Dejan Lovren,Complete,35.749825,67.3,2.9,44.7,30.6
3857296,2022-12-01,Group Stage,Belgium,1,27,32,Croatia,3471,Dejan Lovren,29163,Josip Juranović,Complete,41.484936,45.0,34.3,60.2,72.9
3857296,2022-12-01,Group Stage,Belgium,1,27,35,Croatia,29163,Josip Juranović,5463,Luka Modrić,Incomplete,21.272047,64.2,72.9,83.7,64.4
3857296,2022-12-01,Group Stage,Belgium,1,27,46,Croatia,29163,Josip Juranović,3471,Dejan Lovren,Complete,24.3181,55.0,80.0,31.9,72.4
3857296,2022-12-01,Group Stage,Belgium,1,27,49,Croatia,3471,Dejan Lovren,33018,Joško Gvardiol,Complete,33.27957,33.6,67.3,31.3,34.1
3857296,2022-12-01,Group Stage,Belgium,1,27,52,Croatia,33018,Joško Gvardiol,12625,Borna Sosa,Complete,29.014652,32.1,27.7,54.2,8.9
3857296,2022-12-01,Group Stage,Belgium,1,27,56,Croatia,12625,Borna Sosa,5474,Ivan Perišić,Complete,13.219683,68.2,6.1,80.8,2.1
3857296,2022-12-01,Group Stage,Belgium,1,28,0,Croatia,5474,Ivan Perišić,5460,Andrej Kramarić,Complete,68.21092,83.7,5.2,95.4,72.4
3857296,2022-12-01,Group Stage,Belgium,1,28,6,Croatia,5460,Andrej Kramarić,29163,Josip Juranović,Complete,15.716552,84.2,75.5,68.7,72.9
3857296,2022-12-01,Group Stage,Belgium,1,28,9,Croatia,29163,Josip Juranović,5460,Andrej Kramarić,Complete,7.3817344,71.3,71.8,77.3,76.1
3857296,2022-12-01,Group Stage,Belgium,1,28,10,Croatia,5460,Andrej Kramarić,29163,Josip Juranović,Complete,7.140028,76.8,76.1,72.5,70.4
3857296,2022-12-01,Group Stage,Belgium,1,28,11,Croatia,29163,Josip Juranović,5460,Andrej Kramarić,Complete,7.484651,71.9,70.4,74.8,77.3
3857296,2022-12-01,Group Stage,Belgium,1,28,16,Croatia,5460,Andrej Kramarić,3471,Dejan Lovren,Complete,15.210852,53.0,55.2,41.9,65.6
3857296,2022-12-01,Group Stage,Belgium,1,28,18,Croatia,3471,Dejan Lovren,5463,Luka Modrić,Pass Offside,34.910458,43.9,67.3,78.2,73.8
3857296,2022-12-01,Group Stage,Belgium,1,28,50,Croatia,33018,Joško Gvardiol,5469,Marcelo Brozović,Complete,9.4429865,57.9,22.9,67.3,23.8
3857296,2022-12-01,Group Stage,Belgium,1,28,55,Croatia,5469,Marcelo Brozović,12625,Borna Sosa,Complete,13.843771,71.6,10.0,59.9,2.6
3857296,2022-12-01,Group Stage,Belgium,1,28,57,Croatia,12625,Borna Sosa,33018,Joško Gvardiol,Complete,13.774251,56.5,3.8,44.2,10.0
3857296,2022-12-01,Group Stage,Belgium,1,29,0,Croatia,33018,Joško Gvardiol,3471,Dejan Lovren,Complete,17.78595,41.6,15.8,31.3,30.3
3857296,2022-12-01,Group Stage,Belgium,1,29,2,Croatia,3471,Dejan Lovren,16531,Dominik Livaković,Complete,26.246904,29.6,31.8,4.7,40.1
3857296,2022-12-01,Group Stage,Belgium,1,29,6,Croatia,16531,Dominik Livaković,5469,Marcelo Brozović,Complete,15.420765,4.7,40.1,19.9,42.7
3857296,2022-12-01,Group Stage,Belgium,1,29,9,Croatia,5469,Marcelo Brozović,29163,Josip Juranović,Incomplete,39.231876,17.0,46.7,55.3,55.2
3857296,2022-12-01,Group Stage,Belgium,1,31,5,Croatia,33018,Joško Gvardiol,5456,Mateo Kovačić,Complete,8.969393,23.9,44.1,31.6,39.5
3857296,2022-12-01,Group Stage,Belgium,1,31,6,Croatia,5456,Mateo Kovačić,5469,Marcelo Brozović,Complete,8.8,32.7,39.5,32.7,48.3
3857296,2022-12-01,Group Stage,Belgium,1,31,8,Croatia,5469,Marcelo Brozović,5460,Andrej Kramarić,Complete,25.469982,35.3,49.2,41.9,73.8
3857296,2022-12-01,Group Stage,Belgium,1,31,10,Croatia,5460,Andrej Kramarić,5463,Luka Modrić,Complete,9.17878,41.9,73.8,43.1,64.7
3857296,2022-12-01,Group Stage,Belgium,1,31,11,Croatia,5463,Luka Modrić,5460,Andrej Kramarić,Complete,7.4,43.1,64.7,43.1,72.1
3857296,2022-12-01,Group Stage,Belgium,1,31,14,Croatia,5460,Andrej Kramarić,5469,Marcelo Brozović,Complete,15.654073,43.6,71.5,48.7,56.7
3857296,2022-12-01,Group Stage,Belgium,1,31,17,Croatia,5469,Marcelo Brozović,12625,Borna Sosa,Complete,31.410189,50.4,50.6,49.6,19.2
3857296,2022-12-01,Group Stage,Belgium,1,31,22,Croatia,12625,Borna Sosa,5456,Mateo Kovačić,Complete,6.8154235,73.6,14.6,67.3,17.2
3857296,2022-12-01,Group Stage,Belgium,1,31,25,Croatia,5456,Mateo Kovačić,5469,Marcelo Brozović,Complete,6.926038,74.2,14.0,74.8,20.9
3857296,2022-12-01,Group Stage,Belgium,1,31,30,Croatia,5469,Marcelo Brozović,12625,Borna Sosa,Complete,14.626346,75.3,17.5,88.5,11.2
3857296,2022-12-01,Group Stage,Belgium,1,31,51,Croatia,5474,Ivan Perišić,33018,Joško Gvardiol,Complete,32.213196,108.5,0.1,76.5,3.8
3857296,2022-12-01,Group Stage,Belgium,1,31,57,Croatia,33018,Joško Gvardiol,3471,Dejan Lovren,Complete,28.491753,77.9,11.2,52.2,23.5
3857296,2022-12-01,Group Stage,Belgium,1,32,0,Croatia,3471,Dejan Lovren,29163,Josip Juranović,Complete,38.833233,50.4,25.5,62.5,62.4
3857296,2022-12-01,Group Stage,Belgium,1,32,3,Croatia,29163,Josip Juranović,5460,Andrej Kramarić,Complete,20.20396,65.6,64.1,82.8,74.7
3857296,2022-12-01,Group Stage,Belgium,1,32,4,Croatia,5460,Andrej Kramarić,5463,Luka Modrić,Complete,11.400438,83.1,74.7,80.5,63.6
3857296,2022-12-01,Group Stage,Belgium,1,32,5,Croatia,5463,Luka Modrić,5460,Andrej Kramarić,Complete,9.968952,81.1,63.8,78.8,73.5
3857296,2022-12-01,Group Stage,Belgium,1,32,9,Croatia,5460,Andrej Kramarić,5474,Ivan Perišić,Complete,48.912167,74.8,53.8,100.2,12.0
3857296,2022-12-01,Group Stage,Belgium,1,32,16,Croatia,5474,Ivan Perišić,5469,Marcelo Brozović,Complete,22.116283,102.8,22.1,96.5,43.3
3857296,2022-12-01,Group Stage,Belgium,1,32,21,Croatia,33018,Joško Gvardiol,12625,Borna Sosa,Complete,35.144985,78.5,27.7,103.1,2.6
3857296,2022-12-01,Group Stage,Belgium,1,32,26,Croatia,12625,Borna Sosa,22041,Marko Livaja,Complete,38.45205,110.2,4.1,112.2,42.5
3857296,2022-12-01,Group Stage,Belgium,1,34,6,Croatia,5469,Marcelo Brozović,29163,Josip Juranović,Out,27.461428,45.8,57.8,62.5,79.6
3857296,2022-12-01,Group Stage,Belgium,1,35,7,Croatia,16531,Dominik Livaković,3471,Dejan Lovren,Complete,2.1095023,6.0,44.0,5.8,46.1
3857296,2022-12-01,Group Stage,Belgium,1,35,9,Croatia,3471,Dejan Lovren,29163,Josip Juranović,Complete,29.008448,7.2,46.4,19.0,72.9
3857296,2022-12-01,Group Stage,Belgium,1,35,13,Croatia,29163,Josip Juranović,22041,Marko Livaja,Incomplete,55.50225,22.8,73.2,77.3,62.7
3857296,2022-12-01,Group Stage,Belgium,1,35,18,Croatia,5463,Luka Modrić,22041,Marko Livaja,Unknown,17.584084,57.0,57.2,73.6,63.0
3857296,2022-12-01,Group Stage,Belgium,1,35,35,Croatia,29163,Josip Juranović,16531,Dominik Livaković,Complete,16.77051,24.1,55.2,11.8,43.8
3857296,2022-12-01,Group Stage,Belgium,1,35,42,Croatia,16531,Dominik Livaković,3471,Dejan Lovren,Complete,5.0990195,12.1,43.0,15.9,46.4
3857296,2022-12-01,Group Stage,Belgium,1,35,44,Croatia,3471,Dejan Lovren,33018,Joško Gvardiol,Complete,23.84114,16.7,46.7,15.3,22.9
3857296,2022-12-01,Group Stage,Belgium,1,35,46,Croatia,33018,Joško Gvardiol,12625,Borna Sosa,Complete,22.729715,15.3,22.1,26.1,2.1
3857296,2022-12-01,Group Stage,Belgium,1,35,49,Croatia,12625,Borna Sosa,5469,Marcelo Brozović,Complete,13.903237,26.1,2.4,26.4,16.3
3857296,2022-12-01,Group Stage,Belgium,1,35,51,Croatia,5469,Marcelo Brozović,3471,Dejan Lovren,Complete,26.800186,25.8,17.5,19.3,43.5
3857296,2022-12-01,Group Stage,Belgium,1,35,53,Croatia,3471,Dejan Lovren,29163,Josip Juranović,Complete,36.778934,17.9,43.5,32.4,77.3
3857296,2022-12-01,Group Stage,Belgium,1,35,56,Croatia,29163,Josip Juranović,5463,Luka Modrić,Complete,17.018812,32.4,77.3,48.4,71.5
3857296,2022-12-01,Group Stage,Belgium,1,35,59,Croatia,5463,Luka Modrić,5469,Marcelo Brozović,Complete,16.189194,48.1,75.5,55.3,61.0
3857296,2022-12-01,Group Stage,Belgium,1,36,1,Croatia,5469,Marcelo Brozović,5460,Andrej Kramarić,Complete,12.709839,61.1,68.3,63.4,55.8
3857296,2022-12-01,Group Stage,Belgium,1,36,2,Croatia,5460,Andrej Kramarić,5463,Luka Modrić,Incomplete,6.1,63.4,55.8,57.3,55.8
3857296,2022-12-01,Group Stage,Belgium,1,36,12,Croatia,5474,Ivan Perišić,22041,Marko Livaja,Incomplete,36.30496,17.0,33.2,53.3,33.8
3857296,2022-12-01,Group Stage,Belgium,1,36,16,Croatia,5463,Luka Modrić,5460,Andrej Kramarić,Complete,2.9732137,42.8,46.7,45.0,44.7
3857296,2022-12-01,Group Stage,Belgium,1,36,18,Croatia,5460,Andrej Kramarić,22041,Marko Livaja,Complete,21.636312,57.0,45.0,69.3,27.2
3857296,2022-12-01,Group Stage,Belgium,1,36,21,Croatia,22041,Marko Livaja,5460,Andrej Kramarić,Complete,48.61646,70.2,32.6,102.2,69.2
3857296,2022-12-01,Group Stage,Belgium,1,36,29,Croatia,5460,Andrej Kramarić,5474,Ivan Perišić,Complete,68.653114,100.2,68.6,111.6,0.9
3857296,2022-12-01,Group Stage,Belgium,1,37,14,Croatia,33018,Joško Gvardiol,12625,Borna Sosa,Complete,10.467569,40.5,8.6,50.4,5.2
3857296,2022-12-01,Group Stage,Belgium,1,37,15,Croatia,12625,Borna Sosa,5456,Mateo Kovačić,Complete,7.942921,50.4,5.2,58.2,6.7
3857296,2022-12-01,Group Stage,Belgium,1,37,16,Croatia,5456,Mateo Kovačić,12625,Borna Sosa,Complete,5.903389,58.2,6.9,53.6,10.6
3857296,2022-12-01,Group Stage,Belgium,1,37,19,Croatia,12625,Borna Sosa,5463,Luka Modrić,Complete,9.794386,65.3,19.2,57.0,24.4
3857296,2022-12-01,Group Stage,Belgium,1,37,20,Croatia,5463,Luka Modrić,5456,Mateo Kovačić,Complete,24.778215,57.0,24.4,68.4,2.4
3857296,2022-12-01,Group Stage,Belgium,1,37,23,Croatia,5456,Mateo Kovačić,5474,Ivan Perišić,Complete,8.672946,73.0,4.9,81.1,1.8
3857296,2022-12-01,Group Stage,Belgium,1,37,25,Croatia,5474,Ivan Perišić,5456,Mateo Kovačić,Complete,6.8007355,81.7,1.8,75.3,4.1
3857296,2022-12-01,Group Stage,Belgium,1,37,27,Croatia,5456,Mateo Kovačić,5469,Marcelo Brozović,Complete,8.05295,75.3,4.1,79.1,11.2
3857296,2022-12-01,Group Stage,Belgium,1,37,28,Croatia,5469,Marcelo Brozović,5456,Mateo Kovačić,Complete,8.348653,79.1,11.2,73.0,5.5
3857296,2022-12-01,Group Stage,Belgium,1,37,30,Croatia,5456,Mateo Kovačić,5469,Marcelo Brozović,Complete,7.8447433,69.0,6.7,76.5,4.4
3857296,2022-12-01,Group Stage,Belgium,1,37,38,Croatia,5469,Marcelo Brozović,5456,Mateo Kovačić,Complete,8.472308,70.7,13.5,69.0,5.2
3857296,2022-12-01,Group Stage,Belgium,1,37,41,Croatia,5456,Mateo Kovačić,33018,Joško Gvardiol,Complete,16.112417,67.3,5.2,51.3,7.1
3857296,2022-12-01,Group Stage,Belgium,1,37,45,Croatia,33018,Joško Gvardiol,3471,Dejan Lovren,Complete,27.374805,51.0,8.9,37.3,32.6
3857296,2022-12-01,Group Stage,Belgium,1,37,51,Croatia,3471,Dejan Lovren,16531,Dominik Livaković,Complete,23.84219,37.3,38.4,13.6,41.0
3857296,2022-12-01,Group Stage,Belgium,1,38,2,Croatia,16531,Dominik Livaković,22041,Marko Livaja,Incomplete,52.899242,17.0,41.0,68.2,27.7
3857296,2022-12-01,Group Stage,Belgium,1,38,7,Croatia,5469,Marcelo Brozović,5463,Luka Modrić,Incomplete,15.876082,42.8,40.7,49.9,54.9
3857296,2022-12-01,Group Stage,Belgium,1,38,10,Croatia,5469,Marcelo Brozović,5456,Mateo Kovačić,Complete,7.5,47.9,46.3,47.9,38.8
3857296,2022-12-01,Group Stage,Belgium,1,38,11,Croatia,5456,Mateo Kovačić,29163,Josip Juranović,Complete,13.209845,47.2,40.2,41.9,52.3
3857296,2022-12-01,Group Stage,Belgium,1,38,13,Croatia,29163,Josip Juranović,22041,Marko Livaja,Complete,15.62466,41.9,52.3,55.2,44.1
3857296,2022-12-01,Group Stage,Belgium,1,38,15,Croatia,22041,Marko Livaja,5469,Marcelo Brozović,Complete,6.9065185,55.0,45.0,54.7,38.1
3857296,2022-12-01,Group Stage,Belgium,1,38,33,Croatia,5456,Mateo Kovačić,5474,Ivan Perišić,Complete,39.10831,55.0,42.4,66.1,4.9
3857296,2022-12-01,Group Stage,Belgium,1,38,35,Croatia,5474,Ivan Perišić,33018,Joško Gvardiol,Complete,26.994259,66.1,1.5,39.9,8.0
3857296,2022-12-01,Group Stage,Belgium,1,38,39,Croatia,33018,Joško Gvardiol,12625,Borna Sosa,Complete,9.929753,38.2,4.1,47.6,0.9
3857296,2022-12-01,Group Stage,Belgium,1,38,40,Croatia,12625,Borna Sosa,5474,Ivan Perišić,Complete,8.421401,48.1,1.2,56.5,0.6
3857296,2022-12-01,Group Stage,Belgium,1,38,44,Croatia,5474,Ivan Perišić,16531,Dominik Livaković,Complete,43.496437,43.6,1.8,16.1,35.5
3857296,2022-12-01,Group Stage,Belgium,1,38,48,Croatia,16531,Dominik Livaković,3471,Dejan Lovren,Complete,12.088011,19.9,40.4,27.5,49.8
3857296,2022-12-01,Group Stage,Belgium,1,38,55,Croatia,3471,Dejan Lovren,22041,Marko Livaja,Complete,25.212696,38.2,57.5,63.4,56.7
3857296,2022-12-01,Group Stage,Belgium,1,38,57,Croatia,22041,Marko Livaja,5460,Andrej Kramarić,Out,60.11256,61.4,57.5,120.0,70.9
3857296,2022-12-01,Group Stage,Belgium,1,39,58,Croatia,16531,Dominik Livaković,3471,Dejan Lovren,Complete,13.44061,6.0,44.0,10.4,56.7
3857296,2022-12-01,Group Stage,Belgium,1,40,4,Croatia,3471,Dejan Lovren,5460,Andrej Kramarić,Incomplete,24.44013,25.2,58.7,49.6,60.1
3857296,2022-12-01,Group Stage,Belgium,1,41,19,Croatia,5460,Andrej Kramarić,22041,Marko Livaja,Incomplete,48.563053,4.4,66.4,51.3,53.8
3857296,2022-12-01,Group Stage,Belgium,1,43,19,Croatia,29163,Josip Juranović,3471,Dejan Lovren,Complete,20.950657,48.7,80.0,30.4,69.8
3857296,2022-12-01,Group Stage,Belgium,1,43,22,Croatia,3471,Dejan Lovren,5463,Luka Modrić,Unknown,39.75739,32.4,72.9,69.3,58.1
3857296,2022-12-01,Group Stage,Belgium,1,44,1,Croatia,16531,Dominik Livaković,33018,Joško Gvardiol,Complete,16.360012,8.4,39.5,9.8,23.2
3857296,2022-12-01,Group Stage,Belgium,1,44,5,Croatia,33018,Joško Gvardiol,3471,Dejan Lovren,Complete,31.705677,5.8,24.4,6.4,56.1
3857296,2022-12-01,Group Stage,Belgium,1,44,9,Croatia,3471,Dejan Lovren,5463,Luka Modrić,Complete,18.0,9.0,59.5,27.0,59.5
3857296,2022-12-01,Group Stage,Belgium,1,44,11,Croatia,5463,Luka Modrić,5469,Marcelo Brozović,Complete,6.706713,27.0,59.5,24.7,53.2
3857296,2022-12-01,Group Stage,Belgium,1,44,12,Croatia,5469,Marcelo Brozović,12625,Borna Sosa,Complete,42.461514,24.7,53.2,28.4,10.9
3857296,2022-12-01,Group Stage,Belgium,1,44,20,Croatia,12625,Borna Sosa,33018,Joško Gvardiol,Complete,20.319448,60.8,8.9,51.0,26.7
3857296,2022-12-01,Group Stage,Belgium,1,44,22,Croatia,33018,Joško Gvardiol,5469,Marcelo Brozović,Complete,6.3906183,51.0,26.7,57.0,28.9
3857296,2022-12-01,Group Stage,Belgium,1,44,24,Croatia,5469,Marcelo Brozović,5463,Luka Modrić,Complete,26.290873,57.0,28.9,63.4,54.4
3857296,2022-12-01,Group Stage,Belgium,1,44,27,Croatia,5463,Luka Modrić,29163,Josip Juranović,Complete,16.94963,64.2,57.2,79.4,64.7
3857296,2022-12-01,Group Stage,Belgium,1,44,30,Croatia,29163,Josip Juranović,5460,Andrej Kramarić,Complete,20.746084,89.3,63.6,106.5,75.2
3857296,2022-12-01,Group Stage,Belgium,1,44,34,Croatia,5460,Andrej Kramarić,5469,Marcelo Brozović,Complete,17.009703,102.5,72.7,96.2,56.9
3857296,2022-12-01,Group Stage,Belgium,1,44,35,Croatia,5469,Marcelo Brozović,5460,Andrej Kramarić,Incomplete,6.8767724,96.2,56.9,101.4,52.4
3857296,2022-12-01,Group Stage,Belgium,1,44,37,Croatia,5469,Marcelo Brozović,5460,Andrej Kramarić,Complete,11.321661,100.2,57.8,91.9,50.1
3857296,2022-12-01,Group Stage,Belgium,1,44,40,Croatia,5460,Andrej Kramarić,12625,Borna Sosa,Complete,23.407692,91.9,50.1,91.3,26.7
3857296,2022-12-01,Group Stage,Belgium,1,45,44,Croatia,16531,Dominik Livaković,5469,Marcelo Brozović,Complete,9.638465,15.0,53.2,23.3,48.3
3857296,2022-12-01,Group Stage,Belgium,1,45,46,Croatia,5469,Marcelo Brozović,12625,Borna Sosa,Complete,34.82126,24.4,44.1,29.8,9.7
3857296,2022-12-01,Group Stage,Belgium,1,45,52,Croatia,12625,Borna Sosa,5474,Ivan Perišić,Complete,72.10173,46.7,2.4,118.8,2.9
3857296,2022-12-01,Group Stage,Belgium,1,45,57,Croatia,5474,Ivan Perišić,,,Out,3.0083218,118.8,2.9,117.7,0.1
3857296,2022-12-01,Group Stage,Belgium,1,46,15,Croatia,5456,Mateo Kovačić,22041,Marko Livaja,Complete,7.484651,102.5,11.5,105.4,18.4
3857296,2022-12-01,Group Stage,Belgium,1,46,17,Croatia,22041,Marko Livaja,5460,Andrej Kramarić,Incomplete,12.015407,102.5,21.2,97.9,32.3
3857296,2022-12-01,Group Stage,Belgium,1,46,26,Croatia,5463,Luka Modrić,5460,Andrej Kramarić,Complete,17.225563,79.6,53.5,75.0,70.1
3857296,2022-12-01,Group Stage,Belgium,1,46,31,Croatia,5460,Andrej Kramarić,5463,Luka Modrić,Complete,19.502308,75.0,70.1,75.3,50.6
3857296,2022-12-01,Group Stage,Belgium,1,46,32,Croatia,5463,Luka Modrić,5460,Andrej Kramarić,Out,37.89934,75.3,50.6,99.7,79.6
3857296,2022-12-01,Group Stage,Belgium,1,46,52,Croatia,3471,Dejan Lovren,5474,Ivan Perišić,Incomplete,26.84772,72.1,52.8,95.7,40.0
3857296,2022-12-01,Group Stage,Belgium,1,47,16,Croatia,29163,Josip Juranović,5463,Luka Modrić,Complete,16.62077,17.6,56.7,15.6,73.2
3857296,2022-12-01,Group Stage,Belgium,1,47,21,Croatia,5463,Luka Modrić,29163,Josip Juranović,Incomplete,24.516525,22.5,75.2,47.0,76.1
3857296,2022-12-01,Group Stage,Belgium,1,47,29,Croatia,5463,Luka Modrić,5469,Marcelo Brozović,Complete,6.958448,26.7,64.4,33.6,65.3
3857296,2022-12-01,Group Stage,Belgium,1,47,31,Croatia,5469,Marcelo Brozović,5456,Mateo Kovačić,Complete,8.616263,33.3,58.4,41.3,55.2
3857296,2022-12-01,Group Stage,Belgium,1,47,46,Croatia,5469,Marcelo Brozović,12625,Borna Sosa,Complete,49.190445,54.7,56.4,65.0,8.3
3857296,2022-12-01,Group Stage,Belgium,1,47,49,Croatia,12625,Borna Sosa,5469,Marcelo Brozović,Complete,11.1830225,71.0,5.8,64.5,14.9
3857296,2022-12-01,Group Stage,Belgium,1,47,54,Croatia,5469,Marcelo Brozović,12625,Borna Sosa,Complete,25.916983,67.3,15.8,89.3,2.1
3857296,2022-12-01,Group Stage,Belgium,1,47,57,Croatia,12625,Borna Sosa,22041,Marko Livaja,Incomplete,28.675425,98.8,4.1,109.0,30.9
3857296,2022-12-01,Group Stage,Belgium,1,48,6,Croatia,33018,Joško Gvardiol,16531,Dominik Livaković,Complete,26.258904,29.0,31.2,5.8,43.5
3857296,2022-12-01,Group Stage,Belgium,1,48,10,Croatia,16531,Dominik Livaković,5463,Luka Modrić,Complete,30.48885,10.7,46.4,37.3,61.3
3857296,2022-12-01,Group Stage,Belgium,1,48,13,Croatia,5463,Luka Modrić,5469,Marcelo Brozović,Complete,15.138032,37.3,61.3,41.3,46.7
3857296,2022-12-01,Group Stage,Belgium,1,48,16,Croatia,5469,Marcelo Brozović,5474,Ivan Perišić,Complete,41.026455,40.5,45.0,46.4,4.4
3857296,2022-12-01,Group Stage,Belgium,1,48,29,Croatia,12625,Borna Sosa,5456,Mateo Kovačić,Complete,16.130716,89.6,0.1,74.2,4.9
3857296,2022-12-01,Group Stage,Belgium,1,48,31,Croatia,5456,Mateo Kovačić,5469,Marcelo Brozović,Complete,11.806778,70.7,6.1,79.9,13.5
3857296,2022-12-01,Group Stage,Belgium,1,48,35,Croatia,5469,Marcelo Brozović,5474,Ivan Perišić,Complete,10.1789,81.1,4.4,89.6,10.0
3857296,2022-12-01,Group Stage,Belgium,1,48,37,Croatia,5474,Ivan Perišić,5469,Marcelo Brozović,Complete,10.771258,87.9,12.0,80.8,20.1
3857296,2022-12-01,Group Stage,Belgium,1,48,39,Croatia,5469,Marcelo Brozović,5463,Luka Modrić,Complete,23.45421,79.6,26.1,70.7,47.8
3857296,2022-12-01,Group Stage,Belgium,1,48,40,Croatia,5463,Luka Modrić,29163,Josip Juranović,Complete,21.444113,70.7,47.8,87.6,61.0
3857296,2022-12-01,Group Stage,Belgium,1,48,42,Croatia,29163,Josip Juranović,5460,Andrej Kramarić,Complete,26.20687,87.6,61.0,113.4,65.6
3857296,2022-12-01,Group Stage,Belgium,1,48,45,Croatia,5460,Andrej Kramarić,5474,Ivan Perišić,Complete,28.03159,113.4,65.6,108.5,38.0
3857296,2022-12-01,Group Stage,Belgium,1,48,52,Croatia,12625,Borna Sosa,,,Incomplete,6.0,117.1,11.5,117.1,17.5
3857296,2022-12-01,Group Stage,Belgium,2,45,26,Croatia,5474,Ivan Perišić,12625,Borna Sosa,Complete,12.649111,22.7,19.7,26.7,7.7
3857296,2022-12-01,Group Stage,Belgium,2,45,28,Croatia,12625,Borna Sosa,22041,Marko Livaja,Incomplete,43.64264,26.7,7.7,69.9,13.9
3857296,2022-12-01,Group Stage,Belgium,2,48,16,Croatia,16531,Dominik Livaković,5469,Marcelo Brozović,Complete,19.285486,7.2,41.2,22.9,30.0
3857296,2022-12-01,Group Stage,Belgium,2,48,18,Croatia,5469,Marcelo Brozović,12625,Borna Sosa,Complete,19.051771,22.9,30.0,25.3,11.1
3857296,2022-12-01,Group Stage,Belgium,2,48,20,Croatia,12625,Borna Sosa,33018,Joško Gvardiol,Complete,17.210463,26.5,11.3,15.7,24.7
3857296,2022-12-01,Group Stage,Belgium,2,48,24,Croatia,33018,Joško Gvardiol,5469,Marcelo Brozović,Complete,10.720541,15.7,24.9,25.9,28.2
3857296,2022-12-01,Group Stage,Belgium,2,48,28,Croatia,5469,Marcelo Brozović,29163,Josip Juranović,Complete,44.187893,33.7,35.0,51.6,75.4
3857296,2022-12-01,Group Stage,Belgium,2,48,32,Croatia,29163,Josip Juranović,5460,Andrej Kramarić,Complete,13.3,56.6,78.4,69.9,78.4
3857296,2022-12-01,Group Stage,Belgium,2,48,33,Croatia,5460,Andrej Kramarić,29163,Josip Juranović,Complete,15.826876,66.3,77.4,50.6,75.4
3857296,2022-12-01,Group Stage,Belgium,2,48,35,Croatia,29163,Josip Juranović,3471,Dejan Lovren,Complete,19.146278,48.2,74.2,30.5,66.9
3857296,2022-12-01,Group Stage,Belgium,2,48,43,Croatia,3471,Dejan Lovren,5463,Luka Modrić,Complete,8.0025,39.0,68.1,47.0,68.3
3857296,2022-12-01,Group Stage,Belgium,2,48,45,Croatia,5463,Luka Modrić,33018,Joško Gvardiol,Complete,15.634897,40.4,62.5,29.7,51.1
3857296,2022-12-01,Group Stage,Belgium,2,48,47,Croatia,33018,Joško Gvardiol,12625,Borna Sosa,Complete,35.16049,32.9,42.0,51.4,12.1
3857296,2022-12-01,Group Stage,Belgium,2,48,51,Croatia,12625,Borna Sosa,5474,Ivan Perišić,Complete,15.924824,62.7,13.1,77.1,6.3
3857296,2022-12-01,Group Stage,Belgium,2,48,52,Croatia,5474,Ivan Perišić,5456,Mateo Kovačić,Complete,13.22422,76.9,6.3,76.1,19.5
3857296,2022-12-01,Group Stage,Belgium,2,48,58,Croatia,5456,Mateo Kovačić,5474,Ivan Perišić,Complete,13.640015,110.9,20.7,104.8,8.5
3857296,2022-12-01,Group Stage,Belgium,2,49,4,Croatia,5474,Ivan Perišić,5456,Mateo Kovačić,Complete,6.4660654,107.9,13.5,102.4,10.1
3857296,2022-12-01,Group Stage,Belgium,2,49,6,Croatia,5456,Mateo Kovačić,5469,Marcelo Brozović,Complete,12.226201,102.4,13.1,99.2,24.9
3857296,2022-12-01,Group Stage,Belgium,2,49,10,Croatia,5469,Marcelo Brozović,33018,Joško Gvardiol,Complete,14.816545,97.6,24.9,86.4,34.6
3857296,2022-12-01,Group Stage,Belgium,2,49,13,Croatia,33018,Joško Gvardiol,5456,Mateo Kovačić,Complete,11.080162,96.0,35.2,104.9,28.6
3857296,2022-12-01,Group Stage,Belgium,2,49,46,Croatia,5456,Mateo Kovačić,5463,Luka Modrić,Complete,10.373042,120.0,0.1,111.4,5.9
3857296,2022-12-01,Group Stage,Belgium,2,49,48,Croatia,5463,Luka Modrić,5469,Marcelo Brozović,Complete,12.515989,111.4,5.9,99.0,7.6
3857296,2022-12-01,Group Stage,Belgium,2,49,50,Croatia,5469,Marcelo Brozović,5463,Luka Modrić,Complete,4.1773195,98.4,7.1,102.5,6.3
3857296,2022-12-01,Group Stage,Belgium,2,49,50,Croatia,5463,Luka Modrić,5474,Ivan Perišić,Incomplete,31.074266,102.5,6.3,110.6,36.3
3857296,2022-12-01,Group Stage,Belgium,2,51,6,Croatia,16531,Dominik Livaković,33018,Joško Gvardiol,Complete,16.60271,7.0,44.1,6.7,27.5
3857296,2022-12-01,Group Stage,Belgium,2,51,8,Croatia,33018,Joško Gvardiol,12625,Borna Sosa,Complete,24.507345,8.6,26.8,19.6,4.9
3857296,2022-12-01,Group Stage,Belgium,2,51,11,Croatia,12625,Borna Sosa,33018,Joško Gvardiol,Complete,14.840486,19.4,5.2,10.4,17.0
3857296,2022-12-01,Group Stage,Belgium,2,51,14,Croatia,33018,Joško Gvardiol,3471,Dejan Lovren,Complete,24.807257,11.8,22.8,12.4,47.6
3857296,2022-12-01,Group Stage,Belgium,2,51,21,Croatia,3471,Dejan Lovren,33018,Joško Gvardiol,Complete,30.592974,20.5,57.7,11.7,28.4
3857296,2022-12-01,Group Stage,Belgium,2,51,23,Croatia,33018,Joško Gvardiol,12625,Borna Sosa,Complete,28.56589,13.6,29.1,31.2,6.6
3857296,2022-12-01,Group Stage,Belgium,2,51,26,Croatia,12625,Borna Sosa,5474,Ivan Perišić,Complete,19.709135,31.1,7.2,50.8,7.8
3857296,2022-12-01,Group Stage,Belgium,2,51,27,Croatia,5474,Ivan Perišić,5456,Mateo Kovačić,Complete,10.204411,52.4,7.2,48.2,16.5
3857296,2022-12-01,Group Stage,Belgium,2,51,55,Croatia,3471,Dejan Lovren,33018,Joško Gvardiol,Complete,7.547185,22.8,27.8,29.2,23.8
3857296,2022-12-01,Group Stage,Belgium,2,51,57,Croatia,33018,Joško Gvardiol,5469,Marcelo Brozović,Complete,10.870603,29.4,22.8,37.8,29.7
3857296,2022-12-01,Group Stage,Belgium,2,52,3,Croatia,5469,Marcelo Brozović,5460,Andrej Kramarić,Complete,48.105095,51.5,28.4,50.8,76.5
3857296,2022-12-01,Group Stage,Belgium,2,52,8,Croatia,5460,Andrej Kramarić,29163,Josip Juranović,Complete,10.46948,49.6,74.3,40.1,69.9
3857296,2022-12-01,Group Stage,Belgium,2,52,11,Croatia,29163,Josip Juranović,5463,Luka Modrić,Complete,17.184004,41.2,68.6,57.7,73.4
3857296,2022-12-01,Group Stage,Belgium,2,52,18,Croatia,5463,Luka Modrić,5456,Mateo Kovačić,Complete,20.44138,43.8,64.0,55.0,46.9
3857296,2022-12-01,Group Stage,Belgium,2,52,20,Croatia,5456,Mateo Kovačić,5469,Marcelo Brozović,Complete,14.729901,55.0,46.9,58.1,61.3
3857296,2022-12-01,Group Stage,Belgium,2,52,20,Croatia,5469,Marcelo Brozović,5474,Ivan Perišić,Complete,52.63345,58.1,61.3,70.3,10.1
3857296,2022-12-01,Group Stage,Belgium,2,52,26,Croatia,5474,Ivan Perišić,12625,Borna Sosa,Complete,16.836271,78.8,18.0,92.7,8.5
3857296,2022-12-01,Group Stage,Belgium,2,52,30,Croatia,12625,Borna Sosa,5460,Andrej Kramarić,Complete,63.48173,105.2,13.9,110.0,77.2
3857296,2022-12-01,Group Stage,Belgium,2,52,38,Croatia,5460,Andrej Kramarić,29163,Josip Juranović,Complete,9.803061,109.4,71.8,100.1,74.9
3857296,2022-12-01,Group Stage,Belgium,2,52,40,Croatia,29163,Josip Juranović,5463,Luka Modrić,Complete,11.562439,100.1,75.0,91.3,67.5
3857296,2022-12-01,Group Stage,Belgium,2,52,43,Croatia,5463,Luka Modrić,29163,Josip Juranović,Complete,16.337074,98.5,64.7,112.8,72.6
3857296,2022-12-01,Group Stage,Belgium,2,52,45,Croatia,29163,Josip Juranović,5460,Andrej Kramarić,Incomplete,27.94602,113.1,72.3,109.4,44.6
3857296,2022-12-01,Group Stage,Belgium,2,52,56,Croatia,5469,Marcelo Brozović,33018,Joško Gvardiol,Complete,26.127571,70.8,61.6,63.9,36.4
3857296,2022-12-01,Group Stage,Belgium,2,52,59,Croatia,33018,Joško Gvardiol,12625,Borna Sosa,Complete,22.203604,62.9,29.1,82.3,18.3
3857296,2022-12-01,Group Stage,Belgium,2,53,2,Croatia,12625,Borna Sosa,22041,Marko Livaja,Complete,25.314226,89.0,16.3,111.5,27.9
3857296,2022-12-01,Group Stage,Belgium,2,53,6,Croatia,22041,Marko Livaja,5456,Mateo Kovačić,Complete,8.988882,110.3,26.8,101.9,30.0
3857296,2022-12-01,Group Stage,Belgium,2,53,7,Croatia,5456,Mateo Kovačić,5469,Marcelo Brozović,Complete,6.7029843,100.8,31.0,100.6,37.7
3857296,2022-12-01,Group Stage,Belgium,2,53,16,Croatia,5474,Ivan Perišić,12625,Borna Sosa,Complete,9.626006,111.9,0.1,104.8,6.6
3857296,2022-12-01,Group Stage,Belgium,2,53,18,Croatia,12625,Borna Sosa,5469,Marcelo Brozović,Complete,13.155227,103.0,7.2,93.5,16.3
3857296,2022-12-01,Group Stage,Belgium,2,53,21,Croatia,5469,Marcelo Brozović,5474,Ivan Perišić,Complete,14.705441,93.8,11.6,107.8,7.1
3857296,2022-12-01,Group Stage,Belgium,2,53,24,Croatia,5474,Ivan Perišić,12625,Borna Sosa,Complete,10.217632,108.6,7.1,98.4,6.5
3857296,2022-12-01,Group Stage,Belgium,2,53,27,Croatia,12625,Borna Sosa,5456,Mateo Kovačić,Complete,8.077747,98.4,6.5,90.9,9.5
3857296,2022-12-01,Group Stage,Belgium,2,53,29,Croatia,5456,Mateo Kovačić,5463,Luka Modrić,Complete,25.385231,88.4,10.7,78.8,34.2
3857296,2022-12-01,Group Stage,Belgium,2,53,30,Croatia,5463,Luka Modrić,29163,Josip Juranović,Complete,26.1895,78.8,34.2,74.3,60.0
3857296,2022-12-01,Group Stage,Belgium,2,53,33,Croatia,29163,Josip Juranović,5463,Luka Modrić,Complete,14.003571,75.7,58.6,89.6,56.9
3857296,2022-12-01,Group Stage,Belgium,2,53,37,Croatia,5463,Luka Modrić,22041,Marko Livaja,Complete,7.81025,96.9,61.3,95.1,53.7
3857296,2022-12-01,Group Stage,Belgium,2,53,39,Croatia,22041,Marko Livaja,5463,Luka Modrić,Complete,13.296992,95.1,53.7,106.7,60.2
3857296,2022-12-01,Group Stage,Belgium,2,53,48,Croatia,5474,Ivan Perišić,12625,Borna Sosa,Complete,8.895505,106.2,26.0,114.5,22.8
3857296,2022-12-01,Group Stage,Belgium,2,53,49,Croatia,12625,Borna Sosa,29163,Josip Juranović,Complete,52.61939,114.1,23.8,109.3,76.2
3857296,2022-12-01,Group Stage,Belgium,2,53,55,Croatia,29163,Josip Juranović,,,Incomplete,2.6019223,109.3,76.6,111.9,76.5
3857296,2022-12-01,Group Stage,Belgium,2,54,8,Croatia,29163,Josip Juranović,5463,Luka Modrić,Complete,10.0657835,104.5,80.0,96.9,73.4
3857296,2022-12-01,Group Stage,Belgium,2,54,13,Croatia,5463,Luka Modrić,5460,Andrej Kramarić,Incomplete,10.06628,112.8,60.3,110.5,50.5
3857296,2022-12-01,Group Stage,Belgium,2,54,26,Croatia,5469,Marcelo Brozović,22041,Marko Livaja,Unknown,11.510864,84.6,65.6,93.5,58.3
3857296,2022-12-01,Group Stage,Belgium,2,55,2,Croatia,22041,Marko Livaja,5456,Mateo Kovačić,Complete,9.4371605,76.8,51.0,74.3,41.9
3857296,2022-12-01,Group Stage,Belgium,2,55,5,Croatia,5456,Mateo Kovačić,5460,Andrej Kramarić,Complete,20.203218,92.7,28.1,97.6,8.5
3857296,2022-12-01,Group Stage,Belgium,2,55,9,Croatia,5460,Andrej Kramarić,12625,Borna Sosa,Complete,7.4518456,104.3,12.9,99.5,7.2
3857296,2022-12-01,Group Stage,Belgium,2,55,14,Croatia,12625,Borna Sosa,5460,Andrej Kramarić,Complete,4.031129,99.5,7.2,103.0,5.2
3857296,2022-12-01,Group Stage,Belgium,2,55,14,Croatia,5460,Andrej Kramarić,5456,Mateo Kovačić,Complete,16.189503,102.1,6.6,86.0,4.9
3857296,2022-12-01,Group Stage,Belgium,2,55,16,Croatia,5456,Mateo Kovačić,5469,Marcelo Brozović,Complete,14.675149,85.5,4.9,81.1,18.9
3857296,2022-12-01,Group Stage,Belgium,2,55,18,Croatia,5469,Marcelo Brozović,5460,Andrej Kramarić,Complete,7.798718,81.9,18.6,87.8,23.7
3857296,2022-12-01,Group Stage,Belgium,2,55,20,Croatia,5460,Andrej Kramarić,5469,Marcelo Brozović,Complete,13.482581,87.3,21.8,94.0,10.1
3857296,2022-12-01,Group Stage,Belgium,2,55,26,Croatia,5469,Marcelo Brozović,12625,Borna Sosa,Complete,8.13941,94.0,10.7,101.3,7.1
3857296,2022-12-01,Group Stage,Belgium,2,56,1,Croatia,33018,Joško Gvardiol,16531,Dominik Livaković,Complete,20.520477,7.3,16.1,4.3,36.4
3857296,2022-12-01,Group Stage,Belgium,2,56,5,Croatia,16531,Dominik Livaković,3471,Dejan Lovren,Complete,13.885244,6.0,44.4,8.8,58.0
3857296,2022-12-01,Group Stage,Belgium,2,56,8,Croatia,3471,Dejan Lovren,29163,Josip Juranović,Complete,12.137957,17.1,69.3,26.4,77.1
3857296,2022-12-01,Group Stage,Belgium,2,56,10,Croatia,29163,Josip Juranović,5474,Ivan Perišić,Incomplete,5.433231,28.0,75.3,33.4,75.9
3857296,2022-12-01,Group Stage,Belgium,2,56,19,Croatia,29163,Josip Juranović,3471,Dejan Lovren,Complete,16.858528,33.6,80.0,19.1,71.4
3857296,2022-12-01,Group Stage,Belgium,2,56,21,Croatia,3471,Dejan Lovren,16531,Dominik Livaković,Complete,27.38923,22.1,71.7,8.2,48.1
3857296,2022-12-01,Group Stage,Belgium,2,56,25,Croatia,16531,Dominik Livaković,33018,Joško Gvardiol,Complete,11.621101,9.1,47.5,9.8,35.9
3857296,2022-12-01,Group Stage,Belgium,2,56,27,Croatia,33018,Joško Gvardiol,3471,Dejan Lovren,Complete,27.324715,15.2,35.1,19.4,62.1
3857296,2022-12-01,Group Stage,Belgium,2,56,34,Croatia,3471,Dejan Lovren,5463,Luka Modrić,Complete,10.956277,42.3,68.0,46.3,57.8
3857296,2022-12-01,Group Stage,Belgium,2,56,36,Croatia,5463,Luka Modrić,33018,Joško Gvardiol,Complete,16.100311,39.0,60.3,32.9,45.4
3857296,2022-12-01,Group Stage,Belgium,2,56,38,Croatia,33018,Joško Gvardiol,12625,Borna Sosa,Complete,32.294273,32.0,41.3,50.6,14.9
3857296,2022-12-01,Group Stage,Belgium,2,56,41,Croatia,12625,Borna Sosa,5460,Andrej Kramarić,Complete,12.87012,56.2,11.9,67.0,4.9
3857296,2022-12-01,Group Stage,Belgium,2,56,42,Croatia,5460,Andrej Kramarić,12625,Borna Sosa,Complete,10.748954,66.5,4.9,56.0,7.2
3857296,2022-12-01,Group Stage,Belgium,2,56,44,Croatia,12625,Borna Sosa,33018,Joško Gvardiol,Complete,28.994656,54.4,7.2,40.6,32.7
3857296,2022-12-01,Group Stage,Belgium,2,56,47,Croatia,33018,Joško Gvardiol,3471,Dejan Lovren,Complete,21.105923,39.0,37.7,38.5,58.8
3857296,2022-12-01,Group Stage,Belgium,2,56,50,Croatia,3471,Dejan Lovren,29163,Josip Juranović,Complete,22.655684,38.5,58.8,53.7,75.6
3857296,2022-12-01,Group Stage,Belgium,2,56,53,Croatia,29163,Josip Juranović,5463,Luka Modrić,Complete,17.083618,56.6,77.4,73.4,74.3
3857296,2022-12-01,Group Stage,Belgium,2,56,55,Croatia,5463,Luka Modrić,22041,Marko Livaja,Complete,14.337712,75.6,74.9,80.7,61.5
3857296,2022-12-01,Group Stage,Belgium,2,57,0,Croatia,22041,Marko Livaja,5456,Mateo Kovačić,Complete,9.20489,87.4,59.0,87.7,49.8
3857296,2022-12-01,Group Stage,Belgium,2,57,2,Croatia,5456,Mateo Kovačić,12625,Borna Sosa,Complete,28.810589,89.2,41.8,101.4,15.7
3857296,2022-12-01,Group Stage,Belgium,2,57,5,Croatia,12625,Borna Sosa,5474,Ivan Perišić,Incomplete,26.963123,107.8,16.3,117.9,41.3
3857296,2022-12-01,Group Stage,Belgium,2,57,18,Croatia,5463,Luka Modrić,29163,Josip Juranović,Complete,12.280066,49.9,56.4,39.3,62.6
3857296,2022-12-01,Group Stage,Belgium,2,57,21,Croatia,29163,Josip Juranović,5463,Luka Modrić,Complete,8.905055,33.9,63.8,39.0,56.5
3857296,2022-12-01,Group Stage,Belgium,2,57,23,Croatia,5463,Luka Modrić,12625,Borna Sosa,Complete,45.308388,39.7,57.4,47.1,12.7
3857296,2022-12-01,Group Stage,Belgium,2,57,28,Croatia,12625,Borna Sosa,5456,Mateo Kovačić,Complete,9.339165,54.2,14.4,52.1,23.5
3857296,2022-12-01,Group Stage,Belgium,2,57,30,Croatia,5456,Mateo Kovačić,5469,Marcelo Brozović,Complete,8.5906925,48.3,22.5,44.7,30.3
3857296,2022-12-01,Group Stage,Belgium,2,57,33,Croatia,5469,Marcelo Brozović,12625,Borna Sosa,Complete,18.891533,46.3,29.1,62.8,19.9
3857296,2022-12-01,Group Stage,Belgium,2,57,38,Croatia,12625,Borna Sosa,5474,Ivan Perišić,Complete,21.472075,87.1,23.1,99.4,5.5
3857296,2022-12-01,Group Stage,Belgium,2,58,14,Croatia,12625,Borna Sosa,33018,Joško Gvardiol,Complete,25.74199,85.4,0.1,63.3,13.3
3857296,2022-12-01,Group Stage,Belgium,2,58,17,Croatia,33018,Joško Gvardiol,12625,Borna Sosa,Complete,21.009047,63.5,13.2,83.2,5.9
3857296,2022-12-01,Group Stage,Belgium,2,58,19,Croatia,12625,Borna Sosa,22041,Marko Livaja,Complete,12.461942,87.4,9.1,97.5,16.4
3857296,2022-12-01,Group Stage,Belgium,2,58,20,Croatia,22041,Marko Livaja,5456,Mateo Kovačić,Complete,7.300685,97.5,16.4,90.2,16.5
3857296,2022-12-01,Group Stage,Belgium,2,58,21,Croatia,5456,Mateo Kovačić,12625,Borna Sosa,Complete,10.728001,91.8,16.5,94.0,6.0
3857296,2022-12-01,Group Stage,Belgium,2,58,22,Croatia,12625,Borna Sosa,5474,Ivan Perišić,Complete,4.104875,94.0,6.0,98.1,6.2
3857296,2022-12-01,Group Stage,Belgium,2,58,24,Croatia,5474,Ivan Perišić,12625,Borna Sosa,Incomplete,3.720215,98.1,6.2,101.1,8.4
3857296,2022-12-01,Group Stage,Belgium,2,58,33,Croatia,3471,Dejan Lovren,33018,Joško Gvardiol,Complete,19.956453,38.4,36.4,39.9,16.5
3857296,2022-12-01,Group Stage,Belgium,2,58,36,Croatia,33018,Joško Gvardiol,22041,Marko Livaja,Complete,34.662083,43.4,14.6,76.9,23.5
3857296,2022-12-01,Group Stage,Belgium,2,58,38,Croatia,22041,Marko Livaja,12625,Borna Sosa,Incomplete,6.307139,76.9,23.5,82.6,26.2
3857296,2022-12-01,Group Stage,Belgium,2,58,40,Croatia,12625,Borna Sosa,5474,Ivan Perišić,Incomplete,3.8948684,86.8,13.3,84.2,10.4
3857296,2022-12-01,Group Stage,Belgium,2,58,46,Croatia,5474,Ivan Perišić,5456,Mateo Kovačić,Complete,11.458621,79.8,0.1,73.7,9.8
3857296,2022-12-01,Group Stage,Belgium,2,58,49,Croatia,5456,Mateo Kovačić,33018,Joško Gvardiol,Complete,17.632357,74.3,10.1,57.2,14.4
3857296,2022-12-01,Group Stage,Belgium,2,58,51,Croatia,33018,Joško Gvardiol,12625,Borna Sosa,Complete,23.805252,58.8,13.9,82.3,10.1
3857296,2022-12-01,Group Stage,Belgium,2,58,56,Croatia,12625,Borna Sosa,5474,Ivan Perišić,Complete,15.911317,94.4,17.1,105.8,6.0
3857296,2022-12-01,Group Stage,Belgium,2,59,0,Croatia,5474,Ivan Perišić,22041,Marko Livaja,Incomplete,30.442076,113.5,12.0,115.1,42.4
3857296,2022-12-01,Group Stage,Belgium,2,60,32,Croatia,29163,Josip Juranović,,,Incomplete,22.910479,16.7,80.0,35.9,67.5
3857296,2022-12-01,Group Stage,Belgium,2,61,9,Croatia,5469,Marcelo Brozović,,,Incomplete,28.431849,22.1,66.3,37.5,42.4
3857296,2022-12-01,Group Stage,Belgium,2,62,20,Croatia,16531,Dominik Livaković,33018,Joško Gvardiol,Complete,9.563472,7.0,36.1,8.1,26.6
3857296,2022-12-01,Group Stage,Belgium,2,62,23,Croatia,33018,Joško Gvardiol,5469,Marcelo Brozović,Complete,11.011357,10.5,22.5,21.5,23.0
3857296,2022-12-01,Group Stage,Belgium,2,62,25,Croatia,5469,Marcelo Brozović,5456,Mateo Kovačić,Complete,14.964291,20.2,17.7,34.9,20.5
3857296,2022-12-01,Group Stage,Belgium,2,62,31,Croatia,5456,Mateo Kovačić,5474,Ivan Perišić,Complete,16.918924,72.5,23.1,67.0,7.1
3857296,2022-12-01,Group Stage,Belgium,2,62,34,Croatia,5474,Ivan Perišić,5460,Andrej Kramarić,Complete,64.65856,70.1,13.5,76.9,77.8
3857296,2022-12-01,Group Stage,Belgium,2,62,39,Croatia,5460,Andrej Kramarić,5463,Luka Modrić,Complete,8.660831,78.1,70.7,71.1,65.6
3857296,2022-12-01,Group Stage,Belgium,2,62,42,Croatia,5463,Luka Modrić,5469,Marcelo Brozović,Complete,14.102837,71.1,65.6,72.8,51.6
3857296,2022-12-01,Group Stage,Belgium,2,62,46,Croatia,5469,Marcelo Brozović,33018,Joško Gvardiol,Complete,20.057169,67.9,52.9,58.1,35.4
3857296,2022-12-01,Group Stage,Belgium,2,62,49,Croatia,33018,Joško Gvardiol,5456,Mateo Kovačić,Complete,10.429286,63.6,35.2,73.7,32.6
3857296,2022-12-01,Group Stage,Belgium,2,62,49,Croatia,5456,Mateo Kovačić,5469,Marcelo Brozović,Complete,13.829317,73.7,32.6,64.7,43.1
3857296,2022-12-01,Group Stage,Belgium,2,62,51,Croatia,5469,Marcelo Brozović,12625,Borna Sosa,Complete,30.663496,65.8,41.2,80.7,14.4
3857296,2022-12-01,Group Stage,Belgium,2,62,56,Croatia,12625,Borna Sosa,5460,Andrej Kramarić,Complete,15.700318,95.4,22.2,99.7,37.3
3857296,2022-12-01,Group Stage,Belgium,2,62,59,Croatia,5460,Andrej Kramarić,5463,Luka Modrić,Complete,17.980545,97.8,39.9,99.5,57.8
3857296,2022-12-01,Group Stage,Belgium,2,63,3,Croatia,5463,Luka Modrić,5474,Ivan Perišić,Incomplete,31.333689,97.0,53.6,112.2,26.2
3857296,2022-12-01,Group Stage,Belgium,2,64,2,Croatia,12625,Borna Sosa,5474,Ivan Perišić,Complete,17.362316,93.0,0.1,107.4,9.8
3857296,2022-12-01,Group Stage,Belgium,2,64,9,Croatia,5456,Mateo Kovačić,,,Incomplete,22.328905,92.2,13.3,98.9,34.6
3857296,2022-12-01,Group Stage,Belgium,2,64,14,Croatia,3471,Dejan Lovren,7693,Bruno Petković,Complete,27.1737,57.7,39.3,84.8,41.3
3857296,2022-12-01,Group Stage,Belgium,2,64,15,Croatia,7693,Bruno Petković,5463,Luka Modrić,Complete,10.140019,82.5,40.9,74.4,47.0
3857296,2022-12-01,Group Stage,Belgium,2,64,17,Croatia,5463,Luka Modrić,5456,Mateo Kovačić,Complete,13.37535,74.4,47.0,77.1,33.9
3857296,2022-12-01,Group Stage,Belgium,2,64,18,Croatia,5456,Mateo Kovačić,7693,Bruno Petković,Complete,15.285614,77.1,33.9,82.5,48.2
3857296,2022-12-01,Group Stage,Belgium,2,64,18,Croatia,7693,Bruno Petković,5463,Luka Modrić,Complete,8.79659,82.5,48.2,73.8,46.9
3857296,2022-12-01,Group Stage,Belgium,2,64,20,Croatia,5463,Luka Modrić,5474,Ivan Perišić,Complete,40.352943,74.4,45.7,93.4,10.1
3857296,2022-12-01,Group Stage,Belgium,2,64,24,Croatia,5474,Ivan Perišić,5456,Mateo Kovačić,Complete,14.903691,101.4,9.7,111.0,21.1
3857296,2022-12-01,Group Stage,Belgium,2,64,26,Croatia,5456,Mateo Kovačić,7693,Bruno Petković,Complete,11.280514,117.2,25.9,108.6,33.2
3857296,2022-12-01,Group Stage,Belgium,2,64,29,Croatia,7693,Bruno Petković,5474,Ivan Perišić,Complete,17.55705,110.0,29.7,104.9,12.9
3857296,2022-12-01,Group Stage,Belgium,2,64,33,Croatia,5474,Ivan Perišić,12625,Borna Sosa,Complete,8.1412525,104.3,20.2,111.5,16.4
3857296,2022-12-01,Group Stage,Belgium,2,64,35,Croatia,12625,Borna Sosa,11603,Mario Pašalić,Incomplete,25.005,111.6,16.3,116.6,40.8
3857296,2022-12-01,Group Stage,Belgium,2,65,52,Croatia,5463,Luka Modrić,3471,Dejan Lovren,Complete,13.43019,39.7,57.4,26.3,58.3
3857296,2022-12-01,Group Stage,Belgium,2,65,53,Croatia,3471,Dejan Lovren,5456,Mateo Kovačić,Complete,21.681559,27.5,57.8,40.3,40.3
3857296,2022-12-01,Group Stage,Belgium,2,66,22,Croatia,5469,Marcelo Brozović,33018,Joško Gvardiol,Complete,19.44865,46.3,44.6,32.3,31.1
3857296,2022-12-01,Group Stage,Belgium,2,66,34,Croatia,33018,Joško Gvardiol,5474,Ivan Perišić,Complete,16.058954,92.2,23.3,103.2,11.6
3857296,2022-12-01,Group Stage,Belgium,2,66,37,Croatia,5474,Ivan Perišić,5456,Mateo Kovačić,Complete,16.286497,104.5,11.3,89.0,16.3
3857296,2022-12-01,Group Stage,Belgium,2,66,39,Croatia,5456,Mateo Kovačić,12625,Borna Sosa,Complete,13.8246155,89.0,16.3,75.6,12.9
3857296,2022-12-01,Group Stage,Belgium,2,66,42,Croatia,12625,Borna Sosa,5469,Marcelo Brozović,Complete,10.404806,75.6,12.9,73.1,23.0
3857296,2022-12-01,Group Stage,Belgium,2,66,45,Croatia,5469,Marcelo Brozović,12625,Borna Sosa,Complete,12.89496,76.3,18.7,88.1,13.5
3857296,2022-12-01,Group Stage,Belgium,2,66,47,Croatia,12625,Borna Sosa,5469,Marcelo Brozović,Complete,11.605602,95.9,11.6,84.9,7.9
3857296,2022-12-01,Group Stage,Belgium,2,66,48,Croatia,5469,Marcelo Brozović,5456,Mateo Kovačić,Complete,12.747549,84.9,7.9,83.8,20.6
3857296,2022-12-01,Group Stage,Belgium,2,66,49,Croatia,5456,Mateo Kovačić,5469,Marcelo Brozović,Complete,9.604687,84.3,19.6,86.7,10.3
3857296,2022-12-01,Group Stage,Belgium,2,66,53,Croatia,5469,Marcelo Brozović,33018,Joško Gvardiol,Complete,10.008996,69.0,10.9,59.7,14.6
3857296,2022-12-01,Group Stage,Belgium,2,66,55,Croatia,33018,Joško Gvardiol,5469,Marcelo Brozović,Complete,10.780074,59.7,14.6,68.3,21.1
3857296,2022-12-01,Group Stage,Belgium,2,66,57,Croatia,5469,Marcelo Brozović,5456,Mateo Kovačić,Complete,10.8074045,71.4,19.3,79.8,12.5
3857296,2022-12-01,Group Stage,Belgium,2,67,2,Croatia,5456,Mateo Kovačić,7693,Bruno Petković,Complete,16.900888,99.5,12.9,110.3,25.9
3857296,2022-12-01,Group Stage,Belgium,2,67,6,Croatia,7693,Bruno Petković,5463,Luka Modrić,Complete,21.936728,116.0,24.7,101.1,40.8
3857296,2022-12-01,Group Stage,Belgium,2,68,25,Croatia,16531,Dominik Livaković,33018,Joško Gvardiol,Complete,10.55462,6.9,43.1,5.1,32.7
3857296,2022-12-01,Group Stage,Belgium,2,68,28,Croatia,33018,Joško Gvardiol,5469,Marcelo Brozović,Complete,8.2,7.9,32.7,15.9,34.5
3857296,2022-12-01,Group Stage,Belgium,2,68,30,Croatia,5469,Marcelo Brozović,12625,Borna Sosa,Complete,27.849058,18.3,32.2,33.4,8.8
3857296,2022-12-01,Group Stage,Belgium,2,68,34,Croatia,12625,Borna Sosa,7693,Bruno Petković,Complete,16.868017,44.7,7.4,54.4,21.2
3857296,2022-12-01,Group Stage,Belgium,2,68,39,Croatia,7693,Bruno Petković,5456,Mateo Kovačić,Complete,7.930952,53.1,10.3,55.0,18.0
3857296,2022-12-01,Group Stage,Belgium,2,68,41,Croatia,5456,Mateo Kovačić,7693,Bruno Petković,Complete,4.9477267,55.0,18.0,50.2,16.8
3857296,2022-12-01,Group Stage,Belgium,2,68,43,Croatia,7693,Bruno Petković,5469,Marcelo Brozović,Complete,11.244999,49.6,19.2,41.5,11.4
3857296,2022-12-01,Group Stage,Belgium,2,68,44,Croatia,5469,Marcelo Brozović,5456,Mateo Kovačić,Complete,10.824047,42.0,10.4,52.4,7.4
3857296,2022-12-01,Group Stage,Belgium,2,68,46,Croatia,5456,Mateo Kovačić,7693,Bruno Petković,Complete,10.701869,52.0,7.9,51.8,18.6
3857296,2022-12-01,Group Stage,Belgium,2,68,49,Croatia,7693,Bruno Petković,11603,Mario Pašalić,Complete,66.5466,55.0,26.0,98.8,76.1
3857296,2022-12-01,Group Stage,Belgium,2,68,55,Croatia,11603,Mario Pašalić,29163,Josip Juranović,Complete,17.663805,106.1,76.1,88.6,73.7
3857296,2022-12-01,Group Stage,Belgium,2,68,57,Croatia,29163,Josip Juranović,5463,Luka Modrić,Complete,16.513025,87.3,72.0,71.5,67.2
3857296,2022-12-01,Group Stage,Belgium,2,69,2,Croatia,5463,Luka Modrić,29163,Josip Juranović,Complete,19.6901,80.1,73.7,99.4,69.8
3857296,2022-12-01,Group Stage,Belgium,2,69,4,Croatia,29163,Josip Juranović,7693,Bruno Petković,Incomplete,4.7507896,102.0,69.3,105.1,65.7
3857296,2022-12-01,Group Stage,Belgium,2,70,45,Croatia,16531,Dominik Livaković,33018,Joško Gvardiol,Complete,15.727683,6.3,41.9,4.3,26.3
3857296,2022-12-01,Group Stage,Belgium,2,70,47,Croatia,33018,Joško Gvardiol,3471,Dejan Lovren,Complete,28.676994,6.0,27.3,8.1,55.9
3857296,2022-12-01,Group Stage,Belgium,2,70,52,Croatia,3471,Dejan Lovren,5463,Luka Modrić,Complete,10.492378,16.7,70.1,26.4,66.1
3857296,2022-12-01,Group Stage,Belgium,2,70,55,Croatia,5463,Luka Modrić,12625,Borna Sosa,Complete,39.31259,21.6,60.0,32.4,22.2
3857296,2022-12-01,Group Stage,Belgium,2,70,59,Croatia,12625,Borna Sosa,5456,Mateo Kovačić,Complete,13.433167,40.9,16.8,46.3,29.1
3857296,2022-12-01,Group Stage,Belgium,2,71,2,Croatia,5456,Mateo Kovačić,5469,Marcelo Brozović,Complete,15.142655,49.3,27.8,64.2,30.5
3857296,2022-12-01,Group Stage,Belgium,2,71,6,Croatia,5469,Marcelo Brozović,5474,Ivan Perišić,Complete,20.591503,85.7,28.4,99.7,13.3
3857296,2022-12-01,Group Stage,Belgium,2,71,9,Croatia,5474,Ivan Perišić,7693,Bruno Petković,Incomplete,17.551353,106.2,14.9,111.6,31.6
3857296,2022-12-01,Group Stage,Belgium,2,71,52,Croatia,12625,Borna Sosa,5456,Mateo Kovačić,Complete,12.621015,94.4,0.1,86.7,10.1
3857296,2022-12-01,Group Stage,Belgium,2,71,54,Croatia,5456,Mateo Kovačić,5469,Marcelo Brozović,Complete,13.753545,87.8,11.0,78.8,21.4
3857296,2022-12-01,Group Stage,Belgium,2,71,55,Croatia,5469,Marcelo Brozović,5456,Mateo Kovačić,Complete,11.951987,79.5,20.6,87.8,12.0
3857296,2022-12-01,Group Stage,Belgium,2,71,56,Croatia,5456,Mateo Kovačić,5469,Marcelo Brozović,Complete,9.929753,87.8,12.0,78.4,15.2
3857296,2022-12-01,Group Stage,Belgium,2,72,1,Croatia,5469,Marcelo Brozović,5456,Mateo Kovačić,Complete,8.845903,77.3,16.1,86.1,17.0
3857296,2022-12-01,Group Stage,Belgium,2,72,2,Croatia,5456,Mateo Kovačić,5469,Marcelo Brozović,Complete,12.601587,84.6,16.4,74.4,9.0
3857296,2022-12-01,Group Stage,Belgium,2,72,3,Croatia,5469,Marcelo Brozović,33018,Joško Gvardiol,Complete,19.554283,75.0,9.0,56.9,16.4
3857296,2022-12-01,Group Stage,Belgium,2,72,8,Croatia,33018,Joško Gvardiol,7693,Bruno Petković,Incomplete,15.331015,63.0,27.9,78.2,25.9
3857296,2022-12-01,Group Stage,Belgium,2,72,18,Croatia,5469,Marcelo Brozović,7693,Bruno Petković,Incomplete,11.634861,65.5,38.4,77.1,39.3
3857296,2022-12-01,Group Stage,Belgium,2,72,23,Croatia,33018,Joško Gvardiol,3471,Dejan Lovren,Complete,18.710958,51.5,41.3,37.4,53.6
3857296,2022-12-01,Group Stage,Belgium,2,72,29,Croatia,3471,Dejan Lovren,11603,Mario Pašalić,Out,47.77625,39.7,75.9,87.3,80.0
3857296,2022-12-01,Group Stage,Belgium,2,73,15,Croatia,33018,Joško Gvardiol,11603,Mario Pašalić,Complete,17.09415,35.0,38.9,46.1,51.9
3857296,2022-12-01,Group Stage,Belgium,2,73,17,Croatia,11603,Mario Pašalić,12625,Borna Sosa,Incomplete,32.478455,43.7,50.0,47.1,17.7
3857296,2022-12-01,Group Stage,Belgium,2,73,23,Croatia,33018,Joško Gvardiol,12625,Borna Sosa,Complete,20.488289,13.5,32.2,23.1,14.1
3857296,2022-12-01,Group Stage,Belgium,2,73,24,Croatia,12625,Borna Sosa,7693,Bruno Petković,Complete,37.436344,23.1,14.1,57.9,27.9
3857296,2022-12-01,Group Stage,Belgium,2,74,0,Croatia,16531,Dominik Livaković,33018,Joško Gvardiol,Complete,13.700365,10.5,44.8,10.4,31.1
3857296,2022-12-01,Group Stage,Belgium,2,74,2,Croatia,33018,Joško Gvardiol,12625,Borna Sosa,Complete,20.673655,10.0,27.2,18.6,8.4
3857296,2022-12-01,Group Stage,Belgium,2,74,5,Croatia,12625,Borna Sosa,5456,Mateo Kovačić,Complete,18.10442,20.3,8.2,38.4,7.8
3857296,2022-12-01,Group Stage,Belgium,2,74,6,Croatia,5456,Mateo Kovačić,12625,Borna Sosa,Incomplete,7.636753,41.5,10.3,36.1,15.7
3857296,2022-12-01,Group Stage,Belgium,2,74,23,Croatia,12625,Borna Sosa,7693,Bruno Petković,Complete,15.893709,38.4,0.1,51.5,9.1
3857296,2022-12-01,Group Stage,Belgium,2,74,46,Croatia,33018,Joško Gvardiol,5474,Ivan Perišić,Complete,50.60089,44.1,11.0,94.7,11.3
3857296,2022-12-01,Group Stage,Belgium,2,74,55,Croatia,5474,Ivan Perišić,7693,Bruno Petković,Complete,19.32563,115.3,7.6,113.1,26.8
3857296,2022-12-01,Group Stage,Belgium,2,74,57,Croatia,7693,Bruno Petković,11603,Mario Pašalić,Incomplete,6.842514,113.1,26.8,110.0,32.9
3857296,2022-12-01,Group Stage,Belgium,2,75,39,Croatia,5463,Luka Modrić,5456,Mateo Kovačić,Complete,13.877319,2.1,65.1,12.4,55.8
3857296,2022-12-01,Group Stage,Belgium,2,75,40,Croatia,5456,Mateo Kovačić,29163,Josip Juranović,Complete,16.80268,12.4,55.8,12.7,72.6
3857296,2022-12-01,Group Stage,Belgium,2,75,45,Croatia,29163,Josip Juranović,7693,Bruno Petković,Complete,6.8622155,35.0,70.5,41.5,68.3
3857296,2022-12-01,Group Stage,Belgium,2,75,46,Croatia,7693,Bruno Petković,11603,Mario Pašalić,Incomplete,5.632051,41.2,68.3,42.8,73.7
3857296,2022-12-01,Group Stage,Belgium,2,76,7,Croatia,29163,Josip Juranović,5469,Marcelo Brozović,Complete,15.163773,14.2,46.6,20.7,32.9
3857296,2022-12-01,Group Stage,Belgium,2,76,9,Croatia,5469,Marcelo Brozović,5474,Ivan Perišić,Complete,16.88668,24.0,28.7,18.6,12.7
3857296,2022-12-01,Group Stage,Belgium,2,76,12,Croatia,5474,Ivan Perišić,5456,Mateo Kovačić,Complete,14.582523,18.6,12.7,33.0,10.4
3857296,2022-12-01,Group Stage,Belgium,2,76,15,Croatia,5456,Mateo Kovačić,5474,Ivan Perišić,Complete,15.473849,31.1,5.9,16.1,9.7
3857296,2022-12-01,Group Stage,Belgium,2,76,16,Croatia,5474,Ivan Perišić,,,Incomplete,6.293648,16.1,9.7,22.1,11.6
3857296,2022-12-01,Group Stage,Belgium,2,76,38,Croatia,12625,Borna Sosa,7693,Bruno Petković,Incomplete,24.226639,26.3,0.1,48.5,9.8
3857296,2022-12-01,Group Stage,Belgium,2,76,46,Croatia,12625,Borna Sosa,5474,Ivan Perišić,Complete,13.437262,22.8,7.8,36.2,8.8
3857296,2022-12-01,Group Stage,Belgium,2,76,47,Croatia,5474,Ivan Perišić,7693,Bruno Petković,Complete,13.113733,36.2,8.8,49.3,9.4
3857296,2022-12-01,Group Stage,Belgium,2,76,48,Croatia,7693,Bruno Petković,5474,Ivan Perišić,Complete,9.20489,50.5,9.5,50.8,18.7
3857296,2022-12-01,Group Stage,Belgium,2,78,25,Croatia,16531,Dominik Livaković,5474,Ivan Perišić,Complete,83.459274,7.0,36.1,87.8,15.2
3857296,2022-12-01,Group Stage,Belgium,2,78,30,Croatia,5474,Ivan Perišić,,,Incomplete,10.837435,87.8,15.2,88.7,26.0
3857296,2022-12-01,Group Stage,Belgium,2,78,34,Croatia,3471,Dejan Lovren,5463,Luka Modrić,Complete,8.237719,57.9,37.8,66.0,39.3
3857296,2022-12-01,Group Stage,Belgium,2,78,41,Croatia,5463,Luka Modrić,5474,Ivan Perišić,Complete,36.840874,88.7,50.7,100.5,15.8
3857296,2022-12-01,Group Stage,Belgium,2,78,45,Croatia,5474,Ivan Perišić,11603,Mario Pašalić,Incomplete,26.201145,106.8,21.6,111.9,47.3
3857296,2022-12-01,Group Stage,Belgium,2,78,57,Croatia,5474,Ivan Perišić,5469,Marcelo Brozović,Complete,12.1,69.0,6.8,69.0,18.9
3857296,2022-12-01,Group Stage,Belgium,2,79,0,Croatia,5469,Marcelo Brozović,12625,Borna Sosa,Incomplete,5.3460264,68.0,6.6,73.3,5.9
3857296,2022-12-01,Group Stage,Belgium,2,79,18,Croatia,12625,Borna Sosa,7693,Bruno Petković,Complete,14.792228,83.2,0.1,93.2,11.0
3857296,2022-12-01,Group Stage,Belgium,2,79,21,Croatia,7693,Bruno Petković,12625,Borna Sosa,Complete,4.2190046,92.4,7.6,94.6,4.0
3857296,2022-12-01,Group Stage,Belgium,2,79,23,Croatia,12625,Borna Sosa,7693,Bruno Petković,Incomplete,4.707441,97.8,7.9,98.8,12.5
3857296,2022-12-01,Group Stage,Belgium,2,79,36,Croatia,12625,Borna Sosa,7693,Bruno Petković,Complete,17.295664,98.1,0.1,102.6,16.8
3857296,2022-12-01,Group Stage,Belgium,2,79,37,Croatia,7693,Bruno Petković,5474,Ivan Perišić,Pass Offside,9.8,102.1,16.5,102.1,26.3
3857296,2022-12-01,Group Stage,Belgium,2,80,9,Croatia,11603,Mario Pašalić,5463,Luka Modrić,Complete,6.332456,70.3,55.5,76.2,57.8
3857296,2022-12-01,Group Stage,Belgium,2,80,13,Croatia,5463,Luka Modrić,3471,Dejan Lovren,Complete,20.909567,65.4,62.6,45.4,56.5
3857296,2022-12-01,Group Stage,Belgium,2,80,16,Croatia,3471,Dejan Lovren,5469,Marcelo Brozović,Complete,15.698407,46.4,55.5,57.4,44.3
3857296,2022-12-01,Group Stage,Belgium,2,80,19,Croatia,5469,Marcelo Brozović,5456,Mateo Kovačić,Complete,13.366002,60.6,35.7,73.8,37.8
3857296,2022-12-01,Group Stage,Belgium,2,80,20,Croatia,5456,Mateo Kovačić,5469,Marcelo Brozović,Complete,12.872451,73.8,37.8,64.9,28.5
3857296,2022-12-01,Group Stage,Belgium,2,80,22,Croatia,5469,Marcelo Brozović,12625,Borna Sosa,Complete,26.792723,71.4,25.4,93.8,10.7
3857296,2022-12-01,Group Stage,Belgium,2,80,28,Croatia,12625,Borna Sosa,5456,Mateo Kovačić,Complete,14.199296,96.5,19.9,105.6,9.0
3857296,2022-12-01,Group Stage,Belgium,2,80,32,Croatia,5456,Mateo Kovačić,12625,Borna Sosa,Complete,12.841339,104.9,8.2,92.8,12.5
3857296,2022-12-01,Group Stage,Belgium,2,80,35,Croatia,12625,Borna Sosa,5469,Marcelo Brozović,Complete,10.885311,93.2,19.2,83.2,14.9
3857296,2022-12-01,Group Stage,Belgium,2,80,36,Croatia,5469,Marcelo Brozović,5456,Mateo Kovačić,Complete,9.403191,82.9,14.4,88.0,6.5
3857296,2022-12-01,Group Stage,Belgium,2,80,42,Croatia,5456,Mateo Kovačić,29163,Josip Juranović,Complete,19.096596,85.7,44.6,98.9,58.4
3857296,2022-12-01,Group Stage,Belgium,2,80,45,Croatia,29163,Josip Juranović,,,Incomplete,13.689412,115.1,57.4,109.3,45.0
3857296,2022-12-01,Group Stage,Belgium,2,80,51,Croatia,5456,Mateo Kovačić,5463,Luka Modrić,Complete,18.952572,98.9,77.4,85.7,63.8
3857296,2022-12-01,Group Stage,Belgium,2,80,53,Croatia,5463,Luka Modrić,5456,Mateo Kovačić,Complete,11.85327,86.7,64.0,91.8,74.7
3857296,2022-12-01,Group Stage,Belgium,2,80,54,Croatia,5456,Mateo Kovačić,5463,Luka Modrić,Complete,9.420191,91.8,74.7,86.1,67.2
3857296,2022-12-01,Group Stage,Belgium,2,80,58,Croatia,5463,Luka Modrić,29163,Josip Juranović,Complete,8.820431,98.5,58.4,103.3,65.8
3857296,2022-12-01,Group Stage,Belgium,2,81,2,Croatia,29163,Josip Juranović,5456,Mateo Kovačić,Complete,7.7897367,104.9,65.6,99.7,71.4
3857296,2022-12-01,Group Stage,Belgium,2,81,4,Croatia,5456,Mateo Kovačić,5463,Luka Modrić,Complete,16.155495,100.0,71.2,86.2,62.8
3857296,2022-12-01,Group Stage,Belgium,2,81,7,Croatia,5463,Luka Modrić,33018,Joško Gvardiol,Complete,28.868322,80.7,61.5,75.0,33.2
3857296,2022-12-01,Group Stage,Belgium,2,81,17,Croatia,33018,Joško Gvardiol,12625,Borna Sosa,Incomplete,15.285614,105.5,29.2,113.7,16.3
3857296,2022-12-01,Group Stage,Belgium,2,81,32,Croatia,12625,Borna Sosa,5469,Marcelo Brozović,Complete,20.447248,111.0,0.1,93.0,9.8
3857296,2022-12-01,Group Stage,Belgium,2,81,37,Croatia,5469,Marcelo Brozović,33018,Joško Gvardiol,Complete,14.021769,93.5,10.1,80.4,15.1
3857296,2022-12-01,Group Stage,Belgium,2,81,40,Croatia,33018,Joško Gvardiol,5456,Mateo Kovačić,Complete,7.0213957,82.3,17.1,89.0,19.2
3857296,2022-12-01,Group Stage,Belgium,2,81,40,Croatia,5456,Mateo Kovačić,5469,Marcelo Brozović,Complete,9.355747,88.4,18.7,86.7,9.5
3857296,2022-12-01,Group Stage,Belgium,2,81,45,Croatia,5469,Marcelo Brozović,7693,Bruno Petković,Complete,7.922752,100.0,24.7,99.4,32.6
3857296,2022-12-01,Group Stage,Belgium,2,81,45,Croatia,7693,Bruno Petković,5469,Marcelo Brozović,Incomplete,17.042301,99.4,32.6,116.4,31.4
3857296,2022-12-01,Group Stage,Belgium,2,82,22,Croatia,16531,Dominik Livaković,3471,Dejan Lovren,Complete,17.901117,6.0,41.5,14.6,57.2
3857296,2022-12-01,Group Stage,Belgium,2,82,26,Croatia,3471,Dejan Lovren,29163,Josip Juranović,Complete,23.988539,16.5,55.9,31.4,74.7
3857296,2022-12-01,Group Stage,Belgium,2,82,28,Croatia,29163,Josip Juranović,5463,Luka Modrić,Complete,12.998846,32.4,76.5,45.3,74.9
3857296,2022-12-01,Group Stage,Belgium,2,82,30,Croatia,5463,Luka Modrić,11603,Mario Pašalić,Complete,41.543472,51.2,78.1,92.7,76.2
3857296,2022-12-01,Group Stage,Belgium,2,82,37,Croatia,11603,Mario Pašalić,7693,Bruno Petković,Complete,10.29563,110.9,61.9,101.9,56.9
3857296,2022-12-01,Group Stage,Belgium,2,82,38,Croatia,7693,Bruno Petković,29163,Josip Juranović,Complete,5.249762,101.9,56.9,98.5,52.9
3857296,2022-12-01,Group Stage,Belgium,2,82,44,Croatia,3471,Dejan Lovren,5463,Luka Modrić,Out,13.756817,51.4,75.5,64.4,80.0
3857296,2022-12-01,Group Stage,Belgium,2,83,45,Croatia,5469,Marcelo Brozović,5463,Luka Modrić,Complete,20.717142,9.7,47.3,14.3,67.5
3857296,2022-12-01,Group Stage,Belgium,2,84,24,Croatia,16531,Dominik Livaković,7693,Bruno Petković,Incomplete,60.81949,18.6,69.5,78.1,56.9
3857296,2022-12-01,Group Stage,Belgium,2,84,30,Croatia,7693,Bruno Petković,5474,Ivan Perišić,Complete,6.8242216,84.1,52.4,89.7,48.5
3857296,2022-12-01,Group Stage,Belgium,2,85,22,Croatia,29163,Josip Juranović,11603,Mario Pašalić,Incomplete,3.6674242,60.9,76.6,64.2,75.0
3857296,2022-12-01,Group Stage,Belgium,2,86,50,Croatia,16531,Dominik Livaković,33018,Joško Gvardiol,Complete,18.00361,7.0,44.1,9.7,26.3
3857296,2022-12-01,Group Stage,Belgium,2,86,54,Croatia,33018,Joško Gvardiol,16531,Dominik Livaković,Complete,17.813478,12.9,26.2,4.3,41.8
3857296,2022-12-01,Group Stage,Belgium,2,86,57,Croatia,16531,Dominik Livaković,3471,Dejan Lovren,Complete,15.936437,5.1,43.7,9.2,59.1
3857296,2022-12-01,Group Stage,Belgium,2,86,59,Croatia,3471,Dejan Lovren,,,Incomplete,6.700746,10.5,60.0,14.6,65.3
3857296,2022-12-01,Group Stage,Belgium,2,87,23,Croatia,29163,Josip Juranović,7693,Bruno Petković,Complete,32.330326,16.5,80.0,47.9,72.3
3857296,2022-12-01,Group Stage,Belgium,2,87,26,Croatia,7693,Bruno Petković,11603,Mario Pašalić,Incomplete,3.1575308,50.1,73.6,47.0,74.2
3857296,2022-12-01,Group Stage,Belgium,2,88,52,Croatia,16531,Dominik Livaković,7693,Bruno Petković,Incomplete,65.50458,15.9,32.2,81.3,35.9
3857296,2022-12-01,Group Stage,Belgium,2,89,0,Croatia,33018,Joško Gvardiol,7693,Bruno Petković,Complete,23.09567,53.6,35.9,76.5,32.9
3857296,2022-12-01,Group Stage,Belgium,2,89,2,Croatia,7693,Bruno Petković,5474,Ivan Perišić,Complete,19.070396,78.4,32.3,75.2,13.5
3857296,2022-12-01,Group Stage,Belgium,2,89,8,Croatia,5474,Ivan Perišić,12625,Borna Sosa,Complete,7.462573,83.6,12.5,77.3,8.5
3857296,2022-12-01,Group Stage,Belgium,2,90,13,Croatia,16531,Dominik Livaković,7693,Bruno Petković,Complete,75.67331,3.8,38.1,78.4,25.4
3857296,2022-12-01,Group Stage,Belgium,2,91,48,Croatia,5463,Luka Modrić,11603,Mario Pašalić,Complete,12.244183,11.3,65.7,3.7,75.3
3857296,2022-12-01,Group Stage,Belgium,2,91,53,Croatia,11603,Mario Pašalić,7693,Bruno Petković,Complete,45.328247,9.7,76.1,55.0,74.5
3857296,2022-12-01,Group Stage,Belgium,2,91,58,Croatia,7693,Bruno Petković,28914,Lovro Majer,Incomplete,4.9658837,52.0,74.3,49.9,69.8
3857296,2022-12-01,Group Stage,Belgium,2,92,38,Croatia,3471,Dejan Lovren,11603,Mario Pašalić,Incomplete,48.914722,48.3,74.5,95.4,61.3
3857296,2022-12-01,Group Stage,Belgium,2,92,48,Croatia,33018,Joško Gvardiol,5469,Marcelo Brozović,Complete,9.484725,45.1,47.3,51.5,54.3
3857296,2022-12-01,Group Stage,Belgium,2,92,49,Croatia,5469,Marcelo Brozović,28914,Lovro Majer,Complete,11.672618,52.1,55.8,62.5,50.5
3857296,2022-12-01,Group Stage,Belgium,2,92,53,Croatia,28914,Lovro Majer,16531,Dominik Livaković,Complete,39.44173,44.2,57.2,7.6,42.5
3857296,2022-12-01,Group Stage,Belgium,2,92,56,Croatia,16531,Dominik Livaković,12625,Borna Sosa,Complete,26.441256,7.5,42.1,28.0,25.4
3857296,2022-12-01,Group Stage,Belgium,2,92,59,Croatia,12625,Borna Sosa,5474,Ivan Perišić,Complete,24.980392,27.2,23.3,47.1,8.2
3857296,2022-12-01,Group Stage,Belgium,2,93,1,Croatia,5474,Ivan Perišić,12625,Borna Sosa,Complete,13.28533,46.0,10.1,38.7,21.2
3857296,2022-12-01,Group Stage,Belgium,2,93,3,Croatia,12625,Borna Sosa,5474,Ivan Perišić,Complete,11.74436,39.6,19.2,42.8,7.9
3857296,2022-12-01,Group Stage,Belgium,2,93,5,Croatia,5474,Ivan Perišić,,,Out,22.856947,42.8,7.9,64.8,1.7
3857296,2022-12-01,Group Stage,Belgium,2,93,25,Croatia,3471,Dejan Lovren,5463,Luka Modrić,Complete,9.918165,28.2,51.3,38.1,50.7
3857296,2022-12-01,Group Stage,Belgium,2,93,26,Croatia,5463,Luka Modrić,5469,Marcelo Brozović,Complete,16.943436,38.1,50.7,35.9,33.9
3857296,2022-12-01,Group Stage,Belgium,2,93,29,Croatia,5469,Marcelo Brozović,28914,Lovro Majer,Complete,11.954079,37.2,32.7,47.1,26.0
3857296,2022-12-01,Group Stage,Belgium,2,93,30,Croatia,28914,Lovro Majer,5474,Ivan Perišić,Incomplete,2.9732137,47.3,22.8,46.3,20.0
3857296,2022-12-01,Group Stage,Belgium,2,93,35,Croatia,5469,Marcelo Brozović,12625,Borna Sosa,Complete,35.78002,37.4,32.3,15.9,3.7
3857296,2022-12-01,Group Stage,Belgium,2,93,40,Croatia,12625,Borna Sosa,7693,Bruno Petković,Incomplete,35.346428,15.9,3.7,49.0,16.1
3857296,2022-12-01,Group Stage,Belgium,2,93,45,Croatia,5463,Luka Modrić,7693,Bruno Petković,Complete,54.544384,28.0,23.0,82.5,20.8
3857296,2022-12-01,Group Stage,Belgium,2,93,51,Croatia,7693,Bruno Petković,28914,Lovro Majer,Incomplete,22.081894,103.0,11.9,104.9,33.9
3857277,2022-11-23,Group Stage,Morocco,1,0,9,Croatia,3471,Dejan Lovren,,,Incomplete,27.872927,54.4,49.4,81.3,42.1
3857277,2022-11-23,Group Stage,Morocco,1,0,23,Croatia,29163,Josip Juranović,3471,Dejan Lovren,Complete,17.399426,63.4,80.0,47.7,72.5
3857277,2022-11-23,Group Stage,Morocco,1,0,27,Croatia,3471,Dejan Lovren,33018,Joško Gvardiol,Complete,26.281933,21.9,62.0,27.4,36.3
3857277,2022-11-23,Group Stage,Morocco,1,0,33,Croatia,33018,Joško Gvardiol,5456,Mateo Kovačić,Complete,10.043903,36.0,35.7,45.8,33.5
3857277,2022-11-23,Group Stage,Morocco,1,0,34,Croatia,5456,Mateo Kovačić,3471,Dejan Lovren,Complete,23.547611,45.8,32.9,32.6,52.4
3857277,2022-11-23,Group Stage,Morocco,1,0,41,Croatia,3471,Dejan Lovren,33018,Joško Gvardiol,Complete,27.553585,45.4,71.0,39.0,44.2
3857277,2022-11-23,Group Stage,Morocco,1,0,47,Croatia,33018,Joško Gvardiol,12625,Borna Sosa,Complete,25.904825,43.9,33.3,54.8,9.8
3857277,2022-11-23,Group Stage,Morocco,1,0,49,Croatia,12625,Borna Sosa,5456,Mateo Kovačić,Complete,7.702597,52.7,9.8,46.0,13.6
3857277,2022-11-23,Group Stage,Morocco,1,0,51,Croatia,5456,Mateo Kovačić,33018,Joško Gvardiol,Complete,18.383144,45.0,12.6,28.7,21.1
3857277,2022-11-23,Group Stage,Morocco,1,0,56,Croatia,33018,Joško Gvardiol,3471,Dejan Lovren,Complete,35.07506,31.1,20.9,27.6,55.8
3857277,2022-11-23,Group Stage,Morocco,1,0,59,Croatia,3471,Dejan Lovren,5463,Luka Modrić,Complete,12.969194,28.3,56.6,34.1,68.2
3857277,2022-11-23,Group Stage,Morocco,1,1,3,Croatia,5463,Luka Modrić,3471,Dejan Lovren,Complete,10.012992,34.1,68.2,32.6,58.3
3857277,2022-11-23,Group Stage,Morocco,1,1,7,Croatia,3471,Dejan Lovren,33018,Joško Gvardiol,Complete,27.379189,41.3,55.1,45.2,28.0
3857277,2022-11-23,Group Stage,Morocco,1,1,9,Croatia,33018,Joško Gvardiol,5474,Ivan Perišić,Complete,26.923595,48.6,22.0,70.4,6.2
3857277,2022-11-23,Group Stage,Morocco,1,1,12,Croatia,5474,Ivan Perišić,12625,Borna Sosa,Out,47.561855,73.8,5.1,120.0,16.4
3857277,2022-11-23,Group Stage,Morocco,1,1,47,Croatia,5463,Luka Modrić,5469,Marcelo Brozović,Complete,5.6400356,51.8,73.1,48.4,68.6
3857277,2022-11-23,Group Stage,Morocco,1,1,51,Croatia,5469,Marcelo Brozović,5463,Luka Modrić,Complete,5.3600373,46.7,67.5,45.4,72.7
3857277,2022-11-23,Group Stage,Morocco,1,2,9,Croatia,3471,Dejan Lovren,5456,Mateo Kovačić,Complete,16.484236,45.6,70.3,50.3,54.5
3857277,2022-11-23,Group Stage,Morocco,1,2,10,Croatia,5456,Mateo Kovačić,5463,Luka Modrić,Complete,16.120794,50.3,54.5,47.1,70.3
3857277,2022-11-23,Group Stage,Morocco,1,2,13,Croatia,5463,Luka Modrić,29163,Josip Juranović,Complete,20.93036,50.3,70.3,69.1,79.5
3857277,2022-11-23,Group Stage,Morocco,1,2,15,Croatia,29163,Josip Juranović,5463,Luka Modrić,Incomplete,3.3837848,65.5,79.7,62.7,77.8
3857277,2022-11-23,Group Stage,Morocco,1,2,26,Croatia,29163,Josip Juranović,33018,Joško Gvardiol,Complete,36.494656,55.4,80.0,43.5,45.5
3857277,2022-11-23,Group Stage,Morocco,1,2,29,Croatia,33018,Joško Gvardiol,5463,Luka Modrić,Complete,22.022943,47.5,44.7,56.5,64.8
3857277,2022-11-23,Group Stage,Morocco,1,2,31,Croatia,5463,Luka Modrić,29163,Josip Juranović,Complete,31.360006,57.2,65.8,85.6,79.1
3857277,2022-11-23,Group Stage,Morocco,1,2,33,Croatia,29163,Josip Juranović,,,Incomplete,4.1231055,91.8,77.8,95.0,75.2
3857277,2022-11-23,Group Stage,Morocco,1,2,48,Croatia,5460,Andrej Kramarić,5463,Luka Modrić,Complete,5.9808025,95.4,80.0,93.3,74.4
3857277,2022-11-23,Group Stage,Morocco,1,3,12,Croatia,5456,Mateo Kovačić,3441,Nikola Vlašić,Complete,15.638734,67.2,29.9,68.3,45.5
3857277,2022-11-23,Group Stage,Morocco,1,3,18,Croatia,3441,Nikola Vlašić,3471,Dejan Lovren,Complete,16.502424,69.6,71.8,55.9,62.6
3857277,2022-11-23,Group Stage,Morocco,1,3,21,Croatia,3471,Dejan Lovren,33018,Joško Gvardiol,Complete,28.81753,55.0,60.7,52.4,32.0
3857277,2022-11-23,Group Stage,Morocco,1,3,25,Croatia,33018,Joško Gvardiol,5456,Mateo Kovačić,Complete,6.4443774,53.9,29.5,58.7,25.2
3857277,2022-11-23,Group Stage,Morocco,1,3,27,Croatia,5456,Mateo Kovačić,5474,Ivan Perišić,Complete,14.57738,59.7,22.8,63.4,8.7
3857277,2022-11-23,Group Stage,Morocco,1,3,30,Croatia,5474,Ivan Perišić,33018,Joško Gvardiol,Complete,20.98976,62.7,8.9,44.3,19.0
3857277,2022-11-23,Group Stage,Morocco,1,3,32,Croatia,33018,Joško Gvardiol,3471,Dejan Lovren,Complete,35.109116,44.3,19.0,43.5,54.1
3857277,2022-11-23,Group Stage,Morocco,1,3,36,Croatia,3471,Dejan Lovren,29163,Josip Juranović,Complete,26.112257,55.4,61.1,75.8,77.4
3857277,2022-11-23,Group Stage,Morocco,1,3,38,Croatia,29163,Josip Juranović,3441,Nikola Vlašić,Incomplete,3.8832977,78.8,77.8,82.6,77.0
3857277,2022-11-23,Group Stage,Morocco,1,3,47,Croatia,29163,Josip Juranović,3471,Dejan Lovren,Complete,23.561409,79.4,80.0,56.1,76.5
3857277,2022-11-23,Group Stage,Morocco,1,3,51,Croatia,3471,Dejan Lovren,5469,Marcelo Brozović,Complete,11.573245,56.1,76.5,67.6,77.8
3857277,2022-11-23,Group Stage,Morocco,1,3,56,Croatia,5469,Marcelo Brozović,3471,Dejan Lovren,Complete,11.485643,70.6,76.1,61.2,69.5
3857277,2022-11-23,Group Stage,Morocco,1,3,59,Croatia,3471,Dejan Lovren,33018,Joško Gvardiol,Complete,31.346132,56.9,66.5,55.2,35.2
3857277,2022-11-23,Group Stage,Morocco,1,4,2,Croatia,33018,Joško Gvardiol,5474,Ivan Perišić,Complete,55.205254,55.2,29.0,108.3,13.9
3857277,2022-11-23,Group Stage,Morocco,1,4,8,Croatia,5474,Ivan Perišić,,,Out,8.100617,108.1,4.9,101.0,1.0
3857277,2022-11-23,Group Stage,Morocco,1,4,25,Croatia,5456,Mateo Kovačić,5460,Andrej Kramarić,Incomplete,18.886238,91.6,18.3,104.6,32.0
3857277,2022-11-23,Group Stage,Morocco,1,5,10,Croatia,5456,Mateo Kovačić,5463,Luka Modrić,Complete,7.574299,120.0,0.1,114.9,5.7
3857277,2022-11-23,Group Stage,Morocco,1,5,12,Croatia,5463,Luka Modrić,33018,Joško Gvardiol,Complete,44.782585,114.9,5.7,103.1,48.9
3857277,2022-11-23,Group Stage,Morocco,1,5,14,Croatia,33018,Joško Gvardiol,3471,Dejan Lovren,Incomplete,15.9906225,103.6,49.4,115.3,38.5
3857277,2022-11-23,Group Stage,Morocco,1,5,23,Croatia,5456,Mateo Kovačić,,,Incomplete,2.209072,105.9,34.8,105.7,37.0
3857277,2022-11-23,Group Stage,Morocco,1,5,27,Croatia,5463,Luka Modrić,5469,Marcelo Brozović,Complete,16.280048,93.5,38.2,80.5,28.4
3857277,2022-11-23,Group Stage,Morocco,1,5,31,Croatia,5469,Marcelo Brozović,33018,Joško Gvardiol,Complete,11.588356,66.1,18.6,55.9,24.1
3857277,2022-11-23,Group Stage,Morocco,1,5,39,Croatia,33018,Joško Gvardiol,5456,Mateo Kovačić,Complete,13.70146,32.8,25.8,46.5,25.6
3857277,2022-11-23,Group Stage,Morocco,1,5,40,Croatia,5456,Mateo Kovačić,33018,Joško Gvardiol,Complete,11.573245,45.6,25.6,34.1,24.3
3857277,2022-11-23,Group Stage,Morocco,1,5,42,Croatia,33018,Joško Gvardiol,5469,Marcelo Brozović,Complete,10.928861,34.1,24.6,40.3,15.6
3857277,2022-11-23,Group Stage,Morocco,1,5,44,Croatia,5469,Marcelo Brozović,5456,Mateo Kovačić,Complete,9.213577,40.3,15.1,39.8,24.3
3857277,2022-11-23,Group Stage,Morocco,1,5,46,Croatia,5456,Mateo Kovačić,5463,Luka Modrić,Complete,25.712448,39.8,24.3,39.0,50.0
3857277,2022-11-23,Group Stage,Morocco,1,5,51,Croatia,5463,Luka Modrić,5469,Marcelo Brozović,Complete,20.941109,38.5,51.3,50.3,34.0
3857277,2022-11-23,Group Stage,Morocco,1,5,52,Croatia,5469,Marcelo Brozović,5463,Luka Modrić,Complete,14.827339,50.1,34.0,40.5,45.3
3857277,2022-11-23,Group Stage,Morocco,1,5,55,Croatia,5463,Luka Modrić,12625,Borna Sosa,Complete,40.92249,40.0,45.3,58.7,8.9
3857277,2022-11-23,Group Stage,Morocco,1,5,58,Croatia,12625,Borna Sosa,5456,Mateo Kovačić,Complete,9.004998,58.7,8.9,58.4,17.9
3857277,2022-11-23,Group Stage,Morocco,1,5,59,Croatia,5456,Mateo Kovačić,33018,Joško Gvardiol,Complete,14.06876,59.1,17.1,45.4,20.3
3857277,2022-11-23,Group Stage,Morocco,1,6,1,Croatia,33018,Joško Gvardiol,5463,Luka Modrić,Complete,17.70113,45.4,20.3,45.2,38.0
3857277,2022-11-23,Group Stage,Morocco,1,6,6,Croatia,5463,Luka Modrić,33018,Joško Gvardiol,Complete,15.316005,51.2,42.9,46.9,28.2
3857277,2022-11-23,Group Stage,Morocco,1,6,9,Croatia,33018,Joško Gvardiol,5456,Mateo Kovačić,Complete,8.324061,46.9,28.2,50.9,20.9
3857277,2022-11-23,Group Stage,Morocco,1,6,12,Croatia,5456,Mateo Kovačić,5463,Luka Modrić,Complete,21.967249,50.9,20.9,46.9,42.5
3857277,2022-11-23,Group Stage,Morocco,1,6,18,Croatia,5463,Luka Modrić,5474,Ivan Perišić,Complete,21.01904,49.9,23.7,68.7,14.3
3857277,2022-11-23,Group Stage,Morocco,1,7,2,Croatia,5463,Luka Modrić,29163,Josip Juranović,Complete,16.263456,24.9,60.5,36.4,72.0
3857277,2022-11-23,Group Stage,Morocco,1,7,8,Croatia,29163,Josip Juranović,5463,Luka Modrić,Complete,15.913831,64.6,75.2,48.8,73.3
3857277,2022-11-23,Group Stage,Morocco,1,7,10,Croatia,5463,Luka Modrić,3441,Nikola Vlašić,Complete,9.984989,48.8,73.3,53.7,64.6
3857277,2022-11-23,Group Stage,Morocco,1,7,12,Croatia,3441,Nikola Vlašić,5456,Mateo Kovačić,Complete,23.1,53.7,64.6,53.7,41.5
3857277,2022-11-23,Group Stage,Morocco,1,7,14,Croatia,5456,Mateo Kovačić,12625,Borna Sosa,Complete,30.280025,54.6,40.8,52.4,10.6
3857277,2022-11-23,Group Stage,Morocco,1,7,18,Croatia,12625,Borna Sosa,33018,Joško Gvardiol,Complete,13.009612,55.4,10.2,48.0,20.9
3857277,2022-11-23,Group Stage,Morocco,1,7,21,Croatia,33018,Joško Gvardiol,3471,Dejan Lovren,Complete,30.619764,48.0,20.9,46.9,51.5
3857277,2022-11-23,Group Stage,Morocco,1,7,25,Croatia,3471,Dejan Lovren,5463,Luka Modrić,Complete,12.300406,46.5,51.5,52.2,62.4
3857277,2022-11-23,Group Stage,Morocco,1,7,28,Croatia,5463,Luka Modrić,5469,Marcelo Brozović,Complete,17.917868,53.9,60.1,68.7,50.0
3857277,2022-11-23,Group Stage,Morocco,1,8,27,Croatia,29163,Josip Juranović,5463,Luka Modrić,Complete,10.381715,22.9,55.8,33.2,54.5
3857277,2022-11-23,Group Stage,Morocco,1,8,29,Croatia,5463,Luka Modrić,29163,Josip Juranović,Complete,7.184706,34.7,59.8,27.6,60.9
3857277,2022-11-23,Group Stage,Morocco,1,8,30,Croatia,29163,Josip Juranović,3471,Dejan Lovren,Complete,22.042913,26.6,61.8,19.9,40.8
3857277,2022-11-23,Group Stage,Morocco,1,8,33,Croatia,3471,Dejan Lovren,33018,Joško Gvardiol,Complete,11.7209215,17.6,39.5,16.9,27.8
3857277,2022-11-23,Group Stage,Morocco,1,8,48,Croatia,33018,Joško Gvardiol,29163,Josip Juranović,Complete,53.561646,17.8,25.4,38.5,74.8
3857277,2022-11-23,Group Stage,Morocco,1,8,50,Croatia,29163,Josip Juranović,5463,Luka Modrić,Complete,7.731753,38.5,74.8,39.2,67.1
3857277,2022-11-23,Group Stage,Morocco,1,8,52,Croatia,5463,Luka Modrić,3441,Nikola Vlašić,Complete,10.867382,40.9,67.8,51.6,69.7
3857277,2022-11-23,Group Stage,Morocco,1,8,53,Croatia,3441,Nikola Vlašić,5463,Luka Modrić,Complete,6.621178,51.6,69.7,45.6,72.5
3857277,2022-11-23,Group Stage,Morocco,1,8,57,Croatia,5463,Luka Modrić,3471,Dejan Lovren,Complete,15.988121,45.6,72.5,37.7,58.6
3857277,2022-11-23,Group Stage,Morocco,1,9,0,Croatia,3471,Dejan Lovren,33018,Joško Gvardiol,Complete,28.886156,38.1,57.3,45.2,29.3
3857277,2022-11-23,Group Stage,Morocco,1,9,4,Croatia,33018,Joško Gvardiol,3471,Dejan Lovren,Complete,27.82966,52.9,15.1,45.4,41.9
3857277,2022-11-23,Group Stage,Morocco,1,9,7,Croatia,3471,Dejan Lovren,5463,Luka Modrić,Complete,23.65798,45.8,40.0,56.5,61.1
3857277,2022-11-23,Group Stage,Morocco,1,9,9,Croatia,5463,Luka Modrić,3441,Nikola Vlašić,Complete,47.88455,56.5,61.1,104.2,56.9
3857277,2022-11-23,Group Stage,Morocco,1,9,52,Croatia,5456,Mateo Kovačić,,,Incomplete,7.531268,49.4,49.1,56.8,47.7
3857277,2022-11-23,Group Stage,Morocco,1,10,2,Croatia,16531,Dominik Livaković,3471,Dejan Lovren,Complete,3.6674242,13.1,56.2,16.7,56.9
3857277,2022-11-23,Group Stage,Morocco,1,10,10,Croatia,3471,Dejan Lovren,33018,Joško Gvardiol,Complete,25.95862,34.7,55.1,30.4,29.5
3857277,2022-11-23,Group Stage,Morocco,1,10,15,Croatia,33018,Joško Gvardiol,3471,Dejan Lovren,Complete,28.949957,38.1,28.4,39.8,57.3
3857277,2022-11-23,Group Stage,Morocco,1,10,21,Croatia,3471,Dejan Lovren,33018,Joško Gvardiol,Complete,21.034496,51.8,57.3,45.6,37.2
3857277,2022-11-23,Group Stage,Morocco,1,10,25,Croatia,33018,Joško Gvardiol,12625,Borna Sosa,Complete,23.108656,56.1,26.5,68.5,7.0
3857277,2022-11-23,Group Stage,Morocco,1,10,28,Croatia,12625,Borna Sosa,5456,Mateo Kovačić,Incomplete,6.1911225,68.5,6.8,73.8,10.0
3857277,2022-11-23,Group Stage,Morocco,1,10,29,Croatia,5469,Marcelo Brozović,33018,Joško Gvardiol,Complete,17.2154,68.3,24.3,52.4,17.7
3857277,2022-11-23,Group Stage,Morocco,1,10,35,Croatia,33018,Joško Gvardiol,12625,Borna Sosa,Complete,16.414627,50.9,21.6,62.1,9.6
3857277,2022-11-23,Group Stage,Morocco,1,10,37,Croatia,12625,Borna Sosa,5456,Mateo Kovačić,Complete,8.080841,62.1,9.6,54.2,11.3
3857277,2022-11-23,Group Stage,Morocco,1,12,2,Croatia,12625,Borna Sosa,5474,Ivan Perišić,Incomplete,14.615403,21.2,0.1,34.7,5.7
3857277,2022-11-23,Group Stage,Morocco,1,12,7,Croatia,3441,Nikola Vlašić,5460,Andrej Kramarić,Complete,12.786321,43.9,41.7,50.9,31.0
3857277,2022-11-23,Group Stage,Morocco,1,13,9,Croatia,16531,Dominik Livaković,29163,Josip Juranović,Complete,36.025684,13.5,43.6,30.8,75.2
3857277,2022-11-23,Group Stage,Morocco,1,13,10,Croatia,29163,Josip Juranović,5463,Luka Modrić,Complete,6.618912,42.0,76.3,41.5,69.7
3857277,2022-11-23,Group Stage,Morocco,1,13,11,Croatia,5463,Luka Modrić,29163,Josip Juranović,Complete,6.6370173,41.5,69.7,42.2,76.3
3857277,2022-11-23,Group Stage,Morocco,1,13,17,Croatia,29163,Josip Juranović,5463,Luka Modrić,Complete,15.700318,45.6,68.6,56.9,57.7
3857277,2022-11-23,Group Stage,Morocco,1,13,18,Croatia,5463,Luka Modrić,29163,Josip Juranović,Complete,9.80816,56.9,57.7,47.5,60.5
3857277,2022-11-23,Group Stage,Morocco,1,13,21,Croatia,29163,Josip Juranović,3471,Dejan Lovren,Complete,9.708244,47.1,57.1,43.0,48.3
3857277,2022-11-23,Group Stage,Morocco,1,13,24,Croatia,3471,Dejan Lovren,33018,Joško Gvardiol,Complete,21.061102,43.0,47.4,45.6,26.5
3857277,2022-11-23,Group Stage,Morocco,1,13,29,Croatia,33018,Joško Gvardiol,3471,Dejan Lovren,Complete,12.980755,51.4,25.4,43.5,35.7
3857277,2022-11-23,Group Stage,Morocco,1,13,36,Croatia,3471,Dejan Lovren,33018,Joško Gvardiol,Complete,12.269067,50.1,32.7,51.4,20.5
3857277,2022-11-23,Group Stage,Morocco,1,13,38,Croatia,33018,Joško Gvardiol,5456,Mateo Kovačić,Incomplete,15.575622,53.5,17.3,68.7,20.7
3857277,2022-11-23,Group Stage,Morocco,1,13,52,Croatia,5474,Ivan Perišić,5456,Mateo Kovačić,Complete,10.656922,104.2,0.1,100.8,10.2
3857277,2022-11-23,Group Stage,Morocco,1,13,53,Croatia,5456,Mateo Kovačić,5474,Ivan Perišić,Complete,5.8523498,100.6,8.9,105.5,5.7
3857277,2022-11-23,Group Stage,Morocco,1,13,55,Croatia,5474,Ivan Perišić,5463,Luka Modrić,Complete,10.473777,105.5,5.7,107.4,16.0
3857277,2022-11-23,Group Stage,Morocco,1,13,59,Croatia,5463,Luka Modrić,5460,Andrej Kramarić,Incomplete,50.901966,115.8,20.9,106.8,71.0
3857277,2022-11-23,Group Stage,Morocco,1,14,27,Croatia,29163,Josip Juranović,3471,Dejan Lovren,Complete,25.987883,65.1,80.0,44.7,63.9
3857277,2022-11-23,Group Stage,Morocco,1,14,30,Croatia,3471,Dejan Lovren,5474,Ivan Perišić,Out,72.43045,49.0,62.0,87.1,0.4
3857277,2022-11-23,Group Stage,Morocco,1,14,49,Croatia,16531,Dominik Livaković,29163,Josip Juranović,Complete,10.510946,25.3,56.9,35.1,60.7
3857277,2022-11-23,Group Stage,Morocco,1,14,51,Croatia,29163,Josip Juranović,3471,Dejan Lovren,Complete,9.638465,35.1,60.7,40.0,52.4
3857277,2022-11-23,Group Stage,Morocco,1,14,54,Croatia,3471,Dejan Lovren,33018,Joško Gvardiol,Complete,27.687542,42.8,51.9,45.0,24.3
3857277,2022-11-23,Group Stage,Morocco,1,14,56,Croatia,33018,Joško Gvardiol,12625,Borna Sosa,Complete,19.80404,44.3,24.1,56.5,8.5
3857277,2022-11-23,Group Stage,Morocco,1,14,59,Croatia,12625,Borna Sosa,33018,Joško Gvardiol,Complete,18.776848,56.3,11.9,42.2,24.3
3857277,2022-11-23,Group Stage,Morocco,1,15,3,Croatia,33018,Joško Gvardiol,3471,Dejan Lovren,Complete,34.776142,42.2,24.3,44.5,59.0
3857277,2022-11-23,Group Stage,Morocco,1,15,6,Croatia,3471,Dejan Lovren,16531,Dominik Livaković,Complete,30.622868,44.3,59.0,16.3,46.6
3857277,2022-11-23,Group Stage,Morocco,1,15,10,Croatia,16531,Dominik Livaković,33018,Joško Gvardiol,Complete,23.879908,19.1,45.5,32.3,25.6
3857277,2022-11-23,Group Stage,Morocco,1,15,15,Croatia,33018,Joško Gvardiol,5469,Marcelo Brozović,Complete,7.981228,43.7,26.3,51.4,28.4
3857277,2022-11-23,Group Stage,Morocco,1,15,18,Croatia,5469,Marcelo Brozović,33018,Joško Gvardiol,Complete,10.401923,50.7,27.1,40.3,27.3
3857277,2022-11-23,Group Stage,Morocco,1,15,20,Croatia,33018,Joško Gvardiol,5469,Marcelo Brozović,Complete,11.469089,40.7,27.1,48.4,18.6
3857277,2022-11-23,Group Stage,Morocco,1,15,23,Croatia,5469,Marcelo Brozović,5456,Mateo Kovačić,Complete,8.421995,48.4,18.6,55.7,22.8
3857277,2022-11-23,Group Stage,Morocco,1,15,24,Croatia,5456,Mateo Kovačić,33018,Joško Gvardiol,Complete,13.086252,55.7,22.8,46.7,32.3
3857277,2022-11-23,Group Stage,Morocco,1,15,28,Croatia,33018,Joško Gvardiol,3471,Dejan Lovren,Complete,14.080128,53.9,41.0,49.9,54.5
3857277,2022-11-23,Group Stage,Morocco,1,15,31,Croatia,3471,Dejan Lovren,29163,Josip Juranović,Complete,21.061102,53.3,55.8,55.9,76.7
3857277,2022-11-23,Group Stage,Morocco,1,15,33,Croatia,29163,Josip Juranović,5463,Luka Modrić,Complete,22.71079,56.7,76.7,79.4,77.4
3857277,2022-11-23,Group Stage,Morocco,1,15,35,Croatia,5463,Luka Modrić,,,Incomplete,3.3734255,78.5,77.2,81.8,76.5
3857277,2022-11-23,Group Stage,Morocco,1,15,50,Croatia,29163,Josip Juranović,3471,Dejan Lovren,Complete,18.76273,84.5,80.0,69.3,69.0
3857277,2022-11-23,Group Stage,Morocco,1,15,52,Croatia,3471,Dejan Lovren,33018,Joško Gvardiol,Complete,29.71885,69.3,69.0,65.7,39.5
3857277,2022-11-23,Group Stage,Morocco,1,15,56,Croatia,33018,Joško Gvardiol,5463,Luka Modrić,Complete,30.832613,67.4,39.5,77.0,68.8
3857277,2022-11-23,Group Stage,Morocco,1,16,0,Croatia,5463,Luka Modrić,29163,Josip Juranović,Complete,20.359274,77.0,74.6,96.9,78.9
3857277,2022-11-23,Group Stage,Morocco,1,16,2,Croatia,29163,Josip Juranović,,,Incomplete,9.021087,99.9,78.9,104.6,71.2
3857277,2022-11-23,Group Stage,Morocco,1,16,47,Croatia,33018,Joško Gvardiol,,,Incomplete,36.7271,38.3,52.4,74.5,58.6
3857277,2022-11-23,Group Stage,Morocco,1,16,51,Croatia,33018,Joško Gvardiol,,,Incomplete,21.440617,45.8,50.4,66.1,57.3
3857277,2022-11-23,Group Stage,Morocco,1,16,58,Croatia,12625,Borna Sosa,3471,Dejan Lovren,Complete,23.57329,39.6,37.2,16.5,41.9
3857277,2022-11-23,Group Stage,Morocco,1,17,2,Croatia,3471,Dejan Lovren,,,Out,41.353355,15.9,42.1,18.0,0.8
3857277,2022-11-23,Group Stage,Morocco,1,17,46,Croatia,16531,Dominik Livaković,5469,Marcelo Brozović,Complete,9.192389,7.0,36.1,16.1,34.8
3857277,2022-11-23,Group Stage,Morocco,1,17,47,Croatia,5469,Marcelo Brozović,33018,Joško Gvardiol,Complete,11.872658,15.9,35.0,9.5,25.0
3857277,2022-11-23,Group Stage,Morocco,1,17,50,Croatia,33018,Joško Gvardiol,12625,Borna Sosa,Complete,17.455372,9.2,23.9,15.7,7.7
3857277,2022-11-23,Group Stage,Morocco,1,17,52,Croatia,12625,Borna Sosa,5460,Andrej Kramarić,Incomplete,43.73214,22.3,7.0,64.6,18.1
3857277,2022-11-23,Group Stage,Morocco,1,20,15,Croatia,5463,Luka Modrić,,,Incomplete,24.3836,25.9,40.6,44.3,56.6
3857277,2022-11-23,Group Stage,Morocco,1,20,19,Croatia,5463,Luka Modrić,5456,Mateo Kovačić,Complete,7.566373,39.8,57.3,34.5,51.9
3857277,2022-11-23,Group Stage,Morocco,1,20,21,Croatia,5456,Mateo Kovačić,5460,Andrej Kramarić,Complete,38.190704,35.3,51.7,71.1,65.0
3857277,2022-11-23,Group Stage,Morocco,1,20,28,Croatia,5460,Andrej Kramarić,3441,Nikola Vlašić,Complete,15.132746,98.6,65.4,100.6,50.4
3857277,2022-11-23,Group Stage,Morocco,1,21,14,Croatia,5463,Luka Modrić,5460,Andrej Kramarić,Incomplete,25.934147,120.0,80.0,114.3,54.7
3857277,2022-11-23,Group Stage,Morocco,1,21,23,Croatia,5463,Luka Modrić,5456,Mateo Kovačić,Complete,12.515989,110.8,79.7,98.4,78.0
3857277,2022-11-23,Group Stage,Morocco,1,21,25,Croatia,5456,Mateo Kovačić,5460,Andrej Kramarić,Complete,10.530432,98.4,78.0,97.6,67.5
3857277,2022-11-23,Group Stage,Morocco,1,21,29,Croatia,5460,Andrej Kramarić,33018,Joško Gvardiol,Complete,16.155495,89.0,58.6,83.0,43.6
3857277,2022-11-23,Group Stage,Morocco,1,21,30,Croatia,33018,Joško Gvardiol,,,Incomplete,22.770596,84.1,43.4,104.2,54.1
3857277,2022-11-23,Group Stage,Morocco,1,21,33,Croatia,5456,Mateo Kovačić,3441,Nikola Vlašić,Complete,10.937093,93.1,55.1,104.0,56.0
3857277,2022-11-23,Group Stage,Morocco,1,21,35,Croatia,3441,Nikola Vlašić,5463,Luka Modrić,Complete,9.914131,110.8,60.3,109.3,70.1
3857277,2022-11-23,Group Stage,Morocco,1,21,37,Croatia,5463,Luka Modrić,,,Incomplete,17.763445,110.0,70.1,111.5,52.4
3857277,2022-11-23,Group Stage,Morocco,1,21,43,Croatia,5474,Ivan Perišić,29163,Josip Juranović,Complete,32.256783,91.6,27.8,64.9,45.9
3857277,2022-11-23,Group Stage,Morocco,1,21,45,Croatia,29163,Josip Juranović,5469,Marcelo Brozović,Complete,8.13941,64.9,45.9,68.5,53.2
3857277,2022-11-23,Group Stage,Morocco,1,21,49,Croatia,5469,Marcelo Brozović,12625,Borna Sosa,Complete,33.422897,65.1,45.1,70.4,12.1
3857277,2022-11-23,Group Stage,Morocco,1,21,52,Croatia,12625,Borna Sosa,5474,Ivan Perišić,Complete,11.940268,70.4,12.1,81.5,7.7
3857277,2022-11-23,Group Stage,Morocco,1,21,53,Croatia,5474,Ivan Perišić,33018,Joško Gvardiol,Complete,24.738634,80.3,5.9,56.3,11.9
3857277,2022-11-23,Group Stage,Morocco,1,21,58,Croatia,33018,Joško Gvardiol,5469,Marcelo Brozović,Complete,15.061541,63.1,10.0,68.9,23.9
3857277,2022-11-23,Group Stage,Morocco,1,22,0,Croatia,5469,Marcelo Brozović,5456,Mateo Kovačić,Complete,12.419743,68.9,23.9,69.6,11.5
3857277,2022-11-23,Group Stage,Morocco,1,22,2,Croatia,5456,Mateo Kovačić,3471,Dejan Lovren,Complete,28.908304,69.6,11.5,57.6,37.8
3857277,2022-11-23,Group Stage,Morocco,1,22,7,Croatia,3471,Dejan Lovren,33018,Joško Gvardiol,Complete,20.811775,56.9,46.2,57.6,25.4
3857277,2022-11-23,Group Stage,Morocco,1,22,12,Croatia,33018,Joško Gvardiol,5469,Marcelo Brozović,Complete,10.850346,57.6,22.8,67.8,26.5
3857277,2022-11-23,Group Stage,Morocco,1,22,13,Croatia,5469,Marcelo Brozović,33018,Joško Gvardiol,Complete,12.576566,67.8,25.2,55.4,23.1
3857277,2022-11-23,Group Stage,Morocco,1,22,16,Croatia,33018,Joško Gvardiol,3471,Dejan Lovren,Complete,9.527329,55.4,23.1,52.0,32.0
3857277,2022-11-23,Group Stage,Morocco,1,22,18,Croatia,3471,Dejan Lovren,29163,Josip Juranović,Complete,55.569508,56.9,40.8,98.0,78.2
3857277,2022-11-23,Group Stage,Morocco,1,22,38,Croatia,5474,Ivan Perišić,3441,Nikola Vlašić,Complete,38.310574,74.9,20.5,75.8,58.8
3857277,2022-11-23,Group Stage,Morocco,1,25,6,Croatia,16531,Dominik Livaković,5474,Ivan Perišić,Complete,72.62073,15.7,75.7,66.8,24.1
3857277,2022-11-23,Group Stage,Morocco,1,25,9,Croatia,5474,Ivan Perišić,12625,Borna Sosa,Complete,15.273834,66.1,24.3,50.9,25.8
3857277,2022-11-23,Group Stage,Morocco,1,25,12,Croatia,12625,Borna Sosa,16531,Dominik Livaković,Complete,36.254242,42.2,23.1,8.8,37.2
3857277,2022-11-23,Group Stage,Morocco,1,25,16,Croatia,16531,Dominik Livaković,3471,Dejan Lovren,Complete,21.746264,8.4,37.8,16.7,57.9
3857277,2022-11-23,Group Stage,Morocco,1,25,24,Croatia,3471,Dejan Lovren,33018,Joško Gvardiol,Complete,33.317863,33.4,57.5,36.2,24.3
3857277,2022-11-23,Group Stage,Morocco,1,25,26,Croatia,33018,Joško Gvardiol,3471,Dejan Lovren,Complete,28.726469,36.4,25.8,40.0,54.3
3857277,2022-11-23,Group Stage,Morocco,1,25,30,Croatia,3471,Dejan Lovren,33018,Joško Gvardiol,Complete,25.762959,40.3,54.3,38.5,28.6
3857277,2022-11-23,Group Stage,Morocco,1,25,33,Croatia,33018,Joško Gvardiol,5474,Ivan Perišić,Complete,57.497566,38.3,24.3,94.4,11.7
3857277,2022-11-23,Group Stage,Morocco,1,25,36,Croatia,5474,Ivan Perišić,5460,Andrej Kramarić,Complete,3.0,94.2,11.7,91.2,11.7
3857277,2022-11-23,Group Stage,Morocco,1,25,38,Croatia,5460,Andrej Kramarić,5474,Ivan Perišić,Complete,6.8963757,92.9,13.2,98.9,16.6
3857277,2022-11-23,Group Stage,Morocco,1,25,39,Croatia,5474,Ivan Perišić,5460,Andrej Kramarić,Complete,10.689247,99.5,16.9,104.4,7.4
3857277,2022-11-23,Group Stage,Morocco,1,25,40,Croatia,5460,Andrej Kramarić,,,Incomplete,40.343525,105.3,7.9,111.9,47.7
3857277,2022-11-23,Group Stage,Morocco,1,26,15,Croatia,33018,Joško Gvardiol,3471,Dejan Lovren,Complete,23.320591,43.0,23.1,39.8,46.2
3857277,2022-11-23,Group Stage,Morocco,1,26,21,Croatia,3471,Dejan Lovren,33018,Joško Gvardiol,Complete,15.738488,43.7,44.7,42.6,29.0
3857277,2022-11-23,Group Stage,Morocco,1,26,25,Croatia,33018,Joško Gvardiol,3471,Dejan Lovren,Complete,21.22852,42.6,29.0,43.7,50.2
3857277,2022-11-23,Group Stage,Morocco,1,26,30,Croatia,3471,Dejan Lovren,29163,Josip Juranović,Incomplete,3.0066593,53.3,68.4,56.3,68.2
3857277,2022-11-23,Group Stage,Morocco,1,26,45,Croatia,3471,Dejan Lovren,16531,Dominik Livaković,Complete,34.12477,35.8,80.0,12.9,54.7
3857277,2022-11-23,Group Stage,Morocco,1,26,48,Croatia,16531,Dominik Livaković,33018,Joško Gvardiol,Complete,22.865038,12.4,52.8,19.9,31.2
3857277,2022-11-23,Group Stage,Morocco,1,26,54,Croatia,33018,Joško Gvardiol,5469,Marcelo Brozović,Complete,8.820431,36.6,28.6,45.4,28.0
3857277,2022-11-23,Group Stage,Morocco,1,26,56,Croatia,5469,Marcelo Brozović,12625,Borna Sosa,Complete,20.920086,45.4,28.0,51.2,7.9
3857277,2022-11-23,Group Stage,Morocco,1,26,58,Croatia,12625,Borna Sosa,33018,Joško Gvardiol,Complete,21.801376,45.2,6.2,29.1,20.9
3857277,2022-11-23,Group Stage,Morocco,1,27,1,Croatia,33018,Joško Gvardiol,3471,Dejan Lovren,Complete,21.807339,27.2,21.6,30.2,43.2
3857277,2022-11-23,Group Stage,Morocco,1,27,3,Croatia,3471,Dejan Lovren,5463,Luka Modrić,Complete,22.274874,30.2,43.4,39.8,63.5
3857277,2022-11-23,Group Stage,Morocco,1,27,7,Croatia,5463,Luka Modrić,5469,Marcelo Brozović,Complete,9.321481,44.7,56.2,53.9,57.7
3857277,2022-11-23,Group Stage,Morocco,1,27,9,Croatia,5469,Marcelo Brozović,3441,Nikola Vlašić,Complete,17.52056,55.9,63.3,70.0,73.7
3857277,2022-11-23,Group Stage,Morocco,1,27,13,Croatia,3441,Nikola Vlašić,5469,Marcelo Brozović,Complete,19.604082,69.1,74.6,49.5,74.2
3857277,2022-11-23,Group Stage,Morocco,1,27,16,Croatia,5469,Marcelo Brozović,5463,Luka Modrić,Complete,12.690548,48.0,74.6,50.7,62.2
3857277,2022-11-23,Group Stage,Morocco,1,27,23,Croatia,5463,Luka Modrić,5456,Mateo Kovačić,Complete,17.501143,54.8,59.2,54.6,41.7
3857277,2022-11-23,Group Stage,Morocco,1,27,25,Croatia,5456,Mateo Kovačić,5463,Luka Modrić,Complete,15.280052,55.0,43.2,45.8,55.4
3857277,2022-11-23,Group Stage,Morocco,1,27,27,Croatia,5463,Luka Modrić,3471,Dejan Lovren,Complete,20.869356,45.8,55.4,44.1,34.6
3857277,2022-11-23,Group Stage,Morocco,1,27,30,Croatia,3471,Dejan Lovren,5456,Mateo Kovačić,Complete,11.676472,45.8,32.7,56.1,38.2
3857277,2022-11-23,Group Stage,Morocco,1,27,33,Croatia,5456,Mateo Kovačić,33018,Joško Gvardiol,Complete,16.9,51.6,29.7,51.6,12.8
3857277,2022-11-23,Group Stage,Morocco,1,27,35,Croatia,33018,Joško Gvardiol,5460,Andrej Kramarić,Complete,16.54237,51.6,12.8,56.5,28.6
3857277,2022-11-23,Group Stage,Morocco,1,27,39,Croatia,5460,Andrej Kramarić,3471,Dejan Lovren,Complete,11.901681,52.2,28.8,40.3,28.6
3857277,2022-11-23,Group Stage,Morocco,1,27,41,Croatia,3471,Dejan Lovren,5463,Luka Modrić,Complete,31.591297,39.8,28.6,42.2,60.1
3857277,2022-11-23,Group Stage,Morocco,1,27,46,Croatia,5463,Luka Modrić,5474,Ivan Perišić,Complete,52.050457,57.2,56.4,76.6,8.1
3857277,2022-11-23,Group Stage,Morocco,1,27,50,Croatia,5474,Ivan Perišić,12625,Borna Sosa,Complete,15.279398,82.2,6.4,93.3,16.9
3857277,2022-11-23,Group Stage,Morocco,1,27,51,Croatia,12625,Borna Sosa,5456,Mateo Kovačić,Complete,8.854942,94.2,16.0,98.2,8.1
3857277,2022-11-23,Group Stage,Morocco,1,27,57,Croatia,5456,Mateo Kovačić,,,Incomplete,38.380333,104.0,7.9,111.7,45.5
3857277,2022-11-23,Group Stage,Morocco,1,29,25,Croatia,5469,Marcelo Brozović,33018,Joško Gvardiol,Complete,14.644112,43.9,25.6,31.7,17.5
3857277,2022-11-23,Group Stage,Morocco,1,29,26,Croatia,33018,Joško Gvardiol,5474,Ivan Perišić,Complete,17.507141,31.9,17.1,46.2,7.0
3857277,2022-11-23,Group Stage,Morocco,1,29,27,Croatia,5474,Ivan Perišić,5469,Marcelo Brozović,Complete,16.265915,46.2,7.0,34.5,18.3
3857277,2022-11-23,Group Stage,Morocco,1,29,31,Croatia,5469,Marcelo Brozović,29163,Josip Juranović,Complete,41.458534,33.6,19.0,44.5,59.0
3857277,2022-11-23,Group Stage,Morocco,1,29,36,Croatia,29163,Josip Juranović,3441,Nikola Vlašić,Incomplete,20.10199,67.0,61.6,86.7,65.6
3857277,2022-11-23,Group Stage,Morocco,1,29,50,Croatia,29163,Josip Juranović,5469,Marcelo Brozović,Complete,9.585405,35.3,80.0,31.5,71.2
3857277,2022-11-23,Group Stage,Morocco,1,29,53,Croatia,5469,Marcelo Brozović,5463,Luka Modrić,Complete,12.879829,31.5,71.2,43.0,65.4
3857277,2022-11-23,Group Stage,Morocco,1,29,54,Croatia,5463,Luka Modrić,5469,Marcelo Brozović,Complete,8.336066,42.0,65.2,33.8,63.7
3857277,2022-11-23,Group Stage,Morocco,1,29,59,Croatia,5469,Marcelo Brozović,33018,Joško Gvardiol,Complete,25.92335,37.7,60.5,36.6,34.6
3857277,2022-11-23,Group Stage,Morocco,1,30,1,Croatia,33018,Joško Gvardiol,5456,Mateo Kovačić,Complete,8.17435,36.6,34.4,44.7,35.5
3857277,2022-11-23,Group Stage,Morocco,1,30,2,Croatia,5456,Mateo Kovačić,12625,Borna Sosa,Complete,25.701752,44.7,35.5,45.0,9.8
3857277,2022-11-23,Group Stage,Morocco,1,30,5,Croatia,12625,Borna Sosa,5474,Ivan Perišić,Complete,18.216476,50.3,7.7,68.3,4.9
3857277,2022-11-23,Group Stage,Morocco,1,30,6,Croatia,5474,Ivan Perišić,33018,Joško Gvardiol,Complete,34.877213,68.3,4.9,36.4,19.0
3857277,2022-11-23,Group Stage,Morocco,1,30,10,Croatia,33018,Joško Gvardiol,5463,Luka Modrić,Complete,35.22272,36.4,19.0,45.6,53.0
3857277,2022-11-23,Group Stage,Morocco,1,30,13,Croatia,5463,Luka Modrić,3441,Nikola Vlašić,Complete,30.822882,46.2,53.4,76.8,57.1
3857277,2022-11-23,Group Stage,Morocco,1,30,14,Croatia,3441,Nikola Vlašić,29163,Josip Juranović,Complete,19.409277,76.8,57.1,76.2,76.5
3857277,2022-11-23,Group Stage,Morocco,1,30,17,Croatia,29163,Josip Juranović,5463,Luka Modrić,Complete,20.032475,76.2,76.1,58.9,66.0
3857277,2022-11-23,Group Stage,Morocco,1,30,21,Croatia,5463,Luka Modrić,3471,Dejan Lovren,Complete,23.380547,58.9,66.0,52.2,43.6
3857277,2022-11-23,Group Stage,Morocco,1,30,22,Croatia,3471,Dejan Lovren,33018,Joško Gvardiol,Complete,16.323296,52.2,43.6,56.3,27.8
3857277,2022-11-23,Group Stage,Morocco,1,30,26,Croatia,33018,Joško Gvardiol,5460,Andrej Kramarić,Incomplete,20.671236,66.6,21.1,86.9,25.0
3857277,2022-11-23,Group Stage,Morocco,1,30,43,Croatia,33018,Joško Gvardiol,,,Incomplete,26.79123,37.3,31.6,62.9,23.7
3857277,2022-11-23,Group Stage,Morocco,1,31,5,Croatia,16531,Dominik Livaković,5469,Marcelo Brozović,Complete,28.370407,7.0,36.1,32.8,24.3
3857277,2022-11-23,Group Stage,Morocco,1,31,7,Croatia,5469,Marcelo Brozović,5456,Mateo Kovačić,Complete,13.21363,32.6,24.6,45.8,25.2
3857277,2022-11-23,Group Stage,Morocco,1,31,8,Croatia,5456,Mateo Kovačić,5469,Marcelo Brozović,Complete,8.820431,45.2,25.4,36.4,24.8
3857277,2022-11-23,Group Stage,Morocco,1,31,15,Croatia,5469,Marcelo Brozović,12625,Borna Sosa,Complete,12.267437,50.7,19.0,56.7,8.3
3857277,2022-11-23,Group Stage,Morocco,1,31,16,Croatia,12625,Borna Sosa,5469,Marcelo Brozović,Complete,11.4947815,56.7,8.3,46.5,13.6
3857277,2022-11-23,Group Stage,Morocco,1,31,23,Croatia,5469,Marcelo Brozović,5456,Mateo Kovačić,Complete,10.36002,50.5,17.5,56.7,9.2
3857277,2022-11-23,Group Stage,Morocco,1,31,28,Croatia,5456,Mateo Kovačić,33018,Joško Gvardiol,Complete,19.681463,50.3,13.0,34.7,25.0
3857277,2022-11-23,Group Stage,Morocco,1,31,31,Croatia,33018,Joško Gvardiol,3471,Dejan Lovren,Complete,24.81149,34.7,25.0,39.2,49.4
3857277,2022-11-23,Group Stage,Morocco,1,31,33,Croatia,3471,Dejan Lovren,5469,Marcelo Brozović,Complete,19.924858,40.0,51.3,51.6,67.5
3857277,2022-11-23,Group Stage,Morocco,1,31,35,Croatia,5469,Marcelo Brozović,3471,Dejan Lovren,Complete,14.612324,51.6,67.5,39.0,60.1
3857277,2022-11-23,Group Stage,Morocco,1,31,39,Croatia,3471,Dejan Lovren,33018,Joško Gvardiol,Complete,32.143585,39.0,60.1,45.4,28.6
3857277,2022-11-23,Group Stage,Morocco,1,31,41,Croatia,33018,Joško Gvardiol,5463,Luka Modrić,Complete,16.551132,47.1,28.4,63.6,29.7
3857277,2022-11-23,Group Stage,Morocco,1,31,44,Croatia,5463,Luka Modrić,33018,Joško Gvardiol,Complete,14.60137,59.1,28.8,44.5,29.0
3857277,2022-11-23,Group Stage,Morocco,1,31,45,Croatia,33018,Joško Gvardiol,3471,Dejan Lovren,Complete,22.073513,43.2,28.6,45.0,50.6
3857277,2022-11-23,Group Stage,Morocco,1,31,50,Croatia,3471,Dejan Lovren,5463,Luka Modrić,Complete,24.250772,45.0,50.6,47.7,26.5
3857277,2022-11-23,Group Stage,Morocco,1,31,54,Croatia,5463,Luka Modrić,12625,Borna Sosa,Complete,9.247703,62.7,14.5,66.1,5.9
3857277,2022-11-23,Group Stage,Morocco,1,31,58,Croatia,5456,Mateo Kovačić,33018,Joško Gvardiol,Complete,13.6926985,51.8,17.5,38.8,21.8
3857277,2022-11-23,Group Stage,Morocco,1,32,1,Croatia,33018,Joško Gvardiol,12625,Borna Sosa,Complete,16.096273,35.3,22.8,45.8,10.6
3857277,2022-11-23,Group Stage,Morocco,1,32,3,Croatia,12625,Borna Sosa,5463,Luka Modrić,Complete,16.23638,46.0,8.9,62.1,6.8
3857277,2022-11-23,Group Stage,Morocco,1,32,4,Croatia,5463,Luka Modrić,5474,Ivan Perišić,Complete,10.323759,62.9,6.2,73.2,5.5
3857277,2022-11-23,Group Stage,Morocco,1,32,5,Croatia,5474,Ivan Perišić,5463,Luka Modrić,Complete,10.983624,73.2,5.5,67.2,14.7
3857277,2022-11-23,Group Stage,Morocco,1,32,7,Croatia,5463,Luka Modrić,5460,Andrej Kramarić,Incomplete,29.198801,70.8,22.2,99.9,24.6
3857277,2022-11-23,Group Stage,Morocco,1,32,23,Croatia,5474,Ivan Perišić,5469,Marcelo Brozović,Complete,11.78813,102.7,0.1,99.7,11.5
3857277,2022-11-23,Group Stage,Morocco,1,32,25,Croatia,5469,Marcelo Brozović,12625,Borna Sosa,Complete,8.036168,101.0,8.9,93.3,6.6
3857277,2022-11-23,Group Stage,Morocco,1,32,27,Croatia,12625,Borna Sosa,,,Incomplete,3.8275318,93.3,6.6,95.4,9.8
3857277,2022-11-23,Group Stage,Morocco,1,32,32,Croatia,5469,Marcelo Brozović,5463,Luka Modrić,Complete,10.945775,81.5,14.7,80.5,25.6
3857277,2022-11-23,Group Stage,Morocco,1,32,33,Croatia,5463,Luka Modrić,33018,Joško Gvardiol,Complete,15.2898655,80.5,25.6,70.2,14.3
3857277,2022-11-23,Group Stage,Morocco,1,32,35,Croatia,33018,Joško Gvardiol,5474,Ivan Perišić,Complete,20.736923,70.2,14.3,90.3,9.2
3857277,2022-11-23,Group Stage,Morocco,1,32,46,Croatia,5474,Ivan Perišić,16531,Dominik Livaković,Complete,39.912907,50.5,27.8,10.7,30.8
3857277,2022-11-23,Group Stage,Morocco,1,32,51,Croatia,16531,Dominik Livaković,33018,Joško Gvardiol,Complete,12.432618,12.7,31.0,25.1,30.1
3857277,2022-11-23,Group Stage,Morocco,1,32,53,Croatia,33018,Joško Gvardiol,3471,Dejan Lovren,Complete,19.109423,25.3,30.3,33.2,47.7
3857277,2022-11-23,Group Stage,Morocco,1,32,56,Croatia,3471,Dejan Lovren,29163,Josip Juranović,Complete,24.647312,34.3,49.4,45.8,71.2
3857277,2022-11-23,Group Stage,Morocco,1,32,59,Croatia,29163,Josip Juranović,3441,Nikola Vlašić,Complete,9.972462,53.1,69.3,62.7,72.0
3857277,2022-11-23,Group Stage,Morocco,1,33,4,Croatia,3441,Nikola Vlašić,5460,Andrej Kramarić,Incomplete,6.1,70.8,77.0,76.8,75.9
3857277,2022-11-23,Group Stage,Morocco,1,33,7,Croatia,3471,Dejan Lovren,5469,Marcelo Brozović,Complete,11.315918,43.9,66.0,53.3,72.3
3857277,2022-11-23,Group Stage,Morocco,1,33,12,Croatia,5469,Marcelo Brozović,33018,Joško Gvardiol,Complete,39.37207,56.3,69.5,50.9,30.5
3857277,2022-11-23,Group Stage,Morocco,1,33,15,Croatia,33018,Joško Gvardiol,12625,Borna Sosa,Complete,23.108656,51.2,27.8,63.6,8.3
3857277,2022-11-23,Group Stage,Morocco,1,33,18,Croatia,12625,Borna Sosa,5456,Mateo Kovačić,Complete,15.962456,63.8,8.1,51.2,17.9
3857277,2022-11-23,Group Stage,Morocco,1,33,24,Croatia,5456,Mateo Kovačić,29163,Josip Juranović,Complete,51.176655,62.9,43.8,102.1,76.7
3857277,2022-11-23,Group Stage,Morocco,1,33,28,Croatia,29163,Josip Juranović,,,Incomplete,23.047125,104.6,74.2,107.2,51.3
3857277,2022-11-23,Group Stage,Morocco,1,33,37,Croatia,29163,Josip Juranović,5469,Marcelo Brozović,Complete,20.66422,107.2,80.0,86.7,77.4
3857277,2022-11-23,Group Stage,Morocco,1,33,40,Croatia,5469,Marcelo Brozović,5463,Luka Modrić,Complete,7.5802374,82.2,77.4,81.1,69.9
3857277,2022-11-23,Group Stage,Morocco,1,33,42,Croatia,5463,Luka Modrić,5456,Mateo Kovačić,Complete,7.253275,76.2,70.1,78.1,63.1
3857277,2022-11-23,Group Stage,Morocco,1,33,46,Croatia,5456,Mateo Kovačić,5460,Andrej Kramarić,Complete,10.184301,83.7,62.6,93.3,59.2
3857277,2022-11-23,Group Stage,Morocco,1,33,47,Croatia,5460,Andrej Kramarić,3441,Nikola Vlašić,Complete,8.868484,93.3,59.2,94.4,68.0
3857277,2022-11-23,Group Stage,Morocco,1,34,37,Croatia,5469,Marcelo Brozović,,,Incomplete,3.622154,25.1,4.9,28.7,5.3
3857277,2022-11-23,Group Stage,Morocco,1,35,2,Croatia,12625,Borna Sosa,5474,Ivan Perišić,Incomplete,11.014536,27.2,0.1,36.8,5.5
3857277,2022-11-23,Group Stage,Morocco,1,36,3,Croatia,12625,Borna Sosa,5469,Marcelo Brozović,Complete,13.238202,32.8,22.2,44.7,28.0
3857277,2022-11-23,Group Stage,Morocco,1,36,4,Croatia,5469,Marcelo Brozović,5463,Luka Modrić,Complete,8.005623,44.5,29.9,39.2,35.9
3857277,2022-11-23,Group Stage,Morocco,1,36,5,Croatia,5463,Luka Modrić,5469,Marcelo Brozović,Complete,14.402778,39.2,35.9,52.2,29.7
3857277,2022-11-23,Group Stage,Morocco,1,36,8,Croatia,5469,Marcelo Brozović,3441,Nikola Vlašić,Complete,50.794685,65.1,42.1,103.8,75.0
3857277,2022-11-23,Group Stage,Morocco,1,36,17,Croatia,3441,Nikola Vlašić,,,Incomplete,21.732924,114.1,77.8,111.7,56.2
3857277,2022-11-23,Group Stage,Morocco,1,37,27,Croatia,5469,Marcelo Brozović,5463,Luka Modrić,Complete,4.159327,49.7,57.3,51.6,53.6
3857277,2022-11-23,Group Stage,Morocco,1,37,27,Croatia,5463,Luka Modrić,5469,Marcelo Brozović,Complete,9.139475,51.4,53.9,54.2,62.6
3857277,2022-11-23,Group Stage,Morocco,1,37,44,Croatia,5469,Marcelo Brozović,5463,Luka Modrić,Complete,7.102816,61.2,54.7,68.3,54.9
3857277,2022-11-23,Group Stage,Morocco,1,37,48,Croatia,5463,Luka Modrić,5469,Marcelo Brozović,Complete,11.573245,67.8,54.9,65.3,43.6
3857277,2022-11-23,Group Stage,Morocco,1,37,49,Croatia,5469,Marcelo Brozović,3441,Nikola Vlašić,Complete,23.577955,64.9,43.2,84.3,56.6
3857277,2022-11-23,Group Stage,Morocco,1,38,0,Croatia,12625,Borna Sosa,,,Incomplete,2.2472205,23.8,8.7,25.9,7.9
3857277,2022-11-23,Group Stage,Morocco,1,38,8,Croatia,33018,Joško Gvardiol,5474,Ivan Perišić,Complete,11.107204,11.4,14.7,22.5,15.1
3857277,2022-11-23,Group Stage,Morocco,1,38,11,Croatia,5474,Ivan Perišić,5469,Marcelo Brozović,Complete,15.654073,26.8,11.7,33.6,25.8
3857277,2022-11-23,Group Stage,Morocco,1,38,14,Croatia,5469,Marcelo Brozović,29163,Josip Juranović,Complete,31.192627,36.2,31.2,46.9,60.5
3857277,2022-11-23,Group Stage,Morocco,1,38,19,Croatia,29163,Josip Juranović,5463,Luka Modrić,Complete,8.845903,63.4,63.3,56.9,57.3
3857277,2022-11-23,Group Stage,Morocco,1,38,24,Croatia,5463,Luka Modrić,29163,Josip Juranović,Complete,13.124405,73.2,59.8,85.6,64.1
3857277,2022-11-23,Group Stage,Morocco,1,39,21,Croatia,5463,Luka Modrić,5469,Marcelo Brozović,Complete,7.2111025,29.8,69.0,23.8,65.0
3857277,2022-11-23,Group Stage,Morocco,1,39,22,Croatia,5469,Marcelo Brozović,,,Incomplete,18.062391,23.8,65.0,37.3,53.0
3857277,2022-11-23,Group Stage,Morocco,1,40,49,Croatia,5469,Marcelo Brozović,5456,Mateo Kovačić,Complete,6.4031243,10.1,29.9,16.5,29.7
3857277,2022-11-23,Group Stage,Morocco,1,40,51,Croatia,5456,Mateo Kovačić,5463,Luka Modrić,Complete,18.343937,20.1,28.8,14.6,11.3
3857277,2022-11-23,Group Stage,Morocco,1,40,52,Croatia,5463,Luka Modrić,5469,Marcelo Brozović,Complete,7.542546,14.2,11.1,6.7,11.9
3857277,2022-11-23,Group Stage,Morocco,1,40,53,Croatia,5469,Marcelo Brozović,,,Incomplete,2.9410882,6.9,10.9,9.7,10.0
3857277,2022-11-23,Group Stage,Morocco,1,43,2,Croatia,12625,Borna Sosa,5474,Ivan Perišić,Complete,22.472204,4.3,0.1,25.3,8.1
3857277,2022-11-23,Group Stage,Morocco,1,43,4,Croatia,5474,Ivan Perišić,,,Incomplete,2.8635643,25.7,7.7,28.3,8.9
3857277,2022-11-23,Group Stage,Morocco,1,43,27,Croatia,12625,Borna Sosa,,,Incomplete,30.949152,20.8,17.1,50.9,24.3
3857277,2022-11-23,Group Stage,Morocco,1,43,57,Croatia,16531,Dominik Livaković,33018,Joško Gvardiol,Complete,10.504285,7.0,36.1,7.3,25.6
3857277,2022-11-23,Group Stage,Morocco,1,44,3,Croatia,33018,Joško Gvardiol,3441,Nikola Vlašić,Complete,65.63086,8.4,25.8,73.8,20.3
3857277,2022-11-23,Group Stage,Morocco,1,44,6,Croatia,3441,Nikola Vlašić,5474,Ivan Perišić,Incomplete,35.034412,74.5,19.8,109.1,14.3
3857277,2022-11-23,Group Stage,Morocco,1,44,17,Croatia,3471,Dejan Lovren,,,Incomplete,25.75131,57.4,50.9,82.6,56.2
3857277,2022-11-23,Group Stage,Morocco,1,44,33,Croatia,5463,Luka Modrić,5469,Marcelo Brozović,Complete,10.421612,63.6,77.6,59.1,68.2
3857277,2022-11-23,Group Stage,Morocco,1,44,34,Croatia,5469,Marcelo Brozović,5456,Mateo Kovačić,Complete,13.330417,59.1,68.2,67.8,58.1
3857277,2022-11-23,Group Stage,Morocco,1,44,35,Croatia,5456,Mateo Kovačić,5469,Marcelo Brozović,Complete,9.563472,67.8,58.1,58.9,61.6
3857277,2022-11-23,Group Stage,Morocco,1,44,42,Croatia,5469,Marcelo Brozović,5463,Luka Modrić,Complete,14.301398,62.5,60.9,62.3,75.2
3857277,2022-11-23,Group Stage,Morocco,1,44,44,Croatia,5463,Luka Modrić,5469,Marcelo Brozović,Complete,6.6030297,62.3,75.2,62.1,68.6
3857277,2022-11-23,Group Stage,Morocco,1,44,47,Croatia,5469,Marcelo Brozović,33018,Joško Gvardiol,Complete,38.47038,58.4,66.7,51.8,28.8
3857277,2022-11-23,Group Stage,Morocco,1,44,51,Croatia,33018,Joško Gvardiol,3471,Dejan Lovren,Complete,13.534031,52.2,29.5,50.3,42.9
3857277,2022-11-23,Group Stage,Morocco,1,44,53,Croatia,3471,Dejan Lovren,5469,Marcelo Brozović,Complete,13.318033,50.3,42.9,52.7,56.0
3857277,2022-11-23,Group Stage,Morocco,1,44,56,Croatia,5469,Marcelo Brozović,5463,Luka Modrić,Complete,14.122677,55.0,55.6,54.2,69.7
3857277,2022-11-23,Group Stage,Morocco,1,44,58,Croatia,5463,Luka Modrić,5460,Andrej Kramarić,Incomplete,52.17672,54.2,69.9,104.6,56.4
3857277,2022-11-23,Group Stage,Morocco,1,45,5,Croatia,5456,Mateo Kovačić,5474,Ivan Perišić,Complete,22.831995,87.5,52.6,92.4,30.3
3857277,2022-11-23,Group Stage,Morocco,1,45,8,Croatia,5474,Ivan Perišić,12625,Borna Sosa,Complete,18.43963,93.1,29.7,110.2,22.8
3857277,2022-11-23,Group Stage,Morocco,1,45,10,Croatia,12625,Borna Sosa,3441,Nikola Vlašić,Complete,12.472369,111.3,23.7,114.7,35.7
3857277,2022-11-23,Group Stage,Morocco,1,45,25,Croatia,33018,Joško Gvardiol,12625,Borna Sosa,Complete,22.7864,30.4,19.6,50.3,8.5
3857277,2022-11-23,Group Stage,Morocco,1,45,30,Croatia,5456,Mateo Kovačić,5469,Marcelo Brozović,Complete,14.875819,44.1,13.0,42.6,27.8
3857277,2022-11-23,Group Stage,Morocco,1,45,33,Croatia,5469,Marcelo Brozović,5463,Luka Modrić,Complete,8.609298,37.9,28.4,38.3,37.0
3857277,2022-11-23,Group Stage,Morocco,1,45,39,Croatia,5463,Luka Modrić,12625,Borna Sosa,Complete,29.001553,49.7,37.6,64.4,12.6
3857277,2022-11-23,Group Stage,Morocco,1,45,42,Croatia,12625,Borna Sosa,5456,Mateo Kovačić,Incomplete,4.3863425,67.0,10.0,63.8,13.0
3857277,2022-11-23,Group Stage,Morocco,1,46,7,Croatia,5456,Mateo Kovačić,12625,Borna Sosa,Complete,11.986659,58.4,0.1,63.6,10.9
3857277,2022-11-23,Group Stage,Morocco,1,46,8,Croatia,12625,Borna Sosa,5474,Ivan Perišić,Complete,9.8270035,64.9,11.7,74.5,9.6
3857277,2022-11-23,Group Stage,Morocco,1,46,9,Croatia,5474,Ivan Perišić,12625,Borna Sosa,Complete,8.080841,74.1,9.4,75.8,17.3
3857277,2022-11-23,Group Stage,Morocco,1,46,10,Croatia,12625,Borna Sosa,3441,Nikola Vlašić,Incomplete,17.118704,77.7,18.1,94.8,17.3
3857277,2022-11-23,Group Stage,Morocco,1,46,20,Croatia,3471,Dejan Lovren,29163,Josip Juranović,Complete,36.626904,53.7,39.7,70.0,72.5
3857277,2022-11-23,Group Stage,Morocco,1,46,24,Croatia,29163,Josip Juranović,5460,Andrej Kramarić,Complete,5.8694124,71.9,73.7,67.8,69.5
3857277,2022-11-23,Group Stage,Morocco,1,46,31,Croatia,5460,Andrej Kramarić,5469,Marcelo Brozović,Complete,8.340863,73.6,68.2,68.5,61.6
3857277,2022-11-23,Group Stage,Morocco,1,46,34,Croatia,5469,Marcelo Brozović,5474,Ivan Perišić,Incomplete,54.26472,73.6,61.1,99.1,13.2
3857277,2022-11-23,Group Stage,Morocco,1,46,44,Croatia,5474,Ivan Perišić,3441,Nikola Vlašić,Incomplete,28.864685,102.1,0.1,108.7,28.2
3857277,2022-11-23,Group Stage,Morocco,2,45,0,Croatia,5460,Andrej Kramarić,5469,Marcelo Brozović,Complete,15.358385,60.0,40.0,44.8,37.8
3857277,2022-11-23,Group Stage,Morocco,2,45,2,Croatia,5469,Marcelo Brozović,5463,Luka Modrić,Complete,11.86086,44.8,38.1,43.6,49.9
3857277,2022-11-23,Group Stage,Morocco,2,45,5,Croatia,5463,Luka Modrić,29163,Josip Juranović,Complete,17.72597,52.1,57.5,60.7,73.0
3857277,2022-11-23,Group Stage,Morocco,2,45,6,Croatia,29163,Josip Juranović,33018,Joško Gvardiol,Complete,40.57647,60.7,73.0,33.6,42.8
3857277,2022-11-23,Group Stage,Morocco,2,45,12,Croatia,33018,Joško Gvardiol,3471,Dejan Lovren,Complete,13.567977,39.7,40.6,44.2,53.4
3857277,2022-11-23,Group Stage,Morocco,2,45,16,Croatia,3471,Dejan Lovren,33018,Joško Gvardiol,Complete,20.600243,44.2,53.4,44.1,32.8
3857277,2022-11-23,Group Stage,Morocco,2,45,19,Croatia,33018,Joško Gvardiol,12625,Borna Sosa,Complete,26.475649,47.4,29.7,49.4,3.3
3857277,2022-11-23,Group Stage,Morocco,2,45,23,Croatia,12625,Borna Sosa,33018,Joško Gvardiol,Complete,15.839823,45.6,6.7,30.9,12.6
3857277,2022-11-23,Group Stage,Morocco,2,45,26,Croatia,33018,Joško Gvardiol,16531,Dominik Livaković,Complete,22.596682,29.5,11.0,12.6,26.0
3857277,2022-11-23,Group Stage,Morocco,2,45,29,Croatia,16531,Dominik Livaković,3471,Dejan Lovren,Complete,17.066048,13.6,33.2,19.8,49.1
3857277,2022-11-23,Group Stage,Morocco,2,45,34,Croatia,3471,Dejan Lovren,33018,Joško Gvardiol,Complete,26.232231,32.8,52.5,31.5,26.3
3857277,2022-11-23,Group Stage,Morocco,2,45,40,Croatia,33018,Joško Gvardiol,5456,Mateo Kovačić,Complete,10.347947,35.3,23.2,42.1,15.4
3857277,2022-11-23,Group Stage,Morocco,2,45,43,Croatia,5456,Mateo Kovačić,3471,Dejan Lovren,Complete,20.026234,36.8,16.9,29.9,35.7
3857277,2022-11-23,Group Stage,Morocco,2,45,50,Croatia,3471,Dejan Lovren,,,Incomplete,3.255764,22.0,72.8,24.4,75.0
3857277,2022-11-23,Group Stage,Morocco,2,46,15,Croatia,29163,Josip Juranović,5460,Andrej Kramarić,Incomplete,32.2374,21.4,80.0,50.9,67.0
3857277,2022-11-23,Group Stage,Morocco,2,46,29,Croatia,5469,Marcelo Brozović,11603,Mario Pašalić,Complete,11.957006,43.0,28.7,45.9,40.3
3857277,2022-11-23,Group Stage,Morocco,2,46,29,Croatia,11603,Mario Pašalić,5463,Luka Modrić,Complete,11.738825,45.9,41.0,37.5,32.8
3857277,2022-11-23,Group Stage,Morocco,2,46,31,Croatia,5463,Luka Modrić,5456,Mateo Kovačić,Complete,9.794897,37.5,32.8,43.8,25.3
3857277,2022-11-23,Group Stage,Morocco,2,46,32,Croatia,5456,Mateo Kovačić,5463,Luka Modrić,Complete,6.7446275,45.0,25.5,38.5,27.3
3857277,2022-11-23,Group Stage,Morocco,2,46,33,Croatia,5463,Luka Modrić,12625,Borna Sosa,Complete,14.705441,38.5,27.3,38.9,12.6
3857277,2022-11-23,Group Stage,Morocco,2,46,34,Croatia,12625,Borna Sosa,5456,Mateo Kovačić,Complete,9.888377,38.9,12.6,47.6,17.3
3857277,2022-11-23,Group Stage,Morocco,2,46,35,Croatia,5456,Mateo Kovačić,12625,Borna Sosa,Complete,5.047772,47.6,17.3,43.4,14.5
3857277,2022-11-23,Group Stage,Morocco,2,46,37,Croatia,12625,Borna Sosa,33018,Joško Gvardiol,Complete,13.971757,43.4,14.5,29.9,18.1
3857277,2022-11-23,Group Stage,Morocco,2,46,39,Croatia,33018,Joško Gvardiol,5456,Mateo Kovačić,Complete,15.360013,30.7,14.7,43.0,5.5
3857277,2022-11-23,Group Stage,Morocco,2,46,43,Croatia,5456,Mateo Kovačić,16531,Dominik Livaković,Complete,37.093666,40.8,13.2,7.1,28.7
3857277,2022-11-23,Group Stage,Morocco,2,46,48,Croatia,16531,Dominik Livaković,33018,Joško Gvardiol,Complete,17.055204,7.1,28.7,20.3,17.9
3857277,2022-11-23,Group Stage,Morocco,2,46,54,Croatia,33018,Joško Gvardiol,5456,Mateo Kovačić,Complete,10.296116,25.6,18.7,35.7,16.7
3857277,2022-11-23,Group Stage,Morocco,2,46,56,Croatia,5456,Mateo Kovačić,12625,Borna Sosa,Complete,14.6,36.0,13.0,45.6,2.0
3857277,2022-11-23,Group Stage,Morocco,2,46,58,Croatia,12625,Borna Sosa,5474,Ivan Perišić,Complete,8.653901,50.7,2.0,58.7,5.3
3857277,2022-11-23,Group Stage,Morocco,2,46,59,Croatia,5474,Ivan Perišić,5456,Mateo Kovačić,Incomplete,3.3241541,58.5,5.9,59.7,2.8
3857277,2022-11-23,Group Stage,Morocco,2,47,2,Croatia,5474,Ivan Perišić,5460,Andrej Kramarić,Incomplete,22.318827,59.5,0.1,81.7,2.4
3857277,2022-11-23,Group Stage,Morocco,2,47,22,Croatia,12625,Borna Sosa,33018,Joško Gvardiol,Complete,36.066883,81.7,0.1,46.8,9.2
3857277,2022-11-23,Group Stage,Morocco,2,47,23,Croatia,33018,Joško Gvardiol,3471,Dejan Lovren,Complete,20.965925,44.2,10.4,40.3,31.0
3857277,2022-11-23,Group Stage,Morocco,2,47,24,Croatia,3471,Dejan Lovren,33018,Joško Gvardiol,Complete,24.200207,37.0,33.5,40.8,9.6
3857277,2022-11-23,Group Stage,Morocco,2,47,28,Croatia,33018,Joško Gvardiol,11603,Mario Pašalić,Pass Offside,46.959557,48.9,10.3,95.5,16.1
3857277,2022-11-23,Group Stage,Morocco,2,48,23,Croatia,29163,Josip Juranović,,,Incomplete,14.57738,56.4,66.8,69.9,72.3
3857277,2022-11-23,Group Stage,Morocco,2,49,1,Croatia,16531,Dominik Livaković,5469,Marcelo Brozović,Complete,10.153324,6.0,44.0,15.7,41.0
3857277,2022-11-23,Group Stage,Morocco,2,49,4,Croatia,5469,Marcelo Brozović,12625,Borna Sosa,Complete,37.23238,15.4,40.8,24.9,4.8
3857277,2022-11-23,Group Stage,Morocco,2,49,6,Croatia,12625,Borna Sosa,33018,Joško Gvardiol,Complete,17.275415,25.4,2.8,9.2,8.8
3857277,2022-11-23,Group Stage,Morocco,2,49,10,Croatia,33018,Joško Gvardiol,12625,Borna Sosa,Complete,18.015549,10.1,10.3,26.7,3.3
3857277,2022-11-23,Group Stage,Morocco,2,49,12,Croatia,12625,Borna Sosa,5456,Mateo Kovačić,Complete,9.093404,26.7,3.3,35.7,2.0
3857277,2022-11-23,Group Stage,Morocco,2,49,36,Croatia,5469,Marcelo Brozović,33018,Joško Gvardiol,Complete,14.35897,33.4,2.6,19.1,3.9
3857277,2022-11-23,Group Stage,Morocco,2,49,38,Croatia,33018,Joško Gvardiol,16531,Dominik Livaković,Complete,32.703056,19.1,3.9,7.3,34.4
3857277,2022-11-23,Group Stage,Morocco,2,49,41,Croatia,16531,Dominik Livaković,33018,Joško Gvardiol,Complete,23.88828,7.3,37.0,14.1,14.1
3857277,2022-11-23,Group Stage,Morocco,2,49,44,Croatia,33018,Joško Gvardiol,5460,Andrej Kramarić,Complete,25.920069,20.9,13.0,45.8,20.2
3857277,2022-11-23,Group Stage,Morocco,2,49,48,Croatia,5460,Andrej Kramarić,12625,Borna Sosa,Complete,7.5591006,43.8,5.7,50.5,2.2
3857277,2022-11-23,Group Stage,Morocco,2,49,49,Croatia,12625,Borna Sosa,5460,Andrej Kramarić,Complete,5.217279,50.5,2.2,45.4,3.3
3857277,2022-11-23,Group Stage,Morocco,2,49,51,Croatia,33018,Joško Gvardiol,5460,Andrej Kramarić,Complete,10.640018,33.4,2.8,41.9,9.2
3857277,2022-11-23,Group Stage,Morocco,2,49,56,Croatia,33018,Joško Gvardiol,16531,Dominik Livaković,Complete,22.910479,22.2,20.7,3.0,33.2
3857277,2022-11-23,Group Stage,Morocco,2,49,58,Croatia,16531,Dominik Livaković,5456,Mateo Kovačić,Complete,38.69186,3.3,33.2,32.4,7.7
3857277,2022-11-23,Group Stage,Morocco,2,50,11,Croatia,12625,Borna Sosa,5469,Marcelo Brozović,Complete,10.824047,38.6,0.1,29.0,5.1
3857277,2022-11-23,Group Stage,Morocco,2,50,13,Croatia,5469,Marcelo Brozović,5463,Luka Modrić,Complete,5.9665737,25.9,7.5,29.7,12.1
3857277,2022-11-23,Group Stage,Morocco,2,50,18,Croatia,5463,Luka Modrić,5456,Mateo Kovačić,Incomplete,16.112417,31.5,4.0,47.0,8.4
3857277,2022-11-23,Group Stage,Morocco,2,50,31,Croatia,29163,Josip Juranović,5469,Marcelo Brozović,Complete,14.46271,1.8,55.4,8.9,68.0
3857277,2022-11-23,Group Stage,Morocco,2,50,34,Croatia,5469,Marcelo Brozović,11603,Mario Pašalić,Complete,11.717082,19.5,73.6,24.7,63.1
3857277,2022-11-23,Group Stage,Morocco,2,50,40,Croatia,11603,Mario Pašalić,5460,Andrej Kramarić,Complete,30.364452,45.2,56.0,69.8,73.8
3857277,2022-11-23,Group Stage,Morocco,2,50,44,Croatia,5460,Andrej Kramarić,3471,Dejan Lovren,Complete,23.33238,67.2,68.2,49.0,53.6
3857277,2022-11-23,Group Stage,Morocco,2,50,47,Croatia,3471,Dejan Lovren,5474,Ivan Perišić,Complete,62.362167,51.2,53.0,88.2,2.8
3857277,2022-11-23,Group Stage,Morocco,2,50,51,Croatia,5474,Ivan Perišić,12625,Borna Sosa,Complete,10.217632,88.2,2.8,78.0,3.4
3857277,2022-11-23,Group Stage,Morocco,2,50,53,Croatia,12625,Borna Sosa,5456,Mateo Kovačić,Complete,7.6380625,78.0,3.4,72.7,8.9
3857277,2022-11-23,Group Stage,Morocco,2,50,55,Croatia,5456,Mateo Kovačić,5463,Luka Modrić,Complete,15.443445,72.7,8.9,70.6,24.2
3857277,2022-11-23,Group Stage,Morocco,2,50,59,Croatia,5463,Luka Modrić,29163,Josip Juranović,Complete,47.6892,74.5,29.1,109.4,61.6
3857277,2022-11-23,Group Stage,Morocco,2,51,4,Croatia,29163,Josip Juranović,5460,Andrej Kramarić,Incomplete,24.416594,117.9,57.8,117.0,33.4
3857277,2022-11-23,Group Stage,Morocco,2,51,51,Croatia,5463,Luka Modrić,5474,Ivan Perišić,Complete,31.075714,120.0,0.1,116.7,31.0
3857277,2022-11-23,Group Stage,Morocco,2,51,52,Croatia,5474,Ivan Perišić,33018,Joško Gvardiol,Incomplete,7.605919,116.7,31.0,117.0,38.6
3857277,2022-11-23,Group Stage,Morocco,2,54,57,Croatia,5469,Marcelo Brozović,3471,Dejan Lovren,Complete,8.731552,45.9,28.5,37.7,31.5
3857277,2022-11-23,Group Stage,Morocco,2,54,58,Croatia,3471,Dejan Lovren,16531,Dominik Livaković,Complete,34.568916,37.5,31.7,4.9,43.2
3857277,2022-11-23,Group Stage,Morocco,2,55,5,Croatia,16531,Dominik Livaković,33018,Joško Gvardiol,Complete,20.110197,4.9,43.2,15.8,26.3
3857277,2022-11-23,Group Stage,Morocco,2,55,6,Croatia,33018,Joško Gvardiol,3471,Dejan Lovren,Complete,23.829603,15.8,26.3,19.1,49.9
3857277,2022-11-23,Group Stage,Morocco,2,55,9,Croatia,3471,Dejan Lovren,29163,Josip Juranović,Complete,34.881657,21.7,54.8,49.4,76.0
3857277,2022-11-23,Group Stage,Morocco,2,55,13,Croatia,29163,Josip Juranović,3471,Dejan Lovren,Complete,17.495714,47.6,74.2,31.7,66.9
3857277,2022-11-23,Group Stage,Morocco,2,55,15,Croatia,3471,Dejan Lovren,33018,Joško Gvardiol,Complete,36.600548,31.7,66.9,31.9,30.3
3857277,2022-11-23,Group Stage,Morocco,2,55,21,Croatia,33018,Joško Gvardiol,5469,Marcelo Brozović,Complete,11.574109,35.5,27.1,46.5,30.7
3857277,2022-11-23,Group Stage,Morocco,2,55,22,Croatia,5469,Marcelo Brozović,33018,Joško Gvardiol,Complete,13.389921,46.5,29.3,41.7,16.8
3857277,2022-11-23,Group Stage,Morocco,2,55,24,Croatia,33018,Joško Gvardiol,,,Out,78.79295,41.7,16.8,120.0,8.0
3857277,2022-11-23,Group Stage,Morocco,2,56,7,Croatia,5474,Ivan Perišić,,,Incomplete,56.673893,31.9,4.4,83.1,28.7
3857277,2022-11-23,Group Stage,Morocco,2,56,14,Croatia,5469,Marcelo Brozović,5460,Andrej Kramarić,Incomplete,18.203571,62.9,22.0,79.3,14.1
3857277,2022-11-23,Group Stage,Morocco,2,56,18,Croatia,11603,Mario Pašalić,3471,Dejan Lovren,Complete,12.41934,64.0,40.8,52.0,37.6
3857277,2022-11-23,Group Stage,Morocco,2,56,22,Croatia,3471,Dejan Lovren,12625,Borna Sosa,Complete,29.96815,52.1,34.1,56.1,4.4
3857277,2022-11-23,Group Stage,Morocco,2,56,25,Croatia,12625,Borna Sosa,33018,Joško Gvardiol,Complete,13.72953,56.7,5.8,45.2,13.3
3857277,2022-11-23,Group Stage,Morocco,2,56,27,Croatia,33018,Joško Gvardiol,3471,Dejan Lovren,Complete,31.264036,44.3,14.9,42.3,46.1
3857277,2022-11-23,Group Stage,Morocco,2,56,30,Croatia,3471,Dejan Lovren,5469,Marcelo Brozović,Complete,16.263456,43.0,46.3,54.5,34.8
3857277,2022-11-23,Group Stage,Morocco,2,56,34,Croatia,5469,Marcelo Brozović,5463,Luka Modrić,Complete,8.732124,59.7,44.1,52.1,39.8
3857277,2022-11-23,Group Stage,Morocco,2,56,36,Croatia,5463,Luka Modrić,5474,Ivan Perišić,Complete,38.94663,51.0,34.6,72.0,1.8
3857277,2022-11-23,Group Stage,Morocco,2,56,48,Croatia,5474,Ivan Perišić,33018,Joško Gvardiol,Complete,30.955614,105.0,0.1,76.3,11.7
3857277,2022-11-23,Group Stage,Morocco,2,56,51,Croatia,33018,Joško Gvardiol,5463,Luka Modrić,Complete,8.746428,74.0,12.1,77.3,20.2
3857277,2022-11-23,Group Stage,Morocco,2,56,55,Croatia,5463,Luka Modrić,,,Out,42.70047,77.3,20.2,120.0,20.4
3857277,2022-11-23,Group Stage,Morocco,2,57,31,Croatia,5456,Mateo Kovačić,,,Incomplete,13.974262,68.0,27.3,81.8,29.5
3857277,2022-11-23,Group Stage,Morocco,2,57,37,Croatia,5474,Ivan Perišić,5469,Marcelo Brozović,Complete,13.185598,85.3,6.6,98.4,5.1
3857277,2022-11-23,Group Stage,Morocco,2,57,39,Croatia,5469,Marcelo Brozović,5474,Ivan Perišić,Incomplete,11.795762,99.5,5.3,87.8,3.8
3857277,2022-11-23,Group Stage,Morocco,2,57,43,Croatia,5474,Ivan Perišić,33018,Joško Gvardiol,Complete,23.203447,91.0,0.1,72.2,13.7
3857277,2022-11-23,Group Stage,Morocco,2,57,49,Croatia,33018,Joško Gvardiol,5474,Ivan Perišić,Incomplete,20.30394,77.3,13.7,97.3,10.2
3857277,2022-11-23,Group Stage,Morocco,2,60,13,Croatia,5463,Luka Modrić,29163,Josip Juranović,Complete,13.931619,63.6,67.1,50.8,72.6
3857277,2022-11-23,Group Stage,Morocco,2,60,15,Croatia,29163,Josip Juranović,33018,Joško Gvardiol,Complete,24.302263,48.5,71.3,42.7,47.7
3857277,2022-11-23,Group Stage,Morocco,2,60,20,Croatia,33018,Joško Gvardiol,3471,Dejan Lovren,Complete,12.466354,44.5,35.2,41.5,47.3
3857277,2022-11-23,Group Stage,Morocco,2,60,23,Croatia,3471,Dejan Lovren,29163,Josip Juranović,Incomplete,31.652645,41.5,47.3,58.5,74.0
3857277,2022-11-23,Group Stage,Morocco,2,60,40,Croatia,29163,Josip Juranović,3471,Dejan Lovren,Complete,23.728674,63.8,80.0,42.1,70.4
3857277,2022-11-23,Group Stage,Morocco,2,60,43,Croatia,3471,Dejan Lovren,33018,Joško Gvardiol,Complete,40.00525,42.1,70.4,45.0,30.5
3857277,2022-11-23,Group Stage,Morocco,2,60,46,Croatia,33018,Joško Gvardiol,3471,Dejan Lovren,Complete,22.706827,47.2,29.9,45.0,52.5
3857277,2022-11-23,Group Stage,Morocco,2,60,50,Croatia,3471,Dejan Lovren,33018,Joško Gvardiol,Complete,27.093357,41.5,48.7,46.1,22.0
3857277,2022-11-23,Group Stage,Morocco,2,60,54,Croatia,33018,Joško Gvardiol,3471,Dejan Lovren,Complete,25.188292,46.8,15.7,43.0,40.6
3857277,2022-11-23,Group Stage,Morocco,2,60,58,Croatia,3471,Dejan Lovren,29163,Josip Juranović,Complete,32.410492,47.4,52.0,69.4,75.8
3857277,2022-11-23,Group Stage,Morocco,2,61,1,Croatia,29163,Josip Juranović,3471,Dejan Lovren,Complete,24.782251,62.9,72.6,38.3,69.6
3857277,2022-11-23,Group Stage,Morocco,2,61,4,Croatia,3471,Dejan Lovren,16531,Dominik Livaković,Complete,31.640007,38.3,69.6,19.3,44.3
3857277,2022-11-23,Group Stage,Morocco,2,61,6,Croatia,16531,Dominik Livaković,33018,Joško Gvardiol,Complete,30.989838,18.9,43.6,34.8,17.0
3857277,2022-11-23,Group Stage,Morocco,2,61,16,Croatia,33018,Joško Gvardiol,3471,Dejan Lovren,Complete,11.772,44.3,22.0,38.6,32.3
3857277,2022-11-23,Group Stage,Morocco,2,61,19,Croatia,3471,Dejan Lovren,5460,Andrej Kramarić,Incomplete,68.42551,41.1,39.9,107.7,55.6
3857277,2022-11-23,Group Stage,Morocco,2,62,19,Croatia,16531,Dominik Livaković,29163,Josip Juranović,Complete,40.165905,10.2,44.9,38.3,73.6
3857277,2022-11-23,Group Stage,Morocco,2,62,21,Croatia,29163,Josip Juranović,5463,Luka Modrić,Complete,12.712199,47.0,75.6,35.4,70.4
3857277,2022-11-23,Group Stage,Morocco,2,62,25,Croatia,5463,Luka Modrić,5469,Marcelo Brozović,Complete,12.024142,41.9,63.5,50.6,55.2
3857277,2022-11-23,Group Stage,Morocco,2,62,26,Croatia,5469,Marcelo Brozović,5463,Luka Modrić,Complete,12.39758,50.6,55.2,43.7,65.5
3857277,2022-11-23,Group Stage,Morocco,2,62,28,Croatia,5463,Luka Modrić,5469,Marcelo Brozović,Complete,14.88086,48.8,66.0,57.6,54.0
3857277,2022-11-23,Group Stage,Morocco,2,62,30,Croatia,5469,Marcelo Brozović,11603,Mario Pašalić,Incomplete,11.400438,61.3,54.8,72.7,54.7
3857277,2022-11-23,Group Stage,Morocco,2,65,22,Croatia,5463,Luka Modrić,,,Incomplete,2.9410882,50.4,75.1,52.8,73.4
3857277,2022-11-23,Group Stage,Morocco,2,65,32,Croatia,29163,Josip Juranović,3471,Dejan Lovren,Complete,25.44838,51.0,80.0,28.1,68.9
3857277,2022-11-23,Group Stage,Morocco,2,65,35,Croatia,3471,Dejan Lovren,33018,Joško Gvardiol,Complete,39.008972,28.1,68.4,33.0,29.7
3857277,2022-11-23,Group Stage,Morocco,2,65,40,Croatia,33018,Joško Gvardiol,12625,Borna Sosa,Complete,25.092827,44.1,23.5,56.7,1.8
3857277,2022-11-23,Group Stage,Morocco,2,65,43,Croatia,12625,Borna Sosa,33018,Joško Gvardiol,Complete,16.1059,56.7,1.8,42.1,8.6
3857277,2022-11-23,Group Stage,Morocco,2,65,48,Croatia,33018,Joško Gvardiol,3471,Dejan Lovren,Complete,28.342371,46.3,14.1,40.3,41.8
3857277,2022-11-23,Group Stage,Morocco,2,65,53,Croatia,3471,Dejan Lovren,33018,Joško Gvardiol,Complete,38.002106,43.7,50.1,44.1,12.1
3857277,2022-11-23,Group Stage,Morocco,2,65,56,Croatia,33018,Joško Gvardiol,5474,Ivan Perišić,Complete,30.362148,47.2,13.3,75.3,1.8
3857277,2022-11-23,Group Stage,Morocco,2,65,59,Croatia,5474,Ivan Perišić,,,Incomplete,23.132013,83.5,0.6,90.0,22.8
3857277,2022-11-23,Group Stage,Morocco,2,66,6,Croatia,5463,Luka Modrić,5469,Marcelo Brozović,Complete,9.304837,66.5,36.8,63.2,28.1
3857277,2022-11-23,Group Stage,Morocco,2,66,8,Croatia,5469,Marcelo Brozović,33018,Joško Gvardiol,Complete,15.231546,63.6,29.5,49.6,23.5
3857277,2022-11-23,Group Stage,Morocco,2,66,9,Croatia,33018,Joško Gvardiol,12625,Borna Sosa,Incomplete,32.6896,51.6,21.4,82.2,9.9
3857277,2022-11-23,Group Stage,Morocco,2,66,20,Croatia,5463,Luka Modrić,5460,Andrej Kramarić,Complete,17.311846,89.5,47.3,104.8,55.4
3857277,2022-11-23,Group Stage,Morocco,2,66,24,Croatia,5460,Andrej Kramarić,5463,Luka Modrić,Incomplete,12.53196,111.0,65.1,102.6,55.8
3857277,2022-11-23,Group Stage,Morocco,2,66,41,Croatia,33018,Joško Gvardiol,16531,Dominik Livaković,Complete,39.602524,51.6,30.3,12.2,26.3
3857277,2022-11-23,Group Stage,Morocco,2,66,47,Croatia,16531,Dominik Livaković,3471,Dejan Lovren,Complete,20.824024,16.8,35.6,22.6,55.6
3857277,2022-11-23,Group Stage,Morocco,2,66,50,Croatia,3471,Dejan Lovren,33018,Joško Gvardiol,Complete,25.900192,24.3,57.2,36.4,34.3
3857277,2022-11-23,Group Stage,Morocco,2,66,54,Croatia,33018,Joško Gvardiol,5456,Mateo Kovačić,Complete,12.5016,41.0,29.5,40.8,17.0
3857277,2022-11-23,Group Stage,Morocco,2,66,56,Croatia,5456,Mateo Kovačić,12625,Borna Sosa,Complete,20.218061,41.3,15.9,56.7,2.8
3857277,2022-11-23,Group Stage,Morocco,2,66,58,Croatia,12625,Borna Sosa,5456,Mateo Kovačić,Complete,11.101802,56.7,2.8,47.0,8.2
3857277,2022-11-23,Group Stage,Morocco,2,67,0,Croatia,5456,Mateo Kovačić,11603,Mario Pašalić,Complete,12.886039,50.3,10.7,53.0,23.3
3857277,2022-11-23,Group Stage,Morocco,2,67,2,Croatia,11603,Mario Pašalić,5456,Mateo Kovačić,Complete,13.191285,53.0,23.3,48.5,10.9
3857277,2022-11-23,Group Stage,Morocco,2,67,5,Croatia,5456,Mateo Kovačić,33018,Joško Gvardiol,Complete,11.386395,48.1,13.1,36.8,11.7
3857277,2022-11-23,Group Stage,Morocco,2,67,9,Croatia,33018,Joško Gvardiol,5460,Andrej Kramarić,Complete,27.335875,41.7,18.6,69.0,20.0
3857277,2022-11-23,Group Stage,Morocco,2,67,19,Croatia,5474,Ivan Perišić,3471,Dejan Lovren,Complete,18.811167,65.8,23.2,52.3,36.3
3857277,2022-11-23,Group Stage,Morocco,2,67,23,Croatia,3471,Dejan Lovren,33018,Joško Gvardiol,Complete,18.498108,55.6,36.3,58.3,18.0
3857277,2022-11-23,Group Stage,Morocco,2,67,29,Croatia,33018,Joško Gvardiol,3471,Dejan Lovren,Complete,20.708694,64.7,18.4,51.8,34.6
3857277,2022-11-23,Group Stage,Morocco,2,67,31,Croatia,3471,Dejan Lovren,5469,Marcelo Brozović,Complete,15.717824,51.8,34.6,55.4,49.9
3857277,2022-11-23,Group Stage,Morocco,2,67,33,Croatia,5469,Marcelo Brozović,3471,Dejan Lovren,Complete,20.861448,56.9,47.9,45.7,30.3
3857277,2022-11-23,Group Stage,Morocco,2,67,35,Croatia,3471,Dejan Lovren,33018,Joško Gvardiol,Complete,19.231485,45.5,25.7,54.3,8.6
3857277,2022-11-23,Group Stage,Morocco,2,67,38,Croatia,33018,Joško Gvardiol,5469,Marcelo Brozović,Complete,12.564235,57.4,4.6,64.3,15.1
3857277,2022-11-23,Group Stage,Morocco,2,67,40,Croatia,5469,Marcelo Brozović,,,Incomplete,19.031815,67.2,13.1,86.2,14.2
3857277,2022-11-23,Group Stage,Morocco,2,67,47,Croatia,3471,Dejan Lovren,5469,Marcelo Brozović,Complete,19.6901,43.9,28.1,63.2,24.2
3857277,2022-11-23,Group Stage,Morocco,2,67,50,Croatia,5469,Marcelo Brozović,5456,Mateo Kovačić,Complete,6.307139,57.2,20.2,62.9,17.5
3857277,2022-11-23,Group Stage,Morocco,2,67,55,Croatia,5456,Mateo Kovačić,12625,Borna Sosa,Complete,13.634149,65.2,15.9,72.2,4.2
3857277,2022-11-23,Group Stage,Morocco,2,67,58,Croatia,12625,Borna Sosa,5474,Ivan Perišić,Complete,3.9698865,78.5,3.8,81.5,1.2
3857277,2022-11-23,Group Stage,Morocco,2,67,59,Croatia,5474,Ivan Perišić,5456,Mateo Kovačić,Complete,8.352844,82.2,2.0,75.1,6.4
3857277,2022-11-23,Group Stage,Morocco,2,68,2,Croatia,5456,Mateo Kovačić,5469,Marcelo Brozović,Complete,10.2391405,75.8,6.4,85.8,8.6
3857277,2022-11-23,Group Stage,Morocco,2,68,3,Croatia,5469,Marcelo Brozović,5456,Mateo Kovačić,Complete,10.040419,85.8,8.6,75.8,7.7
3857277,2022-11-23,Group Stage,Morocco,2,68,7,Croatia,5456,Mateo Kovačić,3471,Dejan Lovren,Complete,24.988197,73.8,22.0,63.8,44.9
3857277,2022-11-23,Group Stage,Morocco,2,68,12,Croatia,3471,Dejan Lovren,29163,Josip Juranović,Complete,28.708883,81.1,59.8,107.7,70.6
3857277,2022-11-23,Group Stage,Morocco,2,68,16,Croatia,29163,Josip Juranović,3471,Dejan Lovren,Complete,18.122086,102.4,71.4,84.4,69.3
3857277,2022-11-23,Group Stage,Morocco,2,68,19,Croatia,3471,Dejan Lovren,29163,Josip Juranović,Complete,17.173527,84.4,69.3,100.6,75.0
3857277,2022-11-23,Group Stage,Morocco,2,68,22,Croatia,29163,Josip Juranović,3471,Dejan Lovren,Complete,24.286005,98.6,74.4,74.5,71.4
3857277,2022-11-23,Group Stage,Morocco,2,68,24,Croatia,3471,Dejan Lovren,5463,Luka Modrić,Complete,35.24273,74.5,71.4,67.8,36.8
3857277,2022-11-23,Group Stage,Morocco,2,68,27,Croatia,5463,Luka Modrić,5469,Marcelo Brozović,Complete,26.437284,67.8,36.8,74.0,11.1
3857277,2022-11-23,Group Stage,Morocco,2,68,30,Croatia,5469,Marcelo Brozović,12625,Borna Sosa,Complete,14.46271,74.0,11.1,86.6,4.0
3857277,2022-11-23,Group Stage,Morocco,2,68,32,Croatia,12625,Borna Sosa,5469,Marcelo Brozović,Complete,7.8549347,84.8,3.8,77.5,6.7
3857277,2022-11-23,Group Stage,Morocco,2,68,35,Croatia,5469,Marcelo Brozović,5463,Luka Modrić,Complete,14.80608,77.5,6.7,72.4,20.6
3857277,2022-11-23,Group Stage,Morocco,2,68,39,Croatia,5463,Luka Modrić,5469,Marcelo Brozović,Complete,11.111256,76.2,21.0,76.7,9.9
3857277,2022-11-23,Group Stage,Morocco,2,68,45,Croatia,5469,Marcelo Brozović,5463,Luka Modrić,Complete,13.104579,82.0,11.7,70.2,6.0
3857277,2022-11-23,Group Stage,Morocco,2,68,51,Croatia,5463,Luka Modrić,33018,Joško Gvardiol,Complete,20.349447,69.6,18.0,56.9,33.9
3857277,2022-11-23,Group Stage,Morocco,2,68,53,Croatia,33018,Joško Gvardiol,5469,Marcelo Brozović,Complete,30.041637,57.6,28.9,74.7,4.2
3857277,2022-11-23,Group Stage,Morocco,2,68,56,Croatia,5469,Marcelo Brozović,12625,Borna Sosa,Complete,12.806249,76.0,4.2,88.8,3.8
3857277,2022-11-23,Group Stage,Morocco,2,68,57,Croatia,12625,Borna Sosa,5469,Marcelo Brozović,Complete,6.8183575,88.8,3.6,82.0,3.1
3857277,2022-11-23,Group Stage,Morocco,2,69,2,Croatia,5469,Marcelo Brozović,33018,Joško Gvardiol,Complete,15.979049,75.3,9.7,65.1,22.0
3857277,2022-11-23,Group Stage,Morocco,2,69,5,Croatia,33018,Joško Gvardiol,5456,Mateo Kovačić,Complete,20.590532,65.1,22.0,72.0,2.6
3857277,2022-11-23,Group Stage,Morocco,2,69,8,Croatia,5456,Mateo Kovačić,33018,Joško Gvardiol,Complete,13.200378,72.0,2.6,64.0,13.1
3857277,2022-11-23,Group Stage,Morocco,2,69,11,Croatia,33018,Joško Gvardiol,5469,Marcelo Brozović,Complete,11.977479,64.9,15.7,69.4,26.8
3857277,2022-11-23,Group Stage,Morocco,2,69,12,Croatia,5469,Marcelo Brozović,33018,Joško Gvardiol,Complete,17.741758,69.4,26.8,64.0,9.9
3857277,2022-11-23,Group Stage,Morocco,2,69,14,Croatia,33018,Joško Gvardiol,5456,Mateo Kovačić,Incomplete,5.0931325,63.2,9.3,66.7,5.6
3857277,2022-11-23,Group Stage,Morocco,2,69,19,Croatia,5456,Mateo Kovačić,5469,Marcelo Brozović,Complete,8.80568,69.4,0.1,60.9,2.4
3857277,2022-11-23,Group Stage,Morocco,2,69,23,Croatia,5469,Marcelo Brozović,3471,Dejan Lovren,Complete,28.456985,58.1,9.9,42.5,33.7
3857277,2022-11-23,Group Stage,Morocco,2,69,26,Croatia,3471,Dejan Lovren,5463,Luka Modrić,Complete,19.555561,44.3,38.6,55.4,54.7
3857277,2022-11-23,Group Stage,Morocco,2,69,30,Croatia,5463,Luka Modrić,29163,Josip Juranović,Complete,14.267796,62.1,70.9,75.5,75.8
3857277,2022-11-23,Group Stage,Morocco,2,69,31,Croatia,29163,Josip Juranović,5463,Luka Modrić,Complete,8.407735,75.5,75.8,68.0,72.0
3857277,2022-11-23,Group Stage,Morocco,2,69,33,Croatia,5463,Luka Modrić,29163,Josip Juranović,Complete,9.426028,67.8,71.8,74.9,78.0
3857277,2022-11-23,Group Stage,Morocco,2,70,36,Croatia,5463,Luka Modrić,11603,Mario Pašalić,Incomplete,35.19574,92.6,73.0,112.1,43.7
3857277,2022-11-23,Group Stage,Morocco,2,71,22,Croatia,5463,Luka Modrić,,,Incomplete,33.107403,120.0,80.0,116.3,47.1
3857277,2022-11-23,Group Stage,Morocco,2,71,25,Croatia,22041,Marko Livaja,3471,Dejan Lovren,Incomplete,23.207973,119.6,57.8,116.5,34.8
3857277,2022-11-23,Group Stage,Morocco,2,72,10,Croatia,5463,Luka Modrić,,,Incomplete,39.51329,120.0,0.1,115.9,39.4
3857277,2022-11-23,Group Stage,Morocco,2,72,25,Croatia,29163,Josip Juranović,12625,Borna Sosa,Complete,4.0249224,15.4,53.2,11.8,55.0
3857277,2022-11-23,Group Stage,Morocco,2,72,27,Croatia,12625,Borna Sosa,,,Incomplete,49.39737,9.8,50.9,56.5,34.8
3857277,2022-11-23,Group Stage,Morocco,2,72,33,Croatia,5463,Luka Modrić,22041,Marko Livaja,Complete,39.200256,47.9,28.7,80.0,6.2
3857277,2022-11-23,Group Stage,Morocco,2,72,39,Croatia,22041,Marko Livaja,5456,Mateo Kovačić,Complete,10.557462,80.9,14.6,70.4,13.5
3857277,2022-11-23,Group Stage,Morocco,2,72,41,Croatia,5456,Mateo Kovačić,5463,Luka Modrić,Complete,14.588009,69.8,16.0,68.2,30.5
3857277,2022-11-23,Group Stage,Morocco,2,72,47,Croatia,5463,Luka Modrić,5469,Marcelo Brozović,Complete,6.3906183,75.8,29.3,73.6,23.3
3857277,2022-11-23,Group Stage,Morocco,2,72,48,Croatia,5469,Marcelo Brozović,5456,Mateo Kovačić,Complete,9.108787,73.6,23.3,74.0,14.2
3857277,2022-11-23,Group Stage,Morocco,2,72,50,Croatia,5456,Mateo Kovačić,5469,Marcelo Brozović,Complete,10.465658,73.8,16.4,69.0,25.7
3857277,2022-11-23,Group Stage,Morocco,2,72,52,Croatia,5469,Marcelo Brozović,5456,Mateo Kovačić,Complete,8.7,69.0,25.7,75.3,19.7
3857277,2022-11-23,Group Stage,Morocco,2,72,53,Croatia,5456,Mateo Kovačić,5469,Marcelo Brozović,Complete,6.0207973,75.1,19.7,70.6,23.7
3857277,2022-11-23,Group Stage,Morocco,2,72,56,Croatia,5469,Marcelo Brozović,5474,Ivan Perišić,Complete,8.405355,70.6,23.7,70.9,15.3
3857277,2022-11-23,Group Stage,Morocco,2,72,57,Croatia,5474,Ivan Perišić,5469,Marcelo Brozović,Complete,7.2732387,70.9,15.3,68.6,22.2
3857277,2022-11-23,Group Stage,Morocco,2,72,59,Croatia,5469,Marcelo Brozović,5474,Ivan Perišić,Complete,6.3505907,67.8,20.0,68.6,13.7
3857277,2022-11-23,Group Stage,Morocco,2,73,1,Croatia,5474,Ivan Perišić,5469,Marcelo Brozović,Complete,9.940322,69.6,10.9,61.6,16.8
3857277,2022-11-23,Group Stage,Morocco,2,73,2,Croatia,5469,Marcelo Brozović,5474,Ivan Perišić,Complete,8.185964,63.4,17.8,66.9,10.4
3857277,2022-11-23,Group Stage,Morocco,2,73,2,Croatia,5474,Ivan Perišić,33018,Joško Gvardiol,Complete,32.296906,67.4,10.2,35.2,12.7
3857277,2022-11-23,Group Stage,Morocco,2,73,6,Croatia,33018,Joško Gvardiol,3471,Dejan Lovren,Complete,14.094325,32.0,17.7,37.2,30.8
3857277,2022-11-23,Group Stage,Morocco,2,73,11,Croatia,3471,Dejan Lovren,33018,Joško Gvardiol,Complete,12.20041,37.4,30.8,40.5,19.0
3857277,2022-11-23,Group Stage,Morocco,2,73,15,Croatia,33018,Joško Gvardiol,5469,Marcelo Brozović,Complete,14.773287,44.1,18.6,57.6,24.6
3857277,2022-11-23,Group Stage,Morocco,2,73,16,Croatia,5469,Marcelo Brozović,33018,Joško Gvardiol,Complete,12.621015,57.6,24.6,46.1,19.4
3857277,2022-11-23,Group Stage,Morocco,2,73,19,Croatia,33018,Joško Gvardiol,5463,Luka Modrić,Complete,29.198801,46.1,19.4,43.7,48.5
3857277,2022-11-23,Group Stage,Morocco,2,73,23,Croatia,5463,Luka Modrić,11603,Mario Pašalić,Complete,28.165583,45.0,50.5,72.7,55.6
3857277,2022-11-23,Group Stage,Morocco,2,73,25,Croatia,11603,Mario Pašalić,29163,Josip Juranović,Complete,19.413912,74.5,56.5,84.4,73.2
3857277,2022-11-23,Group Stage,Morocco,2,73,28,Croatia,29163,Josip Juranović,11603,Mario Pašalić,Complete,12.306502,84.0,67.3,84.4,55.0
3857277,2022-11-23,Group Stage,Morocco,2,73,30,Croatia,11603,Mario Pašalić,12625,Borna Sosa,Complete,37.42259,83.5,44.9,82.2,7.5
3857277,2022-11-23,Group Stage,Morocco,2,73,33,Croatia,12625,Borna Sosa,5474,Ivan Perišić,Complete,12.684636,85.6,6.9,97.9,3.8
3857277,2022-11-23,Group Stage,Morocco,2,73,36,Croatia,5474,Ivan Perišić,12625,Borna Sosa,Complete,12.301626,97.9,3.8,85.6,4.0
3857277,2022-11-23,Group Stage,Morocco,2,73,38,Croatia,12625,Borna Sosa,5469,Marcelo Brozović,Complete,10.062305,84.4,4.9,79.9,13.9
3857277,2022-11-23,Group Stage,Morocco,2,73,40,Croatia,5469,Marcelo Brozović,12625,Borna Sosa,Complete,9.343447,79.1,14.1,80.0,4.8
3857277,2022-11-23,Group Stage,Morocco,2,73,43,Croatia,12625,Borna Sosa,5474,Ivan Perišić,Complete,8.440379,82.6,4.4,90.8,2.4
3857277,2022-11-23,Group Stage,Morocco,2,73,44,Croatia,5474,Ivan Perišić,5456,Mateo Kovačić,Complete,19.825237,91.0,2.4,110.8,3.4
3857277,2022-11-23,Group Stage,Morocco,2,74,24,Croatia,33018,Joško Gvardiol,5456,Mateo Kovačić,Complete,21.814674,54.5,2.0,76.3,2.8
3857277,2022-11-23,Group Stage,Morocco,2,74,25,Croatia,5456,Mateo Kovačić,,,Incomplete,10.737783,76.3,2.8,82.0,11.9
3857277,2022-11-23,Group Stage,Morocco,2,74,29,Croatia,3471,Dejan Lovren,5456,Mateo Kovačić,Complete,21.411213,50.8,14.9,72.0,11.9
3857277,2022-11-23,Group Stage,Morocco,2,74,31,Croatia,5456,Mateo Kovačić,11603,Mario Pašalić,Complete,16.573774,72.0,11.9,75.5,28.1
3857277,2022-11-23,Group Stage,Morocco,2,74,35,Croatia,11603,Mario Pašalić,22041,Marko Livaja,Complete,11.710679,80.2,32.3,91.9,32.8
3857277,2022-11-23,Group Stage,Morocco,2,74,44,Croatia,29163,Josip Juranović,5469,Marcelo Brozović,Complete,7.278049,70.2,56.5,68.6,49.4
3857277,2022-11-23,Group Stage,Morocco,2,75,5,Croatia,5469,Marcelo Brozović,5463,Luka Modrić,Complete,6.7535176,60.9,52.7,64.0,58.7
3857277,2022-11-23,Group Stage,Morocco,2,75,6,Croatia,5463,Luka Modrić,5469,Marcelo Brozović,Complete,6.053098,64.0,58.7,63.2,52.7
3857277,2022-11-23,Group Stage,Morocco,2,75,7,Croatia,5469,Marcelo Brozović,5463,Luka Modrić,Complete,9.140022,63.2,52.7,57.7,60.0
3857277,2022-11-23,Group Stage,Morocco,2,75,10,Croatia,5463,Luka Modrić,5469,Marcelo Brozović,Complete,12.515989,55.0,64.7,63.8,55.8
3857277,2022-11-23,Group Stage,Morocco,2,75,11,Croatia,5469,Marcelo Brozović,5463,Luka Modrić,Complete,13.259336,63.8,55.8,57.2,67.3
3857277,2022-11-23,Group Stage,Morocco,2,75,17,Croatia,5463,Luka Modrić,33018,Joško Gvardiol,Complete,38.000656,50.4,59.8,46.5,22.0
3857277,2022-11-23,Group Stage,Morocco,2,75,21,Croatia,33018,Joško Gvardiol,12625,Borna Sosa,Complete,28.511927,54.5,18.8,78.3,3.1
3857277,2022-11-23,Group Stage,Morocco,2,75,24,Croatia,12625,Borna Sosa,,,Incomplete,71.41884,86.6,4.2,112.9,70.6
3857277,2022-11-23,Group Stage,Morocco,2,75,35,Croatia,29163,Josip Juranović,5463,Luka Modrić,Complete,10.10198,67.6,66.7,76.2,72.0
3857277,2022-11-23,Group Stage,Morocco,2,75,36,Croatia,5463,Luka Modrić,29163,Josip Juranović,Complete,12.96341,76.2,72.0,67.6,62.3
3857277,2022-11-23,Group Stage,Morocco,2,75,37,Croatia,29163,Josip Juranović,5469,Marcelo Brozović,Complete,7.877182,69.2,64.1,75.8,59.8
3857277,2022-11-23,Group Stage,Morocco,2,75,38,Croatia,5469,Marcelo Brozović,22041,Marko Livaja,Incomplete,9.960923,76.3,60.0,86.2,58.9
3857277,2022-11-23,Group Stage,Morocco,2,75,48,Croatia,5463,Luka Modrić,5474,Ivan Perišić,Complete,15.368799,95.1,25.3,99.9,10.7
3857277,2022-11-23,Group Stage,Morocco,2,75,50,Croatia,5474,Ivan Perišić,,,Incomplete,6.5946946,99.9,10.7,104.2,15.7
3857277,2022-11-23,Group Stage,Morocco,2,75,55,Croatia,12625,Borna Sosa,5463,Luka Modrić,Complete,11.734565,97.5,0.1,87.6,6.4
3857277,2022-11-23,Group Stage,Morocco,2,75,57,Croatia,5463,Luka Modrić,5474,Ivan Perišić,Complete,6.726812,91.9,2.4,98.6,1.8
3857277,2022-11-23,Group Stage,Morocco,2,75,59,Croatia,5474,Ivan Perišić,5463,Luka Modrić,Incomplete,5.4451814,98.6,1.8,104.0,1.1
3857277,2022-11-23,Group Stage,Morocco,2,76,50,Croatia,16531,Dominik Livaković,3471,Dejan Lovren,Complete,13.514807,15.0,37.4,27.3,43.0
3857277,2022-11-23,Group Stage,Morocco,2,76,54,Croatia,3471,Dejan Lovren,5469,Marcelo Brozović,Complete,15.749286,30.6,45.5,35.4,60.5
3857277,2022-11-23,Group Stage,Morocco,2,76,56,Croatia,5469,Marcelo Brozović,29163,Josip Juranović,Complete,34.76104,37.7,64.5,70.9,74.8
3857277,2022-11-23,Group Stage,Morocco,2,77,3,Croatia,29163,Josip Juranović,33018,Joško Gvardiol,Complete,37.535316,73.1,75.0,55.4,41.9
3857277,2022-11-23,Group Stage,Morocco,2,77,7,Croatia,33018,Joško Gvardiol,3471,Dejan Lovren,Complete,10.881176,54.0,40.6,47.6,49.4
3857277,2022-11-23,Group Stage,Morocco,2,77,10,Croatia,3471,Dejan Lovren,5469,Marcelo Brozović,Complete,9.208692,47.6,49.4,52.8,57.0
3857277,2022-11-23,Group Stage,Morocco,2,77,14,Croatia,5469,Marcelo Brozović,3471,Dejan Lovren,Complete,27.970879,50.0,56.2,32.6,34.3
3857277,2022-11-23,Group Stage,Morocco,2,77,16,Croatia,3471,Dejan Lovren,16531,Dominik Livaković,Complete,24.835659,33.2,38.8,9.1,32.8
3857277,2022-11-23,Group Stage,Morocco,2,77,20,Croatia,16531,Dominik Livaković,33018,Joško Gvardiol,Complete,14.177799,9.1,32.8,15.6,20.2
3857277,2022-11-23,Group Stage,Morocco,2,77,23,Croatia,33018,Joško Gvardiol,3471,Dejan Lovren,Complete,30.831802,14.0,22.6,12.6,53.4
3857277,2022-11-23,Group Stage,Morocco,2,77,26,Croatia,3471,Dejan Lovren,5463,Luka Modrić,Complete,19.483326,12.6,57.0,28.4,68.4
3857277,2022-11-23,Group Stage,Morocco,2,78,0,Croatia,3471,Dejan Lovren,5469,Marcelo Brozović,Complete,12.366487,31.0,70.2,41.7,64.0
3857277,2022-11-23,Group Stage,Morocco,2,78,2,Croatia,5469,Marcelo Brozović,11603,Mario Pašalić,Complete,13.072873,66.2,60.2,78.9,63.3
3857277,2022-11-23,Group Stage,Morocco,2,78,2,Croatia,11603,Mario Pašalić,29163,Josip Juranović,Complete,12.934064,78.9,63.3,74.9,75.6
3857277,2022-11-23,Group Stage,Morocco,2,78,4,Croatia,29163,Josip Juranović,5469,Marcelo Brozović,Complete,14.138246,74.9,75.6,88.4,71.4
3857277,2022-11-23,Group Stage,Morocco,2,78,6,Croatia,5469,Marcelo Brozović,11603,Mario Pašalić,Incomplete,12.345445,91.9,73.8,103.9,70.9
3857277,2022-11-23,Group Stage,Morocco,2,78,59,Croatia,29163,Josip Juranović,5474,Ivan Perišić,Incomplete,31.192467,105.3,80.0,107.7,48.9
3857277,2022-11-23,Group Stage,Morocco,2,79,4,Croatia,29163,Josip Juranović,28914,Lovro Majer,Complete,14.081193,93.9,62.5,107.7,65.3
3857277,2022-11-23,Group Stage,Morocco,2,79,8,Croatia,28914,Lovro Majer,29163,Josip Juranović,Complete,11.205802,107.4,72.2,96.5,69.6
3857277,2022-11-23,Group Stage,Morocco,2,79,11,Croatia,29163,Josip Juranović,28914,Lovro Majer,Unknown,2.9681644,98.3,78.2,100.8,76.6
3857277,2022-11-23,Group Stage,Morocco,2,80,1,Croatia,5463,Luka Modrić,33018,Joško Gvardiol,Unknown,45.403084,102.1,76.1,113.3,32.1
3857277,2022-11-23,Group Stage,Morocco,2,81,33,Croatia,29163,Josip Juranović,5474,Ivan Perišić,Complete,35.439102,30.4,60.9,65.2,67.6
3857277,2022-11-23,Group Stage,Morocco,2,81,37,Croatia,5474,Ivan Perišić,22041,Marko Livaja,Incomplete,12.330855,65.4,67.6,76.0,61.3
3857277,2022-11-23,Group Stage,Morocco,2,81,41,Croatia,5463,Luka Modrić,11603,Mario Pašalić,Complete,16.003124,53.6,40.3,62.5,27.0
3857277,2022-11-23,Group Stage,Morocco,2,81,43,Croatia,11603,Mario Pašalić,12625,Borna Sosa,Complete,21.910044,62.5,28.1,67.2,6.7
3857277,2022-11-23,Group Stage,Morocco,2,81,47,Croatia,12625,Borna Sosa,28914,Lovro Majer,Complete,12.593649,80.5,5.3,92.9,3.1
3857277,2022-11-23,Group Stage,Morocco,2,81,48,Croatia,28914,Lovro Majer,12625,Borna Sosa,Complete,5.824088,92.9,3.1,91.3,8.7
3857277,2022-11-23,Group Stage,Morocco,2,81,50,Croatia,12625,Borna Sosa,11603,Mario Pašalić,Complete,11.901681,95.5,13.1,95.3,25.0
3857277,2022-11-23,Group Stage,Morocco,2,81,51,Croatia,11603,Mario Pašalić,12625,Borna Sosa,Complete,7.5239615,95.3,25.0,102.2,22.0
3857277,2022-11-23,Group Stage,Morocco,2,81,52,Croatia,12625,Borna Sosa,,,Incomplete,2.505993,102.2,22.0,101.0,24.2
3857277,2022-11-23,Group Stage,Morocco,2,82,49,Croatia,5469,Marcelo Brozović,29163,Josip Juranović,Complete,7.7,14.4,64.5,14.4,72.2
3857277,2022-11-23,Group Stage,Morocco,2,82,50,Croatia,29163,Josip Juranović,5469,Marcelo Brozović,Complete,11.177209,14.4,72.2,5.1,66.0
3857277,2022-11-23,Group Stage,Morocco,2,82,53,Croatia,5469,Marcelo Brozović,,,Incomplete,2.1633308,4.5,72.6,6.3,73.8
3857277,2022-11-23,Group Stage,Morocco,2,83,5,Croatia,16531,Dominik Livaković,3471,Dejan Lovren,Complete,13.606249,6.0,36.0,9.3,49.2
3857277,2022-11-23,Group Stage,Morocco,2,83,14,Croatia,3471,Dejan Lovren,33018,Joško Gvardiol,Complete,26.711046,26.3,51.4,31.5,25.2
3857277,2022-11-23,Group Stage,Morocco,2,83,20,Croatia,33018,Joško Gvardiol,3471,Dejan Lovren,Complete,27.52308,43.7,24.4,46.3,51.8
3857277,2022-11-23,Group Stage,Morocco,2,83,24,Croatia,3471,Dejan Lovren,29163,Josip Juranović,Complete,29.76592,46.3,51.8,62.3,76.9
3857277,2022-11-23,Group Stage,Morocco,2,83,27,Croatia,29163,Josip Juranović,3471,Dejan Lovren,Complete,23.925928,51.6,74.8,30.2,64.1
3857277,2022-11-23,Group Stage,Morocco,2,83,33,Croatia,3471,Dejan Lovren,33018,Joško Gvardiol,Complete,36.022354,30.2,64.1,35.7,28.5
3857277,2022-11-23,Group Stage,Morocco,2,83,42,Croatia,33018,Joško Gvardiol,12625,Borna Sosa,Complete,24.096888,50.6,25.7,58.1,2.8
3857277,2022-11-23,Group Stage,Morocco,2,83,45,Croatia,12625,Borna Sosa,11603,Mario Pašalić,Complete,12.45793,63.6,2.6,76.0,1.4
3857277,2022-11-23,Group Stage,Morocco,2,83,46,Croatia,11603,Mario Pašalić,5463,Luka Modrić,Complete,10.959015,76.0,1.4,81.1,11.1
3857277,2022-11-23,Group Stage,Morocco,2,83,50,Croatia,5463,Luka Modrić,,,Incomplete,40.22002,70.0,24.2,94.1,56.4
3857277,2022-11-23,Group Stage,Morocco,2,84,1,Croatia,33018,Joško Gvardiol,,,Incomplete,27.044039,62.5,46.9,88.8,53.2
3857277,2022-11-23,Group Stage,Morocco,2,84,42,Croatia,16531,Dominik Livaković,5469,Marcelo Brozović,Complete,19.206509,16.0,45.5,34.0,38.8
3857277,2022-11-23,Group Stage,Morocco,2,85,1,Croatia,28914,Lovro Majer,,,Incomplete,65.8827,20.6,58.5,86.4,55.2
3857277,2022-11-23,Group Stage,Morocco,2,85,50,Croatia,5463,Luka Modrić,11603,Mario Pašalić,Complete,13.416408,43.0,35.9,55.0,29.9
3857277,2022-11-23,Group Stage,Morocco,2,85,51,Croatia,11603,Mario Pašalić,22041,Marko Livaja,Incomplete,39.60631,64.5,27.9,102.4,39.4
3857277,2022-11-23,Group Stage,Morocco,2,86,31,Croatia,12625,Borna Sosa,11603,Mario Pašalić,Complete,10.846659,24.7,12.1,35.0,15.5
3857277,2022-11-23,Group Stage,Morocco,2,86,34,Croatia,11603,Mario Pašalić,5463,Luka Modrić,Complete,9.544108,32.8,16.6,27.3,24.4
3857277,2022-11-23,Group Stage,Morocco,2,87,31,Croatia,3471,Dejan Lovren,5469,Marcelo Brozović,Complete,20.530222,29.5,74.4,39.0,56.2
3857277,2022-11-23,Group Stage,Morocco,2,87,32,Croatia,5469,Marcelo Brozović,33018,Joško Gvardiol,Complete,22.92117,48.3,46.9,43.0,24.6
3857277,2022-11-23,Group Stage,Morocco,2,87,35,Croatia,33018,Joško Gvardiol,11603,Mario Pašalić,Complete,27.621006,50.3,22.6,70.9,4.2
3857277,2022-11-23,Group Stage,Morocco,2,87,40,Croatia,11603,Mario Pašalić,33018,Joško Gvardiol,Complete,14.057738,70.0,8.0,56.9,13.1
3857277,2022-11-23,Group Stage,Morocco,2,87,43,Croatia,33018,Joško Gvardiol,3471,Dejan Lovren,Complete,25.533115,56.9,13.1,55.6,38.6
3857277,2022-11-23,Group Stage,Morocco,2,87,46,Croatia,3471,Dejan Lovren,33018,Joško Gvardiol,Complete,27.478172,54.3,42.3,50.4,15.1
3857277,2022-11-23,Group Stage,Morocco,2,87,49,Croatia,33018,Joško Gvardiol,12625,Borna Sosa,Complete,22.299103,53.2,9.7,74.2,2.2
3857277,2022-11-23,Group Stage,Morocco,2,87,50,Croatia,12625,Borna Sosa,,,Incomplete,9.391485,74.2,2.2,82.6,6.4
3857277,2022-11-23,Group Stage,Morocco,2,87,58,Croatia,33018,Joško Gvardiol,28914,Lovro Majer,Complete,17.67088,41.0,13.7,55.9,23.2
3857277,2022-11-23,Group Stage,Morocco,2,88,1,Croatia,28914,Lovro Majer,5463,Luka Modrić,Complete,7.470609,52.1,14.6,55.6,8.0
3857277,2022-11-23,Group Stage,Morocco,2,88,1,Croatia,5463,Luka Modrić,28914,Lovro Majer,Complete,4.8052053,56.1,7.7,51.4,6.7
3857277,2022-11-23,Group Stage,Morocco,2,88,3,Croatia,28914,Lovro Majer,5463,Luka Modrić,Complete,6.3387694,53.4,4.6,54.1,10.9
3857277,2022-11-23,Group Stage,Morocco,2,88,4,Croatia,5463,Luka Modrić,28914,Lovro Majer,Complete,6.3600316,54.1,10.9,55.9,4.8
3857277,2022-11-23,Group Stage,Morocco,2,88,9,Croatia,28914,Lovro Majer,12625,Borna Sosa,Complete,10.923827,58.1,4.6,47.4,2.4
3857277,2022-11-23,Group Stage,Morocco,2,88,12,Croatia,12625,Borna Sosa,33018,Joško Gvardiol,Complete,13.85388,46.6,6.4,41.3,19.2
3857277,2022-11-23,Group Stage,Morocco,2,88,15,Croatia,33018,Joško Gvardiol,3471,Dejan Lovren,Complete,24.839485,41.1,25.3,42.5,50.1
3857277,2022-11-23,Group Stage,Morocco,2,88,19,Croatia,3471,Dejan Lovren,16531,Dominik Livaković,Complete,34.40843,42.5,50.1,10.0,38.8
3857277,2022-11-23,Group Stage,Morocco,2,88,23,Croatia,16531,Dominik Livaković,5463,Luka Modrić,Complete,31.898903,15.4,34.4,31.9,7.1
3857277,2022-11-23,Group Stage,Morocco,2,88,27,Croatia,5463,Luka Modrić,12625,Borna Sosa,Complete,11.830892,33.2,6.6,44.1,2.0
3857277,2022-11-23,Group Stage,Morocco,2,88,29,Croatia,12625,Borna Sosa,11603,Mario Pašalić,Complete,8.828363,43.0,3.0,44.5,11.7
3857277,2022-11-23,Group Stage,Morocco,2,88,30,Croatia,11603,Mario Pašalić,3471,Dejan Lovren,Complete,38.910152,45.2,13.3,28.2,48.3
3857277,2022-11-23,Group Stage,Morocco,2,88,35,Croatia,3471,Dejan Lovren,5474,Ivan Perišić,Out,60.611053,33.6,55.6,89.3,79.5
3857277,2022-11-23,Group Stage,Morocco,2,89,23,Croatia,29163,Josip Juranović,22041,Marko Livaja,Complete,25.444252,58.9,73.2,83.5,66.7
3857277,2022-11-23,Group Stage,Morocco,2,89,25,Croatia,22041,Marko Livaja,,,Incomplete,3.4985712,83.5,66.7,80.5,64.9
3857277,2022-11-23,Group Stage,Morocco,2,89,26,Croatia,22041,Marko Livaja,28914,Lovro Majer,Incomplete,15.337536,79.7,69.8,76.5,54.8
3857277,2022-11-23,Group Stage,Morocco,2,90,12,Croatia,12625,Borna Sosa,,,Incomplete,21.124393,28.6,18.4,48.6,25.2
3857277,2022-11-23,Group Stage,Morocco,2,90,16,Croatia,3471,Dejan Lovren,,,Incomplete,6.3387694,37.0,36.1,43.3,36.8
3857277,2022-11-23,Group Stage,Morocco,2,90,37,Croatia,16531,Dominik Livaković,28914,Lovro Majer,Complete,11.322986,16.2,36.4,25.1,43.4
3857277,2022-11-23,Group Stage,Morocco,2,90,43,Croatia,28914,Lovro Majer,12625,Borna Sosa,Complete,16.03122,42.3,18.4,43.3,2.4
3857277,2022-11-23,Group Stage,Morocco,2,90,44,Croatia,12625,Borna Sosa,33018,Joško Gvardiol,Complete,16.275442,43.3,2.4,29.3,10.7
3857277,2022-11-23,Group Stage,Morocco,2,90,48,Croatia,33018,Joško Gvardiol,5463,Luka Modrić,Complete,10.938464,34.2,11.9,44.8,14.6
3857277,2022-11-23,Group Stage,Morocco,2,90,50,Croatia,5463,Luka Modrić,3471,Dejan Lovren,Complete,34.57658,39.7,19.7,37.4,54.2
3857277,2022-11-23,Group Stage,Morocco,2,90,54,Croatia,3471,Dejan Lovren,11603,Mario Pašalić,Complete,44.79732,38.3,67.8,82.9,72.0
3857277,2022-11-23,Group Stage,Morocco,2,91,42,Croatia,3471,Dejan Lovren,,,Out,9.972462,2.5,72.6,9.7,79.5
3857277,2022-11-23,Group Stage,Morocco,2,92,14,Croatia,28914,Lovro Majer,22041,Marko Livaja,Incomplete,12.5,19.8,65.1,31.5,60.7
3857277,2022-11-23,Group Stage,Morocco,2,92,59,Croatia,33018,Joško Gvardiol,3471,Dejan Lovren,Complete,41.2,20.2,7.5,20.2,48.7
3857277,2022-11-23,Group Stage,Morocco,2,93,9,Croatia,3471,Dejan Lovren,33018,Joško Gvardiol,Complete,24.891766,35.4,52.7,39.2,28.1
3857277,2022-11-23,Group Stage,Morocco,2,93,12,Croatia,33018,Joško Gvardiol,5469,Marcelo Brozović,Complete,19.304144,41.1,30.5,54.8,44.1
3857277,2022-11-23,Group Stage,Morocco,2,93,13,Croatia,5469,Marcelo Brozović,29163,Josip Juranović,Incomplete,37.553295,54.8,44.1,83.6,68.2
3857277,2022-11-23,Group Stage,Morocco,2,93,29,Croatia,29163,Josip Juranović,3471,Dejan Lovren,Complete,25.92952,80.5,80.0,55.0,75.3
3857277,2022-11-23,Group Stage,Morocco,2,93,33,Croatia,3471,Dejan Lovren,5463,Luka Modrić,Complete,29.16659,55.2,69.3,61.4,40.8
3857277,2022-11-23,Group Stage,Morocco,2,93,38,Croatia,5463,Luka Modrić,33018,Joško Gvardiol,Complete,20.1,50.4,46.9,50.4,26.8
3857277,2022-11-23,Group Stage,Morocco,2,93,40,Croatia,33018,Joško Gvardiol,12625,Borna Sosa,Complete,27.299816,51.2,20.0,72.4,2.8
3857277,2022-11-23,Group Stage,Morocco,2,93,43,Croatia,12625,Borna Sosa,22041,Marko Livaja,Complete,23.062523,82.6,2.6,98.4,19.4
3857277,2022-11-23,Group Stage,Morocco,2,93,45,Croatia,22041,Marko Livaja,28914,Lovro Majer,Complete,5.0249376,98.4,19.4,94.7,22.8
3857277,2022-11-23,Group Stage,Morocco,2,93,46,Croatia,28914,Lovro Majer,22041,Marko Livaja,Complete,12.093387,96.9,22.6,105.6,14.2
3857277,2022-11-23,Group Stage,Morocco,2,93,48,Croatia,22041,Marko Livaja,,,Incomplete,8.6884985,105.7,21.4,103.9,29.9
3857277,2022-11-23,Group Stage,Morocco,2,93,55,Croatia,33018,Joško Gvardiol,3471,Dejan Lovren,Complete,19.428072,45.7,30.3,50.6,49.1
3857277,2022-11-23,Group Stage,Morocco,2,93,58,Croatia,3471,Dejan Lovren,5463,Luka Modrić,Complete,33.303753,52.3,51.0,52.8,17.7
3857277,2022-11-23,Group Stage,Morocco,2,94,2,Croatia,5463,Luka Modrić,28914,Lovro Majer,Complete,16.277899,67.2,12.9,83.3,15.3
3857277,2022-11-23,Group Stage,Morocco,2,94,10,Croatia,28914,Lovro Majer,3471,Dejan Lovren,Complete,24.893774,76.2,29.7,73.1,54.4
3857277,2022-11-23,Group Stage,Morocco,2,94,13,Croatia,3471,Dejan Lovren,33018,Joško Gvardiol,Complete,20.660349,73.1,54.8,67.2,35.0
3857277,2022-11-23,Group Stage,Morocco,2,94,16,Croatia,33018,Joško Gvardiol,22041,Marko Livaja,Complete,20.00025,67.2,35.0,84.8,25.5
3857277,2022-11-23,Group Stage,Morocco,2,94,18,Croatia,22041,Marko Livaja,11603,Mario Pašalić,Incomplete,12.808201,86.4,28.7,99.0,31.0
3857277,2022-11-23,Group Stage,Morocco,2,94,21,Croatia,22041,Marko Livaja,28914,Lovro Majer,Complete,23.140009,98.3,47.7,119.4,57.2
3857277,2022-11-23,Group Stage,Morocco,2,94,31,Croatia,3471,Dejan Lovren,5469,Marcelo Brozović,Complete,11.166468,58.3,62.7,68.8,58.9
3857277,2022-11-23,Group Stage,Morocco,2,94,32,Croatia,5469,Marcelo Brozović,29163,Josip Juranović,Complete,10.307764,68.6,58.9,63.4,67.8
3857277,2022-11-23,Group Stage,Morocco,2,94,45,Croatia,3471,Dejan Lovren,28914,Lovro Majer,Complete,9.104943,37.7,74.6,44.8,68.9
3857277,2022-11-23,Group Stage,Morocco,2,94,59,Croatia,5469,Marcelo Brozović,5463,Luka Modrić,Complete,22.060144,42.5,67.5,36.4,46.3
3857277,2022-11-23,Group Stage,Morocco,2,95,1,Croatia,5463,Luka Modrić,33018,Joško Gvardiol,Complete,23.75984,39.2,42.1,47.4,19.8
3857277,2022-11-23,Group Stage,Morocco,2,95,5,Croatia,33018,Joško Gvardiol,12625,Borna Sosa,Complete,21.024035,58.1,23.2,69.6,5.6
3857277,2022-11-23,Group Stage,Morocco,2,95,9,Croatia,12625,Borna Sosa,16527,Mislav Oršić,Complete,7.31642,75.8,4.9,82.6,2.2
3857277,2022-11-23,Group Stage,Morocco,2,95,9,Croatia,16527,Mislav Oršić,22041,Marko Livaja,Complete,6.168468,82.6,2.2,80.5,8.0
3857277,2022-11-23,Group Stage,Morocco,2,95,46,Croatia,5463,Luka Modrić,,,Incomplete,36.391758,80.2,8.4,107.2,32.8
3857277,2022-11-23,Group Stage,Morocco,2,95,49,Croatia,28914,Lovro Majer,22041,Marko Livaja,Complete,22.316137,83.8,39.8,93.7,59.8
3857277,2022-11-23,Group Stage,Morocco,2,95,53,Croatia,22041,Marko Livaja,33018,Joško Gvardiol,Incomplete,13.0268955,94.9,68.2,106.8,62.9
3869684,2022-12-17,3rd Place Final,Morocco,1,0,2,Croatia,5456,Mateo Kovačić,33018,Joško Gvardiol,Complete,21.302582,60.0,40.0,39.2,35.4
3869684,2022-12-17,3rd Place Final,Morocco,1,0,4,Croatia,33018,Joško Gvardiol,22041,Marko Livaja,Incomplete,53.75686,42.8,33.8,89.4,60.6
3869684,2022-12-17,3rd Place Final,Morocco,1,0,14,Croatia,49337,Josip Stanišić,37148,Josip Šutalo,Complete,22.520435,69.4,80.0,48.8,70.9
3869684,2022-12-17,3rd Place Final,Morocco,1,0,17,Croatia,37148,Josip Šutalo,33018,Joško Gvardiol,Complete,20.385534,48.8,70.9,45.4,50.8
3869684,2022-12-17,3rd Place Final,Morocco,1,0,21,Croatia,33018,Joško Gvardiol,5463,Luka Modrić,Complete,15.255491,40.5,43.6,53.3,51.9
3869684,2022-12-17,3rd Place Final,Morocco,1,0,22,Croatia,5463,Luka Modrić,33018,Joško Gvardiol,Complete,20.370813,52.5,52.8,39.4,37.2
3869684,2022-12-17,3rd Place Final,Morocco,1,0,26,Croatia,33018,Joško Gvardiol,5463,Luka Modrić,Complete,25.7,44.8,21.3,44.8,47.0
3869684,2022-12-17,3rd Place Final,Morocco,1,0,31,Croatia,5463,Luka Modrić,49337,Josip Stanišić,Complete,25.234303,54.4,66.5,77.3,77.1
3869684,2022-12-17,3rd Place Final,Morocco,1,0,33,Croatia,49337,Josip Stanišić,28914,Lovro Majer,Incomplete,2.9154758,76.6,77.1,76.9,74.2
3869684,2022-12-17,3rd Place Final,Morocco,1,0,35,Croatia,22041,Marko Livaja,28914,Lovro Majer,Incomplete,27.115494,86.3,76.4,106.4,58.2
3869684,2022-12-17,3rd Place Final,Morocco,1,1,2,Croatia,49337,Josip Stanišić,22041,Marko Livaja,Incomplete,25.071497,112.1,80.0,107.8,55.3
3869684,2022-12-17,3rd Place Final,Morocco,1,1,7,Croatia,49337,Josip Stanišić,37148,Josip Šutalo,Complete,24.318718,93.2,68.1,69.0,70.5
3869684,2022-12-17,3rd Place Final,Morocco,1,1,10,Croatia,37148,Josip Šutalo,33018,Joško Gvardiol,Complete,29.72356,69.0,70.5,50.8,47.0
3869684,2022-12-17,3rd Place Final,Morocco,1,1,14,Croatia,33018,Joško Gvardiol,16527,Mislav Oršić,Complete,55.004456,53.0,40.0,93.7,3.0
3869684,2022-12-17,3rd Place Final,Morocco,1,1,17,Croatia,16527,Mislav Oršić,5460,Andrej Kramarić,Complete,5.162364,94.3,4.2,90.6,7.8
3869684,2022-12-17,3rd Place Final,Morocco,1,1,20,Croatia,5460,Andrej Kramarić,16527,Mislav Oršić,Complete,4.237924,91.8,5.4,93.2,1.4
3869684,2022-12-17,3rd Place Final,Morocco,1,1,20,Croatia,16527,Mislav Oršić,5474,Ivan Perišić,Complete,18.039955,93.2,1.4,75.2,2.6
3869684,2022-12-17,3rd Place Final,Morocco,1,1,22,Croatia,5474,Ivan Perišić,5456,Mateo Kovačić,Complete,8.34386,75.2,2.6,69.3,8.5
3869684,2022-12-17,3rd Place Final,Morocco,1,1,25,Croatia,5456,Mateo Kovačić,5463,Luka Modrić,Complete,23.049513,68.7,14.1,62.5,36.3
3869684,2022-12-17,3rd Place Final,Morocco,1,1,33,Croatia,5463,Luka Modrić,37148,Josip Šutalo,Complete,16.559288,62.3,37.4,53.3,51.3
3869684,2022-12-17,3rd Place Final,Morocco,1,1,35,Croatia,37148,Josip Šutalo,28914,Lovro Majer,Complete,23.821,53.5,52.3,77.3,51.3
3869684,2022-12-17,3rd Place Final,Morocco,1,1,39,Croatia,28914,Lovro Majer,37148,Josip Šutalo,Complete,19.875864,64.5,70.7,44.9,67.4
3869684,2022-12-17,3rd Place Final,Morocco,1,1,40,Croatia,37148,Josip Šutalo,5456,Mateo Kovačić,Complete,25.506863,45.4,67.7,56.0,44.5
3869684,2022-12-17,3rd Place Final,Morocco,1,1,43,Croatia,5456,Mateo Kovačić,33018,Joško Gvardiol,Complete,21.141901,52.3,41.8,48.0,21.1
3869684,2022-12-17,3rd Place Final,Morocco,1,1,45,Croatia,33018,Joško Gvardiol,16527,Mislav Oršić,Complete,28.720028,52.0,17.7,75.0,0.5
3869684,2022-12-17,3rd Place Final,Morocco,1,1,50,Croatia,16527,Mislav Oršić,5474,Ivan Perišić,Complete,7.5960517,103.1,7.8,110.4,5.7
3869684,2022-12-17,3rd Place Final,Morocco,1,1,52,Croatia,5474,Ivan Perišić,,,Incomplete,31.7309,111.6,5.7,113.0,37.4
3869684,2022-12-17,3rd Place Final,Morocco,1,2,50,Croatia,28914,Lovro Majer,,,Incomplete,39.457573,120.0,80.0,114.7,40.9
3869684,2022-12-17,3rd Place Final,Morocco,1,2,56,Croatia,5474,Ivan Perišić,22041,Marko Livaja,Complete,13.038404,99.5,40.1,108.1,30.3
3869684,2022-12-17,3rd Place Final,Morocco,1,2,57,Croatia,22041,Marko Livaja,,,Unknown,6.1392183,110.0,30.3,111.3,36.3
3869684,2022-12-17,3rd Place Final,Morocco,1,4,25,Croatia,37148,Josip Šutalo,49337,Josip Stanišić,Complete,5.186521,20.5,76.9,15.6,75.2
3869684,2022-12-17,3rd Place Final,Morocco,1,4,28,Croatia,49337,Josip Stanišić,33018,Joško Gvardiol,Complete,21.727861,9.3,67.5,23.2,50.8
3869684,2022-12-17,3rd Place Final,Morocco,1,4,31,Croatia,33018,Joško Gvardiol,5474,Ivan Perišić,Complete,40.822174,25.3,50.4,32.4,10.2
3869684,2022-12-17,3rd Place Final,Morocco,1,4,34,Croatia,5474,Ivan Perišić,5460,Andrej Kramarić,Out,46.302593,31.4,11.8,76.2,0.1
3869684,2022-12-17,3rd Place Final,Morocco,1,5,34,Croatia,5474,Ivan Perišić,5460,Andrej Kramarić,Complete,16.619267,75.7,7.5,86.3,20.3
3869684,2022-12-17,3rd Place Final,Morocco,1,6,26,Croatia,28914,Lovro Majer,5474,Ivan Perišić,Complete,23.37734,84.6,21.0,107.9,22.9
3869684,2022-12-17,3rd Place Final,Morocco,1,6,27,Croatia,5474,Ivan Perišić,33018,Joško Gvardiol,Complete,11.311056,108.3,26.7,108.8,38.0
3869684,2022-12-17,3rd Place Final,Morocco,1,9,17,Croatia,5460,Andrej Kramarić,5463,Luka Modrić,Complete,12.918979,60.0,40.0,47.1,39.3
3869684,2022-12-17,3rd Place Final,Morocco,1,9,23,Croatia,5463,Luka Modrić,5460,Andrej Kramarić,Complete,28.625164,58.5,70.9,84.3,58.5
3869684,2022-12-17,3rd Place Final,Morocco,1,9,24,Croatia,5460,Andrej Kramarić,28914,Lovro Majer,Complete,13.980701,84.3,58.5,70.4,57.0
3869684,2022-12-17,3rd Place Final,Morocco,1,9,25,Croatia,28914,Lovro Majer,5463,Luka Modrić,Complete,10.885311,70.4,57.0,60.4,61.3
3869684,2022-12-17,3rd Place Final,Morocco,1,9,26,Croatia,5463,Luka Modrić,5456,Mateo Kovačić,Complete,18.26171,60.4,61.3,58.9,43.1
3869684,2022-12-17,3rd Place Final,Morocco,1,9,29,Croatia,5456,Mateo Kovačić,16527,Mislav Oršić,Complete,50.743473,59.5,42.7,91.6,3.4
3869684,2022-12-17,3rd Place Final,Morocco,1,10,42,Croatia,5463,Luka Modrić,5460,Andrej Kramarić,Complete,12.657014,21.5,20.0,34.1,18.8
3869684,2022-12-17,3rd Place Final,Morocco,1,10,46,Croatia,5460,Andrej Kramarić,5474,Ivan Perišić,Incomplete,7.2027774,30.6,15.3,23.4,15.5
3869684,2022-12-17,3rd Place Final,Morocco,1,10,47,Croatia,5463,Luka Modrić,,,Incomplete,6.6128664,22.3,18.5,28.5,16.2
3869684,2022-12-17,3rd Place Final,Morocco,1,11,4,Croatia,5460,Andrej Kramarić,5474,Ivan Perišić,Complete,9.651943,17.4,6.1,7.8,5.1
3869684,2022-12-17,3rd Place Final,Morocco,1,11,5,Croatia,5474,Ivan Perišić,22041,Marko Livaja,Incomplete,62.154404,9.7,5.5,63.8,36.1
3869684,2022-12-17,3rd Place Final,Morocco,1,11,36,Croatia,16531,Dominik Livaković,49337,Josip Stanišić,Complete,21.630072,14.2,39.3,27.7,56.2
3869684,2022-12-17,3rd Place Final,Morocco,1,11,40,Croatia,49337,Josip Stanišić,28914,Lovro Majer,Complete,10.317461,28.5,57.5,38.8,58.1
3869684,2022-12-17,3rd Place Final,Morocco,1,11,43,Croatia,28914,Lovro Majer,5456,Mateo Kovačić,Complete,15.915401,37.9,57.3,38.6,41.4
3869684,2022-12-17,3rd Place Final,Morocco,1,11,49,Croatia,5456,Mateo Kovačić,5463,Luka Modrić,Complete,18.35647,44.3,27.3,40.7,45.3
3869684,2022-12-17,3rd Place Final,Morocco,1,11,51,Croatia,5463,Luka Modrić,33018,Joško Gvardiol,Complete,23.24586,40.7,45.3,38.1,22.2
3869684,2022-12-17,3rd Place Final,Morocco,1,11,54,Croatia,33018,Joško Gvardiol,5456,Mateo Kovačić,Complete,12.93561,38.1,22.2,50.3,26.5
3869684,2022-12-17,3rd Place Final,Morocco,1,11,58,Croatia,5456,Mateo Kovačić,5463,Luka Modrić,Complete,19.612242,51.8,28.0,47.8,47.2
3869684,2022-12-17,3rd Place Final,Morocco,1,12,0,Croatia,5463,Luka Modrić,22041,Marko Livaja,Complete,30.030817,49.3,50.2,79.2,47.4
3869684,2022-12-17,3rd Place Final,Morocco,1,12,2,Croatia,22041,Marko Livaja,28914,Lovro Majer,Complete,10.557462,79.2,47.4,80.3,57.9
3869684,2022-12-17,3rd Place Final,Morocco,1,12,3,Croatia,28914,Lovro Majer,49337,Josip Stanišić,Complete,22.063545,86.7,55.3,102.5,70.7
3869684,2022-12-17,3rd Place Final,Morocco,1,12,6,Croatia,49337,Josip Stanišić,,,Incomplete,23.10368,105.1,71.4,109.4,48.7
3869684,2022-12-17,3rd Place Final,Morocco,1,12,18,Croatia,49337,Josip Stanišić,5463,Luka Modrić,Complete,16.54237,104.2,80.0,90.8,70.3
3869684,2022-12-17,3rd Place Final,Morocco,1,12,20,Croatia,5463,Luka Modrić,37148,Josip Šutalo,Complete,26.201145,90.5,70.7,64.4,68.4
3869684,2022-12-17,3rd Place Final,Morocco,1,12,22,Croatia,37148,Josip Šutalo,33018,Joško Gvardiol,Complete,29.84845,64.4,68.2,62.7,38.4
3869684,2022-12-17,3rd Place Final,Morocco,1,12,25,Croatia,33018,Joško Gvardiol,5463,Luka Modrić,Complete,25.079872,59.5,37.8,65.3,62.2
3869684,2022-12-17,3rd Place Final,Morocco,1,12,29,Croatia,5463,Luka Modrić,49337,Josip Stanišić,Complete,25.268557,65.3,62.2,88.0,73.3
3869684,2022-12-17,3rd Place Final,Morocco,1,12,33,Croatia,49337,Josip Stanišić,5463,Luka Modrić,Complete,17.020576,80.5,73.3,64.2,68.4
3869684,2022-12-17,3rd Place Final,Morocco,1,12,34,Croatia,5463,Luka Modrić,5456,Mateo Kovačić,Complete,12.704723,63.6,68.4,75.1,63.0
3869684,2022-12-17,3rd Place Final,Morocco,1,12,36,Croatia,5456,Mateo Kovačić,28914,Lovro Majer,Complete,14.000714,75.1,63.0,85.0,72.9
3869684,2022-12-17,3rd Place Final,Morocco,1,12,38,Croatia,28914,Lovro Majer,5463,Luka Modrić,Complete,26.527721,85.4,73.1,63.8,57.7
3869684,2022-12-17,3rd Place Final,Morocco,1,12,46,Croatia,5463,Luka Modrić,5456,Mateo Kovačić,Complete,15.811388,62.1,54.7,62.7,38.9
3869684,2022-12-17,3rd Place Final,Morocco,1,12,50,Croatia,5456,Mateo Kovačić,33018,Joško Gvardiol,Complete,18.804255,69.6,30.5,69.2,11.7
3869684,2022-12-17,3rd Place Final,Morocco,1,12,52,Croatia,33018,Joško Gvardiol,5474,Ivan Perišić,Out,50.0036,70.0,10.4,120.0,9.8
3869684,2022-12-17,3rd Place Final,Morocco,1,13,31,Croatia,16527,Mislav Oršić,33018,Joško Gvardiol,Complete,25.994616,70.4,0.1,45.8,8.5
3869684,2022-12-17,3rd Place Final,Morocco,1,13,35,Croatia,33018,Joško Gvardiol,5463,Luka Modrić,Complete,17.821615,45.8,10.8,56.3,25.2
3869684,2022-12-17,3rd Place Final,Morocco,1,13,40,Croatia,5463,Luka Modrić,5456,Mateo Kovačić,Complete,16.301228,56.3,25.2,56.1,8.9
3869684,2022-12-17,3rd Place Final,Morocco,1,13,44,Croatia,5456,Mateo Kovačić,5460,Andrej Kramarić,Complete,14.35897,72.4,16.2,86.7,17.5
3869684,2022-12-17,3rd Place Final,Morocco,1,13,45,Croatia,5460,Andrej Kramarić,16527,Mislav Oršić,Complete,13.923002,86.7,17.5,87.5,3.6
3869684,2022-12-17,3rd Place Final,Morocco,1,13,47,Croatia,16527,Mislav Oršić,5460,Andrej Kramarić,Incomplete,9.64002,91.4,4.2,97.2,11.9
3869684,2022-12-17,3rd Place Final,Morocco,1,13,52,Croatia,16527,Mislav Oršić,22041,Marko Livaja,Incomplete,10.1493845,98.7,19.8,99.7,29.9
3869684,2022-12-17,3rd Place Final,Morocco,1,14,25,Croatia,5474,Ivan Perišić,22041,Marko Livaja,Complete,19.712433,68.1,15.5,87.8,16.2
3869684,2022-12-17,3rd Place Final,Morocco,1,14,26,Croatia,22041,Marko Livaja,5456,Mateo Kovačić,Complete,17.96107,87.5,16.2,74.9,3.4
3869684,2022-12-17,3rd Place Final,Morocco,1,14,29,Croatia,5456,Mateo Kovačić,22041,Marko Livaja,Complete,14.483784,76.6,2.5,81.3,16.2
3869684,2022-12-17,3rd Place Final,Morocco,1,14,30,Croatia,22041,Marko Livaja,5474,Ivan Perišić,Complete,14.222517,81.3,16.6,87.5,3.8
3869684,2022-12-17,3rd Place Final,Morocco,1,14,32,Croatia,5474,Ivan Perišić,16527,Mislav Oršić,Complete,6.670832,80.7,5.9,85.8,1.6
3869684,2022-12-17,3rd Place Final,Morocco,1,14,33,Croatia,16527,Mislav Oršić,22041,Marko Livaja,Complete,6.8029404,87.5,2.3,90.3,8.5
3869684,2022-12-17,3rd Place Final,Morocco,1,14,35,Croatia,22041,Marko Livaja,5460,Andrej Kramarić,Incomplete,34.33497,90.3,9.1,107.0,39.1
3869684,2022-12-17,3rd Place Final,Morocco,1,15,0,Croatia,28914,Lovro Majer,49337,Josip Stanišić,Complete,8.13941,52.0,71.2,44.0,69.7
3869684,2022-12-17,3rd Place Final,Morocco,1,15,1,Croatia,49337,Josip Stanišić,5460,Andrej Kramarić,Complete,20.785091,44.0,69.7,56.1,52.8
3869684,2022-12-17,3rd Place Final,Morocco,1,15,3,Croatia,5460,Andrej Kramarić,16527,Mislav Oršić,Complete,38.239376,57.0,52.3,74.5,18.3
3869684,2022-12-17,3rd Place Final,Morocco,1,15,8,Croatia,16527,Mislav Oršić,22041,Marko Livaja,Complete,17.327723,88.0,17.9,105.1,20.7
3869684,2022-12-17,3rd Place Final,Morocco,1,15,50,Croatia,5463,Luka Modrić,,,Incomplete,26.558804,120.0,0.1,117.1,26.5
3869684,2022-12-17,3rd Place Final,Morocco,1,16,10,Croatia,5474,Ivan Perišić,33018,Joško Gvardiol,Complete,24.339268,74.3,0.1,50.1,2.7
3869684,2022-12-17,3rd Place Final,Morocco,1,16,13,Croatia,33018,Joško Gvardiol,5456,Mateo Kovačić,Complete,6.053098,48.6,3.8,54.6,4.6
3869684,2022-12-17,3rd Place Final,Morocco,1,16,16,Croatia,5456,Mateo Kovačić,37148,Josip Šutalo,Complete,36.208424,55.7,6.6,52.9,42.7
3869684,2022-12-17,3rd Place Final,Morocco,1,16,20,Croatia,37148,Josip Šutalo,33018,Joško Gvardiol,Complete,18.069311,52.9,42.7,46.0,26.0
3869684,2022-12-17,3rd Place Final,Morocco,1,16,24,Croatia,33018,Joško Gvardiol,5456,Mateo Kovačić,Complete,12.0415945,51.6,23.0,63.4,25.4
3869684,2022-12-17,3rd Place Final,Morocco,1,16,25,Croatia,5456,Mateo Kovačić,5463,Luka Modrić,Complete,14.484474,63.4,25.4,55.0,37.2
3869684,2022-12-17,3rd Place Final,Morocco,1,16,28,Croatia,5463,Luka Modrić,37148,Josip Šutalo,Complete,16.73589,53.1,39.7,50.3,56.2
3869684,2022-12-17,3rd Place Final,Morocco,1,16,32,Croatia,37148,Josip Šutalo,5463,Luka Modrić,Complete,9.676776,52.9,64.7,49.9,55.5
3869684,2022-12-17,3rd Place Final,Morocco,1,16,37,Croatia,5463,Luka Modrić,37148,Josip Šutalo,Complete,9.962429,49.9,55.5,52.9,65.0
3869684,2022-12-17,3rd Place Final,Morocco,1,16,40,Croatia,37148,Josip Šutalo,5463,Luka Modrić,Complete,13.07402,55.0,65.4,50.3,53.2
3869684,2022-12-17,3rd Place Final,Morocco,1,16,42,Croatia,5463,Luka Modrić,33018,Joško Gvardiol,Complete,36.47259,49.5,52.8,51.8,16.4
3869684,2022-12-17,3rd Place Final,Morocco,1,16,47,Croatia,33018,Joško Gvardiol,16527,Mislav Oršić,Incomplete,20.732824,53.5,12.3,73.9,16.0
3869684,2022-12-17,3rd Place Final,Morocco,1,16,57,Croatia,5463,Luka Modrić,28914,Lovro Majer,Complete,11.870131,53.1,36.9,64.0,41.6
3869684,2022-12-17,3rd Place Final,Morocco,1,17,18,Croatia,5460,Andrej Kramarić,16527,Mislav Oršić,Complete,11.681182,100.0,39.3,104.2,28.4
3869684,2022-12-17,3rd Place Final,Morocco,1,17,24,Croatia,5456,Mateo Kovačić,5474,Ivan Perišić,Complete,27.765085,92.9,26.2,116.2,11.1
3869684,2022-12-17,3rd Place Final,Morocco,1,17,27,Croatia,5474,Ivan Perišić,5460,Andrej Kramarić,Complete,24.20124,116.2,11.1,111.3,34.8
3869684,2022-12-17,3rd Place Final,Morocco,1,17,50,Croatia,49337,Josip Stanišić,28914,Lovro Majer,Complete,10.748954,61.9,65.4,72.4,67.7
3869684,2022-12-17,3rd Place Final,Morocco,1,18,41,Croatia,16531,Dominik Livaković,37148,Josip Šutalo,Complete,7.955501,6.0,44.0,8.0,51.7
3869684,2022-12-17,3rd Place Final,Morocco,1,18,45,Croatia,37148,Josip Šutalo,49337,Josip Stanišić,Complete,13.685028,11.6,53.2,23.8,59.4
3869684,2022-12-17,3rd Place Final,Morocco,1,18,48,Croatia,49337,Josip Stanišić,28914,Lovro Majer,Complete,14.762791,23.6,58.8,37.3,64.3
3869684,2022-12-17,3rd Place Final,Morocco,1,18,49,Croatia,28914,Lovro Majer,49337,Josip Stanišić,Complete,13.37535,37.3,64.7,24.2,62.0
3869684,2022-12-17,3rd Place Final,Morocco,1,18,51,Croatia,49337,Josip Stanišić,37148,Josip Šutalo,Complete,12.790622,26.2,62.2,20.4,50.8
3869684,2022-12-17,3rd Place Final,Morocco,1,18,54,Croatia,37148,Josip Šutalo,5456,Mateo Kovačić,Complete,27.193565,22.3,50.4,33.0,25.4
3869684,2022-12-17,3rd Place Final,Morocco,1,19,0,Croatia,5456,Mateo Kovačić,49337,Josip Stanišić,Complete,27.128029,43.1,48.3,56.3,72.0
3869684,2022-12-17,3rd Place Final,Morocco,1,19,2,Croatia,49337,Josip Stanišić,28914,Lovro Majer,Incomplete,7.212489,56.3,72.0,63.2,69.9
3869684,2022-12-17,3rd Place Final,Morocco,1,19,4,Croatia,49337,Josip Stanišić,28914,Lovro Majer,Incomplete,2.879236,63.2,72.9,65.9,73.9
3869684,2022-12-17,3rd Place Final,Morocco,1,19,10,Croatia,37148,Josip Šutalo,5456,Mateo Kovačić,Complete,10.022474,47.3,65.8,45.2,56.0
3869684,2022-12-17,3rd Place Final,Morocco,1,19,12,Croatia,5456,Mateo Kovačić,5463,Luka Modrić,Complete,30.598366,44.8,55.3,50.3,25.2
3869684,2022-12-17,3rd Place Final,Morocco,1,19,16,Croatia,5463,Luka Modrić,5474,Ivan Perišić,Out,27.455418,55.2,17.3,76.6,0.1
3869684,2022-12-17,3rd Place Final,Morocco,1,20,23,Croatia,5474,Ivan Perišić,16531,Dominik Livaković,Complete,23.04886,16.3,8.7,1.3,26.2
3869684,2022-12-17,3rd Place Final,Morocco,1,20,30,Croatia,16531,Dominik Livaković,37148,Josip Šutalo,Complete,22.93687,11.2,24.3,12.5,47.2
3869684,2022-12-17,3rd Place Final,Morocco,1,20,33,Croatia,37148,Josip Šutalo,49337,Josip Stanišić,Complete,13.648809,13.7,50.0,23.2,59.8
3869684,2022-12-17,3rd Place Final,Morocco,1,20,37,Croatia,49337,Josip Stanišić,37148,Josip Šutalo,Complete,9.76934,30.4,61.1,26.6,52.1
3869684,2022-12-17,3rd Place Final,Morocco,1,20,39,Croatia,37148,Josip Šutalo,5463,Luka Modrić,Complete,32.73912,26.6,52.1,37.7,21.3
3869684,2022-12-17,3rd Place Final,Morocco,1,20,42,Croatia,5463,Luka Modrić,5474,Ivan Perišić,Complete,17.678236,37.7,21.3,44.3,4.9
3869684,2022-12-17,3rd Place Final,Morocco,1,20,46,Croatia,5474,Ivan Perišić,5463,Luka Modrić,Complete,9.093404,45.0,3.6,43.7,12.6
3869684,2022-12-17,3rd Place Final,Morocco,1,20,51,Croatia,5463,Luka Modrić,37148,Josip Šutalo,Complete,35.30354,49.3,17.9,48.8,53.2
3869684,2022-12-17,3rd Place Final,Morocco,1,20,53,Croatia,37148,Josip Šutalo,28914,Lovro Majer,Complete,23.054068,50.3,54.9,72.1,47.4
3869684,2022-12-17,3rd Place Final,Morocco,1,20,56,Croatia,28914,Lovro Majer,33018,Joško Gvardiol,Complete,30.097507,70.4,47.4,43.5,33.9
3869684,2022-12-17,3rd Place Final,Morocco,1,20,59,Croatia,33018,Joško Gvardiol,5456,Mateo Kovačić,Complete,9.4667845,45.2,30.3,50.1,22.2
3869684,2022-12-17,3rd Place Final,Morocco,1,21,1,Croatia,5456,Mateo Kovačić,28914,Lovro Majer,Complete,17.042593,50.1,22.2,65.5,29.5
3869684,2022-12-17,3rd Place Final,Morocco,1,21,4,Croatia,28914,Lovro Majer,5456,Mateo Kovačić,Complete,4.6840153,56.3,27.3,51.8,26.0
3869684,2022-12-17,3rd Place Final,Morocco,1,21,5,Croatia,5456,Mateo Kovačić,5463,Luka Modrić,Complete,22.917679,51.8,26.0,52.7,48.9
3869684,2022-12-17,3rd Place Final,Morocco,1,21,8,Croatia,5463,Luka Modrić,5456,Mateo Kovačić,Complete,16.475437,49.3,44.6,52.3,28.4
3869684,2022-12-17,3rd Place Final,Morocco,1,21,12,Croatia,5456,Mateo Kovačić,37148,Josip Šutalo,Complete,23.023466,55.9,35.7,52.7,58.5
3869684,2022-12-17,3rd Place Final,Morocco,1,21,16,Croatia,37148,Josip Šutalo,5463,Luka Modrić,Complete,12.241323,53.7,62.8,50.1,51.1
3869684,2022-12-17,3rd Place Final,Morocco,1,21,17,Croatia,5463,Luka Modrić,37148,Josip Šutalo,Complete,13.736084,50.1,51.5,46.3,64.7
3869684,2022-12-17,3rd Place Final,Morocco,1,21,19,Croatia,37148,Josip Šutalo,5456,Mateo Kovačić,Complete,22.361797,44.8,64.3,54.6,44.2
3869684,2022-12-17,3rd Place Final,Morocco,1,21,23,Croatia,5456,Mateo Kovačić,5474,Ivan Perišić,Out,61.227528,56.5,37.6,104.9,0.1
3869684,2022-12-17,3rd Place Final,Morocco,1,22,2,Croatia,5463,Luka Modrić,37148,Josip Šutalo,Complete,10.900458,44.8,65.0,34.7,60.9
3869684,2022-12-17,3rd Place Final,Morocco,1,22,3,Croatia,37148,Josip Šutalo,16531,Dominik Livaković,Complete,26.20706,31.3,57.9,7.8,46.3
3869684,2022-12-17,3rd Place Final,Morocco,1,22,7,Croatia,16531,Dominik Livaković,33018,Joško Gvardiol,Complete,19.589794,10.1,46.6,22.7,31.6
3869684,2022-12-17,3rd Place Final,Morocco,1,22,13,Croatia,33018,Joško Gvardiol,37148,Josip Šutalo,Complete,20.300985,31.1,26.9,30.9,47.2
3869684,2022-12-17,3rd Place Final,Morocco,1,22,16,Croatia,37148,Josip Šutalo,49337,Josip Stanišić,Complete,31.32922,31.7,51.3,56.3,70.7
3869684,2022-12-17,3rd Place Final,Morocco,1,22,20,Croatia,49337,Josip Stanišić,5463,Luka Modrić,Complete,17.09415,55.7,70.9,44.6,57.9
3869684,2022-12-17,3rd Place Final,Morocco,1,22,24,Croatia,5463,Luka Modrić,22041,Marko Livaja,Incomplete,29.351831,50.1,59.6,71.3,39.3
3869684,2022-12-17,3rd Place Final,Morocco,1,22,30,Croatia,33018,Joško Gvardiol,5463,Luka Modrić,Complete,14.325152,47.3,26.5,51.8,40.1
3869684,2022-12-17,3rd Place Final,Morocco,1,22,33,Croatia,5463,Luka Modrić,5474,Ivan Perišić,Complete,45.480217,53.7,37.4,83.1,2.7
3869684,2022-12-17,3rd Place Final,Morocco,1,22,47,Croatia,5474,Ivan Perišić,5456,Mateo Kovačić,Complete,15.743253,90.8,0.1,75.6,4.2
3869684,2022-12-17,3rd Place Final,Morocco,1,22,53,Croatia,5456,Mateo Kovačić,37148,Josip Šutalo,Complete,24.981594,67.2,15.3,61.0,39.5
3869684,2022-12-17,3rd Place Final,Morocco,1,22,59,Croatia,37148,Josip Šutalo,5456,Mateo Kovačić,Complete,8.825531,58.9,41.4,61.9,33.1
3869684,2022-12-17,3rd Place Final,Morocco,1,23,1,Croatia,5456,Mateo Kovačić,33018,Joško Gvardiol,Complete,22.418074,62.3,33.9,63.2,11.5
3869684,2022-12-17,3rd Place Final,Morocco,1,23,7,Croatia,33018,Joško Gvardiol,5474,Ivan Perišić,Complete,21.658485,71.9,11.1,91.6,2.1
3869684,2022-12-17,3rd Place Final,Morocco,1,23,9,Croatia,5474,Ivan Perišić,,,Incomplete,4.3011627,93.5,2.3,94.8,6.4
3869684,2022-12-17,3rd Place Final,Morocco,1,23,15,Croatia,5474,Ivan Perišić,22041,Marko Livaja,Incomplete,31.705677,111.9,14.9,111.3,46.6
3869684,2022-12-17,3rd Place Final,Morocco,1,23,20,Croatia,28914,Lovro Majer,5463,Luka Modrić,Complete,9.27847,106.9,55.6,98.9,50.9
3869684,2022-12-17,3rd Place Final,Morocco,1,24,0,Croatia,5474,Ivan Perišić,5456,Mateo Kovačić,Complete,6.512296,84.3,4.6,90.8,4.2
3869684,2022-12-17,3rd Place Final,Morocco,1,24,1,Croatia,5456,Mateo Kovačić,5463,Luka Modrić,Complete,12.379418,90.3,4.2,81.8,13.2
3869684,2022-12-17,3rd Place Final,Morocco,1,24,4,Croatia,5463,Luka Modrić,28914,Lovro Majer,Complete,17.456804,87.5,21.1,81.8,37.6
3869684,2022-12-17,3rd Place Final,Morocco,1,24,59,Croatia,22041,Marko Livaja,28914,Lovro Majer,Complete,9.2,87.5,63.9,87.5,54.7
3869684,2022-12-17,3rd Place Final,Morocco,1,25,48,Croatia,28914,Lovro Majer,5474,Ivan Perišić,Pass Offside,28.582863,91.6,71.6,104.9,46.3
3869684,2022-12-17,3rd Place Final,Morocco,1,26,37,Croatia,37148,Josip Šutalo,33018,Joško Gvardiol,Complete,19.58622,51.4,62.2,34.5,52.3
3869684,2022-12-17,3rd Place Final,Morocco,1,26,41,Croatia,33018,Joško Gvardiol,5474,Ivan Perišić,Complete,24.207438,34.5,50.0,35.1,25.8
3869684,2022-12-17,3rd Place Final,Morocco,1,26,43,Croatia,5474,Ivan Perišić,33018,Joško Gvardiol,Complete,11.810589,35.1,25.8,40.1,36.5
3869684,2022-12-17,3rd Place Final,Morocco,1,26,46,Croatia,33018,Joško Gvardiol,37148,Josip Šutalo,Complete,22.945152,41.1,39.1,46.9,61.3
3869684,2022-12-17,3rd Place Final,Morocco,1,26,48,Croatia,37148,Josip Šutalo,33018,Joško Gvardiol,Complete,17.217724,47.5,60.5,39.8,45.1
3869684,2022-12-17,3rd Place Final,Morocco,1,26,54,Croatia,33018,Joško Gvardiol,37148,Josip Šutalo,Complete,16.362457,46.7,42.1,49.0,58.3
3869684,2022-12-17,3rd Place Final,Morocco,1,26,57,Croatia,37148,Josip Šutalo,33018,Joško Gvardiol,Complete,13.519245,49.5,53.4,44.6,40.8
3869684,2022-12-17,3rd Place Final,Morocco,1,27,6,Croatia,33018,Joško Gvardiol,37148,Josip Šutalo,Complete,16.966438,48.0,38.9,49.5,55.8
3869684,2022-12-17,3rd Place Final,Morocco,1,27,9,Croatia,37148,Josip Šutalo,5456,Mateo Kovačić,Complete,12.228655,49.5,55.8,57.2,46.3
3869684,2022-12-17,3rd Place Final,Morocco,1,27,11,Croatia,5456,Mateo Kovačić,49337,Josip Stanišić,Complete,12.788276,57.6,55.5,56.1,68.2
3869684,2022-12-17,3rd Place Final,Morocco,1,27,13,Croatia,49337,Josip Stanišić,37148,Josip Šutalo,Complete,18.67244,56.1,68.2,39.0,60.7
3869684,2022-12-17,3rd Place Final,Morocco,1,27,15,Croatia,37148,Josip Šutalo,33018,Joško Gvardiol,Complete,24.083189,39.6,59.2,41.6,35.2
3869684,2022-12-17,3rd Place Final,Morocco,1,27,19,Croatia,33018,Joško Gvardiol,22041,Marko Livaja,Out,74.263115,46.9,34.4,105.9,79.5
3869684,2022-12-17,3rd Place Final,Morocco,1,27,44,Croatia,33018,Joško Gvardiol,28914,Lovro Majer,Incomplete,19.912308,62.9,67.5,82.2,62.6
3869684,2022-12-17,3rd Place Final,Morocco,1,28,5,Croatia,5463,Luka Modrić,33018,Joško Gvardiol,Complete,23.760681,58.7,68.2,44.3,49.3
3869684,2022-12-17,3rd Place Final,Morocco,1,28,7,Croatia,33018,Joško Gvardiol,37148,Josip Šutalo,Complete,9.183137,44.8,49.8,50.5,57.0
3869684,2022-12-17,3rd Place Final,Morocco,1,28,9,Croatia,37148,Josip Šutalo,5463,Luka Modrić,Complete,7.427651,50.5,57.5,55.9,62.6
3869684,2022-12-17,3rd Place Final,Morocco,1,28,12,Croatia,5463,Luka Modrić,5456,Mateo Kovačić,Complete,17.238619,55.9,62.6,52.5,45.7
3869684,2022-12-17,3rd Place Final,Morocco,1,28,17,Croatia,5456,Mateo Kovačić,28914,Lovro Majer,Complete,26.428205,55.5,43.1,80.9,50.4
3869684,2022-12-17,3rd Place Final,Morocco,1,28,18,Croatia,28914,Lovro Majer,5460,Andrej Kramarić,Incomplete,15.8,80.9,50.4,80.9,34.6
3869684,2022-12-17,3rd Place Final,Morocco,1,28,52,Croatia,49337,Josip Stanišić,37148,Josip Šutalo,Complete,18.852057,22.9,80.0,10.5,65.8
3869684,2022-12-17,3rd Place Final,Morocco,1,28,55,Croatia,37148,Josip Šutalo,33018,Joško Gvardiol,Complete,23.380547,8.4,62.2,14.0,39.5
3869684,2022-12-17,3rd Place Final,Morocco,1,28,59,Croatia,33018,Joško Gvardiol,5474,Ivan Perišić,Complete,23.389315,12.9,28.0,26.4,8.9
3869684,2022-12-17,3rd Place Final,Morocco,1,29,2,Croatia,5474,Ivan Perišić,33018,Joško Gvardiol,Complete,11.727319,27.2,8.3,26.4,20.0
3869684,2022-12-17,3rd Place Final,Morocco,1,29,6,Croatia,33018,Joško Gvardiol,5456,Mateo Kovačić,Complete,12.95222,31.3,21.8,43.9,18.8
3869684,2022-12-17,3rd Place Final,Morocco,1,29,12,Croatia,5456,Mateo Kovačić,5460,Andrej Kramarić,Incomplete,24.972986,64.9,39.7,82.0,21.5
3869684,2022-12-17,3rd Place Final,Morocco,1,29,21,Croatia,5474,Ivan Perišić,16527,Mislav Oršić,Complete,10.492378,72.1,9.1,81.8,5.1
3869684,2022-12-17,3rd Place Final,Morocco,1,29,26,Croatia,16527,Mislav Oršić,5474,Ivan Perišić,Complete,6.747592,106.4,6.4,101.2,2.1
3869684,2022-12-17,3rd Place Final,Morocco,1,29,27,Croatia,5474,Ivan Perišić,16527,Mislav Oršić,Pass Offside,7.91012,102.5,3.4,110.4,3.8
3869684,2022-12-17,3rd Place Final,Morocco,1,30,26,Croatia,49337,Josip Stanišić,37148,Josip Šutalo,Complete,14.445068,32.4,80.0,25.9,67.1
3869684,2022-12-17,3rd Place Final,Morocco,1,30,29,Croatia,37148,Josip Šutalo,33018,Joško Gvardiol,Complete,17.9,27.2,64.5,27.2,46.6
3869684,2022-12-17,3rd Place Final,Morocco,1,30,30,Croatia,33018,Joško Gvardiol,5463,Luka Modrić,Complete,12.034118,27.7,47.0,36.6,55.1
3869684,2022-12-17,3rd Place Final,Morocco,1,30,33,Croatia,5463,Luka Modrić,5474,Ivan Perišić,Complete,54.664158,33.4,48.9,62.3,2.5
3869684,2022-12-17,3rd Place Final,Morocco,1,30,40,Croatia,5474,Ivan Perišić,16527,Mislav Oršić,Complete,9.84124,85.8,4.2,76.0,5.1
3869684,2022-12-17,3rd Place Final,Morocco,1,30,42,Croatia,16527,Mislav Oršić,5456,Mateo Kovačić,Complete,6.8154235,74.3,6.1,67.7,7.8
3869684,2022-12-17,3rd Place Final,Morocco,1,30,44,Croatia,5456,Mateo Kovačić,22041,Marko Livaja,Out,52.946198,68.7,10.6,120.0,23.7
3869684,2022-12-17,3rd Place Final,Morocco,1,31,14,Croatia,33018,Joško Gvardiol,49337,Josip Stanišić,Complete,16.949926,40.3,37.6,39.0,54.5
3869684,2022-12-17,3rd Place Final,Morocco,1,31,20,Croatia,49337,Josip Stanišić,37148,Josip Šutalo,Complete,10.6004715,42.8,60.9,33.4,56.0
3869684,2022-12-17,3rd Place Final,Morocco,1,31,22,Croatia,37148,Josip Šutalo,33018,Joško Gvardiol,Complete,23.725513,33.2,54.9,32.1,31.2
3869684,2022-12-17,3rd Place Final,Morocco,1,31,25,Croatia,33018,Joško Gvardiol,5474,Ivan Perišić,Complete,17.270206,33.9,25.4,39.0,8.9
3869684,2022-12-17,3rd Place Final,Morocco,1,31,28,Croatia,5474,Ivan Perišić,5456,Mateo Kovačić,Complete,6.9526973,39.6,10.0,44.1,15.3
3869684,2022-12-17,3rd Place Final,Morocco,1,31,31,Croatia,5456,Mateo Kovačić,5463,Luka Modrić,Complete,22.42164,45.6,17.9,52.9,39.1
3869684,2022-12-17,3rd Place Final,Morocco,1,31,37,Croatia,5463,Luka Modrić,5460,Andrej Kramarić,Incomplete,17.678518,52.0,25.0,68.7,19.2
3869684,2022-12-17,3rd Place Final,Morocco,1,32,57,Croatia,16531,Dominik Livaković,33018,Joško Gvardiol,Complete,35.02756,6.0,44.0,29.8,18.3
3869684,2022-12-17,3rd Place Final,Morocco,1,32,59,Croatia,33018,Joško Gvardiol,16527,Mislav Oršić,Complete,53.773598,28.7,18.5,80.1,2.7
3869684,2022-12-17,3rd Place Final,Morocco,1,33,6,Croatia,16527,Mislav Oršić,5474,Ivan Perišić,Complete,13.018832,81.1,5.7,68.1,6.4
3869684,2022-12-17,3rd Place Final,Morocco,1,33,8,Croatia,5474,Ivan Perišić,5456,Mateo Kovačić,Complete,6.0671244,68.3,8.1,67.4,14.1
3869684,2022-12-17,3rd Place Final,Morocco,1,33,11,Croatia,5456,Mateo Kovačić,5463,Luka Modrić,Complete,17.126879,67.2,18.3,63.4,35.0
3869684,2022-12-17,3rd Place Final,Morocco,1,33,12,Croatia,5463,Luka Modrić,5456,Mateo Kovačić,Complete,10.062305,63.4,35.0,67.9,26.0
3869684,2022-12-17,3rd Place Final,Morocco,1,33,14,Croatia,5456,Mateo Kovačić,28914,Lovro Majer,Complete,12.903488,67.9,26.0,75.4,36.5
3869684,2022-12-17,3rd Place Final,Morocco,1,33,15,Croatia,28914,Lovro Majer,5456,Mateo Kovačić,Complete,12.780063,75.4,36.9,67.7,26.7
3869684,2022-12-17,3rd Place Final,Morocco,1,33,17,Croatia,5456,Mateo Kovačić,37148,Josip Šutalo,Complete,30.001667,63.8,28.8,56.5,57.9
3869684,2022-12-17,3rd Place Final,Morocco,1,33,21,Croatia,37148,Josip Šutalo,5456,Mateo Kovačić,Incomplete,24.879309,56.1,58.8,75.4,43.1
3869684,2022-12-17,3rd Place Final,Morocco,1,34,4,Croatia,28914,Lovro Majer,37148,Josip Šutalo,Complete,11.401754,10.1,63.7,9.9,52.3
3869684,2022-12-17,3rd Place Final,Morocco,1,34,5,Croatia,37148,Josip Šutalo,,,Out,35.4938,9.9,52.3,33.4,78.9
3869684,2022-12-17,3rd Place Final,Morocco,1,36,35,Croatia,16531,Dominik Livaković,5456,Mateo Kovačić,Complete,19.166899,6.0,36.0,25.1,34.4
3869684,2022-12-17,3rd Place Final,Morocco,1,36,42,Croatia,5456,Mateo Kovačić,5463,Luka Modrić,Complete,12.020815,42.6,26.5,40.9,38.4
3869684,2022-12-17,3rd Place Final,Morocco,1,36,44,Croatia,5463,Luka Modrić,5456,Mateo Kovačić,Complete,11.331814,40.5,39.9,45.0,29.5
3869684,2022-12-17,3rd Place Final,Morocco,1,36,47,Croatia,5456,Mateo Kovačić,5474,Ivan Perišić,Complete,44.43152,44.6,28.8,81.6,4.2
3869684,2022-12-17,3rd Place Final,Morocco,1,36,52,Croatia,5474,Ivan Perišić,5456,Mateo Kovačić,Complete,12.580143,79.4,4.2,67.9,9.3
3869684,2022-12-17,3rd Place Final,Morocco,1,36,55,Croatia,5456,Mateo Kovačić,5463,Luka Modrić,Complete,9.080198,65.5,11.9,70.9,19.2
3869684,2022-12-17,3rd Place Final,Morocco,1,36,56,Croatia,5463,Luka Modrić,5456,Mateo Kovačić,Complete,7.427651,70.9,19.2,65.5,14.1
3869684,2022-12-17,3rd Place Final,Morocco,1,36,58,Croatia,5456,Mateo Kovačić,37148,Josip Šutalo,Complete,29.541159,66.2,14.9,57.4,43.1
3869684,2022-12-17,3rd Place Final,Morocco,1,37,4,Croatia,37148,Josip Šutalo,5463,Luka Modrić,Complete,14.751271,64.0,49.8,54.4,38.6
3869684,2022-12-17,3rd Place Final,Morocco,1,37,5,Croatia,5463,Luka Modrić,33018,Joško Gvardiol,Complete,15.84929,54.6,37.6,57.4,22.0
3869684,2022-12-17,3rd Place Final,Morocco,1,37,9,Croatia,33018,Joško Gvardiol,5456,Mateo Kovačić,Complete,10.688779,59.1,18.5,68.7,23.2
3869684,2022-12-17,3rd Place Final,Morocco,1,37,11,Croatia,5456,Mateo Kovačić,37148,Josip Šutalo,Complete,26.342741,67.7,24.1,54.0,46.6
3869684,2022-12-17,3rd Place Final,Morocco,1,37,14,Croatia,37148,Josip Šutalo,28914,Lovro Majer,Incomplete,11.840608,54.8,54.1,66.2,57.3
3869684,2022-12-17,3rd Place Final,Morocco,1,37,23,Croatia,49337,Josip Stanišić,37148,Josip Šutalo,Complete,23.480417,68.1,80.0,47.8,68.2
3869684,2022-12-17,3rd Place Final,Morocco,1,37,25,Croatia,37148,Josip Šutalo,16531,Dominik Livaković,Complete,47.417507,45.6,65.6,13.5,30.7
3869684,2022-12-17,3rd Place Final,Morocco,1,37,31,Croatia,16531,Dominik Livaković,33018,Joško Gvardiol,Complete,18.6,12.7,27.3,31.3,27.3
3869684,2022-12-17,3rd Place Final,Morocco,1,37,33,Croatia,33018,Joško Gvardiol,37148,Josip Šutalo,Complete,27.024803,33.0,26.9,38.3,53.4
3869684,2022-12-17,3rd Place Final,Morocco,1,37,36,Croatia,37148,Josip Šutalo,5463,Luka Modrić,Complete,4.88467,39.4,57.5,43.9,59.4
3869684,2022-12-17,3rd Place Final,Morocco,1,37,39,Croatia,5463,Luka Modrić,33018,Joško Gvardiol,Complete,33.5872,43.7,57.7,32.6,26.0
3869684,2022-12-17,3rd Place Final,Morocco,1,37,43,Croatia,33018,Joško Gvardiol,5456,Mateo Kovačić,Complete,22.777182,34.1,30.1,55.9,36.7
3869684,2022-12-17,3rd Place Final,Morocco,1,37,46,Croatia,5456,Mateo Kovačić,5474,Ivan Perišić,Complete,68.302925,55.0,36.5,117.3,8.5
3869684,2022-12-17,3rd Place Final,Morocco,1,37,59,Croatia,5474,Ivan Perišić,5456,Mateo Kovačić,Complete,31.277628,111.1,0.1,81.3,9.6
3869684,2022-12-17,3rd Place Final,Morocco,1,38,3,Croatia,5456,Mateo Kovačić,5463,Luka Modrić,Complete,7.6609397,80.9,10.8,74.7,15.3
3869684,2022-12-17,3rd Place Final,Morocco,1,38,7,Croatia,5463,Luka Modrić,5456,Mateo Kovačić,Complete,6.742403,86.0,9.6,80.5,5.7
3869684,2022-12-17,3rd Place Final,Morocco,1,38,10,Croatia,5456,Mateo Kovačić,33018,Joško Gvardiol,Complete,18.647251,80.5,5.7,68.9,20.3
3869684,2022-12-17,3rd Place Final,Morocco,1,38,13,Croatia,33018,Joško Gvardiol,5456,Mateo Kovačić,Complete,10.567876,68.7,23.7,73.9,14.5
3869684,2022-12-17,3rd Place Final,Morocco,1,38,15,Croatia,5456,Mateo Kovačić,16527,Mislav Oršić,Complete,19.734234,73.9,14.5,92.7,20.5
3869684,2022-12-17,3rd Place Final,Morocco,1,38,16,Croatia,16527,Mislav Oršić,5463,Luka Modrić,Complete,19.97248,92.7,21.5,112.6,19.8
3869684,2022-12-17,3rd Place Final,Morocco,1,38,19,Croatia,5463,Luka Modrić,,,Incomplete,5.4424257,111.9,21.1,110.0,26.2
3869684,2022-12-17,3rd Place Final,Morocco,1,38,24,Croatia,5474,Ivan Perišić,,,Incomplete,38.912853,87.5,4.4,108.9,36.9
3869684,2022-12-17,3rd Place Final,Morocco,1,38,28,Croatia,33018,Joško Gvardiol,5456,Mateo Kovačić,Complete,7.44043,68.1,18.5,74.1,14.1
3869684,2022-12-17,3rd Place Final,Morocco,1,38,34,Croatia,5456,Mateo Kovačić,28914,Lovro Majer,Complete,58.766403,73.9,19.2,94.6,74.2
3869684,2022-12-17,3rd Place Final,Morocco,1,38,38,Croatia,28914,Lovro Majer,49337,Josip Stanišić,Complete,19.86001,94.0,73.1,111.1,63.0
3869684,2022-12-17,3rd Place Final,Morocco,1,38,40,Croatia,49337,Josip Stanišić,,,Incomplete,2.9966648,111.7,64.7,110.4,62.0
3869684,2022-12-17,3rd Place Final,Morocco,1,40,1,Croatia,16531,Dominik Livaković,5456,Mateo Kovačić,Complete,35.10128,6.0,36.0,33.9,14.7
3869684,2022-12-17,3rd Place Final,Morocco,1,40,4,Croatia,5456,Mateo Kovačić,33018,Joško Gvardiol,Complete,9.693296,37.7,14.7,34.1,23.7
3869684,2022-12-17,3rd Place Final,Morocco,1,40,7,Croatia,33018,Joško Gvardiol,5456,Mateo Kovačić,Complete,14.124093,34.1,23.7,45.6,15.5
3869684,2022-12-17,3rd Place Final,Morocco,1,40,12,Croatia,5456,Mateo Kovačić,37148,Josip Šutalo,Complete,25.424398,54.2,35.0,48.6,59.8
3869684,2022-12-17,3rd Place Final,Morocco,1,40,16,Croatia,37148,Josip Šutalo,49337,Josip Stanišić,Complete,24.8129,49.3,60.7,74.1,61.5
3869684,2022-12-17,3rd Place Final,Morocco,1,40,17,Croatia,49337,Josip Stanišić,28914,Lovro Majer,Complete,13.408206,74.1,61.5,69.8,74.2
3869684,2022-12-17,3rd Place Final,Morocco,1,40,18,Croatia,28914,Lovro Majer,37148,Josip Šutalo,Complete,20.169283,70.9,76.8,52.3,69.0
3869684,2022-12-17,3rd Place Final,Morocco,1,40,21,Croatia,37148,Josip Šutalo,33018,Joško Gvardiol,Complete,29.752312,52.2,69.0,44.0,40.4
3869684,2022-12-17,3rd Place Final,Morocco,1,40,25,Croatia,33018,Joško Gvardiol,37148,Josip Šutalo,Complete,18.258423,44.4,40.9,50.8,58.0
3869684,2022-12-17,3rd Place Final,Morocco,1,40,27,Croatia,37148,Josip Šutalo,16527,Mislav Oršić,Complete,69.00471,55.2,61.8,93.5,4.4
3869684,2022-12-17,3rd Place Final,Morocco,1,40,57,Croatia,16531,Dominik Livaković,37148,Josip Šutalo,Complete,12.712985,10.8,51.9,22.9,55.8
3869684,2022-12-17,3rd Place Final,Morocco,1,41,1,Croatia,37148,Josip Šutalo,5463,Luka Modrić,Complete,14.916434,24.0,55.5,37.7,49.6
3869684,2022-12-17,3rd Place Final,Morocco,1,41,2,Croatia,5463,Luka Modrić,33018,Joško Gvardiol,Complete,16.86683,37.9,47.8,27.4,34.6
3869684,2022-12-17,3rd Place Final,Morocco,1,41,8,Croatia,33018,Joško Gvardiol,5456,Mateo Kovačić,Complete,13.314653,44.8,17.0,52.0,28.2
3869684,2022-12-17,3rd Place Final,Morocco,1,41,12,Croatia,5456,Mateo Kovačić,28914,Lovro Majer,Complete,20.61771,51.6,27.5,72.1,29.7
3869684,2022-12-17,3rd Place Final,Morocco,1,41,15,Croatia,28914,Lovro Majer,33018,Joško Gvardiol,Complete,14.98032,68.7,22.8,57.2,13.2
3869684,2022-12-17,3rd Place Final,Morocco,1,41,17,Croatia,33018,Joško Gvardiol,5460,Andrej Kramarić,Complete,17.724842,58.0,11.7,75.6,13.8
3869684,2022-12-17,3rd Place Final,Morocco,1,41,19,Croatia,5460,Andrej Kramarić,5474,Ivan Perišić,Complete,9.368031,73.9,11.9,64.9,14.5
3869684,2022-12-17,3rd Place Final,Morocco,1,41,21,Croatia,5474,Ivan Perišić,5456,Mateo Kovačić,Complete,8.13941,64.7,14.9,56.7,16.4
3869684,2022-12-17,3rd Place Final,Morocco,1,41,23,Croatia,5456,Mateo Kovačić,33018,Joško Gvardiol,Complete,11.031773,56.3,17.3,58.0,6.4
3869684,2022-12-17,3rd Place Final,Morocco,1,41,25,Croatia,33018,Joško Gvardiol,22041,Marko Livaja,Complete,46.753075,57.6,6.8,100.0,26.5
3869684,2022-12-17,3rd Place Final,Morocco,1,41,29,Croatia,22041,Marko Livaja,28914,Lovro Majer,Complete,8.1939,98.5,24.1,95.2,31.6
3869684,2022-12-17,3rd Place Final,Morocco,1,41,31,Croatia,28914,Lovro Majer,49337,Josip Stanišić,Complete,16.776472,97.4,38.4,105.3,53.2
3869684,2022-12-17,3rd Place Final,Morocco,1,41,34,Croatia,49337,Josip Stanišić,28914,Lovro Majer,Complete,7.0092797,108.5,53.0,101.7,51.3
3869684,2022-12-17,3rd Place Final,Morocco,1,41,36,Croatia,28914,Lovro Majer,,,Incomplete,3.88973,99.5,49.3,103.2,48.1
3869684,2022-12-17,3rd Place Final,Morocco,1,41,38,Croatia,5456,Mateo Kovačić,22041,Marko Livaja,Complete,11.66919,93.1,36.1,96.7,25.0
3869684,2022-12-17,3rd Place Final,Morocco,1,41,41,Croatia,22041,Marko Livaja,16527,Mislav Oršić,Complete,6.43506,101.9,25.8,106.5,21.3
3869684,2022-12-17,3rd Place Final,Morocco,1,43,23,Croatia,33018,Joško Gvardiol,16527,Mislav Oršić,Complete,17.383326,41.8,51.3,52.5,37.6
3869684,2022-12-17,3rd Place Final,Morocco,1,43,24,Croatia,16527,Mislav Oršić,5474,Ivan Perišić,Complete,14.354442,52.5,37.6,39.2,32.2
3869684,2022-12-17,3rd Place Final,Morocco,1,43,27,Croatia,5474,Ivan Perišić,5456,Mateo Kovačić,Complete,8.420214,38.8,39.9,43.9,46.6
3869684,2022-12-17,3rd Place Final,Morocco,1,43,29,Croatia,5456,Mateo Kovačić,5463,Luka Modrić,Complete,11.607756,43.5,47.6,48.0,58.3
3869684,2022-12-17,3rd Place Final,Morocco,1,43,34,Croatia,5463,Luka Modrić,16527,Mislav Oršić,Complete,62.577713,64.0,60.0,93.1,4.6
3869684,2022-12-17,3rd Place Final,Morocco,1,43,38,Croatia,16527,Mislav Oršić,5474,Ivan Perišić,Incomplete,18.0801,92.3,2.7,74.3,1.0
3869684,2022-12-17,3rd Place Final,Morocco,1,43,47,Croatia,5474,Ivan Perišić,22041,Marko Livaja,Complete,21.85635,85.6,7.6,99.7,24.3
3869684,2022-12-17,3rd Place Final,Morocco,1,44,27,Croatia,5474,Ivan Perišić,33018,Joško Gvardiol,Complete,20.396078,65.9,0.1,47.5,8.9
3869684,2022-12-17,3rd Place Final,Morocco,1,44,30,Croatia,33018,Joško Gvardiol,5456,Mateo Kovačić,Complete,13.113733,43.9,11.7,57.0,12.3
3869684,2022-12-17,3rd Place Final,Morocco,1,44,35,Croatia,5456,Mateo Kovačić,16527,Mislav Oršić,Complete,16.006561,56.3,13.0,69.8,4.4
3869684,2022-12-17,3rd Place Final,Morocco,1,44,36,Croatia,16527,Mislav Oršić,5474,Ivan Perišić,Complete,11.981652,69.2,4.9,57.6,1.9
3869684,2022-12-17,3rd Place Final,Morocco,1,44,38,Croatia,5474,Ivan Perišić,33018,Joško Gvardiol,Complete,16.171888,57.4,3.1,44.1,12.3
3869684,2022-12-17,3rd Place Final,Morocco,1,44,43,Croatia,33018,Joško Gvardiol,5456,Mateo Kovačić,Complete,9.693296,39.6,19.4,48.6,15.8
3869684,2022-12-17,3rd Place Final,Morocco,1,44,46,Croatia,5456,Mateo Kovačić,5474,Ivan Perišić,Complete,18.65315,49.9,12.3,66.4,3.6
3869684,2022-12-17,3rd Place Final,Morocco,1,44,49,Croatia,5474,Ivan Perišić,5456,Mateo Kovačić,Complete,14.43468,67.9,3.6,53.5,4.6
3869684,2022-12-17,3rd Place Final,Morocco,1,44,53,Croatia,5456,Mateo Kovačić,33018,Joško Gvardiol,Complete,16.33677,51.6,5.5,38.1,14.7
3869684,2022-12-17,3rd Place Final,Morocco,1,44,55,Croatia,33018,Joško Gvardiol,5463,Luka Modrić,Complete,9.701547,37.7,18.1,47.1,20.5
3869684,2022-12-17,3rd Place Final,Morocco,1,44,56,Croatia,5463,Luka Modrić,33018,Joško Gvardiol,Complete,10.754069,46.5,21.5,36.6,17.3
3869684,2022-12-17,3rd Place Final,Morocco,1,45,2,Croatia,33018,Joško Gvardiol,5463,Luka Modrić,Complete,7.7801027,36.6,17.7,42.8,22.4
3869684,2022-12-17,3rd Place Final,Morocco,1,45,7,Croatia,5463,Luka Modrić,16527,Mislav Oršić,Complete,19.382982,45.8,18.1,64.7,13.8
3869684,2022-12-17,3rd Place Final,Morocco,1,45,59,Croatia,16531,Dominik Livaković,37148,Josip Šutalo,Complete,13.118308,9.3,39.5,14.6,51.5
3869684,2022-12-17,3rd Place Final,Morocco,1,46,4,Croatia,37148,Josip Šutalo,33018,Joško Gvardiol,Complete,24.146635,19.3,52.3,20.8,28.2
3869684,2022-12-17,3rd Place Final,Morocco,1,46,8,Croatia,33018,Joško Gvardiol,37148,Josip Šutalo,Complete,27.40292,26.8,25.2,27.2,52.6
3869684,2022-12-17,3rd Place Final,Morocco,1,46,12,Croatia,37148,Josip Šutalo,49337,Josip Stanišić,Complete,13.731715,33.6,51.3,36.6,64.7
3869684,2022-12-17,3rd Place Final,Morocco,1,46,14,Croatia,49337,Josip Stanišić,37148,Josip Šutalo,Complete,14.840486,37.1,65.0,25.3,56.0
3869684,2022-12-17,3rd Place Final,Morocco,1,46,16,Croatia,37148,Josip Šutalo,33018,Joško Gvardiol,Complete,29.006378,26.2,53.4,32.1,25.0
3869684,2022-12-17,3rd Place Final,Morocco,1,46,23,Croatia,33018,Joško Gvardiol,37148,Josip Šutalo,Complete,19.300259,46.5,17.3,39.8,35.4
3869684,2022-12-17,3rd Place Final,Morocco,1,46,25,Croatia,37148,Josip Šutalo,5456,Mateo Kovačić,Complete,27.613403,41.6,36.3,56.1,12.8
3869684,2022-12-17,3rd Place Final,Morocco,1,46,29,Croatia,5456,Mateo Kovačić,22041,Marko Livaja,Incomplete,35.953583,58.7,13.0,91.6,27.5
3869684,2022-12-17,3rd Place Final,Morocco,2,45,21,Croatia,49337,Josip Stanišić,5460,Andrej Kramarić,Complete,13.42386,44.4,69.6,56.2,76.0
3869684,2022-12-17,3rd Place Final,Morocco,2,45,25,Croatia,5460,Andrej Kramarić,37148,Josip Šutalo,Complete,18.970766,45.9,78.9,27.4,74.7
3869684,2022-12-17,3rd Place Final,Morocco,2,45,29,Croatia,37148,Josip Šutalo,16531,Dominik Livaković,Complete,28.469107,21.0,64.0,4.5,40.8
3869684,2022-12-17,3rd Place Final,Morocco,2,45,34,Croatia,16531,Dominik Livaković,5474,Ivan Perišić,Complete,20.59126,6.3,42.5,14.7,23.7
3869684,2022-12-17,3rd Place Final,Morocco,2,45,38,Croatia,5474,Ivan Perišić,33018,Joško Gvardiol,Complete,10.198039,15.9,23.9,22.7,31.5
3869684,2022-12-17,3rd Place Final,Morocco,2,45,41,Croatia,33018,Joško Gvardiol,37148,Josip Šutalo,Complete,29.712791,17.2,33.5,21.5,62.9
3869684,2022-12-17,3rd Place Final,Morocco,2,45,45,Croatia,37148,Josip Šutalo,5463,Luka Modrić,Complete,15.210852,27.2,67.3,38.3,56.9
3869684,2022-12-17,3rd Place Final,Morocco,2,45,46,Croatia,5463,Luka Modrić,37148,Josip Šutalo,Complete,12.701181,38.8,57.7,27.4,63.3
3869684,2022-12-17,3rd Place Final,Morocco,2,45,47,Croatia,37148,Josip Šutalo,33018,Joško Gvardiol,Complete,30.372684,27.2,63.1,25.1,32.8
3869684,2022-12-17,3rd Place Final,Morocco,2,45,54,Croatia,33018,Joško Gvardiol,5456,Mateo Kovačić,Complete,10.462314,26.5,31.4,35.0,37.5
3869684,2022-12-17,3rd Place Final,Morocco,2,45,55,Croatia,5456,Mateo Kovačić,37148,Josip Šutalo,Complete,23.963305,35.0,37.1,29.0,60.3
3869684,2022-12-17,3rd Place Final,Morocco,2,45,58,Croatia,37148,Josip Šutalo,28914,Lovro Majer,Complete,17.11286,36.1,61.8,52.2,67.6
3869684,2022-12-17,3rd Place Final,Morocco,2,45,59,Croatia,28914,Lovro Majer,5463,Luka Modrić,Complete,11.415778,52.2,67.6,51.6,56.2
3869684,2022-12-17,3rd Place Final,Morocco,2,46,14,Croatia,5463,Luka Modrić,5474,Ivan Perišić,Complete,52.300095,68.5,48.9,93.2,2.8
3869684,2022-12-17,3rd Place Final,Morocco,2,46,18,Croatia,5474,Ivan Perišić,16527,Mislav Oršić,Complete,9.192389,99.6,3.9,93.1,10.4
3869684,2022-12-17,3rd Place Final,Morocco,2,47,0,Croatia,5463,Luka Modrić,,,Incomplete,35.74353,120.0,0.1,116.8,35.7
3869684,2022-12-17,3rd Place Final,Morocco,2,47,22,Croatia,5463,Luka Modrić,,,Incomplete,29.268414,120.0,0.1,118.0,29.3
3869684,2022-12-17,3rd Place Final,Morocco,2,47,27,Croatia,16527,Mislav Oršić,22041,Marko Livaja,Incomplete,27.821035,79.1,31.9,104.2,43.9
3869684,2022-12-17,3rd Place Final,Morocco,2,48,12,Croatia,16531,Dominik Livaković,33018,Joško Gvardiol,Complete,18.555862,6.9,45.1,9.3,26.7
3869684,2022-12-17,3rd Place Final,Morocco,2,48,17,Croatia,33018,Joško Gvardiol,37148,Josip Šutalo,Complete,29.831694,13.7,27.3,16.5,57.0
3869684,2022-12-17,3rd Place Final,Morocco,2,48,20,Croatia,37148,Josip Šutalo,16531,Dominik Livaković,Complete,19.443508,17.5,57.0,6.9,40.7
3869684,2022-12-17,3rd Place Final,Morocco,2,48,22,Croatia,16531,Dominik Livaković,33018,Joško Gvardiol,Complete,19.961964,6.7,40.7,14.9,22.5
3869684,2022-12-17,3rd Place Final,Morocco,2,48,25,Croatia,33018,Joško Gvardiol,5456,Mateo Kovačić,Complete,13.224598,15.9,17.4,25.1,26.9
3869684,2022-12-17,3rd Place Final,Morocco,2,48,26,Croatia,5456,Mateo Kovačić,16531,Dominik Livaković,Complete,23.054068,25.5,26.9,3.7,34.4
3869684,2022-12-17,3rd Place Final,Morocco,2,48,28,Croatia,16531,Dominik Livaković,22041,Marko Livaja,Incomplete,47.395042,3.5,34.9,50.8,31.9
3869684,2022-12-17,3rd Place Final,Morocco,2,48,38,Croatia,28914,Lovro Majer,22041,Marko Livaja,Complete,21.095022,34.0,16.9,49.6,31.1
3869684,2022-12-17,3rd Place Final,Morocco,2,48,40,Croatia,22041,Marko Livaja,16527,Mislav Oršić,Complete,28.662344,45.8,31.9,61.0,7.6
3869684,2022-12-17,3rd Place Final,Morocco,2,48,51,Croatia,16531,Dominik Livaković,37148,Josip Šutalo,Complete,17.531685,14.4,36.1,22.4,51.7
3869684,2022-12-17,3rd Place Final,Morocco,2,48,53,Croatia,37148,Josip Šutalo,5463,Luka Modrić,Complete,9.364828,22.4,51.7,31.7,50.6
3869684,2022-12-17,3rd Place Final,Morocco,2,48,58,Croatia,5463,Luka Modrić,49337,Josip Stanišić,Complete,25.160286,43.8,66.4,66.8,76.6
3869684,2022-12-17,3rd Place Final,Morocco,2,49,1,Croatia,49337,Josip Stanišić,5463,Luka Modrić,Complete,22.656567,67.0,76.6,44.6,73.2
3869684,2022-12-17,3rd Place Final,Morocco,2,49,5,Croatia,5463,Luka Modrić,5460,Andrej Kramarić,Complete,24.792942,48.6,73.4,73.1,77.2
3869684,2022-12-17,3rd Place Final,Morocco,2,49,6,Croatia,5460,Andrej Kramarić,49337,Josip Stanišić,Incomplete,6.4070272,73.5,78.5,67.1,78.2
3869684,2022-12-17,3rd Place Final,Morocco,2,49,24,Croatia,49337,Josip Stanišić,37148,Josip Šutalo,Complete,21.204952,45.8,80.0,25.1,75.4
3869684,2022-12-17,3rd Place Final,Morocco,2,49,28,Croatia,37148,Josip Šutalo,49337,Josip Stanišić,Complete,7.823043,25.7,78.5,33.5,79.1
3869684,2022-12-17,3rd Place Final,Morocco,2,49,30,Croatia,49337,Josip Stanišić,22041,Marko Livaja,Incomplete,40.66694,34.9,77.0,73.5,64.2
3869684,2022-12-17,3rd Place Final,Morocco,2,49,36,Croatia,28914,Lovro Majer,49337,Josip Stanišić,Complete,4.1761227,51.1,77.5,47.1,78.7
3869684,2022-12-17,3rd Place Final,Morocco,2,49,37,Croatia,49337,Josip Stanišić,5460,Andrej Kramarić,Complete,10.720075,47.0,78.7,57.4,76.1
3869684,2022-12-17,3rd Place Final,Morocco,2,49,37,Croatia,5460,Andrej Kramarić,5463,Luka Modrić,Incomplete,8.21523,57.4,75.9,50.4,71.6
3869684,2022-12-17,3rd Place Final,Morocco,2,50,14,Croatia,5474,Ivan Perišić,28914,Lovro Majer,Complete,12.889143,22.7,14.6,34.0,20.8
3869684,2022-12-17,3rd Place Final,Morocco,2,50,16,Croatia,28914,Lovro Majer,5463,Luka Modrić,Complete,7.1112585,35.2,24.7,32.1,31.1
3869684,2022-12-17,3rd Place Final,Morocco,2,50,18,Croatia,5463,Luka Modrić,49337,Josip Stanišić,Complete,28.270302,33.8,37.5,44.9,63.5
3869684,2022-12-17,3rd Place Final,Morocco,2,50,24,Croatia,49337,Josip Stanišić,5474,Ivan Perišić,Complete,62.76942,80.6,58.4,112.6,4.4
3869684,2022-12-17,3rd Place Final,Morocco,2,50,31,Croatia,5474,Ivan Perišić,16527,Mislav Oršić,Complete,10.867382,113.0,4.2,103.3,9.1
3869684,2022-12-17,3rd Place Final,Morocco,2,50,32,Croatia,16527,Mislav Oršić,28914,Lovro Majer,Complete,8.229217,103.3,9.1,106.9,16.5
3869684,2022-12-17,3rd Place Final,Morocco,2,50,34,Croatia,28914,Lovro Majer,,,Incomplete,20.348219,112.8,16.2,114.2,36.5
3869684,2022-12-17,3rd Place Final,Morocco,2,51,59,Croatia,16531,Dominik Livaković,33018,Joško Gvardiol,Complete,8.823265,7.0,36.1,9.7,27.7
3869684,2022-12-17,3rd Place Final,Morocco,2,52,1,Croatia,33018,Joško Gvardiol,37148,Josip Šutalo,Complete,31.797012,9.7,27.7,15.3,59.0
3869684,2022-12-17,3rd Place Final,Morocco,2,52,10,Croatia,37148,Josip Šutalo,5474,Ivan Perišić,Complete,33.64417,43.4,44.1,38.6,10.8
3869684,2022-12-17,3rd Place Final,Morocco,2,52,14,Croatia,5474,Ivan Perišić,33018,Joško Gvardiol,Complete,11.45513,40.0,10.8,31.9,18.9
3869684,2022-12-17,3rd Place Final,Morocco,2,52,16,Croatia,33018,Joško Gvardiol,5463,Luka Modrić,Complete,27.515268,31.9,18.9,37.2,45.9
3869684,2022-12-17,3rd Place Final,Morocco,2,52,20,Croatia,5463,Luka Modrić,5456,Mateo Kovačić,Complete,8.325863,37.2,39.7,44.8,43.1
3869684,2022-12-17,3rd Place Final,Morocco,2,52,21,Croatia,5456,Mateo Kovačić,37148,Josip Šutalo,Complete,19.912308,45.8,45.5,33.3,61.0
3869684,2022-12-17,3rd Place Final,Morocco,2,52,22,Croatia,37148,Josip Šutalo,5460,Andrej Kramarić,Complete,21.43945,35.1,61.4,56.2,65.2
3869684,2022-12-17,3rd Place Final,Morocco,2,52,24,Croatia,5460,Andrej Kramarić,49337,Josip Stanišić,Complete,10.829589,53.4,65.8,52.6,76.6
3869684,2022-12-17,3rd Place Final,Morocco,2,52,27,Croatia,49337,Josip Stanišić,5463,Luka Modrić,Complete,12.165525,56.4,76.2,45.6,70.6
3869684,2022-12-17,3rd Place Final,Morocco,2,52,30,Croatia,5463,Luka Modrić,5456,Mateo Kovačić,Complete,14.634207,43.8,71.2,44.8,56.6
3869684,2022-12-17,3rd Place Final,Morocco,2,52,32,Croatia,5456,Mateo Kovačić,5463,Luka Modrić,Complete,14.042791,44.8,56.6,38.6,69.2
3869684,2022-12-17,3rd Place Final,Morocco,2,52,41,Croatia,5463,Luka Modrić,33018,Joško Gvardiol,Complete,32.022648,43.0,54.0,45.8,22.1
3869684,2022-12-17,3rd Place Final,Morocco,2,52,44,Croatia,33018,Joško Gvardiol,5474,Ivan Perišić,Complete,23.926971,56.2,19.3,77.5,8.4
3869684,2022-12-17,3rd Place Final,Morocco,2,52,48,Croatia,5474,Ivan Perišić,5460,Andrej Kramarić,Complete,24.79516,76.1,22.5,84.3,45.9
3869684,2022-12-17,3rd Place Final,Morocco,2,52,51,Croatia,5460,Andrej Kramarić,5456,Mateo Kovačić,Complete,10.643778,92.5,39.7,102.0,34.9
3869684,2022-12-17,3rd Place Final,Morocco,2,52,55,Croatia,28914,Lovro Majer,,,Incomplete,16.475437,116.0,28.1,113.0,44.3
3869684,2022-12-17,3rd Place Final,Morocco,2,53,58,Croatia,5463,Luka Modrić,28914,Lovro Majer,Complete,7.0434365,120.0,0.1,115.6,5.6
3869684,2022-12-17,3rd Place Final,Morocco,2,54,1,Croatia,28914,Lovro Majer,22041,Marko Livaja,Complete,40.511356,117.8,8.8,107.2,47.9
3869684,2022-12-17,3rd Place Final,Morocco,2,54,29,Croatia,5463,Luka Modrić,5456,Mateo Kovačić,Complete,10.357606,51.6,25.1,61.8,23.3
3869684,2022-12-17,3rd Place Final,Morocco,2,54,32,Croatia,5456,Mateo Kovačić,5460,Andrej Kramarić,Complete,48.681515,66.0,42.5,111.8,59.0
3869684,2022-12-17,3rd Place Final,Morocco,2,56,3,Croatia,5463,Luka Modrić,28914,Lovro Majer,Complete,7.615773,7.3,27.9,13.9,24.1
3869684,2022-12-17,3rd Place Final,Morocco,2,56,4,Croatia,28914,Lovro Majer,16527,Mislav Oršić,Complete,8.060397,13.9,24.1,15.5,16.2
3869684,2022-12-17,3rd Place Final,Morocco,2,56,5,Croatia,16527,Mislav Oršić,22041,Marko Livaja,Incomplete,28.442398,16.3,15.0,44.4,10.6
3869684,2022-12-17,3rd Place Final,Morocco,2,56,11,Croatia,22041,Marko Livaja,,,Unknown,8.631338,34.7,15.2,41.0,21.1
3869684,2022-12-17,3rd Place Final,Morocco,2,56,45,Croatia,5474,Ivan Perišić,37148,Josip Šutalo,Complete,35.525906,42.4,18.0,32.1,52.0
3869684,2022-12-17,3rd Place Final,Morocco,2,56,50,Croatia,37148,Josip Šutalo,33018,Joško Gvardiol,Complete,19.916075,32.1,52.0,31.3,32.1
3869684,2022-12-17,3rd Place Final,Morocco,2,56,55,Croatia,33018,Joško Gvardiol,5463,Luka Modrić,Complete,25.709337,37.8,32.9,44.2,57.8
3869684,2022-12-17,3rd Place Final,Morocco,2,56,58,Croatia,5463,Luka Modrić,49337,Josip Stanišić,Complete,16.009996,43.0,61.0,46.6,76.6
3869684,2022-12-17,3rd Place Final,Morocco,2,57,1,Croatia,49337,Josip Stanišić,5460,Andrej Kramarić,Complete,30.741665,46.6,76.6,77.3,78.2
3869684,2022-12-17,3rd Place Final,Morocco,2,57,2,Croatia,5460,Andrej Kramarić,22041,Marko Livaja,Complete,10.630146,76.7,77.0,74.5,66.6
3869684,2022-12-17,3rd Place Final,Morocco,2,57,4,Croatia,22041,Marko Livaja,5460,Andrej Kramarić,Complete,32.748283,73.3,68.0,105.6,73.4
3869684,2022-12-17,3rd Place Final,Morocco,2,57,7,Croatia,5460,Andrej Kramarić,,,Incomplete,31.04529,109.2,73.0,112.2,42.1
3869684,2022-12-17,3rd Place Final,Morocco,2,57,53,Croatia,5456,Mateo Kovačić,28914,Lovro Majer,Complete,15.141994,19.7,25.7,34.5,28.9
3869684,2022-12-17,3rd Place Final,Morocco,2,60,30,Croatia,5463,Luka Modrić,28914,Lovro Majer,Complete,14.458562,33.1,70.6,47.2,67.4
3869684,2022-12-17,3rd Place Final,Morocco,2,60,36,Croatia,28914,Lovro Majer,5456,Mateo Kovačić,Complete,21.850859,50.4,78.7,54.3,57.2
3869684,2022-12-17,3rd Place Final,Morocco,2,60,38,Croatia,5456,Mateo Kovačić,28914,Lovro Majer,Complete,15.493224,53.7,60.2,56.7,75.4
3869684,2022-12-17,3rd Place Final,Morocco,2,61,4,Croatia,49337,Josip Stanišić,5456,Mateo Kovačić,Complete,28.734125,58.6,72.2,57.2,43.5
3869684,2022-12-17,3rd Place Final,Morocco,2,61,7,Croatia,5456,Mateo Kovačić,5463,Luka Modrić,Complete,21.774527,57.2,44.5,55.4,66.2
3869684,2022-12-17,3rd Place Final,Morocco,2,61,9,Croatia,5463,Luka Modrić,3441,Nikola Vlašić,Complete,36.86638,55.4,66.2,91.1,75.4
3869684,2022-12-17,3rd Place Final,Morocco,2,61,49,Croatia,33018,Joško Gvardiol,5456,Mateo Kovačić,Complete,10.696261,47.1,26.6,57.5,24.1
3869684,2022-12-17,3rd Place Final,Morocco,2,61,51,Croatia,5456,Mateo Kovačić,28914,Lovro Majer,Complete,12.601587,63.1,23.6,70.5,33.8
3869684,2022-12-17,3rd Place Final,Morocco,2,62,23,Croatia,28914,Lovro Majer,33018,Joško Gvardiol,Complete,13.776793,54.2,17.6,63.0,7.0
3869684,2022-12-17,3rd Place Final,Morocco,2,62,24,Croatia,33018,Joško Gvardiol,28914,Lovro Majer,Complete,12.267437,65.8,6.6,76.5,12.6
3869684,2022-12-17,3rd Place Final,Morocco,2,62,28,Croatia,28914,Lovro Majer,22041,Marko Livaja,Incomplete,35.782955,86.3,7.4,107.4,36.3
3869684,2022-12-17,3rd Place Final,Morocco,2,63,44,Croatia,5474,Ivan Perišić,33018,Joško Gvardiol,Complete,22.367163,61.0,0.1,40.0,7.8
3869684,2022-12-17,3rd Place Final,Morocco,2,63,47,Croatia,33018,Joško Gvardiol,37148,Josip Šutalo,Complete,34.406105,40.0,7.8,29.3,40.5
3869684,2022-12-17,3rd Place Final,Morocco,2,63,50,Croatia,37148,Josip Šutalo,49337,Josip Stanišić,Complete,30.654526,29.9,44.3,42.6,72.2
3869684,2022-12-17,3rd Place Final,Morocco,2,63,56,Croatia,49337,Josip Stanišić,37148,Josip Šutalo,Complete,14.512408,42.6,72.2,28.1,72.8
3869684,2022-12-17,3rd Place Final,Morocco,2,64,0,Croatia,37148,Josip Šutalo,,,Incomplete,66.71709,35.7,75.0,100.8,60.4
3869684,2022-12-17,3rd Place Final,Morocco,2,64,28,Croatia,33018,Joško Gvardiol,,,Unknown,26.030174,27.5,15.4,53.4,18.0
3869684,2022-12-17,3rd Place Final,Morocco,2,64,58,Croatia,16527,Mislav Oršić,22041,Marko Livaja,Complete,22.6,9.1,27.3,31.7,27.3
3869684,2022-12-17,3rd Place Final,Morocco,2,65,0,Croatia,22041,Marko Livaja,28914,Lovro Majer,Incomplete,14.2088,32.3,27.7,45.6,32.7
3869684,2022-12-17,3rd Place Final,Morocco,2,67,10,Croatia,16531,Dominik Livaković,33018,Joško Gvardiol,Complete,18.067928,7.0,44.1,10.1,26.3
3869684,2022-12-17,3rd Place Final,Morocco,2,67,15,Croatia,33018,Joško Gvardiol,16531,Dominik Livaković,Complete,22.480213,17.3,25.3,8.3,45.9
3869684,2022-12-17,3rd Place Final,Morocco,2,67,17,Croatia,16531,Dominik Livaković,37148,Josip Šutalo,Complete,20.651634,8.9,46.9,15.7,66.4
3869684,2022-12-17,3rd Place Final,Morocco,2,67,20,Croatia,37148,Josip Šutalo,16531,Dominik Livaković,Complete,22.418297,15.7,63.8,5.0,44.1
3869684,2022-12-17,3rd Place Final,Morocco,2,67,22,Croatia,16531,Dominik Livaković,33018,Joško Gvardiol,Complete,21.244528,5.8,44.1,13.5,24.3
3869684,2022-12-17,3rd Place Final,Morocco,2,67,25,Croatia,33018,Joško Gvardiol,37148,Josip Šutalo,Complete,36.24155,14.1,24.3,17.3,60.4
3869684,2022-12-17,3rd Place Final,Morocco,2,67,29,Croatia,37148,Josip Šutalo,16531,Dominik Livaković,Complete,18.128983,17.3,60.4,5.2,46.9
3869684,2022-12-17,3rd Place Final,Morocco,2,67,33,Croatia,16531,Dominik Livaković,37148,Josip Šutalo,Complete,28.987238,5.2,46.9,19.7,72.0
3869684,2022-12-17,3rd Place Final,Morocco,2,67,36,Croatia,37148,Josip Šutalo,16531,Dominik Livaković,Complete,28.239157,20.5,75.4,4.4,52.2
3869684,2022-12-17,3rd Place Final,Morocco,2,67,39,Croatia,16531,Dominik Livaković,5474,Ivan Perišić,Complete,52.340137,5.2,52.0,36.7,10.2
3869684,2022-12-17,3rd Place Final,Morocco,2,67,43,Croatia,5474,Ivan Perišić,5463,Luka Modrić,Out,12.822247,36.7,10.2,45.2,0.6
3869684,2022-12-17,3rd Place Final,Morocco,2,68,9,Croatia,3441,Nikola Vlašić,49337,Josip Stanišić,Complete,6.6030297,31.9,69.6,32.1,76.2
3869684,2022-12-17,3rd Place Final,Morocco,2,68,10,Croatia,49337,Josip Stanišić,5463,Luka Modrić,Complete,10.023972,31.3,75.4,26.5,66.6
3869684,2022-12-17,3rd Place Final,Morocco,2,68,44,Croatia,5463,Luka Modrić,3441,Nikola Vlašić,Complete,12.33572,34.5,62.8,46.6,65.2
3869684,2022-12-17,3rd Place Final,Morocco,2,68,48,Croatia,3441,Nikola Vlašić,49337,Josip Stanišić,Complete,24.120737,73.7,76.8,49.6,77.8
3869684,2022-12-17,3rd Place Final,Morocco,2,68,50,Croatia,49337,Josip Stanišić,5463,Luka Modrić,Complete,7.071068,49.6,77.8,43.4,74.4
3869684,2022-12-17,3rd Place Final,Morocco,2,68,53,Croatia,5463,Luka Modrić,37148,Josip Šutalo,Complete,13.520355,36.7,73.2,23.3,71.4
3869684,2022-12-17,3rd Place Final,Morocco,2,68,56,Croatia,37148,Josip Šutalo,5463,Luka Modrić,Complete,11.401754,25.1,71.4,28.1,60.4
3869684,2022-12-17,3rd Place Final,Morocco,2,68,57,Croatia,5463,Luka Modrić,37148,Josip Šutalo,Complete,13.006152,28.1,60.4,28.5,73.4
3869684,2022-12-17,3rd Place Final,Morocco,2,68,59,Croatia,37148,Josip Šutalo,5456,Mateo Kovačić,Complete,8.770975,32.1,73.4,39.8,69.2
3869684,2022-12-17,3rd Place Final,Morocco,2,68,59,Croatia,5456,Mateo Kovačić,49337,Josip Stanišić,Complete,8.854378,39.8,69.2,42.6,77.6
3869684,2022-12-17,3rd Place Final,Morocco,2,69,6,Croatia,49337,Josip Stanišić,37148,Josip Šutalo,Incomplete,3.1622777,14.9,77.8,17.9,76.8
3869684,2022-12-17,3rd Place Final,Morocco,2,69,30,Croatia,5474,Ivan Perišić,5456,Mateo Kovačić,Complete,21.961102,11.1,36.5,24.1,54.2
3869684,2022-12-17,3rd Place Final,Morocco,2,69,32,Croatia,5456,Mateo Kovačić,37148,Josip Šutalo,Complete,14.833745,24.1,54.2,9.3,55.2
3869684,2022-12-17,3rd Place Final,Morocco,2,69,34,Croatia,37148,Josip Šutalo,49337,Josip Stanišić,Complete,21.437351,6.3,57.0,17.3,75.4
3869684,2022-12-17,3rd Place Final,Morocco,2,69,37,Croatia,49337,Josip Stanišić,,,Incomplete,3.8,15.9,76.8,19.7,76.8
3869684,2022-12-17,3rd Place Final,Morocco,2,70,13,Croatia,16531,Dominik Livaković,7693,Bruno Petković,Complete,69.664986,7.0,44.1,73.1,22.1
3869684,2022-12-17,3rd Place Final,Morocco,2,70,17,Croatia,7693,Bruno Petković,11603,Mario Pašalić,Incomplete,12.473973,73.1,22.1,85.3,19.5
3869684,2022-12-17,3rd Place Final,Morocco,2,71,37,Croatia,16531,Dominik Livaković,7693,Bruno Petković,Complete,65.905464,7.0,36.1,72.7,30.9
3869684,2022-12-17,3rd Place Final,Morocco,2,71,40,Croatia,7693,Bruno Petković,16527,Mislav Oršić,Complete,10.697663,72.7,30.9,82.7,27.1
3869684,2022-12-17,3rd Place Final,Morocco,2,71,41,Croatia,16527,Mislav Oršić,3441,Nikola Vlašić,Complete,15.037287,82.7,27.1,86.3,41.7
3869684,2022-12-17,3rd Place Final,Morocco,2,71,43,Croatia,3441,Nikola Vlašić,16527,Mislav Oršić,Incomplete,27.349041,86.3,41.7,107.4,24.3
3869684,2022-12-17,3rd Place Final,Morocco,2,72,32,Croatia,5463,Luka Modrić,11603,Mario Pašalić,Complete,12.31097,13.7,52.2,22.7,60.6
3869684,2022-12-17,3rd Place Final,Morocco,2,72,35,Croatia,11603,Mario Pašalić,49337,Josip Stanišić,Complete,15.861904,23.1,61.0,21.7,76.8
3869684,2022-12-17,3rd Place Final,Morocco,2,72,36,Croatia,49337,Josip Stanišić,,,Incomplete,78.00128,21.7,76.8,97.5,58.4
3869684,2022-12-17,3rd Place Final,Morocco,2,72,52,Croatia,49337,Josip Stanišić,3441,Nikola Vlašić,Complete,14.051334,21.7,56.2,35.7,57.4
3869684,2022-12-17,3rd Place Final,Morocco,2,72,54,Croatia,3441,Nikola Vlašić,7693,Bruno Petković,Complete,27.77805,32.1,55.0,57.2,43.1
3869684,2022-12-17,3rd Place Final,Morocco,2,73,12,Croatia,5463,Luka Modrić,5456,Mateo Kovačić,Complete,34.30481,56.8,44.9,68.9,12.8
3869684,2022-12-17,3rd Place Final,Morocco,2,73,15,Croatia,5456,Mateo Kovačić,5474,Ivan Perišić,Complete,21.71474,68.5,13.2,46.8,12.4
3869684,2022-12-17,3rd Place Final,Morocco,2,73,17,Croatia,5474,Ivan Perišić,5463,Luka Modrić,Complete,10.640018,46.8,12.4,53.2,20.9
3869684,2022-12-17,3rd Place Final,Morocco,2,73,18,Croatia,5463,Luka Modrić,5456,Mateo Kovačić,Incomplete,16.220049,54.4,20.5,67.4,10.8
3869684,2022-12-17,3rd Place Final,Morocco,2,73,26,Croatia,5456,Mateo Kovačić,33018,Joško Gvardiol,Complete,5.3851647,33.3,26.3,31.3,21.3
3869684,2022-12-17,3rd Place Final,Morocco,2,73,28,Croatia,33018,Joško Gvardiol,3441,Nikola Vlašić,Complete,19.292486,46.8,24.3,53.2,42.5
3869684,2022-12-17,3rd Place Final,Morocco,2,73,29,Croatia,3441,Nikola Vlašić,11603,Mario Pašalić,Complete,9.0,53.4,42.9,46.2,48.3
3869684,2022-12-17,3rd Place Final,Morocco,2,73,32,Croatia,11603,Mario Pašalić,16527,Mislav Oršić,Complete,43.166885,46.8,39.7,76.1,8.0
3869684,2022-12-17,3rd Place Final,Morocco,2,73,38,Croatia,16527,Mislav Oršić,33018,Joško Gvardiol,Complete,22.20563,85.7,23.7,106.0,32.7
3869684,2022-12-17,3rd Place Final,Morocco,2,73,59,Croatia,37148,Josip Šutalo,11603,Mario Pašalić,Complete,22.00091,9.3,37.7,31.3,37.5
3869684,2022-12-17,3rd Place Final,Morocco,2,74,2,Croatia,11603,Mario Pašalić,49337,Josip Stanišić,Complete,17.066048,31.9,41.5,20.5,54.2
3869684,2022-12-17,3rd Place Final,Morocco,2,74,4,Croatia,49337,Josip Stanišić,3441,Nikola Vlašić,Incomplete,6.0728908,22.7,56.2,28.5,58.0
3869684,2022-12-17,3rd Place Final,Morocco,2,74,6,Croatia,49337,Josip Stanišić,3441,Nikola Vlašić,Complete,16.293556,24.3,64.8,35.1,77.0
3869684,2022-12-17,3rd Place Final,Morocco,2,74,8,Croatia,3441,Nikola Vlašić,,,Incomplete,50.57628,35.7,77.2,84.3,63.2
3869684,2022-12-17,3rd Place Final,Morocco,2,74,46,Croatia,7693,Bruno Petković,,,Unknown,8.163333,13.5,28.5,20.5,24.3
3869684,2022-12-17,3rd Place Final,Morocco,2,75,46,Croatia,16531,Dominik Livaković,7693,Bruno Petković,Complete,61.000328,15.7,29.1,76.7,28.9
3869684,2022-12-17,3rd Place Final,Morocco,2,75,50,Croatia,7693,Bruno Petković,11603,Mario Pašalić,Incomplete,16.219742,76.7,28.9,77.5,45.1
3869684,2022-12-17,3rd Place Final,Morocco,2,76,52,Croatia,33018,Joško Gvardiol,5474,Ivan Perišić,Complete,16.119864,31.7,25.3,30.9,9.2
3869684,2022-12-17,3rd Place Final,Morocco,2,76,55,Croatia,5474,Ivan Perišić,7693,Bruno Petković,Complete,27.995178,30.9,7.4,58.2,13.6
3869684,2022-12-17,3rd Place Final,Morocco,2,77,0,Croatia,7693,Bruno Petković,16527,Mislav Oršić,Incomplete,4.651881,56.8,11.8,61.0,9.8
3869684,2022-12-17,3rd Place Final,Morocco,2,77,8,Croatia,5456,Mateo Kovačić,7693,Bruno Petković,Complete,16.62438,47.2,13.2,58.6,25.3
3869684,2022-12-17,3rd Place Final,Morocco,2,77,10,Croatia,7693,Bruno Petković,5463,Luka Modrić,Complete,10.097525,55.8,23.7,45.8,25.1
3869684,2022-12-17,3rd Place Final,Morocco,2,77,13,Croatia,5463,Luka Modrić,33018,Joško Gvardiol,Complete,12.9062,45.8,27.1,32.9,26.7
3869684,2022-12-17,3rd Place Final,Morocco,2,77,14,Croatia,33018,Joško Gvardiol,16527,Mislav Oršić,Complete,27.45214,32.9,26.7,58.8,17.6
3869684,2022-12-17,3rd Place Final,Morocco,2,77,16,Croatia,16527,Mislav Oršić,5456,Mateo Kovačić,Complete,10.846197,59.2,18.2,58.2,7.4
3869684,2022-12-17,3rd Place Final,Morocco,2,77,19,Croatia,5456,Mateo Kovačić,5474,Ivan Perišić,Complete,15.981239,55.4,7.0,39.6,9.4
3869684,2022-12-17,3rd Place Final,Morocco,2,77,20,Croatia,5474,Ivan Perišić,7693,Bruno Petković,Incomplete,42.98302,39.6,9.4,76.1,32.1
3869684,2022-12-17,3rd Place Final,Morocco,2,77,55,Croatia,5456,Mateo Kovačić,7693,Bruno Petković,Complete,16.1524,66.6,16.6,77.3,28.7
3869684,2022-12-17,3rd Place Final,Morocco,2,78,28,Croatia,5463,Luka Modrić,11603,Mario Pašalić,Complete,8.032434,74.7,27.3,82.3,29.9
3869684,2022-12-17,3rd Place Final,Morocco,2,78,29,Croatia,11603,Mario Pašalić,5463,Luka Modrić,Complete,8.786353,82.3,29.9,76.5,23.3
3869684,2022-12-17,3rd Place Final,Morocco,2,78,32,Croatia,5463,Luka Modrić,5474,Ivan Perišić,Complete,15.21611,76.3,22.1,81.5,7.8
3869684,2022-12-17,3rd Place Final,Morocco,2,78,33,Croatia,5474,Ivan Perišić,16527,Mislav Oršić,Complete,24.763077,81.5,7.8,106.0,11.4
3869684,2022-12-17,3rd Place Final,Morocco,2,78,37,Croatia,16527,Mislav Oršić,,,Incomplete,32.100624,112.6,12.8,112.8,44.9
3869684,2022-12-17,3rd Place Final,Morocco,2,78,49,Croatia,16527,Mislav Oršić,5456,Mateo Kovačić,Complete,11.884864,84.3,18.9,74.1,12.8
3869684,2022-12-17,3rd Place Final,Morocco,2,78,50,Croatia,5456,Mateo Kovačić,5474,Ivan Perišić,Out,21.609257,74.1,12.2,92.7,1.2
3869684,2022-12-17,3rd Place Final,Morocco,2,80,34,Croatia,16531,Dominik Livaković,7693,Bruno Petković,Complete,64.952675,7.0,36.1,69.9,19.9
3869684,2022-12-17,3rd Place Final,Morocco,2,80,38,Croatia,7693,Bruno Petković,16527,Mislav Oršić,Incomplete,14.484819,69.9,19.9,83.3,14.4
3869684,2022-12-17,3rd Place Final,Morocco,2,80,51,Croatia,7693,Bruno Petković,37148,Josip Šutalo,Complete,44.19253,80.1,6.8,56.4,44.1
3869684,2022-12-17,3rd Place Final,Morocco,2,80,56,Croatia,37148,Josip Šutalo,49337,Josip Stanišić,Complete,24.41823,63.4,47.1,65.8,71.4
3869684,2022-12-17,3rd Place Final,Morocco,2,80,59,Croatia,49337,Josip Stanišić,33018,Joško Gvardiol,Complete,39.25022,57.0,69.2,34.7,36.9
3869684,2022-12-17,3rd Place Final,Morocco,2,81,3,Croatia,33018,Joško Gvardiol,16531,Dominik Livaković,Complete,25.942244,32.3,30.5,9.3,42.5
3869684,2022-12-17,3rd Place Final,Morocco,2,81,9,Croatia,16531,Dominik Livaković,16527,Mislav Oršić,Complete,76.780205,13.5,52.2,76.7,8.6
3869684,2022-12-17,3rd Place Final,Morocco,2,81,15,Croatia,16527,Mislav Oršić,7693,Bruno Petković,Complete,14.198944,78.1,11.4,73.7,24.9
3869684,2022-12-17,3rd Place Final,Morocco,2,81,17,Croatia,7693,Bruno Petković,16527,Mislav Oršić,Incomplete,17.623848,76.1,24.7,91.7,32.9
3869684,2022-12-17,3rd Place Final,Morocco,2,81,20,Croatia,5456,Mateo Kovačić,11603,Mario Pašalić,Complete,12.631706,76.5,24.9,81.5,36.5
3869684,2022-12-17,3rd Place Final,Morocco,2,81,23,Croatia,11603,Mario Pašalić,16527,Mislav Oršić,Complete,13.955644,81.9,44.5,94.5,38.5
3869684,2022-12-17,3rd Place Final,Morocco,2,81,24,Croatia,16527,Mislav Oršić,7693,Bruno Petković,Complete,19.574728,94.7,37.7,100.8,19.1
3869684,2022-12-17,3rd Place Final,Morocco,2,81,29,Croatia,7693,Bruno Petković,,,Incomplete,5.6035705,112.0,22.5,112.2,28.1
3869684,2022-12-17,3rd Place Final,Morocco,2,82,12,Croatia,16527,Mislav Oršić,,,Incomplete,39.39543,120.0,0.1,111.2,38.5
3869684,2022-12-17,3rd Place Final,Morocco,2,82,19,Croatia,49337,Josip Stanišić,16531,Dominik Livaković,Complete,42.798714,50.2,21.3,14.9,45.5
3869684,2022-12-17,3rd Place Final,Morocco,2,82,25,Croatia,16531,Dominik Livaković,5474,Ivan Perišić,Complete,65.01108,22.3,53.2,76.3,17.0
3869684,2022-12-17,3rd Place Final,Morocco,2,82,29,Croatia,5474,Ivan Perišić,16527,Mislav Oršić,Complete,27.58786,76.3,17.0,101.6,6.0
3869684,2022-12-17,3rd Place Final,Morocco,2,82,50,Croatia,5474,Ivan Perišić,33018,Joško Gvardiol,Complete,30.069586,99.2,0.1,71.5,11.8
3869684,2022-12-17,3rd Place Final,Morocco,2,82,54,Croatia,33018,Joško Gvardiol,5463,Luka Modrić,Complete,12.85496,66.6,13.4,63.6,25.9
3869684,2022-12-17,3rd Place Final,Morocco,2,82,58,Croatia,5463,Luka Modrić,5456,Mateo Kovačić,Complete,16.2,72.5,25.3,88.7,25.3
3869684,2022-12-17,3rd Place Final,Morocco,2,83,34,Croatia,5463,Luka Modrić,7693,Bruno Petković,Complete,16.992058,28.5,45.5,44.8,40.7
3869684,2022-12-17,3rd Place Final,Morocco,2,85,21,Croatia,5463,Luka Modrić,37148,Josip Šutalo,Complete,17.710167,42.8,48.3,50.6,64.2
3869684,2022-12-17,3rd Place Final,Morocco,2,85,22,Croatia,37148,Josip Šutalo,5463,Luka Modrić,Complete,12.888755,50.6,64.2,41.0,55.6
3869684,2022-12-17,3rd Place Final,Morocco,2,85,24,Croatia,5463,Luka Modrić,49337,Josip Stanišić,Incomplete,20.93036,37.2,57.0,52.0,71.8
3869684,2022-12-17,3rd Place Final,Morocco,2,85,28,Croatia,49337,Josip Stanišić,3441,Nikola Vlašić,Complete,10.317461,58.2,67.0,68.5,67.6
3869684,2022-12-17,3rd Place Final,Morocco,2,85,33,Croatia,3441,Nikola Vlašić,11603,Mario Pašalić,Complete,15.6205,85.9,76.6,85.1,61.0
3869684,2022-12-17,3rd Place Final,Morocco,2,85,37,Croatia,11603,Mario Pašalić,3441,Nikola Vlašić,Out,16.371927,98.1,65.2,91.1,80.0
3869684,2022-12-17,3rd Place Final,Morocco,2,86,3,Croatia,37148,Josip Šutalo,11603,Mario Pašalić,Complete,13.485177,30.3,67.4,43.4,64.2
3869684,2022-12-17,3rd Place Final,Morocco,2,86,4,Croatia,11603,Mario Pašalić,5463,Luka Modrić,Complete,10.647065,43.8,64.8,42.8,75.4
3869684,2022-12-17,3rd Place Final,Morocco,2,86,8,Croatia,5463,Luka Modrić,37148,Josip Šutalo,Complete,21.16908,46.6,77.0,30.9,62.8
3869684,2022-12-17,3rd Place Final,Morocco,2,86,11,Croatia,37148,Josip Šutalo,5474,Ivan Perišić,Complete,41.330982,33.3,61.8,31.7,20.5
3869684,2022-12-17,3rd Place Final,Morocco,2,86,14,Croatia,5474,Ivan Perišić,33018,Joško Gvardiol,Complete,15.376931,30.5,19.3,24.6,33.5
3869684,2022-12-17,3rd Place Final,Morocco,2,86,17,Croatia,33018,Joško Gvardiol,7693,Bruno Petković,Complete,49.851078,38.0,26.9,73.3,62.1
3869684,2022-12-17,3rd Place Final,Morocco,2,86,24,Croatia,7693,Bruno Petković,16527,Mislav Oršić,Complete,32.920055,75.1,61.8,94.9,35.5
3869684,2022-12-17,3rd Place Final,Morocco,2,86,28,Croatia,16527,Mislav Oršić,5456,Mateo Kovačić,Complete,11.708544,92.9,31.7,104.4,29.5
3869684,2022-12-17,3rd Place Final,Morocco,2,87,44,Croatia,16531,Dominik Livaković,7693,Bruno Petković,Incomplete,66.19101,18.9,29.5,83.9,17.0
3869684,2022-12-17,3rd Place Final,Morocco,2,89,13,Croatia,16527,Mislav Oršić,7693,Bruno Petković,Complete,16.36154,36.1,12.8,44.4,26.9
3869684,2022-12-17,3rd Place Final,Morocco,2,90,52,Croatia,16531,Dominik Livaković,16527,Mislav Oršić,Complete,80.39316,7.0,36.1,82.9,9.6
3869684,2022-12-17,3rd Place Final,Morocco,2,90,56,Croatia,16527,Mislav Oršić,7693,Bruno Petković,Incomplete,5.8309517,82.9,7.0,77.1,6.4
3869684,2022-12-17,3rd Place Final,Morocco,2,91,1,Croatia,11603,Mario Pašalić,49337,Josip Stanišić,Complete,37.037548,71.5,23.9,50.2,54.2
3869684,2022-12-17,3rd Place Final,Morocco,2,91,6,Croatia,49337,Josip Stanišić,3441,Nikola Vlašić,Incomplete,54.65272,44.6,60.4,99.2,62.8
3869684,2022-12-17,3rd Place Final,Morocco,2,92,2,Croatia,16531,Dominik Livaković,7693,Bruno Petković,Complete,58.067547,28.1,33.9,85.3,23.9
3869684,2022-12-17,3rd Place Final,Morocco,2,92,6,Croatia,7693,Bruno Petković,16527,Mislav Oršić,Incomplete,25.700195,85.7,23.7,110.4,16.6
3869684,2022-12-17,3rd Place Final,Morocco,2,92,41,Croatia,49337,Josip Stanišić,3441,Nikola Vlašić,Incomplete,17.86393,21.7,60.6,28.3,77.2
3869684,2022-12-17,3rd Place Final,Morocco,2,92,55,Croatia,5463,Luka Modrić,7693,Bruno Petković,Complete,9.097252,24.5,30.1,19.5,22.5
3869684,2022-12-17,3rd Place Final,Morocco,2,92,57,Croatia,7693,Bruno Petković,,,Incomplete,39.497467,19.7,22.1,56.4,36.7
3869684,2022-12-17,3rd Place Final,Morocco,2,93,56,Croatia,16531,Dominik Livaković,3441,Nikola Vlašić,Complete,60.180145,14.1,37.7,72.7,51.4
3869684,2022-12-17,3rd Place Final,Morocco,2,94,2,Croatia,3441,Nikola Vlašić,7693,Bruno Petković,Incomplete,14.455449,72.7,51.4,86.7,55.0
3869684,2022-12-17,3rd Place Final,Morocco,2,95,2,Croatia,16531,Dominik Livaković,,,Unknown,64.611534,7.0,36.1,69.7,20.5
3869684,2022-12-17,3rd Place Final,Morocco,2,95,16,Croatia,5456,Mateo Kovačić,7693,Bruno Petković,Incomplete,17.20465,43.0,9.8,60.2,10.2
3869684,2022-12-17,3rd Place Final,Morocco,2,96,8,Croatia,16531,Dominik Livaković,,,Unknown,59.487476,7.0,36.1,66.0,28.5
3869519,2022-12-13,Semi-finals,Argentina,1,0,0,Croatia,5460,Andrej Kramarić,3471,Dejan Lovren,Complete,24.351591,61.0,40.1,38.0,48.1
3869519,2022-12-13,Semi-finals,Argentina,1,0,3,Croatia,3471,Dejan Lovren,,,Incomplete,61.491627,36.9,46.4,96.8,32.5
3869519,2022-12-13,Semi-finals,Argentina,1,0,10,Croatia,5469,Marcelo Brozović,3471,Dejan Lovren,Complete,16.399086,62.2,41.0,45.9,42.8
3869519,2022-12-13,Semi-finals,Argentina,1,0,11,Croatia,3471,Dejan Lovren,29163,Josip Juranović,Complete,23.049728,45.5,42.8,49.5,65.5
3869519,2022-12-13,Semi-finals,Argentina,1,0,14,Croatia,29163,Josip Juranović,3471,Dejan Lovren,Complete,17.117243,49.0,65.8,40.4,51.0
3869519,2022-12-13,Semi-finals,Argentina,1,0,17,Croatia,3471,Dejan Lovren,12625,Borna Sosa,Complete,40.891685,41.0,50.1,50.8,10.4
3869519,2022-12-13,Semi-finals,Argentina,1,0,20,Croatia,12625,Borna Sosa,33018,Joško Gvardiol,Complete,14.023552,51.4,9.8,38.5,15.3
3869519,2022-12-13,Semi-finals,Argentina,1,0,23,Croatia,33018,Joško Gvardiol,16531,Dominik Livaković,Complete,31.960756,36.2,15.8,10.5,34.8
3869519,2022-12-13,Semi-finals,Argentina,1,0,26,Croatia,16531,Dominik Livaković,3471,Dejan Lovren,Complete,23.443762,12.8,43.2,27.2,61.7
3869519,2022-12-13,Semi-finals,Argentina,1,0,33,Croatia,3471,Dejan Lovren,12625,Borna Sosa,Complete,52.990753,35.9,62.3,39.0,9.4
3869519,2022-12-13,Semi-finals,Argentina,1,0,37,Croatia,12625,Borna Sosa,33018,Joško Gvardiol,Complete,18.752333,32.4,8.1,14.6,14.0
3869519,2022-12-13,Semi-finals,Argentina,1,0,47,Croatia,33018,Joško Gvardiol,16531,Dominik Livaković,Complete,31.7,9.5,14.3,9.5,46.0
3869519,2022-12-13,Semi-finals,Argentina,1,0,50,Croatia,16531,Dominik Livaković,3471,Dejan Lovren,Complete,11.844408,8.3,50.9,16.0,59.9
3869519,2022-12-13,Semi-finals,Argentina,1,0,57,Croatia,3471,Dejan Lovren,29163,Josip Juranović,Incomplete,17.525126,41.1,71.5,58.4,74.3
3869519,2022-12-13,Semi-finals,Argentina,1,2,15,Croatia,29163,Josip Juranović,5460,Andrej Kramarić,Incomplete,24.732973,14.3,80.0,35.7,67.6
3869519,2022-12-13,Semi-finals,Argentina,1,2,31,Croatia,5456,Mateo Kovačić,5463,Luka Modrić,Complete,6.946222,41.3,35.2,47.3,38.7
3869519,2022-12-13,Semi-finals,Argentina,1,2,33,Croatia,5463,Luka Modrić,5474,Ivan Perišić,Complete,16.854969,47.3,38.7,52.6,22.7
3869519,2022-12-13,Semi-finals,Argentina,1,3,15,Croatia,16531,Dominik Livaković,33018,Joško Gvardiol,Complete,19.972982,13.5,33.4,29.9,22.0
3869519,2022-12-13,Semi-finals,Argentina,1,3,19,Croatia,33018,Joško Gvardiol,5456,Mateo Kovačić,Complete,15.839823,29.6,21.3,45.3,19.2
3869519,2022-12-13,Semi-finals,Argentina,1,3,27,Croatia,5456,Mateo Kovačić,5460,Andrej Kramarić,Incomplete,29.5183,75.6,19.9,103.3,9.7
3869519,2022-12-13,Semi-finals,Argentina,1,4,4,Croatia,5469,Marcelo Brozović,5456,Mateo Kovačić,Complete,12.180312,72.3,33.9,78.3,23.3
3869519,2022-12-13,Semi-finals,Argentina,1,4,5,Croatia,5456,Mateo Kovačić,5463,Luka Modrić,Complete,9.701547,77.9,23.7,75.5,33.1
3869519,2022-12-13,Semi-finals,Argentina,1,4,6,Croatia,5463,Luka Modrić,12625,Borna Sosa,Complete,30.298845,75.6,34.5,80.5,4.6
3869519,2022-12-13,Semi-finals,Argentina,1,4,10,Croatia,12625,Borna Sosa,5474,Ivan Perišić,Complete,9.9503765,83.5,3.9,93.4,2.9
3869519,2022-12-13,Semi-finals,Argentina,1,4,11,Croatia,5474,Ivan Perišić,5456,Mateo Kovačić,Complete,14.687409,94.3,3.2,79.7,4.8
3869519,2022-12-13,Semi-finals,Argentina,1,4,13,Croatia,5456,Mateo Kovačić,5463,Luka Modrić,Complete,9.000556,80.1,4.9,80.0,13.9
3869519,2022-12-13,Semi-finals,Argentina,1,4,14,Croatia,5463,Luka Modrić,5474,Ivan Perišić,Complete,12.9417925,80.0,13.9,89.0,4.6
3869519,2022-12-13,Semi-finals,Argentina,1,4,18,Croatia,5474,Ivan Perišić,,,Incomplete,34.571953,97.8,11.5,112.9,42.6
3869519,2022-12-13,Semi-finals,Argentina,1,5,32,Croatia,16531,Dominik Livaković,33018,Joško Gvardiol,Complete,10.609901,7.0,36.1,4.9,25.7
3869519,2022-12-13,Semi-finals,Argentina,1,5,37,Croatia,33018,Joško Gvardiol,3471,Dejan Lovren,Complete,28.25739,6.9,26.1,8.7,54.3
3869519,2022-12-13,Semi-finals,Argentina,1,5,40,Croatia,3471,Dejan Lovren,29163,Josip Juranović,Complete,24.772968,9.7,53.4,23.0,74.3
3869519,2022-12-13,Semi-finals,Argentina,1,5,43,Croatia,29163,Josip Juranović,3471,Dejan Lovren,Complete,15.121178,23.0,75.2,11.4,65.5
3869519,2022-12-13,Semi-finals,Argentina,1,5,45,Croatia,3471,Dejan Lovren,16531,Dominik Livaković,Complete,25.088045,10.1,62.1,4.7,37.6
3869519,2022-12-13,Semi-finals,Argentina,1,5,47,Croatia,16531,Dominik Livaković,33018,Joško Gvardiol,Complete,13.43019,4.7,37.3,3.8,23.9
3869519,2022-12-13,Semi-finals,Argentina,1,5,49,Croatia,33018,Joško Gvardiol,12625,Borna Sosa,Complete,19.820444,3.1,17.8,18.4,5.2
3869519,2022-12-13,Semi-finals,Argentina,1,5,51,Croatia,12625,Borna Sosa,5456,Mateo Kovačić,Complete,16.4,18.8,3.9,35.2,3.9
3869519,2022-12-13,Semi-finals,Argentina,1,5,53,Croatia,5456,Mateo Kovačić,5474,Ivan Perišić,Complete,7.856844,37.1,4.2,42.4,10.0
3869519,2022-12-13,Semi-finals,Argentina,1,5,58,Croatia,5474,Ivan Perišić,11603,Mario Pašalić,Unknown,37.831863,45.2,25.9,63.7,58.9
3869519,2022-12-13,Semi-finals,Argentina,1,7,10,Croatia,29163,Josip Juranović,5463,Luka Modrić,Complete,21.780037,49.1,80.0,68.5,70.1
3869519,2022-12-13,Semi-finals,Argentina,1,7,12,Croatia,5463,Luka Modrić,11603,Mario Pašalić,Complete,8.036168,70.9,70.1,68.6,77.8
3869519,2022-12-13,Semi-finals,Argentina,1,7,13,Croatia,11603,Mario Pašalić,5469,Marcelo Brozović,Incomplete,27.156216,69.0,77.8,50.1,58.3
3869519,2022-12-13,Semi-finals,Argentina,1,7,19,Croatia,5469,Marcelo Brozović,33018,Joško Gvardiol,Complete,16.227446,41.0,46.8,37.3,31.0
3869519,2022-12-13,Semi-finals,Argentina,1,7,23,Croatia,33018,Joško Gvardiol,5456,Mateo Kovačić,Complete,2.9206164,49.5,27.5,51.8,29.3
3869519,2022-12-13,Semi-finals,Argentina,1,7,31,Croatia,5469,Marcelo Brozović,16531,Dominik Livaković,Complete,23.58686,16.3,22.9,6.6,44.4
3869519,2022-12-13,Semi-finals,Argentina,1,7,34,Croatia,16531,Dominik Livaković,12625,Borna Sosa,Incomplete,50.160145,6.9,44.6,47.1,14.6
3869519,2022-12-13,Semi-finals,Argentina,1,7,41,Croatia,33018,Joško Gvardiol,5469,Marcelo Brozović,Complete,16.204937,32.0,33.4,31.6,17.2
3869519,2022-12-13,Semi-finals,Argentina,1,7,43,Croatia,5469,Marcelo Brozović,12625,Borna Sosa,Complete,13.069813,31.4,17.1,38.3,6.0
3869519,2022-12-13,Semi-finals,Argentina,1,7,45,Croatia,12625,Borna Sosa,5469,Marcelo Brozović,Complete,6.4202805,38.5,5.8,33.4,9.7
3869519,2022-12-13,Semi-finals,Argentina,1,7,49,Croatia,5469,Marcelo Brozović,5456,Mateo Kovačić,Complete,11.130589,33.7,18.1,39.5,8.6
3869519,2022-12-13,Semi-finals,Argentina,1,7,53,Croatia,5456,Mateo Kovačić,5460,Andrej Kramarić,Complete,9.835141,46.3,7.6,55.6,10.8
3869519,2022-12-13,Semi-finals,Argentina,1,7,54,Croatia,5460,Andrej Kramarić,5456,Mateo Kovačić,Complete,8.497058,55.6,10.8,48.0,7.0
3869519,2022-12-13,Semi-finals,Argentina,1,7,56,Croatia,5456,Mateo Kovačić,5469,Marcelo Brozović,Complete,12.657409,49.0,7.0,40.1,16.0
3869519,2022-12-13,Semi-finals,Argentina,1,7,58,Croatia,5469,Marcelo Brozović,3471,Dejan Lovren,Complete,33.849815,38.3,17.2,32.8,50.6
3869519,2022-12-13,Semi-finals,Argentina,1,8,1,Croatia,3471,Dejan Lovren,5463,Luka Modrić,Complete,13.5948515,33.8,53.4,42.9,63.5
3869519,2022-12-13,Semi-finals,Argentina,1,8,3,Croatia,5463,Luka Modrić,29163,Josip Juranović,Complete,25.141201,44.9,64.4,67.1,76.2
3869519,2022-12-13,Semi-finals,Argentina,1,8,4,Croatia,29163,Josip Juranović,11603,Mario Pašalić,Incomplete,4.229657,67.1,76.2,71.3,75.7
3869519,2022-12-13,Semi-finals,Argentina,1,8,19,Croatia,29163,Josip Juranović,3471,Dejan Lovren,Complete,20.940392,74.7,80.0,55.0,72.9
3869519,2022-12-13,Semi-finals,Argentina,1,8,24,Croatia,3471,Dejan Lovren,33018,Joško Gvardiol,Complete,27.802877,50.1,68.7,42.7,41.9
3869519,2022-12-13,Semi-finals,Argentina,1,8,27,Croatia,33018,Joško Gvardiol,5469,Marcelo Brozović,Complete,11.907981,42.5,41.5,44.1,53.3
3869519,2022-12-13,Semi-finals,Argentina,1,8,32,Croatia,5469,Marcelo Brozović,5456,Mateo Kovačić,Complete,13.865424,46.6,49.8,59.1,43.8
3869519,2022-12-13,Semi-finals,Argentina,1,8,35,Croatia,5456,Mateo Kovačić,5463,Luka Modrić,Complete,11.236102,74.2,42.8,75.1,54.0
3869519,2022-12-13,Semi-finals,Argentina,1,8,38,Croatia,5463,Luka Modrić,11603,Mario Pašalić,Complete,16.980577,60.2,63.5,73.7,73.8
3869519,2022-12-13,Semi-finals,Argentina,1,8,41,Croatia,11603,Mario Pašalić,5469,Marcelo Brozović,Complete,19.739553,72.3,73.9,55.4,63.7
3869519,2022-12-13,Semi-finals,Argentina,1,8,44,Croatia,5469,Marcelo Brozović,33018,Joško Gvardiol,Complete,30.406742,52.6,53.7,68.2,27.6
3869519,2022-12-13,Semi-finals,Argentina,1,8,48,Croatia,33018,Joško Gvardiol,5460,Andrej Kramarić,Complete,11.962023,73.5,12.2,83.2,19.2
3869519,2022-12-13,Semi-finals,Argentina,1,8,50,Croatia,5460,Andrej Kramarić,5456,Mateo Kovačić,Complete,3.0,83.5,19.2,81.1,21.0
3869519,2022-12-13,Semi-finals,Argentina,1,8,52,Croatia,5456,Mateo Kovačić,12625,Borna Sosa,Complete,15.646405,83.5,19.2,94.0,7.6
3869519,2022-12-13,Semi-finals,Argentina,1,8,53,Croatia,12625,Borna Sosa,5474,Ivan Perišić,Complete,13.350656,94.8,5.3,96.8,18.5
3869519,2022-12-13,Semi-finals,Argentina,1,8,54,Croatia,5474,Ivan Perišić,,,Incomplete,16.609034,96.8,18.5,111.3,10.4
3869519,2022-12-13,Semi-finals,Argentina,1,9,51,Croatia,5474,Ivan Perišić,,,Incomplete,36.47259,107.9,0.1,113.1,36.2
3869519,2022-12-13,Semi-finals,Argentina,1,10,1,Croatia,33018,Joško Gvardiol,16531,Dominik Livaković,Complete,51.819782,82.4,9.4,36.9,34.2
3869519,2022-12-13,Semi-finals,Argentina,1,10,5,Croatia,16531,Dominik Livaković,3471,Dejan Lovren,Complete,14.338758,36.9,34.9,42.5,48.1
3869519,2022-12-13,Semi-finals,Argentina,1,10,10,Croatia,3471,Dejan Lovren,5469,Marcelo Brozović,Complete,27.7,42.9,56.9,42.9,29.2
3869519,2022-12-13,Semi-finals,Argentina,1,10,13,Croatia,5469,Marcelo Brozović,12625,Borna Sosa,Complete,31.53173,43.5,27.6,68.2,8.0
3869519,2022-12-13,Semi-finals,Argentina,1,10,16,Croatia,12625,Borna Sosa,5456,Mateo Kovačić,Complete,11.335784,70.4,5.8,69.5,17.1
3869519,2022-12-13,Semi-finals,Argentina,1,10,18,Croatia,5456,Mateo Kovačić,33018,Joško Gvardiol,Complete,16.694012,70.9,10.4,55.4,4.2
3869519,2022-12-13,Semi-finals,Argentina,1,10,20,Croatia,33018,Joško Gvardiol,5469,Marcelo Brozović,Complete,16.144348,55.6,4.8,44.8,16.8
3869519,2022-12-13,Semi-finals,Argentina,1,10,24,Croatia,5469,Marcelo Brozović,3471,Dejan Lovren,Complete,37.82724,45.2,19.5,48.3,57.2
3869519,2022-12-13,Semi-finals,Argentina,1,10,26,Croatia,3471,Dejan Lovren,5469,Marcelo Brozović,Complete,17.235138,49.8,65.1,44.5,48.7
3869519,2022-12-13,Semi-finals,Argentina,1,10,28,Croatia,5469,Marcelo Brozović,33018,Joško Gvardiol,Complete,27.83469,44.5,48.4,49.4,21.0
3869519,2022-12-13,Semi-finals,Argentina,1,10,32,Croatia,33018,Joško Gvardiol,12625,Borna Sosa,Complete,29.014652,52.6,12.0,80.9,5.6
3869519,2022-12-13,Semi-finals,Argentina,1,10,35,Croatia,12625,Borna Sosa,33018,Joško Gvardiol,Complete,24.19132,79.1,18.5,55.0,16.4
3869519,2022-12-13,Semi-finals,Argentina,1,10,38,Croatia,33018,Joško Gvardiol,5469,Marcelo Brozović,Complete,9.773945,54.0,16.4,55.2,26.1
3869519,2022-12-13,Semi-finals,Argentina,1,10,43,Croatia,5469,Marcelo Brozović,5456,Mateo Kovačić,Complete,14.355835,54.3,32.7,60.8,19.9
3869519,2022-12-13,Semi-finals,Argentina,1,10,46,Croatia,5456,Mateo Kovačić,5474,Ivan Perišić,Complete,21.410746,67.6,24.5,75.5,4.6
3869519,2022-12-13,Semi-finals,Argentina,1,10,47,Croatia,5474,Ivan Perišić,33018,Joško Gvardiol,Complete,25.495098,74.9,5.6,52.3,17.4
3869519,2022-12-13,Semi-finals,Argentina,1,10,50,Croatia,33018,Joško Gvardiol,5463,Luka Modrić,Complete,29.247906,52.8,19.1,56.6,48.1
3869519,2022-12-13,Semi-finals,Argentina,1,10,53,Croatia,5463,Luka Modrić,5469,Marcelo Brozović,Complete,13.411189,56.6,48.1,68.1,41.2
3869519,2022-12-13,Semi-finals,Argentina,1,10,55,Croatia,5469,Marcelo Brozović,5474,Ivan Perišić,Complete,25.456825,66.5,41.9,74.7,17.8
3869519,2022-12-13,Semi-finals,Argentina,1,10,59,Croatia,5474,Ivan Perišić,33018,Joško Gvardiol,Complete,11.046267,63.7,13.9,53.8,18.8
3869519,2022-12-13,Semi-finals,Argentina,1,11,2,Croatia,33018,Joško Gvardiol,5474,Ivan Perišić,Complete,6.618912,54.0,20.9,57.0,15.0
3869519,2022-12-13,Semi-finals,Argentina,1,11,5,Croatia,5474,Ivan Perišić,5456,Mateo Kovačić,Complete,6.4132676,57.4,15.0,58.6,21.3
3869519,2022-12-13,Semi-finals,Argentina,1,11,6,Croatia,5456,Mateo Kovačić,33018,Joško Gvardiol,Complete,12.739309,58.6,21.3,45.9,20.3
3869519,2022-12-13,Semi-finals,Argentina,1,11,10,Croatia,33018,Joško Gvardiol,5456,Mateo Kovačić,Complete,11.144954,46.9,21.3,58.0,20.3
3869519,2022-12-13,Semi-finals,Argentina,1,11,11,Croatia,5456,Mateo Kovačić,5469,Marcelo Brozović,Complete,9.403191,57.4,20.3,52.3,28.2
3869519,2022-12-13,Semi-finals,Argentina,1,11,13,Croatia,5469,Marcelo Brozović,5456,Mateo Kovačić,Complete,11.21606,56.4,29.9,66.8,25.7
3869519,2022-12-13,Semi-finals,Argentina,1,11,14,Croatia,5456,Mateo Kovačić,5460,Andrej Kramarić,Complete,14.56022,68.5,28.2,73.7,41.8
3869519,2022-12-13,Semi-finals,Argentina,1,11,15,Croatia,5460,Andrej Kramarić,5456,Mateo Kovačić,Complete,10.767079,73.3,44.9,74.5,34.2
3869519,2022-12-13,Semi-finals,Argentina,1,11,17,Croatia,5456,Mateo Kovačić,5469,Marcelo Brozović,Complete,6.670832,76.1,33.9,71.0,29.6
3869519,2022-12-13,Semi-finals,Argentina,1,11,18,Croatia,5469,Marcelo Brozović,12625,Borna Sosa,Complete,26.709175,71.7,29.7,86.4,7.4
3869519,2022-12-13,Semi-finals,Argentina,1,11,20,Croatia,12625,Borna Sosa,5474,Ivan Perišić,Incomplete,23.047125,86.4,5.8,109.3,8.4
3869519,2022-12-13,Semi-finals,Argentina,1,11,36,Croatia,5474,Ivan Perišić,5456,Mateo Kovačić,Complete,14.780054,108.5,0.1,94.3,4.2
3869519,2022-12-13,Semi-finals,Argentina,1,11,37,Croatia,5456,Mateo Kovačić,5469,Marcelo Brozović,Complete,11.511733,92.2,3.9,90.6,15.3
3869519,2022-12-13,Semi-finals,Argentina,1,11,38,Croatia,5469,Marcelo Brozović,3471,Dejan Lovren,Complete,28.915394,90.4,14.0,63.7,25.1
3869519,2022-12-13,Semi-finals,Argentina,1,11,44,Croatia,3471,Dejan Lovren,5469,Marcelo Brozović,Complete,13.507405,58.2,35.2,67.6,25.5
3869519,2022-12-13,Semi-finals,Argentina,1,11,46,Croatia,5469,Marcelo Brozović,5456,Mateo Kovačić,Complete,8.931965,68.2,24.8,76.5,21.5
3869519,2022-12-13,Semi-finals,Argentina,1,11,48,Croatia,5456,Mateo Kovačić,12625,Borna Sosa,Complete,19.936148,74.9,21.9,87.8,6.7
3869519,2022-12-13,Semi-finals,Argentina,1,11,53,Croatia,12625,Borna Sosa,,,Incomplete,10.261579,95.8,11.8,98.5,21.7
3869519,2022-12-13,Semi-finals,Argentina,1,12,1,Croatia,5474,Ivan Perišić,12625,Borna Sosa,Complete,17.301155,113.1,7.6,95.8,7.8
3869519,2022-12-13,Semi-finals,Argentina,1,12,2,Croatia,12625,Borna Sosa,5456,Mateo Kovačić,Complete,6.0133185,95.8,8.0,95.4,14.0
3869519,2022-12-13,Semi-finals,Argentina,1,12,3,Croatia,5456,Mateo Kovačić,33018,Joško Gvardiol,Complete,12.907749,95.4,14.0,83.5,9.0
3869519,2022-12-13,Semi-finals,Argentina,1,12,5,Croatia,33018,Joško Gvardiol,5469,Marcelo Brozović,Complete,8.823265,82.8,10.0,77.7,17.2
3869519,2022-12-13,Semi-finals,Argentina,1,12,8,Croatia,5469,Marcelo Brozović,5463,Luka Modrić,Complete,15.12878,73.3,23.9,67.1,37.7
3869519,2022-12-13,Semi-finals,Argentina,1,12,9,Croatia,5463,Luka Modrić,33018,Joško Gvardiol,Complete,20.90598,65.4,32.0,69.5,11.5
3869519,2022-12-13,Semi-finals,Argentina,1,12,13,Croatia,33018,Joško Gvardiol,5469,Marcelo Brozović,Complete,14.389232,69.0,12.6,81.4,19.9
3869519,2022-12-13,Semi-finals,Argentina,1,12,54,Croatia,29163,Josip Juranović,5463,Luka Modrić,Complete,5.470832,34.2,67.2,38.9,70.0
3869519,2022-12-13,Semi-finals,Argentina,1,12,55,Croatia,5463,Luka Modrić,11603,Mario Pašalić,Complete,8.203658,38.9,70.0,33.0,75.7
3869519,2022-12-13,Semi-finals,Argentina,1,12,56,Croatia,11603,Mario Pašalić,29163,Josip Juranović,Incomplete,34.62831,32.0,75.0,66.6,73.6
3869519,2022-12-13,Semi-finals,Argentina,1,13,14,Croatia,16531,Dominik Livaković,5469,Marcelo Brozović,Complete,18.5,13.8,45.4,32.3,45.4
3869519,2022-12-13,Semi-finals,Argentina,1,13,18,Croatia,5469,Marcelo Brozović,5460,Andrej Kramarić,Complete,24.821966,25.4,28.9,42.7,11.1
3869519,2022-12-13,Semi-finals,Argentina,1,13,21,Croatia,5460,Andrej Kramarić,12625,Borna Sosa,Complete,13.764084,46.9,4.9,33.7,8.8
3869519,2022-12-13,Semi-finals,Argentina,1,13,24,Croatia,12625,Borna Sosa,33018,Joško Gvardiol,Complete,18.315294,33.3,8.6,20.5,21.7
3869519,2022-12-13,Semi-finals,Argentina,1,13,30,Croatia,33018,Joško Gvardiol,3471,Dejan Lovren,Complete,29.200686,24.8,21.7,25.0,50.9
3869519,2022-12-13,Semi-finals,Argentina,1,13,32,Croatia,3471,Dejan Lovren,5463,Luka Modrić,Complete,12.657409,25.0,50.9,30.5,62.3
3869519,2022-12-13,Semi-finals,Argentina,1,13,37,Croatia,5463,Luka Modrić,3471,Dejan Lovren,Complete,13.921566,30.2,65.8,26.8,52.3
3869519,2022-12-13,Semi-finals,Argentina,1,13,39,Croatia,3471,Dejan Lovren,33018,Joško Gvardiol,Complete,38.03117,28.2,52.0,35.1,14.6
3869519,2022-12-13,Semi-finals,Argentina,1,13,44,Croatia,33018,Joško Gvardiol,3471,Dejan Lovren,Complete,20.160357,38.0,13.4,26.0,29.6
3869519,2022-12-13,Semi-finals,Argentina,1,13,50,Croatia,3471,Dejan Lovren,29163,Josip Juranović,Incomplete,67.54865,38.9,35.6,102.8,57.5
3869519,2022-12-13,Semi-finals,Argentina,1,14,25,Croatia,29163,Josip Juranović,5474,Ivan Perišić,Complete,32.3311,93.6,80.0,105.9,50.1
3869519,2022-12-13,Semi-finals,Argentina,1,14,27,Croatia,5474,Ivan Perišić,,,Incomplete,14.312582,105.9,50.1,106.5,35.8
3869519,2022-12-13,Semi-finals,Argentina,1,14,32,Croatia,12625,Borna Sosa,5460,Andrej Kramarić,Complete,11.1830225,89.5,15.3,98.6,8.8
3869519,2022-12-13,Semi-finals,Argentina,1,14,33,Croatia,5460,Andrej Kramarić,5456,Mateo Kovačić,Complete,15.347313,98.1,8.4,90.8,21.9
3869519,2022-12-13,Semi-finals,Argentina,1,14,34,Croatia,5456,Mateo Kovačić,5469,Marcelo Brozović,Complete,11.700427,90.8,22.4,79.1,22.3
3869519,2022-12-13,Semi-finals,Argentina,1,14,40,Croatia,5469,Marcelo Brozović,5456,Mateo Kovačić,Complete,10.804628,63.7,19.1,65.2,8.4
3869519,2022-12-13,Semi-finals,Argentina,1,14,41,Croatia,5456,Mateo Kovačić,33018,Joško Gvardiol,Complete,19.557608,63.7,8.8,49.0,21.7
3869519,2022-12-13,Semi-finals,Argentina,1,14,46,Croatia,33018,Joško Gvardiol,5469,Marcelo Brozović,Complete,11.772,50.9,23.4,62.6,24.7
3869519,2022-12-13,Semi-finals,Argentina,1,14,48,Croatia,5469,Marcelo Brozović,33018,Joško Gvardiol,Complete,9.881295,57.4,21.7,49.4,27.5
3869519,2022-12-13,Semi-finals,Argentina,1,14,50,Croatia,33018,Joško Gvardiol,5460,Andrej Kramarić,Complete,16.30828,49.4,27.5,64.4,33.9
3869519,2022-12-13,Semi-finals,Argentina,1,14,52,Croatia,5460,Andrej Kramarić,12625,Borna Sosa,Complete,23.794537,63.4,32.7,71.7,10.4
3869519,2022-12-13,Semi-finals,Argentina,1,14,55,Croatia,12625,Borna Sosa,5469,Marcelo Brozović,Complete,17.672577,69.0,10.6,51.4,12.2
3869519,2022-12-13,Semi-finals,Argentina,1,14,58,Croatia,5469,Marcelo Brozović,3471,Dejan Lovren,Complete,44.01375,51.5,12.2,52.6,56.2
3869519,2022-12-13,Semi-finals,Argentina,1,15,3,Croatia,3471,Dejan Lovren,29163,Josip Juranović,Complete,22.643322,64.0,66.3,84.6,75.7
3869519,2022-12-13,Semi-finals,Argentina,1,15,4,Croatia,29163,Josip Juranović,5463,Luka Modrić,Complete,10.783784,84.6,76.7,94.4,72.2
3869519,2022-12-13,Semi-finals,Argentina,1,15,5,Croatia,5463,Luka Modrić,29163,Josip Juranović,Complete,8.766413,97.8,70.5,89.9,74.3
3869519,2022-12-13,Semi-finals,Argentina,1,15,7,Croatia,29163,Josip Juranović,5463,Luka Modrić,Complete,4.6957426,87.1,73.9,89.2,78.1
3869519,2022-12-13,Semi-finals,Argentina,1,15,10,Croatia,5463,Luka Modrić,,,Incomplete,4.924429,93.7,73.8,94.8,69.0
3869519,2022-12-13,Semi-finals,Argentina,1,15,14,Croatia,5463,Luka Modrić,29163,Josip Juranović,Complete,11.51043,103.3,67.7,113.3,73.4
3869519,2022-12-13,Semi-finals,Argentina,1,15,15,Croatia,29163,Josip Juranović,,,Incomplete,5.3935146,113.9,73.6,114.9,68.3
3869519,2022-12-13,Semi-finals,Argentina,1,15,45,Croatia,5463,Luka Modrić,5456,Mateo Kovačić,Complete,17.0511,120.0,80.0,115.7,63.5
3869519,2022-12-13,Semi-finals,Argentina,1,15,46,Croatia,5456,Mateo Kovačić,5463,Luka Modrić,Complete,12.753431,114.7,62.7,109.4,74.3
3869519,2022-12-13,Semi-finals,Argentina,1,15,48,Croatia,5463,Luka Modrić,29163,Josip Juranović,Complete,6.1611686,105.9,73.9,111.9,75.3
3869519,2022-12-13,Semi-finals,Argentina,1,15,49,Croatia,29163,Josip Juranović,3471,Dejan Lovren,Complete,47.655537,112.7,75.3,115.0,27.7
3869519,2022-12-13,Semi-finals,Argentina,1,16,57,Croatia,33018,Joško Gvardiol,12625,Borna Sosa,Complete,12.929423,49.5,19.2,55.6,7.8
3869519,2022-12-13,Semi-finals,Argentina,1,17,0,Croatia,12625,Borna Sosa,5460,Andrej Kramarić,Complete,24.288681,69.6,6.7,80.9,28.2
3869519,2022-12-13,Semi-finals,Argentina,1,17,4,Croatia,5460,Andrej Kramarić,29163,Josip Juranović,Complete,34.16577,75.1,36.6,65.2,69.3
3869519,2022-12-13,Semi-finals,Argentina,1,17,7,Croatia,29163,Josip Juranović,5463,Luka Modrić,Complete,12.226201,65.2,69.7,64.4,57.5
3869519,2022-12-13,Semi-finals,Argentina,1,17,8,Croatia,5463,Luka Modrić,5460,Andrej Kramarić,Incomplete,18.439089,64.7,57.5,76.7,43.5
3869519,2022-12-13,Semi-finals,Argentina,1,17,12,Croatia,5469,Marcelo Brozović,5456,Mateo Kovačić,Complete,8.188406,64.0,43.8,67.9,36.6
3869519,2022-12-13,Semi-finals,Argentina,1,17,13,Croatia,5456,Mateo Kovačić,5469,Marcelo Brozović,Complete,6.68431,67.6,35.8,62.4,40.0
3869519,2022-12-13,Semi-finals,Argentina,1,17,14,Croatia,5469,Marcelo Brozović,12625,Borna Sosa,Complete,36.52068,62.4,39.6,80.0,7.6
3869519,2022-12-13,Semi-finals,Argentina,1,17,18,Croatia,12625,Borna Sosa,,,Out,49.53312,91.2,8.1,120.0,48.4
3869519,2022-12-13,Semi-finals,Argentina,1,17,52,Croatia,3471,Dejan Lovren,,,Incomplete,16.103725,41.8,26.9,55.6,18.6
3869519,2022-12-13,Semi-finals,Argentina,1,18,21,Croatia,5463,Luka Modrić,5456,Mateo Kovačić,Complete,24.867046,49.4,69.3,60.8,47.2
3869519,2022-12-13,Semi-finals,Argentina,1,18,45,Croatia,5463,Luka Modrić,5456,Mateo Kovačić,Complete,9.708244,75.6,41.2,72.5,32.0
3869519,2022-12-13,Semi-finals,Argentina,1,18,48,Croatia,5456,Mateo Kovačić,3471,Dejan Lovren,Complete,23.57223,72.5,31.7,65.8,54.3
3869519,2022-12-13,Semi-finals,Argentina,1,18,51,Croatia,3471,Dejan Lovren,29163,Josip Juranović,Complete,20.779316,66.8,55.7,74.5,75.0
3869519,2022-12-13,Semi-finals,Argentina,1,18,53,Croatia,29163,Josip Juranović,5460,Andrej Kramarić,Complete,9.642096,74.7,76.4,84.3,77.3
3869519,2022-12-13,Semi-finals,Argentina,1,18,54,Croatia,5460,Andrej Kramarić,29163,Josip Juranović,Complete,12.931357,84.7,77.3,71.8,76.4
3869519,2022-12-13,Semi-finals,Argentina,1,18,56,Croatia,29163,Josip Juranović,3471,Dejan Lovren,Complete,24.375603,70.3,75.7,46.7,69.6
3869519,2022-12-13,Semi-finals,Argentina,1,18,59,Croatia,3471,Dejan Lovren,33018,Joško Gvardiol,Complete,37.738308,45.2,69.0,43.5,31.3
3869519,2022-12-13,Semi-finals,Argentina,1,19,2,Croatia,33018,Joško Gvardiol,12625,Borna Sosa,Complete,21.72487,44.1,29.6,57.5,12.5
3869519,2022-12-13,Semi-finals,Argentina,1,19,6,Croatia,12625,Borna Sosa,33018,Joško Gvardiol,Complete,19.02761,61.9,12.2,45.3,21.5
3869519,2022-12-13,Semi-finals,Argentina,1,19,10,Croatia,33018,Joško Gvardiol,5460,Andrej Kramarić,Complete,31.626097,45.2,21.3,74.7,32.7
3869519,2022-12-13,Semi-finals,Argentina,1,19,45,Croatia,5469,Marcelo Brozović,5474,Ivan Perišić,Complete,19.498205,77.3,15.0,93.6,4.3
3869519,2022-12-13,Semi-finals,Argentina,1,19,47,Croatia,5474,Ivan Perišić,12625,Borna Sosa,Complete,22.203604,93.6,4.6,71.4,4.2
3869519,2022-12-13,Semi-finals,Argentina,1,19,49,Croatia,12625,Borna Sosa,5456,Mateo Kovačić,Complete,7.641989,72.8,4.8,67.6,10.4
3869519,2022-12-13,Semi-finals,Argentina,1,19,52,Croatia,5456,Mateo Kovačić,5463,Luka Modrić,Complete,10.394711,67.6,12.0,69.0,22.3
3869519,2022-12-13,Semi-finals,Argentina,1,19,53,Croatia,5463,Luka Modrić,5456,Mateo Kovačić,Complete,9.027182,65.4,20.5,66.1,11.5
3869519,2022-12-13,Semi-finals,Argentina,1,19,54,Croatia,5456,Mateo Kovačić,33018,Joško Gvardiol,Complete,19.498718,66.1,11.5,48.7,20.3
3869519,2022-12-13,Semi-finals,Argentina,1,19,57,Croatia,33018,Joško Gvardiol,5463,Luka Modrić,Complete,12.491998,46.3,21.5,50.4,9.7
3869519,2022-12-13,Semi-finals,Argentina,1,19,59,Croatia,5463,Luka Modrić,12625,Borna Sosa,Complete,14.983324,50.8,9.7,64.3,3.2
3869519,2022-12-13,Semi-finals,Argentina,1,21,24,Croatia,11603,Mario Pašalić,5456,Mateo Kovačić,Complete,21.122736,20.5,46.8,37.6,34.4
3869519,2022-12-13,Semi-finals,Argentina,1,22,20,Croatia,16531,Dominik Livaković,33018,Joško Gvardiol,Complete,11.962023,7.0,36.1,11.7,25.1
3869519,2022-12-13,Semi-finals,Argentina,1,22,26,Croatia,33018,Joško Gvardiol,3471,Dejan Lovren,Complete,23.400213,11.4,26.2,11.5,49.6
3869519,2022-12-13,Semi-finals,Argentina,1,22,30,Croatia,3471,Dejan Lovren,29163,Josip Juranović,Complete,15.116878,11.1,61.3,15.7,75.7
3869519,2022-12-13,Semi-finals,Argentina,1,22,32,Croatia,29163,Josip Juranović,5463,Luka Modrić,Complete,20.041208,14.9,77.0,34.7,73.9
3869519,2022-12-13,Semi-finals,Argentina,1,22,33,Croatia,5463,Luka Modrić,11603,Mario Pašalić,Incomplete,3.3,32.8,77.0,36.1,77.0
3869519,2022-12-13,Semi-finals,Argentina,1,22,46,Croatia,29163,Josip Juranović,5463,Luka Modrić,Complete,7.2138753,32.7,80.0,37.9,75.0
3869519,2022-12-13,Semi-finals,Argentina,1,22,47,Croatia,5463,Luka Modrić,29163,Josip Juranović,Complete,7.6661596,39.0,74.2,32.4,78.1
3869519,2022-12-13,Semi-finals,Argentina,1,22,49,Croatia,29163,Josip Juranović,5463,Luka Modrić,Incomplete,1.9646883,31.9,78.1,33.8,77.6
3869519,2022-12-13,Semi-finals,Argentina,1,22,59,Croatia,29163,Josip Juranović,5456,Mateo Kovačić,Complete,19.902262,32.3,80.0,41.0,62.1
3869519,2022-12-13,Semi-finals,Argentina,1,23,0,Croatia,5456,Mateo Kovačić,,,Incomplete,10.5,41.0,62.7,47.3,71.1
3869519,2022-12-13,Semi-finals,Argentina,1,23,3,Croatia,33018,Joško Gvardiol,5469,Marcelo Brozović,Complete,7.4330344,30.2,51.5,35.7,56.5
3869519,2022-12-13,Semi-finals,Argentina,1,23,4,Croatia,5469,Marcelo Brozović,12625,Borna Sosa,Complete,39.21492,35.9,56.9,38.9,17.8
3869519,2022-12-13,Semi-finals,Argentina,1,23,7,Croatia,12625,Borna Sosa,,,Incomplete,30.558796,39.7,18.6,61.9,39.6
3869519,2022-12-13,Semi-finals,Argentina,1,23,11,Croatia,3471,Dejan Lovren,29163,Josip Juranović,Complete,20.529491,32.4,50.9,31.3,71.4
3869519,2022-12-13,Semi-finals,Argentina,1,23,14,Croatia,29163,Josip Juranović,5463,Luka Modrić,Complete,8.477028,35.5,75.0,33.0,66.9
3869519,2022-12-13,Semi-finals,Argentina,1,23,17,Croatia,5463,Luka Modrić,11603,Mario Pašalić,Complete,22.917242,40.4,77.6,63.0,73.8
3869519,2022-12-13,Semi-finals,Argentina,1,23,20,Croatia,11603,Mario Pašalić,5469,Marcelo Brozović,Complete,14.827339,59.4,73.4,49.8,62.1
3869519,2022-12-13,Semi-finals,Argentina,1,23,23,Croatia,5469,Marcelo Brozović,12625,Borna Sosa,Complete,30.63201,48.1,51.5,49.5,20.9
3869519,2022-12-13,Semi-finals,Argentina,1,23,26,Croatia,12625,Borna Sosa,5474,Ivan Perišić,Complete,16.917742,53.8,21.3,65.2,8.8
3869519,2022-12-13,Semi-finals,Argentina,1,23,30,Croatia,5474,Ivan Perišić,33018,Joško Gvardiol,Complete,12.89496,60.2,11.5,55.0,23.3
3869519,2022-12-13,Semi-finals,Argentina,1,23,33,Croatia,33018,Joško Gvardiol,12625,Borna Sosa,Incomplete,26.02787,65.1,18.1,89.9,10.2
3869519,2022-12-13,Semi-finals,Argentina,1,24,14,Croatia,12625,Borna Sosa,,,Out,39.484932,1.7,21.5,35.2,0.6
3869519,2022-12-13,Semi-finals,Argentina,1,24,39,Croatia,5474,Ivan Perišić,,,Incomplete,52.203064,4.1,12.6,56.1,8.0
3869519,2022-12-13,Semi-finals,Argentina,1,25,4,Croatia,5456,Mateo Kovačić,5460,Andrej Kramarić,Incomplete,57.024292,53.2,26.5,107.6,43.6
3869519,2022-12-13,Semi-finals,Argentina,1,25,33,Croatia,5474,Ivan Perišić,12625,Borna Sosa,Complete,9.899495,45.3,16.4,35.5,17.8
3869519,2022-12-13,Semi-finals,Argentina,1,25,34,Croatia,12625,Borna Sosa,3471,Dejan Lovren,Complete,16.410973,35.7,16.3,35.1,32.7
3869519,2022-12-13,Semi-finals,Argentina,1,25,37,Croatia,3471,Dejan Lovren,5469,Marcelo Brozović,Complete,14.300349,34.8,39.1,38.9,25.4
3869519,2022-12-13,Semi-finals,Argentina,1,25,38,Croatia,5469,Marcelo Brozović,29163,Josip Juranović,Complete,38.10643,38.9,25.4,30.2,62.5
3869519,2022-12-13,Semi-finals,Argentina,1,25,45,Croatia,29163,Josip Juranović,11603,Mario Pašalić,Incomplete,18.417383,26.4,77.0,44.8,76.2
3869519,2022-12-13,Semi-finals,Argentina,1,26,1,Croatia,5456,Mateo Kovačić,5460,Andrej Kramarić,Complete,24.5204,70.0,40.1,90.6,53.4
3869519,2022-12-13,Semi-finals,Argentina,1,27,18,Croatia,5463,Luka Modrić,,,Incomplete,26.622171,90.8,57.1,106.5,35.6
3869519,2022-12-13,Semi-finals,Argentina,1,28,29,Croatia,16531,Dominik Livaković,3471,Dejan Lovren,Complete,8.514693,7.0,44.1,11.7,51.2
3869519,2022-12-13,Semi-finals,Argentina,1,28,33,Croatia,3471,Dejan Lovren,29163,Josip Juranović,Complete,22.548836,16.6,53.7,24.0,75.0
3869519,2022-12-13,Semi-finals,Argentina,1,28,36,Croatia,29163,Josip Juranović,3471,Dejan Lovren,Complete,16.93074,24.0,75.6,15.6,60.9
3869519,2022-12-13,Semi-finals,Argentina,1,28,40,Croatia,3471,Dejan Lovren,5469,Marcelo Brozović,Complete,11.525623,18.4,59.5,25.6,50.5
3869519,2022-12-13,Semi-finals,Argentina,1,28,44,Croatia,5469,Marcelo Brozović,3471,Dejan Lovren,Complete,10.701869,26.0,50.2,26.2,60.9
3869519,2022-12-13,Semi-finals,Argentina,1,28,47,Croatia,3471,Dejan Lovren,16531,Dominik Livaković,Complete,28.927841,26.2,60.5,7.3,38.6
3869519,2022-12-13,Semi-finals,Argentina,1,28,53,Croatia,16531,Dominik Livaković,3471,Dejan Lovren,Complete,17.772451,16.7,41.0,19.8,58.5
3869519,2022-12-13,Semi-finals,Argentina,1,28,57,Croatia,3471,Dejan Lovren,5460,Andrej Kramarić,Incomplete,56.29103,33.0,70.0,89.2,66.8
3869519,2022-12-13,Semi-finals,Argentina,1,29,5,Croatia,11603,Mario Pašalić,29163,Josip Juranović,Complete,9.899495,81.1,78.4,71.3,77.0
3869519,2022-12-13,Semi-finals,Argentina,1,29,6,Croatia,29163,Josip Juranović,5463,Luka Modrić,Complete,6.926038,71.3,77.0,70.7,70.1
3869519,2022-12-13,Semi-finals,Argentina,1,29,7,Croatia,5463,Luka Modrić,5469,Marcelo Brozović,Complete,6.382006,71.3,72.0,66.1,68.3
3869519,2022-12-13,Semi-finals,Argentina,1,29,33,Croatia,29163,Josip Juranović,5463,Luka Modrić,Complete,6.747592,101.0,80.0,96.7,74.8
3869519,2022-12-13,Semi-finals,Argentina,1,29,36,Croatia,5463,Luka Modrić,5469,Marcelo Brozović,Complete,16.003124,96.8,74.8,108.7,64.1
3869519,2022-12-13,Semi-finals,Argentina,1,29,42,Croatia,5469,Marcelo Brozović,,,Incomplete,14.063072,114.2,78.4,101.3,72.8
3869519,2022-12-13,Semi-finals,Argentina,1,29,51,Croatia,33018,Joško Gvardiol,5456,Mateo Kovačić,Complete,8.158431,63.8,66.9,71.8,65.3
3869519,2022-12-13,Semi-finals,Argentina,1,29,52,Croatia,5456,Mateo Kovačić,5469,Marcelo Brozović,Complete,6.7742157,71.8,65.5,77.6,69.0
3869519,2022-12-13,Semi-finals,Argentina,1,29,54,Croatia,5469,Marcelo Brozović,3471,Dejan Lovren,Complete,15.164762,76.5,68.7,61.9,72.8
3869519,2022-12-13,Semi-finals,Argentina,1,29,57,Croatia,3471,Dejan Lovren,12625,Borna Sosa,Complete,53.249695,57.5,73.8,59.8,20.6
3869519,2022-12-13,Semi-finals,Argentina,1,30,1,Croatia,12625,Borna Sosa,5460,Andrej Kramarić,Complete,14.894965,60.8,19.9,68.9,7.4
3869519,2022-12-13,Semi-finals,Argentina,1,30,3,Croatia,5460,Andrej Kramarić,12625,Borna Sosa,Complete,23.49234,67.2,5.8,43.9,8.8
3869519,2022-12-13,Semi-finals,Argentina,1,30,6,Croatia,12625,Borna Sosa,16531,Dominik Livaković,Complete,28.076502,26.7,18.2,6.5,37.7
3869519,2022-12-13,Semi-finals,Argentina,1,30,9,Croatia,16531,Dominik Livaković,33018,Joško Gvardiol,Complete,12.900388,6.6,39.0,19.5,39.1
3869519,2022-12-13,Semi-finals,Argentina,1,30,13,Croatia,33018,Joško Gvardiol,3471,Dejan Lovren,Complete,18.27895,19.0,47.7,24.6,65.1
3869519,2022-12-13,Semi-finals,Argentina,1,30,16,Croatia,3471,Dejan Lovren,5463,Luka Modrić,Complete,13.805796,27.2,69.0,38.0,77.6
3869519,2022-12-13,Semi-finals,Argentina,1,30,22,Croatia,5463,Luka Modrić,5460,Andrej Kramarić,Complete,22.622555,68.5,77.4,81.8,59.1
3869519,2022-12-13,Semi-finals,Argentina,1,30,25,Croatia,5460,Andrej Kramarić,11603,Mario Pašalić,Complete,17.376133,77.3,66.3,82.1,49.6
3869519,2022-12-13,Semi-finals,Argentina,1,30,27,Croatia,11603,Mario Pašalić,5456,Mateo Kovačić,Complete,12.303658,82.5,47.2,82.8,34.9
3869519,2022-12-13,Semi-finals,Argentina,1,30,29,Croatia,5456,Mateo Kovačić,5474,Ivan Perišić,Complete,22.507776,88.5,29.6,105.1,14.4
3869519,2022-12-13,Semi-finals,Argentina,1,34,53,Croatia,5460,Andrej Kramarić,5469,Marcelo Brozović,Complete,12.73185,61.0,40.1,48.3,41.0
3869519,2022-12-13,Semi-finals,Argentina,1,34,56,Croatia,5469,Marcelo Brozović,5463,Luka Modrić,Complete,12.5,47.7,41.2,47.7,53.7
3869519,2022-12-13,Semi-finals,Argentina,1,34,57,Croatia,5463,Luka Modrić,5469,Marcelo Brozović,Complete,9.489468,47.6,54.0,46.3,44.6
3869519,2022-12-13,Semi-finals,Argentina,1,34,58,Croatia,5469,Marcelo Brozović,33018,Joško Gvardiol,Complete,15.6371355,44.9,43.8,39.3,29.2
3869519,2022-12-13,Semi-finals,Argentina,1,35,5,Croatia,33018,Joško Gvardiol,16531,Dominik Livaković,Complete,29.189896,24.8,20.6,7.9,44.4
3869519,2022-12-13,Semi-finals,Argentina,1,35,8,Croatia,16531,Dominik Livaković,3471,Dejan Lovren,Complete,22.279362,8.3,45.2,23.7,61.3
3869519,2022-12-13,Semi-finals,Argentina,1,35,19,Croatia,3471,Dejan Lovren,5469,Marcelo Brozović,Complete,7.7,33.8,75.6,33.8,67.9
3869519,2022-12-13,Semi-finals,Argentina,1,35,27,Croatia,5469,Marcelo Brozović,33018,Joško Gvardiol,Complete,16.371317,45.5,25.1,49.4,9.2
3869519,2022-12-13,Semi-finals,Argentina,1,35,33,Croatia,33018,Joško Gvardiol,5456,Mateo Kovačić,Complete,13.130879,50.0,10.6,50.9,23.7
3869519,2022-12-13,Semi-finals,Argentina,1,35,33,Croatia,5456,Mateo Kovačić,33018,Joško Gvardiol,Complete,13.736448,50.9,23.7,51.9,10.0
3869519,2022-12-13,Semi-finals,Argentina,1,35,34,Croatia,33018,Joško Gvardiol,12625,Borna Sosa,Complete,24.45588,51.9,10.0,75.9,5.3
3869519,2022-12-13,Semi-finals,Argentina,1,35,36,Croatia,12625,Borna Sosa,5460,Andrej Kramarić,Incomplete,4.1303754,83.8,3.9,84.3,8.0
3869519,2022-12-13,Semi-finals,Argentina,1,35,43,Croatia,3471,Dejan Lovren,16531,Dominik Livaković,Complete,22.051077,25.4,24.7,6.9,36.7
3869519,2022-12-13,Semi-finals,Argentina,1,35,46,Croatia,16531,Dominik Livaković,5463,Luka Modrić,Complete,19.700254,8.3,41.8,24.0,53.7
3869519,2022-12-13,Semi-finals,Argentina,1,35,49,Croatia,5463,Luka Modrić,5469,Marcelo Brozović,Complete,13.961734,22.3,58.3,30.5,47.0
3869519,2022-12-13,Semi-finals,Argentina,1,35,52,Croatia,5469,Marcelo Brozović,5456,Mateo Kovačić,Complete,7.738863,36.9,33.4,43.9,36.7
3869519,2022-12-13,Semi-finals,Argentina,1,35,52,Croatia,5456,Mateo Kovačić,5463,Luka Modrić,Complete,19.723083,43.5,36.6,35.9,54.8
3869519,2022-12-13,Semi-finals,Argentina,1,35,55,Croatia,5463,Luka Modrić,5469,Marcelo Brozović,Complete,26.84958,36.2,54.8,42.5,28.7
3869519,2022-12-13,Semi-finals,Argentina,1,35,59,Croatia,5469,Marcelo Brozović,12625,Borna Sosa,Complete,22.896505,63.3,16.8,82.8,4.8
3869519,2022-12-13,Semi-finals,Argentina,1,36,1,Croatia,12625,Borna Sosa,5474,Ivan Perišić,Incomplete,4.3289723,83.8,3.8,88.1,4.3
3869519,2022-12-13,Semi-finals,Argentina,1,36,10,Croatia,5474,Ivan Perišić,5469,Marcelo Brozović,Complete,15.384408,99.0,0.1,84.2,4.3
3869519,2022-12-13,Semi-finals,Argentina,1,36,16,Croatia,5469,Marcelo Brozović,5456,Mateo Kovačić,Complete,4.1,83.3,7.2,79.3,8.1
3869519,2022-12-13,Semi-finals,Argentina,1,36,18,Croatia,5456,Mateo Kovačić,3471,Dejan Lovren,Complete,29.732138,80.7,17.2,70.7,45.2
3869519,2022-12-13,Semi-finals,Argentina,1,36,21,Croatia,3471,Dejan Lovren,5460,Andrej Kramarić,Complete,13.507405,71.0,46.6,75.6,59.3
3869519,2022-12-13,Semi-finals,Argentina,1,36,24,Croatia,5460,Andrej Kramarić,3471,Dejan Lovren,Complete,9.900505,77.3,59.3,68.2,55.4
3869519,2022-12-13,Semi-finals,Argentina,1,36,29,Croatia,3471,Dejan Lovren,5463,Luka Modrić,Complete,22.817757,68.5,58.1,91.3,57.2
3869519,2022-12-13,Semi-finals,Argentina,1,36,30,Croatia,5463,Luka Modrić,,,Incomplete,12.306502,90.8,57.2,96.7,46.4
3869519,2022-12-13,Semi-finals,Argentina,1,36,37,Croatia,12625,Borna Sosa,16531,Dominik Livaković,Complete,39.52847,57.0,22.7,19.5,35.2
3869519,2022-12-13,Semi-finals,Argentina,1,36,42,Croatia,16531,Dominik Livaković,33018,Joško Gvardiol,Complete,9.80816,23.6,34.5,33.0,31.7
3869519,2022-12-13,Semi-finals,Argentina,1,36,45,Croatia,33018,Joško Gvardiol,12625,Borna Sosa,Complete,23.48872,32.0,30.6,46.6,12.2
3869519,2022-12-13,Semi-finals,Argentina,1,36,49,Croatia,12625,Borna Sosa,5456,Mateo Kovačić,Complete,9.602604,47.6,11.8,46.2,21.3
3869519,2022-12-13,Semi-finals,Argentina,1,36,54,Croatia,5456,Mateo Kovačić,29163,Josip Juranović,Complete,48.172398,53.2,29.3,66.5,75.6
3869519,2022-12-13,Semi-finals,Argentina,1,36,58,Croatia,29163,Josip Juranović,11603,Mario Pašalić,Complete,11.0923395,71.4,77.3,61.4,72.5
3869519,2022-12-13,Semi-finals,Argentina,1,37,0,Croatia,11603,Mario Pašalić,5469,Marcelo Brozović,Complete,26.815294,62.4,72.8,66.5,46.3
3869519,2022-12-13,Semi-finals,Argentina,1,37,4,Croatia,5469,Marcelo Brozović,5460,Andrej Kramarić,Complete,20.483408,68.2,53.3,75.6,72.4
3869519,2022-12-13,Semi-finals,Argentina,1,37,9,Croatia,5460,Andrej Kramarić,5474,Ivan Perišić,Complete,32.170795,89.0,58.9,97.6,27.9
3869519,2022-12-13,Semi-finals,Argentina,1,37,12,Croatia,5474,Ivan Perišić,5456,Mateo Kovačić,Complete,10.151355,98.2,25.4,89.8,31.1
3869519,2022-12-13,Semi-finals,Argentina,1,37,13,Croatia,5456,Mateo Kovačić,12625,Borna Sosa,Complete,25.351332,89.8,31.3,98.8,7.6
3869519,2022-12-13,Semi-finals,Argentina,1,37,17,Croatia,12625,Borna Sosa,,,Incomplete,26.223082,97.2,9.2,107.3,33.4
3869519,2022-12-13,Semi-finals,Argentina,1,37,21,Croatia,5463,Luka Modrić,5456,Mateo Kovačić,Complete,12.143311,77.7,26.2,83.8,15.7
3869519,2022-12-13,Semi-finals,Argentina,1,37,24,Croatia,5456,Mateo Kovačić,5469,Marcelo Brozović,Complete,15.597756,86.7,18.2,90.2,33.4
3869519,2022-12-13,Semi-finals,Argentina,1,37,27,Croatia,5463,Luka Modrić,3471,Dejan Lovren,Complete,24.294237,82.9,30.1,71.4,51.5
3869519,2022-12-13,Semi-finals,Argentina,1,37,30,Croatia,3471,Dejan Lovren,29163,Josip Juranović,Complete,23.26478,81.9,55.7,92.9,76.2
3869519,2022-12-13,Semi-finals,Argentina,1,37,32,Croatia,29163,Josip Juranović,,,Incomplete,9.726768,98.8,77.0,101.3,67.6
3869519,2022-12-13,Semi-finals,Argentina,1,38,9,Croatia,5463,Luka Modrić,5469,Marcelo Brozović,Complete,25.539186,120.0,80.0,96.5,70.0
3869519,2022-12-13,Semi-finals,Argentina,1,38,12,Croatia,5469,Marcelo Brozović,,,Incomplete,5.3851647,97.1,70.4,99.9,65.8
3869519,2022-12-13,Semi-finals,Argentina,1,39,45,Croatia,5460,Andrej Kramarić,5456,Mateo Kovačić,Complete,6.9231496,61.0,40.1,54.2,41.4
3869519,2022-12-13,Semi-finals,Argentina,1,39,48,Croatia,5456,Mateo Kovačić,5463,Luka Modrić,Complete,12.557467,54.2,41.4,50.5,53.4
3869519,2022-12-13,Semi-finals,Argentina,1,39,50,Croatia,5463,Luka Modrić,29163,Josip Juranović,Complete,29.079546,50.4,53.9,69.3,76.0
3869519,2022-12-13,Semi-finals,Argentina,1,39,52,Croatia,29163,Josip Juranović,11603,Mario Pašalić,Complete,9.119759,69.3,76.0,69.9,66.9
3869519,2022-12-13,Semi-finals,Argentina,1,39,54,Croatia,11603,Mario Pašalić,,,Incomplete,2.3345234,74.7,66.5,77.0,66.9
3869519,2022-12-13,Semi-finals,Argentina,1,40,2,Croatia,5463,Luka Modrić,29163,Josip Juranović,Complete,6.5855904,54.3,78.0,59.2,73.6
3869519,2022-12-13,Semi-finals,Argentina,1,40,3,Croatia,29163,Josip Juranović,3471,Dejan Lovren,Complete,16.46147,59.4,74.3,43.1,72.0
3869519,2022-12-13,Semi-finals,Argentina,1,40,5,Croatia,3471,Dejan Lovren,5463,Luka Modrić,Complete,9.888377,42.1,71.5,50.8,76.2
3869519,2022-12-13,Semi-finals,Argentina,1,40,9,Croatia,5463,Luka Modrić,5469,Marcelo Brozović,Complete,9.899495,56.4,77.8,63.4,70.8
3869519,2022-12-13,Semi-finals,Argentina,1,40,11,Croatia,5469,Marcelo Brozović,11603,Mario Pašalić,Complete,14.758049,64.7,70.8,77.9,77.4
3869519,2022-12-13,Semi-finals,Argentina,1,40,12,Croatia,11603,Mario Pašalić,5469,Marcelo Brozović,Complete,8.515867,77.9,77.4,79.3,69.0
3869519,2022-12-13,Semi-finals,Argentina,1,40,14,Croatia,5469,Marcelo Brozović,5460,Andrej Kramarić,Complete,10.973149,88.8,69.0,92.3,58.6
3869519,2022-12-13,Semi-finals,Argentina,1,40,17,Croatia,5460,Andrej Kramarić,11603,Mario Pašalić,Incomplete,3.9204593,96.2,59.1,92.3,59.5
3869519,2022-12-13,Semi-finals,Argentina,1,43,20,Croatia,5460,Andrej Kramarić,5456,Mateo Kovačić,Complete,3.088689,30.5,12.5,29.0,9.8
3869519,2022-12-13,Semi-finals,Argentina,1,43,36,Croatia,5474,Ivan Perišić,33018,Joško Gvardiol,Complete,26.205725,63.8,0.1,39.3,9.4
3869519,2022-12-13,Semi-finals,Argentina,1,43,39,Croatia,33018,Joško Gvardiol,3471,Dejan Lovren,Complete,22.310984,41.1,11.5,41.8,33.8
3869519,2022-12-13,Semi-finals,Argentina,1,43,42,Croatia,3471,Dejan Lovren,29163,Josip Juranović,Complete,26.35773,41.7,46.4,50.9,71.1
3869519,2022-12-13,Semi-finals,Argentina,1,43,46,Croatia,29163,Josip Juranović,3471,Dejan Lovren,Complete,11.4337225,51.2,72.5,43.9,63.7
3869519,2022-12-13,Semi-finals,Argentina,1,43,51,Croatia,3471,Dejan Lovren,29163,Josip Juranović,Complete,22.524876,48.0,64.9,67.6,76.0
3869519,2022-12-13,Semi-finals,Argentina,1,43,54,Croatia,29163,Josip Juranović,3471,Dejan Lovren,Complete,27.662249,67.1,76.6,39.7,72.8
3869519,2022-12-13,Semi-finals,Argentina,1,43,57,Croatia,3471,Dejan Lovren,16531,Dominik Livaković,Complete,36.084347,28.1,65.3,9.3,34.5
3869519,2022-12-13,Semi-finals,Argentina,1,44,1,Croatia,16531,Dominik Livaković,,,Incomplete,46.9308,10.3,32.7,53.6,14.6
3869519,2022-12-13,Semi-finals,Argentina,1,44,11,Croatia,5460,Andrej Kramarić,12625,Borna Sosa,Complete,23.577108,81.4,0.1,58.2,4.3
3869519,2022-12-13,Semi-finals,Argentina,1,44,13,Croatia,12625,Borna Sosa,5456,Mateo Kovačić,Complete,10.430724,59.2,4.2,69.6,3.4
3869519,2022-12-13,Semi-finals,Argentina,1,44,14,Croatia,5456,Mateo Kovačić,12625,Borna Sosa,Complete,13.075168,70.4,3.2,57.4,4.6
3869519,2022-12-13,Semi-finals,Argentina,1,44,16,Croatia,12625,Borna Sosa,33018,Joško Gvardiol,Complete,12.984991,55.2,4.3,48.3,15.3
3869519,2022-12-13,Semi-finals,Argentina,1,44,19,Croatia,33018,Joško Gvardiol,16531,Dominik Livaković,Complete,29.654343,37.3,23.9,11.0,37.6
3869519,2022-12-13,Semi-finals,Argentina,1,44,24,Croatia,16531,Dominik Livaković,3471,Dejan Lovren,Complete,26.116854,15.3,40.8,25.6,64.8
3869519,2022-12-13,Semi-finals,Argentina,1,44,31,Croatia,3471,Dejan Lovren,11603,Mario Pašalić,Complete,18.753666,50.4,70.0,67.5,62.3
3869519,2022-12-13,Semi-finals,Argentina,1,44,34,Croatia,11603,Mario Pašalić,5456,Mateo Kovačić,Complete,12.238464,68.1,53.9,63.4,42.6
3869519,2022-12-13,Semi-finals,Argentina,1,44,36,Croatia,5456,Mateo Kovačić,12625,Borna Sosa,Complete,35.913784,65.1,41.2,83.9,10.6
3869519,2022-12-13,Semi-finals,Argentina,1,44,40,Croatia,12625,Borna Sosa,5456,Mateo Kovačić,Complete,11.359577,88.8,8.4,83.8,18.6
3869519,2022-12-13,Semi-finals,Argentina,1,44,43,Croatia,5456,Mateo Kovačić,5460,Andrej Kramarić,Complete,24.78326,87.4,18.6,99.9,40.0
3869519,2022-12-13,Semi-finals,Argentina,1,44,44,Croatia,5460,Andrej Kramarić,5474,Ivan Perišić,Complete,5.7428217,99.9,40.1,100.6,34.4
3869519,2022-12-13,Semi-finals,Argentina,1,44,44,Croatia,5474,Ivan Perišić,5460,Andrej Kramarić,Complete,5.047772,100.6,33.8,96.4,36.6
3869519,2022-12-13,Semi-finals,Argentina,1,44,46,Croatia,5460,Andrej Kramarić,5463,Luka Modrić,Complete,13.420135,96.7,35.3,93.0,48.2
3869519,2022-12-13,Semi-finals,Argentina,1,44,49,Croatia,5463,Luka Modrić,29163,Josip Juranović,Complete,22.39866,93.2,49.2,110.1,63.9
3869519,2022-12-13,Semi-finals,Argentina,1,44,52,Croatia,29163,Josip Juranović,,,Incomplete,6.3245554,111.3,63.7,113.3,57.7
3869519,2022-12-13,Semi-finals,Argentina,1,46,11,Croatia,29163,Josip Juranović,11603,Mario Pašalić,Complete,11.562439,66.2,73.8,77.7,75.0
3869519,2022-12-13,Semi-finals,Argentina,1,46,13,Croatia,11603,Mario Pašalić,5469,Marcelo Brozović,Complete,7.0830784,77.9,75.0,71.8,71.4
3869519,2022-12-13,Semi-finals,Argentina,1,46,13,Croatia,5469,Marcelo Brozović,5463,Luka Modrić,Complete,11.506954,71.8,71.4,83.3,71.0
3869519,2022-12-13,Semi-finals,Argentina,1,46,14,Croatia,5463,Luka Modrić,,,Incomplete,3.8052595,83.3,71.0,87.1,70.8
3869519,2022-12-13,Semi-finals,Argentina,1,46,37,Croatia,5474,Ivan Perišić,5460,Andrej Kramarić,Complete,10.845276,61.2,5.3,70.3,11.2
3869519,2022-12-13,Semi-finals,Argentina,1,46,38,Croatia,5460,Andrej Kramarić,5474,Ivan Perišić,Incomplete,2.7784889,70.9,12.6,68.5,11.2
3869519,2022-12-13,Semi-finals,Argentina,1,47,12,Croatia,3471,Dejan Lovren,5469,Marcelo Brozović,Complete,6.8007355,17.6,72.8,21.6,67.3
3869519,2022-12-13,Semi-finals,Argentina,1,47,15,Croatia,5469,Marcelo Brozović,5456,Mateo Kovačić,Complete,26.471495,22.0,66.3,38.5,45.6
3869519,2022-12-13,Semi-finals,Argentina,1,47,20,Croatia,5456,Mateo Kovačić,5463,Luka Modrić,Complete,9.794897,56.1,33.9,49.8,41.4
3869519,2022-12-13,Semi-finals,Argentina,1,47,21,Croatia,5463,Luka Modrić,12625,Borna Sosa,Complete,31.846035,52.9,39.8,63.3,9.7
3869519,2022-12-13,Semi-finals,Argentina,1,47,24,Croatia,12625,Borna Sosa,5460,Andrej Kramarić,Complete,12.103719,63.8,9.7,75.9,10.0
3869519,2022-12-13,Semi-finals,Argentina,1,47,25,Croatia,5460,Andrej Kramarić,12625,Borna Sosa,Complete,6.9570107,75.9,9.8,69.3,7.6
3869519,2022-12-13,Semi-finals,Argentina,1,47,29,Croatia,12625,Borna Sosa,5469,Marcelo Brozović,Complete,16.643618,71.0,10.4,64.0,25.5
3869519,2022-12-13,Semi-finals,Argentina,1,47,31,Croatia,5469,Marcelo Brozović,5460,Andrej Kramarić,Complete,20.426699,65.2,24.1,75.9,6.7
3869519,2022-12-13,Semi-finals,Argentina,1,47,40,Croatia,5460,Andrej Kramarić,5474,Ivan Perišić,Complete,13.427211,98.1,21.7,109.1,14.0
3869519,2022-12-13,Semi-finals,Argentina,1,47,42,Croatia,5474,Ivan Perišić,,,Out,26.071632,110.3,14.0,120.0,38.2
3869519,2022-12-13,Semi-finals,Argentina,1,48,44,Croatia,16531,Dominik Livaković,29163,Josip Juranović,Complete,8.732124,16.3,51.5,23.0,57.1
3869519,2022-12-13,Semi-finals,Argentina,1,48,47,Croatia,29163,Josip Juranović,5469,Marcelo Brozović,Complete,16.918924,26.8,59.5,32.3,43.5
3869519,2022-12-13,Semi-finals,Argentina,1,48,50,Croatia,5469,Marcelo Brozović,5456,Mateo Kovačić,Complete,12.401613,36.1,38.6,45.9,31.0
3869519,2022-12-13,Semi-finals,Argentina,1,48,54,Croatia,5456,Mateo Kovačić,,,Incomplete,2.912044,58.8,32.0,58.0,34.8
3869519,2022-12-13,Semi-finals,Argentina,2,45,40,Croatia,5474,Ivan Perišić,33018,Joško Gvardiol,Complete,12.586501,36.5,0.1,27.6,9.0
3869519,2022-12-13,Semi-finals,Argentina,2,45,42,Croatia,33018,Joško Gvardiol,5469,Marcelo Brozović,Complete,10.018483,27.6,9.0,36.5,13.6
3869519,2022-12-13,Semi-finals,Argentina,2,45,49,Croatia,5469,Marcelo Brozović,5456,Mateo Kovačić,Complete,7.2006946,41.0,27.7,45.4,22.0
3869519,2022-12-13,Semi-finals,Argentina,2,45,51,Croatia,5456,Mateo Kovačić,5469,Marcelo Brozović,Complete,19.948433,45.4,22.0,56.9,38.3
3869519,2022-12-13,Semi-finals,Argentina,2,45,52,Croatia,5469,Marcelo Brozović,5463,Luka Modrić,Complete,9.76166,56.9,38.3,62.9,46.0
3869519,2022-12-13,Semi-finals,Argentina,2,45,53,Croatia,5463,Luka Modrić,5469,Marcelo Brozović,Complete,11.843142,62.9,46.0,72.8,39.5
3869519,2022-12-13,Semi-finals,Argentina,2,45,54,Croatia,5469,Marcelo Brozović,3441,Nikola Vlašić,Complete,23.439497,72.6,39.5,77.6,62.4
3869519,2022-12-13,Semi-finals,Argentina,2,45,59,Croatia,3441,Nikola Vlašić,29163,Josip Juranović,Complete,7.3545904,80.0,68.0,81.5,75.2
3869519,2022-12-13,Semi-finals,Argentina,2,46,1,Croatia,29163,Josip Juranović,3441,Nikola Vlašić,Complete,9.560335,84.4,75.2,87.0,66.0
3869519,2022-12-13,Semi-finals,Argentina,2,47,3,Croatia,5463,Luka Modrić,,,Incomplete,34.20526,94.2,64.6,115.2,37.6
3869519,2022-12-13,Semi-finals,Argentina,2,47,35,Croatia,16531,Dominik Livaković,33018,Joško Gvardiol,Complete,4.6,11.7,18.8,16.3,18.8
3869519,2022-12-13,Semi-finals,Argentina,2,47,37,Croatia,33018,Joško Gvardiol,5469,Marcelo Brozović,Complete,16.344112,16.3,18.8,32.6,20.0
3869519,2022-12-13,Semi-finals,Argentina,2,47,42,Croatia,5469,Marcelo Brozović,16527,Mislav Oršić,Incomplete,74.84872,34.8,21.7,109.6,24.4
3869519,2022-12-13,Semi-finals,Argentina,2,48,13,Croatia,5456,Mateo Kovačić,5469,Marcelo Brozović,Complete,3.3,22.0,50.6,22.0,47.3
3869519,2022-12-13,Semi-finals,Argentina,2,48,30,Croatia,16531,Dominik Livaković,,,Injury Clearance,41.56405,11.0,40.7,19.9,0.1
3869519,2022-12-13,Semi-finals,Argentina,2,49,8,Croatia,16531,Dominik Livaković,3471,Dejan Lovren,Complete,26.780777,8.6,26.5,14.6,52.6
3869519,2022-12-13,Semi-finals,Argentina,2,49,11,Croatia,3471,Dejan Lovren,29163,Josip Juranović,Complete,29.96281,14.6,52.6,37.0,72.5
3869519,2022-12-13,Semi-finals,Argentina,2,49,14,Croatia,29163,Josip Juranović,3441,Nikola Vlašić,Complete,24.359392,38.6,73.2,62.9,74.9
3869519,2022-12-13,Semi-finals,Argentina,2,49,51,Croatia,29163,Josip Juranović,3471,Dejan Lovren,Complete,16.042444,60.5,75.2,51.1,62.2
3869519,2022-12-13,Semi-finals,Argentina,2,49,53,Croatia,3471,Dejan Lovren,33018,Joško Gvardiol,Complete,22.339428,51.1,62.2,42.7,41.5
3869519,2022-12-13,Semi-finals,Argentina,2,49,56,Croatia,33018,Joško Gvardiol,5456,Mateo Kovačić,Complete,20.395342,42.7,40.3,52.1,22.2
3869519,2022-12-13,Semi-finals,Argentina,2,50,0,Croatia,5456,Mateo Kovačić,5463,Luka Modrić,Complete,12.684636,63.0,8.3,58.1,20.0
3869519,2022-12-13,Semi-finals,Argentina,2,50,4,Croatia,5463,Luka Modrić,5474,Ivan Perišić,Complete,16.585836,69.4,14.0,82.4,3.7
3869519,2022-12-13,Semi-finals,Argentina,2,50,6,Croatia,5474,Ivan Perišić,5456,Mateo Kovačić,Complete,18.376343,81.7,4.6,63.7,8.3
3869519,2022-12-13,Semi-finals,Argentina,2,50,8,Croatia,5456,Mateo Kovačić,5460,Andrej Kramarić,Complete,10.781466,63.7,9.9,70.7,18.1
3869519,2022-12-13,Semi-finals,Argentina,2,50,9,Croatia,5460,Andrej Kramarić,33018,Joško Gvardiol,Complete,21.913465,69.5,18.4,49.9,28.2
3869519,2022-12-13,Semi-finals,Argentina,2,50,15,Croatia,33018,Joško Gvardiol,5456,Mateo Kovačić,Complete,7.0213957,52.1,35.2,55.2,41.5
3869519,2022-12-13,Semi-finals,Argentina,2,50,18,Croatia,5456,Mateo Kovačić,29163,Josip Juranović,Complete,29.863857,65.4,48.9,83.7,72.5
3869519,2022-12-13,Semi-finals,Argentina,2,50,21,Croatia,29163,Josip Juranović,7693,Bruno Petković,Complete,19.864794,84.1,72.5,93.5,55.0
3869519,2022-12-13,Semi-finals,Argentina,2,50,22,Croatia,7693,Bruno Petković,5460,Andrej Kramarić,Incomplete,15.305554,94.2,54.7,96.7,39.6
3869519,2022-12-13,Semi-finals,Argentina,2,50,26,Croatia,33018,Joško Gvardiol,3471,Dejan Lovren,Complete,6.9065185,52.1,51.4,52.4,58.3
3869519,2022-12-13,Semi-finals,Argentina,2,50,29,Croatia,3471,Dejan Lovren,33018,Joško Gvardiol,Complete,28.008034,54.3,54.5,43.4,28.7
3869519,2022-12-13,Semi-finals,Argentina,2,50,33,Croatia,33018,Joško Gvardiol,5460,Andrej Kramarić,Complete,23.600212,39.8,20.1,63.4,20.0
3869519,2022-12-13,Semi-finals,Argentina,2,50,38,Croatia,5460,Andrej Kramarić,5456,Mateo Kovačić,Complete,7.0830784,67.8,20.5,61.7,24.1
3869519,2022-12-13,Semi-finals,Argentina,2,50,40,Croatia,5456,Mateo Kovačić,5463,Luka Modrić,Complete,18.483776,67.5,24.4,64.9,42.7
3869519,2022-12-13,Semi-finals,Argentina,2,50,44,Croatia,5463,Luka Modrić,5460,Andrej Kramarić,Complete,15.747064,64.9,40.0,78.8,32.6
3869519,2022-12-13,Semi-finals,Argentina,2,50,45,Croatia,5460,Andrej Kramarić,5456,Mateo Kovačić,Complete,6.8883963,78.8,32.6,73.5,28.2
3869519,2022-12-13,Semi-finals,Argentina,2,50,45,Croatia,5456,Mateo Kovačić,5474,Ivan Perišić,Complete,24.77761,73.5,28.2,83.2,5.4
3869519,2022-12-13,Semi-finals,Argentina,2,50,48,Croatia,5474,Ivan Perišić,16527,Mislav Oršić,Complete,14.776333,84.8,5.4,99.5,3.9
3869519,2022-12-13,Semi-finals,Argentina,2,50,50,Croatia,16527,Mislav Oršić,5460,Andrej Kramarić,Complete,9.812747,99.5,5.4,100.0,15.2
3869519,2022-12-13,Semi-finals,Argentina,2,50,51,Croatia,5460,Andrej Kramarić,5456,Mateo Kovačić,Complete,12.41934,100.0,15.2,88.0,18.4
3869519,2022-12-13,Semi-finals,Argentina,2,50,54,Croatia,5456,Mateo Kovačić,7693,Bruno Petković,Complete,18.944656,88.0,18.4,98.3,34.3
3869519,2022-12-13,Semi-finals,Argentina,2,50,55,Croatia,7693,Bruno Petković,5463,Luka Modrić,Incomplete,5.818075,98.3,34.3,93.0,36.7
3869519,2022-12-13,Semi-finals,Argentina,2,51,5,Croatia,3441,Nikola Vlašić,33018,Joško Gvardiol,Complete,10.186756,41.3,35.9,31.4,33.5
3869519,2022-12-13,Semi-finals,Argentina,2,51,6,Croatia,33018,Joško Gvardiol,16527,Mislav Oršić,Complete,20.395342,31.4,33.5,49.5,24.1
3869519,2022-12-13,Semi-finals,Argentina,2,51,14,Croatia,16527,Mislav Oršić,3441,Nikola Vlašić,Complete,10.692053,81.5,27.7,82.9,38.3
3869519,2022-12-13,Semi-finals,Argentina,2,51,17,Croatia,3441,Nikola Vlašić,5463,Luka Modrić,Complete,9.476286,86.1,38.8,87.3,48.2
3869519,2022-12-13,Semi-finals,Argentina,2,51,19,Croatia,5463,Luka Modrić,5460,Andrej Kramarić,Complete,37.01351,83.2,44.8,92.6,9.0
3869519,2022-12-13,Semi-finals,Argentina,2,51,22,Croatia,5460,Andrej Kramarić,5474,Ivan Perišić,Complete,14.024621,92.6,9.0,79.1,12.8
3869519,2022-12-13,Semi-finals,Argentina,2,51,25,Croatia,5474,Ivan Perišić,5456,Mateo Kovačić,Complete,10.346497,79.1,12.8,75.5,22.5
3869519,2022-12-13,Semi-finals,Argentina,2,51,27,Croatia,5456,Mateo Kovačić,7693,Bruno Petković,Complete,17.651062,75.5,22.5,92.1,28.5
3869519,2022-12-13,Semi-finals,Argentina,2,51,37,Croatia,5474,Ivan Perišić,16527,Mislav Oršić,Complete,14.054537,64.1,19.3,76.4,26.1
3869519,2022-12-13,Semi-finals,Argentina,2,51,40,Croatia,16527,Mislav Oršić,7693,Bruno Petković,Incomplete,23.840302,84.4,28.2,98.8,47.2
3869519,2022-12-13,Semi-finals,Argentina,2,51,49,Croatia,3441,Nikola Vlašić,29163,Josip Juranović,Complete,10.604244,78.4,52.1,68.2,55.0
3869519,2022-12-13,Semi-finals,Argentina,2,51,51,Croatia,29163,Josip Juranović,5456,Mateo Kovačić,Complete,4.7169905,68.2,55.0,69.9,50.6
3869519,2022-12-13,Semi-finals,Argentina,2,51,52,Croatia,5456,Mateo Kovačić,5463,Luka Modrić,Complete,11.555085,69.4,51.4,80.0,46.8
3869519,2022-12-13,Semi-finals,Argentina,2,51,53,Croatia,5463,Luka Modrić,5456,Mateo Kovačić,Complete,5.894065,80.0,46.8,74.3,45.3
3869519,2022-12-13,Semi-finals,Argentina,2,51,56,Croatia,5456,Mateo Kovačić,7693,Bruno Petković,Complete,20.057169,82.0,34.3,99.5,44.1
3869519,2022-12-13,Semi-finals,Argentina,2,51,59,Croatia,7693,Bruno Petković,5456,Mateo Kovačić,Complete,2.9154758,99.5,44.1,99.8,41.2
3869519,2022-12-13,Semi-finals,Argentina,2,51,59,Croatia,5456,Mateo Kovačić,,,Incomplete,6.9310894,99.8,41.2,104.8,36.4
3869519,2022-12-13,Semi-finals,Argentina,2,52,7,Croatia,3441,Nikola Vlašić,,,Incomplete,7.2,110.8,70.8,110.8,63.6
3869519,2022-12-13,Semi-finals,Argentina,2,52,40,Croatia,5474,Ivan Perišić,,,Incomplete,23.443762,37.7,12.4,60.8,16.4
3869519,2022-12-13,Semi-finals,Argentina,2,52,44,Croatia,16527,Mislav Oršić,5460,Andrej Kramarić,Complete,2.86007,55.3,12.8,57.6,14.5
3869519,2022-12-13,Semi-finals,Argentina,2,52,45,Croatia,5460,Andrej Kramarić,5456,Mateo Kovačić,Complete,8.664871,59.3,14.0,51.1,11.2
3869519,2022-12-13,Semi-finals,Argentina,2,52,48,Croatia,5456,Mateo Kovačić,5463,Luka Modrić,Complete,6.0671244,47.1,11.2,48.0,17.2
3869519,2022-12-13,Semi-finals,Argentina,2,52,48,Croatia,5463,Luka Modrić,5456,Mateo Kovačić,Complete,6.1911225,48.0,17.2,51.2,11.9
3869519,2022-12-13,Semi-finals,Argentina,2,53,2,Croatia,5456,Mateo Kovačić,5463,Luka Modrić,Complete,14.222517,50.4,12.8,64.6,13.6
3869519,2022-12-13,Semi-finals,Argentina,2,53,7,Croatia,5463,Luka Modrić,,,Out,11.21606,68.7,8.7,75.9,0.1
3869519,2022-12-13,Semi-finals,Argentina,2,53,25,Croatia,5474,Ivan Perišić,5456,Mateo Kovačić,Complete,10.965857,58.0,4.6,68.9,3.4
3869519,2022-12-13,Semi-finals,Argentina,2,53,25,Croatia,5456,Mateo Kovačić,5463,Luka Modrić,Complete,9.712878,68.9,3.4,64.2,11.9
3869519,2022-12-13,Semi-finals,Argentina,2,53,27,Croatia,5463,Luka Modrić,3441,Nikola Vlašić,Complete,11.601724,63.4,20.0,70.2,29.4
3869519,2022-12-13,Semi-finals,Argentina,2,53,32,Croatia,5463,Luka Modrić,5456,Mateo Kovačić,Complete,7.971198,68.7,16.7,71.4,9.2
3869519,2022-12-13,Semi-finals,Argentina,2,53,35,Croatia,5456,Mateo Kovačić,3441,Nikola Vlašić,Complete,8.127115,73.8,9.2,76.4,16.9
3869519,2022-12-13,Semi-finals,Argentina,2,53,36,Croatia,3441,Nikola Vlašić,5456,Mateo Kovačić,Complete,5.9665737,76.4,16.9,75.0,11.1
3869519,2022-12-13,Semi-finals,Argentina,2,53,38,Croatia,5456,Mateo Kovačić,29163,Josip Juranović,Complete,56.202667,75.0,11.1,82.5,66.8
3869519,2022-12-13,Semi-finals,Argentina,2,53,42,Croatia,29163,Josip Juranović,3471,Dejan Lovren,Complete,21.253235,82.9,67.2,64.2,57.1
3869519,2022-12-13,Semi-finals,Argentina,2,53,47,Croatia,3471,Dejan Lovren,29163,Josip Juranović,Complete,17.828068,67.8,57.1,80.0,70.1
3869519,2022-12-13,Semi-finals,Argentina,2,53,49,Croatia,29163,Josip Juranović,7693,Bruno Petković,Complete,8.6977005,80.0,70.1,82.9,61.9
3869519,2022-12-13,Semi-finals,Argentina,2,53,53,Croatia,7693,Bruno Petković,33018,Joško Gvardiol,Complete,22.340322,75.2,69.9,61.7,52.1
3869519,2022-12-13,Semi-finals,Argentina,2,53,56,Croatia,33018,Joško Gvardiol,5460,Andrej Kramarić,Complete,14.131525,68.7,52.6,80.8,45.3
3869519,2022-12-13,Semi-finals,Argentina,2,53,59,Croatia,5460,Andrej Kramarić,3471,Dejan Lovren,Complete,13.209845,80.0,44.4,73.5,55.9
3869519,2022-12-13,Semi-finals,Argentina,2,54,2,Croatia,3471,Dejan Lovren,5474,Ivan Perišić,Out,58.63139,75.0,55.9,93.0,0.1
3869519,2022-12-13,Semi-finals,Argentina,2,54,24,Croatia,3471,Dejan Lovren,5463,Luka Modrić,Complete,7.467262,69.4,22.2,76.4,19.6
3869519,2022-12-13,Semi-finals,Argentina,2,54,25,Croatia,5463,Luka Modrić,5456,Mateo Kovačić,Complete,7.34983,76.0,18.4,69.9,14.3
3869519,2022-12-13,Semi-finals,Argentina,2,54,30,Croatia,5456,Mateo Kovačić,5463,Luka Modrić,Complete,5.59017,68.3,29.7,73.8,28.7
3869519,2022-12-13,Semi-finals,Argentina,2,54,31,Croatia,5463,Luka Modrić,5456,Mateo Kovačić,Complete,4.5122056,73.8,28.7,69.4,29.7
3869519,2022-12-13,Semi-finals,Argentina,2,54,32,Croatia,5456,Mateo Kovačić,29163,Josip Juranović,Complete,34.838627,66.3,33.8,79.6,66.0
3869519,2022-12-13,Semi-finals,Argentina,2,54,35,Croatia,29163,Josip Juranović,3441,Nikola Vlašić,Complete,19.71218,77.1,66.8,96.7,68.9
3869519,2022-12-13,Semi-finals,Argentina,2,55,12,Croatia,5456,Mateo Kovačić,5463,Luka Modrić,Complete,9.992497,79.6,50.6,77.2,60.3
3869519,2022-12-13,Semi-finals,Argentina,2,55,17,Croatia,5463,Luka Modrić,5456,Mateo Kovačić,Complete,4.404543,77.2,60.3,80.0,56.9
3869519,2022-12-13,Semi-finals,Argentina,2,55,18,Croatia,5456,Mateo Kovačić,3471,Dejan Lovren,Complete,12.5016,80.0,56.9,67.5,57.1
3869519,2022-12-13,Semi-finals,Argentina,2,55,23,Croatia,3471,Dejan Lovren,5463,Luka Modrić,Complete,11.997083,56.0,54.2,63.7,63.4
3869519,2022-12-13,Semi-finals,Argentina,2,55,27,Croatia,5463,Luka Modrić,3441,Nikola Vlašić,Complete,31.10402,67.8,63.9,98.3,57.8
3869519,2022-12-13,Semi-finals,Argentina,2,55,30,Croatia,3441,Nikola Vlašić,,,Incomplete,1.4317821,100.7,57.1,101.0,55.7
3869519,2022-12-13,Semi-finals,Argentina,2,55,43,Croatia,33018,Joško Gvardiol,3471,Dejan Lovren,Incomplete,8.542833,8.6,46.0,16.3,49.7
3869519,2022-12-13,Semi-finals,Argentina,2,56,19,Croatia,33018,Joško Gvardiol,3471,Dejan Lovren,Complete,11.720068,4.0,24.4,9.0,35.0
3869519,2022-12-13,Semi-finals,Argentina,2,56,21,Croatia,3471,Dejan Lovren,29163,Josip Juranović,Complete,20.611889,6.4,38.4,10.5,58.6
3869519,2022-12-13,Semi-finals,Argentina,2,56,24,Croatia,29163,Josip Juranović,,,Incomplete,4.5,6.4,68.7,10.9,68.7
3869519,2022-12-13,Semi-finals,Argentina,2,56,25,Croatia,29163,Josip Juranović,3441,Nikola Vlašić,Complete,11.3,10.2,69.2,21.5,69.2
3869519,2022-12-13,Semi-finals,Argentina,2,56,27,Croatia,3441,Nikola Vlašić,29163,Josip Juranović,Complete,6.0083275,22.7,67.5,20.8,73.2
3869519,2022-12-13,Semi-finals,Argentina,2,57,18,Croatia,3471,Dejan Lovren,16527,Mislav Oršić,Complete,55.40632,6.1,62.4,33.6,14.3
3869519,2022-12-13,Semi-finals,Argentina,2,57,23,Croatia,16527,Mislav Oršić,5460,Andrej Kramarić,Complete,6.9971423,63.0,7.1,66.6,13.1
3869519,2022-12-13,Semi-finals,Argentina,2,57,29,Croatia,5460,Andrej Kramarić,16527,Mislav Oršić,Complete,9.600521,88.2,18.4,91.8,9.5
3869519,2022-12-13,Semi-finals,Argentina,2,57,41,Croatia,29163,Josip Juranović,5463,Luka Modrić,Complete,10.438869,88.2,67.5,87.3,57.1
3869519,2022-12-13,Semi-finals,Argentina,2,57,43,Croatia,5463,Luka Modrić,3441,Nikola Vlašić,Complete,13.645879,98.8,55.4,106.3,66.8
3869519,2022-12-13,Semi-finals,Argentina,2,57,48,Croatia,3441,Nikola Vlašić,7693,Bruno Petković,Complete,30.472446,106.3,66.8,108.4,36.4
3869519,2022-12-13,Semi-finals,Argentina,2,57,53,Croatia,5460,Andrej Kramarić,5456,Mateo Kovačić,Complete,13.293608,97.4,42.0,88.0,32.6
3869519,2022-12-13,Semi-finals,Argentina,2,57,56,Croatia,5456,Mateo Kovačić,5474,Ivan Perišić,Complete,11.428473,88.0,32.6,94.5,23.2
3869519,2022-12-13,Semi-finals,Argentina,2,57,56,Croatia,5474,Ivan Perišić,16527,Mislav Oršić,Complete,15.966528,94.5,23.2,102.7,9.5
3869519,2022-12-13,Semi-finals,Argentina,2,57,58,Croatia,16527,Mislav Oršić,,,Incomplete,26.324512,102.7,9.5,108.4,35.2
3869519,2022-12-13,Semi-finals,Argentina,2,58,45,Croatia,5456,Mateo Kovačić,5474,Ivan Perišić,Complete,15.156847,86.1,18.8,91.4,4.6
3869519,2022-12-13,Semi-finals,Argentina,2,58,51,Croatia,5474,Ivan Perišić,,,Incomplete,23.394444,115.7,5.1,112.0,28.2
3869519,2022-12-13,Semi-finals,Argentina,2,59,12,Croatia,5463,Luka Modrić,3471,Dejan Lovren,Complete,18.878824,27.6,53.0,44.7,61.0
3869519,2022-12-13,Semi-finals,Argentina,2,59,14,Croatia,3471,Dejan Lovren,5463,Luka Modrić,Complete,6.928925,44.7,61.0,38.2,58.6
3869519,2022-12-13,Semi-finals,Argentina,2,59,17,Croatia,5463,Luka Modrić,33018,Joško Gvardiol,Complete,27.253073,38.2,58.6,36.5,31.4
3869519,2022-12-13,Semi-finals,Argentina,2,59,20,Croatia,33018,Joško Gvardiol,5460,Andrej Kramarić,Complete,21.290607,36.5,31.4,56.5,24.1
3869519,2022-12-13,Semi-finals,Argentina,2,59,24,Croatia,5460,Andrej Kramarić,5474,Ivan Perišić,Complete,12.637246,70.2,17.7,67.3,5.4
3869519,2022-12-13,Semi-finals,Argentina,2,59,27,Croatia,5474,Ivan Perišić,5456,Mateo Kovačić,Complete,10.309219,67.3,5.4,64.1,15.2
3869519,2022-12-13,Semi-finals,Argentina,2,59,31,Croatia,5456,Mateo Kovačić,5463,Luka Modrić,Complete,7.7897367,66.3,34.7,62.5,41.5
3869519,2022-12-13,Semi-finals,Argentina,2,59,33,Croatia,5463,Luka Modrić,33018,Joško Gvardiol,Complete,16.8609,62.5,41.5,70.2,26.5
3869519,2022-12-13,Semi-finals,Argentina,2,59,40,Croatia,33018,Joško Gvardiol,5474,Ivan Perišić,Out,15.34438,87.7,14.8,92.1,0.1
3869519,2022-12-13,Semi-finals,Argentina,2,60,7,Croatia,33018,Joško Gvardiol,,,Incomplete,16.101242,59.3,8.7,73.8,15.7
3869519,2022-12-13,Semi-finals,Argentina,2,60,11,Croatia,5456,Mateo Kovačić,3471,Dejan Lovren,Complete,15.861904,63.7,15.5,51.9,26.1
3869519,2022-12-13,Semi-finals,Argentina,2,60,12,Croatia,3471,Dejan Lovren,29163,Josip Juranović,Complete,14.301398,51.9,26.1,53.6,40.3
3869519,2022-12-13,Semi-finals,Argentina,2,60,15,Croatia,29163,Josip Juranović,3441,Nikola Vlašić,Complete,12.606348,58.6,43.2,67.0,52.6
3869519,2022-12-13,Semi-finals,Argentina,2,60,17,Croatia,3441,Nikola Vlašić,3471,Dejan Lovren,Complete,18.882797,63.4,55.0,46.8,46.0
3869519,2022-12-13,Semi-finals,Argentina,2,60,20,Croatia,3471,Dejan Lovren,5456,Mateo Kovačić,Complete,12.788276,48.0,46.0,55.3,35.5
3869519,2022-12-13,Semi-finals,Argentina,2,60,21,Croatia,5456,Mateo Kovačić,5463,Luka Modrić,Complete,13.345411,55.3,35.5,63.0,24.6
3869519,2022-12-13,Semi-finals,Argentina,2,60,23,Croatia,5463,Luka Modrić,5474,Ivan Perišić,Complete,24.940128,63.4,22.5,78.3,2.5
3869519,2022-12-13,Semi-finals,Argentina,2,60,26,Croatia,5474,Ivan Perišić,5463,Luka Modrić,Complete,11.428473,79.3,2.2,72.8,11.6
3869519,2022-12-13,Semi-finals,Argentina,2,61,45,Croatia,5463,Luka Modrić,3471,Dejan Lovren,Complete,40.508022,91.8,5.4,112.7,40.1
3869519,2022-12-13,Semi-finals,Argentina,2,61,56,Croatia,29163,Josip Juranović,,,Incomplete,12.539936,56.5,9.2,68.7,6.3
3869519,2022-12-13,Semi-finals,Argentina,2,62,2,Croatia,29163,Josip Juranović,5463,Luka Modrić,Complete,5.3310413,56.5,6.6,51.6,8.7
3869519,2022-12-13,Semi-finals,Argentina,2,62,3,Croatia,5463,Luka Modrić,5456,Mateo Kovačić,Complete,4.2544093,51.9,10.4,53.6,14.3
3869519,2022-12-13,Semi-finals,Argentina,2,62,52,Croatia,5474,Ivan Perišić,33018,Joško Gvardiol,Complete,21.503489,22.3,0.1,15.5,20.5
3869519,2022-12-13,Semi-finals,Argentina,2,62,56,Croatia,33018,Joško Gvardiol,29163,Josip Juranović,Complete,46.19372,15.5,23.5,33.6,66.0
3869519,2022-12-13,Semi-finals,Argentina,2,64,4,Croatia,5474,Ivan Perišić,,,Incomplete,25.734413,57.6,13.1,82.5,19.6
3869519,2022-12-13,Semi-finals,Argentina,2,64,39,Croatia,5463,Luka Modrić,29163,Josip Juranović,Complete,18.494595,50.7,53.3,62.9,67.2
3869519,2022-12-13,Semi-finals,Argentina,2,64,41,Croatia,29163,Josip Juranović,5463,Luka Modrić,Complete,8.570297,62.9,67.2,56.5,61.5
3869519,2022-12-13,Semi-finals,Argentina,2,64,44,Croatia,5463,Luka Modrić,3471,Dejan Lovren,Complete,11.710679,57.6,58.6,45.9,58.1
3869519,2022-12-13,Semi-finals,Argentina,2,64,47,Croatia,3471,Dejan Lovren,33018,Joško Gvardiol,Complete,27.511635,45.9,58.1,45.1,30.6
3869519,2022-12-13,Semi-finals,Argentina,2,64,50,Croatia,33018,Joško Gvardiol,5474,Ivan Perišić,Complete,23.760471,52.4,24.9,69.4,8.3
3869519,2022-12-13,Semi-finals,Argentina,2,64,58,Croatia,5474,Ivan Perišić,16527,Mislav Oršić,Complete,17.568438,105.1,5.8,98.8,22.2
3869519,2022-12-13,Semi-finals,Argentina,2,65,0,Croatia,16527,Mislav Oršić,5460,Andrej Kramarić,Complete,8.0,103.6,22.2,103.6,30.2
3869519,2022-12-13,Semi-finals,Argentina,2,65,4,Croatia,5460,Andrej Kramarić,5456,Mateo Kovačić,Complete,9.284934,97.4,27.8,91.3,20.8
3869519,2022-12-13,Semi-finals,Argentina,2,65,6,Croatia,5456,Mateo Kovačić,3471,Dejan Lovren,Complete,24.72428,87.0,22.0,71.8,41.5
3869519,2022-12-13,Semi-finals,Argentina,2,65,8,Croatia,3471,Dejan Lovren,29163,Josip Juranović,Incomplete,24.535076,73.5,44.1,92.6,59.5
3869519,2022-12-13,Semi-finals,Argentina,2,65,53,Croatia,5463,Luka Modrić,5456,Mateo Kovačić,Complete,21.313845,44.6,72.1,46.8,50.9
3869519,2022-12-13,Semi-finals,Argentina,2,65,57,Croatia,5456,Mateo Kovačić,5474,Ivan Perišić,Complete,29.860006,52.8,38.3,62.9,10.2
3869519,2022-12-13,Semi-finals,Argentina,2,66,0,Croatia,5474,Ivan Perišić,16527,Mislav Oršić,Complete,12.1457815,65.1,10.2,76.7,6.6
3869519,2022-12-13,Semi-finals,Argentina,2,66,3,Croatia,16527,Mislav Oršić,5456,Mateo Kovačić,Complete,10.413933,82.5,7.1,74.7,14.0
3869519,2022-12-13,Semi-finals,Argentina,2,66,8,Croatia,5456,Mateo Kovačić,5463,Luka Modrić,Complete,33.308857,80.5,15.7,74.7,48.5
3869519,2022-12-13,Semi-finals,Argentina,2,66,13,Croatia,5463,Luka Modrić,5456,Mateo Kovačić,Complete,13.518136,80.0,50.9,79.3,37.4
3869519,2022-12-13,Semi-finals,Argentina,2,66,17,Croatia,5456,Mateo Kovačić,5474,Ivan Perišić,Complete,23.46913,90.1,24.9,102.7,5.1
3869519,2022-12-13,Semi-finals,Argentina,2,66,21,Croatia,5474,Ivan Perišić,5456,Mateo Kovačić,Complete,16.74306,103.2,7.5,86.5,8.7
3869519,2022-12-13,Semi-finals,Argentina,2,66,23,Croatia,5456,Mateo Kovačić,16527,Mislav Oršić,Complete,9.314505,86.5,8.7,88.9,17.7
3869519,2022-12-13,Semi-finals,Argentina,2,66,26,Croatia,16527,Mislav Oršić,7693,Bruno Petković,Incomplete,10.874742,96.2,12.3,100.7,22.2
3869519,2022-12-13,Semi-finals,Argentina,2,67,21,Croatia,5456,Mateo Kovačić,16531,Dominik Livaković,Complete,26.506792,21.1,10.7,8.1,33.8
3869519,2022-12-13,Semi-finals,Argentina,2,67,24,Croatia,16531,Dominik Livaković,3471,Dejan Lovren,Complete,12.611503,8.5,36.4,14.1,47.7
3869519,2022-12-13,Semi-finals,Argentina,2,67,30,Croatia,3471,Dejan Lovren,7693,Bruno Petković,Complete,27.895878,32.9,49.2,57.2,35.5
3869519,2022-12-13,Semi-finals,Argentina,2,67,53,Croatia,5463,Luka Modrić,5460,Andrej Kramarić,Complete,19.201042,58.9,35.0,76.7,27.8
3869519,2022-12-13,Semi-finals,Argentina,2,67,56,Croatia,5460,Andrej Kramarić,5474,Ivan Perišić,Complete,13.724431,75.9,18.9,80.3,5.9
3869519,2022-12-13,Semi-finals,Argentina,2,68,1,Croatia,5474,Ivan Perišić,5463,Luka Modrić,Complete,13.315405,80.3,5.9,83.6,18.8
3869519,2022-12-13,Semi-finals,Argentina,2,68,4,Croatia,5463,Luka Modrić,5460,Andrej Kramarić,Complete,16.892899,86.1,15.5,100.0,5.9
3869519,2022-12-13,Semi-finals,Argentina,2,70,34,Croatia,7693,Bruno Petković,5460,Andrej Kramarić,Complete,6.2177167,60.0,40.0,54.5,37.1
3869519,2022-12-13,Semi-finals,Argentina,2,70,35,Croatia,5460,Andrej Kramarić,5463,Luka Modrić,Complete,9.677293,54.5,37.1,50.7,46.0
3869519,2022-12-13,Semi-finals,Argentina,2,70,36,Croatia,5463,Luka Modrić,5456,Mateo Kovačić,Complete,10.429286,50.7,46.0,53.3,35.9
3869519,2022-12-13,Semi-finals,Argentina,2,70,41,Croatia,5456,Mateo Kovačić,3471,Dejan Lovren,Complete,19.725365,58.4,34.3,49.9,52.1
3869519,2022-12-13,Semi-finals,Argentina,2,70,46,Croatia,3471,Dejan Lovren,5456,Mateo Kovačić,Complete,12.790622,49.9,52.1,55.7,40.7
3869519,2022-12-13,Semi-finals,Argentina,2,70,51,Croatia,5456,Mateo Kovačić,7693,Bruno Petković,Complete,10.373042,77.2,34.2,85.8,40.0
3869519,2022-12-13,Semi-finals,Argentina,2,72,50,Croatia,5456,Mateo Kovačić,3471,Dejan Lovren,Complete,8.91852,29.2,66.0,21.5,61.5
3869519,2022-12-13,Semi-finals,Argentina,2,72,51,Croatia,3471,Dejan Lovren,3441,Nikola Vlašić,Complete,8.336066,21.1,61.9,19.6,70.1
3869519,2022-12-13,Semi-finals,Argentina,2,74,5,Croatia,29163,Josip Juranović,3471,Dejan Lovren,Complete,11.670904,22.0,72.5,25.9,61.5
3869519,2022-12-13,Semi-finals,Argentina,2,74,9,Croatia,3471,Dejan Lovren,29163,Josip Juranović,Complete,21.44621,25.9,61.5,44.6,72.0
3869519,2022-12-13,Semi-finals,Argentina,2,74,12,Croatia,29163,Josip Juranović,3471,Dejan Lovren,Complete,18.001389,42.2,70.8,27.1,61.0
3869519,2022-12-13,Semi-finals,Argentina,2,74,14,Croatia,3471,Dejan Lovren,33018,Joško Gvardiol,Complete,25.356853,27.1,61.0,23.5,35.9
3869519,2022-12-13,Semi-finals,Argentina,2,74,18,Croatia,33018,Joško Gvardiol,5474,Ivan Perišić,Complete,27.439024,27.1,30.2,46.8,11.1
3869519,2022-12-13,Semi-finals,Argentina,2,74,20,Croatia,5474,Ivan Perišić,22041,Marko Livaja,Complete,18.5,45.4,10.7,63.0,16.4
3869519,2022-12-13,Semi-finals,Argentina,2,74,25,Croatia,22041,Marko Livaja,5456,Mateo Kovačić,Complete,16.600302,67.8,4.7,51.2,4.6
3869519,2022-12-13,Semi-finals,Argentina,2,74,32,Croatia,5456,Mateo Kovačić,3471,Dejan Lovren,Complete,30.239378,43.4,24.4,46.3,54.5
3869519,2022-12-13,Semi-finals,Argentina,2,74,35,Croatia,3471,Dejan Lovren,29163,Josip Juranović,Complete,24.242525,46.3,55.4,64.6,71.3
3869519,2022-12-13,Semi-finals,Argentina,2,74,37,Croatia,29163,Josip Juranović,,,Incomplete,24.410038,64.6,71.3,89.0,72.0
3869519,2022-12-13,Semi-finals,Argentina,2,74,47,Croatia,29163,Josip Juranović,5463,Luka Modrić,Complete,33.13608,88.0,80.0,63.4,57.8
3869519,2022-12-13,Semi-finals,Argentina,2,74,51,Croatia,5463,Luka Modrić,5474,Ivan Perišić,Complete,30.801622,63.4,55.9,79.1,29.4
3869519,2022-12-13,Semi-finals,Argentina,2,75,51,Croatia,29163,Josip Juranović,33018,Joško Gvardiol,Complete,21.064188,32.4,59.0,28.5,38.3
3869519,2022-12-13,Semi-finals,Argentina,2,76,37,Croatia,29163,Josip Juranović,16531,Dominik Livaković,Complete,31.705677,31.7,69.9,12.2,44.9
3869519,2022-12-13,Semi-finals,Argentina,2,76,42,Croatia,16531,Dominik Livaković,33018,Joško Gvardiol,Complete,19.26759,19.1,44.4,22.3,25.4
3869519,2022-12-13,Semi-finals,Argentina,2,76,46,Croatia,33018,Joško Gvardiol,5456,Mateo Kovačić,Complete,8.509406,27.6,16.9,30.5,24.9
3869519,2022-12-13,Semi-finals,Argentina,2,76,49,Croatia,5456,Mateo Kovačić,5463,Luka Modrić,Complete,18.279222,32.1,26.6,33.8,44.8
3869519,2022-12-13,Semi-finals,Argentina,2,76,52,Croatia,5463,Luka Modrić,5456,Mateo Kovačić,Complete,12.815616,37.7,44.9,42.7,33.1
3869519,2022-12-13,Semi-finals,Argentina,2,76,55,Croatia,5456,Mateo Kovačić,5474,Ivan Perišić,Complete,33.554283,52.4,36.4,63.4,4.7
3869519,2022-12-13,Semi-finals,Argentina,2,76,58,Croatia,5474,Ivan Perišić,,,Incomplete,55.536026,63.4,4.7,103.9,42.7
3869519,2022-12-13,Semi-finals,Argentina,2,77,12,Croatia,3471,Dejan Lovren,5456,Mateo Kovačić,Complete,4.7507896,57.6,35.5,61.7,33.1
3869519,2022-12-13,Semi-finals,Argentina,2,77,14,Croatia,5456,Mateo Kovačić,5463,Luka Modrić,Complete,15.524175,67.0,38.8,63.0,53.8
3869519,2022-12-13,Semi-finals,Argentina,2,77,19,Croatia,5463,Luka Modrić,29163,Josip Juranović,Complete,18.436106,79.1,56.9,84.9,74.4
3869519,2022-12-13,Semi-finals,Argentina,2,77,21,Croatia,29163,Josip Juranović,3441,Nikola Vlašić,Incomplete,28.522272,85.8,74.4,103.2,51.8
3869519,2022-12-13,Semi-finals,Argentina,2,77,36,Croatia,5474,Ivan Perišić,16527,Mislav Oršić,Complete,11.987077,102.0,4.7,106.0,16.0
3869519,2022-12-13,Semi-finals,Argentina,2,78,29,Croatia,5463,Luka Modrić,29163,Josip Juranović,Incomplete,4.5177426,42.2,74.9,38.2,72.8
3869519,2022-12-13,Semi-finals,Argentina,2,78,32,Croatia,5463,Luka Modrić,3471,Dejan Lovren,Complete,11.660618,42.3,73.2,32.9,66.3
3869519,2022-12-13,Semi-finals,Argentina,2,78,33,Croatia,3471,Dejan Lovren,5456,Mateo Kovačić,Complete,6.8117547,32.9,66.3,38.1,61.9
3869519,2022-12-13,Semi-finals,Argentina,2,78,34,Croatia,5456,Mateo Kovačić,3471,Dejan Lovren,Complete,18.866373,38.1,61.9,19.6,65.6
3869519,2022-12-13,Semi-finals,Argentina,2,78,36,Croatia,3471,Dejan Lovren,16531,Dominik Livaković,Complete,23.436083,19.6,65.6,6.6,46.1
3869519,2022-12-13,Semi-finals,Argentina,2,78,40,Croatia,16531,Dominik Livaković,33018,Joško Gvardiol,Complete,16.2,9.0,44.9,9.0,28.7
3869519,2022-12-13,Semi-finals,Argentina,2,78,42,Croatia,33018,Joško Gvardiol,3471,Dejan Lovren,Complete,30.85855,9.0,28.7,10.9,59.5
3869519,2022-12-13,Semi-finals,Argentina,2,78,45,Croatia,3471,Dejan Lovren,5463,Luka Modrić,Complete,16.319313,11.4,61.4,26.8,66.8
3869519,2022-12-13,Semi-finals,Argentina,2,78,49,Croatia,5463,Luka Modrić,3441,Nikola Vlašić,Complete,16.819036,32.4,66.3,49.2,65.5
3869519,2022-12-13,Semi-finals,Argentina,2,78,53,Croatia,3441,Nikola Vlašić,3471,Dejan Lovren,Complete,19.282375,55.2,54.7,38.2,45.6
3869519,2022-12-13,Semi-finals,Argentina,2,78,54,Croatia,3471,Dejan Lovren,5463,Luka Modrić,Complete,17.224691,38.6,45.6,49.9,58.6
3869519,2022-12-13,Semi-finals,Argentina,2,79,5,Croatia,5463,Luka Modrić,22041,Marko Livaja,Complete,37.35037,67.5,50.1,78.8,14.5
3869519,2022-12-13,Semi-finals,Argentina,2,79,13,Croatia,22041,Marko Livaja,7693,Bruno Petković,Complete,8.914034,92.1,18.1,92.6,27.0
3869519,2022-12-13,Semi-finals,Argentina,2,79,14,Croatia,7693,Bruno Petković,5463,Luka Modrić,Complete,6.276942,92.6,30.2,86.8,32.6
3869519,2022-12-13,Semi-finals,Argentina,2,79,17,Croatia,5463,Luka Modrić,,,Incomplete,4.0706263,86.5,48.0,90.1,46.1
3869519,2022-12-13,Semi-finals,Argentina,2,79,50,Croatia,33018,Joško Gvardiol,16531,Dominik Livaković,Complete,26.165817,21.1,12.8,9.8,36.4
3869519,2022-12-13,Semi-finals,Argentina,2,79,53,Croatia,16531,Dominik Livaković,3471,Dejan Lovren,Complete,13.379462,11.0,38.3,15.5,50.9
3869519,2022-12-13,Semi-finals,Argentina,2,79,54,Croatia,3471,Dejan Lovren,16531,Dominik Livaković,Complete,14.871785,15.5,50.9,7.6,38.3
3869519,2022-12-13,Semi-finals,Argentina,2,79,57,Croatia,16531,Dominik Livaković,5474,Ivan Perišić,Complete,38.76416,7.6,38.3,28.1,5.4
3869519,2022-12-13,Semi-finals,Argentina,2,80,2,Croatia,5474,Ivan Perišić,3471,Dejan Lovren,Complete,44.34242,28.1,5.4,10.5,46.1
3869519,2022-12-13,Semi-finals,Argentina,2,80,7,Croatia,3471,Dejan Lovren,5463,Luka Modrić,Complete,17.632357,21.1,52.6,34.8,41.5
3869519,2022-12-13,Semi-finals,Argentina,2,80,12,Croatia,5463,Luka Modrić,5474,Ivan Perišić,Incomplete,42.090023,39.8,46.1,68.7,15.5
3869519,2022-12-13,Semi-finals,Argentina,2,80,56,Croatia,5474,Ivan Perišić,,,Incomplete,17.09415,69.5,0.1,82.5,11.2
3869519,2022-12-13,Semi-finals,Argentina,2,81,45,Croatia,3471,Dejan Lovren,16531,Dominik Livaković,Complete,25.331404,27.6,61.4,7.8,45.6
3869519,2022-12-13,Semi-finals,Argentina,2,81,48,Croatia,16531,Dominik Livaković,3471,Dejan Lovren,Complete,25.27924,4.9,44.4,6.9,69.6
3869519,2022-12-13,Semi-finals,Argentina,2,81,50,Croatia,3471,Dejan Lovren,16531,Dominik Livaković,Complete,25.200993,9.0,73.2,4.0,48.5
3869519,2022-12-13,Semi-finals,Argentina,2,81,53,Croatia,16531,Dominik Livaković,,,Incomplete,32.658382,4.5,47.3,36.9,51.4
3869519,2022-12-13,Semi-finals,Argentina,2,82,26,Croatia,16531,Dominik Livaković,29163,Josip Juranović,Complete,48.754486,6.0,36.0,49.2,58.6
3869519,2022-12-13,Semi-finals,Argentina,2,82,30,Croatia,29163,Josip Juranović,,,Incomplete,5.841233,60.1,63.4,63.7,68.0
3869519,2022-12-13,Semi-finals,Argentina,2,82,36,Croatia,29163,Josip Juranović,3471,Dejan Lovren,Complete,31.324911,66.3,80.0,44.2,57.8
3869519,2022-12-13,Semi-finals,Argentina,2,82,39,Croatia,3471,Dejan Lovren,5456,Mateo Kovačić,Complete,11.580155,44.2,57.8,51.1,48.5
3869519,2022-12-13,Semi-finals,Argentina,2,82,41,Croatia,5456,Mateo Kovačić,22041,Marko Livaja,Complete,23.867342,52.8,41.7,70.6,25.8
3869519,2022-12-13,Semi-finals,Argentina,2,82,46,Croatia,22041,Marko Livaja,,,Incomplete,26.011152,70.6,25.8,93.3,13.1
3869519,2022-12-13,Semi-finals,Argentina,2,82,56,Croatia,5474,Ivan Perišić,28914,Lovro Majer,Complete,16.858528,101.9,0.1,85.8,5.1
3869519,2022-12-13,Semi-finals,Argentina,2,83,15,Croatia,33018,Joško Gvardiol,5474,Ivan Perišić,Complete,15.602884,9.3,20.8,21.6,11.2
3869519,2022-12-13,Semi-finals,Argentina,2,83,21,Croatia,5474,Ivan Perišić,7693,Bruno Petković,Complete,19.665451,38.2,8.3,56.5,15.5
3869519,2022-12-13,Semi-finals,Argentina,2,83,22,Croatia,7693,Bruno Petković,16527,Mislav Oršić,Complete,19.374725,56.5,15.5,70.2,1.8
3869519,2022-12-13,Semi-finals,Argentina,2,83,27,Croatia,16527,Mislav Oršić,22041,Marko Livaja,Complete,12.0415945,80.8,5.9,78.4,17.7
3869519,2022-12-13,Semi-finals,Argentina,2,83,41,Croatia,5474,Ivan Perišić,33018,Joško Gvardiol,Complete,10.469002,27.6,10.4,28.8,20.8
3869519,2022-12-13,Semi-finals,Argentina,2,83,44,Croatia,33018,Joško Gvardiol,28914,Lovro Majer,Complete,26.524328,31.2,21.3,43.5,44.8
3869519,2022-12-13,Semi-finals,Argentina,2,83,53,Croatia,28914,Lovro Majer,29163,Josip Juranović,Complete,16.600302,68.2,46.8,68.3,63.4
3869519,2022-12-13,Semi-finals,Argentina,2,83,56,Croatia,29163,Josip Juranović,28914,Lovro Majer,Complete,10.8,68.3,63.4,68.3,52.6
3869519,2022-12-13,Semi-finals,Argentina,2,83,59,Croatia,28914,Lovro Majer,7693,Bruno Petković,Complete,31.400637,73.8,48.2,78.8,17.2
3869519,2022-12-13,Semi-finals,Argentina,2,84,4,Croatia,7693,Bruno Petković,5474,Ivan Perišić,Complete,14.561936,78.8,17.2,91.4,9.9
3869519,2022-12-13,Semi-finals,Argentina,2,84,6,Croatia,5474,Ivan Perišić,,,Incomplete,25.05035,102.0,7.8,110.4,31.4
3869519,2022-12-13,Semi-finals,Argentina,2,84,37,Croatia,28914,Lovro Majer,5474,Ivan Perišić,Complete,29.841248,120.0,80.0,115.5,50.5
3869519,2022-12-13,Semi-finals,Argentina,2,84,38,Croatia,5474,Ivan Perišić,,,Out,24.49653,114.2,53.7,120.0,29.9
3869519,2022-12-13,Semi-finals,Argentina,2,87,6,Croatia,3471,Dejan Lovren,29163,Josip Juranović,Complete,5.9808025,26.4,72.8,28.5,67.2
3869519,2022-12-13,Semi-finals,Argentina,2,87,10,Croatia,29163,Josip Juranović,28914,Lovro Majer,Complete,6.958448,36.5,68.4,37.4,61.5
3869519,2022-12-13,Semi-finals,Argentina,2,87,18,Croatia,28914,Lovro Majer,5474,Ivan Perišić,Complete,37.238823,57.7,41.5,63.4,4.7
3869519,2022-12-13,Semi-finals,Argentina,2,87,22,Croatia,5474,Ivan Perišić,,,Incomplete,19.536888,74.0,4.6,93.5,3.4
3869519,2022-12-13,Semi-finals,Argentina,2,87,31,Croatia,16531,Dominik Livaković,33018,Joško Gvardiol,Complete,11.706836,8.6,9.9,20.3,9.5
3869519,2022-12-13,Semi-finals,Argentina,2,87,36,Croatia,33018,Joško Gvardiol,3471,Dejan Lovren,Complete,23.307724,31.7,14.5,37.4,37.1
3869519,2022-12-13,Semi-finals,Argentina,2,87,39,Croatia,3471,Dejan Lovren,28914,Lovro Majer,Complete,24.36555,42.7,40.3,62.5,54.5
3869519,2022-12-13,Semi-finals,Argentina,2,87,45,Croatia,29163,Josip Juranović,,,Incomplete,40.10586,57.2,74.4,82.4,43.2
3869519,2022-12-13,Semi-finals,Argentina,2,88,6,Croatia,5474,Ivan Perišić,3471,Dejan Lovren,Complete,23.099134,41.5,0.1,32.1,21.2
3869519,2022-12-13,Semi-finals,Argentina,2,88,8,Croatia,3471,Dejan Lovren,28914,Lovro Majer,Complete,8.940358,32.9,21.7,38.2,14.5
3869519,2022-12-13,Semi-finals,Argentina,2,88,10,Croatia,28914,Lovro Majer,33018,Joško Gvardiol,Complete,15.526107,38.2,14.5,22.7,13.6
3869519,2022-12-13,Semi-finals,Argentina,2,88,12,Croatia,33018,Joško Gvardiol,5474,Ivan Perišić,Complete,13.345411,22.7,13.6,33.6,5.9
3869519,2022-12-13,Semi-finals,Argentina,2,88,13,Croatia,5474,Ivan Perišić,28914,Lovro Majer,Complete,16.307667,32.6,5.4,32.1,21.7
3869519,2022-12-13,Semi-finals,Argentina,2,88,14,Croatia,28914,Lovro Majer,5456,Mateo Kovačić,Complete,8.668333,32.1,21.7,40.6,23.4
3869519,2022-12-13,Semi-finals,Argentina,2,88,17,Croatia,5456,Mateo Kovačić,7693,Bruno Petković,Complete,5.67186,58.1,17.2,63.7,18.1
3869519,2022-12-13,Semi-finals,Argentina,2,88,20,Croatia,7693,Bruno Petković,5456,Mateo Kovačić,Complete,8.228001,73.1,16.4,80.8,19.3
3869519,2022-12-13,Semi-finals,Argentina,2,88,21,Croatia,5456,Mateo Kovačić,28914,Lovro Majer,Complete,10.309219,82.4,20.1,85.6,29.9
3869519,2022-12-13,Semi-finals,Argentina,2,89,52,Croatia,3471,Dejan Lovren,3441,Nikola Vlašić,Complete,3.6878178,27.6,44.8,30.4,47.2
3869519,2022-12-13,Semi-finals,Argentina,2,89,53,Croatia,3441,Nikola Vlašić,28914,Lovro Majer,Complete,5.063596,27.6,50.6,32.6,51.4
3869519,2022-12-13,Semi-finals,Argentina,2,89,55,Croatia,28914,Lovro Majer,22041,Marko Livaja,Complete,21.810318,41.3,49.7,50.0,29.7
3869519,2022-12-13,Semi-finals,Argentina,2,89,58,Croatia,22041,Marko Livaja,16527,Mislav Oršić,Complete,37.643856,54.0,24.9,84.9,3.4
3869519,2022-12-13,Semi-finals,Argentina,2,90,36,Croatia,5474,Ivan Perišić,7693,Bruno Petković,Incomplete,26.046112,81.5,0.1,99.1,19.3
3869519,2022-12-13,Semi-finals,Argentina,2,90,41,Croatia,28914,Lovro Majer,29163,Josip Juranović,Complete,27.32325,82.4,23.7,74.0,49.7
3869519,2022-12-13,Semi-finals,Argentina,2,90,44,Croatia,29163,Josip Juranović,3441,Nikola Vlašić,Complete,11.810589,81.2,50.1,89.4,58.6
3869519,2022-12-13,Semi-finals,Argentina,2,90,49,Croatia,3441,Nikola Vlašić,28914,Lovro Majer,Complete,7.6967525,88.2,57.4,81.2,54.2
3869519,2022-12-13,Semi-finals,Argentina,2,90,51,Croatia,28914,Lovro Majer,,,Incomplete,37.060085,81.2,54.2,110.8,31.9
3869519,2022-12-13,Semi-finals,Argentina,2,91,23,Croatia,5474,Ivan Perišić,16531,Dominik Livaković,Complete,20.538013,25.6,11.9,9.7,24.9
3869519,2022-12-13,Semi-finals,Argentina,2,91,27,Croatia,16531,Dominik Livaković,33018,Joško Gvardiol,Complete,3.3941126,11.0,27.3,13.4,24.9
3869519,2022-12-13,Semi-finals,Argentina,2,91,28,Croatia,33018,Joško Gvardiol,3471,Dejan Lovren,Complete,25.65346,19.4,22.9,24.7,48.0
3869519,2022-12-13,Semi-finals,Argentina,2,91,31,Croatia,3471,Dejan Lovren,29163,Josip Juranović,Complete,17.880716,24.7,48.0,39.1,58.6
3869519,2022-12-13,Semi-finals,Argentina,2,91,33,Croatia,29163,Josip Juranović,28914,Lovro Majer,Complete,10.123734,39.1,62.2,45.9,54.7
3869519,2022-12-13,Semi-finals,Argentina,2,91,38,Croatia,28914,Lovro Majer,29163,Josip Juranović,Complete,13.84052,45.9,54.7,56.9,63.1
3869519,2022-12-13,Semi-finals,Argentina,2,91,39,Croatia,29163,Josip Juranović,28914,Lovro Majer,Complete,7.495332,56.9,63.1,51.6,57.8
3869519,2022-12-13,Semi-finals,Argentina,2,91,41,Croatia,28914,Lovro Majer,22041,Marko Livaja,Incomplete,18.07678,51.6,57.8,69.0,62.7
3869519,2022-12-13,Semi-finals,Argentina,2,91,49,Croatia,22041,Marko Livaja,5456,Mateo Kovačić,Complete,14.773287,62.5,65.5,55.3,52.6
3869519,2022-12-13,Semi-finals,Argentina,2,91,56,Croatia,5456,Mateo Kovačić,33018,Joško Gvardiol,Complete,23.401922,55.7,55.7,56.0,32.3
3869519,2022-12-13,Semi-finals,Argentina,2,92,0,Croatia,33018,Joško Gvardiol,16527,Mislav Oršić,Complete,21.600231,72.6,20.8,87.0,4.7
3869519,2022-12-13,Semi-finals,Argentina,2,92,2,Croatia,16527,Mislav Oršić,5474,Ivan Perišić,Complete,6.400781,87.7,5.8,93.3,2.7
3869519,2022-12-13,Semi-finals,Argentina,2,92,4,Croatia,5474,Ivan Perišić,,,Incomplete,41.195145,103.1,8.7,112.1,48.9
3869519,2022-12-13,Semi-finals,Argentina,2,92,34,Croatia,28914,Lovro Majer,,,Incomplete,29.888124,120.0,80.0,114.1,50.7
3869519,2022-12-13,Semi-finals,Argentina,2,92,43,Croatia,29163,Josip Juranović,5456,Mateo Kovačić,Complete,16.983816,57.6,70.1,71.4,60.2
3869519,2022-12-13,Semi-finals,Argentina,2,92,46,Croatia,5456,Mateo Kovačić,3441,Nikola Vlašić,Complete,13.983204,79.6,60.2,93.3,57.4
3869519,2022-12-13,Semi-finals,Argentina,2,93,35,Croatia,33018,Joško Gvardiol,5474,Ivan Perišić,Complete,7.805767,34.8,21.3,34.5,13.5
3869519,2022-12-13,Semi-finals,Argentina,2,93,37,Croatia,5474,Ivan Perišić,33018,Joško Gvardiol,Complete,13.797463,34.5,13.5,24.4,22.9
3869519,2022-12-13,Semi-finals,Argentina,2,93,39,Croatia,33018,Joško Gvardiol,16531,Dominik Livaković,Complete,26.6248,24.4,22.9,6.6,42.7
3869519,2022-12-13,Semi-finals,Argentina,2,93,42,Croatia,16531,Dominik Livaković,,,Incomplete,62.17371,6.6,42.7,63.7,18.1
3869519,2022-12-13,Semi-finals,Argentina,2,93,51,Croatia,5474,Ivan Perišić,5456,Mateo Kovačić,Complete,8.627862,56.4,0.1,50.4,6.3
3869519,2022-12-13,Semi-finals,Argentina,2,93,55,Croatia,5456,Mateo Kovačić,5474,Ivan Perišić,Complete,13.452881,62.5,13.1,73.8,5.8
3869519,2022-12-13,Semi-finals,Argentina,2,94,0,Croatia,5474,Ivan Perišić,16527,Mislav Oršić,Complete,9.683491,88.2,10.4,93.8,2.5
3869519,2022-12-13,Semi-finals,Argentina,2,94,1,Croatia,16527,Mislav Oršić,5456,Mateo Kovačić,Complete,13.787676,93.8,2.5,82.5,10.4
3869519,2022-12-13,Semi-finals,Argentina,2,94,3,Croatia,5456,Mateo Kovačić,22041,Marko Livaja,Complete,12.336936,82.5,10.4,86.1,22.2
3869519,2022-12-13,Semi-finals,Argentina,2,94,28,Croatia,5474,Ivan Perišić,33018,Joško Gvardiol,Complete,3.640055,11.0,7.0,8.1,9.2
3869519,2022-12-13,Semi-finals,Argentina,2,94,29,Croatia,33018,Joško Gvardiol,16527,Mislav Oršić,Complete,20.223007,8.1,9.2,28.0,12.8
3869519,2022-12-13,Semi-finals,Argentina,2,94,31,Croatia,16527,Mislav Oršić,28914,Lovro Majer,Complete,10.423532,28.0,12.8,32.9,22.0
3869519,2022-12-13,Semi-finals,Argentina,2,94,35,Croatia,28914,Lovro Majer,16527,Mislav Oršić,Complete,11.315918,61.0,14.8,67.3,5.4
3869519,2022-12-13,Semi-finals,Argentina,2,94,40,Croatia,16527,Mislav Oršić,28914,Lovro Majer,Complete,10.82451,86.8,11.9,94.7,19.3
3869519,2022-12-13,Semi-finals,Argentina,2,94,42,Croatia,28914,Lovro Majer,7693,Bruno Petković,Complete,13.875518,93.0,18.9,100.3,7.1
3869519,2022-12-13,Semi-finals,Argentina,2,94,48,Croatia,7693,Bruno Petković,16527,Mislav Oršić,Complete,29.928247,106.5,12.4,93.8,39.5
3869519,2022-12-13,Semi-finals,Argentina,2,94,50,Croatia,16527,Mislav Oršić,3471,Dejan Lovren,Complete,8.7,94.5,47.2,88.2,41.2
3869420,2022-12-09,Quarter-finals,Brazil,1,0,0,Croatia,5463,Luka Modrić,5469,Marcelo Brozović,Complete,15.482894,60.0,40.0,44.6,38.4
3869420,2022-12-09,Quarter-finals,Brazil,1,0,2,Croatia,5469,Marcelo Brozović,5463,Luka Modrić,Complete,16.92956,46.8,38.4,63.7,37.4
3869420,2022-12-09,Quarter-finals,Brazil,1,0,3,Croatia,5463,Luka Modrić,3471,Dejan Lovren,Complete,21.5678,63.7,37.4,48.3,52.5
3869420,2022-12-09,Quarter-finals,Brazil,1,0,5,Croatia,3471,Dejan Lovren,29163,Josip Juranović,Complete,38.052597,49.9,53.3,81.5,74.5
3869420,2022-12-09,Quarter-finals,Brazil,1,0,8,Croatia,29163,Josip Juranović,,,Incomplete,3.8118236,80.5,72.5,80.8,68.7
3869420,2022-12-09,Quarter-finals,Brazil,1,1,8,Croatia,12625,Borna Sosa,5456,Mateo Kovačić,Complete,7.7833157,37.7,0.1,43.4,5.4
3869420,2022-12-09,Quarter-finals,Brazil,1,1,9,Croatia,5456,Mateo Kovačić,12625,Borna Sosa,Complete,4.9406476,43.4,5.4,39.4,2.5
3869420,2022-12-09,Quarter-finals,Brazil,1,1,10,Croatia,12625,Borna Sosa,5456,Mateo Kovačić,Incomplete,3.5,39.4,2.5,42.2,4.6
3869420,2022-12-09,Quarter-finals,Brazil,1,1,23,Croatia,12625,Borna Sosa,33018,Joško Gvardiol,Complete,7.262231,42.2,0.1,37.7,5.8
3869420,2022-12-09,Quarter-finals,Brazil,1,1,25,Croatia,33018,Joško Gvardiol,12625,Borna Sosa,Complete,14.420125,39.1,7.0,52.8,2.5
3869420,2022-12-09,Quarter-finals,Brazil,1,1,30,Croatia,12625,Borna Sosa,,,Incomplete,9.708244,52.8,4.2,62.5,4.6
3869420,2022-12-09,Quarter-finals,Brazil,1,2,29,Croatia,5469,Marcelo Brozović,5463,Luka Modrić,Complete,9.76166,80.5,21.2,86.5,13.5
3869420,2022-12-09,Quarter-finals,Brazil,1,2,31,Croatia,5463,Luka Modrić,,,Incomplete,28.165583,86.5,13.5,105.6,34.2
3869420,2022-12-09,Quarter-finals,Brazil,1,2,34,Croatia,5469,Marcelo Brozović,29163,Josip Juranović,Complete,25.471945,82.9,27.3,63.0,43.2
3869420,2022-12-09,Quarter-finals,Brazil,1,2,39,Croatia,29163,Josip Juranović,16531,Dominik Livaković,Complete,33.22544,45.9,48.0,13.1,42.7
3869420,2022-12-09,Quarter-finals,Brazil,1,2,44,Croatia,16531,Dominik Livaković,,,Incomplete,68.20117,13.8,42.9,80.0,26.5
3869420,2022-12-09,Quarter-finals,Brazil,1,2,55,Croatia,3471,Dejan Lovren,5460,Andrej Kramarić,Complete,9.757561,80.8,62.2,84.8,53.3
3869420,2022-12-09,Quarter-finals,Brazil,1,2,56,Croatia,5460,Andrej Kramarić,3471,Dejan Lovren,Complete,9.453042,84.8,53.3,85.8,62.7
3869420,2022-12-09,Quarter-finals,Brazil,1,2,57,Croatia,3471,Dejan Lovren,29163,Josip Juranović,Complete,13.020753,85.8,62.7,93.5,73.2
3869420,2022-12-09,Quarter-finals,Brazil,1,3,0,Croatia,29163,Josip Juranović,5463,Luka Modrić,Complete,16.933104,95.4,73.3,92.6,56.6
3869420,2022-12-09,Quarter-finals,Brazil,1,4,19,Croatia,16531,Dominik Livaković,3471,Dejan Lovren,Complete,7.5927596,3.2,41.5,8.1,47.3
3869420,2022-12-09,Quarter-finals,Brazil,1,4,27,Croatia,3471,Dejan Lovren,5456,Mateo Kovačić,Incomplete,32.10265,9.0,49.7,31.7,27.0
3869420,2022-12-09,Quarter-finals,Brazil,1,4,30,Croatia,5469,Marcelo Brozović,5456,Mateo Kovačić,Incomplete,21.435019,24.4,34.3,43.9,25.4
3869420,2022-12-09,Quarter-finals,Brazil,1,4,56,Croatia,16531,Dominik Livaković,11603,Mario Pašalić,Incomplete,74.0,6.0,44.0,76.4,66.8
3869420,2022-12-09,Quarter-finals,Brazil,1,5,3,Croatia,5469,Marcelo Brozović,11603,Mario Pašalić,Complete,13.612494,61.8,52.1,70.7,62.4
3869420,2022-12-09,Quarter-finals,Brazil,1,5,5,Croatia,11603,Mario Pašalić,5469,Marcelo Brozović,Complete,12.288612,70.7,62.4,80.8,55.4
3869420,2022-12-09,Quarter-finals,Brazil,1,5,7,Croatia,5469,Marcelo Brozović,11603,Mario Pašalić,Incomplete,3.6345563,83.2,61.5,79.6,61.0
3869420,2022-12-09,Quarter-finals,Brazil,1,5,10,Croatia,5469,Marcelo Brozović,5463,Luka Modrić,Complete,8.005623,85.3,68.7,79.3,63.4
3869420,2022-12-09,Quarter-finals,Brazil,1,5,12,Croatia,5463,Luka Modrić,11603,Mario Pašalić,Complete,9.600521,79.3,63.4,82.9,54.5
3869420,2022-12-09,Quarter-finals,Brazil,1,5,15,Croatia,11603,Mario Pašalić,12625,Borna Sosa,Complete,31.499365,80.8,42.7,85.8,11.6
3869420,2022-12-09,Quarter-finals,Brazil,1,5,18,Croatia,12625,Borna Sosa,5474,Ivan Perišić,Incomplete,13.462912,85.8,11.6,98.3,6.6
3869420,2022-12-09,Quarter-finals,Brazil,1,5,25,Croatia,5456,Mateo Kovačić,12625,Borna Sosa,Complete,7.299315,69.5,3.0,76.7,4.2
3869420,2022-12-09,Quarter-finals,Brazil,1,5,29,Croatia,12625,Borna Sosa,11603,Mario Pašalić,Out,62.42195,92.6,18.9,106.3,79.8
3869420,2022-12-09,Quarter-finals,Brazil,1,5,58,Croatia,29163,Josip Juranović,3471,Dejan Lovren,Complete,2.8442926,80.5,68.4,80.0,65.6
3869420,2022-12-09,Quarter-finals,Brazil,1,6,1,Croatia,3471,Dejan Lovren,5469,Marcelo Brozović,Complete,4.472136,76.0,72.8,80.0,70.8
3869420,2022-12-09,Quarter-finals,Brazil,1,6,1,Croatia,5469,Marcelo Brozović,29163,Josip Juranović,Complete,18.962067,80.0,70.8,63.0,62.4
3869420,2022-12-09,Quarter-finals,Brazil,1,6,4,Croatia,29163,Josip Juranović,33018,Joško Gvardiol,Complete,18.329485,63.0,60.3,56.4,43.2
3869420,2022-12-09,Quarter-finals,Brazil,1,6,7,Croatia,33018,Joško Gvardiol,5456,Mateo Kovačić,Complete,6.2968245,58.4,40.8,61.8,35.5
3869420,2022-12-09,Quarter-finals,Brazil,1,6,11,Croatia,5456,Mateo Kovačić,12625,Borna Sosa,Complete,18.35756,72.3,24.1,74.7,5.9
3869420,2022-12-09,Quarter-finals,Brazil,1,6,14,Croatia,12625,Borna Sosa,33018,Joško Gvardiol,Complete,29.698652,71.1,8.7,48.7,28.2
3869420,2022-12-09,Quarter-finals,Brazil,1,6,18,Croatia,33018,Joško Gvardiol,5456,Mateo Kovačić,Complete,16.531485,52.1,28.2,67.3,21.7
3869420,2022-12-09,Quarter-finals,Brazil,1,6,19,Croatia,5456,Mateo Kovačić,33018,Joško Gvardiol,Complete,14.156624,66.1,20.8,52.1,22.9
3869420,2022-12-09,Quarter-finals,Brazil,1,6,25,Croatia,33018,Joško Gvardiol,3471,Dejan Lovren,Complete,34.900574,45.6,19.6,45.4,54.5
3869420,2022-12-09,Quarter-finals,Brazil,1,6,29,Croatia,3471,Dejan Lovren,29163,Josip Juranović,Complete,30.662355,50.7,55.7,75.0,74.4
3869420,2022-12-09,Quarter-finals,Brazil,1,6,31,Croatia,29163,Josip Juranović,3471,Dejan Lovren,Complete,25.260641,75.0,74.4,50.7,67.5
3869420,2022-12-09,Quarter-finals,Brazil,1,6,34,Croatia,3471,Dejan Lovren,33018,Joško Gvardiol,Complete,23.204525,50.7,67.5,38.6,47.7
3869420,2022-12-09,Quarter-finals,Brazil,1,6,39,Croatia,33018,Joško Gvardiol,11603,Mario Pašalić,Complete,29.537264,43.0,52.1,69.9,64.3
3869420,2022-12-09,Quarter-finals,Brazil,1,6,42,Croatia,11603,Mario Pašalić,5463,Luka Modrić,Complete,9.411163,70.6,64.8,68.2,55.7
3869420,2022-12-09,Quarter-finals,Brazil,1,6,43,Croatia,5463,Luka Modrić,29163,Josip Juranović,Complete,32.08489,68.2,55.7,94.2,74.5
3869420,2022-12-09,Quarter-finals,Brazil,1,6,48,Croatia,29163,Josip Juranović,5474,Ivan Perišić,Unknown,42.917248,94.2,72.8,108.4,32.3
3869420,2022-12-09,Quarter-finals,Brazil,1,7,51,Croatia,11603,Mario Pašalić,29163,Josip Juranović,Complete,4.5177426,39.8,77.3,39.4,72.8
3869420,2022-12-09,Quarter-finals,Brazil,1,7,57,Croatia,29163,Josip Juranović,5463,Luka Modrić,Complete,14.205632,52.8,75.2,52.4,61.0
3869420,2022-12-09,Quarter-finals,Brazil,1,7,59,Croatia,5463,Luka Modrić,,,Incomplete,28.557661,52.4,61.0,44.7,33.5
3869420,2022-12-09,Quarter-finals,Brazil,1,8,22,Croatia,12625,Borna Sosa,5456,Mateo Kovačić,Complete,8.1154175,43.4,7.1,43.9,15.2
3869420,2022-12-09,Quarter-finals,Brazil,1,8,26,Croatia,5456,Mateo Kovačić,5463,Luka Modrić,Complete,7.3979726,52.8,31.1,45.6,29.4
3869420,2022-12-09,Quarter-finals,Brazil,1,8,28,Croatia,5463,Luka Modrić,5474,Ivan Perišić,Complete,23.277456,55.7,22.5,70.7,4.7
3869420,2022-12-09,Quarter-finals,Brazil,1,8,35,Croatia,5474,Ivan Perišić,,,Incomplete,66.88864,103.6,5.1,110.8,71.6
3869420,2022-12-09,Quarter-finals,Brazil,1,9,21,Croatia,12625,Borna Sosa,5463,Luka Modrić,Complete,19.8,13.8,34.2,33.6,34.2
3869420,2022-12-09,Quarter-finals,Brazil,1,10,2,Croatia,16531,Dominik Livaković,11603,Mario Pašalić,Complete,68.741615,6.0,44.0,70.6,67.5
3869420,2022-12-09,Quarter-finals,Brazil,1,10,6,Croatia,11603,Mario Pašalić,5460,Andrej Kramarić,Incomplete,28.165583,70.6,67.5,89.7,46.8
3869420,2022-12-09,Quarter-finals,Brazil,1,10,48,Croatia,5469,Marcelo Brozović,3471,Dejan Lovren,Complete,11.360018,21.6,57.8,26.8,67.9
3869420,2022-12-09,Quarter-finals,Brazil,1,10,53,Croatia,3471,Dejan Lovren,12625,Borna Sosa,Complete,61.493416,32.4,63.4,50.4,4.6
3869420,2022-12-09,Quarter-finals,Brazil,1,10,56,Croatia,12625,Borna Sosa,5474,Ivan Perišić,Complete,8.20061,50.4,4.6,58.6,4.7
3869420,2022-12-09,Quarter-finals,Brazil,1,10,57,Croatia,5474,Ivan Perišić,12625,Borna Sosa,Complete,10.088112,58.6,4.7,61.7,14.3
3869420,2022-12-09,Quarter-finals,Brazil,1,10,59,Croatia,12625,Borna Sosa,11603,Mario Pašalić,Incomplete,33.44398,61.8,11.1,79.3,39.6
3869420,2022-12-09,Quarter-finals,Brazil,1,11,37,Croatia,29163,Josip Juranović,3471,Dejan Lovren,Complete,20.892582,65.8,80.0,46.3,72.5
3869420,2022-12-09,Quarter-finals,Brazil,1,11,39,Croatia,3471,Dejan Lovren,33018,Joško Gvardiol,Complete,38.67919,45.9,71.6,37.7,33.8
3869420,2022-12-09,Quarter-finals,Brazil,1,11,46,Croatia,33018,Joško Gvardiol,3471,Dejan Lovren,Complete,26.00173,31.2,22.9,30.9,48.9
3869420,2022-12-09,Quarter-finals,Brazil,1,11,47,Croatia,3471,Dejan Lovren,16531,Dominik Livaković,Complete,26.024796,30.9,48.9,5.7,42.4
3869420,2022-12-09,Quarter-finals,Brazil,1,11,51,Croatia,16531,Dominik Livaković,3471,Dejan Lovren,Complete,31.007418,3.3,43.6,19.4,70.1
3869420,2022-12-09,Quarter-finals,Brazil,1,11,53,Croatia,3471,Dejan Lovren,29163,Josip Juranović,Complete,22.908514,19.4,70.1,41.8,74.9
3869420,2022-12-09,Quarter-finals,Brazil,1,12,0,Croatia,29163,Josip Juranović,11603,Mario Pašalić,Complete,18.041342,91.3,58.6,105.6,69.6
3869420,2022-12-09,Quarter-finals,Brazil,1,12,3,Croatia,11603,Mario Pašalić,5474,Ivan Perišić,Complete,27.212498,105.6,69.6,112.2,43.2
3869420,2022-12-09,Quarter-finals,Brazil,1,13,8,Croatia,5474,Ivan Perišić,,,Incomplete,4.1,115.7,10.7,115.7,14.8
3869420,2022-12-09,Quarter-finals,Brazil,1,13,43,Croatia,5463,Luka Modrić,,,Incomplete,32.526913,120.0,0.1,115.4,32.3
3869420,2022-12-09,Quarter-finals,Brazil,1,13,51,Croatia,5469,Marcelo Brozović,5456,Mateo Kovačić,Complete,13.003461,63.7,3.7,76.7,3.4
3869420,2022-12-09,Quarter-finals,Brazil,1,13,55,Croatia,5456,Mateo Kovačić,,,Incomplete,40.300125,83.6,3.7,117.3,25.8
3869420,2022-12-09,Quarter-finals,Brazil,1,14,8,Croatia,5463,Luka Modrić,,,Incomplete,24.982594,108.7,57.8,114.5,33.5
3869420,2022-12-09,Quarter-finals,Brazil,1,15,43,Croatia,16531,Dominik Livaković,3471,Dejan Lovren,Complete,6.0074954,6.0,36.0,5.7,42.0
3869420,2022-12-09,Quarter-finals,Brazil,1,15,45,Croatia,3471,Dejan Lovren,16531,Dominik Livaković,Complete,9.861542,4.3,44.8,3.2,35.0
3869420,2022-12-09,Quarter-finals,Brazil,1,15,53,Croatia,16531,Dominik Livaković,29163,Josip Juranović,Complete,39.881073,7.8,39.6,27.1,74.5
3869420,2022-12-09,Quarter-finals,Brazil,1,15,55,Croatia,29163,Josip Juranović,11603,Mario Pašalić,Complete,17.366634,27.1,74.5,43.9,70.1
3869420,2022-12-09,Quarter-finals,Brazil,1,15,57,Croatia,11603,Mario Pašalić,5460,Andrej Kramarić,Complete,18.738462,43.0,73.2,61.7,72.0
3869420,2022-12-09,Quarter-finals,Brazil,1,17,4,Croatia,5456,Mateo Kovačić,11603,Mario Pašalić,Complete,19.437078,38.9,53.8,40.1,73.2
3869420,2022-12-09,Quarter-finals,Brazil,1,17,8,Croatia,11603,Mario Pašalić,5460,Andrej Kramarić,Complete,22.440365,48.3,75.4,64.9,60.3
3869420,2022-12-09,Quarter-finals,Brazil,1,17,10,Croatia,5460,Andrej Kramarić,5469,Marcelo Brozović,Complete,14.677875,64.2,58.1,50.4,63.1
3869420,2022-12-09,Quarter-finals,Brazil,1,17,12,Croatia,5469,Marcelo Brozović,33018,Joško Gvardiol,Complete,31.388214,46.3,62.7,37.4,32.6
3869420,2022-12-09,Quarter-finals,Brazil,1,17,14,Croatia,33018,Joško Gvardiol,5460,Andrej Kramarić,Complete,25.685987,37.4,32.6,63.0,34.7
3869420,2022-12-09,Quarter-finals,Brazil,1,17,16,Croatia,5460,Andrej Kramarić,5474,Ivan Perišić,Complete,24.187807,63.0,34.7,68.3,11.1
3869420,2022-12-09,Quarter-finals,Brazil,1,18,2,Croatia,5469,Marcelo Brozović,5456,Mateo Kovačić,Complete,8.321658,20.3,12.4,15.8,5.4
3869420,2022-12-09,Quarter-finals,Brazil,1,18,3,Croatia,5456,Mateo Kovačić,5463,Luka Modrić,Complete,15.966528,15.8,5.4,26.1,17.6
3869420,2022-12-09,Quarter-finals,Brazil,1,18,10,Croatia,5463,Luka Modrić,11603,Mario Pašalić,Complete,21.30094,63.0,36.7,74.7,54.5
3869420,2022-12-09,Quarter-finals,Brazil,1,18,14,Croatia,11603,Mario Pašalić,29163,Josip Juranović,Complete,18.389671,85.8,53.3,99.1,66.0
3869420,2022-12-09,Quarter-finals,Brazil,1,18,18,Croatia,29163,Josip Juranović,5469,Marcelo Brozović,Complete,24.275913,94.7,59.8,79.1,41.2
3869420,2022-12-09,Quarter-finals,Brazil,1,18,21,Croatia,5469,Marcelo Brozović,5460,Andrej Kramarić,Complete,22.041779,79.1,41.2,92.1,23.4
3869420,2022-12-09,Quarter-finals,Brazil,1,18,28,Croatia,5469,Marcelo Brozović,33018,Joško Gvardiol,Complete,49.49596,84.9,31.9,38.2,15.5
3869420,2022-12-09,Quarter-finals,Brazil,1,18,34,Croatia,33018,Joško Gvardiol,16531,Dominik Livaković,Complete,33.58467,38.2,15.5,11.0,35.2
3869420,2022-12-09,Quarter-finals,Brazil,1,18,38,Croatia,16531,Dominik Livaković,3471,Dejan Lovren,Complete,19.100262,11.0,35.2,19.9,52.1
3869420,2022-12-09,Quarter-finals,Brazil,1,18,46,Croatia,3471,Dejan Lovren,5456,Mateo Kovačić,Complete,17.59659,36.9,58.1,51.9,48.9
3869420,2022-12-09,Quarter-finals,Brazil,1,18,50,Croatia,5456,Mateo Kovačić,5463,Luka Modrić,Complete,12.140017,56.5,51.8,49.2,61.5
3869420,2022-12-09,Quarter-finals,Brazil,1,18,54,Croatia,5463,Luka Modrić,3471,Dejan Lovren,Complete,12.300406,41.3,69.6,30.4,63.9
3869420,2022-12-09,Quarter-finals,Brazil,1,18,55,Croatia,3471,Dejan Lovren,5456,Mateo Kovačić,Complete,8.5,30.4,63.9,38.9,63.9
3869420,2022-12-09,Quarter-finals,Brazil,1,18,58,Croatia,5456,Mateo Kovačić,11603,Mario Pašalić,Complete,14.080128,47.5,66.8,61.0,70.8
3869420,2022-12-09,Quarter-finals,Brazil,1,19,0,Croatia,11603,Mario Pašalić,5456,Mateo Kovačić,Complete,11.822859,58.1,70.8,56.4,59.1
3869420,2022-12-09,Quarter-finals,Brazil,1,19,3,Croatia,5456,Mateo Kovačić,5474,Ivan Perišić,Incomplete,45.020218,61.3,56.6,88.2,20.5
3869420,2022-12-09,Quarter-finals,Brazil,1,20,27,Croatia,16531,Dominik Livaković,5474,Ivan Perišić,Complete,40.59409,10.2,36.2,39.4,8.0
3869420,2022-12-09,Quarter-finals,Brazil,1,20,30,Croatia,5474,Ivan Perišić,5460,Andrej Kramarić,Incomplete,2.9732137,39.4,8.0,42.2,9.0
3869420,2022-12-09,Quarter-finals,Brazil,1,20,54,Croatia,16531,Dominik Livaković,3471,Dejan Lovren,Complete,7.430343,3.7,42.9,10.2,46.5
3869420,2022-12-09,Quarter-finals,Brazil,1,20,59,Croatia,3471,Dejan Lovren,16531,Dominik Livaković,Complete,9.829039,10.2,46.5,3.3,39.5
3869420,2022-12-09,Quarter-finals,Brazil,1,21,0,Croatia,16531,Dominik Livaković,,,Incomplete,63.64181,3.3,39.5,65.1,54.7
3869420,2022-12-09,Quarter-finals,Brazil,1,21,25,Croatia,5460,Andrej Kramarić,5474,Ivan Perišić,Complete,9.060905,43.9,13.1,35.0,14.8
3869420,2022-12-09,Quarter-finals,Brazil,1,21,26,Croatia,5474,Ivan Perišić,5456,Mateo Kovačić,Complete,9.329523,35.0,14.8,43.0,19.6
3869420,2022-12-09,Quarter-finals,Brazil,1,21,26,Croatia,5456,Mateo Kovačić,5474,Ivan Perišić,Complete,7.2449985,43.0,19.6,36.5,16.4
3869420,2022-12-09,Quarter-finals,Brazil,1,21,27,Croatia,5474,Ivan Perišić,5460,Andrej Kramarić,Complete,12.907362,36.5,16.4,46.3,8.0
3869420,2022-12-09,Quarter-finals,Brazil,1,21,29,Croatia,5460,Andrej Kramarić,12625,Borna Sosa,Complete,29.90067,45.4,8.0,15.5,7.8
3869420,2022-12-09,Quarter-finals,Brazil,1,21,32,Croatia,12625,Borna Sosa,16531,Dominik Livaković,Complete,26.236616,14.6,10.7,4.0,34.7
3869420,2022-12-09,Quarter-finals,Brazil,1,21,36,Croatia,16531,Dominik Livaković,29163,Josip Juranović,Complete,45.696827,4.5,37.9,32.9,73.7
3869420,2022-12-09,Quarter-finals,Brazil,1,21,41,Croatia,29163,Josip Juranović,3471,Dejan Lovren,Complete,12.884487,32.9,71.1,24.9,61.0
3869420,2022-12-09,Quarter-finals,Brazil,1,21,43,Croatia,3471,Dejan Lovren,16531,Dominik Livaković,Complete,23.555254,24.9,61.0,7.8,44.8
3869420,2022-12-09,Quarter-finals,Brazil,1,21,50,Croatia,16531,Dominik Livaković,11603,Mario Pašalić,Complete,67.339516,10.2,47.2,76.7,57.8
3869420,2022-12-09,Quarter-finals,Brazil,1,21,53,Croatia,11603,Mario Pašalić,,,Incomplete,32.422215,76.7,57.8,97.1,32.6
3869420,2022-12-09,Quarter-finals,Brazil,1,23,11,Croatia,5469,Marcelo Brozović,5463,Luka Modrić,Unknown,14.426711,9.8,27.7,22.0,20.0
3869420,2022-12-09,Quarter-finals,Brazil,1,23,29,Croatia,5469,Marcelo Brozović,5456,Mateo Kovačić,Complete,6.700746,24.7,20.0,31.4,20.1
3869420,2022-12-09,Quarter-finals,Brazil,1,23,32,Croatia,5456,Mateo Kovačić,3471,Dejan Lovren,Complete,25.316002,28.1,20.8,18.2,44.1
3869420,2022-12-09,Quarter-finals,Brazil,1,23,42,Croatia,3471,Dejan Lovren,11603,Mario Pašalić,Complete,22.842285,66.1,54.7,82.0,71.1
3869420,2022-12-09,Quarter-finals,Brazil,1,23,44,Croatia,11603,Mario Pašalić,3471,Dejan Lovren,Complete,12.175796,82.0,71.1,75.2,61.0
3869420,2022-12-09,Quarter-finals,Brazil,1,23,47,Croatia,3471,Dejan Lovren,29163,Josip Juranović,Complete,20.793509,72.3,61.0,56.4,74.4
3869420,2022-12-09,Quarter-finals,Brazil,1,23,48,Croatia,29163,Josip Juranović,5469,Marcelo Brozović,Complete,30.165709,56.4,74.4,33.3,55.0
3869420,2022-12-09,Quarter-finals,Brazil,1,23,51,Croatia,5469,Marcelo Brozović,33018,Joško Gvardiol,Complete,25.628109,33.3,55.0,34.5,29.4
3869420,2022-12-09,Quarter-finals,Brazil,1,23,54,Croatia,33018,Joško Gvardiol,5469,Marcelo Brozović,Complete,12.664912,34.5,29.4,39.1,41.2
3869420,2022-12-09,Quarter-finals,Brazil,1,23,57,Croatia,5469,Marcelo Brozović,5456,Mateo Kovačić,Complete,15.415577,39.1,41.2,45.1,27.0
3869420,2022-12-09,Quarter-finals,Brazil,1,24,1,Croatia,5456,Mateo Kovačić,29163,Josip Juranović,Complete,53.69916,51.6,42.4,93.0,76.6
3869420,2022-12-09,Quarter-finals,Brazil,1,25,22,Croatia,5463,Luka Modrić,,,Incomplete,24.349539,108.4,68.0,116.1,44.9
3869420,2022-12-09,Quarter-finals,Brazil,1,26,32,Croatia,5469,Marcelo Brozović,5463,Luka Modrić,Incomplete,6.1911225,19.6,70.8,22.8,65.5
3869420,2022-12-09,Quarter-finals,Brazil,1,26,35,Croatia,5469,Marcelo Brozović,11603,Mario Pašalić,Incomplete,8.609298,19.9,64.8,27.3,69.2
3869420,2022-12-09,Quarter-finals,Brazil,1,26,38,Croatia,29163,Josip Juranović,11603,Mario Pašalić,Incomplete,15.231874,17.5,71.3,32.6,73.3
3869420,2022-12-09,Quarter-finals,Brazil,1,26,45,Croatia,29163,Josip Juranović,5460,Andrej Kramarić,Complete,23.745737,25.6,75.4,48.7,69.9
3869420,2022-12-09,Quarter-finals,Brazil,1,26,47,Croatia,5460,Andrej Kramarić,11603,Mario Pašalić,Incomplete,4.0706263,50.7,72.0,47.1,70.1
3869420,2022-12-09,Quarter-finals,Brazil,1,27,8,Croatia,5463,Luka Modrić,11603,Mario Pašalić,Complete,13.041856,42.2,44.1,44.7,56.9
3869420,2022-12-09,Quarter-finals,Brazil,1,27,35,Croatia,29163,Josip Juranović,5469,Marcelo Brozović,Complete,9.794897,44.6,80.0,40.1,71.3
3869420,2022-12-09,Quarter-finals,Brazil,1,27,36,Croatia,5469,Marcelo Brozović,,,Incomplete,23.553556,40.1,71.3,44.7,48.2
3869420,2022-12-09,Quarter-finals,Brazil,1,29,10,Croatia,29163,Josip Juranović,5463,Luka Modrić,Complete,15.418495,12.6,61.5,25.9,53.7
3869420,2022-12-09,Quarter-finals,Brazil,1,29,12,Croatia,5463,Luka Modrić,29163,Josip Juranović,Complete,10.911004,25.2,60.7,28.5,71.1
3869420,2022-12-09,Quarter-finals,Brazil,1,29,15,Croatia,29163,Josip Juranović,11603,Mario Pašalić,Complete,17.758942,42.3,72.0,56.0,60.7
3869420,2022-12-09,Quarter-finals,Brazil,1,29,17,Croatia,11603,Mario Pašalić,29163,Josip Juranović,Complete,16.347782,62.2,61.5,77.2,68.0
3869420,2022-12-09,Quarter-finals,Brazil,1,29,19,Croatia,29163,Josip Juranović,5474,Ivan Perišić,Complete,61.546894,80.0,67.9,88.9,7.0
3869420,2022-12-09,Quarter-finals,Brazil,1,31,2,Croatia,12625,Borna Sosa,5460,Andrej Kramarić,Complete,24.253866,26.4,20.1,49.9,26.1
3869420,2022-12-09,Quarter-finals,Brazil,1,31,4,Croatia,5460,Andrej Kramarić,5474,Ivan Perišić,Complete,21.154905,46.8,23.4,56.5,4.6
3869420,2022-12-09,Quarter-finals,Brazil,1,31,8,Croatia,5474,Ivan Perišić,5460,Andrej Kramarić,Incomplete,6.4195013,57.7,4.6,64.1,5.1
3869420,2022-12-09,Quarter-finals,Brazil,1,31,14,Croatia,33018,Joško Gvardiol,5474,Ivan Perišić,Complete,7.602631,32.4,8.3,38.6,3.9
3869420,2022-12-09,Quarter-finals,Brazil,1,31,16,Croatia,5474,Ivan Perišić,33018,Joško Gvardiol,Complete,12.794139,36.5,4.7,25.2,10.7
3869420,2022-12-09,Quarter-finals,Brazil,1,31,21,Croatia,33018,Joško Gvardiol,12625,Borna Sosa,Complete,8.280701,38.6,10.2,44.7,4.6
3869420,2022-12-09,Quarter-finals,Brazil,1,31,40,Croatia,5456,Mateo Kovačić,5469,Marcelo Brozović,Complete,17.734148,64.6,1.3,53.1,14.8
3869420,2022-12-09,Quarter-finals,Brazil,1,31,43,Croatia,5469,Marcelo Brozović,5463,Luka Modrić,Complete,7.4732857,49.9,18.1,48.3,25.4
3869420,2022-12-09,Quarter-finals,Brazil,1,31,46,Croatia,5463,Luka Modrić,3471,Dejan Lovren,Complete,24.014162,48.0,28.7,51.2,52.5
3869420,2022-12-09,Quarter-finals,Brazil,1,31,51,Croatia,3471,Dejan Lovren,5463,Luka Modrić,Complete,9.503683,62.2,68.0,60.8,58.6
3869420,2022-12-09,Quarter-finals,Brazil,1,31,52,Croatia,5463,Luka Modrić,29163,Josip Juranović,Complete,32.92613,60.8,58.6,88.5,76.4
3869420,2022-12-09,Quarter-finals,Brazil,1,31,56,Croatia,29163,Josip Juranović,5463,Luka Modrić,Complete,8.772685,88.5,76.4,80.5,72.8
3869420,2022-12-09,Quarter-finals,Brazil,1,31,58,Croatia,5463,Luka Modrić,5460,Andrej Kramarić,Complete,16.75858,80.5,72.8,94.7,63.9
3869420,2022-12-09,Quarter-finals,Brazil,1,32,0,Croatia,5460,Andrej Kramarić,5469,Marcelo Brozović,Incomplete,2.3323808,91.8,63.1,93.0,65.1
3869420,2022-12-09,Quarter-finals,Brazil,1,32,3,Croatia,29163,Josip Juranović,5474,Ivan Perišić,Incomplete,46.24673,94.5,70.8,112.5,28.2
3869420,2022-12-09,Quarter-finals,Brazil,1,32,17,Croatia,33018,Joško Gvardiol,5469,Marcelo Brozović,Complete,6.92026,73.8,7.0,79.3,11.2
3869420,2022-12-09,Quarter-finals,Brazil,1,32,19,Croatia,5469,Marcelo Brozović,12625,Borna Sosa,Complete,10.080674,79.3,11.2,81.2,1.3
3869420,2022-12-09,Quarter-finals,Brazil,1,32,20,Croatia,12625,Borna Sosa,5460,Andrej Kramarić,Complete,17.17731,81.2,1.3,87.7,17.2
3869420,2022-12-09,Quarter-finals,Brazil,1,32,22,Croatia,5460,Andrej Kramarić,5469,Marcelo Brozović,Complete,13.200378,87.7,17.2,77.2,9.2
3869420,2022-12-09,Quarter-finals,Brazil,1,32,24,Croatia,5469,Marcelo Brozović,5463,Luka Modrić,Complete,12.175796,81.5,9.9,74.7,20.0
3869420,2022-12-09,Quarter-finals,Brazil,1,32,27,Croatia,5463,Luka Modrić,11603,Mario Pašalić,Complete,28.500175,74.7,25.8,88.2,50.9
3869420,2022-12-09,Quarter-finals,Brazil,1,32,30,Croatia,11603,Mario Pašalić,29163,Josip Juranović,Complete,15.715597,81.5,48.5,73.8,62.2
3869420,2022-12-09,Quarter-finals,Brazil,1,32,33,Croatia,29163,Josip Juranović,5463,Luka Modrić,Complete,11.5,73.8,62.2,85.3,62.2
3869420,2022-12-09,Quarter-finals,Brazil,1,32,35,Croatia,5463,Luka Modrić,11603,Mario Pašalić,Complete,17.647663,85.3,62.2,101.5,69.2
3869420,2022-12-09,Quarter-finals,Brazil,1,32,38,Croatia,11603,Mario Pašalić,5463,Luka Modrić,Complete,8.695401,98.8,72.8,91.3,68.4
3869420,2022-12-09,Quarter-finals,Brazil,1,32,40,Croatia,5463,Luka Modrić,29163,Josip Juranović,Complete,14.326549,86.8,69.2,72.6,71.1
3869420,2022-12-09,Quarter-finals,Brazil,1,32,42,Croatia,29163,Josip Juranović,3471,Dejan Lovren,Complete,16.211416,72.6,71.1,61.7,59.1
3869420,2022-12-09,Quarter-finals,Brazil,1,32,44,Croatia,3471,Dejan Lovren,5456,Mateo Kovačić,Complete,32.070236,61.7,59.1,73.8,29.4
3869420,2022-12-09,Quarter-finals,Brazil,1,32,47,Croatia,5456,Mateo Kovačić,5474,Ivan Perišić,Incomplete,20.22375,74.3,26.5,92.1,16.9
3869420,2022-12-09,Quarter-finals,Brazil,1,32,53,Croatia,5456,Mateo Kovačić,33018,Joško Gvardiol,Complete,37.494534,64.2,8.0,31.2,25.8
3869420,2022-12-09,Quarter-finals,Brazil,1,32,57,Croatia,33018,Joško Gvardiol,16531,Dominik Livaković,Complete,33.40135,31.2,25.8,4.3,45.6
3869420,2022-12-09,Quarter-finals,Brazil,1,33,1,Croatia,16531,Dominik Livaković,29163,Josip Juranović,Complete,43.111134,3.7,47.3,40.1,70.4
3869420,2022-12-09,Quarter-finals,Brazil,1,33,3,Croatia,29163,Josip Juranović,11603,Mario Pašalić,Complete,22.111084,40.1,70.4,62.2,71.1
3869420,2022-12-09,Quarter-finals,Brazil,1,33,7,Croatia,11603,Mario Pašalić,29163,Josip Juranović,Complete,6.9065185,56.4,72.8,50.7,68.9
3869420,2022-12-09,Quarter-finals,Brazil,1,33,9,Croatia,29163,Josip Juranović,5463,Luka Modrić,Complete,10.044899,55.3,68.0,53.6,58.1
3869420,2022-12-09,Quarter-finals,Brazil,1,33,11,Croatia,5463,Luka Modrić,3471,Dejan Lovren,Complete,10.551303,53.6,58.1,43.4,55.4
3869420,2022-12-09,Quarter-finals,Brazil,1,33,12,Croatia,3471,Dejan Lovren,5469,Marcelo Brozović,Complete,7.905694,43.4,55.4,49.9,50.9
3869420,2022-12-09,Quarter-finals,Brazil,1,33,12,Croatia,5469,Marcelo Brozović,5463,Luka Modrić,Complete,14.605478,49.9,50.9,49.5,65.5
3869420,2022-12-09,Quarter-finals,Brazil,1,33,18,Croatia,5463,Luka Modrić,11603,Mario Pašalić,Complete,13.306014,33.3,72.1,46.6,72.5
3869420,2022-12-09,Quarter-finals,Brazil,1,33,20,Croatia,11603,Mario Pašalić,5469,Marcelo Brozović,Complete,12.291867,46.6,72.5,45.1,60.3
3869420,2022-12-09,Quarter-finals,Brazil,1,33,23,Croatia,5469,Marcelo Brozović,5456,Mateo Kovačić,Complete,35.00357,44.2,53.8,44.7,18.8
3869420,2022-12-09,Quarter-finals,Brazil,1,33,26,Croatia,5456,Mateo Kovačić,5460,Andrej Kramarić,Complete,22.971504,48.7,16.4,68.7,5.1
3869420,2022-12-09,Quarter-finals,Brazil,1,33,29,Croatia,5460,Andrej Kramarić,5456,Mateo Kovačić,Complete,9.042677,68.7,5.1,60.8,9.5
3869420,2022-12-09,Quarter-finals,Brazil,1,33,35,Croatia,5456,Mateo Kovačić,33018,Joško Gvardiol,Complete,23.84219,62.5,13.1,45.1,29.4
3869420,2022-12-09,Quarter-finals,Brazil,1,33,37,Croatia,33018,Joško Gvardiol,5469,Marcelo Brozović,Complete,13.519245,45.1,29.4,57.7,34.3
3869420,2022-12-09,Quarter-finals,Brazil,1,33,38,Croatia,5469,Marcelo Brozović,5456,Mateo Kovačić,Complete,21.852459,57.7,34.3,52.4,13.1
3869420,2022-12-09,Quarter-finals,Brazil,1,33,41,Croatia,5456,Mateo Kovačić,5460,Andrej Kramarić,Complete,7.5894666,61.0,13.5,68.2,11.1
3869420,2022-12-09,Quarter-finals,Brazil,1,33,42,Croatia,5460,Andrej Kramarić,5456,Mateo Kovačić,Complete,6.5604877,68.2,11.1,63.0,7.1
3869420,2022-12-09,Quarter-finals,Brazil,1,33,46,Croatia,5456,Mateo Kovačić,3471,Dejan Lovren,Complete,22.826738,58.4,18.8,45.9,37.9
3869420,2022-12-09,Quarter-finals,Brazil,1,33,47,Croatia,3471,Dejan Lovren,5463,Luka Modrić,Complete,10.565037,46.8,36.4,49.9,46.5
3869420,2022-12-09,Quarter-finals,Brazil,1,33,51,Croatia,5463,Luka Modrić,5456,Mateo Kovačić,Complete,27.596014,49.9,46.5,57.6,20.0
3869420,2022-12-09,Quarter-finals,Brazil,1,33,56,Croatia,5456,Mateo Kovačić,5469,Marcelo Brozović,Complete,6.521503,70.2,25.8,64.9,22.0
3869420,2022-12-09,Quarter-finals,Brazil,1,33,59,Croatia,5469,Marcelo Brozović,33018,Joško Gvardiol,Complete,10.230347,58.6,7.5,50.7,14.0
3869420,2022-12-09,Quarter-finals,Brazil,1,34,2,Croatia,33018,Joško Gvardiol,5469,Marcelo Brozović,Complete,10.912378,50.7,14.0,45.9,4.2
3869420,2022-12-09,Quarter-finals,Brazil,1,34,4,Croatia,5469,Marcelo Brozović,3471,Dejan Lovren,Complete,24.085266,42.7,7.1,33.6,29.4
3869420,2022-12-09,Quarter-finals,Brazil,1,34,6,Croatia,3471,Dejan Lovren,5463,Luka Modrić,Complete,19.99725,33.6,33.0,44.6,49.7
3869420,2022-12-09,Quarter-finals,Brazil,1,34,14,Croatia,5463,Luka Modrić,29163,Josip Juranović,Complete,23.475945,68.3,58.3,84.9,74.9
3869420,2022-12-09,Quarter-finals,Brazil,1,34,16,Croatia,29163,Josip Juranović,5463,Luka Modrić,Complete,11.720068,84.1,74.9,73.5,69.9
3869420,2022-12-09,Quarter-finals,Brazil,1,34,22,Croatia,5463,Luka Modrić,3471,Dejan Lovren,Complete,17.760912,72.8,51.8,55.7,56.6
3869420,2022-12-09,Quarter-finals,Brazil,1,34,23,Croatia,3471,Dejan Lovren,33018,Joško Gvardiol,Complete,27.496181,55.7,56.6,44.7,31.4
3869420,2022-12-09,Quarter-finals,Brazil,1,34,26,Croatia,33018,Joško Gvardiol,5463,Luka Modrić,Complete,11.3,44.7,39.1,56.0,39.1
3869420,2022-12-09,Quarter-finals,Brazil,1,34,27,Croatia,5463,Luka Modrić,12625,Borna Sosa,Complete,29.643211,56.0,34.2,57.6,4.6
3869420,2022-12-09,Quarter-finals,Brazil,1,34,31,Croatia,12625,Borna Sosa,33018,Joško Gvardiol,Complete,21.47417,42.3,4.6,25.6,18.1
3869420,2022-12-09,Quarter-finals,Brazil,1,34,35,Croatia,33018,Joško Gvardiol,12625,Borna Sosa,Complete,8.324061,28.1,10.7,33.3,4.2
3869420,2022-12-09,Quarter-finals,Brazil,1,34,37,Croatia,12625,Borna Sosa,5474,Ivan Perišić,Incomplete,28.80625,40.3,3.7,63.7,20.5
3869420,2022-12-09,Quarter-finals,Brazil,1,34,56,Croatia,29163,Josip Juranović,,,Out,34.5,8.1,45.3,8.1,79.8
3869420,2022-12-09,Quarter-finals,Brazil,1,35,41,Croatia,33018,Joško Gvardiol,29163,Josip Juranović,Complete,9.588014,6.6,51.8,9.3,61.0
3869420,2022-12-09,Quarter-finals,Brazil,1,35,44,Croatia,29163,Josip Juranović,5463,Luka Modrić,Unknown,21.261467,13.8,67.2,32.4,56.9
3869420,2022-12-09,Quarter-finals,Brazil,1,36,5,Croatia,3471,Dejan Lovren,5456,Mateo Kovačić,Complete,22.867445,33.6,55.4,38.2,33.0
3869420,2022-12-09,Quarter-finals,Brazil,1,36,5,Croatia,5456,Mateo Kovačić,5474,Ivan Perišić,Complete,16.759773,38.2,34.2,49.9,22.2
3869420,2022-12-09,Quarter-finals,Brazil,1,36,8,Croatia,5474,Ivan Perišić,5460,Andrej Kramarić,Incomplete,39.656147,49.9,22.2,88.0,11.2
3869420,2022-12-09,Quarter-finals,Brazil,1,36,17,Croatia,5456,Mateo Kovačić,16531,Dominik Livaković,Complete,34.644768,38.9,5.9,9.0,23.4
3869420,2022-12-09,Quarter-finals,Brazil,1,36,21,Croatia,16531,Dominik Livaković,33018,Joško Gvardiol,Complete,7.8549347,9.0,23.4,16.3,20.5
3869420,2022-12-09,Quarter-finals,Brazil,1,36,23,Croatia,33018,Joško Gvardiol,5469,Marcelo Brozović,Complete,11.307077,16.3,20.5,27.6,20.1
3869420,2022-12-09,Quarter-finals,Brazil,1,36,28,Croatia,5469,Marcelo Brozović,5463,Luka Modrić,Complete,14.103191,27.6,22.9,34.5,35.2
3869420,2022-12-09,Quarter-finals,Brazil,1,36,33,Croatia,5463,Luka Modrić,11603,Mario Pašalić,Complete,29.444185,40.1,51.3,68.7,58.3
3869420,2022-12-09,Quarter-finals,Brazil,1,36,35,Croatia,11603,Mario Pašalić,5463,Luka Modrić,Complete,16.162302,65.8,58.1,49.9,61.0
3869420,2022-12-09,Quarter-finals,Brazil,1,36,38,Croatia,5463,Luka Modrić,3471,Dejan Lovren,Complete,15.0446005,49.2,61.0,37.7,51.3
3869420,2022-12-09,Quarter-finals,Brazil,1,36,41,Croatia,3471,Dejan Lovren,11603,Mario Pašalić,Complete,20.0,37.7,51.3,56.9,56.9
3869420,2022-12-09,Quarter-finals,Brazil,1,36,44,Croatia,11603,Mario Pašalić,12625,Borna Sosa,Complete,42.94147,55.3,43.2,76.4,5.8
3869420,2022-12-09,Quarter-finals,Brazil,1,36,48,Croatia,12625,Borna Sosa,5456,Mateo Kovačić,Complete,9.284934,71.8,6.6,68.3,15.2
3869420,2022-12-09,Quarter-finals,Brazil,1,36,50,Croatia,5456,Mateo Kovačić,5469,Marcelo Brozović,Complete,11.321661,68.3,15.2,79.6,14.5
3869420,2022-12-09,Quarter-finals,Brazil,1,37,30,Croatia,33018,Joško Gvardiol,16531,Dominik Livaković,Complete,16.772001,24.4,27.7,9.3,35.0
3869420,2022-12-09,Quarter-finals,Brazil,1,37,34,Croatia,16531,Dominik Livaković,29163,Josip Juranović,Complete,42.082302,11.7,44.8,45.1,70.4
3869420,2022-12-09,Quarter-finals,Brazil,1,37,41,Croatia,29163,Josip Juranović,3471,Dejan Lovren,Complete,17.184296,52.1,73.7,37.4,64.8
3869420,2022-12-09,Quarter-finals,Brazil,1,37,44,Croatia,3471,Dejan Lovren,5463,Luka Modrić,Complete,20.93466,37.4,64.8,51.9,49.7
3869420,2022-12-09,Quarter-finals,Brazil,1,37,47,Croatia,5463,Luka Modrić,11603,Mario Pašalić,Complete,23.299786,57.2,56.9,76.4,70.1
3869420,2022-12-09,Quarter-finals,Brazil,1,37,51,Croatia,11603,Mario Pašalić,5463,Luka Modrić,Complete,11.469089,88.2,63.9,80.5,55.4
3869420,2022-12-09,Quarter-finals,Brazil,1,37,52,Croatia,5463,Luka Modrić,5469,Marcelo Brozović,Complete,11.85116,81.2,57.8,75.9,47.2
3869420,2022-12-09,Quarter-finals,Brazil,1,37,54,Croatia,5469,Marcelo Brozović,5456,Mateo Kovačić,Complete,15.845504,75.9,47.2,74.7,31.4
3869420,2022-12-09,Quarter-finals,Brazil,1,37,54,Croatia,5456,Mateo Kovačić,33018,Joško Gvardiol,Complete,22.091175,74.7,31.4,52.8,34.3
3869420,2022-12-09,Quarter-finals,Brazil,1,37,59,Croatia,33018,Joško Gvardiol,5469,Marcelo Brozović,Complete,8.026207,52.8,34.3,56.9,41.2
3869420,2022-12-09,Quarter-finals,Brazil,1,38,2,Croatia,5469,Marcelo Brozović,5456,Mateo Kovačić,Complete,9.617692,52.4,41.5,56.9,33.0
3869420,2022-12-09,Quarter-finals,Brazil,1,38,5,Croatia,5456,Mateo Kovačić,11603,Mario Pašalić,Incomplete,17.748522,63.0,37.1,75.5,49.7
3869420,2022-12-09,Quarter-finals,Brazil,1,38,12,Croatia,29163,Josip Juranović,3471,Dejan Lovren,Complete,11.574541,38.2,64.3,29.3,56.9
3869420,2022-12-09,Quarter-finals,Brazil,1,38,13,Croatia,3471,Dejan Lovren,11603,Mario Pašalić,Complete,11.001818,29.3,56.9,40.3,57.1
3869420,2022-12-09,Quarter-finals,Brazil,1,38,16,Croatia,11603,Mario Pašalić,5460,Andrej Kramarić,Incomplete,5.920304,45.4,52.5,51.1,50.9
3869420,2022-12-09,Quarter-finals,Brazil,1,39,13,Croatia,29163,Josip Juranović,11603,Mario Pašalić,Complete,22.284748,13.1,56.6,31.2,69.6
3869420,2022-12-09,Quarter-finals,Brazil,1,40,18,Croatia,29163,Josip Juranović,11603,Mario Pašalić,Complete,2.9410882,19.6,65.1,22.0,63.4
3869420,2022-12-09,Quarter-finals,Brazil,1,41,50,Croatia,16531,Dominik Livaković,3471,Dejan Lovren,Complete,9.884331,3.3,36.4,7.6,45.3
3869420,2022-12-09,Quarter-finals,Brazil,1,41,53,Croatia,3471,Dejan Lovren,5463,Luka Modrić,Complete,19.292486,9.7,48.0,28.1,53.8
3869420,2022-12-09,Quarter-finals,Brazil,1,41,57,Croatia,5463,Luka Modrić,3471,Dejan Lovren,Complete,14.560906,15.0,55.9,6.9,68.0
3869420,2022-12-09,Quarter-finals,Brazil,1,41,59,Croatia,3471,Dejan Lovren,5463,Luka Modrić,Complete,5.434151,6.9,68.0,8.1,62.7
3869420,2022-12-09,Quarter-finals,Brazil,1,42,2,Croatia,5463,Luka Modrić,12625,Borna Sosa,Complete,50.50515,11.0,51.8,26.4,3.7
3869420,2022-12-09,Quarter-finals,Brazil,1,42,5,Croatia,12625,Borna Sosa,33018,Joško Gvardiol,Complete,16.924833,26.4,3.7,9.8,7.0
3869420,2022-12-09,Quarter-finals,Brazil,1,42,11,Croatia,33018,Joško Gvardiol,29163,Josip Juranović,Complete,61.646736,8.6,12.4,11.0,74.0
3869420,2022-12-09,Quarter-finals,Brazil,1,42,16,Croatia,29163,Josip Juranović,3471,Dejan Lovren,Complete,12.010828,11.0,74.0,21.1,67.5
3869420,2022-12-09,Quarter-finals,Brazil,1,42,18,Croatia,3471,Dejan Lovren,11603,Mario Pašalić,Incomplete,71.56906,23.2,67.5,94.5,73.7
3869420,2022-12-09,Quarter-finals,Brazil,1,42,26,Croatia,5460,Andrej Kramarić,5469,Marcelo Brozović,Complete,10.111875,87.7,66.8,78.8,71.6
3869420,2022-12-09,Quarter-finals,Brazil,1,42,28,Croatia,5469,Marcelo Brozović,5460,Andrej Kramarić,Complete,8.649278,78.8,71.6,87.3,73.2
3869420,2022-12-09,Quarter-finals,Brazil,1,42,28,Croatia,5460,Andrej Kramarić,5469,Marcelo Brozović,Complete,8.417244,87.3,73.2,79.1,71.3
3869420,2022-12-09,Quarter-finals,Brazil,1,42,31,Croatia,5469,Marcelo Brozović,5463,Luka Modrić,Complete,13.101526,73.5,62.2,62.9,54.5
3869420,2022-12-09,Quarter-finals,Brazil,1,42,33,Croatia,5463,Luka Modrić,5469,Marcelo Brozović,Complete,7.02282,62.9,54.5,69.5,52.1
3869420,2022-12-09,Quarter-finals,Brazil,1,42,34,Croatia,5469,Marcelo Brozović,33018,Joško Gvardiol,Complete,19.02761,69.5,52.1,61.8,34.7
3869420,2022-12-09,Quarter-finals,Brazil,1,42,38,Croatia,33018,Joško Gvardiol,5456,Mateo Kovačić,Complete,12.074767,63.0,25.4,73.8,20.0
3869420,2022-12-09,Quarter-finals,Brazil,1,42,40,Croatia,5456,Mateo Kovačić,12625,Borna Sosa,Complete,20.588346,73.8,20.0,87.0,4.2
3869420,2022-12-09,Quarter-finals,Brazil,1,42,42,Croatia,12625,Borna Sosa,5456,Mateo Kovačić,Complete,10.7354555,87.0,4.2,76.4,5.9
3869420,2022-12-09,Quarter-finals,Brazil,1,42,44,Croatia,5456,Mateo Kovačić,5469,Marcelo Brozović,Complete,17.556765,76.4,5.9,63.4,17.7
3869420,2022-12-09,Quarter-finals,Brazil,1,42,46,Croatia,5469,Marcelo Brozović,5456,Mateo Kovačić,Complete,11.63615,63.4,17.7,69.0,7.5
3869420,2022-12-09,Quarter-finals,Brazil,1,42,50,Croatia,5456,Mateo Kovačić,5469,Marcelo Brozović,Complete,9.192389,69.0,7.5,62.5,14.0
3869420,2022-12-09,Quarter-finals,Brazil,1,42,53,Croatia,5469,Marcelo Brozović,5456,Mateo Kovačić,Complete,9.340771,62.5,14.0,68.2,6.6
3869420,2022-12-09,Quarter-finals,Brazil,1,42,55,Croatia,5456,Mateo Kovačić,5463,Luka Modrić,Complete,11.1004505,68.2,6.6,79.1,8.7
3869420,2022-12-09,Quarter-finals,Brazil,1,42,56,Croatia,5463,Luka Modrić,12625,Borna Sosa,Complete,7.324616,79.1,8.7,83.7,3.0
3869420,2022-12-09,Quarter-finals,Brazil,1,42,58,Croatia,12625,Borna Sosa,5474,Ivan Perišić,Incomplete,31.312937,92.1,5.1,116.6,24.6
3869420,2022-12-09,Quarter-finals,Brazil,1,43,8,Croatia,3471,Dejan Lovren,29163,Josip Juranović,Complete,16.016241,52.1,38.4,56.5,53.8
3869420,2022-12-09,Quarter-finals,Brazil,1,43,55,Croatia,5469,Marcelo Brozović,33018,Joško Gvardiol,Complete,36.326572,56.0,55.0,36.9,24.1
3869420,2022-12-09,Quarter-finals,Brazil,1,43,59,Croatia,33018,Joško Gvardiol,5460,Andrej Kramarić,Pass Offside,61.0,36.9,24.1,97.9,24.1
3869420,2022-12-09,Quarter-finals,Brazil,1,45,6,Croatia,5469,Marcelo Brozović,5463,Luka Modrić,Complete,6.5490456,44.7,17.6,43.9,24.1
3869420,2022-12-09,Quarter-finals,Brazil,1,45,12,Croatia,5463,Luka Modrić,3471,Dejan Lovren,Complete,15.1343975,43.9,34.2,40.3,48.9
3869420,2022-12-09,Quarter-finals,Brazil,1,45,17,Croatia,3471,Dejan Lovren,5463,Luka Modrić,Complete,9.102198,39.4,50.6,46.8,55.9
3869420,2022-12-09,Quarter-finals,Brazil,1,45,20,Croatia,5463,Luka Modrić,33018,Joško Gvardiol,Complete,20.902153,41.8,54.7,24.9,42.4
3869420,2022-12-09,Quarter-finals,Brazil,1,45,28,Croatia,33018,Joško Gvardiol,,,Incomplete,23.135471,54.5,38.3,71.4,22.5
3869420,2022-12-09,Quarter-finals,Brazil,1,45,33,Croatia,5463,Luka Modrić,29163,Josip Juranović,Complete,12.061924,44.6,48.0,47.1,59.8
3869420,2022-12-09,Quarter-finals,Brazil,1,45,38,Croatia,29163,Josip Juranović,5460,Andrej Kramarić,Complete,8.614523,70.2,62.7,78.8,62.2
3869420,2022-12-09,Quarter-finals,Brazil,1,45,40,Croatia,5460,Andrej Kramarić,5463,Luka Modrić,Complete,13.109538,76.0,62.2,62.9,62.7
3869420,2022-12-09,Quarter-finals,Brazil,1,45,42,Croatia,5463,Luka Modrić,29163,Josip Juranović,Complete,13.520725,72.8,65.1,80.8,54.2
3869420,2022-12-09,Quarter-finals,Brazil,1,45,45,Croatia,29163,Josip Juranović,11603,Mario Pašalić,Pass Offside,16.097515,89.4,55.9,94.7,40.7
3869420,2022-12-09,Quarter-finals,Brazil,2,45,25,Croatia,5469,Marcelo Brozović,11603,Mario Pašalić,Complete,11.552056,37.9,33.8,45.5,42.5
3869420,2022-12-09,Quarter-finals,Brazil,2,45,58,Croatia,16531,Dominik Livaković,5474,Ivan Perišić,Complete,65.62751,7.0,44.1,72.6,42.2
3869420,2022-12-09,Quarter-finals,Brazil,2,46,1,Croatia,5474,Ivan Perišić,,,Incomplete,19.535864,72.6,42.2,89.5,52.0
3869420,2022-12-09,Quarter-finals,Brazil,2,48,35,Croatia,16531,Dominik Livaković,3471,Dejan Lovren,Complete,16.046495,14.8,55.5,20.5,70.5
3869420,2022-12-09,Quarter-finals,Brazil,2,48,40,Croatia,3471,Dejan Lovren,33018,Joško Gvardiol,Complete,39.870415,22.4,74.3,14.6,35.2
3869420,2022-12-09,Quarter-finals,Brazil,2,48,43,Croatia,33018,Joško Gvardiol,3471,Dejan Lovren,Complete,30.338919,14.3,35.2,10.5,65.3
3869420,2022-12-09,Quarter-finals,Brazil,2,48,51,Croatia,3471,Dejan Lovren,33018,Joško Gvardiol,Complete,42.942055,14.6,68.3,12.7,25.4
3869420,2022-12-09,Quarter-finals,Brazil,2,48,59,Croatia,33018,Joško Gvardiol,12625,Borna Sosa,Complete,17.267889,22.4,12.4,38.7,6.7
3869420,2022-12-09,Quarter-finals,Brazil,2,49,0,Croatia,12625,Borna Sosa,5474,Ivan Perišić,Complete,17.348776,39.3,8.3,56.6,7.0
3869420,2022-12-09,Quarter-finals,Brazil,2,49,2,Croatia,5474,Ivan Perišić,12625,Borna Sosa,Complete,6.43506,56.6,7.0,51.2,10.5
3869420,2022-12-09,Quarter-finals,Brazil,2,49,4,Croatia,12625,Borna Sosa,5460,Andrej Kramarić,Incomplete,6.0671244,63.4,16.7,69.4,17.6
3869420,2022-12-09,Quarter-finals,Brazil,2,49,6,Croatia,11603,Mario Pašalić,5463,Luka Modrić,Complete,12.809762,69.7,48.5,56.9,49.0
3869420,2022-12-09,Quarter-finals,Brazil,2,49,8,Croatia,5463,Luka Modrić,29163,Josip Juranović,Complete,36.298897,56.9,49.0,80.0,77.0
3869420,2022-12-09,Quarter-finals,Brazil,2,49,14,Croatia,29163,Josip Juranović,5463,Luka Modrić,Complete,9.305912,84.6,75.9,83.2,66.7
3869420,2022-12-09,Quarter-finals,Brazil,2,49,19,Croatia,5463,Luka Modrić,5456,Mateo Kovačić,Complete,10.538027,80.0,69.7,87.3,62.1
3869420,2022-12-09,Quarter-finals,Brazil,2,49,23,Croatia,5456,Mateo Kovačić,5463,Luka Modrić,Complete,8.8729925,90.6,68.0,83.8,73.7
3869420,2022-12-09,Quarter-finals,Brazil,2,49,26,Croatia,5463,Luka Modrić,29163,Josip Juranović,Complete,19.432962,97.1,74.8,116.3,71.8
3869420,2022-12-09,Quarter-finals,Brazil,2,49,29,Croatia,29163,Josip Juranović,,,Incomplete,8.769264,117.4,70.5,116.3,61.8
3869420,2022-12-09,Quarter-finals,Brazil,2,50,1,Croatia,5463,Luka Modrić,5474,Ivan Perišić,Complete,39.440716,120.0,80.0,111.9,41.4
3869420,2022-12-09,Quarter-finals,Brazil,2,50,56,Croatia,5474,Ivan Perišić,5463,Luka Modrić,Complete,6.1,50.9,13.5,56.9,12.4
3869420,2022-12-09,Quarter-finals,Brazil,2,51,15,Croatia,5469,Marcelo Brozović,3471,Dejan Lovren,Complete,38.236763,63.7,14.0,46.6,48.2
3869420,2022-12-09,Quarter-finals,Brazil,2,51,19,Croatia,3471,Dejan Lovren,29163,Josip Juranović,Complete,21.370073,52.8,53.4,64.0,71.6
3869420,2022-12-09,Quarter-finals,Brazil,2,51,22,Croatia,29163,Josip Juranović,5463,Luka Modrić,Incomplete,35.146122,63.1,72.6,97.3,64.5
3869420,2022-12-09,Quarter-finals,Brazil,2,51,44,Croatia,12625,Borna Sosa,5460,Andrej Kramarić,Complete,23.157936,17.3,12.1,40.3,9.4
3869420,2022-12-09,Quarter-finals,Brazil,2,52,15,Croatia,29163,Josip Juranović,5460,Andrej Kramarić,Complete,41.804306,9.1,73.7,50.9,74.3
3869420,2022-12-09,Quarter-finals,Brazil,2,52,18,Croatia,5460,Andrej Kramarić,,,Incomplete,17.19593,50.9,74.3,64.2,63.4
3869420,2022-12-09,Quarter-finals,Brazil,2,52,43,Croatia,29163,Josip Juranović,5463,Luka Modrić,Complete,10.084146,45.2,64.2,43.9,54.2
3869420,2022-12-09,Quarter-finals,Brazil,2,52,44,Croatia,5463,Luka Modrić,29163,Josip Juranović,Complete,22.231958,43.9,54.2,64.0,63.7
3869420,2022-12-09,Quarter-finals,Brazil,2,52,48,Croatia,29163,Josip Juranović,5460,Andrej Kramarić,Complete,21.612265,81.9,61.5,100.9,71.8
3869420,2022-12-09,Quarter-finals,Brazil,2,52,52,Croatia,5460,Andrej Kramarić,5474,Ivan Perišić,Complete,42.05235,99.0,67.5,103.6,25.7
3869420,2022-12-09,Quarter-finals,Brazil,2,52,56,Croatia,5474,Ivan Perišić,,,Out,26.601128,104.9,26.0,120.0,47.9
3869420,2022-12-09,Quarter-finals,Brazil,2,56,13,Croatia,12625,Borna Sosa,5456,Mateo Kovačić,Complete,12.149486,31.7,0.1,41.7,7.0
3869420,2022-12-09,Quarter-finals,Brazil,2,56,14,Croatia,5456,Mateo Kovačić,5469,Marcelo Brozović,Complete,11.208925,42.2,6.7,31.4,9.7
3869420,2022-12-09,Quarter-finals,Brazil,2,56,16,Croatia,5469,Marcelo Brozović,5456,Mateo Kovačić,Complete,7.623647,31.1,10.0,38.7,9.4
3869420,2022-12-09,Quarter-finals,Brazil,2,56,20,Croatia,5456,Mateo Kovačić,3471,Dejan Lovren,Complete,22.004772,34.1,14.6,23.0,33.6
3869420,2022-12-09,Quarter-finals,Brazil,2,56,22,Croatia,3471,Dejan Lovren,29163,Josip Juranović,Complete,40.609974,20.5,36.0,43.6,69.4
3869420,2022-12-09,Quarter-finals,Brazil,2,56,28,Croatia,29163,Josip Juranović,11603,Mario Pašalić,Complete,11.940268,59.1,70.7,70.2,75.1
3869420,2022-12-09,Quarter-finals,Brazil,2,56,30,Croatia,11603,Mario Pašalić,5463,Luka Modrić,Complete,19.12067,68.8,77.8,57.2,62.6
3869420,2022-12-09,Quarter-finals,Brazil,2,56,32,Croatia,5463,Luka Modrić,3471,Dejan Lovren,Complete,20.402206,53.1,64.0,32.7,63.7
3869420,2022-12-09,Quarter-finals,Brazil,2,56,34,Croatia,3471,Dejan Lovren,33018,Joško Gvardiol,Complete,40.03461,32.2,64.0,39.3,24.6
3869420,2022-12-09,Quarter-finals,Brazil,2,56,37,Croatia,33018,Joško Gvardiol,5463,Luka Modrić,Complete,30.30528,39.3,24.6,45.8,54.2
3869420,2022-12-09,Quarter-finals,Brazil,2,56,42,Croatia,5463,Luka Modrić,5469,Marcelo Brozović,Complete,13.601471,51.2,51.7,64.0,47.1
3869420,2022-12-09,Quarter-finals,Brazil,2,56,44,Croatia,5469,Marcelo Brozović,5463,Luka Modrić,Complete,12.889143,64.2,47.1,51.5,49.3
3869420,2022-12-09,Quarter-finals,Brazil,2,56,45,Croatia,5463,Luka Modrić,5456,Mateo Kovačić,Complete,26.493961,51.5,49.3,54.7,23.0
3869420,2022-12-09,Quarter-finals,Brazil,2,56,51,Croatia,5456,Mateo Kovačić,5463,Luka Modrić,Complete,19.67257,57.7,18.4,52.6,37.4
3869420,2022-12-09,Quarter-finals,Brazil,2,56,55,Croatia,5463,Luka Modrić,3471,Dejan Lovren,Complete,20.629349,51.7,45.5,52.8,66.1
3869420,2022-12-09,Quarter-finals,Brazil,2,56,58,Croatia,3471,Dejan Lovren,5463,Luka Modrić,Complete,8.839118,52.3,69.4,49.0,61.2
3869420,2022-12-09,Quarter-finals,Brazil,2,56,59,Croatia,5463,Luka Modrić,3471,Dejan Lovren,Complete,11.18034,49.0,61.2,56.6,69.4
3869420,2022-12-09,Quarter-finals,Brazil,2,57,1,Croatia,3471,Dejan Lovren,5469,Marcelo Brozović,Complete,11.344161,56.9,71.0,63.1,61.5
3869420,2022-12-09,Quarter-finals,Brazil,2,57,2,Croatia,5469,Marcelo Brozović,3471,Dejan Lovren,Complete,12.980755,63.1,61.5,52.8,69.4
3869420,2022-12-09,Quarter-finals,Brazil,2,57,4,Croatia,3471,Dejan Lovren,33018,Joško Gvardiol,Complete,32.46814,52.8,69.7,56.1,37.4
3869420,2022-12-09,Quarter-finals,Brazil,2,57,7,Croatia,33018,Joško Gvardiol,5456,Mateo Kovačić,Complete,14.408678,63.1,27.1,69.1,14.0
3869420,2022-12-09,Quarter-finals,Brazil,2,57,10,Croatia,5456,Mateo Kovačić,5460,Andrej Kramarić,Complete,11.315918,72.1,15.1,83.2,12.9
3869420,2022-12-09,Quarter-finals,Brazil,2,57,10,Croatia,5460,Andrej Kramarić,5456,Mateo Kovačić,Complete,13.408206,83.2,12.9,70.5,8.6
3869420,2022-12-09,Quarter-finals,Brazil,2,57,12,Croatia,5456,Mateo Kovačić,5460,Andrej Kramarić,Complete,9.4667845,69.9,8.6,74.8,16.7
3869420,2022-12-09,Quarter-finals,Brazil,2,57,15,Croatia,5460,Andrej Kramarić,5463,Luka Modrić,Complete,14.06165,77.5,19.7,69.7,31.4
3869420,2022-12-09,Quarter-finals,Brazil,2,57,17,Croatia,5463,Luka Modrić,5474,Ivan Perišić,Complete,15.469324,74.8,30.6,82.7,17.3
3869420,2022-12-09,Quarter-finals,Brazil,2,57,18,Croatia,5474,Ivan Perišić,5456,Mateo Kovačić,Complete,6.20967,82.7,17.3,76.7,18.9
3869420,2022-12-09,Quarter-finals,Brazil,2,57,20,Croatia,5456,Mateo Kovačić,5463,Luka Modrić,Complete,10.117806,76.7,18.9,77.3,29.0
3869420,2022-12-09,Quarter-finals,Brazil,2,57,21,Croatia,5463,Luka Modrić,5456,Mateo Kovačić,Complete,12.465152,77.3,29.0,81.6,17.3
3869420,2022-12-09,Quarter-finals,Brazil,2,57,22,Croatia,5456,Mateo Kovačić,5463,Luka Modrić,Complete,11.314592,80.2,20.8,72.1,28.7
3869420,2022-12-09,Quarter-finals,Brazil,2,57,25,Croatia,5463,Luka Modrić,29163,Josip Juranović,Complete,48.304245,69.7,32.8,95.4,73.7
3869420,2022-12-09,Quarter-finals,Brazil,2,57,29,Croatia,29163,Josip Juranović,5460,Andrej Kramarić,Complete,8.472308,97.6,73.7,93.3,66.4
3869420,2022-12-09,Quarter-finals,Brazil,2,57,32,Croatia,5460,Andrej Kramarić,29163,Josip Juranović,Complete,9.734988,93.3,66.7,98.7,74.8
3869420,2022-12-09,Quarter-finals,Brazil,2,57,33,Croatia,29163,Josip Juranović,3471,Dejan Lovren,Complete,18.122086,98.7,74.8,81.6,68.8
3869420,2022-12-09,Quarter-finals,Brazil,2,57,36,Croatia,3471,Dejan Lovren,5469,Marcelo Brozović,Complete,7.253275,87.3,67.8,89.2,74.8
3869420,2022-12-09,Quarter-finals,Brazil,2,57,39,Croatia,5469,Marcelo Brozović,5463,Luka Modrić,Complete,28.214357,83.5,74.3,63.4,54.5
3869420,2022-12-09,Quarter-finals,Brazil,2,57,44,Croatia,5463,Luka Modrić,5456,Mateo Kovačić,Complete,11.7,63.7,49.3,75.4,49.3
3869420,2022-12-09,Quarter-finals,Brazil,2,57,46,Croatia,5456,Mateo Kovačić,5460,Andrej Kramarić,Complete,16.161682,69.4,57.4,81.6,68.0
3869420,2022-12-09,Quarter-finals,Brazil,2,57,49,Croatia,5460,Andrej Kramarić,5469,Marcelo Brozović,Complete,7.3552704,75.9,65.9,68.6,65.0
3869420,2022-12-09,Quarter-finals,Brazil,2,57,50,Croatia,5469,Marcelo Brozović,29163,Josip Juranović,Complete,16.773788,69.1,64.5,82.1,75.1
3869420,2022-12-09,Quarter-finals,Brazil,2,57,54,Croatia,29163,Josip Juranović,5469,Marcelo Brozović,Complete,9.198369,83.2,75.9,85.1,66.9
3869420,2022-12-09,Quarter-finals,Brazil,2,57,56,Croatia,5469,Marcelo Brozović,29163,Josip Juranović,Complete,19.902262,87.0,66.7,104.9,75.4
3869420,2022-12-09,Quarter-finals,Brazil,2,57,57,Croatia,29163,Josip Juranović,5460,Andrej Kramarić,Complete,15.437941,104.9,75.4,102.2,60.2
3869420,2022-12-09,Quarter-finals,Brazil,2,57,59,Croatia,5460,Andrej Kramarić,5469,Marcelo Brozović,Complete,7.368175,101.9,59.3,94.6,58.3
3869420,2022-12-09,Quarter-finals,Brazil,2,58,1,Croatia,5469,Marcelo Brozović,5460,Andrej Kramarić,Complete,9.80816,95.2,58.8,102.8,52.6
3869420,2022-12-09,Quarter-finals,Brazil,2,58,2,Croatia,5460,Andrej Kramarić,,,Incomplete,3.1953092,101.7,52.8,104.7,53.9
3869420,2022-12-09,Quarter-finals,Brazil,2,58,13,Croatia,11603,Mario Pašalić,5460,Andrej Kramarić,Complete,10.165136,53.4,44.1,50.7,53.9
3869420,2022-12-09,Quarter-finals,Brazil,2,58,14,Croatia,5460,Andrej Kramarić,5469,Marcelo Brozović,Complete,8.072174,50.7,53.9,56.1,47.9
3869420,2022-12-09,Quarter-finals,Brazil,2,58,15,Croatia,5469,Marcelo Brozović,5460,Andrej Kramarić,Complete,9.234717,55.3,48.2,56.1,57.4
3869420,2022-12-09,Quarter-finals,Brazil,2,59,5,Croatia,16531,Dominik Livaković,3471,Dejan Lovren,Complete,10.5019045,7.0,36.1,7.2,46.6
3869420,2022-12-09,Quarter-finals,Brazil,2,59,9,Croatia,3471,Dejan Lovren,5463,Luka Modrić,Complete,25.360205,8.9,49.0,31.4,60.7
3869420,2022-12-09,Quarter-finals,Brazil,2,59,11,Croatia,5463,Luka Modrić,29163,Josip Juranović,Complete,19.20026,30.6,62.3,43.3,76.7
3869420,2022-12-09,Quarter-finals,Brazil,2,59,15,Croatia,29163,Josip Juranović,11603,Mario Pašalić,Complete,8.949861,63.1,74.3,71.8,76.4
3869420,2022-12-09,Quarter-finals,Brazil,2,59,19,Croatia,11603,Mario Pašalić,5469,Marcelo Brozović,Complete,10.02447,71.8,76.4,68.6,66.9
3869420,2022-12-09,Quarter-finals,Brazil,2,59,20,Croatia,5469,Marcelo Brozović,5463,Luka Modrić,Complete,18.022764,68.6,66.9,50.7,64.8
3869420,2022-12-09,Quarter-finals,Brazil,2,59,27,Croatia,5463,Luka Modrić,5460,Andrej Kramarić,Incomplete,29.984163,67.5,44.7,93.8,30.3
3869420,2022-12-09,Quarter-finals,Brazil,2,59,55,Croatia,3471,Dejan Lovren,11603,Mario Pašalić,Complete,10.885311,18.1,61.2,24.9,69.7
3869420,2022-12-09,Quarter-finals,Brazil,2,59,56,Croatia,11603,Mario Pašalić,3471,Dejan Lovren,Complete,9.551963,24.9,69.9,15.9,66.7
3869420,2022-12-09,Quarter-finals,Brazil,2,59,58,Croatia,3471,Dejan Lovren,5469,Marcelo Brozović,Complete,7.093659,18.4,71.3,23.8,66.7
3869420,2022-12-09,Quarter-finals,Brazil,2,60,1,Croatia,5469,Marcelo Brozović,5456,Mateo Kovačić,Complete,6.2425957,29.5,61.0,34.6,57.4
3869420,2022-12-09,Quarter-finals,Brazil,2,60,2,Croatia,5456,Mateo Kovačić,5463,Luka Modrić,Complete,9.035485,34.6,57.4,33.8,66.4
3869420,2022-12-09,Quarter-finals,Brazil,2,60,5,Croatia,5463,Luka Modrić,11603,Mario Pašalić,Complete,13.815933,33.8,71.8,46.6,77.0
3869420,2022-12-09,Quarter-finals,Brazil,2,60,6,Croatia,11603,Mario Pašalić,5456,Mateo Kovačić,Complete,13.905395,46.6,77.0,57.2,68.0
3869420,2022-12-09,Quarter-finals,Brazil,2,60,11,Croatia,5456,Mateo Kovačić,5469,Marcelo Brozović,Complete,12.640016,56.9,76.2,49.3,66.1
3869420,2022-12-09,Quarter-finals,Brazil,2,60,23,Croatia,5469,Marcelo Brozović,5456,Mateo Kovačić,Complete,19.5,50.1,49.0,50.1,29.5
3869420,2022-12-09,Quarter-finals,Brazil,2,60,26,Croatia,5456,Mateo Kovačić,33018,Joško Gvardiol,Complete,20.5762,58.3,22.7,74.0,9.4
3869420,2022-12-09,Quarter-finals,Brazil,2,60,30,Croatia,33018,Joško Gvardiol,5469,Marcelo Brozović,Complete,15.01366,75.6,7.8,72.1,22.4
3869420,2022-12-09,Quarter-finals,Brazil,2,60,32,Croatia,5469,Marcelo Brozović,5456,Mateo Kovačić,Complete,9.962429,72.1,22.4,75.1,12.9
3869420,2022-12-09,Quarter-finals,Brazil,2,60,34,Croatia,5456,Mateo Kovačić,5469,Marcelo Brozović,Complete,6.22254,75.1,12.9,70.7,17.3
3869420,2022-12-09,Quarter-finals,Brazil,2,60,36,Croatia,5469,Marcelo Brozović,5456,Mateo Kovačić,Complete,11.595258,70.7,17.3,75.4,6.7
3869420,2022-12-09,Quarter-finals,Brazil,2,60,39,Croatia,5456,Mateo Kovačić,11603,Mario Pašalić,Complete,9.192389,75.4,7.5,81.9,14.0
3869420,2022-12-09,Quarter-finals,Brazil,2,60,43,Croatia,11603,Mario Pašalić,12625,Borna Sosa,Complete,9.654015,94.1,14.6,100.3,7.2
3869420,2022-12-09,Quarter-finals,Brazil,2,60,44,Croatia,12625,Borna Sosa,5456,Mateo Kovačić,Complete,14.524806,100.3,7.2,85.9,9.1
3869420,2022-12-09,Quarter-finals,Brazil,2,60,46,Croatia,5456,Mateo Kovačić,5469,Marcelo Brozović,Complete,11.490866,85.7,9.1,79.7,18.9
3869420,2022-12-09,Quarter-finals,Brazil,2,60,47,Croatia,5469,Marcelo Brozović,5456,Mateo Kovačić,Complete,11.128792,80.0,18.9,79.2,7.8
3869420,2022-12-09,Quarter-finals,Brazil,2,60,50,Croatia,5456,Mateo Kovačić,5460,Andrej Kramarić,Complete,61.52203,79.7,14.0,93.3,74.0
3869420,2022-12-09,Quarter-finals,Brazil,2,60,55,Croatia,5460,Andrej Kramarić,5463,Luka Modrić,Complete,10.6794195,93.3,74.0,94.6,63.4
3869420,2022-12-09,Quarter-finals,Brazil,2,61,15,Croatia,5469,Marcelo Brozović,29163,Josip Juranović,Complete,7.787811,66.1,79.2,73.7,77.5
3869420,2022-12-09,Quarter-finals,Brazil,2,61,17,Croatia,29163,Josip Juranović,5463,Luka Modrić,Complete,9.741663,73.7,77.5,81.6,71.8
3869420,2022-12-09,Quarter-finals,Brazil,2,61,19,Croatia,5463,Luka Modrić,5474,Ivan Perišić,Complete,14.80608,85.9,69.4,80.8,55.5
3869420,2022-12-09,Quarter-finals,Brazil,2,61,21,Croatia,5474,Ivan Perišić,11603,Mario Pašalić,Incomplete,3.0413814,82.1,55.3,84.3,57.4
3869420,2022-12-09,Quarter-finals,Brazil,2,61,23,Croatia,5456,Mateo Kovačić,5469,Marcelo Brozović,Complete,9.4667845,74.3,46.6,69.4,54.7
3869420,2022-12-09,Quarter-finals,Brazil,2,61,26,Croatia,5469,Marcelo Brozović,5456,Mateo Kovačić,Complete,5.948109,65.9,47.9,64.2,42.2
3869420,2022-12-09,Quarter-finals,Brazil,2,61,27,Croatia,5456,Mateo Kovačić,33018,Joško Gvardiol,Complete,23.677204,64.2,42.2,73.2,20.3
3869420,2022-12-09,Quarter-finals,Brazil,2,61,33,Croatia,33018,Joško Gvardiol,5456,Mateo Kovačić,Complete,10.920165,81.9,9.1,73.2,15.7
3869420,2022-12-09,Quarter-finals,Brazil,2,61,36,Croatia,5456,Mateo Kovačić,3471,Dejan Lovren,Complete,37.5996,73.2,20.3,63.4,56.6
3869420,2022-12-09,Quarter-finals,Brazil,2,61,38,Croatia,3471,Dejan Lovren,5469,Marcelo Brozović,Complete,9.5,63.4,56.6,63.4,47.1
3869420,2022-12-09,Quarter-finals,Brazil,2,61,39,Croatia,5469,Marcelo Brozović,5463,Luka Modrić,Complete,17.821898,63.4,47.1,77.5,58.0
3869420,2022-12-09,Quarter-finals,Brazil,2,61,40,Croatia,5463,Luka Modrić,5469,Marcelo Brozović,Complete,11.4982605,77.0,58.0,65.9,61.0
3869420,2022-12-09,Quarter-finals,Brazil,2,61,41,Croatia,5469,Marcelo Brozović,29163,Josip Juranović,Complete,18.201649,66.7,61.0,74.8,77.3
3869420,2022-12-09,Quarter-finals,Brazil,2,61,45,Croatia,29163,Josip Juranović,5463,Luka Modrić,Complete,14.90302,69.9,77.5,70.2,62.6
3869420,2022-12-09,Quarter-finals,Brazil,2,61,47,Croatia,5463,Luka Modrić,5469,Marcelo Brozović,Complete,7.4330344,69.9,63.7,77.0,65.9
3869420,2022-12-09,Quarter-finals,Brazil,2,61,51,Croatia,5469,Marcelo Brozović,5456,Mateo Kovačić,Complete,24.651978,74.8,51.7,73.2,27.1
3869420,2022-12-09,Quarter-finals,Brazil,2,61,56,Croatia,5456,Mateo Kovačić,5474,Ivan Perišić,Complete,18.694384,94.9,19.5,111.7,11.3
3869420,2022-12-09,Quarter-finals,Brazil,2,61,58,Croatia,5474,Ivan Perišić,,,Incomplete,27.75626,111.7,11.3,117.7,38.4
3869420,2022-12-09,Quarter-finals,Brazil,2,66,12,Croatia,5469,Marcelo Brozović,,,Incomplete,20.18019,26.8,55.5,45.8,62.3
3869420,2022-12-09,Quarter-finals,Brazil,2,67,14,Croatia,11603,Mario Pašalić,5460,Andrej Kramarić,Complete,17.917868,52.6,71.0,70.5,70.2
3869420,2022-12-09,Quarter-finals,Brazil,2,67,19,Croatia,5460,Andrej Kramarić,5463,Luka Modrić,Complete,8.845903,61.5,69.4,55.0,63.4
3869420,2022-12-09,Quarter-finals,Brazil,2,67,20,Croatia,5463,Luka Modrić,5460,Andrej Kramarić,Complete,7.4330344,57.2,62.1,63.4,58.0
3869420,2022-12-09,Quarter-finals,Brazil,2,67,55,Croatia,5463,Luka Modrić,5469,Marcelo Brozović,Complete,12.728315,64.5,60.4,62.1,47.9
3869420,2022-12-09,Quarter-finals,Brazil,2,67,59,Croatia,5469,Marcelo Brozović,5456,Mateo Kovačić,Complete,4.4204073,62.1,47.9,65.6,45.2
3869420,2022-12-09,Quarter-finals,Brazil,2,67,59,Croatia,5456,Mateo Kovačić,5469,Marcelo Brozović,Complete,8.515867,65.6,45.2,57.2,46.6
3869420,2022-12-09,Quarter-finals,Brazil,2,68,1,Croatia,5469,Marcelo Brozović,5456,Mateo Kovačić,Complete,8.5510235,57.2,46.6,65.6,45.0
3869420,2022-12-09,Quarter-finals,Brazil,2,68,3,Croatia,5456,Mateo Kovačić,29163,Josip Juranović,Complete,21.88264,64.8,49.8,62.9,71.6
3869420,2022-12-09,Quarter-finals,Brazil,2,68,5,Croatia,29163,Josip Juranović,11603,Mario Pašalić,Complete,12.692123,63.1,71.0,75.6,73.2
3869420,2022-12-09,Quarter-finals,Brazil,2,68,6,Croatia,11603,Mario Pašalić,29163,Josip Juranović,Complete,13.789851,75.6,73.2,62.6,68.6
3869420,2022-12-09,Quarter-finals,Brazil,2,68,9,Croatia,29163,Josip Juranović,5469,Marcelo Brozović,Complete,8.883693,62.6,68.6,67.2,61.0
3869420,2022-12-09,Quarter-finals,Brazil,2,68,10,Croatia,5469,Marcelo Brozović,29163,Josip Juranović,Complete,10.511898,67.2,61.0,58.5,66.9
3869420,2022-12-09,Quarter-finals,Brazil,2,68,12,Croatia,29163,Josip Juranović,3471,Dejan Lovren,Complete,17.253984,58.5,66.9,49.8,52.0
3869420,2022-12-09,Quarter-finals,Brazil,2,68,14,Croatia,3471,Dejan Lovren,33018,Joško Gvardiol,Complete,26.023258,50.4,51.2,51.5,25.2
3869420,2022-12-09,Quarter-finals,Brazil,2,68,17,Croatia,33018,Joško Gvardiol,5474,Ivan Perišić,Complete,43.971127,50.4,13.5,94.3,11.0
3869420,2022-12-09,Quarter-finals,Brazil,2,68,19,Croatia,5474,Ivan Perišić,5460,Andrej Kramarić,Incomplete,21.45973,93.8,11.0,107.4,27.6
3869420,2022-12-09,Quarter-finals,Brazil,2,68,51,Croatia,5456,Mateo Kovačić,12625,Borna Sosa,Complete,16.796726,48.5,6.2,32.7,11.9
3869420,2022-12-09,Quarter-finals,Brazil,2,68,54,Croatia,12625,Borna Sosa,3471,Dejan Lovren,Complete,35.808937,31.7,17.0,32.5,52.8
3869420,2022-12-09,Quarter-finals,Brazil,2,69,0,Croatia,3471,Dejan Lovren,29163,Josip Juranović,Complete,15.79272,50.4,58.3,46.9,73.7
3869420,2022-12-09,Quarter-finals,Brazil,2,69,2,Croatia,29163,Josip Juranović,11603,Mario Pašalić,Complete,16.391766,46.9,73.7,63.1,76.2
3869420,2022-12-09,Quarter-finals,Brazil,2,69,3,Croatia,11603,Mario Pašalić,5463,Luka Modrić,Complete,10.46948,63.1,76.2,67.5,66.7
3869420,2022-12-09,Quarter-finals,Brazil,2,69,6,Croatia,5463,Luka Modrić,,,Incomplete,3.0149627,71.3,75.1,68.3,75.4
3869420,2022-12-09,Quarter-finals,Brazil,2,69,16,Croatia,29163,Josip Juranović,3471,Dejan Lovren,Complete,23.260696,62.6,80.0,44.1,65.9
3869420,2022-12-09,Quarter-finals,Brazil,2,69,21,Croatia,3471,Dejan Lovren,33018,Joško Gvardiol,Complete,24.123432,32.5,57.4,41.2,34.9
3869420,2022-12-09,Quarter-finals,Brazil,2,69,23,Croatia,33018,Joško Gvardiol,5456,Mateo Kovačić,Complete,19.112823,40.9,32.8,51.2,16.7
3869420,2022-12-09,Quarter-finals,Brazil,2,69,30,Croatia,5456,Mateo Kovačić,33018,Joško Gvardiol,Complete,16.041508,56.6,12.9,43.9,22.7
3869420,2022-12-09,Quarter-finals,Brazil,2,69,33,Croatia,33018,Joško Gvardiol,5456,Mateo Kovačić,Complete,12.587692,47.1,20.0,56.9,12.1
3869420,2022-12-09,Quarter-finals,Brazil,2,69,36,Croatia,5456,Mateo Kovačić,5469,Marcelo Brozović,Complete,11.448144,57.4,14.3,53.9,25.2
3869420,2022-12-09,Quarter-finals,Brazil,2,69,40,Croatia,5469,Marcelo Brozović,5456,Mateo Kovačić,Complete,11.830892,53.1,19.5,57.7,8.6
3869420,2022-12-09,Quarter-finals,Brazil,2,69,43,Croatia,5456,Mateo Kovačić,3471,Dejan Lovren,Complete,48.00104,52.8,12.1,41.7,58.8
3869420,2022-12-09,Quarter-finals,Brazil,2,69,46,Croatia,3471,Dejan Lovren,29163,Josip Juranović,Complete,29.92056,45.5,64.8,73.7,74.8
3869420,2022-12-09,Quarter-finals,Brazil,2,69,50,Croatia,29163,Josip Juranović,5463,Luka Modrić,Complete,15.787653,73.5,76.2,62.9,64.5
3869420,2022-12-09,Quarter-finals,Brazil,2,69,54,Croatia,5463,Luka Modrić,5456,Mateo Kovačić,Complete,39.91015,68.8,62.1,69.7,22.2
3869420,2022-12-09,Quarter-finals,Brazil,2,70,3,Croatia,5469,Marcelo Brozović,5474,Ivan Perišić,Complete,27.728144,68.3,31.9,80.5,7.0
3869420,2022-12-09,Quarter-finals,Brazil,2,70,6,Croatia,5474,Ivan Perišić,5469,Marcelo Brozović,Complete,13.453624,80.2,6.4,70.2,15.4
3869420,2022-12-09,Quarter-finals,Brazil,2,70,10,Croatia,5469,Marcelo Brozović,5456,Mateo Kovačić,Complete,9.84124,66.1,15.9,57.4,20.5
3869420,2022-12-09,Quarter-finals,Brazil,2,70,12,Croatia,5456,Mateo Kovačić,5463,Luka Modrić,Complete,14.227438,57.2,25.7,55.3,39.8
3869420,2022-12-09,Quarter-finals,Brazil,2,70,16,Croatia,5463,Luka Modrić,5469,Marcelo Brozović,Complete,16.737085,53.1,28.7,56.9,12.4
3869420,2022-12-09,Quarter-finals,Brazil,2,70,19,Croatia,5469,Marcelo Brozović,12625,Borna Sosa,Complete,6.484597,63.7,8.3,69.9,6.4
3869420,2022-12-09,Quarter-finals,Brazil,2,70,20,Croatia,12625,Borna Sosa,5469,Marcelo Brozović,Complete,7.641989,69.9,6.4,62.3,7.2
3869420,2022-12-09,Quarter-finals,Brazil,2,70,22,Croatia,5469,Marcelo Brozović,5463,Luka Modrić,Complete,10.400962,58.5,10.0,49.8,15.7
3869420,2022-12-09,Quarter-finals,Brazil,2,70,23,Croatia,5463,Luka Modrić,5469,Marcelo Brozović,Complete,9.192389,49.6,14.8,56.1,8.3
3869420,2022-12-09,Quarter-finals,Brazil,2,70,23,Croatia,5469,Marcelo Brozović,5463,Luka Modrić,Complete,11.46342,56.1,8.3,49.0,17.3
3869420,2022-12-09,Quarter-finals,Brazil,2,70,24,Croatia,5463,Luka Modrić,5469,Marcelo Brozović,Complete,9.192389,49.0,17.3,55.5,10.8
3869420,2022-12-09,Quarter-finals,Brazil,2,70,26,Croatia,5469,Marcelo Brozović,5463,Luka Modrić,Complete,10.555094,54.2,12.4,44.7,17.0
3869420,2022-12-09,Quarter-finals,Brazil,2,70,28,Croatia,5463,Luka Modrić,5469,Marcelo Brozović,Complete,13.36862,44.4,16.7,52.8,27.1
3869420,2022-12-09,Quarter-finals,Brazil,2,70,29,Croatia,5469,Marcelo Brozović,3471,Dejan Lovren,Complete,30.220854,52.8,27.1,50.1,57.2
3869420,2022-12-09,Quarter-finals,Brazil,2,70,33,Croatia,3471,Dejan Lovren,29163,Josip Juranović,Complete,28.024275,52.6,57.2,73.2,76.2
3869420,2022-12-09,Quarter-finals,Brazil,2,70,38,Croatia,29163,Josip Juranović,5469,Marcelo Brozović,Complete,7.5006666,65.9,72.9,60.4,67.8
3869420,2022-12-09,Quarter-finals,Brazil,2,70,44,Croatia,5469,Marcelo Brozović,33018,Joško Gvardiol,Complete,23.055586,48.5,51.7,46.9,28.7
3869420,2022-12-09,Quarter-finals,Brazil,2,70,46,Croatia,33018,Joško Gvardiol,5463,Luka Modrić,Complete,29.5711,45.0,30.6,53.9,58.8
3869420,2022-12-09,Quarter-finals,Brazil,2,70,52,Croatia,5463,Luka Modrić,29163,Josip Juranović,Complete,35.24344,68.8,61.8,101.1,75.9
3869420,2022-12-09,Quarter-finals,Brazil,2,70,54,Croatia,29163,Josip Juranović,5460,Andrej Kramarić,Complete,13.556548,105.2,75.4,99.5,63.1
3869420,2022-12-09,Quarter-finals,Brazil,2,73,2,Croatia,5456,Mateo Kovačić,5474,Ivan Perišić,Complete,17.828068,23.8,22.7,36.8,10.5
3869420,2022-12-09,Quarter-finals,Brazil,2,73,5,Croatia,5474,Ivan Perišić,5469,Marcelo Brozović,Complete,11.727319,39.0,9.4,39.8,21.1
3869420,2022-12-09,Quarter-finals,Brazil,2,73,49,Croatia,16531,Dominik Livaković,3471,Dejan Lovren,Complete,16.085398,5.9,42.2,10.2,57.7
3869420,2022-12-09,Quarter-finals,Brazil,2,73,56,Croatia,3471,Dejan Lovren,16531,Dominik Livaković,Complete,29.46133,23.5,67.8,5.6,44.4
3869420,2022-12-09,Quarter-finals,Brazil,2,73,58,Croatia,16531,Dominik Livaković,33018,Joško Gvardiol,Complete,19.473314,5.1,42.2,16.2,26.2
3869420,2022-12-09,Quarter-finals,Brazil,2,74,7,Croatia,33018,Joško Gvardiol,5456,Mateo Kovačić,Complete,15.323511,29.5,21.9,43.6,15.9
3869420,2022-12-09,Quarter-finals,Brazil,2,74,8,Croatia,5456,Mateo Kovačić,33018,Joško Gvardiol,Complete,18.191206,45.5,16.2,27.9,20.8
3869420,2022-12-09,Quarter-finals,Brazil,2,74,14,Croatia,33018,Joško Gvardiol,7693,Bruno Petković,Complete,39.763424,33.3,24.9,42.0,63.7
3869420,2022-12-09,Quarter-finals,Brazil,2,74,21,Croatia,7693,Bruno Petković,5456,Mateo Kovačić,Complete,46.139137,58.5,65.6,56.6,19.5
3869420,2022-12-09,Quarter-finals,Brazil,2,74,27,Croatia,5456,Mateo Kovačić,5463,Luka Modrić,Complete,13.287965,62.9,12.1,70.5,23.0
3869420,2022-12-09,Quarter-finals,Brazil,2,74,30,Croatia,5463,Luka Modrić,5456,Mateo Kovačić,Complete,11.588356,69.9,15.1,78.9,7.8
3869420,2022-12-09,Quarter-finals,Brazil,2,75,7,Croatia,3471,Dejan Lovren,16531,Dominik Livaković,Complete,21.567568,26.0,32.2,6.4,41.2
3869420,2022-12-09,Quarter-finals,Brazil,2,75,11,Croatia,16531,Dominik Livaković,3441,Nikola Vlašić,Incomplete,67.876434,6.4,44.7,72.9,58.3
3869420,2022-12-09,Quarter-finals,Brazil,2,75,17,Croatia,5463,Luka Modrić,29163,Josip Juranović,Complete,16.71556,50.9,52.6,44.4,68.0
3869420,2022-12-09,Quarter-finals,Brazil,2,75,20,Croatia,29163,Josip Juranović,5469,Marcelo Brozović,Complete,9.876234,45.2,68.6,42.5,59.1
3869420,2022-12-09,Quarter-finals,Brazil,2,75,23,Croatia,5469,Marcelo Brozović,33018,Joško Gvardiol,Complete,33.67566,32.7,61.0,26.5,27.9
3869420,2022-12-09,Quarter-finals,Brazil,2,75,26,Croatia,33018,Joško Gvardiol,16531,Dominik Livaković,Complete,22.306276,21.9,31.1,5.3,46.0
3869420,2022-12-09,Quarter-finals,Brazil,2,75,30,Croatia,16531,Dominik Livaković,3441,Nikola Vlašić,Incomplete,57.83848,7.0,54.7,61.8,73.2
3869420,2022-12-09,Quarter-finals,Brazil,2,75,37,Croatia,3471,Dejan Lovren,,,Incomplete,9.577578,26.0,65.3,32.2,72.6
3869420,2022-12-09,Quarter-finals,Brazil,2,76,14,Croatia,5469,Marcelo Brozović,5463,Luka Modrić,Complete,12.330855,14.8,51.7,21.1,62.3
3869420,2022-12-09,Quarter-finals,Brazil,2,76,44,Croatia,29163,Josip Juranović,3441,Nikola Vlašić,Complete,71.5713,33.6,68.6,104.7,60.4
3869420,2022-12-09,Quarter-finals,Brazil,2,77,47,Croatia,5456,Mateo Kovačić,5463,Luka Modrić,Complete,10.3,24.9,40.1,35.2,40.1
3869420,2022-12-09,Quarter-finals,Brazil,2,77,49,Croatia,5463,Luka Modrić,5469,Marcelo Brozović,Complete,8.811924,34.4,38.7,30.3,30.9
3869420,2022-12-09,Quarter-finals,Brazil,2,78,14,Croatia,33018,Joško Gvardiol,3471,Dejan Lovren,Complete,28.52122,33.3,27.9,32.2,56.4
3869420,2022-12-09,Quarter-finals,Brazil,2,78,22,Croatia,3471,Dejan Lovren,29163,Josip Juranović,Complete,9.650907,57.2,68.8,55.5,78.3
3869420,2022-12-09,Quarter-finals,Brazil,2,78,23,Croatia,29163,Josip Juranović,7693,Bruno Petković,Complete,14.6102705,56.4,78.3,65.9,67.2
3869420,2022-12-09,Quarter-finals,Brazil,2,78,28,Croatia,7693,Bruno Petković,5469,Marcelo Brozović,Complete,13.277425,68.8,59.6,66.1,46.6
3869420,2022-12-09,Quarter-finals,Brazil,2,78,31,Croatia,5469,Marcelo Brozović,5456,Mateo Kovačić,Complete,20.619408,65.0,45.0,68.0,24.6
3869420,2022-12-09,Quarter-finals,Brazil,2,78,33,Croatia,5456,Mateo Kovačić,,,Incomplete,28.021599,69.1,23.5,97.1,24.6
3869420,2022-12-09,Quarter-finals,Brazil,2,79,9,Croatia,5463,Luka Modrić,7693,Bruno Petković,Complete,11.552056,64.0,36.3,67.2,47.4
3869420,2022-12-09,Quarter-finals,Brazil,2,80,7,Croatia,16531,Dominik Livaković,3471,Dejan Lovren,Complete,17.129215,4.8,40.1,9.4,56.6
3869420,2022-12-09,Quarter-finals,Brazil,2,80,14,Croatia,3471,Dejan Lovren,5469,Marcelo Brozović,Complete,8.982761,21.4,72.9,27.6,66.4
3869420,2022-12-09,Quarter-finals,Brazil,2,80,15,Croatia,5469,Marcelo Brozović,3471,Dejan Lovren,Complete,15.092051,28.9,63.7,14.0,66.1
3869420,2022-12-09,Quarter-finals,Brazil,2,80,19,Croatia,3471,Dejan Lovren,12625,Borna Sosa,Complete,53.606716,12.4,59.9,26.2,8.1
3869420,2022-12-09,Quarter-finals,Brazil,2,80,22,Croatia,12625,Borna Sosa,5474,Ivan Perišić,Complete,19.80101,26.2,8.1,46.0,8.3
3869420,2022-12-09,Quarter-finals,Brazil,2,80,24,Croatia,5474,Ivan Perišić,5456,Mateo Kovačić,Complete,9.052072,44.4,8.3,37.9,14.6
3869420,2022-12-09,Quarter-finals,Brazil,2,80,25,Croatia,5456,Mateo Kovačić,12625,Borna Sosa,Complete,13.464768,38.4,14.6,26.5,8.3
3869420,2022-12-09,Quarter-finals,Brazil,2,80,26,Croatia,12625,Borna Sosa,7693,Bruno Petković,Complete,29.85649,26.5,8.3,55.5,15.4
3869420,2022-12-09,Quarter-finals,Brazil,2,81,24,Croatia,16531,Dominik Livaković,3471,Dejan Lovren,Complete,19.516403,4.0,29.0,7.5,48.2
3869420,2022-12-09,Quarter-finals,Brazil,2,81,26,Croatia,3471,Dejan Lovren,29163,Josip Juranović,Complete,33.730846,8.9,50.7,32.5,74.8
3869420,2022-12-09,Quarter-finals,Brazil,2,81,31,Croatia,29163,Josip Juranović,5469,Marcelo Brozović,Complete,16.37834,36.3,74.5,52.6,72.9
3869420,2022-12-09,Quarter-finals,Brazil,2,81,35,Croatia,5469,Marcelo Brozović,3441,Nikola Vlašić,Incomplete,6.16198,69.1,75.1,73.2,70.5
3869420,2022-12-09,Quarter-finals,Brazil,2,82,11,Croatia,16531,Dominik Livaković,3471,Dejan Lovren,Complete,8.125269,7.0,44.1,8.9,52.0
3869420,2022-12-09,Quarter-finals,Brazil,2,82,20,Croatia,3471,Dejan Lovren,5469,Marcelo Brozović,Complete,9.676776,33.6,62.9,42.8,59.9
3869420,2022-12-09,Quarter-finals,Brazil,2,82,23,Croatia,5469,Marcelo Brozović,29163,Josip Juranović,Complete,12.870509,44.4,63.4,40.3,75.6
3869420,2022-12-09,Quarter-finals,Brazil,2,82,25,Croatia,29163,Josip Juranović,5463,Luka Modrić,Complete,5.255473,40.9,75.1,45.8,77.0
3869420,2022-12-09,Quarter-finals,Brazil,2,82,27,Croatia,5463,Luka Modrić,3441,Nikola Vlašić,Complete,10.1,52.0,76.7,62.1,76.7
3869420,2022-12-09,Quarter-finals,Brazil,2,82,29,Croatia,3441,Nikola Vlašić,,,Incomplete,6.536819,59.9,77.3,63.1,71.6
3869420,2022-12-09,Quarter-finals,Brazil,2,82,35,Croatia,5469,Marcelo Brozović,29163,Josip Juranović,Complete,5.2239833,32.7,69.1,32.2,74.3
3869420,2022-12-09,Quarter-finals,Brazil,2,82,36,Croatia,29163,Josip Juranović,3441,Nikola Vlašić,Complete,6.8029404,32.2,74.3,39.0,74.5
3869420,2022-12-09,Quarter-finals,Brazil,2,83,29,Croatia,29163,Josip Juranović,5469,Marcelo Brozović,Complete,10.151355,68.8,75.6,63.1,67.2
3869420,2022-12-09,Quarter-finals,Brazil,2,83,37,Croatia,5469,Marcelo Brozović,3441,Nikola Vlašić,Complete,11.684177,62.9,67.2,74.5,68.6
3869420,2022-12-09,Quarter-finals,Brazil,2,83,39,Croatia,3441,Nikola Vlašić,29163,Josip Juranović,Complete,11.596551,75.6,68.8,83.8,77.0
3869420,2022-12-09,Quarter-finals,Brazil,2,83,41,Croatia,29163,Josip Juranović,5463,Luka Modrić,Complete,8.471718,81.9,77.0,73.5,78.1
3869420,2022-12-09,Quarter-finals,Brazil,2,83,43,Croatia,5463,Luka Modrić,,,Incomplete,3.5902646,73.5,78.1,77.0,78.9
3869420,2022-12-09,Quarter-finals,Brazil,2,84,14,Croatia,29163,Josip Juranović,7693,Bruno Petković,Complete,35.19574,89.5,80.0,105.2,48.5
3869420,2022-12-09,Quarter-finals,Brazil,2,84,17,Croatia,7693,Bruno Petković,3441,Nikola Vlašić,Complete,5.9093146,105.2,48.8,102.8,54.2
3869420,2022-12-09,Quarter-finals,Brazil,2,84,49,Croatia,5474,Ivan Perišić,12625,Borna Sosa,Complete,11.860017,103.6,0.1,94.1,7.2
3869420,2022-12-09,Quarter-finals,Brazil,2,86,24,Croatia,12625,Borna Sosa,5474,Ivan Perišić,Incomplete,23.31223,23.3,0.1,45.8,6.2
3869420,2022-12-09,Quarter-finals,Brazil,2,86,52,Croatia,16531,Dominik Livaković,3471,Dejan Lovren,Complete,14.3178215,7.0,36.1,4.0,50.1
3869420,2022-12-09,Quarter-finals,Brazil,2,87,2,Croatia,3471,Dejan Lovren,16531,Dominik Livaković,Complete,30.727837,26.2,68.8,5.6,46.0
3869420,2022-12-09,Quarter-finals,Brazil,2,87,4,Croatia,16531,Dominik Livaković,33018,Joško Gvardiol,Complete,25.016994,5.6,46.0,19.5,25.2
3869420,2022-12-09,Quarter-finals,Brazil,2,87,12,Croatia,33018,Joško Gvardiol,5463,Luka Modrić,Complete,10.811568,31.4,21.4,42.2,21.9
3869420,2022-12-09,Quarter-finals,Brazil,2,87,16,Croatia,5463,Luka Modrić,12625,Borna Sosa,Complete,12.870509,33.3,9.7,45.5,5.6
3869420,2022-12-09,Quarter-finals,Brazil,2,87,16,Croatia,12625,Borna Sosa,5456,Mateo Kovačić,Complete,8.324061,45.5,5.6,39.0,10.8
3869420,2022-12-09,Quarter-finals,Brazil,2,87,20,Croatia,5456,Mateo Kovačić,33018,Joško Gvardiol,Complete,14.524806,26.2,11.6,21.1,25.2
3869420,2022-12-09,Quarter-finals,Brazil,2,87,22,Croatia,33018,Joško Gvardiol,5469,Marcelo Brozović,Complete,10.307764,21.1,29.2,30.0,34.4
3869420,2022-12-09,Quarter-finals,Brazil,2,87,25,Croatia,5469,Marcelo Brozović,3471,Dejan Lovren,Complete,25.904633,29.5,40.6,20.8,65.0
3869420,2022-12-09,Quarter-finals,Brazil,2,87,31,Croatia,3471,Dejan Lovren,5469,Marcelo Brozović,Complete,11.779643,18.6,72.1,27.6,64.5
3869420,2022-12-09,Quarter-finals,Brazil,2,87,34,Croatia,5469,Marcelo Brozović,5463,Luka Modrić,Complete,37.764137,28.1,62.3,30.3,24.6
3869420,2022-12-09,Quarter-finals,Brazil,2,87,40,Croatia,5463,Luka Modrić,5474,Ivan Perišić,Incomplete,19.190102,48.2,18.9,66.7,13.8
3869420,2022-12-09,Quarter-finals,Brazil,2,87,44,Croatia,5463,Luka Modrić,5474,Ivan Perišić,Complete,21.552261,55.0,20.5,71.3,6.4
3869420,2022-12-09,Quarter-finals,Brazil,2,87,46,Croatia,5474,Ivan Perišić,5456,Mateo Kovačić,Complete,13.640015,71.6,7.0,58.5,10.8
3869420,2022-12-09,Quarter-finals,Brazil,2,87,47,Croatia,5456,Mateo Kovačić,5463,Luka Modrić,Complete,10.018483,58.5,10.8,53.9,19.7
3869420,2022-12-09,Quarter-finals,Brazil,2,87,51,Croatia,5463,Luka Modrić,5456,Mateo Kovačić,Complete,14.996666,57.7,21.6,68.6,11.3
3869420,2022-12-09,Quarter-finals,Brazil,2,87,54,Croatia,5456,Mateo Kovačić,7693,Bruno Petković,Incomplete,15.9,81.9,14.3,95.4,22.7
3869420,2022-12-09,Quarter-finals,Brazil,2,87,57,Croatia,5474,Ivan Perišić,5456,Mateo Kovačić,Incomplete,3.130495,87.3,12.9,85.9,15.7
3869420,2022-12-09,Quarter-finals,Brazil,2,88,0,Croatia,12625,Borna Sosa,7693,Bruno Petković,Complete,29.32064,99.5,9.1,100.6,38.4
3869420,2022-12-09,Quarter-finals,Brazil,2,88,6,Croatia,29163,Josip Juranović,5469,Marcelo Brozović,Complete,11.305308,85.4,59.9,88.4,49.0
3869420,2022-12-09,Quarter-finals,Brazil,2,88,11,Croatia,5469,Marcelo Brozović,5456,Mateo Kovačić,Complete,9.108238,75.6,26.0,77.0,17.0
3869420,2022-12-09,Quarter-finals,Brazil,2,88,14,Croatia,5456,Mateo Kovačić,33018,Joško Gvardiol,Complete,18.085354,77.0,24.1,67.2,39.3
3869420,2022-12-09,Quarter-finals,Brazil,2,88,16,Croatia,33018,Joško Gvardiol,12625,Borna Sosa,Complete,37.29772,66.9,38.2,83.5,4.8
3869420,2022-12-09,Quarter-finals,Brazil,2,88,20,Croatia,12625,Borna Sosa,5469,Marcelo Brozović,Complete,5.080354,82.4,5.6,79.4,9.7
3869420,2022-12-09,Quarter-finals,Brazil,2,88,27,Croatia,5469,Marcelo Brozović,33018,Joško Gvardiol,Complete,18.456434,69.4,13.5,53.4,22.7
3869420,2022-12-09,Quarter-finals,Brazil,2,88,32,Croatia,33018,Joško Gvardiol,5469,Marcelo Brozović,Complete,12.48439,49.3,21.4,57.4,11.9
3869420,2022-12-09,Quarter-finals,Brazil,2,88,33,Croatia,5469,Marcelo Brozović,5463,Luka Modrić,Complete,15.115886,57.4,11.9,64.2,25.4
3869420,2022-12-09,Quarter-finals,Brazil,2,88,38,Croatia,5463,Luka Modrić,5469,Marcelo Brozović,Complete,9.1525955,54.2,14.0,61.8,8.9
3869420,2022-12-09,Quarter-finals,Brazil,2,88,40,Croatia,5469,Marcelo Brozović,3471,Dejan Lovren,Complete,44.5,58.5,11.0,50.1,54.7
3869420,2022-12-09,Quarter-finals,Brazil,2,88,48,Croatia,3471,Dejan Lovren,5463,Luka Modrić,Complete,7.0092797,69.7,62.1,65.0,56.9
3869420,2022-12-09,Quarter-finals,Brazil,2,88,50,Croatia,5463,Luka Modrić,5474,Ivan Perišić,Complete,48.586933,69.4,56.4,104.4,22.7
3869420,2022-12-09,Quarter-finals,Brazil,2,88,53,Croatia,5474,Ivan Perišić,,,Incomplete,4.104875,104.7,23.5,104.9,27.6
3869420,2022-12-09,Quarter-finals,Brazil,2,88,56,Croatia,12625,Borna Sosa,,,Incomplete,23.952036,93.5,16.2,105.2,37.1
3869420,2022-12-09,Quarter-finals,Brazil,2,89,11,Croatia,33018,Joško Gvardiol,5456,Mateo Kovačić,Complete,11.128792,27.6,41.7,20.3,33.3
3869420,2022-12-09,Quarter-finals,Brazil,2,89,17,Croatia,5456,Mateo Kovačić,5469,Marcelo Brozović,Complete,16.745148,2.9,5.3,5.1,21.9
3869420,2022-12-09,Quarter-finals,Brazil,2,89,19,Croatia,5469,Marcelo Brozović,33018,Joško Gvardiol,Complete,20.953758,5.6,21.9,19.7,6.4
3869420,2022-12-09,Quarter-finals,Brazil,2,89,21,Croatia,33018,Joško Gvardiol,7693,Bruno Petković,Complete,26.604698,21.9,6.7,48.5,7.2
3869420,2022-12-09,Quarter-finals,Brazil,2,91,27,Croatia,3471,Dejan Lovren,5474,Ivan Perišić,Complete,12.536347,30.6,34.7,37.6,24.3
3869420,2022-12-09,Quarter-finals,Brazil,2,91,28,Croatia,5474,Ivan Perišić,12625,Borna Sosa,Complete,12.149486,38.2,25.2,26.2,23.3
3869420,2022-12-09,Quarter-finals,Brazil,2,91,54,Croatia,33018,Joško Gvardiol,3471,Dejan Lovren,Complete,34.524483,25.2,31.1,26.5,65.6
3869420,2022-12-09,Quarter-finals,Brazil,2,91,59,Croatia,3471,Dejan Lovren,5463,Luka Modrić,Complete,12.347064,33.8,65.9,46.0,67.8
3869420,2022-12-09,Quarter-finals,Brazil,2,92,0,Croatia,5463,Luka Modrić,5469,Marcelo Brozović,Complete,9.831073,44.1,66.9,42.5,57.2
3869420,2022-12-09,Quarter-finals,Brazil,2,92,3,Croatia,5469,Marcelo Brozović,5463,Luka Modrić,Complete,8.7,47.1,59.3,38.4,59.3
3869420,2022-12-09,Quarter-finals,Brazil,2,92,4,Croatia,5463,Luka Modrić,33018,Joško Gvardiol,Complete,31.913164,38.4,59.3,32.7,27.9
3869420,2022-12-09,Quarter-finals,Brazil,2,92,7,Croatia,33018,Joško Gvardiol,5463,Luka Modrić,Complete,12.913946,34.6,27.3,41.2,38.4
3869420,2022-12-09,Quarter-finals,Brazil,2,92,11,Croatia,5463,Luka Modrić,5469,Marcelo Brozović,Complete,26.459213,43.3,41.7,58.0,63.7
3869420,2022-12-09,Quarter-finals,Brazil,2,92,17,Croatia,5469,Marcelo Brozović,33018,Joško Gvardiol,Complete,36.40055,64.2,73.7,54.2,38.7
3869420,2022-12-09,Quarter-finals,Brazil,2,92,24,Croatia,33018,Joško Gvardiol,29163,Josip Juranović,Complete,51.780014,68.6,31.9,93.5,77.3
3869420,2022-12-09,Quarter-finals,Brazil,2,92,27,Croatia,29163,Josip Juranović,5469,Marcelo Brozović,Complete,15.183214,93.5,77.3,89.7,62.6
3869420,2022-12-09,Quarter-finals,Brazil,2,92,30,Croatia,5469,Marcelo Brozović,,,Incomplete,6.6219335,95.4,67.5,99.5,62.3
3869420,2022-12-09,Quarter-finals,Brazil,3,92,13,Croatia,29163,Josip Juranović,3441,Nikola Vlašić,Unknown,61.38436,14.1,80.0,74.3,68.0
3869420,2022-12-09,Quarter-finals,Brazil,3,92,55,Croatia,12625,Borna Sosa,5456,Mateo Kovačić,Complete,8.415462,26.8,0.1,29.7,8.0
3869420,2022-12-09,Quarter-finals,Brazil,3,92,57,Croatia,5456,Mateo Kovačić,,,Incomplete,22.69273,29.7,8.0,42.7,26.6
3869420,2022-12-09,Quarter-finals,Brazil,3,93,14,Croatia,5463,Luka Modrić,3471,Dejan Lovren,Complete,19.131649,44.6,33.5,43.5,52.6
3869420,2022-12-09,Quarter-finals,Brazil,3,93,17,Croatia,3471,Dejan Lovren,5463,Luka Modrić,Complete,7.0114193,43.5,52.6,43.9,45.6
3869420,2022-12-09,Quarter-finals,Brazil,3,93,21,Croatia,5463,Luka Modrić,3441,Nikola Vlašić,Complete,23.187065,43.9,45.6,56.9,64.8
3869420,2022-12-09,Quarter-finals,Brazil,3,93,22,Croatia,3441,Nikola Vlašić,3471,Dejan Lovren,Complete,14.876156,56.9,64.8,43.0,70.1
3869420,2022-12-09,Quarter-finals,Brazil,3,93,25,Croatia,3471,Dejan Lovren,16531,Dominik Livaković,Complete,35.467308,38.6,70.4,9.8,49.7
3869420,2022-12-09,Quarter-finals,Brazil,3,93,31,Croatia,16531,Dominik Livaković,33018,Joško Gvardiol,Complete,17.519133,10.2,48.5,15.8,31.9
3869420,2022-12-09,Quarter-finals,Brazil,3,93,34,Croatia,33018,Joško Gvardiol,16531,Dominik Livaković,Complete,26.637192,15.8,31.9,8.1,57.4
3869420,2022-12-09,Quarter-finals,Brazil,3,93,37,Croatia,16531,Dominik Livaković,,,Incomplete,40.374496,8.1,57.4,43.0,37.1
3869420,2022-12-09,Quarter-finals,Brazil,3,93,43,Croatia,33018,Joško Gvardiol,12625,Borna Sosa,Complete,16.003124,21.5,18.1,26.8,3.0
3869420,2022-12-09,Quarter-finals,Brazil,3,93,45,Croatia,12625,Borna Sosa,5474,Ivan Perišić,Complete,23.324022,26.8,3.0,49.2,9.5
3869420,2022-12-09,Quarter-finals,Brazil,3,94,55,Croatia,16531,Dominik Livaković,3471,Dejan Lovren,Complete,20.303694,6.0,36.0,15.0,54.2
3869420,2022-12-09,Quarter-finals,Brazil,3,95,1,Croatia,3471,Dejan Lovren,16531,Dominik Livaković,Complete,26.236044,19.4,63.6,1.1,44.8
3869420,2022-12-09,Quarter-finals,Brazil,3,95,4,Croatia,16531,Dominik Livaković,33018,Joško Gvardiol,Complete,23.718557,2.5,44.8,14.6,24.4
3869420,2022-12-09,Quarter-finals,Brazil,3,95,11,Croatia,33018,Joško Gvardiol,5456,Mateo Kovačić,Complete,10.440307,26.1,17.2,34.5,23.4
3869420,2022-12-09,Quarter-finals,Brazil,3,95,16,Croatia,5456,Mateo Kovačić,33018,Joško Gvardiol,Complete,16.36704,34.1,21.2,20.3,12.4
3869420,2022-12-09,Quarter-finals,Brazil,3,95,18,Croatia,33018,Joško Gvardiol,5463,Luka Modrić,Complete,45.494286,23.9,14.0,36.2,57.8
3869420,2022-12-09,Quarter-finals,Brazil,3,95,25,Croatia,5463,Luka Modrić,3441,Nikola Vlašić,Incomplete,21.0789,64.9,64.6,82.5,53.0
3869420,2022-12-09,Quarter-finals,Brazil,3,96,56,Croatia,5463,Luka Modrić,3471,Dejan Lovren,Complete,22.45373,19.6,51.4,30.0,71.3
3869420,2022-12-09,Quarter-finals,Brazil,3,96,58,Croatia,3471,Dejan Lovren,29163,Josip Juranović,Complete,13.875157,30.0,71.3,43.4,74.9
3869420,2022-12-09,Quarter-finals,Brazil,3,97,0,Croatia,29163,Josip Juranović,5469,Marcelo Brozović,Complete,11.403947,43.4,74.9,50.0,65.6
3869420,2022-12-09,Quarter-finals,Brazil,3,97,17,Croatia,5469,Marcelo Brozović,5463,Luka Modrić,Complete,9.972462,61.0,60.7,70.6,63.4
3869420,2022-12-09,Quarter-finals,Brazil,3,97,20,Croatia,5463,Luka Modrić,3441,Nikola Vlašić,Complete,12.114867,71.1,65.6,82.5,61.5
3869420,2022-12-09,Quarter-finals,Brazil,3,97,22,Croatia,3441,Nikola Vlašić,29163,Josip Juranović,Complete,12.349089,82.5,61.5,89.0,72.0
3869420,2022-12-09,Quarter-finals,Brazil,3,97,24,Croatia,29163,Josip Juranović,5463,Luka Modrić,Complete,8.130191,87.7,72.8,79.6,72.1
3869420,2022-12-09,Quarter-finals,Brazil,3,97,25,Croatia,5463,Luka Modrić,5469,Marcelo Brozović,Complete,16.617159,80.0,72.1,83.7,55.9
3869420,2022-12-09,Quarter-finals,Brazil,3,97,28,Croatia,5469,Marcelo Brozović,,,Incomplete,2.7018511,84.9,55.9,87.0,54.2
3869420,2022-12-09,Quarter-finals,Brazil,3,99,8,Croatia,16531,Dominik Livaković,3471,Dejan Lovren,Complete,16.633099,6.0,36.0,8.1,52.5
3869420,2022-12-09,Quarter-finals,Brazil,3,99,11,Croatia,3471,Dejan Lovren,3441,Nikola Vlašić,Complete,77.93825,9.7,56.6,86.8,68.0
3869420,2022-12-09,Quarter-finals,Brazil,3,99,21,Croatia,3441,Nikola Vlašić,5463,Luka Modrić,Complete,18.461853,81.2,73.2,64.2,66.0
3869420,2022-12-09,Quarter-finals,Brazil,3,99,27,Croatia,5463,Luka Modrić,3441,Nikola Vlašić,Complete,12.738916,97.8,64.8,109.6,69.6
3869420,2022-12-09,Quarter-finals,Brazil,3,99,28,Croatia,3441,Nikola Vlašić,,,Incomplete,15.100331,109.6,69.6,109.7,54.5
3869420,2022-12-09,Quarter-finals,Brazil,3,100,17,Croatia,3471,Dejan Lovren,5463,Luka Modrić,Incomplete,19.78004,16.3,51.4,34.8,44.4
3869420,2022-12-09,Quarter-finals,Brazil,3,100,57,Croatia,16531,Dominik Livaković,3471,Dejan Lovren,Complete,9.073588,6.1,42.0,10.9,49.7
3869420,2022-12-09,Quarter-finals,Brazil,3,101,6,Croatia,3471,Dejan Lovren,5463,Luka Modrić,Complete,19.961212,19.9,52.5,32.6,37.1
3869420,2022-12-09,Quarter-finals,Brazil,3,101,8,Croatia,5463,Luka Modrić,5456,Mateo Kovačić,Complete,14.511374,32.6,35.5,40.3,23.2
3869420,2022-12-09,Quarter-finals,Brazil,3,101,9,Croatia,5456,Mateo Kovačić,5463,Luka Modrić,Complete,7.905694,40.3,23.2,32.4,22.9
3869420,2022-12-09,Quarter-finals,Brazil,3,101,11,Croatia,5463,Luka Modrić,12625,Borna Sosa,Complete,22.138203,32.4,22.9,39.1,1.8
3869420,2022-12-09,Quarter-finals,Brazil,3,101,13,Croatia,12625,Borna Sosa,5463,Luka Modrić,Complete,10.076706,39.1,1.8,32.6,9.5
3869420,2022-12-09,Quarter-finals,Brazil,3,101,17,Croatia,5463,Luka Modrić,33018,Joško Gvardiol,Complete,17.364332,32.6,9.5,23.2,24.1
3869420,2022-12-09,Quarter-finals,Brazil,3,101,20,Croatia,33018,Joško Gvardiol,3471,Dejan Lovren,Complete,28.01446,21.1,29.4,22.0,57.4
3869420,2022-12-09,Quarter-finals,Brazil,3,101,27,Croatia,3471,Dejan Lovren,3441,Nikola Vlašić,Complete,25.531353,44.7,65.5,69.9,61.4
3869420,2022-12-09,Quarter-finals,Brazil,3,101,31,Croatia,3441,Nikola Vlašić,5469,Marcelo Brozović,Complete,13.640015,74.0,52.6,65.8,41.7
3869420,2022-12-09,Quarter-finals,Brazil,3,101,32,Croatia,5469,Marcelo Brozović,5463,Luka Modrić,Complete,7.4330344,65.8,41.7,65.1,34.3
3869420,2022-12-09,Quarter-finals,Brazil,3,101,33,Croatia,5463,Luka Modrić,12625,Borna Sosa,Complete,29.26568,65.1,34.3,75.9,7.1
3869420,2022-12-09,Quarter-finals,Brazil,3,101,36,Croatia,12625,Borna Sosa,5474,Ivan Perišić,Complete,10.1965685,79.1,7.1,88.2,2.5
3869420,2022-12-09,Quarter-finals,Brazil,3,101,37,Croatia,5474,Ivan Perišić,5456,Mateo Kovačić,Complete,12.241323,87.7,2.7,76.0,6.3
3869420,2022-12-09,Quarter-finals,Brazil,3,101,39,Croatia,5456,Mateo Kovačić,5463,Luka Modrić,Complete,8.584288,76.0,6.3,77.2,14.8
3869420,2022-12-09,Quarter-finals,Brazil,3,101,41,Croatia,5463,Luka Modrić,5456,Mateo Kovačić,Complete,5.9539905,77.2,14.8,82.4,11.9
3869420,2022-12-09,Quarter-finals,Brazil,3,101,46,Croatia,5456,Mateo Kovačić,,,Incomplete,2.5,114.9,24.1,114.9,26.6
3869420,2022-12-09,Quarter-finals,Brazil,3,102,5,Croatia,3471,Dejan Lovren,5463,Luka Modrić,Complete,24.207644,28.0,35.0,50.0,24.9
3869420,2022-12-09,Quarter-finals,Brazil,3,102,8,Croatia,5463,Luka Modrić,7693,Bruno Petković,Complete,37.61077,50.0,24.9,82.4,5.8
3869420,2022-12-09,Quarter-finals,Brazil,3,102,17,Croatia,7693,Bruno Petković,5469,Marcelo Brozović,Complete,14.19049,105.3,32.3,103.7,46.4
3869420,2022-12-09,Quarter-finals,Brazil,3,103,3,Croatia,3471,Dejan Lovren,5469,Marcelo Brozović,Complete,7.800641,33.8,69.2,40.1,64.6
3869420,2022-12-09,Quarter-finals,Brazil,3,103,8,Croatia,5469,Marcelo Brozović,5463,Luka Modrić,Complete,15.247294,44.2,64.6,43.0,49.4
3869420,2022-12-09,Quarter-finals,Brazil,3,103,11,Croatia,5463,Luka Modrić,5474,Ivan Perišić,Complete,14.983324,49.2,35.5,62.5,42.4
3869420,2022-12-09,Quarter-finals,Brazil,3,103,12,Croatia,5474,Ivan Perišić,5463,Luka Modrić,Complete,11.045361,62.5,42.4,54.3,35.0
3869420,2022-12-09,Quarter-finals,Brazil,3,103,19,Croatia,5463,Luka Modrić,5474,Ivan Perišić,Incomplete,27.915945,64.9,35.0,90.6,24.1
3869420,2022-12-09,Quarter-finals,Brazil,3,104,28,Croatia,16531,Dominik Livaković,3471,Dejan Lovren,Complete,15.996562,6.0,36.0,8.5,51.8
3869420,2022-12-09,Quarter-finals,Brazil,3,104,36,Croatia,3471,Dejan Lovren,5463,Luka Modrić,Complete,13.981773,22.0,54.7,33.8,62.2
3869420,2022-12-09,Quarter-finals,Brazil,3,104,41,Croatia,5463,Luka Modrić,5469,Marcelo Brozović,Complete,11.0421915,38.6,62.4,45.4,53.7
3869420,2022-12-09,Quarter-finals,Brazil,3,104,43,Croatia,5469,Marcelo Brozović,,,Incomplete,3.4176016,49.9,55.0,53.1,53.8
3869420,2022-12-09,Quarter-finals,Brazil,3,104,45,Croatia,5463,Luka Modrić,3441,Nikola Vlašić,Incomplete,19.944923,43.9,59.8,63.7,62.2
3869420,2022-12-09,Quarter-finals,Brazil,3,107,38,Croatia,7693,Bruno Petković,5469,Marcelo Brozović,Complete,10.071743,60.0,40.0,50.0,38.8
3869420,2022-12-09,Quarter-finals,Brazil,3,107,39,Croatia,5469,Marcelo Brozović,5456,Mateo Kovačić,Complete,7.479305,47.5,38.8,51.2,32.3
3869420,2022-12-09,Quarter-finals,Brazil,3,107,43,Croatia,5456,Mateo Kovačić,5463,Luka Modrić,Complete,15.90786,51.2,32.3,50.7,48.2
3869420,2022-12-09,Quarter-finals,Brazil,3,107,45,Croatia,5463,Luka Modrić,29163,Josip Juranović,Complete,21.883783,50.7,48.2,63.0,66.3
3869420,2022-12-09,Quarter-finals,Brazil,3,107,47,Croatia,29163,Josip Juranović,3441,Nikola Vlašić,Complete,30.430576,63.0,66.3,92.1,75.2
3869420,2022-12-09,Quarter-finals,Brazil,3,107,53,Croatia,3441,Nikola Vlašić,29163,Josip Juranović,Complete,19.321491,88.2,75.2,105.6,66.8
3869420,2022-12-09,Quarter-finals,Brazil,3,107,54,Croatia,29163,Josip Juranović,7693,Bruno Petković,Complete,18.113531,107.5,64.6,106.8,46.5
3869420,2022-12-09,Quarter-finals,Brazil,4,105,0,Croatia,7693,Bruno Petković,5469,Marcelo Brozović,Complete,12.034118,61.0,40.1,50.1,45.2
3869420,2022-12-09,Quarter-finals,Brazil,4,105,2,Croatia,5469,Marcelo Brozović,28914,Lovro Majer,Complete,14.458562,49.6,44.7,50.9,59.1
3869420,2022-12-09,Quarter-finals,Brazil,4,105,7,Croatia,28914,Lovro Majer,3471,Dejan Lovren,Complete,18.964441,63.1,65.9,46.0,57.7
3869420,2022-12-09,Quarter-finals,Brazil,4,105,9,Croatia,3471,Dejan Lovren,5463,Luka Modrić,Complete,27.989285,46.0,57.2,52.6,30.0
3869420,2022-12-09,Quarter-finals,Brazil,4,105,14,Croatia,5463,Luka Modrić,3471,Dejan Lovren,Complete,23.168297,58.5,36.5,53.4,59.1
3869420,2022-12-09,Quarter-finals,Brazil,4,105,19,Croatia,3471,Dejan Lovren,28914,Lovro Majer,Complete,13.905395,57.4,63.1,68.0,72.1
3869420,2022-12-09,Quarter-finals,Brazil,4,105,23,Croatia,28914,Lovro Majer,3471,Dejan Lovren,Complete,13.536986,69.1,75.4,61.8,64.0
3869420,2022-12-09,Quarter-finals,Brazil,4,105,26,Croatia,3471,Dejan Lovren,5463,Luka Modrić,Complete,29.328825,65.3,58.0,64.0,28.7
3869420,2022-12-09,Quarter-finals,Brazil,4,105,33,Croatia,5463,Luka Modrić,28914,Lovro Majer,Complete,48.26945,64.5,29.5,83.2,74.0
3869420,2022-12-09,Quarter-finals,Brazil,4,106,4,Croatia,5463,Luka Modrić,,,Incomplete,32.045124,80.8,68.0,104.1,46.0
3869420,2022-12-09,Quarter-finals,Brazil,4,106,9,Croatia,5463,Luka Modrić,28914,Lovro Majer,Complete,20.938004,74.0,61.8,88.4,77.0
3869420,2022-12-09,Quarter-finals,Brazil,4,106,12,Croatia,28914,Lovro Majer,5469,Marcelo Brozović,Complete,9.812747,93.0,77.3,93.5,67.5
3869420,2022-12-09,Quarter-finals,Brazil,4,106,14,Croatia,5469,Marcelo Brozović,28914,Lovro Majer,Complete,12.203688,93.3,67.8,105.5,67.5
3869420,2022-12-09,Quarter-finals,Brazil,4,106,18,Croatia,28914,Lovro Majer,,,Incomplete,20.280533,102.8,69.4,105.5,49.3
3869420,2022-12-09,Quarter-finals,Brazil,4,106,22,Croatia,5463,Luka Modrić,28914,Lovro Majer,Complete,9.986491,80.5,68.6,88.7,74.3
3869420,2022-12-09,Quarter-finals,Brazil,4,106,26,Croatia,28914,Lovro Majer,33018,Joško Gvardiol,Complete,32.550884,84.9,75.1,68.3,47.1
3869420,2022-12-09,Quarter-finals,Brazil,4,106,30,Croatia,33018,Joško Gvardiol,5474,Ivan Perišić,Complete,36.862175,72.9,39.8,93.0,8.9
3869420,2022-12-09,Quarter-finals,Brazil,4,106,36,Croatia,5474,Ivan Perišić,5463,Luka Modrić,Complete,64.9268,113.1,7.0,104.1,71.3
3869420,2022-12-09,Quarter-finals,Brazil,4,107,5,Croatia,29163,Josip Juranović,28914,Lovro Majer,Complete,18.860806,69.9,76.2,85.7,65.9
3869420,2022-12-09,Quarter-finals,Brazil,4,107,7,Croatia,28914,Lovro Majer,3441,Nikola Vlašić,Complete,5.390733,84.6,65.6,88.1,69.7
3869420,2022-12-09,Quarter-finals,Brazil,4,107,9,Croatia,3441,Nikola Vlašić,28914,Lovro Majer,Complete,6.860029,87.0,69.4,92.5,73.5
3869420,2022-12-09,Quarter-finals,Brazil,4,107,22,Croatia,3471,Dejan Lovren,16531,Dominik Livaković,Complete,34.120377,27.3,75.4,6.7,48.2
3869420,2022-12-09,Quarter-finals,Brazil,4,107,25,Croatia,16531,Dominik Livaković,33018,Joško Gvardiol,Complete,16.917742,6.7,48.2,19.2,36.8
3869420,2022-12-09,Quarter-finals,Brazil,4,107,29,Croatia,33018,Joško Gvardiol,16531,Dominik Livaković,Complete,13.017296,13.2,32.2,6.4,43.3
3869420,2022-12-09,Quarter-finals,Brazil,4,107,31,Croatia,16531,Dominik Livaković,5469,Marcelo Brozović,Complete,23.829603,6.4,44.1,26.5,56.9
3869420,2022-12-09,Quarter-finals,Brazil,4,107,35,Croatia,5469,Marcelo Brozović,28914,Lovro Majer,Complete,17.104677,31.7,58.0,46.6,66.4
3869420,2022-12-09,Quarter-finals,Brazil,4,107,44,Croatia,28914,Lovro Majer,,,Incomplete,7.0092797,69.7,53.1,65.0,47.9
3869420,2022-12-09,Quarter-finals,Brazil,4,107,46,Croatia,3471,Dejan Lovren,28914,Lovro Majer,Complete,24.868454,54.5,61.8,67.5,40.6
3869420,2022-12-09,Quarter-finals,Brazil,4,107,48,Croatia,28914,Lovro Majer,33018,Joško Gvardiol,Complete,13.341664,67.5,40.6,54.5,43.6
3869420,2022-12-09,Quarter-finals,Brazil,4,107,50,Croatia,33018,Joško Gvardiol,5469,Marcelo Brozović,Complete,8.549269,54.5,44.4,62.3,47.9
3869420,2022-12-09,Quarter-finals,Brazil,4,107,55,Croatia,5469,Marcelo Brozović,12625,Borna Sosa,Complete,24.989998,69.1,33.6,76.4,9.7
3869420,2022-12-09,Quarter-finals,Brazil,4,107,58,Croatia,12625,Borna Sosa,5463,Luka Modrić,Complete,16.82201,76.7,7.0,66.4,20.3
3869420,2022-12-09,Quarter-finals,Brazil,4,108,2,Croatia,5463,Luka Modrić,5469,Marcelo Brozović,Complete,11.980818,62.9,22.2,70.2,12.7
3869420,2022-12-09,Quarter-finals,Brazil,4,108,6,Croatia,5469,Marcelo Brozović,5474,Ivan Perišić,Complete,18.034689,84.0,8.9,101.9,6.7
3869420,2022-12-09,Quarter-finals,Brazil,4,108,8,Croatia,5474,Ivan Perišić,,,Incomplete,41.61454,112.8,7.2,111.7,48.8
3869420,2022-12-09,Quarter-finals,Brazil,4,108,24,Croatia,16531,Dominik Livaković,3471,Dejan Lovren,Complete,26.223082,9.1,54.7,33.3,64.8
3869420,2022-12-09,Quarter-finals,Brazil,4,108,28,Croatia,3471,Dejan Lovren,5469,Marcelo Brozović,Complete,13.452509,43.6,68.3,54.7,60.7
3869420,2022-12-09,Quarter-finals,Brazil,4,108,32,Croatia,5469,Marcelo Brozović,5463,Luka Modrić,Complete,28.511227,56.9,55.8,57.7,27.3
3869420,2022-12-09,Quarter-finals,Brazil,4,108,37,Croatia,5463,Luka Modrić,12625,Borna Sosa,Complete,11.552056,72.1,20.5,76.2,9.7
3869420,2022-12-09,Quarter-finals,Brazil,4,108,39,Croatia,12625,Borna Sosa,5474,Ivan Perišić,Complete,15.743253,76.7,10.0,91.9,5.9
3869420,2022-12-09,Quarter-finals,Brazil,4,108,41,Croatia,5474,Ivan Perišić,5463,Luka Modrić,Complete,14.280056,94.3,6.2,105.7,14.8
3869420,2022-12-09,Quarter-finals,Brazil,4,109,37,Croatia,5463,Luka Modrić,28914,Lovro Majer,Complete,18.811167,120.0,0.1,102.5,7.0
3869420,2022-12-09,Quarter-finals,Brazil,4,109,39,Croatia,28914,Lovro Majer,5469,Marcelo Brozović,Complete,10.526158,102.5,7.2,94.3,13.8
3869420,2022-12-09,Quarter-finals,Brazil,4,109,42,Croatia,5469,Marcelo Brozović,28914,Lovro Majer,Complete,6.7779055,94.3,13.8,96.8,7.5
3869420,2022-12-09,Quarter-finals,Brazil,4,109,45,Croatia,28914,Lovro Majer,5469,Marcelo Brozović,Complete,6.519202,95.4,13.5,91.1,8.6
3869420,2022-12-09,Quarter-finals,Brazil,4,109,45,Croatia,5469,Marcelo Brozović,5463,Luka Modrić,Complete,9.304837,91.1,8.6,99.8,5.3
3869420,2022-12-09,Quarter-finals,Brazil,4,109,48,Croatia,5463,Luka Modrić,5469,Marcelo Brozović,Complete,11.583178,106.6,5.9,96.2,11.0
3869420,2022-12-09,Quarter-finals,Brazil,4,109,50,Croatia,5469,Marcelo Brozović,28914,Lovro Majer,Complete,11.031773,96.5,11.0,107.4,12.7
3869420,2022-12-09,Quarter-finals,Brazil,4,109,52,Croatia,28914,Lovro Majer,7693,Bruno Petković,Complete,46.606865,109.8,12.7,110.6,59.3
3869420,2022-12-09,Quarter-finals,Brazil,4,110,10,Croatia,5474,Ivan Perišić,3471,Dejan Lovren,Complete,17.906702,74.5,80.0,56.9,76.7
3869420,2022-12-09,Quarter-finals,Brazil,4,110,13,Croatia,3471,Dejan Lovren,5469,Marcelo Brozović,Complete,10.018483,58.3,77.5,67.2,72.9
3869420,2022-12-09,Quarter-finals,Brazil,4,110,17,Croatia,5469,Marcelo Brozović,5463,Luka Modrić,Complete,17.655594,66.7,53.1,65.3,35.5
3869420,2022-12-09,Quarter-finals,Brazil,4,110,23,Croatia,5463,Luka Modrić,33018,Joško Gvardiol,Complete,17.712425,69.4,30.9,65.6,48.2
3869420,2022-12-09,Quarter-finals,Brazil,4,110,28,Croatia,33018,Joško Gvardiol,5463,Luka Modrić,Complete,24.508162,74.0,41.7,86.8,20.8
3869420,2022-12-09,Quarter-finals,Brazil,4,110,32,Croatia,5463,Luka Modrić,,,Incomplete,42.052944,86.5,21.4,106.3,58.5
3869420,2022-12-09,Quarter-finals,Brazil,4,110,40,Croatia,33018,Joško Gvardiol,3471,Dejan Lovren,Complete,7.3171034,62.6,47.4,63.1,54.7
3869420,2022-12-09,Quarter-finals,Brazil,4,110,46,Croatia,3471,Dejan Lovren,8654,Ante Budimir,Unknown,38.061527,80.8,64.0,112.0,42.2
3869420,2022-12-09,Quarter-finals,Brazil,4,111,43,Croatia,5469,Marcelo Brozović,5474,Ivan Perišić,Complete,19.77296,42.5,35.7,24.6,27.3
3869420,2022-12-09,Quarter-finals,Brazil,4,111,45,Croatia,5474,Ivan Perišić,7693,Bruno Petković,Incomplete,46.999786,27.3,25.7,71.6,41.4
3869420,2022-12-09,Quarter-finals,Brazil,4,112,0,Croatia,3471,Dejan Lovren,33018,Joško Gvardiol,Complete,18.33712,56.6,47.7,48.2,31.4
3869420,2022-12-09,Quarter-finals,Brazil,4,112,3,Croatia,33018,Joško Gvardiol,5463,Luka Modrić,Complete,8.766413,48.2,31.4,56.1,27.6
3869420,2022-12-09,Quarter-finals,Brazil,4,112,4,Croatia,5463,Luka Modrić,5469,Marcelo Brozović,Complete,14.142136,56.1,27.6,66.1,37.6
3869420,2022-12-09,Quarter-finals,Brazil,4,112,10,Croatia,5469,Marcelo Brozović,5463,Luka Modrić,Complete,13.173458,66.7,37.9,70.2,25.2
3869420,2022-12-09,Quarter-finals,Brazil,4,112,15,Croatia,5463,Luka Modrić,33018,Joško Gvardiol,Complete,19.031815,69.4,24.6,55.5,37.6
3869420,2022-12-09,Quarter-finals,Brazil,4,112,17,Croatia,33018,Joško Gvardiol,29163,Josip Juranović,Complete,27.749235,50.4,43.6,64.5,67.5
3869420,2022-12-09,Quarter-finals,Brazil,4,112,20,Croatia,29163,Josip Juranović,28914,Lovro Majer,Complete,15.443445,67.2,69.9,81.3,76.2
3869420,2022-12-09,Quarter-finals,Brazil,4,112,25,Croatia,28914,Lovro Majer,29163,Josip Juranović,Complete,7.0604534,86.8,70.5,88.7,77.3
3869420,2022-12-09,Quarter-finals,Brazil,4,112,26,Croatia,29163,Josip Juranović,28914,Lovro Majer,Complete,9.124144,88.7,77.3,82.1,71.0
3869420,2022-12-09,Quarter-finals,Brazil,4,112,28,Croatia,28914,Lovro Majer,3471,Dejan Lovren,Complete,9.660746,82.4,70.7,76.7,62.9
3869420,2022-12-09,Quarter-finals,Brazil,4,112,30,Croatia,3471,Dejan Lovren,33018,Joško Gvardiol,Complete,19.70609,76.4,62.3,66.1,45.5
3869420,2022-12-09,Quarter-finals,Brazil,4,112,32,Croatia,33018,Joško Gvardiol,5463,Luka Modrić,Complete,22.060144,66.1,44.7,79.4,27.1
3869420,2022-12-09,Quarter-finals,Brazil,4,112,35,Croatia,5463,Luka Modrić,5474,Ivan Perišić,Complete,23.584742,84.0,26.5,99.0,8.3
3869420,2022-12-09,Quarter-finals,Brazil,4,114,53,Croatia,5474,Ivan Perišić,,,Incomplete,16.298466,25.4,11.9,41.2,15.9
3869420,2022-12-09,Quarter-finals,Brazil,4,115,1,Croatia,33018,Joško Gvardiol,16531,Dominik Livaković,Complete,28.585485,18.4,17.8,7.2,44.1
3869420,2022-12-09,Quarter-finals,Brazil,4,115,4,Croatia,16531,Dominik Livaković,3471,Dejan Lovren,Complete,9.759098,8.1,43.6,15.1,50.4
3869420,2022-12-09,Quarter-finals,Brazil,4,115,10,Croatia,3471,Dejan Lovren,,,Out,77.32374,41.4,62.1,88.4,0.7
3869420,2022-12-09,Quarter-finals,Brazil,4,115,32,Croatia,5463,Luka Modrić,3471,Dejan Lovren,Complete,16.71945,55.3,11.6,52.6,28.1
3869420,2022-12-09,Quarter-finals,Brazil,4,115,35,Croatia,3471,Dejan Lovren,33018,Joško Gvardiol,Complete,16.022484,52.6,28.1,46.0,13.5
3869420,2022-12-09,Quarter-finals,Brazil,4,115,37,Croatia,33018,Joško Gvardiol,28914,Lovro Majer,Incomplete,6.0083275,46.6,13.5,52.3,15.4
3869420,2022-12-09,Quarter-finals,Brazil,4,115,48,Croatia,5474,Ivan Perišić,8654,Ante Budimir,Incomplete,11.401754,34.9,7.0,46.3,7.2
3869420,2022-12-09,Quarter-finals,Brazil,4,115,51,Croatia,28914,Lovro Majer,5463,Luka Modrić,Complete,4.6389656,31.7,19.2,36.3,18.6
3869420,2022-12-09,Quarter-finals,Brazil,4,115,57,Croatia,3441,Nikola Vlašić,16527,Mislav Oršić,Complete,25.894014,69.4,21.4,92.5,9.7
3869420,2022-12-09,Quarter-finals,Brazil,4,116,1,Croatia,16527,Mislav Oršić,7693,Bruno Petković,Complete,14.773287,105.5,23.5,102.2,37.9
3869420,2022-12-09,Quarter-finals,Brazil,4,118,19,Croatia,3471,Dejan Lovren,16527,Mislav Oršić,Out,75.389656,68.3,72.4,92.5,1.0
3869420,2022-12-09,Quarter-finals,Brazil,4,119,29,Croatia,3471,Dejan Lovren,28914,Lovro Majer,Complete,25.303162,52.6,49.0,72.6,64.5
3869420,2022-12-09,Quarter-finals,Brazil,4,119,33,Croatia,28914,Lovro Majer,29163,Josip Juranović,Complete,19.971981,81.9,65.6,98.7,76.4
3869420,2022-12-09,Quarter-finals,Brazil,4,119,35,Croatia,29163,Josip Juranović,28914,Lovro Majer,Complete,11.66919,97.3,78.1,86.2,74.5
3869420,2022-12-09,Quarter-finals,Brazil,4,119,38,Croatia,28914,Lovro Majer,5463,Luka Modrić,Complete,11.236102,86.2,74.5,80.2,65.0
3869420,2022-12-09,Quarter-finals,Brazil,4,119,40,Croatia,5463,Luka Modrić,28914,Lovro Majer,Complete,9.5,80.2,65.0,80.2,74.5
3869420,2022-12-09,Quarter-finals,Brazil,4,119,41,Croatia,28914,Lovro Majer,29163,Josip Juranović,Complete,14.003571,80.2,74.5,94.1,76.2
3869420,2022-12-09,Quarter-finals,Brazil,4,119,42,Croatia,29163,Josip Juranović,28914,Lovro Majer,Complete,13.290975,94.1,76.7,85.7,66.4
3869420,2022-12-09,Quarter-finals,Brazil,4,120,21,Croatia,5463,Luka Modrić,,,Incomplete,42.349144,56.9,52.8,81.6,18.4
3869420,2022-12-09,Quarter-finals,Brazil,4,122,1,Croatia,16531,Dominik Livaković,,,Unknown,75.60344,23.5,63.1,98.7,55.3
3869219,2022-12-05,Round of 16,Japan,1,0,0,Croatia,5460,Andrej Kramarić,3471,Dejan Lovren,Complete,27.085236,61.0,40.1,34.5,45.7
3869219,2022-12-05,Round of 16,Japan,1,0,3,Croatia,3471,Dejan Lovren,7693,Bruno Petković,Complete,65.47282,36.3,44.8,95.0,15.8
3869219,2022-12-05,Round of 16,Japan,1,0,7,Croatia,7693,Bruno Petković,5474,Ivan Perišić,Complete,7.2691126,95.0,15.8,102.2,16.8
3869219,2022-12-05,Round of 16,Japan,1,0,8,Croatia,5474,Ivan Perišić,5456,Mateo Kovačić,Complete,9.749359,102.2,16.8,110.9,21.2
3869219,2022-12-05,Round of 16,Japan,1,0,10,Croatia,5456,Mateo Kovačić,,,Incomplete,15.4,110.9,21.2,110.9,36.6
3869219,2022-12-05,Round of 16,Japan,1,0,14,Croatia,33018,Joško Gvardiol,11127,Borna Barišić,Complete,9.504736,67.4,24.8,67.7,15.3
3869219,2022-12-05,Round of 16,Japan,1,0,17,Croatia,11127,Borna Barišić,5474,Ivan Perišić,Complete,9.916148,67.7,15.3,76.9,11.6
3869219,2022-12-05,Round of 16,Japan,1,0,18,Croatia,5474,Ivan Perišić,5469,Marcelo Brozović,Complete,17.088007,76.9,11.6,67.7,26.0
3869219,2022-12-05,Round of 16,Japan,1,0,19,Croatia,5469,Marcelo Brozović,29163,Josip Juranović,Complete,30.5118,67.4,27.0,53.0,53.9
3869219,2022-12-05,Round of 16,Japan,1,0,25,Croatia,29163,Josip Juranović,5460,Andrej Kramarić,Complete,7.653757,66.4,70.7,70.1,77.4
3869219,2022-12-05,Round of 16,Japan,1,0,26,Croatia,5460,Andrej Kramarić,3471,Dejan Lovren,Complete,28.622019,67.7,74.7,50.8,51.6
3869219,2022-12-05,Round of 16,Japan,1,0,29,Croatia,3471,Dejan Lovren,33018,Joško Gvardiol,Complete,15.370101,48.8,51.6,40.6,38.6
3869219,2022-12-05,Round of 16,Japan,1,0,32,Croatia,33018,Joško Gvardiol,,,Out,58.341236,38.6,40.9,81.9,80.0
3869219,2022-12-05,Round of 16,Japan,1,2,22,Croatia,16531,Dominik Livaković,11127,Borna Barišić,Complete,41.818657,7.0,44.1,17.8,3.7
3869219,2022-12-05,Round of 16,Japan,1,2,28,Croatia,11127,Borna Barišić,5456,Mateo Kovačić,Complete,7.905694,27.4,3.4,29.9,10.9
3869219,2022-12-05,Round of 16,Japan,1,2,30,Croatia,5456,Mateo Kovačić,11127,Borna Barišić,Complete,5.060632,30.1,6.1,27.0,2.1
3869219,2022-12-05,Round of 16,Japan,1,2,31,Croatia,11127,Borna Barišić,33018,Joško Gvardiol,Complete,19.462015,24.4,3.4,12.5,18.8
3869219,2022-12-05,Round of 16,Japan,1,2,34,Croatia,33018,Joško Gvardiol,16531,Dominik Livaković,Complete,20.092785,10.0,24.3,2.4,42.9
3869219,2022-12-05,Round of 16,Japan,1,2,37,Croatia,16531,Dominik Livaković,,,Incomplete,1.7,2.1,49.4,3.8,49.4
3869219,2022-12-05,Round of 16,Japan,1,3,1,Croatia,16531,Dominik Livaković,7693,Bruno Petković,Incomplete,60.65311,7.0,36.1,67.2,28.7
3869219,2022-12-05,Round of 16,Japan,1,3,6,Croatia,5474,Ivan Perišić,5460,Andrej Kramarić,Complete,11.526057,77.9,23.8,79.6,35.2
3869219,2022-12-05,Round of 16,Japan,1,3,10,Croatia,7693,Bruno Petković,5463,Luka Modrić,Complete,26.673208,75.4,33.7,80.9,59.8
3869219,2022-12-05,Round of 16,Japan,1,3,15,Croatia,5463,Luka Modrić,29163,Josip Juranović,Complete,14.883883,93.3,66.2,102.5,77.9
3869219,2022-12-05,Round of 16,Japan,1,3,17,Croatia,29163,Josip Juranović,5463,Luka Modrić,Complete,11.764778,100.7,78.5,111.1,73.0
3869219,2022-12-05,Round of 16,Japan,1,3,20,Croatia,5463,Luka Modrić,,,Incomplete,2.0,114.0,72.3,114.0,70.3
3869219,2022-12-05,Round of 16,Japan,1,3,40,Croatia,29163,Josip Juranović,5474,Ivan Perišić,Complete,31.072817,104.8,80.0,110.2,49.4
3869219,2022-12-05,Round of 16,Japan,1,3,43,Croatia,5469,Marcelo Brozović,3471,Dejan Lovren,Complete,23.433523,100.4,54.3,77.2,57.6
3869219,2022-12-05,Round of 16,Japan,1,3,46,Croatia,3471,Dejan Lovren,33018,Joško Gvardiol,Complete,20.088305,73.7,53.6,64.2,35.9
3869219,2022-12-05,Round of 16,Japan,1,3,53,Croatia,33018,Joško Gvardiol,5460,Andrej Kramarić,Incomplete,25.7,66.0,27.1,91.7,27.1
3869219,2022-12-05,Round of 16,Japan,1,4,5,Croatia,33018,Joško Gvardiol,5469,Marcelo Brozović,Complete,12.020815,44.8,5.9,51.9,15.6
3869219,2022-12-05,Round of 16,Japan,1,4,8,Croatia,5469,Marcelo Brozović,5456,Mateo Kovačić,Complete,11.594827,50.6,16.1,61.8,19.1
3869219,2022-12-05,Round of 16,Japan,1,4,9,Croatia,5456,Mateo Kovačić,5469,Marcelo Brozović,Complete,10.165136,61.8,19.1,52.0,16.4
3869219,2022-12-05,Round of 16,Japan,1,4,12,Croatia,5469,Marcelo Brozović,3471,Dejan Lovren,Complete,27.803957,52.6,22.1,48.5,49.6
3869219,2022-12-05,Round of 16,Japan,1,4,14,Croatia,3471,Dejan Lovren,29163,Josip Juranović,Complete,26.868011,48.5,49.6,56.0,75.4
3869219,2022-12-05,Round of 16,Japan,1,4,16,Croatia,29163,Josip Juranović,3471,Dejan Lovren,Complete,28.536469,56.0,75.4,42.8,50.1
3869219,2022-12-05,Round of 16,Japan,1,4,20,Croatia,3471,Dejan Lovren,29163,Josip Juranović,Complete,31.170017,43.1,50.6,58.5,77.7
3869219,2022-12-05,Round of 16,Japan,1,4,23,Croatia,29163,Josip Juranović,5460,Andrej Kramarić,Complete,12.103719,62.5,79.2,74.6,78.9
3869219,2022-12-05,Round of 16,Japan,1,4,23,Croatia,5460,Andrej Kramarić,5463,Luka Modrić,Complete,7.2339478,74.4,78.9,75.1,71.7
3869219,2022-12-05,Round of 16,Japan,1,4,25,Croatia,5463,Luka Modrić,5460,Andrej Kramarić,Complete,5.93043,81.6,72.7,81.0,78.6
3869219,2022-12-05,Round of 16,Japan,1,4,27,Croatia,5460,Andrej Kramarić,5469,Marcelo Brozović,Complete,12.900388,82.3,78.6,75.4,67.7
3869219,2022-12-05,Round of 16,Japan,1,4,28,Croatia,5469,Marcelo Brozović,5463,Luka Modrić,Complete,11.335784,75.4,67.7,86.5,70.0
3869219,2022-12-05,Round of 16,Japan,1,4,29,Croatia,5463,Luka Modrić,5469,Marcelo Brozović,Complete,10.167104,83.0,65.2,76.6,57.3
3869219,2022-12-05,Round of 16,Japan,1,4,31,Croatia,5469,Marcelo Brozović,11127,Borna Barišić,Complete,35.855824,78.9,54.9,80.9,19.1
3869219,2022-12-05,Round of 16,Japan,1,4,34,Croatia,11127,Borna Barišić,5474,Ivan Perišić,Incomplete,2.6,80.6,18.5,83.0,17.5
3869219,2022-12-05,Round of 16,Japan,1,4,36,Croatia,11127,Borna Barišić,33018,Joško Gvardiol,Complete,21.317833,77.3,21.1,57.5,29.0
3869219,2022-12-05,Round of 16,Japan,1,4,39,Croatia,33018,Joško Gvardiol,5469,Marcelo Brozović,Complete,13.439122,50.8,32.2,63.9,35.2
3869219,2022-12-05,Round of 16,Japan,1,4,42,Croatia,5469,Marcelo Brozović,5456,Mateo Kovačić,Complete,3.8183765,66.7,31.4,69.4,28.7
3869219,2022-12-05,Round of 16,Japan,1,4,43,Croatia,5456,Mateo Kovačić,3471,Dejan Lovren,Complete,27.237106,69.4,28.4,57.5,52.9
3869219,2022-12-05,Round of 16,Japan,1,4,50,Croatia,3471,Dejan Lovren,29163,Josip Juranović,Complete,17.2,76.1,60.5,76.1,77.7
3869219,2022-12-05,Round of 16,Japan,1,4,53,Croatia,29163,Josip Juranović,3471,Dejan Lovren,Complete,19.100262,69.1,69.3,51.0,63.2
3869219,2022-12-05,Round of 16,Japan,1,4,59,Croatia,3471,Dejan Lovren,33018,Joško Gvardiol,Complete,18.813028,51.0,60.5,50.3,41.7
3869219,2022-12-05,Round of 16,Japan,1,5,0,Croatia,33018,Joško Gvardiol,5469,Marcelo Brozović,Complete,7.81025,50.3,41.7,56.3,46.7
3869219,2022-12-05,Round of 16,Japan,1,5,1,Croatia,5469,Marcelo Brozović,11127,Borna Barišić,Complete,31.679646,56.3,46.7,60.5,15.3
3869219,2022-12-05,Round of 16,Japan,1,5,7,Croatia,11127,Borna Barišić,5463,Luka Modrić,Complete,13.689412,75.4,14.3,87.8,20.1
3869219,2022-12-05,Round of 16,Japan,1,5,9,Croatia,5463,Luka Modrić,5474,Ivan Perišić,Incomplete,23.807562,87.1,16.5,110.9,17.1
3869219,2022-12-05,Round of 16,Japan,1,5,19,Croatia,5463,Luka Modrić,5456,Mateo Kovačić,Complete,8.640602,91.5,11.3,99.4,14.8
3869219,2022-12-05,Round of 16,Japan,1,5,23,Croatia,11127,Borna Barišić,33018,Joško Gvardiol,Complete,27.64073,85.8,5.6,58.2,4.1
3869219,2022-12-05,Round of 16,Japan,1,5,30,Croatia,33018,Joško Gvardiol,5469,Marcelo Brozović,Complete,10.223991,55.0,6.6,55.7,16.8
3869219,2022-12-05,Round of 16,Japan,1,5,32,Croatia,5469,Marcelo Brozović,5456,Mateo Kovačić,Complete,6.5,55.7,18.5,62.2,18.5
3869219,2022-12-05,Round of 16,Japan,1,5,34,Croatia,5456,Mateo Kovačić,3471,Dejan Lovren,Complete,22.663847,61.5,22.8,49.3,41.9
3869219,2022-12-05,Round of 16,Japan,1,5,38,Croatia,3471,Dejan Lovren,5469,Marcelo Brozović,Complete,15.717824,51.0,42.4,57.3,28.0
3869219,2022-12-05,Round of 16,Japan,1,5,43,Croatia,5469,Marcelo Brozović,11127,Borna Barišić,Complete,26.703184,69.1,29.0,75.6,3.1
3869219,2022-12-05,Round of 16,Japan,1,5,46,Croatia,11127,Borna Barišić,5469,Marcelo Brozović,Complete,10.04241,71.1,3.1,63.2,9.3
3869219,2022-12-05,Round of 16,Japan,1,5,50,Croatia,5469,Marcelo Brozović,29163,Josip Juranović,Complete,42.821022,60.8,26.0,73.8,66.8
3869219,2022-12-05,Round of 16,Japan,1,5,55,Croatia,29163,Josip Juranović,5460,Andrej Kramarić,Complete,13.695254,88.4,65.9,95.0,77.9
3869219,2022-12-05,Round of 16,Japan,1,5,58,Croatia,5460,Andrej Kramarić,5463,Luka Modrić,Complete,11.510864,91.5,74.0,87.8,63.1
3869219,2022-12-05,Round of 16,Japan,1,7,19,Croatia,16531,Dominik Livaković,,,Incomplete,104.27411,7.0,36.1,107.5,8.3
3869219,2022-12-05,Round of 16,Japan,1,8,29,Croatia,16531,Dominik Livaković,5469,Marcelo Brozović,Complete,10.049875,10.6,45.1,19.2,39.9
3869219,2022-12-05,Round of 16,Japan,1,8,39,Croatia,5469,Marcelo Brozović,33018,Joško Gvardiol,Complete,6.5855904,28.4,31.0,23.5,26.6
3869219,2022-12-05,Round of 16,Japan,1,8,41,Croatia,33018,Joško Gvardiol,5456,Mateo Kovačić,Complete,11.710679,23.5,24.8,35.2,24.3
3869219,2022-12-05,Round of 16,Japan,1,8,43,Croatia,5456,Mateo Kovačić,3471,Dejan Lovren,Complete,31.203205,31.9,25.7,20.9,54.9
3869219,2022-12-05,Round of 16,Japan,1,8,45,Croatia,3471,Dejan Lovren,29163,Josip Juranović,Complete,26.04093,20.5,55.0,36.3,75.7
3869219,2022-12-05,Round of 16,Japan,1,8,50,Croatia,29163,Josip Juranović,3471,Dejan Lovren,Complete,23.16247,43.1,75.7,28.4,57.8
3869219,2022-12-05,Round of 16,Japan,1,8,52,Croatia,3471,Dejan Lovren,33018,Joško Gvardiol,Complete,24.985195,28.7,55.9,33.6,31.4
3869219,2022-12-05,Round of 16,Japan,1,9,0,Croatia,33018,Joško Gvardiol,7693,Bruno Petković,Incomplete,49.419834,56.5,26.3,105.9,27.7
3869219,2022-12-05,Round of 16,Japan,1,9,24,Croatia,33018,Joško Gvardiol,11127,Borna Barišić,Complete,8.009994,43.5,14.6,43.1,6.6
3869219,2022-12-05,Round of 16,Japan,1,9,27,Croatia,11127,Borna Barišić,33018,Joško Gvardiol,Complete,12.060266,38.6,10.2,27.0,6.9
3869219,2022-12-05,Round of 16,Japan,1,9,34,Croatia,33018,Joško Gvardiol,16531,Dominik Livaković,Complete,30.13171,26.0,13.6,8.6,38.2
3869219,2022-12-05,Round of 16,Japan,1,9,39,Croatia,16531,Dominik Livaković,,,Incomplete,57.61467,9.6,39.6,67.2,40.9
3869219,2022-12-05,Round of 16,Japan,1,9,46,Croatia,33018,Joško Gvardiol,3471,Dejan Lovren,Complete,6.276942,33.5,41.9,28.1,45.1
3869219,2022-12-05,Round of 16,Japan,1,9,47,Croatia,3471,Dejan Lovren,16531,Dominik Livaković,Complete,20.534119,28.1,45.1,8.0,40.9
3869219,2022-12-05,Round of 16,Japan,1,9,51,Croatia,16531,Dominik Livaković,33018,Joško Gvardiol,Complete,11.596551,9.3,40.2,15.5,30.4
3869219,2022-12-05,Round of 16,Japan,1,9,54,Croatia,33018,Joško Gvardiol,5469,Marcelo Brozović,Complete,15.81455,20.5,28.4,36.2,30.3
3869219,2022-12-05,Round of 16,Japan,1,9,57,Croatia,5469,Marcelo Brozović,3471,Dejan Lovren,Complete,25.934147,37.6,30.3,31.9,55.6
3869219,2022-12-05,Round of 16,Japan,1,10,0,Croatia,3471,Dejan Lovren,29163,Josip Juranović,Complete,24.575802,32.9,56.6,45.5,77.7
3869219,2022-12-05,Round of 16,Japan,1,10,2,Croatia,29163,Josip Juranović,5463,Luka Modrić,Complete,13.200378,46.5,77.7,59.2,74.1
3869219,2022-12-05,Round of 16,Japan,1,10,4,Croatia,5463,Luka Modrić,5460,Andrej Kramarić,Complete,3.753665,58.2,76.7,55.4,79.2
3869219,2022-12-05,Round of 16,Japan,1,10,5,Croatia,5460,Andrej Kramarić,5463,Luka Modrić,Complete,6.942622,55.0,78.6,61.8,77.2
3869219,2022-12-05,Round of 16,Japan,1,10,31,Croatia,16531,Dominik Livaković,33018,Joško Gvardiol,Complete,6.2801275,15.8,35.5,20.8,31.7
3869219,2022-12-05,Round of 16,Japan,1,10,33,Croatia,33018,Joško Gvardiol,5469,Marcelo Brozović,Complete,17.604546,22.7,32.2,39.1,38.6
3869219,2022-12-05,Round of 16,Japan,1,10,35,Croatia,5469,Marcelo Brozović,33018,Joško Gvardiol,Complete,9.521029,39.1,38.6,31.4,33.0
3869219,2022-12-05,Round of 16,Japan,1,10,39,Croatia,33018,Joško Gvardiol,3471,Dejan Lovren,Complete,19.68248,39.1,32.7,37.3,52.3
3869219,2022-12-05,Round of 16,Japan,1,10,41,Croatia,3471,Dejan Lovren,29163,Josip Juranović,Complete,34.78994,37.2,52.9,61.9,77.4
3869219,2022-12-05,Round of 16,Japan,1,10,45,Croatia,29163,Josip Juranović,5463,Luka Modrić,Incomplete,38.163464,68.2,77.4,100.0,56.3
3869219,2022-12-05,Round of 16,Japan,1,10,55,Croatia,5469,Marcelo Brozović,5456,Mateo Kovačić,Complete,6.293648,72.7,67.5,77.2,63.1
3869219,2022-12-05,Round of 16,Japan,1,10,55,Croatia,5456,Mateo Kovačić,5463,Luka Modrić,Complete,11.723907,77.2,63.1,88.8,64.8
3869219,2022-12-05,Round of 16,Japan,1,10,57,Croatia,5463,Luka Modrić,7693,Bruno Petković,Complete,6.621178,87.5,64.1,93.5,61.3
3869219,2022-12-05,Round of 16,Japan,1,10,58,Croatia,7693,Bruno Petković,,,Incomplete,2.9732137,93.5,61.3,95.7,59.3
3869219,2022-12-05,Round of 16,Japan,1,11,1,Croatia,5463,Luka Modrić,11127,Borna Barišić,Complete,43.706863,87.4,59.3,77.2,16.8
3869219,2022-12-05,Round of 16,Japan,1,11,7,Croatia,11127,Borna Barišić,5474,Ivan Perišić,Complete,21.866184,88.4,13.6,106.2,26.3
3869219,2022-12-05,Round of 16,Japan,1,11,9,Croatia,5474,Ivan Perišić,5463,Luka Modrić,Complete,21.620592,105.6,23.3,99.7,44.1
3869219,2022-12-05,Round of 16,Japan,1,11,10,Croatia,5463,Luka Modrić,,,Incomplete,5.4589376,99.7,44.1,104.5,46.7
3869219,2022-12-05,Round of 16,Japan,1,12,30,Croatia,16531,Dominik Livaković,3471,Dejan Lovren,Complete,5.315073,4.6,45.1,8.6,48.6
3869219,2022-12-05,Round of 16,Japan,1,12,40,Croatia,3471,Dejan Lovren,33018,Joško Gvardiol,Complete,17.514565,22.5,55.3,20.5,37.9
3869219,2022-12-05,Round of 16,Japan,1,12,42,Croatia,33018,Joško Gvardiol,11127,Borna Barišić,Complete,30.07075,19.8,35.8,23.0,5.9
3869219,2022-12-05,Round of 16,Japan,1,12,45,Croatia,11127,Borna Barišić,5474,Ivan Perišić,Complete,24.620317,22.5,5.6,47.1,6.6
3869219,2022-12-05,Round of 16,Japan,1,12,54,Croatia,5474,Ivan Perišić,5463,Luka Modrić,Complete,21.949259,34.6,29.7,42.7,50.1
3869219,2022-12-05,Round of 16,Japan,1,12,57,Croatia,5463,Luka Modrić,5460,Andrej Kramarić,Complete,26.62574,55.7,56.3,70.4,78.5
3869219,2022-12-05,Round of 16,Japan,1,13,2,Croatia,5460,Andrej Kramarić,5469,Marcelo Brozović,Complete,10.031949,65.9,62.8,61.9,53.6
3869219,2022-12-05,Round of 16,Japan,1,13,5,Croatia,5469,Marcelo Brozović,5456,Mateo Kovačić,Incomplete,15.358711,62.2,48.4,77.2,45.1
3869219,2022-12-05,Round of 16,Japan,1,13,17,Croatia,11127,Borna Barišić,5456,Mateo Kovačić,Complete,18.243902,16.8,23.5,34.6,19.5
3869219,2022-12-05,Round of 16,Japan,1,13,20,Croatia,5456,Mateo Kovačić,5469,Marcelo Brozović,Complete,8.904493,35.6,20.2,40.4,27.7
3869219,2022-12-05,Round of 16,Japan,1,13,21,Croatia,5469,Marcelo Brozović,5456,Mateo Kovačić,Complete,8.516455,40.4,27.7,38.1,19.5
3869219,2022-12-05,Round of 16,Japan,1,13,23,Croatia,5456,Mateo Kovačić,5463,Luka Modrić,Complete,34.203655,38.1,22.1,38.6,56.3
3869219,2022-12-05,Round of 16,Japan,1,13,30,Croatia,5463,Luka Modrić,29163,Josip Juranović,Complete,24.480604,55.4,59.0,72.1,76.9
3869219,2022-12-05,Round of 16,Japan,1,13,32,Croatia,29163,Josip Juranović,5463,Luka Modrić,Complete,10.463747,72.1,76.9,63.9,70.4
3869219,2022-12-05,Round of 16,Japan,1,13,38,Croatia,5463,Luka Modrić,3471,Dejan Lovren,Complete,18.997368,69.4,63.1,62.5,45.4
3869219,2022-12-05,Round of 16,Japan,1,13,40,Croatia,3471,Dejan Lovren,33018,Joško Gvardiol,Complete,17.414074,62.5,45.1,61.8,27.7
3869219,2022-12-05,Round of 16,Japan,1,13,46,Croatia,33018,Joško Gvardiol,11127,Borna Barišić,Complete,21.774527,68.2,22.1,80.0,3.8
3869219,2022-12-05,Round of 16,Japan,1,13,49,Croatia,11127,Borna Barišić,33018,Joško Gvardiol,Complete,16.75291,78.3,3.7,61.8,6.6
3869219,2022-12-05,Round of 16,Japan,1,13,54,Croatia,33018,Joško Gvardiol,7693,Bruno Petković,Complete,29.623302,74.1,12.3,85.6,39.6
3869219,2022-12-05,Round of 16,Japan,1,13,56,Croatia,7693,Bruno Petković,29163,Josip Juranović,Complete,29.134172,83.0,40.2,87.4,69.0
3869219,2022-12-05,Round of 16,Japan,1,13,59,Croatia,29163,Josip Juranović,5460,Andrej Kramarić,Complete,8.528775,88.8,68.0,89.5,59.5
3869219,2022-12-05,Round of 16,Japan,1,14,1,Croatia,5460,Andrej Kramarić,29163,Josip Juranović,Complete,7.9208584,92.8,61.3,87.1,66.8
3869219,2022-12-05,Round of 16,Japan,1,14,2,Croatia,29163,Josip Juranović,5463,Luka Modrić,Complete,9.567131,87.1,66.8,79.9,60.5
3869219,2022-12-05,Round of 16,Japan,1,14,4,Croatia,5463,Luka Modrić,5469,Marcelo Brozović,Complete,7.7620873,80.0,59.5,82.9,52.3
3869219,2022-12-05,Round of 16,Japan,1,14,8,Croatia,5469,Marcelo Brozović,11127,Borna Barišić,Complete,24.8129,85.6,30.7,86.4,5.9
3869219,2022-12-05,Round of 16,Japan,1,14,11,Croatia,11127,Borna Barišić,5469,Marcelo Brozović,Complete,11.322544,85.8,5.1,79.2,14.3
3869219,2022-12-05,Round of 16,Japan,1,14,14,Croatia,5469,Marcelo Brozović,3471,Dejan Lovren,Complete,30.235245,74.6,21.5,59.0,47.4
3869219,2022-12-05,Round of 16,Japan,1,14,17,Croatia,3471,Dejan Lovren,5469,Marcelo Brozović,Complete,20.678734,59.0,47.4,69.0,29.3
3869219,2022-12-05,Round of 16,Japan,1,14,22,Croatia,5469,Marcelo Brozović,5456,Mateo Kovačić,Complete,9.626006,71.1,30.0,76.6,22.1
3869219,2022-12-05,Round of 16,Japan,1,14,23,Croatia,5456,Mateo Kovačić,5469,Marcelo Brozović,Complete,10.307764,76.4,21.8,68.4,28.3
3869219,2022-12-05,Round of 16,Japan,1,14,26,Croatia,5469,Marcelo Brozović,33018,Joško Gvardiol,Complete,14.436759,64.5,24.8,50.6,28.7
3869219,2022-12-05,Round of 16,Japan,1,14,29,Croatia,33018,Joško Gvardiol,5456,Mateo Kovačić,Complete,11.081967,53.0,30.3,63.9,28.3
3869219,2022-12-05,Round of 16,Japan,1,14,31,Croatia,5456,Mateo Kovačić,29163,Josip Juranović,Incomplete,49.52272,61.9,33.7,92.8,72.4
3869219,2022-12-05,Round of 16,Japan,1,14,37,Croatia,5463,Luka Modrić,3471,Dejan Lovren,Complete,25.933184,71.0,77.4,49.3,63.2
3869219,2022-12-05,Round of 16,Japan,1,14,41,Croatia,3471,Dejan Lovren,5469,Marcelo Brozović,Complete,11.013628,51.6,63.2,61.9,59.3
3869219,2022-12-05,Round of 16,Japan,1,14,42,Croatia,5469,Marcelo Brozović,3471,Dejan Lovren,Complete,12.596031,61.9,59.3,49.8,62.8
3869219,2022-12-05,Round of 16,Japan,1,14,44,Croatia,3471,Dejan Lovren,5463,Luka Modrić,Complete,6.352952,50.0,70.3,53.0,75.9
3869219,2022-12-05,Round of 16,Japan,1,14,48,Croatia,5463,Luka Modrić,5460,Andrej Kramarić,Complete,68.36636,50.8,59.5,117.8,73.1
3869219,2022-12-05,Round of 16,Japan,1,14,56,Croatia,5460,Andrej Kramarić,,,Incomplete,49.417103,110.6,76.9,107.2,27.6
3869219,2022-12-05,Round of 16,Japan,1,15,10,Croatia,5474,Ivan Perišić,3471,Dejan Lovren,Complete,36.11454,58.5,6.1,50.0,41.2
3869219,2022-12-05,Round of 16,Japan,1,15,16,Croatia,3471,Dejan Lovren,5463,Luka Modrić,Complete,38.812885,62.2,62.5,101.0,61.5
3869219,2022-12-05,Round of 16,Japan,1,16,51,Croatia,16531,Dominik Livaković,3471,Dejan Lovren,Complete,8.728115,7.0,36.1,9.7,44.4
3869219,2022-12-05,Round of 16,Japan,1,16,55,Croatia,3471,Dejan Lovren,5463,Luka Modrić,Complete,21.300234,9.7,44.4,28.0,55.3
3869219,2022-12-05,Round of 16,Japan,1,16,57,Croatia,5463,Luka Modrić,5469,Marcelo Brozović,Complete,5.295281,27.7,55.3,22.5,54.3
3869219,2022-12-05,Round of 16,Japan,1,16,58,Croatia,5469,Marcelo Brozović,5460,Andrej Kramarić,Complete,34.06024,22.5,55.0,51.6,72.7
3869219,2022-12-05,Round of 16,Japan,1,17,0,Croatia,5460,Andrej Kramarić,7693,Bruno Petković,Complete,23.461031,51.6,72.7,56.7,49.8
3869219,2022-12-05,Round of 16,Japan,1,18,33,Croatia,3471,Dejan Lovren,5469,Marcelo Brozović,Complete,11.401754,16.1,40.6,27.1,37.6
3869219,2022-12-05,Round of 16,Japan,1,18,35,Croatia,5469,Marcelo Brozović,29163,Josip Juranović,Complete,36.019024,27.7,37.9,39.3,72.0
3869219,2022-12-05,Round of 16,Japan,1,18,38,Croatia,29163,Josip Juranović,5463,Luka Modrić,Complete,9.319335,44.1,72.4,43.5,63.1
3869219,2022-12-05,Round of 16,Japan,1,18,42,Croatia,5463,Luka Modrić,5469,Marcelo Brozović,Complete,20.231165,43.8,68.5,46.1,48.4
3869219,2022-12-05,Round of 16,Japan,1,18,45,Croatia,5469,Marcelo Brozović,33018,Joško Gvardiol,Complete,14.582523,45.4,41.7,43.1,27.3
3869219,2022-12-05,Round of 16,Japan,1,18,48,Croatia,33018,Joško Gvardiol,11127,Borna Barišić,Complete,19.736261,45.4,23.5,52.0,4.9
3869219,2022-12-05,Round of 16,Japan,1,18,51,Croatia,11127,Borna Barišić,33018,Joško Gvardiol,Complete,15.344706,52.0,4.9,45.5,18.8
3869219,2022-12-05,Round of 16,Japan,1,18,58,Croatia,33018,Joško Gvardiol,11127,Borna Barišić,Complete,17.08391,60.5,21.8,58.0,4.9
3869219,2022-12-05,Round of 16,Japan,1,19,0,Croatia,11127,Borna Barišić,,,Incomplete,1.6155494,57.5,3.8,59.0,4.4
3869219,2022-12-05,Round of 16,Japan,1,19,16,Croatia,3471,Dejan Lovren,,,Out,36.824585,58.0,44.1,49.8,80.0
3869219,2022-12-05,Round of 16,Japan,1,19,54,Croatia,16531,Dominik Livaković,3471,Dejan Lovren,Complete,9.972462,5.3,42.9,12.5,49.8
3869219,2022-12-05,Round of 16,Japan,1,20,4,Croatia,3471,Dejan Lovren,33018,Joško Gvardiol,Complete,15.576906,29.0,45.4,33.2,30.4
3869219,2022-12-05,Round of 16,Japan,1,20,7,Croatia,33018,Joško Gvardiol,5456,Mateo Kovačić,Complete,20.231165,41.8,24.8,61.9,22.5
3869219,2022-12-05,Round of 16,Japan,1,20,8,Croatia,5456,Mateo Kovačić,33018,Joško Gvardiol,Complete,17.582378,61.9,22.5,44.4,20.8
3869219,2022-12-05,Round of 16,Japan,1,20,13,Croatia,33018,Joško Gvardiol,29163,Josip Juranović,Complete,54.502293,55.4,24.5,75.9,75.0
3869219,2022-12-05,Round of 16,Japan,1,20,39,Croatia,5469,Marcelo Brozović,11127,Borna Barišić,Complete,7.615773,9.7,30.7,7.9,23.3
3869219,2022-12-05,Round of 16,Japan,1,20,41,Croatia,11127,Borna Barišić,7693,Bruno Petković,Complete,35.9451,7.9,23.0,43.8,21.2
3869219,2022-12-05,Round of 16,Japan,1,21,3,Croatia,11127,Borna Barišić,33018,Joško Gvardiol,Complete,16.258535,46.2,6.1,30.9,11.6
3869219,2022-12-05,Round of 16,Japan,1,21,5,Croatia,33018,Joško Gvardiol,3471,Dejan Lovren,Complete,19.702284,32.9,15.8,33.2,35.5
3869219,2022-12-05,Round of 16,Japan,1,21,13,Croatia,3471,Dejan Lovren,29163,Josip Juranović,Complete,27.55667,42.1,40.4,50.0,66.8
3869219,2022-12-05,Round of 16,Japan,1,21,16,Croatia,29163,Josip Juranović,5460,Andrej Kramarić,Complete,14.190842,50.8,73.7,64.5,77.4
3869219,2022-12-05,Round of 16,Japan,1,21,17,Croatia,5460,Andrej Kramarić,5469,Marcelo Brozović,Incomplete,17.45623,61.9,76.9,60.5,59.5
3869219,2022-12-05,Round of 16,Japan,1,23,44,Croatia,5463,Luka Modrić,,,Incomplete,33.596577,75.1,18.5,103.9,35.8
3869219,2022-12-05,Round of 16,Japan,1,24,26,Croatia,16531,Dominik Livaković,33018,Joško Gvardiol,Complete,11.360018,17.9,29.0,27.0,22.2
3869219,2022-12-05,Round of 16,Japan,1,24,29,Croatia,33018,Joško Gvardiol,5469,Marcelo Brozović,Complete,20.785091,28.7,23.0,40.8,39.9
3869219,2022-12-05,Round of 16,Japan,1,24,32,Croatia,5469,Marcelo Brozović,29163,Josip Juranović,Complete,27.791006,44.5,51.6,56.0,76.9
3869219,2022-12-05,Round of 16,Japan,1,24,36,Croatia,29163,Josip Juranović,3471,Dejan Lovren,Complete,26.660833,57.5,76.9,40.1,56.7
3869219,2022-12-05,Round of 16,Japan,1,24,49,Croatia,3471,Dejan Lovren,16531,Dominik Livaković,Complete,38.700516,48.5,55.9,16.8,33.7
3869219,2022-12-05,Round of 16,Japan,1,24,53,Croatia,16531,Dominik Livaković,33018,Joško Gvardiol,Complete,13.7637205,16.8,33.7,28.0,25.7
3869219,2022-12-05,Round of 16,Japan,1,25,1,Croatia,33018,Joško Gvardiol,3471,Dejan Lovren,Complete,16.643316,34.5,27.3,28.7,42.9
3869219,2022-12-05,Round of 16,Japan,1,25,3,Croatia,3471,Dejan Lovren,33018,Joško Gvardiol,Complete,16.793154,27.1,41.7,32.2,25.7
3869219,2022-12-05,Round of 16,Japan,1,25,6,Croatia,33018,Joško Gvardiol,7693,Bruno Petković,Complete,65.21756,32.6,18.5,97.3,26.7
3869219,2022-12-05,Round of 16,Japan,1,25,12,Croatia,7693,Bruno Petković,,,Incomplete,3.0149627,111.4,25.0,111.1,28.0
3869219,2022-12-05,Round of 16,Japan,1,25,39,Croatia,11127,Borna Barišić,5469,Marcelo Brozović,Complete,8.323461,59.8,0.1,55.0,6.9
3869219,2022-12-05,Round of 16,Japan,1,25,41,Croatia,5469,Marcelo Brozović,33018,Joško Gvardiol,Complete,10.5019045,55.0,6.9,44.8,4.4
3869219,2022-12-05,Round of 16,Japan,1,25,44,Croatia,33018,Joško Gvardiol,3471,Dejan Lovren,Complete,24.490202,43.4,5.9,33.5,28.3
3869219,2022-12-05,Round of 16,Japan,1,25,48,Croatia,3471,Dejan Lovren,5469,Marcelo Brozović,Complete,13.283448,37.2,29.4,49.0,23.3
3869219,2022-12-05,Round of 16,Japan,1,25,52,Croatia,5469,Marcelo Brozović,5456,Mateo Kovačić,Complete,9.767292,52.3,23.3,61.9,21.5
3869219,2022-12-05,Round of 16,Japan,1,25,55,Croatia,5456,Mateo Kovačić,3471,Dejan Lovren,Complete,17.400288,52.6,29.0,44.5,44.4
3869219,2022-12-05,Round of 16,Japan,1,25,58,Croatia,3471,Dejan Lovren,33018,Joško Gvardiol,Complete,16.131025,44.5,44.4,45.5,28.3
3869219,2022-12-05,Round of 16,Japan,1,26,4,Croatia,33018,Joško Gvardiol,5469,Marcelo Brozović,Complete,11.063454,63.9,23.8,61.5,13.0
3869219,2022-12-05,Round of 16,Japan,1,26,8,Croatia,5469,Marcelo Brozović,3471,Dejan Lovren,Complete,21.53532,58.5,20.8,51.6,41.2
3869219,2022-12-05,Round of 16,Japan,1,26,12,Croatia,3471,Dejan Lovren,29163,Josip Juranović,Complete,23.821,63.5,48.4,57.3,71.4
3869219,2022-12-05,Round of 16,Japan,1,26,15,Croatia,29163,Josip Juranović,3471,Dejan Lovren,Complete,15.387333,58.2,65.2,51.6,51.3
3869219,2022-12-05,Round of 16,Japan,1,26,17,Croatia,3471,Dejan Lovren,,,Incomplete,37.35077,49.6,59.3,85.8,68.5
3869219,2022-12-05,Round of 16,Japan,1,26,27,Croatia,33018,Joško Gvardiol,5456,Mateo Kovačić,Complete,12.020399,46.5,25.6,58.5,26.3
3869219,2022-12-05,Round of 16,Japan,1,26,31,Croatia,5456,Mateo Kovačić,5474,Ivan Perišić,Complete,12.47758,51.6,12.6,62.8,18.1
3869219,2022-12-05,Round of 16,Japan,1,26,32,Croatia,5474,Ivan Perišić,5469,Marcelo Brozović,Complete,14.102837,61.8,18.1,47.8,16.4
3869219,2022-12-05,Round of 16,Japan,1,26,33,Croatia,5469,Marcelo Brozović,11127,Borna Barišić,Complete,13.132022,47.8,16.4,44.1,3.8
3869219,2022-12-05,Round of 16,Japan,1,26,36,Croatia,11127,Borna Barišić,33018,Joško Gvardiol,Complete,16.507574,44.1,3.8,31.2,14.1
3869219,2022-12-05,Round of 16,Japan,1,26,37,Croatia,33018,Joško Gvardiol,3471,Dejan Lovren,Complete,22.507776,31.4,14.8,33.6,37.2
3869219,2022-12-05,Round of 16,Japan,1,26,40,Croatia,3471,Dejan Lovren,29163,Josip Juranović,Complete,35.133602,37.2,40.4,50.3,73.0
3869219,2022-12-05,Round of 16,Japan,1,26,44,Croatia,29163,Josip Juranović,5469,Marcelo Brozović,Complete,13.462912,58.0,73.7,56.7,60.3
3869219,2022-12-05,Round of 16,Japan,1,26,51,Croatia,5469,Marcelo Brozović,3471,Dejan Lovren,Complete,23.293776,45.1,72.3,33.5,52.1
3869219,2022-12-05,Round of 16,Japan,1,26,53,Croatia,3471,Dejan Lovren,5469,Marcelo Brozović,Complete,20.813938,33.5,52.1,39.6,72.0
3869219,2022-12-05,Round of 16,Japan,1,26,57,Croatia,5469,Marcelo Brozović,5463,Luka Modrić,Complete,28.624815,43.8,64.9,70.1,76.2
3869219,2022-12-05,Round of 16,Japan,1,27,0,Croatia,5463,Luka Modrić,5469,Marcelo Brozović,Complete,12.946815,69.0,76.7,74.1,64.8
3869219,2022-12-05,Round of 16,Japan,1,27,4,Croatia,5469,Marcelo Brozović,5456,Mateo Kovačić,Complete,21.541124,86.5,68.0,73.4,50.9
3869219,2022-12-05,Round of 16,Japan,1,27,9,Croatia,5456,Mateo Kovačić,11127,Borna Barišić,Complete,34.956688,68.7,40.9,85.6,10.3
3869219,2022-12-05,Round of 16,Japan,1,27,11,Croatia,11127,Borna Barišić,5474,Ivan Perišić,Complete,11.66919,85.6,10.3,94.0,18.4
3869219,2022-12-05,Round of 16,Japan,1,27,12,Croatia,5474,Ivan Perišić,,,Incomplete,8.09506,94.0,18.4,97.7,25.6
3869219,2022-12-05,Round of 16,Japan,1,27,20,Croatia,33018,Joško Gvardiol,5469,Marcelo Brozović,Complete,11.094143,63.2,11.6,72.4,17.8
3869219,2022-12-05,Round of 16,Japan,1,27,25,Croatia,5469,Marcelo Brozović,5463,Luka Modrić,Complete,10.568822,76.4,27.6,70.7,36.5
3869219,2022-12-05,Round of 16,Japan,1,27,27,Croatia,5463,Luka Modrić,5474,Ivan Perišić,Complete,47.83524,71.4,31.7,118.4,22.8
3869219,2022-12-05,Round of 16,Japan,1,27,30,Croatia,5474,Ivan Perišić,29163,Josip Juranović,Complete,51.063293,118.4,22.8,97.3,69.3
3869219,2022-12-05,Round of 16,Japan,1,27,36,Croatia,29163,Josip Juranović,11127,Borna Barišić,Complete,64.62508,103.7,67.0,111.1,2.8
3869219,2022-12-05,Round of 16,Japan,1,27,43,Croatia,11127,Borna Barišić,5474,Ivan Perišić,Complete,23.5,114.7,3.1,114.7,26.6
3869219,2022-12-05,Round of 16,Japan,1,27,43,Croatia,5474,Ivan Perišić,29163,Josip Juranović,Complete,45.448544,114.7,26.6,116.8,72.0
3869219,2022-12-05,Round of 16,Japan,1,27,49,Croatia,29163,Josip Juranović,5463,Luka Modrić,Complete,14.620875,116.8,72.0,105.2,63.1
3869219,2022-12-05,Round of 16,Japan,1,27,50,Croatia,5463,Luka Modrić,5474,Ivan Perišić,Incomplete,32.351353,105.2,63.1,115.7,32.5
3869219,2022-12-05,Round of 16,Japan,1,28,11,Croatia,11127,Borna Barišić,5469,Marcelo Brozović,Complete,20.424496,61.2,0.1,62.2,20.5
3869219,2022-12-05,Round of 16,Japan,1,28,17,Croatia,5469,Marcelo Brozović,5463,Luka Modrić,Complete,15.601282,62.9,26.3,50.3,35.5
3869219,2022-12-05,Round of 16,Japan,1,28,23,Croatia,5463,Luka Modrić,5469,Marcelo Brozović,Complete,11.359577,54.0,37.5,64.2,32.5
3869219,2022-12-05,Round of 16,Japan,1,28,26,Croatia,5469,Marcelo Brozović,11127,Borna Barišić,Complete,23.119257,61.9,28.7,68.0,6.4
3869219,2022-12-05,Round of 16,Japan,1,28,28,Croatia,11127,Borna Barišić,7693,Bruno Petković,Complete,33.753963,69.4,3.8,101.7,13.6
3869219,2022-12-05,Round of 16,Japan,1,28,37,Croatia,7693,Bruno Petković,5474,Ivan Perišić,Complete,13.261222,115.7,13.0,105.2,4.9
3869219,2022-12-05,Round of 16,Japan,1,28,41,Croatia,5474,Ivan Perišić,5456,Mateo Kovačić,Complete,12.414508,106.2,3.4,93.8,2.8
3869219,2022-12-05,Round of 16,Japan,1,28,43,Croatia,5456,Mateo Kovačić,5469,Marcelo Brozović,Complete,11.800424,93.8,2.8,86.8,12.3
3869219,2022-12-05,Round of 16,Japan,1,28,45,Croatia,5469,Marcelo Brozović,5463,Luka Modrić,Incomplete,23.92509,87.8,9.6,108.2,22.1
3869219,2022-12-05,Round of 16,Japan,1,29,15,Croatia,5474,Ivan Perišić,7693,Bruno Petković,Incomplete,31.264196,107.9,0.1,111.1,31.2
3869219,2022-12-05,Round of 16,Japan,1,29,20,Croatia,11127,Borna Barišić,7693,Bruno Petković,Complete,8.21523,100.2,25.0,107.2,29.3
3869219,2022-12-05,Round of 16,Japan,1,29,22,Croatia,7693,Bruno Petković,,,Incomplete,8.969393,107.2,29.3,110.6,37.6
3869219,2022-12-05,Round of 16,Japan,1,29,27,Croatia,5463,Luka Modrić,5456,Mateo Kovačić,Complete,6.3600316,89.2,33.2,94.3,29.4
3869219,2022-12-05,Round of 16,Japan,1,29,28,Croatia,5456,Mateo Kovačić,29163,Josip Juranović,Complete,19.890953,94.3,29.4,82.9,45.7
3869219,2022-12-05,Round of 16,Japan,1,29,30,Croatia,29163,Josip Juranović,5463,Luka Modrić,Complete,9.402127,85.8,49.6,85.6,40.2
3869219,2022-12-05,Round of 16,Japan,1,29,33,Croatia,5463,Luka Modrić,11127,Borna Barišić,Complete,28.18865,82.9,37.2,93.3,11.0
3869219,2022-12-05,Round of 16,Japan,1,29,36,Croatia,11127,Borna Barišić,,,Incomplete,32.29396,95.0,8.3,103.7,39.4
3869219,2022-12-05,Round of 16,Japan,1,29,42,Croatia,5460,Andrej Kramarić,29163,Josip Juranović,Complete,19.9,84.1,53.2,64.2,53.2
3869219,2022-12-05,Round of 16,Japan,1,29,44,Croatia,29163,Josip Juranović,5469,Marcelo Brozović,Complete,9.508417,64.2,53.2,73.7,53.6
3869219,2022-12-05,Round of 16,Japan,1,29,46,Croatia,5469,Marcelo Brozović,5463,Luka Modrić,Complete,25.35705,73.7,53.6,75.4,28.3
3869219,2022-12-05,Round of 16,Japan,1,29,52,Croatia,5463,Luka Modrić,5469,Marcelo Brozović,Complete,4.7201695,80.0,32.0,83.8,34.8
3869219,2022-12-05,Round of 16,Japan,1,30,26,Croatia,16531,Dominik Livaković,33018,Joško Gvardiol,Complete,9.9408245,8.0,43.1,8.9,33.2
3869219,2022-12-05,Round of 16,Japan,1,30,31,Croatia,33018,Joško Gvardiol,3471,Dejan Lovren,Complete,23.262201,20.8,32.7,22.5,55.9
3869219,2022-12-05,Round of 16,Japan,1,30,34,Croatia,3471,Dejan Lovren,5463,Luka Modrić,Complete,9.794897,26.7,55.9,34.2,62.2
3869219,2022-12-05,Round of 16,Japan,1,30,40,Croatia,5463,Luka Modrić,5469,Marcelo Brozović,Complete,11.661903,34.6,59.0,46.2,57.8
3869219,2022-12-05,Round of 16,Japan,1,30,42,Croatia,5469,Marcelo Brozović,29163,Josip Juranović,Complete,10.977249,50.0,66.8,51.3,77.7
3869219,2022-12-05,Round of 16,Japan,1,30,44,Croatia,29163,Josip Juranović,5463,Luka Modrić,Complete,20.006248,52.3,77.9,39.9,62.2
3869219,2022-12-05,Round of 16,Japan,1,30,48,Croatia,5463,Luka Modrić,33018,Joško Gvardiol,Complete,32.701378,43.4,56.0,43.1,23.3
3869219,2022-12-05,Round of 16,Japan,1,30,51,Croatia,33018,Joško Gvardiol,5456,Mateo Kovačić,Complete,8.823832,45.8,23.8,52.7,29.3
3869219,2022-12-05,Round of 16,Japan,1,30,55,Croatia,5456,Mateo Kovačić,5469,Marcelo Brozović,Complete,11.335784,57.3,28.7,68.4,31.0
3869219,2022-12-05,Round of 16,Japan,1,30,56,Croatia,5469,Marcelo Brozović,5456,Mateo Kovačić,Complete,11.78813,68.4,30.7,57.0,27.7
3869219,2022-12-05,Round of 16,Japan,1,30,57,Croatia,5456,Mateo Kovačić,3471,Dejan Lovren,Complete,15.425303,56.7,28.3,46.2,39.6
3869219,2022-12-05,Round of 16,Japan,1,31,0,Croatia,3471,Dejan Lovren,5456,Mateo Kovačić,Complete,12.5,46.1,39.4,53.6,29.4
3869219,2022-12-05,Round of 16,Japan,1,31,5,Croatia,5456,Mateo Kovačić,7693,Bruno Petković,Complete,11.044003,77.2,36.5,87.8,39.6
3869219,2022-12-05,Round of 16,Japan,1,31,6,Croatia,7693,Bruno Petković,5456,Mateo Kovačić,Complete,7.0830784,87.8,39.6,80.9,41.2
3869219,2022-12-05,Round of 16,Japan,1,31,13,Croatia,5456,Mateo Kovačić,5469,Marcelo Brozović,Complete,8.1154175,63.6,33.7,71.7,33.2
3869219,2022-12-05,Round of 16,Japan,1,31,14,Croatia,5469,Marcelo Brozović,5456,Mateo Kovačić,Complete,9.613012,72.1,33.5,62.5,33.0
3869219,2022-12-05,Round of 16,Japan,1,31,15,Croatia,5456,Mateo Kovačić,3471,Dejan Lovren,Complete,13.480727,60.8,33.0,52.6,43.7
3869219,2022-12-05,Round of 16,Japan,1,31,17,Croatia,3471,Dejan Lovren,5463,Luka Modrić,Complete,9.265528,52.6,43.7,59.0,50.4
3869219,2022-12-05,Round of 16,Japan,1,31,18,Croatia,5463,Luka Modrić,5469,Marcelo Brozović,Complete,11.713667,58.8,50.4,64.9,40.4
3869219,2022-12-05,Round of 16,Japan,1,31,19,Croatia,5469,Marcelo Brozović,5463,Luka Modrić,Complete,8.823265,64.6,40.2,61.9,48.6
3869219,2022-12-05,Round of 16,Japan,1,31,23,Croatia,5463,Luka Modrić,5469,Marcelo Brozović,Complete,6.618912,64.2,52.1,70.1,49.1
3869219,2022-12-05,Round of 16,Japan,1,31,24,Croatia,5469,Marcelo Brozović,5460,Andrej Kramarić,Complete,17.410341,70.1,49.1,70.7,66.5
3869219,2022-12-05,Round of 16,Japan,1,31,28,Croatia,5460,Andrej Kramarić,5456,Mateo Kovačić,Complete,24.777813,73.1,64.9,69.4,40.4
3869219,2022-12-05,Round of 16,Japan,1,31,31,Croatia,5456,Mateo Kovačić,5474,Ivan Perišić,Complete,13.871553,70.1,40.9,83.0,35.8
3869219,2022-12-05,Round of 16,Japan,1,31,32,Croatia,5474,Ivan Perišić,7693,Bruno Petković,Incomplete,8.504117,82.8,37.1,88.4,43.5
3869219,2022-12-05,Round of 16,Japan,1,31,35,Croatia,3471,Dejan Lovren,29163,Josip Juranović,Complete,24.535076,54.0,59.0,73.1,74.4
3869219,2022-12-05,Round of 16,Japan,1,31,39,Croatia,29163,Josip Juranović,5463,Luka Modrić,Complete,10.778683,74.9,76.4,64.2,75.1
3869219,2022-12-05,Round of 16,Japan,1,31,41,Croatia,5463,Luka Modrić,5474,Ivan Perišić,Complete,19.322784,64.2,75.1,70.1,56.7
3869219,2022-12-05,Round of 16,Japan,1,31,43,Croatia,5474,Ivan Perišić,5463,Luka Modrić,Complete,5.7558665,67.2,59.0,61.5,59.8
3869219,2022-12-05,Round of 16,Japan,1,31,44,Croatia,5463,Luka Modrić,5456,Mateo Kovačić,Complete,12.40645,61.5,59.8,61.9,47.4
3869219,2022-12-05,Round of 16,Japan,1,31,47,Croatia,5456,Mateo Kovačić,5469,Marcelo Brozović,Complete,9.24554,67.4,42.4,74.6,36.6
3869219,2022-12-05,Round of 16,Japan,1,31,48,Croatia,5469,Marcelo Brozović,5456,Mateo Kovačić,Complete,6.9,74.6,36.6,67.7,36.6
3869219,2022-12-05,Round of 16,Japan,1,31,50,Croatia,5456,Mateo Kovačić,5463,Luka Modrić,Complete,14.091132,67.4,36.9,69.0,50.9
3869219,2022-12-05,Round of 16,Japan,1,31,55,Croatia,5463,Luka Modrić,29163,Josip Juranović,Complete,27.958899,71.7,50.6,83.6,75.9
3869219,2022-12-05,Round of 16,Japan,1,31,59,Croatia,29163,Josip Juranović,5474,Ivan Perišić,Complete,11.5,87.5,75.7,99.0,75.7
3869219,2022-12-05,Round of 16,Japan,1,32,1,Croatia,5474,Ivan Perišić,,,Incomplete,10.58017,99.0,75.7,88.5,74.4
3869219,2022-12-05,Round of 16,Japan,1,32,55,Croatia,11127,Borna Barišić,5456,Mateo Kovačić,Complete,15.008331,16.2,14.6,31.2,15.1
3869219,2022-12-05,Round of 16,Japan,1,32,58,Croatia,5456,Mateo Kovačić,5469,Marcelo Brozović,Complete,5.060632,31.2,15.1,28.1,19.1
3869219,2022-12-05,Round of 16,Japan,1,34,6,Croatia,5469,Marcelo Brozović,29163,Josip Juranović,Complete,11.1507845,21.7,39.6,12.0,45.1
3869219,2022-12-05,Round of 16,Japan,1,34,8,Croatia,29163,Josip Juranović,5460,Andrej Kramarić,Complete,36.21671,8.3,48.1,36.6,70.7
3869219,2022-12-05,Round of 16,Japan,1,34,34,Croatia,3471,Dejan Lovren,5463,Luka Modrić,Complete,10.151355,24.3,66.5,33.9,63.2
3869219,2022-12-05,Round of 16,Japan,1,34,36,Croatia,5463,Luka Modrić,33018,Joško Gvardiol,Complete,35.350388,32.9,63.5,28.7,28.4
3869219,2022-12-05,Round of 16,Japan,1,34,41,Croatia,33018,Joško Gvardiol,3471,Dejan Lovren,Complete,30.5,42.7,27.3,42.7,57.8
3869219,2022-12-05,Round of 16,Japan,1,34,47,Croatia,3471,Dejan Lovren,33018,Joško Gvardiol,Complete,25.619524,47.5,53.3,48.5,27.7
3869219,2022-12-05,Round of 16,Japan,1,34,51,Croatia,33018,Joško Gvardiol,5456,Mateo Kovačić,Complete,8.956003,56.0,26.3,64.9,25.3
3869219,2022-12-05,Round of 16,Japan,1,34,52,Croatia,5456,Mateo Kovačić,5469,Marcelo Brozović,Complete,8.766413,64.9,25.3,68.7,33.2
3869219,2022-12-05,Round of 16,Japan,1,34,53,Croatia,5469,Marcelo Brozović,,,Incomplete,18.343937,68.7,33.2,83.6,22.5
3869219,2022-12-05,Round of 16,Japan,1,35,7,Croatia,3471,Dejan Lovren,,,Incomplete,29.129023,12.8,18.5,41.1,11.6
3869219,2022-12-05,Round of 16,Japan,1,35,17,Croatia,33018,Joško Gvardiol,5460,Andrej Kramarić,Complete,17.880716,52.0,27.6,66.4,38.2
3869219,2022-12-05,Round of 16,Japan,1,35,43,Croatia,33018,Joško Gvardiol,,,Incomplete,2.1,49.8,19.4,51.9,19.4
3869219,2022-12-05,Round of 16,Japan,1,35,53,Croatia,5469,Marcelo Brozović,5463,Luka Modrić,Complete,10.785639,32.4,24.5,42.7,27.7
3869219,2022-12-05,Round of 16,Japan,1,35,58,Croatia,5463,Luka Modrić,5474,Ivan Perišić,Complete,11.1830225,42.1,7.9,53.0,5.4
3869219,2022-12-05,Round of 16,Japan,1,35,58,Croatia,5474,Ivan Perišić,5463,Luka Modrić,Complete,6.407808,53.0,5.4,47.1,7.9
3869219,2022-12-05,Round of 16,Japan,1,35,59,Croatia,5463,Luka Modrić,5456,Mateo Kovačić,Complete,11.098198,47.1,7.9,56.5,13.8
3869219,2022-12-05,Round of 16,Japan,1,36,0,Croatia,5456,Mateo Kovačić,5463,Luka Modrić,Complete,7.169379,56.5,13.8,50.3,10.2
3869219,2022-12-05,Round of 16,Japan,1,36,4,Croatia,5463,Luka Modrić,5474,Ivan Perišić,Complete,14.583552,54.7,13.6,64.5,2.8
3869219,2022-12-05,Round of 16,Japan,1,36,5,Croatia,5474,Ivan Perišić,5463,Luka Modrić,Complete,12.738916,64.5,2.8,52.7,7.6
3869219,2022-12-05,Round of 16,Japan,1,36,26,Croatia,5474,Ivan Perišić,5456,Mateo Kovačić,Complete,8.504117,28.1,19.4,34.5,25.0
3869219,2022-12-05,Round of 16,Japan,1,36,27,Croatia,5456,Mateo Kovačić,5463,Luka Modrić,Complete,5.5226803,34.5,25.0,30.4,28.7
3869219,2022-12-05,Round of 16,Japan,1,36,29,Croatia,5463,Luka Modrić,5474,Ivan Perišić,Incomplete,6.332456,29.1,28.7,31.4,22.8
3869219,2022-12-05,Round of 16,Japan,1,36,50,Croatia,5456,Mateo Kovačić,5463,Luka Modrić,Incomplete,3.765634,46.0,26.4,49.7,27.1
3869219,2022-12-05,Round of 16,Japan,1,38,21,Croatia,16531,Dominik Livaković,,,Unknown,69.63225,7.0,36.1,74.6,19.4
3869219,2022-12-05,Round of 16,Japan,1,39,31,Croatia,5463,Luka Modrić,,,Incomplete,35.31926,78.3,17.4,108.2,36.2
3869219,2022-12-05,Round of 16,Japan,1,40,46,Croatia,11127,Borna Barišić,7693,Bruno Petković,Incomplete,19.239803,3.1,0.1,22.0,3.7
3869219,2022-12-05,Round of 16,Japan,1,41,10,Croatia,11127,Borna Barišić,7693,Bruno Petković,Complete,28.276669,27.1,0.1,55.0,4.7
3869219,2022-12-05,Round of 16,Japan,1,44,14,Croatia,5460,Andrej Kramarić,3471,Dejan Lovren,Complete,23.505318,61.0,40.1,38.1,45.4
3869219,2022-12-05,Round of 16,Japan,1,44,17,Croatia,3471,Dejan Lovren,11127,Borna Barišić,Complete,33.010605,38.1,44.7,45.8,12.6
3869219,2022-12-05,Round of 16,Japan,1,44,21,Croatia,11127,Borna Barišić,33018,Joško Gvardiol,Complete,12.432618,50.0,21.2,37.6,22.1
3869219,2022-12-05,Round of 16,Japan,1,44,23,Croatia,33018,Joško Gvardiol,3471,Dejan Lovren,Complete,14.3,37.6,26.6,37.6,40.9
3869219,2022-12-05,Round of 16,Japan,1,44,27,Croatia,3471,Dejan Lovren,33018,Joško Gvardiol,Complete,15.924824,39.9,38.6,43.1,23.0
3869219,2022-12-05,Round of 16,Japan,1,44,34,Croatia,33018,Joško Gvardiol,5469,Marcelo Brozović,Complete,11.1830225,61.9,19.4,71.4,25.3
3869219,2022-12-05,Round of 16,Japan,1,44,34,Croatia,5469,Marcelo Brozović,3471,Dejan Lovren,Complete,25.210514,71.4,25.3,52.0,41.4
3869219,2022-12-05,Round of 16,Japan,1,44,38,Croatia,3471,Dejan Lovren,29163,Josip Juranović,Complete,36.21671,57.3,49.6,79.9,77.9
3869219,2022-12-05,Round of 16,Japan,1,44,43,Croatia,29163,Josip Juranović,3471,Dejan Lovren,Complete,22.380571,82.9,75.4,64.9,62.1
3869219,2022-12-05,Round of 16,Japan,1,44,48,Croatia,3471,Dejan Lovren,5469,Marcelo Brozović,Complete,11.1400175,64.5,58.8,75.4,61.1
3869219,2022-12-05,Round of 16,Japan,1,44,51,Croatia,5469,Marcelo Brozović,5460,Andrej Kramarić,Complete,15.10298,74.4,60.5,89.5,60.8
3869219,2022-12-05,Round of 16,Japan,1,44,52,Croatia,5460,Andrej Kramarić,29163,Josip Juranović,Complete,17.05579,88.4,61.3,86.1,78.2
3869219,2022-12-05,Round of 16,Japan,1,44,55,Croatia,29163,Josip Juranović,,,Incomplete,34.570652,89.2,78.6,104.9,47.8
3869219,2022-12-05,Round of 16,Japan,1,45,0,Croatia,33018,Joško Gvardiol,3471,Dejan Lovren,Complete,18.784302,77.2,38.9,60.5,47.5
3869219,2022-12-05,Round of 16,Japan,1,45,4,Croatia,3471,Dejan Lovren,33018,Joško Gvardiol,Complete,12.5004,57.3,37.5,62.2,26.0
3869219,2022-12-05,Round of 16,Japan,1,45,7,Croatia,33018,Joško Gvardiol,3471,Dejan Lovren,Complete,15.3264475,61.9,28.7,52.0,40.4
3869219,2022-12-05,Round of 16,Japan,1,45,12,Croatia,3471,Dejan Lovren,5456,Mateo Kovačić,Complete,10.718676,52.7,40.4,61.9,34.9
3869219,2022-12-05,Round of 16,Japan,1,45,15,Croatia,5456,Mateo Kovačić,5469,Marcelo Brozović,Complete,15.494515,58.5,37.9,52.3,52.1
3869219,2022-12-05,Round of 16,Japan,1,45,17,Croatia,5469,Marcelo Brozović,29163,Josip Juranović,Complete,30.8099,54.6,55.9,75.1,78.9
3869219,2022-12-05,Round of 16,Japan,1,45,19,Croatia,29163,Josip Juranović,5460,Andrej Kramarić,Complete,23.920074,75.1,78.9,98.7,75.0
3869219,2022-12-05,Round of 16,Japan,1,46,11,Croatia,3471,Dejan Lovren,16531,Dominik Livaković,Complete,27.82373,14.8,75.9,1.8,51.3
3869219,2022-12-05,Round of 16,Japan,1,46,15,Croatia,16531,Dominik Livaković,7693,Bruno Petković,Complete,56.62685,2.1,52.6,55.3,72.0
3869219,2022-12-05,Round of 16,Japan,1,46,18,Croatia,7693,Bruno Petković,29163,Josip Juranović,Complete,11.1892805,53.0,72.3,42.8,76.9
3869219,2022-12-05,Round of 16,Japan,1,46,20,Croatia,29163,Josip Juranović,,,Incomplete,34.02602,42.8,76.9,70.4,57.0
3869219,2022-12-05,Round of 16,Japan,1,46,33,Croatia,7693,Bruno Petković,33018,Joško Gvardiol,Complete,22.48644,64.5,62.5,48.5,46.7
3869219,2022-12-05,Round of 16,Japan,1,46,36,Croatia,33018,Joško Gvardiol,11127,Borna Barišić,Complete,27.115494,51.0,40.6,61.5,15.6
3869219,2022-12-05,Round of 16,Japan,1,46,39,Croatia,11127,Borna Barišić,5469,Marcelo Brozović,Complete,16.949926,60.9,15.6,62.2,32.5
3869219,2022-12-05,Round of 16,Japan,1,46,42,Croatia,5469,Marcelo Brozović,5463,Luka Modrić,Complete,19.05151,62.2,33.9,63.6,52.9
3869219,2022-12-05,Round of 16,Japan,1,46,46,Croatia,5463,Luka Modrić,29163,Josip Juranović,Complete,24.5153,69.4,58.8,85.6,77.2
3869219,2022-12-05,Round of 16,Japan,1,46,50,Croatia,29163,Josip Juranović,5463,Luka Modrić,Complete,21.400934,85.3,76.2,105.9,70.4
3869219,2022-12-05,Round of 16,Japan,1,46,53,Croatia,5463,Luka Modrić,7693,Bruno Petković,Complete,19.483326,106.6,69.5,112.4,50.9
3869219,2022-12-05,Round of 16,Japan,1,46,55,Croatia,7693,Bruno Petković,,,Incomplete,3.0594118,116.8,55.9,117.4,52.9
3869219,2022-12-05,Round of 16,Japan,1,47,28,Croatia,5463,Luka Modrić,5456,Mateo Kovačić,Complete,19.24422,120.0,80.0,114.7,61.5
3869219,2022-12-05,Round of 16,Japan,1,47,30,Croatia,5456,Mateo Kovačić,5463,Luka Modrić,Complete,13.776793,114.7,61.5,108.3,73.7
3869219,2022-12-05,Round of 16,Japan,1,47,32,Croatia,5463,Luka Modrić,29163,Josip Juranović,Complete,13.309019,104.2,71.7,117.4,70.0
3869219,2022-12-05,Round of 16,Japan,1,47,33,Croatia,29163,Josip Juranović,5469,Marcelo Brozović,Complete,55.958286,117.4,70.0,105.6,15.3
3869219,2022-12-05,Round of 16,Japan,2,45,13,Croatia,11127,Borna Barišić,5469,Marcelo Brozović,Complete,7.1168814,14.2,25.1,21.0,23.0
3869219,2022-12-05,Round of 16,Japan,2,45,14,Croatia,5469,Marcelo Brozović,5456,Mateo Kovačić,Complete,11.6430235,21.0,23.0,32.6,22.0
3869219,2022-12-05,Round of 16,Japan,2,45,15,Croatia,5456,Mateo Kovačić,5469,Marcelo Brozović,Complete,5.9808025,32.6,22.0,27.0,24.1
3869219,2022-12-05,Round of 16,Japan,2,45,17,Croatia,5469,Marcelo Brozović,7693,Bruno Petković,Complete,21.617123,31.2,25.0,52.3,20.3
3869219,2022-12-05,Round of 16,Japan,2,45,45,Croatia,16531,Dominik Livaković,7693,Bruno Petković,Complete,66.47323,6.0,36.0,69.7,17.0
3869219,2022-12-05,Round of 16,Japan,2,45,49,Croatia,7693,Bruno Petković,5474,Ivan Perišić,Complete,13.024976,69.7,17.0,82.3,13.7
3869219,2022-12-05,Round of 16,Japan,2,45,57,Croatia,7693,Bruno Petković,,,Incomplete,2.5942245,90.3,1.9,88.0,3.1
3869219,2022-12-05,Round of 16,Japan,2,45,58,Croatia,5456,Mateo Kovačić,5474,Ivan Perišić,Complete,23.836527,89.8,4.2,111.1,14.9
3869219,2022-12-05,Round of 16,Japan,2,46,1,Croatia,5474,Ivan Perišić,5460,Andrej Kramarić,Incomplete,17.54138,110.0,15.4,112.9,32.7
3869219,2022-12-05,Round of 16,Japan,2,46,27,Croatia,5474,Ivan Perišić,7693,Bruno Petković,Incomplete,32.8032,107.9,0.1,110.5,32.8
3869219,2022-12-05,Round of 16,Japan,2,46,31,Croatia,5456,Mateo Kovačić,,,Incomplete,9.002222,105.9,35.5,105.7,44.5
3869219,2022-12-05,Round of 16,Japan,2,46,38,Croatia,3471,Dejan Lovren,29163,Josip Juranović,Complete,19.84364,63.1,59.6,74.7,75.7
3869219,2022-12-05,Round of 16,Japan,2,46,41,Croatia,29163,Josip Juranović,,,Incomplete,15.50516,75.0,76.4,86.5,66.0
3869219,2022-12-05,Round of 16,Japan,2,46,44,Croatia,3471,Dejan Lovren,5469,Marcelo Brozović,Complete,10.519031,56.1,56.0,65.7,60.3
3869219,2022-12-05,Round of 16,Japan,2,46,46,Croatia,5469,Marcelo Brozović,5460,Andrej Kramarić,Complete,6.3505907,65.7,60.3,71.4,57.5
3869219,2022-12-05,Round of 16,Japan,2,46,47,Croatia,5460,Andrej Kramarić,5456,Mateo Kovačić,Complete,7.77946,71.4,57.5,69.0,50.1
3869219,2022-12-05,Round of 16,Japan,2,46,48,Croatia,5456,Mateo Kovačić,5469,Marcelo Brozović,Complete,6.0926185,69.0,50.1,63.4,52.5
3869219,2022-12-05,Round of 16,Japan,2,46,49,Croatia,5469,Marcelo Brozović,33018,Joško Gvardiol,Complete,18.82153,63.4,52.5,52.3,37.3
3869219,2022-12-05,Round of 16,Japan,2,46,51,Croatia,33018,Joško Gvardiol,11127,Borna Barišić,Complete,26.809141,51.8,34.8,57.0,8.5
3869219,2022-12-05,Round of 16,Japan,2,46,57,Croatia,11127,Borna Barišić,33018,Joško Gvardiol,Complete,14.707821,66.4,4.2,56.0,14.6
3869219,2022-12-05,Round of 16,Japan,2,46,59,Croatia,33018,Joško Gvardiol,3471,Dejan Lovren,Complete,23.201939,56.8,19.8,56.5,43.0
3869219,2022-12-05,Round of 16,Japan,2,47,5,Croatia,3471,Dejan Lovren,7693,Bruno Petković,Incomplete,29.349276,61.7,44.9,89.4,35.2
3869219,2022-12-05,Round of 16,Japan,2,47,14,Croatia,3471,Dejan Lovren,16531,Dominik Livaković,Complete,11.882761,27.7,38.8,15.9,37.4
3869219,2022-12-05,Round of 16,Japan,2,47,17,Croatia,16531,Dominik Livaković,5469,Marcelo Brozović,Complete,18.817545,14.9,37.6,33.6,39.7
3869219,2022-12-05,Round of 16,Japan,2,47,21,Croatia,5469,Marcelo Brozović,29163,Josip Juranović,Complete,32.97711,38.6,43.7,56.8,71.2
3869219,2022-12-05,Round of 16,Japan,2,47,24,Croatia,29163,Josip Juranović,5469,Marcelo Brozović,Complete,12.509996,56.8,70.7,56.3,58.2
3869219,2022-12-05,Round of 16,Japan,2,47,27,Croatia,5469,Marcelo Brozović,5474,Ivan Perišić,Incomplete,39.64253,62.1,56.7,99.3,43.0
3869219,2022-12-05,Round of 16,Japan,2,47,45,Croatia,5456,Mateo Kovačić,5469,Marcelo Brozović,Complete,8.598256,77.1,62.2,84.3,57.5
3869219,2022-12-05,Round of 16,Japan,2,48,10,Croatia,29163,Josip Juranović,7693,Bruno Petković,Incomplete,34.15333,88.0,80.0,106.2,51.1
3869219,2022-12-05,Round of 16,Japan,2,48,51,Croatia,29163,Josip Juranović,5469,Marcelo Brozović,Complete,9.546204,21.0,75.9,27.7,69.1
3869219,2022-12-05,Round of 16,Japan,2,48,51,Croatia,5469,Marcelo Brozović,3471,Dejan Lovren,Complete,16.683226,27.7,69.1,14.9,58.4
3869219,2022-12-05,Round of 16,Japan,2,48,53,Croatia,3471,Dejan Lovren,16531,Dominik Livaković,Complete,19.030764,14.9,58.4,4.0,42.8
3869219,2022-12-05,Round of 16,Japan,2,48,55,Croatia,16531,Dominik Livaković,5463,Luka Modrić,Incomplete,45.783184,6.6,43.5,51.3,53.4
3869219,2022-12-05,Round of 16,Japan,2,50,38,Croatia,11127,Borna Barišić,7693,Bruno Petković,Complete,23.584953,33.3,0.1,56.8,2.1
3869219,2022-12-05,Round of 16,Japan,2,50,39,Croatia,7693,Bruno Petković,,,Incomplete,11.83385,56.8,2.1,50.8,12.3
3869219,2022-12-05,Round of 16,Japan,2,50,49,Croatia,3471,Dejan Lovren,16531,Dominik Livaković,Complete,7.2945185,14.6,28.2,8.2,31.7
3869219,2022-12-05,Round of 16,Japan,2,50,53,Croatia,16531,Dominik Livaković,5469,Marcelo Brozović,Complete,17.140594,14.7,34.1,31.5,30.7
3869219,2022-12-05,Round of 16,Japan,2,50,55,Croatia,5469,Marcelo Brozović,5463,Luka Modrić,Complete,18.119879,32.9,31.7,38.6,48.9
3869219,2022-12-05,Round of 16,Japan,2,50,59,Croatia,5463,Luka Modrić,29163,Josip Juranović,Complete,29.788084,51.3,55.4,73.1,75.7
3869219,2022-12-05,Round of 16,Japan,2,51,2,Croatia,29163,Josip Juranović,7693,Bruno Petković,Incomplete,37.080048,75.3,75.5,97.5,45.8
3869219,2022-12-05,Round of 16,Japan,2,51,7,Croatia,29163,Josip Juranović,5463,Luka Modrić,Complete,8.732124,84.2,67.6,80.7,59.6
3869219,2022-12-05,Round of 16,Japan,2,51,8,Croatia,5463,Luka Modrić,5469,Marcelo Brozović,Complete,10.704205,80.2,57.5,74.9,48.2
3869219,2022-12-05,Round of 16,Japan,2,51,11,Croatia,5469,Marcelo Brozović,11127,Borna Barišić,Complete,38.203926,74.5,43.0,81.8,5.5
3869219,2022-12-05,Round of 16,Japan,2,51,14,Croatia,11127,Borna Barišić,,,Incomplete,42.860004,86.6,4.5,112.3,38.8
3869219,2022-12-05,Round of 16,Japan,2,51,39,Croatia,7693,Bruno Petković,,,Incomplete,2.1587033,95.0,19.2,95.5,21.3
3869219,2022-12-05,Round of 16,Japan,2,52,0,Croatia,3471,Dejan Lovren,29163,Josip Juranović,Complete,16.1059,38.3,55.6,45.1,70.2
3869219,2022-12-05,Round of 16,Japan,2,52,3,Croatia,29163,Josip Juranović,5469,Marcelo Brozović,Complete,16.11521,44.4,71.0,45.1,54.9
3869219,2022-12-05,Round of 16,Japan,2,52,5,Croatia,5469,Marcelo Brozović,16531,Dominik Livaković,Complete,31.657068,39.3,53.4,9.4,43.0
3869219,2022-12-05,Round of 16,Japan,2,52,10,Croatia,16531,Dominik Livaković,3471,Dejan Lovren,Complete,18.703209,14.4,42.6,21.0,60.1
3869219,2022-12-05,Round of 16,Japan,2,52,12,Croatia,3471,Dejan Lovren,5469,Marcelo Brozović,Complete,12.532358,21.5,60.3,34.0,61.2
3869219,2022-12-05,Round of 16,Japan,2,52,23,Croatia,5469,Marcelo Brozović,3471,Dejan Lovren,Complete,15.839823,56.8,64.3,45.7,53.0
3869219,2022-12-05,Round of 16,Japan,2,52,26,Croatia,3471,Dejan Lovren,5469,Marcelo Brozović,Complete,18.445868,44.7,52.5,51.1,69.8
3869219,2022-12-05,Round of 16,Japan,2,52,27,Croatia,5469,Marcelo Brozović,29163,Josip Juranović,Complete,17.400288,51.1,69.8,67.2,76.4
3869219,2022-12-05,Round of 16,Japan,2,52,28,Croatia,29163,Josip Juranović,,,Incomplete,2.2825425,67.9,76.2,69.0,74.2
3869219,2022-12-05,Round of 16,Japan,2,52,33,Croatia,29163,Josip Juranović,7693,Bruno Petković,Complete,35.573586,70.4,80.0,88.2,49.2
3869219,2022-12-05,Round of 16,Japan,2,52,35,Croatia,7693,Bruno Petković,,,Incomplete,13.462912,88.2,49.2,98.8,57.5
3869219,2022-12-05,Round of 16,Japan,2,52,45,Croatia,5463,Luka Modrić,7693,Bruno Petković,Complete,7.6478753,93.2,71.7,100.0,75.2
3869219,2022-12-05,Round of 16,Japan,2,52,48,Croatia,7693,Bruno Petković,,,Incomplete,64.5241,98.4,73.1,94.4,8.7
3869219,2022-12-05,Round of 16,Japan,2,54,2,Croatia,3471,Dejan Lovren,29163,Josip Juranović,Complete,14.222517,32.6,54.6,38.8,67.4
3869219,2022-12-05,Round of 16,Japan,2,54,3,Croatia,29163,Josip Juranović,3471,Dejan Lovren,Complete,10.016986,39.2,67.4,36.7,57.7
3869219,2022-12-05,Round of 16,Japan,2,54,5,Croatia,3471,Dejan Lovren,5463,Luka Modrić,Complete,13.061394,36.7,57.7,39.3,44.9
3869219,2022-12-05,Round of 16,Japan,2,54,12,Croatia,5463,Luka Modrić,5456,Mateo Kovačić,Complete,15.065855,68.3,28.6,83.0,25.3
3869219,2022-12-05,Round of 16,Japan,2,54,16,Croatia,5469,Marcelo Brozović,5463,Luka Modrić,Complete,4.3416586,67.9,35.5,65.8,31.7
3869219,2022-12-05,Round of 16,Japan,2,54,19,Croatia,5463,Luka Modrić,11127,Borna Barišić,Complete,27.011848,62.4,31.5,63.2,4.5
3869219,2022-12-05,Round of 16,Japan,2,54,22,Croatia,11127,Borna Barišić,5463,Luka Modrić,Complete,11.6430235,64.1,6.6,63.1,18.2
3869219,2022-12-05,Round of 16,Japan,2,54,24,Croatia,5463,Luka Modrić,5469,Marcelo Brozović,Complete,11.46342,63.8,19.2,72.8,26.3
3869219,2022-12-05,Round of 16,Japan,2,54,29,Croatia,5469,Marcelo Brozović,5456,Mateo Kovačić,Complete,6.5604877,75.9,9.9,79.9,15.1
3869219,2022-12-05,Round of 16,Japan,2,54,29,Croatia,5456,Mateo Kovačić,5463,Luka Modrić,Complete,11.957006,79.9,15.1,69.5,21.0
3869219,2022-12-05,Round of 16,Japan,2,54,35,Croatia,5463,Luka Modrić,29163,Josip Juranović,Complete,33.895428,74.0,33.3,81.3,66.4
3869219,2022-12-05,Round of 16,Japan,2,54,38,Croatia,29163,Josip Juranović,5460,Andrej Kramarić,Complete,6.9065185,83.3,69.7,87.2,75.4
3869219,2022-12-05,Round of 16,Japan,2,54,45,Croatia,5460,Andrej Kramarić,5469,Marcelo Brozović,Complete,9.140022,87.0,51.8,92.5,59.1
3869219,2022-12-05,Round of 16,Japan,2,54,48,Croatia,5469,Marcelo Brozović,29163,Josip Juranović,Complete,16.18178,87.5,61.2,97.4,74.0
3869219,2022-12-05,Round of 16,Japan,2,54,50,Croatia,29163,Josip Juranović,3471,Dejan Lovren,Complete,17.295664,97.4,74.0,80.7,69.5
3869219,2022-12-05,Round of 16,Japan,2,54,53,Croatia,3471,Dejan Lovren,5474,Ivan Perišić,Complete,40.18221,85.4,68.6,106.0,34.1
3869219,2022-12-05,Round of 16,Japan,2,56,11,Croatia,5456,Mateo Kovačić,5474,Ivan Perišić,Complete,5.7939625,34.3,11.6,39.7,9.5
3869219,2022-12-05,Round of 16,Japan,2,56,12,Croatia,5474,Ivan Perišić,5463,Luka Modrić,Complete,9.079648,39.5,9.7,38.3,18.7
3869219,2022-12-05,Round of 16,Japan,2,56,14,Croatia,5463,Luka Modrić,,,Out,16.279127,37.3,14.6,44.7,0.1
3869219,2022-12-05,Round of 16,Japan,2,57,36,Croatia,29163,Josip Juranović,5456,Mateo Kovačić,Complete,6.511528,9.5,62.2,8.3,68.6
3869219,2022-12-05,Round of 16,Japan,2,57,38,Croatia,5456,Mateo Kovačić,,,Incomplete,62.252388,8.5,69.8,64.1,41.8
3869219,2022-12-05,Round of 16,Japan,2,58,0,Croatia,5463,Luka Modrić,5474,Ivan Perišić,Complete,18.879883,81.3,8.3,100.0,5.7
3869219,2022-12-05,Round of 16,Japan,2,58,15,Croatia,29163,Josip Juranović,5474,Ivan Perišić,Complete,19.790907,104.3,70.0,99.5,50.8
3869219,2022-12-05,Round of 16,Japan,2,58,17,Croatia,5474,Ivan Perišić,,,Incomplete,12.61507,99.5,49.9,107.8,59.4
3869219,2022-12-05,Round of 16,Japan,2,58,51,Croatia,29163,Josip Juranović,3471,Dejan Lovren,Complete,12.539936,93.9,80.0,87.7,69.1
3869219,2022-12-05,Round of 16,Japan,2,58,55,Croatia,3471,Dejan Lovren,5469,Marcelo Brozović,Incomplete,23.078344,86.6,67.4,99.1,48.0
3869219,2022-12-05,Round of 16,Japan,2,58,58,Croatia,29163,Josip Juranović,5463,Luka Modrić,Complete,10.36002,86.5,71.2,92.7,62.9
3869219,2022-12-05,Round of 16,Japan,2,58,59,Croatia,5463,Luka Modrić,,,Incomplete,10.377379,91.5,63.2,97.0,54.4
3869219,2022-12-05,Round of 16,Japan,2,60,1,Croatia,16531,Dominik Livaković,,,Injury Clearance,45.41024,13.5,34.5,21.5,79.2
3869219,2022-12-05,Round of 16,Japan,2,60,35,Croatia,16531,Dominik Livaković,3471,Dejan Lovren,Complete,14.886235,14.4,37.3,22.0,50.1
3869219,2022-12-05,Round of 16,Japan,2,60,47,Croatia,3471,Dejan Lovren,5469,Marcelo Brozović,Complete,31.439625,47.1,56.0,52.9,25.1
3869219,2022-12-05,Round of 16,Japan,2,60,53,Croatia,5469,Marcelo Brozović,5456,Mateo Kovačić,Complete,20.44138,52.2,25.1,69.3,13.9
3869219,2022-12-05,Round of 16,Japan,2,60,55,Croatia,5456,Mateo Kovačić,5469,Marcelo Brozović,Complete,11.443775,69.8,13.9,58.4,14.9
3869219,2022-12-05,Round of 16,Japan,2,60,56,Croatia,5469,Marcelo Brozović,11127,Borna Barišić,Complete,21.00595,58.4,14.9,74.9,1.9
3869219,2022-12-05,Round of 16,Japan,2,60,59,Croatia,11127,Borna Barišić,,,Incomplete,39.143456,81.1,1.4,105.0,32.4
3869219,2022-12-05,Round of 16,Japan,2,61,40,Croatia,11127,Borna Barišić,5460,Andrej Kramarić,Complete,21.077477,30.8,14.4,51.3,9.5
3869219,2022-12-05,Round of 16,Japan,2,61,46,Croatia,5460,Andrej Kramarić,29163,Josip Juranović,Complete,34.827145,49.0,24.4,38.8,57.7
3869219,2022-12-05,Round of 16,Japan,2,61,50,Croatia,29163,Josip Juranović,3471,Dejan Lovren,Complete,12.141252,40.2,57.7,39.2,45.6
3869219,2022-12-05,Round of 16,Japan,2,61,52,Croatia,3471,Dejan Lovren,5469,Marcelo Brozović,Complete,21.054453,38.8,45.1,56.1,33.1
3869219,2022-12-05,Round of 16,Japan,2,61,55,Croatia,5469,Marcelo Brozović,5456,Mateo Kovačić,Complete,20.3,61.2,25.3,75.9,11.3
3869219,2022-12-05,Round of 16,Japan,2,61,57,Croatia,5456,Mateo Kovačić,11127,Borna Barišić,Complete,7.18401,74.9,8.8,76.9,1.9
3869219,2022-12-05,Round of 16,Japan,2,61,59,Croatia,11127,Borna Barišić,5456,Mateo Kovačić,Complete,10.04241,79.4,1.4,69.7,4.0
3869219,2022-12-05,Round of 16,Japan,2,62,1,Croatia,5456,Mateo Kovačić,33018,Joško Gvardiol,Complete,24.698177,69.3,5.0,56.3,26.0
3869219,2022-12-05,Round of 16,Japan,2,62,3,Croatia,33018,Joško Gvardiol,3471,Dejan Lovren,Complete,19.720295,58.6,31.2,63.1,50.4
3869219,2022-12-05,Round of 16,Japan,2,62,8,Croatia,3471,Dejan Lovren,8654,Ante Budimir,Incomplete,34.56718,75.1,53.5,104.3,35.0
3869219,2022-12-05,Round of 16,Japan,2,62,11,Croatia,5469,Marcelo Brozović,5463,Luka Modrić,Complete,8.935883,88.2,41.6,92.9,49.2
3869219,2022-12-05,Round of 16,Japan,2,62,51,Croatia,5456,Mateo Kovačić,5463,Luka Modrić,Complete,3.9446166,120.0,0.1,116.6,2.1
3869219,2022-12-05,Round of 16,Japan,2,62,53,Croatia,5463,Luka Modrić,,,Out,67.91208,116.1,3.1,120.0,70.9
3869219,2022-12-05,Round of 16,Japan,2,64,13,Croatia,16531,Dominik Livaković,33018,Joško Gvardiol,Complete,7.7077885,14.7,40.4,17.7,33.3
3869219,2022-12-05,Round of 16,Japan,2,64,15,Croatia,33018,Joško Gvardiol,3471,Dejan Lovren,Complete,16.169725,19.6,32.6,21.1,48.7
3869219,2022-12-05,Round of 16,Japan,2,64,20,Croatia,3471,Dejan Lovren,29163,Josip Juranović,Complete,19.160376,31.9,52.0,43.3,67.4
3869219,2022-12-05,Round of 16,Japan,2,64,25,Croatia,29163,Josip Juranović,3471,Dejan Lovren,Complete,13.648809,52.9,65.3,40.2,60.3
3869219,2022-12-05,Round of 16,Japan,2,64,29,Croatia,3471,Dejan Lovren,33018,Joško Gvardiol,Complete,36.678604,43.5,59.6,45.9,23.0
3869219,2022-12-05,Round of 16,Japan,2,64,33,Croatia,33018,Joško Gvardiol,,,Incomplete,42.99686,56.5,24.3,89.8,51.5
3869219,2022-12-05,Round of 16,Japan,2,64,39,Croatia,5469,Marcelo Brozović,11127,Borna Barišić,Complete,23.641489,74.9,29.1,73.5,5.5
3869219,2022-12-05,Round of 16,Japan,2,64,42,Croatia,11127,Borna Barišić,33018,Joško Gvardiol,Complete,16.61385,70.9,4.2,57.0,13.3
3869219,2022-12-05,Round of 16,Japan,2,64,44,Croatia,33018,Joško Gvardiol,11127,Borna Barišić,Complete,7.106335,56.5,10.6,56.8,3.5
3869219,2022-12-05,Round of 16,Japan,2,64,46,Croatia,11127,Borna Barišić,16531,Dominik Livaković,Complete,41.915154,56.8,3.5,21.0,25.3
3869219,2022-12-05,Round of 16,Japan,2,64,52,Croatia,16531,Dominik Livaković,5469,Marcelo Brozović,Complete,17.880716,22.0,30.0,32.6,15.6
3869219,2022-12-05,Round of 16,Japan,2,64,56,Croatia,5469,Marcelo Brozović,5456,Mateo Kovačić,Complete,11.621101,34.1,13.5,45.7,12.8
3869219,2022-12-05,Round of 16,Japan,2,64,57,Croatia,5456,Mateo Kovačić,5469,Marcelo Brozović,Complete,12.175796,45.6,12.8,34.1,8.8
3869219,2022-12-05,Round of 16,Japan,2,65,2,Croatia,5469,Marcelo Brozović,16531,Dominik Livaković,Complete,30.674093,30.5,8.5,15.4,35.2
3869219,2022-12-05,Round of 16,Japan,2,65,9,Croatia,16531,Dominik Livaković,5474,Ivan Perišić,Complete,62.269253,25.3,39.7,82.8,63.6
3869219,2022-12-05,Round of 16,Japan,2,65,13,Croatia,5474,Ivan Perišić,5463,Luka Modrić,Incomplete,10.0657835,82.8,63.6,76.2,56.0
3869219,2022-12-05,Round of 16,Japan,2,65,21,Croatia,29163,Josip Juranović,5474,Ivan Perišić,Complete,10.377379,75.2,76.2,80.7,67.4
3869219,2022-12-05,Round of 16,Japan,2,65,22,Croatia,5474,Ivan Perišić,29163,Josip Juranović,Complete,15.286922,80.7,67.4,93.2,76.2
3869219,2022-12-05,Round of 16,Japan,2,65,25,Croatia,29163,Josip Juranović,,,Incomplete,24.364729,104.1,74.2,108.3,50.2
3869219,2022-12-05,Round of 16,Japan,2,65,30,Croatia,5469,Marcelo Brozović,5474,Ivan Perišić,Complete,6.5069194,97.4,57.5,92.9,52.8
3869219,2022-12-05,Round of 16,Japan,2,65,36,Croatia,11127,Borna Barišić,5460,Andrej Kramarić,Complete,8.504117,93.2,23.9,98.8,17.5
3869219,2022-12-05,Round of 16,Japan,2,65,44,Croatia,5460,Andrej Kramarić,5469,Marcelo Brozović,Complete,9.257429,97.7,18.9,93.6,27.2
3869219,2022-12-05,Round of 16,Japan,2,65,49,Croatia,5469,Marcelo Brozović,5460,Andrej Kramarić,Complete,10.031949,95.8,23.2,105.0,19.2
3869219,2022-12-05,Round of 16,Japan,2,66,36,Croatia,29163,Josip Juranović,5474,Ivan Perišić,Complete,12.984991,76.2,80.0,87.2,73.1
3869219,2022-12-05,Round of 16,Japan,2,66,37,Croatia,5474,Ivan Perišić,29163,Josip Juranović,Complete,7.206941,87.2,72.6,80.9,76.1
3869219,2022-12-05,Round of 16,Japan,2,66,38,Croatia,29163,Josip Juranović,5469,Marcelo Brozović,Incomplete,2.912044,80.7,75.9,79.9,73.1
3869219,2022-12-05,Round of 16,Japan,2,67,3,Croatia,29163,Josip Juranović,8654,Ante Budimir,Complete,34.645924,87.0,80.0,106.7,51.5
3869219,2022-12-05,Round of 16,Japan,2,67,5,Croatia,8654,Ante Budimir,,,Incomplete,17.617321,106.7,51.5,116.1,36.6
3869219,2022-12-05,Round of 16,Japan,2,68,20,Croatia,33018,Joško Gvardiol,16531,Dominik Livaković,Complete,15.494515,15.4,12.8,9.2,27.0
3869219,2022-12-05,Round of 16,Japan,2,68,24,Croatia,16531,Dominik Livaković,11603,Mario Pašalić,Complete,68.52744,10.1,31.0,75.0,53.0
3869219,2022-12-05,Round of 16,Japan,2,68,27,Croatia,11603,Mario Pašalić,,,Incomplete,14.814182,74.9,53.4,88.4,47.3
3869219,2022-12-05,Round of 16,Japan,2,68,57,Croatia,3471,Dejan Lovren,5474,Ivan Perišić,Complete,19.266552,68.3,53.9,81.1,39.5
3869219,2022-12-05,Round of 16,Japan,2,69,50,Croatia,16531,Dominik Livaković,8654,Ante Budimir,Incomplete,64.58049,6.0,44.0,69.0,58.2
3869219,2022-12-05,Round of 16,Japan,2,70,38,Croatia,11127,Borna Barišić,,,Incomplete,22.439697,21.5,0.1,43.8,2.6
3869219,2022-12-05,Round of 16,Japan,2,70,56,Croatia,5463,Luka Modrić,33018,Joško Gvardiol,Complete,20.681393,43.3,49.7,39.9,29.3
3869219,2022-12-05,Round of 16,Japan,2,71,1,Croatia,33018,Joško Gvardiol,5469,Marcelo Brozović,Complete,22.081894,42.8,26.0,44.7,48.0
3869219,2022-12-05,Round of 16,Japan,2,71,4,Croatia,5469,Marcelo Brozović,11603,Mario Pašalić,Complete,28.09573,50.9,54.1,72.8,71.7
3869219,2022-12-05,Round of 16,Japan,2,71,7,Croatia,11603,Mario Pašalić,5469,Marcelo Brozović,Complete,12.180722,68.6,71.9,56.5,70.5
3869219,2022-12-05,Round of 16,Japan,2,71,8,Croatia,5469,Marcelo Brozović,5463,Luka Modrić,Incomplete,8.1154175,56.5,70.5,57.0,62.4
3869219,2022-12-05,Round of 16,Japan,2,71,12,Croatia,33018,Joško Gvardiol,5474,Ivan Perišić,Complete,30.827423,39.2,30.5,62.4,10.2
3869219,2022-12-05,Round of 16,Japan,2,71,16,Croatia,5474,Ivan Perišić,5456,Mateo Kovačić,Incomplete,13.438005,62.1,11.5,71.4,21.2
3869219,2022-12-05,Round of 16,Japan,2,71,46,Croatia,3471,Dejan Lovren,5456,Mateo Kovačić,Complete,14.561936,7.3,32.2,14.6,19.6
3869219,2022-12-05,Round of 16,Japan,2,71,49,Croatia,5456,Mateo Kovačić,5474,Ivan Perišić,Complete,5.2239833,21.5,7.5,21.0,2.3
3869219,2022-12-05,Round of 16,Japan,2,71,50,Croatia,5474,Ivan Perišić,5469,Marcelo Brozović,Complete,18.260887,21.1,2.3,32.2,16.8
3869219,2022-12-05,Round of 16,Japan,2,71,54,Croatia,5469,Marcelo Brozović,5456,Mateo Kovačić,Complete,10.963576,39.5,8.8,50.1,11.6
3869219,2022-12-05,Round of 16,Japan,2,71,55,Croatia,5456,Mateo Kovačić,11603,Mario Pašalić,Complete,13.566503,49.6,14.0,45.4,26.9
3869219,2022-12-05,Round of 16,Japan,2,71,58,Croatia,11603,Mario Pašalić,29163,Josip Juranović,Complete,24.603252,44.7,29.3,45.1,53.9
3869219,2022-12-05,Round of 16,Japan,2,71,59,Croatia,29163,Josip Juranović,5463,Luka Modrić,Complete,5.6142673,45.1,53.9,44.7,48.3
3869219,2022-12-05,Round of 16,Japan,2,72,6,Croatia,5463,Luka Modrić,5474,Ivan Perišić,Incomplete,42.712997,75.1,53.5,105.7,23.7
3869219,2022-12-05,Round of 16,Japan,2,72,55,Croatia,5463,Luka Modrić,5474,Ivan Perišić,Complete,24.212393,120.0,0.1,116.8,24.1
3869219,2022-12-05,Round of 16,Japan,2,72,56,Croatia,5474,Ivan Perišić,,,Incomplete,10.248902,116.4,23.4,106.2,22.4
3869219,2022-12-05,Round of 16,Japan,2,73,4,Croatia,29163,Josip Juranović,3471,Dejan Lovren,Complete,20.238825,58.1,47.8,78.1,50.9
3869219,2022-12-05,Round of 16,Japan,2,73,32,Croatia,5469,Marcelo Brozović,5463,Luka Modrić,Complete,7.4330344,70.9,46.3,73.1,53.4
3869219,2022-12-05,Round of 16,Japan,2,73,35,Croatia,5463,Luka Modrić,5469,Marcelo Brozović,Complete,7.6902537,73.6,53.4,81.1,55.1
3869219,2022-12-05,Round of 16,Japan,2,73,37,Croatia,5469,Marcelo Brozović,11603,Mario Pašalić,Complete,12.054045,87.0,63.4,98.1,58.7
3869219,2022-12-05,Round of 16,Japan,2,73,38,Croatia,11603,Mario Pašalić,29163,Josip Juranović,Complete,18.82153,98.4,59.1,92.9,77.1
3869219,2022-12-05,Round of 16,Japan,2,73,42,Croatia,29163,Josip Juranović,11603,Mario Pašalić,Complete,34.79684,93.6,76.4,107.5,44.5
3869219,2022-12-05,Round of 16,Japan,2,74,35,Croatia,11127,Borna Barišić,,,Incomplete,29.813587,50.8,9.2,73.0,29.1
3869219,2022-12-05,Round of 16,Japan,2,75,35,Croatia,5463,Luka Modrić,8654,Ante Budimir,Complete,9.80816,47.1,42.1,56.5,39.3
3869219,2022-12-05,Round of 16,Japan,2,75,52,Croatia,5456,Mateo Kovačić,8654,Ante Budimir,Complete,12.060266,52.7,37.4,64.3,40.7
3869219,2022-12-05,Round of 16,Japan,2,75,53,Croatia,8654,Ante Budimir,5456,Mateo Kovačić,Complete,7.3,64.1,40.7,59.3,35.2
3869219,2022-12-05,Round of 16,Japan,2,75,55,Croatia,5456,Mateo Kovačić,5463,Luka Modrić,Complete,10.278619,59.3,35.2,62.7,44.9
3869219,2022-12-05,Round of 16,Japan,2,77,18,Croatia,5463,Luka Modrić,5474,Ivan Perišić,Incomplete,31.416239,120.0,0.1,117.3,31.4
3869219,2022-12-05,Round of 16,Japan,2,77,21,Croatia,11603,Mario Pašalić,11127,Borna Barišić,Unknown,7.881624,115.1,45.9,110.5,39.5
3869219,2022-12-05,Round of 16,Japan,2,79,30,Croatia,11603,Mario Pašalić,,,Out,32.3631,6.2,51.8,23.1,79.4
3869219,2022-12-05,Round of 16,Japan,2,80,2,Croatia,16531,Dominik Livaković,3471,Dejan Lovren,Complete,21.574522,14.9,40.9,26.0,59.4
3869219,2022-12-05,Round of 16,Japan,2,80,5,Croatia,3471,Dejan Lovren,5469,Marcelo Brozović,Complete,13.577187,26.0,59.4,38.5,54.1
3869219,2022-12-05,Round of 16,Japan,2,80,10,Croatia,5469,Marcelo Brozović,33018,Joško Gvardiol,Complete,16.191357,39.2,35.9,32.2,21.3
3869219,2022-12-05,Round of 16,Japan,2,80,13,Croatia,33018,Joško Gvardiol,3471,Dejan Lovren,Complete,31.433104,33.3,21.0,43.3,50.8
3869219,2022-12-05,Round of 16,Japan,2,80,21,Croatia,3471,Dejan Lovren,5469,Marcelo Brozović,Complete,18.341211,46.1,51.8,62.7,59.6
3869219,2022-12-05,Round of 16,Japan,2,80,23,Croatia,5469,Marcelo Brozović,11603,Mario Pašalić,Complete,18.785633,64.6,62.2,79.9,73.1
3869219,2022-12-05,Round of 16,Japan,2,80,25,Croatia,11603,Mario Pašalić,5469,Marcelo Brozović,Complete,10.683165,74.9,73.1,67.6,65.3
3869219,2022-12-05,Round of 16,Japan,2,80,26,Croatia,5469,Marcelo Brozović,29163,Josip Juranović,Incomplete,18.214828,68.7,65.8,86.4,70.1
3869219,2022-12-05,Round of 16,Japan,2,80,35,Croatia,11603,Mario Pašalić,29163,Josip Juranović,Complete,18.413311,37.3,56.3,51.6,67.9
3869219,2022-12-05,Round of 16,Japan,2,80,37,Croatia,29163,Josip Juranović,,,Incomplete,1.9723083,50.6,68.1,52.3,67.1
3869219,2022-12-05,Round of 16,Japan,2,80,50,Croatia,5463,Luka Modrić,33018,Joško Gvardiol,Complete,30.808115,56.8,61.3,45.1,32.8
3869219,2022-12-05,Round of 16,Japan,2,80,54,Croatia,33018,Joško Gvardiol,5456,Mateo Kovačić,Complete,7.18401,53.0,35.2,58.6,30.7
3869219,2022-12-05,Round of 16,Japan,2,80,56,Croatia,5456,Mateo Kovačić,11127,Borna Barišić,Complete,23.661995,62.6,20.6,77.6,2.3
3869219,2022-12-05,Round of 16,Japan,2,80,59,Croatia,11127,Borna Barišić,5456,Mateo Kovačić,Complete,9.231468,82.0,1.4,74.9,7.3
3869219,2022-12-05,Round of 16,Japan,2,81,3,Croatia,5456,Mateo Kovačić,3471,Dejan Lovren,Complete,35.575974,74.7,7.8,63.6,41.6
3869219,2022-12-05,Round of 16,Japan,2,81,6,Croatia,3471,Dejan Lovren,5463,Luka Modrić,Complete,14.549914,63.4,42.6,68.3,56.3
3869219,2022-12-05,Round of 16,Japan,2,81,8,Croatia,5463,Luka Modrić,29163,Josip Juranović,Complete,20.840345,68.8,57.4,81.4,74.0
3869219,2022-12-05,Round of 16,Japan,2,81,11,Croatia,29163,Josip Juranović,,,Incomplete,46.97925,81.1,74.2,105.9,34.3
3869219,2022-12-05,Round of 16,Japan,2,81,47,Croatia,33018,Joško Gvardiol,3471,Dejan Lovren,Complete,30.07607,27.9,19.2,35.5,48.3
3869219,2022-12-05,Round of 16,Japan,2,81,54,Croatia,3471,Dejan Lovren,29163,Josip Juranović,Complete,21.558525,39.9,49.0,50.8,67.6
3869219,2022-12-05,Round of 16,Japan,2,81,58,Croatia,29163,Josip Juranović,8654,Ante Budimir,Unknown,50.39891,53.9,67.6,102.8,55.4
3869219,2022-12-05,Round of 16,Japan,2,82,35,Croatia,3471,Dejan Lovren,5463,Luka Modrić,Complete,12.589679,26.3,59.3,38.8,60.8
3869219,2022-12-05,Round of 16,Japan,2,82,36,Croatia,5463,Luka Modrić,5469,Marcelo Brozović,Complete,6.7029843,38.8,60.8,38.6,54.1
3869219,2022-12-05,Round of 16,Japan,2,82,37,Croatia,5469,Marcelo Brozović,,,Incomplete,2.2472205,38.5,54.9,39.3,52.8
3869219,2022-12-05,Round of 16,Japan,2,82,54,Croatia,5463,Luka Modrić,33018,Joško Gvardiol,Complete,27.294321,63.4,58.0,56.1,31.7
3869219,2022-12-05,Round of 16,Japan,2,82,57,Croatia,33018,Joško Gvardiol,3471,Dejan Lovren,Complete,14.028899,56.3,31.7,57.2,45.7
3869219,2022-12-05,Round of 16,Japan,2,82,59,Croatia,3471,Dejan Lovren,5463,Luka Modrić,Complete,13.805072,57.2,45.7,58.9,59.4
3869219,2022-12-05,Round of 16,Japan,2,83,1,Croatia,5463,Luka Modrić,29163,Josip Juranović,Complete,22.521101,62.6,61.9,81.4,74.3
3869219,2022-12-05,Round of 16,Japan,2,83,4,Croatia,29163,Josip Juranović,11603,Mario Pašalić,Complete,9.436631,84.9,74.9,75.7,72.8
3869219,2022-12-05,Round of 16,Japan,2,83,8,Croatia,11603,Mario Pašalić,5463,Luka Modrić,Complete,8.132035,74.7,66.5,80.4,72.3
3869219,2022-12-05,Round of 16,Japan,2,83,13,Croatia,5463,Luka Modrić,11603,Mario Pašalić,Complete,7.3790245,80.4,72.1,73.8,68.8
3869219,2022-12-05,Round of 16,Japan,2,83,15,Croatia,11603,Mario Pašalić,3471,Dejan Lovren,Complete,22.943626,73.6,67.4,63.1,47.0
3869219,2022-12-05,Round of 16,Japan,2,83,19,Croatia,3471,Dejan Lovren,5469,Marcelo Brozović,Complete,14.035668,61.7,45.7,69.3,57.5
3869219,2022-12-05,Round of 16,Japan,2,83,21,Croatia,5469,Marcelo Brozović,5456,Mateo Kovačić,Complete,7.8721027,67.6,57.5,71.0,50.4
3869219,2022-12-05,Round of 16,Japan,2,83,22,Croatia,5456,Mateo Kovačić,5463,Luka Modrić,Complete,18.952837,73.0,52.3,83.0,68.4
3869219,2022-12-05,Round of 16,Japan,2,83,24,Croatia,5463,Luka Modrić,29163,Josip Juranović,Complete,8.631338,85.4,69.1,91.7,75.0
3869219,2022-12-05,Round of 16,Japan,2,83,26,Croatia,29163,Josip Juranović,5463,Luka Modrić,Complete,9.8792715,91.7,75.2,83.3,70.0
3869219,2022-12-05,Round of 16,Japan,2,83,27,Croatia,5463,Luka Modrić,5469,Marcelo Brozović,Complete,16.54358,83.0,70.0,66.5,68.8
3869219,2022-12-05,Round of 16,Japan,2,83,31,Croatia,5469,Marcelo Brozović,5463,Luka Modrić,Complete,13.3764715,69.3,68.6,82.0,72.8
3869219,2022-12-05,Round of 16,Japan,2,83,35,Croatia,5463,Luka Modrić,5456,Mateo Kovačić,Complete,11.882761,87.0,69.8,88.4,58.0
3869219,2022-12-05,Round of 16,Japan,2,83,39,Croatia,5456,Mateo Kovačić,5474,Ivan Perišić,Complete,9.277931,106.2,62.7,105.0,71.9
3869219,2022-12-05,Round of 16,Japan,2,83,43,Croatia,5474,Ivan Perišić,5456,Mateo Kovačić,Complete,6.0033326,105.2,73.1,105.0,67.1
3869219,2022-12-05,Round of 16,Japan,2,83,44,Croatia,5456,Mateo Kovačić,5474,Ivan Perišić,Complete,9.752948,105.0,67.1,114.4,64.5
3869219,2022-12-05,Round of 16,Japan,2,84,44,Croatia,16531,Dominik Livaković,8654,Ante Budimir,Incomplete,73.958435,6.0,36.0,75.2,9.9
3869219,2022-12-05,Round of 16,Japan,2,84,57,Croatia,11127,Borna Barišić,33018,Joško Gvardiol,Complete,19.275114,63.6,0.1,46.4,8.8
3869219,2022-12-05,Round of 16,Japan,2,85,1,Croatia,33018,Joško Gvardiol,3471,Dejan Lovren,Complete,26.053791,56.0,7.6,45.4,31.4
3869219,2022-12-05,Round of 16,Japan,2,85,5,Croatia,3471,Dejan Lovren,29163,Josip Juranović,Complete,23.537205,52.0,40.4,57.0,63.4
3869219,2022-12-05,Round of 16,Japan,2,85,8,Croatia,29163,Josip Juranović,11603,Mario Pašalić,Complete,17.270784,56.5,67.9,71.7,76.1
3869219,2022-12-05,Round of 16,Japan,2,85,9,Croatia,11603,Mario Pašalić,,,Incomplete,3.6878178,71.6,76.4,74.0,73.6
3869219,2022-12-05,Round of 16,Japan,2,85,23,Croatia,29163,Josip Juranović,3471,Dejan Lovren,Complete,18.811167,51.1,80.0,33.6,73.1
3869219,2022-12-05,Round of 16,Japan,2,85,28,Croatia,3471,Dejan Lovren,8654,Ante Budimir,Incomplete,54.42426,44.9,72.2,95.9,53.2
3869219,2022-12-05,Round of 16,Japan,2,85,34,Croatia,5469,Marcelo Brozović,5456,Mateo Kovačić,Complete,20.402206,75.0,55.1,87.0,38.6
3869219,2022-12-05,Round of 16,Japan,2,85,38,Croatia,5456,Mateo Kovačić,5474,Ivan Perišić,Complete,10.324728,97.6,24.4,92.2,15.6
3869219,2022-12-05,Round of 16,Japan,2,85,40,Croatia,5474,Ivan Perišić,11603,Mario Pašalić,Complete,32.146072,92.9,15.9,110.5,42.8
3869219,2022-12-05,Round of 16,Japan,2,86,48,Croatia,5456,Mateo Kovačić,5474,Ivan Perišić,Complete,5.0328918,42.6,5.4,38.8,2.1
3869219,2022-12-05,Round of 16,Japan,2,86,49,Croatia,5474,Ivan Perišić,5456,Mateo Kovačić,Complete,4.661545,38.8,2.1,40.6,6.4
3869219,2022-12-05,Round of 16,Japan,2,86,50,Croatia,5456,Mateo Kovačić,5474,Ivan Perišić,Complete,11.531695,40.6,6.4,51.3,2.1
3869219,2022-12-05,Round of 16,Japan,2,86,52,Croatia,5474,Ivan Perišić,8654,Ante Budimir,Incomplete,52.979713,55.8,1.4,105.7,19.2
3869219,2022-12-05,Round of 16,Japan,2,87,55,Croatia,11127,Borna Barišić,3471,Dejan Lovren,Complete,41.372696,15.4,13.5,34.5,50.2
3869219,2022-12-05,Round of 16,Japan,2,88,4,Croatia,3471,Dejan Lovren,29163,Josip Juranović,Complete,22.43212,37.3,51.3,48.9,70.5
3869219,2022-12-05,Round of 16,Japan,2,88,8,Croatia,29163,Josip Juranović,5469,Marcelo Brozović,Complete,22.388613,50.6,65.3,47.7,43.1
3869219,2022-12-05,Round of 16,Japan,2,88,10,Croatia,5469,Marcelo Brozović,11127,Borna Barišić,Complete,34.244125,53.2,35.9,62.7,3.0
3869219,2022-12-05,Round of 16,Japan,2,88,15,Croatia,11127,Borna Barišić,5469,Marcelo Brozović,Complete,12.571794,63.1,2.6,56.5,13.3
3869219,2022-12-05,Round of 16,Japan,2,88,17,Croatia,5469,Marcelo Brozović,5463,Luka Modrić,Complete,27.522354,52.3,14.7,56.5,41.9
3869219,2022-12-05,Round of 16,Japan,2,88,20,Croatia,5463,Luka Modrić,5469,Marcelo Brozović,Complete,21.602314,55.3,36.9,57.4,15.4
3869219,2022-12-05,Round of 16,Japan,2,88,23,Croatia,5469,Marcelo Brozović,5463,Luka Modrić,Complete,22.231958,63.2,8.3,53.7,28.4
3869219,2022-12-05,Round of 16,Japan,2,88,29,Croatia,5463,Luka Modrić,29163,Josip Juranović,Complete,38.327538,62.4,38.6,76.6,74.2
3869219,2022-12-05,Round of 16,Japan,2,88,32,Croatia,29163,Josip Juranović,3471,Dejan Lovren,Complete,18.343937,74.9,75.0,57.4,69.5
3869219,2022-12-05,Round of 16,Japan,2,88,35,Croatia,3471,Dejan Lovren,16531,Dominik Livaković,Complete,39.563747,54.4,67.7,23.9,42.5
3869219,2022-12-05,Round of 16,Japan,2,88,42,Croatia,16531,Dominik Livaković,5474,Ivan Perišić,Complete,74.00736,27.0,49.7,83.5,1.9
3869219,2022-12-05,Round of 16,Japan,2,89,12,Croatia,5469,Marcelo Brozović,,,Incomplete,28.675425,82.3,9.7,77.1,37.9
3869219,2022-12-05,Round of 16,Japan,2,89,18,Croatia,5463,Luka Modrić,5469,Marcelo Brozović,Complete,5.80517,63.6,26.9,57.9,25.8
3869219,2022-12-05,Round of 16,Japan,2,89,20,Croatia,5469,Marcelo Brozović,5463,Luka Modrić,Complete,7.465253,63.2,22.9,69.0,27.6
3869219,2022-12-05,Round of 16,Japan,2,89,23,Croatia,5463,Luka Modrić,8654,Ante Budimir,Complete,13.502963,80.9,33.4,93.7,29.1
3869219,2022-12-05,Round of 16,Japan,2,89,25,Croatia,8654,Ante Budimir,5456,Mateo Kovačić,Complete,3.6674242,92.5,28.6,93.2,25.0
3869219,2022-12-05,Round of 16,Japan,2,89,26,Croatia,5456,Mateo Kovačić,,,Incomplete,18.526737,92.7,23.9,105.7,10.7
3869219,2022-12-05,Round of 16,Japan,2,90,52,Croatia,33018,Joško Gvardiol,,,Unknown,64.26196,25.8,7.3,89.4,16.5
3869219,2022-12-05,Round of 16,Japan,2,91,12,Croatia,5474,Ivan Perišić,8654,Ante Budimir,Unknown,30.189568,87.6,0.1,105.1,24.7
3869219,2022-12-05,Round of 16,Japan,2,91,45,Croatia,11127,Borna Barišić,,,Incomplete,12.819126,37.1,14.6,49.9,13.9
3869219,2022-12-05,Round of 16,Japan,2,91,57,Croatia,5456,Mateo Kovačić,5469,Marcelo Brozović,Complete,12.3,27.0,6.2,27.0,18.5
3869219,2022-12-05,Round of 16,Japan,2,92,0,Croatia,5469,Marcelo Brozović,29163,Josip Juranović,Complete,27.603079,27.2,23.0,31.9,50.2
3869219,2022-12-05,Round of 16,Japan,2,92,2,Croatia,29163,Josip Juranović,5463,Luka Modrić,Complete,9.364828,31.9,50.2,27.2,42.1
3869219,2022-12-05,Round of 16,Japan,2,92,9,Croatia,5463,Luka Modrić,11603,Mario Pašalić,Complete,19.513329,51.6,71.7,71.0,73.8
3869219,2022-12-05,Round of 16,Japan,2,92,11,Croatia,11603,Mario Pašalić,5469,Marcelo Brozović,Complete,21.868013,69.5,72.3,50.6,61.3
3869219,2022-12-05,Round of 16,Japan,2,92,15,Croatia,5469,Marcelo Brozović,5463,Luka Modrić,Complete,15.026976,56.5,55.1,63.1,68.6
3869219,2022-12-05,Round of 16,Japan,2,92,18,Croatia,5463,Luka Modrić,3471,Dejan Lovren,Complete,24.17478,63.2,68.6,61.3,44.5
3869219,2022-12-05,Round of 16,Japan,2,92,21,Croatia,3471,Dejan Lovren,33018,Joško Gvardiol,Complete,20.811775,62.4,43.8,63.1,23.0
3869219,2022-12-05,Round of 16,Japan,2,92,23,Croatia,33018,Joško Gvardiol,11127,Borna Barišić,Out,35.432472,63.6,20.6,92.5,0.1
3869219,2022-12-05,Round of 16,Japan,3,92,1,Croatia,16531,Dominik Livaković,8654,Ante Budimir,Incomplete,72.11775,7.0,44.1,78.9,38.5
3869219,2022-12-05,Round of 16,Japan,3,92,6,Croatia,5463,Luka Modrić,5469,Marcelo Brozović,Complete,7.502666,63.2,39.4,55.7,39.2
3869219,2022-12-05,Round of 16,Japan,3,92,7,Croatia,5469,Marcelo Brozović,29163,Josip Juranović,Complete,25.730331,55.7,39.2,43.4,61.8
3869219,2022-12-05,Round of 16,Japan,3,92,10,Croatia,29163,Josip Juranović,3471,Dejan Lovren,Complete,9.209778,46.5,61.8,40.4,54.9
3869219,2022-12-05,Round of 16,Japan,3,92,16,Croatia,3471,Dejan Lovren,,,Out,85.86973,46.5,53.6,120.0,9.2
3869219,2022-12-05,Round of 16,Japan,3,92,49,Croatia,11127,Borna Barišić,,,Incomplete,27.40292,54.6,3.8,82.0,3.4
3869219,2022-12-05,Round of 16,Japan,3,92,56,Croatia,8654,Ante Budimir,5469,Marcelo Brozović,Complete,13.036103,73.1,5.1,61.8,11.6
3869219,2022-12-05,Round of 16,Japan,3,92,58,Croatia,5469,Marcelo Brozović,11603,Mario Pašalić,Incomplete,26.568026,68.4,17.4,85.3,37.9
3869219,2022-12-05,Round of 16,Japan,3,93,38,Croatia,33018,Joško Gvardiol,5469,Marcelo Brozović,Complete,13.164346,22.5,30.7,32.2,39.6
3869219,2022-12-05,Round of 16,Japan,3,93,41,Croatia,5469,Marcelo Brozović,5463,Luka Modrić,Complete,15.632018,31.9,39.4,32.9,55.0
3869219,2022-12-05,Round of 16,Japan,3,93,43,Croatia,5463,Luka Modrić,,,Incomplete,26.807648,34.9,59.0,57.7,73.1
3869219,2022-12-05,Round of 16,Japan,3,95,38,Croatia,16531,Dominik Livaković,33018,Joško Gvardiol,Complete,30.819637,10.0,32.2,35.3,14.6
3869219,2022-12-05,Round of 16,Japan,3,95,44,Croatia,33018,Joško Gvardiol,5474,Ivan Perišić,Complete,35.536037,49.6,12.6,85.1,11.0
3869219,2022-12-05,Round of 16,Japan,3,95,46,Croatia,5474,Ivan Perišić,8654,Ante Budimir,Complete,10.692053,85.1,10.6,95.7,12.0
3869219,2022-12-05,Round of 16,Japan,3,95,58,Croatia,11127,Borna Barišić,33018,Joško Gvardiol,Complete,18.603764,91.5,0.1,73.4,4.4
3869219,2022-12-05,Round of 16,Japan,3,96,1,Croatia,33018,Joško Gvardiol,3471,Dejan Lovren,Complete,28.309715,74.1,10.2,62.9,36.2
3869219,2022-12-05,Round of 16,Japan,3,96,3,Croatia,3471,Dejan Lovren,33018,Joško Gvardiol,Complete,24.158022,61.8,34.5,67.4,11.0
3869219,2022-12-05,Round of 16,Japan,3,96,7,Croatia,33018,Joško Gvardiol,5474,Ivan Perišić,Complete,17.577543,74.9,10.9,90.5,2.8
3869219,2022-12-05,Round of 16,Japan,3,96,7,Croatia,5474,Ivan Perišić,11127,Borna Barišić,Out,26.409279,90.5,3.1,116.8,0.7
3869219,2022-12-05,Round of 16,Japan,3,96,30,Croatia,5469,Marcelo Brozović,3471,Dejan Lovren,Complete,42.437836,85.6,19.8,50.0,42.9
3869219,2022-12-05,Round of 16,Japan,3,96,34,Croatia,3471,Dejan Lovren,29163,Josip Juranović,Complete,15.575622,49.6,43.4,53.0,58.6
3869219,2022-12-05,Round of 16,Japan,3,96,36,Croatia,29163,Josip Juranović,16531,Dominik Livaković,Complete,40.139008,53.0,58.6,16.5,41.9
3869219,2022-12-05,Round of 16,Japan,3,96,40,Croatia,16531,Dominik Livaković,3471,Dejan Lovren,Complete,17.69548,16.5,41.9,27.7,55.6
3869219,2022-12-05,Round of 16,Japan,3,96,50,Croatia,3471,Dejan Lovren,33018,Joško Gvardiol,Complete,33.13865,28.7,55.6,27.1,22.5
3869219,2022-12-05,Round of 16,Japan,3,96,53,Croatia,33018,Joško Gvardiol,11127,Borna Barišić,Complete,31.233955,34.6,18.5,63.6,6.9
3869219,2022-12-05,Round of 16,Japan,3,96,57,Croatia,11127,Borna Barišić,33018,Joško Gvardiol,Complete,12.535549,58.5,6.1,46.8,10.6
3869219,2022-12-05,Round of 16,Japan,3,97,4,Croatia,33018,Joško Gvardiol,,,Incomplete,48.884457,60.2,22.1,104.2,43.4
3869219,2022-12-05,Round of 16,Japan,3,98,47,Croatia,3471,Dejan Lovren,,,Incomplete,18.317478,25.4,53.6,38.6,40.9
3869219,2022-12-05,Round of 16,Japan,3,98,52,Croatia,28914,Lovro Majer,5474,Ivan Perišić,Complete,3.6878178,28.4,37.9,31.2,35.5
3869219,2022-12-05,Round of 16,Japan,3,98,52,Croatia,5474,Ivan Perišić,,,Incomplete,12.233151,31.2,35.5,39.9,44.1
3869219,2022-12-05,Round of 16,Japan,3,99,4,Croatia,16531,Dominik Livaković,33018,Joško Gvardiol,Complete,6.9180923,12.0,34.5,12.5,27.6
3869219,2022-12-05,Round of 16,Japan,3,99,8,Croatia,33018,Joško Gvardiol,3471,Dejan Lovren,Complete,24.613005,14.3,27.0,15.1,51.6
3869219,2022-12-05,Round of 16,Japan,3,99,13,Croatia,3471,Dejan Lovren,29163,Josip Juranović,Complete,25.89363,26.7,53.6,36.9,77.4
3869219,2022-12-05,Round of 16,Japan,3,99,16,Croatia,29163,Josip Juranović,11603,Mario Pašalić,Complete,17.104677,37.9,78.6,55.0,78.2
3869219,2022-12-05,Round of 16,Japan,3,99,27,Croatia,3471,Dejan Lovren,,,Incomplete,25.503138,52.6,66.2,74.6,53.3
3869219,2022-12-05,Round of 16,Japan,3,99,46,Croatia,29163,Josip Juranović,8654,Ante Budimir,Complete,32.794056,58.8,80.0,85.6,61.1
3869219,2022-12-05,Round of 16,Japan,3,99,49,Croatia,8654,Ante Budimir,,,Incomplete,19.289894,85.6,61.1,103.9,55.0
3869219,2022-12-05,Round of 16,Japan,3,100,21,Croatia,29163,Josip Juranović,8654,Ante Budimir,Incomplete,34.224697,110.6,80.0,111.9,45.8
3869219,2022-12-05,Round of 16,Japan,3,101,5,Croatia,11127,Borna Barišić,5474,Ivan Perišić,Incomplete,27.670382,101.0,0.1,109.9,26.3
3869219,2022-12-05,Round of 16,Japan,3,101,41,Croatia,3471,Dejan Lovren,16531,Dominik Livaković,Complete,17.57868,26.0,39.9,8.6,42.4
3869219,2022-12-05,Round of 16,Japan,3,101,47,Croatia,16531,Dominik Livaković,33018,Joško Gvardiol,Complete,13.193938,13.3,40.4,16.5,27.6
3869219,2022-12-05,Round of 16,Japan,3,101,53,Croatia,33018,Joško Gvardiol,3471,Dejan Lovren,Complete,21.28779,32.4,29.7,41.8,48.8
3869219,2022-12-05,Round of 16,Japan,3,101,58,Croatia,3471,Dejan Lovren,33018,Joško Gvardiol,Complete,18.258423,45.1,51.1,42.7,33.0
3869219,2022-12-05,Round of 16,Japan,3,102,1,Croatia,33018,Joško Gvardiol,11127,Borna Barišić,Complete,26.66027,46.1,30.0,57.5,5.9
3869219,2022-12-05,Round of 16,Japan,3,102,4,Croatia,11127,Borna Barišić,3441,Nikola Vlašić,Complete,15.700318,61.8,5.9,77.3,3.4
3869219,2022-12-05,Round of 16,Japan,3,102,8,Croatia,3441,Nikola Vlašić,,,Incomplete,1.360147,75.4,3.7,74.1,4.1
3869219,2022-12-05,Round of 16,Japan,3,102,15,Croatia,33018,Joško Gvardiol,16531,Dominik Livaković,Complete,34.179672,36.2,5.9,13.0,31.0
3869219,2022-12-05,Round of 16,Japan,3,102,19,Croatia,16531,Dominik Livaković,3471,Dejan Lovren,Complete,18.196978,14.5,33.9,23.7,49.6
3869219,2022-12-05,Round of 16,Japan,3,102,22,Croatia,3471,Dejan Lovren,5469,Marcelo Brozović,Complete,11.601724,26.7,49.8,38.3,49.6
3869219,2022-12-05,Round of 16,Japan,3,102,26,Croatia,5469,Marcelo Brozović,3441,Nikola Vlašić,Complete,20.67704,42.4,53.2,45.1,32.7
3869219,2022-12-05,Round of 16,Japan,3,102,28,Croatia,3441,Nikola Vlašić,11127,Borna Barišić,Complete,27.111622,46.5,29.3,56.5,4.1
3869219,2022-12-05,Round of 16,Japan,3,102,32,Croatia,11127,Borna Barišić,,,Incomplete,42.68782,60.8,4.9,89.5,36.5
3869219,2022-12-05,Round of 16,Japan,3,102,45,Croatia,29163,Josip Juranović,28914,Lovro Majer,Complete,22.484884,63.9,62.8,81.0,77.4
3869219,2022-12-05,Round of 16,Japan,3,102,53,Croatia,28914,Lovro Majer,29163,Josip Juranović,Complete,15.590061,81.6,60.3,72.7,73.1
3869219,2022-12-05,Round of 16,Japan,3,102,56,Croatia,29163,Josip Juranović,28914,Lovro Majer,Complete,9.6166525,74.1,74.4,83.3,77.2
3869219,2022-12-05,Round of 16,Japan,3,102,58,Croatia,28914,Lovro Majer,29163,Josip Juranović,Complete,9.10055,82.6,78.6,73.7,76.7
3869219,2022-12-05,Round of 16,Japan,3,103,0,Croatia,29163,Josip Juranović,5469,Marcelo Brozović,Complete,8.3600235,70.4,74.7,75.4,68.0
3869219,2022-12-05,Round of 16,Japan,3,103,1,Croatia,5469,Marcelo Brozović,28914,Lovro Majer,Complete,13.860014,75.4,68.2,85.3,77.9
3869219,2022-12-05,Round of 16,Japan,3,103,8,Croatia,28914,Lovro Majer,29163,Josip Juranović,Complete,11.335784,86.5,75.1,75.4,77.4
3869219,2022-12-05,Round of 16,Japan,3,103,9,Croatia,29163,Josip Juranović,5469,Marcelo Brozović,Complete,9.570789,75.4,77.4,77.2,68.0
3869219,2022-12-05,Round of 16,Japan,3,103,12,Croatia,5469,Marcelo Brozović,3471,Dejan Lovren,Complete,25.983263,77.2,68.0,65.5,44.8
3869219,2022-12-05,Round of 16,Japan,3,103,15,Croatia,3471,Dejan Lovren,11127,Borna Barišić,Complete,40.59372,66.9,38.9,87.8,4.1
3869219,2022-12-05,Round of 16,Japan,3,103,19,Croatia,11127,Borna Barišić,,,Incomplete,46.854027,87.8,4.1,111.7,44.4
3869219,2022-12-05,Round of 16,Japan,3,103,31,Croatia,29163,Josip Juranović,3471,Dejan Lovren,Complete,22.009542,30.4,76.9,37.3,56.0
3869219,2022-12-05,Round of 16,Japan,3,103,34,Croatia,3471,Dejan Lovren,33018,Joško Gvardiol,Complete,27.511816,39.1,54.9,50.8,30.0
3869219,2022-12-05,Round of 16,Japan,3,103,37,Croatia,33018,Joško Gvardiol,11127,Borna Barišić,Out,45.404957,58.5,25.7,96.0,0.1
3869219,2022-12-05,Round of 16,Japan,3,103,49,Croatia,3471,Dejan Lovren,5469,Marcelo Brozović,Complete,7.569016,63.9,33.9,69.4,28.7
3869219,2022-12-05,Round of 16,Japan,3,103,53,Croatia,5469,Marcelo Brozović,8654,Ante Budimir,Incomplete,16.005,81.3,30.0,97.3,30.4
3869219,2022-12-05,Round of 16,Japan,3,105,28,Croatia,16531,Dominik Livaković,28914,Lovro Majer,Complete,26.005,15.5,44.0,35.6,60.5
3869219,2022-12-05,Round of 16,Japan,3,105,34,Croatia,28914,Lovro Majer,3471,Dejan Lovren,Complete,17.727943,40.1,59.3,32.9,43.1
3869219,2022-12-05,Round of 16,Japan,3,105,38,Croatia,3471,Dejan Lovren,3441,Nikola Vlašić,Complete,16.95789,35.6,42.9,51.0,35.8
3869219,2022-12-05,Round of 16,Japan,3,105,41,Croatia,3441,Nikola Vlašić,11127,Borna Barišić,Complete,24.548931,50.3,32.7,53.0,8.3
3869219,2022-12-05,Round of 16,Japan,3,105,44,Croatia,11127,Borna Barišić,33018,Joško Gvardiol,Complete,14.623953,51.9,7.6,43.4,19.5
3869219,2022-12-05,Round of 16,Japan,3,105,47,Croatia,33018,Joško Gvardiol,3471,Dejan Lovren,Complete,17.4,44.8,23.0,44.8,40.4
3869219,2022-12-05,Round of 16,Japan,3,105,49,Croatia,3471,Dejan Lovren,29163,Josip Juranović,Complete,29.464046,45.1,44.1,53.3,72.4
3869219,2022-12-05,Round of 16,Japan,3,105,53,Croatia,29163,Josip Juranović,5469,Marcelo Brozović,Complete,11.510864,53.3,72.4,57.0,61.5
3869219,2022-12-05,Round of 16,Japan,3,105,53,Croatia,5469,Marcelo Brozović,29163,Josip Juranović,Complete,11.447707,57.0,61.5,49.8,70.4
3869219,2022-12-05,Round of 16,Japan,3,105,55,Croatia,29163,Josip Juranović,5469,Marcelo Brozović,Complete,15.717824,49.8,70.4,64.2,76.7
3869219,2022-12-05,Round of 16,Japan,3,105,58,Croatia,5469,Marcelo Brozović,8654,Ante Budimir,Complete,36.93846,77.3,78.2,91.5,44.1
3869219,2022-12-05,Round of 16,Japan,3,106,1,Croatia,8654,Ante Budimir,3441,Nikola Vlašić,Complete,8.940358,91.8,44.7,84.6,39.4
3869219,2022-12-05,Round of 16,Japan,3,106,5,Croatia,3441,Nikola Vlašić,5469,Marcelo Brozović,Complete,22.343903,88.8,51.1,90.2,73.4
3869219,2022-12-05,Round of 16,Japan,3,106,8,Croatia,5469,Marcelo Brozović,,,Incomplete,41.1428,86.1,62.5,110.4,29.3
3869219,2022-12-05,Round of 16,Japan,3,106,20,Croatia,3471,Dejan Lovren,16531,Dominik Livaković,Complete,38.82319,25.7,6.4,8.9,41.4
3869219,2022-12-05,Round of 16,Japan,3,106,25,Croatia,16531,Dominik Livaković,5469,Marcelo Brozović,Complete,16.81071,11.6,44.1,28.4,44.7
3869219,2022-12-05,Round of 16,Japan,3,106,28,Croatia,5469,Marcelo Brozović,28914,Lovro Majer,Complete,12.776933,30.7,46.1,43.4,44.7
3869219,2022-12-05,Round of 16,Japan,3,106,29,Croatia,28914,Lovro Majer,5469,Marcelo Brozović,Complete,8.8,43.4,44.7,34.6,44.7
3869219,2022-12-05,Round of 16,Japan,3,106,32,Croatia,5469,Marcelo Brozović,33018,Joško Gvardiol,Complete,14.26359,40.6,38.9,43.8,25.0
3869219,2022-12-05,Round of 16,Japan,3,106,36,Croatia,33018,Joško Gvardiol,5469,Marcelo Brozović,Complete,5.3450913,47.5,25.0,52.6,26.6
3869219,2022-12-05,Round of 16,Japan,3,106,40,Croatia,5469,Marcelo Brozović,28914,Lovro Majer,Complete,11.738825,55.7,26.3,57.5,37.9
3869219,2022-12-05,Round of 16,Japan,3,106,46,Croatia,28914,Lovro Majer,29163,Josip Juranović,Complete,19.412624,79.2,58.3,79.9,77.7
3869219,2022-12-05,Round of 16,Japan,3,106,48,Croatia,29163,Josip Juranović,11603,Mario Pašalić,Complete,9.654015,79.9,77.7,73.7,70.3
3869219,2022-12-05,Round of 16,Japan,3,106,50,Croatia,11603,Mario Pašalić,5469,Marcelo Brozović,Complete,18.410051,73.7,65.9,69.0,48.1
3869219,2022-12-05,Round of 16,Japan,3,106,54,Croatia,5469,Marcelo Brozović,11127,Borna Barišić,Complete,28.359303,71.4,42.1,75.9,14.1
3869219,2022-12-05,Round of 16,Japan,3,106,56,Croatia,11127,Borna Barišić,5474,Ivan Perišić,Complete,9.276314,76.4,8.9,83.3,2.7
3869219,2022-12-05,Round of 16,Japan,4,105,0,Croatia,22041,Marko Livaja,5469,Marcelo Brozović,Complete,10.012992,60.0,40.0,50.1,38.5
3869219,2022-12-05,Round of 16,Japan,4,105,2,Croatia,5469,Marcelo Brozović,11127,Borna Barišić,Complete,25.515486,49.0,36.2,43.0,11.4
3869219,2022-12-05,Round of 16,Japan,4,105,4,Croatia,11127,Borna Barišić,33018,Joško Gvardiol,Complete,7.793587,43.5,10.7,39.2,17.2
3869219,2022-12-05,Round of 16,Japan,4,105,7,Croatia,33018,Joško Gvardiol,3471,Dejan Lovren,Complete,29.402721,38.8,20.3,39.2,49.7
3869219,2022-12-05,Round of 16,Japan,4,105,13,Croatia,3471,Dejan Lovren,29163,Josip Juranović,Complete,25.20496,44.5,51.3,56.8,73.3
3869219,2022-12-05,Round of 16,Japan,4,105,15,Croatia,29163,Josip Juranović,11603,Mario Pašalić,Complete,24.935919,56.3,73.8,81.1,76.4
3869219,2022-12-05,Round of 16,Japan,4,105,44,Croatia,29163,Josip Juranović,22041,Marko Livaja,Incomplete,36.618164,27.4,80.0,63.4,73.3
3869219,2022-12-05,Round of 16,Japan,4,106,18,Croatia,33018,Joško Gvardiol,22041,Marko Livaja,Complete,21.876928,43.3,29.3,64.5,34.7
3869219,2022-12-05,Round of 16,Japan,4,106,20,Croatia,22041,Marko Livaja,33018,Joško Gvardiol,Complete,21.749712,63.8,33.8,59.4,12.5
3869219,2022-12-05,Round of 16,Japan,4,106,23,Croatia,33018,Joško Gvardiol,16527,Mislav Oršić,Incomplete,16.572266,59.4,12.5,75.2,7.5
3869219,2022-12-05,Round of 16,Japan,4,107,32,Croatia,5469,Marcelo Brozović,29163,Josip Juranović,Complete,16.464811,52.7,33.8,44.9,48.3
3869219,2022-12-05,Round of 16,Japan,4,107,34,Croatia,29163,Josip Juranović,,,Incomplete,36.93914,44.9,48.3,81.8,46.6
3869219,2022-12-05,Round of 16,Japan,4,108,57,Croatia,11127,Borna Barišić,,,Incomplete,30.616499,13.7,0.1,43.8,5.7
3869219,2022-12-05,Round of 16,Japan,4,109,18,Croatia,33018,Joško Gvardiol,5469,Marcelo Brozović,Complete,13.009612,32.4,12.3,45.4,11.8
3869219,2022-12-05,Round of 16,Japan,4,109,22,Croatia,5469,Marcelo Brozović,3471,Dejan Lovren,Complete,33.41811,47.7,11.8,46.6,45.2
3869219,2022-12-05,Round of 16,Japan,4,109,26,Croatia,3471,Dejan Lovren,5469,Marcelo Brozović,Complete,17.173235,45.4,44.7,53.0,29.3
3869219,2022-12-05,Round of 16,Japan,4,109,30,Croatia,5469,Marcelo Brozović,11127,Borna Barišić,Complete,20.813938,57.5,22.2,63.6,2.3
3869219,2022-12-05,Round of 16,Japan,4,109,31,Croatia,11127,Borna Barišić,16527,Mislav Oršić,Complete,10.060318,63.6,2.3,73.6,1.2
3869219,2022-12-05,Round of 16,Japan,4,109,32,Croatia,16527,Mislav Oršić,3441,Nikola Vlašić,Incomplete,9.6166525,73.6,1.2,82.8,4.0
3869219,2022-12-05,Round of 16,Japan,4,110,8,Croatia,11603,Mario Pašalić,28914,Lovro Majer,Complete,3.5693138,32.4,61.7,28.9,62.4
3869219,2022-12-05,Round of 16,Japan,4,110,12,Croatia,28914,Lovro Majer,29163,Josip Juranović,Complete,15.508062,27.0,75.4,13.9,67.1
3869219,2022-12-05,Round of 16,Japan,4,110,16,Croatia,29163,Josip Juranović,,,Incomplete,36.501644,9.0,75.2,45.1,69.8
3869219,2022-12-05,Round of 16,Japan,4,110,20,Croatia,33018,Joško Gvardiol,11603,Mario Pašalić,Incomplete,35.74759,27.2,44.0,60.5,57.0
3869219,2022-12-05,Round of 16,Japan,4,110,27,Croatia,22041,Marko Livaja,28914,Lovro Majer,Complete,38.197643,69.5,60.1,105.0,74.2
3869219,2022-12-05,Round of 16,Japan,4,110,32,Croatia,28914,Lovro Majer,,,Incomplete,42.05437,105.2,73.6,108.8,31.7
3869219,2022-12-05,Round of 16,Japan,4,110,36,Croatia,22041,Marko Livaja,,,Incomplete,2.7073972,92.7,37.4,92.5,34.7
3869219,2022-12-05,Round of 16,Japan,4,111,4,Croatia,16527,Mislav Oršić,,,Incomplete,40.772663,120.0,0.1,114.5,40.5
3869219,2022-12-05,Round of 16,Japan,4,111,26,Croatia,29163,Josip Juranović,5469,Marcelo Brozović,Complete,14.108863,88.7,80.0,75.2,75.9
3869219,2022-12-05,Round of 16,Japan,4,111,28,Croatia,5469,Marcelo Brozović,29163,Josip Juranović,Complete,11.800424,75.5,75.0,87.3,74.9
3869219,2022-12-05,Round of 16,Japan,4,111,29,Croatia,29163,Josip Juranović,5469,Marcelo Brozović,Complete,12.349089,87.3,74.9,75.0,73.8
3869219,2022-12-05,Round of 16,Japan,4,111,31,Croatia,5469,Marcelo Brozović,28914,Lovro Majer,Complete,16.800297,75.0,71.7,74.9,54.9
3869219,2022-12-05,Round of 16,Japan,4,111,34,Croatia,28914,Lovro Majer,5469,Marcelo Brozović,Complete,12.080149,73.5,51.1,80.7,60.8
3869219,2022-12-05,Round of 16,Japan,4,111,37,Croatia,5469,Marcelo Brozović,,,Incomplete,39.106266,86.6,65.5,109.5,33.8
3869219,2022-12-05,Round of 16,Japan,4,111,47,Croatia,28914,Lovro Majer,29163,Josip Juranović,Complete,17.886868,82.1,62.7,93.6,76.4
3869219,2022-12-05,Round of 16,Japan,4,111,48,Croatia,29163,Josip Juranović,5469,Marcelo Brozović,Complete,6.3387694,92.9,76.8,86.6,76.1
3869219,2022-12-05,Round of 16,Japan,4,111,51,Croatia,5469,Marcelo Brozović,,,Incomplete,5.108816,86.5,74.0,90.4,70.7
3869219,2022-12-05,Round of 16,Japan,4,112,24,Croatia,29163,Josip Juranović,3441,Nikola Vlašić,Complete,32.58972,93.2,80.0,105.2,49.7
3869219,2022-12-05,Round of 16,Japan,4,112,26,Croatia,3441,Nikola Vlašić,11603,Mario Pašalić,Complete,10.423532,105.2,49.7,105.9,39.3
3869219,2022-12-05,Round of 16,Japan,4,112,27,Croatia,11603,Mario Pašalić,,,Incomplete,8.121576,105.9,39.3,112.3,34.3
3869219,2022-12-05,Round of 16,Japan,4,112,36,Croatia,33018,Joško Gvardiol,16531,Dominik Livaković,Complete,33.234318,26.7,8.8,3.3,32.4
3869219,2022-12-05,Round of 16,Japan,4,112,40,Croatia,16531,Dominik Livaković,,,Incomplete,60.237698,3.5,32.2,61.2,14.9
3869219,2022-12-05,Round of 16,Japan,4,112,46,Croatia,33018,Joško Gvardiol,3441,Nikola Vlašić,Complete,17.564737,38.6,16.1,56.0,13.7
3869219,2022-12-05,Round of 16,Japan,4,112,48,Croatia,28914,Lovro Majer,16527,Mislav Oršić,Complete,10.756393,50.3,18.9,60.6,22.0
3869219,2022-12-05,Round of 16,Japan,4,112,48,Croatia,16527,Mislav Oršić,28914,Lovro Majer,Complete,15.328732,60.6,21.8,57.0,36.7
3869219,2022-12-05,Round of 16,Japan,4,112,53,Croatia,28914,Lovro Majer,5469,Marcelo Brozović,Complete,13.379462,55.5,27.6,64.5,17.7
3869219,2022-12-05,Round of 16,Japan,4,112,57,Croatia,5469,Marcelo Brozović,11127,Borna Barišić,Complete,6.762396,64.1,7.6,68.3,2.3
3869219,2022-12-05,Round of 16,Japan,4,112,58,Croatia,11127,Borna Barišić,5469,Marcelo Brozović,Complete,6.109828,68.3,2.3,62.6,4.5
3869219,2022-12-05,Round of 16,Japan,4,113,1,Croatia,5469,Marcelo Brozović,11603,Mario Pašalić,Complete,27.040895,64.5,11.8,80.9,33.3
3869219,2022-12-05,Round of 16,Japan,4,113,2,Croatia,11603,Mario Pašalić,,,Incomplete,11.61034,79.4,32.8,88.0,25.0
3869219,2022-12-05,Round of 16,Japan,4,113,9,Croatia,5469,Marcelo Brozović,3441,Nikola Vlašić,Complete,10.867382,81.1,15.8,91.8,13.9
3869219,2022-12-05,Round of 16,Japan,4,113,12,Croatia,3441,Nikola Vlašić,11127,Borna Barišić,Complete,16.964964,93.7,13.9,106.7,3.0
3869219,2022-12-05,Round of 16,Japan,4,113,13,Croatia,11127,Borna Barišić,11603,Mario Pašalić,Complete,75.36604,106.4,2.6,111.4,77.8
3869219,2022-12-05,Round of 16,Japan,4,113,19,Croatia,11603,Mario Pašalić,,,Incomplete,2.1931713,111.4,77.8,109.9,76.2
3869219,2022-12-05,Round of 16,Japan,4,113,40,Croatia,29163,Josip Juranović,22041,Marko Livaja,Complete,33.00803,106.0,80.0,112.8,47.7
3869219,2022-12-05,Round of 16,Japan,4,115,7,Croatia,16531,Dominik Livaković,29163,Josip Juranović,Complete,22.877937,9.2,42.1,21.0,61.7
3869219,2022-12-05,Round of 16,Japan,4,115,13,Croatia,29163,Josip Juranović,3471,Dejan Lovren,Complete,11.692733,26.3,64.6,23.7,53.2
3869219,2022-12-05,Round of 16,Japan,4,115,16,Croatia,3471,Dejan Lovren,33018,Joško Gvardiol,Complete,27.872927,31.4,49.9,34.5,22.2
3869219,2022-12-05,Round of 16,Japan,4,115,21,Croatia,33018,Joško Gvardiol,5469,Marcelo Brozović,Complete,12.744019,50.6,21.1,62.7,25.1
3869219,2022-12-05,Round of 16,Japan,4,115,23,Croatia,5469,Marcelo Brozović,16527,Mislav Oršić,Incomplete,10.944405,63.0,21.8,66.7,11.5
3869219,2022-12-05,Round of 16,Japan,4,116,24,Croatia,16531,Dominik Livaković,5469,Marcelo Brozović,Complete,22.348602,11.4,29.1,32.9,23.0
3869219,2022-12-05,Round of 16,Japan,4,116,28,Croatia,5469,Marcelo Brozović,3471,Dejan Lovren,Complete,27.527803,32.1,29.3,38.8,56.0
3869219,2022-12-05,Round of 16,Japan,4,116,34,Croatia,3471,Dejan Lovren,29163,Josip Juranović,Complete,13.148765,50.8,59.3,56.8,71.0
3869219,2022-12-05,Round of 16,Japan,4,116,35,Croatia,29163,Josip Juranović,3471,Dejan Lovren,Complete,16.102795,56.5,71.2,43.8,61.3
3869219,2022-12-05,Round of 16,Japan,4,116,41,Croatia,3471,Dejan Lovren,33018,Joško Gvardiol,Complete,30.120092,49.7,59.4,50.8,29.3
3869219,2022-12-05,Round of 16,Japan,4,116,48,Croatia,33018,Joško Gvardiol,5469,Marcelo Brozović,Complete,17.24181,67.9,18.0,66.7,35.2
3869219,2022-12-05,Round of 16,Japan,4,116,51,Croatia,5469,Marcelo Brozović,29163,Josip Juranović,Complete,36.433502,71.0,38.5,84.6,72.3
3869219,2022-12-05,Round of 16,Japan,4,116,53,Croatia,29163,Josip Juranović,5469,Marcelo Brozović,Complete,16.18178,84.6,71.9,74.7,59.1
3869219,2022-12-05,Round of 16,Japan,4,116,57,Croatia,5469,Marcelo Brozović,28914,Lovro Majer,Complete,9.688137,81.1,60.8,90.6,62.7
3869219,2022-12-05,Round of 16,Japan,4,117,1,Croatia,28914,Lovro Majer,33018,Joško Gvardiol,Complete,27.530529,79.4,56.1,73.1,29.3
3869219,2022-12-05,Round of 16,Japan,4,117,6,Croatia,33018,Joško Gvardiol,22041,Marko Livaja,Incomplete,29.77331,85.3,21.8,106.7,42.5
3869219,2022-12-05,Round of 16,Japan,4,117,11,Croatia,29163,Josip Juranović,28914,Lovro Majer,Complete,21.645323,105.7,66.4,94.3,48.0
3869219,2022-12-05,Round of 16,Japan,4,117,14,Croatia,28914,Lovro Majer,5469,Marcelo Brozović,Complete,13.405969,92.5,47.8,92.9,61.2
3869219,2022-12-05,Round of 16,Japan,4,117,17,Croatia,5469,Marcelo Brozović,28914,Lovro Majer,Complete,6.7601776,92.9,61.2,89.6,55.3
3869219,2022-12-05,Round of 16,Japan,4,117,20,Croatia,28914,Lovro Majer,29163,Josip Juranović,Complete,12.971122,97.7,62.6,99.8,75.4
3869219,2022-12-05,Round of 16,Japan,4,117,23,Croatia,29163,Josip Juranović,28914,Lovro Majer,Complete,7.18401,99.5,74.9,106.4,72.9
3869219,2022-12-05,Round of 16,Japan,4,117,30,Croatia,33018,Joško Gvardiol,3471,Dejan Lovren,Complete,9.035485,76.6,50.4,68.6,54.6
3869219,2022-12-05,Round of 16,Japan,4,117,32,Croatia,3471,Dejan Lovren,29163,Josip Juranović,Complete,17.941294,66.2,55.1,74.7,70.9
3869219,2022-12-05,Round of 16,Japan,4,117,34,Croatia,29163,Josip Juranović,5469,Marcelo Brozović,Complete,10.245975,74.7,70.9,78.0,61.2
3869219,2022-12-05,Round of 16,Japan,4,117,37,Croatia,5469,Marcelo Brozović,,,Incomplete,34.225136,79.9,63.9,104.3,39.9
3869219,2022-12-05,Round of 16,Japan,4,117,52,Croatia,33018,Joško Gvardiol,3471,Dejan Lovren,Complete,24.149948,57.2,0.1,45.1,21.0
3869219,2022-12-05,Round of 16,Japan,4,117,56,Croatia,3471,Dejan Lovren,5469,Marcelo Brozović,Complete,38.609455,44.9,21.3,61.2,56.3
3869219,2022-12-05,Round of 16,Japan,4,118,3,Croatia,5469,Marcelo Brozović,3441,Nikola Vlašić,Complete,37.438618,87.2,67.7,94.6,31.0
3869219,2022-12-05,Round of 16,Japan,4,118,7,Croatia,3441,Nikola Vlašić,11127,Borna Barišić,Complete,14.32236,93.7,27.9,105.0,19.1
3869219,2022-12-05,Round of 16,Japan,4,118,8,Croatia,11127,Borna Barišić,,,Incomplete,25.181343,105.3,19.1,110.2,43.8
3869219,2022-12-05,Round of 16,Japan,4,118,15,Croatia,33018,Joško Gvardiol,3471,Dejan Lovren,Complete,16.194136,68.6,28.2,57.0,39.5
3869219,2022-12-05,Round of 16,Japan,4,118,19,Croatia,3471,Dejan Lovren,33018,Joško Gvardiol,Complete,19.606377,57.0,39.0,74.9,31.0
3869219,2022-12-05,Round of 16,Japan,4,118,21,Croatia,33018,Joško Gvardiol,5469,Marcelo Brozović,Complete,22.951252,74.0,31.7,69.0,54.1
3869219,2022-12-05,Round of 16,Japan,4,118,23,Croatia,5469,Marcelo Brozović,29163,Josip Juranović,Complete,27.356169,69.0,54.1,87.0,74.7
3869219,2022-12-05,Round of 16,Japan,4,118,28,Croatia,29163,Josip Juranović,16527,Mislav Oršić,Complete,52.62338,99.1,72.3,115.2,22.2
3869219,2022-12-05,Round of 16,Japan,4,118,30,Croatia,16527,Mislav Oršić,3441,Nikola Vlašić,Complete,14.55232,115.2,22.2,100.8,24.3
3869219,2022-12-05,Round of 16,Japan,4,118,35,Croatia,3441,Nikola Vlašić,11127,Borna Barišić,Complete,14.103191,104.8,20.8,97.9,8.5
3869219,2022-12-05,Round of 16,Japan,4,118,37,Croatia,11127,Borna Barišić,,,Incomplete,5.060632,97.9,8.3,101.0,12.3
3869219,2022-12-05,Round of 16,Japan,4,119,31,Croatia,11127,Borna Barišić,28914,Lovro Majer,Complete,19.479477,109.2,0.1,90.4,5.2
3869219,2022-12-05,Round of 16,Japan,4,119,35,Croatia,28914,Lovro Majer,33018,Joško Gvardiol,Complete,14.641379,87.2,4.3,81.3,17.7
3869219,2022-12-05,Round of 16,Japan,4,119,39,Croatia,33018,Joško Gvardiol,11127,Borna Barišić,Complete,25.475086,82.0,18.9,100.7,1.6
3869219,2022-12-05,Round of 16,Japan,4,119,43,Croatia,11127,Borna Barišić,,,Incomplete,53.980736,116.8,5.7,110.4,59.3
3869219,2022-12-05,Round of 16,Japan,4,119,54,Croatia,3471,Dejan Lovren,29163,Josip Juranović,Complete,7.218033,57.4,69.8,62.7,74.7
3869219,2022-12-05,Round of 16,Japan,4,119,57,Croatia,29163,Josip Juranović,5469,Marcelo Brozović,Complete,10.186756,63.1,72.3,65.5,62.4
3869219,2022-12-05,Round of 16,Japan,4,119,58,Croatia,5469,Marcelo Brozović,28914,Lovro Majer,Complete,13.497407,67.4,61.7,80.7,59.4
3869219,2022-12-05,Round of 16,Japan,4,119,59,Croatia,28914,Lovro Majer,5469,Marcelo Brozović,Complete,6.6483083,80.7,59.4,74.5,57.0
3869219,2022-12-05,Round of 16,Japan,4,120,4,Croatia,5469,Marcelo Brozović,16527,Mislav Oršić,Complete,43.747684,83.2,44.2,104.7,6.1
3869219,2022-12-05,Round of 16,Japan,4,120,15,Croatia,3441,Nikola Vlašić,16527,Mislav Oršić,Complete,3.9115214,91.1,24.3,93.2,21.0
3869219,2022-12-05,Round of 16,Japan,4,120,16,Croatia,16527,Mislav Oršić,28914,Lovro Majer,Complete,13.787676,95.5,19.9,99.8,33.0
3857281,2022-11-27,Group Stage,Canada,1,0,0,Croatia,22041,Marko Livaja,5469,Marcelo Brozović,Complete,15.532225,60.0,40.0,44.5,39.0
3857281,2022-11-27,Group Stage,Canada,1,0,2,Croatia,5469,Marcelo Brozović,12625,Borna Sosa,Complete,31.33975,44.5,36.3,38.2,5.6
3857281,2022-11-27,Group Stage,Canada,1,0,4,Croatia,12625,Borna Sosa,33018,Joško Gvardiol,Complete,19.615555,35.6,5.4,22.5,20.0
3857281,2022-11-27,Group Stage,Canada,1,0,7,Croatia,33018,Joško Gvardiol,3471,Dejan Lovren,Complete,29.54539,22.3,20.8,18.5,50.1
3857281,2022-11-27,Group Stage,Canada,1,0,10,Croatia,3471,Dejan Lovren,33018,Joško Gvardiol,Complete,23.394444,18.5,50.9,20.6,27.6
3857281,2022-11-27,Group Stage,Canada,1,0,13,Croatia,33018,Joško Gvardiol,12625,Borna Sosa,Complete,22.907204,25.6,25.4,29.9,2.9
3857281,2022-11-27,Group Stage,Canada,1,0,15,Croatia,12625,Borna Sosa,22041,Marko Livaja,Complete,46.276775,30.2,4.9,74.7,17.6
3857281,2022-11-27,Group Stage,Canada,1,2,30,Croatia,22041,Marko Livaja,3471,Dejan Lovren,Complete,31.800158,60.0,40.0,29.5,49.0
3857281,2022-11-27,Group Stage,Canada,1,3,20,Croatia,29163,Josip Juranović,22041,Marko Livaja,Complete,28.625164,21.8,80.0,47.2,66.8
3857281,2022-11-27,Group Stage,Canada,1,3,21,Croatia,22041,Marko Livaja,5460,Andrej Kramarić,Incomplete,16.100311,47.2,66.8,63.3,66.7
3857281,2022-11-27,Group Stage,Canada,1,3,28,Croatia,5469,Marcelo Brozović,29163,Josip Juranović,Complete,11.054863,44.9,76.4,33.9,75.3
3857281,2022-11-27,Group Stage,Canada,1,3,30,Croatia,29163,Josip Juranović,16531,Dominik Livaković,Complete,28.945639,32.5,72.4,11.2,52.8
3857281,2022-11-27,Group Stage,Canada,1,3,34,Croatia,16531,Dominik Livaković,33018,Joško Gvardiol,Complete,16.016241,11.8,46.0,16.2,30.6
3857281,2022-11-27,Group Stage,Canada,1,3,37,Croatia,33018,Joško Gvardiol,12625,Borna Sosa,Complete,25.0064,20.2,24.9,32.8,3.3
3857281,2022-11-27,Group Stage,Canada,1,3,40,Croatia,12625,Borna Sosa,33018,Joško Gvardiol,Complete,19.665707,31.6,3.3,18.1,17.6
3857281,2022-11-27,Group Stage,Canada,1,3,42,Croatia,33018,Joško Gvardiol,3471,Dejan Lovren,Complete,28.983616,16.4,17.7,14.2,46.6
3857281,2022-11-27,Group Stage,Canada,1,3,48,Croatia,3471,Dejan Lovren,33018,Joško Gvardiol,Complete,22.675318,21.2,49.3,28.1,27.7
3857281,2022-11-27,Group Stage,Canada,1,3,52,Croatia,33018,Joško Gvardiol,22041,Marko Livaja,Complete,25.088842,37.2,24.7,59.6,36.0
3857281,2022-11-27,Group Stage,Canada,1,4,6,Croatia,5469,Marcelo Brozović,3471,Dejan Lovren,Complete,16.412495,62.9,38.1,57.8,53.7
3857281,2022-11-27,Group Stage,Canada,1,4,8,Croatia,3471,Dejan Lovren,29163,Josip Juranović,Complete,21.552261,58.8,54.7,70.5,72.8
3857281,2022-11-27,Group Stage,Canada,1,4,10,Croatia,29163,Josip Juranović,5460,Andrej Kramarić,Complete,30.786036,71.9,73.8,102.6,76.1
3857281,2022-11-27,Group Stage,Canada,1,4,43,Croatia,29163,Josip Juranović,3471,Dejan Lovren,Complete,30.294884,93.2,80.0,64.5,70.3
3857281,2022-11-27,Group Stage,Canada,1,4,47,Croatia,3471,Dejan Lovren,16531,Dominik Livaković,Complete,43.081318,56.8,67.7,20.0,45.3
3857281,2022-11-27,Group Stage,Canada,1,4,50,Croatia,16531,Dominik Livaković,3471,Dejan Lovren,Complete,25.675669,20.9,46.4,31.9,69.6
3857281,2022-11-27,Group Stage,Canada,1,4,55,Croatia,3471,Dejan Lovren,,,Incomplete,5.508176,39.6,74.1,45.1,73.8
3857281,2022-11-27,Group Stage,Canada,1,4,57,Croatia,5463,Luka Modrić,,,Incomplete,9.2358,60.5,53.6,63.6,44.9
3857281,2022-11-27,Group Stage,Canada,1,5,3,Croatia,5456,Mateo Kovačić,5460,Andrej Kramarić,Complete,13.157507,79.6,69.1,84.0,56.7
3857281,2022-11-27,Group Stage,Canada,1,5,4,Croatia,5460,Andrej Kramarić,5469,Marcelo Brozović,Complete,6.706713,79.9,57.3,73.6,59.6
3857281,2022-11-27,Group Stage,Canada,1,5,5,Croatia,5469,Marcelo Brozović,29163,Josip Juranović,Complete,15.762297,73.6,59.6,65.3,73.0
3857281,2022-11-27,Group Stage,Canada,1,5,6,Croatia,29163,Josip Juranović,3471,Dejan Lovren,Complete,23.645718,65.1,73.0,46.5,58.4
3857281,2022-11-27,Group Stage,Canada,1,5,9,Croatia,3471,Dejan Lovren,16531,Dominik Livaković,Complete,32.33852,41.2,54.0,10.9,42.7
3857281,2022-11-27,Group Stage,Canada,1,5,15,Croatia,16531,Dominik Livaković,12625,Borna Sosa,Complete,39.41827,13.2,36.3,32.8,2.1
3857281,2022-11-27,Group Stage,Canada,1,5,19,Croatia,12625,Borna Sosa,33018,Joško Gvardiol,Complete,18.990788,33.1,2.9,21.2,17.7
3857281,2022-11-27,Group Stage,Canada,1,5,24,Croatia,33018,Joško Gvardiol,3471,Dejan Lovren,Complete,21.49721,32.2,16.7,26.4,37.4
3857281,2022-11-27,Group Stage,Canada,1,5,28,Croatia,3471,Dejan Lovren,29163,Josip Juranović,Complete,31.227072,31.9,43.7,45.1,72.0
3857281,2022-11-27,Group Stage,Canada,1,5,36,Croatia,29163,Josip Juranović,3471,Dejan Lovren,Complete,21.402103,52.9,71.7,35.6,59.1
3857281,2022-11-27,Group Stage,Canada,1,5,41,Croatia,3471,Dejan Lovren,5469,Marcelo Brozović,Complete,13.086252,38.3,56.8,51.2,59.0
3857281,2022-11-27,Group Stage,Canada,1,5,43,Croatia,5469,Marcelo Brozović,3471,Dejan Lovren,Complete,13.845216,46.5,59.0,35.2,51.0
3857281,2022-11-27,Group Stage,Canada,1,5,44,Croatia,3471,Dejan Lovren,5469,Marcelo Brozović,Complete,22.038376,32.3,48.7,33.6,70.7
3857281,2022-11-27,Group Stage,Canada,1,5,52,Croatia,5469,Marcelo Brozović,33018,Joško Gvardiol,Complete,27.400183,40.5,50.7,40.6,23.3
3857281,2022-11-27,Group Stage,Canada,1,5,55,Croatia,33018,Joško Gvardiol,5456,Mateo Kovačić,Complete,12.637246,43.2,24.3,55.5,27.2
3857281,2022-11-27,Group Stage,Canada,1,5,58,Croatia,5456,Mateo Kovačić,5474,Ivan Perišić,Complete,18.817013,69.5,13.6,88.3,14.4
3857281,2022-11-27,Group Stage,Canada,1,6,1,Croatia,5474,Ivan Perišić,5460,Andrej Kramarić,Complete,47.147533,85.9,25.0,107.9,66.7
3857281,2022-11-27,Group Stage,Canada,1,6,7,Croatia,5460,Andrej Kramarić,,,Incomplete,3.7013512,112.3,60.1,112.2,56.4
3857281,2022-11-27,Group Stage,Canada,1,6,34,Croatia,5469,Marcelo Brozović,5474,Ivan Perišić,Incomplete,5.59017,77.0,13.6,78.0,8.1
3857281,2022-11-27,Group Stage,Canada,1,6,53,Croatia,29163,Josip Juranović,33018,Joško Gvardiol,Complete,20.376947,33.3,55.1,26.2,36.0
3857281,2022-11-27,Group Stage,Canada,1,6,57,Croatia,33018,Joško Gvardiol,3471,Dejan Lovren,Complete,15.033297,26.2,36.0,27.2,51.0
3857281,2022-11-27,Group Stage,Canada,1,7,0,Croatia,3471,Dejan Lovren,29163,Josip Juranović,Complete,23.495745,27.2,51.0,36.9,72.4
3857281,2022-11-27,Group Stage,Canada,1,7,2,Croatia,29163,Josip Juranović,5463,Luka Modrić,Incomplete,25.701752,41.2,73.0,66.9,73.3
3857281,2022-11-27,Group Stage,Canada,1,7,12,Croatia,5463,Luka Modrić,33018,Joško Gvardiol,Complete,16.02061,44.6,51.4,32.5,40.9
3857281,2022-11-27,Group Stage,Canada,1,7,14,Croatia,33018,Joško Gvardiol,5469,Marcelo Brozović,Complete,13.81919,32.5,40.9,44.9,47.0
3857281,2022-11-27,Group Stage,Canada,1,7,16,Croatia,5469,Marcelo Brozović,33018,Joško Gvardiol,Complete,18.571484,43.5,45.4,34.6,29.1
3857281,2022-11-27,Group Stage,Canada,1,7,17,Croatia,33018,Joško Gvardiol,12625,Borna Sosa,Complete,17.141762,32.9,26.3,35.1,9.3
3857281,2022-11-27,Group Stage,Canada,1,7,20,Croatia,12625,Borna Sosa,5474,Ivan Perišić,Complete,10.916501,35.2,8.3,45.1,3.7
3857281,2022-11-27,Group Stage,Canada,1,7,21,Croatia,5474,Ivan Perišić,22041,Marko Livaja,Complete,24.352823,45.1,3.7,66.0,16.2
3857281,2022-11-27,Group Stage,Canada,1,7,24,Croatia,22041,Marko Livaja,,,Incomplete,5.5,58.2,18.3,62.6,15.0
3857281,2022-11-27,Group Stage,Canada,1,7,37,Croatia,12625,Borna Sosa,5474,Ivan Perišić,Complete,9.633276,20.9,1.9,30.5,2.7
3857281,2022-11-27,Group Stage,Canada,1,7,39,Croatia,5474,Ivan Perišić,5463,Luka Modrić,Complete,21.898401,27.5,4.4,35.2,24.9
3857281,2022-11-27,Group Stage,Canada,1,7,41,Croatia,5463,Luka Modrić,5469,Marcelo Brozović,Complete,10.10198,35.1,23.9,25.0,23.7
3857281,2022-11-27,Group Stage,Canada,1,7,43,Croatia,5469,Marcelo Brozović,5456,Mateo Kovačić,Complete,8.280097,25.2,23.7,31.8,18.7
3857281,2022-11-27,Group Stage,Canada,1,7,48,Croatia,5456,Mateo Kovačić,5460,Andrej Kramarić,Complete,29.654678,37.3,48.1,56.5,70.7
3857281,2022-11-27,Group Stage,Canada,1,7,52,Croatia,5460,Andrej Kramarić,5474,Ivan Perišić,Incomplete,55.879333,67.5,68.6,95.6,20.3
3857281,2022-11-27,Group Stage,Canada,1,8,12,Croatia,5469,Marcelo Brozović,5456,Mateo Kovačić,Complete,3.8052595,20.0,29.1,19.8,25.3
3857281,2022-11-27,Group Stage,Canada,1,8,13,Croatia,5456,Mateo Kovačić,5463,Luka Modrić,Complete,6.7052217,19.8,25.3,21.8,18.9
3857281,2022-11-27,Group Stage,Canada,1,8,17,Croatia,5463,Luka Modrić,5474,Ivan Perišić,Complete,15.608331,23.5,18.3,30.6,4.4
3857281,2022-11-27,Group Stage,Canada,1,8,18,Croatia,5474,Ivan Perišić,12625,Borna Sosa,Complete,14.725827,30.6,4.4,16.4,8.3
3857281,2022-11-27,Group Stage,Canada,1,8,21,Croatia,12625,Borna Sosa,22041,Marko Livaja,Complete,36.558445,16.4,8.3,52.8,11.7
3857281,2022-11-27,Group Stage,Canada,1,8,52,Croatia,3471,Dejan Lovren,29163,Josip Juranović,Complete,41.365807,14.1,46.4,43.3,75.7
3857281,2022-11-27,Group Stage,Canada,1,8,56,Croatia,29163,Josip Juranović,3471,Dejan Lovren,Complete,17.20029,43.3,75.7,30.6,64.1
3857281,2022-11-27,Group Stage,Canada,1,8,59,Croatia,3471,Dejan Lovren,12625,Borna Sosa,Complete,48.203735,32.3,57.6,32.9,9.4
3857281,2022-11-27,Group Stage,Canada,1,9,4,Croatia,12625,Borna Sosa,33018,Joško Gvardiol,Complete,12.687395,37.5,10.4,33.1,22.3
3857281,2022-11-27,Group Stage,Canada,1,9,6,Croatia,33018,Joško Gvardiol,3471,Dejan Lovren,Complete,23.0,33.1,22.3,33.1,45.3
3857281,2022-11-27,Group Stage,Canada,1,9,9,Croatia,3471,Dejan Lovren,5463,Luka Modrić,Complete,20.327322,37.8,49.7,57.6,54.3
3857281,2022-11-27,Group Stage,Canada,1,9,10,Croatia,5463,Luka Modrić,5469,Marcelo Brozović,Complete,15.391232,57.0,55.0,67.0,43.3
3857281,2022-11-27,Group Stage,Canada,1,9,14,Croatia,5469,Marcelo Brozović,5474,Ivan Perišić,Complete,30.901295,78.6,30.4,95.3,4.4
3857281,2022-11-27,Group Stage,Canada,1,9,20,Croatia,5474,Ivan Perišić,5463,Luka Modrić,Complete,56.339153,112.3,19.0,110.2,75.3
3857281,2022-11-27,Group Stage,Canada,1,9,25,Croatia,5463,Luka Modrić,5460,Andrej Kramarić,Complete,10.465658,108.3,76.0,103.5,66.7
3857281,2022-11-27,Group Stage,Canada,1,9,26,Croatia,5460,Andrej Kramarić,5463,Luka Modrić,Out,18.20824,103.5,66.7,120.0,74.4
3857281,2022-11-27,Group Stage,Canada,1,10,21,Croatia,29163,Josip Juranović,5469,Marcelo Brozović,Complete,11.335784,31.9,62.8,34.2,51.7
3857281,2022-11-27,Group Stage,Canada,1,10,22,Croatia,5469,Marcelo Brozović,5456,Mateo Kovačić,Complete,19.561697,37.8,51.3,54.9,41.8
3857281,2022-11-27,Group Stage,Canada,1,10,26,Croatia,5456,Mateo Kovačić,5474,Ivan Perišić,Complete,27.15916,72.8,26.6,85.7,2.7
3857281,2022-11-27,Group Stage,Canada,1,10,33,Croatia,5474,Ivan Perišić,22041,Marko Livaja,Incomplete,3.0149627,115.3,20.0,115.0,23.0
3857281,2022-11-27,Group Stage,Canada,1,11,16,Croatia,5463,Luka Modrić,5460,Andrej Kramarić,Complete,20.634438,120.0,0.1,116.3,20.4
3857281,2022-11-27,Group Stage,Canada,1,11,18,Croatia,5460,Andrej Kramarić,5463,Luka Modrić,Complete,11.819053,116.3,20.4,108.3,11.7
3857281,2022-11-27,Group Stage,Canada,1,11,22,Croatia,5463,Luka Modrić,,,Incomplete,9.027182,115.9,19.9,116.6,28.9
3857281,2022-11-27,Group Stage,Canada,1,11,27,Croatia,5463,Luka Modrić,22041,Marko Livaja,Incomplete,29.78137,110.0,6.0,112.2,35.7
3857281,2022-11-27,Group Stage,Canada,1,11,33,Croatia,5456,Mateo Kovačić,12625,Borna Sosa,Complete,10.650822,97.9,22.1,103.9,13.3
3857281,2022-11-27,Group Stage,Canada,1,11,36,Croatia,12625,Borna Sosa,5460,Andrej Kramarić,Incomplete,28.311306,107.0,6.0,106.2,34.3
3857281,2022-11-27,Group Stage,Canada,1,12,9,Croatia,5474,Ivan Perišić,22041,Marko Livaja,Incomplete,37.159386,111.9,0.1,114.0,37.2
3857281,2022-11-27,Group Stage,Canada,1,12,26,Croatia,33018,Joško Gvardiol,3471,Dejan Lovren,Complete,9.970456,40.5,54.7,47.6,61.7
3857281,2022-11-27,Group Stage,Canada,1,12,29,Croatia,3471,Dejan Lovren,5474,Ivan Perišić,Complete,72.49855,50.9,60.9,95.7,3.9
3857281,2022-11-27,Group Stage,Canada,1,12,34,Croatia,5474,Ivan Perišić,,,Incomplete,2.3345234,108.3,4.4,107.9,6.7
3857281,2022-11-27,Group Stage,Canada,1,13,1,Croatia,5456,Mateo Kovačić,5474,Ivan Perišić,Complete,5.0774007,77.6,20.0,80.3,15.7
3857281,2022-11-27,Group Stage,Canada,1,13,3,Croatia,5474,Ivan Perišić,5463,Luka Modrić,Complete,19.205208,84.8,17.6,87.6,36.6
3857281,2022-11-27,Group Stage,Canada,1,14,6,Croatia,29163,Josip Juranović,22041,Marko Livaja,Incomplete,24.972986,15.6,80.0,40.2,75.7
3857281,2022-11-27,Group Stage,Canada,1,14,57,Croatia,3471,Dejan Lovren,33018,Joško Gvardiol,Complete,31.200642,10.4,58.4,10.2,27.2
3857281,2022-11-27,Group Stage,Canada,1,15,0,Croatia,33018,Joško Gvardiol,12625,Borna Sosa,Complete,19.042059,10.9,20.8,16.5,2.6
3857281,2022-11-27,Group Stage,Canada,1,15,2,Croatia,12625,Borna Sosa,33018,Joško Gvardiol,Complete,16.964079,15.9,2.6,11.2,18.9
3857281,2022-11-27,Group Stage,Canada,1,15,10,Croatia,33018,Joško Gvardiol,3471,Dejan Lovren,Complete,28.829498,21.9,17.7,16.4,46.0
3857281,2022-11-27,Group Stage,Canada,1,15,17,Croatia,3471,Dejan Lovren,29163,Josip Juranović,Complete,18.85126,35.8,55.7,39.9,74.1
3857281,2022-11-27,Group Stage,Canada,1,15,19,Croatia,29163,Josip Juranović,5463,Luka Modrić,Complete,5.107837,39.9,74.1,44.6,76.1
3857281,2022-11-27,Group Stage,Canada,1,15,20,Croatia,5463,Luka Modrić,5469,Marcelo Brozović,Complete,9.300538,45.5,76.3,45.6,67.0
3857281,2022-11-27,Group Stage,Canada,1,15,23,Croatia,5469,Marcelo Brozović,5463,Luka Modrić,Complete,10.20833,44.6,76.8,53.2,71.3
3857281,2022-11-27,Group Stage,Canada,1,15,26,Croatia,5463,Luka Modrić,5469,Marcelo Brozović,Complete,4.8270073,52.6,70.0,51.5,74.7
3857281,2022-11-27,Group Stage,Canada,1,15,36,Croatia,29163,Josip Juranović,5469,Marcelo Brozović,Complete,10.599056,45.2,80.0,49.9,70.5
3857281,2022-11-27,Group Stage,Canada,1,15,37,Croatia,5469,Marcelo Brozović,29163,Josip Juranović,Complete,8.372574,49.9,70.5,45.8,77.8
3857281,2022-11-27,Group Stage,Canada,1,15,38,Croatia,29163,Josip Juranović,5469,Marcelo Brozović,Complete,10.096039,45.8,77.8,55.5,75.0
3857281,2022-11-27,Group Stage,Canada,1,15,40,Croatia,5469,Marcelo Brozović,5460,Andrej Kramarić,Complete,12.301626,59.2,75.7,71.5,75.5
3857281,2022-11-27,Group Stage,Canada,1,15,41,Croatia,5460,Andrej Kramarić,5469,Marcelo Brozović,Complete,7.071068,71.5,75.5,66.5,70.5
3857281,2022-11-27,Group Stage,Canada,1,15,42,Croatia,5469,Marcelo Brozović,5463,Luka Modrić,Complete,10.438869,66.5,70.5,65.6,60.1
3857281,2022-11-27,Group Stage,Canada,1,15,44,Croatia,5463,Luka Modrić,5460,Andrej Kramarić,Complete,14.782761,70.2,65.1,80.9,75.3
3857281,2022-11-27,Group Stage,Canada,1,15,46,Croatia,5460,Andrej Kramarić,5463,Luka Modrić,Complete,9.291394,80.9,75.3,73.2,70.1
3857281,2022-11-27,Group Stage,Canada,1,15,47,Croatia,5463,Luka Modrić,5469,Marcelo Brozović,Complete,21.68986,73.2,70.1,81.1,49.9
3857281,2022-11-27,Group Stage,Canada,1,15,48,Croatia,5469,Marcelo Brozović,,,Incomplete,12.201639,81.1,49.9,80.9,37.7
3857281,2022-11-27,Group Stage,Canada,1,15,58,Croatia,12625,Borna Sosa,33018,Joško Gvardiol,Complete,17.428999,68.6,0.1,52.2,6.0
3857281,2022-11-27,Group Stage,Canada,1,16,4,Croatia,33018,Joško Gvardiol,3471,Dejan Lovren,Complete,25.059929,62.5,6.6,50.5,28.6
3857281,2022-11-27,Group Stage,Canada,1,16,8,Croatia,3471,Dejan Lovren,5456,Mateo Kovačić,Complete,21.356499,52.0,31.7,66.9,16.4
3857281,2022-11-27,Group Stage,Canada,1,16,13,Croatia,5456,Mateo Kovačić,33018,Joško Gvardiol,Complete,18.106905,62.8,21.2,69.3,4.3
3857281,2022-11-27,Group Stage,Canada,1,16,20,Croatia,33018,Joško Gvardiol,12625,Borna Sosa,Complete,8.819297,91.3,8.3,99.0,4.0
3857281,2022-11-27,Group Stage,Canada,1,16,23,Croatia,12625,Borna Sosa,5456,Mateo Kovačić,Complete,17.586643,99.2,3.3,83.2,10.6
3857281,2022-11-27,Group Stage,Canada,1,16,25,Croatia,5456,Mateo Kovačić,5463,Luka Modrić,Complete,16.648123,82.6,16.7,87.2,32.7
3857281,2022-11-27,Group Stage,Canada,1,16,26,Croatia,5463,Luka Modrić,5469,Marcelo Brozović,Incomplete,16.402744,86.5,30.2,99.8,20.6
3857281,2022-11-27,Group Stage,Canada,1,16,31,Croatia,5469,Marcelo Brozović,5456,Mateo Kovačić,Complete,6.2177167,85.7,17.7,80.2,20.6
3857281,2022-11-27,Group Stage,Canada,1,16,34,Croatia,5456,Mateo Kovačić,5463,Luka Modrić,Complete,9.850888,81.6,17.6,82.6,27.4
3857281,2022-11-27,Group Stage,Canada,1,16,36,Croatia,5463,Luka Modrić,5469,Marcelo Brozović,Complete,19.678669,80.7,25.0,84.0,5.6
3857281,2022-11-27,Group Stage,Canada,1,16,37,Croatia,5469,Marcelo Brozović,12625,Borna Sosa,Complete,10.604244,84.0,5.6,94.2,2.7
3857281,2022-11-27,Group Stage,Canada,1,16,39,Croatia,12625,Borna Sosa,5460,Andrej Kramarić,Incomplete,41.262573,98.0,2.7,113.6,40.9
3857281,2022-11-27,Group Stage,Canada,1,16,43,Croatia,29163,Josip Juranović,5474,Ivan Perišić,Complete,24.005207,91.9,48.0,106.7,29.1
3857281,2022-11-27,Group Stage,Canada,1,18,2,Croatia,16531,Dominik Livaković,3471,Dejan Lovren,Complete,7.566373,9.2,41.8,12.9,48.4
3857281,2022-11-27,Group Stage,Canada,1,18,6,Croatia,3471,Dejan Lovren,33018,Joško Gvardiol,Complete,20.900957,15.6,47.3,15.8,26.4
3857281,2022-11-27,Group Stage,Canada,1,18,9,Croatia,33018,Joško Gvardiol,12625,Borna Sosa,Complete,20.692993,19.8,20.4,31.0,3.0
3857281,2022-11-27,Group Stage,Canada,1,18,12,Croatia,12625,Borna Sosa,33018,Joško Gvardiol,Complete,12.342204,31.0,3.0,24.2,13.3
3857281,2022-11-27,Group Stage,Canada,1,18,14,Croatia,33018,Joško Gvardiol,5456,Mateo Kovačić,Complete,12.788276,27.2,8.9,34.5,19.4
3857281,2022-11-27,Group Stage,Canada,1,18,15,Croatia,5456,Mateo Kovačić,3471,Dejan Lovren,Complete,21.726711,34.5,19.4,27.9,40.1
3857281,2022-11-27,Group Stage,Canada,1,18,18,Croatia,3471,Dejan Lovren,29163,Josip Juranović,Complete,27.461245,32.5,46.3,45.1,70.7
3857281,2022-11-27,Group Stage,Canada,1,19,42,Croatia,12625,Borna Sosa,5474,Ivan Perišić,Complete,13.579396,59.9,7.9,73.3,5.7
3857281,2022-11-27,Group Stage,Canada,1,19,45,Croatia,5474,Ivan Perišić,12625,Borna Sosa,Complete,13.480727,87.9,14.4,98.6,6.2
3857281,2022-11-27,Group Stage,Canada,1,19,47,Croatia,12625,Borna Sosa,5460,Andrej Kramarić,Complete,46.035313,104.3,6.2,111.3,51.7
3857281,2022-11-27,Group Stage,Canada,1,19,50,Croatia,5460,Andrej Kramarić,5463,Luka Modrić,Complete,7.7472577,111.3,51.7,104.2,48.6
3857281,2022-11-27,Group Stage,Canada,1,20,4,Croatia,33018,Joško Gvardiol,5469,Marcelo Brozović,Complete,9.035485,10.4,40.7,14.6,48.7
3857281,2022-11-27,Group Stage,Canada,1,20,16,Croatia,5469,Marcelo Brozović,5456,Mateo Kovačić,Complete,8.234683,55.6,38.3,52.2,30.8
3857281,2022-11-27,Group Stage,Canada,1,20,19,Croatia,5456,Mateo Kovačić,12625,Borna Sosa,Complete,25.443663,53.9,30.3,56.6,5.0
3857281,2022-11-27,Group Stage,Canada,1,20,22,Croatia,12625,Borna Sosa,22041,Marko Livaja,Complete,17.049633,56.6,5.0,73.6,3.7
3857281,2022-11-27,Group Stage,Canada,1,20,24,Croatia,22041,Marko Livaja,5469,Marcelo Brozović,Complete,15.241063,73.6,3.7,76.3,18.7
3857281,2022-11-27,Group Stage,Canada,1,20,28,Croatia,5469,Marcelo Brozović,22041,Marko Livaja,Incomplete,5.0,84.0,15.0,84.0,20.0
3857281,2022-11-27,Group Stage,Canada,1,20,29,Croatia,5469,Marcelo Brozović,5456,Mateo Kovačić,Complete,10.195097,84.0,14.9,74.5,18.6
3857281,2022-11-27,Group Stage,Canada,1,20,33,Croatia,5456,Mateo Kovačić,3471,Dejan Lovren,Complete,17.933767,75.5,18.9,67.6,35.0
3857281,2022-11-27,Group Stage,Canada,1,20,38,Croatia,3471,Dejan Lovren,33018,Joško Gvardiol,Complete,9.812747,66.0,34.7,65.5,24.9
3857281,2022-11-27,Group Stage,Canada,1,20,40,Croatia,33018,Joško Gvardiol,5456,Mateo Kovačić,Complete,12.403628,68.8,22.6,79.6,28.7
3857281,2022-11-27,Group Stage,Canada,1,20,42,Croatia,5456,Mateo Kovačić,5469,Marcelo Brozović,Complete,11.605602,78.6,28.0,74.9,17.0
3857281,2022-11-27,Group Stage,Canada,1,20,47,Croatia,5469,Marcelo Brozović,3471,Dejan Lovren,Complete,24.781445,72.8,13.6,56.2,32.0
3857281,2022-11-27,Group Stage,Canada,1,20,52,Croatia,3471,Dejan Lovren,29163,Josip Juranović,Complete,28.625164,56.2,33.9,68.6,59.7
3857281,2022-11-27,Group Stage,Canada,1,20,55,Croatia,29163,Josip Juranović,5460,Andrej Kramarić,Complete,16.690117,72.6,63.0,84.2,75.0
3857281,2022-11-27,Group Stage,Canada,1,20,58,Croatia,5460,Andrej Kramarić,3471,Dejan Lovren,Complete,27.264078,79.3,71.7,55.5,58.4
3857281,2022-11-27,Group Stage,Canada,1,21,2,Croatia,3471,Dejan Lovren,5469,Marcelo Brozović,Complete,13.154847,62.6,65.5,73.8,58.6
3857281,2022-11-27,Group Stage,Canada,1,21,4,Croatia,5469,Marcelo Brozović,5463,Luka Modrić,Complete,11.800424,74.2,65.1,77.6,76.4
3857281,2022-11-27,Group Stage,Canada,1,21,5,Croatia,5463,Luka Modrić,33018,Joško Gvardiol,Complete,37.70968,77.6,76.4,61.5,42.3
3857281,2022-11-27,Group Stage,Canada,1,21,9,Croatia,33018,Joško Gvardiol,12625,Borna Sosa,Complete,31.287857,68.0,23.3,93.8,5.6
3857281,2022-11-27,Group Stage,Canada,1,21,15,Croatia,12625,Borna Sosa,5460,Andrej Kramarić,Incomplete,34.556767,104.6,6.3,110.2,40.4
3857281,2022-11-27,Group Stage,Canada,1,21,20,Croatia,3471,Dejan Lovren,5469,Marcelo Brozović,Complete,8.99611,59.3,43.1,67.5,39.4
3857281,2022-11-27,Group Stage,Canada,1,21,22,Croatia,5469,Marcelo Brozović,3471,Dejan Lovren,Complete,6.7911706,67.5,39.4,60.9,41.0
3857281,2022-11-27,Group Stage,Canada,1,21,25,Croatia,3471,Dejan Lovren,5456,Mateo Kovačić,Complete,19.647392,60.5,41.0,68.6,23.1
3857281,2022-11-27,Group Stage,Canada,1,21,30,Croatia,5456,Mateo Kovačić,22041,Marko Livaja,Complete,14.524806,98.6,27.2,109.5,36.8
3857281,2022-11-27,Group Stage,Canada,1,23,46,Croatia,5474,Ivan Perišić,5456,Mateo Kovačić,Complete,8.352245,14.2,22.3,22.2,19.9
3857281,2022-11-27,Group Stage,Canada,1,23,48,Croatia,5456,Mateo Kovačić,3471,Dejan Lovren,Complete,10.1789,19.6,21.7,21.5,31.7
3857281,2022-11-27,Group Stage,Canada,1,23,50,Croatia,3471,Dejan Lovren,5469,Marcelo Brozović,Complete,12.242957,21.5,31.6,30.5,23.3
3857281,2022-11-27,Group Stage,Canada,1,24,46,Croatia,29163,Josip Juranović,,,Incomplete,43.082363,25.6,80.0,65.1,62.8
3857281,2022-11-27,Group Stage,Canada,1,25,1,Croatia,12625,Borna Sosa,5474,Ivan Perišić,Complete,17.585505,7.5,7.9,24.5,3.4
3857281,2022-11-27,Group Stage,Canada,1,25,3,Croatia,5474,Ivan Perišić,22041,Marko Livaja,Incomplete,29.108418,26.4,3.3,55.5,4.0
3857281,2022-11-27,Group Stage,Canada,1,25,19,Croatia,5474,Ivan Perišić,33018,Joško Gvardiol,Complete,24.605894,49.6,0.1,27.9,11.7
3857281,2022-11-27,Group Stage,Canada,1,25,22,Croatia,33018,Joško Gvardiol,3471,Dejan Lovren,Complete,18.245548,26.4,16.0,24.1,34.1
3857281,2022-11-27,Group Stage,Canada,1,25,24,Croatia,3471,Dejan Lovren,29163,Josip Juranović,Complete,24.033726,24.2,42.7,34.1,64.6
3857281,2022-11-27,Group Stage,Canada,1,25,27,Croatia,29163,Josip Juranović,5460,Andrej Kramarić,Complete,16.728718,37.8,66.8,51.5,76.4
3857281,2022-11-27,Group Stage,Canada,1,25,29,Croatia,5460,Andrej Kramarić,5463,Luka Modrić,Complete,10.648005,50.1,76.4,52.8,66.1
3857281,2022-11-27,Group Stage,Canada,1,25,31,Croatia,5463,Luka Modrić,5469,Marcelo Brozović,Complete,15.430165,50.5,67.0,62.5,57.3
3857281,2022-11-27,Group Stage,Canada,1,25,33,Croatia,5469,Marcelo Brozović,22041,Marko Livaja,Pass Offside,24.344608,68.8,56.0,85.3,38.1
3857281,2022-11-27,Group Stage,Canada,1,26,52,Croatia,29163,Josip Juranović,22041,Marko Livaja,Incomplete,31.13535,19.5,80.0,47.0,65.4
3857281,2022-11-27,Group Stage,Canada,1,27,1,Croatia,33018,Joško Gvardiol,5474,Ivan Perišić,Complete,15.976545,46.0,18.3,50.6,3.0
3857281,2022-11-27,Group Stage,Canada,1,27,3,Croatia,5474,Ivan Perišić,5456,Mateo Kovačić,Complete,11.667476,47.2,8.4,55.5,16.6
3857281,2022-11-27,Group Stage,Canada,1,27,16,Croatia,12625,Borna Sosa,5456,Mateo Kovačić,Complete,6.618912,20.2,17.6,26.8,18.1
3857281,2022-11-27,Group Stage,Canada,1,27,19,Croatia,5456,Mateo Kovačić,5463,Luka Modrić,Complete,23.884932,36.9,30.0,46.2,52.0
3857281,2022-11-27,Group Stage,Canada,1,27,22,Croatia,5463,Luka Modrić,5460,Andrej Kramarić,Complete,15.524175,53.2,56.8,62.8,69.0
3857281,2022-11-27,Group Stage,Canada,1,27,26,Croatia,5460,Andrej Kramarić,5469,Marcelo Brozović,Complete,17.69209,65.5,59.6,60.6,42.6
3857281,2022-11-27,Group Stage,Canada,1,27,28,Croatia,5469,Marcelo Brozović,5456,Mateo Kovačić,Complete,10.022474,62.8,41.3,67.0,32.2
3857281,2022-11-27,Group Stage,Canada,1,27,30,Croatia,5456,Mateo Kovačić,22041,Marko Livaja,Complete,17.59659,69.3,29.1,84.3,19.9
3857281,2022-11-27,Group Stage,Canada,1,27,32,Croatia,22041,Marko Livaja,5474,Ivan Perišić,Complete,21.652945,84.8,17.3,103.9,7.1
3857281,2022-11-27,Group Stage,Canada,1,27,45,Croatia,33018,Joško Gvardiol,3471,Dejan Lovren,Complete,11.049435,38.6,20.6,43.3,30.6
3857281,2022-11-27,Group Stage,Canada,1,27,50,Croatia,3471,Dejan Lovren,33018,Joško Gvardiol,Complete,24.845522,45.5,35.3,55.6,12.6
3857281,2022-11-27,Group Stage,Canada,1,27,53,Croatia,33018,Joško Gvardiol,5456,Mateo Kovačić,Complete,11.027693,64.3,5.6,73.8,11.2
3857281,2022-11-27,Group Stage,Canada,1,27,53,Croatia,5456,Mateo Kovačić,5469,Marcelo Brozović,Complete,9.4,73.8,11.2,73.8,20.6
3857281,2022-11-27,Group Stage,Canada,1,27,57,Croatia,5469,Marcelo Brozović,5460,Andrej Kramarić,Incomplete,35.626114,82.0,26.0,103.9,54.1
3857281,2022-11-27,Group Stage,Canada,1,29,30,Croatia,12625,Borna Sosa,33018,Joško Gvardiol,Complete,11.322544,57.5,0.1,48.3,6.7
3857281,2022-11-27,Group Stage,Canada,1,29,32,Croatia,33018,Joško Gvardiol,5469,Marcelo Brozović,Complete,7.7665954,46.8,6.7,51.2,13.1
3857281,2022-11-27,Group Stage,Canada,1,29,33,Croatia,5469,Marcelo Brozović,33018,Joško Gvardiol,Complete,9.94887,51.2,13.1,44.9,5.4
3857281,2022-11-27,Group Stage,Canada,1,29,36,Croatia,33018,Joško Gvardiol,22041,Marko Livaja,Complete,27.051249,51.8,6.7,78.2,12.6
3857281,2022-11-27,Group Stage,Canada,1,29,39,Croatia,22041,Marko Livaja,5474,Ivan Perišić,Complete,7.8600254,75.6,9.6,80.3,3.3
3857281,2022-11-27,Group Stage,Canada,1,29,40,Croatia,5474,Ivan Perišić,12625,Borna Sosa,Complete,12.7,80.3,3.3,93.0,3.3
3857281,2022-11-27,Group Stage,Canada,1,29,50,Croatia,3471,Dejan Lovren,33018,Joško Gvardiol,Complete,12.080563,64.7,26.0,53.2,29.7
3857281,2022-11-27,Group Stage,Canada,1,29,52,Croatia,33018,Joško Gvardiol,5463,Luka Modrić,Incomplete,14.342245,53.2,29.7,65.3,37.4
3857281,2022-11-27,Group Stage,Canada,1,31,28,Croatia,33018,Joško Gvardiol,5469,Marcelo Brozović,Complete,15.605127,17.9,46.0,33.5,46.4
3857281,2022-11-27,Group Stage,Canada,1,31,31,Croatia,5469,Marcelo Brozović,5456,Mateo Kovačić,Complete,12.141252,33.5,46.4,32.5,34.3
3857281,2022-11-27,Group Stage,Canada,1,31,33,Croatia,5456,Mateo Kovačić,5474,Ivan Perišić,Complete,55.371925,33.3,34.4,85.9,17.1
3857281,2022-11-27,Group Stage,Canada,1,32,15,Croatia,5463,Luka Modrić,29163,Josip Juranović,Complete,27.299816,73.8,28.3,68.6,55.1
3857281,2022-11-27,Group Stage,Canada,1,32,18,Croatia,29163,Josip Juranović,5463,Luka Modrić,Complete,11.3811245,74.5,60.1,67.8,50.9
3857281,2022-11-27,Group Stage,Canada,1,32,22,Croatia,5463,Luka Modrić,33018,Joško Gvardiol,Complete,21.476732,64.3,45.3,55.3,25.8
3857281,2022-11-27,Group Stage,Canada,1,32,24,Croatia,33018,Joško Gvardiol,12625,Borna Sosa,Complete,24.552189,55.3,25.4,66.2,3.4
3857281,2022-11-27,Group Stage,Canada,1,32,29,Croatia,12625,Borna Sosa,33018,Joško Gvardiol,Complete,19.736515,63.8,3.7,44.1,4.9
3857281,2022-11-27,Group Stage,Canada,1,32,31,Croatia,33018,Joško Gvardiol,16531,Dominik Livaković,Complete,29.504236,39.5,3.7,21.4,27.0
3857281,2022-11-27,Group Stage,Canada,1,32,35,Croatia,16531,Dominik Livaković,3471,Dejan Lovren,Complete,12.382245,21.5,30.8,27.9,41.4
3857281,2022-11-27,Group Stage,Canada,1,32,39,Croatia,3471,Dejan Lovren,29163,Josip Juranović,Complete,39.308525,36.6,49.0,66.6,74.4
3857281,2022-11-27,Group Stage,Canada,1,32,43,Croatia,29163,Josip Juranović,22041,Marko Livaja,Incomplete,21.128654,74.3,72.8,85.2,54.7
3857281,2022-11-27,Group Stage,Canada,1,33,8,Croatia,5460,Andrej Kramarić,5463,Luka Modrić,Complete,9.984989,103.0,80.0,101.7,70.1
3857281,2022-11-27,Group Stage,Canada,1,33,8,Croatia,5463,Luka Modrić,5460,Andrej Kramarić,Complete,6.2361846,101.7,70.1,100.0,76.1
3857281,2022-11-27,Group Stage,Canada,1,33,9,Croatia,5460,Andrej Kramarić,5463,Luka Modrić,Complete,6.9123077,99.6,76.8,106.3,75.1
3857281,2022-11-27,Group Stage,Canada,1,33,12,Croatia,5463,Luka Modrić,5460,Andrej Kramarić,Incomplete,4.060788,104.2,76.3,103.5,72.3
3857281,2022-11-27,Group Stage,Canada,1,33,36,Croatia,29163,Josip Juranović,5474,Ivan Perišić,Incomplete,37.42045,103.9,80.0,106.9,42.7
3857281,2022-11-27,Group Stage,Canada,1,33,43,Croatia,5460,Andrej Kramarić,12625,Borna Sosa,Complete,13.875518,106.7,21.6,108.9,7.9
3857281,2022-11-27,Group Stage,Canada,1,33,45,Croatia,12625,Borna Sosa,22041,Marko Livaja,Incomplete,35.211502,108.9,7.9,109.8,43.1
3857281,2022-11-27,Group Stage,Canada,1,34,20,Croatia,29163,Josip Juranović,5463,Luka Modrić,Complete,13.571293,103.0,80.0,100.3,66.7
3857281,2022-11-27,Group Stage,Canada,1,34,21,Croatia,5463,Luka Modrić,29163,Josip Juranović,Complete,9.013878,102.5,67.8,109.4,73.6
3857281,2022-11-27,Group Stage,Canada,1,34,23,Croatia,29163,Josip Juranović,5463,Luka Modrić,Complete,6.43506,109.4,73.6,104.0,70.1
3857281,2022-11-27,Group Stage,Canada,1,34,25,Croatia,5463,Luka Modrić,5474,Ivan Perišić,Incomplete,34.79368,104.2,70.0,110.6,35.8
3857281,2022-11-27,Group Stage,Canada,1,34,30,Croatia,3471,Dejan Lovren,5463,Luka Modrić,Complete,3.7,92.6,66.8,96.3,66.8
3857281,2022-11-27,Group Stage,Canada,1,34,31,Croatia,5463,Luka Modrić,5469,Marcelo Brozović,Complete,11.903781,96.3,66.8,92.0,55.7
3857281,2022-11-27,Group Stage,Canada,1,34,33,Croatia,5469,Marcelo Brozović,5460,Andrej Kramarić,Complete,33.82085,92.0,53.0,101.7,20.6
3857281,2022-11-27,Group Stage,Canada,1,34,38,Croatia,5460,Andrej Kramarić,12625,Borna Sosa,Complete,8.993887,97.9,11.6,91.9,4.9
3857281,2022-11-27,Group Stage,Canada,1,34,40,Croatia,12625,Borna Sosa,5456,Mateo Kovačić,Complete,15.601282,91.5,4.4,78.9,13.6
3857281,2022-11-27,Group Stage,Canada,1,34,42,Croatia,5456,Mateo Kovačić,5469,Marcelo Brozović,Complete,11.197321,78.9,13.6,75.6,24.3
3857281,2022-11-27,Group Stage,Canada,1,34,44,Croatia,5469,Marcelo Brozović,33018,Joško Gvardiol,Complete,14.996666,75.6,24.3,62.5,31.6
3857281,2022-11-27,Group Stage,Canada,1,34,46,Croatia,33018,Joško Gvardiol,5463,Luka Modrić,Complete,16.281584,64.5,33.3,79.2,40.3
3857281,2022-11-27,Group Stage,Canada,1,34,48,Croatia,5463,Luka Modrić,5456,Mateo Kovačić,Complete,8.207314,76.9,40.3,82.5,34.3
3857281,2022-11-27,Group Stage,Canada,1,34,50,Croatia,5456,Mateo Kovačić,22041,Marko Livaja,Complete,15.116217,91.5,42.4,104.0,50.9
3857281,2022-11-27,Group Stage,Canada,1,35,30,Croatia,5463,Luka Modrić,3471,Dejan Lovren,Incomplete,46.186146,120.0,80.0,109.6,35.0
3857281,2022-11-27,Group Stage,Canada,1,35,40,Croatia,5460,Andrej Kramarić,12625,Borna Sosa,Complete,13.720058,100.2,11.2,89.2,3.0
3857281,2022-11-27,Group Stage,Canada,1,35,43,Croatia,12625,Borna Sosa,5460,Andrej Kramarić,Complete,9.708244,89.2,3.0,98.9,2.6
3857281,2022-11-27,Group Stage,Canada,1,35,44,Croatia,5460,Andrej Kramarić,33018,Joško Gvardiol,Complete,11.3,98.9,2.6,98.9,13.9
3857281,2022-11-27,Group Stage,Canada,1,35,46,Croatia,33018,Joško Gvardiol,5456,Mateo Kovačić,Complete,9.264988,95.3,17.1,87.5,22.1
3857281,2022-11-27,Group Stage,Canada,1,35,50,Croatia,5456,Mateo Kovačić,5474,Ivan Perišić,Complete,15.370751,87.0,23.7,101.5,18.6
3857281,2022-11-27,Group Stage,Canada,1,35,52,Croatia,5474,Ivan Perišić,5460,Andrej Kramarić,Complete,16.1524,102.0,18.7,114.1,29.4
3857281,2022-11-27,Group Stage,Canada,1,38,4,Croatia,5469,Marcelo Brozović,22041,Marko Livaja,Incomplete,7.648529,20.0,41.6,27.5,40.1
3857281,2022-11-27,Group Stage,Canada,1,38,15,Croatia,5460,Andrej Kramarić,5456,Mateo Kovačić,Complete,17.12834,14.5,24.3,22.2,9.0
3857281,2022-11-27,Group Stage,Canada,1,38,17,Croatia,5456,Mateo Kovačić,5469,Marcelo Brozović,Complete,9.521029,22.2,9.0,27.8,16.7
3857281,2022-11-27,Group Stage,Canada,1,38,18,Croatia,5469,Marcelo Brozović,5460,Andrej Kramarić,Complete,14.227438,28.5,16.6,42.6,14.7
3857281,2022-11-27,Group Stage,Canada,1,38,29,Croatia,5460,Andrej Kramarić,5474,Ivan Perišić,Complete,13.790577,102.6,21.0,91.9,12.3
3857281,2022-11-27,Group Stage,Canada,1,38,33,Croatia,5474,Ivan Perišić,5469,Marcelo Brozović,Incomplete,11.1830225,104.0,12.1,106.5,23.0
3857281,2022-11-27,Group Stage,Canada,1,38,54,Croatia,12625,Borna Sosa,16531,Dominik Livaković,Complete,29.774149,34.9,20.3,5.8,26.6
3857281,2022-11-27,Group Stage,Canada,1,38,59,Croatia,16531,Dominik Livaković,3471,Dejan Lovren,Complete,10.610373,11.3,33.3,15.6,43.0
3857281,2022-11-27,Group Stage,Canada,1,39,3,Croatia,3471,Dejan Lovren,12625,Borna Sosa,Complete,26.476404,24.2,41.6,29.2,15.6
3857281,2022-11-27,Group Stage,Canada,1,39,8,Croatia,12625,Borna Sosa,33018,Joško Gvardiol,Complete,12.704723,36.0,10.6,30.6,22.1
3857281,2022-11-27,Group Stage,Canada,1,39,11,Croatia,33018,Joško Gvardiol,3471,Dejan Lovren,Complete,19.091883,30.6,22.1,33.3,41.0
3857281,2022-11-27,Group Stage,Canada,1,39,13,Croatia,3471,Dejan Lovren,29163,Josip Juranović,Complete,33.69332,33.3,41.0,46.5,72.0
3857281,2022-11-27,Group Stage,Canada,1,39,16,Croatia,29163,Josip Juranović,5463,Luka Modrić,Complete,15.065191,48.8,72.0,63.8,73.4
3857281,2022-11-27,Group Stage,Canada,1,41,6,Croatia,29163,Josip Juranović,3471,Dejan Lovren,Complete,25.133444,69.3,80.0,46.8,68.8
3857281,2022-11-27,Group Stage,Canada,1,41,9,Croatia,3471,Dejan Lovren,33018,Joško Gvardiol,Complete,24.001875,48.8,64.4,48.5,40.4
3857281,2022-11-27,Group Stage,Canada,1,41,14,Croatia,33018,Joško Gvardiol,3471,Dejan Lovren,Complete,21.914606,56.8,35.4,57.6,57.3
3857281,2022-11-27,Group Stage,Canada,1,41,18,Croatia,3471,Dejan Lovren,5469,Marcelo Brozović,Complete,11.537765,65.9,58.1,75.5,51.7
3857281,2022-11-27,Group Stage,Canada,1,41,21,Croatia,5469,Marcelo Brozović,29163,Josip Juranović,Complete,19.458673,77.8,53.7,82.0,72.7
3857281,2022-11-27,Group Stage,Canada,1,41,23,Croatia,29163,Josip Juranović,5463,Luka Modrić,Complete,9.6208105,82.5,73.0,91.5,76.4
3857281,2022-11-27,Group Stage,Canada,1,41,24,Croatia,5463,Luka Modrić,29163,Josip Juranović,Out,6.8264194,91.5,76.4,97.3,80.0
3857281,2022-11-27,Group Stage,Canada,1,41,49,Croatia,29163,Josip Juranović,5456,Mateo Kovačić,Incomplete,13.509256,62.5,73.6,73.6,65.9
3857281,2022-11-27,Group Stage,Canada,1,42,1,Croatia,33018,Joško Gvardiol,,,Incomplete,2.0880613,54.6,37.7,56.6,38.3
3857281,2022-11-27,Group Stage,Canada,1,42,15,Croatia,12625,Borna Sosa,,,Out,6.369458,3.5,6.0,5.9,0.1
3857281,2022-11-27,Group Stage,Canada,1,43,1,Croatia,5456,Mateo Kovačić,5469,Marcelo Brozović,Complete,10.235722,33.3,56.0,43.2,58.6
3857281,2022-11-27,Group Stage,Canada,1,43,3,Croatia,5469,Marcelo Brozović,5463,Luka Modrić,Complete,18.506485,48.3,59.3,52.6,41.3
3857281,2022-11-27,Group Stage,Canada,1,43,8,Croatia,5463,Luka Modrić,12625,Borna Sosa,Complete,14.523085,67.8,25.4,62.2,12.0
3857281,2022-11-27,Group Stage,Canada,1,43,11,Croatia,12625,Borna Sosa,5474,Ivan Perišić,Complete,13.541787,62.5,10.6,73.2,2.3
3857281,2022-11-27,Group Stage,Canada,1,43,12,Croatia,5474,Ivan Perišić,5456,Mateo Kovačić,Complete,17.85497,73.8,2.6,56.0,4.0
3857281,2022-11-27,Group Stage,Canada,1,43,14,Croatia,5456,Mateo Kovačić,5463,Luka Modrić,Complete,7.7233415,56.0,4.0,56.6,11.7
3857281,2022-11-27,Group Stage,Canada,1,43,16,Croatia,5463,Luka Modrić,33018,Joško Gvardiol,Complete,17.650213,52.2,12.9,36.9,21.7
3857281,2022-11-27,Group Stage,Canada,1,43,18,Croatia,33018,Joško Gvardiol,3471,Dejan Lovren,Complete,26.55485,36.8,24.7,42.2,50.7
3857281,2022-11-27,Group Stage,Canada,1,43,21,Croatia,3471,Dejan Lovren,29163,Josip Juranović,Complete,24.610973,45.5,56.4,62.6,74.1
3857281,2022-11-27,Group Stage,Canada,1,43,23,Croatia,29163,Josip Juranović,5460,Andrej Kramarić,Complete,6.596969,63.8,74.1,70.2,75.7
3857281,2022-11-27,Group Stage,Canada,1,43,24,Croatia,5460,Andrej Kramarić,29163,Josip Juranović,Complete,7.278049,68.6,75.1,67.0,68.0
3857281,2022-11-27,Group Stage,Canada,1,43,30,Croatia,29163,Josip Juranović,22041,Marko Livaja,Complete,7.8339005,95.3,44.8,97.2,37.2
3857281,2022-11-27,Group Stage,Canada,1,44,46,Croatia,5460,Andrej Kramarić,5469,Marcelo Brozović,Complete,8.657945,69.2,61.4,68.2,52.8
3857281,2022-11-27,Group Stage,Canada,1,44,48,Croatia,5469,Marcelo Brozović,5474,Ivan Perišić,Complete,17.960234,63.3,47.3,72.2,31.7
3857281,2022-11-27,Group Stage,Canada,1,44,52,Croatia,5474,Ivan Perišić,22041,Marko Livaja,Complete,20.44138,85.5,22.3,96.7,5.2
3857281,2022-11-27,Group Stage,Canada,1,44,55,Croatia,22041,Marko Livaja,5474,Ivan Perišić,Complete,21.434784,95.6,7.0,111.2,21.7
3857281,2022-11-27,Group Stage,Canada,1,44,57,Croatia,5474,Ivan Perišić,,,Incomplete,16.011246,111.9,23.0,111.3,39.0
3857281,2022-11-27,Group Stage,Canada,1,45,3,Croatia,5456,Mateo Kovačić,12625,Borna Sosa,Complete,17.380737,89.8,20.6,92.3,3.4
3857281,2022-11-27,Group Stage,Canada,1,45,7,Croatia,12625,Borna Sosa,5474,Ivan Perišić,Complete,10.440307,92.3,7.6,98.5,16.0
3857281,2022-11-27,Group Stage,Canada,1,45,8,Croatia,5474,Ivan Perišić,12625,Borna Sosa,Complete,6.4257298,98.5,16.0,92.5,18.3
3857281,2022-11-27,Group Stage,Canada,1,45,8,Croatia,12625,Borna Sosa,5469,Marcelo Brozović,Incomplete,15.976545,92.5,18.3,105.9,27.0
3857281,2022-11-27,Group Stage,Canada,1,45,16,Croatia,33018,Joško Gvardiol,5456,Mateo Kovačić,Complete,17.740631,67.6,23.0,73.3,6.2
3857281,2022-11-27,Group Stage,Canada,1,45,18,Croatia,5456,Mateo Kovačić,12625,Borna Sosa,Complete,10.214206,73.3,6.2,83.0,3.0
3857281,2022-11-27,Group Stage,Canada,1,45,24,Croatia,12625,Borna Sosa,5460,Andrej Kramarić,Incomplete,30.51639,107.5,13.6,106.5,44.1
3857281,2022-11-27,Group Stage,Canada,1,45,30,Croatia,12625,Borna Sosa,5474,Ivan Perišić,Complete,5.162364,95.9,16.2,93.2,20.6
3857281,2022-11-27,Group Stage,Canada,1,46,7,Croatia,3471,Dejan Lovren,5460,Andrej Kramarić,Complete,6.2169123,50.9,56.9,53.6,62.5
3857281,2022-11-27,Group Stage,Canada,1,46,10,Croatia,5460,Andrej Kramarić,22041,Marko Livaja,Incomplete,34.760468,62.0,58.7,83.0,31.0
3857281,2022-11-27,Group Stage,Canada,1,46,22,Croatia,5474,Ivan Perišić,5460,Andrej Kramarić,Complete,17.991386,108.0,18.6,96.7,32.6
3857281,2022-11-27,Group Stage,Canada,1,47,56,Croatia,5456,Mateo Kovačić,5469,Marcelo Brozović,Complete,16.194136,33.9,15.4,48.2,23.0
3857281,2022-11-27,Group Stage,Canada,1,48,0,Croatia,5469,Marcelo Brozović,5460,Andrej Kramarić,Complete,32.15043,65.6,25.3,86.3,49.9
3857281,2022-11-27,Group Stage,Canada,1,48,5,Croatia,5460,Andrej Kramarić,5469,Marcelo Brozović,Complete,12.714166,89.9,50.7,91.6,38.1
3857281,2022-11-27,Group Stage,Canada,1,48,6,Croatia,5469,Marcelo Brozović,5456,Mateo Kovačić,Complete,14.169333,91.6,38.1,86.2,25.0
3857281,2022-11-27,Group Stage,Canada,1,48,9,Croatia,5474,Ivan Perišić,22041,Marko Livaja,Complete,14.112761,83.2,16.6,97.3,16.0
3857281,2022-11-27,Group Stage,Canada,1,48,12,Croatia,22041,Marko Livaja,5474,Ivan Perišić,Incomplete,23.602755,97.6,18.6,117.3,31.6
3857281,2022-11-27,Group Stage,Canada,1,48,54,Croatia,5456,Mateo Kovačić,5474,Ivan Perišić,Complete,28.504385,74.3,29.3,98.6,14.4
3857281,2022-11-27,Group Stage,Canada,1,48,57,Croatia,5474,Ivan Perišić,33018,Joško Gvardiol,Incomplete,25.45938,99.6,14.0,108.9,37.7
3857281,2022-11-27,Group Stage,Canada,1,49,35,Croatia,5474,Ivan Perišić,5463,Luka Modrić,Complete,9.660746,120.0,0.1,111.3,4.3
3857281,2022-11-27,Group Stage,Canada,1,49,38,Croatia,5463,Luka Modrić,5469,Marcelo Brozović,Complete,13.288341,110.2,4.3,98.5,10.6
3857281,2022-11-27,Group Stage,Canada,1,49,40,Croatia,5469,Marcelo Brozović,5463,Luka Modrić,Complete,12.671622,97.5,17.0,102.6,5.4
3857281,2022-11-27,Group Stage,Canada,1,49,42,Croatia,5463,Luka Modrić,5469,Marcelo Brozović,Complete,12.253979,102.6,5.0,91.6,10.4
3857281,2022-11-27,Group Stage,Canada,1,49,47,Croatia,5469,Marcelo Brozović,5463,Luka Modrić,Complete,7.8185678,91.2,10.3,94.0,3.0
3857281,2022-11-27,Group Stage,Canada,1,49,51,Croatia,5463,Luka Modrić,12625,Borna Sosa,Complete,28.157593,91.6,3.9,73.3,25.3
3857281,2022-11-27,Group Stage,Canada,1,49,57,Croatia,12625,Borna Sosa,5460,Andrej Kramarić,Complete,11.621101,57.0,34.1,68.2,31.0
3857281,2022-11-27,Group Stage,Canada,2,45,49,Croatia,12625,Borna Sosa,33018,Joško Gvardiol,Complete,21.876928,70.4,0.1,49.2,5.5
3857281,2022-11-27,Group Stage,Canada,2,45,52,Croatia,33018,Joško Gvardiol,3471,Dejan Lovren,Complete,28.75013,44.3,9.8,34.7,36.9
3857281,2022-11-27,Group Stage,Canada,2,45,54,Croatia,3471,Dejan Lovren,33018,Joško Gvardiol,Complete,22.42231,33.1,36.3,32.1,13.9
3857281,2022-11-27,Group Stage,Canada,2,45,57,Croatia,33018,Joško Gvardiol,5469,Marcelo Brozović,Complete,12.403628,31.0,16.8,38.2,26.9
3857281,2022-11-27,Group Stage,Canada,2,45,59,Croatia,5469,Marcelo Brozović,29163,Josip Juranović,Complete,45.153625,38.2,26.9,40.4,72.0
3857281,2022-11-27,Group Stage,Canada,2,46,3,Croatia,29163,Josip Juranović,5463,Luka Modrić,Complete,10.538501,45.8,74.2,56.3,73.3
3857281,2022-11-27,Group Stage,Canada,2,46,8,Croatia,5463,Luka Modrić,5469,Marcelo Brozović,Complete,9.669023,45.7,70.7,43.9,61.2
3857281,2022-11-27,Group Stage,Canada,2,46,10,Croatia,5469,Marcelo Brozović,33018,Joško Gvardiol,Complete,17.998055,37.6,61.6,28.8,45.9
3857281,2022-11-27,Group Stage,Canada,2,46,12,Croatia,33018,Joško Gvardiol,12625,Borna Sosa,Complete,35.04768,27.9,40.0,38.2,6.5
3857281,2022-11-27,Group Stage,Canada,2,46,19,Croatia,12625,Borna Sosa,5474,Ivan Perišić,Incomplete,28.742477,63.4,4.0,91.2,11.3
3857281,2022-11-27,Group Stage,Canada,2,46,35,Croatia,12625,Borna Sosa,5474,Ivan Perišić,Unknown,44.400227,75.3,0.1,116.6,16.4
3857281,2022-11-27,Group Stage,Canada,2,46,59,Croatia,12625,Borna Sosa,5474,Ivan Perišić,Complete,14.627713,68.0,11.5,82.6,10.6
3857281,2022-11-27,Group Stage,Canada,2,47,0,Croatia,5474,Ivan Perišić,22041,Marko Livaja,Complete,12.244183,82.6,10.6,92.2,18.2
3857281,2022-11-27,Group Stage,Canada,2,47,43,Croatia,12625,Borna Sosa,5474,Ivan Perišić,Complete,26.761913,46.0,0.1,67.6,15.9
3857281,2022-11-27,Group Stage,Canada,2,48,11,Croatia,5456,Mateo Kovačić,,,Incomplete,3.4058774,27.6,17.9,31.0,17.7
3857281,2022-11-27,Group Stage,Canada,2,48,47,Croatia,16531,Dominik Livaković,33018,Joško Gvardiol,Complete,22.7,7.0,44.1,7.0,21.4
3857281,2022-11-27,Group Stage,Canada,2,48,51,Croatia,33018,Joško Gvardiol,12625,Borna Sosa,Complete,18.895767,7.0,21.4,14.6,4.1
3857281,2022-11-27,Group Stage,Canada,2,48,53,Croatia,12625,Borna Sosa,22041,Marko Livaja,Incomplete,53.612125,14.6,4.1,66.1,19.0
3857281,2022-11-27,Group Stage,Canada,2,49,3,Croatia,33018,Joško Gvardiol,5456,Mateo Kovačić,Complete,14.115594,25.0,7.5,38.7,4.1
3857281,2022-11-27,Group Stage,Canada,2,49,7,Croatia,5456,Mateo Kovačić,3471,Dejan Lovren,Complete,27.020363,33.9,13.9,26.2,39.8
3857281,2022-11-27,Group Stage,Canada,2,49,9,Croatia,3471,Dejan Lovren,29163,Josip Juranović,Complete,36.764248,26.8,42.8,44.9,74.8
3857281,2022-11-27,Group Stage,Canada,2,49,13,Croatia,29163,Josip Juranović,5460,Andrej Kramarić,Complete,8.79659,56.3,72.0,63.0,77.7
3857281,2022-11-27,Group Stage,Canada,2,49,14,Croatia,5460,Andrej Kramarić,5463,Luka Modrić,Complete,14.589037,63.0,77.7,50.2,70.7
3857281,2022-11-27,Group Stage,Canada,2,49,16,Croatia,5463,Luka Modrić,5460,Andrej Kramarić,Complete,10.536128,50.2,70.7,57.7,78.1
3857281,2022-11-27,Group Stage,Canada,2,49,19,Croatia,5460,Andrej Kramarić,5463,Luka Modrić,Complete,12.788276,61.6,74.4,49.3,70.9
3857281,2022-11-27,Group Stage,Canada,2,49,22,Croatia,5463,Luka Modrić,29163,Josip Juranović,Complete,21.125576,42.9,74.8,63.9,77.1
3857281,2022-11-27,Group Stage,Canada,2,49,25,Croatia,29163,Josip Juranović,5469,Marcelo Brozović,Complete,8.232861,57.4,76.0,52.1,69.7
3857281,2022-11-27,Group Stage,Canada,2,49,26,Croatia,5469,Marcelo Brozović,5463,Luka Modrić,Complete,9.013878,51.0,69.8,46.0,77.3
3857281,2022-11-27,Group Stage,Canada,2,49,28,Croatia,5463,Luka Modrić,22041,Marko Livaja,Incomplete,53.167755,46.0,77.3,98.5,68.9
3857281,2022-11-27,Group Stage,Canada,2,49,46,Croatia,5474,Ivan Perišić,5469,Marcelo Brozović,Complete,8.232861,66.5,15.7,60.2,21.0
3857281,2022-11-27,Group Stage,Canada,2,49,48,Croatia,5469,Marcelo Brozović,33018,Joško Gvardiol,Complete,17.438463,57.4,21.6,41.3,14.9
3857281,2022-11-27,Group Stage,Canada,2,49,55,Croatia,33018,Joško Gvardiol,5456,Mateo Kovačić,Incomplete,7.528612,43.9,3.1,51.1,5.3
3857281,2022-11-27,Group Stage,Canada,2,50,2,Croatia,12625,Borna Sosa,33018,Joško Gvardiol,Complete,13.170042,50.8,0.1,38.7,5.3
3857281,2022-11-27,Group Stage,Canada,2,50,3,Croatia,33018,Joško Gvardiol,22041,Marko Livaja,Incomplete,44.161747,38.7,5.3,80.2,20.4
3857281,2022-11-27,Group Stage,Canada,2,50,8,Croatia,5469,Marcelo Brozović,22041,Marko Livaja,Complete,16.046495,61.9,22.6,76.9,28.3
3857281,2022-11-27,Group Stage,Canada,2,50,9,Croatia,22041,Marko Livaja,5456,Mateo Kovačić,Incomplete,8.575546,76.9,28.3,72.4,21.0
3857281,2022-11-27,Group Stage,Canada,2,50,21,Croatia,3471,Dejan Lovren,12625,Borna Sosa,Complete,8.700575,22.1,23.7,27.4,16.8
3857281,2022-11-27,Group Stage,Canada,2,50,23,Croatia,12625,Borna Sosa,22041,Marko Livaja,Complete,32.08317,28.6,8.4,56.8,23.7
3857281,2022-11-27,Group Stage,Canada,2,50,25,Croatia,22041,Marko Livaja,5456,Mateo Kovačić,Complete,14.286357,58.2,23.2,45.1,28.9
3857281,2022-11-27,Group Stage,Canada,2,50,29,Croatia,5456,Mateo Kovačić,5460,Andrej Kramarić,Complete,43.32436,75.9,41.3,100.3,77.1
3857281,2022-11-27,Group Stage,Canada,2,50,37,Croatia,5460,Andrej Kramarić,12625,Borna Sosa,Complete,61.50447,112.2,67.5,99.6,7.3
3857281,2022-11-27,Group Stage,Canada,2,50,43,Croatia,12625,Borna Sosa,22041,Marko Livaja,Incomplete,35.6,100.5,6.9,116.1,38.9
3857281,2022-11-27,Group Stage,Canada,2,51,3,Croatia,12625,Borna Sosa,33018,Joško Gvardiol,Complete,19.018412,67.1,0.1,49.8,8.0
3857281,2022-11-27,Group Stage,Canada,2,52,7,Croatia,5469,Marcelo Brozović,29163,Josip Juranović,Complete,23.593643,80.0,47.3,87.1,69.8
3857281,2022-11-27,Group Stage,Canada,2,52,10,Croatia,29163,Josip Juranović,22041,Marko Livaja,Incomplete,36.667423,90.2,69.5,109.3,38.2
3857281,2022-11-27,Group Stage,Canada,2,52,19,Croatia,5463,Luka Modrić,5469,Marcelo Brozović,Complete,20.94803,56.4,13.9,44.3,31.0
3857281,2022-11-27,Group Stage,Canada,2,52,21,Croatia,5469,Marcelo Brozović,16531,Dominik Livaković,Complete,34.669872,40.4,30.0,7.8,41.8
3857281,2022-11-27,Group Stage,Canada,2,52,25,Croatia,16531,Dominik Livaković,5469,Marcelo Brozović,Complete,22.210358,7.8,41.8,23.1,57.9
3857281,2022-11-27,Group Stage,Canada,2,52,27,Croatia,5469,Marcelo Brozović,5460,Andrej Kramarić,Complete,44.373528,23.1,57.9,63.2,76.9
3857281,2022-11-27,Group Stage,Canada,2,52,35,Croatia,5460,Andrej Kramarić,16531,Dominik Livaković,Complete,36.65897,46.2,74.6,12.0,61.4
3857281,2022-11-27,Group Stage,Canada,2,52,39,Croatia,16531,Dominik Livaković,22041,Marko Livaja,Incomplete,65.795135,12.9,61.8,77.1,76.2
3857281,2022-11-27,Group Stage,Canada,2,53,17,Croatia,5456,Mateo Kovačić,12625,Borna Sosa,Complete,21.445745,62.3,26.7,63.7,5.3
3857281,2022-11-27,Group Stage,Canada,2,53,20,Croatia,12625,Borna Sosa,5474,Ivan Perišić,Complete,11.1400175,63.7,5.3,52.8,7.6
3857281,2022-11-27,Group Stage,Canada,2,53,22,Croatia,5474,Ivan Perišić,12625,Borna Sosa,Complete,8.876936,55.5,6.9,63.7,3.5
3857281,2022-11-27,Group Stage,Canada,2,53,24,Croatia,12625,Borna Sosa,5469,Marcelo Brozović,Complete,19.090574,63.7,3.3,68.0,21.9
3857281,2022-11-27,Group Stage,Canada,2,53,26,Croatia,5469,Marcelo Brozović,5463,Luka Modrić,Complete,28.817356,69.0,22.8,70.0,51.6
3857281,2022-11-27,Group Stage,Canada,2,53,32,Croatia,5463,Luka Modrić,5460,Andrej Kramarić,Complete,14.871785,86.7,62.8,99.6,70.2
3857281,2022-11-27,Group Stage,Canada,2,53,35,Croatia,5460,Andrej Kramarić,5463,Luka Modrić,Complete,13.296617,106.0,74.2,92.8,75.8
3857281,2022-11-27,Group Stage,Canada,2,53,38,Croatia,5463,Luka Modrić,5469,Marcelo Brozović,Complete,10.965857,92.8,75.8,87.5,66.2
3857281,2022-11-27,Group Stage,Canada,2,53,40,Croatia,5469,Marcelo Brozović,5463,Luka Modrić,Complete,20.349447,86.1,66.5,105.8,71.6
3857281,2022-11-27,Group Stage,Canada,2,53,43,Croatia,5463,Luka Modrić,5460,Andrej Kramarić,Complete,17.123083,112.4,58.7,108.2,42.1
3857281,2022-11-27,Group Stage,Canada,2,54,26,Croatia,5456,Mateo Kovačić,5463,Luka Modrić,Complete,10.480935,120.0,0.1,110.9,5.3
3857281,2022-11-27,Group Stage,Canada,2,54,29,Croatia,5463,Luka Modrić,5456,Mateo Kovačić,Complete,4.62277,109.3,5.8,112.2,9.4
3857281,2022-11-27,Group Stage,Canada,2,54,31,Croatia,5456,Mateo Kovačić,,,Incomplete,7.902531,112.8,18.6,112.6,26.5
3857281,2022-11-27,Group Stage,Canada,2,56,21,Croatia,12625,Borna Sosa,33018,Joško Gvardiol,Complete,11.375852,20.4,12.6,23.3,23.6
3857281,2022-11-27,Group Stage,Canada,2,56,24,Croatia,33018,Joško Gvardiol,5456,Mateo Kovačić,Complete,14.665947,26.4,21.4,40.9,23.6
3857281,2022-11-27,Group Stage,Canada,2,56,25,Croatia,5456,Mateo Kovačić,5469,Marcelo Brozović,Complete,10.062305,40.9,23.6,31.9,28.1
3857281,2022-11-27,Group Stage,Canada,2,56,27,Croatia,5469,Marcelo Brozović,5463,Luka Modrić,Complete,16.089748,31.9,28.1,41.1,41.3
3857281,2022-11-27,Group Stage,Canada,2,56,27,Croatia,5463,Luka Modrić,5469,Marcelo Brozović,Complete,14.727186,41.1,41.3,31.9,29.8
3857281,2022-11-27,Group Stage,Canada,2,56,29,Croatia,5469,Marcelo Brozović,29163,Josip Juranović,Complete,45.03876,31.9,29.8,52.6,69.8
3857281,2022-11-27,Group Stage,Canada,2,56,33,Croatia,29163,Josip Juranović,5460,Andrej Kramarić,Incomplete,18.183784,57.0,69.8,74.9,73.0
3857281,2022-11-27,Group Stage,Canada,2,56,56,Croatia,29163,Josip Juranović,22041,Marko Livaja,Complete,22.276669,82.2,80.0,97.7,64.0
3857281,2022-11-27,Group Stage,Canada,2,56,57,Croatia,22041,Marko Livaja,5460,Andrej Kramarić,Complete,6.6940274,97.7,62.8,91.2,61.2
3857281,2022-11-27,Group Stage,Canada,2,56,58,Croatia,5460,Andrej Kramarić,5474,Ivan Perišić,Incomplete,27.078035,91.2,61.2,99.1,35.3
3857281,2022-11-27,Group Stage,Canada,2,57,9,Croatia,5474,Ivan Perišić,22041,Marko Livaja,Incomplete,24.56522,113.3,15.7,116.9,40.0
3857281,2022-11-27,Group Stage,Canada,2,57,34,Croatia,5460,Andrej Kramarić,22041,Marko Livaja,Complete,41.40592,9.6,74.6,51.0,75.3
3857281,2022-11-27,Group Stage,Canada,2,58,20,Croatia,5474,Ivan Perišić,5456,Mateo Kovačić,Complete,8.149233,38.2,27.4,45.3,23.4
3857281,2022-11-27,Group Stage,Canada,2,58,25,Croatia,5456,Mateo Kovačić,12625,Borna Sosa,Incomplete,11.610771,55.7,5.7,67.2,4.1
3857281,2022-11-27,Group Stage,Canada,2,58,39,Croatia,5474,Ivan Perišić,,,Incomplete,7.1589108,20.2,7.1,27.2,8.6
3857281,2022-11-27,Group Stage,Canada,2,59,2,Croatia,12625,Borna Sosa,5474,Ivan Perišić,Complete,18.77232,33.1,0.1,51.3,4.7
3857281,2022-11-27,Group Stage,Canada,2,59,3,Croatia,5474,Ivan Perišić,22041,Marko Livaja,Incomplete,13.086252,51.3,4.7,64.3,6.2
3857281,2022-11-27,Group Stage,Canada,2,59,18,Croatia,5469,Marcelo Brozović,5474,Ivan Perišić,Complete,20.600971,68.9,36.7,68.7,16.1
3857281,2022-11-27,Group Stage,Canada,2,59,20,Croatia,5474,Ivan Perišić,5463,Luka Modrić,Complete,19.547379,68.7,16.1,77.8,33.4
3857281,2022-11-27,Group Stage,Canada,2,59,21,Croatia,5463,Luka Modrić,12625,Borna Sosa,Complete,25.167639,77.5,34.3,80.4,9.3
3857281,2022-11-27,Group Stage,Canada,2,59,25,Croatia,12625,Borna Sosa,22041,Marko Livaja,Complete,21.755919,94.3,7.1,96.9,28.7
3857281,2022-11-27,Group Stage,Canada,2,60,10,Croatia,12625,Borna Sosa,7693,Bruno Petković,Complete,21.164593,104.0,0.1,117.5,16.4
3857281,2022-11-27,Group Stage,Canada,2,60,16,Croatia,7693,Bruno Petković,,,Incomplete,2.7073972,117.5,2.2,117.7,4.9
3857281,2022-11-27,Group Stage,Canada,2,60,38,Croatia,12625,Borna Sosa,5474,Ivan Perišić,Incomplete,6.4195013,93.0,3.3,99.1,5.3
3857281,2022-11-27,Group Stage,Canada,2,60,50,Croatia,12625,Borna Sosa,5456,Mateo Kovačić,Complete,8.1412525,85.9,0.1,89.7,7.3
3857281,2022-11-27,Group Stage,Canada,2,60,52,Croatia,5456,Mateo Kovačić,12625,Borna Sosa,Complete,6.1717095,90.1,8.4,87.3,2.9
3857281,2022-11-27,Group Stage,Canada,2,60,54,Croatia,12625,Borna Sosa,5474,Ivan Perišić,Complete,7.2346387,93.6,3.1,98.3,8.6
3857281,2022-11-27,Group Stage,Canada,2,60,54,Croatia,5474,Ivan Perišić,7693,Bruno Petković,Complete,6.462198,98.3,8.6,100.7,14.6
3857281,2022-11-27,Group Stage,Canada,2,60,55,Croatia,7693,Bruno Petković,5456,Mateo Kovačić,Incomplete,6.239391,100.7,14.6,94.5,15.3
3857281,2022-11-27,Group Stage,Canada,2,63,7,Croatia,16531,Dominik Livaković,7693,Bruno Petković,Complete,68.40329,16.2,42.2,81.3,21.2
3857281,2022-11-27,Group Stage,Canada,2,63,11,Croatia,7693,Bruno Petković,5474,Ivan Perišić,Complete,9.141663,81.3,21.2,89.2,16.6
3857281,2022-11-27,Group Stage,Canada,2,63,13,Croatia,5474,Ivan Perišić,7693,Bruno Petković,Complete,7.889233,89.2,16.6,82.4,20.6
3857281,2022-11-27,Group Stage,Canada,2,63,14,Croatia,7693,Bruno Petković,5456,Mateo Kovačić,Incomplete,35.95803,82.4,20.6,118.1,24.9
3857281,2022-11-27,Group Stage,Canada,2,63,54,Croatia,3471,Dejan Lovren,5460,Andrej Kramarić,Complete,24.41352,64.3,59.9,88.4,63.8
3857281,2022-11-27,Group Stage,Canada,2,63,56,Croatia,5460,Andrej Kramarić,5463,Luka Modrić,Complete,9.62133,88.4,63.8,80.8,69.7
3857281,2022-11-27,Group Stage,Canada,2,64,5,Croatia,5463,Luka Modrić,29163,Josip Juranović,Complete,23.013908,97.3,77.9,74.3,77.1
3857281,2022-11-27,Group Stage,Canada,2,64,7,Croatia,29163,Josip Juranović,3471,Dejan Lovren,Complete,25.67041,74.3,77.1,56.4,58.7
3857281,2022-11-27,Group Stage,Canada,2,64,9,Croatia,3471,Dejan Lovren,33018,Joško Gvardiol,Complete,29.241238,56.4,58.7,50.8,30.0
3857281,2022-11-27,Group Stage,Canada,2,64,14,Croatia,33018,Joško Gvardiol,16531,Dominik Livaković,Complete,32.607513,45.8,23.0,19.3,42.0
3857281,2022-11-27,Group Stage,Canada,2,64,19,Croatia,16531,Dominik Livaković,5474,Ivan Perišić,Incomplete,58.56424,19.9,44.9,63.5,5.8
3857281,2022-11-27,Group Stage,Canada,2,64,50,Croatia,12625,Borna Sosa,7693,Bruno Petković,Complete,28.246061,68.5,0.1,96.3,5.1
3857281,2022-11-27,Group Stage,Canada,2,64,53,Croatia,7693,Bruno Petković,5474,Ivan Perišić,Complete,4.14367,97.1,4.3,101.0,2.9
3857281,2022-11-27,Group Stage,Canada,2,65,5,Croatia,5474,Ivan Perišić,12625,Borna Sosa,Complete,13.705838,105.1,0.1,93.2,6.9
3857281,2022-11-27,Group Stage,Canada,2,65,6,Croatia,12625,Borna Sosa,5474,Ivan Perišić,Complete,8.249243,93.2,6.9,100.3,2.7
3857281,2022-11-27,Group Stage,Canada,2,65,8,Croatia,5474,Ivan Perišić,5456,Mateo Kovačić,Complete,11.595258,100.3,2.7,111.6,5.3
3857281,2022-11-27,Group Stage,Canada,2,65,12,Croatia,5456,Mateo Kovačić,5474,Ivan Perišić,Complete,9.912619,116.1,3.3,106.2,3.8
3857281,2022-11-27,Group Stage,Canada,2,65,13,Croatia,5474,Ivan Perišić,7693,Bruno Petković,Incomplete,4.6141086,106.2,3.8,108.5,7.8
3857281,2022-11-27,Group Stage,Canada,2,65,34,Croatia,5474,Ivan Perišić,7693,Bruno Petković,Incomplete,34.20234,112.2,0.1,112.6,34.3
3857281,2022-11-27,Group Stage,Canada,2,65,42,Croatia,33018,Joško Gvardiol,7693,Bruno Petković,Incomplete,36.84902,101.6,5.5,114.0,40.2
3857281,2022-11-27,Group Stage,Canada,2,65,53,Croatia,29163,Josip Juranović,5463,Luka Modrić,Complete,10.017983,71.8,80.0,71.2,70.0
3857281,2022-11-27,Group Stage,Canada,2,65,55,Croatia,5463,Luka Modrić,5469,Marcelo Brozović,Complete,19.865547,68.3,65.2,49.3,59.4
3857281,2022-11-27,Group Stage,Canada,2,65,57,Croatia,5469,Marcelo Brozović,3471,Dejan Lovren,Complete,15.03762,45.8,57.4,32.1,63.6
3857281,2022-11-27,Group Stage,Canada,2,65,59,Croatia,3471,Dejan Lovren,16531,Dominik Livaković,Complete,32.0,31.2,63.4,5.6,44.2
3857281,2022-11-27,Group Stage,Canada,2,66,3,Croatia,16531,Dominik Livaković,5474,Ivan Perišić,Out,80.66604,7.2,43.3,75.7,0.7
3857281,2022-11-27,Group Stage,Canada,2,67,27,Croatia,5463,Luka Modrić,7693,Bruno Petković,Complete,17.637743,70.0,60.1,74.7,43.1
3857281,2022-11-27,Group Stage,Canada,2,67,29,Croatia,7693,Bruno Petković,5456,Mateo Kovačić,Out,45.99674,74.7,43.1,91.8,0.4
3857281,2022-11-27,Group Stage,Canada,2,67,44,Croatia,33018,Joško Gvardiol,5474,Ivan Perišić,Complete,15.480633,36.8,43.1,46.2,55.4
3857281,2022-11-27,Group Stage,Canada,2,67,48,Croatia,5474,Ivan Perišić,29163,Josip Juranović,Complete,15.670673,51.0,53.6,35.6,56.5
3857281,2022-11-27,Group Stage,Canada,2,67,50,Croatia,29163,Josip Juranović,16531,Dominik Livaković,Complete,31.862831,33.5,56.5,4.5,43.3
3857281,2022-11-27,Group Stage,Canada,2,67,54,Croatia,16531,Dominik Livaković,29163,Josip Juranović,Complete,38.187172,6.4,43.3,29.9,73.4
3857281,2022-11-27,Group Stage,Canada,2,67,58,Croatia,29163,Josip Juranović,5463,Luka Modrić,Incomplete,74.46153,34.9,76.8,107.3,59.4
3857281,2022-11-27,Group Stage,Canada,2,68,15,Croatia,5456,Mateo Kovačić,7693,Bruno Petković,Incomplete,24.03539,85.1,43.1,108.0,35.8
3857281,2022-11-27,Group Stage,Canada,2,69,15,Croatia,5469,Marcelo Brozović,5460,Andrej Kramarić,Complete,27.736258,43.7,53.8,71.0,58.7
3857281,2022-11-27,Group Stage,Canada,2,69,18,Croatia,5460,Andrej Kramarić,5463,Luka Modrić,Complete,12.984991,74.3,56.0,63.3,62.9
3857281,2022-11-27,Group Stage,Canada,2,69,22,Croatia,5463,Luka Modrić,5456,Mateo Kovačić,Complete,11.18034,67.5,63.0,69.5,52.0
3857281,2022-11-27,Group Stage,Canada,2,69,24,Croatia,5456,Mateo Kovačić,5469,Marcelo Brozović,Complete,14.008925,77.3,52.5,76.8,38.5
3857281,2022-11-27,Group Stage,Canada,2,69,26,Croatia,5469,Marcelo Brozović,5474,Ivan Perišić,Complete,40.41411,76.7,37.8,99.6,4.5
3857281,2022-11-27,Group Stage,Canada,2,69,33,Croatia,5474,Ivan Perišić,5460,Andrej Kramarić,Complete,35.759335,103.7,15.5,110.0,50.7
3857281,2022-11-27,Group Stage,Canada,2,70,53,Croatia,5456,Mateo Kovačić,5463,Luka Modrić,Complete,15.880806,58.2,47.5,71.0,56.9
3857281,2022-11-27,Group Stage,Canada,2,70,55,Croatia,5463,Luka Modrić,5460,Andrej Kramarić,Complete,22.49311,71.0,61.4,87.3,76.9
3857281,2022-11-27,Group Stage,Canada,2,70,59,Croatia,5460,Andrej Kramarić,5463,Luka Modrić,Complete,21.136698,91.8,75.3,112.8,77.7
3857281,2022-11-27,Group Stage,Canada,2,71,4,Croatia,5463,Luka Modrić,5460,Andrej Kramarić,Complete,30.786036,112.8,77.5,115.1,46.8
3857281,2022-11-27,Group Stage,Canada,2,74,28,Croatia,16531,Dominik Livaković,7693,Bruno Petković,Incomplete,74.33283,8.9,39.5,77.3,10.4
3857281,2022-11-27,Group Stage,Canada,2,74,33,Croatia,33018,Joško Gvardiol,5474,Ivan Perišić,Incomplete,57.64174,51.1,18.8,107.5,6.9
3857281,2022-11-27,Group Stage,Canada,2,74,43,Croatia,5474,Ivan Perišić,3441,Nikola Vlašić,Complete,16.524527,106.2,7.6,105.3,24.1
3857281,2022-11-27,Group Stage,Canada,2,75,15,Croatia,5456,Mateo Kovačić,5463,Luka Modrić,Complete,9.486833,120.0,0.1,112.2,5.5
3857281,2022-11-27,Group Stage,Canada,2,75,19,Croatia,5463,Luka Modrić,5469,Marcelo Brozović,Complete,8.8,106.7,4.7,97.9,4.7
3857281,2022-11-27,Group Stage,Canada,2,75,20,Croatia,5469,Marcelo Brozović,29163,Josip Juranović,Complete,43.602753,94.3,5.3,64.9,37.5
3857281,2022-11-27,Group Stage,Canada,2,75,25,Croatia,29163,Josip Juranović,5469,Marcelo Brozović,Complete,34.688328,67.8,39.5,73.6,5.3
3857281,2022-11-27,Group Stage,Canada,2,75,31,Croatia,5469,Marcelo Brozović,3471,Dejan Lovren,Complete,44.80279,74.7,11.3,74.2,56.1
3857281,2022-11-27,Group Stage,Canada,2,75,34,Croatia,3471,Dejan Lovren,29163,Josip Juranović,Complete,23.522755,72.7,57.4,54.1,43.0
3857281,2022-11-27,Group Stage,Canada,2,75,37,Croatia,29163,Josip Juranović,16531,Dominik Livaković,Complete,35.034412,50.8,38.7,16.2,44.2
3857281,2022-11-27,Group Stage,Canada,2,75,41,Croatia,16531,Dominik Livaković,5456,Mateo Kovačić,Out,59.397053,15.6,44.2,55.5,0.2
3857281,2022-11-27,Group Stage,Canada,2,76,7,Croatia,5463,Luka Modrić,5469,Marcelo Brozović,Complete,7.528612,35.6,32.5,37.8,25.3
3857281,2022-11-27,Group Stage,Canada,2,76,9,Croatia,5469,Marcelo Brozović,5474,Ivan Perišić,Incomplete,4.243819,37.2,21.4,39.6,17.9
3857281,2022-11-27,Group Stage,Canada,2,76,47,Croatia,16531,Dominik Livaković,7693,Bruno Petković,Complete,63.241127,7.0,36.1,63.2,7.1
3857281,2022-11-27,Group Stage,Canada,2,76,56,Croatia,7693,Bruno Petković,3441,Nikola Vlašić,Complete,15.212166,79.6,15.7,92.6,23.6
3857281,2022-11-27,Group Stage,Canada,2,76,57,Croatia,3441,Nikola Vlašić,5474,Ivan Perišić,Incomplete,10.462314,92.6,23.6,98.1,14.7
3857281,2022-11-27,Group Stage,Canada,2,77,27,Croatia,29163,Josip Juranović,,,Out,10.9,2.5,70.9,8.5,80.0
3857281,2022-11-27,Group Stage,Canada,2,77,38,Croatia,5463,Luka Modrić,5456,Mateo Kovačić,Complete,23.067293,33.5,62.2,37.6,39.5
3857281,2022-11-27,Group Stage,Canada,2,77,43,Croatia,5456,Mateo Kovačić,5474,Ivan Perišić,Complete,30.69609,70.6,23.0,93.8,2.9
3857281,2022-11-27,Group Stage,Canada,2,77,52,Croatia,5456,Mateo Kovačić,5469,Marcelo Brozović,Complete,8.747571,108.7,34.0,110.3,42.6
3857281,2022-11-27,Group Stage,Canada,2,78,15,Croatia,5474,Ivan Perišić,5463,Luka Modrić,Incomplete,9.024411,26.1,36.7,34.9,38.7
3857281,2022-11-27,Group Stage,Canada,2,80,6,Croatia,29163,Josip Juranović,,,Incomplete,53.28358,46.4,76.9,94.7,54.4
3857281,2022-11-27,Group Stage,Canada,2,81,9,Croatia,33018,Joško Gvardiol,3441,Nikola Vlašić,Incomplete,80.871506,27.6,5.7,90.2,56.9
3857281,2022-11-27,Group Stage,Canada,2,81,45,Croatia,29163,Josip Juranović,7693,Bruno Petković,Incomplete,32.24438,103.0,80.0,108.9,48.3
3857281,2022-11-27,Group Stage,Canada,2,82,41,Croatia,29163,Josip Juranović,7693,Bruno Petković,Complete,12.845622,55.9,80.0,68.5,77.5
3857281,2022-11-27,Group Stage,Canada,2,82,46,Croatia,7693,Bruno Petković,29163,Josip Juranović,Complete,12.856127,68.5,77.1,55.7,78.3
3857281,2022-11-27,Group Stage,Canada,2,82,48,Croatia,29163,Josip Juranović,5463,Luka Modrić,Complete,11.601724,55.5,77.3,43.9,77.5
3857281,2022-11-27,Group Stage,Canada,2,82,50,Croatia,5463,Luka Modrić,29163,Josip Juranović,Complete,11.715375,45.5,77.3,57.2,77.9
3857281,2022-11-27,Group Stage,Canada,2,83,43,Croatia,29163,Josip Juranović,5463,Luka Modrić,Complete,26.65577,15.5,80.0,39.2,67.8
3857281,2022-11-27,Group Stage,Canada,2,86,12,Croatia,3441,Nikola Vlašić,29163,Josip Juranović,Complete,7.905694,20.6,62.8,13.1,60.3
3857281,2022-11-27,Group Stage,Canada,2,86,14,Croatia,29163,Josip Juranović,,,Out,43.731224,12.0,61.8,51.9,79.7
3857281,2022-11-27,Group Stage,Canada,2,86,55,Croatia,11603,Mario Pašalić,28914,Lovro Majer,Complete,26.913565,29.0,48.3,33.7,74.8
3857281,2022-11-27,Group Stage,Canada,2,86,58,Croatia,28914,Lovro Majer,3441,Nikola Vlašić,Incomplete,5.0695167,36.7,77.5,41.6,76.2
3857281,2022-11-27,Group Stage,Canada,2,87,6,Croatia,5469,Marcelo Brozović,3441,Nikola Vlašić,Complete,22.426992,43.7,78.6,66.1,77.5
3857281,2022-11-27,Group Stage,Canada,2,87,14,Croatia,3441,Nikola Vlašić,29163,Josip Juranović,Complete,17.44133,62.1,73.8,44.7,75.0
3857281,2022-11-27,Group Stage,Canada,2,87,18,Croatia,29163,Josip Juranović,3471,Dejan Lovren,Complete,13.503333,44.3,77.5,44.0,64.0
3857281,2022-11-27,Group Stage,Canada,2,87,19,Croatia,3471,Dejan Lovren,,,Incomplete,59.204815,45.1,63.4,104.0,57.4
3857281,2022-11-27,Group Stage,Canada,2,88,37,Croatia,12625,Borna Sosa,7693,Bruno Petković,Complete,21.618973,20.9,0.1,42.2,3.8
3857281,2022-11-27,Group Stage,Canada,2,88,39,Croatia,7693,Bruno Petković,,,Incomplete,15.263355,43.1,3.3,55.5,12.2
3857281,2022-11-27,Group Stage,Canada,2,88,46,Croatia,11603,Mario Pašalić,3441,Nikola Vlašić,Complete,9.693812,41.8,28.7,48.4,35.8
3857281,2022-11-27,Group Stage,Canada,2,88,49,Croatia,3441,Nikola Vlašić,29163,Josip Juranović,Complete,37.24473,67.4,38.7,74.3,75.3
3857281,2022-11-27,Group Stage,Canada,2,88,53,Croatia,29163,Josip Juranović,28914,Lovro Majer,Complete,5.990826,77.5,75.3,72.5,72.0
3857281,2022-11-27,Group Stage,Canada,2,89,1,Croatia,28914,Lovro Majer,3471,Dejan Lovren,Complete,22.240728,59.0,71.3,37.4,66.0
3857281,2022-11-27,Group Stage,Canada,2,89,5,Croatia,3471,Dejan Lovren,16531,Dominik Livaković,Complete,27.594383,26.8,56.3,3.2,42.0
3857281,2022-11-27,Group Stage,Canada,2,89,8,Croatia,16531,Dominik Livaković,7693,Bruno Petković,Complete,54.47715,4.0,38.5,57.0,25.9
3857281,2022-11-27,Group Stage,Canada,2,89,12,Croatia,7693,Bruno Petković,11603,Mario Pašalić,Complete,7.2945185,57.0,24.9,50.6,21.4
3857281,2022-11-27,Group Stage,Canada,2,89,14,Croatia,11603,Mario Pašalić,16527,Mislav Oršić,Complete,21.801376,56.4,19.6,72.5,34.3
3857281,2022-11-27,Group Stage,Canada,2,89,16,Croatia,16527,Mislav Oršić,3441,Nikola Vlašić,Complete,17.99361,72.2,34.3,77.8,51.4
3857281,2022-11-27,Group Stage,Canada,2,89,17,Croatia,3441,Nikola Vlašić,7693,Bruno Petković,Complete,34.92621,77.7,51.4,89.7,18.6
3857281,2022-11-27,Group Stage,Canada,2,89,21,Croatia,7693,Bruno Petković,16527,Mislav Oršić,Complete,13.101526,105.9,24.5,98.2,35.1
3857281,2022-11-27,Group Stage,Canada,2,90,22,Croatia,11603,Mario Pašalić,28914,Lovro Majer,Complete,11.6456,21.1,27.6,25.2,38.5
3857281,2022-11-27,Group Stage,Canada,2,90,23,Croatia,28914,Lovro Majer,7693,Bruno Petković,Unknown,26.16123,25.2,38.5,47.3,24.5
3857281,2022-11-27,Group Stage,Canada,2,91,4,Croatia,5469,Marcelo Brozović,16531,Dominik Livaković,Complete,38.552303,44.7,25.9,12.5,47.1
3857281,2022-11-27,Group Stage,Canada,2,91,9,Croatia,16531,Dominik Livaković,7693,Bruno Petković,Complete,70.88611,12.5,47.1,74.7,13.1
3857281,2022-11-27,Group Stage,Canada,2,91,13,Croatia,7693,Bruno Petković,16527,Mislav Oršić,Incomplete,13.736084,74.7,13.1,87.9,9.3
3857281,2022-11-27,Group Stage,Canada,2,92,50,Croatia,16531,Dominik Livaković,7693,Bruno Petković,Complete,63.067265,7.0,36.1,67.2,17.3
3857281,2022-11-27,Group Stage,Canada,2,92,54,Croatia,7693,Bruno Petković,28914,Lovro Majer,Incomplete,22.709469,67.2,17.3,88.6,24.9
3857281,2022-11-27,Group Stage,Canada,2,93,18,Croatia,7693,Bruno Petković,16527,Mislav Oršić,Incomplete,24.027693,41.8,10.6,62.5,22.8
3857281,2022-11-27,Group Stage,Canada,2,93,25,Croatia,16527,Mislav Oršić,28914,Lovro Majer,Complete,11.961605,105.0,34.2,109.2,45.4
3857281,2022-11-27,Group Stage,Canada,2,95,0,Croatia,16531,Dominik Livaković,,,Incomplete,84.245,10.9,34.3,91.0,8.2
3857281,2022-11-27,Group Stage,Canada,2,95,18,Croatia,12625,Borna Sosa,7693,Bruno Petković,Complete,13.420135,76.3,0.1,84.4,10.8
3857281,2022-11-27,Group Stage,Canada,2,95,18,Croatia,7693,Bruno Petković,28914,Lovro Majer,Incomplete,11.315918,84.4,10.8,79.5,21.0
3857281,2022-11-27,Group Stage,Canada,2,95,40,Croatia,28914,Lovro Majer,5469,Marcelo Brozović,Complete,7.7369246,37.4,66.0,40.9,59.1
3857281,2022-11-27,Group Stage,Canada,2,95,41,Croatia,5469,Marcelo Brozović,3441,Nikola Vlašić,Out,21.744194,40.9,59.1,46.9,80.0
3857281,2022-11-27,Group Stage,Canada,2,95,52,Croatia,11603,Mario Pašalić,16527,Mislav Oršić,Complete,33.449814,51.0,46.1,74.3,22.1
3857281,2022-11-27,Group Stage,Canada,2,95,56,Croatia,16527,Mislav Oršić,7693,Bruno Petković,Complete,16.77051,93.0,20.6,105.3,32.0
