match_id,fecha,fase,oponente,periodo,minuto,segundo,equipo,jugador_id,jugador_nombre,receptor_id,receptor_nombre,resultado,longitud_pase,inicio_x,inicio_y,fin_x,fin_y
3857272,2022-11-25,Group Stage,England,1,0,43,United States,12524,Walker Zimmerman,12352,Matthew Charles Turner,Complete,15.809175,20.4,62.0,7.2,53.3
3857272,2022-11-25,Group Stage,England,1,0,44,United States,12352,Matthew Charles Turner,,,Out,28.825857,7.4,53.7,19.2,80.0
3857272,2022-11-25,Group Stage,England,1,1,5,United States,12751,Tyler Adams,22008,Haji Wright,Complete,15.655351,22.6,71.4,38.1,69.2
3857272,2022-11-25,Group Stage,England,1,1,6,United States,22008,Haji Wright,3377,Timothy Weah,Complete,10.278619,40.1,69.2,37.0,79.0
3857272,2022-11-25,Group Stage,England,1,1,7,United States,3377,Timothy Weah,22008,Haji Wright,Incomplete,11.230762,38.7,78.4,43.4,68.2
3857272,2022-11-25,Group Stage,England,1,1,13,United States,8526,Weston McKennie,3377,Timothy Weah,Complete,12.93561,63.1,75.4,75.3,79.7
3857272,2022-11-25,Group Stage,England,1,1,14,United States,3377,Timothy Weah,22008,Haji Wright,Incomplete,42.02202,75.3,79.7,103.0,48.1
3857272,2022-11-25,Group Stage,England,1,1,22,United States,12524,Walker Zimmerman,,,Incomplete,26.443336,63.3,77.7,84.2,61.5
3857272,2022-11-25,Group Stage,England,1,1,26,United States,18242,Tim Ream,8526,Weston McKennie,Complete,23.860008,51.3,54.6,65.6,73.7
3857272,2022-11-25,Group Stage,England,1,1,29,United States,8526,Weston McKennie,12751,Tyler Adams,Complete,5.700877,65.6,73.7,61.1,70.2
3857272,2022-11-25,Group Stage,England,1,1,29,United States,12751,Tyler Adams,21881,Sergino Dest,Complete,8.450444,61.4,70.7,58.4,78.6
3857272,2022-11-25,Group Stage,England,1,1,31,United States,21881,Sergino Dest,8526,Weston McKennie,Complete,4.119466,58.4,79.0,62.5,79.4
3857272,2022-11-25,Group Stage,England,1,2,4,United States,12524,Walker Zimmerman,18242,Tim Ream,Complete,41.299397,53.7,65.1,40.7,25.9
3857272,2022-11-25,Group Stage,England,1,2,11,United States,18242,Tim Ream,,,Incomplete,0.98488575,60.7,18.8,61.6,19.2
3857272,2022-11-25,Group Stage,England,1,2,16,United States,12524,Walker Zimmerman,12352,Matthew Charles Turner,Complete,19.28004,20.8,28.6,9.2,44.0
3857272,2022-11-25,Group Stage,England,1,2,19,United States,12352,Matthew Charles Turner,8526,Weston McKennie,Complete,45.186836,12.6,47.2,47.0,76.5
3857272,2022-11-25,Group Stage,England,1,2,24,United States,8526,Weston McKennie,3377,Timothy Weah,Incomplete,34.70922,53.7,79.4,88.4,78.6
3857272,2022-11-25,Group Stage,England,1,2,38,United States,8526,Weston McKennie,22008,Haji Wright,Complete,7.03278,87.3,80.0,93.4,76.5
3857272,2022-11-25,Group Stage,England,1,2,39,United States,22008,Haji Wright,8526,Weston McKennie,Complete,2.6925824,93.4,77.4,92.7,80.0
3857272,2022-11-25,Group Stage,England,1,3,17,United States,21881,Sergino Dest,,,Incomplete,14.993666,69.6,75.9,81.2,66.4
3857272,2022-11-25,Group Stage,England,1,3,21,United States,12524,Walker Zimmerman,18242,Tim Ream,Complete,25.541534,50.9,62.9,39.0,40.3
3857272,2022-11-25,Group Stage,England,1,3,23,United States,18242,Tim Ream,8246,Christian Pulisic,Complete,24.01333,38.9,40.1,62.9,39.3
3857272,2022-11-25,Group Stage,England,1,3,27,United States,8246,Christian Pulisic,12524,Walker Zimmerman,Complete,22.077137,53.1,42.8,34.7,55.0
3857272,2022-11-25,Group Stage,England,1,3,31,United States,12524,Walker Zimmerman,18242,Tim Ream,Complete,29.66749,37.0,55.5,39.0,25.9
3857272,2022-11-25,Group Stage,England,1,3,34,United States,18242,Tim Ream,4614,Antonee Robinson,Complete,36.25052,40.5,24.9,70.8,5.0
3857272,2022-11-25,Group Stage,England,1,3,58,United States,18242,Tim Ream,8526,Weston McKennie,Incomplete,29.64203,82.8,16.9,77.7,46.1
3857272,2022-11-25,Group Stage,England,1,6,3,United States,21881,Sergino Dest,3377,Timothy Weah,Complete,20.71835,62.3,80.0,82.8,77.0
3857272,2022-11-25,Group Stage,England,1,6,5,United States,3377,Timothy Weah,8526,Weston McKennie,Complete,3.0,82.8,77.4,80.4,75.6
3857272,2022-11-25,Group Stage,England,1,6,6,United States,8526,Weston McKennie,22008,Haji Wright,Complete,16.531485,80.4,75.6,86.9,60.4
3857272,2022-11-25,Group Stage,England,1,6,7,United States,22008,Haji Wright,38792,Yunus Dimoara Musah,Complete,7.858753,86.9,60.4,79.3,62.4
3857272,2022-11-25,Group Stage,England,1,6,9,United States,38792,Yunus Dimoara Musah,4614,Antonee Robinson,Incomplete,0.0,80.6,57.8,80.6,57.8
3857272,2022-11-25,Group Stage,England,1,6,14,United States,4614,Antonee Robinson,12751,Tyler Adams,Complete,16.103725,83.2,14.1,69.4,22.4
3857272,2022-11-25,Group Stage,England,1,6,16,United States,12751,Tyler Adams,18242,Tim Ream,Incomplete,1.5264337,64.1,11.6,63.3,12.9
3857272,2022-11-25,Group Stage,England,1,6,43,United States,18242,Tim Ream,12352,Matthew Charles Turner,Complete,20.338387,18.6,14.1,3.3,27.5
3857272,2022-11-25,Group Stage,England,1,6,49,United States,12352,Matthew Charles Turner,12524,Walker Zimmerman,Complete,14.418044,9.0,36.1,14.8,49.3
3857272,2022-11-25,Group Stage,England,1,6,56,United States,12524,Walker Zimmerman,12352,Matthew Charles Turner,Complete,22.69912,25.8,53.7,9.6,37.8
3857272,2022-11-25,Group Stage,England,1,6,58,United States,12352,Matthew Charles Turner,18242,Tim Ream,Complete,12.903488,11.8,36.0,15.7,23.7
3857272,2022-11-25,Group Stage,England,1,7,0,United States,18242,Tim Ream,4614,Antonee Robinson,Complete,25.0,15.9,23.1,30.9,3.1
3857272,2022-11-25,Group Stage,England,1,7,3,United States,4614,Antonee Robinson,8246,Christian Pulisic,Complete,19.285486,35.2,2.4,46.4,18.1
3857272,2022-11-25,Group Stage,England,1,7,4,United States,8246,Christian Pulisic,38792,Yunus Dimoara Musah,Complete,11.207141,44.8,18.8,45.2,30.0
3857272,2022-11-25,Group Stage,England,1,7,8,United States,38792,Yunus Dimoara Musah,4614,Antonee Robinson,Complete,19.681717,62.1,19.2,73.7,3.3
3857272,2022-11-25,Group Stage,England,1,7,11,United States,4614,Antonee Robinson,12751,Tyler Adams,Complete,21.256529,70.3,6.4,63.1,26.4
3857272,2022-11-25,Group Stage,England,1,7,13,United States,12751,Tyler Adams,12524,Walker Zimmerman,Complete,29.172762,62.0,22.4,46.8,47.3
3857272,2022-11-25,Group Stage,England,1,7,17,United States,12524,Walker Zimmerman,18242,Tim Ream,Complete,18.601076,51.1,48.6,51.3,30.0
3857272,2022-11-25,Group Stage,England,1,7,20,United States,18242,Tim Ream,4614,Antonee Robinson,Complete,42.349144,52.1,26.4,86.5,1.7
3857272,2022-11-25,Group Stage,England,1,10,49,United States,12352,Matthew Charles Turner,22008,Haji Wright,Incomplete,67.22685,7.0,36.1,73.7,27.7
3857272,2022-11-25,Group Stage,England,1,12,20,United States,4614,Antonee Robinson,22008,Haji Wright,Incomplete,30.90712,25.5,27.7,52.9,42.0
3857272,2022-11-25,Group Stage,England,1,12,29,United States,38792,Yunus Dimoara Musah,18242,Tim Ream,Incomplete,1.4764823,43.6,1.8,42.3,2.5
3857272,2022-11-25,Group Stage,England,1,12,34,United States,12751,Tyler Adams,38792,Yunus Dimoara Musah,Complete,8.94539,28.7,1.3,37.6,2.2
3857272,2022-11-25,Group Stage,England,1,12,39,United States,38792,Yunus Dimoara Musah,12524,Walker Zimmerman,Complete,20.524376,39.6,24.2,26.5,40.0
3857272,2022-11-25,Group Stage,England,1,12,43,United States,12524,Walker Zimmerman,3377,Timothy Weah,Incomplete,46.1816,28.9,44.0,63.4,74.7
3857272,2022-11-25,Group Stage,England,1,14,13,United States,12352,Matthew Charles Turner,4614,Antonee Robinson,Complete,36.832188,13.9,33.1,34.4,2.5
3857272,2022-11-25,Group Stage,England,1,14,21,United States,4614,Antonee Robinson,18242,Tim Ream,Complete,16.641214,49.9,2.7,35.2,10.5
3857272,2022-11-25,Group Stage,England,1,14,24,United States,18242,Tim Ream,12524,Walker Zimmerman,Complete,34.782898,33.8,14.3,31.4,49.0
3857272,2022-11-25,Group Stage,England,1,14,27,United States,12524,Walker Zimmerman,21881,Sergino Dest,Complete,13.748091,31.4,49.0,34.0,62.5
3857272,2022-11-25,Group Stage,England,1,14,33,United States,21881,Sergino Dest,8526,Weston McKennie,Complete,10.885311,70.0,68.3,68.0,79.0
3857272,2022-11-25,Group Stage,England,1,14,41,United States,8526,Weston McKennie,18242,Tim Ream,Complete,39.30865,49.3,78.1,37.2,40.7
3857272,2022-11-25,Group Stage,England,1,14,46,United States,18242,Tim Ream,4614,Antonee Robinson,Complete,28.54908,41.4,30.2,63.8,12.5
3857272,2022-11-25,Group Stage,England,1,14,49,United States,4614,Antonee Robinson,8246,Christian Pulisic,Complete,12.653063,63.8,12.5,68.1,24.4
3857272,2022-11-25,Group Stage,England,1,14,50,United States,8246,Christian Pulisic,4614,Antonee Robinson,Complete,14.6219015,69.2,15.9,59.8,4.7
3857272,2022-11-25,Group Stage,England,1,14,51,United States,4614,Antonee Robinson,18242,Tim Ream,Complete,20.364676,57.4,4.0,43.0,18.4
3857272,2022-11-25,Group Stage,England,1,14,54,United States,18242,Tim Ream,12524,Walker Zimmerman,Complete,22.2441,40.1,24.1,38.7,46.3
3857272,2022-11-25,Group Stage,England,1,14,56,United States,12524,Walker Zimmerman,8526,Weston McKennie,Incomplete,25.613474,37.7,48.8,63.1,52.1
3857272,2022-11-25,Group Stage,England,1,15,2,United States,3377,Timothy Weah,12751,Tyler Adams,Complete,18.04051,68.3,72.3,79.8,58.4
3857272,2022-11-25,Group Stage,England,1,15,45,United States,12352,Matthew Charles Turner,4614,Antonee Robinson,Complete,20.968786,13.0,34.9,33.0,28.6
3857272,2022-11-25,Group Stage,England,1,15,50,United States,4614,Antonee Robinson,8246,Christian Pulisic,Complete,23.938463,63.6,28.1,77.2,8.4
3857272,2022-11-25,Group Stage,England,1,15,57,United States,8246,Christian Pulisic,8526,Weston McKennie,Complete,35.805027,91.8,25.7,92.4,61.5
3857272,2022-11-25,Group Stage,England,1,16,2,United States,8526,Weston McKennie,22008,Haji Wright,Complete,22.60553,93.2,60.9,108.1,43.9
3857272,2022-11-25,Group Stage,England,1,16,49,United States,12524,Walker Zimmerman,12352,Matthew Charles Turner,Complete,22.99239,24.4,33.3,2.7,25.7
3857272,2022-11-25,Group Stage,England,1,16,55,United States,12352,Matthew Charles Turner,12524,Walker Zimmerman,Complete,18.802393,12.1,30.9,11.8,49.7
3857272,2022-11-25,Group Stage,England,1,16,58,United States,12524,Walker Zimmerman,38792,Yunus Dimoara Musah,Complete,23.992083,14.6,51.2,34.7,38.1
3857272,2022-11-25,Group Stage,England,1,17,1,United States,38792,Yunus Dimoara Musah,18242,Tim Ream,Complete,20.122873,32.9,36.7,16.6,24.9
3857272,2022-11-25,Group Stage,England,1,17,3,United States,18242,Tim Ream,4614,Antonee Robinson,Complete,34.020287,19.7,24.8,47.0,4.5
3857272,2022-11-25,Group Stage,England,1,18,58,United States,4614,Antonee Robinson,8246,Christian Pulisic,Complete,23.21422,77.3,0.1,93.0,17.2
3857272,2022-11-25,Group Stage,England,1,18,59,United States,8246,Christian Pulisic,22008,Haji Wright,Incomplete,14.916434,93.0,17.2,98.9,30.9
3857272,2022-11-25,Group Stage,England,1,19,21,United States,8246,Christian Pulisic,38792,Yunus Dimoara Musah,Complete,10.983624,47.2,20.1,56.4,26.1
3857272,2022-11-25,Group Stage,England,1,19,23,United States,38792,Yunus Dimoara Musah,8526,Weston McKennie,Complete,20.819462,57.1,26.2,58.0,47.0
3857272,2022-11-25,Group Stage,England,1,19,25,United States,8526,Weston McKennie,21881,Sergino Dest,Complete,25.5,58.0,47.0,73.3,67.4
3857272,2022-11-25,Group Stage,England,1,19,29,United States,21881,Sergino Dest,3377,Timothy Weah,Incomplete,1.6492423,104.2,60.9,104.6,59.3
3857272,2022-11-25,Group Stage,England,1,19,33,United States,38792,Yunus Dimoara Musah,8526,Weston McKennie,Complete,25.02339,91.0,41.1,74.6,60.0
3857272,2022-11-25,Group Stage,England,1,19,36,United States,8526,Weston McKennie,12751,Tyler Adams,Complete,19.374725,74.6,60.0,76.3,40.7
3857272,2022-11-25,Group Stage,England,1,19,38,United States,12751,Tyler Adams,8246,Christian Pulisic,Complete,10.983624,76.5,40.7,85.7,34.7
3857272,2022-11-25,Group Stage,England,1,19,41,United States,8246,Christian Pulisic,3377,Timothy Weah,Complete,10.456099,92.9,41.8,94.7,52.1
3857272,2022-11-25,Group Stage,England,1,19,42,United States,3377,Timothy Weah,21881,Sergino Dest,Complete,19.821705,92.9,57.7,105.0,73.4
3857272,2022-11-25,Group Stage,England,1,19,45,United States,21881,Sergino Dest,8246,Christian Pulisic,Incomplete,35.1,105.9,72.7,119.4,40.3
3857272,2022-11-25,Group Stage,England,1,20,36,United States,4614,Antonee Robinson,8246,Christian Pulisic,Complete,17.181385,40.5,23.3,57.3,26.9
3857272,2022-11-25,Group Stage,England,1,20,40,United States,8246,Christian Pulisic,3377,Timothy Weah,Incomplete,47.234417,64.1,44.8,111.1,49.5
3857272,2022-11-25,Group Stage,England,1,23,56,United States,4614,Antonee Robinson,22008,Haji Wright,Incomplete,25.287348,10.0,0.1,35.2,2.2
3857272,2022-11-25,Group Stage,England,1,24,12,United States,18242,Tim Ream,12524,Walker Zimmerman,Complete,31.49492,30.5,17.4,26.2,48.6
3857272,2022-11-25,Group Stage,England,1,24,14,United States,12524,Walker Zimmerman,21881,Sergino Dest,Complete,28.880444,26.4,50.1,41.2,74.9
3857272,2022-11-25,Group Stage,England,1,24,20,United States,21881,Sergino Dest,12352,Matthew Charles Turner,Complete,34.033073,39.7,64.7,16.5,39.8
3857272,2022-11-25,Group Stage,England,1,24,24,United States,12352,Matthew Charles Turner,18242,Tim Ream,Complete,11.503912,19.0,38.1,19.3,26.6
3857272,2022-11-25,Group Stage,England,1,24,28,United States,18242,Tim Ream,38792,Yunus Dimoara Musah,Complete,13.462912,21.5,27.3,34.9,28.6
3857272,2022-11-25,Group Stage,England,1,24,30,United States,38792,Yunus Dimoara Musah,8246,Christian Pulisic,Complete,13.612494,34.9,28.6,47.6,23.7
3857272,2022-11-25,Group Stage,England,1,24,34,United States,8246,Christian Pulisic,8526,Weston McKennie,Complete,29.6508,53.9,31.1,67.0,57.7
3857272,2022-11-25,Group Stage,England,1,24,42,United States,8526,Weston McKennie,3377,Timothy Weah,Complete,5.7384667,104.8,63.5,101.0,67.8
3857272,2022-11-25,Group Stage,England,1,24,45,United States,3377,Timothy Weah,12751,Tyler Adams,Complete,13.150285,97.7,60.0,87.5,51.7
3857272,2022-11-25,Group Stage,England,1,24,47,United States,12751,Tyler Adams,21881,Sergino Dest,Complete,9.402127,87.5,51.7,87.7,61.1
3857272,2022-11-25,Group Stage,England,1,24,49,United States,21881,Sergino Dest,8526,Weston McKennie,Complete,18.962067,87.3,61.5,98.9,76.5
3857272,2022-11-25,Group Stage,England,1,24,58,United States,8526,Weston McKennie,38792,Yunus Dimoara Musah,Complete,11.774549,96.7,68.7,100.9,57.7
3857272,2022-11-25,Group Stage,England,1,25,1,United States,38792,Yunus Dimoara Musah,21881,Sergino Dest,Complete,12.233151,113.3,60.2,111.5,72.3
3857272,2022-11-25,Group Stage,England,1,25,3,United States,21881,Sergino Dest,3377,Timothy Weah,Complete,12.806249,116.8,68.9,104.4,72.1
3857272,2022-11-25,Group Stage,England,1,25,6,United States,3377,Timothy Weah,8526,Weston McKennie,Complete,31.10402,104.4,70.0,110.5,39.5
3857272,2022-11-25,Group Stage,England,1,26,25,United States,21881,Sergino Dest,8526,Weston McKennie,Incomplete,1.7117243,3.4,77.9,5.1,77.7
3857272,2022-11-25,Group Stage,England,1,26,48,United States,21881,Sergino Dest,3377,Timothy Weah,Incomplete,27.12674,12.9,80.0,39.8,76.5
3857272,2022-11-25,Group Stage,England,1,27,19,United States,12524,Walker Zimmerman,21881,Sergino Dest,Complete,17.001177,39.6,53.5,39.4,70.5
3857272,2022-11-25,Group Stage,England,1,27,20,United States,21881,Sergino Dest,12524,Walker Zimmerman,Complete,15.730543,39.4,70.5,33.8,55.8
3857272,2022-11-25,Group Stage,England,1,27,21,United States,12524,Walker Zimmerman,12352,Matthew Charles Turner,Complete,22.94014,33.0,55.8,14.6,42.1
3857272,2022-11-25,Group Stage,England,1,27,24,United States,12352,Matthew Charles Turner,18242,Tim Ream,Complete,19.479477,14.6,42.1,19.7,23.3
3857272,2022-11-25,Group Stage,England,1,27,27,United States,18242,Tim Ream,12352,Matthew Charles Turner,Complete,18.321844,19.7,22.2,8.5,36.7
3857272,2022-11-25,Group Stage,England,1,27,29,United States,12352,Matthew Charles Turner,12524,Walker Zimmerman,Complete,14.087228,8.5,36.7,14.8,49.3
3857272,2022-11-25,Group Stage,England,1,27,34,United States,12524,Walker Zimmerman,21881,Sergino Dest,Complete,23.31373,23.2,55.3,30.0,77.6
3857272,2022-11-25,Group Stage,England,1,27,37,United States,21881,Sergino Dest,12524,Walker Zimmerman,Complete,19.303886,31.8,77.7,21.0,61.7
3857272,2022-11-25,Group Stage,England,1,27,41,United States,12524,Walker Zimmerman,21881,Sergino Dest,Complete,18.022764,25.3,60.9,33.4,77.0
3857272,2022-11-25,Group Stage,England,1,27,43,United States,21881,Sergino Dest,8526,Weston McKennie,Complete,13.023056,33.4,77.0,46.2,79.4
3857272,2022-11-25,Group Stage,England,1,27,52,United States,8526,Weston McKennie,8246,Christian Pulisic,Complete,28.165583,82.2,57.0,87.3,29.3
3857272,2022-11-25,Group Stage,England,1,27,56,United States,8246,Christian Pulisic,4614,Antonee Robinson,Complete,15.761028,95.4,21.0,105.0,8.5
3857272,2022-11-25,Group Stage,England,1,27,58,United States,4614,Antonee Robinson,8526,Weston McKennie,Complete,23.131147,105.0,8.5,106.2,31.6
3857272,2022-11-25,Group Stage,England,1,28,1,United States,8526,Weston McKennie,4614,Antonee Robinson,Complete,13.569451,110.9,19.2,104.2,7.4
3857272,2022-11-25,Group Stage,England,1,28,4,United States,4614,Antonee Robinson,38792,Yunus Dimoara Musah,Complete,16.420109,105.0,11.7,92.9,22.8
3857272,2022-11-25,Group Stage,England,1,29,6,United States,12352,Matthew Charles Turner,18242,Tim Ream,Complete,18.300274,9.6,41.2,12.3,23.1
3857272,2022-11-25,Group Stage,England,1,29,10,United States,18242,Tim Ream,12524,Walker Zimmerman,Complete,35.300568,15.2,22.4,15.0,57.7
3857272,2022-11-25,Group Stage,England,1,29,14,United States,12524,Walker Zimmerman,21881,Sergino Dest,Complete,16.044003,20.6,62.5,25.1,77.9
3857272,2022-11-25,Group Stage,England,1,29,17,United States,21881,Sergino Dest,12751,Tyler Adams,Complete,21.832315,25.1,77.9,27.5,56.2
3857272,2022-11-25,Group Stage,England,1,29,18,United States,12751,Tyler Adams,38792,Yunus Dimoara Musah,Complete,15.953056,28.5,54.6,37.0,41.1
3857272,2022-11-25,Group Stage,England,1,29,19,United States,38792,Yunus Dimoara Musah,12352,Matthew Charles Turner,Complete,28.639832,37.0,41.1,8.8,36.1
3857272,2022-11-25,Group Stage,England,1,29,22,United States,12352,Matthew Charles Turner,18242,Tim Ream,Complete,16.05148,8.8,36.1,20.2,24.8
3857272,2022-11-25,Group Stage,England,1,29,28,United States,18242,Tim Ream,12524,Walker Zimmerman,Complete,23.204525,34.2,24.8,32.0,47.9
3857272,2022-11-25,Group Stage,England,1,29,32,United States,12524,Walker Zimmerman,21881,Sergino Dest,Complete,16.001562,39.4,57.7,41.2,73.6
3857272,2022-11-25,Group Stage,England,1,29,34,United States,21881,Sergino Dest,3377,Timothy Weah,Complete,13.296617,42.8,73.2,52.4,64.0
3857272,2022-11-25,Group Stage,England,1,29,35,United States,3377,Timothy Weah,8526,Weston McKennie,Complete,15.55892,52.6,64.0,57.4,78.8
3857272,2022-11-25,Group Stage,England,1,29,38,United States,8526,Weston McKennie,3377,Timothy Weah,Complete,4.8373547,57.6,79.5,58.2,74.7
3857272,2022-11-25,Group Stage,England,1,29,39,United States,3377,Timothy Weah,21881,Sergino Dest,Complete,12.515989,56.9,74.7,44.8,77.9
3857272,2022-11-25,Group Stage,England,1,29,41,United States,21881,Sergino Dest,38792,Yunus Dimoara Musah,Complete,23.584953,43.7,78.1,45.7,54.6
3857272,2022-11-25,Group Stage,England,1,29,43,United States,38792,Yunus Dimoara Musah,18242,Tim Ream,Complete,29.410542,45.7,55.0,23.0,36.3
3857272,2022-11-25,Group Stage,England,1,29,47,United States,18242,Tim Ream,4614,Antonee Robinson,Complete,22.826519,13.2,24.8,24.9,5.2
3857272,2022-11-25,Group Stage,England,1,29,50,United States,4614,Antonee Robinson,8246,Christian Pulisic,Complete,16.492422,26.2,5.2,39.0,15.6
3857272,2022-11-25,Group Stage,England,1,29,51,United States,8246,Christian Pulisic,38792,Yunus Dimoara Musah,Complete,7.267049,39.0,15.6,45.0,19.7
3857272,2022-11-25,Group Stage,England,1,30,18,United States,18242,Tim Ream,12524,Walker Zimmerman,Complete,29.810066,45.9,21.6,39.9,50.8
3857272,2022-11-25,Group Stage,England,1,30,21,United States,12524,Walker Zimmerman,21881,Sergino Dest,Complete,20.756205,40.3,53.5,46.2,73.4
3857272,2022-11-25,Group Stage,England,1,30,25,United States,21881,Sergino Dest,12524,Walker Zimmerman,Complete,21.224985,44.1,74.5,31.0,57.8
3857272,2022-11-25,Group Stage,England,1,30,38,United States,12524,Walker Zimmerman,21881,Sergino Dest,Complete,14.54957,31.0,57.8,29.8,72.3
3857272,2022-11-25,Group Stage,England,1,30,39,United States,21881,Sergino Dest,12524,Walker Zimmerman,Complete,14.713939,29.8,72.3,27.3,57.8
3857272,2022-11-25,Group Stage,England,1,30,42,United States,12524,Walker Zimmerman,22008,Haji Wright,Incomplete,53.600372,27.3,59.7,79.3,72.7
3857272,2022-11-25,Group Stage,England,1,31,25,United States,22008,Haji Wright,8246,Christian Pulisic,Incomplete,12.658989,26.7,33.3,28.7,20.8
3857272,2022-11-25,Group Stage,England,1,31,45,United States,21881,Sergino Dest,8526,Weston McKennie,Complete,7.8294315,38.5,77.4,45.6,74.1
3857272,2022-11-25,Group Stage,England,1,31,46,United States,8526,Weston McKennie,22008,Haji Wright,Incomplete,16.196913,45.9,74.3,58.4,64.0
3857272,2022-11-25,Group Stage,England,1,32,1,United States,8526,Weston McKennie,38792,Yunus Dimoara Musah,Complete,26.514902,111.7,61.3,96.9,39.3
3857272,2022-11-25,Group Stage,England,1,32,4,United States,38792,Yunus Dimoara Musah,8246,Christian Pulisic,Complete,15.744205,96.9,39.3,103.7,25.1
3857272,2022-11-25,Group Stage,England,1,34,0,United States,22008,Haji Wright,3377,Timothy Weah,Incomplete,50.41944,0.9,77.2,51.3,78.6
3857272,2022-11-25,Group Stage,England,1,35,39,United States,12352,Matthew Charles Turner,8246,Christian Pulisic,Incomplete,79.72164,10.0,36.7,87.3,17.2
3857272,2022-11-25,Group Stage,England,1,35,59,United States,3377,Timothy Weah,4614,Antonee Robinson,Complete,10.577334,80.2,0.1,70.0,2.9
3857272,2022-11-25,Group Stage,England,1,36,1,United States,4614,Antonee Robinson,18242,Tim Ream,Complete,21.488834,69.0,3.1,48.9,10.7
3857272,2022-11-25,Group Stage,England,1,36,3,United States,18242,Tim Ream,12524,Walker Zimmerman,Complete,28.860006,48.8,13.9,40.7,41.6
3857272,2022-11-25,Group Stage,England,1,36,7,United States,12524,Walker Zimmerman,18242,Tim Ream,Complete,22.073513,43.2,40.1,45.0,18.1
3857272,2022-11-25,Group Stage,England,1,36,12,United States,18242,Tim Ream,12524,Walker Zimmerman,Complete,31.618032,46.1,18.4,39.4,49.3
3857272,2022-11-25,Group Stage,England,1,36,16,United States,12524,Walker Zimmerman,38792,Yunus Dimoara Musah,Complete,19.235384,45.4,45.2,54.4,28.2
3857272,2022-11-25,Group Stage,England,1,36,20,United States,38792,Yunus Dimoara Musah,,,Incomplete,16.519382,57.6,18.4,74.1,17.6
3857272,2022-11-25,Group Stage,England,1,36,24,United States,3377,Timothy Weah,8526,Weston McKennie,Complete,32.358616,68.0,42.5,71.2,74.7
3857272,2022-11-25,Group Stage,England,1,36,29,United States,8526,Weston McKennie,12751,Tyler Adams,Complete,23.66115,75.7,77.2,62.9,57.3
3857272,2022-11-25,Group Stage,England,1,36,31,United States,12751,Tyler Adams,3377,Timothy Weah,Complete,11.107204,62.9,57.3,70.5,49.2
3857272,2022-11-25,Group Stage,England,1,36,34,United States,3377,Timothy Weah,38792,Yunus Dimoara Musah,Complete,17.756407,74.5,32.2,70.5,14.9
3857272,2022-11-25,Group Stage,England,1,36,37,United States,38792,Yunus Dimoara Musah,4614,Antonee Robinson,Complete,13.685759,74.3,10.4,86.0,3.3
3857272,2022-11-25,Group Stage,England,1,36,38,United States,4614,Antonee Robinson,8246,Christian Pulisic,Complete,13.471452,86.0,3.3,90.2,16.1
3857272,2022-11-25,Group Stage,England,1,37,15,United States,8526,Weston McKennie,22008,Haji Wright,Incomplete,29.035324,74.1,80.0,98.9,64.9
3857272,2022-11-25,Group Stage,England,1,37,24,United States,8526,Weston McKennie,12751,Tyler Adams,Complete,6.71193,77.0,79.0,79.8,72.9
3857272,2022-11-25,Group Stage,England,1,38,3,United States,8526,Weston McKennie,22008,Haji Wright,Incomplete,28.866936,102.3,80.0,114.2,53.7
3857272,2022-11-25,Group Stage,England,1,38,41,United States,8246,Christian Pulisic,,,Incomplete,37.379272,120.0,80.0,111.5,43.6
3857272,2022-11-25,Group Stage,England,1,39,18,United States,12751,Tyler Adams,22008,Haji Wright,Complete,23.681427,44.6,24.9,58.6,5.8
3857272,2022-11-25,Group Stage,England,1,39,20,United States,22008,Haji Wright,38792,Yunus Dimoara Musah,Complete,7.9479556,58.9,5.8,56.0,13.2
3857272,2022-11-25,Group Stage,England,1,39,28,United States,38792,Yunus Dimoara Musah,21881,Sergino Dest,Complete,25.804264,56.2,41.1,48.1,65.6
3857272,2022-11-25,Group Stage,England,1,39,31,United States,21881,Sergino Dest,38792,Yunus Dimoara Musah,Complete,17.414074,50.8,65.2,64.3,54.2
3857272,2022-11-25,Group Stage,England,1,39,33,United States,38792,Yunus Dimoara Musah,3377,Timothy Weah,Incomplete,15.487091,67.6,53.7,80.8,61.8
3857272,2022-11-25,Group Stage,England,1,39,35,United States,8526,Weston McKennie,3377,Timothy Weah,Complete,31.871775,72.1,61.3,101.2,74.3
3857272,2022-11-25,Group Stage,England,1,39,39,United States,3377,Timothy Weah,,,Incomplete,66.35006,114.6,71.7,102.3,6.5
3857272,2022-11-25,Group Stage,England,1,40,31,United States,21881,Sergino Dest,8526,Weston McKennie,Complete,9.139475,56.4,80.0,65.1,77.2
3857272,2022-11-25,Group Stage,England,1,40,32,United States,8526,Weston McKennie,3377,Timothy Weah,Complete,10.296116,65.1,77.2,75.2,79.2
3857272,2022-11-25,Group Stage,England,1,40,34,United States,3377,Timothy Weah,21881,Sergino Dest,Complete,12.001667,73.7,78.6,85.7,78.8
3857272,2022-11-25,Group Stage,England,1,41,21,United States,8246,Christian Pulisic,,,Incomplete,40.219894,120.0,0.1,115.8,40.1
3857272,2022-11-25,Group Stage,England,1,41,38,United States,12751,Tyler Adams,18242,Tim Ream,Complete,27.443214,74.5,0.1,52.8,16.9
3857272,2022-11-25,Group Stage,England,1,41,43,United States,18242,Tim Ream,12524,Walker Zimmerman,Complete,14.217243,38.1,32.2,41.9,45.9
3857272,2022-11-25,Group Stage,England,1,41,47,United States,12524,Walker Zimmerman,18242,Tim Ream,Complete,13.708391,41.9,45.9,36.5,33.3
3857272,2022-11-25,Group Stage,England,1,41,48,United States,18242,Tim Ream,12524,Walker Zimmerman,Complete,15.009664,36.5,33.3,39.0,48.1
3857272,2022-11-25,Group Stage,England,1,41,53,United States,12524,Walker Zimmerman,8526,Weston McKennie,Complete,15.116217,44.8,53.3,59.1,58.2
3857272,2022-11-25,Group Stage,England,1,41,54,United States,8526,Weston McKennie,38792,Yunus Dimoara Musah,Complete,14.31363,59.1,58.2,57.3,44.0
3857272,2022-11-25,Group Stage,England,1,41,57,United States,38792,Yunus Dimoara Musah,8246,Christian Pulisic,Complete,9.602083,58.2,36.7,67.8,36.9
3857272,2022-11-25,Group Stage,England,1,41,59,United States,8246,Christian Pulisic,3377,Timothy Weah,Complete,8.772685,75.2,42.1,68.8,48.1
3857272,2022-11-25,Group Stage,England,1,42,0,United States,3377,Timothy Weah,22008,Haji Wright,Complete,33.80237,70.8,49.3,91.4,76.1
3857272,2022-11-25,Group Stage,England,1,42,7,United States,22008,Haji Wright,21881,Sergino Dest,Complete,16.954645,113.5,73.7,97.0,69.8
3857272,2022-11-25,Group Stage,England,1,42,10,United States,21881,Sergino Dest,8246,Christian Pulisic,Complete,29.26568,99.2,70.0,110.0,42.8
3857272,2022-11-25,Group Stage,England,1,43,5,United States,18242,Tim Ream,,,Incomplete,25.434229,19.8,21.7,43.7,30.4
3857272,2022-11-25,Group Stage,England,1,43,18,United States,12352,Matthew Charles Turner,8526,Weston McKennie,Complete,42.6203,10.5,36.1,29.8,74.1
3857272,2022-11-25,Group Stage,England,1,43,26,United States,8526,Weston McKennie,21881,Sergino Dest,Complete,9.121404,39.0,78.1,33.4,70.9
3857272,2022-11-25,Group Stage,England,1,43,27,United States,21881,Sergino Dest,12751,Tyler Adams,Complete,20.068382,33.4,69.4,38.9,50.1
3857272,2022-11-25,Group Stage,England,1,43,31,United States,12751,Tyler Adams,4614,Antonee Robinson,Complete,28.938728,47.2,31.3,56.8,4.0
3857272,2022-11-25,Group Stage,England,1,45,4,United States,12352,Matthew Charles Turner,8526,Weston McKennie,Incomplete,70.93215,7.0,44.1,70.1,76.5
3857272,2022-11-25,Group Stage,England,2,45,0,United States,22008,Haji Wright,12751,Tyler Adams,Complete,11.715375,60.0,40.0,48.6,37.3
3857272,2022-11-25,Group Stage,England,2,45,4,United States,12751,Tyler Adams,38792,Yunus Dimoara Musah,Complete,11.4,51.3,31.3,51.3,19.9
3857272,2022-11-25,Group Stage,England,2,45,7,United States,38792,Yunus Dimoara Musah,12524,Walker Zimmerman,Complete,36.745884,51.3,19.9,36.2,53.4
3857272,2022-11-25,Group Stage,England,2,45,11,United States,12524,Walker Zimmerman,21881,Sergino Dest,Complete,17.39799,39.5,54.9,43.2,71.9
3857272,2022-11-25,Group Stage,England,2,45,12,United States,21881,Sergino Dest,12524,Walker Zimmerman,Complete,18.483776,42.1,71.9,33.2,55.7
3857272,2022-11-25,Group Stage,England,2,45,14,United States,12524,Walker Zimmerman,18242,Tim Ream,Complete,38.12742,33.2,55.7,25.3,18.4
3857272,2022-11-25,Group Stage,England,2,45,16,United States,18242,Tim Ream,38792,Yunus Dimoara Musah,Complete,14.866069,25.3,18.4,29.7,4.2
3857272,2022-11-25,Group Stage,England,2,45,19,United States,38792,Yunus Dimoara Musah,,,Incomplete,41.295277,31.3,4.0,72.2,9.7
3857272,2022-11-25,Group Stage,England,2,45,28,United States,38792,Yunus Dimoara Musah,8246,Christian Pulisic,Complete,20.662043,67.0,42.9,85.4,33.5
3857272,2022-11-25,Group Stage,England,2,45,30,United States,8246,Christian Pulisic,38792,Yunus Dimoara Musah,Complete,16.211107,85.1,34.9,74.9,47.5
3857272,2022-11-25,Group Stage,England,2,45,30,United States,38792,Yunus Dimoara Musah,4614,Antonee Robinson,Complete,44.27471,74.9,47.8,94.5,8.1
3857272,2022-11-25,Group Stage,England,2,45,35,United States,4614,Antonee Robinson,12751,Tyler Adams,Complete,15.686937,99.4,4.2,84.6,9.4
3857272,2022-11-25,Group Stage,England,2,45,38,United States,12751,Tyler Adams,38792,Yunus Dimoara Musah,Complete,12.725172,84.8,9.4,85.6,22.1
3857272,2022-11-25,Group Stage,England,2,45,40,United States,38792,Yunus Dimoara Musah,4614,Antonee Robinson,Complete,19.665707,93.0,19.1,106.5,4.8
3857272,2022-11-25,Group Stage,England,2,45,43,United States,4614,Antonee Robinson,8526,Weston McKennie,Incomplete,21.40584,107.3,4.5,106.8,25.9
3857272,2022-11-25,Group Stage,England,2,46,12,United States,4614,Antonee Robinson,12751,Tyler Adams,Complete,8.570881,105.4,0.1,104.3,8.6
3857272,2022-11-25,Group Stage,England,2,46,12,United States,12751,Tyler Adams,4614,Antonee Robinson,Complete,10.18332,103.8,8.6,111.1,1.5
3857272,2022-11-25,Group Stage,England,2,46,14,United States,4614,Antonee Robinson,,,Incomplete,3.6,111.1,1.5,111.1,5.1
3857272,2022-11-25,Group Stage,England,2,46,22,United States,4614,Antonee Robinson,8526,Weston McKennie,Complete,20.294088,110.6,0.1,107.8,20.2
3857272,2022-11-25,Group Stage,England,2,46,24,United States,8526,Weston McKennie,8246,Christian Pulisic,Complete,13.7411785,107.8,20.2,99.7,9.1
3857272,2022-11-25,Group Stage,England,2,46,27,United States,8246,Christian Pulisic,4614,Antonee Robinson,Complete,9.759098,99.4,9.1,106.2,2.1
3857272,2022-11-25,Group Stage,England,2,46,30,United States,4614,Antonee Robinson,12751,Tyler Adams,Complete,15.925451,106.2,2.1,90.3,3.0
3857272,2022-11-25,Group Stage,England,2,46,33,United States,12751,Tyler Adams,18242,Tim Ream,Complete,10.259142,80.5,4.2,70.3,5.3
3857272,2022-11-25,Group Stage,England,2,46,36,United States,18242,Tim Ream,12524,Walker Zimmerman,Complete,32.256783,61.3,6.7,43.2,33.4
3857272,2022-11-25,Group Stage,England,2,46,39,United States,12524,Walker Zimmerman,12352,Matthew Charles Turner,Complete,30.358688,37.2,35.4,7.0,32.3
3857272,2022-11-25,Group Stage,England,2,46,47,United States,12352,Matthew Charles Turner,12524,Walker Zimmerman,Complete,18.931984,12.4,33.8,13.5,52.7
3857272,2022-11-25,Group Stage,England,2,46,54,United States,12524,Walker Zimmerman,18242,Tim Ream,Complete,29.333427,25.6,48.9,27.0,19.6
3857272,2022-11-25,Group Stage,England,2,47,1,United States,18242,Tim Ream,12524,Walker Zimmerman,Complete,19.474342,35.7,19.1,26.2,36.1
3857272,2022-11-25,Group Stage,England,2,47,6,United States,12524,Walker Zimmerman,18242,Tim Ream,Complete,26.305893,29.2,37.6,33.2,11.6
3857272,2022-11-25,Group Stage,England,2,47,13,United States,18242,Tim Ream,12524,Walker Zimmerman,Complete,17.0763,33.2,11.6,27.8,27.8
3857272,2022-11-25,Group Stage,England,2,47,15,United States,12524,Walker Zimmerman,12352,Matthew Charles Turner,Complete,17.980545,26.4,28.6,9.1,33.5
3857272,2022-11-25,Group Stage,England,2,47,17,United States,12352,Matthew Charles Turner,22008,Haji Wright,Incomplete,40.831852,12.4,34.2,52.4,42.4
3857272,2022-11-25,Group Stage,England,2,47,22,United States,12524,Walker Zimmerman,3377,Timothy Weah,Complete,29.84024,32.2,37.3,56.0,55.3
3857272,2022-11-25,Group Stage,England,2,47,49,United States,12751,Tyler Adams,8526,Weston McKennie,Incomplete,3.8078866,42.6,73.0,45.9,71.1
3857272,2022-11-25,Group Stage,England,2,48,9,United States,8246,Christian Pulisic,22008,Haji Wright,Complete,22.308743,74.5,9.7,96.7,7.5
3857272,2022-11-25,Group Stage,England,2,48,55,United States,18242,Tim Ream,38792,Yunus Dimoara Musah,Complete,21.648094,34.9,27.0,55.7,21.0
3857272,2022-11-25,Group Stage,England,2,49,30,United States,4614,Antonee Robinson,,,Incomplete,37.249027,10.8,22.1,47.8,26.4
3857272,2022-11-25,Group Stage,England,2,50,24,United States,12751,Tyler Adams,38792,Yunus Dimoara Musah,Complete,13.461427,21.4,14.3,27.5,2.3
3857272,2022-11-25,Group Stage,England,2,50,25,United States,38792,Yunus Dimoara Musah,8246,Christian Pulisic,Complete,5.905929,30.2,3.7,33.0,8.9
3857272,2022-11-25,Group Stage,England,2,50,31,United States,8246,Christian Pulisic,38792,Yunus Dimoara Musah,Complete,14.73635,66.2,8.6,80.2,4.0
3857272,2022-11-25,Group Stage,England,2,50,40,United States,38792,Yunus Dimoara Musah,4614,Antonee Robinson,Complete,22.44393,78.7,0.1,56.5,3.4
3857272,2022-11-25,Group Stage,England,2,50,44,United States,4614,Antonee Robinson,12524,Walker Zimmerman,Complete,27.901613,56.0,4.5,39.5,27.0
3857272,2022-11-25,Group Stage,England,2,50,48,United States,12524,Walker Zimmerman,21881,Sergino Dest,Out,48.337357,50.8,42.4,81.3,79.9
3857272,2022-11-25,Group Stage,England,2,51,14,United States,38792,Yunus Dimoara Musah,8246,Christian Pulisic,Complete,16.391766,70.8,62.6,79.8,48.9
3857272,2022-11-25,Group Stage,England,2,51,56,United States,21881,Sergino Dest,3377,Timothy Weah,Incomplete,54.688206,21.1,48.4,74.5,60.2
3857272,2022-11-25,Group Stage,England,2,52,31,United States,12524,Walker Zimmerman,12352,Matthew Charles Turner,Complete,24.485914,30.5,33.4,7.5,41.8
3857272,2022-11-25,Group Stage,England,2,52,34,United States,12352,Matthew Charles Turner,21881,Sergino Dest,Complete,23.48872,13.5,40.7,28.1,59.1
3857272,2022-11-25,Group Stage,England,2,52,37,United States,21881,Sergino Dest,8526,Weston McKennie,Complete,20.181427,31.3,60.7,47.3,73.0
3857272,2022-11-25,Group Stage,England,2,52,39,United States,8526,Weston McKennie,3377,Timothy Weah,Complete,23.821209,45.6,72.7,64.8,58.6
3857272,2022-11-25,Group Stage,England,2,52,42,United States,3377,Timothy Weah,8526,Weston McKennie,Incomplete,2.376973,63.2,70.7,62.6,73.0
3857272,2022-11-25,Group Stage,England,2,53,50,United States,8526,Weston McKennie,22008,Haji Wright,Complete,19.761831,74.1,80.0,81.8,61.8
3857272,2022-11-25,Group Stage,England,2,53,53,United States,22008,Haji Wright,,,Injury Clearance,25.2,81.8,61.0,107.0,61.0
3857272,2022-11-25,Group Stage,England,2,55,38,United States,8246,Christian Pulisic,22008,Haji Wright,Incomplete,14.108863,26.2,21.8,40.3,22.3
3857272,2022-11-25,Group Stage,England,2,56,0,United States,12751,Tyler Adams,12524,Walker Zimmerman,Complete,23.5,36.8,30.3,36.8,53.8
3857272,2022-11-25,Group Stage,England,2,56,3,United States,12524,Walker Zimmerman,21881,Sergino Dest,Complete,21.772001,38.4,55.3,50.5,73.4
3857272,2022-11-25,Group Stage,England,2,56,10,United States,21881,Sergino Dest,12524,Walker Zimmerman,Complete,13.18484,44.3,52.2,31.3,50.0
3857272,2022-11-25,Group Stage,England,2,56,19,United States,12524,Walker Zimmerman,18242,Tim Ream,Complete,25.831182,37.6,37.6,40.2,11.9
3857272,2022-11-25,Group Stage,England,2,56,24,United States,18242,Tim Ream,12524,Walker Zimmerman,Complete,12.509596,45.1,13.8,38.3,24.3
3857272,2022-11-25,Group Stage,England,2,56,28,United States,12524,Walker Zimmerman,21881,Sergino Dest,Complete,23.303432,38.3,27.0,37.9,50.3
3857272,2022-11-25,Group Stage,England,2,56,31,United States,21881,Sergino Dest,12524,Walker Zimmerman,Complete,15.023315,37.9,50.3,32.2,36.4
3857272,2022-11-25,Group Stage,England,2,56,40,United States,12524,Walker Zimmerman,18242,Tim Ream,Complete,27.58351,41.3,34.9,48.6,8.3
3857272,2022-11-25,Group Stage,England,2,56,45,United States,18242,Tim Ream,4614,Antonee Robinson,Complete,9.848858,68.6,7.8,77.2,3.0
3857272,2022-11-25,Group Stage,England,2,56,48,United States,4614,Antonee Robinson,38792,Yunus Dimoara Musah,Complete,15.449595,81.3,3.0,77.6,18.0
3857272,2022-11-25,Group Stage,England,2,56,50,United States,38792,Yunus Dimoara Musah,8526,Weston McKennie,Complete,35.52492,85.4,21.5,98.3,54.6
3857272,2022-11-25,Group Stage,England,2,56,53,United States,8526,Weston McKennie,3377,Timothy Weah,Complete,16.100311,98.3,54.6,114.4,54.5
3857272,2022-11-25,Group Stage,England,2,56,55,United States,3377,Timothy Weah,38792,Yunus Dimoara Musah,Incomplete,12.924783,114.4,54.5,107.3,43.7
3857272,2022-11-25,Group Stage,England,2,57,1,United States,12751,Tyler Adams,12352,Matthew Charles Turner,Complete,57.237225,72.7,20.2,18.4,38.3
3857272,2022-11-25,Group Stage,England,2,57,6,United States,12352,Matthew Charles Turner,12524,Walker Zimmerman,Complete,14.092906,20.3,38.4,29.7,48.9
3857272,2022-11-25,Group Stage,England,2,57,8,United States,12524,Walker Zimmerman,21881,Sergino Dest,Complete,24.233242,30.0,50.0,42.6,70.7
3857272,2022-11-25,Group Stage,England,2,57,12,United States,21881,Sergino Dest,3377,Timothy Weah,Complete,16.207714,50.5,66.5,64.3,58.0
3857272,2022-11-25,Group Stage,England,2,57,13,United States,3377,Timothy Weah,21881,Sergino Dest,Complete,14.308739,64.3,57.5,50.0,58.0
3857272,2022-11-25,Group Stage,England,2,57,15,United States,21881,Sergino Dest,8526,Weston McKennie,Incomplete,6.3245554,50.0,58.0,55.2,61.6
3857272,2022-11-25,Group Stage,England,2,57,22,United States,21881,Sergino Dest,12524,Walker Zimmerman,Complete,19.498718,43.3,55.3,24.1,51.9
3857272,2022-11-25,Group Stage,England,2,57,27,United States,12524,Walker Zimmerman,21881,Sergino Dest,Complete,13.384319,24.1,51.9,32.4,62.4
3857272,2022-11-25,Group Stage,England,2,57,30,United States,21881,Sergino Dest,12524,Walker Zimmerman,Complete,14.637281,32.2,62.9,30.2,48.4
3857272,2022-11-25,Group Stage,England,2,57,33,United States,12524,Walker Zimmerman,18242,Tim Ream,Complete,33.574394,34.1,46.2,39.1,13.0
3857272,2022-11-25,Group Stage,England,2,57,43,United States,18242,Tim Ream,4614,Antonee Robinson,Complete,17.213076,64.3,4.2,81.3,1.5
3857272,2022-11-25,Group Stage,England,2,57,44,United States,4614,Antonee Robinson,8246,Christian Pulisic,Complete,3.6359317,81.3,1.1,79.4,4.2
3857272,2022-11-25,Group Stage,England,2,58,29,United States,8246,Christian Pulisic,,,Incomplete,42.15839,120.0,0.1,113.8,41.8
3857272,2022-11-25,Group Stage,England,2,59,13,United States,4614,Antonee Robinson,12751,Tyler Adams,Complete,9.024965,55.2,1.8,57.6,10.5
3857272,2022-11-25,Group Stage,England,2,59,14,United States,12751,Tyler Adams,8246,Christian Pulisic,Complete,11.594827,58.3,10.2,69.5,7.2
3857272,2022-11-25,Group Stage,England,2,59,20,United States,4614,Antonee Robinson,3377,Timothy Weah,Incomplete,6.8622155,101.6,4.8,103.8,11.3
3857272,2022-11-25,Group Stage,England,2,59,55,United States,8246,Christian Pulisic,,,Incomplete,37.66497,120.0,0.1,114.1,37.3
3857272,2022-11-25,Group Stage,England,2,60,34,United States,8246,Christian Pulisic,,,Incomplete,40.42301,120.0,0.1,114.9,40.2
3857272,2022-11-25,Group Stage,England,2,60,38,United States,38792,Yunus Dimoara Musah,18242,Tim Ream,Complete,11.8456745,103.2,48.9,100.8,37.3
3857272,2022-11-25,Group Stage,England,2,60,40,United States,18242,Tim Ream,8246,Christian Pulisic,Complete,28.6681,99.7,37.2,107.8,9.7
3857272,2022-11-25,Group Stage,England,2,60,52,United States,18242,Tim Ream,8246,Christian Pulisic,Incomplete,5.4571056,74.9,3.4,80.2,2.1
3857272,2022-11-25,Group Stage,England,2,60,53,United States,12751,Tyler Adams,3377,Timothy Weah,Complete,10.867382,73.3,8.3,84.0,6.4
3857272,2022-11-25,Group Stage,England,2,60,56,United States,3377,Timothy Weah,38792,Yunus Dimoara Musah,Complete,42.364727,82.1,7.8,70.0,48.4
3857272,2022-11-25,Group Stage,England,2,60,59,United States,38792,Yunus Dimoara Musah,21881,Sergino Dest,Complete,19.52332,70.0,48.4,54.6,36.4
3857272,2022-11-25,Group Stage,England,2,61,2,United States,21881,Sergino Dest,18242,Tim Ream,Complete,26.20687,52.4,33.4,53.0,7.2
3857272,2022-11-25,Group Stage,England,2,61,9,United States,18242,Tim Ream,12524,Walker Zimmerman,Complete,29.396938,52.2,13.2,39.9,39.9
3857272,2022-11-25,Group Stage,England,2,61,18,United States,12524,Walker Zimmerman,12751,Tyler Adams,Complete,16.06051,42.9,46.7,56.4,38.0
3857272,2022-11-25,Group Stage,England,2,61,25,United States,12751,Tyler Adams,21881,Sergino Dest,Complete,43.745743,56.4,38.0,75.2,77.5
3857272,2022-11-25,Group Stage,England,2,61,27,United States,21881,Sergino Dest,38792,Yunus Dimoara Musah,Complete,15.90283,74.9,76.4,74.6,60.5
3857272,2022-11-25,Group Stage,England,2,61,33,United States,38792,Yunus Dimoara Musah,12524,Walker Zimmerman,Complete,27.338068,73.8,61.6,46.7,58.0
3857272,2022-11-25,Group Stage,England,2,61,44,United States,12524,Walker Zimmerman,21881,Sergino Dest,Complete,21.5678,46.7,57.6,61.8,73.0
3857272,2022-11-25,Group Stage,England,2,61,53,United States,21881,Sergino Dest,8246,Christian Pulisic,Complete,11.4337225,91.4,51.9,93.7,40.7
3857272,2022-11-25,Group Stage,England,2,62,31,United States,21881,Sergino Dest,12751,Tyler Adams,Complete,12.986917,75.6,64.0,74.1,51.1
3857272,2022-11-25,Group Stage,England,2,62,34,United States,12751,Tyler Adams,8526,Weston McKennie,Complete,16.954056,74.1,51.1,79.1,67.3
3857272,2022-11-25,Group Stage,England,2,62,37,United States,8526,Weston McKennie,12751,Tyler Adams,Complete,23.349731,79.5,73.7,69.5,52.6
3857272,2022-11-25,Group Stage,England,2,62,41,United States,12751,Tyler Adams,18242,Tim Ream,Complete,22.905458,62.9,43.2,62.4,20.3
3857272,2022-11-25,Group Stage,England,2,62,43,United States,18242,Tim Ream,12751,Tyler Adams,Complete,13.951702,62.4,20.3,57.6,33.4
3857272,2022-11-25,Group Stage,England,2,62,44,United States,12751,Tyler Adams,18242,Tim Ream,Complete,15.749286,57.6,33.4,62.4,18.4
3857272,2022-11-25,Group Stage,England,2,62,46,United States,18242,Tim Ream,8246,Christian Pulisic,Complete,19.69467,62.4,18.4,78.6,7.2
3857272,2022-11-25,Group Stage,England,2,62,51,United States,8246,Christian Pulisic,22008,Haji Wright,Complete,8.065358,87.6,15.0,95.2,12.3
3857272,2022-11-25,Group Stage,England,2,62,52,United States,22008,Haji Wright,38792,Yunus Dimoara Musah,Complete,9.780082,95.6,12.3,87.8,6.4
3857272,2022-11-25,Group Stage,England,2,62,53,United States,38792,Yunus Dimoara Musah,4614,Antonee Robinson,Complete,13.807969,87.0,5.9,100.5,3.0
3857272,2022-11-25,Group Stage,England,2,62,55,United States,4614,Antonee Robinson,22008,Haji Wright,Complete,17.867569,100.8,3.4,117.8,8.9
3857272,2022-11-25,Group Stage,England,2,62,57,United States,22008,Haji Wright,,,Incomplete,1.6,118.3,8.6,118.3,10.2
3857272,2022-11-25,Group Stage,England,2,63,37,United States,8246,Christian Pulisic,,,Incomplete,40.33522,120.0,0.1,116.7,40.3
3857272,2022-11-25,Group Stage,England,2,64,16,United States,8246,Christian Pulisic,,,Incomplete,37.194893,120.0,80.0,108.9,44.5
3857272,2022-11-25,Group Stage,England,2,65,20,United States,12524,Walker Zimmerman,3377,Timothy Weah,Incomplete,53.561646,27.8,64.3,79.1,48.9
3857272,2022-11-25,Group Stage,England,2,65,38,United States,12751,Tyler Adams,4614,Antonee Robinson,Complete,15.404221,13.8,33.5,11.3,18.3
3857272,2022-11-25,Group Stage,England,2,65,40,United States,4614,Antonee Robinson,18242,Tim Ream,Complete,6.8593,11.3,18.3,4.5,19.2
3857272,2022-11-25,Group Stage,England,2,65,40,United States,18242,Tim Ream,,,Incomplete,34.83045,4.5,19.2,39.1,23.2
3857272,2022-11-25,Group Stage,England,2,65,51,United States,12352,Matthew Charles Turner,8526,Weston McKennie,Complete,20.915306,11.3,40.3,28.9,51.6
3857272,2022-11-25,Group Stage,England,2,66,19,United States,21881,Sergino Dest,12352,Matthew Charles Turner,Complete,31.053823,24.8,80.0,4.5,56.5
3857272,2022-11-25,Group Stage,England,2,66,23,United States,12352,Matthew Charles Turner,4614,Antonee Robinson,Complete,56.26029,2.6,56.5,36.5,11.6
3857272,2022-11-25,Group Stage,England,2,66,31,United States,4614,Antonee Robinson,8246,Christian Pulisic,Complete,9.097252,78.3,1.8,73.3,9.4
3857272,2022-11-25,Group Stage,England,2,66,33,United States,8246,Christian Pulisic,38792,Yunus Dimoara Musah,Complete,10.043903,73.3,9.7,63.5,11.9
3857272,2022-11-25,Group Stage,England,2,66,37,United States,38792,Yunus Dimoara Musah,21881,Sergino Dest,Complete,29.615198,62.9,24.3,68.4,53.4
3857272,2022-11-25,Group Stage,England,2,66,39,United States,21881,Sergino Dest,8526,Weston McKennie,Complete,18.921152,70.5,55.6,80.6,71.6
3857272,2022-11-25,Group Stage,England,2,66,41,United States,8526,Weston McKennie,3377,Timothy Weah,Complete,16.759773,79.8,71.9,91.8,60.2
3857272,2022-11-25,Group Stage,England,2,66,44,United States,3377,Timothy Weah,8526,Weston McKennie,Complete,11.423659,96.7,70.7,85.6,73.4
3857272,2022-11-25,Group Stage,England,2,66,47,United States,8526,Weston McKennie,38792,Yunus Dimoara Musah,Complete,15.3153515,85.6,73.4,95.6,61.8
3857272,2022-11-25,Group Stage,England,2,66,54,United States,12524,Walker Zimmerman,12352,Matthew Charles Turner,Complete,35.59129,57.5,62.9,23.2,53.4
3857272,2022-11-25,Group Stage,England,2,66,57,United States,12352,Matthew Charles Turner,18242,Tim Ream,Complete,17.62413,23.2,53.4,36.2,41.5
3857272,2022-11-25,Group Stage,England,2,67,4,United States,18242,Tim Ream,12751,Tyler Adams,Complete,20.181427,44.8,27.8,42.1,47.8
3857272,2022-11-25,Group Stage,England,2,67,8,United States,12751,Tyler Adams,18242,Tim Ream,Complete,26.43823,42.9,46.2,45.6,19.9
3857272,2022-11-25,Group Stage,England,2,67,11,United States,18242,Tim Ream,12751,Tyler Adams,Complete,13.616534,45.6,19.9,40.2,32.4
3857272,2022-11-25,Group Stage,England,2,67,14,United States,12751,Tyler Adams,12524,Walker Zimmerman,Complete,19.61632,41.3,35.3,42.1,54.9
3857272,2022-11-25,Group Stage,England,2,67,18,United States,12524,Walker Zimmerman,12751,Tyler Adams,Complete,14.403125,44.5,54.6,44.8,40.2
3857272,2022-11-25,Group Stage,England,2,67,25,United States,12751,Tyler Adams,18242,Tim Ream,Complete,31.849648,56.0,34.2,62.4,3.0
3857272,2022-11-25,Group Stage,England,2,67,28,United States,18242,Tim Ream,8246,Christian Pulisic,Out,59.94431,62.4,3.0,120.0,19.6
3857272,2022-11-25,Group Stage,England,2,69,7,United States,38792,Yunus Dimoara Musah,8246,Christian Pulisic,Complete,12.998846,22.9,19.6,35.3,15.7
3857272,2022-11-25,Group Stage,England,2,69,10,United States,8246,Christian Pulisic,3377,Timothy Weah,Incomplete,66.14,30.0,19.9,91.9,43.2
3857272,2022-11-25,Group Stage,England,2,69,54,United States,3377,Timothy Weah,21881,Sergino Dest,Complete,11.403947,31.9,56.9,22.6,63.5
3857272,2022-11-25,Group Stage,England,2,69,57,United States,21881,Sergino Dest,12352,Matthew Charles Turner,Complete,20.742228,19.9,63.5,6.7,47.5
3857272,2022-11-25,Group Stage,England,2,70,0,United States,12352,Matthew Charles Turner,22008,Haji Wright,Complete,66.799774,7.0,45.6,68.1,72.6
3857272,2022-11-25,Group Stage,England,2,70,16,United States,12751,Tyler Adams,12524,Walker Zimmerman,Complete,21.940145,60.5,70.0,42.9,56.9
3857272,2022-11-25,Group Stage,England,2,70,18,United States,12524,Walker Zimmerman,18242,Tim Ream,Complete,26.989813,42.6,57.2,44.8,30.3
3857272,2022-11-25,Group Stage,England,2,70,22,United States,18242,Tim Ream,12524,Walker Zimmerman,Complete,20.687435,46.4,31.6,44.5,52.2
3857272,2022-11-25,Group Stage,England,2,70,28,United States,12524,Walker Zimmerman,12751,Tyler Adams,Complete,14.453373,43.2,52.6,45.3,38.3
3857272,2022-11-25,Group Stage,England,2,70,33,United States,12751,Tyler Adams,12524,Walker Zimmerman,Complete,20.536066,45.3,38.3,39.5,58.0
3857272,2022-11-25,Group Stage,England,2,70,35,United States,12524,Walker Zimmerman,12352,Matthew Charles Turner,Complete,30.953674,39.5,58.0,20.2,33.8
3857272,2022-11-25,Group Stage,England,2,70,40,United States,12352,Matthew Charles Turner,12751,Tyler Adams,Complete,11.2272,19.9,32.4,30.5,36.1
3857272,2022-11-25,Group Stage,England,2,70,42,United States,12751,Tyler Adams,21881,Sergino Dest,Complete,35.829876,30.0,37.2,46.7,68.9
3857272,2022-11-25,Group Stage,England,2,73,3,United States,8526,Weston McKennie,3377,Timothy Weah,Complete,37.649036,10.0,55.3,46.7,63.7
3857272,2022-11-25,Group Stage,England,2,74,0,United States,12352,Matthew Charles Turner,12524,Walker Zimmerman,Complete,11.356936,14.9,38.3,22.2,47.0
3857272,2022-11-25,Group Stage,England,2,74,5,United States,12524,Walker Zimmerman,18242,Tim Ream,Complete,28.762823,25.6,47.0,27.5,18.3
3857272,2022-11-25,Group Stage,England,2,74,11,United States,18242,Tim Ream,12524,Walker Zimmerman,Complete,14.455794,29.4,19.1,24.5,32.7
3857272,2022-11-25,Group Stage,England,2,74,17,United States,12524,Walker Zimmerman,3377,Timothy Weah,Incomplete,53.625553,32.7,37.6,84.8,50.3
3857272,2022-11-25,Group Stage,England,2,74,22,United States,12751,Tyler Adams,8526,Weston McKennie,Complete,7.045566,68.6,50.8,75.6,51.6
3857272,2022-11-25,Group Stage,England,2,74,26,United States,8526,Weston McKennie,8246,Christian Pulisic,Complete,15.367498,81.3,53.0,93.3,43.4
3857272,2022-11-25,Group Stage,England,2,75,46,United States,4614,Antonee Robinson,22008,Haji Wright,Incomplete,30.259214,6.7,18.4,36.8,21.5
3857272,2022-11-25,Group Stage,England,2,78,3,United States,12352,Matthew Charles Turner,,,Incomplete,72.74462,15.1,20.7,85.4,39.4
3857272,2022-11-25,Group Stage,England,2,78,14,United States,4614,Antonee Robinson,8246,Christian Pulisic,Complete,13.9,68.6,2.9,82.5,2.9
3857272,2022-11-25,Group Stage,England,2,78,20,United States,8246,Christian Pulisic,12751,Tyler Adams,Complete,20.894258,99.8,7.8,85.9,23.4
3857272,2022-11-25,Group Stage,England,2,78,24,United States,12751,Tyler Adams,8246,Christian Pulisic,Complete,11.905041,84.3,23.4,96.0,25.6
3857272,2022-11-25,Group Stage,England,2,78,26,United States,8246,Christian Pulisic,22008,Haji Wright,Out,17.065756,102.9,26.2,119.7,23.2
3857272,2022-11-25,Group Stage,England,2,79,49,United States,12751,Tyler Adams,8246,Christian Pulisic,Complete,12.965339,27.2,50.3,39.5,46.2
3857272,2022-11-25,Group Stage,England,2,79,53,United States,8246,Christian Pulisic,3377,Timothy Weah,Incomplete,45.140003,51.3,53.5,92.2,72.6
3857272,2022-11-25,Group Stage,England,2,80,1,United States,6806,Shaquell Moore,12524,Walker Zimmerman,Complete,26.840454,78.3,80.0,58.3,62.1
3857272,2022-11-25,Group Stage,England,2,80,4,United States,12524,Walker Zimmerman,12751,Tyler Adams,Complete,18.565828,58.3,61.8,64.5,44.3
3857272,2022-11-25,Group Stage,England,2,80,8,United States,12751,Tyler Adams,24243,Brenden Aaronson,Complete,6.576473,64.5,44.3,69.2,48.9
3857272,2022-11-25,Group Stage,England,2,80,9,United States,24243,Brenden Aaronson,12524,Walker Zimmerman,Complete,15.121178,68.6,48.4,53.8,51.5
3857272,2022-11-25,Group Stage,England,2,80,11,United States,12524,Walker Zimmerman,6806,Shaquell Moore,Complete,41.274204,53.8,51.5,87.8,74.9
3857272,2022-11-25,Group Stage,England,2,80,19,United States,6806,Shaquell Moore,3377,Timothy Weah,Complete,7.9,111.4,74.6,103.5,74.6
3857272,2022-11-25,Group Stage,England,2,80,21,United States,3377,Timothy Weah,12524,Walker Zimmerman,Complete,34.48188,103.5,74.6,70.5,64.6
3857272,2022-11-25,Group Stage,England,2,80,24,United States,12524,Walker Zimmerman,38792,Yunus Dimoara Musah,Complete,24.865236,70.3,64.8,77.5,41.0
3857272,2022-11-25,Group Stage,England,2,80,25,United States,38792,Yunus Dimoara Musah,18242,Tim Ream,Complete,15.211838,77.5,41.0,63.7,34.6
3857272,2022-11-25,Group Stage,England,2,80,28,United States,18242,Tim Ream,12524,Walker Zimmerman,Complete,24.396107,63.7,34.6,56.8,58.0
3857272,2022-11-25,Group Stage,England,2,80,31,United States,12524,Walker Zimmerman,12751,Tyler Adams,Complete,9.340771,57.2,58.3,65.9,54.9
3857272,2022-11-25,Group Stage,England,2,81,12,United States,12352,Matthew Charles Turner,12751,Tyler Adams,Complete,16.478472,12.1,43.2,24.8,32.7
3857272,2022-11-25,Group Stage,England,2,81,16,United States,12751,Tyler Adams,4614,Antonee Robinson,Complete,20.341583,31.9,27.5,33.2,7.2
3857272,2022-11-25,Group Stage,England,2,81,19,United States,4614,Antonee Robinson,8246,Christian Pulisic,Complete,12.986531,33.2,7.0,45.1,1.8
3857272,2022-11-25,Group Stage,England,2,81,23,United States,8246,Christian Pulisic,12751,Tyler Adams,Complete,18.7,44.5,1.8,35.7,18.3
3857272,2022-11-25,Group Stage,England,2,81,27,United States,12751,Tyler Adams,4614,Antonee Robinson,Complete,15.148928,37.2,18.3,42.2,4.0
3857272,2022-11-25,Group Stage,England,2,81,29,United States,4614,Antonee Robinson,8246,Christian Pulisic,Complete,15.164762,43.2,4.0,58.3,2.6
3857272,2022-11-25,Group Stage,England,2,81,36,United States,8246,Christian Pulisic,6806,Shaquell Moore,Complete,45.67056,68.6,29.7,87.0,71.5
3857272,2022-11-25,Group Stage,England,2,81,42,United States,6806,Shaquell Moore,3377,Timothy Weah,Complete,8.998889,96.8,62.9,94.5,54.2
3857272,2022-11-25,Group Stage,England,2,81,43,United States,3377,Timothy Weah,6806,Shaquell Moore,Complete,13.997857,94.5,54.5,100.8,67.0
3857272,2022-11-25,Group Stage,England,2,81,44,United States,6806,Shaquell Moore,3377,Timothy Weah,Complete,12.889143,100.2,67.0,112.9,64.8
3857272,2022-11-25,Group Stage,England,2,81,46,United States,3377,Timothy Weah,6806,Shaquell Moore,Complete,13.602941,112.9,64.8,102.7,73.8
3857272,2022-11-25,Group Stage,England,2,81,48,United States,6806,Shaquell Moore,24243,Brenden Aaronson,Complete,11.723907,102.7,73.8,97.1,63.5
3857272,2022-11-25,Group Stage,England,2,81,50,United States,24243,Brenden Aaronson,6806,Shaquell Moore,Complete,10.704205,96.8,63.5,97.1,74.2
3857272,2022-11-25,Group Stage,England,2,81,52,United States,6806,Shaquell Moore,3377,Timothy Weah,Complete,11.569356,97.1,74.2,92.7,63.5
3857272,2022-11-25,Group Stage,England,2,81,53,United States,3377,Timothy Weah,6806,Shaquell Moore,Unknown,11.684177,92.7,64.0,104.3,62.6
3857272,2022-11-25,Group Stage,England,2,83,16,United States,6806,Shaquell Moore,12352,Matthew Charles Turner,Complete,25.212696,7.5,66.2,8.3,41.0
3857272,2022-11-25,Group Stage,England,2,83,19,United States,12352,Matthew Charles Turner,18242,Tim Ream,Complete,28.826723,9.4,40.3,6.7,11.6
3857272,2022-11-25,Group Stage,England,2,83,21,United States,18242,Tim Ream,4614,Antonee Robinson,Complete,14.812494,8.0,11.3,21.0,4.2
3857272,2022-11-25,Group Stage,England,2,83,24,United States,4614,Antonee Robinson,8246,Christian Pulisic,Complete,10.381233,22.9,11.1,33.0,13.5
3857272,2022-11-25,Group Stage,England,2,83,25,United States,8246,Christian Pulisic,4614,Antonee Robinson,Complete,5.59017,33.0,13.5,29.2,17.6
3857272,2022-11-25,Group Stage,England,2,83,28,United States,4614,Antonee Robinson,6806,Shaquell Moore,Complete,32.745228,38.3,24.0,34.3,56.5
3857272,2022-11-25,Group Stage,England,2,83,31,United States,6806,Shaquell Moore,22168,Joshua Sargent,Incomplete,31.046577,39.5,58.8,70.0,64.6
3857272,2022-11-25,Group Stage,England,2,85,8,United States,12352,Matthew Charles Turner,22168,Joshua Sargent,Incomplete,75.22898,19.1,70.0,93.3,57.6
3857272,2022-11-25,Group Stage,England,2,85,19,United States,12751,Tyler Adams,,,Incomplete,18.432852,66.7,50.0,67.8,68.4
3857272,2022-11-25,Group Stage,England,2,86,20,United States,12524,Walker Zimmerman,22168,Joshua Sargent,Complete,29.62229,37.6,73.7,62.4,57.5
3857272,2022-11-25,Group Stage,England,2,86,21,United States,22168,Joshua Sargent,34339,Giovanni Reyna,Incomplete,11.172287,64.8,58.8,72.7,66.7
3857272,2022-11-25,Group Stage,England,2,86,55,United States,12352,Matthew Charles Turner,18242,Tim Ream,Complete,3.3,15.1,27.3,18.4,27.3
3857272,2022-11-25,Group Stage,England,2,87,0,United States,18242,Tim Ream,12524,Walker Zimmerman,Complete,27.40894,23.3,26.4,22.6,53.8
3857272,2022-11-25,Group Stage,England,2,87,3,United States,12524,Walker Zimmerman,18242,Tim Ream,Complete,24.498367,23.7,48.1,28.1,24.0
3857272,2022-11-25,Group Stage,England,2,87,12,United States,18242,Tim Ream,12524,Walker Zimmerman,Complete,14.838464,32.7,24.3,27.0,38.0
3857272,2022-11-25,Group Stage,England,2,87,16,United States,12524,Walker Zimmerman,24243,Brenden Aaronson,Complete,34.16738,31.9,43.2,47.3,73.7
3857272,2022-11-25,Group Stage,England,2,87,20,United States,24243,Brenden Aaronson,34339,Giovanni Reyna,Complete,11.825819,59.1,71.1,50.3,63.2
3857272,2022-11-25,Group Stage,England,2,87,22,United States,34339,Giovanni Reyna,12524,Walker Zimmerman,Complete,22.415396,53.0,62.9,37.2,47.0
3857272,2022-11-25,Group Stage,England,2,87,26,United States,12524,Walker Zimmerman,6806,Shaquell Moore,Complete,19.876871,37.2,47.0,47.5,64.0
3857272,2022-11-25,Group Stage,England,2,87,27,United States,6806,Shaquell Moore,24243,Brenden Aaronson,Complete,16.7869,47.5,64.0,63.7,68.4
3857272,2022-11-25,Group Stage,England,2,87,34,United States,24243,Brenden Aaronson,38792,Yunus Dimoara Musah,Complete,23.0,74.1,47.0,74.1,24.0
3857272,2022-11-25,Group Stage,England,2,87,38,United States,38792,Yunus Dimoara Musah,12751,Tyler Adams,Complete,9.693296,74.1,24.0,70.5,33.0
3857272,2022-11-25,Group Stage,England,2,87,40,United States,12751,Tyler Adams,6806,Shaquell Moore,Complete,21.708294,65.9,37.6,71.4,58.6
3857272,2022-11-25,Group Stage,England,2,87,43,United States,6806,Shaquell Moore,34339,Giovanni Reyna,Complete,15.536408,71.4,58.6,86.7,61.3
3857272,2022-11-25,Group Stage,England,2,87,47,United States,34339,Giovanni Reyna,22168,Joshua Sargent,Incomplete,10.2,94.1,54.6,104.3,54.6
3857272,2022-11-25,Group Stage,England,2,87,57,United States,12524,Walker Zimmerman,12352,Matthew Charles Turner,Complete,26.907248,21.4,71.9,3.4,51.9
3857272,2022-11-25,Group Stage,England,2,88,0,United States,12352,Matthew Charles Turner,6806,Shaquell Moore,Complete,35.87339,5.3,54.9,40.2,63.2
3857272,2022-11-25,Group Stage,England,2,88,4,United States,6806,Shaquell Moore,12524,Walker Zimmerman,Complete,15.720369,32.2,65.4,16.5,64.6
3857272,2022-11-25,Group Stage,England,2,88,6,United States,12524,Walker Zimmerman,12352,Matthew Charles Turner,Complete,24.384626,15.1,64.3,7.0,41.3
3857272,2022-11-25,Group Stage,England,2,88,12,United States,12352,Matthew Charles Turner,4614,Antonee Robinson,Complete,20.591503,24.0,24.8,28.9,4.8
3857272,2022-11-25,Group Stage,England,2,88,15,United States,4614,Antonee Robinson,38792,Yunus Dimoara Musah,Complete,29.439089,31.3,4.2,58.4,15.7
3857272,2022-11-25,Group Stage,England,2,88,18,United States,38792,Yunus Dimoara Musah,22168,Joshua Sargent,Complete,21.029741,70.3,10.5,90.3,4.0
3857272,2022-11-25,Group Stage,England,2,88,23,United States,22168,Joshua Sargent,8246,Christian Pulisic,Complete,13.360015,98.6,13.8,91.8,25.3
3857272,2022-11-25,Group Stage,England,2,88,26,United States,8246,Christian Pulisic,24243,Brenden Aaronson,Complete,18.675385,91.8,25.3,96.4,43.4
3857272,2022-11-25,Group Stage,England,2,88,28,United States,24243,Brenden Aaronson,6806,Shaquell Moore,Complete,17.81039,98.3,47.3,111.9,58.8
3857272,2022-11-25,Group Stage,England,2,88,30,United States,6806,Shaquell Moore,34339,Giovanni Reyna,Incomplete,12.889143,113.8,58.0,107.6,46.7
3857272,2022-11-25,Group Stage,England,2,88,44,United States,12352,Matthew Charles Turner,12524,Walker Zimmerman,Complete,20.412006,18.1,73.4,37.2,66.2
3857272,2022-11-25,Group Stage,England,2,88,48,United States,12524,Walker Zimmerman,12751,Tyler Adams,Complete,11.610771,36.5,65.9,48.1,65.4
3857272,2022-11-25,Group Stage,England,2,88,51,United States,12751,Tyler Adams,24243,Brenden Aaronson,Complete,9.121404,47.3,65.9,54.5,71.5
3857272,2022-11-25,Group Stage,England,2,88,52,United States,24243,Brenden Aaronson,12751,Tyler Adams,Complete,8.386298,54.6,71.5,50.3,64.3
3857272,2022-11-25,Group Stage,England,2,88,53,United States,12751,Tyler Adams,24243,Brenden Aaronson,Complete,4.8414874,50.3,64.3,53.3,68.1
3857272,2022-11-25,Group Stage,England,2,88,54,United States,24243,Brenden Aaronson,12751,Tyler Adams,Complete,6.8622155,53.3,68.1,51.1,61.6
3857272,2022-11-25,Group Stage,England,2,88,55,United States,12751,Tyler Adams,24243,Brenden Aaronson,Complete,5.0,51.1,61.6,48.1,57.6
3857272,2022-11-25,Group Stage,England,2,88,57,United States,24243,Brenden Aaronson,18242,Tim Ream,Complete,35.141144,47.3,50.5,45.6,15.4
3857272,2022-11-25,Group Stage,England,2,89,2,United States,18242,Tim Ream,4614,Antonee Robinson,Complete,20.214104,53.0,12.7,71.1,3.7
3857272,2022-11-25,Group Stage,England,2,89,5,United States,4614,Antonee Robinson,18242,Tim Ream,Complete,18.497837,71.1,3.7,52.7,5.6
3857272,2022-11-25,Group Stage,England,2,89,7,United States,18242,Tim Ream,12524,Walker Zimmerman,Complete,23.748896,52.7,5.6,45.1,28.1
3857272,2022-11-25,Group Stage,England,2,89,11,United States,12524,Walker Zimmerman,6806,Shaquell Moore,Complete,24.593088,45.1,28.1,50.0,52.2
3857272,2022-11-25,Group Stage,England,2,89,13,United States,6806,Shaquell Moore,12524,Walker Zimmerman,Complete,17.532825,51.3,52.2,43.7,36.4
3857272,2022-11-25,Group Stage,England,2,89,16,United States,12524,Walker Zimmerman,18242,Tim Ream,Complete,20.652603,43.7,36.4,47.5,16.1
3857272,2022-11-25,Group Stage,England,2,89,17,United States,18242,Tim Ream,12524,Walker Zimmerman,Complete,17.45623,47.5,16.1,42.1,32.7
3857272,2022-11-25,Group Stage,England,2,89,21,United States,12524,Walker Zimmerman,12352,Matthew Charles Turner,Complete,25.92335,41.0,34.6,15.1,33.5
3857272,2022-11-25,Group Stage,England,2,89,23,United States,12352,Matthew Charles Turner,18242,Tim Ream,Complete,18.436106,14.6,34.6,24.1,18.8
3857272,2022-11-25,Group Stage,England,2,89,26,United States,18242,Tim Ream,8246,Christian Pulisic,Complete,16.62077,28.1,16.9,44.5,14.2
3857272,2022-11-25,Group Stage,England,2,89,29,United States,8246,Christian Pulisic,4614,Antonee Robinson,Complete,12.248265,44.5,14.2,46.4,2.1
3857272,2022-11-25,Group Stage,England,2,89,30,United States,4614,Antonee Robinson,22168,Joshua Sargent,Incomplete,6.5795135,46.4,2.1,52.4,4.8
3857272,2022-11-25,Group Stage,England,2,91,5,United States,12352,Matthew Charles Turner,18242,Tim Ream,Complete,24.87127,15.7,41.5,21.0,17.2
3857272,2022-11-25,Group Stage,England,2,91,10,United States,18242,Tim Ream,12524,Walker Zimmerman,Complete,19.706345,28.6,19.9,28.1,39.6
3857272,2022-11-25,Group Stage,England,2,91,13,United States,12524,Walker Zimmerman,24243,Brenden Aaronson,Complete,38.13686,30.2,43.4,51.1,75.3
3857272,2022-11-25,Group Stage,England,2,91,19,United States,24243,Brenden Aaronson,12524,Walker Zimmerman,Complete,30.40148,57.2,73.7,39.2,49.2
3857272,2022-11-25,Group Stage,England,2,91,24,United States,12524,Walker Zimmerman,6806,Shaquell Moore,Complete,15.10298,45.9,51.6,46.2,66.7
3857272,2022-11-25,Group Stage,England,2,91,26,United States,6806,Shaquell Moore,34339,Giovanni Reyna,Complete,13.542894,46.2,66.7,57.2,74.6
3857272,2022-11-25,Group Stage,England,2,91,29,United States,34339,Giovanni Reyna,12524,Walker Zimmerman,Complete,24.410038,56.4,72.7,44.3,51.5
3857272,2022-11-25,Group Stage,England,2,91,32,United States,12524,Walker Zimmerman,38792,Yunus Dimoara Musah,Incomplete,14.1014185,43.7,51.5,53.0,62.1
3857272,2022-11-25,Group Stage,England,2,93,23,United States,12352,Matthew Charles Turner,22168,Joshua Sargent,Incomplete,81.09501,6.0,36.0,80.6,4.2
3857272,2022-11-25,Group Stage,England,2,93,29,United States,18242,Tim Ream,22168,Joshua Sargent,Incomplete,28.752218,46.4,5.3,74.9,9.1
3857272,2022-11-25,Group Stage,England,2,93,35,United States,4614,Antonee Robinson,18242,Tim Ream,Complete,20.120636,53.0,5.3,33.0,7.5
3857272,2022-11-25,Group Stage,England,2,93,37,United States,18242,Tim Ream,12352,Matthew Charles Turner,Complete,37.09124,33.0,9.1,8.0,36.5
3857272,2022-11-25,Group Stage,England,2,93,41,United States,12352,Matthew Charles Turner,34339,Giovanni Reyna,Unknown,68.129654,8.3,39.6,74.5,55.7
3857272,2022-11-25,Group Stage,England,2,94,24,United States,8246,Christian Pulisic,34339,Giovanni Reyna,Complete,35.00357,73.8,55.7,107.6,64.8
3857272,2022-11-25,Group Stage,England,2,94,29,United States,34339,Giovanni Reyna,8246,Christian Pulisic,Incomplete,2.745906,107.8,67.3,105.1,67.8
3857278,2022-11-29,Group Stage,Iran,1,1,12,United States,21881,Sergino Dest,3377,Timothy Weah,Incomplete,19.349419,17.4,80.0,36.6,77.6
3857278,2022-11-29,Group Stage,Iran,1,1,15,United States,12751,Tyler Adams,,,Incomplete,6.1741395,30.4,73.1,36.0,70.5
3857278,2022-11-29,Group Stage,Iran,1,2,1,United States,38792,Yunus Dimoara Musah,21881,Sergino Dest,Complete,34.42688,39.4,18.3,31.9,51.9
3857278,2022-11-29,Group Stage,Iran,1,2,7,United States,21881,Sergino Dest,3377,Timothy Weah,Complete,14.524462,54.6,65.8,63.6,77.2
3857278,2022-11-29,Group Stage,Iran,1,2,9,United States,3377,Timothy Weah,21881,Sergino Dest,Complete,11.320777,59.1,78.9,49.5,72.9
3857278,2022-11-29,Group Stage,Iran,1,2,11,United States,21881,Sergino Dest,15971,Cameron Carter-Vickers,Complete,19.231485,46.2,72.5,28.9,64.1
3857278,2022-11-29,Group Stage,Iran,1,2,15,United States,15971,Cameron Carter-Vickers,18242,Tim Ream,Complete,27.804497,27.6,62.6,28.1,34.8
3857278,2022-11-29,Group Stage,Iran,1,2,25,United States,18242,Tim Ream,21881,Sergino Dest,Complete,55.944614,60.4,14.3,54.2,69.9
3857278,2022-11-29,Group Stage,Iran,1,2,30,United States,21881,Sergino Dest,38792,Yunus Dimoara Musah,Complete,26.1811,52.7,67.3,77.9,74.4
3857278,2022-11-29,Group Stage,Iran,1,2,38,United States,38792,Yunus Dimoara Musah,,,Incomplete,4.5891175,114.9,74.2,115.8,69.7
3857278,2022-11-29,Group Stage,Iran,1,2,53,United States,21881,Sergino Dest,38792,Yunus Dimoara Musah,Complete,5.813777,111.9,80.0,112.3,74.2
3857278,2022-11-29,Group Stage,Iran,1,2,54,United States,38792,Yunus Dimoara Musah,21881,Sergino Dest,Complete,5.7974133,112.1,73.5,110.6,79.1
3857278,2022-11-29,Group Stage,Iran,1,3,0,United States,21881,Sergino Dest,38792,Yunus Dimoara Musah,Complete,7.184706,117.9,68.4,110.8,69.5
3857278,2022-11-29,Group Stage,Iran,1,3,4,United States,38792,Yunus Dimoara Musah,12751,Tyler Adams,Complete,12.070211,110.4,78.0,98.4,76.7
3857278,2022-11-29,Group Stage,Iran,1,3,6,United States,12751,Tyler Adams,3377,Timothy Weah,Complete,12.788276,99.1,75.5,91.8,65.0
3857278,2022-11-29,Group Stage,Iran,1,3,9,United States,3377,Timothy Weah,8526,Weston McKennie,Incomplete,6.545991,90.7,62.2,96.9,60.1
3857278,2022-11-29,Group Stage,Iran,1,3,11,United States,38792,Yunus Dimoara Musah,,,Incomplete,54.81551,107.2,77.8,114.7,23.5
3857278,2022-11-29,Group Stage,Iran,1,3,37,United States,4614,Antonee Robinson,8246,Christian Pulisic,Incomplete,27.773548,54.6,0.1,82.2,3.2
3857278,2022-11-29,Group Stage,Iran,1,3,46,United States,4614,Antonee Robinson,38792,Yunus Dimoara Musah,Complete,12.124768,66.4,0.1,73.4,10.0
3857278,2022-11-29,Group Stage,Iran,1,3,48,United States,38792,Yunus Dimoara Musah,4614,Antonee Robinson,Complete,10.599056,74.1,10.0,64.6,5.3
3857278,2022-11-29,Group Stage,Iran,1,3,50,United States,4614,Antonee Robinson,15971,Cameron Carter-Vickers,Complete,33.306156,57.8,8.3,40.9,37.0
3857278,2022-11-29,Group Stage,Iran,1,3,56,United States,15971,Cameron Carter-Vickers,18242,Tim Ream,Complete,15.815183,40.7,44.2,44.3,28.8
3857278,2022-11-29,Group Stage,Iran,1,4,2,United States,18242,Tim Ream,15971,Cameron Carter-Vickers,Complete,36.326572,62.1,10.6,43.0,41.5
3857278,2022-11-29,Group Stage,Iran,1,4,6,United States,15971,Cameron Carter-Vickers,38792,Yunus Dimoara Musah,Complete,19.233305,43.9,43.8,49.5,62.2
3857278,2022-11-29,Group Stage,Iran,1,4,8,United States,38792,Yunus Dimoara Musah,21881,Sergino Dest,Complete,22.177692,51.2,67.1,70.4,78.2
3857278,2022-11-29,Group Stage,Iran,1,4,40,United States,12751,Tyler Adams,4614,Antonee Robinson,Incomplete,9.419129,11.8,30.5,11.2,21.1
3857278,2022-11-29,Group Stage,Iran,1,5,44,United States,12352,Matthew Charles Turner,18242,Tim Ream,Complete,18.209887,9.9,43.4,10.5,25.2
3857278,2022-11-29,Group Stage,Iran,1,5,48,United States,18242,Tim Ream,4614,Antonee Robinson,Complete,22.624102,18.9,25.2,27.8,4.4
3857278,2022-11-29,Group Stage,Iran,1,5,52,United States,4614,Antonee Robinson,8526,Weston McKennie,Complete,12.640016,31.5,4.0,37.9,14.9
3857278,2022-11-29,Group Stage,Iran,1,5,59,United States,8526,Weston McKennie,4614,Antonee Robinson,Complete,23.769728,57.8,24.8,70.0,4.4
3857278,2022-11-29,Group Stage,Iran,1,6,2,United States,4614,Antonee Robinson,18242,Tim Ream,Complete,18.414125,62.9,8.9,44.7,11.7
3857278,2022-11-29,Group Stage,Iran,1,6,4,United States,18242,Tim Ream,15971,Cameron Carter-Vickers,Complete,34.260765,45.2,15.4,39.6,49.2
3857278,2022-11-29,Group Stage,Iran,1,6,7,United States,15971,Cameron Carter-Vickers,38792,Yunus Dimoara Musah,Complete,17.84657,46.0,49.8,49.5,67.3
3857278,2022-11-29,Group Stage,Iran,1,6,11,United States,38792,Yunus Dimoara Musah,12751,Tyler Adams,Complete,17.634342,50.3,71.0,51.4,53.4
3857278,2022-11-29,Group Stage,Iran,1,6,15,United States,12751,Tyler Adams,15971,Cameron Carter-Vickers,Complete,14.900335,45.2,60.1,38.1,47.0
3857278,2022-11-29,Group Stage,Iran,1,6,17,United States,15971,Cameron Carter-Vickers,18242,Tim Ream,Complete,22.547062,38.1,44.2,45.2,22.8
3857278,2022-11-29,Group Stage,Iran,1,6,23,United States,18242,Tim Ream,21881,Sergino Dest,Complete,61.447945,68.7,18.8,81.5,78.9
3857278,2022-11-29,Group Stage,Iran,1,6,28,United States,21881,Sergino Dest,38792,Yunus Dimoara Musah,Complete,10.530907,76.2,78.5,72.1,68.8
3857278,2022-11-29,Group Stage,Iran,1,6,31,United States,38792,Yunus Dimoara Musah,12751,Tyler Adams,Complete,14.300349,72.6,65.6,68.5,51.9
3857278,2022-11-29,Group Stage,Iran,1,6,32,United States,12751,Tyler Adams,8526,Weston McKennie,Complete,10.881176,68.7,52.1,77.5,45.7
3857278,2022-11-29,Group Stage,Iran,1,6,34,United States,8526,Weston McKennie,38792,Yunus Dimoara Musah,Complete,29.069744,77.0,45.3,64.2,71.4
3857278,2022-11-29,Group Stage,Iran,1,6,36,United States,38792,Yunus Dimoara Musah,21881,Sergino Dest,Complete,18.310926,63.6,73.1,80.9,79.1
3857278,2022-11-29,Group Stage,Iran,1,6,38,United States,21881,Sergino Dest,3377,Timothy Weah,Complete,7.510659,80.9,78.9,81.3,71.4
3857278,2022-11-29,Group Stage,Iran,1,6,39,United States,3377,Timothy Weah,21881,Sergino Dest,Complete,6.846897,81.3,71.4,80.5,78.2
3857278,2022-11-29,Group Stage,Iran,1,6,40,United States,21881,Sergino Dest,8526,Weston McKennie,Complete,14.3,80.9,74.6,80.9,60.3
3857278,2022-11-29,Group Stage,Iran,1,6,42,United States,8526,Weston McKennie,22168,Joshua Sargent,Complete,12.026637,80.9,60.3,92.9,61.1
3857278,2022-11-29,Group Stage,Iran,1,6,46,United States,12751,Tyler Adams,4614,Antonee Robinson,Complete,61.096073,84.1,60.7,105.3,3.4
3857278,2022-11-29,Group Stage,Iran,1,6,52,United States,4614,Antonee Robinson,,,Incomplete,26.654268,117.7,7.2,116.0,33.8
3857278,2022-11-29,Group Stage,Iran,1,7,2,United States,12751,Tyler Adams,4614,Antonee Robinson,Complete,17.266151,110.6,5.7,94.2,11.1
3857278,2022-11-29,Group Stage,Iran,1,7,4,United States,4614,Antonee Robinson,21881,Sergino Dest,Complete,46.577785,93.1,12.6,84.1,58.3
3857278,2022-11-29,Group Stage,Iran,1,7,8,United States,21881,Sergino Dest,3377,Timothy Weah,Complete,9.871676,81.3,60.1,90.9,62.4
3857278,2022-11-29,Group Stage,Iran,1,7,9,United States,3377,Timothy Weah,21881,Sergino Dest,Complete,7.1589108,90.9,62.4,92.4,55.4
3857278,2022-11-29,Group Stage,Iran,1,7,27,United States,12352,Matthew Charles Turner,38792,Yunus Dimoara Musah,Complete,31.645695,11.2,51.1,42.8,52.8
3857278,2022-11-29,Group Stage,Iran,1,7,31,United States,38792,Yunus Dimoara Musah,8526,Weston McKennie,Complete,16.793154,39.4,45.9,55.4,40.8
3857278,2022-11-29,Group Stage,Iran,1,7,34,United States,8526,Weston McKennie,38792,Yunus Dimoara Musah,Complete,11.587062,54.2,37.4,59.1,47.9
3857278,2022-11-29,Group Stage,Iran,1,7,37,United States,38792,Yunus Dimoara Musah,21881,Sergino Dest,Complete,31.987654,64.4,48.7,75.5,78.7
3857278,2022-11-29,Group Stage,Iran,1,7,41,United States,21881,Sergino Dest,3377,Timothy Weah,Complete,8.570881,80.9,79.3,79.8,70.8
3857278,2022-11-29,Group Stage,Iran,1,7,46,United States,3377,Timothy Weah,,,Incomplete,2.7658634,81.5,61.3,80.9,58.6
3857278,2022-11-29,Group Stage,Iran,1,7,53,United States,4614,Antonee Robinson,18242,Tim Ream,Complete,19.560163,63.1,2.5,47.5,14.3
3857278,2022-11-29,Group Stage,Iran,1,8,2,United States,18242,Tim Ream,8246,Christian Pulisic,Complete,12.709839,58.4,16.4,71.1,16.9
3857278,2022-11-29,Group Stage,Iran,1,8,14,United States,4614,Antonee Robinson,12751,Tyler Adams,Complete,9.626006,70.0,11.7,75.5,19.6
3857278,2022-11-29,Group Stage,Iran,1,8,17,United States,12751,Tyler Adams,15971,Cameron Carter-Vickers,Complete,26.449196,73.0,22.0,54.6,41.0
3857278,2022-11-29,Group Stage,Iran,1,8,21,United States,15971,Cameron Carter-Vickers,21881,Sergino Dest,Complete,36.444477,62.9,51.1,86.7,78.7
3857278,2022-11-29,Group Stage,Iran,1,8,25,United States,21881,Sergino Dest,,,Incomplete,41.731163,93.3,78.9,112.6,41.9
3857278,2022-11-29,Group Stage,Iran,1,8,34,United States,8246,Christian Pulisic,4614,Antonee Robinson,Complete,13.952061,117.5,23.9,109.6,12.4
3857278,2022-11-29,Group Stage,Iran,1,8,36,United States,4614,Antonee Robinson,,,Incomplete,26.83151,110.0,10.6,111.3,37.4
3857278,2022-11-29,Group Stage,Iran,1,9,55,United States,15971,Cameron Carter-Vickers,22168,Joshua Sargent,Complete,60.751377,9.0,70.3,68.3,57.1
3857278,2022-11-29,Group Stage,Iran,1,9,58,United States,22168,Joshua Sargent,3377,Timothy Weah,Complete,19.609436,69.1,56.6,76.4,74.8
3857278,2022-11-29,Group Stage,Iran,1,10,1,United States,3377,Timothy Weah,38792,Yunus Dimoara Musah,Complete,5.3488317,75.1,72.5,77.0,67.5
3857278,2022-11-29,Group Stage,Iran,1,10,16,United States,18242,Tim Ream,4614,Antonee Robinson,Complete,15.121178,52.0,31.6,58.4,17.9
3857278,2022-11-29,Group Stage,Iran,1,10,23,United States,4614,Antonee Robinson,3377,Timothy Weah,Complete,39.24513,75.3,40.4,91.6,76.1
3857278,2022-11-29,Group Stage,Iran,1,10,28,United States,3377,Timothy Weah,38792,Yunus Dimoara Musah,Complete,15.67801,93.3,74.0,87.1,59.6
3857278,2022-11-29,Group Stage,Iran,1,10,30,United States,38792,Yunus Dimoara Musah,8246,Christian Pulisic,Complete,33.744038,88.0,61.1,110.1,35.6
3857278,2022-11-29,Group Stage,Iran,1,11,11,United States,38792,Yunus Dimoara Musah,21881,Sergino Dest,Complete,10.983624,72.1,69.0,62.9,75.0
3857278,2022-11-29,Group Stage,Iran,1,11,13,United States,21881,Sergino Dest,12751,Tyler Adams,Complete,8.927485,63.1,70.8,57.2,64.1
3857278,2022-11-29,Group Stage,Iran,1,11,15,United States,12751,Tyler Adams,3377,Timothy Weah,Complete,12.242957,55.4,71.0,64.4,79.3
3857278,2022-11-29,Group Stage,Iran,1,11,17,United States,3377,Timothy Weah,21881,Sergino Dest,Complete,10.155294,60.8,77.6,56.5,68.4
3857278,2022-11-29,Group Stage,Iran,1,11,19,United States,21881,Sergino Dest,15971,Cameron Carter-Vickers,Complete,19.041271,49.9,65.6,31.5,60.7
3857278,2022-11-29,Group Stage,Iran,1,11,22,United States,15971,Cameron Carter-Vickers,18242,Tim Ream,Complete,31.435648,32.8,56.9,40.0,26.3
3857278,2022-11-29,Group Stage,Iran,1,11,26,United States,18242,Tim Ream,8246,Christian Pulisic,Complete,15.339492,52.2,20.1,65.9,13.2
3857278,2022-11-29,Group Stage,Iran,1,11,31,United States,8246,Christian Pulisic,18242,Tim Ream,Complete,17.687567,75.3,22.6,59.9,13.9
3857278,2022-11-29,Group Stage,Iran,1,11,36,United States,18242,Tim Ream,4614,Antonee Robinson,Complete,29.324564,76.0,8.9,105.3,7.7
3857278,2022-11-29,Group Stage,Iran,1,11,40,United States,4614,Antonee Robinson,8246,Christian Pulisic,Incomplete,9.625487,101.6,12.8,102.3,22.4
3857278,2022-11-29,Group Stage,Iran,1,11,44,United States,15971,Cameron Carter-Vickers,8526,Weston McKennie,Incomplete,13.711674,68.7,32.0,82.2,34.4
3857278,2022-11-29,Group Stage,Iran,1,11,47,United States,8526,Weston McKennie,12751,Tyler Adams,Complete,13.634149,81.1,29.0,67.8,26.0
3857278,2022-11-29,Group Stage,Iran,1,11,55,United States,12751,Tyler Adams,4614,Antonee Robinson,Complete,16.451445,63.1,22.8,64.4,6.4
3857278,2022-11-29,Group Stage,Iran,1,11,57,United States,4614,Antonee Robinson,8526,Weston McKennie,Incomplete,15.692355,66.8,5.5,82.0,9.4
3857278,2022-11-29,Group Stage,Iran,1,12,4,United States,12751,Tyler Adams,4614,Antonee Robinson,Complete,12.467959,64.0,13.6,51.6,14.9
3857278,2022-11-29,Group Stage,Iran,1,12,5,United States,4614,Antonee Robinson,18242,Tim Ream,Complete,13.536986,51.6,14.9,44.3,26.3
3857278,2022-11-29,Group Stage,Iran,1,12,7,United States,18242,Tim Ream,38792,Yunus Dimoara Musah,Complete,17.226143,44.1,28.4,54.8,41.9
3857278,2022-11-29,Group Stage,Iran,1,12,10,United States,38792,Yunus Dimoara Musah,3377,Timothy Weah,Complete,21.636312,57.6,46.4,75.8,58.1
3857278,2022-11-29,Group Stage,Iran,1,12,12,United States,3377,Timothy Weah,21881,Sergino Dest,Complete,20.453362,70.8,55.4,68.3,75.7
3857278,2022-11-29,Group Stage,Iran,1,12,14,United States,21881,Sergino Dest,38792,Yunus Dimoara Musah,Complete,8.852683,68.7,76.1,66.6,67.5
3857278,2022-11-29,Group Stage,Iran,1,12,19,United States,38792,Yunus Dimoara Musah,3377,Timothy Weah,Complete,14.26359,82.6,75.9,85.8,62.0
3857278,2022-11-29,Group Stage,Iran,1,12,20,United States,3377,Timothy Weah,38792,Yunus Dimoara Musah,Complete,12.442266,85.8,62.0,79.8,72.9
3857278,2022-11-29,Group Stage,Iran,1,12,21,United States,38792,Yunus Dimoara Musah,12751,Tyler Adams,Complete,13.689412,79.8,72.7,67.4,66.9
3857278,2022-11-29,Group Stage,Iran,1,12,23,United States,12751,Tyler Adams,15971,Cameron Carter-Vickers,Complete,16.426807,63.1,63.1,50.9,52.1
3857278,2022-11-29,Group Stage,Iran,1,12,26,United States,15971,Cameron Carter-Vickers,18242,Tim Ream,Complete,25.11613,50.1,51.1,49.2,26.0
3857278,2022-11-29,Group Stage,Iran,1,12,30,United States,18242,Tim Ream,4614,Antonee Robinson,Complete,14.693195,61.4,17.3,67.2,3.8
3857278,2022-11-29,Group Stage,Iran,1,12,32,United States,4614,Antonee Robinson,8246,Christian Pulisic,Complete,12.218429,68.5,3.8,70.8,15.8
3857278,2022-11-29,Group Stage,Iran,1,13,28,United States,12751,Tyler Adams,15971,Cameron Carter-Vickers,Complete,14.042791,45.8,66.0,33.2,59.8
3857278,2022-11-29,Group Stage,Iran,1,13,34,United States,15971,Cameron Carter-Vickers,12751,Tyler Adams,Complete,8.17435,34.7,61.8,36.8,69.7
3857278,2022-11-29,Group Stage,Iran,1,13,36,United States,12751,Tyler Adams,22168,Joshua Sargent,Complete,61.94554,38.8,70.3,99.9,60.1
3857278,2022-11-29,Group Stage,Iran,1,13,42,United States,22168,Joshua Sargent,,,Incomplete,43.96021,118.3,65.0,103.8,23.5
3857278,2022-11-29,Group Stage,Iran,1,14,49,United States,8526,Weston McKennie,15971,Cameron Carter-Vickers,Complete,14.758049,40.0,63.5,26.8,56.9
3857278,2022-11-29,Group Stage,Iran,1,14,51,United States,15971,Cameron Carter-Vickers,21881,Sergino Dest,Complete,14.860686,26.4,58.8,33.6,71.8
3857278,2022-11-29,Group Stage,Iran,1,14,52,United States,21881,Sergino Dest,12751,Tyler Adams,Complete,8.766413,33.2,73.7,37.0,65.8
3857278,2022-11-29,Group Stage,Iran,1,14,55,United States,12751,Tyler Adams,4614,Antonee Robinson,Complete,54.910564,41.3,60.3,50.7,6.2
3857278,2022-11-29,Group Stage,Iran,1,14,59,United States,4614,Antonee Robinson,18242,Tim Ream,Complete,27.379007,46.7,5.5,31.1,28.0
3857278,2022-11-29,Group Stage,Iran,1,15,4,United States,18242,Tim Ream,15971,Cameron Carter-Vickers,Complete,29.509659,34.7,29.0,39.6,58.1
3857278,2022-11-29,Group Stage,Iran,1,15,12,United States,15971,Cameron Carter-Vickers,18242,Tim Ream,Complete,23.394444,55.7,64.6,52.0,41.5
3857278,2022-11-29,Group Stage,Iran,1,15,16,United States,18242,Tim Ream,4614,Antonee Robinson,Incomplete,43.088978,55.0,31.6,92.9,11.1
3857278,2022-11-29,Group Stage,Iran,1,15,29,United States,12352,Matthew Charles Turner,15971,Cameron Carter-Vickers,Complete,17.821898,13.3,34.8,24.2,48.9
3857278,2022-11-29,Group Stage,Iran,1,15,34,United States,15971,Cameron Carter-Vickers,12751,Tyler Adams,Complete,28.452944,38.3,60.1,48.4,33.5
3857278,2022-11-29,Group Stage,Iran,1,15,39,United States,12751,Tyler Adams,8526,Weston McKennie,Complete,16.97292,57.6,24.1,63.8,8.3
3857278,2022-11-29,Group Stage,Iran,1,15,42,United States,8526,Weston McKennie,4614,Antonee Robinson,Complete,23.9253,71.5,5.1,95.4,6.2
3857278,2022-11-29,Group Stage,Iran,1,15,48,United States,4614,Antonee Robinson,21881,Sergino Dest,Complete,58.4,109.3,13.6,109.3,72.0
3857278,2022-11-29,Group Stage,Iran,1,15,55,United States,21881,Sergino Dest,8246,Christian Pulisic,Complete,9.734988,107.0,73.5,101.6,65.4
3857278,2022-11-29,Group Stage,Iran,1,15,58,United States,8246,Christian Pulisic,12751,Tyler Adams,Complete,13.345411,98.6,61.3,87.7,53.6
3857278,2022-11-29,Group Stage,Iran,1,16,0,United States,12751,Tyler Adams,8526,Weston McKennie,Complete,19.731194,86.9,53.4,90.5,34.0
3857278,2022-11-29,Group Stage,Iran,1,16,2,United States,8526,Weston McKennie,3377,Timothy Weah,Incomplete,23.546762,88.8,40.0,110.6,48.9
3857278,2022-11-29,Group Stage,Iran,1,16,11,United States,38792,Yunus Dimoara Musah,21881,Sergino Dest,Complete,21.63793,89.2,56.9,104.4,72.3
3857278,2022-11-29,Group Stage,Iran,1,16,14,United States,21881,Sergino Dest,,,Incomplete,34.039097,104.4,72.3,117.3,40.8
3857278,2022-11-29,Group Stage,Iran,1,16,22,United States,38792,Yunus Dimoara Musah,18242,Tim Ream,Complete,10.965857,86.7,43.2,79.2,35.2
3857278,2022-11-29,Group Stage,Iran,1,16,24,United States,18242,Tim Ream,4614,Antonee Robinson,Complete,13.333041,78.8,35.7,83.7,23.3
3857278,2022-11-29,Group Stage,Iran,1,16,27,United States,4614,Antonee Robinson,8246,Christian Pulisic,Complete,14.389232,82.4,19.0,94.8,11.7
3857278,2022-11-29,Group Stage,Iran,1,16,42,United States,18242,Tim Ream,21881,Sergino Dest,Complete,15.70796,28.7,54.5,39.4,66.0
3857278,2022-11-29,Group Stage,Iran,1,16,47,United States,21881,Sergino Dest,12751,Tyler Adams,Complete,25.515486,43.7,68.8,47.7,43.6
3857278,2022-11-29,Group Stage,Iran,1,16,50,United States,12751,Tyler Adams,8526,Weston McKennie,Complete,20.312065,52.0,39.7,52.7,19.4
3857278,2022-11-29,Group Stage,Iran,1,16,56,United States,8526,Weston McKennie,15971,Cameron Carter-Vickers,Complete,37.31005,53.5,25.6,43.7,61.6
3857278,2022-11-29,Group Stage,Iran,1,17,0,United States,15971,Cameron Carter-Vickers,3377,Timothy Weah,Complete,15.652476,54.2,65.2,69.6,62.4
3857278,2022-11-29,Group Stage,Iran,1,17,2,United States,3377,Timothy Weah,15971,Cameron Carter-Vickers,Complete,16.337992,68.1,65.4,56.3,76.7
3857278,2022-11-29,Group Stage,Iran,1,17,5,United States,15971,Cameron Carter-Vickers,3377,Timothy Weah,Complete,6.325346,56.7,76.3,61.6,72.3
3857278,2022-11-29,Group Stage,Iran,1,17,7,United States,3377,Timothy Weah,12751,Tyler Adams,Complete,15.405194,62.3,69.9,61.9,54.5
3857278,2022-11-29,Group Stage,Iran,1,17,10,United States,12751,Tyler Adams,8526,Weston McKennie,Complete,43.035915,65.1,52.4,69.6,9.6
3857278,2022-11-29,Group Stage,Iran,1,17,17,United States,8526,Weston McKennie,12751,Tyler Adams,Complete,20.12486,72.1,5.5,69.1,25.4
3857278,2022-11-29,Group Stage,Iran,1,17,20,United States,12751,Tyler Adams,8246,Christian Pulisic,Complete,9.202173,73.2,9.6,82.4,9.4
3857278,2022-11-29,Group Stage,Iran,1,17,23,United States,8246,Christian Pulisic,18242,Tim Ream,Complete,22.450167,76.2,8.3,56.1,18.3
3857278,2022-11-29,Group Stage,Iran,1,17,24,United States,18242,Tim Ream,15971,Cameron Carter-Vickers,Complete,29.328825,56.7,18.6,58.0,47.9
3857278,2022-11-29,Group Stage,Iran,1,17,29,United States,15971,Cameron Carter-Vickers,21881,Sergino Dest,Complete,22.203604,76.2,65.2,94.2,78.2
3857278,2022-11-29,Group Stage,Iran,1,17,33,United States,21881,Sergino Dest,3377,Timothy Weah,Complete,5.1971145,98.4,77.2,93.9,74.6
3857278,2022-11-29,Group Stage,Iran,1,17,35,United States,3377,Timothy Weah,38792,Yunus Dimoara Musah,Complete,16.424677,93.9,73.7,94.8,57.3
3857278,2022-11-29,Group Stage,Iran,1,17,37,United States,38792,Yunus Dimoara Musah,15971,Cameron Carter-Vickers,Complete,17.84881,92.2,57.3,74.5,59.6
3857278,2022-11-29,Group Stage,Iran,1,17,40,United States,15971,Cameron Carter-Vickers,38792,Yunus Dimoara Musah,Complete,10.817116,76.0,62.4,86.5,65.0
3857278,2022-11-29,Group Stage,Iran,1,17,45,United States,38792,Yunus Dimoara Musah,8526,Weston McKennie,Complete,23.851625,87.1,54.5,92.2,31.2
3857278,2022-11-29,Group Stage,Iran,1,17,51,United States,12751,Tyler Adams,4614,Antonee Robinson,Complete,18.689302,89.7,26.0,95.7,8.3
3857278,2022-11-29,Group Stage,Iran,1,17,54,United States,4614,Antonee Robinson,,,Incomplete,24.40082,105.1,13.6,111.3,37.2
3857278,2022-11-29,Group Stage,Iran,1,18,0,United States,15971,Cameron Carter-Vickers,4614,Antonee Robinson,Complete,4.8373547,92.9,26.0,90.5,21.8
3857278,2022-11-29,Group Stage,Iran,1,19,21,United States,12751,Tyler Adams,8526,Weston McKennie,Complete,28.93752,44.1,68.2,57.4,42.5
3857278,2022-11-29,Group Stage,Iran,1,19,23,United States,8526,Weston McKennie,22168,Joshua Sargent,Complete,27.594383,57.2,39.5,82.8,49.8
3857278,2022-11-29,Group Stage,Iran,1,19,25,United States,22168,Joshua Sargent,8246,Christian Pulisic,Complete,4.7434163,82.8,49.8,78.3,48.3
3857278,2022-11-29,Group Stage,Iran,1,19,26,United States,8246,Christian Pulisic,3377,Timothy Weah,Incomplete,6.935416,81.5,52.8,88.4,52.1
3857278,2022-11-29,Group Stage,Iran,1,20,29,United States,12352,Matthew Charles Turner,8526,Weston McKennie,Complete,22.729715,7.0,44.1,17.8,24.1
3857278,2022-11-29,Group Stage,Iran,1,20,34,United States,8526,Weston McKennie,4614,Antonee Robinson,Out,63.86368,50.7,22.0,110.8,0.4
3857278,2022-11-29,Group Stage,Iran,1,21,15,United States,12751,Tyler Adams,8526,Weston McKennie,Complete,6.6219335,69.1,12.1,75.5,10.4
3857278,2022-11-29,Group Stage,Iran,1,21,16,United States,8526,Weston McKennie,12751,Tyler Adams,Complete,11.846096,75.5,10.4,68.7,20.1
3857278,2022-11-29,Group Stage,Iran,1,21,18,United States,12751,Tyler Adams,38792,Yunus Dimoara Musah,Incomplete,17.19593,69.1,22.6,82.4,33.5
3857278,2022-11-29,Group Stage,Iran,1,21,32,United States,21881,Sergino Dest,15971,Cameron Carter-Vickers,Complete,22.51777,40.9,80.0,29.3,60.7
3857278,2022-11-29,Group Stage,Iran,1,21,36,United States,15971,Cameron Carter-Vickers,18242,Tim Ream,Complete,24.645689,26.8,60.9,25.3,36.3
3857278,2022-11-29,Group Stage,Iran,1,21,45,United States,18242,Tim Ream,15971,Cameron Carter-Vickers,Complete,34.866173,41.3,26.3,45.6,60.9
3857278,2022-11-29,Group Stage,Iran,1,21,52,United States,15971,Cameron Carter-Vickers,12751,Tyler Adams,Complete,16.668833,59.1,69.3,53.5,53.6
3857278,2022-11-29,Group Stage,Iran,1,21,55,United States,12751,Tyler Adams,18242,Tim Ream,Complete,25.323902,55.2,52.8,56.3,27.5
3857278,2022-11-29,Group Stage,Iran,1,22,0,United States,18242,Tim Ream,38792,Yunus Dimoara Musah,Complete,21.444347,69.6,26.3,81.1,44.4
3857278,2022-11-29,Group Stage,Iran,1,22,2,United States,38792,Yunus Dimoara Musah,3377,Timothy Weah,Complete,8.477028,85.2,51.5,87.7,59.6
3857278,2022-11-29,Group Stage,Iran,1,22,4,United States,3377,Timothy Weah,21881,Sergino Dest,Complete,16.609034,89.5,64.8,97.6,79.3
3857278,2022-11-29,Group Stage,Iran,1,22,6,United States,21881,Sergino Dest,3377,Timothy Weah,Complete,6.6219335,98.9,78.7,93.7,74.6
3857278,2022-11-29,Group Stage,Iran,1,22,8,United States,3377,Timothy Weah,38792,Yunus Dimoara Musah,Complete,9.091755,92.2,72.7,96.7,64.8
3857278,2022-11-29,Group Stage,Iran,1,22,12,United States,38792,Yunus Dimoara Musah,3377,Timothy Weah,Complete,17.226143,104.0,69.5,117.5,58.8
3857278,2022-11-29,Group Stage,Iran,1,22,14,United States,3377,Timothy Weah,8246,Christian Pulisic,Incomplete,8.778382,117.7,59.8,111.8,53.3
3857278,2022-11-29,Group Stage,Iran,1,22,25,United States,4614,Antonee Robinson,18242,Tim Ream,Complete,20.180435,58.9,2.7,45.4,17.7
3857278,2022-11-29,Group Stage,Iran,1,22,28,United States,18242,Tim Ream,12751,Tyler Adams,Complete,14.957606,40.3,21.6,50.1,32.9
3857278,2022-11-29,Group Stage,Iran,1,22,30,United States,12751,Tyler Adams,38792,Yunus Dimoara Musah,Complete,11.8207445,52.4,34.2,64.2,33.5
3857278,2022-11-29,Group Stage,Iran,1,22,32,United States,38792,Yunus Dimoara Musah,4614,Antonee Robinson,Incomplete,12.043256,68.5,30.5,75.5,20.7
3857278,2022-11-29,Group Stage,Iran,1,22,38,United States,21881,Sergino Dest,12751,Tyler Adams,Complete,10.29563,54.4,55.1,63.8,50.9
3857278,2022-11-29,Group Stage,Iran,1,22,40,United States,12751,Tyler Adams,38792,Yunus Dimoara Musah,Complete,9.264988,66.1,50.0,68.3,41.0
3857278,2022-11-29,Group Stage,Iran,1,22,44,United States,38792,Yunus Dimoara Musah,8526,Weston McKennie,Complete,21.760975,75.1,39.3,67.8,18.8
3857278,2022-11-29,Group Stage,Iran,1,22,51,United States,8526,Weston McKennie,8246,Christian Pulisic,Complete,13.509256,83.5,16.6,92.0,27.1
3857278,2022-11-29,Group Stage,Iran,1,22,53,United States,8246,Christian Pulisic,4614,Antonee Robinson,Complete,12.701574,91.2,15.6,86.5,3.8
3857278,2022-11-29,Group Stage,Iran,1,22,54,United States,4614,Antonee Robinson,18242,Tim Ream,Complete,24.233242,87.3,3.8,66.6,16.4
3857278,2022-11-29,Group Stage,Iran,1,22,57,United States,18242,Tim Ream,15971,Cameron Carter-Vickers,Complete,28.01446,64.4,19.2,65.3,47.2
3857278,2022-11-29,Group Stage,Iran,1,23,0,United States,15971,Cameron Carter-Vickers,38792,Yunus Dimoara Musah,Complete,17.944637,65.3,47.9,75.3,62.8
3857278,2022-11-29,Group Stage,Iran,1,23,4,United States,38792,Yunus Dimoara Musah,3377,Timothy Weah,Complete,10.241582,77.3,63.1,81.8,53.9
3857278,2022-11-29,Group Stage,Iran,1,23,5,United States,3377,Timothy Weah,22168,Joshua Sargent,Complete,9.848858,82.6,53.2,92.2,55.4
3857278,2022-11-29,Group Stage,Iran,1,23,6,United States,22168,Joshua Sargent,3377,Timothy Weah,Complete,8.091971,92.7,55.1,98.9,60.3
3857278,2022-11-29,Group Stage,Iran,1,23,55,United States,3377,Timothy Weah,38792,Yunus Dimoara Musah,Complete,11.490866,79.4,69.0,69.6,75.0
3857278,2022-11-29,Group Stage,Iran,1,24,0,United States,38792,Yunus Dimoara Musah,21881,Sergino Dest,Complete,15.925451,79.0,77.2,63.1,76.3
3857278,2022-11-29,Group Stage,Iran,1,24,2,United States,21881,Sergino Dest,12751,Tyler Adams,Complete,12.2,63.1,72.7,63.1,60.5
3857278,2022-11-29,Group Stage,Iran,1,24,3,United States,12751,Tyler Adams,8526,Weston McKennie,Complete,23.675304,63.4,58.6,67.0,35.2
3857278,2022-11-29,Group Stage,Iran,1,24,7,United States,8526,Weston McKennie,8246,Christian Pulisic,Complete,11.649893,70.4,42.1,81.8,39.7
3857278,2022-11-29,Group Stage,Iran,1,24,8,United States,8246,Christian Pulisic,8526,Weston McKennie,Complete,10.253292,81.8,39.7,74.5,32.5
3857278,2022-11-29,Group Stage,Iran,1,24,14,United States,8526,Weston McKennie,22168,Joshua Sargent,Complete,12.826535,85.8,36.3,98.4,38.7
3857278,2022-11-29,Group Stage,Iran,1,24,17,United States,22168,Joshua Sargent,8526,Weston McKennie,Complete,13.336416,92.9,36.3,95.4,49.4
3857278,2022-11-29,Group Stage,Iran,1,24,19,United States,8526,Weston McKennie,38792,Yunus Dimoara Musah,Out,29.226187,94.4,52.4,120.0,66.5
3857278,2022-11-29,Group Stage,Iran,1,25,11,United States,15971,Cameron Carter-Vickers,12352,Matthew Charles Turner,Complete,25.16446,11.6,73.7,2.6,50.2
3857278,2022-11-29,Group Stage,Iran,1,25,14,United States,12352,Matthew Charles Turner,18242,Tim Ream,Complete,25.013996,2.8,41.2,9.5,17.1
3857278,2022-11-29,Group Stage,Iran,1,25,22,United States,18242,Tim Ream,21881,Sergino Dest,Complete,53.481304,39.4,23.9,50.1,76.3
3857278,2022-11-29,Group Stage,Iran,1,25,27,United States,21881,Sergino Dest,38792,Yunus Dimoara Musah,Complete,31.435331,57.8,77.2,87.5,66.9
3857278,2022-11-29,Group Stage,Iran,1,25,31,United States,38792,Yunus Dimoara Musah,21881,Sergino Dest,Complete,4.5891175,82.2,73.1,81.3,77.6
3857278,2022-11-29,Group Stage,Iran,1,25,33,United States,21881,Sergino Dest,38792,Yunus Dimoara Musah,Complete,5.263079,85.4,77.0,80.3,75.7
3857278,2022-11-29,Group Stage,Iran,1,25,35,United States,38792,Yunus Dimoara Musah,3377,Timothy Weah,Complete,10.793516,85.0,74.2,93.3,67.3
3857278,2022-11-29,Group Stage,Iran,1,25,36,United States,3377,Timothy Weah,38792,Yunus Dimoara Musah,Complete,6.8014703,93.3,67.3,88.2,71.8
3857278,2022-11-29,Group Stage,Iran,1,25,38,United States,38792,Yunus Dimoara Musah,3377,Timothy Weah,Complete,8.062258,90.9,75.5,89.9,67.5
3857278,2022-11-29,Group Stage,Iran,1,25,41,United States,3377,Timothy Weah,21881,Sergino Dest,Complete,6.708204,93.1,71.0,96.1,77.0
3857278,2022-11-29,Group Stage,Iran,1,25,42,United States,21881,Sergino Dest,38792,Yunus Dimoara Musah,Complete,9.265528,96.1,77.0,86.9,75.9
3857278,2022-11-29,Group Stage,Iran,1,25,44,United States,38792,Yunus Dimoara Musah,12751,Tyler Adams,Complete,13.58823,86.2,74.0,76.2,64.8
3857278,2022-11-29,Group Stage,Iran,1,25,47,United States,12751,Tyler Adams,18242,Tim Ream,Complete,27.024803,74.9,57.9,69.6,31.4
3857278,2022-11-29,Group Stage,Iran,1,25,49,United States,18242,Tim Ream,8526,Weston McKennie,Complete,20.836987,69.8,27.8,83.5,12.1
3857278,2022-11-29,Group Stage,Iran,1,25,53,United States,8526,Weston McKennie,22168,Joshua Sargent,Complete,21.04305,90.7,11.7,108.7,22.6
3857278,2022-11-29,Group Stage,Iran,1,25,56,United States,22168,Joshua Sargent,8246,Christian Pulisic,Complete,11.6400175,110.6,18.3,99.1,20.1
3857278,2022-11-29,Group Stage,Iran,1,25,58,United States,8246,Christian Pulisic,4614,Antonee Robinson,Complete,12.592458,98.2,18.1,105.3,7.7
3857278,2022-11-29,Group Stage,Iran,1,26,0,United States,4614,Antonee Robinson,,,Incomplete,5.4,114.1,7.4,114.1,12.8
3857278,2022-11-29,Group Stage,Iran,1,26,35,United States,8246,Christian Pulisic,,,Incomplete,33.85159,120.0,0.1,116.8,33.8
3857278,2022-11-29,Group Stage,Iran,1,26,47,United States,38792,Yunus Dimoara Musah,12751,Tyler Adams,Complete,18.216476,54.8,69.9,36.8,67.1
3857278,2022-11-29,Group Stage,Iran,1,26,52,United States,12751,Tyler Adams,18242,Tim Ream,Complete,41.303993,33.4,74.0,37.5,32.9
3857278,2022-11-29,Group Stage,Iran,1,26,56,United States,18242,Tim Ream,8246,Christian Pulisic,Complete,30.082054,39.4,28.4,61.6,8.1
3857278,2022-11-29,Group Stage,Iran,1,27,6,United States,8246,Christian Pulisic,22168,Joshua Sargent,Complete,19.075901,80.7,26.9,99.7,28.6
3857278,2022-11-29,Group Stage,Iran,1,28,21,United States,18242,Tim Ream,12751,Tyler Adams,Complete,15.007332,15.2,16.9,25.3,28.0
3857278,2022-11-29,Group Stage,Iran,1,28,24,United States,12751,Tyler Adams,8526,Weston McKennie,Complete,19.71852,30.4,29.7,49.5,24.8
3857278,2022-11-29,Group Stage,Iran,1,28,36,United States,4614,Antonee Robinson,12751,Tyler Adams,Complete,14.024621,85.6,19.6,71.9,16.6
3857278,2022-11-29,Group Stage,Iran,1,28,39,United States,12751,Tyler Adams,15971,Cameron Carter-Vickers,Complete,41.95283,56.3,9.8,44.3,50.0
3857278,2022-11-29,Group Stage,Iran,1,28,47,United States,15971,Cameron Carter-Vickers,38792,Yunus Dimoara Musah,Complete,22.734335,56.7,68.4,51.8,46.2
3857278,2022-11-29,Group Stage,Iran,1,28,53,United States,38792,Yunus Dimoara Musah,4614,Antonee Robinson,Complete,20.920086,64.0,28.8,69.8,8.7
3857278,2022-11-29,Group Stage,Iran,1,28,56,United States,4614,Antonee Robinson,18242,Tim Ream,Complete,21.580084,69.6,8.3,56.7,25.6
3857278,2022-11-29,Group Stage,Iran,1,28,59,United States,18242,Tim Ream,15971,Cameron Carter-Vickers,Complete,28.071337,56.7,26.5,58.7,54.5
3857278,2022-11-29,Group Stage,Iran,1,29,7,United States,15971,Cameron Carter-Vickers,3377,Timothy Weah,Complete,6.3631754,80.7,70.3,86.2,73.5
3857278,2022-11-29,Group Stage,Iran,1,29,9,United States,3377,Timothy Weah,21881,Sergino Dest,Complete,5.517246,83.5,75.5,87.3,79.5
3857278,2022-11-29,Group Stage,Iran,1,29,19,United States,18242,Tim Ream,8526,Weston McKennie,Complete,16.468454,75.5,51.5,79.4,35.5
3857278,2022-11-29,Group Stage,Iran,1,29,21,United States,8526,Weston McKennie,4614,Antonee Robinson,Complete,30.443554,80.9,32.3,96.9,6.4
3857278,2022-11-29,Group Stage,Iran,1,29,27,United States,4614,Antonee Robinson,,,Incomplete,12.414508,117.9,15.1,117.3,27.5
3857278,2022-11-29,Group Stage,Iran,1,32,7,United States,12352,Matthew Charles Turner,18242,Tim Ream,Complete,13.678084,10.7,37.6,19.7,27.3
3857278,2022-11-29,Group Stage,Iran,1,32,13,United States,18242,Tim Ream,8526,Weston McKennie,Complete,15.838244,30.2,28.2,46.0,27.1
3857278,2022-11-29,Group Stage,Iran,1,32,17,United States,8526,Weston McKennie,21881,Sergino Dest,Complete,67.48303,46.5,29.9,92.9,78.9
3857278,2022-11-29,Group Stage,Iran,1,32,31,United States,21881,Sergino Dest,3377,Timothy Weah,Complete,10.317461,92.9,80.0,93.5,69.7
3857278,2022-11-29,Group Stage,Iran,1,32,32,United States,3377,Timothy Weah,21881,Sergino Dest,Complete,8.1024685,93.1,71.6,97.8,78.2
3857278,2022-11-29,Group Stage,Iran,1,32,34,United States,21881,Sergino Dest,12751,Tyler Adams,Complete,22.077137,97.6,77.0,79.2,64.8
3857278,2022-11-29,Group Stage,Iran,1,32,36,United States,12751,Tyler Adams,38792,Yunus Dimoara Musah,Complete,14.310835,79.2,64.8,85.6,77.6
3857278,2022-11-29,Group Stage,Iran,1,32,39,United States,38792,Yunus Dimoara Musah,21881,Sergino Dest,Complete,11.772,88.4,77.8,100.1,79.1
3857278,2022-11-29,Group Stage,Iran,1,32,41,United States,21881,Sergino Dest,,,Incomplete,5.8549123,103.8,78.9,104.6,73.1
3857278,2022-11-29,Group Stage,Iran,1,32,44,United States,22168,Joshua Sargent,3377,Timothy Weah,Complete,8.276473,116.8,55.8,108.7,54.1
3857278,2022-11-29,Group Stage,Iran,1,33,23,United States,21881,Sergino Dest,4614,Antonee Robinson,Complete,32.572994,42.2,44.2,52.2,13.2
3857278,2022-11-29,Group Stage,Iran,1,33,42,United States,12352,Matthew Charles Turner,18242,Tim Ream,Complete,11.884864,9.9,17.7,21.4,20.7
3857278,2022-11-29,Group Stage,Iran,1,33,45,United States,18242,Tim Ream,8526,Weston McKennie,Complete,18.55209,22.7,20.1,40.0,13.4
3857278,2022-11-29,Group Stage,Iran,1,33,48,United States,8526,Weston McKennie,8246,Christian Pulisic,Complete,16.933104,44.3,11.3,61.0,14.1
3857278,2022-11-29,Group Stage,Iran,1,33,55,United States,8246,Christian Pulisic,21881,Sergino Dest,Complete,53.46073,76.6,40.2,119.2,72.5
3857278,2022-11-29,Group Stage,Iran,1,34,33,United States,15971,Cameron Carter-Vickers,22168,Joshua Sargent,Incomplete,33.365402,47.1,68.2,77.7,54.9
3857278,2022-11-29,Group Stage,Iran,1,34,47,United States,18242,Tim Ream,12751,Tyler Adams,Complete,14.848569,43.5,11.1,50.3,24.3
3857278,2022-11-29,Group Stage,Iran,1,34,56,United States,12751,Tyler Adams,4614,Antonee Robinson,Complete,18.895767,67.8,22.8,72.1,4.4
3857278,2022-11-29,Group Stage,Iran,1,34,58,United States,4614,Antonee Robinson,12751,Tyler Adams,Complete,11.813974,73.2,8.3,64.6,16.4
3857278,2022-11-29,Group Stage,Iran,1,35,2,United States,12751,Tyler Adams,15971,Cameron Carter-Vickers,Complete,27.62354,66.8,20.3,53.3,44.4
3857278,2022-11-29,Group Stage,Iran,1,35,6,United States,15971,Cameron Carter-Vickers,38792,Yunus Dimoara Musah,Complete,26.403788,56.7,52.6,71.3,74.6
3857278,2022-11-29,Group Stage,Iran,1,35,7,United States,38792,Yunus Dimoara Musah,15971,Cameron Carter-Vickers,Complete,23.29485,71.3,74.6,55.7,57.3
3857278,2022-11-29,Group Stage,Iran,1,35,10,United States,15971,Cameron Carter-Vickers,38792,Yunus Dimoara Musah,Complete,24.36555,56.1,60.5,74.3,76.7
3857278,2022-11-29,Group Stage,Iran,1,35,13,United States,38792,Yunus Dimoara Musah,21881,Sergino Dest,Complete,11.921828,88.6,75.7,100.4,77.4
3857278,2022-11-29,Group Stage,Iran,1,35,16,United States,21881,Sergino Dest,,,Incomplete,7.18401,109.1,77.2,111.1,70.3
3857278,2022-11-29,Group Stage,Iran,1,35,57,United States,8246,Christian Pulisic,21881,Sergino Dest,Complete,34.557922,120.0,80.0,102.0,50.5
3857278,2022-11-29,Group Stage,Iran,1,36,7,United States,4614,Antonee Robinson,12751,Tyler Adams,Incomplete,5.3535037,65.9,79.3,61.4,76.4
3857278,2022-11-29,Group Stage,Iran,1,36,21,United States,12751,Tyler Adams,15971,Cameron Carter-Vickers,Complete,22.539965,46.0,80.0,23.8,76.1
3857278,2022-11-29,Group Stage,Iran,1,36,24,United States,15971,Cameron Carter-Vickers,18242,Tim Ream,Complete,32.876892,21.9,72.3,33.4,41.5
3857278,2022-11-29,Group Stage,Iran,1,36,33,United States,18242,Tim Ream,15971,Cameron Carter-Vickers,Complete,25.503922,55.7,25.0,58.0,50.4
3857278,2022-11-29,Group Stage,Iran,1,36,37,United States,15971,Cameron Carter-Vickers,4614,Antonee Robinson,Out,73.15524,65.5,54.1,120.0,5.3
3857278,2022-11-29,Group Stage,Iran,1,37,19,United States,38792,Yunus Dimoara Musah,12751,Tyler Adams,Complete,10.748954,42.8,62.6,35.1,55.1
3857278,2022-11-29,Group Stage,Iran,1,37,21,United States,12751,Tyler Adams,12352,Matthew Charles Turner,Complete,20.511948,27.2,41.5,6.7,40.8
3857278,2022-11-29,Group Stage,Iran,1,37,25,United States,12352,Matthew Charles Turner,3377,Timothy Weah,Complete,52.060062,3.5,47.9,52.2,66.3
3857278,2022-11-29,Group Stage,Iran,1,37,27,United States,3377,Timothy Weah,38792,Yunus Dimoara Musah,Complete,12.940248,51.4,65.8,47.7,78.2
3857278,2022-11-29,Group Stage,Iran,1,37,30,United States,38792,Yunus Dimoara Musah,21881,Sergino Dest,Complete,12.701574,45.8,74.0,45.6,61.3
3857278,2022-11-29,Group Stage,Iran,1,37,31,United States,21881,Sergino Dest,12751,Tyler Adams,Complete,8.895505,46.7,59.2,49.9,50.9
3857278,2022-11-29,Group Stage,Iran,1,37,39,United States,12751,Tyler Adams,4614,Antonee Robinson,Complete,23.717083,79.2,23.7,92.7,4.2
3857278,2022-11-29,Group Stage,Iran,1,37,42,United States,4614,Antonee Robinson,12751,Tyler Adams,Complete,13.182564,92.9,4.4,82.2,12.1
3857278,2022-11-29,Group Stage,Iran,1,37,44,United States,12751,Tyler Adams,8526,Weston McKennie,Complete,14.807093,82.6,14.1,79.6,28.6
3857278,2022-11-29,Group Stage,Iran,1,37,46,United States,8526,Weston McKennie,21881,Sergino Dest,Complete,43.166885,80.0,29.3,111.7,58.6
3857278,2022-11-29,Group Stage,Iran,1,37,48,United States,21881,Sergino Dest,8246,Christian Pulisic,Complete,20.188362,111.7,58.6,115.1,38.7
3857278,2022-11-29,Group Stage,Iran,1,41,20,United States,3377,Timothy Weah,22168,Joshua Sargent,Complete,16.790771,44.1,48.3,58.4,39.5
3857278,2022-11-29,Group Stage,Iran,1,41,22,United States,22168,Joshua Sargent,3377,Timothy Weah,Complete,5.27731,57.8,39.5,55.4,34.8
3857278,2022-11-29,Group Stage,Iran,1,41,24,United States,3377,Timothy Weah,8526,Weston McKennie,Complete,11.573245,64.2,20.7,62.9,9.2
3857278,2022-11-29,Group Stage,Iran,1,41,27,United States,8526,Weston McKennie,22168,Joshua Sargent,Complete,55.852036,66.8,16.6,104.4,57.9
3857278,2022-11-29,Group Stage,Iran,1,42,8,United States,4614,Antonee Robinson,8526,Weston McKennie,Complete,12.747549,103.6,0.1,112.1,9.6
3857278,2022-11-29,Group Stage,Iran,1,42,9,United States,8526,Weston McKennie,4614,Antonee Robinson,Incomplete,3.4234486,112.1,9.6,108.7,9.2
3857278,2022-11-29,Group Stage,Iran,1,43,29,United States,12352,Matthew Charles Turner,15971,Cameron Carter-Vickers,Complete,9.476286,12.9,44.9,19.5,51.7
3857278,2022-11-29,Group Stage,Iran,1,43,33,United States,15971,Cameron Carter-Vickers,38792,Yunus Dimoara Musah,Complete,13.831124,20.6,51.7,34.3,53.6
3857278,2022-11-29,Group Stage,Iran,1,44,6,United States,4614,Antonee Robinson,8246,Christian Pulisic,Incomplete,21.823381,20.4,8.1,40.5,16.6
3857278,2022-11-29,Group Stage,Iran,1,44,13,United States,12751,Tyler Adams,3377,Timothy Weah,Complete,11.6559,36.0,33.1,47.5,35.0
3857278,2022-11-29,Group Stage,Iran,1,44,14,United States,3377,Timothy Weah,12751,Tyler Adams,Complete,4.0,47.5,33.8,44.3,31.4
3857278,2022-11-29,Group Stage,Iran,1,44,16,United States,12751,Tyler Adams,22168,Joshua Sargent,Complete,38.62538,47.7,35.5,81.1,54.9
3857278,2022-11-29,Group Stage,Iran,1,44,21,United States,22168,Joshua Sargent,3377,Timothy Weah,Complete,4.5254836,100.4,45.7,103.6,48.9
3857278,2022-11-29,Group Stage,Iran,1,44,22,United States,3377,Timothy Weah,22168,Joshua Sargent,Incomplete,6.9123077,106.4,50.9,108.1,44.2
3857278,2022-11-29,Group Stage,Iran,1,46,16,United States,12352,Matthew Charles Turner,12751,Tyler Adams,Complete,22.058558,7.0,44.1,25.7,55.8
3857278,2022-11-29,Group Stage,Iran,1,46,20,United States,12751,Tyler Adams,8526,Weston McKennie,Complete,32.73912,31.7,50.4,44.1,20.1
3857278,2022-11-29,Group Stage,Iran,1,46,26,United States,8526,Weston McKennie,4614,Antonee Robinson,Incomplete,36.009026,68.3,19.2,104.2,22.0
3857278,2022-11-29,Group Stage,Iran,1,47,14,United States,4614,Antonee Robinson,8526,Weston McKennie,Incomplete,26.016918,74.7,0.1,96.5,14.3
3857278,2022-11-29,Group Stage,Iran,1,47,18,United States,8526,Weston McKennie,8246,Christian Pulisic,Incomplete,15.646086,95.2,18.3,110.8,17.1
3857278,2022-11-29,Group Stage,Iran,1,47,49,United States,21881,Sergino Dest,22168,Joshua Sargent,Incomplete,38.33171,69.6,80.0,107.0,71.6
3857278,2022-11-29,Group Stage,Iran,1,48,11,United States,15971,Cameron Carter-Vickers,21881,Sergino Dest,Complete,27.294687,50.7,74.0,77.7,78.0
3857278,2022-11-29,Group Stage,Iran,1,48,16,United States,21881,Sergino Dest,3377,Timothy Weah,Out,35.375275,87.1,78.0,120.0,65.0
3857278,2022-11-29,Group Stage,Iran,1,48,57,United States,15971,Cameron Carter-Vickers,18242,Tim Ream,Complete,28.600698,36.2,56.4,36.0,27.8
3857278,2022-11-29,Group Stage,Iran,1,49,0,United States,18242,Tim Ream,15971,Cameron Carter-Vickers,Complete,22.947767,36.4,27.8,33.8,50.6
3857278,2022-11-29,Group Stage,Iran,1,49,2,United States,15971,Cameron Carter-Vickers,12751,Tyler Adams,Complete,14.047064,30.2,45.5,42.6,38.9
3857278,2022-11-29,Group Stage,Iran,1,49,4,United States,12751,Tyler Adams,21881,Sergino Dest,Complete,36.440773,42.6,38.9,45.8,75.2
3857278,2022-11-29,Group Stage,Iran,1,49,9,United States,21881,Sergino Dest,12751,Tyler Adams,Complete,14.103191,57.2,77.8,56.9,63.7
3857278,2022-11-29,Group Stage,Iran,1,49,11,United States,12751,Tyler Adams,15971,Cameron Carter-Vickers,Complete,19.204166,53.3,67.1,34.1,67.5
3857278,2022-11-29,Group Stage,Iran,1,49,15,United States,15971,Cameron Carter-Vickers,12751,Tyler Adams,Complete,10.080178,34.9,63.7,40.9,71.8
3857278,2022-11-29,Group Stage,Iran,1,49,22,United States,12751,Tyler Adams,12352,Matthew Charles Turner,Complete,34.74162,41.1,70.5,18.4,44.2
3857278,2022-11-29,Group Stage,Iran,1,49,24,United States,12352,Matthew Charles Turner,18242,Tim Ream,Complete,25.536837,18.2,44.0,31.5,22.2
3857278,2022-11-29,Group Stage,Iran,1,49,27,United States,18242,Tim Ream,4614,Antonee Robinson,Incomplete,43.12969,32.3,21.1,74.7,13.2
3857278,2022-11-29,Group Stage,Iran,1,49,32,United States,38792,Yunus Dimoara Musah,22168,Joshua Sargent,Complete,10.604244,56.1,25.6,64.4,19.0
3857278,2022-11-29,Group Stage,Iran,1,49,33,United States,22168,Joshua Sargent,8246,Christian Pulisic,Complete,7.4249578,64.0,18.6,58.7,13.4
3857278,2022-11-29,Group Stage,Iran,1,49,34,United States,8246,Christian Pulisic,4614,Antonee Robinson,Complete,28.09306,58.7,13.2,85.6,5.1
3857278,2022-11-29,Group Stage,Iran,1,49,38,United States,4614,Antonee Robinson,,,Incomplete,26.38257,99.9,8.5,108.9,33.3
3857278,2022-11-29,Group Stage,Iran,1,49,44,United States,8246,Christian Pulisic,4614,Antonee Robinson,Incomplete,11.63615,117.5,24.1,111.9,13.9
3857278,2022-11-29,Group Stage,Iran,1,49,54,United States,3377,Timothy Weah,8246,Christian Pulisic,Complete,6.8007355,88.0,12.6,93.5,16.6
3857278,2022-11-29,Group Stage,Iran,1,49,55,United States,8246,Christian Pulisic,38792,Yunus Dimoara Musah,Complete,5.23259,93.9,15.8,98.6,18.1
3857278,2022-11-29,Group Stage,Iran,1,50,18,United States,12751,Tyler Adams,22168,Joshua Sargent,Complete,20.496342,65.7,16.9,82.8,28.2
3857278,2022-11-29,Group Stage,Iran,1,50,19,United States,22168,Joshua Sargent,8526,Weston McKennie,Complete,12.300406,83.2,28.2,93.1,20.9
3857278,2022-11-29,Group Stage,Iran,1,50,21,United States,8526,Weston McKennie,4614,Antonee Robinson,Complete,17.392527,90.7,20.5,100.6,6.2
3857278,2022-11-29,Group Stage,Iran,1,50,22,United States,4614,Antonee Robinson,22168,Joshua Sargent,Complete,21.200235,100.6,6.2,113.4,23.1
3857278,2022-11-29,Group Stage,Iran,1,50,30,United States,22168,Joshua Sargent,8246,Christian Pulisic,Complete,15.783536,112.3,8.7,96.7,11.1
3857278,2022-11-29,Group Stage,Iran,1,50,33,United States,8246,Christian Pulisic,21881,Sergino Dest,Incomplete,48.349766,97.5,12.1,114.4,57.4
3857278,2022-11-29,Group Stage,Iran,1,50,50,United States,15971,Cameron Carter-Vickers,12352,Matthew Charles Turner,Complete,34.838196,33.8,74.6,10.5,48.7
3857278,2022-11-29,Group Stage,Iran,1,50,54,United States,12352,Matthew Charles Turner,15971,Cameron Carter-Vickers,Complete,12.701181,10.3,45.9,15.9,57.3
3857278,2022-11-29,Group Stage,Iran,1,50,57,United States,15971,Cameron Carter-Vickers,12352,Matthew Charles Turner,Complete,17.813759,15.9,59.0,9.7,42.3
3857278,2022-11-29,Group Stage,Iran,1,51,0,United States,12352,Matthew Charles Turner,8526,Weston McKennie,Complete,33.639412,11.0,37.0,44.1,31.0
3857278,2022-11-29,Group Stage,Iran,1,51,6,United States,8526,Weston McKennie,3377,Timothy Weah,Pass Offside,41.501926,63.6,27.3,105.1,26.9
3857278,2022-11-29,Group Stage,Iran,2,45,0,United States,22168,Joshua Sargent,18242,Tim Ream,Complete,21.639086,60.0,40.0,38.9,35.2
3857278,2022-11-29,Group Stage,Iran,2,45,2,United States,18242,Tim Ream,8526,Weston McKennie,Complete,17.715813,38.5,32.9,45.2,16.5
3857278,2022-11-29,Group Stage,Iran,2,45,7,United States,8526,Weston McKennie,15971,Cameron Carter-Vickers,Complete,38.326233,45.6,19.6,38.7,57.3
3857278,2022-11-29,Group Stage,Iran,2,45,12,United States,15971,Cameron Carter-Vickers,12751,Tyler Adams,Complete,11.947385,47.6,61.7,56.9,54.2
3857278,2022-11-29,Group Stage,Iran,2,45,14,United States,12751,Tyler Adams,18242,Tim Ream,Complete,22.826519,56.9,53.7,37.3,42.0
3857278,2022-11-29,Group Stage,Iran,2,45,16,United States,18242,Tim Ream,12352,Matthew Charles Turner,Complete,21.194574,34.9,42.0,13.8,44.0
3857278,2022-11-29,Group Stage,Iran,2,45,18,United States,12352,Matthew Charles Turner,22168,Joshua Sargent,Complete,77.6393,13.8,44.0,89.3,25.9
3857278,2022-11-29,Group Stage,Iran,2,45,49,United States,38792,Yunus Dimoara Musah,24243,Brenden Aaronson,Incomplete,42.03546,70.0,49.9,94.3,15.6
3857278,2022-11-29,Group Stage,Iran,2,46,14,United States,12751,Tyler Adams,8526,Weston McKennie,Complete,18.309834,14.2,26.0,29.2,15.5
3857278,2022-11-29,Group Stage,Iran,2,46,20,United States,8526,Weston McKennie,22168,Joshua Sargent,Complete,17.434736,48.4,25.6,65.8,24.5
3857278,2022-11-29,Group Stage,Iran,2,46,22,United States,22168,Joshua Sargent,12751,Tyler Adams,Complete,17.301155,64.1,23.0,64.3,5.7
3857278,2022-11-29,Group Stage,Iran,2,46,28,United States,12751,Tyler Adams,24243,Brenden Aaronson,Complete,6.0008335,74.9,13.6,77.3,8.1
3857278,2022-11-29,Group Stage,Iran,2,46,29,United States,24243,Brenden Aaronson,4614,Antonee Robinson,Complete,21.43945,77.3,8.5,55.9,7.2
3857278,2022-11-29,Group Stage,Iran,2,46,32,United States,4614,Antonee Robinson,15971,Cameron Carter-Vickers,Complete,40.697052,57.6,9.1,50.1,49.1
3857278,2022-11-29,Group Stage,Iran,2,46,36,United States,15971,Cameron Carter-Vickers,18242,Tim Ream,Complete,16.440195,49.8,48.9,52.6,32.7
3857278,2022-11-29,Group Stage,Iran,2,46,40,United States,18242,Tim Ream,24243,Brenden Aaronson,Complete,19.104973,56.9,25.8,75.9,23.8
3857278,2022-11-29,Group Stage,Iran,2,46,42,United States,24243,Brenden Aaronson,22168,Joshua Sargent,Complete,29.567719,80.5,23.2,110.0,25.2
3857278,2022-11-29,Group Stage,Iran,2,47,14,United States,38792,Yunus Dimoara Musah,12751,Tyler Adams,Complete,12.4903965,75.8,67.5,74.3,55.1
3857278,2022-11-29,Group Stage,Iran,2,47,17,United States,12751,Tyler Adams,24243,Brenden Aaronson,Complete,20.110197,70.5,52.9,81.4,36.0
3857278,2022-11-29,Group Stage,Iran,2,47,20,United States,24243,Brenden Aaronson,3377,Timothy Weah,Complete,18.815153,90.0,32.8,99.9,48.8
3857278,2022-11-29,Group Stage,Iran,2,47,21,United States,3377,Timothy Weah,38792,Yunus Dimoara Musah,Complete,10.1242285,99.9,48.8,96.4,58.3
3857278,2022-11-29,Group Stage,Iran,2,47,23,United States,38792,Yunus Dimoara Musah,3377,Timothy Weah,Incomplete,4.2190046,96.4,58.3,100.6,57.9
3857278,2022-11-29,Group Stage,Iran,2,47,26,United States,12751,Tyler Adams,21881,Sergino Dest,Complete,10.78981,79.4,63.1,85.5,72.0
3857278,2022-11-29,Group Stage,Iran,2,47,30,United States,21881,Sergino Dest,12751,Tyler Adams,Complete,10.6794195,85.8,72.1,75.2,73.4
3857278,2022-11-29,Group Stage,Iran,2,47,31,United States,12751,Tyler Adams,15971,Cameron Carter-Vickers,Complete,18.1648,74.5,74.3,57.5,67.9
3857278,2022-11-29,Group Stage,Iran,2,47,34,United States,15971,Cameron Carter-Vickers,18242,Tim Ream,Complete,26.797762,51.5,62.5,56.1,36.1
3857278,2022-11-29,Group Stage,Iran,2,47,40,United States,18242,Tim Ream,12751,Tyler Adams,Complete,32.94374,63.5,23.0,67.5,55.7
3857278,2022-11-29,Group Stage,Iran,2,47,43,United States,12751,Tyler Adams,21881,Sergino Dest,Complete,29.162476,67.5,63.3,93.8,75.9
3857278,2022-11-29,Group Stage,Iran,2,47,48,United States,21881,Sergino Dest,12751,Tyler Adams,Complete,16.422241,98.1,73.0,82.1,69.3
3857278,2022-11-29,Group Stage,Iran,2,47,51,United States,12751,Tyler Adams,4614,Antonee Robinson,Complete,59.988415,82.3,66.1,101.3,9.2
3857278,2022-11-29,Group Stage,Iran,2,47,56,United States,4614,Antonee Robinson,38792,Yunus Dimoara Musah,Complete,12.348279,88.9,4.6,77.7,9.8
3857278,2022-11-29,Group Stage,Iran,2,47,58,United States,38792,Yunus Dimoara Musah,24243,Brenden Aaronson,Complete,13.612494,78.8,12.0,92.1,14.9
3857278,2022-11-29,Group Stage,Iran,2,47,59,United States,24243,Brenden Aaronson,4614,Antonee Robinson,Complete,26.680704,91.0,15.9,117.5,12.8
3857278,2022-11-29,Group Stage,Iran,2,48,2,United States,4614,Antonee Robinson,,,Incomplete,6.4280634,117.8,13.5,117.2,19.9
3857278,2022-11-29,Group Stage,Iran,2,48,38,United States,24243,Brenden Aaronson,,,Incomplete,32.76843,120.0,0.1,115.1,32.5
3857278,2022-11-29,Group Stage,Iran,2,49,18,United States,12751,Tyler Adams,18242,Tim Ream,Complete,18.609674,33.2,38.8,33.8,20.2
3857278,2022-11-29,Group Stage,Iran,2,49,24,United States,18242,Tim Ream,8526,Weston McKennie,Complete,16.709278,38.5,19.7,49.7,32.1
3857278,2022-11-29,Group Stage,Iran,2,49,25,United States,8526,Weston McKennie,18242,Tim Ream,Complete,18.291254,49.7,32.4,41.6,16.0
3857278,2022-11-29,Group Stage,Iran,2,49,28,United States,18242,Tim Ream,4614,Antonee Robinson,Complete,17.35108,41.6,16.7,52.5,3.2
3857278,2022-11-29,Group Stage,Iran,2,49,31,United States,4614,Antonee Robinson,8526,Weston McKennie,Complete,8.364807,59.0,14.9,55.1,22.3
3857278,2022-11-29,Group Stage,Iran,2,49,32,United States,8526,Weston McKennie,4614,Antonee Robinson,Complete,10.008996,54.2,23.1,63.5,26.8
3857278,2022-11-29,Group Stage,Iran,2,49,33,United States,4614,Antonee Robinson,,,Incomplete,4.7201695,63.5,26.8,66.3,30.6
3857278,2022-11-29,Group Stage,Iran,2,49,39,United States,12352,Matthew Charles Turner,21881,Sergino Dest,Complete,34.573112,14.9,51.1,45.6,67.0
3857278,2022-11-29,Group Stage,Iran,2,49,45,United States,21881,Sergino Dest,22168,Joshua Sargent,Complete,22.961054,70.5,74.7,84.1,56.2
3857278,2022-11-29,Group Stage,Iran,2,50,1,United States,15971,Cameron Carter-Vickers,12751,Tyler Adams,Complete,6.530697,35.7,52.2,38.5,58.1
3857278,2022-11-29,Group Stage,Iran,2,50,2,United States,12751,Tyler Adams,8526,Weston McKennie,Complete,10.932978,38.5,57.3,40.2,46.5
3857278,2022-11-29,Group Stage,Iran,2,50,3,United States,8526,Weston McKennie,3377,Timothy Weah,Complete,9.617692,42.4,48.8,51.1,52.9
3857278,2022-11-29,Group Stage,Iran,2,50,4,United States,3377,Timothy Weah,38792,Yunus Dimoara Musah,Incomplete,8.64523,51.1,52.6,57.6,58.3
3857278,2022-11-29,Group Stage,Iran,2,50,41,United States,15971,Cameron Carter-Vickers,12751,Tyler Adams,Incomplete,12.244183,28.1,55.7,37.7,63.3
3857278,2022-11-29,Group Stage,Iran,2,51,34,United States,12352,Matthew Charles Turner,15971,Cameron Carter-Vickers,Complete,19.250975,6.0,36.0,7.4,55.2
3857278,2022-11-29,Group Stage,Iran,2,51,36,United States,15971,Cameron Carter-Vickers,12751,Tyler Adams,Complete,22.210358,8.8,54.8,24.9,39.5
3857278,2022-11-29,Group Stage,Iran,2,51,39,United States,12751,Tyler Adams,38792,Yunus Dimoara Musah,Complete,16.636406,24.1,41.5,39.0,48.9
3857278,2022-11-29,Group Stage,Iran,2,51,42,United States,38792,Yunus Dimoara Musah,4614,Antonee Robinson,Complete,45.461193,52.5,49.7,68.9,7.3
3857278,2022-11-29,Group Stage,Iran,2,51,47,United States,4614,Antonee Robinson,24243,Brenden Aaronson,Out,32.045593,88.6,17.4,120.0,11.0
3857278,2022-11-29,Group Stage,Iran,2,52,34,United States,18242,Tim Ream,24243,Brenden Aaronson,Complete,27.360739,38.8,18.3,65.7,13.3
3857278,2022-11-29,Group Stage,Iran,2,53,22,United States,4614,Antonee Robinson,22168,Joshua Sargent,Incomplete,31.269953,40.6,0.1,71.6,4.2
3857278,2022-11-29,Group Stage,Iran,2,53,29,United States,22168,Joshua Sargent,21881,Sergino Dest,Complete,29.592567,77.2,29.3,84.8,57.9
3857278,2022-11-29,Group Stage,Iran,2,53,34,United States,21881,Sergino Dest,3377,Timothy Weah,Incomplete,2.6683328,102.1,52.5,104.7,51.9
3857278,2022-11-29,Group Stage,Iran,2,54,33,United States,12352,Matthew Charles Turner,18242,Tim Ream,Complete,12.488795,5.5,39.2,10.6,27.8
3857278,2022-11-29,Group Stage,Iran,2,54,36,United States,18242,Tim Ream,15971,Cameron Carter-Vickers,Complete,24.477337,11.3,26.9,3.8,50.2
3857278,2022-11-29,Group Stage,Iran,2,54,41,United States,15971,Cameron Carter-Vickers,18242,Tim Ream,Complete,21.505814,12.0,50.1,11.5,28.6
3857278,2022-11-29,Group Stage,Iran,2,54,44,United States,18242,Tim Ream,4614,Antonee Robinson,Complete,30.511965,14.2,23.2,37.5,3.5
3857278,2022-11-29,Group Stage,Iran,2,54,48,United States,4614,Antonee Robinson,18242,Tim Ream,Complete,18.886238,38.4,3.5,24.7,16.5
3857278,2022-11-29,Group Stage,Iran,2,54,51,United States,18242,Tim Ream,12751,Tyler Adams,Complete,14.921461,24.7,16.5,39.6,17.3
3857278,2022-11-29,Group Stage,Iran,2,54,55,United States,12751,Tyler Adams,15971,Cameron Carter-Vickers,Complete,33.47312,36.6,20.6,33.2,53.9
3857278,2022-11-29,Group Stage,Iran,2,54,58,United States,15971,Cameron Carter-Vickers,38792,Yunus Dimoara Musah,Complete,12.586501,33.2,53.9,45.1,49.8
3857278,2022-11-29,Group Stage,Iran,2,55,2,United States,38792,Yunus Dimoara Musah,21881,Sergino Dest,Complete,9.414882,45.4,66.7,43.4,75.9
3857278,2022-11-29,Group Stage,Iran,2,55,5,United States,21881,Sergino Dest,15971,Cameron Carter-Vickers,Complete,15.720369,34.6,71.3,18.9,72.1
3857278,2022-11-29,Group Stage,Iran,2,55,7,United States,15971,Cameron Carter-Vickers,12352,Matthew Charles Turner,Complete,30.506393,19.8,71.5,5.6,44.5
3857278,2022-11-29,Group Stage,Iran,2,55,10,United States,12352,Matthew Charles Turner,18242,Tim Ream,Complete,24.149948,6.0,44.3,18.1,23.4
3857278,2022-11-29,Group Stage,Iran,2,55,21,United States,18242,Tim Ream,8526,Weston McKennie,Complete,23.509148,53.8,11.4,75.6,2.6
3857278,2022-11-29,Group Stage,Iran,2,55,26,United States,8526,Weston McKennie,24243,Brenden Aaronson,Complete,18.852057,96.0,6.3,110.2,18.7
3857278,2022-11-29,Group Stage,Iran,2,55,30,United States,24243,Brenden Aaronson,,,Incomplete,1.5231546,117.4,23.3,116.8,24.7
3857278,2022-11-29,Group Stage,Iran,2,56,2,United States,24243,Brenden Aaronson,,,Incomplete,43.09768,120.0,0.1,117.1,43.1
3857278,2022-11-29,Group Stage,Iran,2,56,49,United States,24243,Brenden Aaronson,,,Incomplete,32.00906,120.0,80.0,113.3,48.7
3857278,2022-11-29,Group Stage,Iran,2,56,58,United States,8526,Weston McKennie,12751,Tyler Adams,Complete,6.551336,80.8,11.7,74.4,13.1
3857278,2022-11-29,Group Stage,Iran,2,56,59,United States,12751,Tyler Adams,8526,Weston McKennie,Complete,8.062258,73.5,11.4,80.5,7.4
3857278,2022-11-29,Group Stage,Iran,2,57,0,United States,8526,Weston McKennie,4614,Antonee Robinson,Complete,28.62464,80.9,6.3,53.0,12.7
3857278,2022-11-29,Group Stage,Iran,2,57,7,United States,4614,Antonee Robinson,12352,Matthew Charles Turner,Complete,38.803223,50.2,15.6,17.7,36.8
3857278,2022-11-29,Group Stage,Iran,2,57,10,United States,12352,Matthew Charles Turner,18242,Tim Ream,Complete,18.625252,17.7,36.8,27.4,20.9
3857278,2022-11-29,Group Stage,Iran,2,57,12,United States,18242,Tim Ream,12352,Matthew Charles Turner,Complete,21.560148,27.9,16.7,14.9,33.9
3857278,2022-11-29,Group Stage,Iran,2,57,16,United States,12352,Matthew Charles Turner,3377,Timothy Weah,Complete,108.954346,14.7,37.8,117.5,73.9
3857278,2022-11-29,Group Stage,Iran,2,58,13,United States,15971,Cameron Carter-Vickers,12751,Tyler Adams,Complete,45.924503,23.2,67.9,24.7,22.0
3857278,2022-11-29,Group Stage,Iran,2,58,16,United States,12751,Tyler Adams,18242,Tim Ream,Complete,10.016986,29.7,19.3,20.0,21.8
3857278,2022-11-29,Group Stage,Iran,2,58,19,United States,18242,Tim Ream,15971,Cameron Carter-Vickers,Complete,22.874002,20.0,22.5,14.1,44.6
3857278,2022-11-29,Group Stage,Iran,2,58,21,United States,15971,Cameron Carter-Vickers,21881,Sergino Dest,Complete,29.429237,16.3,49.7,31.5,74.9
3857278,2022-11-29,Group Stage,Iran,2,58,25,United States,21881,Sergino Dest,38792,Yunus Dimoara Musah,Incomplete,3.765634,32.0,73.4,35.7,72.7
3857278,2022-11-29,Group Stage,Iran,2,58,36,United States,21881,Sergino Dest,38792,Yunus Dimoara Musah,Complete,12.764012,36.2,80.0,46.6,72.6
3857278,2022-11-29,Group Stage,Iran,2,58,37,United States,38792,Yunus Dimoara Musah,21881,Sergino Dest,Complete,7.48131,46.6,72.7,39.2,73.8
3857278,2022-11-29,Group Stage,Iran,2,58,41,United States,21881,Sergino Dest,22168,Joshua Sargent,Complete,23.926971,50.4,67.7,68.1,51.6
3857278,2022-11-29,Group Stage,Iran,2,59,12,United States,12751,Tyler Adams,3377,Timothy Weah,Complete,6.5734315,18.7,65.3,25.1,63.8
3857278,2022-11-29,Group Stage,Iran,2,59,16,United States,3377,Timothy Weah,8526,Weston McKennie,Complete,6.8066144,26.4,58.0,26.1,51.2
3857278,2022-11-29,Group Stage,Iran,2,59,44,United States,18242,Tim Ream,15971,Cameron Carter-Vickers,Complete,32.409874,44.7,25.5,37.5,57.1
3857278,2022-11-29,Group Stage,Iran,2,59,46,United States,15971,Cameron Carter-Vickers,38792,Yunus Dimoara Musah,Complete,12.45793,38.4,56.1,47.6,64.5
3857278,2022-11-29,Group Stage,Iran,2,59,48,United States,38792,Yunus Dimoara Musah,18242,Tim Ream,Complete,30.87167,48.1,61.3,39.0,31.8
3857278,2022-11-29,Group Stage,Iran,2,59,54,United States,18242,Tim Ream,8526,Weston McKennie,Complete,15.0,56.7,15.2,65.7,3.2
3857278,2022-11-29,Group Stage,Iran,2,59,59,United States,8526,Weston McKennie,12751,Tyler Adams,Complete,10.049875,73.7,6.3,68.5,14.9
3857278,2022-11-29,Group Stage,Iran,2,60,1,United States,12751,Tyler Adams,18242,Tim Ream,Complete,15.9890585,68.4,14.9,53.5,9.1
3857278,2022-11-29,Group Stage,Iran,2,60,2,United States,18242,Tim Ream,12751,Tyler Adams,Complete,13.32704,54.3,10.0,66.2,16.0
3857278,2022-11-29,Group Stage,Iran,2,60,5,United States,12751,Tyler Adams,8526,Weston McKennie,Complete,18.322117,67.0,18.8,85.3,19.7
3857278,2022-11-29,Group Stage,Iran,2,60,6,United States,8526,Weston McKennie,4614,Antonee Robinson,Complete,13.080137,88.5,21.9,96.3,11.4
3857278,2022-11-29,Group Stage,Iran,2,60,30,United States,4614,Antonee Robinson,22168,Joshua Sargent,Complete,11.384639,87.8,0.1,92.2,10.6
3857278,2022-11-29,Group Stage,Iran,2,60,31,United States,22168,Joshua Sargent,8526,Weston McKennie,Incomplete,7.017834,92.2,10.6,98.1,6.8
3857278,2022-11-29,Group Stage,Iran,2,61,52,United States,21881,Sergino Dest,22168,Joshua Sargent,Complete,15.572412,90.6,80.0,98.7,66.7
3857278,2022-11-29,Group Stage,Iran,2,61,53,United States,22168,Joshua Sargent,21881,Sergino Dest,Complete,9.78366,99.1,66.6,91.7,73.0
3857278,2022-11-29,Group Stage,Iran,2,61,57,United States,21881,Sergino Dest,3377,Timothy Weah,Complete,7.3824115,99.5,57.6,92.2,58.7
3857278,2022-11-29,Group Stage,Iran,2,61,59,United States,3377,Timothy Weah,22168,Joshua Sargent,Complete,19.550959,93.5,58.7,103.5,75.5
3857278,2022-11-29,Group Stage,Iran,2,62,1,United States,22168,Joshua Sargent,38792,Yunus Dimoara Musah,Complete,7.5272837,102.8,73.5,100.3,66.4
3857278,2022-11-29,Group Stage,Iran,2,62,2,United States,38792,Yunus Dimoara Musah,22168,Joshua Sargent,Complete,8.492938,99.5,66.6,97.7,74.9
3857278,2022-11-29,Group Stage,Iran,2,62,5,United States,22168,Joshua Sargent,15971,Cameron Carter-Vickers,Complete,26.043234,86.7,74.5,60.7,73.0
3857278,2022-11-29,Group Stage,Iran,2,62,11,United States,15971,Cameron Carter-Vickers,12352,Matthew Charles Turner,Complete,28.345194,42.8,64.3,27.1,40.7
3857278,2022-11-29,Group Stage,Iran,2,62,13,United States,12352,Matthew Charles Turner,18242,Tim Ream,Complete,17.438463,27.1,39.3,33.8,23.2
3857278,2022-11-29,Group Stage,Iran,2,62,22,United States,18242,Tim Ream,,,Incomplete,8.6977005,68.7,35.0,74.8,41.2
3857278,2022-11-29,Group Stage,Iran,2,62,25,United States,18242,Tim Ream,4614,Antonee Robinson,Complete,44.215042,70.8,28.6,107.2,3.5
3857278,2022-11-29,Group Stage,Iran,2,64,51,United States,18242,Tim Ream,12352,Matthew Charles Turner,Complete,8.527602,12.3,30.0,6.9,36.6
3857278,2022-11-29,Group Stage,Iran,2,64,55,United States,12352,Matthew Charles Turner,21881,Sergino Dest,Complete,50.18067,6.9,43.2,45.8,74.9
3857278,2022-11-29,Group Stage,Iran,2,64,58,United States,21881,Sergino Dest,3377,Timothy Weah,Incomplete,38.61567,45.8,74.9,84.4,73.8
3857278,2022-11-29,Group Stage,Iran,2,65,21,United States,21881,Sergino Dest,38792,Yunus Dimoara Musah,Complete,11.524756,51.9,65.0,57.8,74.9
3857278,2022-11-29,Group Stage,Iran,2,65,25,United States,38792,Yunus Dimoara Musah,15971,Cameron Carter-Vickers,Complete,22.193918,47.9,69.2,26.0,65.6
3857278,2022-11-29,Group Stage,Iran,2,65,30,United States,15971,Cameron Carter-Vickers,12352,Matthew Charles Turner,Complete,29.643887,38.5,62.2,14.5,44.8
3857278,2022-11-29,Group Stage,Iran,2,65,33,United States,12352,Matthew Charles Turner,4614,Antonee Robinson,Complete,49.531605,19.1,44.2,55.4,10.5
3857278,2022-11-29,Group Stage,Iran,2,65,36,United States,4614,Antonee Robinson,,,Incomplete,1.3152946,56.2,10.0,57.5,10.2
3857278,2022-11-29,Group Stage,Iran,2,65,57,United States,4614,Antonee Robinson,13035,Kellyn Kai Perry-Acosta,Complete,6.8014703,56.6,0.1,61.7,4.6
3857278,2022-11-29,Group Stage,Iran,2,65,58,United States,13035,Kellyn Kai Perry-Acosta,4614,Antonee Robinson,Complete,7.7369246,62.2,5.4,55.3,1.9
3857278,2022-11-29,Group Stage,Iran,2,65,59,United States,4614,Antonee Robinson,21881,Sergino Dest,Complete,44.22895,55.3,2.4,56.9,46.6
3857278,2022-11-29,Group Stage,Iran,2,66,3,United States,21881,Sergino Dest,38792,Yunus Dimoara Musah,Incomplete,11.128792,57.9,49.0,65.2,40.6
3857278,2022-11-29,Group Stage,Iran,2,66,22,United States,21881,Sergino Dest,12352,Matthew Charles Turner,Complete,17.098831,4.6,71.7,2.0,54.8
3857278,2022-11-29,Group Stage,Iran,2,66,24,United States,12352,Matthew Charles Turner,3377,Timothy Weah,Unknown,56.54326,2.2,54.8,55.7,73.1
3857278,2022-11-29,Group Stage,Iran,2,66,54,United States,21881,Sergino Dest,24243,Brenden Aaronson,Complete,44.618942,57.0,72.4,91.9,44.6
3857278,2022-11-29,Group Stage,Iran,2,71,9,United States,12352,Matthew Charles Turner,18242,Tim Ream,Complete,11.510864,6.0,36.0,13.3,27.1
3857278,2022-11-29,Group Stage,Iran,2,71,13,United States,18242,Tim Ream,15971,Cameron Carter-Vickers,Complete,29.633934,14.7,25.7,9.1,54.8
3857278,2022-11-29,Group Stage,Iran,2,71,16,United States,15971,Cameron Carter-Vickers,18242,Tim Ream,Complete,24.939327,9.5,50.8,10.9,25.9
3857278,2022-11-29,Group Stage,Iran,2,71,23,United States,18242,Tim Ream,22168,Joshua Sargent,Complete,45.72144,25.5,7.3,71.2,5.9
3857278,2022-11-29,Group Stage,Iran,2,71,27,United States,22168,Joshua Sargent,24243,Brenden Aaronson,Complete,8.949861,71.2,5.6,62.5,3.5
3857278,2022-11-29,Group Stage,Iran,2,71,29,United States,24243,Brenden Aaronson,12751,Tyler Adams,Complete,11.813974,63.4,4.2,55.3,12.8
3857278,2022-11-29,Group Stage,Iran,2,71,30,United States,12751,Tyler Adams,4614,Antonee Robinson,Complete,16.164467,55.3,12.8,42.6,2.8
3857278,2022-11-29,Group Stage,Iran,2,71,33,United States,4614,Antonee Robinson,12352,Matthew Charles Turner,Complete,45.548435,40.3,3.2,7.4,34.7
3857278,2022-11-29,Group Stage,Iran,2,71,36,United States,12352,Matthew Charles Turner,15971,Cameron Carter-Vickers,Complete,30.119926,8.8,34.9,23.3,61.3
3857278,2022-11-29,Group Stage,Iran,2,71,42,United States,15971,Cameron Carter-Vickers,3377,Timothy Weah,Complete,43.35816,27.8,62.1,69.1,75.3
3857278,2022-11-29,Group Stage,Iran,2,72,6,United States,21881,Sergino Dest,22168,Joshua Sargent,Incomplete,26.829275,69.4,80.0,95.3,73.0
3857278,2022-11-29,Group Stage,Iran,2,72,14,United States,22168,Joshua Sargent,21881,Sergino Dest,Complete,5.903389,105.5,68.8,108.1,74.1
3857278,2022-11-29,Group Stage,Iran,2,72,39,United States,12751,Tyler Adams,38792,Yunus Dimoara Musah,Incomplete,7.071068,69.4,70.5,75.6,73.9
3857278,2022-11-29,Group Stage,Iran,2,72,41,United States,21881,Sergino Dest,13035,Kellyn Kai Perry-Acosta,Complete,8.989994,69.4,65.8,65.5,57.7
3857278,2022-11-29,Group Stage,Iran,2,72,42,United States,13035,Kellyn Kai Perry-Acosta,18242,Tim Ream,Complete,15.840454,64.5,57.2,50.1,50.6
3857278,2022-11-29,Group Stage,Iran,2,72,45,United States,18242,Tim Ream,38792,Yunus Dimoara Musah,Complete,32.283276,49.7,48.4,68.7,74.5
3857278,2022-11-29,Group Stage,Iran,2,72,47,United States,38792,Yunus Dimoara Musah,21881,Sergino Dest,Complete,10.335376,69.5,74.5,74.4,65.4
3857278,2022-11-29,Group Stage,Iran,2,72,51,United States,21881,Sergino Dest,18242,Tim Ream,Complete,24.300205,68.5,56.1,54.0,36.6
3857278,2022-11-29,Group Stage,Iran,2,72,58,United States,18242,Tim Ream,24243,Brenden Aaronson,Complete,12.955308,67.0,13.7,79.8,11.7
3857278,2022-11-29,Group Stage,Iran,2,73,12,United States,4614,Antonee Robinson,12352,Matthew Charles Turner,Complete,20.56502,17.0,13.3,3.6,28.9
3857278,2022-11-29,Group Stage,Iran,2,73,14,United States,12352,Matthew Charles Turner,22168,Joshua Sargent,Incomplete,52.50238,3.3,28.4,55.8,28.9
3857278,2022-11-29,Group Stage,Iran,2,73,19,United States,13035,Kellyn Kai Perry-Acosta,22168,Joshua Sargent,Complete,14.202112,43.3,26.2,55.6,19.1
3857278,2022-11-29,Group Stage,Iran,2,76,8,United States,38792,Yunus Dimoara Musah,4614,Antonee Robinson,Complete,10.394229,20.9,32.9,18.9,22.7
3857278,2022-11-29,Group Stage,Iran,2,76,10,United States,4614,Antonee Robinson,24243,Brenden Aaronson,Complete,36.28567,18.9,19.7,52.5,6.0
3857278,2022-11-29,Group Stage,Iran,2,77,11,United States,4614,Antonee Robinson,3377,Timothy Weah,Incomplete,63.96577,63.1,3.4,85.0,63.5
3857278,2022-11-29,Group Stage,Iran,2,78,34,United States,4614,Antonee Robinson,22008,Haji Wright,Incomplete,22.494888,37.4,0.1,57.5,10.2
3857278,2022-11-29,Group Stage,Iran,2,79,31,United States,12352,Matthew Charles Turner,24243,Brenden Aaronson,Incomplete,90.81344,6.0,36.0,93.8,12.8
3857278,2022-11-29,Group Stage,Iran,2,81,45,United States,12352,Matthew Charles Turner,38792,Yunus Dimoara Musah,Complete,34.67117,8.7,43.8,35.9,65.3
3857278,2022-11-29,Group Stage,Iran,2,83,36,United States,12352,Matthew Charles Turner,22008,Haji Wright,Incomplete,57.915886,16.4,39.2,73.3,28.4
3857278,2022-11-29,Group Stage,Iran,2,83,44,United States,12751,Tyler Adams,13035,Kellyn Kai Perry-Acosta,Incomplete,12.384264,56.3,23.8,65.4,15.4
3857278,2022-11-29,Group Stage,Iran,2,84,39,United States,12751,Tyler Adams,6806,Shaquell Moore,Complete,15.126798,33.1,57.3,34.0,72.4
3857278,2022-11-29,Group Stage,Iran,2,84,42,United States,6806,Shaquell Moore,24243,Brenden Aaronson,Incomplete,46.27764,36.9,74.9,82.8,69.0
3857278,2022-11-29,Group Stage,Iran,2,86,35,United States,12352,Matthew Charles Turner,22008,Haji Wright,Complete,71.47063,14.7,37.0,80.5,9.1
3857278,2022-11-29,Group Stage,Iran,2,86,44,United States,22008,Haji Wright,24243,Brenden Aaronson,Complete,15.132746,110.9,7.0,112.9,22.0
3857278,2022-11-29,Group Stage,Iran,2,86,47,United States,24243,Brenden Aaronson,6806,Shaquell Moore,Complete,23.70021,111.7,27.2,117.0,50.3
3857278,2022-11-29,Group Stage,Iran,2,86,50,United States,6806,Shaquell Moore,,,Incomplete,6.3245554,117.0,50.3,115.0,44.3
3857278,2022-11-29,Group Stage,Iran,2,88,32,United States,18242,Tim Ream,24243,Brenden Aaronson,Complete,21.162466,21.1,4.9,41.9,8.8
3857278,2022-11-29,Group Stage,Iran,2,88,56,United States,4614,Antonee Robinson,22008,Haji Wright,Complete,25.951492,49.3,0.1,74.5,6.3
3857278,2022-11-29,Group Stage,Iran,2,89,28,United States,4614,Antonee Robinson,22008,Haji Wright,Complete,30.850769,68.5,2.6,98.4,10.2
3857278,2022-11-29,Group Stage,Iran,2,89,35,United States,6806,Shaquell Moore,38792,Yunus Dimoara Musah,Complete,12.083046,63.1,43.4,68.9,32.8
3857278,2022-11-29,Group Stage,Iran,2,89,53,United States,12352,Matthew Charles Turner,18242,Tim Ream,Complete,15.220053,4.1,41.9,11.5,28.6
3857278,2022-11-29,Group Stage,Iran,2,89,57,United States,18242,Tim Ream,12751,Tyler Adams,Complete,18.173882,25.3,18.1,38.0,31.1
3857278,2022-11-29,Group Stage,Iran,2,90,0,United States,12751,Tyler Adams,22008,Haji Wright,Incomplete,34.302334,39.8,31.9,73.5,25.5
3857278,2022-11-29,Group Stage,Iran,2,91,19,United States,15971,Cameron Carter-Vickers,38792,Yunus Dimoara Musah,Incomplete,16.23638,11.7,62.2,27.8,64.3
3857278,2022-11-29,Group Stage,Iran,2,93,6,United States,12352,Matthew Charles Turner,22008,Haji Wright,Complete,70.153046,6.0,36.0,74.9,22.8
3857278,2022-11-29,Group Stage,Iran,2,93,9,United States,22008,Haji Wright,24243,Brenden Aaronson,Incomplete,12.293088,75.4,22.9,86.8,27.5
3857278,2022-11-29,Group Stage,Iran,2,93,41,United States,4614,Antonee Robinson,24243,Brenden Aaronson,Complete,27.724539,43.4,1.7,70.2,8.8
3857278,2022-11-29,Group Stage,Iran,2,93,45,United States,24243,Brenden Aaronson,22008,Haji Wright,Incomplete,15.282016,72.6,7.0,85.3,15.5
3857278,2022-11-29,Group Stage,Iran,2,94,6,United States,4614,Antonee Robinson,22008,Haji Wright,Incomplete,25.695524,60.2,0.1,85.3,5.6
3857278,2022-11-29,Group Stage,Iran,2,94,20,United States,4614,Antonee Robinson,22008,Haji Wright,Incomplete,31.338316,79.0,0.1,109.3,8.1
3857278,2022-11-29,Group Stage,Iran,2,94,24,United States,18242,Tim Ream,,,Incomplete,11.0367565,74.5,1.7,85.5,2.6
3857278,2022-11-29,Group Stage,Iran,2,95,5,United States,4614,Antonee Robinson,,,Incomplete,23.23123,25.0,0.1,46.2,9.6
3857278,2022-11-29,Group Stage,Iran,2,95,8,United States,22008,Haji Wright,24243,Brenden Aaronson,Out,6.824954,47.0,6.8,48.3,0.1
3857278,2022-11-29,Group Stage,Iran,2,96,3,United States,15971,Cameron Carter-Vickers,6806,Shaquell Moore,Complete,17.366922,49.4,70.9,66.3,74.9
3857278,2022-11-29,Group Stage,Iran,2,96,6,United States,6806,Shaquell Moore,,,Incomplete,16.56774,74.6,77.2,90.6,72.9
3857278,2022-11-29,Group Stage,Iran,2,96,11,United States,12524,Walker Zimmerman,13035,Kellyn Kai Perry-Acosta,Complete,20.727036,43.4,53.0,60.3,41.0
3857278,2022-11-29,Group Stage,Iran,2,96,12,United States,13035,Kellyn Kai Perry-Acosta,,,Incomplete,5.011986,61.1,41.2,65.5,38.8
3857278,2022-11-29,Group Stage,Iran,2,96,40,United States,4614,Antonee Robinson,22008,Haji Wright,Complete,29.086939,18.4,0.1,47.0,5.4
3857278,2022-11-29,Group Stage,Iran,2,96,53,United States,12524,Walker Zimmerman,38792,Yunus Dimoara Musah,Incomplete,25.494312,25.9,38.6,49.9,47.2
3857278,2022-11-29,Group Stage,Iran,2,97,12,United States,6806,Shaquell Moore,22008,Haji Wright,Incomplete,28.62953,40.0,62.1,68.6,60.8
3857278,2022-11-29,Group Stage,Iran,2,97,38,United States,12524,Walker Zimmerman,22008,Haji Wright,Complete,19.18463,29.7,43.4,48.8,41.6
3857278,2022-11-29,Group Stage,Iran,2,97,39,United States,22008,Haji Wright,38792,Yunus Dimoara Musah,Incomplete,30.112455,48.8,41.6,46.2,71.6
3857278,2022-11-29,Group Stage,Iran,2,98,4,United States,12751,Tyler Adams,6806,Shaquell Moore,Complete,10.878419,23.7,50.4,14.2,55.7
3857278,2022-11-29,Group Stage,Iran,2,98,5,United States,6806,Shaquell Moore,,,Out,80.04761,14.2,56.2,71.3,0.1
3857278,2022-11-29,Group Stage,Iran,2,99,16,United States,6806,Shaquell Moore,22008,Haji Wright,Complete,43.54044,21.1,51.1,63.5,41.2
3857278,2022-11-29,Group Stage,Iran,2,99,20,United States,38792,Yunus Dimoara Musah,24243,Brenden Aaronson,Complete,19.27719,58.3,54.7,65.2,36.7
3857278,2022-11-29,Group Stage,Iran,2,99,23,United States,24243,Brenden Aaronson,22008,Haji Wright,Complete,28.969812,78.1,34.4,105.1,23.9
3857282,2022-11-21,Group Stage,Wales,1,0,0,United States,22168,Joshua Sargent,18242,Tim Ream,Complete,21.486973,60.0,40.0,38.8,36.5
3857282,2022-11-21,Group Stage,Wales,1,0,3,United States,18242,Tim Ream,8526,Weston McKennie,Incomplete,63.612106,39.2,35.2,98.7,57.7
3857282,2022-11-21,Group Stage,Wales,1,0,13,United States,12524,Walker Zimmerman,18242,Tim Ream,Complete,23.277672,56.5,80.0,44.1,60.3
3857282,2022-11-21,Group Stage,Wales,1,0,16,United States,18242,Tim Ream,4614,Antonee Robinson,Complete,44.87906,44.1,60.3,55.9,17.0
3857282,2022-11-21,Group Stage,Wales,1,0,22,United States,4614,Antonee Robinson,38792,Yunus Dimoara Musah,Complete,15.171684,63.8,12.1,56.5,25.4
3857282,2022-11-21,Group Stage,Wales,1,0,24,United States,38792,Yunus Dimoara Musah,12524,Walker Zimmerman,Complete,26.61015,56.3,26.5,44.6,50.4
3857282,2022-11-21,Group Stage,Wales,1,0,26,United States,12524,Walker Zimmerman,21881,Sergino Dest,Complete,19.785095,44.6,50.4,54.2,67.7
3857282,2022-11-21,Group Stage,Wales,1,0,29,United States,21881,Sergino Dest,12524,Walker Zimmerman,Complete,21.703917,54.8,67.7,38.3,53.6
3857282,2022-11-21,Group Stage,Wales,1,0,31,United States,12524,Walker Zimmerman,18242,Tim Ream,Complete,28.895155,38.3,53.6,44.6,25.4
3857282,2022-11-21,Group Stage,Wales,1,0,34,United States,18242,Tim Ream,38792,Yunus Dimoara Musah,Complete,17.14322,44.6,25.4,52.9,10.4
3857282,2022-11-21,Group Stage,Wales,1,0,58,United States,3377,Timothy Weah,8526,Weston McKennie,Complete,10.121264,64.7,41.9,56.7,35.7
3857282,2022-11-21,Group Stage,Wales,1,1,1,United States,8526,Weston McKennie,21881,Sergino Dest,Complete,21.10379,63.2,40.4,63.6,61.5
3857282,2022-11-21,Group Stage,Wales,1,1,5,United States,21881,Sergino Dest,8526,Weston McKennie,Complete,9.865597,82.6,68.0,92.3,66.2
3857282,2022-11-21,Group Stage,Wales,1,1,6,United States,8526,Weston McKennie,21881,Sergino Dest,Incomplete,13.923002,93.1,67.1,92.3,53.2
3857282,2022-11-21,Group Stage,Wales,1,1,29,United States,12751,Tyler Adams,8526,Weston McKennie,Complete,10.885311,61.4,70.5,63.4,59.8
3857282,2022-11-21,Group Stage,Wales,1,1,30,United States,8526,Weston McKennie,3377,Timothy Weah,Complete,19.030764,63.4,59.8,74.3,75.4
3857282,2022-11-21,Group Stage,Wales,1,1,33,United States,3377,Timothy Weah,12751,Tyler Adams,Complete,12.9062,74.3,77.2,73.9,64.3
3857282,2022-11-21,Group Stage,Wales,1,1,34,United States,12751,Tyler Adams,22168,Joshua Sargent,Complete,11.269872,73.9,64.3,81.3,55.8
3857282,2022-11-21,Group Stage,Wales,1,1,36,United States,22168,Joshua Sargent,38792,Yunus Dimoara Musah,Complete,7.220111,80.1,57.5,73.9,53.8
3857282,2022-11-21,Group Stage,Wales,1,1,37,United States,38792,Yunus Dimoara Musah,8246,Christian Pulisic,Complete,8.772685,78.8,55.8,82.4,47.8
3857282,2022-11-21,Group Stage,Wales,1,2,32,United States,8246,Christian Pulisic,,,Incomplete,19.513329,88.2,54.5,105.3,45.1
3857282,2022-11-21,Group Stage,Wales,1,2,36,United States,8246,Christian Pulisic,21881,Sergino Dest,Out,22.42164,87.1,58.3,79.8,79.5
3857282,2022-11-21,Group Stage,Wales,1,3,11,United States,18242,Tim Ream,8526,Weston McKennie,Complete,13.635615,62.5,26.7,67.2,39.5
3857282,2022-11-21,Group Stage,Wales,1,3,13,United States,8526,Weston McKennie,12751,Tyler Adams,Complete,10.602358,67.2,39.5,71.7,29.9
3857282,2022-11-21,Group Stage,Wales,1,3,14,United States,12751,Tyler Adams,8526,Weston McKennie,Complete,10.016986,71.7,29.9,63.2,35.2
3857282,2022-11-21,Group Stage,Wales,1,3,16,United States,8526,Weston McKennie,8246,Christian Pulisic,Complete,14.319916,66.2,26.0,80.3,23.5
3857282,2022-11-21,Group Stage,Wales,1,3,21,United States,4614,Antonee Robinson,8246,Christian Pulisic,Complete,31.287218,79.8,3.6,110.6,9.1
3857282,2022-11-21,Group Stage,Wales,1,4,11,United States,8246,Christian Pulisic,,,Incomplete,37.44289,120.0,0.1,112.1,36.7
3857282,2022-11-21,Group Stage,Wales,1,4,20,United States,12751,Tyler Adams,4614,Antonee Robinson,Complete,21.775444,56.5,23.0,68.9,5.1
3857282,2022-11-21,Group Stage,Wales,1,4,23,United States,4614,Antonee Robinson,8246,Christian Pulisic,Complete,6.8029404,73.6,5.7,79.8,2.9
3857282,2022-11-21,Group Stage,Wales,1,4,28,United States,8246,Christian Pulisic,,,Incomplete,17.003822,103.2,9.8,106.4,26.5
3857282,2022-11-21,Group Stage,Wales,1,4,34,United States,8526,Weston McKennie,18242,Tim Ream,Complete,23.759209,80.3,42.9,63.4,26.2
3857282,2022-11-21,Group Stage,Wales,1,4,37,United States,18242,Tim Ream,12524,Walker Zimmerman,Complete,16.414932,63.4,26.2,56.3,41.0
3857282,2022-11-21,Group Stage,Wales,1,4,39,United States,12524,Walker Zimmerman,21881,Sergino Dest,Complete,29.022749,56.3,41.0,71.7,65.6
3857282,2022-11-21,Group Stage,Wales,1,4,44,United States,21881,Sergino Dest,3377,Timothy Weah,Complete,7.7781744,79.6,67.3,80.7,75.0
3857282,2022-11-21,Group Stage,Wales,1,4,46,United States,3377,Timothy Weah,12524,Walker Zimmerman,Complete,31.107716,80.7,74.4,52.0,62.4
3857282,2022-11-21,Group Stage,Wales,1,4,51,United States,12524,Walker Zimmerman,8526,Weston McKennie,Complete,15.648643,46.0,59.4,58.2,69.2
3857282,2022-11-21,Group Stage,Wales,1,4,54,United States,8526,Weston McKennie,3377,Timothy Weah,Incomplete,31.522848,63.2,72.2,94.4,67.7
3857282,2022-11-21,Group Stage,Wales,1,5,11,United States,12524,Walker Zimmerman,12352,Matthew Charles Turner,Complete,22.323082,11.2,68.4,2.6,47.8
3857282,2022-11-21,Group Stage,Wales,1,5,14,United States,12352,Matthew Charles Turner,18242,Tim Ream,Complete,23.661783,5.4,47.8,14.6,26.0
3857282,2022-11-21,Group Stage,Wales,1,5,20,United States,18242,Tim Ream,8246,Christian Pulisic,Complete,13.038788,35.1,11.1,47.1,16.2
3857282,2022-11-21,Group Stage,Wales,1,5,23,United States,8246,Christian Pulisic,12751,Tyler Adams,Complete,8.316851,40.5,16.8,32.6,19.4
3857282,2022-11-21,Group Stage,Wales,1,5,25,United States,12751,Tyler Adams,12524,Walker Zimmerman,Complete,24.7879,25.5,18.3,19.3,42.3
3857282,2022-11-21,Group Stage,Wales,1,5,30,United States,12524,Walker Zimmerman,12751,Tyler Adams,Complete,17.538528,27.2,48.1,29.4,30.7
3857282,2022-11-21,Group Stage,Wales,1,5,34,United States,12751,Tyler Adams,38792,Yunus Dimoara Musah,Complete,25.804264,32.8,31.2,49.7,11.7
3857282,2022-11-21,Group Stage,Wales,1,5,39,United States,38792,Yunus Dimoara Musah,18242,Tim Ream,Complete,19.608671,66.6,9.1,50.3,20.0
3857282,2022-11-21,Group Stage,Wales,1,5,41,United States,18242,Tim Ream,12524,Walker Zimmerman,Complete,26.33211,50.3,20.0,49.0,46.3
3857282,2022-11-21,Group Stage,Wales,1,5,45,United States,12524,Walker Zimmerman,3377,Timothy Weah,Complete,23.342022,55.2,41.6,67.4,61.5
3857282,2022-11-21,Group Stage,Wales,1,5,48,United States,3377,Timothy Weah,12352,Matthew Charles Turner,Complete,39.30458,64.4,57.0,32.6,33.9
3857282,2022-11-21,Group Stage,Wales,1,5,52,United States,12352,Matthew Charles Turner,18242,Tim Ream,Complete,9.340771,32.6,33.9,38.3,26.5
3857282,2022-11-21,Group Stage,Wales,1,5,55,United States,18242,Tim Ream,38792,Yunus Dimoara Musah,Complete,25.407282,38.3,26.5,55.5,7.8
3857282,2022-11-21,Group Stage,Wales,1,5,58,United States,38792,Yunus Dimoara Musah,12524,Walker Zimmerman,Complete,36.31088,55.0,10.0,42.8,44.2
3857282,2022-11-21,Group Stage,Wales,1,6,4,United States,12524,Walker Zimmerman,8526,Weston McKennie,Complete,19.55326,45.8,48.3,49.5,67.5
3857282,2022-11-21,Group Stage,Wales,1,6,9,United States,8526,Weston McKennie,12524,Walker Zimmerman,Complete,19.549425,52.9,67.5,44.6,49.8
3857282,2022-11-21,Group Stage,Wales,1,6,11,United States,12524,Walker Zimmerman,18242,Tim Ream,Complete,21.403738,44.6,49.8,45.0,28.4
3857282,2022-11-21,Group Stage,Wales,1,6,15,United States,18242,Tim Ream,3377,Timothy Weah,Complete,59.03389,54.0,27.3,87.8,75.7
3857282,2022-11-21,Group Stage,Wales,1,6,18,United States,3377,Timothy Weah,21881,Sergino Dest,Complete,10.923827,87.8,75.7,85.6,65.0
3857282,2022-11-21,Group Stage,Wales,1,7,11,United States,12352,Matthew Charles Turner,21881,Sergino Dest,Complete,28.434486,15.0,35.9,29.6,60.3
3857282,2022-11-21,Group Stage,Wales,1,7,14,United States,21881,Sergino Dest,12751,Tyler Adams,Complete,11.340635,33.0,58.8,42.0,51.9
3857282,2022-11-21,Group Stage,Wales,1,7,16,United States,12751,Tyler Adams,21881,Sergino Dest,Complete,12.2,44.1,53.4,46.3,65.4
3857282,2022-11-21,Group Stage,Wales,1,7,18,United States,21881,Sergino Dest,8526,Weston McKennie,Complete,11.601724,50.8,63.9,57.6,73.3
3857282,2022-11-21,Group Stage,Wales,1,7,20,United States,8526,Weston McKennie,21881,Sergino Dest,Complete,10.0,58.9,74.6,56.1,65.0
3857282,2022-11-21,Group Stage,Wales,1,7,21,United States,21881,Sergino Dest,12524,Walker Zimmerman,Complete,17.701977,55.5,63.7,40.5,54.3
3857282,2022-11-21,Group Stage,Wales,1,7,24,United States,12524,Walker Zimmerman,18242,Tim Ream,Complete,24.560131,40.5,54.3,43.3,29.9
3857282,2022-11-21,Group Stage,Wales,1,7,27,United States,18242,Tim Ream,38792,Yunus Dimoara Musah,Complete,23.46167,43.5,29.7,57.8,11.1
3857282,2022-11-21,Group Stage,Wales,1,7,29,United States,38792,Yunus Dimoara Musah,4614,Antonee Robinson,Complete,14.663219,62.1,10.0,74.7,2.5
3857282,2022-11-21,Group Stage,Wales,1,7,31,United States,4614,Antonee Robinson,38792,Yunus Dimoara Musah,Complete,19.968475,74.7,2.5,55.2,6.8
3857282,2022-11-21,Group Stage,Wales,1,7,35,United States,38792,Yunus Dimoara Musah,18242,Tim Ream,Complete,15.391232,55.2,6.8,45.2,18.5
3857282,2022-11-21,Group Stage,Wales,1,7,38,United States,18242,Tim Ream,12524,Walker Zimmerman,Complete,19.54789,49.9,27.1,43.3,45.5
3857282,2022-11-21,Group Stage,Wales,1,7,44,United States,12524,Walker Zimmerman,18242,Tim Ream,Complete,22.9,49.7,50.0,49.7,27.1
3857282,2022-11-21,Group Stage,Wales,1,7,46,United States,18242,Tim Ream,38792,Yunus Dimoara Musah,Complete,30.761665,49.7,27.1,74.5,8.9
3857282,2022-11-21,Group Stage,Wales,1,7,55,United States,38792,Yunus Dimoara Musah,12524,Walker Zimmerman,Complete,28.359303,67.4,16.8,54.2,41.9
3857282,2022-11-21,Group Stage,Wales,1,7,59,United States,12524,Walker Zimmerman,18242,Tim Ream,Complete,15.379207,56.7,39.1,62.1,24.7
3857282,2022-11-21,Group Stage,Wales,1,8,1,United States,18242,Tim Ream,4614,Antonee Robinson,Complete,17.96274,62.1,24.7,79.2,19.2
3857282,2022-11-21,Group Stage,Wales,1,8,3,United States,4614,Antonee Robinson,8246,Christian Pulisic,Complete,10.904128,78.6,14.5,80.7,3.8
3857282,2022-11-21,Group Stage,Wales,1,8,7,United States,8246,Christian Pulisic,38792,Yunus Dimoara Musah,Complete,8.402381,85.4,4.2,85.2,12.6
3857282,2022-11-21,Group Stage,Wales,1,8,7,United States,38792,Yunus Dimoara Musah,4614,Antonee Robinson,Complete,13.290975,85.2,12.6,74.9,4.2
3857282,2022-11-21,Group Stage,Wales,1,8,10,United States,4614,Antonee Robinson,12751,Tyler Adams,Complete,12.657409,79.2,4.9,88.2,13.8
3857282,2022-11-21,Group Stage,Wales,1,8,13,United States,12751,Tyler Adams,38792,Yunus Dimoara Musah,Complete,9.749359,94.0,13.0,92.3,3.4
3857282,2022-11-21,Group Stage,Wales,1,8,14,United States,38792,Yunus Dimoara Musah,4614,Antonee Robinson,Complete,7.5239615,92.3,3.4,85.4,6.4
3857282,2022-11-21,Group Stage,Wales,1,8,16,United States,4614,Antonee Robinson,8246,Christian Pulisic,Complete,14.329341,85.4,6.4,99.1,10.6
3857282,2022-11-21,Group Stage,Wales,1,8,26,United States,4614,Antonee Robinson,18242,Tim Ream,Complete,28.7,93.7,0.1,65.7,6.4
3857282,2022-11-21,Group Stage,Wales,1,8,29,United States,18242,Tim Ream,12524,Walker Zimmerman,Complete,21.749483,65.7,6.4,56.7,26.2
3857282,2022-11-21,Group Stage,Wales,1,8,33,United States,12524,Walker Zimmerman,18242,Tim Ream,Complete,17.404884,56.7,26.2,64.0,10.4
3857282,2022-11-21,Group Stage,Wales,1,8,35,United States,18242,Tim Ream,12524,Walker Zimmerman,Complete,14.26359,64.0,10.4,55.7,22.0
3857282,2022-11-21,Group Stage,Wales,1,8,38,United States,12524,Walker Zimmerman,21881,Sergino Dest,Complete,25.700779,55.7,30.7,55.9,56.4
3857282,2022-11-21,Group Stage,Wales,1,8,40,United States,21881,Sergino Dest,3377,Timothy Weah,Complete,19.89774,55.9,56.4,68.5,71.8
3857282,2022-11-21,Group Stage,Wales,1,8,42,United States,3377,Timothy Weah,21881,Sergino Dest,Complete,23.342022,68.5,71.8,48.6,59.6
3857282,2022-11-21,Group Stage,Wales,1,8,46,United States,21881,Sergino Dest,3377,Timothy Weah,Complete,56.742664,48.6,59.6,105.3,61.8
3857282,2022-11-21,Group Stage,Wales,1,8,50,United States,3377,Timothy Weah,22168,Joshua Sargent,Incomplete,13.705838,110.4,60.5,110.0,46.8
3857282,2022-11-21,Group Stage,Wales,1,9,1,United States,4614,Antonee Robinson,22168,Joshua Sargent,Complete,15.953056,114.7,19.4,116.0,35.3
3857282,2022-11-21,Group Stage,Wales,1,9,45,United States,4614,Antonee Robinson,38792,Yunus Dimoara Musah,Complete,12.180722,65.9,0.1,54.0,2.7
3857282,2022-11-21,Group Stage,Wales,1,9,48,United States,38792,Yunus Dimoara Musah,12524,Walker Zimmerman,Complete,31.931175,46.3,4.9,32.1,33.5
3857282,2022-11-21,Group Stage,Wales,1,9,51,United States,12524,Walker Zimmerman,21881,Sergino Dest,Complete,28.68484,32.4,32.9,44.3,59.0
3857282,2022-11-21,Group Stage,Wales,1,9,54,United States,21881,Sergino Dest,12524,Walker Zimmerman,Complete,16.979988,44.3,59.0,31.9,47.4
3857282,2022-11-21,Group Stage,Wales,1,9,59,United States,12524,Walker Zimmerman,21881,Sergino Dest,Complete,21.129364,31.9,47.4,40.5,66.7
3857282,2022-11-21,Group Stage,Wales,1,10,5,United States,21881,Sergino Dest,12352,Matthew Charles Turner,Complete,34.70216,40.5,62.6,13.5,40.8
3857282,2022-11-21,Group Stage,Wales,1,10,8,United States,12352,Matthew Charles Turner,18242,Tim Ream,Complete,23.084194,13.5,40.8,27.7,22.6
3857282,2022-11-21,Group Stage,Wales,1,10,11,United States,18242,Tim Ream,12524,Walker Zimmerman,Complete,22.022715,27.7,22.6,28.7,44.6
3857282,2022-11-21,Group Stage,Wales,1,10,15,United States,12524,Walker Zimmerman,8526,Weston McKennie,Complete,30.473103,32.4,48.7,51.8,72.2
3857282,2022-11-21,Group Stage,Wales,1,10,20,United States,8526,Weston McKennie,12751,Tyler Adams,Complete,17.682194,58.9,75.4,63.4,58.3
3857282,2022-11-21,Group Stage,Wales,1,10,21,United States,12751,Tyler Adams,22168,Joshua Sargent,Complete,13.201515,63.4,58.3,76.6,58.5
3857282,2022-11-21,Group Stage,Wales,1,10,22,United States,22168,Joshua Sargent,3377,Timothy Weah,Complete,5.6,74.9,58.3,74.9,63.9
3857282,2022-11-21,Group Stage,Wales,1,10,24,United States,3377,Timothy Weah,8526,Weston McKennie,Incomplete,6.2241464,71.5,63.9,76.0,68.2
3857282,2022-11-21,Group Stage,Wales,1,11,59,United States,3377,Timothy Weah,8526,Weston McKennie,Incomplete,5.724509,51.4,71.4,46.0,73.3
3857282,2022-11-21,Group Stage,Wales,1,14,21,United States,12352,Matthew Charles Turner,,,Incomplete,77.189964,6.0,36.0,80.5,56.2
3857282,2022-11-21,Group Stage,Wales,1,14,34,United States,38792,Yunus Dimoara Musah,12751,Tyler Adams,Complete,4.90408,57.8,14.7,57.6,19.6
3857282,2022-11-21,Group Stage,Wales,1,14,37,United States,12751,Tyler Adams,21881,Sergino Dest,Complete,15.368799,52.3,25.2,43.5,37.8
3857282,2022-11-21,Group Stage,Wales,1,14,40,United States,21881,Sergino Dest,12751,Tyler Adams,Complete,9.974467,44.3,41.4,48.6,32.4
3857282,2022-11-21,Group Stage,Wales,1,14,42,United States,12751,Tyler Adams,18242,Tim Ream,Complete,16.443844,45.8,30.9,44.6,14.5
3857282,2022-11-21,Group Stage,Wales,1,14,49,United States,18242,Tim Ream,12524,Walker Zimmerman,Complete,18.950989,50.8,7.4,37.3,20.7
3857282,2022-11-21,Group Stage,Wales,1,14,51,United States,12524,Walker Zimmerman,21881,Sergino Dest,Complete,35.034412,37.3,20.7,42.8,55.3
3857282,2022-11-21,Group Stage,Wales,1,14,54,United States,21881,Sergino Dest,12751,Tyler Adams,Complete,19.856737,45.6,56.8,54.6,39.1
3857282,2022-11-21,Group Stage,Wales,1,14,57,United States,12751,Tyler Adams,18242,Tim Ream,Complete,27.309523,54.6,39.1,50.5,12.1
3857282,2022-11-21,Group Stage,Wales,1,15,1,United States,18242,Tim Ream,22168,Joshua Sargent,Complete,32.303715,58.9,11.5,79.6,36.3
3857282,2022-11-21,Group Stage,Wales,1,15,9,United States,21881,Sergino Dest,8526,Weston McKennie,Complete,16.601204,55.2,44.4,69.4,53.0
3857282,2022-11-21,Group Stage,Wales,1,15,10,United States,8526,Weston McKennie,21881,Sergino Dest,Complete,4.704253,69.4,53.0,69.2,57.7
3857282,2022-11-21,Group Stage,Wales,1,15,13,United States,21881,Sergino Dest,3377,Timothy Weah,Complete,18.435835,82.0,62.4,98.2,71.2
3857282,2022-11-21,Group Stage,Wales,1,15,15,United States,3377,Timothy Weah,8526,Weston McKennie,Complete,11.257886,98.2,71.2,87.5,67.7
3857282,2022-11-21,Group Stage,Wales,1,15,19,United States,8526,Weston McKennie,12751,Tyler Adams,Complete,23.479778,84.8,68.6,67.9,52.3
3857282,2022-11-21,Group Stage,Wales,1,15,23,United States,12751,Tyler Adams,18242,Tim Ream,Complete,43.528957,67.7,39.3,38.3,7.2
3857282,2022-11-21,Group Stage,Wales,1,15,27,United States,18242,Tim Ream,12352,Matthew Charles Turner,Complete,34.854267,38.3,7.2,15.2,33.3
3857282,2022-11-21,Group Stage,Wales,1,15,30,United States,12352,Matthew Charles Turner,12524,Walker Zimmerman,Complete,9.489468,15.9,38.0,25.3,39.3
3857282,2022-11-21,Group Stage,Wales,1,15,33,United States,12524,Walker Zimmerman,21881,Sergino Dest,Complete,31.1713,25.3,39.3,39.4,67.1
3857282,2022-11-21,Group Stage,Wales,1,15,37,United States,21881,Sergino Dest,12751,Tyler Adams,Complete,28.183683,46.9,66.9,53.5,39.5
3857282,2022-11-21,Group Stage,Wales,1,15,39,United States,12751,Tyler Adams,18242,Tim Ream,Complete,19.292486,48.2,39.7,42.4,21.3
3857282,2022-11-21,Group Stage,Wales,1,15,44,United States,18242,Tim Ream,,,Incomplete,6.0207973,51.2,18.1,56.3,21.3
3857282,2022-11-21,Group Stage,Wales,1,16,53,United States,4614,Antonee Robinson,8246,Christian Pulisic,Incomplete,8.050466,27.4,23.0,35.4,23.9
3857282,2022-11-21,Group Stage,Wales,1,16,56,United States,4614,Antonee Robinson,8246,Christian Pulisic,Complete,17.404022,38.6,16.4,55.9,18.3
3857282,2022-11-21,Group Stage,Wales,1,16,58,United States,8246,Christian Pulisic,38792,Yunus Dimoara Musah,Complete,12.472369,65.3,14.9,68.7,2.9
3857282,2022-11-21,Group Stage,Wales,1,17,1,United States,38792,Yunus Dimoara Musah,21881,Sergino Dest,Complete,54.04091,61.7,6.1,57.8,60.0
3857282,2022-11-21,Group Stage,Wales,1,17,8,United States,21881,Sergino Dest,3377,Timothy Weah,Complete,17.420103,79.8,61.3,90.3,75.2
3857282,2022-11-21,Group Stage,Wales,1,17,9,United States,3377,Timothy Weah,21881,Sergino Dest,Complete,11.031773,90.3,75.2,82.6,67.3
3857282,2022-11-21,Group Stage,Wales,1,17,11,United States,21881,Sergino Dest,12751,Tyler Adams,Complete,11.328283,82.6,67.3,81.8,56.0
3857282,2022-11-21,Group Stage,Wales,1,17,12,United States,12751,Tyler Adams,12524,Walker Zimmerman,Complete,23.238115,81.8,56.0,61.9,68.0
3857282,2022-11-21,Group Stage,Wales,1,17,14,United States,12524,Walker Zimmerman,18242,Tim Ream,Complete,25.53625,65.5,66.7,60.8,41.6
3857282,2022-11-21,Group Stage,Wales,1,17,17,United States,18242,Tim Ream,38792,Yunus Dimoara Musah,Complete,32.59693,58.5,41.0,74.5,12.6
3857282,2022-11-21,Group Stage,Wales,1,17,22,United States,38792,Yunus Dimoara Musah,8246,Christian Pulisic,Complete,7.6902537,86.7,10.2,94.2,11.9
3857282,2022-11-21,Group Stage,Wales,1,17,25,United States,8246,Christian Pulisic,4614,Antonee Robinson,Complete,10.212248,92.5,12.3,92.0,2.1
3857282,2022-11-21,Group Stage,Wales,1,17,26,United States,4614,Antonee Robinson,8246,Christian Pulisic,Complete,5.491812,92.0,2.1,97.4,3.1
3857282,2022-11-21,Group Stage,Wales,1,17,32,United States,12524,Walker Zimmerman,18242,Tim Ream,Complete,15.802848,63.4,32.2,57.6,17.5
3857282,2022-11-21,Group Stage,Wales,1,17,34,United States,18242,Tim Ream,12524,Walker Zimmerman,Complete,16.530275,57.6,17.5,45.0,28.2
3857282,2022-11-21,Group Stage,Wales,1,17,37,United States,12524,Walker Zimmerman,21881,Sergino Dest,Complete,26.10479,45.0,28.2,55.5,52.1
3857282,2022-11-21,Group Stage,Wales,1,17,40,United States,21881,Sergino Dest,12751,Tyler Adams,Complete,15.109269,55.5,52.1,65.3,40.6
3857282,2022-11-21,Group Stage,Wales,1,17,41,United States,12751,Tyler Adams,8526,Weston McKennie,Complete,13.862179,65.3,40.6,74.9,50.6
3857282,2022-11-21,Group Stage,Wales,1,17,42,United States,8526,Weston McKennie,21881,Sergino Dest,Complete,28.398592,74.3,50.6,56.1,72.4
3857282,2022-11-21,Group Stage,Wales,1,17,48,United States,21881,Sergino Dest,12524,Walker Zimmerman,Complete,22.373198,56.1,72.4,41.1,55.8
3857282,2022-11-21,Group Stage,Wales,1,17,53,United States,12524,Walker Zimmerman,12751,Tyler Adams,Complete,19.30803,42.0,55.8,54.4,41.0
3857282,2022-11-21,Group Stage,Wales,1,17,54,United States,12751,Tyler Adams,12524,Walker Zimmerman,Complete,16.360012,54.4,41.0,43.5,53.2
3857282,2022-11-21,Group Stage,Wales,1,17,57,United States,12524,Walker Zimmerman,21881,Sergino Dest,Complete,13.870832,43.5,53.2,50.1,65.4
3857282,2022-11-21,Group Stage,Wales,1,17,59,United States,21881,Sergino Dest,3377,Timothy Weah,Complete,55.569775,50.1,65.4,105.3,71.8
3857282,2022-11-21,Group Stage,Wales,1,18,4,United States,3377,Timothy Weah,8526,Weston McKennie,Complete,9.80816,116.2,73.1,106.4,72.7
3857282,2022-11-21,Group Stage,Wales,1,18,9,United States,8526,Weston McKennie,3377,Timothy Weah,Incomplete,3.8209946,108.9,73.9,108.5,70.1
3857282,2022-11-21,Group Stage,Wales,1,18,14,United States,8526,Weston McKennie,12751,Tyler Adams,Complete,14.066272,94.6,67.3,86.5,55.8
3857282,2022-11-21,Group Stage,Wales,1,18,16,United States,12751,Tyler Adams,38792,Yunus Dimoara Musah,Complete,24.259638,86.5,55.8,84.8,31.6
3857282,2022-11-21,Group Stage,Wales,1,18,18,United States,38792,Yunus Dimoara Musah,4614,Antonee Robinson,Complete,20.315758,84.8,31.6,92.5,12.8
3857282,2022-11-21,Group Stage,Wales,1,18,21,United States,4614,Antonee Robinson,8246,Christian Pulisic,Complete,15.6894865,92.5,12.8,107.9,15.8
3857282,2022-11-21,Group Stage,Wales,1,19,32,United States,21881,Sergino Dest,12352,Matthew Charles Turner,Complete,25.597265,26.2,56.0,6.3,39.9
3857282,2022-11-21,Group Stage,Wales,1,19,35,United States,12352,Matthew Charles Turner,21881,Sergino Dest,Complete,24.887146,6.5,40.1,14.4,63.7
3857282,2022-11-21,Group Stage,Wales,1,19,39,United States,21881,Sergino Dest,18242,Tim Ream,Complete,36.52342,22.7,60.3,25.7,23.9
3857282,2022-11-21,Group Stage,Wales,1,19,48,United States,18242,Tim Ream,12524,Walker Zimmerman,Complete,18.181583,43.5,13.8,32.4,28.2
3857282,2022-11-21,Group Stage,Wales,1,19,51,United States,12524,Walker Zimmerman,21881,Sergino Dest,Complete,35.458145,32.4,28.2,39.2,63.0
3857282,2022-11-21,Group Stage,Wales,1,19,57,United States,21881,Sergino Dest,8526,Weston McKennie,Complete,24.45731,49.7,56.2,65.1,75.2
3857282,2022-11-21,Group Stage,Wales,1,20,2,United States,8526,Weston McKennie,3377,Timothy Weah,Incomplete,9.676776,84.8,75.0,94.0,72.0
3857282,2022-11-21,Group Stage,Wales,1,21,20,United States,21881,Sergino Dest,12524,Walker Zimmerman,Complete,21.067986,27.7,80.0,14.6,63.5
3857282,2022-11-21,Group Stage,Wales,1,21,25,United States,12524,Walker Zimmerman,18242,Tim Ream,Complete,22.220036,22.3,56.2,26.6,34.4
3857282,2022-11-21,Group Stage,Wales,1,21,28,United States,18242,Tim Ream,38792,Yunus Dimoara Musah,Complete,22.291254,31.3,27.3,45.6,10.2
3857282,2022-11-21,Group Stage,Wales,1,21,33,United States,38792,Yunus Dimoara Musah,12524,Walker Zimmerman,Complete,31.477135,45.6,10.2,33.6,39.3
3857282,2022-11-21,Group Stage,Wales,1,21,35,United States,12524,Walker Zimmerman,21881,Sergino Dest,Complete,25.848984,33.6,39.3,45.2,62.4
3857282,2022-11-21,Group Stage,Wales,1,21,39,United States,21881,Sergino Dest,12524,Walker Zimmerman,Complete,13.863622,45.2,62.4,39.0,50.0
3857282,2022-11-21,Group Stage,Wales,1,21,43,United States,12524,Walker Zimmerman,38792,Yunus Dimoara Musah,Complete,46.322025,39.0,50.0,62.7,10.2
3857282,2022-11-21,Group Stage,Wales,1,21,47,United States,38792,Yunus Dimoara Musah,12751,Tyler Adams,Complete,13.923002,62.7,10.2,70.4,21.8
3857282,2022-11-21,Group Stage,Wales,1,21,52,United States,12751,Tyler Adams,18242,Tim Ream,Complete,6.203225,57.2,19.2,51.4,17.0
3857282,2022-11-21,Group Stage,Wales,1,21,53,United States,18242,Tim Ream,12524,Walker Zimmerman,Complete,31.878834,51.4,17.0,46.5,48.5
3857282,2022-11-21,Group Stage,Wales,1,21,57,United States,12524,Walker Zimmerman,8246,Christian Pulisic,Incomplete,51.581875,46.6,48.4,95.3,31.4
3857282,2022-11-21,Group Stage,Wales,1,22,1,United States,8526,Weston McKennie,4614,Antonee Robinson,Complete,21.023083,80.9,29.0,72.8,9.6
3857282,2022-11-21,Group Stage,Wales,1,22,7,United States,4614,Antonee Robinson,8246,Christian Pulisic,Complete,12.126417,77.7,9.1,84.1,19.4
3857282,2022-11-21,Group Stage,Wales,1,22,12,United States,8246,Christian Pulisic,4614,Antonee Robinson,Complete,11.4982605,94.4,21.5,105.5,24.5
3857282,2022-11-21,Group Stage,Wales,1,22,14,United States,4614,Antonee Robinson,,,Incomplete,1.3928388,110.6,24.1,111.1,25.4
3857282,2022-11-21,Group Stage,Wales,1,22,30,United States,18242,Tim Ream,12352,Matthew Charles Turner,Complete,18.172781,22.9,0.1,10.1,13.0
3857282,2022-11-21,Group Stage,Wales,1,22,34,United States,12352,Matthew Charles Turner,18242,Tim Ream,Complete,19.726631,9.7,19.6,26.4,9.1
3857282,2022-11-21,Group Stage,Wales,1,22,38,United States,18242,Tim Ream,38792,Yunus Dimoara Musah,Complete,24.634325,26.4,9.1,51.0,7.8
3857282,2022-11-21,Group Stage,Wales,1,22,40,United States,38792,Yunus Dimoara Musah,12751,Tyler Adams,Complete,11.868024,49.0,7.4,44.8,18.5
3857282,2022-11-21,Group Stage,Wales,1,22,43,United States,12751,Tyler Adams,12524,Walker Zimmerman,Complete,19.84364,44.8,18.5,33.2,34.6
3857282,2022-11-21,Group Stage,Wales,1,22,47,United States,12524,Walker Zimmerman,21881,Sergino Dest,Complete,18.917189,43.3,50.2,51.8,67.1
3857282,2022-11-21,Group Stage,Wales,1,22,49,United States,21881,Sergino Dest,3377,Timothy Weah,Complete,12.103719,54.2,64.7,61.7,74.2
3857282,2022-11-21,Group Stage,Wales,1,22,51,United States,3377,Timothy Weah,21881,Sergino Dest,Complete,8.70919,57.8,72.4,54.6,64.3
3857282,2022-11-21,Group Stage,Wales,1,22,52,United States,21881,Sergino Dest,12524,Walker Zimmerman,Complete,18.573368,54.2,64.1,38.3,54.5
3857282,2022-11-21,Group Stage,Wales,1,22,58,United States,12524,Walker Zimmerman,18242,Tim Ream,Complete,28.359303,38.3,54.5,42.8,26.5
3857282,2022-11-21,Group Stage,Wales,1,23,1,United States,18242,Tim Ream,4614,Antonee Robinson,Complete,55.4982,42.8,26.5,95.5,9.1
3857282,2022-11-21,Group Stage,Wales,1,23,50,United States,3377,Timothy Weah,8526,Weston McKennie,Complete,12.432618,39.8,56.0,27.4,55.1
3857282,2022-11-21,Group Stage,Wales,1,23,52,United States,8526,Weston McKennie,3377,Timothy Weah,Complete,30.40148,27.4,55.1,56.5,63.9
3857282,2022-11-21,Group Stage,Wales,1,24,11,United States,8246,Christian Pulisic,3377,Timothy Weah,Incomplete,19.716236,56.3,57.7,76.0,58.5
3857282,2022-11-21,Group Stage,Wales,1,25,4,United States,3377,Timothy Weah,8246,Christian Pulisic,Complete,42.10012,81.1,72.2,85.2,30.3
3857282,2022-11-21,Group Stage,Wales,1,25,8,United States,8246,Christian Pulisic,4614,Antonee Robinson,Complete,23.32595,89.9,31.4,88.8,8.1
3857282,2022-11-21,Group Stage,Wales,1,25,11,United States,4614,Antonee Robinson,3377,Timothy Weah,Incomplete,38.788273,92.3,8.5,110.6,42.7
3857282,2022-11-21,Group Stage,Wales,1,25,47,United States,21881,Sergino Dest,38792,Yunus Dimoara Musah,Complete,13.101526,93.5,80.0,93.3,66.9
3857282,2022-11-21,Group Stage,Wales,1,26,28,United States,21881,Sergino Dest,22168,Joshua Sargent,Complete,13.701095,39.4,80.0,50.8,72.4
3857282,2022-11-21,Group Stage,Wales,1,26,31,United States,22168,Joshua Sargent,,,Incomplete,2.5079873,49.5,75.7,52.0,75.9
3857282,2022-11-21,Group Stage,Wales,1,26,43,United States,8526,Weston McKennie,18242,Tim Ream,Complete,55.500813,52.0,80.0,21.7,33.5
3857282,2022-11-21,Group Stage,Wales,1,26,53,United States,18242,Tim Ream,12751,Tyler Adams,Complete,11.646888,33.6,29.9,43.7,35.7
3857282,2022-11-21,Group Stage,Wales,1,26,54,United States,12751,Tyler Adams,18242,Tim Ream,Complete,12.509996,43.7,35.7,36.6,25.4
3857282,2022-11-21,Group Stage,Wales,1,26,56,United States,18242,Tim Ream,4614,Antonee Robinson,Complete,21.746264,37.7,25.4,46.0,5.3
3857282,2022-11-21,Group Stage,Wales,1,26,58,United States,4614,Antonee Robinson,8246,Christian Pulisic,Complete,19.902262,49.7,4.9,69.6,4.6
3857282,2022-11-21,Group Stage,Wales,1,27,2,United States,8246,Christian Pulisic,12751,Tyler Adams,Complete,12.39758,62.5,10.2,69.4,20.5
3857282,2022-11-21,Group Stage,Wales,1,27,22,United States,4614,Antonee Robinson,18242,Tim Ream,Complete,15.297058,22.9,0.1,12.7,11.5
3857282,2022-11-21,Group Stage,Wales,1,27,25,United States,18242,Tim Ream,12524,Walker Zimmerman,Complete,39.872295,12.7,11.5,10.3,51.3
3857282,2022-11-21,Group Stage,Wales,1,27,29,United States,12524,Walker Zimmerman,21881,Sergino Dest,Complete,23.995417,11.8,50.2,31.5,63.9
3857282,2022-11-21,Group Stage,Wales,1,27,33,United States,21881,Sergino Dest,8526,Weston McKennie,Complete,12.788276,37.5,65.8,44.8,55.3
3857282,2022-11-21,Group Stage,Wales,1,27,34,United States,8526,Weston McKennie,21881,Sergino Dest,Complete,10.463747,44.8,55.3,38.3,63.5
3857282,2022-11-21,Group Stage,Wales,1,27,36,United States,21881,Sergino Dest,12524,Walker Zimmerman,Complete,17.582378,38.3,63.5,26.8,50.2
3857282,2022-11-21,Group Stage,Wales,1,27,38,United States,12524,Walker Zimmerman,18242,Tim Ream,Complete,28.35842,26.8,50.2,32.4,22.4
3857282,2022-11-21,Group Stage,Wales,1,27,41,United States,18242,Tim Ream,4614,Antonee Robinson,Complete,26.935663,32.4,22.4,56.1,9.6
3857282,2022-11-21,Group Stage,Wales,1,27,49,United States,4614,Antonee Robinson,22168,Joshua Sargent,Incomplete,22.031115,111.5,9.3,109.1,31.2
3857282,2022-11-21,Group Stage,Wales,1,28,1,United States,12352,Matthew Charles Turner,12524,Walker Zimmerman,Complete,10.58017,28.1,53.6,38.6,52.3
3857282,2022-11-21,Group Stage,Wales,1,28,3,United States,12524,Walker Zimmerman,21881,Sergino Dest,Complete,19.535864,38.6,52.3,55.2,62.6
3857282,2022-11-21,Group Stage,Wales,1,28,6,United States,21881,Sergino Dest,3377,Timothy Weah,Complete,17.3358,55.2,62.6,67.9,74.4
3857282,2022-11-21,Group Stage,Wales,1,28,8,United States,3377,Timothy Weah,12524,Walker Zimmerman,Complete,31.92319,64.0,69.7,37.5,51.9
3857282,2022-11-21,Group Stage,Wales,1,28,11,United States,12524,Walker Zimmerman,12352,Matthew Charles Turner,Complete,25.241434,33.9,47.8,13.1,33.5
3857282,2022-11-21,Group Stage,Wales,1,28,14,United States,12352,Matthew Charles Turner,12524,Walker Zimmerman,Complete,20.303694,13.1,33.5,22.1,51.7
3857282,2022-11-21,Group Stage,Wales,1,28,16,United States,12524,Walker Zimmerman,38792,Yunus Dimoara Musah,Complete,18.645374,22.1,51.7,34.3,37.6
3857282,2022-11-21,Group Stage,Wales,1,28,26,United States,38792,Yunus Dimoara Musah,21881,Sergino Dest,Complete,28.04015,80.1,31.6,81.6,59.6
3857282,2022-11-21,Group Stage,Wales,1,29,18,United States,8526,Weston McKennie,21881,Sergino Dest,Complete,9.263369,92.0,80.0,85.4,73.5
3857282,2022-11-21,Group Stage,Wales,1,29,20,United States,21881,Sergino Dest,12524,Walker Zimmerman,Complete,19.578049,82.0,72.7,62.9,68.4
3857282,2022-11-21,Group Stage,Wales,1,29,23,United States,12524,Walker Zimmerman,18242,Tim Ream,Complete,20.96521,58.9,68.8,51.2,49.3
3857282,2022-11-21,Group Stage,Wales,1,29,25,United States,18242,Tim Ream,12524,Walker Zimmerman,Complete,16.45509,51.2,49.3,54.6,65.4
3857282,2022-11-21,Group Stage,Wales,1,29,27,United States,12524,Walker Zimmerman,8526,Weston McKennie,Complete,21.600925,54.6,65.4,76.2,65.2
3857282,2022-11-21,Group Stage,Wales,1,29,28,United States,8526,Weston McKennie,21881,Sergino Dest,Complete,10.870603,76.2,65.2,81.3,74.8
3857282,2022-11-21,Group Stage,Wales,1,29,37,United States,12751,Tyler Adams,,,Incomplete,2.8071337,79.0,56.0,81.8,55.8
3857282,2022-11-21,Group Stage,Wales,1,29,39,United States,12524,Walker Zimmerman,12352,Matthew Charles Turner,Complete,46.42467,64.9,64.5,25.1,40.6
3857282,2022-11-21,Group Stage,Wales,1,29,43,United States,12352,Matthew Charles Turner,18242,Tim Ream,Complete,7.2470684,25.1,40.6,31.5,37.2
3857282,2022-11-21,Group Stage,Wales,1,29,48,United States,18242,Tim Ream,38792,Yunus Dimoara Musah,Complete,23.104328,37.5,35.9,50.5,16.8
3857282,2022-11-21,Group Stage,Wales,1,29,54,United States,38792,Yunus Dimoara Musah,18242,Tim Ream,Complete,15.29477,50.5,16.8,43.7,30.5
3857282,2022-11-21,Group Stage,Wales,1,29,56,United States,18242,Tim Ream,21881,Sergino Dest,Complete,37.269024,46.7,31.8,57.4,67.5
3857282,2022-11-21,Group Stage,Wales,1,30,1,United States,21881,Sergino Dest,12524,Walker Zimmerman,Complete,15.945219,57.4,67.5,45.4,57.0
3857282,2022-11-21,Group Stage,Wales,1,30,5,United States,12524,Walker Zimmerman,21881,Sergino Dest,Complete,19.719027,49.7,59.4,64.7,72.2
3857282,2022-11-21,Group Stage,Wales,1,30,7,United States,21881,Sergino Dest,12751,Tyler Adams,Complete,9.6,65.1,72.2,74.7,72.2
3857282,2022-11-21,Group Stage,Wales,1,30,8,United States,12751,Tyler Adams,21881,Sergino Dest,Complete,11.307077,74.7,72.2,75.1,60.9
3857282,2022-11-21,Group Stage,Wales,1,30,11,United States,21881,Sergino Dest,22168,Joshua Sargent,Complete,17.63094,75.1,60.9,86.9,47.8
3857282,2022-11-21,Group Stage,Wales,1,30,12,United States,22168,Joshua Sargent,8526,Weston McKennie,Complete,13.708391,86.9,47.8,74.3,53.2
3857282,2022-11-21,Group Stage,Wales,1,30,13,United States,8526,Weston McKennie,38792,Yunus Dimoara Musah,Complete,33.159313,74.3,53.2,79.8,20.5
3857282,2022-11-21,Group Stage,Wales,1,30,18,United States,38792,Yunus Dimoara Musah,4614,Antonee Robinson,Complete,13.140016,99.1,16.0,107.0,5.5
3857282,2022-11-21,Group Stage,Wales,1,30,20,United States,4614,Antonee Robinson,,,Incomplete,7.7103825,107.0,5.5,111.3,11.9
3857282,2022-11-21,Group Stage,Wales,1,31,9,United States,38792,Yunus Dimoara Musah,8246,Christian Pulisic,Complete,11.30177,40.3,4.9,51.6,5.1
3857282,2022-11-21,Group Stage,Wales,1,31,12,United States,8246,Christian Pulisic,18242,Tim Ream,Complete,21.284971,48.6,10.0,27.4,8.1
3857282,2022-11-21,Group Stage,Wales,1,31,15,United States,18242,Tim Ream,12524,Walker Zimmerman,Complete,21.162466,27.4,8.1,20.2,28.0
3857282,2022-11-21,Group Stage,Wales,1,31,18,United States,12524,Walker Zimmerman,18242,Tim Ream,Complete,16.829142,21.5,27.7,33.4,15.8
3857282,2022-11-21,Group Stage,Wales,1,31,20,United States,18242,Tim Ream,8246,Christian Pulisic,Complete,16.311039,33.4,15.8,49.7,16.4
3857282,2022-11-21,Group Stage,Wales,1,31,25,United States,8246,Christian Pulisic,8526,Weston McKennie,Complete,18.645374,57.2,17.9,75.8,19.2
3857282,2022-11-21,Group Stage,Wales,1,31,26,United States,8526,Weston McKennie,4614,Antonee Robinson,Complete,15.9890585,75.8,19.2,80.1,3.8
3857282,2022-11-21,Group Stage,Wales,1,31,30,United States,4614,Antonee Robinson,8526,Weston McKennie,Complete,6.7683086,85.2,3.8,83.7,10.4
3857282,2022-11-21,Group Stage,Wales,1,31,34,United States,8526,Weston McKennie,3377,Timothy Weah,Complete,42.185898,85.8,12.8,94.4,54.1
3857282,2022-11-21,Group Stage,Wales,1,31,39,United States,3377,Timothy Weah,21881,Sergino Dest,Complete,18.000555,96.7,56.0,106.8,70.9
3857282,2022-11-21,Group Stage,Wales,1,31,41,United States,21881,Sergino Dest,3377,Timothy Weah,Complete,9.693296,106.8,70.9,97.8,67.3
3857282,2022-11-21,Group Stage,Wales,1,31,43,United States,3377,Timothy Weah,12751,Tyler Adams,Complete,18.774717,97.8,67.3,80.3,60.5
3857282,2022-11-21,Group Stage,Wales,1,31,46,United States,12751,Tyler Adams,12524,Walker Zimmerman,Complete,26.019224,80.3,60.5,65.5,39.1
3857282,2022-11-21,Group Stage,Wales,1,31,52,United States,12524,Walker Zimmerman,12751,Tyler Adams,Complete,13.74409,67.0,40.1,68.1,53.8
3857282,2022-11-21,Group Stage,Wales,1,31,57,United States,12751,Tyler Adams,18242,Tim Ream,Complete,26.531868,69.4,47.2,68.1,20.7
3857282,2022-11-21,Group Stage,Wales,1,32,0,United States,18242,Tim Ream,8246,Christian Pulisic,Complete,13.678084,72.1,20.7,85.6,18.5
3857282,2022-11-21,Group Stage,Wales,1,32,3,United States,8246,Christian Pulisic,12524,Walker Zimmerman,Complete,21.881956,79.6,22.6,62.7,36.5
3857282,2022-11-21,Group Stage,Wales,1,32,6,United States,12524,Walker Zimmerman,21881,Sergino Dest,Complete,34.064205,62.7,36.5,74.1,68.6
3857282,2022-11-21,Group Stage,Wales,1,32,9,United States,21881,Sergino Dest,12751,Tyler Adams,Complete,11.940687,77.9,67.3,72.6,56.6
3857282,2022-11-21,Group Stage,Wales,1,32,11,United States,12751,Tyler Adams,18242,Tim Ream,Complete,32.144985,72.6,56.6,74.3,24.5
3857282,2022-11-21,Group Stage,Wales,1,32,17,United States,18242,Tim Ream,12524,Walker Zimmerman,Complete,24.37909,85.6,19.8,65.3,33.3
3857282,2022-11-21,Group Stage,Wales,1,32,20,United States,12524,Walker Zimmerman,21881,Sergino Dest,Complete,22.343008,65.3,33.3,69.2,55.3
3857282,2022-11-21,Group Stage,Wales,1,32,22,United States,21881,Sergino Dest,3377,Timothy Weah,Complete,25.387596,69.2,55.3,86.9,73.5
3857282,2022-11-21,Group Stage,Wales,1,32,25,United States,3377,Timothy Weah,21881,Sergino Dest,Complete,8.755569,82.4,68.8,73.9,70.9
3857282,2022-11-21,Group Stage,Wales,1,32,27,United States,21881,Sergino Dest,12524,Walker Zimmerman,Complete,29.133142,70.6,70.9,50.1,50.2
3857282,2022-11-21,Group Stage,Wales,1,32,30,United States,12524,Walker Zimmerman,18242,Tim Ream,Complete,19.68883,53.3,42.3,62.7,25.0
3857282,2022-11-21,Group Stage,Wales,1,32,33,United States,18242,Tim Ream,8246,Christian Pulisic,Complete,12.741272,63.6,24.1,73.9,16.6
3857282,2022-11-21,Group Stage,Wales,1,33,5,United States,12751,Tyler Adams,8246,Christian Pulisic,Complete,35.728,75.1,19.8,109.4,9.8
3857282,2022-11-21,Group Stage,Wales,1,33,9,United States,8246,Christian Pulisic,,,Incomplete,2.4041631,110.4,9.6,111.1,11.9
3857282,2022-11-21,Group Stage,Wales,1,33,39,United States,8246,Christian Pulisic,,,Incomplete,45.66005,120.0,0.1,107.8,44.1
3857282,2022-11-21,Group Stage,Wales,1,33,47,United States,4614,Antonee Robinson,8246,Christian Pulisic,Complete,40.221016,91.8,45.9,93.1,5.7
3857282,2022-11-21,Group Stage,Wales,1,33,52,United States,8246,Christian Pulisic,,,Incomplete,22.300673,98.5,14.9,111.1,33.3
3857282,2022-11-21,Group Stage,Wales,1,33,56,United States,4614,Antonee Robinson,18242,Tim Ream,Complete,14.493102,87.8,28.2,74.7,22.0
3857282,2022-11-21,Group Stage,Wales,1,33,58,United States,18242,Tim Ream,38792,Yunus Dimoara Musah,Complete,24.536707,74.7,22.0,92.0,4.6
3857282,2022-11-21,Group Stage,Wales,1,34,3,United States,38792,Yunus Dimoara Musah,8246,Christian Pulisic,Complete,7.324616,96.3,5.7,103.6,5.1
3857282,2022-11-21,Group Stage,Wales,1,34,9,United States,8246,Christian Pulisic,,,Incomplete,4.1231055,99.7,10.0,102.9,12.6
3857282,2022-11-21,Group Stage,Wales,1,34,19,United States,8526,Weston McKennie,18242,Tim Ream,Complete,15.443445,87.5,0.1,73.4,6.4
3857282,2022-11-21,Group Stage,Wales,1,34,22,United States,18242,Tim Ream,12751,Tyler Adams,Complete,10.47855,73.4,6.4,75.8,16.6
3857282,2022-11-21,Group Stage,Wales,1,34,25,United States,12751,Tyler Adams,3377,Timothy Weah,Out,55.09882,76.2,18.1,119.4,52.3
3857282,2022-11-21,Group Stage,Wales,1,35,0,United States,12524,Walker Zimmerman,4614,Antonee Robinson,Complete,18.315294,26.2,21.8,39.0,8.7
3857282,2022-11-21,Group Stage,Wales,1,35,2,United States,4614,Antonee Robinson,8246,Christian Pulisic,Complete,19.572685,38.6,8.7,57.6,13.4
3857282,2022-11-21,Group Stage,Wales,1,35,4,United States,8246,Christian Pulisic,38792,Yunus Dimoara Musah,Complete,6.7683086,57.6,13.4,56.1,20.0
3857282,2022-11-21,Group Stage,Wales,1,35,6,United States,38792,Yunus Dimoara Musah,22168,Joshua Sargent,Complete,13.300376,56.1,20.0,69.2,17.7
3857282,2022-11-21,Group Stage,Wales,1,35,7,United States,22168,Joshua Sargent,8246,Christian Pulisic,Complete,5.147815,68.5,17.5,66.4,22.2
3857282,2022-11-21,Group Stage,Wales,1,35,11,United States,8246,Christian Pulisic,3377,Timothy Weah,Complete,20.843464,87.8,31.6,107.7,37.8
3857282,2022-11-21,Group Stage,Wales,1,37,29,United States,12352,Matthew Charles Turner,3377,Timothy Weah,Incomplete,65.02938,6.0,44.0,70.9,39.9
3857282,2022-11-21,Group Stage,Wales,1,37,34,United States,12751,Tyler Adams,8246,Christian Pulisic,Out,52.052475,63.4,37.6,99.5,0.1
3857282,2022-11-21,Group Stage,Wales,1,38,15,United States,18242,Tim Ream,8526,Weston McKennie,Complete,29.516945,50.1,27.3,70.0,49.1
3857282,2022-11-21,Group Stage,Wales,1,38,52,United States,12751,Tyler Adams,18242,Tim Ream,Complete,13.346161,26.6,33.5,15.0,26.9
3857282,2022-11-21,Group Stage,Wales,1,38,52,United States,18242,Tim Ream,12352,Matthew Charles Turner,Complete,13.700365,15.0,26.9,4.1,35.2
3857282,2022-11-21,Group Stage,Wales,1,38,58,United States,12352,Matthew Charles Turner,4614,Antonee Robinson,Complete,37.04376,8.2,36.7,27.2,4.9
3857282,2022-11-21,Group Stage,Wales,1,39,0,United States,4614,Antonee Robinson,38792,Yunus Dimoara Musah,Complete,18.944656,25.7,5.7,41.6,16.0
3857282,2022-11-21,Group Stage,Wales,1,39,44,United States,4614,Antonee Robinson,12751,Tyler Adams,Complete,9.481033,69.8,16.8,75.6,24.3
3857282,2022-11-21,Group Stage,Wales,1,39,47,United States,12751,Tyler Adams,21881,Sergino Dest,Complete,34.363934,75.6,24.3,69.4,58.1
3857282,2022-11-21,Group Stage,Wales,1,39,51,United States,21881,Sergino Dest,12524,Walker Zimmerman,Complete,24.062004,69.4,58.1,53.1,40.4
3857282,2022-11-21,Group Stage,Wales,1,39,54,United States,12524,Walker Zimmerman,18242,Tim Ream,Complete,21.700691,53.1,40.4,56.7,19.0
3857282,2022-11-21,Group Stage,Wales,1,39,56,United States,18242,Tim Ream,4614,Antonee Robinson,Complete,14.001429,52.7,16.4,62.5,6.4
3857282,2022-11-21,Group Stage,Wales,1,40,4,United States,8246,Christian Pulisic,22168,Joshua Sargent,Incomplete,5.124451,94.2,13.0,95.7,17.9
3857282,2022-11-21,Group Stage,Wales,1,40,8,United States,8246,Christian Pulisic,,,Incomplete,16.538742,114.5,20.9,117.3,37.2
3857282,2022-11-21,Group Stage,Wales,1,40,58,United States,12524,Walker Zimmerman,21881,Sergino Dest,Incomplete,12.463145,37.5,62.2,45.2,72.0
3857282,2022-11-21,Group Stage,Wales,1,41,11,United States,18242,Tim Ream,12751,Tyler Adams,Complete,16.304907,3.9,70.9,14.0,58.1
3857282,2022-11-21,Group Stage,Wales,1,41,18,United States,12751,Tyler Adams,18242,Tim Ream,Complete,27.006666,34.9,56.2,34.3,29.2
3857282,2022-11-21,Group Stage,Wales,1,41,20,United States,18242,Tim Ream,38792,Yunus Dimoara Musah,Complete,11.768602,34.3,29.2,45.8,26.7
3857282,2022-11-21,Group Stage,Wales,1,41,23,United States,38792,Yunus Dimoara Musah,8526,Weston McKennie,Complete,19.608418,52.3,28.6,65.5,43.1
3857282,2022-11-21,Group Stage,Wales,1,41,24,United States,8526,Weston McKennie,22168,Joshua Sargent,Incomplete,15.057224,65.5,42.7,77.1,33.1
3857282,2022-11-21,Group Stage,Wales,1,41,27,United States,12751,Tyler Adams,8526,Weston McKennie,Complete,5.903389,57.0,39.7,62.9,39.5
3857282,2022-11-21,Group Stage,Wales,1,41,28,United States,8526,Weston McKennie,22168,Joshua Sargent,Incomplete,13.102672,64.1,41.8,75.3,48.6
3857282,2022-11-21,Group Stage,Wales,1,41,35,United States,18242,Tim Ream,4614,Antonee Robinson,Complete,10.756393,27.0,17.3,34.9,10.0
3857282,2022-11-21,Group Stage,Wales,1,41,37,United States,4614,Antonee Robinson,8246,Christian Pulisic,Complete,16.129786,34.9,10.0,50.5,14.1
3857282,2022-11-21,Group Stage,Wales,1,41,42,United States,38792,Yunus Dimoara Musah,12751,Tyler Adams,Complete,5.964059,56.1,37.4,51.2,40.8
3857282,2022-11-21,Group Stage,Wales,1,41,48,United States,12751,Tyler Adams,3377,Timothy Weah,Complete,10.113852,68.7,66.5,76.0,73.5
3857282,2022-11-21,Group Stage,Wales,1,41,49,United States,3377,Timothy Weah,12751,Tyler Adams,Complete,8.13941,76.0,73.5,70.0,68.0
3857282,2022-11-21,Group Stage,Wales,1,41,52,United States,12751,Tyler Adams,21881,Sergino Dest,Complete,13.85785,70.0,68.0,57.0,63.2
3857282,2022-11-21,Group Stage,Wales,1,41,54,United States,21881,Sergino Dest,12524,Walker Zimmerman,Complete,16.726326,57.0,63.2,43.9,52.8
3857282,2022-11-21,Group Stage,Wales,1,41,57,United States,12524,Walker Zimmerman,18242,Tim Ream,Complete,22.700882,43.9,52.8,43.7,30.1
3857282,2022-11-21,Group Stage,Wales,1,42,3,United States,18242,Tim Ream,12524,Walker Zimmerman,Complete,24.060133,43.7,30.1,37.7,53.4
3857282,2022-11-21,Group Stage,Wales,1,42,6,United States,12524,Walker Zimmerman,12751,Tyler Adams,Incomplete,19.19427,44.6,54.1,56.7,69.0
3857282,2022-11-21,Group Stage,Wales,1,42,19,United States,21881,Sergino Dest,12751,Tyler Adams,Complete,14.043148,55.2,80.0,56.3,66.0
3857282,2022-11-21,Group Stage,Wales,1,42,20,United States,12751,Tyler Adams,21881,Sergino Dest,Complete,8.2,56.3,66.0,56.3,74.2
3857282,2022-11-21,Group Stage,Wales,1,42,21,United States,21881,Sergino Dest,12751,Tyler Adams,Complete,8.729834,56.3,74.2,54.8,65.6
3857282,2022-11-21,Group Stage,Wales,1,42,22,United States,12751,Tyler Adams,22168,Joshua Sargent,Complete,9.066973,55.0,65.6,64.0,64.5
3857282,2022-11-21,Group Stage,Wales,1,42,23,United States,22168,Joshua Sargent,38792,Yunus Dimoara Musah,Complete,10.253292,64.4,65.0,57.2,57.7
3857282,2022-11-21,Group Stage,Wales,1,42,24,United States,38792,Yunus Dimoara Musah,,,Incomplete,9.476286,57.2,57.7,64.0,51.1
3857282,2022-11-21,Group Stage,Wales,1,45,4,United States,12352,Matthew Charles Turner,22168,Joshua Sargent,Incomplete,72.06421,6.0,44.0,77.5,53.0
3857282,2022-11-21,Group Stage,Wales,1,45,10,United States,8526,Weston McKennie,3377,Timothy Weah,Incomplete,6.8007355,73.6,62.0,80.1,60.0
3857282,2022-11-21,Group Stage,Wales,1,45,13,United States,21881,Sergino Dest,12524,Walker Zimmerman,Complete,19.079046,49.5,65.8,37.1,51.3
3857282,2022-11-21,Group Stage,Wales,1,45,17,United States,12524,Walker Zimmerman,18242,Tim Ream,Complete,27.218376,32.4,51.1,33.4,23.9
3857282,2022-11-21,Group Stage,Wales,1,45,20,United States,18242,Tim Ream,12524,Walker Zimmerman,Complete,23.598728,33.4,23.9,27.7,46.8
3857282,2022-11-21,Group Stage,Wales,1,45,22,United States,12524,Walker Zimmerman,21881,Sergino Dest,Complete,17.846289,31.3,49.3,38.1,65.8
3857282,2022-11-21,Group Stage,Wales,1,45,25,United States,21881,Sergino Dest,12751,Tyler Adams,Complete,15.310127,42.6,65.8,51.0,53.0
3857282,2022-11-21,Group Stage,Wales,1,45,27,United States,12751,Tyler Adams,38792,Yunus Dimoara Musah,Complete,27.806475,52.0,53.0,51.4,25.2
3857282,2022-11-21,Group Stage,Wales,1,45,29,United States,38792,Yunus Dimoara Musah,4614,Antonee Robinson,Complete,20.306648,51.4,25.2,64.4,9.6
3857282,2022-11-21,Group Stage,Wales,1,45,34,United States,4614,Antonee Robinson,8246,Christian Pulisic,Complete,6.1073728,88.6,8.1,92.5,3.4
3857282,2022-11-21,Group Stage,Wales,1,45,38,United States,8246,Christian Pulisic,38792,Yunus Dimoara Musah,Complete,12.969194,98.2,10.0,85.8,13.8
3857282,2022-11-21,Group Stage,Wales,1,45,40,United States,38792,Yunus Dimoara Musah,4614,Antonee Robinson,Complete,19.417776,85.8,13.8,102.9,4.6
3857282,2022-11-21,Group Stage,Wales,1,45,41,United States,4614,Antonee Robinson,8246,Christian Pulisic,Complete,9.261749,104.2,4.6,98.5,11.9
3857282,2022-11-21,Group Stage,Wales,1,45,44,United States,8246,Christian Pulisic,38792,Yunus Dimoara Musah,Complete,17.428713,98.5,10.6,81.1,9.6
3857282,2022-11-21,Group Stage,Wales,1,45,46,United States,38792,Yunus Dimoara Musah,18242,Tim Ream,Complete,13.336041,81.1,9.6,74.7,21.3
3857282,2022-11-21,Group Stage,Wales,1,45,50,United States,18242,Tim Ream,12524,Walker Zimmerman,Complete,26.158937,74.7,21.3,61.7,44.0
3857282,2022-11-21,Group Stage,Wales,1,45,52,United States,12524,Walker Zimmerman,21881,Sergino Dest,Complete,22.884493,61.7,44.0,73.0,63.9
3857282,2022-11-21,Group Stage,Wales,1,46,0,United States,21881,Sergino Dest,12524,Walker Zimmerman,Complete,31.563429,74.7,63.9,43.9,57.0
3857282,2022-11-21,Group Stage,Wales,1,46,2,United States,12524,Walker Zimmerman,12352,Matthew Charles Turner,Complete,26.909107,41.3,56.4,20.2,39.7
3857282,2022-11-21,Group Stage,Wales,1,46,7,United States,12352,Matthew Charles Turner,18242,Tim Ream,Complete,28.463486,20.2,39.7,22.1,11.3
3857282,2022-11-21,Group Stage,Wales,1,46,11,United States,18242,Tim Ream,22168,Joshua Sargent,Complete,34.139713,26.8,6.6,58.2,20.0
3857282,2022-11-21,Group Stage,Wales,1,46,15,United States,22168,Joshua Sargent,12751,Tyler Adams,Complete,13.508515,53.1,22.4,47.3,34.6
3857282,2022-11-21,Group Stage,Wales,1,46,17,United States,12751,Tyler Adams,12524,Walker Zimmerman,Complete,14.669697,45.0,35.2,30.6,38.0
3857282,2022-11-21,Group Stage,Wales,1,46,22,United States,12524,Walker Zimmerman,18242,Tim Ream,Complete,12.0,33.9,38.0,33.9,26.0
3857282,2022-11-21,Group Stage,Wales,1,46,24,United States,18242,Tim Ream,12524,Walker Zimmerman,Complete,15.504838,33.9,26.0,32.1,41.4
3857282,2022-11-21,Group Stage,Wales,1,46,26,United States,12524,Walker Zimmerman,21881,Sergino Dest,Complete,24.135658,32.1,41.4,40.3,64.1
3857282,2022-11-21,Group Stage,Wales,1,46,30,United States,21881,Sergino Dest,38792,Yunus Dimoara Musah,Complete,14.877164,39.0,65.0,44.8,51.3
3857282,2022-11-21,Group Stage,Wales,1,46,36,United States,38792,Yunus Dimoara Musah,12524,Walker Zimmerman,Complete,26.10383,38.3,74.8,20.4,55.8
3857282,2022-11-21,Group Stage,Wales,1,46,40,United States,12524,Walker Zimmerman,18242,Tim Ream,Complete,29.520332,20.4,47.8,24.0,18.5
3857282,2022-11-21,Group Stage,Wales,1,46,50,United States,18242,Tim Ream,8246,Christian Pulisic,Complete,28.280027,36.0,13.6,63.4,6.6
3857282,2022-11-21,Group Stage,Wales,1,47,19,United States,4614,Antonee Robinson,18242,Tim Ream,Complete,20.632256,74.7,2.3,55.9,10.8
3857282,2022-11-21,Group Stage,Wales,1,47,21,United States,18242,Tim Ream,12751,Tyler Adams,Complete,13.446189,55.9,10.8,62.7,22.4
3857282,2022-11-21,Group Stage,Wales,1,47,25,United States,12751,Tyler Adams,21881,Sergino Dest,Complete,29.937601,62.7,28.0,57.6,57.5
3857282,2022-11-21,Group Stage,Wales,1,47,29,United States,21881,Sergino Dest,12524,Walker Zimmerman,Complete,21.38434,57.8,58.3,40.1,46.3
3857282,2022-11-21,Group Stage,Wales,1,47,32,United States,12524,Walker Zimmerman,18242,Tim Ream,Complete,30.57728,40.1,46.3,46.5,16.4
3857282,2022-11-21,Group Stage,Wales,1,47,35,United States,18242,Tim Ream,4614,Antonee Robinson,Out,73.69084,46.5,16.4,120.0,11.1
3857282,2022-11-21,Group Stage,Wales,1,48,7,United States,18242,Tim Ream,3377,Timothy Weah,Incomplete,31.328741,37.5,14.9,59.3,37.4
3857282,2022-11-21,Group Stage,Wales,1,48,32,United States,4614,Antonee Robinson,18242,Tim Ream,Complete,12.44508,28.5,0.1,19.7,8.9
3857282,2022-11-21,Group Stage,Wales,1,48,36,United States,18242,Tim Ream,12524,Walker Zimmerman,Complete,20.40049,19.7,8.9,14.4,28.6
3857282,2022-11-21,Group Stage,Wales,1,48,38,United States,12524,Walker Zimmerman,21881,Sergino Dest,Complete,32.983025,14.4,28.6,26.2,59.4
3857282,2022-11-21,Group Stage,Wales,1,48,41,United States,21881,Sergino Dest,8526,Weston McKennie,Complete,21.827734,26.2,59.4,44.3,71.6
3857282,2022-11-21,Group Stage,Wales,1,48,43,United States,8526,Weston McKennie,21881,Sergino Dest,Complete,15.794303,44.3,71.6,30.4,64.1
3857282,2022-11-21,Group Stage,Wales,1,48,45,United States,21881,Sergino Dest,12524,Walker Zimmerman,Complete,25.894014,28.7,62.0,24.2,36.5
3857282,2022-11-21,Group Stage,Wales,1,48,50,United States,12524,Walker Zimmerman,18242,Tim Ream,Complete,18.764061,28.1,36.3,33.4,18.3
3857282,2022-11-21,Group Stage,Wales,1,48,56,United States,18242,Tim Ream,21881,Sergino Dest,Unknown,38.710464,40.1,19.0,39.2,57.7
3857282,2022-11-21,Group Stage,Wales,2,45,13,United States,8526,Weston McKennie,8246,Christian Pulisic,Complete,11.166468,36.2,50.5,44.9,43.5
3857282,2022-11-21,Group Stage,Wales,2,45,18,United States,8246,Christian Pulisic,38792,Yunus Dimoara Musah,Complete,26.268232,75.3,23.5,99.2,12.6
3857282,2022-11-21,Group Stage,Wales,2,45,23,United States,38792,Yunus Dimoara Musah,,,Incomplete,4.0112343,114.0,11.6,113.7,15.6
3857282,2022-11-21,Group Stage,Wales,2,45,51,United States,8246,Christian Pulisic,,,Incomplete,38.73306,120.0,0.1,112.5,38.1
3857282,2022-11-21,Group Stage,Wales,2,45,57,United States,4614,Antonee Robinson,3377,Timothy Weah,Complete,25.985573,88.2,63.0,112.1,73.2
3857282,2022-11-21,Group Stage,Wales,2,46,6,United States,3377,Timothy Weah,4614,Antonee Robinson,Complete,14.176036,107.0,72.7,93.4,76.7
3857282,2022-11-21,Group Stage,Wales,2,46,9,United States,4614,Antonee Robinson,21881,Sergino Dest,Complete,43.792236,93.4,76.7,65.8,42.7
3857282,2022-11-21,Group Stage,Wales,2,46,14,United States,21881,Sergino Dest,12352,Matthew Charles Turner,Complete,31.812733,57.8,38.9,32.9,58.7
3857282,2022-11-21,Group Stage,Wales,2,46,17,United States,12352,Matthew Charles Turner,21881,Sergino Dest,Complete,23.977072,32.9,58.5,42.2,36.4
3857282,2022-11-21,Group Stage,Wales,2,46,19,United States,21881,Sergino Dest,12751,Tyler Adams,Complete,14.26359,43.7,33.1,52.0,44.7
3857282,2022-11-21,Group Stage,Wales,2,46,22,United States,12751,Tyler Adams,3377,Timothy Weah,Pass Offside,42.338753,51.6,46.5,88.7,66.9
3857282,2022-11-21,Group Stage,Wales,2,46,57,United States,22168,Joshua Sargent,4614,Antonee Robinson,Complete,4.7169905,21.3,9.3,18.8,5.3
3857282,2022-11-21,Group Stage,Wales,2,46,58,United States,4614,Antonee Robinson,8246,Christian Pulisic,Complete,12.839003,19.6,4.5,32.4,3.5
3857282,2022-11-21,Group Stage,Wales,2,47,49,United States,4614,Antonee Robinson,18242,Tim Ream,Complete,12.720063,45.5,3.7,35.3,11.3
3857282,2022-11-21,Group Stage,Wales,2,47,51,United States,18242,Tim Ream,12352,Matthew Charles Turner,Complete,25.5,32.4,13.7,9.3,24.5
3857282,2022-11-21,Group Stage,Wales,2,47,55,United States,12352,Matthew Charles Turner,8246,Christian Pulisic,Incomplete,61.171642,9.7,24.9,69.8,13.5
3857282,2022-11-21,Group Stage,Wales,2,47,59,United States,38792,Yunus Dimoara Musah,8246,Christian Pulisic,Incomplete,12.886039,56.7,10.4,69.3,13.1
3857282,2022-11-21,Group Stage,Wales,2,48,1,United States,12751,Tyler Adams,8246,Christian Pulisic,Complete,6.397656,60.0,20.9,65.8,18.2
3857282,2022-11-21,Group Stage,Wales,2,48,5,United States,8246,Christian Pulisic,,,Incomplete,44.80904,62.7,27.3,105.9,39.2
3857282,2022-11-21,Group Stage,Wales,2,49,44,United States,12352,Matthew Charles Turner,38792,Yunus Dimoara Musah,Complete,39.274548,13.1,42.0,28.8,6.0
3857282,2022-11-21,Group Stage,Wales,2,49,47,United States,38792,Yunus Dimoara Musah,8246,Christian Pulisic,Complete,16.910648,28.4,5.3,45.3,5.9
3857282,2022-11-21,Group Stage,Wales,2,49,50,United States,8246,Christian Pulisic,38792,Yunus Dimoara Musah,Complete,5.0219517,45.3,5.9,40.4,4.8
3857282,2022-11-21,Group Stage,Wales,2,49,51,United States,38792,Yunus Dimoara Musah,8246,Christian Pulisic,Complete,6.489992,40.4,4.8,44.0,10.2
3857282,2022-11-21,Group Stage,Wales,2,49,53,United States,8246,Christian Pulisic,38792,Yunus Dimoara Musah,Complete,36.196407,50.2,15.6,84.9,5.3
3857282,2022-11-21,Group Stage,Wales,2,50,1,United States,38792,Yunus Dimoara Musah,8526,Weston McKennie,Incomplete,9.850888,114.7,22.9,113.7,32.7
3857282,2022-11-21,Group Stage,Wales,2,51,26,United States,18242,Tim Ream,12352,Matthew Charles Turner,Complete,9.947865,14.7,29.3,6.1,34.3
3857282,2022-11-21,Group Stage,Wales,2,51,28,United States,12352,Matthew Charles Turner,4614,Antonee Robinson,Complete,31.864243,10.4,30.2,36.2,11.5
3857282,2022-11-21,Group Stage,Wales,2,52,15,United States,21881,Sergino Dest,12524,Walker Zimmerman,Complete,15.263355,46.9,80.0,34.5,71.1
3857282,2022-11-21,Group Stage,Wales,2,52,20,United States,12524,Walker Zimmerman,21881,Sergino Dest,Complete,8.861715,28.9,66.5,34.7,73.2
3857282,2022-11-21,Group Stage,Wales,2,52,25,United States,21881,Sergino Dest,8526,Weston McKennie,Incomplete,16.560194,56.4,78.3,69.6,68.3
3857282,2022-11-21,Group Stage,Wales,2,53,14,United States,4614,Antonee Robinson,22168,Joshua Sargent,Incomplete,21.731314,81.0,0.1,102.1,5.3
3857282,2022-11-21,Group Stage,Wales,2,53,20,United States,12751,Tyler Adams,,,Incomplete,13.843771,75.8,12.7,87.5,5.3
3857282,2022-11-21,Group Stage,Wales,2,54,35,United States,12751,Tyler Adams,38792,Yunus Dimoara Musah,Complete,9.481033,65.4,22.0,73.9,17.8
3857282,2022-11-21,Group Stage,Wales,2,54,37,United States,38792,Yunus Dimoara Musah,8246,Christian Pulisic,Complete,10.324728,74.2,15.6,81.4,8.2
3857282,2022-11-21,Group Stage,Wales,2,54,40,United States,8246,Christian Pulisic,38792,Yunus Dimoara Musah,Incomplete,2.3,80.4,10.4,80.4,12.7
3857282,2022-11-21,Group Stage,Wales,2,55,1,United States,12751,Tyler Adams,8246,Christian Pulisic,Complete,10.912378,24.6,34.3,32.8,27.1
3857282,2022-11-21,Group Stage,Wales,2,55,11,United States,8246,Christian Pulisic,8526,Weston McKennie,Complete,15.026643,67.1,40.2,53.7,47.0
3857282,2022-11-21,Group Stage,Wales,2,55,12,United States,8526,Weston McKennie,38792,Yunus Dimoara Musah,Complete,21.077238,53.7,47.0,64.5,28.9
3857282,2022-11-21,Group Stage,Wales,2,55,16,United States,38792,Yunus Dimoara Musah,4614,Antonee Robinson,Complete,14.589037,69.4,25.6,56.6,18.6
3857282,2022-11-21,Group Stage,Wales,2,55,18,United States,4614,Antonee Robinson,12524,Walker Zimmerman,Complete,27.264078,56.6,19.3,43.3,43.1
3857282,2022-11-21,Group Stage,Wales,2,55,21,United States,12524,Walker Zimmerman,21881,Sergino Dest,Complete,15.761028,42.6,46.2,52.2,58.7
3857282,2022-11-21,Group Stage,Wales,2,55,24,United States,21881,Sergino Dest,12524,Walker Zimmerman,Complete,12.092973,52.3,59.2,42.3,52.4
3857282,2022-11-21,Group Stage,Wales,2,55,27,United States,12524,Walker Zimmerman,21881,Sergino Dest,Complete,9.972462,42.0,57.3,44.7,66.9
3857282,2022-11-21,Group Stage,Wales,2,55,28,United States,21881,Sergino Dest,12352,Matthew Charles Turner,Complete,29.830353,42.0,66.7,19.6,47.0
3857282,2022-11-21,Group Stage,Wales,2,55,33,United States,12352,Matthew Charles Turner,12751,Tyler Adams,Complete,19.802273,21.7,45.9,41.5,46.2
3857282,2022-11-21,Group Stage,Wales,2,55,35,United States,12751,Tyler Adams,12524,Walker Zimmerman,Complete,22.450834,41.3,46.3,21.3,56.5
3857282,2022-11-21,Group Stage,Wales,2,55,37,United States,12524,Walker Zimmerman,8526,Weston McKennie,Complete,23.546762,21.1,57.3,44.4,60.7
3857282,2022-11-21,Group Stage,Wales,2,55,38,United States,8526,Weston McKennie,,,Out,19.795202,44.5,60.7,48.9,80.0
3857282,2022-11-21,Group Stage,Wales,2,56,42,United States,12751,Tyler Adams,22168,Joshua Sargent,Complete,9.024965,23.3,43.5,32.0,45.9
3857282,2022-11-21,Group Stage,Wales,2,56,43,United States,22168,Joshua Sargent,8246,Christian Pulisic,Complete,6.081118,32.8,46.3,37.1,42.0
3857282,2022-11-21,Group Stage,Wales,2,58,4,United States,12352,Matthew Charles Turner,18242,Tim Ream,Complete,14.698639,17.2,42.4,18.9,27.8
3857282,2022-11-21,Group Stage,Wales,2,58,7,United States,18242,Tim Ream,12524,Walker Zimmerman,Complete,28.637213,20.7,26.2,17.9,54.7
3857282,2022-11-21,Group Stage,Wales,2,58,11,United States,12524,Walker Zimmerman,21881,Sergino Dest,Complete,17.323395,19.5,57.8,20.4,75.1
3857282,2022-11-21,Group Stage,Wales,2,58,13,United States,21881,Sergino Dest,,,Incomplete,51.48835,24.2,75.2,69.1,50.0
3857282,2022-11-21,Group Stage,Wales,2,58,27,United States,21881,Sergino Dest,22168,Joshua Sargent,Complete,15.220053,42.3,44.3,56.2,50.5
3857282,2022-11-21,Group Stage,Wales,2,59,30,United States,12352,Matthew Charles Turner,,,Incomplete,72.65652,7.0,44.1,79.4,38.0
3857282,2022-11-21,Group Stage,Wales,2,60,21,United States,4614,Antonee Robinson,8246,Christian Pulisic,Complete,14.949582,19.9,21.1,32.4,12.9
3857282,2022-11-21,Group Stage,Wales,2,60,40,United States,12751,Tyler Adams,38792,Yunus Dimoara Musah,Complete,8.854378,32.6,40.2,41.0,37.4
3857282,2022-11-21,Group Stage,Wales,2,60,44,United States,38792,Yunus Dimoara Musah,8246,Christian Pulisic,Complete,14.165098,56.7,26.4,67.8,17.6
3857282,2022-11-21,Group Stage,Wales,2,60,53,United States,8246,Christian Pulisic,38792,Yunus Dimoara Musah,Complete,6.3702435,86.4,12.7,82.1,8.0
3857282,2022-11-21,Group Stage,Wales,2,60,55,United States,38792,Yunus Dimoara Musah,12751,Tyler Adams,Complete,13.366002,81.6,7.2,72.0,16.5
3857282,2022-11-21,Group Stage,Wales,2,60,56,United States,12751,Tyler Adams,4614,Antonee Robinson,Complete,9.464143,70.0,16.9,68.9,7.5
3857282,2022-11-21,Group Stage,Wales,2,60,59,United States,4614,Antonee Robinson,12524,Walker Zimmerman,Complete,37.210884,61.6,9.3,40.0,39.6
3857282,2022-11-21,Group Stage,Wales,2,61,1,United States,12524,Walker Zimmerman,21881,Sergino Dest,Complete,24.224987,41.0,46.7,56.4,65.4
3857282,2022-11-21,Group Stage,Wales,2,61,5,United States,21881,Sergino Dest,3377,Timothy Weah,Complete,12.614278,63.3,65.6,68.7,77.0
3857282,2022-11-21,Group Stage,Wales,2,61,8,United States,3377,Timothy Weah,12524,Walker Zimmerman,Complete,25.9083,64.0,73.8,42.2,59.8
3857282,2022-11-21,Group Stage,Wales,2,61,11,United States,12524,Walker Zimmerman,3377,Timothy Weah,Complete,23.834639,41.7,59.6,58.9,76.1
3857282,2022-11-21,Group Stage,Wales,2,61,14,United States,3377,Timothy Weah,8526,Weston McKennie,Complete,16.164467,59.6,76.1,75.6,73.8
3857282,2022-11-21,Group Stage,Wales,2,61,16,United States,8526,Weston McKennie,3377,Timothy Weah,Complete,7.8108897,74.7,73.4,82.1,75.9
3857282,2022-11-21,Group Stage,Wales,2,61,18,United States,3377,Timothy Weah,8246,Christian Pulisic,Incomplete,55.080757,82.0,75.9,101.0,24.2
3857282,2022-11-21,Group Stage,Wales,2,62,31,United States,4614,Antonee Robinson,22168,Joshua Sargent,Incomplete,25.53625,12.2,0.1,37.3,4.8
3857282,2022-11-21,Group Stage,Wales,2,62,35,United States,8526,Weston McKennie,8246,Christian Pulisic,Complete,10.770329,39.1,18.2,49.5,15.4
3857282,2022-11-21,Group Stage,Wales,2,65,27,United States,12352,Matthew Charles Turner,12524,Walker Zimmerman,Complete,13.461798,7.0,36.1,3.9,49.2
3857282,2022-11-21,Group Stage,Wales,2,65,29,United States,12524,Walker Zimmerman,21881,Sergino Dest,Complete,20.350183,5.5,50.7,10.2,70.5
3857282,2022-11-21,Group Stage,Wales,2,65,32,United States,21881,Sergino Dest,3377,Timothy Weah,Incomplete,43.7008,13.3,71.4,53.3,53.8
3857282,2022-11-21,Group Stage,Wales,2,65,37,United States,12751,Tyler Adams,24243,Brenden Aaronson,Complete,9.625487,36.0,52.9,45.6,53.6
3857282,2022-11-21,Group Stage,Wales,2,65,39,United States,24243,Brenden Aaronson,8246,Christian Pulisic,Complete,12.509596,47.8,52.7,58.3,45.9
3857282,2022-11-21,Group Stage,Wales,2,65,43,United States,8246,Christian Pulisic,22168,Joshua Sargent,Complete,36.628403,80.0,43.8,105.8,17.8
3857282,2022-11-21,Group Stage,Wales,2,65,47,United States,22168,Joshua Sargent,4614,Antonee Robinson,Complete,8.626702,108.0,13.1,100.9,8.2
3857282,2022-11-21,Group Stage,Wales,2,65,49,United States,4614,Antonee Robinson,8246,Christian Pulisic,Complete,11.649893,100.9,8.2,94.3,17.8
3857282,2022-11-21,Group Stage,Wales,2,65,52,United States,8246,Christian Pulisic,21881,Sergino Dest,Complete,36.47931,94.7,19.4,87.2,55.1
3857282,2022-11-21,Group Stage,Wales,2,65,55,United States,21881,Sergino Dest,24243,Brenden Aaronson,Complete,7.0491133,86.5,56.5,90.2,50.5
3857282,2022-11-21,Group Stage,Wales,2,65,56,United States,24243,Brenden Aaronson,21881,Sergino Dest,Complete,10.248902,88.3,51.4,85.3,61.2
3857282,2022-11-21,Group Stage,Wales,2,65,58,United States,21881,Sergino Dest,24243,Brenden Aaronson,Complete,4.167733,86.1,62.9,82.5,60.8
3857282,2022-11-21,Group Stage,Wales,2,66,1,United States,24243,Brenden Aaronson,21881,Sergino Dest,Complete,16.510906,80.2,60.2,87.1,75.2
3857282,2022-11-21,Group Stage,Wales,2,66,31,United States,12751,Tyler Adams,8246,Christian Pulisic,Complete,13.817742,76.5,68.1,77.2,54.3
3857282,2022-11-21,Group Stage,Wales,2,66,33,United States,8246,Christian Pulisic,38792,Yunus Dimoara Musah,Complete,10.1242285,75.6,51.0,78.5,41.3
3857282,2022-11-21,Group Stage,Wales,2,66,35,United States,38792,Yunus Dimoara Musah,4614,Antonee Robinson,Complete,23.455915,79.4,38.7,82.1,15.4
3857282,2022-11-21,Group Stage,Wales,2,66,38,United States,4614,Antonee Robinson,38792,Yunus Dimoara Musah,Complete,11.186599,82.5,15.4,74.2,22.9
3857282,2022-11-21,Group Stage,Wales,2,66,43,United States,38792,Yunus Dimoara Musah,12751,Tyler Adams,Complete,12.631706,78.2,21.6,73.2,33.2
3857282,2022-11-21,Group Stage,Wales,2,66,46,United States,12751,Tyler Adams,21881,Sergino Dest,Complete,28.414257,70.7,35.6,69.8,64.0
3857282,2022-11-21,Group Stage,Wales,2,66,49,United States,21881,Sergino Dest,3377,Timothy Weah,Complete,22.37722,72.2,70.0,92.9,78.5
3857282,2022-11-21,Group Stage,Wales,2,69,12,United States,8246,Christian Pulisic,,,Incomplete,36.749557,120.0,80.0,111.7,44.2
3857282,2022-11-21,Group Stage,Wales,2,69,16,United States,12751,Tyler Adams,8246,Christian Pulisic,Complete,23.491276,92.7,57.3,108.7,74.5
3857282,2022-11-21,Group Stage,Wales,2,69,22,United States,8246,Christian Pulisic,,,Incomplete,20.215836,111.3,68.0,112.1,47.8
3857282,2022-11-21,Group Stage,Wales,2,69,31,United States,8246,Christian Pulisic,,,Incomplete,3.1,115.1,57.4,115.1,54.3
3857282,2022-11-21,Group Stage,Wales,2,69,34,United States,24243,Brenden Aaronson,12751,Tyler Adams,Complete,10.218122,108.0,59.1,98.0,61.2
3857282,2022-11-21,Group Stage,Wales,2,69,35,United States,12751,Tyler Adams,,,Incomplete,20.538744,98.0,61.4,105.8,42.4
3857282,2022-11-21,Group Stage,Wales,2,69,40,United States,4614,Antonee Robinson,21881,Sergino Dest,Complete,26.16448,68.7,40.3,44.4,50.0
3857282,2022-11-21,Group Stage,Wales,2,69,45,United States,21881,Sergino Dest,4614,Antonee Robinson,Complete,29.662266,33.5,50.9,40.6,22.1
3857282,2022-11-21,Group Stage,Wales,2,69,48,United States,4614,Antonee Robinson,38792,Yunus Dimoara Musah,Complete,13.583077,43.1,20.9,56.6,19.4
3857282,2022-11-21,Group Stage,Wales,2,70,2,United States,24243,Brenden Aaronson,12751,Tyler Adams,Complete,9.123596,44.7,36.9,52.9,32.9
3857282,2022-11-21,Group Stage,Wales,2,70,5,United States,12751,Tyler Adams,8246,Christian Pulisic,Complete,12.969194,56.6,35.1,68.2,29.3
3857282,2022-11-21,Group Stage,Wales,2,70,6,United States,8246,Christian Pulisic,38792,Yunus Dimoara Musah,Complete,18.35756,65.8,27.1,63.4,8.9
3857282,2022-11-21,Group Stage,Wales,2,70,12,United States,38792,Yunus Dimoara Musah,,,Injury Clearance,6.307139,63.8,5.9,66.5,0.2
3857282,2022-11-21,Group Stage,Wales,2,71,22,United States,4614,Antonee Robinson,12524,Walker Zimmerman,Complete,29.240555,40.7,6.7,25.7,31.8
3857282,2022-11-21,Group Stage,Wales,2,71,28,United States,12524,Walker Zimmerman,21881,Sergino Dest,Complete,25.800776,21.8,33.8,22.0,59.6
3857282,2022-11-21,Group Stage,Wales,2,71,30,United States,21881,Sergino Dest,12352,Matthew Charles Turner,Complete,14.131525,21.7,59.8,8.6,54.5
3857282,2022-11-21,Group Stage,Wales,2,71,33,United States,12352,Matthew Charles Turner,3377,Timothy Weah,Complete,63.102615,12.4,57.8,74.9,66.5
3857282,2022-11-21,Group Stage,Wales,2,71,36,United States,3377,Timothy Weah,22168,Joshua Sargent,Complete,12.325989,74.9,66.5,87.2,67.3
3857282,2022-11-21,Group Stage,Wales,2,71,50,United States,21881,Sergino Dest,24243,Brenden Aaronson,Complete,9.013878,39.9,70.1,47.4,75.1
3857282,2022-11-21,Group Stage,Wales,2,71,52,United States,24243,Brenden Aaronson,21881,Sergino Dest,Complete,6.43506,50.9,73.4,47.4,68.0
3857282,2022-11-21,Group Stage,Wales,2,71,53,United States,21881,Sergino Dest,24243,Brenden Aaronson,Complete,11.920151,50.0,66.2,56.0,76.5
3857282,2022-11-21,Group Stage,Wales,2,71,57,United States,24243,Brenden Aaronson,21881,Sergino Dest,Complete,8.21523,58.3,75.6,66.5,76.1
3857282,2022-11-21,Group Stage,Wales,2,72,26,United States,38792,Yunus Dimoara Musah,8246,Christian Pulisic,Complete,12.949517,92.9,25.4,104.1,18.9
3857282,2022-11-21,Group Stage,Wales,2,72,29,United States,8246,Christian Pulisic,,,Incomplete,31.028051,110.5,22.4,104.8,52.9
3857282,2022-11-21,Group Stage,Wales,2,72,45,United States,4614,Antonee Robinson,8246,Christian Pulisic,Complete,34.524483,30.7,19.7,64.4,12.2
3857282,2022-11-21,Group Stage,Wales,2,72,48,United States,8246,Christian Pulisic,12751,Tyler Adams,Complete,25.541534,63.1,5.9,48.0,26.5
3857282,2022-11-21,Group Stage,Wales,2,72,53,United States,12751,Tyler Adams,4614,Antonee Robinson,Complete,17.691807,64.4,25.4,62.6,7.8
3857282,2022-11-21,Group Stage,Wales,2,72,57,United States,4614,Antonee Robinson,8246,Christian Pulisic,Complete,11.385077,73.1,11.6,80.2,2.7
3857282,2022-11-21,Group Stage,Wales,2,73,0,United States,8246,Christian Pulisic,,,Injury Clearance,3.3241541,80.9,3.5,80.5,0.2
3857282,2022-11-21,Group Stage,Wales,2,74,21,United States,12352,Matthew Charles Turner,22008,Haji Wright,Complete,60.718533,18.0,34.2,78.7,32.7
3857282,2022-11-21,Group Stage,Wales,2,74,25,United States,22008,Haji Wright,8246,Christian Pulisic,Complete,15.480633,78.0,21.6,90.3,12.2
3857282,2022-11-21,Group Stage,Wales,2,74,30,United States,8246,Christian Pulisic,,,Incomplete,21.125576,107.7,19.7,105.4,40.7
3857282,2022-11-21,Group Stage,Wales,2,74,34,United States,12751,Tyler Adams,4614,Antonee Robinson,Complete,16.104969,89.8,31.0,89.4,14.9
3857282,2022-11-21,Group Stage,Wales,2,74,38,United States,4614,Antonee Robinson,,,Incomplete,30.674093,95.4,15.4,107.7,43.5
3857282,2022-11-21,Group Stage,Wales,2,74,43,United States,3658,DeAndre Yedlin,3377,Timothy Weah,Complete,7.3552704,81.4,75.8,88.7,76.7
3857282,2022-11-21,Group Stage,Wales,2,74,47,United States,3377,Timothy Weah,22008,Haji Wright,Complete,30.6648,95.8,75.6,106.6,46.9
3857282,2022-11-21,Group Stage,Wales,2,75,42,United States,3658,DeAndre Yedlin,22008,Haji Wright,Complete,29.605743,16.8,80.0,38.9,60.3
3857282,2022-11-21,Group Stage,Wales,2,75,51,United States,8246,Christian Pulisic,4614,Antonee Robinson,Complete,22.042913,84.2,24.2,105.2,17.5
3857282,2022-11-21,Group Stage,Wales,2,75,53,United States,4614,Antonee Robinson,8246,Christian Pulisic,Incomplete,13.647344,105.2,17.5,103.2,31.0
3857282,2022-11-21,Group Stage,Wales,2,76,31,United States,8246,Christian Pulisic,24243,Brenden Aaronson,Complete,46.74666,120.0,0.1,116.3,46.7
3857282,2022-11-21,Group Stage,Wales,2,77,25,United States,24243,Brenden Aaronson,3377,Timothy Weah,Incomplete,2.9832869,18.4,51.8,19.1,54.7
3857282,2022-11-21,Group Stage,Wales,2,77,26,United States,3658,DeAndre Yedlin,,,Incomplete,30.657137,14.0,56.5,44.5,59.6
3857282,2022-11-21,Group Stage,Wales,2,78,55,United States,3658,DeAndre Yedlin,12352,Matthew Charles Turner,Complete,14.491722,17.7,58.0,5.3,50.5
3857282,2022-11-21,Group Stage,Wales,2,79,5,United States,12352,Matthew Charles Turner,12524,Walker Zimmerman,Complete,20.175728,6.6,42.7,13.1,61.8
3857282,2022-11-21,Group Stage,Wales,2,79,8,United States,12524,Walker Zimmerman,3658,DeAndre Yedlin,Complete,22.219135,20.6,65.8,39.3,77.8
3857282,2022-11-21,Group Stage,Wales,2,82,32,United States,22008,Haji Wright,12751,Tyler Adams,Complete,25.512547,61.0,40.1,35.5,40.9
3857282,2022-11-21,Group Stage,Wales,2,82,36,United States,12751,Tyler Adams,22008,Haji Wright,Complete,63.763077,34.0,41.3,95.8,57.0
3857282,2022-11-21,Group Stage,Wales,2,83,4,United States,3658,DeAndre Yedlin,22008,Haji Wright,Complete,17.670597,69.8,80.0,85.8,72.5
3857282,2022-11-21,Group Stage,Wales,2,83,5,United States,22008,Haji Wright,24243,Brenden Aaronson,Complete,6.0207973,85.4,72.9,84.9,78.9
3857282,2022-11-21,Group Stage,Wales,2,84,26,United States,4614,Antonee Robinson,8246,Christian Pulisic,Incomplete,17.24094,13.1,17.1,28.9,10.2
3857282,2022-11-21,Group Stage,Wales,2,84,57,United States,12352,Matthew Charles Turner,22008,Haji Wright,Incomplete,62.054893,14.4,36.2,76.0,28.7
3857282,2022-11-21,Group Stage,Wales,2,85,3,United States,12751,Tyler Adams,13035,Kellyn Kai Perry-Acosta,Complete,10.822661,63.8,28.7,72.6,22.4
3857282,2022-11-21,Group Stage,Wales,2,85,8,United States,13035,Kellyn Kai Perry-Acosta,4614,Antonee Robinson,Complete,15.273834,96.5,17.5,111.0,12.7
3857282,2022-11-21,Group Stage,Wales,2,85,10,United States,4614,Antonee Robinson,,,Incomplete,30.27887,113.7,12.0,109.6,42.0
3857282,2022-11-21,Group Stage,Wales,2,85,29,United States,12751,Tyler Adams,12524,Walker Zimmerman,Complete,32.49923,78.5,25.6,62.7,54.0
3857282,2022-11-21,Group Stage,Wales,2,85,34,United States,12524,Walker Zimmerman,18242,Tim Ream,Complete,21.027838,66.7,60.7,61.6,40.3
3857282,2022-11-21,Group Stage,Wales,2,85,37,United States,18242,Tim Ream,4614,Antonee Robinson,Complete,11.524756,60.2,33.2,63.3,22.1
3857282,2022-11-21,Group Stage,Wales,2,85,40,United States,4614,Antonee Robinson,18242,Tim Ream,Complete,10.584895,57.1,24.3,53.1,14.5
3857282,2022-11-21,Group Stage,Wales,2,85,44,United States,18242,Tim Ream,12751,Tyler Adams,Complete,12.240915,62.3,15.4,63.3,27.6
3857282,2022-11-21,Group Stage,Wales,2,85,46,United States,12751,Tyler Adams,3658,DeAndre Yedlin,Complete,45.601097,65.6,32.1,84.5,73.6
3857282,2022-11-21,Group Stage,Wales,2,85,51,United States,3658,DeAndre Yedlin,,,Incomplete,31.549643,99.2,70.3,110.9,41.0
3857282,2022-11-21,Group Stage,Wales,2,86,7,United States,3658,DeAndre Yedlin,3377,Timothy Weah,Complete,19.246298,75.4,80.0,88.5,65.9
3857282,2022-11-21,Group Stage,Wales,2,86,9,United States,3377,Timothy Weah,24243,Brenden Aaronson,Complete,7.641989,89.1,66.2,94.7,71.4
3857282,2022-11-21,Group Stage,Wales,2,86,14,United States,24243,Brenden Aaronson,3658,DeAndre Yedlin,Complete,11.567627,103.1,70.8,93.6,77.4
3857282,2022-11-21,Group Stage,Wales,2,86,16,United States,3658,DeAndre Yedlin,24243,Brenden Aaronson,Complete,8.20975,93.6,77.4,101.8,77.8
3857282,2022-11-21,Group Stage,Wales,2,86,19,United States,24243,Brenden Aaronson,3377,Timothy Weah,Complete,12.060266,101.8,77.8,98.5,66.2
3857282,2022-11-21,Group Stage,Wales,2,86,22,United States,3377,Timothy Weah,4614,Antonee Robinson,Complete,65.72199,105.0,68.1,106.7,2.4
3857282,2022-11-21,Group Stage,Wales,2,88,2,United States,12352,Matthew Charles Turner,,,Incomplete,72.44398,18.9,42.5,89.6,58.3
3857282,2022-11-21,Group Stage,Wales,2,88,8,United States,24243,Brenden Aaronson,13035,Kellyn Kai Perry-Acosta,Complete,9.656604,85.0,51.3,87.6,42.0
3857282,2022-11-21,Group Stage,Wales,2,88,12,United States,13035,Kellyn Kai Perry-Acosta,23789,Jordan Morris,Complete,23.843866,92.3,41.0,101.0,63.2
3857282,2022-11-21,Group Stage,Wales,2,88,16,United States,23789,Jordan Morris,3658,DeAndre Yedlin,Complete,3.4525354,113.7,61.2,114.3,57.8
3857282,2022-11-21,Group Stage,Wales,2,88,18,United States,3658,DeAndre Yedlin,,,Incomplete,19.037857,106.1,59.1,116.1,42.9
3857282,2022-11-21,Group Stage,Wales,2,88,21,United States,3658,DeAndre Yedlin,22008,Haji Wright,Incomplete,36.785324,100.5,53.0,110.5,17.6
3857282,2022-11-21,Group Stage,Wales,2,88,39,United States,12352,Matthew Charles Turner,24243,Brenden Aaronson,Complete,28.539097,14.4,38.3,40.2,50.5
3857282,2022-11-21,Group Stage,Wales,2,90,12,United States,12524,Walker Zimmerman,24243,Brenden Aaronson,Complete,10.589146,55.8,54.5,64.0,61.2
3857282,2022-11-21,Group Stage,Wales,2,90,15,United States,24243,Brenden Aaronson,3658,DeAndre Yedlin,Complete,17.184004,70.0,65.2,82.0,77.5
3857282,2022-11-21,Group Stage,Wales,2,90,18,United States,3658,DeAndre Yedlin,12524,Walker Zimmerman,Complete,19.241882,82.0,77.5,65.1,68.3
3857282,2022-11-21,Group Stage,Wales,2,90,20,United States,12524,Walker Zimmerman,18242,Tim Ream,Complete,25.181343,62.2,66.5,57.3,41.8
3857282,2022-11-21,Group Stage,Wales,2,90,22,United States,18242,Tim Ream,13035,Kellyn Kai Perry-Acosta,Complete,18.690372,57.8,36.7,76.1,32.9
3857282,2022-11-21,Group Stage,Wales,2,90,24,United States,13035,Kellyn Kai Perry-Acosta,18242,Tim Ream,Complete,15.572412,76.4,32.7,61.1,29.8
3857282,2022-11-21,Group Stage,Wales,2,90,26,United States,18242,Tim Ream,12524,Walker Zimmerman,Complete,22.300898,61.8,29.1,57.1,50.9
3857282,2022-11-21,Group Stage,Wales,2,90,31,United States,12524,Walker Zimmerman,18242,Tim Ream,Complete,23.00978,63.1,55.9,60.0,33.1
3857282,2022-11-21,Group Stage,Wales,2,90,34,United States,18242,Tim Ream,12524,Walker Zimmerman,Complete,22.562136,59.3,32.7,56.6,55.1
3857282,2022-11-21,Group Stage,Wales,2,90,37,United States,12524,Walker Zimmerman,24243,Brenden Aaronson,Complete,20.254383,59.4,55.9,79.4,59.1
3857282,2022-11-21,Group Stage,Wales,2,90,44,United States,24243,Brenden Aaronson,12751,Tyler Adams,Complete,7.648529,63.8,55.8,56.9,52.5
3857282,2022-11-21,Group Stage,Wales,2,90,45,United States,12751,Tyler Adams,13035,Kellyn Kai Perry-Acosta,Complete,15.029637,56.7,52.5,63.7,39.2
3857282,2022-11-21,Group Stage,Wales,2,90,47,United States,8246,Christian Pulisic,18242,Tim Ream,Complete,15.802848,63.8,31.8,48.0,32.1
3857282,2022-11-21,Group Stage,Wales,2,90,52,United States,18242,Tim Ream,12524,Walker Zimmerman,Complete,18.242807,56.0,31.8,51.2,49.4
3857282,2022-11-21,Group Stage,Wales,2,90,57,United States,12524,Walker Zimmerman,12751,Tyler Adams,Complete,8.9196415,62.6,56.9,65.6,48.5
3857282,2022-11-21,Group Stage,Wales,2,90,59,United States,12751,Tyler Adams,13035,Kellyn Kai Perry-Acosta,Complete,17.585505,68.5,50.0,82.3,39.1
3857282,2022-11-21,Group Stage,Wales,2,91,1,United States,13035,Kellyn Kai Perry-Acosta,4614,Antonee Robinson,Complete,13.72953,80.7,32.4,73.2,20.9
3857282,2022-11-21,Group Stage,Wales,2,91,4,United States,4614,Antonee Robinson,13035,Kellyn Kai Perry-Acosta,Complete,20.22004,78.3,19.1,98.1,23.2
3857282,2022-11-21,Group Stage,Wales,2,91,6,United States,13035,Kellyn Kai Perry-Acosta,8246,Christian Pulisic,Complete,15.533191,98.1,23.2,106.9,10.4
3857282,2022-11-21,Group Stage,Wales,2,91,7,United States,8246,Christian Pulisic,,,Incomplete,24.04683,108.3,10.0,109.8,34.0
3857282,2022-11-21,Group Stage,Wales,2,91,20,United States,18242,Tim Ream,3658,DeAndre Yedlin,Complete,25.794767,47.4,48.5,61.5,70.1
3857282,2022-11-21,Group Stage,Wales,2,91,22,United States,3658,DeAndre Yedlin,12751,Tyler Adams,Complete,7.33553,62.0,69.4,65.4,62.9
3857282,2022-11-21,Group Stage,Wales,2,93,3,United States,12524,Walker Zimmerman,18242,Tim Ream,Complete,21.472307,57.5,63.2,46.6,44.7
3857282,2022-11-21,Group Stage,Wales,2,93,5,United States,18242,Tim Ream,4614,Antonee Robinson,Complete,25.340284,46.6,44.7,55.3,20.9
3857282,2022-11-21,Group Stage,Wales,2,93,12,United States,4614,Antonee Robinson,12352,Matthew Charles Turner,Complete,42.49235,54.9,18.2,19.3,41.4
3857282,2022-11-21,Group Stage,Wales,2,93,17,United States,12352,Matthew Charles Turner,,,Incomplete,84.02006,22.8,42.7,105.9,55.1
3857282,2022-11-21,Group Stage,Wales,2,93,35,United States,18242,Tim Ream,13035,Kellyn Kai Perry-Acosta,Incomplete,10.261091,26.4,19.8,36.4,17.5
3857282,2022-11-21,Group Stage,Wales,2,93,54,United States,4614,Antonee Robinson,,,Incomplete,18.613167,23.5,17.6,41.7,13.7
3857282,2022-11-21,Group Stage,Wales,2,93,58,United States,12751,Tyler Adams,13035,Kellyn Kai Perry-Acosta,Incomplete,9.535198,28.0,20.2,37.4,18.6
3857282,2022-11-21,Group Stage,Wales,2,94,53,United States,4614,Antonee Robinson,22008,Haji Wright,Complete,26.26195,47.7,0.1,68.9,15.6
3857282,2022-11-21,Group Stage,Wales,2,95,10,United States,12751,Tyler Adams,12524,Walker Zimmerman,Complete,58.496155,66.9,17.2,56.7,74.8
3857282,2022-11-21,Group Stage,Wales,2,95,17,United States,12524,Walker Zimmerman,24243,Brenden Aaronson,Complete,12.664912,57.6,74.8,69.8,71.4
3857282,2022-11-21,Group Stage,Wales,2,95,18,United States,24243,Brenden Aaronson,12524,Walker Zimmerman,Complete,13.892804,67.8,71.8,54.8,76.7
3857282,2022-11-21,Group Stage,Wales,2,95,21,United States,12524,Walker Zimmerman,3658,DeAndre Yedlin,Complete,27.687542,53.8,76.7,81.4,78.9
3857282,2022-11-21,Group Stage,Wales,2,95,25,United States,3658,DeAndre Yedlin,12524,Walker Zimmerman,Complete,20.155643,80.7,75.8,61.1,71.1
3857282,2022-11-21,Group Stage,Wales,2,95,29,United States,12524,Walker Zimmerman,24243,Brenden Aaronson,Complete,32.1624,63.4,71.8,95.3,75.9
3857282,2022-11-21,Group Stage,Wales,2,95,35,United States,3658,DeAndre Yedlin,12751,Tyler Adams,Complete,12.432618,98.1,80.0,88.5,72.1
3857282,2022-11-21,Group Stage,Wales,2,95,38,United States,12751,Tyler Adams,13035,Kellyn Kai Perry-Acosta,Complete,15.840454,88.0,67.8,81.4,53.4
3857282,2022-11-21,Group Stage,Wales,2,95,40,United States,13035,Kellyn Kai Perry-Acosta,4614,Antonee Robinson,Complete,16.702694,81.6,41.4,81.3,24.7
3857282,2022-11-21,Group Stage,Wales,2,95,43,United States,4614,Antonee Robinson,8246,Christian Pulisic,Complete,15.987808,84.7,22.0,88.2,6.4
3857282,2022-11-21,Group Stage,Wales,2,95,47,United States,8246,Christian Pulisic,23789,Jordan Morris,Complete,44.953865,92.1,21.5,111.4,62.1
3857282,2022-11-21,Group Stage,Wales,2,95,51,United States,23789,Jordan Morris,3658,DeAndre Yedlin,Complete,11.221853,107.7,71.4,96.5,70.7
3857282,2022-11-21,Group Stage,Wales,2,95,53,United States,3658,DeAndre Yedlin,,,Incomplete,38.72622,96.5,70.7,116.1,37.3
3857282,2022-11-21,Group Stage,Wales,2,96,0,United States,4614,Antonee Robinson,13035,Kellyn Kai Perry-Acosta,Incomplete,5.2,99.4,6.7,101.4,11.5
3857282,2022-11-21,Group Stage,Wales,2,96,42,United States,8246,Christian Pulisic,24243,Brenden Aaronson,Complete,7.209022,51.1,47.4,48.2,54.0
3857282,2022-11-21,Group Stage,Wales,2,96,52,United States,12751,Tyler Adams,3658,DeAndre Yedlin,Complete,8.009994,18.2,79.0,26.2,78.6
3857282,2022-11-21,Group Stage,Wales,2,96,55,United States,3658,DeAndre Yedlin,8246,Christian Pulisic,Complete,31.22579,29.6,77.0,50.5,53.8
3857282,2022-11-21,Group Stage,Wales,2,97,40,United States,4614,Antonee Robinson,13035,Kellyn Kai Perry-Acosta,Complete,8.318654,22.8,25.6,30.2,29.4
3857282,2022-11-21,Group Stage,Wales,2,97,45,United States,13035,Kellyn Kai Perry-Acosta,12751,Tyler Adams,Incomplete,18.027756,46.0,28.9,40.0,45.9
3857282,2022-11-21,Group Stage,Wales,2,97,56,United States,12751,Tyler Adams,24243,Brenden Aaronson,Complete,12.182775,38.5,46.7,46.6,55.8
3857282,2022-11-21,Group Stage,Wales,2,98,4,United States,24243,Brenden Aaronson,3658,DeAndre Yedlin,Complete,10.716809,49.1,80.0,42.2,71.8
3857282,2022-11-21,Group Stage,Wales,2,98,8,United States,3658,DeAndre Yedlin,12751,Tyler Adams,Complete,10.043903,42.2,71.8,48.0,63.6
3857282,2022-11-21,Group Stage,Wales,2,98,11,United States,12751,Tyler Adams,22008,Haji Wright,Complete,19.743353,51.2,58.5,66.4,45.9
3857282,2022-11-21,Group Stage,Wales,2,98,12,United States,22008,Haji Wright,12751,Tyler Adams,Complete,9.501579,65.3,45.4,57.1,50.2
3857282,2022-11-21,Group Stage,Wales,2,98,14,United States,12751,Tyler Adams,24243,Brenden Aaronson,Complete,18.35647,57.3,52.0,75.3,55.6
3857282,2022-11-21,Group Stage,Wales,2,98,53,United States,12524,Walker Zimmerman,24243,Brenden Aaronson,Complete,11.229425,51.1,67.4,62.0,64.7
3857282,2022-11-21,Group Stage,Wales,2,98,54,United States,24243,Brenden Aaronson,12524,Walker Zimmerman,Complete,11.624973,61.5,64.5,52.0,71.2
3857282,2022-11-21,Group Stage,Wales,2,98,56,United States,12524,Walker Zimmerman,24243,Brenden Aaronson,Complete,11.595258,52.0,71.2,63.3,68.6
3857282,2022-11-21,Group Stage,Wales,2,98,58,United States,24243,Brenden Aaronson,12524,Walker Zimmerman,Complete,16.259459,63.3,68.9,47.4,72.3
3857282,2022-11-21,Group Stage,Wales,2,99,0,United States,12524,Walker Zimmerman,18242,Tim Ream,Complete,31.45314,48.4,72.3,45.3,41.0
3857282,2022-11-21,Group Stage,Wales,2,99,3,United States,18242,Tim Ream,4614,Antonee Robinson,Complete,16.807438,44.5,35.4,50.5,19.7
3857282,2022-11-21,Group Stage,Wales,2,99,5,United States,4614,Antonee Robinson,8246,Christian Pulisic,Complete,16.929264,50.5,13.7,63.7,3.1
3857282,2022-11-21,Group Stage,Wales,2,99,6,United States,8246,Christian Pulisic,4614,Antonee Robinson,Complete,17.05579,63.1,3.3,46.2,5.6
3857282,2022-11-21,Group Stage,Wales,2,99,9,United States,4614,Antonee Robinson,18242,Tim Ream,Complete,19.028662,45.8,5.6,35.5,21.6
3857282,2022-11-21,Group Stage,Wales,2,99,13,United States,18242,Tim Ream,12524,Walker Zimmerman,Complete,18.607525,41.3,25.6,33.3,42.4
3857282,2022-11-21,Group Stage,Wales,2,99,16,United States,12524,Walker Zimmerman,18242,Tim Ream,Complete,14.603082,33.3,42.1,37.1,28.0
3857282,2022-11-21,Group Stage,Wales,2,99,18,United States,18242,Tim Ream,4614,Antonee Robinson,Complete,15.352199,39.3,21.1,45.6,7.1
3857282,2022-11-21,Group Stage,Wales,2,99,21,United States,4614,Antonee Robinson,8246,Christian Pulisic,Incomplete,47.806694,45.6,3.5,93.4,2.7
3857282,2022-11-21,Group Stage,Wales,2,99,28,United States,13035,Kellyn Kai Perry-Acosta,24243,Brenden Aaronson,Complete,17.275415,92.1,9.8,86.1,26.0
3857282,2022-11-21,Group Stage,Wales,2,99,30,United States,24243,Brenden Aaronson,3658,DeAndre Yedlin,Complete,34.889683,86.7,26.4,89.2,61.2
3857282,2022-11-21,Group Stage,Wales,2,99,33,United States,3658,DeAndre Yedlin,,,Incomplete,28.264643,92.1,61.1,108.1,37.8
3857282,2022-11-21,Group Stage,Wales,2,99,40,United States,23789,Jordan Morris,,,Incomplete,3.8013155,111.9,66.5,114.1,63.4
3857282,2022-11-21,Group Stage,Wales,2,100,34,United States,12352,Matthew Charles Turner,,,Unknown,45.44062,13.6,42.5,54.5,22.7
3869117,2022-12-03,Round of 16,Netherlands,1,0,20,United States,21881,Sergino Dest,12524,Walker Zimmerman,Complete,27.47981,71.0,80.0,44.3,73.5
3869117,2022-12-03,Round of 16,Netherlands,1,0,26,United States,12524,Walker Zimmerman,18242,Tim Ream,Complete,17.667202,45.3,57.4,35.5,42.7
3869117,2022-12-03,Round of 16,Netherlands,1,0,32,United States,18242,Tim Ream,3377,Timothy Weah,Complete,55.593166,49.0,31.3,80.8,76.9
3869117,2022-12-03,Round of 16,Netherlands,1,0,35,United States,3377,Timothy Weah,21881,Sergino Dest,Complete,7.5927596,80.5,76.9,75.6,71.1
3869117,2022-12-03,Round of 16,Netherlands,1,0,38,United States,21881,Sergino Dest,3377,Timothy Weah,Complete,13.038404,80.5,70.1,91.5,77.1
3869117,2022-12-03,Round of 16,Netherlands,1,0,43,United States,3377,Timothy Weah,12524,Walker Zimmerman,Complete,26.210112,89.5,70.2,63.4,67.8
3869117,2022-12-03,Round of 16,Netherlands,1,0,47,United States,12524,Walker Zimmerman,21881,Sergino Dest,Complete,23.691559,63.4,67.8,85.7,75.8
3869117,2022-12-03,Round of 16,Netherlands,1,0,51,United States,21881,Sergino Dest,12751,Tyler Adams,Complete,12.485191,86.6,59.0,79.4,48.8
3869117,2022-12-03,Round of 16,Netherlands,1,0,56,United States,12751,Tyler Adams,18242,Tim Ream,Complete,15.6285,69.5,35.0,54.0,33.0
3869117,2022-12-03,Round of 16,Netherlands,1,0,58,United States,18242,Tim Ream,12524,Walker Zimmerman,Complete,20.652603,53.8,33.0,49.5,53.2
3869117,2022-12-03,Round of 16,Netherlands,1,1,2,United States,12524,Walker Zimmerman,22433,Jesus Ferreira,Incomplete,44.35899,55.2,46.5,96.8,31.1
3869117,2022-12-03,Round of 16,Netherlands,1,1,7,United States,4614,Antonee Robinson,,,Incomplete,13.656135,75.5,23.6,88.7,27.1
3869117,2022-12-03,Round of 16,Netherlands,1,1,11,United States,4614,Antonee Robinson,8246,Christian Pulisic,Complete,13.124405,77.0,22.6,89.8,25.5
3869117,2022-12-03,Round of 16,Netherlands,1,1,12,United States,8246,Christian Pulisic,8526,Weston McKennie,Incomplete,6.3780875,89.8,25.5,94.0,20.7
3869117,2022-12-03,Round of 16,Netherlands,1,1,16,United States,8526,Weston McKennie,4614,Antonee Robinson,Incomplete,2.2,92.9,9.3,95.1,9.3
3869117,2022-12-03,Round of 16,Netherlands,1,1,24,United States,18242,Tim Ream,12524,Walker Zimmerman,Complete,22.100904,64.4,13.2,46.6,26.3
3869117,2022-12-03,Round of 16,Netherlands,1,1,26,United States,12524,Walker Zimmerman,38792,Yunus Dimoara Musah,Complete,13.081667,48.0,26.7,57.2,36.0
3869117,2022-12-03,Round of 16,Netherlands,1,1,27,United States,38792,Yunus Dimoara Musah,12524,Walker Zimmerman,Complete,17.348488,57.4,35.7,44.5,24.1
3869117,2022-12-03,Round of 16,Netherlands,1,1,32,United States,12524,Walker Zimmerman,18242,Tim Ream,Complete,9.170606,43.9,22.9,40.0,14.6
3869117,2022-12-03,Round of 16,Netherlands,1,1,38,United States,18242,Tim Ream,21881,Sergino Dest,Complete,25.131853,51.9,32.5,57.5,57.0
3869117,2022-12-03,Round of 16,Netherlands,1,1,40,United States,21881,Sergino Dest,3377,Timothy Weah,Complete,22.552383,57.8,58.4,69.3,77.8
3869117,2022-12-03,Round of 16,Netherlands,1,1,44,United States,3377,Timothy Weah,38792,Yunus Dimoara Musah,Complete,25.932606,70.7,75.0,96.6,73.7
3869117,2022-12-03,Round of 16,Netherlands,1,1,57,United States,21881,Sergino Dest,22433,Jesus Ferreira,Complete,8.5,100.8,80.0,100.8,71.5
3869117,2022-12-03,Round of 16,Netherlands,1,1,58,United States,22433,Jesus Ferreira,21881,Sergino Dest,Complete,7.1168814,101.2,72.1,103.6,78.8
3869117,2022-12-03,Round of 16,Netherlands,1,2,3,United States,21881,Sergino Dest,,,Incomplete,27.38905,117.3,72.1,112.7,45.1
3869117,2022-12-03,Round of 16,Netherlands,1,2,8,United States,12751,Tyler Adams,8246,Christian Pulisic,Complete,16.240997,94.0,44.5,107.1,34.9
3869117,2022-12-03,Round of 16,Netherlands,1,2,23,United States,12524,Walker Zimmerman,18242,Tim Ream,Complete,17.29046,44.9,54.2,36.3,39.2
3869117,2022-12-03,Round of 16,Netherlands,1,2,26,United States,18242,Tim Ream,4614,Antonee Robinson,Complete,22.707928,35.9,35.0,50.0,17.2
3869117,2022-12-03,Round of 16,Netherlands,1,2,54,United States,4614,Antonee Robinson,18242,Tim Ream,Complete,15.867577,42.4,0.1,40.1,15.8
3869117,2022-12-03,Round of 16,Netherlands,1,3,9,United States,18242,Tim Ream,12524,Walker Zimmerman,Complete,20.155643,39.7,50.0,31.7,68.5
3869117,2022-12-03,Round of 16,Netherlands,1,3,11,United States,12524,Walker Zimmerman,21881,Sergino Dest,Out,85.80023,34.2,72.5,120.0,72.7
3869117,2022-12-03,Round of 16,Netherlands,1,3,38,United States,4614,Antonee Robinson,8246,Christian Pulisic,Complete,13.209845,88.1,0.1,94.6,11.6
3869117,2022-12-03,Round of 16,Netherlands,1,3,41,United States,8246,Christian Pulisic,,,Incomplete,1.5524175,90.4,15.6,91.9,15.2
3869117,2022-12-03,Round of 16,Netherlands,1,4,32,United States,12751,Tyler Adams,22433,Jesus Ferreira,Complete,14.583896,63.8,74.1,77.5,69.1
3869117,2022-12-03,Round of 16,Netherlands,1,4,35,United States,22433,Jesus Ferreira,3377,Timothy Weah,Complete,15.132746,81.4,70.9,94.6,78.3
3869117,2022-12-03,Round of 16,Netherlands,1,4,39,United States,3377,Timothy Weah,21881,Sergino Dest,Complete,7.3979726,92.9,78.1,85.7,76.4
3869117,2022-12-03,Round of 16,Netherlands,1,4,40,United States,21881,Sergino Dest,38792,Yunus Dimoara Musah,Complete,9.027182,86.1,76.7,91.8,69.7
3869117,2022-12-03,Round of 16,Netherlands,1,4,46,United States,38792,Yunus Dimoara Musah,,,Incomplete,1.6643317,111.4,66.7,112.3,65.3
3869117,2022-12-03,Round of 16,Netherlands,1,4,50,United States,3377,Timothy Weah,21881,Sergino Dest,Complete,8.770975,108.5,64.5,100.8,68.7
3869117,2022-12-03,Round of 16,Netherlands,1,4,58,United States,38792,Yunus Dimoara Musah,12524,Walker Zimmerman,Complete,29.426008,90.4,80.0,63.4,68.3
3869117,2022-12-03,Round of 16,Netherlands,1,5,1,United States,12524,Walker Zimmerman,18242,Tim Ream,Complete,21.600925,63.0,67.4,62.8,45.8
3869117,2022-12-03,Round of 16,Netherlands,1,5,4,United States,18242,Tim Ream,12751,Tyler Adams,Complete,7.3824115,62.8,45.8,69.3,49.3
3869117,2022-12-03,Round of 16,Netherlands,1,5,5,United States,12751,Tyler Adams,12524,Walker Zimmerman,Complete,22.93142,69.6,50.2,48.0,57.9
3869117,2022-12-03,Round of 16,Netherlands,1,5,8,United States,12524,Walker Zimmerman,4614,Antonee Robinson,Complete,43.23251,47.1,57.6,53.2,14.8
3869117,2022-12-03,Round of 16,Netherlands,1,5,12,United States,4614,Antonee Robinson,8246,Christian Pulisic,Complete,19.425756,51.9,14.4,68.9,5.0
3869117,2022-12-03,Round of 16,Netherlands,1,5,42,United States,12524,Walker Zimmerman,12352,Matthew Charles Turner,Complete,8.485281,16.7,25.4,10.7,31.4
3869117,2022-12-03,Round of 16,Netherlands,1,5,52,United States,12352,Matthew Charles Turner,18242,Tim Ream,Complete,11.815245,14.6,41.7,15.2,29.9
3869117,2022-12-03,Round of 16,Netherlands,1,5,58,United States,18242,Tim Ream,21881,Sergino Dest,Complete,18.689302,33.1,40.7,39.1,58.4
3869117,2022-12-03,Round of 16,Netherlands,1,6,5,United States,21881,Sergino Dest,8246,Christian Pulisic,Complete,48.117878,54.2,43.6,85.9,7.4
3869117,2022-12-03,Round of 16,Netherlands,1,6,10,United States,8246,Christian Pulisic,4614,Antonee Robinson,Incomplete,18.829763,92.6,11.8,111.0,15.8
3869117,2022-12-03,Round of 16,Netherlands,1,6,49,United States,8246,Christian Pulisic,,,Out,69.6,120.0,0.1,120.0,69.7
3869117,2022-12-03,Round of 16,Netherlands,1,7,22,United States,18242,Tim Ream,8246,Christian Pulisic,Incomplete,26.443903,40.7,11.6,66.5,5.8
3869117,2022-12-03,Round of 16,Netherlands,1,7,30,United States,8526,Weston McKennie,8246,Christian Pulisic,Complete,51.184566,66.5,0.1,114.6,17.6
3869117,2022-12-03,Round of 16,Netherlands,1,7,34,United States,8246,Christian Pulisic,3377,Timothy Weah,Incomplete,20.327322,117.3,20.8,112.7,40.6
3869117,2022-12-03,Round of 16,Netherlands,1,7,37,United States,22433,Jesus Ferreira,12751,Tyler Adams,Complete,27.029243,100.8,39.3,77.5,53.0
3869117,2022-12-03,Round of 16,Netherlands,1,7,40,United States,12751,Tyler Adams,12524,Walker Zimmerman,Complete,50.037285,77.9,53.6,28.2,59.4
3869117,2022-12-03,Round of 16,Netherlands,1,7,50,United States,12524,Walker Zimmerman,38792,Yunus Dimoara Musah,Complete,13.572398,31.4,50.4,44.9,51.8
3869117,2022-12-03,Round of 16,Netherlands,1,7,53,United States,38792,Yunus Dimoara Musah,18242,Tim Ream,Complete,18.796276,44.9,51.8,35.2,35.7
3869117,2022-12-03,Round of 16,Netherlands,1,7,59,United States,18242,Tim Ream,12524,Walker Zimmerman,Complete,19.349419,44.5,33.6,34.9,50.4
3869117,2022-12-03,Round of 16,Netherlands,1,8,5,United States,12524,Walker Zimmerman,18242,Tim Ream,Complete,13.509256,41.9,46.8,38.6,33.7
3869117,2022-12-03,Round of 16,Netherlands,1,8,11,United States,18242,Tim Ream,21881,Sergino Dest,Incomplete,30.490162,51.9,39.9,72.8,62.1
3869117,2022-12-03,Round of 16,Netherlands,1,8,24,United States,12751,Tyler Adams,8246,Christian Pulisic,Complete,14.342245,19.2,43.4,31.3,35.7
3869117,2022-12-03,Round of 16,Netherlands,1,8,25,United States,8246,Christian Pulisic,8526,Weston McKennie,Complete,20.373512,31.3,35.7,36.1,55.5
3869117,2022-12-03,Round of 16,Netherlands,1,10,47,United States,22433,Jesus Ferreira,12524,Walker Zimmerman,Complete,11.313708,61.0,40.1,49.8,41.7
3869117,2022-12-03,Round of 16,Netherlands,1,10,52,United States,12524,Walker Zimmerman,18242,Tim Ream,Complete,13.21363,49.8,41.7,39.6,33.3
3869117,2022-12-03,Round of 16,Netherlands,1,10,56,United States,18242,Tim Ream,3377,Timothy Weah,Out,54.677418,53.2,37.1,87.1,80.0
3869117,2022-12-03,Round of 16,Netherlands,1,12,18,United States,4614,Antonee Robinson,22433,Jesus Ferreira,Complete,8.720665,79.4,0.1,75.5,7.9
3869117,2022-12-03,Round of 16,Netherlands,1,12,19,United States,22433,Jesus Ferreira,4614,Antonee Robinson,Complete,4.3965898,75.5,7.9,74.2,3.7
3869117,2022-12-03,Round of 16,Netherlands,1,12,21,United States,4614,Antonee Robinson,18242,Tim Ream,Complete,21.804815,73.1,3.1,51.9,8.2
3869117,2022-12-03,Round of 16,Netherlands,1,12,23,United States,18242,Tim Ream,12524,Walker Zimmerman,Complete,21.0,51.2,8.2,38.6,25.0
3869117,2022-12-03,Round of 16,Netherlands,1,12,30,United States,12524,Walker Zimmerman,18242,Tim Ream,Complete,11.00727,43.9,34.6,44.3,23.6
3869117,2022-12-03,Round of 16,Netherlands,1,12,31,United States,18242,Tim Ream,4614,Antonee Robinson,Complete,19.720547,44.3,22.5,55.4,6.2
3869117,2022-12-03,Round of 16,Netherlands,1,12,34,United States,4614,Antonee Robinson,8246,Christian Pulisic,Complete,11.229425,57.0,4.4,68.1,2.7
3869117,2022-12-03,Round of 16,Netherlands,1,12,35,United States,8246,Christian Pulisic,22433,Jesus Ferreira,Incomplete,36.360004,67.9,2.7,82.5,36.0
3869117,2022-12-03,Round of 16,Netherlands,1,12,38,United States,38792,Yunus Dimoara Musah,22433,Jesus Ferreira,Incomplete,18.009996,74.1,40.2,83.1,24.6
3869117,2022-12-03,Round of 16,Netherlands,1,12,41,United States,12751,Tyler Adams,8246,Christian Pulisic,Complete,24.96097,73.1,24.3,97.8,20.7
3869117,2022-12-03,Round of 16,Netherlands,1,12,44,United States,8246,Christian Pulisic,,,Incomplete,11.112605,108.0,23.6,111.0,34.3
3869117,2022-12-03,Round of 16,Netherlands,1,12,49,United States,3377,Timothy Weah,21881,Sergino Dest,Complete,12.593649,113.2,65.7,100.8,63.5
3869117,2022-12-03,Round of 16,Netherlands,1,14,24,United States,18242,Tim Ream,12751,Tyler Adams,Complete,4.4407206,37.3,29.3,37.9,33.7
3869117,2022-12-03,Round of 16,Netherlands,1,14,25,United States,12751,Tyler Adams,38792,Yunus Dimoara Musah,Complete,19.608671,37.9,35.0,54.2,45.9
3869117,2022-12-03,Round of 16,Netherlands,1,14,27,United States,38792,Yunus Dimoara Musah,,,Incomplete,17.816004,53.6,45.9,58.6,28.8
3869117,2022-12-03,Round of 16,Netherlands,1,14,32,United States,4614,Antonee Robinson,18242,Tim Ream,Complete,20.376947,30.7,6.2,16.8,21.1
3869117,2022-12-03,Round of 16,Netherlands,1,14,45,United States,18242,Tim Ream,12524,Walker Zimmerman,Complete,15.33884,50.5,47.2,38.7,57.0
3869117,2022-12-03,Round of 16,Netherlands,1,14,47,United States,12524,Walker Zimmerman,21881,Sergino Dest,Complete,21.552261,39.1,57.0,53.2,73.3
3869117,2022-12-03,Round of 16,Netherlands,1,14,50,United States,21881,Sergino Dest,12524,Walker Zimmerman,Incomplete,1.1661904,49.1,72.7,48.1,72.1
3869117,2022-12-03,Round of 16,Netherlands,1,15,15,United States,12751,Tyler Adams,12524,Walker Zimmerman,Complete,23.607838,66.8,15.2,43.5,19.0
3869117,2022-12-03,Round of 16,Netherlands,1,15,17,United States,12524,Walker Zimmerman,12352,Matthew Charles Turner,Complete,37.76043,42.5,18.3,6.2,28.7
3869117,2022-12-03,Round of 16,Netherlands,1,15,21,United States,12352,Matthew Charles Turner,21881,Sergino Dest,Complete,37.049427,9.4,29.7,27.9,61.8
3869117,2022-12-03,Round of 16,Netherlands,1,15,28,United States,21881,Sergino Dest,38792,Yunus Dimoara Musah,Complete,14.340154,41.7,61.6,50.9,50.6
3869117,2022-12-03,Round of 16,Netherlands,1,15,36,United States,38792,Yunus Dimoara Musah,4614,Antonee Robinson,Complete,15.632018,51.9,27.4,52.9,11.8
3869117,2022-12-03,Round of 16,Netherlands,1,15,39,United States,4614,Antonee Robinson,18242,Tim Ream,Complete,16.487875,52.9,11.8,41.7,23.9
3869117,2022-12-03,Round of 16,Netherlands,1,15,43,United States,18242,Tim Ream,4614,Antonee Robinson,Complete,19.366207,50.8,33.9,54.0,14.8
3869117,2022-12-03,Round of 16,Netherlands,1,15,48,United States,4614,Antonee Robinson,18242,Tim Ream,Complete,19.589794,63.0,15.2,48.0,27.8
3869117,2022-12-03,Round of 16,Netherlands,1,15,55,United States,18242,Tim Ream,12524,Walker Zimmerman,Complete,26.132355,65.7,43.7,45.6,60.4
3869117,2022-12-03,Round of 16,Netherlands,1,16,2,United States,12524,Walker Zimmerman,18242,Tim Ream,Complete,15.7,54.7,47.8,41.5,39.3
3869117,2022-12-03,Round of 16,Netherlands,1,16,7,United States,18242,Tim Ream,4614,Antonee Robinson,Complete,19.03707,53.3,39.9,66.2,25.9
3869117,2022-12-03,Round of 16,Netherlands,1,16,13,United States,4614,Antonee Robinson,22433,Jesus Ferreira,Incomplete,2.1095023,106.4,30.1,107.5,31.9
3869117,2022-12-03,Round of 16,Netherlands,1,16,55,United States,18242,Tim Ream,38792,Yunus Dimoara Musah,Complete,14.042791,45.6,17.9,58.2,24.1
3869117,2022-12-03,Round of 16,Netherlands,1,17,30,United States,12352,Matthew Charles Turner,,,Incomplete,75.30113,7.0,44.1,82.1,49.6
3869117,2022-12-03,Round of 16,Netherlands,1,17,42,United States,8526,Weston McKennie,21881,Sergino Dest,Complete,14.930506,65.8,62.5,75.2,74.1
3869117,2022-12-03,Round of 16,Netherlands,1,17,49,United States,21881,Sergino Dest,,,Incomplete,32.01,116.3,76.5,115.5,44.5
3869117,2022-12-03,Round of 16,Netherlands,1,18,31,United States,4614,Antonee Robinson,12751,Tyler Adams,Complete,24.714571,63.6,0.1,39.6,6.0
3869117,2022-12-03,Round of 16,Netherlands,1,18,34,United States,12751,Tyler Adams,12524,Walker Zimmerman,Complete,29.562984,38.3,10.0,27.2,37.4
3869117,2022-12-03,Round of 16,Netherlands,1,18,40,United States,12524,Walker Zimmerman,18242,Tim Ream,Complete,12.808201,31.0,38.4,35.2,26.3
3869117,2022-12-03,Round of 16,Netherlands,1,18,47,United States,18242,Tim Ream,38792,Yunus Dimoara Musah,Complete,16.672132,41.4,26.7,57.8,29.7
3869117,2022-12-03,Round of 16,Netherlands,1,18,48,United States,38792,Yunus Dimoara Musah,4614,Antonee Robinson,Complete,17.681911,57.8,29.7,52.6,12.8
3869117,2022-12-03,Round of 16,Netherlands,1,18,54,United States,4614,Antonee Robinson,8526,Weston McKennie,Complete,11.485643,83.8,10.0,93.2,16.6
3869117,2022-12-03,Round of 16,Netherlands,1,18,55,United States,8526,Weston McKennie,,,Out,27.04071,93.2,16.6,120.0,13.0
3869117,2022-12-03,Round of 16,Netherlands,1,19,29,United States,4614,Antonee Robinson,38792,Yunus Dimoara Musah,Incomplete,16.521803,57.0,11.3,71.4,19.4
3869117,2022-12-03,Round of 16,Netherlands,1,19,35,United States,12751,Tyler Adams,8246,Christian Pulisic,Complete,13.8361845,51.9,7.4,65.7,6.4
3869117,2022-12-03,Round of 16,Netherlands,1,19,45,United States,12524,Walker Zimmerman,8246,Christian Pulisic,Incomplete,28.595453,67.9,41.7,94.8,32.0
3869117,2022-12-03,Round of 16,Netherlands,1,20,55,United States,12352,Matthew Charles Turner,21881,Sergino Dest,Complete,24.9946,7.0,44.1,16.3,67.3
3869117,2022-12-03,Round of 16,Netherlands,1,20,59,United States,21881,Sergino Dest,22433,Jesus Ferreira,Complete,18.755533,16.3,65.0,34.2,59.4
3869117,2022-12-03,Round of 16,Netherlands,1,21,0,United States,22433,Jesus Ferreira,8526,Weston McKennie,Complete,13.764084,34.5,59.0,39.3,71.9
3869117,2022-12-03,Round of 16,Netherlands,1,21,2,United States,8526,Weston McKennie,21881,Sergino Dest,Complete,10.816654,39.3,71.9,28.5,72.5
3869117,2022-12-03,Round of 16,Netherlands,1,21,8,United States,21881,Sergino Dest,12751,Tyler Adams,Complete,33.49418,45.9,66.4,54.0,33.9
3869117,2022-12-03,Round of 16,Netherlands,1,21,13,United States,12751,Tyler Adams,8246,Christian Pulisic,Complete,21.298122,76.6,27.3,92.2,12.8
3869117,2022-12-03,Round of 16,Netherlands,1,21,27,United States,12524,Walker Zimmerman,,,Incomplete,3.026549,7.0,11.4,10.0,11.0
3869117,2022-12-03,Round of 16,Netherlands,1,21,34,United States,12352,Matthew Charles Turner,21881,Sergino Dest,Complete,30.980316,7.0,36.1,24.3,61.8
3869117,2022-12-03,Round of 16,Netherlands,1,21,40,United States,21881,Sergino Dest,8526,Weston McKennie,Complete,16.025293,38.9,72.5,36.9,56.6
3869117,2022-12-03,Round of 16,Netherlands,1,21,43,United States,8526,Weston McKennie,12751,Tyler Adams,Complete,12.808201,38.0,54.2,40.3,41.6
3869117,2022-12-03,Round of 16,Netherlands,1,21,46,United States,12751,Tyler Adams,12524,Walker Zimmerman,Complete,15.164433,40.3,37.8,28.9,27.8
3869117,2022-12-03,Round of 16,Netherlands,1,21,50,United States,12524,Walker Zimmerman,18242,Tim Ream,Complete,17.801123,30.5,29.1,30.7,46.9
3869117,2022-12-03,Round of 16,Netherlands,1,22,0,United States,18242,Tim Ream,22433,Jesus Ferreira,Complete,10.662083,46.2,36.7,56.0,40.9
3869117,2022-12-03,Round of 16,Netherlands,1,22,1,United States,22433,Jesus Ferreira,4614,Antonee Robinson,Complete,25.312645,55.8,41.3,56.6,16.0
3869117,2022-12-03,Round of 16,Netherlands,1,22,4,United States,4614,Antonee Robinson,38792,Yunus Dimoara Musah,Complete,16.307667,62.4,14.6,78.7,14.1
3869117,2022-12-03,Round of 16,Netherlands,1,22,6,United States,38792,Yunus Dimoara Musah,4614,Antonee Robinson,Complete,8.600581,76.5,11.4,67.9,11.3
3869117,2022-12-03,Round of 16,Netherlands,1,22,8,United States,4614,Antonee Robinson,12751,Tyler Adams,Complete,10.825895,66.8,11.4,57.0,16.0
3869117,2022-12-03,Round of 16,Netherlands,1,22,10,United States,12751,Tyler Adams,18242,Tim Ream,Complete,11.90042,52.2,18.0,43.3,25.9
3869117,2022-12-03,Round of 16,Netherlands,1,22,13,United States,18242,Tim Ream,12751,Tyler Adams,Complete,12.665702,43.3,25.9,53.2,18.0
3869117,2022-12-03,Round of 16,Netherlands,1,22,15,United States,12751,Tyler Adams,4614,Antonee Robinson,Complete,21.371477,56.0,16.5,74.5,5.8
3869117,2022-12-03,Round of 16,Netherlands,1,22,17,United States,4614,Antonee Robinson,8246,Christian Pulisic,Incomplete,27.915945,76.5,5.1,103.6,11.8
3869117,2022-12-03,Round of 16,Netherlands,1,22,32,United States,4614,Antonee Robinson,38792,Yunus Dimoara Musah,Complete,11.300443,110.3,0.1,103.6,9.2
3869117,2022-12-03,Round of 16,Netherlands,1,22,36,United States,38792,Yunus Dimoara Musah,4614,Antonee Robinson,Incomplete,19.5,103.4,6.5,115.1,22.1
3869117,2022-12-03,Round of 16,Netherlands,1,22,49,United States,18242,Tim Ream,12524,Walker Zimmerman,Complete,22.105429,70.9,17.2,50.8,26.4
3869117,2022-12-03,Round of 16,Netherlands,1,22,52,United States,12524,Walker Zimmerman,3377,Timothy Weah,Complete,8.143709,50.0,30.5,57.4,33.9
3869117,2022-12-03,Round of 16,Netherlands,1,23,2,United States,3377,Timothy Weah,8526,Weston McKennie,Complete,28.050312,78.6,48.8,81.5,76.7
3869117,2022-12-03,Round of 16,Netherlands,1,23,7,United States,8526,Weston McKennie,22433,Jesus Ferreira,Incomplete,10.7354555,94.6,69.7,99.6,60.2
3869117,2022-12-03,Round of 16,Netherlands,1,23,15,United States,38792,Yunus Dimoara Musah,12751,Tyler Adams,Complete,7.48131,79.3,44.1,74.7,50.0
3869117,2022-12-03,Round of 16,Netherlands,1,23,17,United States,12751,Tyler Adams,12524,Walker Zimmerman,Complete,20.355343,71.7,49.6,51.4,51.1
3869117,2022-12-03,Round of 16,Netherlands,1,23,20,United States,12524,Walker Zimmerman,12751,Tyler Adams,Complete,8.631338,50.5,50.7,58.2,46.8
3869117,2022-12-03,Round of 16,Netherlands,1,23,23,United States,12751,Tyler Adams,8246,Christian Pulisic,Complete,15.164762,62.0,46.2,76.6,42.1
3869117,2022-12-03,Round of 16,Netherlands,1,23,26,United States,8246,Christian Pulisic,21881,Sergino Dest,Complete,29.178074,75.2,51.1,91.2,75.5
3869117,2022-12-03,Round of 16,Netherlands,1,23,32,United States,21881,Sergino Dest,8526,Weston McKennie,Complete,9.551963,98.2,71.5,107.2,74.7
3869117,2022-12-03,Round of 16,Netherlands,1,23,36,United States,8526,Weston McKennie,3377,Timothy Weah,Complete,11.799152,107.5,73.5,97.4,67.4
3869117,2022-12-03,Round of 16,Netherlands,1,23,37,United States,3377,Timothy Weah,12751,Tyler Adams,Complete,13.806158,95.7,65.4,83.8,58.4
3869117,2022-12-03,Round of 16,Netherlands,1,23,41,United States,12751,Tyler Adams,12524,Walker Zimmerman,Complete,19.20026,83.9,59.4,64.7,59.3
3869117,2022-12-03,Round of 16,Netherlands,1,23,45,United States,12524,Walker Zimmerman,18242,Tim Ream,Complete,19.638992,63.8,56.6,57.8,37.9
3869117,2022-12-03,Round of 16,Netherlands,1,23,50,United States,18242,Tim Ream,3377,Timothy Weah,Incomplete,22.549944,63.6,45.1,82.5,57.4
3869117,2022-12-03,Round of 16,Netherlands,1,24,36,United States,4614,Antonee Robinson,38792,Yunus Dimoara Musah,Complete,11.067972,40.3,0.1,50.8,3.6
3869117,2022-12-03,Round of 16,Netherlands,1,24,36,United States,38792,Yunus Dimoara Musah,4614,Antonee Robinson,Complete,11.761377,50.8,3.6,39.1,4.8
3869117,2022-12-03,Round of 16,Netherlands,1,24,40,United States,4614,Antonee Robinson,18242,Tim Ream,Complete,22.105429,40.1,6.4,20.0,15.6
3869117,2022-12-03,Round of 16,Netherlands,1,24,43,United States,18242,Tim Ream,12524,Walker Zimmerman,Complete,22.000454,21.2,16.5,23.3,38.4
3869117,2022-12-03,Round of 16,Netherlands,1,24,50,United States,12524,Walker Zimmerman,18242,Tim Ream,Complete,16.451445,34.1,49.7,32.8,33.3
3869117,2022-12-03,Round of 16,Netherlands,1,25,0,United States,18242,Tim Ream,12524,Walker Zimmerman,Complete,34.311077,56.6,39.3,45.9,71.9
3869117,2022-12-03,Round of 16,Netherlands,1,25,5,United States,12524,Walker Zimmerman,18242,Tim Ream,Complete,21.559452,45.9,71.9,44.3,50.4
3869117,2022-12-03,Round of 16,Netherlands,1,25,13,United States,18242,Tim Ream,8526,Weston McKennie,Complete,14.353396,68.2,50.0,77.3,61.1
3869117,2022-12-03,Round of 16,Netherlands,1,25,26,United States,12524,Walker Zimmerman,12751,Tyler Adams,Complete,14.5866375,24.4,64.3,35.8,55.2
3869117,2022-12-03,Round of 16,Netherlands,1,25,32,United States,12751,Tyler Adams,4614,Antonee Robinson,Complete,32.57146,47.7,46.4,58.0,15.5
3869117,2022-12-03,Round of 16,Netherlands,1,25,37,United States,4614,Antonee Robinson,18242,Tim Ream,Complete,23.977072,62.6,14.6,40.5,23.9
3869117,2022-12-03,Round of 16,Netherlands,1,25,40,United States,18242,Tim Ream,12524,Walker Zimmerman,Complete,23.967686,42.5,25.7,40.7,49.6
3869117,2022-12-03,Round of 16,Netherlands,1,25,43,United States,12524,Walker Zimmerman,18242,Tim Ream,Complete,17.490854,40.7,48.8,45.9,32.1
3869117,2022-12-03,Round of 16,Netherlands,1,25,48,United States,18242,Tim Ream,12751,Tyler Adams,Complete,13.577187,57.0,34.6,69.5,29.3
3869117,2022-12-03,Round of 16,Netherlands,1,25,50,United States,12751,Tyler Adams,4614,Antonee Robinson,Complete,15.449595,67.6,26.4,71.3,11.4
3869117,2022-12-03,Round of 16,Netherlands,1,25,53,United States,4614,Antonee Robinson,8246,Christian Pulisic,Complete,6.400781,75.5,14.4,75.6,20.8
3869117,2022-12-03,Round of 16,Netherlands,1,25,55,United States,8246,Christian Pulisic,12751,Tyler Adams,Complete,13.151806,69.0,22.1,63.4,10.2
3869117,2022-12-03,Round of 16,Netherlands,1,25,59,United States,12751,Tyler Adams,12524,Walker Zimmerman,Complete,41.83599,59.2,7.4,41.7,45.4
3869117,2022-12-03,Round of 16,Netherlands,1,26,1,United States,12524,Walker Zimmerman,12352,Matthew Charles Turner,Complete,26.437284,41.7,45.4,16.0,39.2
3869117,2022-12-03,Round of 16,Netherlands,1,26,9,United States,12352,Matthew Charles Turner,38792,Yunus Dimoara Musah,Complete,12.551494,21.0,39.9,33.3,37.4
3869117,2022-12-03,Round of 16,Netherlands,1,26,10,United States,38792,Yunus Dimoara Musah,12352,Matthew Charles Turner,Complete,18.022764,33.3,37.4,15.4,39.5
3869117,2022-12-03,Round of 16,Netherlands,1,26,13,United States,12352,Matthew Charles Turner,4614,Antonee Robinson,Complete,23.513613,16.6,38.8,38.6,30.5
3869117,2022-12-03,Round of 16,Netherlands,1,26,16,United States,4614,Antonee Robinson,18242,Tim Ream,Complete,17.63661,33.5,32.7,16.3,28.8
3869117,2022-12-03,Round of 16,Netherlands,1,26,18,United States,18242,Tim Ream,12352,Matthew Charles Turner,Complete,15.684706,14.4,28.3,4.3,40.3
3869117,2022-12-03,Round of 16,Netherlands,1,26,22,United States,12352,Matthew Charles Turner,8246,Christian Pulisic,Incomplete,55.420303,8.4,39.9,63.8,38.4
3869117,2022-12-03,Round of 16,Netherlands,1,26,38,United States,18242,Tim Ream,3377,Timothy Weah,Complete,25.316002,58.4,43.0,76.5,60.7
3869117,2022-12-03,Round of 16,Netherlands,1,26,41,United States,3377,Timothy Weah,21881,Sergino Dest,Complete,6.1351447,70.9,66.0,68.9,60.2
3869117,2022-12-03,Round of 16,Netherlands,1,26,45,United States,21881,Sergino Dest,8526,Weston McKennie,Incomplete,5.056679,87.6,55.5,92.2,57.6
3869117,2022-12-03,Round of 16,Netherlands,1,26,52,United States,12751,Tyler Adams,3377,Timothy Weah,Complete,13.296617,82.4,46.2,80.8,59.4
3869117,2022-12-03,Round of 16,Netherlands,1,26,54,United States,3377,Timothy Weah,12751,Tyler Adams,Complete,11.030866,79.4,59.0,75.2,48.8
3869117,2022-12-03,Round of 16,Netherlands,1,26,56,United States,12751,Tyler Adams,4614,Antonee Robinson,Complete,20.322647,70.9,45.5,81.4,28.1
3869117,2022-12-03,Round of 16,Netherlands,1,26,59,United States,4614,Antonee Robinson,8526,Weston McKennie,Complete,31.798271,83.1,26.4,106.8,47.6
3869117,2022-12-03,Round of 16,Netherlands,1,27,1,United States,8526,Weston McKennie,22433,Jesus Ferreira,Incomplete,5.731492,106.8,47.6,110.7,43.4
3869117,2022-12-03,Round of 16,Netherlands,1,29,15,United States,12352,Matthew Charles Turner,,,Incomplete,97.87794,7.0,36.1,104.2,47.6
3869117,2022-12-03,Round of 16,Netherlands,1,29,35,United States,18242,Tim Ream,22433,Jesus Ferreira,Complete,14.06556,55.2,12.1,62.2,24.3
3869117,2022-12-03,Round of 16,Netherlands,1,29,36,United States,22433,Jesus Ferreira,12751,Tyler Adams,Incomplete,28.460674,62.2,20.7,34.2,15.6
3869117,2022-12-03,Round of 16,Netherlands,1,29,48,United States,12751,Tyler Adams,,,Incomplete,12.539936,10.8,6.4,23.3,7.4
3869117,2022-12-03,Round of 16,Netherlands,1,29,54,United States,4614,Antonee Robinson,22433,Jesus Ferreira,Unknown,14.660491,32.3,32.5,41.0,20.7
3869117,2022-12-03,Round of 16,Netherlands,1,30,18,United States,12751,Tyler Adams,12524,Walker Zimmerman,Complete,16.40122,47.3,34.6,37.3,47.6
3869117,2022-12-03,Round of 16,Netherlands,1,30,20,United States,12524,Walker Zimmerman,12751,Tyler Adams,Complete,16.864756,37.3,47.6,45.2,32.7
3869117,2022-12-03,Round of 16,Netherlands,1,30,23,United States,12751,Tyler Adams,18242,Tim Ream,Complete,8.236505,45.2,32.3,38.0,28.3
3869117,2022-12-03,Round of 16,Netherlands,1,30,25,United States,18242,Tim Ream,12524,Walker Zimmerman,Complete,16.80268,38.6,30.1,38.3,46.9
3869117,2022-12-03,Round of 16,Netherlands,1,30,29,United States,12524,Walker Zimmerman,18242,Tim Ream,Complete,16.573774,40.1,47.2,43.1,30.9
3869117,2022-12-03,Round of 16,Netherlands,1,30,36,United States,18242,Tim Ream,12524,Walker Zimmerman,Complete,18.402445,58.0,49.6,39.6,49.3
3869117,2022-12-03,Round of 16,Netherlands,1,30,39,United States,12524,Walker Zimmerman,18242,Tim Ream,Complete,7.9120164,37.9,49.3,45.3,46.5
3869117,2022-12-03,Round of 16,Netherlands,1,30,42,United States,18242,Tim Ream,4614,Antonee Robinson,Complete,21.606712,45.6,31.1,57.4,13.0
3869117,2022-12-03,Round of 16,Netherlands,1,31,34,United States,4614,Antonee Robinson,8526,Weston McKennie,Complete,21.992044,26.5,0.1,47.1,7.8
3869117,2022-12-03,Round of 16,Netherlands,1,31,36,United States,8526,Weston McKennie,,,Incomplete,18.824718,47.1,7.8,65.7,10.7
3869117,2022-12-03,Round of 16,Netherlands,1,31,47,United States,4614,Antonee Robinson,18242,Tim Ream,Complete,13.656135,13.6,28.8,10.1,15.6
3869117,2022-12-03,Round of 16,Netherlands,1,31,54,United States,18242,Tim Ream,12524,Walker Zimmerman,Complete,16.534206,28.9,37.9,14.6,46.2
3869117,2022-12-03,Round of 16,Netherlands,1,31,59,United States,12524,Walker Zimmerman,38792,Yunus Dimoara Musah,Complete,17.157215,18.4,55.2,35.5,53.8
3869117,2022-12-03,Round of 16,Netherlands,1,32,3,United States,38792,Yunus Dimoara Musah,12751,Tyler Adams,Complete,24.71639,44.9,47.8,51.2,23.9
3869117,2022-12-03,Round of 16,Netherlands,1,32,8,United States,12751,Tyler Adams,21881,Sergino Dest,Complete,38.308353,69.3,24.3,68.5,62.6
3869117,2022-12-03,Round of 16,Netherlands,1,32,17,United States,21881,Sergino Dest,8526,Weston McKennie,Complete,25.92952,92.9,64.0,118.4,59.3
3869117,2022-12-03,Round of 16,Netherlands,1,32,21,United States,8526,Weston McKennie,3377,Timothy Weah,Complete,17.996944,118.3,71.6,100.8,75.8
3869117,2022-12-03,Round of 16,Netherlands,1,32,28,United States,3377,Timothy Weah,21881,Sergino Dest,Complete,9.476286,86.1,70.9,92.9,77.5
3869117,2022-12-03,Round of 16,Netherlands,1,32,29,United States,21881,Sergino Dest,3377,Timothy Weah,Complete,10.097525,90.8,77.8,80.8,76.4
3869117,2022-12-03,Round of 16,Netherlands,1,32,31,United States,3377,Timothy Weah,12751,Tyler Adams,Complete,29.82918,80.8,76.4,67.5,49.7
3869117,2022-12-03,Round of 16,Netherlands,1,32,34,United States,12751,Tyler Adams,18242,Tim Ream,Complete,14.812158,64.8,46.9,56.4,34.7
3869117,2022-12-03,Round of 16,Netherlands,1,32,37,United States,18242,Tim Ream,38792,Yunus Dimoara Musah,Incomplete,61.630188,56.4,34.6,116.6,21.4
3869117,2022-12-03,Round of 16,Netherlands,1,33,3,United States,18242,Tim Ream,12352,Matthew Charles Turner,Complete,33.72492,39.3,24.3,9.4,39.9
3869117,2022-12-03,Round of 16,Netherlands,1,33,9,United States,12352,Matthew Charles Turner,18242,Tim Ream,Complete,14.11524,13.6,38.5,15.4,24.5
3869117,2022-12-03,Round of 16,Netherlands,1,33,14,United States,18242,Tim Ream,12524,Walker Zimmerman,Complete,19.101048,22.4,30.5,22.2,49.6
3869117,2022-12-03,Round of 16,Netherlands,1,33,18,United States,12524,Walker Zimmerman,8526,Weston McKennie,Complete,26.003462,28.9,52.4,39.6,76.1
3869117,2022-12-03,Round of 16,Netherlands,1,33,24,United States,8526,Weston McKennie,12524,Walker Zimmerman,Complete,14.222517,40.0,70.2,33.8,57.4
3869117,2022-12-03,Round of 16,Netherlands,1,33,35,United States,12524,Walker Zimmerman,38792,Yunus Dimoara Musah,Complete,40.043102,54.0,42.6,79.1,11.4
3869117,2022-12-03,Round of 16,Netherlands,1,33,39,United States,38792,Yunus Dimoara Musah,4614,Antonee Robinson,Complete,17.194475,75.5,10.2,58.4,12.0
3869117,2022-12-03,Round of 16,Netherlands,1,33,42,United States,4614,Antonee Robinson,38792,Yunus Dimoara Musah,Complete,11.271202,58.8,14.1,64.0,4.1
3869117,2022-12-03,Round of 16,Netherlands,1,33,43,United States,38792,Yunus Dimoara Musah,18242,Tim Ream,Complete,28.829498,64.0,4.1,40.5,20.8
3869117,2022-12-03,Round of 16,Netherlands,1,33,51,United States,18242,Tim Ream,21881,Sergino Dest,Complete,11.490866,69.9,54.4,79.7,60.4
3869117,2022-12-03,Round of 16,Netherlands,1,33,54,United States,21881,Sergino Dest,8526,Weston McKennie,Complete,9.486833,80.7,68.5,77.7,77.5
3869117,2022-12-03,Round of 16,Netherlands,1,33,57,United States,8526,Weston McKennie,12524,Walker Zimmerman,Complete,29.178074,76.6,75.0,52.2,59.0
3869117,2022-12-03,Round of 16,Netherlands,1,34,2,United States,12524,Walker Zimmerman,18242,Tim Ream,Complete,12.448695,49.5,55.8,48.4,43.4
3869117,2022-12-03,Round of 16,Netherlands,1,34,5,United States,18242,Tim Ream,12751,Tyler Adams,Complete,29.671873,46.7,40.6,56.8,12.7
3869117,2022-12-03,Round of 16,Netherlands,1,34,11,United States,12751,Tyler Adams,18242,Tim Ream,Complete,17.146719,60.8,15.5,50.9,29.5
3869117,2022-12-03,Round of 16,Netherlands,1,34,13,United States,18242,Tim Ream,8526,Weston McKennie,Complete,13.029965,51.5,30.1,60.2,39.8
3869117,2022-12-03,Round of 16,Netherlands,1,34,15,United States,8526,Weston McKennie,18242,Tim Ream,Complete,12.4169235,57.8,38.5,51.5,27.8
3869117,2022-12-03,Round of 16,Netherlands,1,34,20,United States,18242,Tim Ream,8526,Weston McKennie,Complete,14.50655,57.4,28.3,53.6,42.3
3869117,2022-12-03,Round of 16,Netherlands,1,34,25,United States,8526,Weston McKennie,4614,Antonee Robinson,Complete,32.617325,62.4,36.0,80.7,9.0
3869117,2022-12-03,Round of 16,Netherlands,1,34,29,United States,4614,Antonee Robinson,22433,Jesus Ferreira,Complete,24.342966,83.1,8.6,97.4,28.3
3869117,2022-12-03,Round of 16,Netherlands,1,35,57,United States,22433,Jesus Ferreira,12751,Tyler Adams,Complete,12.653063,64.7,36.4,61.0,24.3
3869117,2022-12-03,Round of 16,Netherlands,1,36,0,United States,12751,Tyler Adams,4614,Antonee Robinson,Complete,10.131634,70.3,16.9,69.5,6.8
3869117,2022-12-03,Round of 16,Netherlands,1,36,3,United States,4614,Antonee Robinson,18242,Tim Ream,Complete,23.05862,69.5,6.8,53.6,23.5
3869117,2022-12-03,Round of 16,Netherlands,1,36,6,United States,18242,Tim Ream,8526,Weston McKennie,Complete,11.386395,57.2,31.9,65.4,39.8
3869117,2022-12-03,Round of 16,Netherlands,1,36,8,United States,8526,Weston McKennie,4614,Antonee Robinson,Incomplete,40.248356,65.4,39.8,102.2,23.5
3869117,2022-12-03,Round of 16,Netherlands,1,36,14,United States,12751,Tyler Adams,4614,Antonee Robinson,Pass Offside,18.000555,78.9,25.5,96.8,23.6
3869117,2022-12-03,Round of 16,Netherlands,1,36,51,United States,12524,Walker Zimmerman,8526,Weston McKennie,Complete,11.1400175,36.6,54.6,43.3,63.5
3869117,2022-12-03,Round of 16,Netherlands,1,36,54,United States,8526,Weston McKennie,22433,Jesus Ferreira,Complete,24.084227,43.3,63.6,61.9,48.3
3869117,2022-12-03,Round of 16,Netherlands,1,36,56,United States,22433,Jesus Ferreira,38792,Yunus Dimoara Musah,Complete,15.941142,57.4,43.1,63.8,28.5
3869117,2022-12-03,Round of 16,Netherlands,1,37,2,United States,38792,Yunus Dimoara Musah,8246,Christian Pulisic,Complete,19.622946,98.2,27.1,117.3,22.6
3869117,2022-12-03,Round of 16,Netherlands,1,37,4,United States,8246,Christian Pulisic,4614,Antonee Robinson,Complete,5.1312766,117.3,22.6,114.5,18.3
3869117,2022-12-03,Round of 16,Netherlands,1,37,5,United States,4614,Antonee Robinson,21881,Sergino Dest,Incomplete,29.002758,114.1,18.3,114.5,47.3
3869117,2022-12-03,Round of 16,Netherlands,1,37,14,United States,8526,Weston McKennie,18242,Tim Ream,Complete,23.1225,90.1,63.2,73.7,46.9
3869117,2022-12-03,Round of 16,Netherlands,1,37,18,United States,18242,Tim Ream,12524,Walker Zimmerman,Complete,18.477283,71.7,46.8,64.7,63.9
3869117,2022-12-03,Round of 16,Netherlands,1,37,21,United States,12524,Walker Zimmerman,12751,Tyler Adams,Complete,11.374093,63.6,63.2,73.5,57.6
3869117,2022-12-03,Round of 16,Netherlands,1,37,23,United States,12751,Tyler Adams,18242,Tim Ream,Complete,22.065811,68.5,53.4,52.6,38.1
3869117,2022-12-03,Round of 16,Netherlands,1,37,26,United States,18242,Tim Ream,38792,Yunus Dimoara Musah,Complete,24.24232,50.1,35.1,63.8,15.1
3869117,2022-12-03,Round of 16,Netherlands,1,37,32,United States,38792,Yunus Dimoara Musah,12751,Tyler Adams,Complete,7.2111025,69.6,10.0,62.8,12.4
3869117,2022-12-03,Round of 16,Netherlands,1,37,39,United States,12751,Tyler Adams,8526,Weston McKennie,Complete,18.128983,68.5,19.4,56.4,32.9
3869117,2022-12-03,Round of 16,Netherlands,1,37,41,United States,8526,Weston McKennie,18242,Tim Ream,Complete,11.896638,56.4,32.9,51.2,22.2
3869117,2022-12-03,Round of 16,Netherlands,1,37,43,United States,18242,Tim Ream,38792,Yunus Dimoara Musah,Complete,21.88881,55.2,22.1,76.6,26.7
3869117,2022-12-03,Round of 16,Netherlands,1,37,46,United States,38792,Yunus Dimoara Musah,22433,Jesus Ferreira,Complete,13.606249,85.7,30.9,89.0,44.1
3869117,2022-12-03,Round of 16,Netherlands,1,37,47,United States,22433,Jesus Ferreira,21881,Sergino Dest,Incomplete,2.6,91.2,44.0,92.2,46.4
3869117,2022-12-03,Round of 16,Netherlands,1,37,51,United States,38792,Yunus Dimoara Musah,12751,Tyler Adams,Complete,9.773945,88.1,27.4,78.9,24.1
3869117,2022-12-03,Round of 16,Netherlands,1,37,52,United States,12751,Tyler Adams,4614,Antonee Robinson,Complete,11.954915,78.9,24.1,82.5,12.7
3869117,2022-12-03,Round of 16,Netherlands,1,37,53,United States,4614,Antonee Robinson,8246,Christian Pulisic,Complete,17.344164,82.5,12.7,99.4,8.8
3869117,2022-12-03,Round of 16,Netherlands,1,37,59,United States,8246,Christian Pulisic,,,Incomplete,2.5,115.6,21.1,115.6,23.6
3869117,2022-12-03,Round of 16,Netherlands,1,38,18,United States,4614,Antonee Robinson,22433,Jesus Ferreira,Complete,9.1268835,109.6,0.1,104.7,7.8
3869117,2022-12-03,Round of 16,Netherlands,1,38,19,United States,22433,Jesus Ferreira,4614,Antonee Robinson,Complete,5.3235326,104.7,7.8,107.2,3.1
3869117,2022-12-03,Round of 16,Netherlands,1,38,20,United States,4614,Antonee Robinson,22433,Jesus Ferreira,Complete,7.406079,107.2,3.1,103.0,9.2
3869117,2022-12-03,Round of 16,Netherlands,1,38,22,United States,22433,Jesus Ferreira,8246,Christian Pulisic,Incomplete,5.3366656,103.0,9.2,104.2,14.4
3869117,2022-12-03,Round of 16,Netherlands,1,38,28,United States,18242,Tim Ream,12751,Tyler Adams,Complete,22.143396,82.8,0.1,64.0,11.8
3869117,2022-12-03,Round of 16,Netherlands,1,38,31,United States,12751,Tyler Adams,12524,Walker Zimmerman,Complete,19.906029,60.5,13.2,45.6,26.4
3869117,2022-12-03,Round of 16,Netherlands,1,38,34,United States,12524,Walker Zimmerman,12352,Matthew Charles Turner,Complete,31.120733,44.5,26.7,22.0,48.2
3869117,2022-12-03,Round of 16,Netherlands,1,38,38,United States,12352,Matthew Charles Turner,12524,Walker Zimmerman,Complete,8.134495,22.0,48.2,27.9,42.6
3869117,2022-12-03,Round of 16,Netherlands,1,38,46,United States,12524,Walker Zimmerman,18242,Tim Ream,Complete,10.40865,35.8,43.0,37.3,32.7
3869117,2022-12-03,Round of 16,Netherlands,1,38,49,United States,18242,Tim Ream,12524,Walker Zimmerman,Complete,15.716552,37.7,32.1,35.1,47.6
3869117,2022-12-03,Round of 16,Netherlands,1,38,54,United States,12524,Walker Zimmerman,18242,Tim Ream,Complete,6.860029,38.0,44.8,32.1,41.3
3869117,2022-12-03,Round of 16,Netherlands,1,38,58,United States,18242,Tim Ream,12352,Matthew Charles Turner,Complete,18.995262,27.6,51.6,8.7,49.7
3869117,2022-12-03,Round of 16,Netherlands,1,39,1,United States,12352,Matthew Charles Turner,12524,Walker Zimmerman,Complete,17.72597,9.1,50.2,23.0,61.2
3869117,2022-12-03,Round of 16,Netherlands,1,39,5,United States,12524,Walker Zimmerman,12352,Matthew Charles Turner,Complete,14.266745,10.8,69.7,4.3,57.0
3869117,2022-12-03,Round of 16,Netherlands,1,39,6,United States,12352,Matthew Charles Turner,21881,Sergino Dest,Complete,15.961516,4.3,57.0,17.2,66.4
3869117,2022-12-03,Round of 16,Netherlands,1,39,7,United States,21881,Sergino Dest,12524,Walker Zimmerman,Complete,7.1610055,17.2,66.4,11.4,70.6
3869117,2022-12-03,Round of 16,Netherlands,1,39,9,United States,12524,Walker Zimmerman,38792,Yunus Dimoara Musah,Incomplete,61.190277,11.4,70.6,71.7,60.2
3869117,2022-12-03,Round of 16,Netherlands,1,39,16,United States,12751,Tyler Adams,21881,Sergino Dest,Complete,21.136698,45.2,55.5,57.2,72.9
3869117,2022-12-03,Round of 16,Netherlands,1,39,21,United States,21881,Sergino Dest,22433,Jesus Ferreira,Complete,10.825895,74.5,75.1,79.1,65.3
3869117,2022-12-03,Round of 16,Netherlands,1,39,22,United States,22433,Jesus Ferreira,21881,Sergino Dest,Complete,6.7230945,79.1,65.3,73.3,68.7
3869117,2022-12-03,Round of 16,Netherlands,1,39,28,United States,21881,Sergino Dest,22433,Jesus Ferreira,Complete,4.3324356,79.7,52.1,81.1,56.2
3869117,2022-12-03,Round of 16,Netherlands,1,39,29,United States,22433,Jesus Ferreira,8526,Weston McKennie,Complete,10.095544,79.7,56.2,74.1,64.6
3869117,2022-12-03,Round of 16,Netherlands,1,39,32,United States,8526,Weston McKennie,12751,Tyler Adams,Complete,16.256075,74.1,64.6,67.6,49.7
3869117,2022-12-03,Round of 16,Netherlands,1,39,35,United States,12751,Tyler Adams,38792,Yunus Dimoara Musah,Complete,18.54562,68.2,48.6,81.9,36.1
3869117,2022-12-03,Round of 16,Netherlands,1,39,36,United States,38792,Yunus Dimoara Musah,12751,Tyler Adams,Complete,16.772596,81.4,36.1,64.8,38.5
3869117,2022-12-03,Round of 16,Netherlands,1,39,42,United States,12751,Tyler Adams,8246,Christian Pulisic,Unknown,13.370116,56.1,29.1,68.5,24.1
3869117,2022-12-03,Round of 16,Netherlands,1,40,0,United States,12751,Tyler Adams,12524,Walker Zimmerman,Complete,24.739645,69.3,22.5,55.6,43.1
3869117,2022-12-03,Round of 16,Netherlands,1,40,8,United States,12524,Walker Zimmerman,4614,Antonee Robinson,Complete,22.071928,58.2,38.9,69.6,20.0
3869117,2022-12-03,Round of 16,Netherlands,1,40,12,United States,4614,Antonee Robinson,8246,Christian Pulisic,Complete,8.207314,86.3,14.6,91.9,8.6
3869117,2022-12-03,Round of 16,Netherlands,1,40,15,United States,8246,Christian Pulisic,18242,Tim Ream,Complete,16.7869,83.5,14.2,67.9,20.4
3869117,2022-12-03,Round of 16,Netherlands,1,40,17,United States,18242,Tim Ream,4614,Antonee Robinson,Complete,20.012497,68.2,20.4,81.1,5.1
3869117,2022-12-03,Round of 16,Netherlands,1,40,20,United States,4614,Antonee Robinson,8526,Weston McKennie,Complete,13.648809,81.1,5.1,90.9,14.6
3869117,2022-12-03,Round of 16,Netherlands,1,40,26,United States,18242,Tim Ream,12524,Walker Zimmerman,Complete,21.80023,52.6,15.8,39.6,33.3
3869117,2022-12-03,Round of 16,Netherlands,1,40,32,United States,12524,Walker Zimmerman,8246,Christian Pulisic,Incomplete,46.290497,45.9,46.4,91.8,52.4
3869117,2022-12-03,Round of 16,Netherlands,1,40,39,United States,22433,Jesus Ferreira,12524,Walker Zimmerman,Complete,12.403628,65.7,44.5,53.3,44.8
3869117,2022-12-03,Round of 16,Netherlands,1,40,41,United States,12524,Walker Zimmerman,12751,Tyler Adams,Complete,6.228965,53.3,44.8,57.5,40.2
3869117,2022-12-03,Round of 16,Netherlands,1,40,43,United States,12751,Tyler Adams,12524,Walker Zimmerman,Complete,14.676852,56.4,40.3,43.5,47.3
3869117,2022-12-03,Round of 16,Netherlands,1,40,45,United States,12524,Walker Zimmerman,3377,Timothy Weah,Complete,24.069275,40.7,48.3,50.0,70.5
3869117,2022-12-03,Round of 16,Netherlands,1,40,48,United States,3377,Timothy Weah,21881,Sergino Dest,Complete,9.940322,49.8,70.5,57.8,64.6
3869117,2022-12-03,Round of 16,Netherlands,1,40,49,United States,21881,Sergino Dest,3377,Timothy Weah,Complete,16.757387,57.8,64.6,72.3,73.0
3869117,2022-12-03,Round of 16,Netherlands,1,40,55,United States,3377,Timothy Weah,22433,Jesus Ferreira,Complete,14.328294,105.2,60.2,106.1,45.9
3869117,2022-12-03,Round of 16,Netherlands,1,40,58,United States,8246,Christian Pulisic,4614,Antonee Robinson,Complete,32.24562,101.9,38.9,116.6,10.2
3869117,2022-12-03,Round of 16,Netherlands,1,41,4,United States,4614,Antonee Robinson,,,Incomplete,2.9614186,115.5,9.2,116.1,12.1
3869117,2022-12-03,Round of 16,Netherlands,1,41,37,United States,21881,Sergino Dest,3377,Timothy Weah,Complete,21.411446,70.7,50.7,88.5,62.6
3869117,2022-12-03,Round of 16,Netherlands,1,41,44,United States,3377,Timothy Weah,,,Incomplete,2.3853722,110.0,73.9,111.3,71.9
3869117,2022-12-03,Round of 16,Netherlands,1,41,57,United States,21881,Sergino Dest,38792,Yunus Dimoara Musah,Complete,15.376931,103.6,60.4,99.8,75.3
3869117,2022-12-03,Round of 16,Netherlands,1,42,0,United States,38792,Yunus Dimoara Musah,12751,Tyler Adams,Complete,14.489997,101.2,75.5,87.6,70.5
3869117,2022-12-03,Round of 16,Netherlands,1,42,2,United States,12751,Tyler Adams,21881,Sergino Dest,Complete,6.521503,87.6,70.5,92.9,74.3
3869117,2022-12-03,Round of 16,Netherlands,1,42,5,United States,21881,Sergino Dest,,,Incomplete,28.15564,94.3,74.3,105.8,48.6
3869117,2022-12-03,Round of 16,Netherlands,1,42,11,United States,3377,Timothy Weah,,,Incomplete,17.490854,111.8,63.6,106.6,46.9
3869117,2022-12-03,Round of 16,Netherlands,1,42,27,United States,21881,Sergino Dest,22433,Jesus Ferreira,Complete,7.7781744,106.1,80.0,105.0,72.3
3869117,2022-12-03,Round of 16,Netherlands,1,42,27,United States,22433,Jesus Ferreira,21881,Sergino Dest,Complete,5.60803,105.8,72.5,106.1,78.1
3869117,2022-12-03,Round of 16,Netherlands,1,42,31,United States,21881,Sergino Dest,3377,Timothy Weah,Complete,9.315042,105.8,71.3,101.2,63.2
3869117,2022-12-03,Round of 16,Netherlands,1,42,32,United States,3377,Timothy Weah,22433,Jesus Ferreira,Complete,13.582341,101.0,63.2,104.2,76.4
3869117,2022-12-03,Round of 16,Netherlands,1,42,34,United States,22433,Jesus Ferreira,38792,Yunus Dimoara Musah,Complete,16.510906,104.2,76.1,87.7,75.5
3869117,2022-12-03,Round of 16,Netherlands,1,42,36,United States,38792,Yunus Dimoara Musah,12751,Tyler Adams,Complete,21.630072,87.7,75.5,80.8,55.0
3869117,2022-12-03,Round of 16,Netherlands,1,42,38,United States,12751,Tyler Adams,18242,Tim Ream,Complete,18.866373,79.4,51.8,69.9,35.5
3869117,2022-12-03,Round of 16,Netherlands,1,42,41,United States,18242,Tim Ream,12524,Walker Zimmerman,Complete,22.788155,70.7,36.4,64.4,58.3
3869117,2022-12-03,Round of 16,Netherlands,1,42,43,United States,12524,Walker Zimmerman,21881,Sergino Dest,Out,28.052986,63.8,58.4,81.7,80.0
3869117,2022-12-03,Round of 16,Netherlands,1,43,10,United States,18242,Tim Ream,,,Incomplete,49.9866,49.5,69.7,98.0,57.6
3869117,2022-12-03,Round of 16,Netherlands,1,43,21,United States,21881,Sergino Dest,4614,Antonee Robinson,Complete,48.483604,76.1,69.7,68.6,21.8
3869117,2022-12-03,Round of 16,Netherlands,1,43,26,United States,4614,Antonee Robinson,12751,Tyler Adams,Incomplete,23.754158,70.4,23.5,91.9,13.4
3869117,2022-12-03,Round of 16,Netherlands,1,43,31,United States,38792,Yunus Dimoara Musah,18242,Tim Ream,Complete,18.643229,62.4,6.8,46.3,16.2
3869117,2022-12-03,Round of 16,Netherlands,1,43,34,United States,18242,Tim Ream,12524,Walker Zimmerman,Complete,15.163443,31.4,22.6,34.7,37.4
3869117,2022-12-03,Round of 16,Netherlands,1,43,38,United States,12524,Walker Zimmerman,8526,Weston McKennie,Complete,10.700467,36.6,39.8,47.3,39.9
3869117,2022-12-03,Round of 16,Netherlands,1,43,39,United States,8526,Weston McKennie,18242,Tim Ream,Complete,16.120794,45.6,39.9,32.8,30.1
3869117,2022-12-03,Round of 16,Netherlands,1,43,44,United States,18242,Tim Ream,12751,Tyler Adams,Complete,11.123399,37.7,28.8,48.0,24.6
3869117,2022-12-03,Round of 16,Netherlands,1,43,45,United States,12751,Tyler Adams,8526,Weston McKennie,Complete,17.04142,47.7,24.9,34.2,35.3
3869117,2022-12-03,Round of 16,Netherlands,1,43,48,United States,8526,Weston McKennie,3377,Timothy Weah,Complete,60.20299,39.3,37.5,87.1,74.1
3869117,2022-12-03,Round of 16,Netherlands,1,43,52,United States,3377,Timothy Weah,21881,Sergino Dest,Complete,17.917868,87.1,74.1,77.0,59.3
3869117,2022-12-03,Round of 16,Netherlands,1,44,17,United States,4614,Antonee Robinson,12751,Tyler Adams,Complete,17.656727,6.6,26.9,24.0,29.9
3869117,2022-12-03,Round of 16,Netherlands,1,44,24,United States,12751,Tyler Adams,8526,Weston McKennie,Complete,16.524527,43.3,25.5,42.4,42.0
3869117,2022-12-03,Round of 16,Netherlands,1,44,24,United States,8526,Weston McKennie,21881,Sergino Dest,Complete,36.3446,42.4,42.0,44.2,78.3
3869117,2022-12-03,Round of 16,Netherlands,1,44,31,United States,21881,Sergino Dest,12524,Walker Zimmerman,Complete,20.523401,43.9,78.3,35.9,59.4
3869117,2022-12-03,Round of 16,Netherlands,1,44,34,United States,12524,Walker Zimmerman,21881,Sergino Dest,Complete,27.870594,35.9,59.4,60.5,72.5
3869117,2022-12-03,Round of 16,Netherlands,1,44,39,United States,21881,Sergino Dest,3377,Timothy Weah,Complete,5.433231,72.7,73.5,73.3,78.9
3869117,2022-12-03,Round of 16,Netherlands,1,44,41,United States,3377,Timothy Weah,8526,Weston McKennie,Complete,23.505318,73.3,78.9,52.8,67.4
3869117,2022-12-03,Round of 16,Netherlands,1,44,44,United States,8526,Weston McKennie,12751,Tyler Adams,Complete,23.503405,55.0,66.9,55.4,43.4
3869117,2022-12-03,Round of 16,Netherlands,1,44,47,United States,12751,Tyler Adams,22433,Jesus Ferreira,Complete,16.54237,55.6,37.8,71.7,41.6
3869117,2022-12-03,Round of 16,Netherlands,1,44,50,United States,22433,Jesus Ferreira,8526,Weston McKennie,Complete,7.77946,67.5,48.8,61.9,54.2
3869117,2022-12-03,Round of 16,Netherlands,1,44,54,United States,8526,Weston McKennie,12751,Tyler Adams,Complete,6.276942,64.0,46.4,61.6,40.6
3869117,2022-12-03,Round of 16,Netherlands,1,44,58,United States,12751,Tyler Adams,18242,Tim Ream,Complete,16.300306,60.2,38.4,50.5,25.3
3869117,2022-12-03,Round of 16,Netherlands,1,45,1,United States,18242,Tim Ream,8246,Christian Pulisic,Complete,22.28946,51.2,25.0,73.3,22.1
3869117,2022-12-03,Round of 16,Netherlands,1,45,30,United States,22433,Jesus Ferreira,4614,Antonee Robinson,Complete,6.8066144,14.4,5.1,15.6,11.8
3869117,2022-12-03,Round of 16,Netherlands,2,45,0,United States,34339,Giovanni Reyna,18242,Tim Ream,Complete,28.278084,60.0,40.0,38.7,21.4
3869117,2022-12-03,Round of 16,Netherlands,2,45,3,United States,18242,Tim Ream,12524,Walker Zimmerman,Complete,19.411594,39.4,22.6,31.0,40.1
3869117,2022-12-03,Round of 16,Netherlands,2,45,8,United States,12524,Walker Zimmerman,8246,Christian Pulisic,Complete,56.15808,37.4,40.6,91.6,55.3
3869117,2022-12-03,Round of 16,Netherlands,2,45,12,United States,8246,Christian Pulisic,3377,Timothy Weah,Complete,15.206906,91.6,58.1,94.1,73.1
3869117,2022-12-03,Round of 16,Netherlands,2,45,13,United States,3377,Timothy Weah,8246,Christian Pulisic,Complete,9.019978,94.5,73.1,95.1,64.1
3869117,2022-12-03,Round of 16,Netherlands,2,45,14,United States,8246,Christian Pulisic,3377,Timothy Weah,Incomplete,2.2847319,94.1,66.8,96.2,65.9
3869117,2022-12-03,Round of 16,Netherlands,2,45,44,United States,8526,Weston McKennie,,,Incomplete,38.776928,102.5,80.0,110.7,42.1
3869117,2022-12-03,Round of 16,Netherlands,2,45,56,United States,18242,Tim Ream,34339,Giovanni Reyna,Complete,28.206383,45.3,34.5,73.5,33.9
3869117,2022-12-03,Round of 16,Netherlands,2,46,27,United States,18242,Tim Ream,34339,Giovanni Reyna,Incomplete,26.561062,53.2,14.5,79.7,16.3
3869117,2022-12-03,Round of 16,Netherlands,2,46,44,United States,18242,Tim Ream,8526,Weston McKennie,Complete,24.809877,56.4,17.1,81.2,16.4
3869117,2022-12-03,Round of 16,Netherlands,2,46,45,United States,8526,Weston McKennie,,,Incomplete,34.860435,81.2,16.4,111.8,33.1
3869117,2022-12-03,Round of 16,Netherlands,2,47,14,United States,4614,Antonee Robinson,38792,Yunus Dimoara Musah,Incomplete,11.846096,52.0,27.4,61.7,20.6
3869117,2022-12-03,Round of 16,Netherlands,2,47,22,United States,18242,Tim Ream,8246,Christian Pulisic,Incomplete,55.352055,33.5,3.5,88.8,5.9
3869117,2022-12-03,Round of 16,Netherlands,2,47,40,United States,4614,Antonee Robinson,8246,Christian Pulisic,Complete,19.884918,66.6,0.1,81.2,13.6
3869117,2022-12-03,Round of 16,Netherlands,2,47,57,United States,18242,Tim Ream,8526,Weston McKennie,Complete,26.593233,11.0,39.3,37.4,36.1
3869117,2022-12-03,Round of 16,Netherlands,2,48,0,United States,8526,Weston McKennie,8246,Christian Pulisic,Incomplete,8.626702,39.4,42.4,45.5,36.3
3869117,2022-12-03,Round of 16,Netherlands,2,48,8,United States,8526,Weston McKennie,3377,Timothy Weah,Complete,32.005623,75.1,68.6,107.1,68.0
3869117,2022-12-03,Round of 16,Netherlands,2,48,12,United States,3377,Timothy Weah,8246,Christian Pulisic,Incomplete,3.8052595,115.2,60.3,115.0,56.5
3869117,2022-12-03,Round of 16,Netherlands,2,48,43,United States,8246,Christian Pulisic,8526,Weston McKennie,Complete,44.844845,120.0,80.0,109.1,36.5
3869117,2022-12-03,Round of 16,Netherlands,2,48,54,United States,8246,Christian Pulisic,8526,Weston McKennie,Complete,24.4804,93.6,56.5,108.4,37.0
3869117,2022-12-03,Round of 16,Netherlands,2,49,49,United States,4614,Antonee Robinson,8246,Christian Pulisic,Unknown,26.254524,10.3,21.9,36.2,17.6
3869117,2022-12-03,Round of 16,Netherlands,2,50,14,United States,38792,Yunus Dimoara Musah,4614,Antonee Robinson,Complete,23.349947,33.0,19.1,50.1,3.2
3869117,2022-12-03,Round of 16,Netherlands,2,50,16,United States,4614,Antonee Robinson,18242,Tim Ream,Complete,27.12287,46.9,6.4,28.8,26.6
3869117,2022-12-03,Round of 16,Netherlands,2,50,20,United States,18242,Tim Ream,12524,Walker Zimmerman,Complete,19.101831,32.5,33.4,26.7,51.6
3869117,2022-12-03,Round of 16,Netherlands,2,50,24,United States,12524,Walker Zimmerman,12751,Tyler Adams,Complete,47.780018,25.9,51.0,37.7,4.7
3869117,2022-12-03,Round of 16,Netherlands,2,50,30,United States,12751,Tyler Adams,8526,Weston McKennie,Complete,23.663052,37.4,4.9,51.9,23.6
3869117,2022-12-03,Round of 16,Netherlands,2,50,35,United States,34339,Giovanni Reyna,8526,Weston McKennie,Complete,5.700877,56.7,25.9,60.2,21.4
3869117,2022-12-03,Round of 16,Netherlands,2,50,41,United States,8526,Weston McKennie,3377,Timothy Weah,Complete,27.815283,92.1,46.4,112.6,65.2
3869117,2022-12-03,Round of 16,Netherlands,2,50,46,United States,3377,Timothy Weah,21881,Sergino Dest,Complete,12.306909,110.8,72.0,102.3,63.1
3869117,2022-12-03,Round of 16,Netherlands,2,51,27,United States,4614,Antonee Robinson,8526,Weston McKennie,Complete,7.8854294,84.9,6.7,86.6,14.4
3869117,2022-12-03,Round of 16,Netherlands,2,51,28,United States,8526,Weston McKennie,34339,Giovanni Reyna,Complete,5.8077536,86.6,14.4,92.4,14.1
3869117,2022-12-03,Round of 16,Netherlands,2,51,44,United States,4614,Antonee Robinson,8246,Christian Pulisic,Incomplete,16.671232,69.4,0.1,82.1,10.9
3869117,2022-12-03,Round of 16,Netherlands,2,51,47,United States,38792,Yunus Dimoara Musah,4614,Antonee Robinson,Complete,11.253888,69.9,16.4,68.8,5.2
3869117,2022-12-03,Round of 16,Netherlands,2,51,49,United States,4614,Antonee Robinson,12751,Tyler Adams,Complete,9.276314,68.6,7.5,62.4,14.4
3869117,2022-12-03,Round of 16,Netherlands,2,51,51,United States,12751,Tyler Adams,4614,Antonee Robinson,Complete,14.541321,62.7,14.7,68.8,1.5
3869117,2022-12-03,Round of 16,Netherlands,2,51,55,United States,4614,Antonee Robinson,8526,Weston McKennie,Complete,8.13941,81.8,5.5,82.6,13.6
3869117,2022-12-03,Round of 16,Netherlands,2,51,55,United States,8526,Weston McKennie,4614,Antonee Robinson,Incomplete,4.1868844,82.6,13.6,85.8,10.9
3869117,2022-12-03,Round of 16,Netherlands,2,51,57,United States,8526,Weston McKennie,8246,Christian Pulisic,Complete,12.151132,81.5,10.1,93.3,13.0
3869117,2022-12-03,Round of 16,Netherlands,2,52,20,United States,18242,Tim Ream,,,Incomplete,36.916393,56.7,22.8,93.6,23.9
3869117,2022-12-03,Round of 16,Netherlands,2,52,36,United States,12751,Tyler Adams,4614,Antonee Robinson,Complete,19.13766,22.2,18.4,38.2,7.9
3869117,2022-12-03,Round of 16,Netherlands,2,52,40,United States,4614,Antonee Robinson,38792,Yunus Dimoara Musah,Incomplete,2.1540658,39.2,4.1,40.0,6.1
3869117,2022-12-03,Round of 16,Netherlands,2,52,48,United States,38792,Yunus Dimoara Musah,8526,Weston McKennie,Complete,10.977249,45.2,12.1,49.5,22.2
3869117,2022-12-03,Round of 16,Netherlands,2,52,50,United States,8526,Weston McKennie,34339,Giovanni Reyna,Complete,52.42452,57.6,31.8,100.8,2.1
3869117,2022-12-03,Round of 16,Netherlands,2,52,59,United States,34339,Giovanni Reyna,8526,Weston McKennie,Complete,18.03136,107.1,22.6,100.3,39.3
3869117,2022-12-03,Round of 16,Netherlands,2,53,36,United States,12524,Walker Zimmerman,8526,Weston McKennie,Complete,14.657763,50.1,31.4,61.0,41.2
3869117,2022-12-03,Round of 16,Netherlands,2,53,37,United States,8526,Weston McKennie,21881,Sergino Dest,Complete,25.283394,60.2,40.9,38.0,53.0
3869117,2022-12-03,Round of 16,Netherlands,2,53,41,United States,21881,Sergino Dest,12524,Walker Zimmerman,Complete,7.8,38.2,52.8,38.2,45.0
3869117,2022-12-03,Round of 16,Netherlands,2,53,43,United States,12524,Walker Zimmerman,12352,Matthew Charles Turner,Complete,25.763735,38.2,45.0,12.6,42.1
3869117,2022-12-03,Round of 16,Netherlands,2,53,46,United States,12352,Matthew Charles Turner,12524,Walker Zimmerman,Complete,10.002,13.2,41.8,23.0,43.8
3869117,2022-12-03,Round of 16,Netherlands,2,53,51,United States,12524,Walker Zimmerman,4614,Antonee Robinson,Complete,25.538403,36.2,28.3,45.2,4.4
3869117,2022-12-03,Round of 16,Netherlands,2,53,53,United States,4614,Antonee Robinson,34339,Giovanni Reyna,Out,36.85173,45.5,4.4,82.1,0.1
3869117,2022-12-03,Round of 16,Netherlands,2,54,25,United States,4614,Antonee Robinson,18242,Tim Ream,Complete,10.458012,23.3,17.9,22.2,28.3
3869117,2022-12-03,Round of 16,Netherlands,2,54,26,United States,18242,Tim Ream,12751,Tyler Adams,Complete,11.454257,22.2,27.7,27.0,17.3
3869117,2022-12-03,Round of 16,Netherlands,2,54,28,United States,12751,Tyler Adams,4614,Antonee Robinson,Complete,8.060397,22.5,13.3,16.1,18.2
3869117,2022-12-03,Round of 16,Netherlands,2,54,31,United States,4614,Antonee Robinson,8246,Christian Pulisic,Complete,20.107958,16.1,15.3,32.8,4.1
3869117,2022-12-03,Round of 16,Netherlands,2,54,34,United States,8246,Christian Pulisic,34339,Giovanni Reyna,Complete,13.237824,32.5,3.7,45.7,4.7
3869117,2022-12-03,Round of 16,Netherlands,2,54,39,United States,38792,Yunus Dimoara Musah,34339,Giovanni Reyna,Incomplete,21.29413,55.9,2.4,77.1,4.4
3869117,2022-12-03,Round of 16,Netherlands,2,54,59,United States,18242,Tim Ream,4614,Antonee Robinson,Complete,17.18284,43.5,23.1,46.0,6.1
3869117,2022-12-03,Round of 16,Netherlands,2,55,6,United States,4614,Antonee Robinson,34339,Giovanni Reyna,Complete,7.2,69.4,6.1,69.4,13.3
3869117,2022-12-03,Round of 16,Netherlands,2,55,8,United States,34339,Giovanni Reyna,3377,Timothy Weah,Incomplete,35.49831,69.4,13.3,97.1,35.5
3869117,2022-12-03,Round of 16,Netherlands,2,55,21,United States,4614,Antonee Robinson,12751,Tyler Adams,Complete,10.396634,86.4,4.9,78.9,12.1
3869117,2022-12-03,Round of 16,Netherlands,2,55,25,United States,12751,Tyler Adams,4614,Antonee Robinson,Complete,6.96563,81.2,10.1,85.6,4.7
3869117,2022-12-03,Round of 16,Netherlands,2,55,27,United States,4614,Antonee Robinson,8526,Weston McKennie,Out,36.13544,88.1,5.2,119.2,23.6
3869117,2022-12-03,Round of 16,Netherlands,2,57,27,United States,12524,Walker Zimmerman,12352,Matthew Charles Turner,Complete,27.26848,27.9,64.0,11.0,42.6
3869117,2022-12-03,Round of 16,Netherlands,2,57,33,United States,12352,Matthew Charles Turner,12524,Walker Zimmerman,Complete,6.4,16.1,44.4,16.1,50.8
3869117,2022-12-03,Round of 16,Netherlands,2,57,37,United States,12524,Walker Zimmerman,38792,Yunus Dimoara Musah,Complete,19.377563,19.5,50.8,28.8,33.8
3869117,2022-12-03,Round of 16,Netherlands,2,57,44,United States,38792,Yunus Dimoara Musah,8526,Weston McKennie,Complete,8.004998,44.9,45.0,46.7,52.8
3869117,2022-12-03,Round of 16,Netherlands,2,57,47,United States,8526,Weston McKennie,4614,Antonee Robinson,Complete,46.64011,44.4,48.1,62.7,5.2
3869117,2022-12-03,Round of 16,Netherlands,2,57,54,United States,4614,Antonee Robinson,8526,Weston McKennie,Complete,19.202343,57.0,15.9,56.7,35.1
3869117,2022-12-03,Round of 16,Netherlands,2,57,59,United States,8526,Weston McKennie,8246,Christian Pulisic,Complete,12.371338,68.8,25.9,79.2,32.6
3869117,2022-12-03,Round of 16,Netherlands,2,58,59,United States,8246,Christian Pulisic,,,Incomplete,31.849648,81.8,29.4,110.6,43.0
3869117,2022-12-03,Round of 16,Netherlands,2,59,3,United States,18242,Tim Ream,21881,Sergino Dest,Complete,12.349089,104.5,51.0,100.0,62.5
3869117,2022-12-03,Round of 16,Netherlands,2,59,9,United States,21881,Sergino Dest,3377,Timothy Weah,Complete,9.14385,104.5,70.3,97.6,64.3
3869117,2022-12-03,Round of 16,Netherlands,2,59,11,United States,3377,Timothy Weah,12751,Tyler Adams,Complete,10.217632,96.8,64.3,86.6,63.7
3869117,2022-12-03,Round of 16,Netherlands,2,59,13,United States,12751,Tyler Adams,,,Incomplete,29.54082,92.4,59.3,110.3,35.8
3869117,2022-12-03,Round of 16,Netherlands,2,59,18,United States,4614,Antonee Robinson,8526,Weston McKennie,Complete,12.349089,80.9,8.9,92.4,4.4
3869117,2022-12-03,Round of 16,Netherlands,2,59,22,United States,8526,Weston McKennie,8246,Christian Pulisic,Complete,3.4058774,94.1,5.5,93.9,8.9
3869117,2022-12-03,Round of 16,Netherlands,2,60,14,United States,8246,Christian Pulisic,,,Incomplete,23.281967,90.4,17.3,107.5,33.1
3869117,2022-12-03,Round of 16,Netherlands,2,60,30,United States,4614,Antonee Robinson,8246,Christian Pulisic,Complete,8.236505,20.7,17.3,24.7,10.1
3869117,2022-12-03,Round of 16,Netherlands,2,61,32,United States,12352,Matthew Charles Turner,21881,Sergino Dest,Complete,16.101242,9.2,44.4,22.2,53.9
3869117,2022-12-03,Round of 16,Netherlands,2,61,37,United States,21881,Sergino Dest,12751,Tyler Adams,Complete,7.2027774,39.4,52.8,39.2,45.6
3869117,2022-12-03,Round of 16,Netherlands,2,61,40,United States,12751,Tyler Adams,8526,Weston McKennie,Complete,15.592627,40.0,45.0,34.8,30.3
3869117,2022-12-03,Round of 16,Netherlands,2,61,46,United States,8526,Weston McKennie,8246,Christian Pulisic,Complete,16.527554,45.7,25.1,61.1,19.1
3869117,2022-12-03,Round of 16,Netherlands,2,61,47,United States,8246,Christian Pulisic,4614,Antonee Robinson,Complete,11.86086,57.3,18.2,56.1,6.4
3869117,2022-12-03,Round of 16,Netherlands,2,61,49,United States,4614,Antonee Robinson,38792,Yunus Dimoara Musah,Incomplete,53.782246,56.1,6.4,106.3,25.7
3869117,2022-12-03,Round of 16,Netherlands,2,62,18,United States,18242,Tim Ream,12751,Tyler Adams,Incomplete,2.5179358,50.7,23.6,53.2,23.9
3869117,2022-12-03,Round of 16,Netherlands,2,62,26,United States,12524,Walker Zimmerman,8246,Christian Pulisic,Complete,35.595085,15.8,22.6,50.7,15.6
3869117,2022-12-03,Round of 16,Netherlands,2,62,33,United States,8246,Christian Pulisic,3377,Timothy Weah,Complete,57.487564,50.7,12.7,86.6,57.6
3869117,2022-12-03,Round of 16,Netherlands,2,62,53,United States,12524,Walker Zimmerman,8526,Weston McKennie,Complete,13.518136,24.7,47.8,38.2,48.5
3869117,2022-12-03,Round of 16,Netherlands,2,62,59,United States,8526,Weston McKennie,8246,Christian Pulisic,Complete,16.623478,61.4,42.1,67.9,26.8
3869117,2022-12-03,Round of 16,Netherlands,2,63,11,United States,4614,Antonee Robinson,34339,Giovanni Reyna,Complete,28.792013,53.2,7.9,81.5,2.6
3869117,2022-12-03,Round of 16,Netherlands,2,63,16,United States,34339,Giovanni Reyna,38792,Yunus Dimoara Musah,Complete,5.9539905,80.3,16.7,75.1,19.6
3869117,2022-12-03,Round of 16,Netherlands,2,63,20,United States,38792,Yunus Dimoara Musah,34339,Giovanni Reyna,Complete,9.708244,88.7,14.7,85.6,5.5
3869117,2022-12-03,Round of 16,Netherlands,2,63,24,United States,34339,Giovanni Reyna,12751,Tyler Adams,Complete,13.418271,80.3,15.6,68.2,21.4
3869117,2022-12-03,Round of 16,Netherlands,2,63,27,United States,12751,Tyler Adams,18242,Tim Ream,Complete,12.432618,67.4,25.4,55.0,26.3
3869117,2022-12-03,Round of 16,Netherlands,2,63,30,United States,18242,Tim Ream,12524,Walker Zimmerman,Complete,20.957577,56.1,30.9,45.2,48.8
3869117,2022-12-03,Round of 16,Netherlands,2,63,34,United States,12524,Walker Zimmerman,3377,Timothy Weah,Complete,14.708501,47.7,50.8,62.4,51.3
3869117,2022-12-03,Round of 16,Netherlands,2,63,36,United States,3377,Timothy Weah,12524,Walker Zimmerman,Complete,18.039955,62.4,51.3,44.4,50.1
3869117,2022-12-03,Round of 16,Netherlands,2,63,39,United States,12524,Walker Zimmerman,18242,Tim Ream,Complete,17.647663,53.0,38.9,39.2,27.9
3869117,2022-12-03,Round of 16,Netherlands,2,63,42,United States,18242,Tim Ream,4614,Antonee Robinson,Complete,33.378136,39.2,27.4,63.1,4.1
3869117,2022-12-03,Round of 16,Netherlands,2,63,46,United States,4614,Antonee Robinson,38792,Yunus Dimoara Musah,Complete,18.534832,80.1,6.9,67.4,20.4
3869117,2022-12-03,Round of 16,Netherlands,2,63,49,United States,38792,Yunus Dimoara Musah,21881,Sergino Dest,Incomplete,53.870678,67.4,20.4,95.6,66.3
3869117,2022-12-03,Round of 16,Netherlands,2,66,51,United States,21881,Sergino Dest,34339,Giovanni Reyna,Complete,10.866462,105.1,80.0,106.3,69.2
3869117,2022-12-03,Round of 16,Netherlands,2,66,52,United States,34339,Giovanni Reyna,21881,Sergino Dest,Complete,5.322593,106.3,69.2,104.0,74.0
3869117,2022-12-03,Round of 16,Netherlands,2,66,55,United States,12751,Tyler Adams,38792,Yunus Dimoara Musah,Complete,7.2249565,93.3,63.1,100.5,63.7
3869117,2022-12-03,Round of 16,Netherlands,2,66,55,United States,38792,Yunus Dimoara Musah,34339,Giovanni Reyna,Incomplete,1.3,101.1,64.0,102.3,64.5
3869117,2022-12-03,Round of 16,Netherlands,2,67,7,United States,21881,Sergino Dest,38792,Yunus Dimoara Musah,Complete,12.5781555,109.1,80.0,107.7,67.5
3869117,2022-12-03,Round of 16,Netherlands,2,67,8,United States,38792,Yunus Dimoara Musah,21881,Sergino Dest,Complete,8.417244,107.7,67.5,109.1,75.8
3869117,2022-12-03,Round of 16,Netherlands,2,67,47,United States,38792,Yunus Dimoara Musah,22008,Haji Wright,Complete,19.35691,25.9,57.3,44.9,53.6
3869117,2022-12-03,Round of 16,Netherlands,2,67,49,United States,22008,Haji Wright,24243,Brenden Aaronson,Complete,12.4,44.4,51.9,44.4,39.5
3869117,2022-12-03,Round of 16,Netherlands,2,68,52,United States,4614,Antonee Robinson,,,Out,32.830627,15.5,15.3,44.6,0.1
3869117,2022-12-03,Round of 16,Netherlands,2,69,18,United States,12751,Tyler Adams,38792,Yunus Dimoara Musah,Incomplete,8.237719,44.9,41.8,53.0,43.3
3869117,2022-12-03,Round of 16,Netherlands,2,69,21,United States,12524,Walker Zimmerman,4614,Antonee Robinson,Complete,25.761406,34.2,47.3,38.5,21.9
3869117,2022-12-03,Round of 16,Netherlands,2,69,24,United States,4614,Antonee Robinson,24243,Brenden Aaronson,Incomplete,1.5231546,44.6,20.2,46.0,19.6
3869117,2022-12-03,Round of 16,Netherlands,2,70,25,United States,12352,Matthew Charles Turner,21881,Sergino Dest,Complete,28.147646,6.0,36.0,11.0,63.7
3869117,2022-12-03,Round of 16,Netherlands,2,70,30,United States,21881,Sergino Dest,12352,Matthew Charles Turner,Complete,15.920113,15.5,53.0,6.6,39.8
3869117,2022-12-03,Round of 16,Netherlands,2,70,31,United States,12352,Matthew Charles Turner,38792,Yunus Dimoara Musah,Incomplete,54.640003,7.5,40.4,51.2,73.2
3869117,2022-12-03,Round of 16,Netherlands,2,70,38,United States,12751,Tyler Adams,21881,Sergino Dest,Complete,12.744019,40.0,75.5,27.9,71.5
3869117,2022-12-03,Round of 16,Netherlands,2,70,58,United States,12352,Matthew Charles Turner,22008,Haji Wright,Incomplete,66.58145,17.3,32.9,82.6,19.9
3869117,2022-12-03,Round of 16,Netherlands,2,71,23,United States,12352,Matthew Charles Turner,12751,Tyler Adams,Complete,17.997778,14.3,37.2,31.7,32.6
3869117,2022-12-03,Round of 16,Netherlands,2,71,26,United States,12751,Tyler Adams,34339,Giovanni Reyna,Complete,21.35275,35.4,32.6,56.7,34.1
3869117,2022-12-03,Round of 16,Netherlands,2,71,28,United States,34339,Giovanni Reyna,22008,Haji Wright,Pass Offside,26.310453,56.1,34.1,74.3,15.1
3869117,2022-12-03,Round of 16,Netherlands,2,72,39,United States,38792,Yunus Dimoara Musah,12751,Tyler Adams,Complete,10.720075,63.1,26.8,56.7,18.2
3869117,2022-12-03,Round of 16,Netherlands,2,72,42,United States,12751,Tyler Adams,4614,Antonee Robinson,Complete,11.539497,50.9,13.3,55.9,2.9
3869117,2022-12-03,Round of 16,Netherlands,2,72,45,United States,4614,Antonee Robinson,12751,Tyler Adams,Complete,11.329607,57.3,2.9,46.7,6.9
3869117,2022-12-03,Round of 16,Netherlands,2,72,47,United States,12751,Tyler Adams,38792,Yunus Dimoara Musah,Complete,12.6,45.7,9.6,45.7,22.2
3869117,2022-12-03,Round of 16,Netherlands,2,72,58,United States,38792,Yunus Dimoara Musah,21881,Sergino Dest,Complete,12.88177,52.1,50.1,42.6,58.8
3869117,2022-12-03,Round of 16,Netherlands,2,73,2,United States,21881,Sergino Dest,38792,Yunus Dimoara Musah,Complete,12.676356,45.2,52.5,51.5,63.5
3869117,2022-12-03,Round of 16,Netherlands,2,73,5,United States,38792,Yunus Dimoara Musah,22008,Haji Wright,Complete,18.401087,56.7,73.8,75.1,74.0
3869117,2022-12-03,Round of 16,Netherlands,2,73,7,United States,22008,Haji Wright,34339,Giovanni Reyna,Complete,18.822327,75.1,74.0,93.3,69.2
3869117,2022-12-03,Round of 16,Netherlands,2,73,55,United States,24243,Brenden Aaronson,12751,Tyler Adams,Complete,6.606815,70.3,21.1,70.6,27.7
3869117,2022-12-03,Round of 16,Netherlands,2,73,56,United States,12751,Tyler Adams,34339,Giovanni Reyna,Complete,12.786321,75.1,30.6,82.1,41.3
3869117,2022-12-03,Round of 16,Netherlands,2,74,0,United States,34339,Giovanni Reyna,8246,Christian Pulisic,Incomplete,5.6293874,80.3,49.3,85.8,48.1
3869117,2022-12-03,Round of 16,Netherlands,2,74,3,United States,34339,Giovanni Reyna,21881,Sergino Dest,Complete,11.597413,86.4,66.0,92.1,76.1
3869117,2022-12-03,Round of 16,Netherlands,2,75,9,United States,8246,Christian Pulisic,,,Incomplete,43.791893,120.0,80.0,108.3,37.8
3869117,2022-12-03,Round of 16,Netherlands,2,75,14,United States,3658,DeAndre Yedlin,12524,Walker Zimmerman,Complete,11.475626,82.4,48.5,93.6,51.0
3869117,2022-12-03,Round of 16,Netherlands,2,75,16,United States,12524,Walker Zimmerman,3658,DeAndre Yedlin,Complete,7.209022,93.6,51.9,87.0,54.8
3869117,2022-12-03,Round of 16,Netherlands,2,75,16,United States,3658,DeAndre Yedlin,8246,Christian Pulisic,Complete,23.277672,86.6,54.8,106.3,67.2
3869117,2022-12-03,Round of 16,Netherlands,2,75,20,United States,8246,Christian Pulisic,22008,Haji Wright,Complete,10.572133,113.2,55.6,115.1,45.2
3869117,2022-12-03,Round of 16,Netherlands,2,76,16,United States,18242,Tim Ream,24243,Brenden Aaronson,Incomplete,19.723083,44.0,20.4,63.6,18.2
3869117,2022-12-03,Round of 16,Netherlands,2,76,19,United States,12751,Tyler Adams,,,Incomplete,27.365124,54.1,14.7,81.2,10.9
3869117,2022-12-03,Round of 16,Netherlands,2,76,30,United States,4614,Antonee Robinson,34339,Giovanni Reyna,Incomplete,29.013445,33.7,4.9,55.0,24.6
3869117,2022-12-03,Round of 16,Netherlands,2,76,40,United States,4614,Antonee Robinson,24243,Brenden Aaronson,Complete,6.627217,11.8,4.1,18.4,4.7
3869117,2022-12-03,Round of 16,Netherlands,2,76,44,United States,24243,Brenden Aaronson,12751,Tyler Adams,Complete,6.8658576,29.7,4.9,28.2,11.6
3869117,2022-12-03,Round of 16,Netherlands,2,76,46,United States,12751,Tyler Adams,4614,Antonee Robinson,Complete,9.752948,29.9,8.1,21.3,3.5
3869117,2022-12-03,Round of 16,Netherlands,2,76,48,United States,4614,Antonee Robinson,34339,Giovanni Reyna,Complete,36.744797,21.3,3.5,57.6,9.2
3869117,2022-12-03,Round of 16,Netherlands,2,76,50,United States,34339,Giovanni Reyna,8246,Christian Pulisic,Complete,19.46407,57.6,9.2,64.5,27.4
3869117,2022-12-03,Round of 16,Netherlands,2,76,54,United States,8246,Christian Pulisic,22008,Haji Wright,Incomplete,36.737583,66.2,37.5,99.6,52.8
3869117,2022-12-03,Round of 16,Netherlands,2,77,7,United States,18242,Tim Ream,12751,Tyler Adams,Complete,11.819053,33.7,17.9,40.0,7.9
3869117,2022-12-03,Round of 16,Netherlands,2,77,11,United States,12751,Tyler Adams,24243,Brenden Aaronson,Incomplete,25.671968,40.0,7.9,63.1,19.1
3869117,2022-12-03,Round of 16,Netherlands,2,77,47,United States,12352,Matthew Charles Turner,34339,Giovanni Reyna,Complete,70.48645,6.0,44.0,75.7,54.5
3869117,2022-12-03,Round of 16,Netherlands,2,77,51,United States,34339,Giovanni Reyna,,,Incomplete,12.445883,75.7,54.5,84.6,45.8
3869117,2022-12-03,Round of 16,Netherlands,2,77,55,United States,18242,Tim Ream,12751,Tyler Adams,Complete,9.402127,55.0,39.5,62.4,45.3
3869117,2022-12-03,Round of 16,Netherlands,2,77,58,United States,12751,Tyler Adams,4614,Antonee Robinson,Complete,25.4,63.1,39.3,63.1,13.9
3869117,2022-12-03,Round of 16,Netherlands,2,78,0,United States,4614,Antonee Robinson,12751,Tyler Adams,Complete,11.403947,63.1,13.3,69.7,22.6
3869117,2022-12-03,Round of 16,Netherlands,2,78,3,United States,12751,Tyler Adams,8246,Christian Pulisic,Complete,11.221853,69.7,22.6,80.9,21.9
3869117,2022-12-03,Round of 16,Netherlands,2,78,31,United States,12751,Tyler Adams,8246,Christian Pulisic,Complete,18.253767,61.6,21.6,79.8,20.2
3869117,2022-12-03,Round of 16,Netherlands,2,78,33,United States,8246,Christian Pulisic,22008,Haji Wright,Incomplete,3.2140317,80.9,21.6,81.2,24.8
3869117,2022-12-03,Round of 16,Netherlands,2,79,0,United States,12524,Walker Zimmerman,22008,Haji Wright,Complete,18.931984,30.6,17.5,49.5,16.4
3869117,2022-12-03,Round of 16,Netherlands,2,79,2,United States,22008,Haji Wright,24243,Brenden Aaronson,Complete,5.8523498,49.2,16.7,51.2,11.2
3869117,2022-12-03,Round of 16,Netherlands,2,79,5,United States,34339,Giovanni Reyna,3658,DeAndre Yedlin,Complete,24.166092,56.1,30.9,50.9,54.5
3869117,2022-12-03,Round of 16,Netherlands,2,79,9,United States,3658,DeAndre Yedlin,38792,Yunus Dimoara Musah,Complete,4.609772,68.8,54.2,69.1,58.8
3869117,2022-12-03,Round of 16,Netherlands,2,79,11,United States,38792,Yunus Dimoara Musah,34339,Giovanni Reyna,Complete,5.408327,74.0,59.3,74.3,53.9
3869117,2022-12-03,Round of 16,Netherlands,2,79,14,United States,34339,Giovanni Reyna,4614,Antonee Robinson,Complete,49.93646,74.6,51.6,94.5,5.8
3869117,2022-12-03,Round of 16,Netherlands,2,79,18,United States,4614,Antonee Robinson,,,Incomplete,29.18784,99.6,4.9,108.8,32.6
3869117,2022-12-03,Round of 16,Netherlands,2,79,51,United States,8246,Christian Pulisic,,,Incomplete,41.70084,120.0,0.1,115.0,41.5
3869117,2022-12-03,Round of 16,Netherlands,2,80,10,United States,3658,DeAndre Yedlin,,,Incomplete,11.046267,33.0,58.5,42.9,53.6
3869117,2022-12-03,Round of 16,Netherlands,2,82,3,United States,22008,Haji Wright,38792,Yunus Dimoara Musah,Complete,14.468241,60.0,40.0,45.7,37.8
3869117,2022-12-03,Round of 16,Netherlands,2,82,4,United States,38792,Yunus Dimoara Musah,8246,Christian Pulisic,Complete,21.600464,44.9,35.1,61.6,21.4
3869117,2022-12-03,Round of 16,Netherlands,2,82,13,United States,8246,Christian Pulisic,4614,Antonee Robinson,Complete,9.590099,87.8,10.9,93.9,3.5
3869117,2022-12-03,Round of 16,Netherlands,2,82,15,United States,4614,Antonee Robinson,24243,Brenden Aaronson,Complete,8.471718,93.3,3.5,84.9,2.4
3869117,2022-12-03,Round of 16,Netherlands,2,82,18,United States,24243,Brenden Aaronson,18242,Tim Ream,Complete,26.518862,80.9,5.2,62.4,24.2
3869117,2022-12-03,Round of 16,Netherlands,2,82,20,United States,18242,Tim Ream,12524,Walker Zimmerman,Complete,28.744564,62.4,24.2,55.9,52.2
3869117,2022-12-03,Round of 16,Netherlands,2,82,30,United States,12524,Walker Zimmerman,34339,Giovanni Reyna,Complete,25.821308,53.9,41.8,56.4,67.5
3869117,2022-12-03,Round of 16,Netherlands,2,82,34,United States,34339,Giovanni Reyna,12524,Walker Zimmerman,Complete,18.843832,55.9,67.5,44.9,52.2
3869117,2022-12-03,Round of 16,Netherlands,2,82,37,United States,12524,Walker Zimmerman,4614,Antonee Robinson,Complete,50.647408,50.9,49.0,74.9,4.4
3869117,2022-12-03,Round of 16,Netherlands,2,83,7,United States,12524,Walker Zimmerman,,,Incomplete,29.614355,28.3,17.5,57.8,14.9
3869117,2022-12-03,Round of 16,Netherlands,2,83,30,United States,12751,Tyler Adams,34339,Giovanni Reyna,Complete,12.231925,74.0,29.7,67.1,39.8
3869117,2022-12-03,Round of 16,Netherlands,2,83,32,United States,34339,Giovanni Reyna,12524,Walker Zimmerman,Complete,18.18351,65.9,39.8,74.9,55.6
3869117,2022-12-03,Round of 16,Netherlands,2,83,34,United States,12524,Walker Zimmerman,38792,Yunus Dimoara Musah,Complete,10.744766,74.9,55.6,85.3,58.3
3869117,2022-12-03,Round of 16,Netherlands,2,83,37,United States,38792,Yunus Dimoara Musah,24243,Brenden Aaronson,Incomplete,19.870832,94.1,71.2,108.3,57.3
3869117,2022-12-03,Round of 16,Netherlands,2,83,45,United States,12751,Tyler Adams,24243,Brenden Aaronson,Complete,9.381365,68.8,64.0,73.7,72.0
3869117,2022-12-03,Round of 16,Netherlands,2,83,46,United States,24243,Brenden Aaronson,34339,Giovanni Reyna,Complete,14.933519,74.6,73.8,85.6,63.7
3869117,2022-12-03,Round of 16,Netherlands,2,83,49,United States,34339,Giovanni Reyna,24243,Brenden Aaronson,Complete,7.746612,92.8,66.6,98.8,71.5
3869117,2022-12-03,Round of 16,Netherlands,2,83,53,United States,24243,Brenden Aaronson,34339,Giovanni Reyna,Complete,6.8066144,103.7,72.3,104.0,65.5
3869117,2022-12-03,Round of 16,Netherlands,2,83,53,United States,34339,Giovanni Reyna,24243,Brenden Aaronson,Complete,6.2361846,105.1,66.0,99.1,67.7
3869117,2022-12-03,Round of 16,Netherlands,2,83,54,United States,24243,Brenden Aaronson,34339,Giovanni Reyna,Incomplete,8.70919,99.1,65.7,104.0,58.5
3869117,2022-12-03,Round of 16,Netherlands,2,84,0,United States,12524,Walker Zimmerman,,,Incomplete,16.673931,60.2,68.0,74.3,59.1
3869117,2022-12-03,Round of 16,Netherlands,2,84,29,United States,4614,Antonee Robinson,18242,Tim Ream,Complete,13.471823,38.5,4.4,26.7,10.9
3869117,2022-12-03,Round of 16,Netherlands,2,84,32,United States,18242,Tim Ream,12524,Walker Zimmerman,Complete,20.306648,26.7,10.9,20.7,30.3
3869117,2022-12-03,Round of 16,Netherlands,2,84,39,United States,12524,Walker Zimmerman,4614,Antonee Robinson,Complete,37.336445,33.0,40.9,42.9,4.9
3869117,2022-12-03,Round of 16,Netherlands,2,84,42,United States,4614,Antonee Robinson,18242,Tim Ream,Complete,17.454226,43.2,6.1,34.8,21.4
3869117,2022-12-03,Round of 16,Netherlands,2,84,48,United States,18242,Tim Ream,34339,Giovanni Reyna,Complete,12.066896,51.5,40.4,63.4,42.4
3869117,2022-12-03,Round of 16,Netherlands,2,84,49,United States,34339,Giovanni Reyna,12524,Walker Zimmerman,Complete,30.083218,64.2,42.1,35.2,50.1
3869117,2022-12-03,Round of 16,Netherlands,2,84,52,United States,12524,Walker Zimmerman,4614,Antonee Robinson,Complete,38.832977,33.7,48.5,50.1,13.3
3869117,2022-12-03,Round of 16,Netherlands,2,84,55,United States,4614,Antonee Robinson,8246,Christian Pulisic,Complete,24.091908,55.9,15.9,74.0,31.8
3869117,2022-12-03,Round of 16,Netherlands,2,84,59,United States,8246,Christian Pulisic,22008,Haji Wright,Incomplete,25.079872,85.8,23.4,108.8,33.4
3869117,2022-12-03,Round of 16,Netherlands,2,85,21,United States,8246,Christian Pulisic,18242,Tim Ream,Incomplete,51.17431,120.0,0.1,109.1,50.1
3869117,2022-12-03,Round of 16,Netherlands,2,86,8,United States,4614,Antonee Robinson,,,Incomplete,11.264102,44.4,17.9,55.2,14.7
3869117,2022-12-03,Round of 16,Netherlands,2,86,54,United States,18242,Tim Ream,12524,Walker Zimmerman,Complete,30.22747,38.0,30.3,50.1,58.0
3869117,2022-12-03,Round of 16,Netherlands,2,86,55,United States,12524,Walker Zimmerman,12751,Tyler Adams,Complete,9.912619,56.1,52.5,55.6,42.6
3869117,2022-12-03,Round of 16,Netherlands,2,86,57,United States,12751,Tyler Adams,8246,Christian Pulisic,Complete,26.518673,55.9,42.6,69.1,19.6
3869117,2022-12-03,Round of 16,Netherlands,2,87,3,United States,8246,Christian Pulisic,34339,Giovanni Reyna,Complete,15.030636,80.6,27.9,87.0,41.5
3869117,2022-12-03,Round of 16,Netherlands,2,87,8,United States,34339,Giovanni Reyna,12751,Tyler Adams,Complete,9.567131,86.1,48.1,79.8,40.9
3869117,2022-12-03,Round of 16,Netherlands,2,87,10,United States,12751,Tyler Adams,4614,Antonee Robinson,Complete,33.796597,80.3,38.3,92.8,6.9
3869117,2022-12-03,Round of 16,Netherlands,2,87,13,United States,4614,Antonee Robinson,34339,Giovanni Reyna,Complete,9.558765,92.4,6.9,85.3,13.3
3869117,2022-12-03,Round of 16,Netherlands,2,87,19,United States,34339,Giovanni Reyna,22008,Haji Wright,Complete,7.496666,104.5,25.4,97.1,26.6
3869117,2022-12-03,Round of 16,Netherlands,2,87,22,United States,22008,Haji Wright,12751,Tyler Adams,Complete,6.7742157,91.6,20.2,85.8,16.7
3869117,2022-12-03,Round of 16,Netherlands,2,87,25,United States,12751,Tyler Adams,34339,Giovanni Reyna,Complete,6.1911225,95.0,16.2,100.3,19.4
3869117,2022-12-03,Round of 16,Netherlands,2,88,9,United States,22008,Haji Wright,38792,Yunus Dimoara Musah,Complete,8.236505,79.4,27.7,75.4,34.9
3869117,2022-12-03,Round of 16,Netherlands,2,88,11,United States,38792,Yunus Dimoara Musah,34339,Giovanni Reyna,Complete,20.426699,75.4,35.1,86.1,52.5
3869117,2022-12-03,Round of 16,Netherlands,2,88,16,United States,34339,Giovanni Reyna,,,Incomplete,13.446189,86.1,52.5,98.5,47.3
3869117,2022-12-03,Round of 16,Netherlands,2,88,21,United States,22008,Haji Wright,38792,Yunus Dimoara Musah,Complete,8.495881,92.8,52.8,99.1,58.5
3869117,2022-12-03,Round of 16,Netherlands,2,88,22,United States,38792,Yunus Dimoara Musah,3658,DeAndre Yedlin,Complete,10.076706,99.3,59.1,92.8,66.8
3869117,2022-12-03,Round of 16,Netherlands,2,88,26,United States,3658,DeAndre Yedlin,38792,Yunus Dimoara Musah,Complete,18.700268,93.9,67.2,111.2,74.3
3869117,2022-12-03,Round of 16,Netherlands,2,88,28,United States,38792,Yunus Dimoara Musah,,,Incomplete,29.038767,111.2,74.3,109.7,45.3
3869117,2022-12-03,Round of 16,Netherlands,2,88,32,United States,3658,DeAndre Yedlin,12751,Tyler Adams,Complete,23.57329,85.8,74.3,75.7,53.0
3869117,2022-12-03,Round of 16,Netherlands,2,88,38,United States,12751,Tyler Adams,38792,Yunus Dimoara Musah,Complete,22.43212,75.4,50.8,87.0,70.0
3869117,2022-12-03,Round of 16,Netherlands,2,88,44,United States,38792,Yunus Dimoara Musah,24243,Brenden Aaronson,Complete,4.879549,100.5,55.3,104.0,51.9
3869117,2022-12-03,Round of 16,Netherlands,2,88,46,United States,24243,Brenden Aaronson,34339,Giovanni Reyna,Complete,5.0328918,106.3,53.3,104.5,58.0
3869117,2022-12-03,Round of 16,Netherlands,2,88,52,United States,12751,Tyler Adams,3658,DeAndre Yedlin,Complete,29.471682,86.4,49.8,73.1,76.1
3869117,2022-12-03,Round of 16,Netherlands,2,88,58,United States,3658,DeAndre Yedlin,12751,Tyler Adams,Complete,12.1,74.3,69.2,74.3,57.1
3869117,2022-12-03,Round of 16,Netherlands,2,89,0,United States,12751,Tyler Adams,8246,Christian Pulisic,Complete,27.920244,74.3,57.1,77.8,29.4
3869117,2022-12-03,Round of 16,Netherlands,2,89,3,United States,8246,Christian Pulisic,22008,Haji Wright,Complete,11.6068945,88.4,25.9,100.0,26.3
3869117,2022-12-03,Round of 16,Netherlands,2,89,24,United States,18242,Tim Ream,12751,Tyler Adams,Incomplete,10.357606,12.3,46.7,22.5,48.5
3869117,2022-12-03,Round of 16,Netherlands,2,89,33,United States,12352,Matthew Charles Turner,24243,Brenden Aaronson,Complete,14.420125,12.3,32.9,21.0,21.4
3869117,2022-12-03,Round of 16,Netherlands,2,89,35,United States,24243,Brenden Aaronson,38792,Yunus Dimoara Musah,Complete,8.509406,27.3,16.4,27.7,7.9
3869117,2022-12-03,Round of 16,Netherlands,2,89,38,United States,38792,Yunus Dimoara Musah,12751,Tyler Adams,Complete,12.325989,26.2,11.9,27.0,24.2
3869117,2022-12-03,Round of 16,Netherlands,2,89,40,United States,12751,Tyler Adams,34339,Giovanni Reyna,Complete,33.477158,27.0,24.2,44.4,52.8
3869117,2022-12-03,Round of 16,Netherlands,2,89,47,United States,34339,Giovanni Reyna,12751,Tyler Adams,Complete,16.155495,56.1,62.0,50.1,47.0
3869117,2022-12-03,Round of 16,Netherlands,2,89,49,United States,12751,Tyler Adams,8246,Christian Pulisic,Complete,8.236505,54.4,36.9,61.6,32.9
3869117,2022-12-03,Round of 16,Netherlands,2,89,56,United States,8246,Christian Pulisic,38792,Yunus Dimoara Musah,Complete,14.393401,80.9,14.1,91.8,4.7
3869117,2022-12-03,Round of 16,Netherlands,2,90,2,United States,38792,Yunus Dimoara Musah,8246,Christian Pulisic,Complete,6.9720874,91.8,4.7,92.8,11.6
3869117,2022-12-03,Round of 16,Netherlands,2,90,2,United States,8246,Christian Pulisic,4614,Antonee Robinson,Complete,13.3544,92.8,11.6,80.3,6.9
3869117,2022-12-03,Round of 16,Netherlands,2,90,6,United States,4614,Antonee Robinson,38792,Yunus Dimoara Musah,Complete,6.6098413,80.3,6.9,86.6,4.9
3869117,2022-12-03,Round of 16,Netherlands,2,90,7,United States,38792,Yunus Dimoara Musah,4614,Antonee Robinson,Complete,8.5440035,86.6,4.9,78.6,7.9
3869117,2022-12-03,Round of 16,Netherlands,2,90,9,United States,4614,Antonee Robinson,12751,Tyler Adams,Complete,13.309395,79.8,8.1,80.3,21.4
3869117,2022-12-03,Round of 16,Netherlands,2,90,12,United States,12751,Tyler Adams,3658,DeAndre Yedlin,Complete,42.381363,80.3,23.1,106.0,56.8
3869117,2022-12-03,Round of 16,Netherlands,2,90,14,United States,3658,DeAndre Yedlin,22008,Haji Wright,Incomplete,11.253888,106.0,56.8,110.3,46.4
3869117,2022-12-03,Round of 16,Netherlands,2,90,22,United States,12751,Tyler Adams,34339,Giovanni Reyna,Complete,8.005623,80.1,49.8,87.3,53.3
3869117,2022-12-03,Round of 16,Netherlands,2,90,23,United States,34339,Giovanni Reyna,12524,Walker Zimmerman,Complete,19.483326,87.3,53.3,67.9,55.1
3869117,2022-12-03,Round of 16,Netherlands,2,90,26,United States,12524,Walker Zimmerman,18242,Tim Ream,Complete,15.2345,67.9,55.1,63.9,40.4
3869117,2022-12-03,Round of 16,Netherlands,2,90,29,United States,18242,Tim Ream,4614,Antonee Robinson,Complete,40.027115,63.9,40.1,83.5,5.2
3869117,2022-12-03,Round of 16,Netherlands,2,90,34,United States,4614,Antonee Robinson,,,Incomplete,48.570465,92.8,6.1,111.8,50.8
3869117,2022-12-03,Round of 16,Netherlands,2,91,36,United States,3658,DeAndre Yedlin,22008,Haji Wright,Incomplete,23.034105,45.5,32.3,65.1,44.4
3869117,2022-12-03,Round of 16,Netherlands,2,91,40,United States,38792,Yunus Dimoara Musah,8246,Christian Pulisic,Complete,31.353628,62.4,54.2,93.6,57.3
3869117,2022-12-03,Round of 16,Netherlands,2,91,47,United States,8246,Christian Pulisic,38792,Yunus Dimoara Musah,Complete,11.727745,97.3,58.3,99.6,69.8
3869117,2022-12-03,Round of 16,Netherlands,2,91,49,United States,38792,Yunus Dimoara Musah,,,Incomplete,29.427198,99.6,70.0,112.6,43.6
3869117,2022-12-03,Round of 16,Netherlands,2,91,59,United States,12751,Tyler Adams,12352,Matthew Charles Turner,Complete,30.850122,51.2,56.8,21.0,50.5
3869117,2022-12-03,Round of 16,Netherlands,2,92,1,United States,12352,Matthew Charles Turner,3658,DeAndre Yedlin,Complete,46.641182,21.8,50.5,57.0,19.9
3869117,2022-12-03,Round of 16,Netherlands,2,92,6,United States,3658,DeAndre Yedlin,12751,Tyler Adams,Complete,13.154847,63.6,18.2,56.7,29.4
3869117,2022-12-03,Round of 16,Netherlands,2,92,10,United States,12751,Tyler Adams,38792,Yunus Dimoara Musah,Complete,36.94374,57.3,37.2,74.3,70.0
3869117,2022-12-03,Round of 16,Netherlands,2,92,21,United States,38792,Yunus Dimoara Musah,24243,Brenden Aaronson,Incomplete,19.250975,115.2,66.0,104.8,49.8
3869117,2022-12-03,Round of 16,Netherlands,2,93,6,United States,34339,Giovanni Reyna,12751,Tyler Adams,Complete,10.816654,92.4,80.0,91.8,69.2
3869117,2022-12-03,Round of 16,Netherlands,2,93,7,United States,12751,Tyler Adams,34339,Giovanni Reyna,Complete,6.6,91.8,69.2,91.8,75.8
3869117,2022-12-03,Round of 16,Netherlands,2,93,8,United States,34339,Giovanni Reyna,24243,Brenden Aaronson,Complete,11.871394,92.1,75.8,98.8,66.0
3869117,2022-12-03,Round of 16,Netherlands,2,93,12,United States,24243,Brenden Aaronson,18242,Tim Ream,Complete,18.760864,92.8,56.2,78.9,43.6
3869117,2022-12-03,Round of 16,Netherlands,2,93,15,United States,18242,Tim Ream,12524,Walker Zimmerman,Complete,19.337269,78.6,43.6,80.9,62.8
3869117,2022-12-03,Round of 16,Netherlands,2,93,17,United States,12524,Walker Zimmerman,34339,Giovanni Reyna,Complete,12.389108,80.9,62.8,86.6,73.8
3869117,2022-12-03,Round of 16,Netherlands,2,93,21,United States,34339,Giovanni Reyna,,,Incomplete,22.102036,110.6,67.7,110.3,45.6
3869117,2022-12-03,Round of 16,Netherlands,2,93,27,United States,34339,Giovanni Reyna,38792,Yunus Dimoara Musah,Complete,15.428869,110.8,58.0,103.9,44.2
3869117,2022-12-03,Round of 16,Netherlands,2,93,36,United States,12751,Tyler Adams,12524,Walker Zimmerman,Complete,9.6166525,91.0,69.5,81.8,72.3
3869117,2022-12-03,Round of 16,Netherlands,2,93,38,United States,12524,Walker Zimmerman,24243,Brenden Aaronson,Complete,17.465681,81.5,72.3,98.8,74.7
3869117,2022-12-03,Round of 16,Netherlands,2,94,0,United States,34339,Giovanni Reyna,12751,Tyler Adams,Complete,7.752419,102.5,80.0,101.6,72.3
3869117,2022-12-03,Round of 16,Netherlands,2,94,1,United States,12751,Tyler Adams,34339,Giovanni Reyna,Complete,3.1064448,102.3,73.5,104.0,76.1
3869117,2022-12-03,Round of 16,Netherlands,2,94,5,United States,34339,Giovanni Reyna,22008,Haji Wright,Complete,29.594088,117.2,69.2,111.3,40.2
3869117,2022-12-03,Round of 16,Netherlands,2,94,11,United States,3658,DeAndre Yedlin,38792,Yunus Dimoara Musah,Complete,16.01031,101.3,14.1,87.0,6.9
3869117,2022-12-03,Round of 16,Netherlands,2,94,16,United States,38792,Yunus Dimoara Musah,3658,DeAndre Yedlin,Incomplete,15.78005,79.8,8.4,94.8,3.5
3869117,2022-12-03,Round of 16,Netherlands,2,94,28,United States,3658,DeAndre Yedlin,,,Incomplete,8.05295,99.3,0.1,103.1,7.2
3869117,2022-12-03,Round of 16,Netherlands,2,94,33,United States,34339,Giovanni Reyna,,,Incomplete,19.498974,86.1,46.7,97.1,30.6
3869117,2022-12-03,Round of 16,Netherlands,2,94,37,United States,18242,Tim Ream,38792,Yunus Dimoara Musah,Complete,23.021729,74.0,15.9,93.0,2.9
3869117,2022-12-03,Round of 16,Netherlands,2,94,42,United States,38792,Yunus Dimoara Musah,,,Incomplete,30.566813,92.4,5.5,107.1,32.3
3869117,2022-12-03,Round of 16,Netherlands,2,94,48,United States,18242,Tim Ream,12352,Matthew Charles Turner,Complete,25.110357,45.5,3.2,28.2,21.4
3869117,2022-12-03,Round of 16,Netherlands,2,94,54,United States,12352,Matthew Charles Turner,,,Incomplete,69.69447,32.0,27.4,93.6,60.0
3869117,2022-12-03,Round of 16,Netherlands,2,95,20,United States,12751,Tyler Adams,22008,Haji Wright,Complete,17.17673,19.0,80.0,34.2,72.0
3869117,2022-12-03,Round of 16,Netherlands,2,95,22,United States,22008,Haji Wright,12751,Tyler Adams,Complete,7.805767,34.0,74.0,26.2,74.3
3869117,2022-12-03,Round of 16,Netherlands,2,95,23,United States,12751,Tyler Adams,23789,Jordan Morris,Complete,32.201397,26.2,74.3,49.9,52.5
3869117,2022-12-03,Round of 16,Netherlands,2,95,25,United States,23789,Jordan Morris,,,Incomplete,9.900505,49.9,52.5,57.0,45.6
