match_id,fecha,fase,oponente,periodo,minuto,segundo,equipo,jugador_id,jugador_nombre,receptor_id,receptor_nombre,resultado,longitud_pase,inicio_x,inicio_y,fin_x,fin_y
3857276,2022-12-01,Group Stage,Canada,1,0,0,Morocco,6301,Youssef En-Nesyri,5234,Sofyan Amrabat,Complete,12.557467,61.0,40.1,48.5,41.3
3857276,2022-12-01,Group Stage,Canada,1,0,2,Morocco,5234,Sofyan Amrabat,12149,Nayef Aguerd,Complete,24.344608,48.4,42.5,30.5,59.0
3857276,2022-12-01,Group Stage,Canada,1,0,5,Morocco,12149,Nayef Aguerd,5219,Romain Saïss,Complete,32.118843,30.9,59.0,29.8,26.9
3857276,2022-12-01,Group Stage,Canada,1,0,8,Morocco,5219,Romain Saïss,12149,Nayef Aguerd,Complete,32.93099,31.7,26.2,24.8,58.4
3857276,2022-12-01,Group Stage,Canada,1,0,12,Morocco,12149,Nayef Aguerd,5245,Achraf Hakimi Mouh,Complete,20.0771,26.9,59.5,34.7,78.0
3857276,2022-12-01,Group Stage,Canada,1,0,15,Morocco,5245,Achraf Hakimi Mouh,5234,Sofyan Amrabat,Complete,7.602631,32.4,79.2,36.8,73.0
3857276,2022-12-01,Group Stage,Canada,1,0,16,Morocco,5234,Sofyan Amrabat,5237,Hakim Ziyech,Complete,8.481155,36.8,73.0,43.5,78.2
3857276,2022-12-01,Group Stage,Canada,1,0,18,Morocco,5237,Hakim Ziyech,5245,Achraf Hakimi Mouh,Complete,8.417244,37.3,78.2,29.0,79.6
3857276,2022-12-01,Group Stage,Canada,1,0,20,Morocco,5245,Achraf Hakimi Mouh,12149,Nayef Aguerd,Complete,13.851354,27.6,78.0,14.1,74.9
3857276,2022-12-01,Group Stage,Canada,1,0,22,Morocco,12149,Nayef Aguerd,6785,Yassine Bounou,Complete,24.233036,14.1,74.4,7.1,51.2
3857276,2022-12-01,Group Stage,Canada,1,0,25,Morocco,6785,Yassine Bounou,5219,Romain Saïss,Complete,33.264095,6.6,47.7,9.9,14.6
3857276,2022-12-01,Group Stage,Canada,1,0,30,Morocco,5219,Romain Saïss,3634,Abdelhamid Sabiri,Complete,70.04463,22.7,7.2,92.7,4.7
3857276,2022-12-01,Group Stage,Canada,1,0,37,Morocco,3634,Abdelhamid Sabiri,3625,Sofiane Boufal,Complete,15.347313,97.9,4.2,90.6,17.7
3857276,2022-12-01,Group Stage,Canada,1,0,39,Morocco,3625,Sofiane Boufal,5237,Hakim Ziyech,Complete,58.025944,89.6,17.7,98.1,75.1
3857276,2022-12-01,Group Stage,Canada,1,0,45,Morocco,5237,Hakim Ziyech,5245,Achraf Hakimi Mouh,Complete,14.632156,100.0,75.6,86.7,69.5
3857276,2022-12-01,Group Stage,Canada,1,0,47,Morocco,5245,Achraf Hakimi Mouh,5237,Hakim Ziyech,Complete,12.485191,87.0,68.7,97.2,75.9
3857276,2022-12-01,Group Stage,Canada,1,0,50,Morocco,5237,Hakim Ziyech,6301,Youssef En-Nesyri,Incomplete,23.769728,105.9,70.9,111.9,47.9
3857276,2022-12-01,Group Stage,Canada,1,1,10,Morocco,15890,Noussair Mazraoui,3625,Sofiane Boufal,Complete,9.2439165,104.2,0.1,112.1,4.9
3857276,2022-12-01,Group Stage,Canada,1,1,39,Morocco,5219,Romain Saïss,6301,Youssef En-Nesyri,Complete,21.50279,56.9,33.1,78.3,35.2
3857276,2022-12-01,Group Stage,Canada,1,1,42,Morocco,6301,Youssef En-Nesyri,5234,Sofyan Amrabat,Complete,8.856636,75.2,34.4,67.2,38.2
3857276,2022-12-01,Group Stage,Canada,1,1,44,Morocco,5234,Sofyan Amrabat,12149,Nayef Aguerd,Complete,17.765415,56.5,34.9,40.9,43.4
3857276,2022-12-01,Group Stage,Canada,1,1,47,Morocco,12149,Nayef Aguerd,5245,Achraf Hakimi Mouh,Complete,29.6744,38.8,44.8,40.9,74.4
3857276,2022-12-01,Group Stage,Canada,1,1,49,Morocco,5245,Achraf Hakimi Mouh,5237,Hakim Ziyech,Complete,15.34438,42.3,76.6,57.5,78.7
3857276,2022-12-01,Group Stage,Canada,1,1,53,Morocco,5237,Hakim Ziyech,,,Incomplete,13.014223,56.7,78.0,50.8,66.4
3857276,2022-12-01,Group Stage,Canada,1,2,15,Morocco,3634,Abdelhamid Sabiri,3625,Sofiane Boufal,Complete,6.140033,38.3,23.5,33.4,19.8
3857276,2022-12-01,Group Stage,Canada,1,2,16,Morocco,3625,Sofiane Boufal,3634,Abdelhamid Sabiri,Complete,18.917189,33.4,19.8,50.3,11.3
3857276,2022-12-01,Group Stage,Canada,1,2,19,Morocco,3634,Abdelhamid Sabiri,3625,Sofiane Boufal,Complete,10.239629,52.3,9.2,57.7,17.9
3857276,2022-12-01,Group Stage,Canada,1,2,20,Morocco,3625,Sofiane Boufal,3634,Abdelhamid Sabiri,Complete,7.102816,57.7,17.9,50.6,17.7
3857276,2022-12-01,Group Stage,Canada,1,2,20,Morocco,3634,Abdelhamid Sabiri,46258,Azzedine Ounahi,Complete,10.394229,52.2,20.0,57.4,29.0
3857276,2022-12-01,Group Stage,Canada,1,2,22,Morocco,46258,Azzedine Ounahi,5234,Sofyan Amrabat,Complete,7.3539104,57.4,29.0,50.6,26.2
3857276,2022-12-01,Group Stage,Canada,1,2,24,Morocco,5234,Sofyan Amrabat,3625,Sofiane Boufal,Complete,36.529987,52.9,24.1,84.1,5.1
3857276,2022-12-01,Group Stage,Canada,1,3,18,Morocco,3625,Sofiane Boufal,5219,Romain Saïss,Complete,16.056152,47.0,3.7,31.4,7.5
3857276,2022-12-01,Group Stage,Canada,1,3,21,Morocco,5219,Romain Saïss,,,Incomplete,59.300083,31.7,5.9,88.6,22.6
3857276,2022-12-01,Group Stage,Canada,1,5,33,Morocco,5219,Romain Saïss,5245,Achraf Hakimi Mouh,Complete,57.542072,27.9,14.8,25.7,72.3
3857276,2022-12-01,Group Stage,Canada,1,5,38,Morocco,5245,Achraf Hakimi Mouh,5237,Hakim Ziyech,Complete,14.469969,29.0,72.5,42.3,78.2
3857276,2022-12-01,Group Stage,Canada,1,5,40,Morocco,5237,Hakim Ziyech,5245,Achraf Hakimi Mouh,Complete,4.3,38.7,78.2,38.7,73.9
3857276,2022-12-01,Group Stage,Canada,1,5,41,Morocco,5245,Achraf Hakimi Mouh,5237,Hakim Ziyech,Complete,5.4230986,38.7,73.9,36.6,78.9
3857276,2022-12-01,Group Stage,Canada,1,5,43,Morocco,5237,Hakim Ziyech,15890,Noussair Mazraoui,Complete,67.30832,31.9,74.9,42.3,8.4
3857276,2022-12-01,Group Stage,Canada,1,5,47,Morocco,15890,Noussair Mazraoui,,,Incomplete,21.434784,43.3,8.9,64.6,11.3
3857276,2022-12-01,Group Stage,Canada,1,5,54,Morocco,5234,Sofyan Amrabat,3625,Sofiane Boufal,Out,53.62108,57.4,33.0,100.5,1.1
3857276,2022-12-01,Group Stage,Canada,1,9,5,Morocco,5237,Hakim Ziyech,,,Incomplete,36.23534,120.0,80.0,118.4,43.8
3857276,2022-12-01,Group Stage,Canada,1,10,21,Morocco,5237,Hakim Ziyech,,,Incomplete,37.03039,88.9,4.4,109.9,34.9
3857276,2022-12-01,Group Stage,Canada,1,10,39,Morocco,5237,Hakim Ziyech,3634,Abdelhamid Sabiri,Incomplete,15.487091,105.1,0.1,110.8,14.5
3857276,2022-12-01,Group Stage,Canada,1,10,42,Morocco,46258,Azzedine Ounahi,3634,Abdelhamid Sabiri,Complete,8.229824,101.0,25.0,104.8,17.7
3857276,2022-12-01,Group Stage,Canada,1,10,45,Morocco,3634,Abdelhamid Sabiri,46258,Azzedine Ounahi,Complete,9.20489,101.0,14.6,91.8,14.3
3857276,2022-12-01,Group Stage,Canada,1,10,46,Morocco,46258,Azzedine Ounahi,5234,Sofyan Amrabat,Complete,19.260323,90.1,14.4,85.1,33.0
3857276,2022-12-01,Group Stage,Canada,1,10,49,Morocco,5234,Sofyan Amrabat,5245,Achraf Hakimi Mouh,Complete,32.28204,82.8,37.5,85.1,69.7
3857276,2022-12-01,Group Stage,Canada,1,10,52,Morocco,5245,Achraf Hakimi Mouh,5237,Hakim Ziyech,Complete,10.607545,88.6,72.8,88.2,62.2
3857276,2022-12-01,Group Stage,Canada,1,10,53,Morocco,5237,Hakim Ziyech,5245,Achraf Hakimi Mouh,Complete,7.5133214,88.0,62.1,86.7,69.5
3857276,2022-12-01,Group Stage,Canada,1,10,55,Morocco,5245,Achraf Hakimi Mouh,46258,Azzedine Ounahi,Complete,7.324616,83.9,65.5,89.6,60.9
3857276,2022-12-01,Group Stage,Canada,1,11,30,Morocco,5245,Achraf Hakimi Mouh,46258,Azzedine Ounahi,Complete,5.800862,34.7,80.0,39.4,76.6
3857276,2022-12-01,Group Stage,Canada,1,11,30,Morocco,46258,Azzedine Ounahi,5245,Achraf Hakimi Mouh,Complete,5.5470715,38.7,76.6,33.8,79.2
3857276,2022-12-01,Group Stage,Canada,1,11,31,Morocco,5245,Achraf Hakimi Mouh,,,Incomplete,54.21227,33.8,79.2,75.7,44.8
3857276,2022-12-01,Group Stage,Canada,1,12,11,Morocco,5234,Sofyan Amrabat,5219,Romain Saïss,Complete,27.36494,34.2,69.9,18.2,47.7
3857276,2022-12-01,Group Stage,Canada,1,12,17,Morocco,5219,Romain Saïss,15890,Noussair Mazraoui,Complete,18.051039,18.0,28.4,15.0,10.6
3857276,2022-12-01,Group Stage,Canada,1,12,21,Morocco,15890,Noussair Mazraoui,6785,Yassine Bounou,Complete,17.44133,12.2,11.1,4.4,26.7
3857276,2022-12-01,Group Stage,Canada,1,12,24,Morocco,6785,Yassine Bounou,12149,Nayef Aguerd,Complete,28.528057,4.4,28.3,7.1,56.7
3857276,2022-12-01,Group Stage,Canada,1,12,27,Morocco,12149,Nayef Aguerd,5245,Achraf Hakimi Mouh,Complete,19.412367,9.0,61.0,18.0,78.2
3857276,2022-12-01,Group Stage,Canada,1,12,29,Morocco,5245,Achraf Hakimi Mouh,46258,Azzedine Ounahi,Complete,26.953665,19.3,78.2,45.6,72.3
3857276,2022-12-01,Group Stage,Canada,1,12,34,Morocco,46258,Azzedine Ounahi,5219,Romain Saïss,Complete,38.049442,38.7,68.5,31.7,31.1
3857276,2022-12-01,Group Stage,Canada,1,12,37,Morocco,5219,Romain Saïss,6301,Youssef En-Nesyri,Complete,25.646248,32.6,31.1,57.9,26.9
3857276,2022-12-01,Group Stage,Canada,1,13,8,Morocco,46258,Azzedine Ounahi,6301,Youssef En-Nesyri,Complete,12.758135,57.9,38.5,68.5,31.4
3857276,2022-12-01,Group Stage,Canada,1,13,9,Morocco,6301,Youssef En-Nesyri,46258,Azzedine Ounahi,Complete,7.1386275,68.5,31.4,61.5,30.0
3857276,2022-12-01,Group Stage,Canada,1,13,12,Morocco,46258,Azzedine Ounahi,3625,Sofiane Boufal,Complete,25.364542,64.1,28.8,84.1,13.2
3857276,2022-12-01,Group Stage,Canada,1,13,49,Morocco,3634,Abdelhamid Sabiri,5237,Hakim Ziyech,Complete,4.263801,120.0,0.1,117.3,3.4
3857276,2022-12-01,Group Stage,Canada,1,13,51,Morocco,5237,Hakim Ziyech,3634,Abdelhamid Sabiri,Complete,11.74436,117.9,10.9,106.6,14.1
3857276,2022-12-01,Group Stage,Canada,1,13,53,Morocco,3634,Abdelhamid Sabiri,,,Incomplete,2.5495098,106.6,14.1,104.9,16.0
3857276,2022-12-01,Group Stage,Canada,1,14,35,Morocco,6785,Yassine Bounou,12149,Nayef Aguerd,Complete,15.2,7.0,44.1,7.0,59.3
3857276,2022-12-01,Group Stage,Canada,1,14,36,Morocco,12149,Nayef Aguerd,46258,Azzedine Ounahi,Complete,26.554472,6.6,59.3,33.1,61.0
3857276,2022-12-01,Group Stage,Canada,1,14,39,Morocco,46258,Azzedine Ounahi,5245,Achraf Hakimi Mouh,Complete,25.969982,23.2,59.5,1.2,73.3
3857276,2022-12-01,Group Stage,Canada,1,14,44,Morocco,5245,Achraf Hakimi Mouh,5237,Hakim Ziyech,Complete,24.442995,2.8,73.9,21.7,58.4
3857276,2022-12-01,Group Stage,Canada,1,14,46,Morocco,5237,Hakim Ziyech,15890,Noussair Mazraoui,Complete,33.742702,21.5,58.4,24.6,24.8
3857276,2022-12-01,Group Stage,Canada,1,14,49,Morocco,15890,Noussair Mazraoui,5219,Romain Saïss,Complete,12.548306,21.2,24.5,8.7,23.4
3857276,2022-12-01,Group Stage,Canada,1,14,50,Morocco,5219,Romain Saïss,3625,Sofiane Boufal,Complete,32.809296,9.0,23.8,37.3,7.2
3857276,2022-12-01,Group Stage,Canada,1,14,52,Morocco,3625,Sofiane Boufal,,,Incomplete,2.86007,37.1,7.2,38.8,4.9
3857276,2022-12-01,Group Stage,Canada,1,14,53,Morocco,15890,Noussair Mazraoui,3634,Abdelhamid Sabiri,Complete,15.962456,28.8,18.4,44.2,22.6
3857276,2022-12-01,Group Stage,Canada,1,14,54,Morocco,3634,Abdelhamid Sabiri,3625,Sofiane Boufal,Complete,17.199127,44.2,22.6,39.7,39.2
3857276,2022-12-01,Group Stage,Canada,1,14,57,Morocco,3625,Sofiane Boufal,5237,Hakim Ziyech,Complete,51.656754,39.4,39.2,74.5,77.1
3857276,2022-12-01,Group Stage,Canada,1,15,31,Morocco,12149,Nayef Aguerd,6785,Yassine Bounou,Complete,30.365934,10.9,76.5,3.7,47.0
3857276,2022-12-01,Group Stage,Canada,1,15,34,Morocco,6785,Yassine Bounou,,,Incomplete,73.47115,4.0,44.8,76.4,32.3
3857276,2022-12-01,Group Stage,Canada,1,15,58,Morocco,15890,Noussair Mazraoui,6785,Yassine Bounou,Complete,33.944954,31.7,6.5,11.8,34.0
3857276,2022-12-01,Group Stage,Canada,1,16,1,Morocco,6785,Yassine Bounou,6301,Youssef En-Nesyri,Pass Offside,44.12369,13.0,34.0,56.7,27.9
3857276,2022-12-01,Group Stage,Canada,1,16,38,Morocco,5237,Hakim Ziyech,46258,Azzedine Ounahi,Complete,7.8,36.1,76.6,33.1,69.4
3857276,2022-12-01,Group Stage,Canada,1,16,41,Morocco,46258,Azzedine Ounahi,6785,Yassine Bounou,Complete,34.157578,32.4,67.3,9.9,41.6
3857276,2022-12-01,Group Stage,Canada,1,16,44,Morocco,6785,Yassine Bounou,5219,Romain Saïss,Complete,19.790907,9.6,40.6,14.4,21.4
3857276,2022-12-01,Group Stage,Canada,1,16,47,Morocco,5219,Romain Saïss,5234,Sofyan Amrabat,Complete,17.304625,14.4,21.4,14.8,38.7
3857276,2022-12-01,Group Stage,Canada,1,16,57,Morocco,5234,Sofyan Amrabat,12149,Nayef Aguerd,Complete,23.744684,33.1,46.7,39.0,69.7
3857276,2022-12-01,Group Stage,Canada,1,17,0,Morocco,12149,Nayef Aguerd,5237,Hakim Ziyech,Complete,12.781628,39.9,69.7,52.3,66.6
3857276,2022-12-01,Group Stage,Canada,1,17,2,Morocco,5237,Hakim Ziyech,12149,Nayef Aguerd,Complete,15.861904,50.1,66.4,35.5,72.6
3857276,2022-12-01,Group Stage,Canada,1,17,6,Morocco,12149,Nayef Aguerd,6785,Yassine Bounou,Complete,20.382835,25.1,66.4,9.0,53.9
3857276,2022-12-01,Group Stage,Canada,1,17,9,Morocco,6785,Yassine Bounou,5234,Sofyan Amrabat,Complete,15.208221,10.1,54.1,25.3,53.6
3857276,2022-12-01,Group Stage,Canada,1,17,10,Morocco,5234,Sofyan Amrabat,12149,Nayef Aguerd,Complete,19.054132,25.3,53.6,14.8,69.5
3857276,2022-12-01,Group Stage,Canada,1,17,13,Morocco,12149,Nayef Aguerd,5245,Achraf Hakimi Mouh,Complete,19.26266,18.4,71.3,36.1,78.9
3857276,2022-12-01,Group Stage,Canada,1,17,15,Morocco,5245,Achraf Hakimi Mouh,12149,Nayef Aguerd,Complete,16.865646,35.2,77.8,21.0,68.7
3857276,2022-12-01,Group Stage,Canada,1,17,20,Morocco,12149,Nayef Aguerd,5234,Sofyan Amrabat,Complete,17.745985,25.1,63.6,38.7,52.2
3857276,2022-12-01,Group Stage,Canada,1,17,21,Morocco,5234,Sofyan Amrabat,46258,Azzedine Ounahi,Complete,7.558439,39.2,51.9,36.9,59.1
3857276,2022-12-01,Group Stage,Canada,1,17,22,Morocco,46258,Azzedine Ounahi,5237,Hakim Ziyech,Complete,11.649893,36.9,59.1,46.5,65.7
3857276,2022-12-01,Group Stage,Canada,1,17,23,Morocco,5237,Hakim Ziyech,5245,Achraf Hakimi Mouh,Complete,17.07425,46.5,65.7,35.2,78.5
3857276,2022-12-01,Group Stage,Canada,1,17,27,Morocco,5245,Achraf Hakimi Mouh,12149,Nayef Aguerd,Complete,18.880943,35.0,77.7,21.5,64.5
3857276,2022-12-01,Group Stage,Canada,1,17,31,Morocco,12149,Nayef Aguerd,6785,Yassine Bounou,Complete,13.059862,13.0,60.2,7.0,48.6
3857276,2022-12-01,Group Stage,Canada,1,17,33,Morocco,6785,Yassine Bounou,15890,Noussair Mazraoui,Complete,56.020176,7.8,41.5,52.7,8.0
3857276,2022-12-01,Group Stage,Canada,1,18,17,Morocco,6785,Yassine Bounou,12149,Nayef Aguerd,Complete,25.904825,4.9,29.0,15.8,52.5
3857276,2022-12-01,Group Stage,Canada,1,18,22,Morocco,12149,Nayef Aguerd,5237,Hakim Ziyech,Incomplete,21.378494,28.1,60.7,47.1,70.5
3857276,2022-12-01,Group Stage,Canada,1,18,56,Morocco,12149,Nayef Aguerd,,,Incomplete,1.5,3.0,4.4,4.5,4.4
3857276,2022-12-01,Group Stage,Canada,1,19,22,Morocco,15890,Noussair Mazraoui,3625,Sofiane Boufal,Incomplete,27.236923,30.5,0.1,56.9,6.8
3857276,2022-12-01,Group Stage,Canada,1,20,27,Morocco,5245,Achraf Hakimi Mouh,6301,Youssef En-Nesyri,Complete,12.822247,26.2,80.0,34.7,70.4
3857276,2022-12-01,Group Stage,Canada,1,20,29,Morocco,6301,Youssef En-Nesyri,15890,Noussair Mazraoui,Complete,40.400124,34.8,70.4,34.7,30.0
3857276,2022-12-01,Group Stage,Canada,1,20,34,Morocco,15890,Noussair Mazraoui,3625,Sofiane Boufal,Complete,12.455521,51.5,17.4,62.0,24.1
3857276,2022-12-01,Group Stage,Canada,1,20,35,Morocco,3625,Sofiane Boufal,5234,Sofyan Amrabat,Complete,20.08482,62.9,24.1,43.5,29.3
3857276,2022-12-01,Group Stage,Canada,1,20,38,Morocco,5234,Sofyan Amrabat,46258,Azzedine Ounahi,Complete,16.736189,46.5,28.8,57.4,41.5
3857276,2022-12-01,Group Stage,Canada,1,20,40,Morocco,46258,Azzedine Ounahi,5234,Sofyan Amrabat,Complete,13.674063,54.3,37.0,46.6,25.7
3857276,2022-12-01,Group Stage,Canada,1,20,47,Morocco,5234,Sofyan Amrabat,5219,Romain Saïss,Complete,23.61292,42.8,23.4,27.4,41.3
3857276,2022-12-01,Group Stage,Canada,1,20,52,Morocco,5219,Romain Saïss,12149,Nayef Aguerd,Complete,30.8911,33.8,41.8,38.7,72.3
3857276,2022-12-01,Group Stage,Canada,1,20,55,Morocco,12149,Nayef Aguerd,6785,Yassine Bounou,Complete,32.56148,35.9,72.0,18.0,44.8
3857276,2022-12-01,Group Stage,Canada,1,20,59,Morocco,6785,Yassine Bounou,5234,Sofyan Amrabat,Complete,25.741018,17.0,42.2,31.6,21.0
3857276,2022-12-01,Group Stage,Canada,1,21,3,Morocco,5234,Sofyan Amrabat,5219,Romain Saïss,Complete,16.536022,33.6,22.6,19.6,31.4
3857276,2022-12-01,Group Stage,Canada,1,21,6,Morocco,5219,Romain Saïss,12149,Nayef Aguerd,Complete,33.434113,19.6,31.4,28.6,63.6
3857276,2022-12-01,Group Stage,Canada,1,21,9,Morocco,12149,Nayef Aguerd,5245,Achraf Hakimi Mouh,Complete,18.214828,33.8,69.2,51.1,63.5
3857276,2022-12-01,Group Stage,Canada,1,21,10,Morocco,5245,Achraf Hakimi Mouh,12149,Nayef Aguerd,Complete,19.958456,51.1,63.5,37.6,78.2
3857276,2022-12-01,Group Stage,Canada,1,21,14,Morocco,12149,Nayef Aguerd,6785,Yassine Bounou,Complete,33.025597,33.6,76.6,9.9,53.6
3857276,2022-12-01,Group Stage,Canada,1,21,22,Morocco,6785,Yassine Bounou,5234,Sofyan Amrabat,Complete,12.020815,14.2,43.4,21.3,53.1
3857276,2022-12-01,Group Stage,Canada,1,21,24,Morocco,5234,Sofyan Amrabat,6785,Yassine Bounou,Complete,11.672618,21.3,53.2,16.0,42.8
3857276,2022-12-01,Group Stage,Canada,1,21,25,Morocco,6785,Yassine Bounou,3634,Abdelhamid Sabiri,Complete,13.449535,16.0,42.8,29.3,40.8
3857276,2022-12-01,Group Stage,Canada,1,21,26,Morocco,3634,Abdelhamid Sabiri,5234,Sofyan Amrabat,Complete,7.8294315,28.8,40.8,25.5,47.9
3857276,2022-12-01,Group Stage,Canada,1,21,27,Morocco,5234,Sofyan Amrabat,5245,Achraf Hakimi Mouh,Complete,20.172506,26.7,48.9,44.9,40.2
3857276,2022-12-01,Group Stage,Canada,1,21,29,Morocco,5245,Achraf Hakimi Mouh,3634,Abdelhamid Sabiri,Complete,7.3171034,44.9,40.2,45.4,47.5
3857276,2022-12-01,Group Stage,Canada,1,21,30,Morocco,3634,Abdelhamid Sabiri,5237,Hakim Ziyech,Complete,49.538673,46.6,47.7,85.4,78.5
3857276,2022-12-01,Group Stage,Canada,1,21,37,Morocco,5237,Hakim Ziyech,,,Incomplete,11.321661,109.0,60.9,109.7,49.6
3857276,2022-12-01,Group Stage,Canada,1,22,1,Morocco,5245,Achraf Hakimi Mouh,46258,Azzedine Ounahi,Complete,6.742403,81.3,80.0,86.8,76.1
3857276,2022-12-01,Group Stage,Canada,1,22,3,Morocco,46258,Azzedine Ounahi,5245,Achraf Hakimi Mouh,Incomplete,5.5362444,86.8,75.9,81.6,77.8
3857276,2022-12-01,Group Stage,Canada,1,22,12,Morocco,5245,Achraf Hakimi Mouh,12149,Nayef Aguerd,Complete,18.023596,63.3,80.0,45.6,76.6
3857276,2022-12-01,Group Stage,Canada,1,22,16,Morocco,12149,Nayef Aguerd,15890,Noussair Mazraoui,Complete,33.924915,43.3,57.9,44.6,24.0
3857276,2022-12-01,Group Stage,Canada,1,22,20,Morocco,15890,Noussair Mazraoui,5219,Romain Saïss,Complete,22.989563,43.5,24.8,23.1,35.4
3857276,2022-12-01,Group Stage,Canada,1,22,26,Morocco,5219,Romain Saïss,12149,Nayef Aguerd,Complete,23.505318,23.6,39.4,23.1,62.9
3857276,2022-12-01,Group Stage,Canada,1,22,28,Morocco,12149,Nayef Aguerd,5245,Achraf Hakimi Mouh,Complete,21.88264,22.2,62.4,36.8,78.7
3857276,2022-12-01,Group Stage,Canada,1,22,31,Morocco,5245,Achraf Hakimi Mouh,6301,Youssef En-Nesyri,Complete,63.158928,39.0,79.2,97.9,56.4
3857276,2022-12-01,Group Stage,Canada,1,24,23,Morocco,12149,Nayef Aguerd,,,Incomplete,29.324564,3.8,79.7,33.1,78.5
3857276,2022-12-01,Group Stage,Canada,1,24,56,Morocco,5245,Achraf Hakimi Mouh,5237,Hakim Ziyech,Complete,7.0213957,14.2,80.0,19.9,75.9
3857276,2022-12-01,Group Stage,Canada,1,24,57,Morocco,5237,Hakim Ziyech,5245,Achraf Hakimi Mouh,Complete,6.325346,19.3,75.6,14.4,79.6
3857276,2022-12-01,Group Stage,Canada,1,24,59,Morocco,5245,Achraf Hakimi Mouh,5237,Hakim Ziyech,Complete,3.1016126,14.2,78.7,15.3,75.8
3857276,2022-12-01,Group Stage,Canada,1,24,59,Morocco,5237,Hakim Ziyech,6301,Youssef En-Nesyri,Out,6.9079666,15.7,77.4,22.1,80.0
3857276,2022-12-01,Group Stage,Canada,1,25,30,Morocco,6301,Youssef En-Nesyri,,,Incomplete,16.260689,27.7,41.3,38.1,53.8
3857276,2022-12-01,Group Stage,Canada,1,26,30,Morocco,5219,Romain Saïss,6301,Youssef En-Nesyri,Complete,48.97193,21.2,21.4,70.0,25.5
3857276,2022-12-01,Group Stage,Canada,1,26,33,Morocco,6301,Youssef En-Nesyri,,,Incomplete,2.1587033,70.0,25.5,72.1,25.0
3857276,2022-12-01,Group Stage,Canada,1,27,2,Morocco,3625,Sofiane Boufal,3634,Abdelhamid Sabiri,Complete,12.727922,33.5,1.1,42.5,10.1
3857276,2022-12-01,Group Stage,Canada,1,27,50,Morocco,5219,Romain Saïss,15890,Noussair Mazraoui,Complete,14.154858,6.4,13.4,19.4,7.8
3857276,2022-12-01,Group Stage,Canada,1,28,10,Morocco,15890,Noussair Mazraoui,5245,Achraf Hakimi Mouh,Complete,69.516685,27.7,6.8,20.1,75.9
3857276,2022-12-01,Group Stage,Canada,1,28,16,Morocco,5245,Achraf Hakimi Mouh,5237,Hakim Ziyech,Complete,13.90899,23.4,76.6,37.3,77.1
3857276,2022-12-01,Group Stage,Canada,1,28,18,Morocco,5237,Hakim Ziyech,5245,Achraf Hakimi Mouh,Complete,8.537564,35.0,77.7,26.5,78.5
3857276,2022-12-01,Group Stage,Canada,1,28,21,Morocco,5245,Achraf Hakimi Mouh,46258,Azzedine Ounahi,Complete,12.816006,27.7,78.5,39.7,74.0
3857276,2022-12-01,Group Stage,Canada,1,29,0,Morocco,5237,Hakim Ziyech,12149,Nayef Aguerd,Complete,23.008259,35.0,77.1,17.3,62.4
3857276,2022-12-01,Group Stage,Canada,1,29,3,Morocco,12149,Nayef Aguerd,5219,Romain Saïss,Complete,42.36803,17.3,62.6,14.9,20.3
3857276,2022-12-01,Group Stage,Canada,1,29,6,Morocco,5219,Romain Saïss,15890,Noussair Mazraoui,Complete,18.867167,14.4,17.9,29.8,7.0
3857276,2022-12-01,Group Stage,Canada,1,29,9,Morocco,15890,Noussair Mazraoui,5219,Romain Saïss,Complete,11.280071,25.3,12.2,16.3,5.4
3857276,2022-12-01,Group Stage,Canada,1,29,12,Morocco,5219,Romain Saïss,,,Incomplete,58.685944,17.3,3.0,72.1,24.0
3857276,2022-12-01,Group Stage,Canada,1,29,58,Morocco,5245,Achraf Hakimi Mouh,6301,Youssef En-Nesyri,Incomplete,17.069563,19.1,80.0,36.0,77.6
3857276,2022-12-01,Group Stage,Canada,1,30,4,Morocco,46258,Azzedine Ounahi,6301,Youssef En-Nesyri,Pass Offside,27.621187,52.2,53.2,79.5,57.4
3857276,2022-12-01,Group Stage,Canada,1,31,29,Morocco,5245,Achraf Hakimi Mouh,5237,Hakim Ziyech,Complete,9.741663,48.0,80.0,56.3,74.9
3857276,2022-12-01,Group Stage,Canada,1,32,17,Morocco,3634,Abdelhamid Sabiri,6785,Yassine Bounou,Complete,19.97223,26.5,28.3,8.2,36.3
3857276,2022-12-01,Group Stage,Canada,1,32,20,Morocco,6785,Yassine Bounou,5234,Sofyan Amrabat,Complete,12.306502,8.2,36.3,20.5,35.9
3857276,2022-12-01,Group Stage,Canada,1,32,23,Morocco,5234,Sofyan Amrabat,5237,Hakim Ziyech,Complete,34.613583,20.1,43.2,34.0,74.9
3857276,2022-12-01,Group Stage,Canada,1,32,25,Morocco,5237,Hakim Ziyech,6785,Yassine Bounou,Complete,37.528923,33.5,74.7,5.6,49.6
3857276,2022-12-01,Group Stage,Canada,1,32,30,Morocco,6785,Yassine Bounou,5219,Romain Saïss,Complete,18.25267,4.9,45.6,19.9,35.2
3857276,2022-12-01,Group Stage,Canada,1,32,33,Morocco,5219,Romain Saïss,5245,Achraf Hakimi Mouh,Complete,67.397995,26.7,31.2,75.2,78.0
3857276,2022-12-01,Group Stage,Canada,1,32,36,Morocco,5245,Achraf Hakimi Mouh,5237,Hakim Ziyech,Complete,6.7230945,75.7,78.2,69.5,75.6
3857276,2022-12-01,Group Stage,Canada,1,32,39,Morocco,5237,Hakim Ziyech,5245,Achraf Hakimi Mouh,Complete,29.295904,82.0,71.8,110.9,76.6
3857276,2022-12-01,Group Stage,Canada,1,32,42,Morocco,5245,Achraf Hakimi Mouh,3625,Sofiane Boufal,Complete,35.93021,110.9,76.6,104.2,41.3
3857276,2022-12-01,Group Stage,Canada,1,32,43,Morocco,3625,Sofiane Boufal,3634,Abdelhamid Sabiri,Complete,8.0062475,104.2,41.3,107.9,34.2
3857276,2022-12-01,Group Stage,Canada,1,35,17,Morocco,5245,Achraf Hakimi Mouh,5234,Sofyan Amrabat,Complete,13.631214,48.0,54.6,43.9,41.6
3857276,2022-12-01,Group Stage,Canada,1,35,19,Morocco,5234,Sofyan Amrabat,12149,Nayef Aguerd,Complete,23.461031,42.5,41.6,28.6,60.5
3857276,2022-12-01,Group Stage,Canada,1,35,21,Morocco,12149,Nayef Aguerd,6785,Yassine Bounou,Complete,21.600231,26.2,59.3,10.1,44.9
3857276,2022-12-01,Group Stage,Canada,1,35,24,Morocco,6785,Yassine Bounou,5219,Romain Saïss,Complete,32.38827,9.9,43.7,14.9,11.7
3857276,2022-12-01,Group Stage,Canada,1,35,28,Morocco,5219,Romain Saïss,3625,Sofiane Boufal,Complete,27.539246,24.6,7.8,50.1,18.2
3857276,2022-12-01,Group Stage,Canada,1,35,29,Morocco,3625,Sofiane Boufal,15890,Noussair Mazraoui,Complete,10.83005,49.6,16.3,54.8,6.8
3857276,2022-12-01,Group Stage,Canada,1,35,30,Morocco,15890,Noussair Mazraoui,6301,Youssef En-Nesyri,Incomplete,23.063824,56.5,5.8,70.0,24.5
3857276,2022-12-01,Group Stage,Canada,1,36,4,Morocco,15890,Noussair Mazraoui,3625,Sofiane Boufal,Complete,20.518284,57.4,0.1,77.6,3.7
3857276,2022-12-01,Group Stage,Canada,1,36,21,Morocco,46258,Azzedine Ounahi,5234,Sofyan Amrabat,Complete,11.454257,74.5,48.7,64.1,43.9
3857276,2022-12-01,Group Stage,Canada,1,36,22,Morocco,5234,Sofyan Amrabat,3634,Abdelhamid Sabiri,Complete,12.665702,64.0,43.9,71.9,34.0
3857276,2022-12-01,Group Stage,Canada,1,36,25,Morocco,3634,Abdelhamid Sabiri,15890,Noussair Mazraoui,Out,30.63413,64.8,30.4,57.7,0.6
3857276,2022-12-01,Group Stage,Canada,1,36,57,Morocco,5219,Romain Saïss,,,Incomplete,4.924429,8.2,2.0,10.2,6.5
3857276,2022-12-01,Group Stage,Canada,1,37,5,Morocco,5219,Romain Saïss,,,Incomplete,23.890165,1.6,10.6,25.1,6.3
3857276,2022-12-01,Group Stage,Canada,1,37,55,Morocco,5219,Romain Saïss,5234,Sofyan Amrabat,Complete,5.162364,29.0,54.1,33.8,56.0
3857276,2022-12-01,Group Stage,Canada,1,37,57,Morocco,5234,Sofyan Amrabat,12149,Nayef Aguerd,Complete,7.932213,28.6,54.6,22.0,59.0
3857276,2022-12-01,Group Stage,Canada,1,37,59,Morocco,12149,Nayef Aguerd,5245,Achraf Hakimi Mouh,Complete,14.105673,21.0,58.4,20.6,72.5
3857276,2022-12-01,Group Stage,Canada,1,38,2,Morocco,5245,Achraf Hakimi Mouh,12149,Nayef Aguerd,Complete,13.752455,20.5,67.3,6.8,68.5
3857276,2022-12-01,Group Stage,Canada,1,38,5,Morocco,12149,Nayef Aguerd,6301,Youssef En-Nesyri,Unknown,39.301018,7.0,61.4,45.9,55.8
3857276,2022-12-01,Group Stage,Canada,1,38,34,Morocco,5245,Achraf Hakimi Mouh,5234,Sofyan Amrabat,Complete,3.9115214,46.1,57.4,44.0,54.1
3857276,2022-12-01,Group Stage,Canada,1,38,35,Morocco,5234,Sofyan Amrabat,5245,Achraf Hakimi Mouh,Complete,4.022437,44.0,54.1,46.3,57.4
3857276,2022-12-01,Group Stage,Canada,1,38,35,Morocco,5245,Achraf Hakimi Mouh,5234,Sofyan Amrabat,Complete,6.3560996,46.5,59.0,43.9,53.2
3857276,2022-12-01,Group Stage,Canada,1,38,36,Morocco,5234,Sofyan Amrabat,5245,Achraf Hakimi Mouh,Complete,8.099382,43.3,53.6,46.1,61.2
3857276,2022-12-01,Group Stage,Canada,1,38,36,Morocco,5245,Achraf Hakimi Mouh,12149,Nayef Aguerd,Complete,16.321764,46.1,61.2,30.5,56.4
3857276,2022-12-01,Group Stage,Canada,1,38,37,Morocco,12149,Nayef Aguerd,5234,Sofyan Amrabat,Complete,10.135581,30.7,56.4,39.4,51.2
3857276,2022-12-01,Group Stage,Canada,1,38,39,Morocco,5234,Sofyan Amrabat,5245,Achraf Hakimi Mouh,Complete,20.402206,39.0,51.2,38.7,71.6
3857276,2022-12-01,Group Stage,Canada,1,38,40,Morocco,5245,Achraf Hakimi Mouh,5234,Sofyan Amrabat,Complete,12.589679,38.7,71.6,40.2,59.1
3857276,2022-12-01,Group Stage,Canada,1,38,41,Morocco,5234,Sofyan Amrabat,46258,Azzedine Ounahi,Complete,17.617321,40.2,59.1,49.6,74.0
3857276,2022-12-01,Group Stage,Canada,1,38,43,Morocco,46258,Azzedine Ounahi,5237,Hakim Ziyech,Complete,6.735726,48.5,77.0,54.9,79.1
3857276,2022-12-01,Group Stage,Canada,1,38,45,Morocco,5237,Hakim Ziyech,46258,Azzedine Ounahi,Complete,8.13941,53.9,78.5,61.9,77.0
3857276,2022-12-01,Group Stage,Canada,1,38,49,Morocco,46258,Azzedine Ounahi,3625,Sofiane Boufal,Complete,20.984756,88.7,57.9,109.3,61.9
3857276,2022-12-01,Group Stage,Canada,1,38,54,Morocco,3625,Sofiane Boufal,,,Incomplete,15.730862,120.0,59.1,113.9,44.6
3857276,2022-12-01,Group Stage,Canada,1,39,5,Morocco,5219,Romain Saïss,3634,Abdelhamid Sabiri,Complete,8.676405,74.7,5.1,82.5,8.9
3857276,2022-12-01,Group Stage,Canada,1,39,7,Morocco,3634,Abdelhamid Sabiri,46258,Azzedine Ounahi,Complete,13.501481,80.2,21.5,80.4,35.0
3857276,2022-12-01,Group Stage,Canada,1,39,13,Morocco,46258,Azzedine Ounahi,5234,Sofyan Amrabat,Complete,8.819297,75.4,13.6,71.1,5.9
3857276,2022-12-01,Group Stage,Canada,1,39,13,Morocco,5234,Sofyan Amrabat,5219,Romain Saïss,Complete,21.433619,70.5,5.9,49.1,4.7
3857276,2022-12-01,Group Stage,Canada,1,39,16,Morocco,5219,Romain Saïss,46258,Azzedine Ounahi,Complete,21.095022,49.4,5.2,63.6,20.8
3857276,2022-12-01,Group Stage,Canada,1,39,20,Morocco,46258,Azzedine Ounahi,3625,Sofiane Boufal,Pass Offside,57.65501,65.0,25.5,91.7,76.6
3857276,2022-12-01,Group Stage,Canada,1,40,33,Morocco,6301,Youssef En-Nesyri,5237,Hakim Ziyech,Complete,47.336243,61.0,40.1,33.6,78.7
3857276,2022-12-01,Group Stage,Canada,1,40,37,Morocco,5237,Hakim Ziyech,12149,Nayef Aguerd,Incomplete,15.489674,31.7,78.5,21.0,67.3
3857276,2022-12-01,Group Stage,Canada,1,42,46,Morocco,5219,Romain Saïss,6301,Youssef En-Nesyri,Incomplete,63.52606,25.3,8.5,88.7,12.5
3857276,2022-12-01,Group Stage,Canada,1,43,56,Morocco,6301,Youssef En-Nesyri,3634,Abdelhamid Sabiri,Complete,11.6297035,57.2,42.9,45.8,40.6
3857276,2022-12-01,Group Stage,Canada,1,43,58,Morocco,3634,Abdelhamid Sabiri,5234,Sofyan Amrabat,Complete,5.940539,47.0,41.5,43.5,46.3
3857276,2022-12-01,Group Stage,Canada,1,44,2,Morocco,5234,Sofyan Amrabat,15890,Noussair Mazraoui,Incomplete,31.191025,57.0,29.3,87.2,21.5
3857276,2022-12-01,Group Stage,Canada,1,44,23,Morocco,12149,Nayef Aguerd,6785,Yassine Bounou,Complete,33.460724,22.5,65.4,2.6,38.5
3857276,2022-12-01,Group Stage,Canada,1,44,27,Morocco,6785,Yassine Bounou,3625,Sofiane Boufal,Incomplete,44.788948,2.2,28.8,46.5,22.2
3857276,2022-12-01,Group Stage,Canada,1,44,53,Morocco,15890,Noussair Mazraoui,6301,Youssef En-Nesyri,Complete,22.030207,17.5,0.1,39.2,3.9
3857276,2022-12-01,Group Stage,Canada,1,44,55,Morocco,6301,Youssef En-Nesyri,,,Incomplete,23.791805,40.2,3.9,50.8,25.2
3857276,2022-12-01,Group Stage,Canada,1,45,29,Morocco,5245,Achraf Hakimi Mouh,5237,Hakim Ziyech,Incomplete,9.9,22.7,74.0,32.6,74.0
3857276,2022-12-01,Group Stage,Canada,1,45,32,Morocco,5245,Achraf Hakimi Mouh,5234,Sofyan Amrabat,Complete,17.140594,18.2,68.8,31.0,57.4
3857276,2022-12-01,Group Stage,Canada,1,45,34,Morocco,5234,Sofyan Amrabat,46258,Azzedine Ounahi,Complete,14.792228,32.1,57.4,43.0,67.4
3857276,2022-12-01,Group Stage,Canada,1,45,37,Morocco,46258,Azzedine Ounahi,5237,Hakim Ziyech,Complete,3.6249137,45.6,74.7,47.1,78.0
3857276,2022-12-01,Group Stage,Canada,1,46,0,Morocco,5245,Achraf Hakimi Mouh,6301,Youssef En-Nesyri,Complete,16.527554,54.4,80.0,69.8,74.0
3857276,2022-12-01,Group Stage,Canada,1,46,2,Morocco,6301,Youssef En-Nesyri,15890,Noussair Mazraoui,Complete,52.509903,67.4,73.0,60.1,21.0
3857276,2022-12-01,Group Stage,Canada,1,46,9,Morocco,15890,Noussair Mazraoui,3625,Sofiane Boufal,Complete,4.7010636,80.7,10.4,83.0,14.5
3857276,2022-12-01,Group Stage,Canada,1,46,10,Morocco,3625,Sofiane Boufal,3634,Abdelhamid Sabiri,Complete,12.780063,81.3,15.6,73.6,25.8
3857276,2022-12-01,Group Stage,Canada,1,46,12,Morocco,3634,Abdelhamid Sabiri,5234,Sofyan Amrabat,Complete,14.97765,72.8,21.6,58.0,23.9
3857276,2022-12-01,Group Stage,Canada,1,46,14,Morocco,5234,Sofyan Amrabat,5245,Achraf Hakimi Mouh,Complete,41.63472,56.7,26.0,58.4,67.6
3857276,2022-12-01,Group Stage,Canada,1,46,18,Morocco,5245,Achraf Hakimi Mouh,5237,Hakim Ziyech,Complete,17.710167,61.9,67.8,75.7,78.9
3857276,2022-12-01,Group Stage,Canada,1,46,21,Morocco,5237,Hakim Ziyech,5245,Achraf Hakimi Mouh,Complete,12.030794,74.7,78.0,69.2,67.3
3857276,2022-12-01,Group Stage,Canada,1,46,23,Morocco,5245,Achraf Hakimi Mouh,46258,Azzedine Ounahi,Incomplete,18.450474,71.9,64.7,86.0,76.6
3857276,2022-12-01,Group Stage,Canada,1,47,15,Morocco,5237,Hakim Ziyech,12149,Nayef Aguerd,Incomplete,41.79055,80.9,75.7,110.6,46.3
3857276,2022-12-01,Group Stage,Canada,1,48,26,Morocco,3634,Abdelhamid Sabiri,5234,Sofyan Amrabat,Complete,2.828427,50.3,21.1,50.7,23.9
3857276,2022-12-01,Group Stage,Canada,1,48,29,Morocco,5234,Sofyan Amrabat,3634,Abdelhamid Sabiri,Incomplete,4.6957426,67.1,23.1,65.0,27.3
3857276,2022-12-01,Group Stage,Canada,1,49,9,Morocco,15890,Noussair Mazraoui,3634,Abdelhamid Sabiri,Incomplete,13.493702,5.2,0.1,18.4,2.9
3857276,2022-12-01,Group Stage,Canada,1,49,42,Morocco,15890,Noussair Mazraoui,5245,Achraf Hakimi Mouh,Complete,59.312225,37.8,18.8,46.3,77.5
3857276,2022-12-01,Group Stage,Canada,1,49,46,Morocco,5245,Achraf Hakimi Mouh,12149,Nayef Aguerd,Complete,18.768324,47.1,77.5,33.1,65.0
3857276,2022-12-01,Group Stage,Canada,1,49,49,Morocco,12149,Nayef Aguerd,3625,Sofiane Boufal,Complete,68.48314,33.8,65.0,76.3,11.3
3857276,2022-12-01,Group Stage,Canada,1,49,52,Morocco,3625,Sofiane Boufal,,,Incomplete,19.200521,75.7,11.7,93.2,19.6
3857276,2022-12-01,Group Stage,Canada,2,45,32,Morocco,6785,Yassine Bounou,12149,Nayef Aguerd,Complete,21.949259,10.3,40.8,14.2,62.4
3857276,2022-12-01,Group Stage,Canada,2,45,36,Morocco,12149,Nayef Aguerd,5245,Achraf Hakimi Mouh,Complete,12.402016,21.5,65.8,28.1,76.3
3857276,2022-12-01,Group Stage,Canada,2,45,57,Morocco,5237,Hakim Ziyech,5219,Romain Saïss,Complete,59.385605,43.7,73.9,28.1,16.6
3857276,2022-12-01,Group Stage,Canada,2,46,6,Morocco,5219,Romain Saïss,6301,Youssef En-Nesyri,Complete,26.943089,53.7,12.1,76.9,25.8
3857276,2022-12-01,Group Stage,Canada,2,46,7,Morocco,6301,Youssef En-Nesyri,3625,Sofiane Boufal,Complete,5.3488317,75.6,25.8,70.6,23.9
3857276,2022-12-01,Group Stage,Canada,2,46,8,Morocco,3625,Sofiane Boufal,46258,Azzedine Ounahi,Complete,22.620565,70.6,23.9,88.6,37.6
3857276,2022-12-01,Group Stage,Canada,2,46,34,Morocco,46258,Azzedine Ounahi,12149,Nayef Aguerd,Complete,9.062009,34.1,76.9,25.7,73.5
3857276,2022-12-01,Group Stage,Canada,2,46,37,Morocco,12149,Nayef Aguerd,5234,Sofyan Amrabat,Complete,11.314592,23.4,68.6,31.5,60.7
3857276,2022-12-01,Group Stage,Canada,2,46,42,Morocco,5234,Sofyan Amrabat,5219,Romain Saïss,Complete,30.994354,41.8,48.9,30.6,20.0
3857276,2022-12-01,Group Stage,Canada,2,46,46,Morocco,5219,Romain Saïss,12149,Nayef Aguerd,Complete,30.40592,31.7,18.5,31.1,48.9
3857276,2022-12-01,Group Stage,Canada,2,46,49,Morocco,12149,Nayef Aguerd,46258,Azzedine Ounahi,Complete,24.377243,31.5,51.1,42.8,72.7
3857276,2022-12-01,Group Stage,Canada,2,46,52,Morocco,46258,Azzedine Ounahi,5237,Hakim Ziyech,Complete,15.239751,46.7,75.0,61.9,76.1
3857276,2022-12-01,Group Stage,Canada,2,46,54,Morocco,5237,Hakim Ziyech,6301,Youssef En-Nesyri,Complete,41.55394,61.9,76.1,98.7,56.8
3857276,2022-12-01,Group Stage,Canada,2,47,1,Morocco,6301,Youssef En-Nesyri,5237,Hakim Ziyech,Complete,13.689412,105.3,76.3,92.9,70.5
3857276,2022-12-01,Group Stage,Canada,2,47,4,Morocco,5237,Hakim Ziyech,,,Incomplete,40.844707,92.5,70.3,117.5,38.0
3857276,2022-12-01,Group Stage,Canada,2,47,22,Morocco,5219,Romain Saïss,3625,Sofiane Boufal,Complete,6.7675695,55.9,3.4,62.3,1.2
3857276,2022-12-01,Group Stage,Canada,2,47,23,Morocco,3625,Sofiane Boufal,3634,Abdelhamid Sabiri,Complete,12.001667,63.2,1.9,51.2,2.1
3857276,2022-12-01,Group Stage,Canada,2,47,25,Morocco,3634,Abdelhamid Sabiri,15890,Noussair Mazraoui,Complete,5.6089215,51.2,2.3,50.1,7.8
3857276,2022-12-01,Group Stage,Canada,2,47,25,Morocco,15890,Noussair Mazraoui,3634,Abdelhamid Sabiri,Complete,5.517246,50.1,7.8,46.3,3.8
3857276,2022-12-01,Group Stage,Canada,2,47,27,Morocco,3634,Abdelhamid Sabiri,5234,Sofyan Amrabat,Complete,10.606602,46.7,10.6,39.2,18.1
3857276,2022-12-01,Group Stage,Canada,2,47,28,Morocco,5234,Sofyan Amrabat,3634,Abdelhamid Sabiri,Complete,6.3906183,39.2,18.1,45.2,20.3
3857276,2022-12-01,Group Stage,Canada,2,47,29,Morocco,3634,Abdelhamid Sabiri,5234,Sofyan Amrabat,Complete,4.9,45.2,20.5,40.3,20.5
3857276,2022-12-01,Group Stage,Canada,2,47,30,Morocco,5234,Sofyan Amrabat,5219,Romain Saïss,Complete,8.348653,39.4,20.7,44.1,13.8
3857276,2022-12-01,Group Stage,Canada,2,47,31,Morocco,5219,Romain Saïss,5234,Sofyan Amrabat,Complete,5.2611785,44.1,13.8,43.3,19.0
3857276,2022-12-01,Group Stage,Canada,2,47,32,Morocco,5234,Sofyan Amrabat,15890,Noussair Mazraoui,Complete,20.131567,43.3,19.0,56.5,3.8
3857276,2022-12-01,Group Stage,Canada,2,47,34,Morocco,15890,Noussair Mazraoui,3625,Sofiane Boufal,Complete,7.324616,56.1,4.2,63.4,3.6
3857276,2022-12-01,Group Stage,Canada,2,47,35,Morocco,3625,Sofiane Boufal,5234,Sofyan Amrabat,Complete,19.043371,63.6,3.4,50.8,17.5
3857276,2022-12-01,Group Stage,Canada,2,47,37,Morocco,5234,Sofyan Amrabat,3634,Abdelhamid Sabiri,Complete,5.7280016,50.1,17.5,54.2,21.5
3857276,2022-12-01,Group Stage,Canada,2,47,37,Morocco,3634,Abdelhamid Sabiri,5234,Sofyan Amrabat,Complete,6.68431,54.2,21.5,49.0,17.3
3857276,2022-12-01,Group Stage,Canada,2,47,39,Morocco,5234,Sofyan Amrabat,3634,Abdelhamid Sabiri,Complete,6.96563,49.3,16.4,53.7,21.8
3857276,2022-12-01,Group Stage,Canada,2,47,41,Morocco,3634,Abdelhamid Sabiri,5245,Achraf Hakimi Mouh,Complete,46.484406,51.8,25.6,49.0,72.0
3857276,2022-12-01,Group Stage,Canada,2,47,46,Morocco,5245,Achraf Hakimi Mouh,5234,Sofyan Amrabat,Complete,20.300247,48.2,60.5,43.3,40.8
3857276,2022-12-01,Group Stage,Canada,2,47,49,Morocco,5234,Sofyan Amrabat,15890,Noussair Mazraoui,Complete,32.289318,46.9,38.6,52.5,6.8
3857276,2022-12-01,Group Stage,Canada,2,47,51,Morocco,15890,Noussair Mazraoui,5219,Romain Saïss,Complete,19.15881,52.3,6.1,33.2,4.6
3857276,2022-12-01,Group Stage,Canada,2,47,55,Morocco,5219,Romain Saïss,5234,Sofyan Amrabat,Complete,18.036076,32.8,6.8,37.9,24.1
3857276,2022-12-01,Group Stage,Canada,2,47,56,Morocco,5234,Sofyan Amrabat,6785,Yassine Bounou,Complete,28.62953,37.9,24.1,9.3,25.4
3857276,2022-12-01,Group Stage,Canada,2,48,0,Morocco,6785,Yassine Bounou,12149,Nayef Aguerd,Complete,21.967249,10.8,33.5,14.8,55.1
3857276,2022-12-01,Group Stage,Canada,2,48,2,Morocco,12149,Nayef Aguerd,5245,Achraf Hakimi Mouh,Complete,18.655294,20.0,58.8,27.9,75.7
3857276,2022-12-01,Group Stage,Canada,2,48,5,Morocco,5245,Achraf Hakimi Mouh,,,Out,26.493961,28.1,75.7,54.4,78.9
3857276,2022-12-01,Group Stage,Canada,2,48,34,Morocco,12149,Nayef Aguerd,5245,Achraf Hakimi Mouh,Complete,11.148542,36.9,69.2,47.1,73.7
3857276,2022-12-01,Group Stage,Canada,2,48,36,Morocco,5245,Achraf Hakimi Mouh,46258,Azzedine Ounahi,Complete,11.681182,46.3,73.1,50.5,62.2
3857276,2022-12-01,Group Stage,Canada,2,48,45,Morocco,46258,Azzedine Ounahi,5237,Hakim Ziyech,Complete,27.627884,88.2,44.4,99.3,69.7
3857276,2022-12-01,Group Stage,Canada,2,48,48,Morocco,5237,Hakim Ziyech,5245,Achraf Hakimi Mouh,Complete,14.111343,104.7,63.0,95.5,52.3
3857276,2022-12-01,Group Stage,Canada,2,48,49,Morocco,5245,Achraf Hakimi Mouh,46258,Azzedine Ounahi,Complete,9.289241,95.0,51.9,104.0,49.6
3857276,2022-12-01,Group Stage,Canada,2,48,50,Morocco,46258,Azzedine Ounahi,5245,Achraf Hakimi Mouh,Incomplete,4.652956,103.8,50.4,107.9,52.6
3857276,2022-12-01,Group Stage,Canada,2,49,4,Morocco,5234,Sofyan Amrabat,5219,Romain Saïss,Complete,20.640009,23.6,69.9,13.5,51.9
3857276,2022-12-01,Group Stage,Canada,2,49,6,Morocco,5219,Romain Saïss,,,Out,27.01296,13.3,51.9,17.4,78.6
3857276,2022-12-01,Group Stage,Canada,2,49,35,Morocco,46258,Azzedine Ounahi,,,Out,22.318153,9.0,74.6,30.9,78.9
3857276,2022-12-01,Group Stage,Canada,2,50,22,Morocco,12149,Nayef Aguerd,46258,Azzedine Ounahi,Complete,10.826818,24.2,40.1,34.3,44.0
3857276,2022-12-01,Group Stage,Canada,2,50,24,Morocco,46258,Azzedine Ounahi,6301,Youssef En-Nesyri,Complete,9.449339,34.3,44.0,40.3,36.7
3857276,2022-12-01,Group Stage,Canada,2,50,25,Morocco,6301,Youssef En-Nesyri,5237,Hakim Ziyech,Complete,35.93466,40.3,36.7,48.0,71.8
3857276,2022-12-01,Group Stage,Canada,2,50,28,Morocco,5237,Hakim Ziyech,3625,Sofiane Boufal,Incomplete,65.20928,45.0,64.3,85.0,12.8
3857276,2022-12-01,Group Stage,Canada,2,52,9,Morocco,5219,Romain Saïss,6301,Youssef En-Nesyri,Complete,14.946571,36.6,26.7,51.2,29.9
3857276,2022-12-01,Group Stage,Canada,2,52,57,Morocco,5245,Achraf Hakimi Mouh,46258,Azzedine Ounahi,Complete,9.002222,9.5,75.0,18.5,75.2
3857276,2022-12-01,Group Stage,Canada,2,52,59,Morocco,46258,Azzedine Ounahi,5237,Hakim Ziyech,Complete,5.672742,17.2,75.0,13.5,70.7
3857276,2022-12-01,Group Stage,Canada,2,53,2,Morocco,5237,Hakim Ziyech,5245,Achraf Hakimi Mouh,Complete,10.640489,19.7,64.7,11.6,71.6
3857276,2022-12-01,Group Stage,Canada,2,53,5,Morocco,5245,Achraf Hakimi Mouh,6301,Youssef En-Nesyri,Complete,31.771843,11.2,72.4,42.8,75.7
3857276,2022-12-01,Group Stage,Canada,2,53,33,Morocco,46258,Azzedine Ounahi,5219,Romain Saïss,Complete,54.3692,64.2,66.2,49.7,13.8
3857276,2022-12-01,Group Stage,Canada,2,53,40,Morocco,5219,Romain Saïss,3634,Abdelhamid Sabiri,Complete,11.151682,50.5,10.0,56.5,0.6
3857276,2022-12-01,Group Stage,Canada,2,53,43,Morocco,3634,Abdelhamid Sabiri,5219,Romain Saïss,Complete,11.8207445,52.7,2.9,40.9,3.6
3857276,2022-12-01,Group Stage,Canada,2,53,45,Morocco,5219,Romain Saïss,15890,Noussair Mazraoui,Incomplete,28.991379,45.0,1.9,73.9,4.2
3857276,2022-12-01,Group Stage,Canada,2,56,32,Morocco,6785,Yassine Bounou,3634,Abdelhamid Sabiri,Complete,63.713264,6.0,44.0,65.3,67.3
3857276,2022-12-01,Group Stage,Canada,2,56,35,Morocco,3634,Abdelhamid Sabiri,,,Incomplete,19.770939,65.3,67.3,82.8,58.1
3857276,2022-12-01,Group Stage,Canada,2,56,40,Morocco,5234,Sofyan Amrabat,5219,Romain Saïss,Complete,11.543396,51.0,50.6,42.4,42.9
3857276,2022-12-01,Group Stage,Canada,2,56,41,Morocco,5219,Romain Saïss,,,Incomplete,38.091076,43.3,42.9,81.1,47.6
3857276,2022-12-01,Group Stage,Canada,2,56,49,Morocco,3634,Abdelhamid Sabiri,,,Incomplete,12.539936,62.9,61.5,75.4,60.5
3857276,2022-12-01,Group Stage,Canada,2,56,52,Morocco,5237,Hakim Ziyech,3625,Sofiane Boufal,Complete,6.661081,70.4,54.7,74.3,49.3
3857276,2022-12-01,Group Stage,Canada,2,57,31,Morocco,6785,Yassine Bounou,3634,Abdelhamid Sabiri,Complete,26.84772,6.0,36.0,32.8,37.6
3857276,2022-12-01,Group Stage,Canada,2,57,33,Morocco,3634,Abdelhamid Sabiri,,,Incomplete,65.97348,42.8,34.8,107.9,45.5
3857276,2022-12-01,Group Stage,Canada,2,58,13,Morocco,5245,Achraf Hakimi Mouh,12149,Nayef Aguerd,Complete,17.1,26.6,59.6,9.5,59.6
3857276,2022-12-01,Group Stage,Canada,2,58,16,Morocco,12149,Nayef Aguerd,5234,Sofyan Amrabat,Complete,9.208692,8.6,59.4,17.8,59.8
3857276,2022-12-01,Group Stage,Canada,2,58,17,Morocco,5234,Sofyan Amrabat,12149,Nayef Aguerd,Complete,12.175796,14.6,60.3,3.1,64.3
3857276,2022-12-01,Group Stage,Canada,2,58,19,Morocco,12149,Nayef Aguerd,5237,Hakim Ziyech,Complete,41.64805,3.1,64.3,43.1,75.9
3857276,2022-12-01,Group Stage,Canada,2,58,21,Morocco,5237,Hakim Ziyech,,,Incomplete,4.7169905,43.1,75.9,43.5,71.2
3857276,2022-12-01,Group Stage,Canada,2,58,23,Morocco,5237,Hakim Ziyech,46258,Azzedine Ounahi,Complete,12.986531,37.7,77.8,49.0,71.4
3857276,2022-12-01,Group Stage,Canada,2,58,39,Morocco,46258,Azzedine Ounahi,5245,Achraf Hakimi Mouh,Complete,11.356936,116.2,65.2,108.9,73.9
3857276,2022-12-01,Group Stage,Canada,2,58,41,Morocco,5245,Achraf Hakimi Mouh,3625,Sofiane Boufal,Complete,6.661081,106.2,72.4,105.3,65.8
3857276,2022-12-01,Group Stage,Canada,2,58,42,Morocco,3625,Sofiane Boufal,5245,Achraf Hakimi Mouh,Complete,7.2615423,105.3,66.2,102.5,72.9
3857276,2022-12-01,Group Stage,Canada,2,58,45,Morocco,5245,Achraf Hakimi Mouh,5234,Sofyan Amrabat,Complete,46.28272,94.6,71.2,82.6,26.5
3857276,2022-12-01,Group Stage,Canada,2,58,56,Morocco,5234,Sofyan Amrabat,15890,Noussair Mazraoui,Complete,20.16755,92.9,9.6,111.7,2.3
3857276,2022-12-01,Group Stage,Canada,2,60,39,Morocco,3634,Abdelhamid Sabiri,3625,Sofiane Boufal,Complete,8.178631,106.2,2.7,98.2,1.0
3857276,2022-12-01,Group Stage,Canada,2,60,42,Morocco,3625,Sofiane Boufal,5219,Romain Saïss,Complete,49.599396,96.1,2.3,52.0,25.0
3857276,2022-12-01,Group Stage,Canada,2,60,46,Morocco,5219,Romain Saïss,5245,Achraf Hakimi Mouh,Complete,37.25426,53.1,30.5,61.9,66.7
3857276,2022-12-01,Group Stage,Canada,2,60,50,Morocco,5245,Achraf Hakimi Mouh,6301,Youssef En-Nesyri,Complete,37.142967,62.9,68.6,95.5,50.8
3857276,2022-12-01,Group Stage,Canada,2,60,52,Morocco,6301,Youssef En-Nesyri,46258,Azzedine Ounahi,Incomplete,11.112605,95.5,50.8,98.5,61.5
3857276,2022-12-01,Group Stage,Canada,2,61,15,Morocco,12149,Nayef Aguerd,6785,Yassine Bounou,Complete,37.601196,45.4,72.4,15.5,49.6
3857276,2022-12-01,Group Stage,Canada,2,61,19,Morocco,6785,Yassine Bounou,12149,Nayef Aguerd,Complete,25.014595,15.0,45.9,22.7,69.7
3857276,2022-12-01,Group Stage,Canada,2,61,23,Morocco,12149,Nayef Aguerd,,,Incomplete,48.21753,27.2,73.7,75.4,72.4
3857276,2022-12-01,Group Stage,Canada,2,61,30,Morocco,5234,Sofyan Amrabat,6301,Youssef En-Nesyri,Complete,15.415901,50.1,65.8,65.5,66.5
3857276,2022-12-01,Group Stage,Canada,2,61,32,Morocco,6301,Youssef En-Nesyri,,,Incomplete,38.031567,65.5,66.5,55.9,29.7
3857276,2022-12-01,Group Stage,Canada,2,62,57,Morocco,6301,Youssef En-Nesyri,5245,Achraf Hakimi Mouh,Complete,4.4598207,7.5,67.7,6.0,63.5
3857276,2022-12-01,Group Stage,Canada,2,62,57,Morocco,5245,Achraf Hakimi Mouh,,,Incomplete,18.620687,5.8,63.5,20.6,74.8
3857276,2022-12-01,Group Stage,Canada,2,63,22,Morocco,5237,Hakim Ziyech,5245,Achraf Hakimi Mouh,Complete,19.104973,27.2,73.3,23.8,54.5
3857276,2022-12-01,Group Stage,Canada,2,63,26,Morocco,5245,Achraf Hakimi Mouh,46258,Azzedine Ounahi,Complete,24.446064,24.7,50.4,23.2,74.8
3857276,2022-12-01,Group Stage,Canada,2,63,28,Morocco,46258,Azzedine Ounahi,3625,Sofiane Boufal,Incomplete,43.872772,23.2,74.8,62.3,54.9
3857276,2022-12-01,Group Stage,Canada,2,66,40,Morocco,6785,Yassine Bounou,6301,Youssef En-Nesyri,Incomplete,65.08679,20.6,51.5,81.6,74.2
3857276,2022-12-01,Group Stage,Canada,2,66,47,Morocco,46258,Azzedine Ounahi,5219,Romain Saïss,Complete,19.376791,63.8,62.4,49.9,48.9
3857276,2022-12-01,Group Stage,Canada,2,66,48,Morocco,5219,Romain Saïss,,,Incomplete,54.333233,49.9,48.7,104.2,46.8
3857276,2022-12-01,Group Stage,Canada,2,68,1,Morocco,6785,Yassine Bounou,,,Incomplete,59.22246,31.3,52.1,88.0,35.0
3857276,2022-12-01,Group Stage,Canada,2,68,7,Morocco,15890,Noussair Mazraoui,21736,Zakaria Aboukhlal,Complete,16.401524,83.3,16.4,95.9,5.9
3857276,2022-12-01,Group Stage,Canada,2,68,13,Morocco,21736,Zakaria Aboukhlal,5219,Romain Saïss,Complete,35.898888,69.4,2.1,34.7,11.3
3857276,2022-12-01,Group Stage,Canada,2,68,20,Morocco,5219,Romain Saïss,6785,Yassine Bounou,Complete,25.240047,26.8,18.1,10.3,37.2
3857276,2022-12-01,Group Stage,Canada,2,68,22,Morocco,6785,Yassine Bounou,12149,Nayef Aguerd,Complete,21.784628,10.3,37.2,18.7,57.3
3857276,2022-12-01,Group Stage,Canada,2,68,25,Morocco,12149,Nayef Aguerd,5234,Sofyan Amrabat,Complete,11.229425,20.4,56.8,31.3,54.1
3857276,2022-12-01,Group Stage,Canada,2,68,28,Morocco,5234,Sofyan Amrabat,6785,Yassine Bounou,Complete,20.552616,27.2,54.1,11.2,41.2
3857276,2022-12-01,Group Stage,Canada,2,68,31,Morocco,6785,Yassine Bounou,5219,Romain Saïss,Complete,25.96151,14.6,35.7,24.0,11.5
3857276,2022-12-01,Group Stage,Canada,2,68,35,Morocco,5219,Romain Saïss,6785,Yassine Bounou,Complete,25.143587,25.7,13.0,12.5,34.4
3857276,2022-12-01,Group Stage,Canada,2,68,40,Morocco,6785,Yassine Bounou,12149,Nayef Aguerd,Complete,24.8,14.4,34.4,14.4,59.2
3857276,2022-12-01,Group Stage,Canada,2,68,43,Morocco,12149,Nayef Aguerd,46258,Azzedine Ounahi,Complete,25.419086,14.6,63.7,36.9,51.5
3857276,2022-12-01,Group Stage,Canada,2,68,46,Morocco,46258,Azzedine Ounahi,5237,Hakim Ziyech,Complete,24.11514,26.4,57.0,46.9,69.7
3857276,2022-12-01,Group Stage,Canada,2,68,47,Morocco,5237,Hakim Ziyech,46258,Azzedine Ounahi,Complete,9.552486,47.3,70.9,45.6,61.5
3857276,2022-12-01,Group Stage,Canada,2,68,53,Morocco,46258,Azzedine Ounahi,5237,Hakim Ziyech,Complete,9.734988,83.5,75.7,75.4,70.3
3857276,2022-12-01,Group Stage,Canada,2,68,59,Morocco,5237,Hakim Ziyech,,,Incomplete,11.280514,98.9,40.8,106.2,32.2
3857276,2022-12-01,Group Stage,Canada,2,71,51,Morocco,6785,Yassine Bounou,6301,Youssef En-Nesyri,Incomplete,71.69637,6.0,36.0,70.6,4.9
3857276,2022-12-01,Group Stage,Canada,2,72,4,Morocco,15890,Noussair Mazraoui,5219,Romain Saïss,Complete,26.184156,47.8,0.1,23.4,9.6
3857276,2022-12-01,Group Stage,Canada,2,72,7,Morocco,5219,Romain Saïss,6785,Yassine Bounou,Complete,21.760744,17.8,13.6,4.6,30.9
3857276,2022-12-01,Group Stage,Canada,2,72,10,Morocco,6785,Yassine Bounou,12149,Nayef Aguerd,Complete,33.61577,5.6,33.3,12.5,66.2
3857276,2022-12-01,Group Stage,Canada,2,72,13,Morocco,12149,Nayef Aguerd,5245,Achraf Hakimi Mouh,Complete,12.267437,14.2,69.9,24.9,75.9
3857276,2022-12-01,Group Stage,Canada,2,72,31,Morocco,5245,Achraf Hakimi Mouh,6301,Youssef En-Nesyri,Complete,14.43087,28.3,80.0,41.6,74.4
3857276,2022-12-01,Group Stage,Canada,2,72,40,Morocco,5237,Hakim Ziyech,5245,Achraf Hakimi Mouh,Complete,11.107204,38.3,60.3,37.9,71.4
3857276,2022-12-01,Group Stage,Canada,2,72,42,Morocco,5245,Achraf Hakimi Mouh,46258,Azzedine Ounahi,Complete,19.042059,41.1,74.2,56.5,63.0
3857276,2022-12-01,Group Stage,Canada,2,72,43,Morocco,46258,Azzedine Ounahi,5237,Hakim Ziyech,Complete,6.146544,56.5,63.0,50.8,60.7
3857276,2022-12-01,Group Stage,Canada,2,72,45,Morocco,5237,Hakim Ziyech,21736,Zakaria Aboukhlal,Out,73.986824,55.5,52.8,119.8,16.2
3857276,2022-12-01,Group Stage,Canada,2,74,4,Morocco,5234,Sofyan Amrabat,,,Out,6.074537,2.2,9.1,0.1,3.4
3857276,2022-12-01,Group Stage,Canada,2,74,53,Morocco,5234,Sofyan Amrabat,23774,Selim Amallah,Complete,11.094143,34.5,54.7,40.7,45.5
3857276,2022-12-01,Group Stage,Canada,2,74,57,Morocco,23774,Selim Amallah,46258,Azzedine Ounahi,Out,32.41373,42.8,48.7,52.9,79.5
3857276,2022-12-01,Group Stage,Canada,2,77,2,Morocco,5245,Achraf Hakimi Mouh,6301,Youssef En-Nesyri,Incomplete,18.895767,33.2,80.0,51.6,75.7
3857276,2022-12-01,Group Stage,Canada,2,78,27,Morocco,6785,Yassine Bounou,59493,Abderrazak Hamdallah,Complete,74.80067,6.0,36.0,74.3,66.5
3857276,2022-12-01,Group Stage,Canada,2,78,31,Morocco,59493,Abderrazak Hamdallah,,,Incomplete,25.229546,74.3,66.5,96.1,53.8
3857276,2022-12-01,Group Stage,Canada,2,78,42,Morocco,12149,Nayef Aguerd,,,Incomplete,23.14865,58.2,14.3,80.1,21.8
3857276,2022-12-01,Group Stage,Canada,2,79,15,Morocco,5234,Sofyan Amrabat,59493,Abderrazak Hamdallah,Complete,14.983324,65.7,28.2,79.0,21.3
3857276,2022-12-01,Group Stage,Canada,2,79,38,Morocco,7459,Jawad El Yamiq,5245,Achraf Hakimi Mouh,Complete,23.747421,3.1,74.4,26.8,75.9
3857276,2022-12-01,Group Stage,Canada,2,79,44,Morocco,5245,Achraf Hakimi Mouh,,,Incomplete,1.9,37.9,76.1,39.8,76.1
3857276,2022-12-01,Group Stage,Canada,2,80,16,Morocco,5245,Achraf Hakimi Mouh,,,Incomplete,32.356297,44.1,80.0,75.4,71.8
3857276,2022-12-01,Group Stage,Canada,2,80,30,Morocco,5245,Achraf Hakimi Mouh,59493,Abderrazak Hamdallah,Complete,27.574627,50.1,80.0,77.1,74.4
3857276,2022-12-01,Group Stage,Canada,2,80,32,Morocco,59493,Abderrazak Hamdallah,,,Incomplete,21.734764,77.3,74.8,81.1,53.4
3857276,2022-12-01,Group Stage,Canada,2,82,32,Morocco,6785,Yassine Bounou,23774,Selim Amallah,Incomplete,64.09937,6.0,44.0,69.2,54.7
3857276,2022-12-01,Group Stage,Canada,2,83,46,Morocco,6785,Yassine Bounou,,,Unknown,64.43423,7.5,65.6,71.9,67.7
3857276,2022-12-01,Group Stage,Canada,2,85,22,Morocco,23774,Selim Amallah,,,Incomplete,33.10015,81.8,66.2,104.7,42.3
3857276,2022-12-01,Group Stage,Canada,2,85,30,Morocco,21736,Zakaria Aboukhlal,59493,Abderrazak Hamdallah,Complete,16.286497,83.3,3.4,98.7,8.7
3857276,2022-12-01,Group Stage,Canada,2,85,31,Morocco,59493,Abderrazak Hamdallah,21736,Zakaria Aboukhlal,Complete,9.708244,98.7,9.3,89.9,13.4
3857276,2022-12-01,Group Stage,Canada,2,85,33,Morocco,21736,Zakaria Aboukhlal,,,Out,39.294403,99.3,22.8,120.0,56.2
3857276,2022-12-01,Group Stage,Canada,2,86,15,Morocco,6785,Yassine Bounou,59493,Abderrazak Hamdallah,Incomplete,72.138756,14.8,35.9,86.0,24.3
3857276,2022-12-01,Group Stage,Canada,2,87,6,Morocco,6785,Yassine Bounou,,,Incomplete,64.299614,22.3,29.9,86.3,23.7
3857276,2022-12-01,Group Stage,Canada,2,87,12,Morocco,102668,Yahya Jabrane,,,Incomplete,4.9819674,58.7,35.2,63.6,36.1
3857276,2022-12-01,Group Stage,Canada,2,88,28,Morocco,6785,Yassine Bounou,23774,Selim Amallah,Complete,54.992092,40.5,58.1,92.7,40.8
3857276,2022-12-01,Group Stage,Canada,2,89,14,Morocco,102668,Yahya Jabrane,6785,Yassine Bounou,Complete,28.78906,21.9,11.7,6.0,35.7
3857276,2022-12-01,Group Stage,Canada,2,89,17,Morocco,6785,Yassine Bounou,6301,Youssef En-Nesyri,Complete,65.80615,6.5,35.4,63.2,68.8
3857276,2022-12-01,Group Stage,Canada,2,90,51,Morocco,102668,Yahya Jabrane,6301,Youssef En-Nesyri,Complete,14.8556385,14.6,55.3,8.4,68.8
3857276,2022-12-01,Group Stage,Canada,2,90,52,Morocco,6301,Youssef En-Nesyri,,,Out,43.053688,7.8,69.0,49.7,78.9
3857276,2022-12-01,Group Stage,Canada,2,92,51,Morocco,6785,Yassine Bounou,23774,Selim Amallah,Incomplete,72.71382,17.8,38.4,83.9,8.1
3857276,2022-12-01,Group Stage,Canada,2,93,10,Morocco,21736,Zakaria Aboukhlal,59493,Abderrazak Hamdallah,Complete,18.124569,72.8,0.1,90.5,4.0
3857276,2022-12-01,Group Stage,Canada,2,93,11,Morocco,59493,Abderrazak Hamdallah,21736,Zakaria Aboukhlal,Complete,9.712878,91.6,4.9,83.1,9.6
3857276,2022-12-01,Group Stage,Canada,2,93,42,Morocco,5234,Sofyan Amrabat,59493,Abderrazak Hamdallah,Complete,11.981652,30.4,56.2,42.0,59.2
3857276,2022-12-01,Group Stage,Canada,2,93,43,Morocco,59493,Abderrazak Hamdallah,5234,Sofyan Amrabat,Complete,7.553807,42.0,59.2,41.1,66.7
3857276,2022-12-01,Group Stage,Canada,2,93,45,Morocco,5234,Sofyan Amrabat,6301,Youssef En-Nesyri,Complete,13.860014,50.5,72.2,63.8,76.1
3857276,2022-12-01,Group Stage,Canada,2,93,48,Morocco,6301,Youssef En-Nesyri,59493,Abderrazak Hamdallah,Complete,32.682716,74.7,73.3,86.7,42.9
3857277,2022-11-23,Group Stage,Croatia,1,0,0,Morocco,6301,Youssef En-Nesyri,5234,Sofyan Amrabat,Complete,14.204225,60.0,40.0,46.0,37.6
3857277,2022-11-23,Group Stage,Croatia,1,0,2,Morocco,5234,Sofyan Amrabat,15890,Noussair Mazraoui,Complete,30.701954,45.6,37.6,43.1,7.0
3857277,2022-11-23,Group Stage,Croatia,1,0,5,Morocco,15890,Noussair Mazraoui,5219,Romain Saïss,Complete,22.895414,38.8,4.6,21.0,19.0
3857277,2022-11-23,Group Stage,Croatia,1,0,6,Morocco,5219,Romain Saïss,6301,Youssef En-Nesyri,Incomplete,46.155605,21.0,19.2,65.7,30.7
3857277,2022-11-23,Group Stage,Croatia,1,0,11,Morocco,12149,Nayef Aguerd,6301,Youssef En-Nesyri,Complete,20.447495,38.8,38.0,58.7,33.3
3857277,2022-11-23,Group Stage,Croatia,1,0,14,Morocco,6301,Youssef En-Nesyri,15890,Noussair Mazraoui,Out,33.30165,58.7,33.3,56.1,0.1
3857277,2022-11-23,Group Stage,Croatia,1,1,37,Morocco,12149,Nayef Aguerd,3625,Sofiane Boufal,Incomplete,71.93838,6.0,44.0,72.8,17.3
3857277,2022-11-23,Group Stage,Croatia,1,1,42,Morocco,6301,Youssef En-Nesyri,3625,Sofiane Boufal,Complete,9.914131,78.1,13.4,76.6,3.6
3857277,2022-11-23,Group Stage,Croatia,1,1,44,Morocco,3625,Sofiane Boufal,15890,Noussair Mazraoui,Complete,13.102672,76.2,2.7,63.4,5.5
3857277,2022-11-23,Group Stage,Croatia,1,1,45,Morocco,15890,Noussair Mazraoui,6301,Youssef En-Nesyri,Incomplete,7.5179787,63.6,5.3,67.2,11.9
3857277,2022-11-23,Group Stage,Croatia,1,2,39,Morocco,6785,Yassine Bounou,5234,Sofyan Amrabat,Complete,9.219544,8.2,31.6,17.4,32.2
3857277,2022-11-23,Group Stage,Croatia,1,2,42,Morocco,5234,Sofyan Amrabat,15890,Noussair Mazraoui,Out,25.501568,29.4,25.4,26.2,0.1
3857277,2022-11-23,Group Stage,Croatia,1,2,56,Morocco,5234,Sofyan Amrabat,5219,Romain Saïss,Complete,16.50818,37.7,11.9,22.1,17.3
3857277,2022-11-23,Group Stage,Croatia,1,2,58,Morocco,5219,Romain Saïss,12149,Nayef Aguerd,Complete,29.106184,22.3,18.5,21.7,47.6
3857277,2022-11-23,Group Stage,Croatia,1,3,1,Morocco,12149,Nayef Aguerd,5234,Sofyan Amrabat,Complete,12.209013,21.9,48.5,33.4,44.4
3857277,2022-11-23,Group Stage,Croatia,1,3,3,Morocco,5234,Sofyan Amrabat,5245,Achraf Hakimi Mouh,Complete,26.500755,33.4,44.4,33.2,70.9
3857277,2022-11-23,Group Stage,Croatia,1,3,5,Morocco,5245,Achraf Hakimi Mouh,46258,Azzedine Ounahi,Complete,12.182364,33.4,72.7,45.4,74.8
3857277,2022-11-23,Group Stage,Croatia,1,3,7,Morocco,46258,Azzedine Ounahi,5245,Achraf Hakimi Mouh,Complete,6.6287255,46.0,73.5,49.7,68.0
3857277,2022-11-23,Group Stage,Croatia,1,3,8,Morocco,5245,Achraf Hakimi Mouh,5237,Hakim Ziyech,Incomplete,10.978616,50.5,68.0,60.8,71.8
3857277,2022-11-23,Group Stage,Croatia,1,4,23,Morocco,5245,Achraf Hakimi Mouh,46258,Azzedine Ounahi,Complete,11.764353,21.9,80.0,25.5,68.8
3857277,2022-11-23,Group Stage,Croatia,1,6,21,Morocco,5237,Hakim Ziyech,46258,Azzedine Ounahi,Complete,8.130191,59.7,60.0,64.0,66.9
3857277,2022-11-23,Group Stage,Croatia,1,6,22,Morocco,46258,Azzedine Ounahi,5237,Hakim Ziyech,Complete,6.1911225,62.7,67.1,57.4,63.9
3857277,2022-11-23,Group Stage,Croatia,1,6,25,Morocco,5237,Hakim Ziyech,5245,Achraf Hakimi Mouh,Incomplete,2.4698179,63.6,74.2,65.7,72.9
3857277,2022-11-23,Group Stage,Croatia,1,6,34,Morocco,5234,Sofyan Amrabat,5237,Hakim Ziyech,Complete,7.7646637,66.2,64.5,67.2,72.2
3857277,2022-11-23,Group Stage,Croatia,1,6,35,Morocco,5237,Hakim Ziyech,5219,Romain Saïss,Complete,44.02113,67.2,72.2,53.7,30.3
3857277,2022-11-23,Group Stage,Croatia,1,6,41,Morocco,5219,Romain Saïss,3625,Sofiane Boufal,Complete,11.221853,75.1,22.0,86.3,21.3
3857277,2022-11-23,Group Stage,Croatia,1,6,43,Morocco,3625,Sofiane Boufal,5219,Romain Saïss,Complete,14.542696,86.3,21.3,74.5,12.8
3857277,2022-11-23,Group Stage,Croatia,1,6,45,Morocco,5219,Romain Saïss,3625,Sofiane Boufal,Complete,10.601887,73.4,12.3,82.0,6.1
3857277,2022-11-23,Group Stage,Croatia,1,6,50,Morocco,3625,Sofiane Boufal,15890,Noussair Mazraoui,Complete,9.521029,92.3,5.5,101.4,2.7
3857277,2022-11-23,Group Stage,Croatia,1,6,52,Morocco,15890,Noussair Mazraoui,23774,Selim Amallah,Complete,20.949701,101.4,2.7,98.9,23.5
3857277,2022-11-23,Group Stage,Croatia,1,6,56,Morocco,23774,Selim Amallah,6301,Youssef En-Nesyri,Incomplete,16.692812,105.3,27.3,108.9,43.6
3857277,2022-11-23,Group Stage,Croatia,1,7,50,Morocco,5219,Romain Saïss,5245,Achraf Hakimi Mouh,Complete,47.760338,50.5,21.8,52.9,69.5
3857277,2022-11-23,Group Stage,Croatia,1,7,53,Morocco,5245,Achraf Hakimi Mouh,5237,Hakim Ziyech,Complete,8.91852,55.0,70.1,62.7,74.6
3857277,2022-11-23,Group Stage,Croatia,1,7,56,Morocco,5237,Hakim Ziyech,5234,Sofyan Amrabat,Complete,16.410973,55.2,73.7,54.6,57.3
3857277,2022-11-23,Group Stage,Croatia,1,7,58,Morocco,5234,Sofyan Amrabat,5245,Achraf Hakimi Mouh,Complete,9.090654,54.6,57.3,60.4,64.3
3857277,2022-11-23,Group Stage,Croatia,1,7,58,Morocco,5245,Achraf Hakimi Mouh,5234,Sofyan Amrabat,Complete,7.856844,60.2,64.3,54.4,59.0
3857277,2022-11-23,Group Stage,Croatia,1,8,1,Morocco,5234,Sofyan Amrabat,5219,Romain Saïss,Complete,36.98175,56.1,57.5,50.8,20.9
3857277,2022-11-23,Group Stage,Croatia,1,8,3,Morocco,5219,Romain Saïss,3625,Sofiane Boufal,Complete,25.953228,50.8,20.9,68.9,2.3
3857277,2022-11-23,Group Stage,Croatia,1,8,9,Morocco,3625,Sofiane Boufal,15890,Noussair Mazraoui,Complete,7.3348484,80.5,2.5,73.9,5.7
3857277,2022-11-23,Group Stage,Croatia,1,8,11,Morocco,15890,Noussair Mazraoui,5234,Sofyan Amrabat,Complete,8.072174,73.9,5.7,67.9,11.1
3857277,2022-11-23,Group Stage,Croatia,1,8,13,Morocco,5234,Sofyan Amrabat,12149,Nayef Aguerd,Complete,31.380568,67.9,11.1,57.2,40.6
3857277,2022-11-23,Group Stage,Croatia,1,8,15,Morocco,12149,Nayef Aguerd,46258,Azzedine Ounahi,Complete,8.561542,57.2,41.0,65.5,43.1
3857277,2022-11-23,Group Stage,Croatia,1,8,18,Morocco,46258,Azzedine Ounahi,5245,Achraf Hakimi Mouh,Complete,18.711494,68.3,51.3,71.7,69.7
3857277,2022-11-23,Group Stage,Croatia,1,8,21,Morocco,5245,Achraf Hakimi Mouh,46258,Azzedine Ounahi,Incomplete,4.438468,74.7,71.6,78.8,69.9
3857277,2022-11-23,Group Stage,Croatia,1,8,23,Morocco,5237,Hakim Ziyech,3625,Sofiane Boufal,Incomplete,51.198143,80.7,70.7,99.3,23.0
3857277,2022-11-23,Group Stage,Croatia,1,9,47,Morocco,6785,Yassine Bounou,6301,Youssef En-Nesyri,Complete,72.24431,6.0,44.0,69.2,9.0
3857277,2022-11-23,Group Stage,Croatia,1,9,50,Morocco,6301,Youssef En-Nesyri,46258,Azzedine Ounahi,Incomplete,22.318153,71.6,8.7,70.7,31.0
3857277,2022-11-23,Group Stage,Croatia,1,9,54,Morocco,5234,Sofyan Amrabat,6301,Youssef En-Nesyri,Complete,15.979049,63.3,32.4,75.6,22.2
3857277,2022-11-23,Group Stage,Croatia,1,9,56,Morocco,6301,Youssef En-Nesyri,3625,Sofiane Boufal,Incomplete,31.845407,76.9,22.2,108.7,23.9
3857277,2022-11-23,Group Stage,Croatia,1,10,41,Morocco,6301,Youssef En-Nesyri,46258,Azzedine Ounahi,Complete,7.3109508,68.9,56.6,64.2,62.2
3857277,2022-11-23,Group Stage,Croatia,1,10,43,Morocco,46258,Azzedine Ounahi,5237,Hakim Ziyech,Complete,21.982265,70.4,60.3,90.5,69.2
3857277,2022-11-23,Group Stage,Croatia,1,10,44,Morocco,5237,Hakim Ziyech,6301,Youssef En-Nesyri,Incomplete,4.8104053,91.4,68.8,93.1,64.3
3857277,2022-11-23,Group Stage,Croatia,1,10,58,Morocco,5245,Achraf Hakimi Mouh,46258,Azzedine Ounahi,Complete,10.18332,100.4,80.0,99.1,69.9
3857277,2022-11-23,Group Stage,Croatia,1,10,59,Morocco,46258,Azzedine Ounahi,5245,Achraf Hakimi Mouh,Complete,5.3,99.1,69.9,99.1,75.2
3857277,2022-11-23,Group Stage,Croatia,1,11,1,Morocco,5245,Achraf Hakimi Mouh,46258,Azzedine Ounahi,Complete,12.3878975,98.9,75.2,87.8,69.7
3857277,2022-11-23,Group Stage,Croatia,1,11,3,Morocco,46258,Azzedine Ounahi,12149,Nayef Aguerd,Complete,25.738104,87.1,70.9,61.4,69.5
3857277,2022-11-23,Group Stage,Croatia,1,11,5,Morocco,12149,Nayef Aguerd,5219,Romain Saïss,Complete,45.596493,62.5,69.5,56.5,24.3
3857277,2022-11-23,Group Stage,Croatia,1,11,11,Morocco,5219,Romain Saïss,5234,Sofyan Amrabat,Complete,9.76166,56.5,23.9,64.2,29.9
3857277,2022-11-23,Group Stage,Croatia,1,11,13,Morocco,5234,Sofyan Amrabat,5219,Romain Saïss,Complete,11.490866,64.2,29.9,54.4,23.9
3857277,2022-11-23,Group Stage,Croatia,1,11,14,Morocco,5219,Romain Saïss,12149,Nayef Aguerd,Complete,29.876078,53.7,23.9,45.4,52.6
3857277,2022-11-23,Group Stage,Croatia,1,11,18,Morocco,12149,Nayef Aguerd,46258,Azzedine Ounahi,Complete,20.825464,45.4,52.6,55.7,70.7
3857277,2022-11-23,Group Stage,Croatia,1,11,20,Morocco,46258,Azzedine Ounahi,5219,Romain Saïss,Complete,41.679012,52.7,70.7,39.4,31.2
3857277,2022-11-23,Group Stage,Croatia,1,11,30,Morocco,5219,Romain Saïss,3625,Sofiane Boufal,Complete,13.756817,55.2,26.0,66.6,18.3
3857277,2022-11-23,Group Stage,Croatia,1,11,31,Morocco,3625,Sofiane Boufal,5219,Romain Saïss,Complete,18.427155,67.0,18.5,48.6,17.5
3857277,2022-11-23,Group Stage,Croatia,1,11,34,Morocco,5219,Romain Saïss,15890,Noussair Mazraoui,Complete,20.894258,51.2,16.8,66.8,2.9
3857277,2022-11-23,Group Stage,Croatia,1,11,38,Morocco,15890,Noussair Mazraoui,5237,Hakim Ziyech,Out,76.97876,68.7,11.3,104.4,79.5
3857277,2022-11-23,Group Stage,Croatia,1,12,3,Morocco,5245,Achraf Hakimi Mouh,46258,Azzedine Ounahi,Complete,16.3878,85.4,74.4,92.0,59.4
3857277,2022-11-23,Group Stage,Croatia,1,12,5,Morocco,46258,Azzedine Ounahi,23774,Selim Amallah,Incomplete,25.96151,92.0,59.0,76.2,38.4
3857277,2022-11-23,Group Stage,Croatia,1,12,15,Morocco,6785,Yassine Bounou,12149,Nayef Aguerd,Complete,11.458621,24.2,42.3,32.1,50.6
3857277,2022-11-23,Group Stage,Croatia,1,12,19,Morocco,12149,Nayef Aguerd,46258,Azzedine Ounahi,Complete,18.660385,31.3,50.6,49.9,52.1
3857277,2022-11-23,Group Stage,Croatia,1,12,21,Morocco,46258,Azzedine Ounahi,12149,Nayef Aguerd,Complete,15.784802,49.5,52.1,34.9,58.1
3857277,2022-11-23,Group Stage,Croatia,1,12,23,Morocco,12149,Nayef Aguerd,5245,Achraf Hakimi Mouh,Complete,13.159027,34.9,58.1,40.3,70.1
3857277,2022-11-23,Group Stage,Croatia,1,12,25,Morocco,5245,Achraf Hakimi Mouh,12149,Nayef Aguerd,Complete,18.613167,40.7,70.1,27.0,57.5
3857277,2022-11-23,Group Stage,Croatia,1,12,29,Morocco,12149,Nayef Aguerd,5219,Romain Saïss,Complete,32.66757,27.9,57.3,30.0,24.7
3857277,2022-11-23,Group Stage,Croatia,1,12,32,Morocco,5219,Romain Saïss,3625,Sofiane Boufal,Complete,56.73817,36.2,21.3,90.3,4.2
3857277,2022-11-23,Group Stage,Croatia,1,12,42,Morocco,3625,Sofiane Boufal,5245,Achraf Hakimi Mouh,Complete,38.86412,94.4,19.2,111.5,54.1
3857277,2022-11-23,Group Stage,Croatia,1,12,44,Morocco,5245,Achraf Hakimi Mouh,5237,Hakim Ziyech,Complete,13.971399,111.5,54.1,98.7,48.5
3857277,2022-11-23,Group Stage,Croatia,1,12,51,Morocco,3625,Sofiane Boufal,5245,Achraf Hakimi Mouh,Complete,30.233755,86.3,36.3,99.5,63.5
3857277,2022-11-23,Group Stage,Croatia,1,12,55,Morocco,5245,Achraf Hakimi Mouh,,,Incomplete,5.8034472,111.1,60.5,110.9,54.7
3857277,2022-11-23,Group Stage,Croatia,1,14,6,Morocco,15890,Noussair Mazraoui,5219,Romain Saïss,Complete,14.92012,14.6,6.4,5.6,18.3
3857277,2022-11-23,Group Stage,Croatia,1,14,7,Morocco,5219,Romain Saïss,3625,Sofiane Boufal,Complete,51.564037,5.6,18.3,56.3,8.9
3857277,2022-11-23,Group Stage,Croatia,1,14,42,Morocco,5245,Achraf Hakimi Mouh,5237,Hakim Ziyech,Complete,17.40632,34.3,80.0,42.6,64.7
3857277,2022-11-23,Group Stage,Croatia,1,14,44,Morocco,5237,Hakim Ziyech,,,Incomplete,65.031456,39.8,57.9,94.8,23.2
3857277,2022-11-23,Group Stage,Croatia,1,16,4,Morocco,15890,Noussair Mazraoui,23774,Selim Amallah,Complete,8.784646,17.4,5.7,25.5,9.1
3857277,2022-11-23,Group Stage,Croatia,1,16,11,Morocco,23774,Selim Amallah,,,Incomplete,34.93222,46.5,13.6,45.0,48.5
3857277,2022-11-23,Group Stage,Croatia,1,16,42,Morocco,6785,Yassine Bounou,6301,Youssef En-Nesyri,Complete,78.25356,6.0,44.0,73.9,5.1
3857277,2022-11-23,Group Stage,Croatia,1,16,45,Morocco,6301,Youssef En-Nesyri,,,Incomplete,23.94097,73.9,5.1,81.8,27.7
3857277,2022-11-23,Group Stage,Croatia,1,16,50,Morocco,5219,Romain Saïss,5237,Hakim Ziyech,Incomplete,29.84845,45.6,21.5,74.3,29.7
3857277,2022-11-23,Group Stage,Croatia,1,16,56,Morocco,5234,Sofyan Amrabat,5237,Hakim Ziyech,Incomplete,25.469982,62.5,26.0,81.1,43.4
3857277,2022-11-23,Group Stage,Croatia,1,17,12,Morocco,5245,Achraf Hakimi Mouh,5237,Hakim Ziyech,Complete,15.060212,101.9,80.0,113.9,70.9
3857277,2022-11-23,Group Stage,Croatia,1,17,16,Morocco,5237,Hakim Ziyech,5245,Achraf Hakimi Mouh,Complete,15.805062,114.3,72.4,98.5,72.0
3857277,2022-11-23,Group Stage,Croatia,1,17,18,Morocco,5245,Achraf Hakimi Mouh,46258,Azzedine Ounahi,Complete,8.958795,98.9,71.4,103.8,63.9
3857277,2022-11-23,Group Stage,Croatia,1,17,21,Morocco,46258,Azzedine Ounahi,5237,Hakim Ziyech,Complete,8.746428,100.6,65.8,105.1,73.3
3857277,2022-11-23,Group Stage,Croatia,1,17,23,Morocco,5237,Hakim Ziyech,5245,Achraf Hakimi Mouh,Complete,9.124144,105.1,73.3,103.6,64.3
3857277,2022-11-23,Group Stage,Croatia,1,17,24,Morocco,5245,Achraf Hakimi Mouh,5237,Hakim Ziyech,Complete,4.5177426,103.6,64.3,99.1,64.7
3857277,2022-11-23,Group Stage,Croatia,1,17,25,Morocco,5237,Hakim Ziyech,6301,Youssef En-Nesyri,Out,43.807076,99.1,64.7,120.0,26.2
3857277,2022-11-23,Group Stage,Croatia,1,17,54,Morocco,12149,Nayef Aguerd,5245,Achraf Hakimi Mouh,Complete,10.241582,55.5,62.0,63.8,68.0
3857277,2022-11-23,Group Stage,Croatia,1,18,0,Morocco,5237,Hakim Ziyech,46258,Azzedine Ounahi,Complete,25.005999,71.3,80.0,73.6,55.1
3857277,2022-11-23,Group Stage,Croatia,1,18,4,Morocco,46258,Azzedine Ounahi,3625,Sofiane Boufal,Complete,14.46271,74.1,48.1,86.7,41.0
3857277,2022-11-23,Group Stage,Croatia,1,18,10,Morocco,46258,Azzedine Ounahi,23774,Selim Amallah,Incomplete,3.224903,107.0,34.2,106.6,37.4
3857277,2022-11-23,Group Stage,Croatia,1,18,17,Morocco,6301,Youssef En-Nesyri,5234,Sofyan Amrabat,Complete,8.746428,87.5,18.5,79.4,21.8
3857277,2022-11-23,Group Stage,Croatia,1,18,19,Morocco,5234,Sofyan Amrabat,5245,Achraf Hakimi Mouh,Complete,28.38098,79.4,21.8,82.6,50.0
3857277,2022-11-23,Group Stage,Croatia,1,18,22,Morocco,5245,Achraf Hakimi Mouh,46258,Azzedine Ounahi,Complete,7.05762,87.8,49.1,94.8,50.0
3857277,2022-11-23,Group Stage,Croatia,1,18,22,Morocco,46258,Azzedine Ounahi,5245,Achraf Hakimi Mouh,Complete,4.6840153,94.8,50.0,93.5,45.5
3857277,2022-11-23,Group Stage,Croatia,1,20,12,Morocco,5234,Sofyan Amrabat,6301,Youssef En-Nesyri,Complete,30.176315,74.7,57.9,99.7,41.0
3857277,2022-11-23,Group Stage,Croatia,1,20,14,Morocco,6301,Youssef En-Nesyri,5237,Hakim Ziyech,Incomplete,5.4571056,99.5,40.8,94.2,39.5
3857277,2022-11-23,Group Stage,Croatia,1,22,25,Morocco,3625,Sofiane Boufal,46258,Azzedine Ounahi,Complete,12.254387,23.4,1.6,34.3,7.2
3857277,2022-11-23,Group Stage,Croatia,1,22,30,Morocco,46258,Azzedine Ounahi,12149,Nayef Aguerd,Complete,30.23326,31.7,12.6,20.8,40.8
3857277,2022-11-23,Group Stage,Croatia,1,22,33,Morocco,12149,Nayef Aguerd,5245,Achraf Hakimi Mouh,Complete,29.162476,23.6,42.3,36.2,68.6
3857277,2022-11-23,Group Stage,Croatia,1,22,36,Morocco,5245,Achraf Hakimi Mouh,46258,Azzedine Ounahi,Incomplete,8.464632,43.5,69.2,50.1,63.9
3857277,2022-11-23,Group Stage,Croatia,1,22,43,Morocco,5234,Sofyan Amrabat,3625,Sofiane Boufal,Complete,18.741665,40.3,17.9,53.3,4.4
3857277,2022-11-23,Group Stage,Croatia,1,22,49,Morocco,3625,Sofiane Boufal,15890,Noussair Mazraoui,Complete,18.195879,63.2,1.2,51.0,14.7
3857277,2022-11-23,Group Stage,Croatia,1,22,52,Morocco,15890,Noussair Mazraoui,5219,Romain Saïss,Complete,15.805062,51.0,14.9,38.6,24.7
3857277,2022-11-23,Group Stage,Croatia,1,22,55,Morocco,5219,Romain Saïss,12149,Nayef Aguerd,Complete,22.503555,39.2,24.7,38.8,47.2
3857277,2022-11-23,Group Stage,Croatia,1,22,57,Morocco,12149,Nayef Aguerd,46258,Azzedine Ounahi,Complete,13.140016,39.4,49.3,47.3,59.8
3857277,2022-11-23,Group Stage,Croatia,1,23,3,Morocco,46258,Azzedine Ounahi,12149,Nayef Aguerd,Complete,18.817545,52.7,68.2,39.8,54.5
3857277,2022-11-23,Group Stage,Croatia,1,23,6,Morocco,12149,Nayef Aguerd,5219,Romain Saïss,Complete,29.286516,39.8,53.0,43.1,23.9
3857277,2022-11-23,Group Stage,Croatia,1,23,12,Morocco,5219,Romain Saïss,5234,Sofyan Amrabat,Complete,13.336041,46.3,22.8,58.0,29.2
3857277,2022-11-23,Group Stage,Croatia,1,23,12,Morocco,5234,Sofyan Amrabat,5219,Romain Saïss,Complete,13.756817,58.2,29.7,45.2,25.2
3857277,2022-11-23,Group Stage,Croatia,1,23,15,Morocco,5219,Romain Saïss,5237,Hakim Ziyech,Complete,34.32856,45.2,25.2,55.0,58.1
3857277,2022-11-23,Group Stage,Croatia,1,23,18,Morocco,5237,Hakim Ziyech,5245,Achraf Hakimi Mouh,Complete,58.50299,55.7,55.3,111.3,73.5
3857277,2022-11-23,Group Stage,Croatia,1,23,28,Morocco,5245,Achraf Hakimi Mouh,,,Incomplete,6.203225,112.6,64.1,112.8,57.9
3857277,2022-11-23,Group Stage,Croatia,1,23,49,Morocco,5245,Achraf Hakimi Mouh,3625,Sofiane Boufal,Complete,9.650907,91.4,80.0,93.1,70.5
3857277,2022-11-23,Group Stage,Croatia,1,23,50,Morocco,3625,Sofiane Boufal,5245,Achraf Hakimi Mouh,Complete,4.554119,93.1,70.1,91.6,74.4
3857277,2022-11-23,Group Stage,Croatia,1,23,52,Morocco,5245,Achraf Hakimi Mouh,12149,Nayef Aguerd,Complete,27.074896,88.6,72.9,63.4,63.0
3857277,2022-11-23,Group Stage,Croatia,1,23,55,Morocco,12149,Nayef Aguerd,5234,Sofyan Amrabat,Complete,18.604301,63.6,63.0,64.0,44.4
3857277,2022-11-23,Group Stage,Croatia,1,23,59,Morocco,5234,Sofyan Amrabat,5219,Romain Saïss,Complete,24.340296,63.2,34.8,39.4,29.7
3857277,2022-11-23,Group Stage,Croatia,1,24,2,Morocco,5219,Romain Saïss,12149,Nayef Aguerd,Complete,28.864685,39.2,29.2,45.8,57.3
3857277,2022-11-23,Group Stage,Croatia,1,24,5,Morocco,12149,Nayef Aguerd,5245,Achraf Hakimi Mouh,Complete,22.570112,45.6,57.3,62.1,72.7
3857277,2022-11-23,Group Stage,Croatia,1,24,7,Morocco,5245,Achraf Hakimi Mouh,5237,Hakim Ziyech,Complete,14.029255,62.1,72.7,76.0,74.6
3857277,2022-11-23,Group Stage,Croatia,1,24,10,Morocco,5237,Hakim Ziyech,5245,Achraf Hakimi Mouh,Complete,6.3348246,70.2,73.7,68.9,67.5
3857277,2022-11-23,Group Stage,Croatia,1,24,12,Morocco,5245,Achraf Hakimi Mouh,5234,Sofyan Amrabat,Complete,18.006943,68.9,67.5,58.5,52.8
3857277,2022-11-23,Group Stage,Croatia,1,24,14,Morocco,5234,Sofyan Amrabat,5219,Romain Saïss,Complete,23.307724,60.6,46.1,60.0,22.8
3857277,2022-11-23,Group Stage,Croatia,1,24,17,Morocco,5219,Romain Saïss,23774,Selim Amallah,Complete,22.707047,62.7,18.5,79.2,2.9
3857277,2022-11-23,Group Stage,Croatia,1,24,21,Morocco,23774,Selim Amallah,6301,Youssef En-Nesyri,Complete,40.183704,79.8,4.9,111.1,30.1
3857277,2022-11-23,Group Stage,Croatia,1,25,57,Morocco,6785,Yassine Bounou,6301,Youssef En-Nesyri,Complete,58.03628,15.2,35.7,65.7,64.3
3857277,2022-11-23,Group Stage,Croatia,1,26,0,Morocco,6301,Youssef En-Nesyri,5237,Hakim Ziyech,Unknown,13.994285,65.7,64.5,77.7,57.3
3857277,2022-11-23,Group Stage,Croatia,1,28,4,Morocco,6785,Yassine Bounou,12149,Nayef Aguerd,Complete,10.945775,15.2,35.7,14.2,46.6
3857277,2022-11-23,Group Stage,Croatia,1,28,8,Morocco,12149,Nayef Aguerd,5237,Hakim Ziyech,Complete,13.078226,14.6,48.9,26.6,54.1
3857277,2022-11-23,Group Stage,Croatia,1,28,9,Morocco,5237,Hakim Ziyech,5234,Sofyan Amrabat,Complete,8.720665,27.9,53.8,28.5,45.1
3857277,2022-11-23,Group Stage,Croatia,1,28,10,Morocco,5234,Sofyan Amrabat,5237,Hakim Ziyech,Complete,13.674063,28.5,45.1,20.8,56.4
3857277,2022-11-23,Group Stage,Croatia,1,28,12,Morocco,5237,Hakim Ziyech,6785,Yassine Bounou,Complete,20.5,21.5,57.9,8.2,42.3
3857277,2022-11-23,Group Stage,Croatia,1,28,15,Morocco,6785,Yassine Bounou,5219,Romain Saïss,Complete,21.808256,8.2,39.7,8.8,17.9
3857277,2022-11-23,Group Stage,Croatia,1,28,20,Morocco,5219,Romain Saïss,23774,Selim Amallah,Complete,14.375326,11.8,12.1,25.9,14.9
3857277,2022-11-23,Group Stage,Croatia,1,28,42,Morocco,15890,Noussair Mazraoui,5219,Romain Saïss,Complete,17.154009,33.6,5.1,25.1,20.0
3857277,2022-11-23,Group Stage,Croatia,1,28,46,Morocco,5219,Romain Saïss,12149,Nayef Aguerd,Complete,27.373161,23.2,20.3,21.2,47.6
3857277,2022-11-23,Group Stage,Croatia,1,28,50,Morocco,12149,Nayef Aguerd,5245,Achraf Hakimi Mouh,Complete,24.496939,24.9,49.3,33.6,72.2
3857277,2022-11-23,Group Stage,Croatia,1,28,53,Morocco,5245,Achraf Hakimi Mouh,12149,Nayef Aguerd,Complete,18.681005,33.9,72.7,21.2,59.0
3857277,2022-11-23,Group Stage,Croatia,1,28,56,Morocco,12149,Nayef Aguerd,6785,Yassine Bounou,Complete,16.241306,20.0,58.5,12.3,44.2
3857277,2022-11-23,Group Stage,Croatia,1,28,58,Morocco,6785,Yassine Bounou,5234,Sofyan Amrabat,Complete,13.9,12.3,44.2,26.2,44.2
3857277,2022-11-23,Group Stage,Croatia,1,29,12,Morocco,5234,Sofyan Amrabat,12149,Nayef Aguerd,Complete,8.09506,43.3,46.6,39.6,53.8
3857277,2022-11-23,Group Stage,Croatia,1,29,13,Morocco,12149,Nayef Aguerd,5234,Sofyan Amrabat,Complete,6.9339743,39.6,54.3,45.4,58.1
3857277,2022-11-23,Group Stage,Croatia,1,29,18,Morocco,5234,Sofyan Amrabat,5245,Achraf Hakimi Mouh,Complete,17.83704,45.4,58.1,54.4,73.5
3857277,2022-11-23,Group Stage,Croatia,1,29,20,Morocco,5245,Achraf Hakimi Mouh,46258,Azzedine Ounahi,Complete,10.729865,53.1,73.1,52.3,62.4
3857277,2022-11-23,Group Stage,Croatia,1,29,21,Morocco,46258,Azzedine Ounahi,5237,Hakim Ziyech,Complete,10.690183,52.3,62.4,62.5,65.6
3857277,2022-11-23,Group Stage,Croatia,1,29,39,Morocco,15890,Noussair Mazraoui,3625,Sofiane Boufal,Complete,28.359303,39.0,8.3,67.0,3.8
3857277,2022-11-23,Group Stage,Croatia,1,30,28,Morocco,5245,Achraf Hakimi Mouh,5237,Hakim Ziyech,Complete,11.42716,26.4,56.8,37.7,58.5
3857277,2022-11-23,Group Stage,Croatia,1,30,29,Morocco,5237,Hakim Ziyech,46258,Azzedine Ounahi,Complete,6.963476,37.9,58.5,39.4,51.7
3857277,2022-11-23,Group Stage,Croatia,1,30,31,Morocco,46258,Azzedine Ounahi,23774,Selim Amallah,Complete,16.623478,42.6,52.6,52.3,39.1
3857277,2022-11-23,Group Stage,Croatia,1,30,34,Morocco,23774,Selim Amallah,5234,Sofyan Amrabat,Complete,8.80568,53.5,40.6,45.0,42.9
3857277,2022-11-23,Group Stage,Croatia,1,30,36,Morocco,5234,Sofyan Amrabat,12149,Nayef Aguerd,Complete,18.48053,44.6,43.6,33.4,58.3
3857277,2022-11-23,Group Stage,Croatia,1,30,38,Morocco,12149,Nayef Aguerd,5234,Sofyan Amrabat,Complete,8.993887,33.6,58.3,40.3,52.3
3857277,2022-11-23,Group Stage,Croatia,1,30,41,Morocco,5234,Sofyan Amrabat,5245,Achraf Hakimi Mouh,Incomplete,27.273796,55.9,44.0,82.8,48.5
3857277,2022-11-23,Group Stage,Croatia,1,30,46,Morocco,5234,Sofyan Amrabat,5237,Hakim Ziyech,Complete,18.62713,55.7,60.9,69.6,73.3
3857277,2022-11-23,Group Stage,Croatia,1,30,49,Morocco,5237,Hakim Ziyech,,,Out,67.53318,71.7,70.9,120.0,23.7
3857277,2022-11-23,Group Stage,Croatia,1,32,40,Morocco,3625,Sofiane Boufal,6301,Youssef En-Nesyri,Complete,11.79025,43.5,38.6,55.0,41.2
3857277,2022-11-23,Group Stage,Croatia,1,32,42,Morocco,6301,Youssef En-Nesyri,3625,Sofiane Boufal,Complete,18.26171,56.1,40.1,54.6,58.3
3857277,2022-11-23,Group Stage,Croatia,1,33,52,Morocco,5234,Sofyan Amrabat,46258,Azzedine Ounahi,Complete,15.71528,40.9,16.6,39.0,32.2
3857277,2022-11-23,Group Stage,Croatia,1,33,54,Morocco,46258,Azzedine Ounahi,5219,Romain Saïss,Complete,16.740967,40.1,31.2,26.6,21.3
3857277,2022-11-23,Group Stage,Croatia,1,33,56,Morocco,5219,Romain Saïss,15890,Noussair Mazraoui,Complete,14.941218,26.6,21.3,33.6,8.1
3857277,2022-11-23,Group Stage,Croatia,1,34,0,Morocco,15890,Noussair Mazraoui,5234,Sofyan Amrabat,Complete,11.627554,33.6,8.1,38.8,18.5
3857277,2022-11-23,Group Stage,Croatia,1,34,1,Morocco,5234,Sofyan Amrabat,23774,Selim Amallah,Complete,11.772,39.2,18.5,50.5,21.8
3857277,2022-11-23,Group Stage,Croatia,1,34,3,Morocco,23774,Selim Amallah,46258,Azzedine Ounahi,Complete,26.439365,50.8,21.8,42.8,47.0
3857277,2022-11-23,Group Stage,Croatia,1,34,9,Morocco,46258,Azzedine Ounahi,5245,Achraf Hakimi Mouh,Complete,15.39383,56.3,62.8,69.2,71.2
3857277,2022-11-23,Group Stage,Croatia,1,34,13,Morocco,5245,Achraf Hakimi Mouh,12149,Nayef Aguerd,Complete,21.617817,69.2,71.2,49.0,63.5
3857277,2022-11-23,Group Stage,Croatia,1,34,15,Morocco,12149,Nayef Aguerd,5219,Romain Saïss,Complete,37.8,47.8,62.8,47.8,25.0
3857277,2022-11-23,Group Stage,Croatia,1,34,21,Morocco,5219,Romain Saïss,5237,Hakim Ziyech,Incomplete,66.17099,64.9,22.8,108.7,72.4
3857277,2022-11-23,Group Stage,Croatia,1,34,28,Morocco,5245,Achraf Hakimi Mouh,46258,Azzedine Ounahi,Complete,15.795253,105.3,80.0,93.5,69.5
3857277,2022-11-23,Group Stage,Croatia,1,34,32,Morocco,46258,Azzedine Ounahi,5245,Achraf Hakimi Mouh,Incomplete,13.505924,92.5,72.4,98.5,60.3
3857277,2022-11-23,Group Stage,Croatia,1,35,4,Morocco,5234,Sofyan Amrabat,12149,Nayef Aguerd,Complete,24.641834,83.3,74.6,61.2,63.7
3857277,2022-11-23,Group Stage,Croatia,1,35,7,Morocco,12149,Nayef Aguerd,5219,Romain Saïss,Complete,21.467184,60.8,63.7,48.8,45.9
3857277,2022-11-23,Group Stage,Croatia,1,35,10,Morocco,5219,Romain Saïss,15890,Noussair Mazraoui,Complete,16.194136,47.8,39.7,50.3,23.7
3857277,2022-11-23,Group Stage,Croatia,1,35,15,Morocco,15890,Noussair Mazraoui,5219,Romain Saïss,Complete,19.039433,56.7,14.1,44.6,28.8
3857277,2022-11-23,Group Stage,Croatia,1,35,18,Morocco,5219,Romain Saïss,12149,Nayef Aguerd,Complete,33.629154,44.6,28.8,46.0,62.4
3857277,2022-11-23,Group Stage,Croatia,1,35,21,Morocco,12149,Nayef Aguerd,46258,Azzedine Ounahi,Complete,19.011839,50.5,62.8,67.7,54.7
3857277,2022-11-23,Group Stage,Croatia,1,35,23,Morocco,46258,Azzedine Ounahi,5237,Hakim Ziyech,Unknown,5.6859474,68.5,54.3,71.7,59.0
3857277,2022-11-23,Group Stage,Croatia,1,35,39,Morocco,5237,Hakim Ziyech,5219,Romain Saïss,Complete,33.53446,72.8,59.2,69.8,25.8
3857277,2022-11-23,Group Stage,Croatia,1,35,43,Morocco,5219,Romain Saïss,3625,Sofiane Boufal,Complete,24.44995,69.8,25.8,79.6,3.4
3857277,2022-11-23,Group Stage,Croatia,1,35,47,Morocco,3625,Sofiane Boufal,15890,Noussair Mazraoui,Complete,11.175867,86.9,3.1,75.8,4.4
3857277,2022-11-23,Group Stage,Croatia,1,35,49,Morocco,15890,Noussair Mazraoui,5219,Romain Saïss,Complete,24.95456,74.3,4.6,52.0,15.8
3857277,2022-11-23,Group Stage,Croatia,1,35,52,Morocco,5219,Romain Saïss,5234,Sofyan Amrabat,Complete,19.13766,49.3,16.2,38.8,32.2
3857277,2022-11-23,Group Stage,Croatia,1,35,54,Morocco,5234,Sofyan Amrabat,12149,Nayef Aguerd,Complete,27.840439,38.3,33.3,39.8,61.1
3857277,2022-11-23,Group Stage,Croatia,1,35,58,Morocco,12149,Nayef Aguerd,46258,Azzedine Ounahi,Complete,18.07678,52.0,58.8,67.9,50.2
3857277,2022-11-23,Group Stage,Croatia,1,36,20,Morocco,5219,Romain Saïss,23774,Selim Amallah,Complete,12.083046,8.6,20.9,20.4,18.3
3857277,2022-11-23,Group Stage,Croatia,1,36,47,Morocco,5219,Romain Saïss,12149,Nayef Aguerd,Complete,46.08514,33.4,10.2,30.6,56.2
3857277,2022-11-23,Group Stage,Croatia,1,36,50,Morocco,12149,Nayef Aguerd,5245,Achraf Hakimi Mouh,Complete,20.256603,30.6,56.2,46.3,69.0
3857277,2022-11-23,Group Stage,Croatia,1,36,52,Morocco,5245,Achraf Hakimi Mouh,12149,Nayef Aguerd,Complete,11.346365,46.3,69.0,35.8,64.7
3857277,2022-11-23,Group Stage,Croatia,1,36,56,Morocco,12149,Nayef Aguerd,5219,Romain Saïss,Complete,36.808693,39.4,64.5,38.6,27.7
3857277,2022-11-23,Group Stage,Croatia,1,37,0,Morocco,5219,Romain Saïss,15890,Noussair Mazraoui,Complete,26.321283,38.6,27.7,54.6,6.8
3857277,2022-11-23,Group Stage,Croatia,1,37,4,Morocco,15890,Noussair Mazraoui,5219,Romain Saïss,Complete,14.217243,54.6,6.8,44.3,16.6
3857277,2022-11-23,Group Stage,Croatia,1,37,9,Morocco,5219,Romain Saïss,12149,Nayef Aguerd,Complete,29.54539,51.0,27.7,54.8,57.0
3857277,2022-11-23,Group Stage,Croatia,1,37,13,Morocco,12149,Nayef Aguerd,5245,Achraf Hakimi Mouh,Complete,16.08602,56.1,62.4,68.7,72.4
3857277,2022-11-23,Group Stage,Croatia,1,37,22,Morocco,5219,Romain Saïss,23774,Selim Amallah,Complete,37.272644,42.6,44.6,74.9,26.0
3857277,2022-11-23,Group Stage,Croatia,1,37,57,Morocco,3625,Sofiane Boufal,5245,Achraf Hakimi Mouh,Incomplete,59.790718,52.5,30.7,96.3,71.4
3857277,2022-11-23,Group Stage,Croatia,1,38,4,Morocco,5245,Achraf Hakimi Mouh,46258,Azzedine Ounahi,Complete,10.492378,102.5,72.7,98.5,63.0
3857277,2022-11-23,Group Stage,Croatia,1,39,3,Morocco,15890,Noussair Mazraoui,6301,Youssef En-Nesyri,Complete,23.444616,51.2,0.1,74.5,2.7
3857277,2022-11-23,Group Stage,Croatia,1,39,5,Morocco,6301,Youssef En-Nesyri,3625,Sofiane Boufal,Complete,9.604687,74.5,2.5,82.0,8.5
3857277,2022-11-23,Group Stage,Croatia,1,39,19,Morocco,15890,Noussair Mazraoui,3625,Sofiane Boufal,Complete,22.763567,76.9,0.1,97.2,10.4
3857277,2022-11-23,Group Stage,Croatia,1,39,25,Morocco,46258,Azzedine Ounahi,5237,Hakim Ziyech,Complete,46.31382,80.1,27.3,88.2,72.9
3857277,2022-11-23,Group Stage,Croatia,1,39,31,Morocco,5237,Hakim Ziyech,46258,Azzedine Ounahi,Complete,18.386137,93.1,68.6,107.2,56.8
3857277,2022-11-23,Group Stage,Croatia,1,39,33,Morocco,46258,Azzedine Ounahi,5237,Hakim Ziyech,Incomplete,7.7233415,109.1,56.0,104.0,50.2
3857277,2022-11-23,Group Stage,Croatia,1,40,48,Morocco,5237,Hakim Ziyech,,,Incomplete,23.032585,99.5,70.7,110.0,50.2
3857277,2022-11-23,Group Stage,Croatia,1,43,5,Morocco,23774,Selim Amallah,5237,Hakim Ziyech,Complete,12.034118,92.3,60.5,101.2,68.6
3857277,2022-11-23,Group Stage,Croatia,1,43,6,Morocco,5237,Hakim Ziyech,46258,Azzedine Ounahi,Complete,5.4037023,101.2,68.6,97.0,72.0
3857277,2022-11-23,Group Stage,Croatia,1,43,8,Morocco,46258,Azzedine Ounahi,5245,Achraf Hakimi Mouh,Complete,13.544741,97.0,72.0,83.5,70.9
3857277,2022-11-23,Group Stage,Croatia,1,43,10,Morocco,5245,Achraf Hakimi Mouh,5234,Sofyan Amrabat,Complete,13.148384,83.5,71.2,77.7,59.4
3857277,2022-11-23,Group Stage,Croatia,1,43,12,Morocco,5234,Sofyan Amrabat,5219,Romain Saïss,Complete,34.120377,77.1,57.3,67.7,24.5
3857277,2022-11-23,Group Stage,Croatia,1,43,15,Morocco,5219,Romain Saïss,15890,Noussair Mazraoui,Complete,25.040966,68.1,23.0,83.3,3.1
3857277,2022-11-23,Group Stage,Croatia,1,43,20,Morocco,15890,Noussair Mazraoui,5219,Romain Saïss,Complete,30.991934,86.3,2.5,57.0,12.6
3857277,2022-11-23,Group Stage,Croatia,1,43,23,Morocco,5219,Romain Saïss,5237,Hakim Ziyech,Incomplete,63.282303,60.0,13.4,99.3,63.0
3857277,2022-11-23,Group Stage,Croatia,1,43,29,Morocco,12149,Nayef Aguerd,5245,Achraf Hakimi Mouh,Complete,16.707483,69.2,55.8,77.5,70.3
3857277,2022-11-23,Group Stage,Croatia,1,43,32,Morocco,5245,Achraf Hakimi Mouh,5237,Hakim Ziyech,Complete,10.47855,76.9,69.5,86.5,73.7
3857277,2022-11-23,Group Stage,Croatia,1,43,34,Morocco,5237,Hakim Ziyech,46258,Azzedine Ounahi,Out,35.721283,86.5,73.7,120.0,61.3
3857277,2022-11-23,Group Stage,Croatia,1,44,10,Morocco,5219,Romain Saïss,6785,Yassine Bounou,Complete,20.144478,11.0,65.8,2.8,47.4
3857277,2022-11-23,Group Stage,Croatia,1,44,14,Morocco,6785,Yassine Bounou,6301,Youssef En-Nesyri,Incomplete,59.921616,3.1,35.4,62.7,29.2
3857277,2022-11-23,Group Stage,Croatia,1,44,20,Morocco,15890,Noussair Mazraoui,3625,Sofiane Boufal,Complete,22.067623,37.9,22.4,51.6,5.1
3857277,2022-11-23,Group Stage,Croatia,1,45,3,Morocco,15890,Noussair Mazraoui,46258,Azzedine Ounahi,Incomplete,10.993179,28.5,17.3,32.6,27.5
3857277,2022-11-23,Group Stage,Croatia,1,45,16,Morocco,6785,Yassine Bounou,23774,Selim Amallah,Complete,20.2408,13.5,34.2,25.5,17.9
3857277,2022-11-23,Group Stage,Croatia,1,45,22,Morocco,23774,Selim Amallah,5237,Hakim Ziyech,Incomplete,70.642265,29.4,23.7,89.7,60.5
3857277,2022-11-23,Group Stage,Croatia,1,46,12,Morocco,12149,Nayef Aguerd,6785,Yassine Bounou,Complete,25.25391,25.3,62.8,3.3,50.4
3857277,2022-11-23,Group Stage,Croatia,1,46,16,Morocco,6785,Yassine Bounou,,,Incomplete,60.519417,6.0,44.2,66.4,40.4
3857277,2022-11-23,Group Stage,Croatia,1,47,10,Morocco,6785,Yassine Bounou,,,Unknown,54.502293,6.0,44.0,58.7,57.9
3857277,2022-11-23,Group Stage,Croatia,2,46,17,Morocco,5219,Romain Saïss,12149,Nayef Aguerd,Complete,20.880613,69.2,13.1,52.4,25.5
3857277,2022-11-23,Group Stage,Croatia,2,46,19,Morocco,12149,Nayef Aguerd,5245,Achraf Hakimi Mouh,Complete,17.822739,52.4,25.5,53.3,43.3
3857277,2022-11-23,Group Stage,Croatia,2,46,21,Morocco,5245,Achraf Hakimi Mouh,5237,Hakim Ziyech,Complete,19.398195,56.8,44.4,73.3,54.6
3857277,2022-11-23,Group Stage,Croatia,2,46,22,Morocco,5237,Hakim Ziyech,46258,Azzedine Ounahi,Complete,5.3712196,73.3,54.6,75.9,49.9
3857277,2022-11-23,Group Stage,Croatia,2,48,12,Morocco,12149,Nayef Aguerd,6785,Yassine Bounou,Complete,20.283245,20.2,68.1,13.1,49.1
3857277,2022-11-23,Group Stage,Croatia,2,48,16,Morocco,6785,Yassine Bounou,5219,Romain Saïss,Complete,34.746655,13.1,44.9,11.3,10.2
3857277,2022-11-23,Group Stage,Croatia,2,48,19,Morocco,5219,Romain Saïss,3625,Sofiane Boufal,Complete,36.563644,9.8,7.6,45.5,15.5
3857277,2022-11-23,Group Stage,Croatia,2,48,21,Morocco,3625,Sofiane Boufal,6301,Youssef En-Nesyri,Incomplete,18.332485,45.5,15.5,63.7,13.3
3857277,2022-11-23,Group Stage,Croatia,2,48,26,Morocco,3625,Sofiane Boufal,23774,Selim Amallah,Complete,13.572398,49.3,4.9,62.3,8.8
3857277,2022-11-23,Group Stage,Croatia,2,48,28,Morocco,23774,Selim Amallah,3625,Sofiane Boufal,Complete,8.045496,61.9,7.6,68.7,3.3
3857277,2022-11-23,Group Stage,Croatia,2,48,45,Morocco,15890,Noussair Mazraoui,3625,Sofiane Boufal,Complete,16.196913,95.0,0.1,107.5,10.4
3857277,2022-11-23,Group Stage,Croatia,2,49,54,Morocco,5237,Hakim Ziyech,6301,Youssef En-Nesyri,Incomplete,18.391846,82.4,69.3,97.9,59.4
3857277,2022-11-23,Group Stage,Croatia,2,50,20,Morocco,5234,Sofyan Amrabat,5237,Hakim Ziyech,Complete,9.329523,73.1,71.7,81.1,76.5
3857277,2022-11-23,Group Stage,Croatia,2,50,22,Morocco,5237,Hakim Ziyech,3625,Sofiane Boufal,Complete,22.507776,79.0,69.6,84.6,47.8
3857277,2022-11-23,Group Stage,Croatia,2,51,56,Morocco,6301,Youssef En-Nesyri,5237,Hakim Ziyech,Unknown,54.386486,2.0,48.0,50.3,73.0
3857277,2022-11-23,Group Stage,Croatia,2,54,53,Morocco,12149,Nayef Aguerd,5234,Sofyan Amrabat,Complete,11.086027,43.4,68.0,46.3,57.3
3857277,2022-11-23,Group Stage,Croatia,2,54,53,Morocco,5234,Sofyan Amrabat,5237,Hakim Ziyech,Complete,30.740202,48.9,53.0,74.9,69.4
3857277,2022-11-23,Group Stage,Croatia,2,54,55,Morocco,5237,Hakim Ziyech,,,Incomplete,2.9068885,74.9,69.4,77.8,69.2
3857277,2022-11-23,Group Stage,Croatia,2,55,54,Morocco,6785,Yassine Bounou,,,Incomplete,62.813454,7.0,44.1,61.8,74.8
3857277,2022-11-23,Group Stage,Croatia,2,56,3,Morocco,5245,Achraf Hakimi Mouh,5237,Hakim Ziyech,Complete,19.757025,63.8,80.0,83.5,78.5
3857277,2022-11-23,Group Stage,Croatia,2,56,12,Morocco,5219,Romain Saïss,46258,Azzedine Ounahi,Incomplete,21.282152,37.0,51.4,57.2,58.1
3857277,2022-11-23,Group Stage,Croatia,2,56,16,Morocco,12149,Nayef Aguerd,,,Incomplete,30.43107,40.8,66.0,53.4,38.3
3857277,2022-11-23,Group Stage,Croatia,2,57,21,Morocco,6785,Yassine Bounou,5219,Romain Saïss,Complete,18.738462,7.0,44.1,8.2,25.4
3857277,2022-11-23,Group Stage,Croatia,2,57,23,Morocco,5219,Romain Saïss,6785,Yassine Bounou,Complete,15.620819,8.2,25.4,4.2,40.5
3857277,2022-11-23,Group Stage,Croatia,2,57,25,Morocco,6785,Yassine Bounou,12149,Nayef Aguerd,Complete,21.808256,4.0,40.3,4.6,62.1
3857277,2022-11-23,Group Stage,Croatia,2,57,28,Morocco,12149,Nayef Aguerd,,,Incomplete,50.06246,3.4,64.4,52.1,52.8
3857277,2022-11-23,Group Stage,Croatia,2,57,32,Morocco,5234,Sofyan Amrabat,23774,Selim Amallah,Complete,6.9115844,38.3,50.6,37.9,43.7
3857277,2022-11-23,Group Stage,Croatia,2,57,52,Morocco,5245,Achraf Hakimi Mouh,5234,Sofyan Amrabat,Complete,5.8549123,23.6,73.0,24.4,67.2
3857277,2022-11-23,Group Stage,Croatia,2,57,53,Morocco,5234,Sofyan Amrabat,6785,Yassine Bounou,Complete,23.600847,23.6,62.4,4.6,48.4
3857277,2022-11-23,Group Stage,Croatia,2,57,56,Morocco,6785,Yassine Bounou,46258,Azzedine Ounahi,Incomplete,52.654533,5.4,47.6,56.5,34.9
3857277,2022-11-23,Group Stage,Croatia,2,60,8,Morocco,31295,Yahia Attiyat allah,6301,Youssef En-Nesyri,Complete,26.545244,30.6,0.1,56.9,3.7
3857277,2022-11-23,Group Stage,Croatia,2,60,10,Morocco,6301,Youssef En-Nesyri,,,Incomplete,1.8,56.9,3.7,58.7,3.7
3857277,2022-11-23,Group Stage,Croatia,2,61,25,Morocco,6785,Yassine Bounou,5234,Sofyan Amrabat,Complete,19.940912,13.7,24.1,27.7,38.3
3857277,2022-11-23,Group Stage,Croatia,2,61,28,Morocco,5234,Sofyan Amrabat,23774,Selim Amallah,Complete,24.634325,31.9,40.2,52.1,26.1
3857277,2022-11-23,Group Stage,Croatia,2,61,29,Morocco,23774,Selim Amallah,31295,Yahia Attiyat allah,Complete,22.228136,52.1,26.1,42.4,6.1
3857277,2022-11-23,Group Stage,Croatia,2,61,33,Morocco,31295,Yahia Attiyat allah,5219,Romain Saïss,Complete,24.901808,40.4,4.1,17.3,13.4
3857277,2022-11-23,Group Stage,Croatia,2,61,35,Morocco,5219,Romain Saïss,6785,Yassine Bounou,Complete,20.615528,15.7,15.6,10.7,35.6
3857277,2022-11-23,Group Stage,Croatia,2,61,37,Morocco,6785,Yassine Bounou,12149,Nayef Aguerd,Complete,21.749712,10.9,36.2,15.3,57.5
3857277,2022-11-23,Group Stage,Croatia,2,61,40,Morocco,12149,Nayef Aguerd,5245,Achraf Hakimi Mouh,Complete,28.717241,15.5,57.3,35.3,78.1
3857277,2022-11-23,Group Stage,Croatia,2,61,45,Morocco,5245,Achraf Hakimi Mouh,5237,Hakim Ziyech,Complete,10.394711,35.3,78.1,45.6,76.7
3857277,2022-11-23,Group Stage,Croatia,2,61,47,Morocco,5237,Hakim Ziyech,5245,Achraf Hakimi Mouh,Complete,9.044335,46.8,75.7,55.4,78.5
3857277,2022-11-23,Group Stage,Croatia,2,61,54,Morocco,5245,Achraf Hakimi Mouh,3625,Sofiane Boufal,Incomplete,2.408319,112.1,63.5,112.3,61.1
3857277,2022-11-23,Group Stage,Croatia,2,62,0,Morocco,31295,Yahia Attiyat allah,23774,Selim Amallah,Incomplete,7.7369246,107.9,8.3,111.4,15.2
3857277,2022-11-23,Group Stage,Croatia,2,62,33,Morocco,31295,Yahia Attiyat allah,5234,Sofyan Amrabat,Complete,11.61809,36.5,14.6,39.2,25.9
3857277,2022-11-23,Group Stage,Croatia,2,62,36,Morocco,5234,Sofyan Amrabat,3625,Sofiane Boufal,Complete,20.984756,48.1,33.4,68.7,29.4
3857277,2022-11-23,Group Stage,Croatia,2,62,41,Morocco,3625,Sofiane Boufal,46258,Azzedine Ounahi,Incomplete,6.1814237,89.1,16.8,90.1,22.9
3857277,2022-11-23,Group Stage,Croatia,2,62,43,Morocco,3625,Sofiane Boufal,23774,Selim Amallah,Complete,11.132834,90.2,16.4,86.5,26.9
3857277,2022-11-23,Group Stage,Croatia,2,64,4,Morocco,5237,Hakim Ziyech,5245,Achraf Hakimi Mouh,Complete,0.781025,87.9,32.0,88.5,31.5
3857277,2022-11-23,Group Stage,Croatia,2,64,59,Morocco,5245,Achraf Hakimi Mouh,46258,Azzedine Ounahi,Complete,8.149233,89.1,80.0,91.1,72.1
3857277,2022-11-23,Group Stage,Croatia,2,65,0,Morocco,46258,Azzedine Ounahi,5245,Achraf Hakimi Mouh,Incomplete,7.741447,84.7,68.4,85.5,76.1
3857277,2022-11-23,Group Stage,Croatia,2,65,8,Morocco,5245,Achraf Hakimi Mouh,46258,Azzedine Ounahi,Complete,6.708204,76.6,80.0,75.4,73.4
3857277,2022-11-23,Group Stage,Croatia,2,65,10,Morocco,46258,Azzedine Ounahi,12149,Nayef Aguerd,Complete,22.211033,73.1,72.8,50.9,72.1
3857277,2022-11-23,Group Stage,Croatia,2,65,12,Morocco,12149,Nayef Aguerd,5219,Romain Saïss,Complete,43.821457,48.5,69.7,44.1,26.1
3857277,2022-11-23,Group Stage,Croatia,2,65,15,Morocco,5219,Romain Saïss,23774,Selim Amallah,Complete,23.213142,46.1,24.9,68.7,30.2
3857277,2022-11-23,Group Stage,Croatia,2,66,0,Morocco,5234,Sofyan Amrabat,46258,Azzedine Ounahi,Complete,10.076706,30.1,57.3,36.6,65.0
3857277,2022-11-23,Group Stage,Croatia,2,66,4,Morocco,46258,Azzedine Ounahi,23774,Selim Amallah,Complete,14.762791,31.5,60.4,41.0,49.1
3857277,2022-11-23,Group Stage,Croatia,2,66,12,Morocco,5245,Achraf Hakimi Mouh,5234,Sofyan Amrabat,Complete,11.610771,38.6,70.8,40.2,59.3
3857277,2022-11-23,Group Stage,Croatia,2,66,15,Morocco,5234,Sofyan Amrabat,46258,Azzedine Ounahi,Incomplete,13.81919,41.4,54.9,50.5,44.5
3857277,2022-11-23,Group Stage,Croatia,2,66,29,Morocco,46258,Azzedine Ounahi,31295,Yahia Attiyat allah,Incomplete,1.6155494,15.7,23.9,16.3,22.4
3857277,2022-11-23,Group Stage,Croatia,2,66,31,Morocco,46258,Azzedine Ounahi,31295,Yahia Attiyat allah,Complete,11.859595,9.6,20.9,13.5,9.7
3857277,2022-11-23,Group Stage,Croatia,2,66,33,Morocco,31295,Yahia Attiyat allah,46258,Azzedine Ounahi,Complete,9.141663,13.5,9.7,4.9,12.8
3857277,2022-11-23,Group Stage,Croatia,2,66,36,Morocco,46258,Azzedine Ounahi,5237,Hakim Ziyech,Incomplete,73.57962,4.9,12.8,68.5,49.8
3857277,2022-11-23,Group Stage,Croatia,2,67,45,Morocco,5245,Achraf Hakimi Mouh,46258,Azzedine Ounahi,Incomplete,39.704533,36.5,51.4,76.2,52.0
3857277,2022-11-23,Group Stage,Croatia,2,72,13,Morocco,6785,Yassine Bounou,149714,Abdessamad Ezzalzouli,Complete,34.891975,7.8,39.5,40.6,27.6
3857277,2022-11-23,Group Stage,Croatia,2,72,30,Morocco,12149,Nayef Aguerd,,,Incomplete,16.36704,63.6,45.3,76.4,55.5
3857277,2022-11-23,Group Stage,Croatia,2,74,18,Morocco,5245,Achraf Hakimi Mouh,6301,Youssef En-Nesyri,Complete,24.352823,13.1,80.0,37.2,76.5
3857277,2022-11-23,Group Stage,Croatia,2,74,19,Morocco,6301,Youssef En-Nesyri,23774,Selim Amallah,Complete,9.033825,37.2,76.5,41.2,68.4
3857277,2022-11-23,Group Stage,Croatia,2,74,20,Morocco,23774,Selim Amallah,5237,Hakim Ziyech,Complete,19.20026,41.2,68.4,56.5,80.0
3857277,2022-11-23,Group Stage,Croatia,2,74,27,Morocco,5234,Sofyan Amrabat,6301,Youssef En-Nesyri,Incomplete,31.407005,38.1,68.8,69.3,65.2
3857277,2022-11-23,Group Stage,Croatia,2,74,39,Morocco,31295,Yahia Attiyat allah,6785,Yassine Bounou,Complete,8.421995,12.9,33.6,5.6,37.8
3857277,2022-11-23,Group Stage,Croatia,2,74,40,Morocco,6785,Yassine Bounou,,,Incomplete,46.391487,5.8,38.0,49.9,23.6
3857277,2022-11-23,Group Stage,Croatia,2,75,32,Morocco,31295,Yahia Attiyat allah,,,Incomplete,33.00803,22.6,5.3,54.9,12.1
3857277,2022-11-23,Group Stage,Croatia,2,75,39,Morocco,5219,Romain Saïss,46258,Azzedine Ounahi,Complete,12.929423,33.9,21.2,36.8,33.8
3857277,2022-11-23,Group Stage,Croatia,2,75,42,Morocco,46258,Azzedine Ounahi,5234,Sofyan Amrabat,Incomplete,8.05295,36.5,25.4,43.6,21.6
3857277,2022-11-23,Group Stage,Croatia,2,76,41,Morocco,12149,Nayef Aguerd,,,Incomplete,89.412865,21.8,77.0,104.7,43.5
3857277,2022-11-23,Group Stage,Croatia,2,81,28,Morocco,6785,Yassine Bounou,3634,Abdelhamid Sabiri,Complete,66.185196,5.9,40.4,67.1,15.2
3857277,2022-11-23,Group Stage,Croatia,2,81,32,Morocco,3634,Abdelhamid Sabiri,,,Incomplete,22.951252,67.1,15.2,89.7,19.2
3857277,2022-11-23,Group Stage,Croatia,2,82,22,Morocco,5245,Achraf Hakimi Mouh,23774,Selim Amallah,Complete,9.192389,37.9,80.0,41.4,71.5
3857277,2022-11-23,Group Stage,Croatia,2,82,24,Morocco,23774,Selim Amallah,5245,Achraf Hakimi Mouh,Complete,7.2945185,39.6,73.9,33.5,77.9
3857277,2022-11-23,Group Stage,Croatia,2,82,25,Morocco,5245,Achraf Hakimi Mouh,5234,Sofyan Amrabat,Complete,9.708244,33.5,77.9,35.5,68.4
3857277,2022-11-23,Group Stage,Croatia,2,82,27,Morocco,5234,Sofyan Amrabat,31295,Yahia Attiyat allah,Complete,54.255413,35.9,67.0,49.2,14.4
3857277,2022-11-23,Group Stage,Croatia,2,82,31,Morocco,31295,Yahia Attiyat allah,3634,Abdelhamid Sabiri,Complete,20.322647,61.6,18.0,79.0,28.5
3857277,2022-11-23,Group Stage,Croatia,2,82,46,Morocco,31295,Yahia Attiyat allah,59493,Abderrazak Hamdallah,Complete,21.181595,81.3,0.1,98.4,12.6
3857277,2022-11-23,Group Stage,Croatia,2,82,47,Morocco,59493,Abderrazak Hamdallah,149714,Abdessamad Ezzalzouli,Incomplete,7.892401,98.4,12.6,105.7,15.6
3857277,2022-11-23,Group Stage,Croatia,2,83,53,Morocco,31295,Yahia Attiyat allah,5219,Romain Saïss,Complete,16.502424,29.0,19.9,15.3,29.1
3857277,2022-11-23,Group Stage,Croatia,2,83,57,Morocco,5219,Romain Saïss,149714,Abdessamad Ezzalzouli,Complete,29.10464,13.3,19.6,42.1,15.4
3857277,2022-11-23,Group Stage,Croatia,2,83,58,Morocco,149714,Abdessamad Ezzalzouli,,,Incomplete,4.0199504,42.0,14.5,46.0,14.9
3857277,2022-11-23,Group Stage,Croatia,2,84,3,Morocco,31295,Yahia Attiyat allah,3634,Abdelhamid Sabiri,Complete,8.720665,31.5,26.3,40.2,26.9
3857277,2022-11-23,Group Stage,Croatia,2,84,5,Morocco,3634,Abdelhamid Sabiri,5234,Sofyan Amrabat,Complete,5.5542774,39.9,27.1,37.7,32.2
3857277,2022-11-23,Group Stage,Croatia,2,84,5,Morocco,5234,Sofyan Amrabat,3634,Abdelhamid Sabiri,Complete,9.108787,37.7,32.2,38.1,23.1
3857277,2022-11-23,Group Stage,Croatia,2,84,8,Morocco,3634,Abdelhamid Sabiri,31295,Yahia Attiyat allah,Complete,17.425556,37.9,23.1,43.2,6.5
3857277,2022-11-23,Group Stage,Croatia,2,84,9,Morocco,31295,Yahia Attiyat allah,3634,Abdelhamid Sabiri,Complete,5.9615436,43.2,6.5,37.7,8.8
3857277,2022-11-23,Group Stage,Croatia,2,84,12,Morocco,3634,Abdelhamid Sabiri,5219,Romain Saïss,Complete,22.209232,33.7,9.5,13.1,17.8
3857277,2022-11-23,Group Stage,Croatia,2,84,14,Morocco,5219,Romain Saïss,12149,Nayef Aguerd,Complete,27.569729,13.5,20.3,18.0,47.5
3857277,2022-11-23,Group Stage,Croatia,2,84,20,Morocco,12149,Nayef Aguerd,5237,Hakim Ziyech,Complete,22.232634,48.1,60.4,69.1,67.7
3857277,2022-11-23,Group Stage,Croatia,2,84,24,Morocco,5237,Hakim Ziyech,59493,Abderrazak Hamdallah,Incomplete,31.271233,75.1,62.1,104.1,50.4
3857277,2022-11-23,Group Stage,Croatia,2,84,34,Morocco,5245,Achraf Hakimi Mouh,5237,Hakim Ziyech,Complete,12.09504,94.4,80.0,84.2,73.5
3857277,2022-11-23,Group Stage,Croatia,2,84,36,Morocco,5237,Hakim Ziyech,59493,Abderrazak Hamdallah,Incomplete,46.460842,84.2,73.5,112.3,36.5
3857277,2022-11-23,Group Stage,Croatia,2,84,48,Morocco,5234,Sofyan Amrabat,31295,Yahia Attiyat allah,Complete,17.415224,69.5,29.6,78.0,14.4
3857277,2022-11-23,Group Stage,Croatia,2,84,51,Morocco,31295,Yahia Attiyat allah,149714,Abdessamad Ezzalzouli,Complete,15.376931,79.8,11.4,94.0,5.5
3857277,2022-11-23,Group Stage,Croatia,2,85,10,Morocco,6785,Yassine Bounou,12149,Nayef Aguerd,Complete,19.175505,26.0,27.1,27.7,46.2
3857277,2022-11-23,Group Stage,Croatia,2,85,15,Morocco,12149,Nayef Aguerd,5219,Romain Saïss,Complete,24.463238,31.3,48.8,35.5,24.7
3857277,2022-11-23,Group Stage,Croatia,2,85,21,Morocco,5219,Romain Saïss,12149,Nayef Aguerd,Complete,37.03539,48.1,19.2,39.0,55.1
3857277,2022-11-23,Group Stage,Croatia,2,85,26,Morocco,12149,Nayef Aguerd,5234,Sofyan Amrabat,Complete,15.443445,43.2,53.0,56.7,45.5
3857277,2022-11-23,Group Stage,Croatia,2,85,27,Morocco,5234,Sofyan Amrabat,5219,Romain Saïss,Complete,21.631458,56.7,45.5,50.1,24.9
3857277,2022-11-23,Group Stage,Croatia,2,85,32,Morocco,5219,Romain Saïss,31295,Yahia Attiyat allah,Complete,18.709623,55.2,20.1,66.9,5.5
3857277,2022-11-23,Group Stage,Croatia,2,85,36,Morocco,31295,Yahia Attiyat allah,5234,Sofyan Amrabat,Complete,18.146349,70.5,5.5,60.0,20.3
3857277,2022-11-23,Group Stage,Croatia,2,85,37,Morocco,5234,Sofyan Amrabat,5219,Romain Saïss,Complete,10.782393,60.0,20.3,50.5,15.2
3857277,2022-11-23,Group Stage,Croatia,2,85,38,Morocco,5219,Romain Saïss,12149,Nayef Aguerd,Complete,34.4,50.5,15.2,50.5,49.6
3857277,2022-11-23,Group Stage,Croatia,2,85,41,Morocco,12149,Nayef Aguerd,5237,Hakim Ziyech,Complete,8.0,51.5,48.4,56.3,54.8
3857277,2022-11-23,Group Stage,Croatia,2,85,43,Morocco,5237,Hakim Ziyech,5219,Romain Saïss,Complete,25.200993,56.3,49.6,51.3,24.9
3857277,2022-11-23,Group Stage,Croatia,2,85,47,Morocco,5219,Romain Saïss,5237,Hakim Ziyech,Complete,13.209845,57.2,25.1,68.7,31.6
3857277,2022-11-23,Group Stage,Croatia,2,85,48,Morocco,5237,Hakim Ziyech,23774,Selim Amallah,Incomplete,17.35108,68.7,31.6,79.6,45.1
3857277,2022-11-23,Group Stage,Croatia,2,86,5,Morocco,6785,Yassine Bounou,5234,Sofyan Amrabat,Complete,12.233151,15.5,38.2,27.7,39.1
3857277,2022-11-23,Group Stage,Croatia,2,86,10,Morocco,5234,Sofyan Amrabat,12149,Nayef Aguerd,Complete,20.304926,25.0,41.5,29.5,61.3
3857277,2022-11-23,Group Stage,Croatia,2,86,17,Morocco,12149,Nayef Aguerd,31295,Yahia Attiyat allah,Complete,59.34172,45.4,65.5,53.4,6.7
3857277,2022-11-23,Group Stage,Croatia,2,86,26,Morocco,31295,Yahia Attiyat allah,3634,Abdelhamid Sabiri,Complete,13.075168,74.4,27.1,75.8,14.1
3857277,2022-11-23,Group Stage,Croatia,2,86,29,Morocco,3634,Abdelhamid Sabiri,5237,Hakim Ziyech,Incomplete,56.753853,73.6,15.6,95.4,68.0
3857277,2022-11-23,Group Stage,Croatia,2,86,48,Morocco,5245,Achraf Hakimi Mouh,5234,Sofyan Amrabat,Complete,16.721542,68.5,80.0,54.1,71.5
3857277,2022-11-23,Group Stage,Croatia,2,86,51,Morocco,5234,Sofyan Amrabat,5219,Romain Saïss,Complete,41.466373,50.3,67.2,41.4,26.7
3857277,2022-11-23,Group Stage,Croatia,2,86,54,Morocco,5219,Romain Saïss,149714,Abdessamad Ezzalzouli,Complete,39.65476,45.9,24.9,80.2,5.0
3857277,2022-11-23,Group Stage,Croatia,2,87,52,Morocco,5245,Achraf Hakimi Mouh,23774,Selim Amallah,Complete,8.729834,38.6,76.7,47.2,75.2
3857277,2022-11-23,Group Stage,Croatia,2,87,53,Morocco,23774,Selim Amallah,5245,Achraf Hakimi Mouh,Complete,7.5610847,46.8,75.7,53.9,78.3
3857277,2022-11-23,Group Stage,Croatia,2,87,54,Morocco,5245,Achraf Hakimi Mouh,59493,Abderrazak Hamdallah,Incomplete,7.8409185,56.7,78.3,62.9,73.5
3857277,2022-11-23,Group Stage,Croatia,2,89,21,Morocco,31295,Yahia Attiyat allah,59493,Abderrazak Hamdallah,Incomplete,30.468508,31.5,0.1,61.2,6.9
3857277,2022-11-23,Group Stage,Croatia,2,89,27,Morocco,23774,Selim Amallah,5219,Romain Saïss,Complete,14.135417,43.6,25.3,29.5,24.3
3857277,2022-11-23,Group Stage,Croatia,2,89,30,Morocco,5219,Romain Saïss,6785,Yassine Bounou,Complete,28.864685,25.8,25.9,8.9,49.3
3857277,2022-11-23,Group Stage,Croatia,2,89,32,Morocco,6785,Yassine Bounou,5245,Achraf Hakimi Mouh,Complete,17.894133,8.9,49.3,16.5,65.5
3857277,2022-11-23,Group Stage,Croatia,2,89,34,Morocco,5245,Achraf Hakimi Mouh,5237,Hakim Ziyech,Complete,21.0789,15.7,67.4,33.3,79.0
3857277,2022-11-23,Group Stage,Croatia,2,90,8,Morocco,6785,Yassine Bounou,,,Incomplete,65.12281,28.2,77.0,91.5,61.7
3857277,2022-11-23,Group Stage,Croatia,2,90,14,Morocco,5234,Sofyan Amrabat,59493,Abderrazak Hamdallah,Incomplete,15.917601,71.5,54.9,83.1,44.0
3857277,2022-11-23,Group Stage,Croatia,2,90,24,Morocco,149714,Abdessamad Ezzalzouli,,,Incomplete,37.110916,100.1,11.2,115.2,45.1
3857277,2022-11-23,Group Stage,Croatia,2,90,58,Morocco,31295,Yahia Attiyat allah,3634,Abdelhamid Sabiri,Complete,13.2,43.8,6.3,57.0,6.3
3857277,2022-11-23,Group Stage,Croatia,2,91,3,Morocco,3634,Abdelhamid Sabiri,5234,Sofyan Amrabat,Complete,13.905754,60.4,19.2,46.8,22.1
3857277,2022-11-23,Group Stage,Croatia,2,91,5,Morocco,5234,Sofyan Amrabat,3634,Abdelhamid Sabiri,Complete,7.3539104,46.8,22.1,53.6,24.9
3857277,2022-11-23,Group Stage,Croatia,2,91,5,Morocco,3634,Abdelhamid Sabiri,12149,Nayef Aguerd,Complete,33.67566,53.6,24.9,37.0,54.2
3857277,2022-11-23,Group Stage,Croatia,2,91,13,Morocco,12149,Nayef Aguerd,5245,Achraf Hakimi Mouh,Complete,9.1350975,56.1,66.8,56.9,75.9
3857277,2022-11-23,Group Stage,Croatia,2,91,14,Morocco,5245,Achraf Hakimi Mouh,3634,Abdelhamid Sabiri,Complete,10.18332,56.9,76.5,58.2,66.4
3857277,2022-11-23,Group Stage,Croatia,2,91,15,Morocco,3634,Abdelhamid Sabiri,12149,Nayef Aguerd,Complete,11.21606,58.2,66.4,47.0,67.0
3857277,2022-11-23,Group Stage,Croatia,2,91,17,Morocco,12149,Nayef Aguerd,5237,Hakim Ziyech,Complete,14.638647,47.0,67.0,57.2,77.5
3857277,2022-11-23,Group Stage,Croatia,2,91,20,Morocco,5237,Hakim Ziyech,5234,Sofyan Amrabat,Complete,24.641632,54.1,77.1,43.0,55.1
3857277,2022-11-23,Group Stage,Croatia,2,91,25,Morocco,5234,Sofyan Amrabat,3634,Abdelhamid Sabiri,Complete,10.893117,52.5,38.3,55.4,48.8
3857277,2022-11-23,Group Stage,Croatia,2,91,28,Morocco,3634,Abdelhamid Sabiri,6785,Yassine Bounou,Complete,27.836128,49.9,49.3,24.0,39.1
3857277,2022-11-23,Group Stage,Croatia,2,91,30,Morocco,6785,Yassine Bounou,5219,Romain Saïss,Complete,27.357815,23.5,36.0,31.7,9.9
3857277,2022-11-23,Group Stage,Croatia,2,91,36,Morocco,5219,Romain Saïss,59493,Abderrazak Hamdallah,Incomplete,76.92594,37.2,5.3,114.0,9.7
3857277,2022-11-23,Group Stage,Croatia,2,92,10,Morocco,31295,Yahia Attiyat allah,59493,Abderrazak Hamdallah,Incomplete,29.88277,110.8,0.1,114.1,29.8
3857277,2022-11-23,Group Stage,Croatia,2,92,18,Morocco,5219,Romain Saïss,12149,Nayef Aguerd,Complete,19.635937,70.9,17.8,61.8,35.2
3857277,2022-11-23,Group Stage,Croatia,2,92,21,Morocco,12149,Nayef Aguerd,5237,Hakim Ziyech,Incomplete,54.937237,61.8,35.2,102.5,72.1
3857277,2022-11-23,Group Stage,Croatia,2,92,32,Morocco,5245,Achraf Hakimi Mouh,5237,Hakim Ziyech,Complete,9.492102,98.8,80.0,107.9,77.3
3857277,2022-11-23,Group Stage,Croatia,2,92,38,Morocco,5237,Hakim Ziyech,5245,Achraf Hakimi Mouh,Incomplete,3.130495,106.5,77.9,103.7,76.5
3857277,2022-11-23,Group Stage,Croatia,2,94,18,Morocco,12149,Nayef Aguerd,5234,Sofyan Amrabat,Complete,7.856844,21.1,49.1,26.4,43.3
3857277,2022-11-23,Group Stage,Croatia,2,94,30,Morocco,31295,Yahia Attiyat allah,59493,Abderrazak Hamdallah,Incomplete,25.679758,36.5,13.0,61.8,17.4
3869684,2022-12-17,3rd Place Final,Croatia,1,1,56,Morocco,6301,Youssef En-Nesyri,7459,Jawad El Yamiq,Complete,10.941664,17.9,48.0,8.5,53.6
3869684,2022-12-17,3rd Place Final,Croatia,1,1,58,Morocco,7459,Jawad El Yamiq,5245,Achraf Hakimi Mouh,Complete,9.234717,8.2,56.0,9.0,65.2
3869684,2022-12-17,3rd Place Final,Croatia,1,2,0,Morocco,5245,Achraf Hakimi Mouh,6301,Youssef En-Nesyri,Complete,14.018559,11.2,66.0,21.6,56.6
3869684,2022-12-17,3rd Place Final,Croatia,1,2,1,Morocco,6301,Youssef En-Nesyri,7459,Jawad El Yamiq,Complete,18.552896,22.0,57.4,3.5,56.0
3869684,2022-12-17,3rd Place Final,Croatia,1,2,3,Morocco,7459,Jawad El Yamiq,6785,Yassine Bounou,Complete,6.0207973,3.5,56.0,2.3,50.1
3869684,2022-12-17,3rd Place Final,Croatia,1,2,5,Morocco,6785,Yassine Bounou,139016,Achraf Dari,Out,13.930183,2.4,48.7,0.5,34.9
3869684,2022-12-17,3rd Place Final,Croatia,1,2,54,Morocco,31295,Yahia Attiyat allah,,,Incomplete,13.148765,14.6,51.7,20.6,40.0
3869684,2022-12-17,3rd Place Final,Croatia,1,3,26,Morocco,6785,Yassine Bounou,139016,Achraf Dari,Complete,17.069857,10.1,41.5,20.8,28.2
3869684,2022-12-17,3rd Place Final,Croatia,1,3,28,Morocco,139016,Achraf Dari,6785,Yassine Bounou,Complete,21.85635,20.5,28.6,6.4,45.3
3869684,2022-12-17,3rd Place Final,Croatia,1,3,30,Morocco,6785,Yassine Bounou,7459,Jawad El Yamiq,Complete,25.041565,6.4,45.3,21.2,65.5
3869684,2022-12-17,3rd Place Final,Croatia,1,3,35,Morocco,7459,Jawad El Yamiq,156734,Bilal El Khannous,Complete,17.912006,27.4,74.4,44.6,69.4
3869684,2022-12-17,3rd Place Final,Croatia,1,3,37,Morocco,156734,Bilal El Khannous,7459,Jawad El Yamiq,Complete,19.339596,41.3,69.4,22.4,73.5
3869684,2022-12-17,3rd Place Final,Croatia,1,3,39,Morocco,7459,Jawad El Yamiq,6785,Yassine Bounou,Complete,22.557703,22.4,73.5,6.6,57.4
3869684,2022-12-17,3rd Place Final,Croatia,1,3,41,Morocco,6785,Yassine Bounou,31295,Yahia Attiyat allah,Complete,54.57701,6.8,52.0,33.5,4.4
3869684,2022-12-17,3rd Place Final,Croatia,1,3,48,Morocco,31295,Yahia Attiyat allah,3625,Sofiane Boufal,Complete,14.512064,36.2,3.3,50.6,5.1
3869684,2022-12-17,3rd Place Final,Croatia,1,3,50,Morocco,3625,Sofiane Boufal,3634,Abdelhamid Sabiri,Complete,10.558883,50.6,5.1,45.6,14.4
3869684,2022-12-17,3rd Place Final,Croatia,1,3,51,Morocco,3634,Abdelhamid Sabiri,31295,Yahia Attiyat allah,Complete,13.717872,45.6,14.4,35.9,4.7
3869684,2022-12-17,3rd Place Final,Croatia,1,3,53,Morocco,31295,Yahia Attiyat allah,139016,Achraf Dari,Complete,20.388721,33.6,4.9,19.9,20.0
3869684,2022-12-17,3rd Place Final,Croatia,1,3,56,Morocco,139016,Achraf Dari,7459,Jawad El Yamiq,Complete,37.03458,14.9,22.1,16.5,59.1
3869684,2022-12-17,3rd Place Final,Croatia,1,4,0,Morocco,7459,Jawad El Yamiq,5245,Achraf Hakimi Mouh,Complete,14.261837,22.5,72.6,35.7,78.0
3869684,2022-12-17,3rd Place Final,Croatia,1,4,3,Morocco,5245,Achraf Hakimi Mouh,5237,Hakim Ziyech,Complete,5.470832,34.8,79.1,37.6,74.4
3869684,2022-12-17,3rd Place Final,Croatia,1,4,5,Morocco,5237,Hakim Ziyech,7459,Jawad El Yamiq,Complete,15.580115,31.7,76.6,17.2,70.9
3869684,2022-12-17,3rd Place Final,Croatia,1,4,8,Morocco,7459,Jawad El Yamiq,6785,Yassine Bounou,Complete,21.822008,17.2,70.9,10.6,50.1
3869684,2022-12-17,3rd Place Final,Croatia,1,4,13,Morocco,6785,Yassine Bounou,139016,Achraf Dari,Complete,17.90028,15.4,37.6,21.3,20.7
3869684,2022-12-17,3rd Place Final,Croatia,1,4,18,Morocco,139016,Achraf Dari,31295,Yahia Attiyat allah,Incomplete,67.26284,34.5,21.5,99.5,4.2
3869684,2022-12-17,3rd Place Final,Croatia,1,4,42,Morocco,5245,Achraf Hakimi Mouh,7459,Jawad El Yamiq,Complete,23.767414,48.0,80.0,27.2,68.5
3869684,2022-12-17,3rd Place Final,Croatia,1,4,47,Morocco,7459,Jawad El Yamiq,139016,Achraf Dari,Complete,30.10598,26.8,64.3,27.4,34.2
3869684,2022-12-17,3rd Place Final,Croatia,1,4,50,Morocco,139016,Achraf Dari,5234,Sofyan Amrabat,Complete,12.912397,33.5,30.0,46.3,28.3
3869684,2022-12-17,3rd Place Final,Croatia,1,4,51,Morocco,5234,Sofyan Amrabat,139016,Achraf Dari,Complete,12.971122,46.3,28.3,33.5,26.2
3869684,2022-12-17,3rd Place Final,Croatia,1,4,56,Morocco,139016,Achraf Dari,6785,Yassine Bounou,Complete,24.800201,39.8,26.0,19.9,40.8
3869684,2022-12-17,3rd Place Final,Croatia,1,4,58,Morocco,6785,Yassine Bounou,7459,Jawad El Yamiq,Complete,15.965588,19.9,40.8,27.0,55.1
3869684,2022-12-17,3rd Place Final,Croatia,1,5,1,Morocco,7459,Jawad El Yamiq,156734,Bilal El Khannous,Complete,16.829735,27.0,55.1,39.0,66.9
3869684,2022-12-17,3rd Place Final,Croatia,1,5,3,Morocco,156734,Bilal El Khannous,5234,Sofyan Amrabat,Complete,7.6967525,39.0,66.9,46.0,63.7
3869684,2022-12-17,3rd Place Final,Croatia,1,5,5,Morocco,5234,Sofyan Amrabat,5237,Hakim Ziyech,Complete,7.3824115,47.0,70.7,45.9,78.0
3869684,2022-12-17,3rd Place Final,Croatia,1,5,8,Morocco,5237,Hakim Ziyech,139016,Achraf Dari,Complete,52.379097,39.9,74.0,34.5,21.9
3869684,2022-12-17,3rd Place Final,Croatia,1,5,13,Morocco,139016,Achraf Dari,31295,Yahia Attiyat allah,Complete,25.260443,36.1,21.4,54.6,4.2
3869684,2022-12-17,3rd Place Final,Croatia,1,5,16,Morocco,31295,Yahia Attiyat allah,139016,Achraf Dari,Complete,18.630352,50.6,3.7,32.8,9.2
3869684,2022-12-17,3rd Place Final,Croatia,1,5,19,Morocco,139016,Achraf Dari,7459,Jawad El Yamiq,Complete,37.282837,34.5,19.5,26.9,56.0
3869684,2022-12-17,3rd Place Final,Croatia,1,5,24,Morocco,7459,Jawad El Yamiq,5245,Achraf Hakimi Mouh,Complete,17.614767,22.7,56.0,39.9,59.8
3869684,2022-12-17,3rd Place Final,Croatia,1,5,26,Morocco,5245,Achraf Hakimi Mouh,156734,Bilal El Khannous,Complete,17.67088,35.9,62.6,26.4,77.5
3869684,2022-12-17,3rd Place Final,Croatia,1,5,28,Morocco,156734,Bilal El Khannous,5237,Hakim Ziyech,Complete,8.062258,26.5,77.5,34.5,78.5
3869684,2022-12-17,3rd Place Final,Croatia,1,5,30,Morocco,5237,Hakim Ziyech,156734,Bilal El Khannous,Complete,1.2165525,34.5,78.5,34.7,79.7
3869684,2022-12-17,3rd Place Final,Croatia,1,5,30,Morocco,156734,Bilal El Khannous,5245,Achraf Hakimi Mouh,Complete,6.9180923,38.7,78.9,39.2,72.0
3869684,2022-12-17,3rd Place Final,Croatia,1,5,32,Morocco,5245,Achraf Hakimi Mouh,5237,Hakim Ziyech,Complete,5.059644,38.3,73.0,33.5,71.4
3869684,2022-12-17,3rd Place Final,Croatia,1,5,32,Morocco,5237,Hakim Ziyech,5245,Achraf Hakimi Mouh,Incomplete,10.340696,34.2,70.9,44.4,72.6
3869684,2022-12-17,3rd Place Final,Croatia,1,7,29,Morocco,6301,Youssef En-Nesyri,5237,Hakim Ziyech,Complete,16.233915,61.0,40.1,46.5,47.4
3869684,2022-12-17,3rd Place Final,Croatia,1,7,30,Morocco,5237,Hakim Ziyech,156734,Bilal El Khannous,Complete,21.200943,47.7,72.9,68.9,73.1
3869684,2022-12-17,3rd Place Final,Croatia,1,8,14,Morocco,5237,Hakim Ziyech,,,Incomplete,21.910728,87.7,74.4,99.9,56.2
3869684,2022-12-17,3rd Place Final,Croatia,1,10,5,Morocco,6785,Yassine Bounou,7459,Jawad El Yamiq,Complete,15.363918,7.0,44.1,5.6,59.4
3869684,2022-12-17,3rd Place Final,Croatia,1,10,8,Morocco,7459,Jawad El Yamiq,5245,Achraf Hakimi Mouh,Complete,21.475567,6.2,59.2,17.6,77.4
3869684,2022-12-17,3rd Place Final,Croatia,1,10,10,Morocco,5245,Achraf Hakimi Mouh,5237,Hakim Ziyech,Complete,33.202408,15.9,76.5,46.7,64.1
3869684,2022-12-17,3rd Place Final,Croatia,1,10,13,Morocco,5237,Hakim Ziyech,3634,Abdelhamid Sabiri,Complete,27.399635,44.7,63.5,54.2,37.8
3869684,2022-12-17,3rd Place Final,Croatia,1,10,19,Morocco,3634,Abdelhamid Sabiri,3625,Sofiane Boufal,Complete,20.753796,74.3,18.3,92.7,8.7
3869684,2022-12-17,3rd Place Final,Croatia,1,10,24,Morocco,3625,Sofiane Boufal,3634,Abdelhamid Sabiri,Complete,10.206861,100.4,20.5,93.7,28.2
3869684,2022-12-17,3rd Place Final,Croatia,1,10,26,Morocco,3634,Abdelhamid Sabiri,5237,Hakim Ziyech,Incomplete,29.093126,92.7,30.1,100.6,58.1
3869684,2022-12-17,3rd Place Final,Croatia,1,10,37,Morocco,5245,Achraf Hakimi Mouh,156734,Bilal El Khannous,Complete,6.519202,93.9,80.0,94.4,73.5
3869684,2022-12-17,3rd Place Final,Croatia,1,10,38,Morocco,156734,Bilal El Khannous,5245,Achraf Hakimi Mouh,Complete,4.661545,94.2,73.5,92.4,77.8
3869684,2022-12-17,3rd Place Final,Croatia,1,10,41,Morocco,5245,Achraf Hakimi Mouh,3634,Abdelhamid Sabiri,Incomplete,15.70796,87.1,70.8,98.6,60.1
3869684,2022-12-17,3rd Place Final,Croatia,1,10,48,Morocco,156734,Bilal El Khannous,5245,Achraf Hakimi Mouh,Complete,4.438468,91.6,63.9,87.3,65.0
3869684,2022-12-17,3rd Place Final,Croatia,1,10,50,Morocco,5245,Achraf Hakimi Mouh,5237,Hakim Ziyech,Complete,6.5802736,86.7,62.2,92.0,58.3
3869684,2022-12-17,3rd Place Final,Croatia,1,10,51,Morocco,5237,Hakim Ziyech,156734,Bilal El Khannous,Complete,21.253235,92.0,58.3,102.1,77.0
3869684,2022-12-17,3rd Place Final,Croatia,1,10,55,Morocco,156734,Bilal El Khannous,5245,Achraf Hakimi Mouh,Complete,6.6,101.2,77.4,94.6,77.4
3869684,2022-12-17,3rd Place Final,Croatia,1,10,58,Morocco,5245,Achraf Hakimi Mouh,156734,Bilal El Khannous,Complete,5.920304,95.2,74.4,99.9,78.0
3869684,2022-12-17,3rd Place Final,Croatia,1,11,0,Morocco,156734,Bilal El Khannous,5245,Achraf Hakimi Mouh,Incomplete,4.356604,99.9,77.6,100.6,73.3
3869684,2022-12-17,3rd Place Final,Croatia,1,11,9,Morocco,139016,Achraf Dari,6785,Yassine Bounou,Complete,28.011427,56.3,44.0,28.3,43.2
3869684,2022-12-17,3rd Place Final,Croatia,1,11,12,Morocco,6785,Yassine Bounou,7459,Jawad El Yamiq,Complete,21.044,26.1,48.1,40.0,63.9
3869684,2022-12-17,3rd Place Final,Croatia,1,11,14,Morocco,7459,Jawad El Yamiq,5234,Sofyan Amrabat,Complete,7.283543,40.3,63.9,47.5,65.0
3869684,2022-12-17,3rd Place Final,Croatia,1,11,16,Morocco,5234,Sofyan Amrabat,3634,Abdelhamid Sabiri,Complete,15.484185,47.5,65.0,56.5,52.4
3869684,2022-12-17,3rd Place Final,Croatia,1,11,17,Morocco,3634,Abdelhamid Sabiri,5234,Sofyan Amrabat,Complete,12.481186,56.5,52.4,45.2,57.7
3869684,2022-12-17,3rd Place Final,Croatia,1,11,20,Morocco,5234,Sofyan Amrabat,139016,Achraf Dari,Complete,22.877937,41.8,53.0,33.2,31.8
3869684,2022-12-17,3rd Place Final,Croatia,1,11,24,Morocco,139016,Achraf Dari,7459,Jawad El Yamiq,Complete,41.238815,33.4,29.5,39.4,70.3
3869684,2022-12-17,3rd Place Final,Croatia,1,11,30,Morocco,7459,Jawad El Yamiq,6301,Youssef En-Nesyri,Incomplete,66.434105,47.1,69.5,107.8,42.5
3869684,2022-12-17,3rd Place Final,Croatia,1,12,6,Morocco,139016,Achraf Dari,3625,Sofiane Boufal,Complete,14.17921,10.7,31.4,13.5,17.5
3869684,2022-12-17,3rd Place Final,Croatia,1,12,7,Morocco,3625,Sofiane Boufal,31295,Yahia Attiyat allah,Complete,7.5179787,13.5,17.5,6.9,21.1
3869684,2022-12-17,3rd Place Final,Croatia,1,12,8,Morocco,31295,Yahia Attiyat allah,3625,Sofiane Boufal,Out,23.032585,6.0,20.9,16.5,0.4
3869684,2022-12-17,3rd Place Final,Croatia,1,13,24,Morocco,6785,Yassine Bounou,5245,Achraf Hakimi Mouh,Out,56.09296,7.0,44.1,50.1,80.0
3869684,2022-12-17,3rd Place Final,Croatia,1,14,20,Morocco,6785,Yassine Bounou,7459,Jawad El Yamiq,Complete,17.497715,7.0,44.1,13.1,60.5
3869684,2022-12-17,3rd Place Final,Croatia,1,14,23,Morocco,7459,Jawad El Yamiq,5237,Hakim Ziyech,Incomplete,38.3471,13.7,66.5,52.0,64.6
3869684,2022-12-17,3rd Place Final,Croatia,1,14,41,Morocco,7459,Jawad El Yamiq,5237,Hakim Ziyech,Complete,17.920101,3.5,69.5,21.2,72.3
3869684,2022-12-17,3rd Place Final,Croatia,1,14,45,Morocco,5237,Hakim Ziyech,5245,Achraf Hakimi Mouh,Complete,16.727522,12.9,73.1,27.0,64.1
3869684,2022-12-17,3rd Place Final,Croatia,1,14,46,Morocco,5245,Achraf Hakimi Mouh,156734,Bilal El Khannous,Complete,11.985408,27.0,64.1,29.1,75.9
3869684,2022-12-17,3rd Place Final,Croatia,1,14,48,Morocco,156734,Bilal El Khannous,3625,Sofiane Boufal,Complete,31.53173,35.3,71.6,49.0,43.2
3869684,2022-12-17,3rd Place Final,Croatia,1,14,50,Morocco,3625,Sofiane Boufal,3634,Abdelhamid Sabiri,Complete,16.501211,49.0,43.2,48.8,26.7
3869684,2022-12-17,3rd Place Final,Croatia,1,14,56,Morocco,3634,Abdelhamid Sabiri,5234,Sofyan Amrabat,Complete,10.331021,68.5,28.0,63.8,37.2
3869684,2022-12-17,3rd Place Final,Croatia,1,14,58,Morocco,5234,Sofyan Amrabat,31295,Yahia Attiyat allah,Incomplete,16.97292,61.9,24.7,68.1,8.9
3869684,2022-12-17,3rd Place Final,Croatia,1,16,49,Morocco,5237,Hakim Ziyech,6301,Youssef En-Nesyri,Complete,8.316851,45.4,60.5,53.3,57.9
3869684,2022-12-17,3rd Place Final,Croatia,1,16,50,Morocco,6301,Youssef En-Nesyri,3625,Sofiane Boufal,Incomplete,14.205632,53.9,54.3,62.1,42.7
3869684,2022-12-17,3rd Place Final,Croatia,1,17,0,Morocco,139016,Achraf Dari,156734,Bilal El Khannous,Complete,16.189503,38.5,43.8,52.4,52.1
3869684,2022-12-17,3rd Place Final,Croatia,1,17,4,Morocco,156734,Bilal El Khannous,31295,Yahia Attiyat allah,Complete,34.73111,50.7,54.3,46.7,19.8
3869684,2022-12-17,3rd Place Final,Croatia,1,17,8,Morocco,31295,Yahia Attiyat allah,3625,Sofiane Boufal,Complete,8.547514,56.1,13.4,63.6,17.5
3869684,2022-12-17,3rd Place Final,Croatia,1,17,48,Morocco,6785,Yassine Bounou,,,Incomplete,53.3,9.0,35.2,58.2,14.7
3869684,2022-12-17,3rd Place Final,Croatia,1,17,55,Morocco,6301,Youssef En-Nesyri,5245,Achraf Hakimi Mouh,Complete,41.60829,45.6,23.3,48.6,64.8
3869684,2022-12-17,3rd Place Final,Croatia,1,17,56,Morocco,5245,Achraf Hakimi Mouh,5237,Hakim Ziyech,Complete,5.2801514,50.3,61.1,53.5,56.9
3869684,2022-12-17,3rd Place Final,Croatia,1,18,14,Morocco,5234,Sofyan Amrabat,31295,Yahia Attiyat allah,Complete,39.80201,48.8,53.0,48.4,13.2
3869684,2022-12-17,3rd Place Final,Croatia,1,18,15,Morocco,31295,Yahia Attiyat allah,5237,Hakim Ziyech,Complete,14.627713,49.0,11.7,49.9,26.3
3869684,2022-12-17,3rd Place Final,Croatia,1,18,17,Morocco,5237,Hakim Ziyech,5245,Achraf Hakimi Mouh,Incomplete,60.361744,52.2,23.5,89.7,70.8
3869684,2022-12-17,3rd Place Final,Croatia,1,18,24,Morocco,5245,Achraf Hakimi Mouh,156734,Bilal El Khannous,Complete,15.061541,86.9,80.0,73.0,74.2
3869684,2022-12-17,3rd Place Final,Croatia,1,18,29,Morocco,156734,Bilal El Khannous,3625,Sofiane Boufal,Complete,21.701843,71.1,73.1,92.7,71.0
3869684,2022-12-17,3rd Place Final,Croatia,1,18,32,Morocco,3625,Sofiane Boufal,6301,Youssef En-Nesyri,Out,37.767975,100.1,71.4,120.0,39.3
3869684,2022-12-17,3rd Place Final,Croatia,1,19,30,Morocco,5245,Achraf Hakimi Mouh,156734,Bilal El Khannous,Complete,8.532878,43.7,80.0,45.2,71.6
3869684,2022-12-17,3rd Place Final,Croatia,1,19,31,Morocco,156734,Bilal El Khannous,6785,Yassine Bounou,Complete,34.68977,40.5,73.1,14.8,49.8
3869684,2022-12-17,3rd Place Final,Croatia,1,19,34,Morocco,6785,Yassine Bounou,139016,Achraf Dari,Complete,18.318296,13.3,45.5,16.7,27.5
3869684,2022-12-17,3rd Place Final,Croatia,1,19,37,Morocco,139016,Achraf Dari,31295,Yahia Attiyat allah,Complete,29.182186,18.0,26.0,39.8,6.6
3869684,2022-12-17,3rd Place Final,Croatia,1,19,41,Morocco,31295,Yahia Attiyat allah,139016,Achraf Dari,Complete,16.476954,32.3,8.5,20.8,20.3
3869684,2022-12-17,3rd Place Final,Croatia,1,19,47,Morocco,139016,Achraf Dari,5237,Hakim Ziyech,Complete,16.77051,27.0,27.8,43.5,24.8
3869684,2022-12-17,3rd Place Final,Croatia,1,19,49,Morocco,5237,Hakim Ziyech,139016,Achraf Dari,Complete,13.761177,40.0,26.9,26.4,29.0
3869684,2022-12-17,3rd Place Final,Croatia,1,19,51,Morocco,139016,Achraf Dari,31295,Yahia Attiyat allah,Complete,21.711748,26.1,29.0,28.3,7.4
3869684,2022-12-17,3rd Place Final,Croatia,1,19,54,Morocco,31295,Yahia Attiyat allah,139016,Achraf Dari,Complete,15.057224,30.4,7.2,20.8,18.8
3869684,2022-12-17,3rd Place Final,Croatia,1,19,56,Morocco,139016,Achraf Dari,6785,Yassine Bounou,Complete,22.707047,18.9,20.3,2.4,35.9
3869684,2022-12-17,3rd Place Final,Croatia,1,19,58,Morocco,6785,Yassine Bounou,7459,Jawad El Yamiq,Complete,25.292292,4.1,38.2,14.4,61.3
3869684,2022-12-17,3rd Place Final,Croatia,1,20,2,Morocco,7459,Jawad El Yamiq,5245,Achraf Hakimi Mouh,Complete,11.060289,25.9,73.1,36.6,75.9
3869684,2022-12-17,3rd Place Final,Croatia,1,20,8,Morocco,5245,Achraf Hakimi Mouh,156734,Bilal El Khannous,Complete,7.21734,46.7,76.5,46.2,69.3
3869684,2022-12-17,3rd Place Final,Croatia,1,20,12,Morocco,156734,Bilal El Khannous,31295,Yahia Attiyat allah,Complete,57.431004,47.1,52.6,77.7,4.0
3869684,2022-12-17,3rd Place Final,Croatia,1,20,18,Morocco,31295,Yahia Attiyat allah,5237,Hakim Ziyech,Complete,9.459387,77.9,17.9,68.7,20.1
3869684,2022-12-17,3rd Place Final,Croatia,1,20,20,Morocco,5237,Hakim Ziyech,3625,Sofiane Boufal,Incomplete,60.409435,71.9,20.1,103.8,71.4
3869684,2022-12-17,3rd Place Final,Croatia,1,21,45,Morocco,5245,Achraf Hakimi Mouh,156734,Bilal El Khannous,Complete,6.239391,15.7,80.0,18.0,74.2
3869684,2022-12-17,3rd Place Final,Croatia,1,21,46,Morocco,156734,Bilal El Khannous,5245,Achraf Hakimi Mouh,Complete,4.7201695,17.4,74.2,14.6,78.0
3869684,2022-12-17,3rd Place Final,Croatia,1,21,46,Morocco,5245,Achraf Hakimi Mouh,156734,Bilal El Khannous,Complete,6.040695,14.6,78.0,13.9,72.0
3869684,2022-12-17,3rd Place Final,Croatia,1,21,48,Morocco,156734,Bilal El Khannous,5245,Achraf Hakimi Mouh,Complete,7.7897367,14.2,72.0,21.0,68.2
3869684,2022-12-17,3rd Place Final,Croatia,1,21,49,Morocco,5245,Achraf Hakimi Mouh,7459,Jawad El Yamiq,Complete,17.828068,21.0,68.2,8.0,56.0
3869684,2022-12-17,3rd Place Final,Croatia,1,21,51,Morocco,7459,Jawad El Yamiq,6785,Yassine Bounou,Complete,15.493224,8.6,56.0,5.6,40.8
3869684,2022-12-17,3rd Place Final,Croatia,1,21,54,Morocco,6785,Yassine Bounou,31295,Yahia Attiyat allah,Complete,39.80201,5.6,39.5,29.8,7.9
3869684,2022-12-17,3rd Place Final,Croatia,1,21,57,Morocco,31295,Yahia Attiyat allah,3634,Abdelhamid Sabiri,Complete,24.026028,39.2,8.9,61.0,19.0
3869684,2022-12-17,3rd Place Final,Croatia,1,23,11,Morocco,5245,Achraf Hakimi Mouh,7459,Jawad El Yamiq,Complete,8.768124,15.4,59.6,9.2,53.4
3869684,2022-12-17,3rd Place Final,Croatia,1,23,12,Morocco,7459,Jawad El Yamiq,3625,Sofiane Boufal,Incomplete,20.33347,9.2,53.4,20.8,70.1
3869684,2022-12-17,3rd Place Final,Croatia,1,23,28,Morocco,5245,Achraf Hakimi Mouh,3625,Sofiane Boufal,Complete,26.583076,9.2,51.9,22.7,74.8
3869684,2022-12-17,3rd Place Final,Croatia,1,23,30,Morocco,3625,Sofiane Boufal,,,Incomplete,6.4629717,23.8,76.1,30.2,75.2
3869684,2022-12-17,3rd Place Final,Croatia,1,23,58,Morocco,5245,Achraf Hakimi Mouh,3625,Sofiane Boufal,Incomplete,15.086749,21.4,80.0,35.8,75.5
3869684,2022-12-17,3rd Place Final,Croatia,1,24,39,Morocco,139016,Achraf Dari,5234,Sofyan Amrabat,Complete,14.645477,34.9,9.4,45.6,19.4
3869684,2022-12-17,3rd Place Final,Croatia,1,24,39,Morocco,5234,Sofyan Amrabat,139016,Achraf Dari,Complete,10.292716,44.7,18.1,39.2,9.4
3869684,2022-12-17,3rd Place Final,Croatia,1,24,41,Morocco,139016,Achraf Dari,6785,Yassine Bounou,Complete,31.64127,39.2,11.1,14.6,31.0
3869684,2022-12-17,3rd Place Final,Croatia,1,24,46,Morocco,6785,Yassine Bounou,7459,Jawad El Yamiq,Complete,21.523243,19.9,41.2,28.1,61.1
3869684,2022-12-17,3rd Place Final,Croatia,1,24,48,Morocco,7459,Jawad El Yamiq,5234,Sofyan Amrabat,Complete,16.335545,28.1,61.3,44.3,59.2
3869684,2022-12-17,3rd Place Final,Croatia,1,24,52,Morocco,5234,Sofyan Amrabat,139016,Achraf Dari,Complete,34.951538,40.0,56.2,31.9,22.2
3869684,2022-12-17,3rd Place Final,Croatia,1,24,54,Morocco,139016,Achraf Dari,156734,Bilal El Khannous,Complete,17.395401,33.4,21.1,45.8,8.9
3869684,2022-12-17,3rd Place Final,Croatia,1,24,56,Morocco,156734,Bilal El Khannous,31295,Yahia Attiyat allah,Incomplete,6.708204,45.8,8.9,48.8,14.9
3869684,2022-12-17,3rd Place Final,Croatia,1,25,6,Morocco,31295,Yahia Attiyat allah,3625,Sofiane Boufal,Complete,19.313208,9.7,8.9,28.3,14.1
3869684,2022-12-17,3rd Place Final,Croatia,1,25,7,Morocco,3625,Sofiane Boufal,31295,Yahia Attiyat allah,Incomplete,8.149847,27.4,15.8,28.3,7.7
3869684,2022-12-17,3rd Place Final,Croatia,1,26,7,Morocco,6785,Yassine Bounou,7459,Jawad El Yamiq,Complete,17.362316,6.1,44.1,11.8,60.5
3869684,2022-12-17,3rd Place Final,Croatia,1,26,10,Morocco,7459,Jawad El Yamiq,6785,Yassine Bounou,Complete,18.329485,11.8,60.5,5.2,43.4
3869684,2022-12-17,3rd Place Final,Croatia,1,26,12,Morocco,6785,Yassine Bounou,5234,Sofyan Amrabat,Complete,11.135978,5.2,41.2,15.2,36.3
3869684,2022-12-17,3rd Place Final,Croatia,1,26,18,Morocco,5234,Sofyan Amrabat,31295,Yahia Attiyat allah,Complete,20.534119,21.9,28.4,26.1,8.3
3869684,2022-12-17,3rd Place Final,Croatia,1,26,20,Morocco,31295,Yahia Attiyat allah,156734,Bilal El Khannous,Complete,12.9529915,26.6,8.3,37.3,15.6
3869684,2022-12-17,3rd Place Final,Croatia,1,26,21,Morocco,156734,Bilal El Khannous,139016,Achraf Dari,Complete,22.703524,37.3,15.6,14.6,16.0
3869684,2022-12-17,3rd Place Final,Croatia,1,26,24,Morocco,139016,Achraf Dari,5234,Sofyan Amrabat,Complete,16.683226,15.7,20.1,26.4,32.9
3869684,2022-12-17,3rd Place Final,Croatia,1,26,25,Morocco,5234,Sofyan Amrabat,139016,Achraf Dari,Complete,15.720369,26.1,32.5,20.8,17.7
3869684,2022-12-17,3rd Place Final,Croatia,1,26,28,Morocco,139016,Achraf Dari,31295,Yahia Attiyat allah,Complete,17.123375,20.8,17.7,34.7,7.7
3869684,2022-12-17,3rd Place Final,Croatia,1,26,30,Morocco,31295,Yahia Attiyat allah,156734,Bilal El Khannous,Incomplete,33.228,34.7,7.7,67.4,13.6
3869684,2022-12-17,3rd Place Final,Croatia,1,27,41,Morocco,31295,Yahia Attiyat allah,6301,Youssef En-Nesyri,Complete,27.927048,18.0,0.1,45.4,5.5
3869684,2022-12-17,3rd Place Final,Croatia,1,27,42,Morocco,6301,Youssef En-Nesyri,,,Incomplete,13.771347,45.4,5.5,57.2,12.6
3869684,2022-12-17,3rd Place Final,Croatia,1,27,46,Morocco,5234,Sofyan Amrabat,31295,Yahia Attiyat allah,Complete,7.5802374,38.3,15.8,39.4,8.3
3869684,2022-12-17,3rd Place Final,Croatia,1,27,47,Morocco,31295,Yahia Attiyat allah,156734,Bilal El Khannous,Complete,9.76166,39.4,7.4,45.4,15.1
3869684,2022-12-17,3rd Place Final,Croatia,1,27,48,Morocco,156734,Bilal El Khannous,7459,Jawad El Yamiq,Complete,23.031282,45.4,15.1,36.4,36.3
3869684,2022-12-17,3rd Place Final,Croatia,1,27,50,Morocco,7459,Jawad El Yamiq,6785,Yassine Bounou,Complete,28.967567,37.3,36.3,9.9,26.9
3869684,2022-12-17,3rd Place Final,Croatia,1,27,53,Morocco,6785,Yassine Bounou,,,Unknown,50.61225,7.7,26.7,56.1,11.9
3869684,2022-12-17,3rd Place Final,Croatia,1,28,19,Morocco,7459,Jawad El Yamiq,3634,Abdelhamid Sabiri,Complete,14.410066,39.2,45.5,53.1,41.7
3869684,2022-12-17,3rd Place Final,Croatia,1,28,21,Morocco,3634,Abdelhamid Sabiri,5237,Hakim Ziyech,Complete,13.146863,53.1,44.7,50.1,57.5
3869684,2022-12-17,3rd Place Final,Croatia,1,28,26,Morocco,5237,Hakim Ziyech,5245,Achraf Hakimi Mouh,Complete,8.13941,76.0,77.2,84.1,78.0
3869684,2022-12-17,3rd Place Final,Croatia,1,28,27,Morocco,5245,Achraf Hakimi Mouh,5237,Hakim Ziyech,Complete,5.0537114,83.2,78.0,80.9,73.5
3869684,2022-12-17,3rd Place Final,Croatia,1,28,28,Morocco,5237,Hakim Ziyech,5245,Achraf Hakimi Mouh,Complete,27.961403,82.6,72.7,110.4,75.7
3869684,2022-12-17,3rd Place Final,Croatia,1,28,33,Morocco,5245,Achraf Hakimi Mouh,6301,Youssef En-Nesyri,Out,60.367954,117.9,58.3,98.9,1.0
3869684,2022-12-17,3rd Place Final,Croatia,1,29,13,Morocco,7459,Jawad El Yamiq,5237,Hakim Ziyech,Complete,12.592458,38.1,58.6,45.2,69.0
3869684,2022-12-17,3rd Place Final,Croatia,1,30,12,Morocco,6785,Yassine Bounou,3625,Sofiane Boufal,Complete,95.41834,16.3,69.9,88.4,7.4
3869684,2022-12-17,3rd Place Final,Croatia,1,31,2,Morocco,6785,Yassine Bounou,139016,Achraf Dari,Complete,20.435265,7.0,44.1,5.8,23.7
3869684,2022-12-17,3rd Place Final,Croatia,1,31,8,Morocco,139016,Achraf Dari,6301,Youssef En-Nesyri,Incomplete,67.03738,13.7,28.4,78.8,44.4
3869684,2022-12-17,3rd Place Final,Croatia,1,31,37,Morocco,5237,Hakim Ziyech,3634,Abdelhamid Sabiri,Complete,5.4424257,51.4,60.9,56.5,59.0
3869684,2022-12-17,3rd Place Final,Croatia,1,31,41,Morocco,3634,Abdelhamid Sabiri,5245,Achraf Hakimi Mouh,Complete,12.714166,57.2,65.4,44.5,66.0
3869684,2022-12-17,3rd Place Final,Croatia,1,31,44,Morocco,5245,Achraf Hakimi Mouh,3634,Abdelhamid Sabiri,Complete,4.88467,50.3,72.3,52.2,67.8
3869684,2022-12-17,3rd Place Final,Croatia,1,31,46,Morocco,3634,Abdelhamid Sabiri,5237,Hakim Ziyech,Complete,3.517101,62.9,64.1,63.8,60.7
3869684,2022-12-17,3rd Place Final,Croatia,1,31,50,Morocco,5237,Hakim Ziyech,3625,Sofiane Boufal,Complete,27.536339,63.8,41.0,74.9,15.8
3869684,2022-12-17,3rd Place Final,Croatia,1,31,56,Morocco,3625,Sofiane Boufal,31295,Yahia Attiyat allah,Complete,8.68159,97.2,13.4,105.1,9.8
3869684,2022-12-17,3rd Place Final,Croatia,1,31,59,Morocco,31295,Yahia Attiyat allah,156734,Bilal El Khannous,Complete,9.441399,101.2,8.1,92.9,12.6
3869684,2022-12-17,3rd Place Final,Croatia,1,32,2,Morocco,156734,Bilal El Khannous,5237,Hakim Ziyech,Complete,5.001,92.9,12.6,88.0,13.6
3869684,2022-12-17,3rd Place Final,Croatia,1,32,3,Morocco,5237,Hakim Ziyech,3625,Sofiane Boufal,Complete,13.600368,87.5,12.8,99.1,5.7
3869684,2022-12-17,3rd Place Final,Croatia,1,32,7,Morocco,3625,Sofiane Boufal,156734,Bilal El Khannous,Complete,9.425497,101.0,16.2,98.2,25.2
3869684,2022-12-17,3rd Place Final,Croatia,1,32,8,Morocco,156734,Bilal El Khannous,3625,Sofiane Boufal,Incomplete,14.618482,98.2,25.2,111.9,30.3
3869684,2022-12-17,3rd Place Final,Croatia,1,33,24,Morocco,5234,Sofyan Amrabat,5237,Hakim Ziyech,Complete,28.800869,50.1,41.5,64.4,66.5
3869684,2022-12-17,3rd Place Final,Croatia,1,33,28,Morocco,5237,Hakim Ziyech,5245,Achraf Hakimi Mouh,Incomplete,21.851545,67.0,63.1,87.7,70.1
3869684,2022-12-17,3rd Place Final,Croatia,1,33,41,Morocco,5245,Achraf Hakimi Mouh,5237,Hakim Ziyech,Complete,6.860029,86.2,80.0,80.3,76.5
3869684,2022-12-17,3rd Place Final,Croatia,1,33,43,Morocco,5237,Hakim Ziyech,5245,Achraf Hakimi Mouh,Complete,6.8963757,80.3,76.5,86.9,78.5
3869684,2022-12-17,3rd Place Final,Croatia,1,33,46,Morocco,5245,Achraf Hakimi Mouh,5237,Hakim Ziyech,Complete,10.955364,86.7,77.8,75.8,76.7
3869684,2022-12-17,3rd Place Final,Croatia,1,33,47,Morocco,5237,Hakim Ziyech,3634,Abdelhamid Sabiri,Complete,6.873136,75.8,76.7,76.8,69.9
3869684,2022-12-17,3rd Place Final,Croatia,1,33,49,Morocco,3634,Abdelhamid Sabiri,5237,Hakim Ziyech,Complete,7.788453,76.6,70.1,74.5,77.6
3869684,2022-12-17,3rd Place Final,Croatia,1,33,51,Morocco,5237,Hakim Ziyech,31295,Yahia Attiyat allah,Complete,64.510544,69.3,74.0,61.2,10.0
3869684,2022-12-17,3rd Place Final,Croatia,1,33,56,Morocco,31295,Yahia Attiyat allah,156734,Bilal El Khannous,Complete,17.492855,69.3,13.6,84.3,22.6
3869684,2022-12-17,3rd Place Final,Croatia,1,33,58,Morocco,156734,Bilal El Khannous,31295,Yahia Attiyat allah,Complete,31.802515,84.5,22.6,112.1,6.8
3869684,2022-12-17,3rd Place Final,Croatia,1,34,1,Morocco,31295,Yahia Attiyat allah,3625,Sofiane Boufal,Incomplete,10.881176,112.1,6.8,105.7,15.6
3869684,2022-12-17,3rd Place Final,Croatia,1,34,18,Morocco,31295,Yahia Attiyat allah,3634,Abdelhamid Sabiri,Complete,34.098827,94.2,0.1,89.0,33.8
3869684,2022-12-17,3rd Place Final,Croatia,1,35,14,Morocco,5237,Hakim Ziyech,,,Incomplete,29.590033,86.7,27.3,109.3,46.4
3869684,2022-12-17,3rd Place Final,Croatia,1,35,32,Morocco,5245,Achraf Hakimi Mouh,3625,Sofiane Boufal,Complete,11.3877125,100.4,80.0,110.2,74.2
3869684,2022-12-17,3rd Place Final,Croatia,1,35,35,Morocco,3625,Sofiane Boufal,5245,Achraf Hakimi Mouh,Complete,11.30177,110.6,76.3,99.3,76.1
3869684,2022-12-17,3rd Place Final,Croatia,1,35,36,Morocco,5245,Achraf Hakimi Mouh,6301,Youssef En-Nesyri,Incomplete,35.269535,100.6,76.3,114.3,43.8
3869684,2022-12-17,3rd Place Final,Croatia,1,35,55,Morocco,5237,Hakim Ziyech,3625,Sofiane Boufal,Complete,9.392018,120.0,80.0,111.1,77.0
3869684,2022-12-17,3rd Place Final,Croatia,1,36,18,Morocco,5237,Hakim Ziyech,6301,Youssef En-Nesyri,Complete,31.177717,120.0,80.0,117.8,48.9
3869684,2022-12-17,3rd Place Final,Croatia,1,39,12,Morocco,6785,Yassine Bounou,3625,Sofiane Boufal,Complete,62.298153,7.0,44.1,62.9,16.6
3869684,2022-12-17,3rd Place Final,Croatia,1,39,15,Morocco,3625,Sofiane Boufal,6301,Youssef En-Nesyri,Complete,12.612692,62.9,16.6,75.1,19.8
3869684,2022-12-17,3rd Place Final,Croatia,1,39,16,Morocco,6301,Youssef En-Nesyri,3625,Sofiane Boufal,Complete,6.0133185,75.1,19.8,69.1,19.4
3869684,2022-12-17,3rd Place Final,Croatia,1,39,21,Morocco,3625,Sofiane Boufal,156734,Bilal El Khannous,Complete,10.737783,86.0,7.0,75.3,7.9
3869684,2022-12-17,3rd Place Final,Croatia,1,39,25,Morocco,156734,Bilal El Khannous,3634,Abdelhamid Sabiri,Complete,20.176224,68.7,12.8,74.9,32.0
3869684,2022-12-17,3rd Place Final,Croatia,1,39,27,Morocco,3634,Abdelhamid Sabiri,5245,Achraf Hakimi Mouh,Complete,47.15517,71.3,31.6,86.9,76.1
3869684,2022-12-17,3rd Place Final,Croatia,1,39,32,Morocco,5245,Achraf Hakimi Mouh,5237,Hakim Ziyech,Complete,9.2358,85.2,75.9,77.5,70.8
3869684,2022-12-17,3rd Place Final,Croatia,1,40,44,Morocco,5245,Achraf Hakimi Mouh,5237,Hakim Ziyech,Complete,15.384732,34.3,80.0,41.3,66.3
3869684,2022-12-17,3rd Place Final,Croatia,1,40,47,Morocco,5237,Hakim Ziyech,139016,Achraf Dari,Complete,30.123081,38.8,67.5,27.2,39.7
3869684,2022-12-17,3rd Place Final,Croatia,1,40,49,Morocco,139016,Achraf Dari,31295,Yahia Attiyat allah,Complete,25.477245,27.8,33.3,40.3,11.1
3869684,2022-12-17,3rd Place Final,Croatia,1,40,53,Morocco,31295,Yahia Attiyat allah,3625,Sofiane Boufal,Incomplete,63.044827,49.0,9.8,109.3,28.2
3869684,2022-12-17,3rd Place Final,Croatia,1,42,54,Morocco,6301,Youssef En-Nesyri,3634,Abdelhamid Sabiri,Complete,23.028894,61.0,40.1,45.8,22.8
3869684,2022-12-17,3rd Place Final,Croatia,1,43,19,Morocco,31295,Yahia Attiyat allah,6301,Youssef En-Nesyri,Complete,24.212807,53.7,0.1,73.8,13.6
3869684,2022-12-17,3rd Place Final,Croatia,1,43,20,Morocco,6301,Youssef En-Nesyri,3625,Sofiane Boufal,Incomplete,17.196802,73.8,13.6,83.5,27.8
3869684,2022-12-17,3rd Place Final,Croatia,1,44,16,Morocco,6785,Yassine Bounou,5245,Achraf Hakimi Mouh,Out,58.27195,7.0,44.1,52.9,80.0
3869684,2022-12-17,3rd Place Final,Croatia,1,45,9,Morocco,5245,Achraf Hakimi Mouh,3634,Abdelhamid Sabiri,Complete,6.1717095,51.4,73.1,55.4,68.4
3869684,2022-12-17,3rd Place Final,Croatia,1,45,21,Morocco,5245,Achraf Hakimi Mouh,3634,Abdelhamid Sabiri,Complete,10.316007,56.1,80.0,58.2,69.9
3869684,2022-12-17,3rd Place Final,Croatia,1,45,33,Morocco,5237,Hakim Ziyech,5245,Achraf Hakimi Mouh,Complete,9.042677,56.7,70.1,63.8,75.7
3869684,2022-12-17,3rd Place Final,Croatia,1,45,34,Morocco,5245,Achraf Hakimi Mouh,5237,Hakim Ziyech,Complete,7.0604534,63.6,75.5,58.0,71.2
3869684,2022-12-17,3rd Place Final,Croatia,1,45,36,Morocco,5237,Hakim Ziyech,5245,Achraf Hakimi Mouh,Complete,17.846289,58.0,69.9,74.5,76.7
3869684,2022-12-17,3rd Place Final,Croatia,1,45,40,Morocco,5245,Achraf Hakimi Mouh,3625,Sofiane Boufal,Complete,4.652956,80.0,73.3,82.2,77.4
3869684,2022-12-17,3rd Place Final,Croatia,1,45,41,Morocco,3625,Sofiane Boufal,5237,Hakim Ziyech,Complete,14.220057,82.2,77.4,68.3,74.4
3869684,2022-12-17,3rd Place Final,Croatia,1,45,43,Morocco,5237,Hakim Ziyech,6301,Youssef En-Nesyri,Incomplete,36.984997,69.1,73.3,102.1,56.6
3869684,2022-12-17,3rd Place Final,Croatia,2,45,0,Morocco,6301,Youssef En-Nesyri,156734,Bilal El Khannous,Complete,4.0,60.0,40.0,56.8,37.6
3869684,2022-12-17,3rd Place Final,Croatia,2,45,1,Morocco,156734,Bilal El Khannous,5237,Hakim Ziyech,Complete,16.702694,57.0,37.6,44.7,48.9
3869684,2022-12-17,3rd Place Final,Croatia,2,45,3,Morocco,5237,Hakim Ziyech,5245,Achraf Hakimi Mouh,Complete,23.406197,44.7,48.9,41.6,72.1
3869684,2022-12-17,3rd Place Final,Croatia,2,45,6,Morocco,5245,Achraf Hakimi Mouh,5237,Hakim Ziyech,Complete,11.567627,40.8,70.3,47.4,60.8
3869684,2022-12-17,3rd Place Final,Croatia,2,45,8,Morocco,5237,Hakim Ziyech,7459,Jawad El Yamiq,Complete,22.144978,39.9,63.6,19.1,56.0
3869684,2022-12-17,3rd Place Final,Croatia,2,45,10,Morocco,7459,Jawad El Yamiq,139016,Achraf Dari,Complete,32.224834,17.7,52.3,21.5,20.3
3869684,2022-12-17,3rd Place Final,Croatia,2,45,14,Morocco,139016,Achraf Dari,31295,Yahia Attiyat allah,Complete,19.564508,22.2,19.2,33.6,3.3
3869684,2022-12-17,3rd Place Final,Croatia,2,45,16,Morocco,31295,Yahia Attiyat allah,6301,Youssef En-Nesyri,Incomplete,46.327637,33.8,3.5,77.7,18.3
3869684,2022-12-17,3rd Place Final,Croatia,2,47,25,Morocco,3625,Sofiane Boufal,31295,Yahia Attiyat allah,Incomplete,19.79899,21.4,51.0,41.0,48.2
3869684,2022-12-17,3rd Place Final,Croatia,2,47,31,Morocco,6301,Youssef En-Nesyri,5245,Achraf Hakimi Mouh,Complete,9.767292,37.8,17.3,44.4,10.1
3869684,2022-12-17,3rd Place Final,Croatia,2,47,44,Morocco,5245,Achraf Hakimi Mouh,5234,Sofyan Amrabat,Complete,17.83704,71.1,11.9,62.1,27.3
3869684,2022-12-17,3rd Place Final,Croatia,2,47,46,Morocco,5234,Sofyan Amrabat,7459,Jawad El Yamiq,Complete,21.614809,62.7,32.8,61.9,54.4
3869684,2022-12-17,3rd Place Final,Croatia,2,47,49,Morocco,7459,Jawad El Yamiq,3625,Sofiane Boufal,Complete,22.005682,62.7,57.2,76.3,74.5
3869684,2022-12-17,3rd Place Final,Croatia,2,47,53,Morocco,3625,Sofiane Boufal,5237,Hakim Ziyech,Complete,21.413313,84.0,68.5,86.2,47.2
3869684,2022-12-17,3rd Place Final,Croatia,2,47,57,Morocco,5237,Hakim Ziyech,31295,Yahia Attiyat allah,Complete,30.066093,87.8,41.6,108.4,19.7
3869684,2022-12-17,3rd Place Final,Croatia,2,48,31,Morocco,5234,Sofyan Amrabat,6301,Youssef En-Nesyri,Incomplete,25.712448,69.3,48.2,95.0,49.0
3869684,2022-12-17,3rd Place Final,Croatia,2,48,44,Morocco,7459,Jawad El Yamiq,6301,Youssef En-Nesyri,Complete,7.7897367,64.1,68.7,70.9,64.9
3869684,2022-12-17,3rd Place Final,Croatia,2,48,46,Morocco,6301,Youssef En-Nesyri,5245,Achraf Hakimi Mouh,Complete,5.147815,70.5,68.6,68.4,63.9
3869684,2022-12-17,3rd Place Final,Croatia,2,48,47,Morocco,5245,Achraf Hakimi Mouh,156734,Bilal El Khannous,Incomplete,2.4413111,68.4,63.9,70.4,65.3
3869684,2022-12-17,3rd Place Final,Croatia,2,49,32,Morocco,139016,Achraf Dari,21214,Ilias Chair,Complete,28.89031,46.6,15.9,72.5,3.1
3869684,2022-12-17,3rd Place Final,Croatia,2,49,40,Morocco,5237,Hakim Ziyech,5234,Sofyan Amrabat,Complete,13.689412,67.5,6.3,55.1,12.1
3869684,2022-12-17,3rd Place Final,Croatia,2,49,45,Morocco,5234,Sofyan Amrabat,3625,Sofiane Boufal,Complete,21.401402,48.5,29.6,62.6,45.7
3869684,2022-12-17,3rd Place Final,Croatia,2,49,48,Morocco,3625,Sofiane Boufal,5237,Hakim Ziyech,Complete,11.884864,58.6,34.7,63.1,23.7
3869684,2022-12-17,3rd Place Final,Croatia,2,49,49,Morocco,5237,Hakim Ziyech,139016,Achraf Dari,Complete,18.133394,62.6,22.9,44.7,25.8
3869684,2022-12-17,3rd Place Final,Croatia,2,49,50,Morocco,139016,Achraf Dari,5237,Hakim Ziyech,Complete,6.8007355,44.7,25.8,51.1,28.1
3869684,2022-12-17,3rd Place Final,Croatia,2,49,54,Morocco,5237,Hakim Ziyech,21214,Ilias Chair,Complete,18.022764,52.2,22.9,60.3,6.8
3869684,2022-12-17,3rd Place Final,Croatia,2,49,56,Morocco,21214,Ilias Chair,139016,Achraf Dari,Complete,21.940145,56.8,7.5,39.2,20.6
3869684,2022-12-17,3rd Place Final,Croatia,2,49,59,Morocco,139016,Achraf Dari,7459,Jawad El Yamiq,Complete,33.571564,36.8,24.1,44.4,56.8
3869684,2022-12-17,3rd Place Final,Croatia,2,50,1,Morocco,7459,Jawad El Yamiq,5237,Hakim Ziyech,Complete,20.745361,48.8,59.6,62.7,44.2
3869684,2022-12-17,3rd Place Final,Croatia,2,50,5,Morocco,5237,Hakim Ziyech,5245,Achraf Hakimi Mouh,Complete,22.19234,69.5,55.4,75.0,76.9
3869684,2022-12-17,3rd Place Final,Croatia,2,50,8,Morocco,5245,Achraf Hakimi Mouh,5237,Hakim Ziyech,Complete,5.9464273,78.1,74.7,76.1,69.1
3869684,2022-12-17,3rd Place Final,Croatia,2,50,9,Morocco,5237,Hakim Ziyech,5245,Achraf Hakimi Mouh,Complete,4.8703184,76.1,69.1,80.7,70.7
3869684,2022-12-17,3rd Place Final,Croatia,2,50,11,Morocco,5245,Achraf Hakimi Mouh,156734,Bilal El Khannous,Complete,8.881441,89.2,60.8,90.4,52.0
3869684,2022-12-17,3rd Place Final,Croatia,2,50,13,Morocco,156734,Bilal El Khannous,21214,Ilias Chair,Incomplete,10.24207,87.3,63.8,97.4,65.5
3869684,2022-12-17,3rd Place Final,Croatia,2,50,52,Morocco,6785,Yassine Bounou,5245,Achraf Hakimi Mouh,Complete,42.37275,6.0,44.0,36.8,73.1
3869684,2022-12-17,3rd Place Final,Croatia,2,51,7,Morocco,21214,Ilias Chair,5237,Hakim Ziyech,Complete,7.1021123,62.7,62.5,61.5,69.5
3869684,2022-12-17,3rd Place Final,Croatia,2,51,11,Morocco,5237,Hakim Ziyech,5234,Sofyan Amrabat,Complete,9.660228,70.1,68.5,61.5,64.1
3869684,2022-12-17,3rd Place Final,Croatia,2,51,12,Morocco,5234,Sofyan Amrabat,5237,Hakim Ziyech,Complete,10.492378,62.7,60.2,64.7,70.5
3869684,2022-12-17,3rd Place Final,Croatia,2,51,13,Morocco,5237,Hakim Ziyech,139016,Achraf Dari,Complete,51.7088,64.7,70.3,52.3,20.1
3869684,2022-12-17,3rd Place Final,Croatia,2,51,17,Morocco,139016,Achraf Dari,3625,Sofiane Boufal,Complete,19.612242,57.1,18.3,76.3,14.3
3869684,2022-12-17,3rd Place Final,Croatia,2,51,19,Morocco,3625,Sofiane Boufal,5234,Sofyan Amrabat,Complete,18.96945,76.3,14.3,62.3,27.1
3869684,2022-12-17,3rd Place Final,Croatia,2,51,20,Morocco,5234,Sofyan Amrabat,3625,Sofiane Boufal,Complete,13.670406,62.3,27.1,67.1,14.3
3869684,2022-12-17,3rd Place Final,Croatia,2,51,23,Morocco,3625,Sofiane Boufal,139016,Achraf Dari,Complete,15.331015,67.1,14.3,52.3,18.3
3869684,2022-12-17,3rd Place Final,Croatia,2,51,26,Morocco,139016,Achraf Dari,5234,Sofyan Amrabat,Complete,13.576818,52.3,18.3,57.1,31.0
3869684,2022-12-17,3rd Place Final,Croatia,2,51,30,Morocco,5234,Sofyan Amrabat,139016,Achraf Dari,Complete,17.912006,51.2,26.9,49.2,9.1
3869684,2022-12-17,3rd Place Final,Croatia,2,51,32,Morocco,139016,Achraf Dari,3625,Sofiane Boufal,Complete,15.078462,52.3,8.7,66.3,3.1
3869684,2022-12-17,3rd Place Final,Croatia,2,51,37,Morocco,3625,Sofiane Boufal,6301,Youssef En-Nesyri,Complete,43.375683,65.7,5.9,102.6,28.7
3869684,2022-12-17,3rd Place Final,Croatia,2,52,58,Morocco,3625,Sofiane Boufal,6785,Yassine Bounou,Out,8.2,8.1,49.0,0.1,47.2
3869684,2022-12-17,3rd Place Final,Croatia,2,54,18,Morocco,6785,Yassine Bounou,7459,Jawad El Yamiq,Complete,19.202343,6.0,36.0,6.3,55.2
3869684,2022-12-17,3rd Place Final,Croatia,2,54,25,Morocco,7459,Jawad El Yamiq,6301,Youssef En-Nesyri,Incomplete,48.526386,22.0,64.7,70.5,63.1
3869684,2022-12-17,3rd Place Final,Croatia,2,55,22,Morocco,46258,Azzedine Ounahi,5234,Sofyan Amrabat,Complete,13.863622,42.0,6.7,35.8,19.1
3869684,2022-12-17,3rd Place Final,Croatia,2,55,25,Morocco,5234,Sofyan Amrabat,5245,Achraf Hakimi Mouh,Complete,53.265373,35.8,19.1,46.4,71.3
3869684,2022-12-17,3rd Place Final,Croatia,2,55,29,Morocco,5245,Achraf Hakimi Mouh,5237,Hakim Ziyech,Complete,9.219544,57.1,68.3,64.1,74.3
3869684,2022-12-17,3rd Place Final,Croatia,2,55,31,Morocco,5237,Hakim Ziyech,5245,Achraf Hakimi Mouh,Complete,10.630146,64.1,74.3,63.3,63.7
3869684,2022-12-17,3rd Place Final,Croatia,2,55,32,Morocco,5245,Achraf Hakimi Mouh,5237,Hakim Ziyech,Complete,9.873196,63.3,63.7,62.1,73.5
3869684,2022-12-17,3rd Place Final,Croatia,2,55,33,Morocco,5237,Hakim Ziyech,7459,Jawad El Yamiq,Complete,20.631287,62.1,73.5,43.0,65.7
3869684,2022-12-17,3rd Place Final,Croatia,2,55,35,Morocco,7459,Jawad El Yamiq,5234,Sofyan Amrabat,Complete,13.551753,42.8,65.5,45.4,52.2
3869684,2022-12-17,3rd Place Final,Croatia,2,55,40,Morocco,5234,Sofyan Amrabat,139016,Achraf Dari,Complete,30.032816,55.1,32.8,65.7,4.7
3869684,2022-12-17,3rd Place Final,Croatia,2,55,47,Morocco,139016,Achraf Dari,5234,Sofyan Amrabat,Complete,24.401844,65.7,4.7,46.0,19.1
3869684,2022-12-17,3rd Place Final,Croatia,2,55,50,Morocco,5234,Sofyan Amrabat,46258,Azzedine Ounahi,Complete,27.102215,51.6,33.8,59.9,59.6
3869684,2022-12-17,3rd Place Final,Croatia,2,55,53,Morocco,46258,Azzedine Ounahi,5245,Achraf Hakimi Mouh,Complete,18.30437,70.7,64.5,89.0,64.1
3869684,2022-12-17,3rd Place Final,Croatia,2,55,54,Morocco,5245,Achraf Hakimi Mouh,5237,Hakim Ziyech,Complete,11.738825,89.0,64.1,90.8,75.7
3869684,2022-12-17,3rd Place Final,Croatia,2,56,0,Morocco,5237,Hakim Ziyech,5245,Achraf Hakimi Mouh,Complete,8.373769,110.8,70.5,105.4,64.1
3869684,2022-12-17,3rd Place Final,Croatia,2,56,8,Morocco,7459,Jawad El Yamiq,5245,Achraf Hakimi Mouh,Complete,8.7931795,83.6,71.5,92.0,74.1
3869684,2022-12-17,3rd Place Final,Croatia,2,56,9,Morocco,5245,Achraf Hakimi Mouh,7459,Jawad El Yamiq,Incomplete,7.924645,90.8,74.1,85.0,68.7
3869684,2022-12-17,3rd Place Final,Croatia,2,57,11,Morocco,6785,Yassine Bounou,5234,Sofyan Amrabat,Complete,12.621015,10.1,43.8,21.6,49.0
3869684,2022-12-17,3rd Place Final,Croatia,2,57,13,Morocco,5234,Sofyan Amrabat,5237,Hakim Ziyech,Complete,15.749286,27.8,50.0,42.8,54.8
3869684,2022-12-17,3rd Place Final,Croatia,2,57,19,Morocco,5237,Hakim Ziyech,5234,Sofyan Amrabat,Complete,11.649893,43.6,42.4,37.0,52.0
3869684,2022-12-17,3rd Place Final,Croatia,2,57,22,Morocco,5234,Sofyan Amrabat,5237,Hakim Ziyech,Complete,13.576818,41.6,51.0,46.4,63.7
3869684,2022-12-17,3rd Place Final,Croatia,2,57,23,Morocco,5237,Hakim Ziyech,5234,Sofyan Amrabat,Incomplete,16.11521,46.4,63.7,55.5,50.4
3869684,2022-12-17,3rd Place Final,Croatia,2,57,28,Morocco,7459,Jawad El Yamiq,5237,Hakim Ziyech,Complete,10.111875,29.6,53.8,34.4,62.7
3869684,2022-12-17,3rd Place Final,Croatia,2,57,30,Morocco,5237,Hakim Ziyech,7459,Jawad El Yamiq,Complete,15.1343975,34.4,62.7,24.8,51.0
3869684,2022-12-17,3rd Place Final,Croatia,2,57,32,Morocco,7459,Jawad El Yamiq,5234,Sofyan Amrabat,Complete,13.341664,24.8,51.0,33.4,40.8
3869684,2022-12-17,3rd Place Final,Croatia,2,57,34,Morocco,5234,Sofyan Amrabat,21214,Ilias Chair,Complete,18.327303,34.8,36.8,53.1,35.8
3869684,2022-12-17,3rd Place Final,Croatia,2,57,38,Morocco,21214,Ilias Chair,3625,Sofiane Boufal,Complete,12.030378,51.4,17.7,56.7,6.9
3869684,2022-12-17,3rd Place Final,Croatia,2,57,46,Morocco,3625,Sofiane Boufal,5245,Achraf Hakimi Mouh,Complete,59.404125,82.3,13.9,94.2,72.1
3869684,2022-12-17,3rd Place Final,Croatia,2,57,50,Morocco,5245,Achraf Hakimi Mouh,5237,Hakim Ziyech,Complete,8.504117,91.8,67.3,85.4,61.7
3869684,2022-12-17,3rd Place Final,Croatia,2,57,51,Morocco,5237,Hakim Ziyech,46258,Azzedine Ounahi,Incomplete,4.5177426,85.4,61.7,89.4,59.6
3869684,2022-12-17,3rd Place Final,Croatia,2,57,56,Morocco,5245,Achraf Hakimi Mouh,7459,Jawad El Yamiq,Complete,18.578482,82.1,59.0,64.1,54.4
3869684,2022-12-17,3rd Place Final,Croatia,2,57,58,Morocco,7459,Jawad El Yamiq,5245,Achraf Hakimi Mouh,Complete,9.453042,64.1,54.4,73.5,55.4
3869684,2022-12-17,3rd Place Final,Croatia,2,58,1,Morocco,5245,Achraf Hakimi Mouh,31295,Yahia Attiyat allah,Complete,46.695824,81.1,48.6,91.6,3.1
3869684,2022-12-17,3rd Place Final,Croatia,2,58,7,Morocco,31295,Yahia Attiyat allah,21214,Ilias Chair,Complete,12.913946,91.6,3.1,80.5,9.7
3869684,2022-12-17,3rd Place Final,Croatia,2,58,9,Morocco,21214,Ilias Chair,3625,Sofiane Boufal,Complete,11.401754,80.5,9.7,80.7,21.1
3869684,2022-12-17,3rd Place Final,Croatia,2,58,18,Morocco,3625,Sofiane Boufal,31295,Yahia Attiyat allah,Complete,16.211107,103.8,20.1,104.4,3.9
3869684,2022-12-17,3rd Place Final,Croatia,2,58,20,Morocco,31295,Yahia Attiyat allah,,,Incomplete,32.715897,104.4,3.9,109.6,36.2
3869684,2022-12-17,3rd Place Final,Croatia,2,58,27,Morocco,5237,Hakim Ziyech,31295,Yahia Attiyat allah,Incomplete,24.060133,81.9,29.1,105.2,23.1
3869684,2022-12-17,3rd Place Final,Croatia,2,60,19,Morocco,5237,Hakim Ziyech,,,Incomplete,37.24473,120.0,0.1,113.1,36.7
3869684,2022-12-17,3rd Place Final,Croatia,2,60,26,Morocco,31295,Yahia Attiyat allah,5237,Hakim Ziyech,Incomplete,19.864794,75.5,18.3,93.0,8.9
3869684,2022-12-17,3rd Place Final,Croatia,2,61,28,Morocco,6785,Yassine Bounou,7459,Jawad El Yamiq,Complete,18.895767,6.0,36.0,7.9,54.8
3869684,2022-12-17,3rd Place Final,Croatia,2,61,30,Morocco,7459,Jawad El Yamiq,5245,Achraf Hakimi Mouh,Complete,20.110943,8.1,55.0,15.5,73.7
3869684,2022-12-17,3rd Place Final,Croatia,2,61,35,Morocco,5245,Achraf Hakimi Mouh,6785,Yassine Bounou,Complete,23.515314,12.7,63.5,8.3,40.4
3869684,2022-12-17,3rd Place Final,Croatia,2,61,45,Morocco,6785,Yassine Bounou,6301,Youssef En-Nesyri,Incomplete,64.71368,14.9,25.0,73.0,53.5
3869684,2022-12-17,3rd Place Final,Croatia,2,61,53,Morocco,5245,Achraf Hakimi Mouh,5234,Sofyan Amrabat,Complete,4.1761227,51.1,49.4,49.9,53.4
3869684,2022-12-17,3rd Place Final,Croatia,2,61,54,Morocco,5234,Sofyan Amrabat,46258,Azzedine Ounahi,Complete,5.703508,49.9,53.4,50.1,59.1
3869684,2022-12-17,3rd Place Final,Croatia,2,61,56,Morocco,46258,Azzedine Ounahi,3625,Sofiane Boufal,Complete,21.36001,49.2,51.0,56.7,31.0
3869684,2022-12-17,3rd Place Final,Croatia,2,61,59,Morocco,3625,Sofiane Boufal,46258,Azzedine Ounahi,Complete,12.374571,56.5,34.0,47.8,42.8
3869684,2022-12-17,3rd Place Final,Croatia,2,62,1,Morocco,46258,Azzedine Ounahi,5234,Sofyan Amrabat,Complete,10.690183,48.4,43.6,51.6,53.8
3869684,2022-12-17,3rd Place Final,Croatia,2,62,2,Morocco,5234,Sofyan Amrabat,5245,Achraf Hakimi Mouh,Complete,16.954056,56.1,55.2,72.3,60.2
3869684,2022-12-17,3rd Place Final,Croatia,2,62,4,Morocco,5245,Achraf Hakimi Mouh,5234,Sofyan Amrabat,Complete,16.510906,73.5,59.6,58.5,66.5
3869684,2022-12-17,3rd Place Final,Croatia,2,62,6,Morocco,5234,Sofyan Amrabat,5237,Hakim Ziyech,Complete,16.572266,58.5,66.5,74.3,71.5
3869684,2022-12-17,3rd Place Final,Croatia,2,62,8,Morocco,5237,Hakim Ziyech,5245,Achraf Hakimi Mouh,Complete,9.585405,70.0,69.8,78.8,73.6
3869684,2022-12-17,3rd Place Final,Croatia,2,62,9,Morocco,5245,Achraf Hakimi Mouh,46258,Azzedine Ounahi,Complete,13.551753,78.8,73.6,76.2,60.3
3869684,2022-12-17,3rd Place Final,Croatia,2,62,10,Morocco,46258,Azzedine Ounahi,5237,Hakim Ziyech,Complete,10.822661,76.1,60.5,81.8,69.7
3869684,2022-12-17,3rd Place Final,Croatia,2,62,12,Morocco,5237,Hakim Ziyech,46258,Azzedine Ounahi,Complete,11.562439,90.6,69.1,98.1,60.3
3869684,2022-12-17,3rd Place Final,Croatia,2,62,16,Morocco,46258,Azzedine Ounahi,5237,Hakim Ziyech,Incomplete,12.010412,106.0,62.7,98.4,53.4
3869684,2022-12-17,3rd Place Final,Croatia,2,62,33,Morocco,6785,Yassine Bounou,21214,Ilias Chair,Complete,10.667708,22.4,29.9,33.0,28.7
3869684,2022-12-17,3rd Place Final,Croatia,2,62,35,Morocco,21214,Ilias Chair,31295,Yahia Attiyat allah,Complete,17.857212,33.8,21.1,38.6,3.9
3869684,2022-12-17,3rd Place Final,Croatia,2,62,39,Morocco,31295,Yahia Attiyat allah,21214,Ilias Chair,Complete,5.72014,45.4,3.5,42.0,8.1
3869684,2022-12-17,3rd Place Final,Croatia,2,62,44,Morocco,21214,Ilias Chair,139016,Achraf Dari,Complete,24.566034,52.3,8.7,35.8,26.9
3869684,2022-12-17,3rd Place Final,Croatia,2,62,46,Morocco,139016,Achraf Dari,5234,Sofyan Amrabat,Complete,29.44775,35.8,26.9,51.2,52.0
3869684,2022-12-17,3rd Place Final,Croatia,2,62,50,Morocco,5234,Sofyan Amrabat,5237,Hakim Ziyech,Complete,21.762352,52.5,53.8,73.3,60.2
3869684,2022-12-17,3rd Place Final,Croatia,2,62,52,Morocco,5237,Hakim Ziyech,5234,Sofyan Amrabat,Complete,20.98976,71.5,60.6,55.1,73.7
3869684,2022-12-17,3rd Place Final,Croatia,2,64,5,Morocco,6785,Yassine Bounou,67700,Badr Banoun,Complete,8.490583,19.3,19.7,23.8,12.5
3869684,2022-12-17,3rd Place Final,Croatia,2,64,9,Morocco,67700,Badr Banoun,31295,Yahia Attiyat allah,Complete,12.8140545,25.8,12.1,33.0,1.5
3869684,2022-12-17,3rd Place Final,Croatia,2,64,11,Morocco,31295,Yahia Attiyat allah,67700,Badr Banoun,Complete,13.792751,33.0,1.5,26.2,13.5
3869684,2022-12-17,3rd Place Final,Croatia,2,64,17,Morocco,67700,Badr Banoun,7459,Jawad El Yamiq,Complete,35.90223,34.8,22.7,35.2,58.6
3869684,2022-12-17,3rd Place Final,Croatia,2,64,21,Morocco,7459,Jawad El Yamiq,46258,Azzedine Ounahi,Complete,14.741099,47.4,71.3,57.1,60.2
3869684,2022-12-17,3rd Place Final,Croatia,2,64,22,Morocco,46258,Azzedine Ounahi,5237,Hakim Ziyech,Complete,9.317188,57.1,59.6,59.1,68.7
3869684,2022-12-17,3rd Place Final,Croatia,2,64,23,Morocco,5237,Hakim Ziyech,46258,Azzedine Ounahi,Complete,13.65174,59.1,68.7,68.5,58.8
3869684,2022-12-17,3rd Place Final,Croatia,2,64,25,Morocco,46258,Azzedine Ounahi,5245,Achraf Hakimi Mouh,Incomplete,20.780039,72.3,57.6,92.8,61.0
3869684,2022-12-17,3rd Place Final,Croatia,2,64,33,Morocco,67700,Badr Banoun,31295,Yahia Attiyat allah,Complete,41.11119,52.3,52.4,58.1,11.7
3869684,2022-12-17,3rd Place Final,Croatia,2,64,38,Morocco,31295,Yahia Attiyat allah,5234,Sofyan Amrabat,Complete,22.322186,67.5,5.1,62.7,26.9
3869684,2022-12-17,3rd Place Final,Croatia,2,64,42,Morocco,5234,Sofyan Amrabat,46258,Azzedine Ounahi,Complete,34.314575,61.9,32.2,62.9,66.5
3869684,2022-12-17,3rd Place Final,Croatia,2,64,46,Morocco,46258,Azzedine Ounahi,5237,Hakim Ziyech,Complete,14.773287,75.3,66.1,88.2,73.3
3869684,2022-12-17,3rd Place Final,Croatia,2,64,49,Morocco,5237,Hakim Ziyech,5245,Achraf Hakimi Mouh,Complete,9.577056,98.6,72.3,103.2,63.9
3869684,2022-12-17,3rd Place Final,Croatia,2,64,56,Morocco,5245,Achraf Hakimi Mouh,6301,Youssef En-Nesyri,Complete,31.269794,105.2,71.3,110.6,40.5
3869684,2022-12-17,3rd Place Final,Croatia,2,65,4,Morocco,7459,Jawad El Yamiq,31295,Yahia Attiyat allah,Complete,24.120737,63.7,36.0,64.7,11.9
3869684,2022-12-17,3rd Place Final,Croatia,2,65,7,Morocco,31295,Yahia Attiyat allah,131037,Anass Zaroury,Complete,18.445868,66.7,9.9,84.0,3.5
3869684,2022-12-17,3rd Place Final,Croatia,2,65,14,Morocco,131037,Anass Zaroury,,,Out,1.8248287,113.8,2.1,114.1,3.9
3869684,2022-12-17,3rd Place Final,Croatia,2,67,51,Morocco,5245,Achraf Hakimi Mouh,5237,Hakim Ziyech,Complete,13.209845,74.7,80.0,86.2,73.5
3869684,2022-12-17,3rd Place Final,Croatia,2,67,55,Morocco,5237,Hakim Ziyech,46258,Azzedine Ounahi,Complete,14.139661,83.4,74.1,70.1,69.3
3869684,2022-12-17,3rd Place Final,Croatia,2,67,58,Morocco,46258,Azzedine Ounahi,67700,Badr Banoun,Complete,33.232063,64.1,63.9,55.5,31.8
3869684,2022-12-17,3rd Place Final,Croatia,2,68,4,Morocco,67700,Badr Banoun,31295,Yahia Attiyat allah,Complete,13.928389,71.7,16.7,75.5,3.3
3869684,2022-12-17,3rd Place Final,Croatia,2,68,6,Morocco,31295,Yahia Attiyat allah,131037,Anass Zaroury,Complete,11.386395,75.5,3.3,86.8,1.9
3869684,2022-12-17,3rd Place Final,Croatia,2,68,8,Morocco,131037,Anass Zaroury,23774,Selim Amallah,Complete,8.713208,86.8,1.9,88.2,10.5
3869684,2022-12-17,3rd Place Final,Croatia,2,69,8,Morocco,131037,Anass Zaroury,21214,Ilias Chair,Complete,7.7897367,110.4,7.7,105.2,13.5
3869684,2022-12-17,3rd Place Final,Croatia,2,69,16,Morocco,21214,Ilias Chair,6301,Youssef En-Nesyri,Incomplete,16.113659,105.2,20.1,111.8,34.8
3869684,2022-12-17,3rd Place Final,Croatia,2,69,22,Morocco,31295,Yahia Attiyat allah,21214,Ilias Chair,Complete,5.215362,92.6,4.7,97.0,1.9
3869684,2022-12-17,3rd Place Final,Croatia,2,69,28,Morocco,21214,Ilias Chair,,,Incomplete,35.166035,94.2,11.7,109.0,43.6
3869684,2022-12-17,3rd Place Final,Croatia,2,70,19,Morocco,5245,Achraf Hakimi Mouh,23774,Selim Amallah,Complete,16.26407,34.8,60.6,46.4,49.2
3869684,2022-12-17,3rd Place Final,Croatia,2,70,20,Morocco,23774,Selim Amallah,5234,Sofyan Amrabat,Complete,10.043903,46.4,49.2,38.2,55.0
3869684,2022-12-17,3rd Place Final,Croatia,2,70,21,Morocco,5234,Sofyan Amrabat,,,Incomplete,13.1041975,38.2,55.0,41.8,42.4
3869684,2022-12-17,3rd Place Final,Croatia,2,70,48,Morocco,6785,Yassine Bounou,5234,Sofyan Amrabat,Complete,17.12834,6.0,36.0,13.7,20.7
3869684,2022-12-17,3rd Place Final,Croatia,2,70,52,Morocco,5234,Sofyan Amrabat,67700,Badr Banoun,Complete,33.21039,18.5,19.3,12.7,52.0
3869684,2022-12-17,3rd Place Final,Croatia,2,70,55,Morocco,67700,Badr Banoun,6785,Yassine Bounou,Complete,17.275415,13.9,53.8,7.9,37.6
3869684,2022-12-17,3rd Place Final,Croatia,2,70,57,Morocco,6785,Yassine Bounou,23774,Selim Amallah,Complete,17.755281,8.1,33.8,25.6,30.8
3869684,2022-12-17,3rd Place Final,Croatia,2,71,0,Morocco,23774,Selim Amallah,46258,Azzedine Ounahi,Out,95.40655,29.6,40.8,120.0,71.3
3869684,2022-12-17,3rd Place Final,Croatia,2,71,46,Morocco,5245,Achraf Hakimi Mouh,5237,Hakim Ziyech,Complete,26.717222,13.7,68.9,40.2,72.3
3869684,2022-12-17,3rd Place Final,Croatia,2,71,50,Morocco,5237,Hakim Ziyech,6785,Yassine Bounou,Complete,42.798363,32.2,72.1,8.9,36.2
3869684,2022-12-17,3rd Place Final,Croatia,2,71,53,Morocco,6785,Yassine Bounou,31295,Yahia Attiyat allah,Complete,26.904646,8.9,33.0,22.0,9.5
3869684,2022-12-17,3rd Place Final,Croatia,2,71,57,Morocco,31295,Yahia Attiyat allah,131037,Anass Zaroury,Complete,20.342075,22.4,7.1,42.6,4.7
3869684,2022-12-17,3rd Place Final,Croatia,2,71,58,Morocco,131037,Anass Zaroury,5234,Sofyan Amrabat,Complete,28.066528,42.6,4.7,20.9,22.5
3869684,2022-12-17,3rd Place Final,Croatia,2,72,2,Morocco,5234,Sofyan Amrabat,67700,Badr Banoun,Complete,29.524397,22.4,23.9,23.6,53.4
3869684,2022-12-17,3rd Place Final,Croatia,2,72,3,Morocco,67700,Badr Banoun,5245,Achraf Hakimi Mouh,Complete,18.97709,25.2,54.4,33.0,71.7
3869684,2022-12-17,3rd Place Final,Croatia,2,72,6,Morocco,5245,Achraf Hakimi Mouh,6301,Youssef En-Nesyri,Incomplete,50.015697,33.0,71.7,82.9,68.3
3869684,2022-12-17,3rd Place Final,Croatia,2,72,20,Morocco,5245,Achraf Hakimi Mouh,21214,Ilias Chair,Complete,13.727709,83.6,80.0,92.2,69.3
3869684,2022-12-17,3rd Place Final,Croatia,2,72,22,Morocco,21214,Ilias Chair,5245,Achraf Hakimi Mouh,Complete,9.992497,91.6,69.3,81.9,71.7
3869684,2022-12-17,3rd Place Final,Croatia,2,72,24,Morocco,5245,Achraf Hakimi Mouh,46258,Azzedine Ounahi,Complete,36.379253,81.9,71.7,68.7,37.8
3869684,2022-12-17,3rd Place Final,Croatia,2,72,28,Morocco,46258,Azzedine Ounahi,31295,Yahia Attiyat allah,Complete,24.863829,82.3,21.5,98.8,2.9
3869684,2022-12-17,3rd Place Final,Croatia,2,72,31,Morocco,31295,Yahia Attiyat allah,,,Incomplete,6.440497,98.8,2.9,101.6,8.7
3869684,2022-12-17,3rd Place Final,Croatia,2,72,43,Morocco,6785,Yassine Bounou,67700,Badr Banoun,Complete,34.142204,22.8,23.1,41.6,51.6
3869684,2022-12-17,3rd Place Final,Croatia,2,72,46,Morocco,67700,Badr Banoun,5245,Achraf Hakimi Mouh,Complete,19.31269,45.8,52.0,55.5,68.7
3869684,2022-12-17,3rd Place Final,Croatia,2,72,49,Morocco,5245,Achraf Hakimi Mouh,131037,Anass Zaroury,Incomplete,61.469097,56.1,68.5,98.4,23.9
3869684,2022-12-17,3rd Place Final,Croatia,2,73,20,Morocco,5245,Achraf Hakimi Mouh,46258,Azzedine Ounahi,Complete,7.77946,60.5,67.7,66.1,73.1
3869684,2022-12-17,3rd Place Final,Croatia,2,73,22,Morocco,46258,Azzedine Ounahi,5237,Hakim Ziyech,Complete,19.190884,69.9,74.1,79.7,57.6
3869684,2022-12-17,3rd Place Final,Croatia,2,73,24,Morocco,5237,Hakim Ziyech,6301,Youssef En-Nesyri,Incomplete,5.885576,85.0,54.0,90.8,53.0
3869684,2022-12-17,3rd Place Final,Croatia,2,73,43,Morocco,6785,Yassine Bounou,21214,Ilias Chair,Complete,24.942533,10.1,48.6,29.4,32.8
3869684,2022-12-17,3rd Place Final,Croatia,2,73,47,Morocco,21214,Ilias Chair,5237,Hakim Ziyech,Complete,65.005615,40.6,33.0,90.8,74.3
3869684,2022-12-17,3rd Place Final,Croatia,2,73,56,Morocco,5237,Hakim Ziyech,5245,Achraf Hakimi Mouh,Complete,11.941943,104.4,65.7,105.4,53.8
3869684,2022-12-17,3rd Place Final,Croatia,2,74,13,Morocco,6785,Yassine Bounou,5234,Sofyan Amrabat,Complete,14.081193,35.8,16.9,49.6,19.7
3869684,2022-12-17,3rd Place Final,Croatia,2,74,16,Morocco,5234,Sofyan Amrabat,46258,Azzedine Ounahi,Complete,15.666844,51.2,19.1,64.9,11.5
3869684,2022-12-17,3rd Place Final,Croatia,2,74,17,Morocco,46258,Azzedine Ounahi,23774,Selim Amallah,Complete,12.4,64.9,11.5,77.3,11.5
3869684,2022-12-17,3rd Place Final,Croatia,2,74,19,Morocco,23774,Selim Amallah,21214,Ilias Chair,Complete,8.318654,77.3,11.5,75.9,19.7
3869684,2022-12-17,3rd Place Final,Croatia,2,74,21,Morocco,21214,Ilias Chair,131037,Anass Zaroury,Complete,10.941664,76.3,13.7,81.9,4.3
3869684,2022-12-17,3rd Place Final,Croatia,2,74,23,Morocco,131037,Anass Zaroury,21214,Ilias Chair,Complete,7.7103825,81.5,4.3,86.8,9.9
3869684,2022-12-17,3rd Place Final,Croatia,2,74,27,Morocco,21214,Ilias Chair,31295,Yahia Attiyat allah,Complete,12.45793,92.2,12.5,101.4,4.1
3869684,2022-12-17,3rd Place Final,Croatia,2,74,30,Morocco,31295,Yahia Attiyat allah,131037,Anass Zaroury,Complete,10.113358,101.4,4.1,92.2,8.3
3869684,2022-12-17,3rd Place Final,Croatia,2,74,32,Morocco,131037,Anass Zaroury,6301,Youssef En-Nesyri,Complete,42.577576,93.2,9.7,111.8,48.0
3869684,2022-12-17,3rd Place Final,Croatia,2,74,42,Morocco,5237,Hakim Ziyech,5245,Achraf Hakimi Mouh,Complete,8.246211,100.8,57.6,95.6,51.2
3869684,2022-12-17,3rd Place Final,Croatia,2,75,52,Morocco,131037,Anass Zaroury,31295,Yahia Attiyat allah,Complete,13.22006,42.6,35.0,32.0,27.1
3869684,2022-12-17,3rd Place Final,Croatia,2,75,53,Morocco,31295,Yahia Attiyat allah,6785,Yassine Bounou,Complete,24.989998,32.0,27.3,8.5,35.8
3869684,2022-12-17,3rd Place Final,Croatia,2,75,57,Morocco,6785,Yassine Bounou,67700,Badr Banoun,Complete,22.032703,8.5,37.6,9.7,59.6
3869684,2022-12-17,3rd Place Final,Croatia,2,76,0,Morocco,67700,Badr Banoun,6785,Yassine Bounou,Complete,40.37078,13.7,66.5,4.9,27.1
3869684,2022-12-17,3rd Place Final,Croatia,2,76,7,Morocco,6785,Yassine Bounou,5234,Sofyan Amrabat,Complete,17.65701,10.7,23.9,15.1,41.0
3869684,2022-12-17,3rd Place Final,Croatia,2,76,10,Morocco,5234,Sofyan Amrabat,67700,Badr Banoun,Complete,24.239223,16.1,41.4,25.6,63.7
3869684,2022-12-17,3rd Place Final,Croatia,2,76,13,Morocco,67700,Badr Banoun,6785,Yassine Bounou,Complete,22.138203,25.6,63.7,15.9,43.8
3869684,2022-12-17,3rd Place Final,Croatia,2,76,17,Morocco,6785,Yassine Bounou,23774,Selim Amallah,Complete,17.90782,20.3,45.2,37.8,41.4
3869684,2022-12-17,3rd Place Final,Croatia,2,76,19,Morocco,23774,Selim Amallah,6785,Yassine Bounou,Complete,14.5,34.2,37.8,19.7,37.8
3869684,2022-12-17,3rd Place Final,Croatia,2,76,25,Morocco,6785,Yassine Bounou,67700,Badr Banoun,Complete,16.708382,19.7,37.8,21.6,54.4
3869684,2022-12-17,3rd Place Final,Croatia,2,76,27,Morocco,67700,Badr Banoun,5245,Achraf Hakimi Mouh,Complete,18.51729,21.6,56.0,29.6,72.7
3869684,2022-12-17,3rd Place Final,Croatia,2,76,29,Morocco,5245,Achraf Hakimi Mouh,23774,Selim Amallah,Complete,11.537765,29.6,72.7,36.0,63.1
3869684,2022-12-17,3rd Place Final,Croatia,2,76,30,Morocco,23774,Selim Amallah,5237,Hakim Ziyech,Incomplete,12.435433,36.0,63.1,47.0,68.9
3869684,2022-12-17,3rd Place Final,Croatia,2,76,47,Morocco,5245,Achraf Hakimi Mouh,67700,Badr Banoun,Complete,14.080128,39.8,80.0,43.8,66.5
3869684,2022-12-17,3rd Place Final,Croatia,2,76,48,Morocco,67700,Badr Banoun,5245,Achraf Hakimi Mouh,Complete,13.507405,39.8,58.6,49.2,68.3
3869684,2022-12-17,3rd Place Final,Croatia,2,76,51,Morocco,5245,Achraf Hakimi Mouh,23774,Selim Amallah,Incomplete,29.53811,63.9,71.3,88.4,54.8
3869684,2022-12-17,3rd Place Final,Croatia,2,77,2,Morocco,5237,Hakim Ziyech,21214,Ilias Chair,Complete,17.518276,51.6,65.5,69.1,64.7
3869684,2022-12-17,3rd Place Final,Croatia,2,77,3,Morocco,21214,Ilias Chair,46258,Azzedine Ounahi,Complete,9.775479,69.1,64.7,64.1,73.1
3869684,2022-12-17,3rd Place Final,Croatia,2,77,5,Morocco,46258,Azzedine Ounahi,5237,Hakim Ziyech,Complete,9.121404,70.5,71.7,68.1,62.9
3869684,2022-12-17,3rd Place Final,Croatia,2,77,22,Morocco,5234,Sofyan Amrabat,,,Incomplete,3.6878178,44.0,48.0,46.8,45.6
3869684,2022-12-17,3rd Place Final,Croatia,2,77,24,Morocco,31295,Yahia Attiyat allah,6785,Yassine Bounou,Complete,23.186419,34.2,42.8,11.7,48.4
3869684,2022-12-17,3rd Place Final,Croatia,2,77,27,Morocco,6785,Yassine Bounou,67700,Badr Banoun,Complete,14.39618,11.7,48.4,23.8,56.2
3869684,2022-12-17,3rd Place Final,Croatia,2,77,30,Morocco,67700,Badr Banoun,46258,Azzedine Ounahi,Complete,19.632881,25.2,55.8,42.8,64.5
3869684,2022-12-17,3rd Place Final,Croatia,2,77,32,Morocco,46258,Azzedine Ounahi,67700,Badr Banoun,Complete,15.970284,42.0,63.9,26.8,59.0
3869684,2022-12-17,3rd Place Final,Croatia,2,77,34,Morocco,67700,Badr Banoun,5234,Sofyan Amrabat,Complete,35.715122,26.8,59.0,33.4,23.9
3869684,2022-12-17,3rd Place Final,Croatia,2,77,38,Morocco,5234,Sofyan Amrabat,31295,Yahia Attiyat allah,Complete,13.776793,43.6,19.1,46.8,5.7
3869684,2022-12-17,3rd Place Final,Croatia,2,77,41,Morocco,31295,Yahia Attiyat allah,6785,Yassine Bounou,Complete,35.26769,50.8,3.5,19.9,20.5
3869684,2022-12-17,3rd Place Final,Croatia,2,77,46,Morocco,6785,Yassine Bounou,67700,Badr Banoun,Complete,28.839209,19.9,20.5,27.2,48.4
3869684,2022-12-17,3rd Place Final,Croatia,2,77,49,Morocco,67700,Badr Banoun,46258,Azzedine Ounahi,Complete,26.01634,27.6,49.0,41.0,71.3
3869684,2022-12-17,3rd Place Final,Croatia,2,77,51,Morocco,46258,Azzedine Ounahi,5245,Achraf Hakimi Mouh,Complete,11.940268,40.6,68.3,50.2,61.2
3869684,2022-12-17,3rd Place Final,Croatia,2,77,52,Morocco,5245,Achraf Hakimi Mouh,5237,Hakim Ziyech,Complete,12.355565,50.2,61.2,52.7,73.3
3869684,2022-12-17,3rd Place Final,Croatia,2,78,41,Morocco,6785,Yassine Bounou,21214,Ilias Chair,Incomplete,31.855455,13.7,35.6,42.6,49.0
3869684,2022-12-17,3rd Place Final,Croatia,2,78,44,Morocco,23774,Selim Amallah,5245,Achraf Hakimi Mouh,Complete,10.567876,28.6,41.4,23.4,50.6
3869684,2022-12-17,3rd Place Final,Croatia,2,78,46,Morocco,5245,Achraf Hakimi Mouh,46258,Azzedine Ounahi,Complete,23.072277,23.8,51.2,38.6,68.9
3869684,2022-12-17,3rd Place Final,Croatia,2,78,58,Morocco,5245,Achraf Hakimi Mouh,23774,Selim Amallah,Complete,19.849434,35.8,80.0,31.6,60.6
3869684,2022-12-17,3rd Place Final,Croatia,2,79,5,Morocco,23774,Selim Amallah,31295,Yahia Attiyat allah,Complete,29.70606,41.0,33.2,51.2,5.3
3869684,2022-12-17,3rd Place Final,Croatia,2,79,8,Morocco,31295,Yahia Attiyat allah,131037,Anass Zaroury,Complete,19.845654,51.2,5.3,70.9,2.9
3869684,2022-12-17,3rd Place Final,Croatia,2,79,10,Morocco,131037,Anass Zaroury,5234,Sofyan Amrabat,Complete,19.235384,70.5,2.9,53.5,11.9
3869684,2022-12-17,3rd Place Final,Croatia,2,79,19,Morocco,5234,Sofyan Amrabat,23774,Selim Amallah,Complete,13.746272,71.7,23.1,73.7,9.5
3869684,2022-12-17,3rd Place Final,Croatia,2,79,21,Morocco,23774,Selim Amallah,21214,Ilias Chair,Complete,10.280078,73.7,10.1,81.9,3.9
3869684,2022-12-17,3rd Place Final,Croatia,2,79,23,Morocco,21214,Ilias Chair,131037,Anass Zaroury,Complete,5.885576,81.9,3.9,82.9,9.7
3869684,2022-12-17,3rd Place Final,Croatia,2,79,26,Morocco,131037,Anass Zaroury,23774,Selim Amallah,Complete,16.74306,83.4,9.5,66.7,8.3
3869684,2022-12-17,3rd Place Final,Croatia,2,79,30,Morocco,23774,Selim Amallah,67700,Badr Banoun,Complete,35.361702,64.7,13.7,56.1,48.0
3869684,2022-12-17,3rd Place Final,Croatia,2,79,35,Morocco,67700,Badr Banoun,5245,Achraf Hakimi Mouh,Complete,12.5781555,70.5,55.4,71.9,67.9
3869684,2022-12-17,3rd Place Final,Croatia,2,79,37,Morocco,5245,Achraf Hakimi Mouh,5237,Hakim Ziyech,Complete,11.320777,73.3,68.5,82.9,74.5
3869684,2022-12-17,3rd Place Final,Croatia,2,79,40,Morocco,5237,Hakim Ziyech,5245,Achraf Hakimi Mouh,Complete,19.504103,82.9,74.5,82.5,55.0
3869684,2022-12-17,3rd Place Final,Croatia,2,79,42,Morocco,5245,Achraf Hakimi Mouh,131037,Anass Zaroury,Incomplete,9.481033,82.9,49.0,90.4,43.2
3869684,2022-12-17,3rd Place Final,Croatia,2,79,46,Morocco,5245,Achraf Hakimi Mouh,46258,Azzedine Ounahi,Complete,15.826876,92.8,46.8,90.8,62.5
3869684,2022-12-17,3rd Place Final,Croatia,2,79,49,Morocco,46258,Azzedine Ounahi,5237,Hakim Ziyech,Complete,12.001667,90.8,62.5,101.8,67.3
3869684,2022-12-17,3rd Place Final,Croatia,2,79,57,Morocco,5237,Hakim Ziyech,,,Out,53.274384,104.6,70.7,120.0,19.7
3869684,2022-12-17,3rd Place Final,Croatia,2,80,40,Morocco,5245,Achraf Hakimi Mouh,5234,Sofyan Amrabat,Complete,12.151132,36.8,65.7,27.4,58.0
3869684,2022-12-17,3rd Place Final,Croatia,2,80,44,Morocco,5234,Sofyan Amrabat,67700,Badr Banoun,Complete,7.569016,27.4,58.0,32.6,63.5
3869684,2022-12-17,3rd Place Final,Croatia,2,81,19,Morocco,5234,Sofyan Amrabat,23774,Selim Amallah,Complete,13.605881,28.4,47.2,40.8,52.8
3869684,2022-12-17,3rd Place Final,Croatia,2,83,3,Morocco,5234,Sofyan Amrabat,6785,Yassine Bounou,Complete,16.823793,12.9,53.4,4.9,38.6
3869684,2022-12-17,3rd Place Final,Croatia,2,83,5,Morocco,6785,Yassine Bounou,67700,Badr Banoun,Complete,16.577394,4.9,37.0,21.4,38.6
3869684,2022-12-17,3rd Place Final,Croatia,2,83,11,Morocco,67700,Badr Banoun,21214,Ilias Chair,Complete,23.745316,37.4,23.9,50.2,3.9
3869684,2022-12-17,3rd Place Final,Croatia,2,83,18,Morocco,21214,Ilias Chair,46258,Azzedine Ounahi,Complete,20.267462,70.1,18.3,67.5,38.4
3869684,2022-12-17,3rd Place Final,Croatia,2,83,21,Morocco,46258,Azzedine Ounahi,5245,Achraf Hakimi Mouh,Complete,23.728674,70.5,50.6,80.1,72.3
3869684,2022-12-17,3rd Place Final,Croatia,2,83,25,Morocco,5245,Achraf Hakimi Mouh,46258,Azzedine Ounahi,Complete,8.876936,80.1,72.3,76.7,64.1
3869684,2022-12-17,3rd Place Final,Croatia,2,83,27,Morocco,46258,Azzedine Ounahi,5237,Hakim Ziyech,Complete,18.001389,76.7,64.1,82.9,47.2
3869684,2022-12-17,3rd Place Final,Croatia,2,83,31,Morocco,5237,Hakim Ziyech,,,Incomplete,4.763402,82.3,54.0,86.0,51.0
3869684,2022-12-17,3rd Place Final,Croatia,2,85,44,Morocco,46258,Azzedine Ounahi,67700,Badr Banoun,Complete,14.221462,25.8,0.1,16.1,10.5
3869684,2022-12-17,3rd Place Final,Croatia,2,85,46,Morocco,67700,Badr Banoun,46258,Azzedine Ounahi,Complete,8.586617,15.9,10.5,24.2,8.3
3869684,2022-12-17,3rd Place Final,Croatia,2,85,50,Morocco,46258,Azzedine Ounahi,5234,Sofyan Amrabat,Complete,23.100866,30.4,21.1,30.2,44.2
3869684,2022-12-17,3rd Place Final,Croatia,2,85,56,Morocco,5234,Sofyan Amrabat,31295,Yahia Attiyat allah,Complete,12.571794,48.2,14.9,53.5,3.5
3869684,2022-12-17,3rd Place Final,Croatia,2,86,0,Morocco,31295,Yahia Attiyat allah,21214,Ilias Chair,Incomplete,27.193565,64.3,2.5,88.8,14.3
3869684,2022-12-17,3rd Place Final,Croatia,2,86,48,Morocco,6785,Yassine Bounou,131037,Anass Zaroury,Complete,43.848034,6.0,44.0,38.8,73.1
3869684,2022-12-17,3rd Place Final,Croatia,2,86,52,Morocco,131037,Anass Zaroury,5245,Achraf Hakimi Mouh,Complete,10.5418215,54.5,72.7,46.8,65.5
3869684,2022-12-17,3rd Place Final,Croatia,2,86,55,Morocco,5245,Achraf Hakimi Mouh,5234,Sofyan Amrabat,Complete,39.7102,53.5,58.8,44.6,20.1
3869684,2022-12-17,3rd Place Final,Croatia,2,87,0,Morocco,5234,Sofyan Amrabat,31295,Yahia Attiyat allah,Complete,20.247469,56.1,19.1,69.7,4.1
3869684,2022-12-17,3rd Place Final,Croatia,2,87,1,Morocco,31295,Yahia Attiyat allah,5234,Sofyan Amrabat,Complete,12.612692,69.7,4.1,63.9,15.3
3869684,2022-12-17,3rd Place Final,Croatia,2,87,5,Morocco,5234,Sofyan Amrabat,131037,Anass Zaroury,Pass Offside,49.678364,63.9,15.3,100.4,49.0
3869684,2022-12-17,3rd Place Final,Croatia,2,87,51,Morocco,131037,Anass Zaroury,46258,Azzedine Ounahi,Complete,6.8410525,40.2,74.7,44.4,69.3
3869684,2022-12-17,3rd Place Final,Croatia,2,88,11,Morocco,5234,Sofyan Amrabat,67700,Badr Banoun,Complete,24.42335,56.7,62.7,44.4,41.6
3869684,2022-12-17,3rd Place Final,Croatia,2,88,14,Morocco,67700,Badr Banoun,23774,Selim Amallah,Complete,22.505554,48.2,39.4,62.1,21.7
3869684,2022-12-17,3rd Place Final,Croatia,2,88,18,Morocco,23774,Selim Amallah,31295,Yahia Attiyat allah,Complete,9.459387,70.7,12.5,68.5,3.3
3869684,2022-12-17,3rd Place Final,Croatia,2,88,21,Morocco,31295,Yahia Attiyat allah,67700,Badr Banoun,Complete,18.553976,67.9,5.7,50.8,12.9
3869684,2022-12-17,3rd Place Final,Croatia,2,88,23,Morocco,67700,Badr Banoun,23774,Selim Amallah,Complete,27.041636,50.8,12.9,76.3,3.9
3869684,2022-12-17,3rd Place Final,Croatia,2,88,58,Morocco,5237,Hakim Ziyech,,,Incomplete,30.07607,76.3,9.9,98.4,30.3
3869684,2022-12-17,3rd Place Final,Croatia,2,89,3,Morocco,5237,Hakim Ziyech,5234,Sofyan Amrabat,Complete,22.252415,64.9,20.3,67.5,42.4
3869684,2022-12-17,3rd Place Final,Croatia,2,89,6,Morocco,5234,Sofyan Amrabat,46258,Azzedine Ounahi,Complete,26.153585,67.5,47.4,75.5,72.3
3869684,2022-12-17,3rd Place Final,Croatia,2,89,9,Morocco,46258,Azzedine Ounahi,5245,Achraf Hakimi Mouh,Complete,11.410959,77.7,70.5,85.2,61.9
3869684,2022-12-17,3rd Place Final,Croatia,2,89,42,Morocco,5234,Sofyan Amrabat,5245,Achraf Hakimi Mouh,Complete,38.069542,79.1,56.8,114.3,71.3
3869684,2022-12-17,3rd Place Final,Croatia,2,89,47,Morocco,5245,Achraf Hakimi Mouh,6301,Youssef En-Nesyri,Complete,34.490723,113.4,70.9,110.9,36.5
3869684,2022-12-17,3rd Place Final,Croatia,2,89,57,Morocco,23774,Selim Amallah,46258,Azzedine Ounahi,Complete,23.37349,100.4,4.7,91.0,26.1
3869684,2022-12-17,3rd Place Final,Croatia,2,90,2,Morocco,46258,Azzedine Ounahi,5237,Hakim Ziyech,Complete,9.035485,94.2,51.0,86.2,46.8
3869684,2022-12-17,3rd Place Final,Croatia,2,90,58,Morocco,23774,Selim Amallah,46258,Azzedine Ounahi,Incomplete,16.464811,39.6,74.7,47.4,60.2
3869684,2022-12-17,3rd Place Final,Croatia,2,91,9,Morocco,31295,Yahia Attiyat allah,67700,Badr Banoun,Incomplete,4.148494,20.9,17.3,22.0,21.3
3869684,2022-12-17,3rd Place Final,Croatia,2,91,19,Morocco,31295,Yahia Attiyat allah,46258,Azzedine Ounahi,Complete,12.969194,29.2,0.1,33.0,12.5
3869684,2022-12-17,3rd Place Final,Croatia,2,91,24,Morocco,46258,Azzedine Ounahi,5234,Sofyan Amrabat,Complete,36.954163,38.8,16.9,36.8,53.8
3869684,2022-12-17,3rd Place Final,Croatia,2,91,29,Morocco,5234,Sofyan Amrabat,6301,Youssef En-Nesyri,Pass Offside,45.790173,53.5,63.5,92.8,40.0
3869684,2022-12-17,3rd Place Final,Croatia,2,92,10,Morocco,5245,Achraf Hakimi Mouh,6785,Yassine Bounou,Complete,20.211136,9.7,63.5,3.7,44.2
3869684,2022-12-17,3rd Place Final,Croatia,2,92,12,Morocco,6785,Yassine Bounou,31295,Yahia Attiyat allah,Complete,41.66461,5.5,37.6,33.0,6.3
3869684,2022-12-17,3rd Place Final,Croatia,2,92,21,Morocco,31295,Yahia Attiyat allah,67700,Badr Banoun,Complete,11.537765,41.8,3.1,32.2,9.5
3869684,2022-12-17,3rd Place Final,Croatia,2,92,26,Morocco,67700,Badr Banoun,5234,Sofyan Amrabat,Complete,26.918581,40.2,17.3,39.2,44.2
3869684,2022-12-17,3rd Place Final,Croatia,2,92,33,Morocco,5234,Sofyan Amrabat,31295,Yahia Attiyat allah,Complete,30.924585,73.3,22.1,99.0,4.9
3869684,2022-12-17,3rd Place Final,Croatia,2,92,37,Morocco,31295,Yahia Attiyat allah,23774,Selim Amallah,Complete,15.247294,100.4,6.3,85.2,5.1
3869684,2022-12-17,3rd Place Final,Croatia,2,92,40,Morocco,23774,Selim Amallah,21214,Ilias Chair,Incomplete,19.534584,85.2,5.1,98.4,19.5
3869684,2022-12-17,3rd Place Final,Croatia,2,92,45,Morocco,23774,Selim Amallah,,,Incomplete,34.69654,91.8,6.7,111.0,35.6
3869684,2022-12-17,3rd Place Final,Croatia,2,93,6,Morocco,67700,Badr Banoun,5234,Sofyan Amrabat,Complete,28.553984,61.9,41.8,65.7,13.5
3869684,2022-12-17,3rd Place Final,Croatia,2,93,11,Morocco,5234,Sofyan Amrabat,31295,Yahia Attiyat allah,Complete,12.856127,77.1,13.5,78.3,26.3
3869684,2022-12-17,3rd Place Final,Croatia,2,93,13,Morocco,31295,Yahia Attiyat allah,46258,Azzedine Ounahi,Complete,26.249762,78.3,27.9,81.1,54.0
3869684,2022-12-17,3rd Place Final,Croatia,2,93,18,Morocco,46258,Azzedine Ounahi,5237,Hakim Ziyech,Complete,11.977479,80.7,61.2,85.2,72.3
3869684,2022-12-17,3rd Place Final,Croatia,2,93,23,Morocco,5237,Hakim Ziyech,,,Incomplete,23.681215,88.4,59.6,107.2,45.2
3869684,2022-12-17,3rd Place Final,Croatia,2,93,28,Morocco,23774,Selim Amallah,31295,Yahia Attiyat allah,Complete,12.739309,91.8,33.8,79.1,32.8
3869684,2022-12-17,3rd Place Final,Croatia,2,93,30,Morocco,31295,Yahia Attiyat allah,131037,Anass Zaroury,Complete,29.369541,79.1,30.3,99.0,8.7
3869684,2022-12-17,3rd Place Final,Croatia,2,93,34,Morocco,131037,Anass Zaroury,,,Incomplete,29.036873,109.4,8.7,115.9,37.0
3869684,2022-12-17,3rd Place Final,Croatia,2,94,9,Morocco,31295,Yahia Attiyat allah,23774,Selim Amallah,Complete,23.501701,28.6,31.8,51.4,26.1
3869684,2022-12-17,3rd Place Final,Croatia,2,94,10,Morocco,23774,Selim Amallah,31295,Yahia Attiyat allah,Complete,14.6,50.4,25.1,35.8,25.1
3869684,2022-12-17,3rd Place Final,Croatia,2,94,11,Morocco,31295,Yahia Attiyat allah,5234,Sofyan Amrabat,Complete,21.208488,35.8,25.1,43.4,5.3
3869684,2022-12-17,3rd Place Final,Croatia,2,94,15,Morocco,5234,Sofyan Amrabat,5245,Achraf Hakimi Mouh,Out,99.28907,44.6,10.7,120.0,75.3
3869684,2022-12-17,3rd Place Final,Croatia,2,95,10,Morocco,5234,Sofyan Amrabat,46258,Azzedine Ounahi,Complete,19.420094,50.2,51.0,61.9,66.5
3869684,2022-12-17,3rd Place Final,Croatia,2,95,12,Morocco,46258,Azzedine Ounahi,5237,Hakim Ziyech,Complete,18.809572,62.7,66.7,81.3,63.9
3869684,2022-12-17,3rd Place Final,Croatia,2,95,19,Morocco,5234,Sofyan Amrabat,5237,Hakim Ziyech,Complete,9.503683,61.9,73.5,63.3,64.1
3869684,2022-12-17,3rd Place Final,Croatia,2,95,21,Morocco,5237,Hakim Ziyech,31295,Yahia Attiyat allah,Complete,62.426357,63.3,64.1,89.2,7.3
3869684,2022-12-17,3rd Place Final,Croatia,2,95,29,Morocco,31295,Yahia Attiyat allah,6301,Youssef En-Nesyri,Complete,37.649036,105.2,6.7,113.6,43.4
3869486,2022-12-10,Quarter-finals,Portugal,1,0,29,Morocco,6785,Yassine Bounou,5245,Achraf Hakimi Mouh,Complete,19.734488,9.3,45.5,22.9,59.8
3869486,2022-12-10,Quarter-finals,Portugal,1,0,34,Morocco,5245,Achraf Hakimi Mouh,,,Out,46.566296,22.2,59.6,64.3,79.5
3869486,2022-12-10,Quarter-finals,Portugal,1,1,17,Morocco,6785,Yassine Bounou,7459,Jawad El Yamiq,Complete,11.130589,6.0,44.0,7.7,55.0
3869486,2022-12-10,Quarter-finals,Portugal,1,1,20,Morocco,7459,Jawad El Yamiq,6785,Yassine Bounou,Complete,10.159232,8.3,56.4,4.7,46.9
3869486,2022-12-10,Quarter-finals,Portugal,1,1,23,Morocco,6785,Yassine Bounou,7459,Jawad El Yamiq,Complete,26.108236,4.3,45.5,8.3,71.3
3869486,2022-12-10,Quarter-finals,Portugal,1,1,27,Morocco,7459,Jawad El Yamiq,6301,Youssef En-Nesyri,Incomplete,46.653187,10.7,72.4,54.3,55.8
3869486,2022-12-10,Quarter-finals,Portugal,1,1,34,Morocco,5234,Sofyan Amrabat,5237,Hakim Ziyech,Complete,6.166036,44.7,60.2,50.8,61.1
3869486,2022-12-10,Quarter-finals,Portugal,1,1,37,Morocco,5234,Sofyan Amrabat,46258,Azzedine Ounahi,Incomplete,15.435025,48.3,58.2,40.3,71.4
3869486,2022-12-10,Quarter-finals,Portugal,1,1,44,Morocco,5234,Sofyan Amrabat,5237,Hakim Ziyech,Complete,10.771258,25.9,66.5,33.0,74.6
3869486,2022-12-10,Quarter-finals,Portugal,1,1,45,Morocco,5237,Hakim Ziyech,6301,Youssef En-Nesyri,Incomplete,33.16052,33.0,74.6,57.9,52.7
3869486,2022-12-10,Quarter-finals,Portugal,1,5,5,Morocco,31295,Yahia Attiyat allah,3625,Sofiane Boufal,Incomplete,25.005,44.1,0.1,68.6,5.1
3869486,2022-12-10,Quarter-finals,Portugal,1,5,10,Morocco,31295,Yahia Attiyat allah,6301,Youssef En-Nesyri,Complete,10.6775465,55.2,11.7,65.1,15.7
3869486,2022-12-10,Quarter-finals,Portugal,1,5,11,Morocco,6301,Youssef En-Nesyri,23774,Selim Amallah,Complete,6.3600316,64.9,15.9,63.1,22.0
3869486,2022-12-10,Quarter-finals,Portugal,1,5,12,Morocco,23774,Selim Amallah,31295,Yahia Attiyat allah,Complete,30.618458,63.6,22.4,93.1,14.2
3869486,2022-12-10,Quarter-finals,Portugal,1,5,17,Morocco,31295,Yahia Attiyat allah,,,Incomplete,3.255764,115.7,22.0,116.3,25.2
3869486,2022-12-10,Quarter-finals,Portugal,1,5,54,Morocco,5237,Hakim Ziyech,6301,Youssef En-Nesyri,Complete,39.97224,120.0,0.1,112.7,39.4
3869486,2022-12-10,Quarter-finals,Portugal,1,6,44,Morocco,31295,Yahia Attiyat allah,6301,Youssef En-Nesyri,Incomplete,23.334524,32.8,0.1,55.9,3.4
3869486,2022-12-10,Quarter-finals,Portugal,1,9,27,Morocco,5219,Romain Saïss,6785,Yassine Bounou,Complete,4.002499,6.0,36.0,6.9,39.9
3869486,2022-12-10,Quarter-finals,Portugal,1,9,34,Morocco,6785,Yassine Bounou,,,Incomplete,54.56189,8.3,41.2,56.9,66.0
3869486,2022-12-10,Quarter-finals,Portugal,1,9,46,Morocco,46258,Azzedine Ounahi,5245,Achraf Hakimi Mouh,Complete,8.770975,39.2,67.1,31.5,71.3
3869486,2022-12-10,Quarter-finals,Portugal,1,9,48,Morocco,5245,Achraf Hakimi Mouh,46258,Azzedine Ounahi,Complete,5.9135437,31.5,71.3,33.4,76.9
3869486,2022-12-10,Quarter-finals,Portugal,1,9,49,Morocco,46258,Azzedine Ounahi,5245,Achraf Hakimi Mouh,Complete,8.7,33.4,76.9,27.1,70.9
3869486,2022-12-10,Quarter-finals,Portugal,1,9,51,Morocco,5245,Achraf Hakimi Mouh,7459,Jawad El Yamiq,Complete,17.698023,22.6,68.9,9.5,57.0
3869486,2022-12-10,Quarter-finals,Portugal,1,9,53,Morocco,7459,Jawad El Yamiq,46258,Azzedine Ounahi,Complete,15.50387,8.0,62.7,16.6,75.6
3869486,2022-12-10,Quarter-finals,Portugal,1,9,55,Morocco,46258,Azzedine Ounahi,5245,Achraf Hakimi Mouh,Complete,6.675328,16.8,75.0,17.8,68.4
3869486,2022-12-10,Quarter-finals,Portugal,1,9,55,Morocco,5245,Achraf Hakimi Mouh,46258,Azzedine Ounahi,Complete,7.0263786,18.0,68.9,20.9,75.3
3869486,2022-12-10,Quarter-finals,Portugal,1,9,56,Morocco,46258,Azzedine Ounahi,5237,Hakim Ziyech,Complete,5.3712196,20.9,75.1,23.1,70.2
3869486,2022-12-10,Quarter-finals,Portugal,1,9,58,Morocco,5237,Hakim Ziyech,5234,Sofyan Amrabat,Complete,16.507574,22.2,69.5,27.3,53.8
3869486,2022-12-10,Quarter-finals,Portugal,1,9,59,Morocco,5234,Sofyan Amrabat,5219,Romain Saïss,Complete,24.554022,26.4,53.2,21.7,29.1
3869486,2022-12-10,Quarter-finals,Portugal,1,10,1,Morocco,5219,Romain Saïss,31295,Yahia Attiyat allah,Complete,27.80018,21.7,29.1,40.8,8.9
3869486,2022-12-10,Quarter-finals,Portugal,1,10,4,Morocco,31295,Yahia Attiyat allah,3625,Sofiane Boufal,Complete,19.870832,49.4,6.9,68.8,2.6
3869486,2022-12-10,Quarter-finals,Portugal,1,10,10,Morocco,3625,Sofiane Boufal,23774,Selim Amallah,Complete,11.6400175,91.7,16.2,101.0,23.2
3869486,2022-12-10,Quarter-finals,Portugal,1,13,17,Morocco,5219,Romain Saïss,31295,Yahia Attiyat allah,Complete,33.14453,6.0,36.0,16.0,4.4
3869486,2022-12-10,Quarter-finals,Portugal,1,13,21,Morocco,31295,Yahia Attiyat allah,3625,Sofiane Boufal,Complete,25.007198,16.0,4.4,41.0,3.8
3869486,2022-12-10,Quarter-finals,Portugal,1,13,22,Morocco,3625,Sofiane Boufal,23774,Selim Amallah,Complete,10.756393,41.1,4.4,51.4,7.5
3869486,2022-12-10,Quarter-finals,Portugal,1,14,27,Morocco,5245,Achraf Hakimi Mouh,5237,Hakim Ziyech,Complete,17.464249,7.1,80.0,24.1,76.0
3869486,2022-12-10,Quarter-finals,Portugal,1,14,28,Morocco,5237,Hakim Ziyech,5245,Achraf Hakimi Mouh,Complete,13.601471,23.1,75.3,9.5,75.1
3869486,2022-12-10,Quarter-finals,Portugal,1,14,29,Morocco,5245,Achraf Hakimi Mouh,6301,Youssef En-Nesyri,Incomplete,67.8278,9.5,75.1,67.6,40.1
3869486,2022-12-10,Quarter-finals,Portugal,1,14,56,Morocco,5245,Achraf Hakimi Mouh,5237,Hakim Ziyech,Incomplete,17.095028,41.3,69.1,58.3,70.9
3869486,2022-12-10,Quarter-finals,Portugal,1,15,40,Morocco,31295,Yahia Attiyat allah,6301,Youssef En-Nesyri,Complete,14.533066,27.5,0.1,41.5,4.0
3869486,2022-12-10,Quarter-finals,Portugal,1,15,42,Morocco,6301,Youssef En-Nesyri,3625,Sofiane Boufal,Complete,9.390421,41.5,4.0,50.8,5.3
3869486,2022-12-10,Quarter-finals,Portugal,1,16,27,Morocco,6785,Yassine Bounou,5245,Achraf Hakimi Mouh,Complete,49.893486,11.1,35.2,40.1,75.8
3869486,2022-12-10,Quarter-finals,Portugal,1,16,31,Morocco,5245,Achraf Hakimi Mouh,7459,Jawad El Yamiq,Complete,24.865236,40.1,75.8,20.9,60.0
3869486,2022-12-10,Quarter-finals,Portugal,1,16,34,Morocco,7459,Jawad El Yamiq,5234,Sofyan Amrabat,Complete,14.771933,20.9,60.0,25.9,46.1
3869486,2022-12-10,Quarter-finals,Portugal,1,16,39,Morocco,5234,Sofyan Amrabat,31295,Yahia Attiyat allah,Complete,24.0,45.2,28.9,45.2,4.9
3869486,2022-12-10,Quarter-finals,Portugal,1,16,42,Morocco,31295,Yahia Attiyat allah,5234,Sofyan Amrabat,Complete,15.250246,45.2,4.4,52.1,18.0
3869486,2022-12-10,Quarter-finals,Portugal,1,16,55,Morocco,46258,Azzedine Ounahi,5245,Achraf Hakimi Mouh,Complete,20.42474,48.8,74.8,65.4,62.9
3869486,2022-12-10,Quarter-finals,Portugal,1,17,5,Morocco,7459,Jawad El Yamiq,,,Incomplete,21.52301,69.0,54.2,86.0,41.0
3869486,2022-12-10,Quarter-finals,Portugal,1,17,17,Morocco,6785,Yassine Bounou,7459,Jawad El Yamiq,Complete,17.220047,6.0,44.0,10.2,60.7
3869486,2022-12-10,Quarter-finals,Portugal,1,17,20,Morocco,7459,Jawad El Yamiq,6785,Yassine Bounou,Complete,8.471718,10.0,60.7,8.9,52.3
3869486,2022-12-10,Quarter-finals,Portugal,1,17,22,Morocco,6785,Yassine Bounou,5219,Romain Saïss,Complete,30.365934,7.1,50.1,9.1,19.8
3869486,2022-12-10,Quarter-finals,Portugal,1,17,25,Morocco,5219,Romain Saïss,31295,Yahia Attiyat allah,Complete,15.376931,9.1,19.8,15.0,5.6
3869486,2022-12-10,Quarter-finals,Portugal,1,17,28,Morocco,31295,Yahia Attiyat allah,3625,Sofiane Boufal,Incomplete,19.412624,15.0,5.6,34.4,4.9
3869486,2022-12-10,Quarter-finals,Portugal,1,17,35,Morocco,5219,Romain Saïss,46258,Azzedine Ounahi,Complete,7.0213957,20.0,32.8,26.9,34.1
3869486,2022-12-10,Quarter-finals,Portugal,1,17,37,Morocco,46258,Azzedine Ounahi,5245,Achraf Hakimi Mouh,Complete,18.607794,30.8,36.3,32.8,54.8
3869486,2022-12-10,Quarter-finals,Portugal,1,17,39,Morocco,5245,Achraf Hakimi Mouh,46258,Azzedine Ounahi,Complete,18.601076,32.8,54.8,51.4,55.0
3869486,2022-12-10,Quarter-finals,Portugal,1,17,44,Morocco,46258,Azzedine Ounahi,5237,Hakim Ziyech,Complete,24.021656,74.2,55.4,87.2,75.6
3869486,2022-12-10,Quarter-finals,Portugal,1,19,8,Morocco,5219,Romain Saïss,3625,Sofiane Boufal,Incomplete,10.332473,11.0,15.1,18.0,7.5
3869486,2022-12-10,Quarter-finals,Portugal,1,19,11,Morocco,3625,Sofiane Boufal,31295,Yahia Attiyat allah,Complete,9.025519,9.3,4.0,7.8,12.9
3869486,2022-12-10,Quarter-finals,Portugal,1,19,15,Morocco,31295,Yahia Attiyat allah,3625,Sofiane Boufal,Complete,8.338465,3.1,9.1,6.3,1.4
3869486,2022-12-10,Quarter-finals,Portugal,1,19,52,Morocco,31295,Yahia Attiyat allah,5237,Hakim Ziyech,Incomplete,68.31178,24.7,7.1,85.0,39.2
3869486,2022-12-10,Quarter-finals,Portugal,1,19,59,Morocco,7459,Jawad El Yamiq,46258,Azzedine Ounahi,Complete,7.569016,44.5,47.7,51.8,45.7
3869486,2022-12-10,Quarter-finals,Portugal,1,20,4,Morocco,23774,Selim Amallah,5245,Achraf Hakimi Mouh,Complete,15.261062,49.0,47.3,39.7,59.4
3869486,2022-12-10,Quarter-finals,Portugal,1,20,8,Morocco,5245,Achraf Hakimi Mouh,5219,Romain Saïss,Complete,34.375862,36.4,55.8,24.1,23.7
3869486,2022-12-10,Quarter-finals,Portugal,1,20,12,Morocco,5219,Romain Saïss,3625,Sofiane Boufal,Complete,22.451057,27.7,22.6,50.0,20.0
3869486,2022-12-10,Quarter-finals,Portugal,1,20,14,Morocco,3625,Sofiane Boufal,5219,Romain Saïss,Complete,15.5794735,49.8,20.0,36.2,12.4
3869486,2022-12-10,Quarter-finals,Portugal,1,20,18,Morocco,5219,Romain Saïss,23774,Selim Amallah,Complete,36.96282,39.3,10.2,76.0,14.6
3869486,2022-12-10,Quarter-finals,Portugal,1,20,22,Morocco,23774,Selim Amallah,3625,Sofiane Boufal,Complete,6.484597,74.5,16.2,68.4,18.4
3869486,2022-12-10,Quarter-finals,Portugal,1,20,26,Morocco,3625,Sofiane Boufal,46258,Azzedine Ounahi,Complete,51.81679,74.7,25.9,92.4,74.6
3869486,2022-12-10,Quarter-finals,Portugal,1,20,33,Morocco,46258,Azzedine Ounahi,5245,Achraf Hakimi Mouh,Complete,10.068764,95.5,62.9,92.8,53.2
3869486,2022-12-10,Quarter-finals,Portugal,1,20,34,Morocco,5245,Achraf Hakimi Mouh,5237,Hakim Ziyech,Complete,21.741205,92.8,53.2,103.0,72.4
3869486,2022-12-10,Quarter-finals,Portugal,1,20,38,Morocco,5237,Hakim Ziyech,,,Incomplete,37.54211,101.0,72.8,113.5,37.4
3869486,2022-12-10,Quarter-finals,Portugal,1,20,48,Morocco,5234,Sofyan Amrabat,5237,Hakim Ziyech,Complete,17.70452,97.3,53.2,107.6,67.6
3869486,2022-12-10,Quarter-finals,Portugal,1,20,51,Morocco,5237,Hakim Ziyech,,,Incomplete,4.9030604,117.6,67.0,116.6,62.2
3869486,2022-12-10,Quarter-finals,Portugal,1,21,22,Morocco,5237,Hakim Ziyech,,,Incomplete,31.27459,120.0,80.0,116.7,48.9
3869486,2022-12-10,Quarter-finals,Portugal,1,21,42,Morocco,5237,Hakim Ziyech,5245,Achraf Hakimi Mouh,Complete,10.928861,120.0,80.0,111.0,73.8
3869486,2022-12-10,Quarter-finals,Portugal,1,21,45,Morocco,5245,Achraf Hakimi Mouh,5237,Hakim Ziyech,Complete,6.844706,111.3,73.6,104.6,72.2
3869486,2022-12-10,Quarter-finals,Portugal,1,21,46,Morocco,5237,Hakim Ziyech,3625,Sofiane Boufal,Complete,14.194717,104.6,72.2,110.3,59.2
3869486,2022-12-10,Quarter-finals,Portugal,1,23,55,Morocco,6785,Yassine Bounou,6301,Youssef En-Nesyri,Complete,64.00453,13.6,39.1,74.3,59.4
3869486,2022-12-10,Quarter-finals,Portugal,1,24,4,Morocco,7459,Jawad El Yamiq,5245,Achraf Hakimi Mouh,Complete,12.520782,30.0,68.4,40.1,75.8
3869486,2022-12-10,Quarter-finals,Portugal,1,24,15,Morocco,5245,Achraf Hakimi Mouh,23774,Selim Amallah,Complete,15.352199,50.4,80.0,56.7,66.0
3869486,2022-12-10,Quarter-finals,Portugal,1,24,16,Morocco,23774,Selim Amallah,5245,Achraf Hakimi Mouh,Complete,11.482595,56.7,66.0,50.4,75.6
3869486,2022-12-10,Quarter-finals,Portugal,1,24,18,Morocco,5245,Achraf Hakimi Mouh,23774,Selim Amallah,Complete,12.514392,50.4,75.6,51.0,63.1
3869486,2022-12-10,Quarter-finals,Portugal,1,24,19,Morocco,23774,Selim Amallah,7459,Jawad El Yamiq,Complete,16.459648,51.0,63.5,34.6,64.9
3869486,2022-12-10,Quarter-finals,Portugal,1,24,23,Morocco,7459,Jawad El Yamiq,5245,Achraf Hakimi Mouh,Complete,12.054045,34.6,64.9,39.3,76.0
3869486,2022-12-10,Quarter-finals,Portugal,1,24,24,Morocco,5245,Achraf Hakimi Mouh,6785,Yassine Bounou,Complete,34.571953,39.3,76.0,16.4,50.1
3869486,2022-12-10,Quarter-finals,Portugal,1,24,28,Morocco,6785,Yassine Bounou,31295,Yahia Attiyat allah,Complete,50.210854,15.8,45.4,44.5,4.2
3869486,2022-12-10,Quarter-finals,Portugal,1,24,32,Morocco,31295,Yahia Attiyat allah,3625,Sofiane Boufal,Complete,9.419129,54.0,4.8,63.4,4.2
3869486,2022-12-10,Quarter-finals,Portugal,1,24,32,Morocco,3625,Sofiane Boufal,23774,Selim Amallah,Complete,14.702721,63.4,4.2,51.0,12.1
3869486,2022-12-10,Quarter-finals,Portugal,1,24,36,Morocco,23774,Selim Amallah,5219,Romain Saïss,Complete,20.96521,51.0,12.1,31.5,19.8
3869486,2022-12-10,Quarter-finals,Portugal,1,24,38,Morocco,5219,Romain Saïss,7459,Jawad El Yamiq,Complete,41.456604,31.7,21.4,41.0,61.8
3869486,2022-12-10,Quarter-finals,Portugal,1,24,42,Morocco,7459,Jawad El Yamiq,5237,Hakim Ziyech,Complete,22.388613,48.1,67.6,68.6,76.6
3869486,2022-12-10,Quarter-finals,Portugal,1,24,45,Morocco,5237,Hakim Ziyech,6301,Youssef En-Nesyri,Incomplete,6.26099,68.4,76.6,74.0,73.8
3869486,2022-12-10,Quarter-finals,Portugal,1,25,20,Morocco,5237,Hakim Ziyech,6301,Youssef En-Nesyri,Complete,27.951744,81.2,52.5,106.1,39.8
3869486,2022-12-10,Quarter-finals,Portugal,1,25,50,Morocco,5234,Sofyan Amrabat,46258,Azzedine Ounahi,Incomplete,15.007332,52.7,62.2,63.8,52.1
3869486,2022-12-10,Quarter-finals,Portugal,1,25,57,Morocco,6785,Yassine Bounou,5219,Romain Saïss,Complete,16.457521,25.5,42.5,28.4,26.3
3869486,2022-12-10,Quarter-finals,Portugal,1,25,59,Morocco,5219,Romain Saïss,31295,Yahia Attiyat allah,Complete,22.810743,28.4,26.3,33.2,4.0
3869486,2022-12-10,Quarter-finals,Portugal,1,26,2,Morocco,31295,Yahia Attiyat allah,6785,Yassine Bounou,Complete,34.931076,33.2,4.0,8.5,28.7
3869486,2022-12-10,Quarter-finals,Portugal,1,26,10,Morocco,6785,Yassine Bounou,7459,Jawad El Yamiq,Complete,26.911894,8.3,38.4,9.1,65.3
3869486,2022-12-10,Quarter-finals,Portugal,1,26,13,Morocco,7459,Jawad El Yamiq,5237,Hakim Ziyech,Out,41.024994,6.7,67.8,45.9,79.9
3869486,2022-12-10,Quarter-finals,Portugal,1,29,18,Morocco,6785,Yassine Bounou,6301,Youssef En-Nesyri,Complete,66.287254,6.0,44.0,68.6,65.8
3869486,2022-12-10,Quarter-finals,Portugal,1,29,22,Morocco,6301,Youssef En-Nesyri,23774,Selim Amallah,Incomplete,18.46781,68.6,65.8,74.5,48.3
3869486,2022-12-10,Quarter-finals,Portugal,1,29,51,Morocco,31295,Yahia Attiyat allah,6301,Youssef En-Nesyri,Complete,17.647945,44.1,0.1,57.4,11.7
3869486,2022-12-10,Quarter-finals,Portugal,1,29,54,Morocco,6301,Youssef En-Nesyri,46258,Azzedine Ounahi,Incomplete,28.883905,50.4,13.7,52.6,42.5
3869486,2022-12-10,Quarter-finals,Portugal,1,32,21,Morocco,5219,Romain Saïss,6785,Yassine Bounou,Complete,7.2,6.0,44.0,6.0,36.8
3869486,2022-12-10,Quarter-finals,Portugal,1,32,29,Morocco,6785,Yassine Bounou,6301,Youssef En-Nesyri,Complete,66.62019,6.0,35.9,61.6,72.6
3869486,2022-12-10,Quarter-finals,Portugal,1,32,32,Morocco,6301,Youssef En-Nesyri,5237,Hakim Ziyech,Incomplete,30.289932,61.6,72.6,87.8,57.4
3869486,2022-12-10,Quarter-finals,Portugal,1,33,13,Morocco,7459,Jawad El Yamiq,3625,Sofiane Boufal,Incomplete,66.326614,24.3,54.4,71.2,7.5
3869486,2022-12-10,Quarter-finals,Portugal,1,33,20,Morocco,5219,Romain Saïss,6301,Youssef En-Nesyri,Incomplete,46.27321,46.8,32.1,92.9,28.1
3869486,2022-12-10,Quarter-finals,Portugal,1,33,38,Morocco,7459,Jawad El Yamiq,5245,Achraf Hakimi Mouh,Complete,10.02846,5.7,76.2,15.6,74.6
3869486,2022-12-10,Quarter-finals,Portugal,1,33,42,Morocco,5245,Achraf Hakimi Mouh,6785,Yassine Bounou,Complete,27.915766,14.6,74.8,9.8,47.3
3869486,2022-12-10,Quarter-finals,Portugal,1,33,44,Morocco,6785,Yassine Bounou,5237,Hakim Ziyech,Complete,54.972813,8.9,47.3,56.5,74.8
3869486,2022-12-10,Quarter-finals,Portugal,1,33,46,Morocco,5237,Hakim Ziyech,46258,Azzedine Ounahi,Complete,10.632027,56.5,74.6,46.3,71.6
3869486,2022-12-10,Quarter-finals,Portugal,1,33,53,Morocco,46258,Azzedine Ounahi,3625,Sofiane Boufal,Complete,61.18987,81.3,69.3,91.1,8.9
3869486,2022-12-10,Quarter-finals,Portugal,1,33,59,Morocco,3625,Sofiane Boufal,31295,Yahia Attiyat allah,Complete,16.03122,98.8,25.7,111.0,15.3
3869486,2022-12-10,Quarter-finals,Portugal,1,34,1,Morocco,31295,Yahia Attiyat allah,23774,Selim Amallah,Complete,16.137224,110.8,15.3,108.7,31.3
3869486,2022-12-10,Quarter-finals,Portugal,1,34,46,Morocco,5234,Sofyan Amrabat,3625,Sofiane Boufal,Complete,37.401203,54.0,50.5,69.8,16.6
3869486,2022-12-10,Quarter-finals,Portugal,1,35,45,Morocco,5245,Achraf Hakimi Mouh,5237,Hakim Ziyech,Complete,14.328294,13.4,64.1,24.3,73.4
3869486,2022-12-10,Quarter-finals,Portugal,1,35,47,Morocco,5237,Hakim Ziyech,46258,Azzedine Ounahi,Complete,6.5734315,26.4,74.2,30.0,68.7
3869486,2022-12-10,Quarter-finals,Portugal,1,35,48,Morocco,46258,Azzedine Ounahi,5245,Achraf Hakimi Mouh,Complete,6.226556,29.7,69.3,24.3,72.4
3869486,2022-12-10,Quarter-finals,Portugal,1,35,49,Morocco,5245,Achraf Hakimi Mouh,5237,Hakim Ziyech,Complete,9.2309265,23.7,72.4,32.2,76.0
3869486,2022-12-10,Quarter-finals,Portugal,1,35,50,Morocco,5237,Hakim Ziyech,46258,Azzedine Ounahi,Complete,10.111875,32.2,76.2,41.1,71.4
3869486,2022-12-10,Quarter-finals,Portugal,1,36,29,Morocco,5245,Achraf Hakimi Mouh,46258,Azzedine Ounahi,Complete,21.658485,51.6,55.0,46.3,76.0
3869486,2022-12-10,Quarter-finals,Portugal,1,36,31,Morocco,46258,Azzedine Ounahi,5245,Achraf Hakimi Mouh,Complete,12.238464,46.3,75.3,51.0,64.0
3869486,2022-12-10,Quarter-finals,Portugal,1,36,32,Morocco,5245,Achraf Hakimi Mouh,46258,Azzedine Ounahi,Complete,14.115594,51.0,64.0,43.9,76.2
3869486,2022-12-10,Quarter-finals,Portugal,1,36,41,Morocco,46258,Azzedine Ounahi,5245,Achraf Hakimi Mouh,Complete,15.541557,45.0,63.7,54.5,76.0
3869486,2022-12-10,Quarter-finals,Portugal,1,36,43,Morocco,5245,Achraf Hakimi Mouh,5237,Hakim Ziyech,Complete,8.988882,54.5,76.0,62.9,72.8
3869486,2022-12-10,Quarter-finals,Portugal,1,36,46,Morocco,5237,Hakim Ziyech,7459,Jawad El Yamiq,Complete,20.36664,51.6,75.3,32.2,69.1
3869486,2022-12-10,Quarter-finals,Portugal,1,36,50,Morocco,7459,Jawad El Yamiq,5237,Hakim Ziyech,Complete,13.309395,32.2,69.1,43.7,75.8
3869486,2022-12-10,Quarter-finals,Portugal,1,36,51,Morocco,5237,Hakim Ziyech,5234,Sofyan Amrabat,Complete,10.002,43.7,76.0,43.9,66.0
3869486,2022-12-10,Quarter-finals,Portugal,1,36,52,Morocco,5234,Sofyan Amrabat,5237,Hakim Ziyech,Complete,11.77837,43.9,66.0,39.2,76.8
3869486,2022-12-10,Quarter-finals,Portugal,1,36,54,Morocco,5237,Hakim Ziyech,6785,Yassine Bounou,Complete,36.503426,33.0,75.6,10.7,46.7
3869486,2022-12-10,Quarter-finals,Portugal,1,36,59,Morocco,6785,Yassine Bounou,5219,Romain Saïss,Complete,20.750904,12.4,44.1,16.2,23.7
3869486,2022-12-10,Quarter-finals,Portugal,1,37,1,Morocco,5219,Romain Saïss,5234,Sofyan Amrabat,Complete,26.322994,16.2,23.7,20.9,49.6
3869486,2022-12-10,Quarter-finals,Portugal,1,37,8,Morocco,5234,Sofyan Amrabat,23774,Selim Amallah,Complete,23.963514,32.0,47.4,43.9,26.6
3869486,2022-12-10,Quarter-finals,Portugal,1,37,10,Morocco,23774,Selim Amallah,5219,Romain Saïss,Complete,22.257584,43.9,26.6,21.7,25.0
3869486,2022-12-10,Quarter-finals,Portugal,1,37,13,Morocco,5219,Romain Saïss,7459,Jawad El Yamiq,Complete,35.100143,21.7,25.0,30.8,58.9
3869486,2022-12-10,Quarter-finals,Portugal,1,37,17,Morocco,7459,Jawad El Yamiq,5237,Hakim Ziyech,Complete,12.491998,39.2,64.0,43.3,75.8
3869486,2022-12-10,Quarter-finals,Portugal,1,37,19,Morocco,5237,Hakim Ziyech,6301,Youssef En-Nesyri,Incomplete,70.973305,43.9,72.2,109.9,46.1
3869486,2022-12-10,Quarter-finals,Portugal,1,38,37,Morocco,7459,Jawad El Yamiq,,,Incomplete,34.184353,23.5,46.3,55.9,57.2
3869486,2022-12-10,Quarter-finals,Portugal,1,39,22,Morocco,6785,Yassine Bounou,,,Incomplete,62.84266,6.0,44.0,67.8,55.4
3869486,2022-12-10,Quarter-finals,Portugal,1,40,49,Morocco,5245,Achraf Hakimi Mouh,31295,Yahia Attiyat allah,Complete,62.431164,14.2,67.6,25.5,6.2
3869486,2022-12-10,Quarter-finals,Portugal,1,40,55,Morocco,31295,Yahia Attiyat allah,3625,Sofiane Boufal,Complete,7.256721,37.7,11.9,39.2,4.8
3869486,2022-12-10,Quarter-finals,Portugal,1,40,57,Morocco,3625,Sofiane Boufal,5234,Sofyan Amrabat,Complete,17.681911,44.1,3.6,26.9,7.7
3869486,2022-12-10,Quarter-finals,Portugal,1,41,1,Morocco,5234,Sofyan Amrabat,6785,Yassine Bounou,Complete,35.08903,26.9,8.2,8.7,38.2
3869486,2022-12-10,Quarter-finals,Portugal,1,41,3,Morocco,6785,Yassine Bounou,7459,Jawad El Yamiq,Complete,28.58706,8.7,38.2,20.8,64.1
3869486,2022-12-10,Quarter-finals,Portugal,1,41,5,Morocco,7459,Jawad El Yamiq,6785,Yassine Bounou,Complete,23.664742,20.8,64.1,9.7,43.2
3869486,2022-12-10,Quarter-finals,Portugal,1,41,9,Morocco,6785,Yassine Bounou,5234,Sofyan Amrabat,Complete,12.671622,9.7,43.2,21.3,48.3
3869486,2022-12-10,Quarter-finals,Portugal,1,41,12,Morocco,5234,Sofyan Amrabat,46258,Azzedine Ounahi,Complete,26.602444,21.3,48.3,47.6,44.3
3869486,2022-12-10,Quarter-finals,Portugal,1,41,17,Morocco,46258,Azzedine Ounahi,5237,Hakim Ziyech,Complete,9.334881,44.7,65.7,51.4,59.2
3869486,2022-12-10,Quarter-finals,Portugal,1,41,20,Morocco,5237,Hakim Ziyech,3625,Sofiane Boufal,Complete,49.817368,50.8,49.6,74.9,6.0
3869486,2022-12-10,Quarter-finals,Portugal,1,41,25,Morocco,3625,Sofiane Boufal,46258,Azzedine Ounahi,Complete,15.843295,68.0,17.5,73.1,32.5
3869486,2022-12-10,Quarter-finals,Portugal,1,41,28,Morocco,46258,Azzedine Ounahi,3625,Sofiane Boufal,Complete,7.7162166,76.9,29.3,84.2,26.8
3869486,2022-12-10,Quarter-finals,Portugal,1,41,29,Morocco,3625,Sofiane Boufal,46258,Azzedine Ounahi,Complete,6.87968,84.2,26.8,80.5,21.0
3869486,2022-12-10,Quarter-finals,Portugal,1,41,30,Morocco,46258,Azzedine Ounahi,31295,Yahia Attiyat allah,Complete,14.732278,82.6,17.0,92.4,6.0
3869486,2022-12-10,Quarter-finals,Portugal,1,41,34,Morocco,31295,Yahia Attiyat allah,6301,Youssef En-Nesyri,Complete,39.29033,92.4,6.0,112.6,39.7
3869486,2022-12-10,Quarter-finals,Portugal,1,43,52,Morocco,46258,Azzedine Ounahi,7459,Jawad El Yamiq,Complete,8.395237,64.5,42.3,56.3,44.1
3869486,2022-12-10,Quarter-finals,Portugal,1,43,55,Morocco,7459,Jawad El Yamiq,5245,Achraf Hakimi Mouh,Complete,23.516165,56.5,51.2,61.4,74.2
3869486,2022-12-10,Quarter-finals,Portugal,1,43,57,Morocco,5245,Achraf Hakimi Mouh,5237,Hakim Ziyech,Complete,12.790622,61.4,74.2,74.0,76.4
3869486,2022-12-10,Quarter-finals,Portugal,1,43,58,Morocco,5237,Hakim Ziyech,46258,Azzedine Ounahi,Out,10.218122,74.0,76.4,83.6,79.9
3869486,2022-12-10,Quarter-finals,Portugal,1,44,32,Morocco,5245,Achraf Hakimi Mouh,5237,Hakim Ziyech,Complete,4.494441,4.5,70.4,6.1,74.6
3869486,2022-12-10,Quarter-finals,Portugal,1,44,34,Morocco,5237,Hakim Ziyech,5234,Sofyan Amrabat,Complete,5.7688823,6.1,74.6,2.9,69.8
3869486,2022-12-10,Quarter-finals,Portugal,1,44,36,Morocco,5234,Sofyan Amrabat,6301,Youssef En-Nesyri,Complete,29.25423,2.9,69.8,32.0,72.8
3869486,2022-12-10,Quarter-finals,Portugal,1,44,38,Morocco,6301,Youssef En-Nesyri,5245,Achraf Hakimi Mouh,Complete,10.385567,32.0,72.8,25.5,64.7
3869486,2022-12-10,Quarter-finals,Portugal,1,44,40,Morocco,5245,Achraf Hakimi Mouh,,,Incomplete,76.121544,27.9,65.8,94.7,29.3
3869486,2022-12-10,Quarter-finals,Portugal,1,45,2,Morocco,5237,Hakim Ziyech,46258,Azzedine Ounahi,Complete,12.744019,21.7,54.7,33.8,50.7
3869486,2022-12-10,Quarter-finals,Portugal,1,45,12,Morocco,5237,Hakim Ziyech,5245,Achraf Hakimi Mouh,Out,17.489712,7.8,66.9,19.5,79.9
3869486,2022-12-10,Quarter-finals,Portugal,1,46,25,Morocco,5234,Sofyan Amrabat,,,Incomplete,49.21463,9.3,65.3,44.1,30.5
3869486,2022-12-10,Quarter-finals,Portugal,1,46,47,Morocco,31295,Yahia Attiyat allah,3625,Sofiane Boufal,Complete,4.382921,37.2,4.2,41.1,2.2
3869486,2022-12-10,Quarter-finals,Portugal,1,46,51,Morocco,3625,Sofiane Boufal,46258,Azzedine Ounahi,Complete,20.021238,43.9,20.0,58.5,33.7
3869486,2022-12-10,Quarter-finals,Portugal,1,46,55,Morocco,46258,Azzedine Ounahi,31295,Yahia Attiyat allah,Complete,24.014162,84.4,32.5,107.6,26.3
3869486,2022-12-10,Quarter-finals,Portugal,2,45,0,Morocco,23774,Selim Amallah,7459,Jawad El Yamiq,Complete,21.850859,61.0,40.1,39.5,44.0
3869486,2022-12-10,Quarter-finals,Portugal,2,45,3,Morocco,7459,Jawad El Yamiq,5245,Achraf Hakimi Mouh,Complete,19.343733,39.5,44.0,38.2,63.3
3869486,2022-12-10,Quarter-finals,Portugal,2,45,5,Morocco,5245,Achraf Hakimi Mouh,3625,Sofiane Boufal,Out,74.48738,38.6,63.9,77.7,0.5
3869486,2022-12-10,Quarter-finals,Portugal,2,48,55,Morocco,5237,Hakim Ziyech,,,Incomplete,35.55981,101.8,75.7,117.1,43.6
3869486,2022-12-10,Quarter-finals,Portugal,2,49,52,Morocco,7459,Jawad El Yamiq,6301,Youssef En-Nesyri,Complete,18.764061,26.9,52.2,44.1,44.7
3869486,2022-12-10,Quarter-finals,Portugal,2,50,5,Morocco,3625,Sofiane Boufal,31295,Yahia Attiyat allah,Complete,20.854256,38.1,33.1,48.8,15.2
3869486,2022-12-10,Quarter-finals,Portugal,2,50,19,Morocco,31295,Yahia Attiyat allah,6301,Youssef En-Nesyri,Incomplete,6.363961,17.5,6.4,23.8,5.5
3869486,2022-12-10,Quarter-finals,Portugal,2,51,8,Morocco,31295,Yahia Attiyat allah,6301,Youssef En-Nesyri,Incomplete,29.97132,36.4,0.1,66.2,3.3
3869486,2022-12-10,Quarter-finals,Portugal,2,51,12,Morocco,31295,Yahia Attiyat allah,3625,Sofiane Boufal,Incomplete,39.12148,45.8,5.5,83.8,14.8
3869486,2022-12-10,Quarter-finals,Portugal,2,51,45,Morocco,6785,Yassine Bounou,3625,Sofiane Boufal,Complete,74.26991,14.9,38.2,84.8,13.1
3869486,2022-12-10,Quarter-finals,Portugal,2,53,12,Morocco,5219,Romain Saïss,,,Incomplete,23.554405,21.6,31.3,45.1,29.7
3869486,2022-12-10,Quarter-finals,Portugal,2,53,55,Morocco,31295,Yahia Attiyat allah,3625,Sofiane Boufal,Complete,28.1233,37.8,0.1,65.4,5.5
3869486,2022-12-10,Quarter-finals,Portugal,2,54,34,Morocco,6785,Yassine Bounou,5245,Achraf Hakimi Mouh,Complete,56.35752,16.5,38.5,56.6,78.1
3869486,2022-12-10,Quarter-finals,Portugal,2,54,57,Morocco,3625,Sofiane Boufal,6301,Youssef En-Nesyri,Complete,35.696777,74.6,19.6,94.1,49.5
3869486,2022-12-10,Quarter-finals,Portugal,2,54,58,Morocco,6301,Youssef En-Nesyri,46258,Azzedine Ounahi,Complete,5.3460264,94.1,49.5,93.4,44.2
3869486,2022-12-10,Quarter-finals,Portugal,2,57,51,Morocco,6785,Yassine Bounou,139016,Achraf Dari,Complete,26.456945,7.0,36.1,12.4,62.0
3869486,2022-12-10,Quarter-finals,Portugal,2,57,57,Morocco,139016,Achraf Dari,,,Incomplete,59.653835,12.4,62.0,66.7,37.3
3869486,2022-12-10,Quarter-finals,Portugal,2,58,2,Morocco,139016,Achraf Dari,5237,Hakim Ziyech,Complete,73.15477,35.0,56.4,107.9,62.5
3869486,2022-12-10,Quarter-finals,Portugal,2,58,38,Morocco,3625,Sofiane Boufal,6301,Youssef En-Nesyri,Complete,24.239637,16.5,14.5,40.5,17.9
3869486,2022-12-10,Quarter-finals,Portugal,2,58,44,Morocco,6301,Youssef En-Nesyri,3625,Sofiane Boufal,Complete,10.401923,39.5,14.2,39.3,3.8
3869486,2022-12-10,Quarter-finals,Portugal,2,58,46,Morocco,3625,Sofiane Boufal,46258,Azzedine Ounahi,Pass Offside,21.72303,41.9,3.8,63.6,4.8
3869486,2022-12-10,Quarter-finals,Portugal,2,59,33,Morocco,5245,Achraf Hakimi Mouh,6301,Youssef En-Nesyri,Complete,7.3552704,33.0,53.4,27.9,58.7
3869486,2022-12-10,Quarter-finals,Portugal,2,59,35,Morocco,6301,Youssef En-Nesyri,46258,Azzedine Ounahi,Incomplete,18.352112,29.8,58.5,47.4,63.7
3869486,2022-12-10,Quarter-finals,Portugal,2,61,12,Morocco,6785,Yassine Bounou,,,Incomplete,65.024994,7.0,36.1,71.0,24.6
3869486,2022-12-10,Quarter-finals,Portugal,2,61,17,Morocco,7459,Jawad El Yamiq,31295,Yahia Attiyat allah,Complete,8.53815,49.2,28.0,46.5,19.9
3869486,2022-12-10,Quarter-finals,Portugal,2,61,19,Morocco,31295,Yahia Attiyat allah,23774,Selim Amallah,Complete,10.212248,46.5,19.9,56.7,19.4
3869486,2022-12-10,Quarter-finals,Portugal,2,61,20,Morocco,23774,Selim Amallah,6301,Youssef En-Nesyri,Incomplete,17.04846,58.4,19.3,70.1,6.9
3869486,2022-12-10,Quarter-finals,Portugal,2,62,18,Morocco,6785,Yassine Bounou,3625,Sofiane Boufal,Complete,73.60007,7.0,36.1,74.9,7.7
3869486,2022-12-10,Quarter-finals,Portugal,2,62,56,Morocco,5245,Achraf Hakimi Mouh,5237,Hakim Ziyech,Complete,9.144397,26.2,76.6,35.3,75.7
3869486,2022-12-10,Quarter-finals,Portugal,2,64,45,Morocco,6785,Yassine Bounou,,,Incomplete,63.63906,7.0,36.1,69.8,25.8
3869486,2022-12-10,Quarter-finals,Portugal,2,65,23,Morocco,3625,Sofiane Boufal,139016,Achraf Dari,Complete,17.184004,27.6,32.8,22.8,49.3
3869486,2022-12-10,Quarter-finals,Portugal,2,65,25,Morocco,139016,Achraf Dari,5245,Achraf Hakimi Mouh,Complete,18.233212,22.8,49.3,34.6,63.2
3869486,2022-12-10,Quarter-finals,Portugal,2,66,6,Morocco,7459,Jawad El Yamiq,46258,Azzedine Ounahi,Complete,8.130191,26.2,6.4,33.1,10.7
3869486,2022-12-10,Quarter-finals,Portugal,2,66,43,Morocco,5245,Achraf Hakimi Mouh,5237,Hakim Ziyech,Complete,7.3054776,26.2,80.0,33.1,77.6
3869486,2022-12-10,Quarter-finals,Portugal,2,66,47,Morocco,5237,Hakim Ziyech,5245,Achraf Hakimi Mouh,Incomplete,11.926861,26.6,74.3,38.5,73.5
3869486,2022-12-10,Quarter-finals,Portugal,2,68,5,Morocco,6785,Yassine Bounou,,,Out,62.97698,9.9,47.1,63.6,80.0
3869486,2022-12-10,Quarter-finals,Portugal,2,69,8,Morocco,139016,Achraf Dari,6785,Yassine Bounou,Complete,17.462244,21.4,60.5,7.6,49.8
3869486,2022-12-10,Quarter-finals,Portugal,2,69,12,Morocco,6785,Yassine Bounou,296254,Walid Cheddira,Incomplete,55.352055,4.9,43.8,60.2,46.2
3869486,2022-12-10,Quarter-finals,Portugal,2,71,17,Morocco,31295,Yahia Attiyat allah,3625,Sofiane Boufal,Incomplete,44.032375,14.7,0.1,58.4,5.5
3869486,2022-12-10,Quarter-finals,Portugal,2,71,20,Morocco,296254,Walid Cheddira,46258,Azzedine Ounahi,Incomplete,26.320524,51.9,7.9,45.0,33.3
3869486,2022-12-10,Quarter-finals,Portugal,2,74,22,Morocco,5234,Sofyan Amrabat,5237,Hakim Ziyech,Incomplete,10.893117,14.9,51.2,22.4,59.1
3869486,2022-12-10,Quarter-finals,Portugal,2,74,33,Morocco,5234,Sofyan Amrabat,5237,Hakim Ziyech,Complete,10.511898,8.2,60.1,14.9,68.2
3869486,2022-12-10,Quarter-finals,Portugal,2,74,35,Morocco,5237,Hakim Ziyech,5245,Achraf Hakimi Mouh,Complete,15.915401,12.4,76.3,28.3,77.0
3869486,2022-12-10,Quarter-finals,Portugal,2,74,37,Morocco,5245,Achraf Hakimi Mouh,296254,Walid Cheddira,Complete,10.47855,40.9,76.6,45.1,67.0
3869486,2022-12-10,Quarter-finals,Portugal,2,74,38,Morocco,296254,Walid Cheddira,3625,Sofiane Boufal,Complete,15.493547,45.1,67.0,56.4,77.6
3869486,2022-12-10,Quarter-finals,Portugal,2,74,41,Morocco,3625,Sofiane Boufal,46258,Azzedine Ounahi,Complete,52.46494,64.3,77.1,95.2,34.7
3869486,2022-12-10,Quarter-finals,Portugal,2,74,46,Morocco,46258,Azzedine Ounahi,296254,Walid Cheddira,Complete,8.17435,95.4,37.5,103.3,39.6
3869486,2022-12-10,Quarter-finals,Portugal,2,75,37,Morocco,5245,Achraf Hakimi Mouh,139016,Achraf Dari,Complete,10.25768,15.1,63.6,6.2,58.5
3869486,2022-12-10,Quarter-finals,Portugal,2,75,38,Morocco,139016,Achraf Dari,296254,Walid Cheddira,Complete,41.25106,6.2,58.5,46.8,51.2
3869486,2022-12-10,Quarter-finals,Portugal,2,76,30,Morocco,3625,Sofiane Boufal,46258,Azzedine Ounahi,Complete,19.602295,12.4,58.8,24.4,74.3
3869486,2022-12-10,Quarter-finals,Portugal,2,76,32,Morocco,46258,Azzedine Ounahi,5245,Achraf Hakimi Mouh,Complete,3.3301651,24.4,74.3,26.9,72.1
3869486,2022-12-10,Quarter-finals,Portugal,2,76,32,Morocco,5245,Achraf Hakimi Mouh,5237,Hakim Ziyech,Complete,12.410076,26.9,72.1,39.3,71.6
3869486,2022-12-10,Quarter-finals,Portugal,2,76,55,Morocco,31295,Yahia Attiyat allah,296254,Walid Cheddira,Complete,17.96274,9.0,7.9,21.9,20.4
3869486,2022-12-10,Quarter-finals,Portugal,2,77,2,Morocco,296254,Walid Cheddira,46258,Azzedine Ounahi,Complete,15.682156,60.2,16.3,69.4,3.6
3869486,2022-12-10,Quarter-finals,Portugal,2,77,8,Morocco,46258,Azzedine Ounahi,,,Incomplete,23.269722,95.2,22.2,118.4,20.4
3869486,2022-12-10,Quarter-finals,Portugal,2,79,27,Morocco,46258,Azzedine Ounahi,5234,Sofyan Amrabat,Complete,12.907362,25.2,34.5,22.4,47.1
3869486,2022-12-10,Quarter-finals,Portugal,2,79,29,Morocco,5234,Sofyan Amrabat,296254,Walid Cheddira,Incomplete,63.095642,23.7,48.1,84.6,64.6
3869486,2022-12-10,Quarter-finals,Portugal,2,80,13,Morocco,5245,Achraf Hakimi Mouh,5237,Hakim Ziyech,Complete,5.234501,38.5,64.2,43.7,63.6
3869486,2022-12-10,Quarter-finals,Portugal,2,80,15,Morocco,5237,Hakim Ziyech,46258,Azzedine Ounahi,Complete,13.752818,43.7,63.6,47.2,50.3
3869486,2022-12-10,Quarter-finals,Portugal,2,80,21,Morocco,46258,Azzedine Ounahi,296254,Walid Cheddira,Incomplete,24.824383,64.5,74.0,88.0,66.0
3869486,2022-12-10,Quarter-finals,Portugal,2,81,31,Morocco,5245,Achraf Hakimi Mouh,296254,Walid Cheddira,Incomplete,31.761612,58.5,80.0,88.9,70.8
3869486,2022-12-10,Quarter-finals,Portugal,2,81,37,Morocco,139016,Achraf Dari,,,Incomplete,17.069857,53.3,70.6,69.0,63.9
3869486,2022-12-10,Quarter-finals,Portugal,2,81,55,Morocco,102668,Yahya Jabrane,46258,Azzedine Ounahi,Incomplete,6.3245554,3.4,14.9,7.0,9.7
3869486,2022-12-10,Quarter-finals,Portugal,2,84,12,Morocco,7459,Jawad El Yamiq,5245,Achraf Hakimi Mouh,Complete,66.52232,49.6,30.6,98.5,75.7
3869486,2022-12-10,Quarter-finals,Portugal,2,87,30,Morocco,6785,Yassine Bounou,46258,Azzedine Ounahi,Incomplete,85.63936,29.3,45.7,108.2,12.4
3869486,2022-12-10,Quarter-finals,Portugal,2,87,56,Morocco,7459,Jawad El Yamiq,296254,Walid Cheddira,Incomplete,17.41838,30.6,40.7,48.0,39.9
3869486,2022-12-10,Quarter-finals,Portugal,2,88,56,Morocco,6785,Yassine Bounou,296254,Walid Cheddira,Complete,74.07901,7.0,36.1,78.3,16.0
3869486,2022-12-10,Quarter-finals,Portugal,2,88,59,Morocco,296254,Walid Cheddira,21736,Zakaria Aboukhlal,Incomplete,25.323704,78.3,16.0,103.5,13.5
3869486,2022-12-10,Quarter-finals,Portugal,2,89,58,Morocco,5234,Sofyan Amrabat,296254,Walid Cheddira,Pass Offside,59.052944,26.5,6.9,85.1,14.2
3869486,2022-12-10,Quarter-finals,Portugal,2,90,48,Morocco,6785,Yassine Bounou,,,Unknown,67.07682,15.8,29.2,82.5,22.1
3869486,2022-12-10,Quarter-finals,Portugal,2,92,3,Morocco,6785,Yassine Bounou,296254,Walid Cheddira,Complete,68.62252,7.0,36.1,69.1,6.9
3869486,2022-12-10,Quarter-finals,Portugal,2,94,55,Morocco,6785,Yassine Bounou,21736,Zakaria Aboukhlal,Complete,66.35918,7.0,36.1,69.5,13.8
3869486,2022-12-10,Quarter-finals,Portugal,2,94,59,Morocco,21736,Zakaria Aboukhlal,,,Incomplete,17.828068,71.3,18.6,89.1,19.6
3869486,2022-12-10,Quarter-finals,Portugal,2,95,26,Morocco,139016,Achraf Dari,,,Incomplete,19.773214,25.7,61.0,45.0,65.3
3869486,2022-12-10,Quarter-finals,Portugal,2,95,40,Morocco,5234,Sofyan Amrabat,46258,Azzedine Ounahi,Complete,17.001764,31.1,51.6,47.6,55.7
3869486,2022-12-10,Quarter-finals,Portugal,2,95,43,Morocco,46258,Azzedine Ounahi,5245,Achraf Hakimi Mouh,Incomplete,54.278633,48.0,56.3,102.1,60.7
3869486,2022-12-10,Quarter-finals,Portugal,2,95,49,Morocco,5234,Sofyan Amrabat,5245,Achraf Hakimi Mouh,Incomplete,39.468975,55.0,40.3,83.6,67.5
3869486,2022-12-10,Quarter-finals,Portugal,2,97,21,Morocco,6785,Yassine Bounou,21736,Zakaria Aboukhlal,Complete,67.09374,7.0,36.1,69.1,10.7
3869552,2022-12-14,Semi-finals,France,1,0,0,Morocco,5234,Sofyan Amrabat,139016,Achraf Dari,Complete,33.039673,61.0,40.1,33.9,59.0
3869552,2022-12-14,Semi-finals,France,1,0,4,Morocco,139016,Achraf Dari,6785,Yassine Bounou,Complete,23.762575,28.7,57.0,12.2,39.9
3869552,2022-12-14,Semi-finals,France,1,0,6,Morocco,6785,Yassine Bounou,7459,Jawad El Yamiq,Complete,35.166035,12.2,40.9,19.5,6.5
3869552,2022-12-14,Semi-finals,France,1,0,11,Morocco,7459,Jawad El Yamiq,5219,Romain Saïss,Complete,15.120847,21.4,9.8,9.4,19.0
3869552,2022-12-14,Semi-finals,France,1,0,14,Morocco,5219,Romain Saïss,6785,Yassine Bounou,Complete,13.319534,8.7,20.1,5.8,33.1
3869552,2022-12-14,Semi-finals,France,1,0,20,Morocco,6785,Yassine Bounou,46258,Azzedine Ounahi,Complete,10.47855,10.4,38.5,20.6,40.9
3869552,2022-12-14,Semi-finals,France,1,0,23,Morocco,46258,Azzedine Ounahi,139016,Achraf Dari,Complete,22.77279,12.9,49.0,10.1,71.6
3869552,2022-12-14,Semi-finals,France,1,0,26,Morocco,139016,Achraf Dari,5237,Hakim Ziyech,Complete,43.32782,10.9,77.7,52.2,64.6
3869552,2022-12-14,Semi-finals,France,1,0,39,Morocco,3625,Sofiane Boufal,7459,Jawad El Yamiq,Complete,10.787029,75.0,13.2,64.4,15.2
3869552,2022-12-14,Semi-finals,France,1,0,41,Morocco,7459,Jawad El Yamiq,5234,Sofyan Amrabat,Complete,10.567876,61.7,14.8,56.5,24.0
3869552,2022-12-14,Semi-finals,France,1,0,45,Morocco,5234,Sofyan Amrabat,7459,Jawad El Yamiq,Complete,18.124569,57.3,25.2,49.8,8.7
3869552,2022-12-14,Semi-finals,France,1,0,48,Morocco,7459,Jawad El Yamiq,,,Incomplete,25.079872,49.8,9.0,72.8,19.0
3869552,2022-12-14,Semi-finals,France,1,0,58,Morocco,46258,Azzedine Ounahi,5234,Sofyan Amrabat,Complete,8.931965,26.4,17.4,23.1,9.1
3869552,2022-12-14,Semi-finals,France,1,1,35,Morocco,15890,Noussair Mazraoui,46258,Azzedine Ounahi,Complete,11.745638,89.4,0.1,81.4,8.7
3869552,2022-12-14,Semi-finals,France,1,1,37,Morocco,46258,Azzedine Ounahi,15890,Noussair Mazraoui,Complete,5.107837,81.9,8.7,83.9,4.0
3869552,2022-12-14,Semi-finals,France,1,1,37,Morocco,15890,Noussair Mazraoui,3625,Sofiane Boufal,Complete,11.18034,84.5,4.0,94.5,9.0
3869552,2022-12-14,Semi-finals,France,1,1,43,Morocco,5234,Sofyan Amrabat,5237,Hakim Ziyech,Complete,9.200543,83.4,33.4,83.3,42.6
3869552,2022-12-14,Semi-finals,France,1,1,44,Morocco,5237,Hakim Ziyech,46258,Azzedine Ounahi,Complete,15.040279,82.5,39.3,81.4,24.3
3869552,2022-12-14,Semi-finals,France,1,1,46,Morocco,46258,Azzedine Ounahi,15890,Noussair Mazraoui,Complete,14.080128,80.1,23.1,66.9,18.2
3869552,2022-12-14,Semi-finals,France,1,1,48,Morocco,15890,Noussair Mazraoui,5219,Romain Saïss,Complete,32.844177,64.4,17.7,43.7,43.2
3869552,2022-12-14,Semi-finals,France,1,1,50,Morocco,5219,Romain Saïss,139016,Achraf Dari,Complete,30.54734,43.4,43.2,41.7,73.7
3869552,2022-12-14,Semi-finals,France,1,1,53,Morocco,139016,Achraf Dari,5245,Achraf Hakimi Mouh,Complete,12.900388,41.1,71.3,54.0,71.2
3869552,2022-12-14,Semi-finals,France,1,1,56,Morocco,5245,Achraf Hakimi Mouh,46258,Azzedine Ounahi,Complete,9.044335,53.1,71.2,50.3,62.6
3869552,2022-12-14,Semi-finals,France,1,2,0,Morocco,46258,Azzedine Ounahi,5245,Achraf Hakimi Mouh,Complete,6.041523,48.7,71.6,46.2,77.1
3869552,2022-12-14,Semi-finals,France,1,2,2,Morocco,5245,Achraf Hakimi Mouh,7459,Jawad El Yamiq,Complete,59.405388,45.0,76.3,27.6,19.5
3869552,2022-12-14,Semi-finals,France,1,2,10,Morocco,7459,Jawad El Yamiq,5234,Sofyan Amrabat,Complete,18.804255,33.7,23.5,33.3,42.3
3869552,2022-12-14,Semi-finals,France,1,2,15,Morocco,5234,Sofyan Amrabat,46258,Azzedine Ounahi,Complete,22.04949,33.1,42.3,45.4,24.0
3869552,2022-12-14,Semi-finals,France,1,2,18,Morocco,46258,Azzedine Ounahi,7459,Jawad El Yamiq,Complete,17.6,41.5,24.6,41.5,7.0
3869552,2022-12-14,Semi-finals,France,1,2,23,Morocco,7459,Jawad El Yamiq,5219,Romain Saïss,Complete,22.49311,44.2,6.6,27.9,22.1
3869552,2022-12-14,Semi-finals,France,1,2,30,Morocco,5219,Romain Saïss,139016,Achraf Dari,Complete,21.701843,39.7,52.4,37.6,74.0
3869552,2022-12-14,Semi-finals,France,1,2,33,Morocco,139016,Achraf Dari,5237,Hakim Ziyech,Complete,9.556673,37.6,74.6,46.9,76.8
3869552,2022-12-14,Semi-finals,France,1,2,36,Morocco,5237,Hakim Ziyech,5219,Romain Saïss,Complete,43.584976,42.9,78.2,32.0,36.0
3869552,2022-12-14,Semi-finals,France,1,2,39,Morocco,5219,Romain Saïss,7459,Jawad El Yamiq,Complete,24.166506,31.9,36.0,39.0,12.9
3869552,2022-12-14,Semi-finals,France,1,2,44,Morocco,7459,Jawad El Yamiq,5219,Romain Saïss,Complete,23.09502,53.1,14.8,37.8,32.1
3869552,2022-12-14,Semi-finals,France,1,2,51,Morocco,5219,Romain Saïss,7459,Jawad El Yamiq,Complete,16.137533,39.5,33.1,38.4,17.0
3869552,2022-12-14,Semi-finals,France,1,2,54,Morocco,7459,Jawad El Yamiq,46258,Azzedine Ounahi,Complete,16.84666,38.4,18.2,45.0,2.7
3869552,2022-12-14,Semi-finals,France,1,2,58,Morocco,46258,Azzedine Ounahi,5219,Romain Saïss,Complete,46.330338,44.7,5.4,38.4,51.3
3869552,2022-12-14,Semi-finals,France,1,3,2,Morocco,5219,Romain Saïss,5237,Hakim Ziyech,Complete,30.47261,44.8,50.2,57.5,77.9
3869552,2022-12-14,Semi-finals,France,1,3,5,Morocco,5237,Hakim Ziyech,5245,Achraf Hakimi Mouh,Complete,8.863972,64.2,76.8,67.8,68.7
3869552,2022-12-14,Semi-finals,France,1,3,13,Morocco,5234,Sofyan Amrabat,6785,Yassine Bounou,Complete,24.300205,27.9,58.2,8.4,43.7
3869552,2022-12-14,Semi-finals,France,1,3,16,Morocco,6785,Yassine Bounou,7459,Jawad El Yamiq,Complete,26.196373,9.7,46.2,22.6,23.4
3869552,2022-12-14,Semi-finals,France,1,3,21,Morocco,7459,Jawad El Yamiq,46258,Azzedine Ounahi,Complete,11.4982605,22.2,21.0,33.3,24.0
3869552,2022-12-14,Semi-finals,France,1,3,28,Morocco,46258,Azzedine Ounahi,5237,Hakim Ziyech,Complete,29.383158,31.9,46.3,47.5,71.2
3869552,2022-12-14,Semi-finals,France,1,3,34,Morocco,5237,Hakim Ziyech,5245,Achraf Hakimi Mouh,Out,7.3545904,61.9,78.5,54.7,80.0
3869552,2022-12-14,Semi-finals,France,1,5,55,Morocco,6301,Youssef En-Nesyri,46258,Azzedine Ounahi,Complete,18.179659,61.0,40.1,42.9,41.8
3869552,2022-12-14,Semi-finals,France,1,5,57,Morocco,46258,Azzedine Ounahi,139016,Achraf Dari,Complete,25.349161,42.9,41.8,37.2,66.5
3869552,2022-12-14,Semi-finals,France,1,5,58,Morocco,139016,Achraf Dari,5219,Romain Saïss,Complete,31.25188,28.3,69.3,26.5,38.1
3869552,2022-12-14,Semi-finals,France,1,6,0,Morocco,5219,Romain Saïss,7459,Jawad El Yamiq,Complete,21.447844,26.5,38.1,34.5,18.2
3869552,2022-12-14,Semi-finals,France,1,6,5,Morocco,7459,Jawad El Yamiq,5219,Romain Saïss,Complete,18.848078,37.6,20.2,30.6,37.7
3869552,2022-12-14,Semi-finals,France,1,6,8,Morocco,5219,Romain Saïss,5234,Sofyan Amrabat,Complete,19.879889,30.9,37.7,45.4,51.3
3869552,2022-12-14,Semi-finals,France,1,6,9,Morocco,5234,Sofyan Amrabat,5219,Romain Saïss,Complete,13.524792,45.4,51.3,34.8,42.9
3869552,2022-12-14,Semi-finals,France,1,6,13,Morocco,5219,Romain Saïss,3625,Sofiane Boufal,Incomplete,30.222012,35.4,42.9,65.0,49.0
3869552,2022-12-14,Semi-finals,France,1,6,15,Morocco,5234,Sofyan Amrabat,,,Incomplete,6.676077,57.3,47.0,63.7,45.1
3869552,2022-12-14,Semi-finals,France,1,6,22,Morocco,46258,Azzedine Ounahi,5237,Hakim Ziyech,Complete,9.946356,58.4,52.9,56.7,62.7
3869552,2022-12-14,Semi-finals,France,1,6,24,Morocco,5237,Hakim Ziyech,5245,Achraf Hakimi Mouh,Complete,10.737783,56.4,63.8,57.3,74.5
3869552,2022-12-14,Semi-finals,France,1,6,28,Morocco,5245,Achraf Hakimi Mouh,5237,Hakim Ziyech,Complete,5.2924476,62.9,76.5,67.8,78.5
3869552,2022-12-14,Semi-finals,France,1,6,29,Morocco,5237,Hakim Ziyech,46258,Azzedine Ounahi,Complete,6.935416,64.2,77.1,58.1,73.8
3869552,2022-12-14,Semi-finals,France,1,6,31,Morocco,46258,Azzedine Ounahi,139016,Achraf Dari,Complete,19.220821,56.4,73.1,37.6,77.1
3869552,2022-12-14,Semi-finals,France,1,6,33,Morocco,139016,Achraf Dari,5219,Romain Saïss,Complete,35.20128,36.4,75.2,31.1,40.4
3869552,2022-12-14,Semi-finals,France,1,6,37,Morocco,5219,Romain Saïss,7459,Jawad El Yamiq,Complete,26.461481,26.5,38.4,42.6,17.4
3869552,2022-12-14,Semi-finals,France,1,6,44,Morocco,7459,Jawad El Yamiq,5219,Romain Saïss,Complete,24.226639,44.7,18.8,35.0,41.0
3869552,2022-12-14,Semi-finals,France,1,6,46,Morocco,5219,Romain Saïss,7459,Jawad El Yamiq,Complete,23.920074,37.0,41.8,51.4,22.7
3869552,2022-12-14,Semi-finals,France,1,6,50,Morocco,7459,Jawad El Yamiq,5219,Romain Saïss,Complete,10.621205,51.9,25.4,45.4,33.8
3869552,2022-12-14,Semi-finals,France,1,6,56,Morocco,5219,Romain Saïss,46258,Azzedine Ounahi,Complete,20.67704,54.5,34.8,57.2,14.3
3869552,2022-12-14,Semi-finals,France,1,7,1,Morocco,46258,Azzedine Ounahi,15890,Noussair Mazraoui,Out,22.924223,76.1,14.3,94.7,0.9
3869552,2022-12-14,Semi-finals,France,1,7,23,Morocco,139016,Achraf Dari,5234,Sofyan Amrabat,Complete,20.435265,68.3,23.4,55.1,39.0
3869552,2022-12-14,Semi-finals,France,1,7,28,Morocco,5234,Sofyan Amrabat,5245,Achraf Hakimi Mouh,Incomplete,22.9863,52.5,48.8,68.4,65.4
3869552,2022-12-14,Semi-finals,France,1,8,15,Morocco,5237,Hakim Ziyech,5234,Sofyan Amrabat,Complete,10.890363,42.9,72.3,41.5,61.5
3869552,2022-12-14,Semi-finals,France,1,8,17,Morocco,5234,Sofyan Amrabat,46258,Azzedine Ounahi,Complete,31.262278,41.5,61.3,55.8,33.5
3869552,2022-12-14,Semi-finals,France,1,8,22,Morocco,46258,Azzedine Ounahi,5245,Achraf Hakimi Mouh,Complete,38.223682,57.3,41.3,72.2,76.5
3869552,2022-12-14,Semi-finals,France,1,8,26,Morocco,5245,Achraf Hakimi Mouh,5237,Hakim Ziyech,Complete,9.211406,82.5,76.5,85.8,67.9
3869552,2022-12-14,Semi-finals,France,1,8,28,Morocco,5237,Hakim Ziyech,5245,Achraf Hakimi Mouh,Complete,9.222797,88.1,75.2,97.2,73.7
3869552,2022-12-14,Semi-finals,France,1,9,10,Morocco,6301,Youssef En-Nesyri,5234,Sofyan Amrabat,Complete,9.1836815,62.6,38.7,57.3,46.2
3869552,2022-12-14,Semi-finals,France,1,9,12,Morocco,5234,Sofyan Amrabat,5237,Hakim Ziyech,Complete,16.196604,57.0,42.0,71.7,48.8
3869552,2022-12-14,Semi-finals,France,1,9,23,Morocco,6785,Yassine Bounou,46258,Azzedine Ounahi,Complete,17.72597,23.7,39.0,32.3,23.5
3869552,2022-12-14,Semi-finals,France,1,9,25,Morocco,46258,Azzedine Ounahi,3625,Sofiane Boufal,Complete,6.519202,63.7,16.5,69.8,18.8
3869552,2022-12-14,Semi-finals,France,1,9,30,Morocco,3625,Sofiane Boufal,46258,Azzedine Ounahi,Complete,18.595161,71.1,29.9,67.8,11.6
3869552,2022-12-14,Semi-finals,France,1,9,33,Morocco,46258,Azzedine Ounahi,15890,Noussair Mazraoui,Complete,10.076706,73.6,12.0,80.1,4.3
3869552,2022-12-14,Semi-finals,France,1,9,34,Morocco,15890,Noussair Mazraoui,46258,Azzedine Ounahi,Complete,14.579781,82.9,4.3,87.3,18.2
3869552,2022-12-14,Semi-finals,France,1,9,45,Morocco,139016,Achraf Dari,5245,Achraf Hakimi Mouh,Incomplete,2.8,85.8,77.3,88.6,77.3
3869552,2022-12-14,Semi-finals,France,1,9,54,Morocco,5245,Achraf Hakimi Mouh,5237,Hakim Ziyech,Complete,7.454529,100.8,80.0,101.7,72.6
3869552,2022-12-14,Semi-finals,France,1,9,56,Morocco,5237,Hakim Ziyech,5245,Achraf Hakimi Mouh,Complete,5.0039983,101.7,73.2,101.9,78.2
3869552,2022-12-14,Semi-finals,France,1,9,57,Morocco,5245,Achraf Hakimi Mouh,5237,Hakim Ziyech,Complete,7.1449285,101.2,77.0,100.4,69.9
3869552,2022-12-14,Semi-finals,France,1,10,7,Morocco,5234,Sofyan Amrabat,139016,Achraf Dari,Complete,14.054537,85.1,75.9,72.8,69.1
3869552,2022-12-14,Semi-finals,France,1,10,9,Morocco,139016,Achraf Dari,7459,Jawad El Yamiq,Complete,30.675724,71.9,69.1,62.5,39.9
3869552,2022-12-14,Semi-finals,France,1,10,13,Morocco,7459,Jawad El Yamiq,46258,Azzedine Ounahi,Complete,7.7006493,62.9,39.8,67.6,45.9
3869552,2022-12-14,Semi-finals,France,1,10,15,Morocco,46258,Azzedine Ounahi,3625,Sofiane Boufal,Complete,13.616534,65.1,45.6,77.6,51.0
3869552,2022-12-14,Semi-finals,France,1,10,19,Morocco,3625,Sofiane Boufal,5237,Hakim Ziyech,Complete,8.420214,95.0,70.1,100.1,76.8
3869552,2022-12-14,Semi-finals,France,1,10,21,Morocco,5237,Hakim Ziyech,3625,Sofiane Boufal,Complete,10.599056,98.6,76.8,108.9,74.3
3869552,2022-12-14,Semi-finals,France,1,11,13,Morocco,139016,Achraf Dari,5219,Romain Saïss,Complete,19.849434,8.9,40.4,28.7,39.0
3869552,2022-12-14,Semi-finals,France,1,11,21,Morocco,5219,Romain Saïss,15890,Noussair Mazraoui,Complete,46.252567,47.6,37.9,79.7,4.6
3869552,2022-12-14,Semi-finals,France,1,11,23,Morocco,15890,Noussair Mazraoui,3625,Sofiane Boufal,Incomplete,10.008996,80.1,4.5,76.4,13.8
3869552,2022-12-14,Semi-finals,France,1,12,20,Morocco,15890,Noussair Mazraoui,7459,Jawad El Yamiq,Complete,24.659481,30.6,0.1,10.3,14.1
3869552,2022-12-14,Semi-finals,France,1,12,23,Morocco,7459,Jawad El Yamiq,46258,Azzedine Ounahi,Complete,14.541664,13.3,14.1,27.8,15.2
3869552,2022-12-14,Semi-finals,France,1,12,26,Morocco,46258,Azzedine Ounahi,5234,Sofyan Amrabat,Complete,26.71348,27.8,16.8,42.2,39.3
3869552,2022-12-14,Semi-finals,France,1,12,28,Morocco,5234,Sofyan Amrabat,5245,Achraf Hakimi Mouh,Complete,36.186462,44.0,39.8,41.5,75.9
3869552,2022-12-14,Semi-finals,France,1,12,33,Morocco,5245,Achraf Hakimi Mouh,5234,Sofyan Amrabat,Complete,13.881283,41.4,72.3,42.9,58.5
3869552,2022-12-14,Semi-finals,France,1,12,35,Morocco,5234,Sofyan Amrabat,46258,Azzedine Ounahi,Incomplete,20.385534,33.3,60.6,44.7,43.7
3869552,2022-12-14,Semi-finals,France,1,13,5,Morocco,5245,Achraf Hakimi Mouh,6301,Youssef En-Nesyri,Complete,13.384319,27.0,80.0,40.3,78.5
3869552,2022-12-14,Semi-finals,France,1,13,7,Morocco,6301,Youssef En-Nesyri,5245,Achraf Hakimi Mouh,Complete,7.2,40.3,78.5,33.1,78.5
3869552,2022-12-14,Semi-finals,France,1,13,8,Morocco,5245,Achraf Hakimi Mouh,7459,Jawad El Yamiq,Complete,57.1295,33.1,78.8,20.4,23.1
3869552,2022-12-14,Semi-finals,France,1,13,15,Morocco,7459,Jawad El Yamiq,15890,Noussair Mazraoui,Complete,11.9105,11.5,14.8,23.4,14.3
3869552,2022-12-14,Semi-finals,France,1,13,18,Morocco,15890,Noussair Mazraoui,7459,Jawad El Yamiq,Complete,9.2660675,15.9,8.1,11.4,16.2
3869552,2022-12-14,Semi-finals,France,1,13,20,Morocco,7459,Jawad El Yamiq,46258,Azzedine Ounahi,Complete,16.830923,11.4,16.3,27.2,22.1
3869552,2022-12-14,Semi-finals,France,1,13,24,Morocco,46258,Azzedine Ounahi,5245,Achraf Hakimi Mouh,Complete,55.807705,30.0,24.8,51.5,76.3
3869552,2022-12-14,Semi-finals,France,1,13,31,Morocco,5245,Achraf Hakimi Mouh,5237,Hakim Ziyech,Complete,5.903389,66.5,74.0,71.1,77.7
3869552,2022-12-14,Semi-finals,France,1,13,36,Morocco,5237,Hakim Ziyech,5219,Romain Saïss,Complete,28.935272,57.3,77.1,44.2,51.3
3869552,2022-12-14,Semi-finals,France,1,13,40,Morocco,5219,Romain Saïss,7459,Jawad El Yamiq,Complete,31.072174,40.1,51.8,48.9,22.0
3869552,2022-12-14,Semi-finals,France,1,13,46,Morocco,7459,Jawad El Yamiq,5219,Romain Saïss,Complete,30.294884,61.2,15.1,51.5,43.8
3869552,2022-12-14,Semi-finals,France,1,13,49,Morocco,5219,Romain Saïss,5245,Achraf Hakimi Mouh,Complete,12.541929,52.6,45.7,62.5,53.4
3869552,2022-12-14,Semi-finals,France,1,14,33,Morocco,5237,Hakim Ziyech,139016,Achraf Dari,Incomplete,37.119404,77.5,63.1,110.6,46.3
3869552,2022-12-14,Semi-finals,France,1,15,46,Morocco,5245,Achraf Hakimi Mouh,5234,Sofyan Amrabat,Complete,12.712199,21.2,69.8,24.0,57.4
3869552,2022-12-14,Semi-finals,France,1,15,51,Morocco,5234,Sofyan Amrabat,46258,Azzedine Ounahi,Complete,15.316005,33.7,56.6,34.4,41.3
3869552,2022-12-14,Semi-finals,France,1,15,54,Morocco,46258,Azzedine Ounahi,3625,Sofiane Boufal,Complete,18.938057,33.7,32.4,52.6,31.2
3869552,2022-12-14,Semi-finals,France,1,15,59,Morocco,3625,Sofiane Boufal,5237,Hakim Ziyech,Complete,23.900837,86.7,47.7,109.0,56.3
3869552,2022-12-14,Semi-finals,France,1,17,20,Morocco,6785,Yassine Bounou,,,Incomplete,62.502,7.0,44.1,57.3,7.0
3869552,2022-12-14,Semi-finals,France,1,17,29,Morocco,7459,Jawad El Yamiq,6785,Yassine Bounou,Complete,20.338387,26.1,16.8,10.8,30.2
3869552,2022-12-14,Semi-finals,France,1,17,34,Morocco,6785,Yassine Bounou,139016,Achraf Dari,Complete,27.622635,12.6,33.5,16.1,60.9
3869552,2022-12-14,Semi-finals,France,1,17,37,Morocco,139016,Achraf Dari,5219,Romain Saïss,Complete,27.449226,15.9,60.7,24.4,34.6
3869552,2022-12-14,Semi-finals,France,1,17,40,Morocco,5219,Romain Saïss,7459,Jawad El Yamiq,Complete,23.249947,22.0,34.1,35.4,15.1
3869552,2022-12-14,Semi-finals,France,1,17,44,Morocco,7459,Jawad El Yamiq,15890,Noussair Mazraoui,Complete,13.764447,36.4,15.9,46.9,7.0
3869552,2022-12-14,Semi-finals,France,1,17,46,Morocco,15890,Noussair Mazraoui,7459,Jawad El Yamiq,Complete,17.667202,46.2,7.9,31.5,17.7
3869552,2022-12-14,Semi-finals,France,1,17,50,Morocco,7459,Jawad El Yamiq,46258,Azzedine Ounahi,Complete,23.558014,31.5,17.7,37.8,40.4
3869552,2022-12-14,Semi-finals,France,1,17,51,Morocco,46258,Azzedine Ounahi,5237,Hakim Ziyech,Complete,25.848984,37.8,40.4,49.4,63.5
3869552,2022-12-14,Semi-finals,France,1,17,55,Morocco,5237,Hakim Ziyech,15890,Noussair Mazraoui,Complete,68.668045,50.1,64.8,85.4,5.9
3869552,2022-12-14,Semi-finals,France,1,18,16,Morocco,46258,Azzedine Ounahi,5219,Romain Saïss,Complete,21.041862,66.9,11.8,54.5,28.8
3869552,2022-12-14,Semi-finals,France,1,18,20,Morocco,5219,Romain Saïss,5245,Achraf Hakimi Mouh,Complete,43.645847,54.5,29.5,52.5,73.1
3869552,2022-12-14,Semi-finals,France,1,18,25,Morocco,5245,Achraf Hakimi Mouh,5237,Hakim Ziyech,Complete,8.22253,68.9,75.1,70.8,67.1
3869552,2022-12-14,Semi-finals,France,1,18,29,Morocco,5237,Hakim Ziyech,5234,Sofyan Amrabat,Complete,10.230347,77.6,75.2,71.1,67.3
3869552,2022-12-14,Semi-finals,France,1,18,31,Morocco,5234,Sofyan Amrabat,5237,Hakim Ziyech,Complete,8.004998,71.1,67.9,72.9,75.7
3869552,2022-12-14,Semi-finals,France,1,18,32,Morocco,5237,Hakim Ziyech,5245,Achraf Hakimi Mouh,Complete,7.3552704,72.8,76.2,80.1,77.1
3869552,2022-12-14,Semi-finals,France,1,18,33,Morocco,5245,Achraf Hakimi Mouh,46258,Azzedine Ounahi,Complete,7.738863,80.0,77.1,84.2,70.6
3869552,2022-12-14,Semi-finals,France,1,18,35,Morocco,46258,Azzedine Ounahi,5245,Achraf Hakimi Mouh,Complete,2.3853722,84.2,70.4,82.2,69.1
3869552,2022-12-14,Semi-finals,France,1,18,36,Morocco,5245,Achraf Hakimi Mouh,5234,Sofyan Amrabat,Complete,17.962183,82.9,69.0,71.9,54.8
3869552,2022-12-14,Semi-finals,France,1,18,39,Morocco,5234,Sofyan Amrabat,46258,Azzedine Ounahi,Complete,27.11826,74.0,55.4,91.4,76.2
3869552,2022-12-14,Semi-finals,France,1,18,43,Morocco,46258,Azzedine Ounahi,5237,Hakim Ziyech,Complete,6.902898,93.9,70.1,93.7,77.0
3869552,2022-12-14,Semi-finals,France,1,18,46,Morocco,5237,Hakim Ziyech,3625,Sofiane Boufal,Incomplete,43.743343,94.0,76.5,114.2,37.7
3869552,2022-12-14,Semi-finals,France,1,20,45,Morocco,7459,Jawad El Yamiq,15890,Noussair Mazraoui,Complete,23.760471,25.1,27.6,41.7,10.6
3869552,2022-12-14,Semi-finals,France,1,20,49,Morocco,15890,Noussair Mazraoui,7459,Jawad El Yamiq,Complete,15.9,43.4,9.9,35.0,23.4
3869552,2022-12-14,Semi-finals,France,1,20,52,Morocco,7459,Jawad El Yamiq,139016,Achraf Dari,Complete,36.776352,34.5,23.4,30.0,59.9
3869552,2022-12-14,Semi-finals,France,1,20,55,Morocco,139016,Achraf Dari,5234,Sofyan Amrabat,Complete,5.7628117,30.0,59.9,33.6,55.4
3869552,2022-12-14,Semi-finals,France,1,20,56,Morocco,5234,Sofyan Amrabat,139016,Achraf Dari,Complete,11.384199,33.6,55.4,22.8,59.0
3869552,2022-12-14,Semi-finals,France,1,20,59,Morocco,139016,Achraf Dari,5234,Sofyan Amrabat,Complete,21.614809,22.8,59.0,22.0,37.4
3869552,2022-12-14,Semi-finals,France,1,21,5,Morocco,5234,Sofyan Amrabat,139016,Achraf Dari,Complete,26.868011,33.3,32.4,25.8,58.2
3869552,2022-12-14,Semi-finals,France,1,21,7,Morocco,139016,Achraf Dari,6785,Yassine Bounou,Complete,18.985521,25.8,58.2,15.9,42.0
3869552,2022-12-14,Semi-finals,France,1,21,10,Morocco,6785,Yassine Bounou,7459,Jawad El Yamiq,Complete,29.783552,14.0,39.8,31.5,15.7
3869552,2022-12-14,Semi-finals,France,1,21,15,Morocco,7459,Jawad El Yamiq,46258,Azzedine Ounahi,Complete,6.8767724,44.2,16.5,49.4,21.0
3869552,2022-12-14,Semi-finals,France,1,21,18,Morocco,46258,Azzedine Ounahi,139016,Achraf Dari,Complete,31.363993,46.2,21.3,34.5,50.4
3869552,2022-12-14,Semi-finals,France,1,21,20,Morocco,139016,Achraf Dari,46258,Azzedine Ounahi,Complete,22.483994,34.5,50.4,41.7,29.1
3869552,2022-12-14,Semi-finals,France,1,21,30,Morocco,46258,Azzedine Ounahi,15890,Noussair Mazraoui,Complete,20.468512,53.3,24.3,64.7,7.3
3869552,2022-12-14,Semi-finals,France,1,21,32,Morocco,15890,Noussair Mazraoui,46258,Azzedine Ounahi,Complete,11.531261,63.7,6.5,55.8,14.9
3869552,2022-12-14,Semi-finals,France,1,22,8,Morocco,46258,Azzedine Ounahi,3625,Sofiane Boufal,Complete,3.8052595,39.0,21.5,39.2,17.7
3869552,2022-12-14,Semi-finals,France,1,22,9,Morocco,3625,Sofiane Boufal,46258,Azzedine Ounahi,Complete,1.9,39.2,17.7,39.2,19.6
3869552,2022-12-14,Semi-finals,France,1,22,11,Morocco,46258,Azzedine Ounahi,15890,Noussair Mazraoui,Complete,11.240107,38.7,13.2,28.4,17.7
3869552,2022-12-14,Semi-finals,France,1,22,13,Morocco,15890,Noussair Mazraoui,7459,Jawad El Yamiq,Complete,14.686048,29.2,18.1,22.0,30.9
3869552,2022-12-14,Semi-finals,France,1,22,20,Morocco,7459,Jawad El Yamiq,5237,Hakim Ziyech,Complete,15.220053,43.6,41.2,57.5,47.4
3869552,2022-12-14,Semi-finals,France,1,22,26,Morocco,5237,Hakim Ziyech,5245,Achraf Hakimi Mouh,Complete,36.360004,57.3,43.2,71.9,76.5
3869552,2022-12-14,Semi-finals,France,1,22,29,Morocco,5245,Achraf Hakimi Mouh,3625,Sofiane Boufal,Complete,8.586617,73.7,76.2,77.5,68.5
3869552,2022-12-14,Semi-finals,France,1,22,33,Morocco,3625,Sofiane Boufal,23774,Selim Amallah,Complete,15.250574,86.5,68.7,100.8,63.4
3869552,2022-12-14,Semi-finals,France,1,22,35,Morocco,23774,Selim Amallah,5245,Achraf Hakimi Mouh,Complete,12.170867,101.1,67.3,90.4,73.1
3869552,2022-12-14,Semi-finals,France,1,22,39,Morocco,5245,Achraf Hakimi Mouh,3625,Sofiane Boufal,Complete,5.8830266,91.9,72.6,95.0,77.6
3869552,2022-12-14,Semi-finals,France,1,22,45,Morocco,3625,Sofiane Boufal,23774,Selim Amallah,Complete,8.780091,97.5,73.7,99.7,65.2
3869552,2022-12-14,Semi-finals,France,1,22,46,Morocco,23774,Selim Amallah,3625,Sofiane Boufal,Incomplete,5.860034,99.7,65.2,105.0,67.7
3869552,2022-12-14,Semi-finals,France,1,23,55,Morocco,5245,Achraf Hakimi Mouh,7459,Jawad El Yamiq,Complete,19.9552,28.7,59.9,22.6,40.9
3869552,2022-12-14,Semi-finals,France,1,23,58,Morocco,7459,Jawad El Yamiq,6785,Yassine Bounou,Complete,14.403125,19.8,37.7,5.4,37.4
3869552,2022-12-14,Semi-finals,France,1,24,0,Morocco,6785,Yassine Bounou,139016,Achraf Dari,Complete,36.349552,5.4,38.7,15.9,73.5
3869552,2022-12-14,Semi-finals,France,1,24,3,Morocco,139016,Achraf Dari,,,Incomplete,38.792267,18.7,77.7,56.7,69.9
3869552,2022-12-14,Semi-finals,France,1,24,8,Morocco,23774,Selim Amallah,5237,Hakim Ziyech,Complete,2.8017852,57.5,76.3,54.7,76.2
3869552,2022-12-14,Semi-finals,France,1,24,26,Morocco,5245,Achraf Hakimi Mouh,139016,Achraf Dari,Complete,18.222239,57.2,76.5,43.4,64.6
3869552,2022-12-14,Semi-finals,France,1,24,28,Morocco,139016,Achraf Dari,7459,Jawad El Yamiq,Complete,28.225521,47.3,67.3,46.1,39.1
3869552,2022-12-14,Semi-finals,France,1,24,30,Morocco,7459,Jawad El Yamiq,46258,Azzedine Ounahi,Complete,23.277456,46.1,39.3,53.1,17.1
3869552,2022-12-14,Semi-finals,France,1,24,34,Morocco,46258,Azzedine Ounahi,15890,Noussair Mazraoui,Complete,31.830803,52.0,17.0,81.4,4.8
3869552,2022-12-14,Semi-finals,France,1,24,56,Morocco,15890,Noussair Mazraoui,7459,Jawad El Yamiq,Complete,22.617693,91.9,0.1,70.9,8.5
3869552,2022-12-14,Semi-finals,France,1,25,0,Morocco,7459,Jawad El Yamiq,139016,Achraf Dari,Complete,27.846903,74.2,9.6,57.0,31.5
3869552,2022-12-14,Semi-finals,France,1,25,3,Morocco,139016,Achraf Dari,7459,Jawad El Yamiq,Complete,21.17475,59.2,32.1,62.6,11.2
3869552,2022-12-14,Semi-finals,France,1,25,6,Morocco,7459,Jawad El Yamiq,139016,Achraf Dari,Complete,20.99762,57.2,16.8,45.3,34.1
3869552,2022-12-14,Semi-finals,France,1,25,8,Morocco,139016,Achraf Dari,5234,Sofyan Amrabat,Complete,25.581244,45.3,34.1,40.9,59.3
3869552,2022-12-14,Semi-finals,France,1,25,13,Morocco,5234,Sofyan Amrabat,7459,Jawad El Yamiq,Complete,16.347782,46.2,32.4,39.7,17.4
3869552,2022-12-14,Semi-finals,France,1,25,16,Morocco,7459,Jawad El Yamiq,46258,Azzedine Ounahi,Complete,15.996249,39.7,17.4,51.5,6.6
3869552,2022-12-14,Semi-finals,France,1,25,17,Morocco,46258,Azzedine Ounahi,15890,Noussair Mazraoui,Complete,9.847842,52.6,7.1,60.9,12.4
3869552,2022-12-14,Semi-finals,France,1,25,19,Morocco,15890,Noussair Mazraoui,5234,Sofyan Amrabat,Complete,18.315294,56.7,15.1,69.5,28.2
3869552,2022-12-14,Semi-finals,France,1,25,22,Morocco,5234,Sofyan Amrabat,23774,Selim Amallah,Complete,16.728718,76.4,37.1,73.1,53.5
3869552,2022-12-14,Semi-finals,France,1,25,25,Morocco,23774,Selim Amallah,5245,Achraf Hakimi Mouh,Complete,13.257451,78.9,58.7,91.9,61.3
3869552,2022-12-14,Semi-finals,France,1,25,56,Morocco,46258,Azzedine Ounahi,7459,Jawad El Yamiq,Complete,10.127192,63.9,20.7,53.9,22.3
3869552,2022-12-14,Semi-finals,France,1,25,58,Morocco,7459,Jawad El Yamiq,139016,Achraf Dari,Complete,32.214905,52.2,23.5,45.0,54.9
3869552,2022-12-14,Semi-finals,France,1,26,0,Morocco,139016,Achraf Dari,5245,Achraf Hakimi Mouh,Complete,28.148535,45.0,54.9,64.5,75.2
3869552,2022-12-14,Semi-finals,France,1,26,3,Morocco,5245,Achraf Hakimi Mouh,5237,Hakim Ziyech,Complete,15.727683,67.0,75.7,82.6,77.7
3869552,2022-12-14,Semi-finals,France,1,26,6,Morocco,5237,Hakim Ziyech,5245,Achraf Hakimi Mouh,Complete,15.695222,80.3,77.3,74.8,62.6
3869552,2022-12-14,Semi-finals,France,1,26,8,Morocco,5245,Achraf Hakimi Mouh,5237,Hakim Ziyech,Complete,11.500435,76.4,65.1,81.9,75.2
3869552,2022-12-14,Semi-finals,France,1,28,38,Morocco,15890,Noussair Mazraoui,3625,Sofiane Boufal,Complete,13.865786,44.4,21.6,53.9,11.5
3869552,2022-12-14,Semi-finals,France,1,28,43,Morocco,3625,Sofiane Boufal,5234,Sofyan Amrabat,Incomplete,21.996819,72.3,12.3,54.2,24.8
3869552,2022-12-14,Semi-finals,France,1,29,44,Morocco,5245,Achraf Hakimi Mouh,23774,Selim Amallah,Complete,24.473864,23.1,77.1,47.5,75.2
3869552,2022-12-14,Semi-finals,France,1,29,48,Morocco,23774,Selim Amallah,46258,Azzedine Ounahi,Complete,31.049799,52.8,74.3,70.8,49.0
3869552,2022-12-14,Semi-finals,France,1,29,53,Morocco,46258,Azzedine Ounahi,5237,Hakim Ziyech,Complete,20.84922,85.9,56.8,102.2,69.8
3869552,2022-12-14,Semi-finals,France,1,29,59,Morocco,5237,Hakim Ziyech,15890,Noussair Mazraoui,Complete,36.111217,92.3,56.3,88.4,20.4
3869552,2022-12-14,Semi-finals,France,1,30,2,Morocco,15890,Noussair Mazraoui,3625,Sofiane Boufal,Complete,15.172673,88.4,20.4,97.0,7.9
3869552,2022-12-14,Semi-finals,France,1,30,6,Morocco,3625,Sofiane Boufal,15890,Noussair Mazraoui,Pass Offside,15.814234,101.7,8.7,112.0,20.7
3869552,2022-12-14,Semi-finals,France,1,30,53,Morocco,7459,Jawad El Yamiq,15890,Noussair Mazraoui,Complete,9.580188,27.9,7.1,37.2,4.8
3869552,2022-12-14,Semi-finals,France,1,30,55,Morocco,15890,Noussair Mazraoui,3625,Sofiane Boufal,Complete,8.631338,37.6,5.1,46.1,6.6
3869552,2022-12-14,Semi-finals,France,1,30,56,Morocco,3625,Sofiane Boufal,,,Incomplete,10.815729,46.1,6.6,56.4,9.9
3869552,2022-12-14,Semi-finals,France,1,31,0,Morocco,46258,Azzedine Ounahi,7459,Jawad El Yamiq,Complete,19.948433,38.9,13.7,22.6,25.2
3869552,2022-12-14,Semi-finals,France,1,31,3,Morocco,7459,Jawad El Yamiq,5234,Sofyan Amrabat,Complete,11.890332,20.4,27.6,31.7,31.3
3869552,2022-12-14,Semi-finals,France,1,31,8,Morocco,5234,Sofyan Amrabat,23774,Selim Amallah,Complete,20.447495,45.4,43.5,65.3,48.2
3869552,2022-12-14,Semi-finals,France,1,31,11,Morocco,23774,Selim Amallah,6301,Youssef En-Nesyri,Incomplete,27.986605,69.0,50.7,96.9,52.9
3869552,2022-12-14,Semi-finals,France,1,31,19,Morocco,139016,Achraf Dari,5245,Achraf Hakimi Mouh,Out,6.8593,77.3,75.2,82.2,80.0
3869552,2022-12-14,Semi-finals,France,1,31,41,Morocco,3625,Sofiane Boufal,15890,Noussair Mazraoui,Complete,16.681128,68.9,23.1,54.0,30.6
3869552,2022-12-14,Semi-finals,France,1,31,45,Morocco,15890,Noussair Mazraoui,7459,Jawad El Yamiq,Complete,17.96274,54.0,28.5,41.1,41.0
3869552,2022-12-14,Semi-finals,France,1,31,49,Morocco,7459,Jawad El Yamiq,5245,Achraf Hakimi Mouh,Complete,36.601913,40.4,43.2,59.7,74.3
3869552,2022-12-14,Semi-finals,France,1,32,0,Morocco,5237,Hakim Ziyech,7459,Jawad El Yamiq,Complete,30.645391,55.8,74.6,47.5,45.1
3869552,2022-12-14,Semi-finals,France,1,32,3,Morocco,7459,Jawad El Yamiq,5237,Hakim Ziyech,Complete,11.870131,47.5,45.1,52.2,56.0
3869552,2022-12-14,Semi-finals,France,1,32,8,Morocco,5237,Hakim Ziyech,5245,Achraf Hakimi Mouh,Complete,25.18293,63.6,54.0,75.3,76.3
3869552,2022-12-14,Semi-finals,France,1,32,12,Morocco,5245,Achraf Hakimi Mouh,5237,Hakim Ziyech,Incomplete,1.7029387,73.6,74.5,74.7,73.2
3869552,2022-12-14,Semi-finals,France,1,32,58,Morocco,6785,Yassine Bounou,46258,Azzedine Ounahi,Complete,30.024822,11.5,41.3,34.5,22.0
3869552,2022-12-14,Semi-finals,France,1,33,5,Morocco,46258,Azzedine Ounahi,23774,Selim Amallah,Complete,33.686794,34.4,22.1,52.2,50.7
3869552,2022-12-14,Semi-finals,France,1,33,9,Morocco,23774,Selim Amallah,5234,Sofyan Amrabat,Incomplete,26.990368,62.9,45.1,80.1,24.3
3869552,2022-12-14,Semi-finals,France,1,34,22,Morocco,6785,Yassine Bounou,139016,Achraf Dari,Complete,15.524175,7.0,44.1,12.8,58.5
3869552,2022-12-14,Semi-finals,France,1,34,24,Morocco,139016,Achraf Dari,6785,Yassine Bounou,Complete,14.422205,12.8,58.7,12.0,44.3
3869552,2022-12-14,Semi-finals,France,1,34,29,Morocco,6785,Yassine Bounou,7459,Jawad El Yamiq,Complete,21.969297,16.1,45.9,27.3,27.0
3869552,2022-12-14,Semi-finals,France,1,34,32,Morocco,7459,Jawad El Yamiq,6785,Yassine Bounou,Complete,15.383432,27.3,27.0,19.4,40.2
3869552,2022-12-14,Semi-finals,France,1,34,41,Morocco,6785,Yassine Bounou,7459,Jawad El Yamiq,Complete,27.579702,30.3,51.6,39.5,25.6
3869552,2022-12-14,Semi-finals,France,1,34,42,Morocco,7459,Jawad El Yamiq,6785,Yassine Bounou,Complete,24.858398,39.5,28.7,32.0,52.4
3869552,2022-12-14,Semi-finals,France,1,34,46,Morocco,6785,Yassine Bounou,139016,Achraf Dari,Complete,17.70706,32.0,52.7,31.5,70.4
3869552,2022-12-14,Semi-finals,France,1,34,49,Morocco,139016,Achraf Dari,23774,Selim Amallah,Complete,14.708501,37.2,69.3,47.5,58.8
3869552,2022-12-14,Semi-finals,France,1,34,52,Morocco,23774,Selim Amallah,46258,Azzedine Ounahi,Complete,43.030804,45.0,58.7,54.8,16.8
3869552,2022-12-14,Semi-finals,France,1,34,58,Morocco,46258,Azzedine Ounahi,23774,Selim Amallah,Complete,17.53083,65.0,13.1,71.7,29.3
3869552,2022-12-14,Semi-finals,France,1,35,1,Morocco,23774,Selim Amallah,46258,Azzedine Ounahi,Complete,3.9446166,68.1,27.3,71.5,29.3
3869552,2022-12-14,Semi-finals,France,1,35,37,Morocco,6785,Yassine Bounou,7459,Jawad El Yamiq,Complete,34.061855,7.0,44.1,28.4,17.6
3869552,2022-12-14,Semi-finals,France,1,35,40,Morocco,7459,Jawad El Yamiq,15890,Noussair Mazraoui,Complete,12.126417,28.4,17.6,34.8,7.3
3869552,2022-12-14,Semi-finals,France,1,35,45,Morocco,15890,Noussair Mazraoui,7459,Jawad El Yamiq,Complete,12.129716,35.1,10.4,31.9,22.1
3869552,2022-12-14,Semi-finals,France,1,35,52,Morocco,7459,Jawad El Yamiq,139016,Achraf Dari,Complete,32.629128,38.7,33.8,35.8,66.3
3869552,2022-12-14,Semi-finals,France,1,35,58,Morocco,139016,Achraf Dari,7459,Jawad El Yamiq,Complete,18.90238,42.3,64.5,42.0,45.6
3869552,2022-12-14,Semi-finals,France,1,36,0,Morocco,7459,Jawad El Yamiq,139016,Achraf Dari,Complete,18.796276,42.0,45.9,40.1,64.6
3869552,2022-12-14,Semi-finals,France,1,36,4,Morocco,139016,Achraf Dari,6785,Yassine Bounou,Complete,18.264994,37.8,66.3,28.3,50.7
3869552,2022-12-14,Semi-finals,France,1,36,6,Morocco,6785,Yassine Bounou,7459,Jawad El Yamiq,Complete,26.907248,22.6,45.9,27.8,19.5
3869552,2022-12-14,Semi-finals,France,1,36,12,Morocco,7459,Jawad El Yamiq,15890,Noussair Mazraoui,Complete,7.826238,38.3,14.8,39.7,7.1
3869552,2022-12-14,Semi-finals,France,1,36,14,Morocco,15890,Noussair Mazraoui,6301,Youssef En-Nesyri,Complete,22.227236,50.3,5.9,72.5,4.8
3869552,2022-12-14,Semi-finals,France,1,37,39,Morocco,7459,Jawad El Yamiq,23774,Selim Amallah,Complete,3.6013887,46.4,33.1,50.0,33.2
3869552,2022-12-14,Semi-finals,France,1,37,41,Morocco,23774,Selim Amallah,5234,Sofyan Amrabat,Incomplete,4.360046,50.1,33.1,47.5,36.6
3869552,2022-12-14,Semi-finals,France,1,38,9,Morocco,46258,Azzedine Ounahi,,,Incomplete,6.9065185,37.5,56.6,44.4,56.3
3869552,2022-12-14,Semi-finals,France,1,38,15,Morocco,46258,Azzedine Ounahi,23774,Selim Amallah,Incomplete,3.0413814,39.0,28.7,41.7,30.1
3869552,2022-12-14,Semi-finals,France,1,38,19,Morocco,7459,Jawad El Yamiq,5234,Sofyan Amrabat,Complete,12.074767,23.4,26.6,34.2,32.0
3869552,2022-12-14,Semi-finals,France,1,38,23,Morocco,5234,Sofyan Amrabat,5245,Achraf Hakimi Mouh,Incomplete,49.16228,35.0,33.5,63.3,73.7
3869552,2022-12-14,Semi-finals,France,1,39,52,Morocco,6785,Yassine Bounou,5234,Sofyan Amrabat,Complete,18.000555,7.0,36.1,21.9,46.2
3869552,2022-12-14,Semi-finals,France,1,39,55,Morocco,5234,Sofyan Amrabat,7459,Jawad El Yamiq,Complete,21.194574,22.0,43.7,24.0,22.6
3869552,2022-12-14,Semi-finals,France,1,40,1,Morocco,7459,Jawad El Yamiq,6785,Yassine Bounou,Complete,24.434607,31.7,20.1,18.1,40.4
3869552,2022-12-14,Semi-finals,France,1,40,12,Morocco,6785,Yassine Bounou,7459,Jawad El Yamiq,Complete,24.69089,32.6,42.4,38.4,18.4
3869552,2022-12-14,Semi-finals,France,1,40,20,Morocco,7459,Jawad El Yamiq,23774,Selim Amallah,Complete,19.757025,42.9,25.2,55.4,9.9
3869552,2022-12-14,Semi-finals,France,1,40,25,Morocco,23774,Selim Amallah,3625,Sofiane Boufal,Complete,11.278741,74.0,14.8,85.1,16.8
3869552,2022-12-14,Semi-finals,France,1,41,25,Morocco,6785,Yassine Bounou,139016,Achraf Dari,Complete,12.202458,7.0,44.1,9.7,56.0
3869552,2022-12-14,Semi-finals,France,1,41,34,Morocco,139016,Achraf Dari,7459,Jawad El Yamiq,Complete,36.108864,33.7,59.6,34.5,23.5
3869552,2022-12-14,Semi-finals,France,1,41,42,Morocco,7459,Jawad El Yamiq,46258,Azzedine Ounahi,Complete,26.57066,44.4,24.8,52.2,50.2
3869552,2022-12-14,Semi-finals,France,1,41,44,Morocco,46258,Azzedine Ounahi,139016,Achraf Dari,Complete,19.13766,52.0,50.1,33.7,55.7
3869552,2022-12-14,Semi-finals,France,1,41,47,Morocco,139016,Achraf Dari,15890,Noussair Mazraoui,Complete,43.598625,39.2,55.4,46.4,12.4
3869552,2022-12-14,Semi-finals,France,1,41,53,Morocco,15890,Noussair Mazraoui,6301,Youssef En-Nesyri,Incomplete,70.2282,44.0,11.6,111.2,32.0
3869552,2022-12-14,Semi-finals,France,1,42,37,Morocco,5237,Hakim Ziyech,5234,Sofyan Amrabat,Incomplete,36.127136,65.8,77.7,64.4,41.6
3869552,2022-12-14,Semi-finals,France,1,42,49,Morocco,15890,Noussair Mazraoui,23774,Selim Amallah,Complete,18.794947,52.8,31.2,60.6,14.1
3869552,2022-12-14,Semi-finals,France,1,42,50,Morocco,23774,Selim Amallah,5234,Sofyan Amrabat,Complete,18.860806,60.0,14.3,44.2,24.6
3869552,2022-12-14,Semi-finals,France,1,42,53,Morocco,5234,Sofyan Amrabat,5245,Achraf Hakimi Mouh,Complete,54.07735,45.0,24.1,67.0,73.5
3869552,2022-12-14,Semi-finals,France,1,42,59,Morocco,5245,Achraf Hakimi Mouh,46258,Azzedine Ounahi,Complete,14.017489,85.8,74.6,85.1,60.6
3869552,2022-12-14,Semi-finals,France,1,43,1,Morocco,46258,Azzedine Ounahi,5245,Achraf Hakimi Mouh,Complete,22.075552,88.7,62.0,110.0,56.2
3869552,2022-12-14,Semi-finals,France,1,43,3,Morocco,5245,Achraf Hakimi Mouh,,,Incomplete,2.2203603,110.3,57.0,110.0,54.8
3869552,2022-12-14,Semi-finals,France,1,43,50,Morocco,5237,Hakim Ziyech,,,Incomplete,32.622078,120.0,80.0,116.2,47.6
3869552,2022-12-14,Semi-finals,France,1,43,56,Morocco,5245,Achraf Hakimi Mouh,7459,Jawad El Yamiq,Incomplete,3.7947333,112.0,30.6,108.4,31.8
3869552,2022-12-14,Semi-finals,France,1,43,58,Morocco,5234,Sofyan Amrabat,3625,Sofiane Boufal,Complete,15.570806,92.9,52.3,96.7,37.2
3869552,2022-12-14,Semi-finals,France,1,44,46,Morocco,7459,Jawad El Yamiq,6785,Yassine Bounou,Complete,29.31382,33.9,21.0,7.2,33.1
3869552,2022-12-14,Semi-finals,France,1,44,50,Morocco,6785,Yassine Bounou,5234,Sofyan Amrabat,Complete,10.547511,7.8,37.0,18.3,36.0
3869552,2022-12-14,Semi-finals,France,1,44,55,Morocco,5234,Sofyan Amrabat,5245,Achraf Hakimi Mouh,Complete,22.32353,41.5,52.3,52.0,72.0
3869552,2022-12-14,Semi-finals,France,1,44,58,Morocco,5245,Achraf Hakimi Mouh,46258,Azzedine Ounahi,Complete,20.453362,61.9,73.8,82.2,71.3
3869552,2022-12-14,Semi-finals,France,1,45,42,Morocco,5237,Hakim Ziyech,,,Incomplete,44.913807,120.0,80.0,112.6,35.7
3869552,2022-12-14,Semi-finals,France,1,46,24,Morocco,15890,Noussair Mazraoui,5234,Sofyan Amrabat,Complete,20.99762,44.4,19.8,32.5,37.1
3869552,2022-12-14,Semi-finals,France,1,46,25,Morocco,5234,Sofyan Amrabat,5237,Hakim Ziyech,Complete,50.142994,32.5,37.1,65.9,74.5
3869552,2022-12-14,Semi-finals,France,1,46,33,Morocco,5237,Hakim Ziyech,5245,Achraf Hakimi Mouh,Complete,8.956003,101.9,64.0,104.4,72.6
3869552,2022-12-14,Semi-finals,France,1,46,35,Morocco,5245,Achraf Hakimi Mouh,,,Incomplete,23.576471,104.8,72.9,108.4,49.6
3869552,2022-12-14,Semi-finals,France,1,46,49,Morocco,5245,Achraf Hakimi Mouh,3625,Sofiane Boufal,Complete,9.319335,104.2,80.0,104.8,70.7
3869552,2022-12-14,Semi-finals,France,1,46,50,Morocco,3625,Sofiane Boufal,5245,Achraf Hakimi Mouh,Complete,7.106335,104.2,71.6,102.5,78.5
3869552,2022-12-14,Semi-finals,France,1,46,51,Morocco,5245,Achraf Hakimi Mouh,3625,Sofiane Boufal,Complete,4.0792155,101.5,77.9,97.5,77.1
3869552,2022-12-14,Semi-finals,France,1,47,34,Morocco,5237,Hakim Ziyech,,,Incomplete,35.069786,98.4,77.6,113.4,45.9
3869552,2022-12-14,Semi-finals,France,1,48,11,Morocco,5237,Hakim Ziyech,23774,Selim Amallah,Out,38.65708,81.4,49.5,120.0,51.6
3869552,2022-12-14,Semi-finals,France,2,45,5,Morocco,5237,Hakim Ziyech,7459,Jawad El Yamiq,Complete,41.59279,38.6,57.4,27.2,17.4
3869552,2022-12-14,Semi-finals,France,2,45,8,Morocco,7459,Jawad El Yamiq,31295,Yahia Attiyat allah,Incomplete,10.220078,28.2,17.0,38.0,19.9
3869552,2022-12-14,Semi-finals,France,2,45,13,Morocco,31295,Yahia Attiyat allah,,,Unknown,22.897379,20.4,5.5,43.1,2.5
3869552,2022-12-14,Semi-finals,France,2,45,25,Morocco,31295,Yahia Attiyat allah,5234,Sofyan Amrabat,Complete,5.0447993,44.0,2.4,40.1,5.6
3869552,2022-12-14,Semi-finals,France,2,45,26,Morocco,5234,Sofyan Amrabat,7459,Jawad El Yamiq,Complete,11.287161,38.7,5.6,27.5,7.0
3869552,2022-12-14,Semi-finals,France,2,45,29,Morocco,7459,Jawad El Yamiq,139016,Achraf Dari,Complete,39.52164,27.0,7.7,20.6,46.7
3869552,2022-12-14,Semi-finals,France,2,45,35,Morocco,139016,Achraf Dari,5234,Sofyan Amrabat,Complete,13.5,34.3,47.7,47.8,47.7
3869552,2022-12-14,Semi-finals,France,2,45,36,Morocco,5234,Sofyan Amrabat,139016,Achraf Dari,Complete,13.223085,47.6,47.7,36.2,41.0
3869552,2022-12-14,Semi-finals,France,2,45,38,Morocco,139016,Achraf Dari,7459,Jawad El Yamiq,Complete,27.476717,36.2,41.0,41.8,14.1
3869552,2022-12-14,Semi-finals,France,2,45,40,Morocco,7459,Jawad El Yamiq,5234,Sofyan Amrabat,Complete,9.953894,43.1,13.6,52.3,17.4
3869552,2022-12-14,Semi-finals,France,2,45,45,Morocco,5234,Sofyan Amrabat,31295,Yahia Attiyat allah,Complete,11.378049,65.4,14.2,67.9,3.1
3869552,2022-12-14,Semi-finals,France,2,45,48,Morocco,31295,Yahia Attiyat allah,7459,Jawad El Yamiq,Complete,25.04496,67.9,3.1,45.4,14.1
3869552,2022-12-14,Semi-finals,France,2,45,50,Morocco,7459,Jawad El Yamiq,5234,Sofyan Amrabat,Complete,8.472308,45.4,14.1,53.7,12.4
3869552,2022-12-14,Semi-finals,France,2,45,52,Morocco,5234,Sofyan Amrabat,46258,Azzedine Ounahi,Complete,21.4,53.9,12.4,53.9,33.8
3869552,2022-12-14,Semi-finals,France,2,45,56,Morocco,46258,Azzedine Ounahi,5237,Hakim Ziyech,Out,46.173584,64.0,45.0,94.8,79.4
3869552,2022-12-14,Semi-finals,France,2,46,20,Morocco,5234,Sofyan Amrabat,46258,Azzedine Ounahi,Incomplete,6.328507,65.9,66.9,72.2,66.3
3869552,2022-12-14,Semi-finals,France,2,46,25,Morocco,5237,Hakim Ziyech,6301,Youssef En-Nesyri,Incomplete,18.993156,63.4,65.6,75.9,51.3
3869552,2022-12-14,Semi-finals,France,2,46,33,Morocco,5234,Sofyan Amrabat,23774,Selim Amallah,Complete,13.080137,55.9,39.5,66.4,31.7
3869552,2022-12-14,Semi-finals,France,2,48,29,Morocco,6785,Yassine Bounou,7459,Jawad El Yamiq,Complete,29.810736,14.0,46.6,26.2,19.4
3869552,2022-12-14,Semi-finals,France,2,48,42,Morocco,7459,Jawad El Yamiq,46258,Azzedine Ounahi,Complete,8.905055,53.9,25.8,57.6,33.9
3869552,2022-12-14,Semi-finals,France,2,48,43,Morocco,46258,Azzedine Ounahi,23774,Selim Amallah,Complete,25.152534,56.8,31.1,64.0,7.0
3869552,2022-12-14,Semi-finals,France,2,48,45,Morocco,23774,Selim Amallah,31295,Yahia Attiyat allah,Complete,11.388591,64.0,7.0,74.7,3.1
3869552,2022-12-14,Semi-finals,France,2,48,46,Morocco,31295,Yahia Attiyat allah,23774,Selim Amallah,Incomplete,2.2,75.3,3.6,77.5,3.6
3869552,2022-12-14,Semi-finals,France,2,48,52,Morocco,31295,Yahia Attiyat allah,7459,Jawad El Yamiq,Complete,24.329817,75.3,0.1,51.8,6.4
3869552,2022-12-14,Semi-finals,France,2,48,56,Morocco,7459,Jawad El Yamiq,139016,Achraf Dari,Complete,52.345486,45.4,7.7,41.5,59.9
3869552,2022-12-14,Semi-finals,France,2,49,1,Morocco,139016,Achraf Dari,5237,Hakim Ziyech,Complete,14.749237,52.5,62.4,67.0,59.7
3869552,2022-12-14,Semi-finals,France,2,49,4,Morocco,5237,Hakim Ziyech,5245,Achraf Hakimi Mouh,Complete,19.916075,62.9,59.2,74.2,75.6
3869552,2022-12-14,Semi-finals,France,2,49,6,Morocco,5245,Achraf Hakimi Mouh,46258,Azzedine Ounahi,Complete,18.279222,75.4,75.5,93.6,73.8
3869552,2022-12-14,Semi-finals,France,2,49,8,Morocco,46258,Azzedine Ounahi,5237,Hakim Ziyech,Complete,15.085092,93.1,73.8,108.1,72.2
3869552,2022-12-14,Semi-finals,France,2,49,10,Morocco,5237,Hakim Ziyech,46258,Azzedine Ounahi,Incomplete,12.030378,108.1,72.2,105.3,60.5
3869552,2022-12-14,Semi-finals,France,2,49,21,Morocco,5245,Achraf Hakimi Mouh,,,Incomplete,26.446362,83.9,67.5,99.3,46.0
3869552,2022-12-14,Semi-finals,France,2,49,30,Morocco,31295,Yahia Attiyat allah,5234,Sofyan Amrabat,Complete,9.398404,75.1,4.2,71.8,13.0
3869552,2022-12-14,Semi-finals,France,2,49,33,Morocco,5234,Sofyan Amrabat,139016,Achraf Dari,Complete,26.101532,71.8,13.0,57.0,34.5
3869552,2022-12-14,Semi-finals,France,2,49,35,Morocco,139016,Achraf Dari,46258,Azzedine Ounahi,Complete,10.060318,55.6,38.1,65.6,39.2
3869552,2022-12-14,Semi-finals,France,2,49,38,Morocco,46258,Azzedine Ounahi,5245,Achraf Hakimi Mouh,Complete,16.36704,73.4,48.3,86.2,58.5
3869552,2022-12-14,Semi-finals,France,2,49,42,Morocco,5245,Achraf Hakimi Mouh,5237,Hakim Ziyech,Complete,20.207176,90.1,58.5,105.4,71.7
3869552,2022-12-14,Semi-finals,France,2,49,47,Morocco,5237,Hakim Ziyech,,,Incomplete,22.936651,111.2,66.4,113.7,43.6
3869552,2022-12-14,Semi-finals,France,2,49,53,Morocco,139016,Achraf Dari,5234,Sofyan Amrabat,Complete,12.539936,69.3,62.5,70.3,50.0
3869552,2022-12-14,Semi-finals,France,2,49,55,Morocco,5234,Sofyan Amrabat,23774,Selim Amallah,Complete,16.729914,70.3,50.0,87.0,51.0
3869552,2022-12-14,Semi-finals,France,2,49,57,Morocco,23774,Selim Amallah,46258,Azzedine Ounahi,Complete,12.928264,81.4,53.3,78.1,65.8
3869552,2022-12-14,Semi-finals,France,2,50,2,Morocco,46258,Azzedine Ounahi,5245,Achraf Hakimi Mouh,Incomplete,7.648529,84.7,60.6,92.2,59.1
3869552,2022-12-14,Semi-finals,France,2,50,8,Morocco,5234,Sofyan Amrabat,7459,Jawad El Yamiq,Complete,34.70807,74.0,64.9,65.3,31.3
3869552,2022-12-14,Semi-finals,France,2,50,12,Morocco,7459,Jawad El Yamiq,31295,Yahia Attiyat allah,Complete,16.269297,66.7,31.6,81.7,25.3
3869552,2022-12-14,Semi-finals,France,2,50,14,Morocco,31295,Yahia Attiyat allah,7459,Jawad El Yamiq,Complete,12.209013,79.7,25.3,68.2,29.4
3869552,2022-12-14,Semi-finals,France,2,50,16,Morocco,7459,Jawad El Yamiq,5237,Hakim Ziyech,Complete,49.3146,65.9,33.6,93.6,74.4
3869552,2022-12-14,Semi-finals,France,2,50,19,Morocco,5237,Hakim Ziyech,5245,Achraf Hakimi Mouh,Complete,11.526057,94.0,74.4,95.7,63.0
3869552,2022-12-14,Semi-finals,France,2,50,20,Morocco,5245,Achraf Hakimi Mouh,5237,Hakim Ziyech,Complete,6.6,100.9,63.0,94.3,63.0
3869552,2022-12-14,Semi-finals,France,2,50,21,Morocco,5237,Hakim Ziyech,5245,Achraf Hakimi Mouh,Complete,14.17921,92.9,63.1,106.8,60.3
3869552,2022-12-14,Semi-finals,France,2,50,23,Morocco,5245,Achraf Hakimi Mouh,,,Incomplete,7.930952,108.6,55.3,107.9,47.4
3869552,2022-12-14,Semi-finals,France,2,50,42,Morocco,5234,Sofyan Amrabat,46258,Azzedine Ounahi,Complete,20.8,20.6,53.9,39.8,61.9
3869552,2022-12-14,Semi-finals,France,2,50,46,Morocco,46258,Azzedine Ounahi,6301,Youssef En-Nesyri,Incomplete,45.25185,57.2,65.8,101.4,56.1
3869552,2022-12-14,Semi-finals,France,2,52,16,Morocco,5245,Achraf Hakimi Mouh,139016,Achraf Dari,Complete,24.224367,75.7,80.0,57.6,63.9
3869552,2022-12-14,Semi-finals,France,2,52,20,Morocco,139016,Achraf Dari,7459,Jawad El Yamiq,Complete,28.04015,62.0,63.9,55.6,36.6
3869552,2022-12-14,Semi-finals,France,2,52,26,Morocco,7459,Jawad El Yamiq,46258,Azzedine Ounahi,Complete,28.601574,64.7,37.2,65.0,65.8
3869552,2022-12-14,Semi-finals,France,2,52,28,Morocco,46258,Azzedine Ounahi,5237,Hakim Ziyech,Complete,18.60027,68.6,63.8,82.0,76.7
3869552,2022-12-14,Semi-finals,France,2,52,31,Morocco,5237,Hakim Ziyech,46258,Azzedine Ounahi,Complete,13.152946,82.3,74.1,84.3,61.1
3869552,2022-12-14,Semi-finals,France,2,52,33,Morocco,46258,Azzedine Ounahi,3625,Sofiane Boufal,Complete,5.2239833,88.2,60.5,93.4,60.0
3869552,2022-12-14,Semi-finals,France,2,52,34,Morocco,3625,Sofiane Boufal,5237,Hakim Ziyech,Complete,15.611855,94.2,60.0,101.5,73.8
3869552,2022-12-14,Semi-finals,France,2,52,36,Morocco,5237,Hakim Ziyech,3625,Sofiane Boufal,Complete,11.405701,104.0,73.0,113.7,67.0
3869552,2022-12-14,Semi-finals,France,2,52,37,Morocco,3625,Sofiane Boufal,31295,Yahia Attiyat allah,Complete,30.727512,111.1,65.8,109.8,35.1
3869552,2022-12-14,Semi-finals,France,2,52,44,Morocco,5234,Sofyan Amrabat,5245,Achraf Hakimi Mouh,Complete,12.088011,84.2,48.3,87.6,59.9
3869552,2022-12-14,Semi-finals,France,2,52,48,Morocco,5245,Achraf Hakimi Mouh,5237,Hakim Ziyech,Incomplete,4.080441,82.5,59.4,86.4,60.6
3869552,2022-12-14,Semi-finals,France,2,52,51,Morocco,7459,Jawad El Yamiq,5234,Sofyan Amrabat,Complete,10.439348,67.6,48.3,69.3,58.6
3869552,2022-12-14,Semi-finals,France,2,52,52,Morocco,5234,Sofyan Amrabat,7459,Jawad El Yamiq,Complete,9.504736,68.2,57.2,67.9,47.7
3869552,2022-12-14,Semi-finals,France,2,52,55,Morocco,7459,Jawad El Yamiq,23774,Selim Amallah,Complete,19.92787,79.3,37.0,82.9,17.4
3869552,2022-12-14,Semi-finals,France,2,52,58,Morocco,23774,Selim Amallah,31295,Yahia Attiyat allah,Complete,24.063457,84.3,15.5,107.9,20.2
3869552,2022-12-14,Semi-finals,France,2,53,2,Morocco,31295,Yahia Attiyat allah,6301,Youssef En-Nesyri,Incomplete,14.120907,111.2,24.1,115.0,37.7
3869552,2022-12-14,Semi-finals,France,2,53,52,Morocco,7459,Jawad El Yamiq,23774,Selim Amallah,Incomplete,19.535864,41.5,7.5,60.9,5.2
3869552,2022-12-14,Semi-finals,France,2,53,55,Morocco,31295,Yahia Attiyat allah,6301,Youssef En-Nesyri,Incomplete,36.822956,45.7,3.6,82.5,4.9
3869552,2022-12-14,Semi-finals,France,2,54,7,Morocco,7459,Jawad El Yamiq,5234,Sofyan Amrabat,Complete,19.91507,27.5,0.1,32.0,19.5
3869552,2022-12-14,Semi-finals,France,2,54,13,Morocco,5234,Sofyan Amrabat,139016,Achraf Dari,Complete,26.106895,36.5,19.2,35.9,45.3
3869552,2022-12-14,Semi-finals,France,2,54,19,Morocco,139016,Achraf Dari,5237,Hakim Ziyech,Complete,10.965857,45.9,53.9,56.8,52.7
3869552,2022-12-14,Semi-finals,France,2,54,24,Morocco,5237,Hakim Ziyech,7459,Jawad El Yamiq,Complete,24.807257,62.8,47.5,63.4,22.7
3869552,2022-12-14,Semi-finals,France,2,54,27,Morocco,7459,Jawad El Yamiq,5237,Hakim Ziyech,Complete,9.81835,64.0,23.3,63.4,33.1
3869552,2022-12-14,Semi-finals,France,2,54,29,Morocco,5237,Hakim Ziyech,5245,Achraf Hakimi Mouh,Complete,43.040913,63.6,33.1,89.2,67.7
3869552,2022-12-14,Semi-finals,France,2,54,31,Morocco,5245,Achraf Hakimi Mouh,46258,Azzedine Ounahi,Complete,12.548306,88.2,67.7,100.7,66.6
3869552,2022-12-14,Semi-finals,France,2,54,34,Morocco,46258,Azzedine Ounahi,5245,Achraf Hakimi Mouh,Complete,9.815294,105.1,75.6,95.4,74.1
3869552,2022-12-14,Semi-finals,France,2,54,35,Morocco,5245,Achraf Hakimi Mouh,46258,Azzedine Ounahi,Incomplete,24.35775,91.8,75.5,115.7,70.8
3869552,2022-12-14,Semi-finals,France,2,54,47,Morocco,139016,Achraf Dari,7459,Jawad El Yamiq,Complete,19.913815,33.7,59.7,44.7,43.1
3869552,2022-12-14,Semi-finals,France,2,54,50,Morocco,7459,Jawad El Yamiq,23774,Selim Amallah,Complete,22.483994,49.3,33.9,70.6,26.7
3869552,2022-12-14,Semi-finals,France,2,54,52,Morocco,23774,Selim Amallah,7459,Jawad El Yamiq,Complete,18.071247,70.1,27.2,53.2,33.6
3869552,2022-12-14,Semi-finals,France,2,54,55,Morocco,7459,Jawad El Yamiq,5234,Sofyan Amrabat,Complete,13.009612,53.2,33.6,53.7,46.6
3869552,2022-12-14,Semi-finals,France,2,55,0,Morocco,5234,Sofyan Amrabat,3625,Sofiane Boufal,Complete,8.561542,58.2,41.7,66.1,45.0
3869552,2022-12-14,Semi-finals,France,2,55,0,Morocco,3625,Sofiane Boufal,139016,Achraf Dari,Complete,22.498444,66.7,44.2,57.0,64.5
3869552,2022-12-14,Semi-finals,France,2,55,3,Morocco,139016,Achraf Dari,5237,Hakim Ziyech,Complete,26.500189,57.2,64.5,82.3,73.0
3869552,2022-12-14,Semi-finals,France,2,55,9,Morocco,5237,Hakim Ziyech,7459,Jawad El Yamiq,Complete,33.258083,77.3,63.3,65.0,32.4
3869552,2022-12-14,Semi-finals,France,2,55,12,Morocco,7459,Jawad El Yamiq,23774,Selim Amallah,Incomplete,14.222517,74.8,25.3,89.0,24.5
3869552,2022-12-14,Semi-finals,France,2,55,44,Morocco,31295,Yahia Attiyat allah,139016,Achraf Dari,Complete,39.08056,60.9,0.1,38.9,32.4
3869552,2022-12-14,Semi-finals,France,2,55,49,Morocco,139016,Achraf Dari,5234,Sofyan Amrabat,Complete,8.023091,36.8,32.5,44.7,33.9
3869552,2022-12-14,Semi-finals,France,2,55,55,Morocco,5234,Sofyan Amrabat,5237,Hakim Ziyech,Complete,24.96898,64.2,44.1,82.3,61.3
3869552,2022-12-14,Semi-finals,France,2,55,59,Morocco,5237,Hakim Ziyech,5245,Achraf Hakimi Mouh,Complete,17.140594,94.0,61.0,105.4,73.8
3869552,2022-12-14,Semi-finals,France,2,56,1,Morocco,5245,Achraf Hakimi Mouh,5237,Hakim Ziyech,Complete,7.5239615,105.1,73.6,97.6,73.0
3869552,2022-12-14,Semi-finals,France,2,56,3,Morocco,5237,Hakim Ziyech,5245,Achraf Hakimi Mouh,Complete,11.350771,97.6,73.0,94.8,62.0
3869552,2022-12-14,Semi-finals,France,2,56,4,Morocco,5245,Achraf Hakimi Mouh,46258,Azzedine Ounahi,Complete,11.164677,97.0,63.3,85.9,64.5
3869552,2022-12-14,Semi-finals,France,2,56,6,Morocco,46258,Azzedine Ounahi,5234,Sofyan Amrabat,Complete,12.630123,91.4,65.2,89.0,52.8
3869552,2022-12-14,Semi-finals,France,2,56,7,Morocco,5234,Sofyan Amrabat,5237,Hakim Ziyech,Complete,21.537178,91.7,52.8,108.4,66.4
3869552,2022-12-14,Semi-finals,France,2,56,9,Morocco,5237,Hakim Ziyech,46258,Azzedine Ounahi,Complete,12.907749,108.1,66.4,113.1,54.5
3869552,2022-12-14,Semi-finals,France,2,56,10,Morocco,46258,Azzedine Ounahi,,,Incomplete,2.209072,113.1,55.3,112.9,53.1
3869552,2022-12-14,Semi-finals,France,2,56,12,Morocco,46258,Azzedine Ounahi,5245,Achraf Hakimi Mouh,Complete,5.434151,111.2,54.7,110.0,49.4
3869552,2022-12-14,Semi-finals,France,2,56,23,Morocco,139016,Achraf Dari,5237,Hakim Ziyech,Complete,11.737972,91.4,61.9,99.7,70.2
3869552,2022-12-14,Semi-finals,France,2,58,17,Morocco,6785,Yassine Bounou,139016,Achraf Dari,Complete,16.938713,6.0,36.0,12.6,51.6
3869552,2022-12-14,Semi-finals,France,2,58,21,Morocco,139016,Achraf Dari,5234,Sofyan Amrabat,Complete,28.712366,12.8,51.6,25.4,25.8
3869552,2022-12-14,Semi-finals,France,2,58,26,Morocco,5234,Sofyan Amrabat,3625,Sofiane Boufal,Complete,22.629185,43.4,12.8,53.6,33.0
3869552,2022-12-14,Semi-finals,France,2,58,28,Morocco,3625,Sofiane Boufal,139016,Achraf Dari,Complete,25.228754,55.0,35.2,41.8,56.7
3869552,2022-12-14,Semi-finals,France,2,58,31,Morocco,139016,Achraf Dari,5245,Achraf Hakimi Mouh,Complete,16.414627,42.5,61.3,54.5,72.5
3869552,2022-12-14,Semi-finals,France,2,58,34,Morocco,5245,Achraf Hakimi Mouh,5237,Hakim Ziyech,Complete,9.802041,58.1,72.0,67.9,72.2
3869552,2022-12-14,Semi-finals,France,2,58,35,Morocco,5237,Hakim Ziyech,5245,Achraf Hakimi Mouh,Complete,10.417294,68.6,72.8,58.2,72.2
3869552,2022-12-14,Semi-finals,France,2,58,37,Morocco,5245,Achraf Hakimi Mouh,139016,Achraf Dari,Complete,15.728954,58.2,71.7,46.4,61.3
3869552,2022-12-14,Semi-finals,France,2,58,40,Morocco,139016,Achraf Dari,7459,Jawad El Yamiq,Complete,41.838737,46.5,59.9,44.7,18.1
3869552,2022-12-14,Semi-finals,France,2,58,44,Morocco,7459,Jawad El Yamiq,6785,Yassine Bounou,Complete,28.001785,39.2,13.3,19.3,33.0
3869552,2022-12-14,Semi-finals,France,2,58,50,Morocco,6785,Yassine Bounou,139016,Achraf Dari,Complete,20.671236,25.0,34.9,28.9,55.2
3869552,2022-12-14,Semi-finals,France,2,58,53,Morocco,139016,Achraf Dari,5245,Achraf Hakimi Mouh,Complete,18.693583,30.4,56.6,40.7,72.2
3869552,2022-12-14,Semi-finals,France,2,58,55,Morocco,5245,Achraf Hakimi Mouh,46258,Azzedine Ounahi,Complete,9.441399,32.8,72.8,37.3,64.5
3869552,2022-12-14,Semi-finals,France,2,58,57,Morocco,46258,Azzedine Ounahi,139016,Achraf Dari,Complete,17.489712,38.1,63.0,26.4,50.0
3869552,2022-12-14,Semi-finals,France,2,59,1,Morocco,139016,Achraf Dari,7459,Jawad El Yamiq,Complete,28.334608,32.2,48.3,33.6,20.0
3869552,2022-12-14,Semi-finals,France,2,59,5,Morocco,7459,Jawad El Yamiq,139016,Achraf Dari,Complete,37.40481,33.6,20.0,34.2,57.4
3869552,2022-12-14,Semi-finals,France,2,59,8,Morocco,139016,Achraf Dari,5245,Achraf Hakimi Mouh,Complete,10.846197,34.3,56.7,35.3,67.5
3869552,2022-12-14,Semi-finals,France,2,59,12,Morocco,5245,Achraf Hakimi Mouh,46258,Azzedine Ounahi,Complete,26.680704,47.2,68.3,73.7,65.2
3869552,2022-12-14,Semi-finals,France,2,59,14,Morocco,46258,Azzedine Ounahi,3625,Sofiane Boufal,Complete,19.359753,78.1,63.6,94.3,74.2
3869552,2022-12-14,Semi-finals,France,2,59,19,Morocco,3625,Sofiane Boufal,5237,Hakim Ziyech,Incomplete,14.449913,100.1,71.1,98.9,56.7
3869552,2022-12-14,Semi-finals,France,2,59,50,Morocco,139016,Achraf Dari,46258,Azzedine Ounahi,Complete,20.0025,26.8,56.0,37.5,39.1
3869552,2022-12-14,Semi-finals,France,2,59,51,Morocco,46258,Azzedine Ounahi,23774,Selim Amallah,Complete,23.661995,45.4,51.9,63.7,36.9
3869552,2022-12-14,Semi-finals,France,2,59,52,Morocco,23774,Selim Amallah,3625,Sofiane Boufal,Complete,7.531268,62.9,36.4,64.3,43.8
3869552,2022-12-14,Semi-finals,France,2,59,53,Morocco,3625,Sofiane Boufal,7459,Jawad El Yamiq,Complete,36.504246,64.3,43.8,39.3,17.2
3869552,2022-12-14,Semi-finals,France,2,59,55,Morocco,7459,Jawad El Yamiq,5234,Sofyan Amrabat,Complete,9.626006,40.1,17.4,47.2,23.9
3869552,2022-12-14,Semi-finals,France,2,59,59,Morocco,5234,Sofyan Amrabat,5237,Hakim Ziyech,Complete,42.190044,51.7,33.3,67.3,72.5
3869552,2022-12-14,Semi-finals,France,2,60,1,Morocco,5237,Hakim Ziyech,5245,Achraf Hakimi Mouh,Complete,9.992497,69.5,73.1,60.3,69.2
3869552,2022-12-14,Semi-finals,France,2,60,2,Morocco,5245,Achraf Hakimi Mouh,5237,Hakim Ziyech,Complete,5.646238,63.1,68.9,65.3,74.1
3869552,2022-12-14,Semi-finals,France,2,60,5,Morocco,5237,Hakim Ziyech,139016,Achraf Dari,Complete,19.424984,57.8,71.1,46.5,55.3
3869552,2022-12-14,Semi-finals,France,2,60,9,Morocco,139016,Achraf Dari,5234,Sofyan Amrabat,Complete,23.537205,45.3,54.1,50.3,31.1
3869552,2022-12-14,Semi-finals,France,2,60,10,Morocco,5234,Sofyan Amrabat,46258,Azzedine Ounahi,Complete,32.63449,50.3,31.3,51.8,63.9
3869552,2022-12-14,Semi-finals,France,2,60,18,Morocco,46258,Azzedine Ounahi,5245,Achraf Hakimi Mouh,Complete,12.050726,76.5,67.7,78.4,55.8
3869552,2022-12-14,Semi-finals,France,2,60,20,Morocco,5245,Achraf Hakimi Mouh,46258,Azzedine Ounahi,Complete,10.963576,76.5,58.6,73.7,69.2
3869552,2022-12-14,Semi-finals,France,2,60,22,Morocco,46258,Azzedine Ounahi,139016,Achraf Dari,Complete,15.811388,69.8,68.1,56.8,59.1
3869552,2022-12-14,Semi-finals,France,2,60,25,Morocco,139016,Achraf Dari,31295,Yahia Attiyat allah,Incomplete,57.497913,59.8,60.5,92.2,13.0
3869552,2022-12-14,Semi-finals,France,2,61,12,Morocco,5234,Sofyan Amrabat,23774,Selim Amallah,Complete,18.882002,36.7,23.3,52.9,13.6
3869552,2022-12-14,Semi-finals,France,2,61,22,Morocco,31295,Yahia Attiyat allah,7459,Jawad El Yamiq,Complete,19.11073,40.1,0.1,27.2,14.2
3869552,2022-12-14,Semi-finals,France,2,61,26,Morocco,7459,Jawad El Yamiq,139016,Achraf Dari,Complete,31.807703,27.2,14.2,26.5,46.0
3869552,2022-12-14,Semi-finals,France,2,61,30,Morocco,139016,Achraf Dari,46258,Azzedine Ounahi,Complete,19.331322,34.3,43.8,53.6,44.9
3869552,2022-12-14,Semi-finals,France,2,61,32,Morocco,46258,Azzedine Ounahi,5237,Hakim Ziyech,Complete,33.961155,57.8,48.6,78.4,75.6
3869552,2022-12-14,Semi-finals,France,2,61,38,Morocco,5237,Hakim Ziyech,46258,Azzedine Ounahi,Complete,24.807257,87.2,71.7,112.0,71.1
3869552,2022-12-14,Semi-finals,France,2,61,50,Morocco,139016,Achraf Dari,5237,Hakim Ziyech,Complete,3.5846896,67.3,67.5,68.7,64.2
3869552,2022-12-14,Semi-finals,France,2,61,53,Morocco,5237,Hakim Ziyech,5245,Achraf Hakimi Mouh,Complete,16.06549,72.5,63.8,85.6,73.1
3869552,2022-12-14,Semi-finals,France,2,61,56,Morocco,5245,Achraf Hakimi Mouh,139016,Achraf Dari,Complete,17.196802,83.1,71.6,68.9,61.9
3869552,2022-12-14,Semi-finals,France,2,61,59,Morocco,139016,Achraf Dari,7459,Jawad El Yamiq,Complete,29.851131,68.9,61.7,65.9,32.0
3869552,2022-12-14,Semi-finals,France,2,62,2,Morocco,7459,Jawad El Yamiq,5234,Sofyan Amrabat,Complete,6.9892774,65.9,31.9,68.2,38.5
3869552,2022-12-14,Semi-finals,France,2,62,6,Morocco,5234,Sofyan Amrabat,139016,Achraf Dari,Complete,20.354115,72.5,31.1,70.0,51.3
3869552,2022-12-14,Semi-finals,France,2,62,9,Morocco,139016,Achraf Dari,3625,Sofiane Boufal,Complete,26.159893,70.0,51.3,86.5,71.6
3869552,2022-12-14,Semi-finals,France,2,62,16,Morocco,3625,Sofiane Boufal,,,Incomplete,13.230646,115.9,55.8,108.7,44.7
3869552,2022-12-14,Semi-finals,France,2,62,20,Morocco,139016,Achraf Dari,46258,Azzedine Ounahi,Complete,16.523922,75.7,63.1,85.9,76.1
3869552,2022-12-14,Semi-finals,France,2,62,21,Morocco,46258,Azzedine Ounahi,139016,Achraf Dari,Complete,19.055971,84.3,75.0,68.6,64.2
3869552,2022-12-14,Semi-finals,France,2,62,24,Morocco,139016,Achraf Dari,5234,Sofyan Amrabat,Complete,9.415413,68.6,64.2,77.3,60.6
3869552,2022-12-14,Semi-finals,France,2,62,25,Morocco,5234,Sofyan Amrabat,46258,Azzedine Ounahi,Complete,6.8883963,77.5,60.3,73.1,65.6
3869552,2022-12-14,Semi-finals,France,2,62,27,Morocco,46258,Azzedine Ounahi,7459,Jawad El Yamiq,Complete,29.436373,74.0,63.9,65.9,35.6
3869552,2022-12-14,Semi-finals,France,2,62,30,Morocco,7459,Jawad El Yamiq,23774,Selim Amallah,Complete,22.777182,65.9,35.6,73.7,14.2
3869552,2022-12-14,Semi-finals,France,2,62,34,Morocco,23774,Selim Amallah,7459,Jawad El Yamiq,Complete,15.340469,77.5,13.3,68.2,25.5
3869552,2022-12-14,Semi-finals,France,2,62,37,Morocco,7459,Jawad El Yamiq,139016,Achraf Dari,Complete,31.210255,69.3,25.8,70.1,57.0
3869552,2022-12-14,Semi-finals,France,2,62,40,Morocco,139016,Achraf Dari,5245,Achraf Hakimi Mouh,Complete,19.131388,69.8,56.7,81.8,71.6
3869552,2022-12-14,Semi-finals,France,2,62,43,Morocco,5245,Achraf Hakimi Mouh,46258,Azzedine Ounahi,Complete,12.913946,82.0,71.4,75.4,60.3
3869552,2022-12-14,Semi-finals,France,2,62,45,Morocco,46258,Azzedine Ounahi,5237,Hakim Ziyech,Complete,18.26034,75.4,60.3,91.4,69.1
3869552,2022-12-14,Semi-finals,France,2,62,49,Morocco,5237,Hakim Ziyech,6301,Youssef En-Nesyri,Incomplete,33.427086,96.8,68.0,110.7,37.6
3869552,2022-12-14,Semi-finals,France,2,63,57,Morocco,5245,Achraf Hakimi Mouh,5234,Sofyan Amrabat,Complete,12.220065,22.5,74.9,21.8,62.7
3869552,2022-12-14,Semi-finals,France,2,63,59,Morocco,5234,Sofyan Amrabat,23774,Selim Amallah,Complete,29.293344,24.8,62.5,38.1,36.4
3869552,2022-12-14,Semi-finals,France,2,64,1,Morocco,23774,Selim Amallah,5237,Hakim Ziyech,Complete,16.744253,36.1,36.4,31.5,52.5
3869552,2022-12-14,Semi-finals,France,2,64,2,Morocco,5237,Hakim Ziyech,7459,Jawad El Yamiq,Complete,25.59707,31.5,52.5,22.6,28.5
3869552,2022-12-14,Semi-finals,France,2,64,5,Morocco,7459,Jawad El Yamiq,31295,Yahia Attiyat allah,Complete,28.494385,25.4,27.4,38.7,2.2
3869552,2022-12-14,Semi-finals,France,2,64,8,Morocco,31295,Yahia Attiyat allah,5237,Hakim Ziyech,Complete,11.3,38.7,2.2,38.7,13.5
3869552,2022-12-14,Semi-finals,France,2,64,11,Morocco,5237,Hakim Ziyech,5234,Sofyan Amrabat,Complete,13.809055,47.2,9.7,46.7,23.5
3869552,2022-12-14,Semi-finals,France,2,64,12,Morocco,5234,Sofyan Amrabat,5237,Hakim Ziyech,Complete,12.603571,46.7,22.8,47.0,10.2
3869552,2022-12-14,Semi-finals,France,2,64,14,Morocco,5237,Hakim Ziyech,5234,Sofyan Amrabat,Complete,6.0166435,49.3,9.7,55.1,8.1
3869552,2022-12-14,Semi-finals,France,2,64,20,Morocco,5234,Sofyan Amrabat,3625,Sofiane Boufal,Complete,8.354639,63.1,7.8,64.7,16.0
3869552,2022-12-14,Semi-finals,France,2,64,23,Morocco,3625,Sofiane Boufal,31295,Yahia Attiyat allah,Out,30.909546,72.5,15.5,99.3,0.1
3869552,2022-12-14,Semi-finals,France,2,65,6,Morocco,139016,Achraf Dari,,,Incomplete,19.02761,62.9,24.7,81.8,22.5
3869552,2022-12-14,Semi-finals,France,2,66,9,Morocco,6785,Yassine Bounou,139016,Achraf Dari,Complete,30.524088,6.0,36.0,25.6,59.4
3869552,2022-12-14,Semi-finals,France,2,66,17,Morocco,139016,Achraf Dari,7459,Jawad El Yamiq,Complete,43.202892,45.3,52.7,44.8,9.5
3869552,2022-12-14,Semi-finals,France,2,66,20,Morocco,7459,Jawad El Yamiq,5234,Sofyan Amrabat,Complete,10.945775,44.7,9.5,55.6,10.5
3869552,2022-12-14,Semi-finals,France,2,66,25,Morocco,5234,Sofyan Amrabat,46258,Azzedine Ounahi,Complete,29.79547,57.6,11.4,64.0,40.5
3869552,2022-12-14,Semi-finals,France,2,66,32,Morocco,46258,Azzedine Ounahi,5234,Sofyan Amrabat,Complete,17.042593,52.0,53.3,54.2,36.4
3869552,2022-12-14,Semi-finals,France,2,66,39,Morocco,5234,Sofyan Amrabat,5237,Hakim Ziyech,Complete,17.87568,74.5,39.5,77.0,57.2
3869552,2022-12-14,Semi-finals,France,2,66,45,Morocco,5237,Hakim Ziyech,31295,Yahia Attiyat allah,Complete,33.11193,81.4,25.2,114.0,19.4
3869552,2022-12-14,Semi-finals,France,2,66,49,Morocco,31295,Yahia Attiyat allah,21736,Zakaria Aboukhlal,Incomplete,17.60284,112.6,19.4,114.5,36.9
3869552,2022-12-14,Semi-finals,France,2,68,46,Morocco,6785,Yassine Bounou,139016,Achraf Dari,Complete,7.539231,10.0,45.0,12.8,52.0
3869552,2022-12-14,Semi-finals,France,2,68,48,Morocco,139016,Achraf Dari,5234,Sofyan Amrabat,Complete,23.851625,15.1,52.0,36.8,61.9
3869552,2022-12-14,Semi-finals,France,2,68,52,Morocco,5234,Sofyan Amrabat,21736,Zakaria Aboukhlal,Incomplete,68.32115,39.3,61.1,88.6,13.8
3869552,2022-12-14,Semi-finals,France,2,69,7,Morocco,23774,Selim Amallah,7459,Jawad El Yamiq,Complete,16.793154,19.0,11.0,13.9,27.0
3869552,2022-12-14,Semi-finals,France,2,69,9,Morocco,7459,Jawad El Yamiq,46258,Azzedine Ounahi,Complete,9.518929,13.7,24.5,23.2,23.9
3869552,2022-12-14,Semi-finals,France,2,69,10,Morocco,46258,Azzedine Ounahi,7459,Jawad El Yamiq,Complete,10.557462,24.8,23.9,14.3,22.8
3869552,2022-12-14,Semi-finals,France,2,69,12,Morocco,7459,Jawad El Yamiq,31295,Yahia Attiyat allah,Complete,20.723417,15.0,22.5,26.1,5.0
3869552,2022-12-14,Semi-finals,France,2,69,15,Morocco,31295,Yahia Attiyat allah,46258,Azzedine Ounahi,Complete,9.392018,27.5,3.8,24.5,12.7
3869552,2022-12-14,Semi-finals,France,2,69,17,Morocco,46258,Azzedine Ounahi,7459,Jawad El Yamiq,Complete,9.518929,26.1,12.7,21.1,20.8
3869552,2022-12-14,Semi-finals,France,2,69,19,Morocco,7459,Jawad El Yamiq,139016,Achraf Dari,Complete,31.22467,18.9,22.0,13.2,52.7
3869552,2022-12-14,Semi-finals,France,2,69,22,Morocco,139016,Achraf Dari,5245,Achraf Hakimi Mouh,Complete,24.656439,16.7,53.1,30.4,73.6
3869552,2022-12-14,Semi-finals,France,2,69,29,Morocco,5245,Achraf Hakimi Mouh,46258,Azzedine Ounahi,Complete,11.46342,43.9,69.5,52.9,62.4
3869552,2022-12-14,Semi-finals,France,2,69,30,Morocco,46258,Azzedine Ounahi,5245,Achraf Hakimi Mouh,Complete,5.95483,52.9,62.4,48.4,66.3
3869552,2022-12-14,Semi-finals,France,2,69,32,Morocco,5245,Achraf Hakimi Mouh,59493,Abderrazak Hamdallah,Complete,27.085236,48.6,65.2,75.1,70.8
3869552,2022-12-14,Semi-finals,France,2,69,35,Morocco,59493,Abderrazak Hamdallah,,,Incomplete,11.116204,82.5,72.5,83.1,61.4
3869552,2022-12-14,Semi-finals,France,2,71,12,Morocco,6785,Yassine Bounou,5234,Sofyan Amrabat,Complete,54.21476,6.0,36.0,55.0,12.8
3869552,2022-12-14,Semi-finals,France,2,71,16,Morocco,5234,Sofyan Amrabat,139016,Achraf Dari,Complete,36.87221,54.2,12.4,42.6,47.4
3869552,2022-12-14,Semi-finals,France,2,71,19,Morocco,139016,Achraf Dari,7459,Jawad El Yamiq,Complete,28.319605,42.6,47.0,40.0,18.8
3869552,2022-12-14,Semi-finals,France,2,71,21,Morocco,7459,Jawad El Yamiq,5234,Sofyan Amrabat,Complete,11.859595,40.0,18.6,51.2,14.7
3869552,2022-12-14,Semi-finals,France,2,71,25,Morocco,5234,Sofyan Amrabat,7459,Jawad El Yamiq,Complete,11.9,53.7,14.4,43.2,20.0
3869552,2022-12-14,Semi-finals,France,2,71,27,Morocco,7459,Jawad El Yamiq,139016,Achraf Dari,Complete,26.898514,41.8,20.0,44.1,46.8
3869552,2022-12-14,Semi-finals,France,2,71,30,Morocco,139016,Achraf Dari,5245,Achraf Hakimi Mouh,Complete,20.055174,45.6,51.7,57.0,68.2
3869552,2022-12-14,Semi-finals,France,2,71,33,Morocco,5245,Achraf Hakimi Mouh,46258,Azzedine Ounahi,Complete,17.85497,57.0,68.2,70.4,56.4
3869552,2022-12-14,Semi-finals,France,2,71,34,Morocco,46258,Azzedine Ounahi,,,Incomplete,17.91089,69.6,57.7,85.2,66.5
3869552,2022-12-14,Semi-finals,France,2,71,37,Morocco,5245,Achraf Hakimi Mouh,46258,Azzedine Ounahi,Complete,15.016324,63.8,64.7,78.8,65.4
3869552,2022-12-14,Semi-finals,France,2,71,45,Morocco,5237,Hakim Ziyech,5234,Sofyan Amrabat,Complete,11.997083,70.4,69.0,62.7,59.8
3869552,2022-12-14,Semi-finals,France,2,71,46,Morocco,5234,Sofyan Amrabat,23774,Selim Amallah,Incomplete,8.980535,62.9,59.6,69.2,53.2
3869552,2022-12-14,Semi-finals,France,2,72,33,Morocco,139016,Achraf Dari,59493,Abderrazak Hamdallah,Incomplete,36.02721,44.3,48.9,77.9,35.9
3869552,2022-12-14,Semi-finals,France,2,72,39,Morocco,5245,Achraf Hakimi Mouh,6785,Yassine Bounou,Complete,22.39866,36.9,52.8,15.0,48.1
3869552,2022-12-14,Semi-finals,France,2,72,44,Morocco,6785,Yassine Bounou,7459,Jawad El Yamiq,Complete,27.261145,19.5,50.8,29.4,25.4
3869552,2022-12-14,Semi-finals,France,2,72,49,Morocco,7459,Jawad El Yamiq,5234,Sofyan Amrabat,Complete,9.124144,37.3,22.0,45.4,26.2
3869552,2022-12-14,Semi-finals,France,2,72,53,Morocco,5234,Sofyan Amrabat,7459,Jawad El Yamiq,Complete,13.193938,42.2,25.8,39.0,13.0
3869552,2022-12-14,Semi-finals,France,2,72,55,Morocco,7459,Jawad El Yamiq,31295,Yahia Attiyat allah,Complete,15.132085,39.0,13.0,49.7,2.3
3869552,2022-12-14,Semi-finals,France,2,72,58,Morocco,31295,Yahia Attiyat allah,,,Incomplete,3.0066593,50.3,2.3,53.3,2.1
3869552,2022-12-14,Semi-finals,France,2,73,4,Morocco,31295,Yahia Attiyat allah,7459,Jawad El Yamiq,Complete,12.557467,52.5,0.1,48.8,12.1
3869552,2022-12-14,Semi-finals,France,2,73,8,Morocco,7459,Jawad El Yamiq,139016,Achraf Dari,Complete,26.101725,38.3,17.5,38.6,43.6
3869552,2022-12-14,Semi-finals,France,2,73,11,Morocco,139016,Achraf Dari,5245,Achraf Hakimi Mouh,Complete,25.41358,47.3,54.5,64.4,73.3
3869552,2022-12-14,Semi-finals,France,2,73,16,Morocco,5245,Achraf Hakimi Mouh,5237,Hakim Ziyech,Complete,9.716481,77.1,73.1,75.6,63.5
3869552,2022-12-14,Semi-finals,France,2,73,17,Morocco,5237,Hakim Ziyech,46258,Azzedine Ounahi,Incomplete,15.965588,76.0,65.6,90.3,58.5
3869552,2022-12-14,Semi-finals,France,2,73,36,Morocco,6785,Yassine Bounou,46258,Azzedine Ounahi,Complete,16.696407,6.0,44.0,20.6,52.1
3869552,2022-12-14,Semi-finals,France,2,73,40,Morocco,46258,Azzedine Ounahi,5237,Hakim Ziyech,Complete,13.013839,45.6,57.5,55.0,66.5
3869552,2022-12-14,Semi-finals,France,2,73,43,Morocco,5237,Hakim Ziyech,5245,Achraf Hakimi Mouh,Complete,15.206906,63.4,68.0,77.1,74.6
3869552,2022-12-14,Semi-finals,France,2,73,47,Morocco,5245,Achraf Hakimi Mouh,46258,Azzedine Ounahi,Complete,13.060245,85.8,70.7,93.7,60.3
3869552,2022-12-14,Semi-finals,France,2,73,48,Morocco,46258,Azzedine Ounahi,5245,Achraf Hakimi Mouh,Complete,3.2649655,94.6,60.5,92.5,63.0
3869552,2022-12-14,Semi-finals,France,2,73,51,Morocco,5245,Achraf Hakimi Mouh,46258,Azzedine Ounahi,Complete,10.764757,96.7,59.6,105.5,65.8
3869552,2022-12-14,Semi-finals,France,2,73,52,Morocco,46258,Azzedine Ounahi,5237,Hakim Ziyech,Complete,13.82353,105.7,66.2,92.7,61.5
3869552,2022-12-14,Semi-finals,France,2,73,53,Morocco,5237,Hakim Ziyech,5245,Achraf Hakimi Mouh,Complete,8.91852,92.7,61.5,97.2,53.8
3869552,2022-12-14,Semi-finals,France,2,73,54,Morocco,5245,Achraf Hakimi Mouh,5237,Hakim Ziyech,Incomplete,3.8275318,97.2,53.8,99.3,57.0
3869552,2022-12-14,Semi-finals,France,2,73,56,Morocco,46258,Azzedine Ounahi,23774,Selim Amallah,Incomplete,31.792137,99.3,68.8,103.6,37.3
3869552,2022-12-14,Semi-finals,France,2,75,8,Morocco,59493,Abderrazak Hamdallah,21736,Zakaria Aboukhlal,Complete,5.0328918,116.4,21.8,111.7,20.0
3869552,2022-12-14,Semi-finals,France,2,75,11,Morocco,21736,Zakaria Aboukhlal,,,Incomplete,2.376973,116.0,20.9,116.6,23.2
3869552,2022-12-14,Semi-finals,France,2,75,13,Morocco,21736,Zakaria Aboukhlal,31295,Yahia Attiyat allah,Complete,14.047064,117.9,16.6,111.3,4.2
3869552,2022-12-14,Semi-finals,France,2,76,16,Morocco,6785,Yassine Bounou,5234,Sofyan Amrabat,Complete,21.410746,6.0,44.0,25.9,51.9
3869552,2022-12-14,Semi-finals,France,2,76,18,Morocco,5234,Sofyan Amrabat,7459,Jawad El Yamiq,Complete,31.03192,25.7,52.1,32.4,21.8
3869552,2022-12-14,Semi-finals,France,2,76,21,Morocco,7459,Jawad El Yamiq,5234,Sofyan Amrabat,Complete,20.732824,35.1,21.5,38.8,41.9
3869552,2022-12-14,Semi-finals,France,2,76,26,Morocco,5234,Sofyan Amrabat,46258,Azzedine Ounahi,Complete,7.8549347,46.7,55.1,50.8,61.8
3869552,2022-12-14,Semi-finals,France,2,76,29,Morocco,46258,Azzedine Ounahi,7459,Jawad El Yamiq,Complete,36.761395,57.4,62.4,51.0,26.2
3869552,2022-12-14,Semi-finals,France,2,76,33,Morocco,7459,Jawad El Yamiq,139016,Achraf Dari,Complete,17.05579,45.6,26.7,37.3,41.6
3869552,2022-12-14,Semi-finals,France,2,76,37,Morocco,139016,Achraf Dari,5245,Achraf Hakimi Mouh,Complete,20.306648,47.8,57.3,60.8,72.9
3869552,2022-12-14,Semi-finals,France,2,76,41,Morocco,5245,Achraf Hakimi Mouh,5237,Hakim Ziyech,Complete,6.685058,62.9,72.4,59.1,66.9
3869552,2022-12-14,Semi-finals,France,2,76,43,Morocco,5237,Hakim Ziyech,5234,Sofyan Amrabat,Complete,23.903347,57.8,67.7,57.4,43.8
3869552,2022-12-14,Semi-finals,France,2,76,46,Morocco,5234,Sofyan Amrabat,31295,Yahia Attiyat allah,Complete,43.65192,62.7,35.9,89.7,1.6
3869552,2022-12-14,Semi-finals,France,2,76,48,Morocco,31295,Yahia Attiyat allah,21736,Zakaria Aboukhlal,Complete,15.50774,89.7,2.1,95.7,16.4
3869552,2022-12-14,Semi-finals,France,2,76,57,Morocco,7459,Jawad El Yamiq,31295,Yahia Attiyat allah,Complete,9.6166525,66.4,7.8,73.2,1.0
3869552,2022-12-14,Semi-finals,France,2,77,6,Morocco,59493,Abderrazak Hamdallah,,,Out,11.859595,116.4,19.4,120.0,30.7
3869552,2022-12-14,Semi-finals,France,2,78,23,Morocco,5237,Hakim Ziyech,21736,Zakaria Aboukhlal,Incomplete,21.198112,55.9,62.0,74.9,52.6
3869552,2022-12-14,Semi-finals,France,2,78,31,Morocco,7459,Jawad El Yamiq,46258,Azzedine Ounahi,Incomplete,11.321661,52.5,33.7,63.2,37.4
3869552,2022-12-14,Semi-finals,France,2,80,32,Morocco,59493,Abderrazak Hamdallah,5234,Sofyan Amrabat,Complete,13.709121,60.0,40.0,46.3,39.5
3869552,2022-12-14,Semi-finals,France,2,80,34,Morocco,5234,Sofyan Amrabat,5245,Achraf Hakimi Mouh,Complete,29.181501,46.5,41.4,58.5,68.0
3869552,2022-12-14,Semi-finals,France,2,80,36,Morocco,5245,Achraf Hakimi Mouh,5234,Sofyan Amrabat,Complete,14.415617,59.3,66.7,62.3,52.6
3869552,2022-12-14,Semi-finals,France,2,80,39,Morocco,5234,Sofyan Amrabat,46258,Azzedine Ounahi,Complete,19.936148,61.4,52.1,60.2,32.2
3869552,2022-12-14,Semi-finals,France,2,80,42,Morocco,46258,Azzedine Ounahi,5234,Sofyan Amrabat,Complete,9.992497,55.0,41.4,57.4,51.1
3869552,2022-12-14,Semi-finals,France,2,80,51,Morocco,5234,Sofyan Amrabat,149714,Abdessamad Ezzalzouli,Complete,38.70465,73.0,43.1,103.6,19.4
3869552,2022-12-14,Semi-finals,France,2,81,1,Morocco,7459,Jawad El Yamiq,5234,Sofyan Amrabat,Complete,17.296532,64.0,4.4,61.4,21.5
3869552,2022-12-14,Semi-finals,France,2,81,7,Morocco,5234,Sofyan Amrabat,149714,Abdessamad Ezzalzouli,Incomplete,21.941969,73.6,17.5,93.7,8.7
3869552,2022-12-14,Semi-finals,France,2,82,27,Morocco,149714,Abdessamad Ezzalzouli,7459,Jawad El Yamiq,Complete,16.924833,54.2,0.1,38.3,5.9
3869552,2022-12-14,Semi-finals,France,2,82,29,Morocco,7459,Jawad El Yamiq,46258,Azzedine Ounahi,Complete,8.631338,39.0,6.8,47.5,5.3
3869552,2022-12-14,Semi-finals,France,2,82,40,Morocco,46258,Azzedine Ounahi,5245,Achraf Hakimi Mouh,Complete,13.5,62.3,50.6,62.3,64.1
3869552,2022-12-14,Semi-finals,France,2,82,43,Morocco,5245,Achraf Hakimi Mouh,139016,Achraf Dari,Complete,20.940153,64.0,60.9,46.0,50.2
3869552,2022-12-14,Semi-finals,France,2,82,45,Morocco,139016,Achraf Dari,5234,Sofyan Amrabat,Complete,17.83704,47.5,50.0,56.5,34.6
3869552,2022-12-14,Semi-finals,France,2,82,48,Morocco,5234,Sofyan Amrabat,149714,Abdessamad Ezzalzouli,Complete,35.84913,63.8,32.7,82.8,2.3
3869552,2022-12-14,Semi-finals,France,2,82,54,Morocco,149714,Abdessamad Ezzalzouli,5234,Sofyan Amrabat,Complete,10.885311,90.5,11.5,80.5,15.8
3869552,2022-12-14,Semi-finals,France,2,82,56,Morocco,5234,Sofyan Amrabat,5245,Achraf Hakimi Mouh,Out,60.233627,79.8,19.4,87.8,79.1
3869552,2022-12-14,Semi-finals,France,2,84,37,Morocco,5237,Hakim Ziyech,,,Incomplete,25.119116,88.2,62.8,106.6,45.7
3869552,2022-12-14,Semi-finals,France,2,84,45,Morocco,31295,Yahia Attiyat allah,46258,Azzedine Ounahi,Complete,39.373215,56.5,44.6,69.4,7.4
3869552,2022-12-14,Semi-finals,France,2,84,51,Morocco,46258,Azzedine Ounahi,,,Incomplete,4.438468,76.4,13.6,74.7,17.7
3869552,2022-12-14,Semi-finals,France,2,84,58,Morocco,7459,Jawad El Yamiq,31295,Yahia Attiyat allah,Complete,10.780074,52.7,0.1,44.1,6.6
3869552,2022-12-14,Semi-finals,France,2,85,3,Morocco,31295,Yahia Attiyat allah,149714,Abdessamad Ezzalzouli,Complete,22.220036,53.1,7.4,74.9,3.1
3869552,2022-12-14,Semi-finals,France,2,85,5,Morocco,149714,Abdessamad Ezzalzouli,31295,Yahia Attiyat allah,Complete,14.805405,77.1,1.9,62.3,2.3
3869552,2022-12-14,Semi-finals,France,2,85,7,Morocco,31295,Yahia Attiyat allah,7459,Jawad El Yamiq,Complete,20.883007,63.6,2.7,50.3,18.8
3869552,2022-12-14,Semi-finals,France,2,85,10,Morocco,7459,Jawad El Yamiq,46258,Azzedine Ounahi,Complete,9.2358,50.5,18.8,58.2,23.9
3869552,2022-12-14,Semi-finals,France,2,85,12,Morocco,46258,Azzedine Ounahi,5234,Sofyan Amrabat,Complete,30.203642,54.8,26.5,52.3,56.6
3869552,2022-12-14,Semi-finals,France,2,85,16,Morocco,5234,Sofyan Amrabat,5237,Hakim Ziyech,Complete,27.461245,52.5,58.8,75.1,74.4
3869552,2022-12-14,Semi-finals,France,2,85,18,Morocco,5237,Hakim Ziyech,5245,Achraf Hakimi Mouh,Complete,10.623088,75.1,74.4,85.4,71.8
3869552,2022-12-14,Semi-finals,France,2,85,21,Morocco,5245,Achraf Hakimi Mouh,5234,Sofyan Amrabat,Complete,17.944916,82.6,70.7,68.5,59.6
3869552,2022-12-14,Semi-finals,France,2,85,24,Morocco,5234,Sofyan Amrabat,31295,Yahia Attiyat allah,Complete,58.450832,75.8,60.0,86.3,2.5
3869552,2022-12-14,Semi-finals,France,2,85,27,Morocco,31295,Yahia Attiyat allah,7459,Jawad El Yamiq,Complete,33.208584,86.3,2.5,57.2,18.5
3869552,2022-12-14,Semi-finals,France,2,85,30,Morocco,7459,Jawad El Yamiq,46258,Azzedine Ounahi,Complete,11.011357,57.2,17.0,64.2,8.5
3869552,2022-12-14,Semi-finals,France,2,85,34,Morocco,46258,Azzedine Ounahi,31295,Yahia Attiyat allah,Complete,18.588438,70.9,8.9,88.2,2.1
3869552,2022-12-14,Semi-finals,France,2,85,36,Morocco,31295,Yahia Attiyat allah,21736,Zakaria Aboukhlal,Complete,42.001904,93.1,1.4,107.1,41.0
3869552,2022-12-14,Semi-finals,France,2,86,25,Morocco,139016,Achraf Dari,5245,Achraf Hakimi Mouh,Complete,19.163769,25.7,54.5,35.1,71.2
3869552,2022-12-14,Semi-finals,France,2,86,30,Morocco,5245,Achraf Hakimi Mouh,5237,Hakim Ziyech,Complete,6.228965,51.4,73.3,57.6,72.7
3869552,2022-12-14,Semi-finals,France,2,86,47,Morocco,5234,Sofyan Amrabat,5237,Hakim Ziyech,Complete,5.8309517,58.2,70.1,57.6,64.3
3869552,2022-12-14,Semi-finals,France,2,86,51,Morocco,5237,Hakim Ziyech,5245,Achraf Hakimi Mouh,Complete,20.44138,79.0,70.7,99.3,73.1
3869552,2022-12-14,Semi-finals,France,2,87,39,Morocco,5245,Achraf Hakimi Mouh,139016,Achraf Dari,Complete,10.983624,37.1,57.0,31.1,47.8
3869552,2022-12-14,Semi-finals,France,2,87,41,Morocco,139016,Achraf Dari,7459,Jawad El Yamiq,Complete,16.1524,29.6,46.6,30.9,30.5
3869552,2022-12-14,Semi-finals,France,2,87,42,Morocco,7459,Jawad El Yamiq,5234,Sofyan Amrabat,Complete,16.274212,29.8,23.9,40.1,36.5
3869552,2022-12-14,Semi-finals,France,2,87,47,Morocco,5234,Sofyan Amrabat,46258,Azzedine Ounahi,Complete,17.788198,53.1,32.2,58.0,15.1
3869552,2022-12-14,Semi-finals,France,2,87,50,Morocco,46258,Azzedine Ounahi,31295,Yahia Attiyat allah,Complete,17.255724,64.4,13.4,76.4,1.0
3869552,2022-12-14,Semi-finals,France,2,87,53,Morocco,31295,Yahia Attiyat allah,46258,Azzedine Ounahi,Incomplete,13.300376,88.8,5.5,80.9,16.2
3869552,2022-12-14,Semi-finals,France,2,88,55,Morocco,5245,Achraf Hakimi Mouh,5234,Sofyan Amrabat,Complete,16.009996,37.7,67.1,41.3,51.5
3869552,2022-12-14,Semi-finals,France,2,88,58,Morocco,5234,Sofyan Amrabat,46258,Azzedine Ounahi,Complete,19.416489,47.5,47.4,46.7,28.0
3869552,2022-12-14,Semi-finals,France,2,89,0,Morocco,46258,Azzedine Ounahi,7459,Jawad El Yamiq,Complete,8.807384,46.7,28.0,38.1,29.9
3869552,2022-12-14,Semi-finals,France,2,89,2,Morocco,7459,Jawad El Yamiq,5234,Sofyan Amrabat,Complete,12.747156,39.0,30.7,51.0,35.0
3869552,2022-12-14,Semi-finals,France,2,89,9,Morocco,5234,Sofyan Amrabat,31295,Yahia Attiyat allah,Complete,26.359058,74.7,30.9,80.1,5.1
3869552,2022-12-14,Semi-finals,France,2,89,13,Morocco,31295,Yahia Attiyat allah,46258,Azzedine Ounahi,Complete,9.527329,86.7,4.2,78.1,8.3
3869552,2022-12-14,Semi-finals,France,2,89,18,Morocco,46258,Azzedine Ounahi,21736,Zakaria Aboukhlal,Pass Offside,25.927784,80.3,20.3,106.2,21.5
3869552,2022-12-14,Semi-finals,France,2,89,54,Morocco,139016,Achraf Dari,5237,Hakim Ziyech,Complete,21.476732,34.7,51.7,54.2,60.7
3869552,2022-12-14,Semi-finals,France,2,89,58,Morocco,5237,Hakim Ziyech,5245,Achraf Hakimi Mouh,Complete,7.376313,55.5,74.2,48.4,72.2
3869552,2022-12-14,Semi-finals,France,2,89,58,Morocco,5245,Achraf Hakimi Mouh,59493,Abderrazak Hamdallah,Complete,18.305191,48.6,72.0,63.8,61.8
3869552,2022-12-14,Semi-finals,France,2,90,1,Morocco,59493,Abderrazak Hamdallah,5237,Hakim Ziyech,Out,32.868984,69.2,60.0,96.3,78.6
3869552,2022-12-14,Semi-finals,France,2,90,41,Morocco,59493,Abderrazak Hamdallah,5245,Achraf Hakimi Mouh,Incomplete,2.7018511,75.8,75.4,74.1,73.3
3869552,2022-12-14,Semi-finals,France,2,90,49,Morocco,5245,Achraf Hakimi Mouh,7459,Jawad El Yamiq,Complete,22.111761,66.4,80.0,54.6,61.3
3869552,2022-12-14,Semi-finals,France,2,90,53,Morocco,7459,Jawad El Yamiq,46258,Azzedine Ounahi,Complete,30.909546,49.7,50.8,61.9,22.4
3869552,2022-12-14,Semi-finals,France,2,91,0,Morocco,46258,Azzedine Ounahi,31295,Yahia Attiyat allah,Out,20.742468,92.7,12.8,109.1,0.1
3869552,2022-12-14,Semi-finals,France,2,91,20,Morocco,7459,Jawad El Yamiq,5234,Sofyan Amrabat,Complete,9.929753,71.9,1.6,80.1,7.2
3869552,2022-12-14,Semi-finals,France,2,91,21,Morocco,5234,Sofyan Amrabat,,,Incomplete,3.4234486,82.0,9.1,81.6,5.7
3869552,2022-12-14,Semi-finals,France,2,91,24,Morocco,7459,Jawad El Yamiq,5245,Achraf Hakimi Mouh,Complete,16.611141,68.7,22.6,65.5,38.9
3869552,2022-12-14,Semi-finals,France,2,91,47,Morocco,5245,Achraf Hakimi Mouh,21736,Zakaria Aboukhlal,Complete,31.69306,38.6,54.7,70.0,59.0
3869552,2022-12-14,Semi-finals,France,2,92,2,Morocco,5245,Achraf Hakimi Mouh,5237,Hakim Ziyech,Complete,12.048652,76.4,80.0,80.3,68.6
3869552,2022-12-14,Semi-finals,France,2,92,18,Morocco,139016,Achraf Dari,5234,Sofyan Amrabat,Complete,13.68247,46.3,57.0,57.4,65.0
3869552,2022-12-14,Semi-finals,France,2,92,21,Morocco,5234,Sofyan Amrabat,5245,Achraf Hakimi Mouh,Complete,10.9,62.3,65.8,73.2,65.8
3869552,2022-12-14,Semi-finals,France,2,92,24,Morocco,5245,Achraf Hakimi Mouh,5234,Sofyan Amrabat,Complete,8.845903,71.5,64.1,62.7,65.0
3869552,2022-12-14,Semi-finals,France,2,92,27,Morocco,5234,Sofyan Amrabat,21736,Zakaria Aboukhlal,Complete,19.148108,64.4,66.0,82.8,60.7
3869552,2022-12-14,Semi-finals,France,2,92,29,Morocco,21736,Zakaria Aboukhlal,5237,Hakim Ziyech,Complete,23.584742,91.8,59.8,110.0,74.8
3869552,2022-12-14,Semi-finals,France,2,92,35,Morocco,5237,Hakim Ziyech,5234,Sofyan Amrabat,Complete,21.07368,111.7,73.9,90.8,71.2
3869552,2022-12-14,Semi-finals,France,2,92,38,Morocco,5234,Sofyan Amrabat,,,Incomplete,32.784447,92.3,69.7,107.4,40.6
3869552,2022-12-14,Semi-finals,France,2,93,0,Morocco,5237,Hakim Ziyech,5234,Sofyan Amrabat,Complete,16.62077,120.0,80.0,108.5,68.0
3869552,2022-12-14,Semi-finals,France,2,93,3,Morocco,5234,Sofyan Amrabat,,,Incomplete,29.398129,105.9,66.0,108.3,36.7
3869552,2022-12-14,Semi-finals,France,2,93,15,Morocco,31295,Yahia Attiyat allah,6785,Yassine Bounou,Complete,29.065615,43.9,62.0,25.5,39.5
3869552,2022-12-14,Semi-finals,France,2,93,19,Morocco,6785,Yassine Bounou,149714,Abdessamad Ezzalzouli,Complete,40.527645,28.3,31.4,57.6,3.4
3869552,2022-12-14,Semi-finals,France,2,93,32,Morocco,149714,Abdessamad Ezzalzouli,46258,Azzedine Ounahi,Complete,18.420097,117.9,32.0,103.2,43.1
3869552,2022-12-14,Semi-finals,France,2,94,0,Morocco,5245,Achraf Hakimi Mouh,5234,Sofyan Amrabat,Complete,14.080128,80.9,80.0,79.4,66.0
3869552,2022-12-14,Semi-finals,France,2,94,2,Morocco,5234,Sofyan Amrabat,5237,Hakim Ziyech,Complete,12.022063,80.5,66.0,90.8,59.8
3869552,2022-12-14,Semi-finals,France,2,94,5,Morocco,5237,Hakim Ziyech,31295,Yahia Attiyat allah,Complete,22.060144,88.0,57.5,74.7,39.9
3869552,2022-12-14,Semi-finals,France,2,94,8,Morocco,31295,Yahia Attiyat allah,7459,Jawad El Yamiq,Complete,14.698639,75.6,38.4,61.0,36.7
3869552,2022-12-14,Semi-finals,France,2,94,10,Morocco,7459,Jawad El Yamiq,5237,Hakim Ziyech,Complete,9.847335,63.8,35.2,71.9,40.8
3869552,2022-12-14,Semi-finals,France,2,94,12,Morocco,5237,Hakim Ziyech,21736,Zakaria Aboukhlal,Pass Offside,32.757595,74.7,36.1,107.2,32.0
3869552,2022-12-14,Semi-finals,France,2,95,5,Morocco,5245,Achraf Hakimi Mouh,46258,Azzedine Ounahi,Complete,13.648809,28.3,61.8,38.1,52.3
3869552,2022-12-14,Semi-finals,France,2,95,8,Morocco,46258,Azzedine Ounahi,6785,Yassine Bounou,Complete,36.59358,38.8,52.8,4.3,65.0
3869552,2022-12-14,Semi-finals,France,2,95,16,Morocco,6785,Yassine Bounou,7459,Jawad El Yamiq,Complete,21.058252,20.6,45.7,26.2,25.4
3869552,2022-12-14,Semi-finals,France,2,95,19,Morocco,7459,Jawad El Yamiq,6785,Yassine Bounou,Complete,12.879829,25.1,26.5,19.3,38.0
3869552,2022-12-14,Semi-finals,France,2,95,19,Morocco,6785,Yassine Bounou,46258,Azzedine Ounahi,Complete,14.3,19.3,38.4,33.6,38.4
3869552,2022-12-14,Semi-finals,France,2,95,22,Morocco,46258,Azzedine Ounahi,5234,Sofyan Amrabat,Complete,22.407587,30.2,43.1,33.9,65.2
3869552,2022-12-14,Semi-finals,France,2,95,24,Morocco,5234,Sofyan Amrabat,139016,Achraf Dari,Complete,17.392527,34.3,62.2,20.0,52.3
3869552,2022-12-14,Semi-finals,France,2,95,27,Morocco,139016,Achraf Dari,5234,Sofyan Amrabat,Complete,10.107918,21.0,53.4,31.1,53.8
3869220,2022-12-06,Round of 16,Spain,1,1,14,Morocco,15890,Noussair Mazraoui,23774,Selim Amallah,Complete,3.9597979,45.4,9.6,42.6,12.4
3869220,2022-12-06,Round of 16,Spain,1,1,16,Morocco,23774,Selim Amallah,15890,Noussair Mazraoui,Complete,7.119691,44.7,4.0,48.2,10.2
3869220,2022-12-06,Round of 16,Spain,1,1,18,Morocco,15890,Noussair Mazraoui,46258,Azzedine Ounahi,Complete,13.74409,51.8,11.7,50.7,25.4
3869220,2022-12-06,Round of 16,Spain,1,1,19,Morocco,46258,Azzedine Ounahi,5234,Sofyan Amrabat,Complete,8.127115,50.7,25.4,43.0,22.8
3869220,2022-12-06,Round of 16,Spain,1,1,21,Morocco,5234,Sofyan Amrabat,12149,Nayef Aguerd,Complete,20.0,41.1,24.6,29.1,40.6
3869220,2022-12-06,Round of 16,Spain,1,1,23,Morocco,12149,Nayef Aguerd,5245,Achraf Hakimi Mouh,Complete,30.875881,27.6,47.0,33.0,77.4
3869220,2022-12-06,Round of 16,Spain,1,1,26,Morocco,5245,Achraf Hakimi Mouh,5237,Hakim Ziyech,Out,10.089599,29.6,77.6,39.4,80.0
3869220,2022-12-06,Round of 16,Spain,1,3,35,Morocco,46258,Azzedine Ounahi,12149,Nayef Aguerd,Complete,9.918165,26.8,52.6,16.9,53.2
3869220,2022-12-06,Round of 16,Spain,1,3,36,Morocco,12149,Nayef Aguerd,5245,Achraf Hakimi Mouh,Complete,16.03278,16.9,53.2,20.6,68.8
3869220,2022-12-06,Round of 16,Spain,1,3,39,Morocco,5245,Achraf Hakimi Mouh,46258,Azzedine Ounahi,Complete,13.524792,27.6,73.5,40.0,78.9
3869220,2022-12-06,Round of 16,Spain,1,4,33,Morocco,46258,Azzedine Ounahi,5237,Hakim Ziyech,Complete,7.0434365,46.5,72.3,50.9,77.8
3869220,2022-12-06,Round of 16,Spain,1,4,35,Morocco,5237,Hakim Ziyech,46258,Azzedine Ounahi,Complete,15.253197,56.7,78.7,63.8,65.2
3869220,2022-12-06,Round of 16,Spain,1,4,37,Morocco,46258,Azzedine Ounahi,5237,Hakim Ziyech,Complete,31.323154,66.4,62.0,92.9,78.7
3869220,2022-12-06,Round of 16,Spain,1,5,54,Morocco,6785,Yassine Bounou,3625,Sofiane Boufal,Complete,92.38744,7.0,44.1,92.0,7.9
3869220,2022-12-06,Round of 16,Spain,1,6,1,Morocco,3625,Sofiane Boufal,,,Incomplete,15.6894865,110.4,12.6,107.4,28.0
3869220,2022-12-06,Round of 16,Spain,1,6,6,Morocco,23774,Selim Amallah,3625,Sofiane Boufal,Complete,11.588356,103.4,16.6,108.9,6.4
3869220,2022-12-06,Round of 16,Spain,1,6,19,Morocco,15890,Noussair Mazraoui,5234,Sofyan Amrabat,Complete,24.531204,103.8,0.1,81.1,9.4
3869220,2022-12-06,Round of 16,Spain,1,6,22,Morocco,5234,Sofyan Amrabat,5219,Romain Saïss,Complete,35.869904,77.3,15.6,45.0,31.2
3869220,2022-12-06,Round of 16,Spain,1,6,24,Morocco,5219,Romain Saïss,12149,Nayef Aguerd,Complete,24.28374,45.0,31.2,40.7,55.1
3869220,2022-12-06,Round of 16,Spain,1,6,28,Morocco,12149,Nayef Aguerd,5219,Romain Saïss,Complete,25.85208,40.7,55.1,33.4,30.3
3869220,2022-12-06,Round of 16,Spain,1,6,32,Morocco,5219,Romain Saïss,3625,Sofiane Boufal,Out,83.282234,36.8,21.1,120.0,24.8
3869220,2022-12-06,Round of 16,Spain,1,8,29,Morocco,5219,Romain Saïss,6785,Yassine Bounou,Complete,9.090654,13.1,25.0,7.3,32.0
3869220,2022-12-06,Round of 16,Spain,1,8,31,Morocco,6785,Yassine Bounou,12149,Nayef Aguerd,Complete,15.021318,7.3,32.0,6.5,47.0
3869220,2022-12-06,Round of 16,Spain,1,8,32,Morocco,12149,Nayef Aguerd,,,Out,50.66764,5.8,48.9,45.8,80.0
3869220,2022-12-06,Round of 16,Spain,1,9,29,Morocco,5234,Sofyan Amrabat,6785,Yassine Bounou,Complete,26.948284,27.6,58.8,9.0,39.3
3869220,2022-12-06,Round of 16,Spain,1,9,32,Morocco,6785,Yassine Bounou,,,Incomplete,62.95427,8.8,38.9,70.6,26.9
3869220,2022-12-06,Round of 16,Spain,1,11,44,Morocco,46258,Azzedine Ounahi,,,Incomplete,8.0062475,28.9,55.8,36.8,54.5
3869220,2022-12-06,Round of 16,Spain,1,11,54,Morocco,46258,Azzedine Ounahi,5245,Achraf Hakimi Mouh,Complete,18.638937,31.7,71.0,16.3,60.5
3869220,2022-12-06,Round of 16,Spain,1,11,56,Morocco,5245,Achraf Hakimi Mouh,6785,Yassine Bounou,Complete,19.005789,16.3,60.5,6.2,44.4
3869220,2022-12-06,Round of 16,Spain,1,12,1,Morocco,6785,Yassine Bounou,5219,Romain Saïss,Complete,6.7742157,3.0,33.3,9.7,32.3
3869220,2022-12-06,Round of 16,Spain,1,12,3,Morocco,5219,Romain Saïss,15890,Noussair Mazraoui,Complete,22.673553,9.7,32.3,6.9,9.8
3869220,2022-12-06,Round of 16,Spain,1,12,7,Morocco,15890,Noussair Mazraoui,,,Incomplete,4.031129,9.7,5.7,13.7,6.2
3869220,2022-12-06,Round of 16,Spain,1,12,22,Morocco,15890,Noussair Mazraoui,6301,Youssef En-Nesyri,Complete,25.444252,13.7,0.1,38.3,6.6
3869220,2022-12-06,Round of 16,Spain,1,12,22,Morocco,6301,Youssef En-Nesyri,,,Unknown,11.401754,38.3,6.6,49.7,6.4
3869220,2022-12-06,Round of 16,Spain,1,12,34,Morocco,3625,Sofiane Boufal,5237,Hakim Ziyech,Complete,73.73337,49.7,6.4,80.7,73.3
3869220,2022-12-06,Round of 16,Spain,1,12,36,Morocco,5237,Hakim Ziyech,5234,Sofyan Amrabat,Complete,49.819874,80.7,73.3,48.6,35.2
3869220,2022-12-06,Round of 16,Spain,1,13,2,Morocco,12149,Nayef Aguerd,3625,Sofiane Boufal,Complete,56.357784,45.6,52.1,77.0,5.3
3869220,2022-12-06,Round of 16,Spain,1,13,11,Morocco,12149,Nayef Aguerd,46258,Azzedine Ounahi,Complete,19.681463,40.0,35.5,52.0,51.1
3869220,2022-12-06,Round of 16,Spain,1,13,13,Morocco,46258,Azzedine Ounahi,5245,Achraf Hakimi Mouh,Complete,11.1400175,48.8,51.5,44.1,61.6
3869220,2022-12-06,Round of 16,Spain,1,13,15,Morocco,5245,Achraf Hakimi Mouh,5237,Hakim Ziyech,Complete,18.638937,48.2,63.3,58.7,78.7
3869220,2022-12-06,Round of 16,Spain,1,13,18,Morocco,5237,Hakim Ziyech,5245,Achraf Hakimi Mouh,Complete,13.113733,58.7,78.7,50.1,68.8
3869220,2022-12-06,Round of 16,Spain,1,13,21,Morocco,5245,Achraf Hakimi Mouh,12149,Nayef Aguerd,Complete,16.510906,47.3,63.9,30.8,63.3
3869220,2022-12-06,Round of 16,Spain,1,13,24,Morocco,12149,Nayef Aguerd,6785,Yassine Bounou,Complete,24.714571,28.3,62.0,11.8,43.6
3869220,2022-12-06,Round of 16,Spain,1,13,30,Morocco,6785,Yassine Bounou,,,Incomplete,46.95913,15.0,37.4,60.4,25.4
3869220,2022-12-06,Round of 16,Spain,1,13,36,Morocco,5245,Achraf Hakimi Mouh,12149,Nayef Aguerd,Complete,12.432618,38.3,54.5,26.4,58.1
3869220,2022-12-06,Round of 16,Spain,1,13,39,Morocco,12149,Nayef Aguerd,6785,Yassine Bounou,Complete,22.464417,21.9,57.9,7.1,41.0
3869220,2022-12-06,Round of 16,Spain,1,13,41,Morocco,6785,Yassine Bounou,12149,Nayef Aguerd,Complete,19.956453,7.7,42.1,9.2,62.0
3869220,2022-12-06,Round of 16,Spain,1,13,48,Morocco,12149,Nayef Aguerd,5245,Achraf Hakimi Mouh,Complete,19.36001,22.1,67.3,38.1,78.2
3869220,2022-12-06,Round of 16,Spain,1,13,54,Morocco,5245,Achraf Hakimi Mouh,23774,Selim Amallah,Complete,22.424316,46.0,53.9,59.1,35.7
3869220,2022-12-06,Round of 16,Spain,1,13,56,Morocco,23774,Selim Amallah,15890,Noussair Mazraoui,Complete,16.902662,58.4,37.6,58.7,20.7
3869220,2022-12-06,Round of 16,Spain,1,13,59,Morocco,15890,Noussair Mazraoui,3625,Sofiane Boufal,Complete,22.919207,70.8,22.8,85.6,5.3
3869220,2022-12-06,Round of 16,Spain,1,14,1,Morocco,3625,Sofiane Boufal,15890,Noussair Mazraoui,Complete,28.572714,87.7,6.6,115.5,13.2
3869220,2022-12-06,Round of 16,Spain,1,14,4,Morocco,15890,Noussair Mazraoui,,,Incomplete,33.833267,115.5,13.2,117.0,47.0
3869220,2022-12-06,Round of 16,Spain,1,15,44,Morocco,46258,Azzedine Ounahi,5245,Achraf Hakimi Mouh,Out,7.874643,23.8,74.0,28.9,80.0
3869220,2022-12-06,Round of 16,Spain,1,16,3,Morocco,46258,Azzedine Ounahi,5234,Sofyan Amrabat,Complete,11.61809,33.4,45.9,25.7,37.2
3869220,2022-12-06,Round of 16,Spain,1,16,7,Morocco,5234,Sofyan Amrabat,5219,Romain Saïss,Complete,17.057842,24.0,45.5,14.4,31.4
3869220,2022-12-06,Round of 16,Spain,1,16,8,Morocco,5219,Romain Saïss,6785,Yassine Bounou,Complete,13.813399,14.4,31.4,2.8,38.9
3869220,2022-12-06,Round of 16,Spain,1,16,9,Morocco,6785,Yassine Bounou,15890,Noussair Mazraoui,Complete,32.831997,2.8,38.9,19.1,10.4
3869220,2022-12-06,Round of 16,Spain,1,16,12,Morocco,15890,Noussair Mazraoui,5219,Romain Saïss,Complete,15.469001,19.1,10.4,4.3,14.9
3869220,2022-12-06,Round of 16,Spain,1,16,14,Morocco,5219,Romain Saïss,,,Incomplete,28.117788,4.3,14.9,30.8,5.5
3869220,2022-12-06,Round of 16,Spain,1,16,20,Morocco,5234,Sofyan Amrabat,,,Incomplete,2.4207437,27.4,18.1,28.9,16.2
3869220,2022-12-06,Round of 16,Spain,1,16,44,Morocco,15890,Noussair Mazraoui,6301,Youssef En-Nesyri,Complete,30.855145,13.9,0.1,43.7,8.1
3869220,2022-12-06,Round of 16,Spain,1,16,45,Morocco,6301,Youssef En-Nesyri,5237,Hakim Ziyech,Pass Offside,22.447495,43.7,8.1,58.7,24.8
3869220,2022-12-06,Round of 16,Spain,1,17,10,Morocco,5234,Sofyan Amrabat,5219,Romain Saïss,Complete,19.535864,37.0,44.7,27.2,27.8
3869220,2022-12-06,Round of 16,Spain,1,17,12,Morocco,5219,Romain Saïss,6785,Yassine Bounou,Complete,23.47765,27.2,27.8,5.6,37.0
3869220,2022-12-06,Round of 16,Spain,1,17,16,Morocco,6785,Yassine Bounou,15890,Noussair Mazraoui,Complete,27.869158,3.9,29.3,18.4,5.5
3869220,2022-12-06,Round of 16,Spain,1,18,7,Morocco,6785,Yassine Bounou,15890,Noussair Mazraoui,Complete,40.79473,16.1,41.2,35.1,5.1
3869220,2022-12-06,Round of 16,Spain,1,18,23,Morocco,5237,Hakim Ziyech,5245,Achraf Hakimi Mouh,Complete,10.916501,29.6,62.0,18.7,62.6
3869220,2022-12-06,Round of 16,Spain,1,18,26,Morocco,5245,Achraf Hakimi Mouh,5237,Hakim Ziyech,Incomplete,39.572845,23.6,73.3,63.1,75.7
3869220,2022-12-06,Round of 16,Spain,1,18,38,Morocco,5245,Achraf Hakimi Mouh,12149,Nayef Aguerd,Complete,15.602884,49.9,72.3,34.3,72.0
3869220,2022-12-06,Round of 16,Spain,1,18,43,Morocco,12149,Nayef Aguerd,5234,Sofyan Amrabat,Complete,22.366045,34.3,69.0,22.5,50.0
3869220,2022-12-06,Round of 16,Spain,1,18,46,Morocco,5234,Sofyan Amrabat,46258,Azzedine Ounahi,Complete,18.776848,20.8,45.3,33.2,31.2
3869220,2022-12-06,Round of 16,Spain,1,18,49,Morocco,46258,Azzedine Ounahi,5219,Romain Saïss,Complete,26.940119,25.3,32.5,3.7,16.4
3869220,2022-12-06,Round of 16,Spain,1,18,51,Morocco,5219,Romain Saïss,6785,Yassine Bounou,Complete,12.6,3.7,16.4,3.7,29.0
3869220,2022-12-06,Round of 16,Spain,1,18,53,Morocco,6785,Yassine Bounou,3625,Sofiane Boufal,Complete,47.275894,3.7,29.0,50.7,23.9
3869220,2022-12-06,Round of 16,Spain,1,18,56,Morocco,3625,Sofiane Boufal,,,Incomplete,2.0396078,50.7,23.9,52.7,24.3
3869220,2022-12-06,Round of 16,Spain,1,19,42,Morocco,3625,Sofiane Boufal,5237,Hakim Ziyech,Incomplete,62.317654,54.4,14.9,83.7,69.9
3869220,2022-12-06,Round of 16,Spain,1,19,52,Morocco,5245,Achraf Hakimi Mouh,5237,Hakim Ziyech,Complete,6.902898,68.9,74.6,74.3,78.9
3869220,2022-12-06,Round of 16,Spain,1,19,56,Morocco,5237,Hakim Ziyech,5245,Achraf Hakimi Mouh,Complete,28.045143,85.8,77.2,113.6,73.5
3869220,2022-12-06,Round of 16,Spain,1,20,2,Morocco,5245,Achraf Hakimi Mouh,,,Incomplete,2.596151,113.8,74.8,111.3,75.5
3869220,2022-12-06,Round of 16,Spain,1,20,4,Morocco,5245,Achraf Hakimi Mouh,,,Incomplete,28.956001,119.6,73.7,111.5,45.9
3869220,2022-12-06,Round of 16,Spain,1,20,9,Morocco,12149,Nayef Aguerd,5234,Sofyan Amrabat,Complete,6.4257298,79.2,71.0,85.2,73.3
3869220,2022-12-06,Round of 16,Spain,1,20,49,Morocco,5237,Hakim Ziyech,,,Incomplete,32.368195,81.8,73.3,99.5,46.2
3869220,2022-12-06,Round of 16,Spain,1,20,54,Morocco,5245,Achraf Hakimi Mouh,15890,Noussair Mazraoui,Complete,40.768246,73.0,57.7,49.2,24.6
3869220,2022-12-06,Round of 16,Spain,1,21,3,Morocco,15890,Noussair Mazraoui,5234,Sofyan Amrabat,Complete,14.978985,45.4,19.2,32.8,27.3
3869220,2022-12-06,Round of 16,Spain,1,21,5,Morocco,5234,Sofyan Amrabat,6785,Yassine Bounou,Complete,19.146017,25.5,27.3,14.4,42.9
3869220,2022-12-06,Round of 16,Spain,1,21,9,Morocco,6785,Yassine Bounou,12149,Nayef Aguerd,Complete,15.201316,16.1,46.4,31.3,46.2
3869220,2022-12-06,Round of 16,Spain,1,21,12,Morocco,12149,Nayef Aguerd,5234,Sofyan Amrabat,Complete,18.122086,31.3,46.2,33.4,28.2
3869220,2022-12-06,Round of 16,Spain,1,21,18,Morocco,5234,Sofyan Amrabat,3625,Sofiane Boufal,Complete,25.978645,57.4,24.3,76.6,6.8
3869220,2022-12-06,Round of 16,Spain,1,21,25,Morocco,3625,Sofiane Boufal,6301,Youssef En-Nesyri,Complete,22.135944,97.2,10.6,104.2,31.6
3869220,2022-12-06,Round of 16,Spain,1,21,26,Morocco,6301,Youssef En-Nesyri,,,Incomplete,12.601587,104.2,31.6,104.0,44.2
3869220,2022-12-06,Round of 16,Spain,1,21,32,Morocco,5237,Hakim Ziyech,,,Incomplete,2.8,115.8,62.2,115.8,59.4
3869220,2022-12-06,Round of 16,Spain,1,22,2,Morocco,5245,Achraf Hakimi Mouh,46258,Azzedine Ounahi,Complete,19.44865,110.2,80.0,90.9,77.6
3869220,2022-12-06,Round of 16,Spain,1,22,5,Morocco,46258,Azzedine Ounahi,5234,Sofyan Amrabat,Complete,8.766413,88.8,77.0,87.1,68.4
3869220,2022-12-06,Round of 16,Spain,1,22,6,Morocco,5234,Sofyan Amrabat,46258,Azzedine Ounahi,Incomplete,6.9526973,87.1,68.4,92.4,72.9
3869220,2022-12-06,Round of 16,Spain,1,22,12,Morocco,23774,Selim Amallah,5219,Romain Saïss,Complete,17.755281,73.8,47.2,56.3,50.2
3869220,2022-12-06,Round of 16,Spain,1,22,14,Morocco,5219,Romain Saïss,12149,Nayef Aguerd,Complete,18.445595,52.7,51.7,49.7,69.9
3869220,2022-12-06,Round of 16,Spain,1,22,17,Morocco,12149,Nayef Aguerd,5245,Achraf Hakimi Mouh,Complete,14.611297,49.7,69.9,64.0,66.9
3869220,2022-12-06,Round of 16,Spain,1,22,20,Morocco,5245,Achraf Hakimi Mouh,5234,Sofyan Amrabat,Complete,19.69873,59.5,65.6,44.7,52.6
3869220,2022-12-06,Round of 16,Spain,1,22,23,Morocco,5234,Sofyan Amrabat,5245,Achraf Hakimi Mouh,Complete,12.617845,39.4,53.0,50.5,59.0
3869220,2022-12-06,Round of 16,Spain,1,22,26,Morocco,5245,Achraf Hakimi Mouh,5237,Hakim Ziyech,Complete,15.681837,49.0,69.7,61.4,79.3
3869220,2022-12-06,Round of 16,Spain,1,22,28,Morocco,5237,Hakim Ziyech,5245,Achraf Hakimi Mouh,Incomplete,31.797012,61.4,79.3,92.2,71.4
3869220,2022-12-06,Round of 16,Spain,1,22,46,Morocco,5245,Achraf Hakimi Mouh,46258,Azzedine Ounahi,Complete,6.3,87.1,80.0,87.1,73.7
3869220,2022-12-06,Round of 16,Spain,1,22,48,Morocco,46258,Azzedine Ounahi,,,Out,5.5362444,86.5,74.8,88.4,80.0
3869220,2022-12-06,Round of 16,Spain,1,23,30,Morocco,5234,Sofyan Amrabat,46258,Azzedine Ounahi,Complete,13.006152,64.4,37.6,64.0,50.6
3869220,2022-12-06,Round of 16,Spain,1,24,29,Morocco,46258,Azzedine Ounahi,5219,Romain Saïss,Complete,40.406063,58.9,63.5,34.1,31.6
3869220,2022-12-06,Round of 16,Spain,1,24,30,Morocco,5219,Romain Saïss,6785,Yassine Bounou,Complete,21.377558,33.0,32.7,12.0,36.7
3869220,2022-12-06,Round of 16,Spain,1,24,33,Morocco,6785,Yassine Bounou,15890,Noussair Mazraoui,Complete,31.583065,12.2,36.7,31.5,11.7
3869220,2022-12-06,Round of 16,Spain,1,24,38,Morocco,15890,Noussair Mazraoui,6785,Yassine Bounou,Complete,22.447495,23.8,13.4,8.8,30.1
3869220,2022-12-06,Round of 16,Spain,1,24,42,Morocco,6785,Yassine Bounou,,,Incomplete,38.057983,5.2,37.8,22.3,71.8
3869220,2022-12-06,Round of 16,Spain,1,25,34,Morocco,6785,Yassine Bounou,,,Incomplete,67.02902,9.5,38.2,75.5,26.5
3869220,2022-12-06,Round of 16,Spain,1,26,32,Morocco,6785,Yassine Bounou,,,Incomplete,71.652565,7.0,36.1,77.5,23.3
3869220,2022-12-06,Round of 16,Spain,1,28,25,Morocco,6785,Yassine Bounou,,,Incomplete,47.594643,17.4,32.7,64.9,29.7
3869220,2022-12-06,Round of 16,Spain,1,28,29,Morocco,5234,Sofyan Amrabat,6301,Youssef En-Nesyri,Complete,24.997,37.0,41.0,61.9,43.2
3869220,2022-12-06,Round of 16,Spain,1,28,30,Morocco,6301,Youssef En-Nesyri,,,Incomplete,13.164346,61.9,43.2,52.2,52.1
3869220,2022-12-06,Round of 16,Spain,1,28,42,Morocco,5234,Sofyan Amrabat,5237,Hakim Ziyech,Complete,38.17604,49.7,50.2,75.1,78.7
3869220,2022-12-06,Round of 16,Spain,1,28,46,Morocco,5237,Hakim Ziyech,5245,Achraf Hakimi Mouh,Complete,16.501211,74.1,78.2,57.6,78.0
3869220,2022-12-06,Round of 16,Spain,1,28,49,Morocco,5245,Achraf Hakimi Mouh,12149,Nayef Aguerd,Complete,27.907885,57.6,78.0,33.4,64.1
3869220,2022-12-06,Round of 16,Spain,1,28,52,Morocco,12149,Nayef Aguerd,6785,Yassine Bounou,Complete,24.882322,33.4,64.1,18.2,44.4
3869220,2022-12-06,Round of 16,Spain,1,28,57,Morocco,6785,Yassine Bounou,3625,Sofiane Boufal,Pass Offside,50.224495,18.7,38.7,63.4,15.8
3869220,2022-12-06,Round of 16,Spain,1,29,34,Morocco,5219,Romain Saïss,6301,Youssef En-Nesyri,Incomplete,35.9071,66.8,17.7,101.4,27.3
3869220,2022-12-06,Round of 16,Spain,1,30,55,Morocco,5219,Romain Saïss,6785,Yassine Bounou,Complete,13.736084,15.2,25.0,5.0,34.2
3869220,2022-12-06,Round of 16,Spain,1,30,56,Morocco,6785,Yassine Bounou,,,Incomplete,53.298405,5.4,32.9,58.0,24.3
3869220,2022-12-06,Round of 16,Spain,1,31,24,Morocco,5234,Sofyan Amrabat,23774,Selim Amallah,Complete,40.959126,58.0,24.3,98.9,26.5
3869220,2022-12-06,Round of 16,Spain,1,31,27,Morocco,23774,Selim Amallah,6301,Youssef En-Nesyri,Incomplete,5.124451,100.1,26.7,98.6,31.6
3869220,2022-12-06,Round of 16,Spain,1,31,30,Morocco,15890,Noussair Mazraoui,3625,Sofiane Boufal,Complete,16.992058,84.5,22.4,95.2,9.2
3869220,2022-12-06,Round of 16,Spain,1,31,35,Morocco,3625,Sofiane Boufal,46258,Azzedine Ounahi,Incomplete,23.703375,95.2,9.2,94.8,32.9
3869220,2022-12-06,Round of 16,Spain,1,31,38,Morocco,15890,Noussair Mazraoui,3625,Sofiane Boufal,Complete,12.876335,79.8,16.2,88.6,6.8
3869220,2022-12-06,Round of 16,Spain,1,31,43,Morocco,3625,Sofiane Boufal,5234,Sofyan Amrabat,Complete,10.430724,86.5,4.0,80.9,12.8
3869220,2022-12-06,Round of 16,Spain,1,31,46,Morocco,5234,Sofyan Amrabat,5245,Achraf Hakimi Mouh,Complete,48.892227,73.8,19.6,64.0,67.5
3869220,2022-12-06,Round of 16,Spain,1,31,51,Morocco,5245,Achraf Hakimi Mouh,5237,Hakim Ziyech,Complete,12.816006,64.2,74.2,76.2,78.7
3869220,2022-12-06,Round of 16,Spain,1,32,10,Morocco,5245,Achraf Hakimi Mouh,46258,Azzedine Ounahi,Complete,16.18178,89.9,80.0,102.7,70.1
3869220,2022-12-06,Round of 16,Spain,1,33,2,Morocco,6785,Yassine Bounou,15890,Noussair Mazraoui,Complete,33.480293,13.9,33.3,34.1,6.6
3869220,2022-12-06,Round of 16,Spain,1,33,3,Morocco,15890,Noussair Mazraoui,3625,Sofiane Boufal,Complete,11.30177,34.1,6.6,45.4,6.4
3869220,2022-12-06,Round of 16,Spain,1,33,5,Morocco,3625,Sofiane Boufal,,,Incomplete,6.293648,45.4,6.2,40.9,10.6
3869220,2022-12-06,Round of 16,Spain,1,33,40,Morocco,5245,Achraf Hakimi Mouh,,,Incomplete,14.6219015,13.7,55.4,28.3,56.2
3869220,2022-12-06,Round of 16,Spain,1,33,46,Morocco,15890,Noussair Mazraoui,3625,Sofiane Boufal,Complete,22.746649,25.5,25.8,40.5,8.7
3869220,2022-12-06,Round of 16,Spain,1,33,50,Morocco,3625,Sofiane Boufal,,,Incomplete,63.14824,58.2,4.9,108.1,43.6
3869220,2022-12-06,Round of 16,Spain,1,35,4,Morocco,12149,Nayef Aguerd,46258,Azzedine Ounahi,Complete,7.9906197,13.9,47.9,19.5,53.6
3869220,2022-12-06,Round of 16,Spain,1,35,6,Morocco,46258,Azzedine Ounahi,,,Unknown,4.632494,20.1,53.4,24.6,54.5
3869220,2022-12-06,Round of 16,Spain,1,35,54,Morocco,6785,Yassine Bounou,,,Incomplete,65.322586,23.4,53.6,88.6,49.6
3869220,2022-12-06,Round of 16,Spain,1,36,26,Morocco,46258,Azzedine Ounahi,5237,Hakim Ziyech,Complete,7.0604534,40.0,63.1,38.1,69.9
3869220,2022-12-06,Round of 16,Spain,1,36,30,Morocco,5237,Hakim Ziyech,46258,Azzedine Ounahi,Complete,11.560277,47.3,78.2,53.1,68.2
3869220,2022-12-06,Round of 16,Spain,1,36,31,Morocco,46258,Azzedine Ounahi,5237,Hakim Ziyech,Out,16.269297,57.8,73.7,72.8,80.0
3869220,2022-12-06,Round of 16,Spain,1,37,42,Morocco,15890,Noussair Mazraoui,6301,Youssef En-Nesyri,Complete,14.996666,12.7,0.1,26.4,6.2
3869220,2022-12-06,Round of 16,Spain,1,37,43,Morocco,6301,Youssef En-Nesyri,3625,Sofiane Boufal,Complete,12.133425,26.4,6.2,38.5,5.3
3869220,2022-12-06,Round of 16,Spain,1,38,0,Morocco,23774,Selim Amallah,5219,Romain Saïss,Complete,11.307077,34.7,25.6,27.6,34.4
3869220,2022-12-06,Round of 16,Spain,1,38,2,Morocco,5219,Romain Saïss,5245,Achraf Hakimi Mouh,Complete,25.20734,27.6,34.4,22.1,59.0
3869220,2022-12-06,Round of 16,Spain,1,38,6,Morocco,5245,Achraf Hakimi Mouh,5234,Sofyan Amrabat,Complete,12.5,22.1,58.3,29.6,48.3
3869220,2022-12-06,Round of 16,Spain,1,38,8,Morocco,5234,Sofyan Amrabat,5237,Hakim Ziyech,Complete,21.41705,29.6,48.3,35.8,68.8
3869220,2022-12-06,Round of 16,Spain,1,38,9,Morocco,5237,Hakim Ziyech,5245,Achraf Hakimi Mouh,Complete,4.229657,35.8,68.8,35.3,64.6
3869220,2022-12-06,Round of 16,Spain,1,38,10,Morocco,5245,Achraf Hakimi Mouh,46258,Azzedine Ounahi,Complete,19.513329,35.3,64.6,53.9,70.5
3869220,2022-12-06,Round of 16,Spain,1,38,13,Morocco,46258,Azzedine Ounahi,5237,Hakim Ziyech,Complete,11.151682,53.9,70.5,44.5,76.5
3869220,2022-12-06,Round of 16,Spain,1,38,13,Morocco,5237,Hakim Ziyech,5245,Achraf Hakimi Mouh,Out,38.26042,44.5,76.5,82.6,80.0
3869220,2022-12-06,Round of 16,Spain,1,39,7,Morocco,5237,Hakim Ziyech,5245,Achraf Hakimi Mouh,Complete,9.883825,19.7,75.9,15.2,67.1
3869220,2022-12-06,Round of 16,Spain,1,39,7,Morocco,5245,Achraf Hakimi Mouh,46258,Azzedine Ounahi,Complete,9.108238,15.2,67.1,23.8,64.1
3869220,2022-12-06,Round of 16,Spain,1,39,9,Morocco,46258,Azzedine Ounahi,23774,Selim Amallah,Complete,19.535864,25.5,63.1,32.6,44.9
3869220,2022-12-06,Round of 16,Spain,1,39,12,Morocco,23774,Selim Amallah,3625,Sofiane Boufal,Complete,23.831491,44.3,36.1,58.0,16.6
3869220,2022-12-06,Round of 16,Spain,1,39,16,Morocco,3625,Sofiane Boufal,5234,Sofyan Amrabat,Complete,15.22268,56.7,17.5,46.5,28.8
3869220,2022-12-06,Round of 16,Spain,1,39,19,Morocco,5234,Sofyan Amrabat,,,Incomplete,44.85287,51.4,24.3,96.1,28.0
3869220,2022-12-06,Round of 16,Spain,1,40,44,Morocco,6785,Yassine Bounou,3625,Sofiane Boufal,Complete,68.580025,7.0,36.1,75.1,28.0
3869220,2022-12-06,Round of 16,Spain,1,41,38,Morocco,5237,Hakim Ziyech,5245,Achraf Hakimi Mouh,Complete,46.52419,74.7,29.0,101.4,67.1
3869220,2022-12-06,Round of 16,Spain,1,41,40,Morocco,5245,Achraf Hakimi Mouh,,,Incomplete,12.624579,101.4,67.1,111.7,59.8
3869220,2022-12-06,Round of 16,Spain,1,41,46,Morocco,5245,Achraf Hakimi Mouh,6301,Youssef En-Nesyri,Incomplete,33.559647,107.6,70.8,114.7,38.0
3869220,2022-12-06,Round of 16,Spain,1,41,51,Morocco,3625,Sofiane Boufal,12149,Nayef Aguerd,Complete,19.695684,116.6,24.3,113.2,43.7
3869220,2022-12-06,Round of 16,Spain,1,42,29,Morocco,5234,Sofyan Amrabat,46258,Azzedine Ounahi,Complete,6.8,42.0,56.4,45.2,62.4
3869220,2022-12-06,Round of 16,Spain,1,42,29,Morocco,46258,Azzedine Ounahi,5245,Achraf Hakimi Mouh,Complete,12.164292,45.2,62.4,34.3,67.8
3869220,2022-12-06,Round of 16,Spain,1,42,32,Morocco,5245,Achraf Hakimi Mouh,5234,Sofyan Amrabat,Complete,8.022469,34.3,67.8,34.9,59.8
3869220,2022-12-06,Round of 16,Spain,1,42,33,Morocco,5234,Sofyan Amrabat,5219,Romain Saïss,Complete,14.516542,32.6,56.4,27.8,42.7
3869220,2022-12-06,Round of 16,Spain,1,42,35,Morocco,5219,Romain Saïss,6301,Youssef En-Nesyri,Complete,40.071934,28.9,43.2,68.9,40.8
3869220,2022-12-06,Round of 16,Spain,1,42,39,Morocco,6301,Youssef En-Nesyri,23774,Selim Amallah,Complete,5.4424257,68.9,40.8,63.8,42.7
3869220,2022-12-06,Round of 16,Spain,1,42,39,Morocco,23774,Selim Amallah,6301,Youssef En-Nesyri,Complete,3.847077,63.8,42.7,67.6,42.1
3869220,2022-12-06,Round of 16,Spain,1,42,41,Morocco,6301,Youssef En-Nesyri,5237,Hakim Ziyech,Complete,4.104875,63.6,42.9,63.4,47.0
3869220,2022-12-06,Round of 16,Spain,1,42,42,Morocco,5237,Hakim Ziyech,3625,Sofiane Boufal,Complete,40.828545,63.1,45.7,75.5,6.8
3869220,2022-12-06,Round of 16,Spain,1,42,49,Morocco,3625,Sofiane Boufal,15890,Noussair Mazraoui,Complete,24.817131,93.3,19.8,117.5,14.3
3869220,2022-12-06,Round of 16,Spain,1,42,52,Morocco,15890,Noussair Mazraoui,5237,Hakim Ziyech,Complete,34.60925,117.5,14.3,118.3,48.9
3869220,2022-12-06,Round of 16,Spain,1,42,54,Morocco,5237,Hakim Ziyech,6301,Youssef En-Nesyri,Incomplete,3.8275318,118.3,48.9,116.2,45.7
3869220,2022-12-06,Round of 16,Spain,1,43,19,Morocco,5245,Achraf Hakimi Mouh,12149,Nayef Aguerd,Complete,11.325193,53.7,80.0,48.2,70.1
3869220,2022-12-06,Round of 16,Spain,1,43,22,Morocco,12149,Nayef Aguerd,,,Incomplete,47.56816,48.2,70.1,93.9,56.9
3869220,2022-12-06,Round of 16,Spain,1,44,20,Morocco,12149,Nayef Aguerd,,,Out,3.088689,2.8,26.3,0.1,24.8
3869220,2022-12-06,Round of 16,Spain,1,45,24,Morocco,6785,Yassine Bounou,,,Incomplete,70.61161,7.0,36.1,76.0,21.1
3869220,2022-12-06,Round of 16,Spain,1,45,29,Morocco,5219,Romain Saïss,6301,Youssef En-Nesyri,Complete,22.318153,50.9,24.3,72.8,28.6
3869220,2022-12-06,Round of 16,Spain,1,45,31,Morocco,6301,Youssef En-Nesyri,46258,Azzedine Ounahi,Complete,12.609917,72.8,28.6,72.3,16.0
3869220,2022-12-06,Round of 16,Spain,1,45,37,Morocco,46258,Azzedine Ounahi,15890,Noussair Mazraoui,Complete,13.232158,69.6,22.2,59.9,13.2
3869220,2022-12-06,Round of 16,Spain,1,45,39,Morocco,15890,Noussair Mazraoui,5219,Romain Saïss,Complete,22.424316,59.5,13.6,41.3,26.7
3869220,2022-12-06,Round of 16,Spain,1,45,41,Morocco,5219,Romain Saïss,12149,Nayef Aguerd,Complete,19.702284,38.5,30.1,38.8,49.8
3869220,2022-12-06,Round of 16,Spain,1,45,43,Morocco,12149,Nayef Aguerd,5234,Sofyan Amrabat,Complete,11.031773,38.8,49.8,46.5,41.9
3869220,2022-12-06,Round of 16,Spain,1,45,46,Morocco,5234,Sofyan Amrabat,46258,Azzedine Ounahi,Incomplete,23.256182,48.0,41.0,56.1,19.2
3869220,2022-12-06,Round of 16,Spain,1,45,56,Morocco,5234,Sofyan Amrabat,15890,Noussair Mazraoui,Complete,1.9723083,8.2,40.6,9.2,38.9
3869220,2022-12-06,Round of 16,Spain,1,45,57,Morocco,15890,Noussair Mazraoui,,,Unknown,43.356777,11.2,39.3,52.2,53.4
3869220,2022-12-06,Round of 16,Spain,2,45,0,Morocco,6301,Youssef En-Nesyri,5234,Sofyan Amrabat,Complete,16.514841,60.0,40.0,43.5,39.3
3869220,2022-12-06,Round of 16,Spain,2,45,2,Morocco,5234,Sofyan Amrabat,12149,Nayef Aguerd,Complete,19.681717,43.5,40.1,31.9,56.0
3869220,2022-12-06,Round of 16,Spain,2,45,4,Morocco,12149,Nayef Aguerd,,,Incomplete,84.681046,32.8,53.8,110.0,19.0
3869220,2022-12-06,Round of 16,Spain,2,48,24,Morocco,6301,Youssef En-Nesyri,46258,Azzedine Ounahi,Complete,5.2201533,24.7,56.2,22.9,61.1
3869220,2022-12-06,Round of 16,Spain,2,48,26,Morocco,46258,Azzedine Ounahi,5237,Hakim Ziyech,Complete,8.489994,31.5,67.1,37.7,72.9
3869220,2022-12-06,Round of 16,Spain,2,48,31,Morocco,5237,Hakim Ziyech,23774,Selim Amallah,Incomplete,16.240997,76.4,57.0,89.5,47.4
3869220,2022-12-06,Round of 16,Spain,2,48,42,Morocco,5234,Sofyan Amrabat,23774,Selim Amallah,Complete,12.868955,88.2,48.3,98.2,56.4
3869220,2022-12-06,Round of 16,Spain,2,50,31,Morocco,6785,Yassine Bounou,,,Incomplete,67.406006,9.7,7.0,77.1,6.1
3869220,2022-12-06,Round of 16,Spain,2,50,36,Morocco,5219,Romain Saïss,,,Incomplete,24.40082,52.7,13.4,77.1,13.6
3869220,2022-12-06,Round of 16,Spain,2,51,25,Morocco,3625,Sofiane Boufal,,,Incomplete,24.104979,30.9,9.3,52.5,20.0
3869220,2022-12-06,Round of 16,Spain,2,52,14,Morocco,12149,Nayef Aguerd,,,Out,97.27307,45.6,65.6,119.8,2.7
3869220,2022-12-06,Round of 16,Spain,2,54,31,Morocco,23774,Selim Amallah,5219,Romain Saïss,Complete,9.481033,27.7,16.0,20.2,21.8
3869220,2022-12-06,Round of 16,Spain,2,54,31,Morocco,5219,Romain Saïss,,,Out,39.994125,21.0,22.4,54.2,0.1
3869220,2022-12-06,Round of 16,Spain,2,55,26,Morocco,12149,Nayef Aguerd,5234,Sofyan Amrabat,Complete,5.3160133,16.1,52.3,21.2,53.8
3869220,2022-12-06,Round of 16,Spain,2,55,28,Morocco,5234,Sofyan Amrabat,46258,Azzedine Ounahi,Complete,19.961212,22.3,55.8,27.0,75.2
3869220,2022-12-06,Round of 16,Spain,2,55,31,Morocco,46258,Azzedine Ounahi,5234,Sofyan Amrabat,Complete,11.947385,27.9,66.5,33.6,56.0
3869220,2022-12-06,Round of 16,Spain,2,55,35,Morocco,5234,Sofyan Amrabat,6301,Youssef En-Nesyri,Pass Offside,22.701542,56.3,52.8,78.3,47.2
3869220,2022-12-06,Round of 16,Spain,2,55,53,Morocco,3625,Sofiane Boufal,15890,Noussair Mazraoui,Complete,22.877937,71.7,12.8,92.9,4.2
3869220,2022-12-06,Round of 16,Spain,2,56,52,Morocco,15890,Noussair Mazraoui,,,Incomplete,16.949926,45.4,0.1,62.3,1.4
3869220,2022-12-06,Round of 16,Spain,2,57,11,Morocco,15890,Noussair Mazraoui,,,Incomplete,19.15098,57.0,0.1,76.0,2.5
3869220,2022-12-06,Round of 16,Spain,2,57,34,Morocco,15890,Noussair Mazraoui,6301,Youssef En-Nesyri,Complete,12.93561,85.8,0.1,98.0,4.4
3869220,2022-12-06,Round of 16,Spain,2,57,37,Morocco,6301,Youssef En-Nesyri,3625,Sofiane Boufal,Complete,7.4242845,89.3,8.7,92.7,15.3
3869220,2022-12-06,Round of 16,Spain,2,59,40,Morocco,6785,Yassine Bounou,,,Out,114.512054,11.0,42.5,120.0,7.4
3869220,2022-12-06,Round of 16,Spain,2,61,43,Morocco,5234,Sofyan Amrabat,5245,Achraf Hakimi Mouh,Complete,9.802041,23.4,57.7,23.2,67.5
3869220,2022-12-06,Round of 16,Spain,2,61,44,Morocco,5245,Achraf Hakimi Mouh,5237,Hakim Ziyech,Complete,19.32382,23.2,67.5,40.3,76.5
3869220,2022-12-06,Round of 16,Spain,2,61,47,Morocco,5237,Hakim Ziyech,46258,Azzedine Ounahi,Complete,16.983816,54.0,71.2,70.2,76.3
3869220,2022-12-06,Round of 16,Spain,2,61,51,Morocco,46258,Azzedine Ounahi,,,Incomplete,3.6138623,82.8,75.7,83.7,72.2
3869220,2022-12-06,Round of 16,Spain,2,63,23,Morocco,5245,Achraf Hakimi Mouh,46258,Azzedine Ounahi,Complete,11.788554,86.9,80.0,84.8,68.4
3869220,2022-12-06,Round of 16,Spain,2,63,24,Morocco,46258,Azzedine Ounahi,5245,Achraf Hakimi Mouh,Complete,6.4257298,84.8,70.3,87.1,76.3
3869220,2022-12-06,Round of 16,Spain,2,63,25,Morocco,5245,Achraf Hakimi Mouh,12149,Nayef Aguerd,Complete,26.02787,87.1,76.3,62.3,68.4
3869220,2022-12-06,Round of 16,Spain,2,63,30,Morocco,12149,Nayef Aguerd,6785,Yassine Bounou,Complete,35.896656,51.0,61.8,16.1,53.4
3869220,2022-12-06,Round of 16,Spain,2,63,35,Morocco,6785,Yassine Bounou,3625,Sofiane Boufal,Complete,73.64652,14.8,46.1,74.3,2.7
3869220,2022-12-06,Round of 16,Spain,2,63,40,Morocco,3625,Sofiane Boufal,,,Incomplete,48.742283,74.1,8.7,109.6,42.1
3869220,2022-12-06,Round of 16,Spain,2,64,23,Morocco,15890,Noussair Mazraoui,,,Incomplete,39.12876,20.6,3.8,59.7,5.3
3869220,2022-12-06,Round of 16,Spain,2,66,12,Morocco,6785,Yassine Bounou,,,Incomplete,66.4003,6.0,44.0,69.8,62.4
3869220,2022-12-06,Round of 16,Spain,2,66,21,Morocco,5219,Romain Saïss,46258,Azzedine Ounahi,Complete,22.62145,27.2,33.7,39.0,53.0
3869220,2022-12-06,Round of 16,Spain,2,66,23,Morocco,46258,Azzedine Ounahi,,,Incomplete,13.606616,39.0,53.0,52.5,54.7
3869220,2022-12-06,Round of 16,Spain,2,68,40,Morocco,5237,Hakim Ziyech,46258,Azzedine Ounahi,Complete,21.284971,6.9,69.0,27.2,75.4
3869220,2022-12-06,Round of 16,Spain,2,68,45,Morocco,46258,Azzedine Ounahi,5237,Hakim Ziyech,Complete,8.062258,33.2,76.3,39.0,70.7
3869220,2022-12-06,Round of 16,Spain,2,68,46,Morocco,5237,Hakim Ziyech,5245,Achraf Hakimi Mouh,Complete,8.772685,39.8,70.9,45.8,64.5
3869220,2022-12-06,Round of 16,Spain,2,69,6,Morocco,5245,Achraf Hakimi Mouh,,,Incomplete,25.035175,55.9,80.0,73.9,62.6
3869220,2022-12-06,Round of 16,Spain,2,69,20,Morocco,12149,Nayef Aguerd,6785,Yassine Bounou,Complete,22.537525,15.2,65.6,3.9,46.1
3869220,2022-12-06,Round of 16,Spain,2,69,24,Morocco,6785,Yassine Bounou,,,Incomplete,58.918587,6.9,42.1,62.1,21.5
3869220,2022-12-06,Round of 16,Spain,2,71,22,Morocco,5234,Sofyan Amrabat,46258,Azzedine Ounahi,Complete,10.920165,39.2,52.1,42.2,62.6
3869220,2022-12-06,Round of 16,Spain,2,71,24,Morocco,46258,Azzedine Ounahi,5237,Hakim Ziyech,Complete,9.408506,42.4,63.0,42.8,72.4
3869220,2022-12-06,Round of 16,Spain,2,71,27,Morocco,5237,Hakim Ziyech,5219,Romain Saïss,Complete,31.586864,47.8,73.7,36.0,44.4
3869220,2022-12-06,Round of 16,Spain,2,71,30,Morocco,5219,Romain Saïss,149714,Abdessamad Ezzalzouli,Complete,61.17336,36.0,44.4,83.7,6.1
3869220,2022-12-06,Round of 16,Spain,2,71,36,Morocco,149714,Abdessamad Ezzalzouli,15890,Noussair Mazraoui,Complete,10.24207,75.6,4.4,65.5,6.1
3869220,2022-12-06,Round of 16,Spain,2,71,38,Morocco,15890,Noussair Mazraoui,46258,Azzedine Ounahi,Complete,14.847559,64.7,10.4,67.4,25.0
3869220,2022-12-06,Round of 16,Spain,2,71,39,Morocco,46258,Azzedine Ounahi,23774,Selim Amallah,Complete,5.8258047,67.4,25.0,71.1,20.5
3869220,2022-12-06,Round of 16,Spain,2,71,52,Morocco,5219,Romain Saïss,,,Incomplete,64.99308,31.3,24.3,86.0,59.4
3869220,2022-12-06,Round of 16,Spain,2,72,1,Morocco,5237,Hakim Ziyech,23774,Selim Amallah,Complete,20.0,79.4,44.0,91.4,28.0
3869220,2022-12-06,Round of 16,Spain,2,72,53,Morocco,5219,Romain Saïss,5245,Achraf Hakimi Mouh,Complete,43.650543,31.5,27.3,33.6,70.9
3869220,2022-12-06,Round of 16,Spain,2,72,55,Morocco,5245,Achraf Hakimi Mouh,5237,Hakim Ziyech,Complete,14.401389,39.6,75.9,54.0,76.1
3869220,2022-12-06,Round of 16,Spain,2,72,56,Morocco,5237,Hakim Ziyech,46258,Azzedine Ounahi,Complete,17.952436,54.4,76.5,72.1,73.5
3869220,2022-12-06,Round of 16,Spain,2,73,2,Morocco,46258,Azzedine Ounahi,5245,Achraf Hakimi Mouh,Complete,7.106335,60.8,76.7,56.3,71.2
3869220,2022-12-06,Round of 16,Spain,2,73,3,Morocco,5245,Achraf Hakimi Mouh,5237,Hakim Ziyech,Complete,7.961156,61.2,69.0,65.5,75.7
3869220,2022-12-06,Round of 16,Spain,2,73,5,Morocco,5237,Hakim Ziyech,,,Incomplete,60.207973,63.8,72.2,75.8,13.2
3869220,2022-12-06,Round of 16,Spain,2,73,29,Morocco,5245,Achraf Hakimi Mouh,6785,Yassine Bounou,Complete,17.461386,12.5,59.4,2.2,45.3
3869220,2022-12-06,Round of 16,Spain,2,73,30,Morocco,6785,Yassine Bounou,5237,Hakim Ziyech,Complete,33.56263,2.2,45.3,34.3,55.1
3869220,2022-12-06,Round of 16,Spain,2,73,34,Morocco,5234,Sofyan Amrabat,6301,Youssef En-Nesyri,Incomplete,15.528361,31.5,51.5,46.3,46.8
3869220,2022-12-06,Round of 16,Spain,2,74,19,Morocco,5245,Achraf Hakimi Mouh,,,Incomplete,14.996666,14.0,53.8,28.9,55.5
3869220,2022-12-06,Round of 16,Spain,2,74,28,Morocco,15890,Noussair Mazraoui,149714,Abdessamad Ezzalzouli,Complete,18.409237,3.9,8.7,20.8,1.4
3869220,2022-12-06,Round of 16,Spain,2,74,30,Morocco,149714,Abdessamad Ezzalzouli,,,Incomplete,6.9079666,20.8,1.4,14.4,4.0
3869220,2022-12-06,Round of 16,Spain,2,75,33,Morocco,6301,Youssef En-Nesyri,46258,Azzedine Ounahi,Complete,14.041723,19.1,36.9,30.2,45.5
3869220,2022-12-06,Round of 16,Spain,2,75,35,Morocco,46258,Azzedine Ounahi,5245,Achraf Hakimi Mouh,Complete,32.2118,30.9,46.6,15.7,75.0
3869220,2022-12-06,Round of 16,Spain,2,75,41,Morocco,5245,Achraf Hakimi Mouh,5234,Sofyan Amrabat,Complete,4.7169905,14.0,69.2,18.0,66.7
3869220,2022-12-06,Round of 16,Spain,2,75,42,Morocco,5234,Sofyan Amrabat,5237,Hakim Ziyech,Complete,7.5325956,18.9,66.9,18.2,74.4
3869220,2022-12-06,Round of 16,Spain,2,75,46,Morocco,5237,Hakim Ziyech,6785,Yassine Bounou,Complete,23.510424,3.3,69.2,2.6,45.7
3869220,2022-12-06,Round of 16,Spain,2,75,48,Morocco,6785,Yassine Bounou,5245,Achraf Hakimi Mouh,Complete,38.38359,2.4,50.4,35.1,70.5
3869220,2022-12-06,Round of 16,Spain,2,76,52,Morocco,12149,Nayef Aguerd,5237,Hakim Ziyech,Complete,51.470867,45.4,61.3,95.5,73.1
3869220,2022-12-06,Round of 16,Spain,2,77,29,Morocco,5219,Romain Saïss,,,Incomplete,11.833005,31.3,33.7,42.4,37.8
3869220,2022-12-06,Round of 16,Spain,2,78,10,Morocco,6785,Yassine Bounou,,,Out,67.59623,6.0,44.0,63.4,79.7
3869220,2022-12-06,Round of 16,Spain,2,79,35,Morocco,15890,Noussair Mazraoui,6301,Youssef En-Nesyri,Complete,17.564737,15.0,0.1,32.4,2.5
3869220,2022-12-06,Round of 16,Spain,2,79,38,Morocco,6301,Youssef En-Nesyri,,,Incomplete,23.825407,31.7,2.1,51.4,15.5
3869220,2022-12-06,Round of 16,Spain,2,80,27,Morocco,149714,Abdessamad Ezzalzouli,46258,Azzedine Ounahi,Complete,11.870131,19.5,26.7,30.4,22.0
3869220,2022-12-06,Round of 16,Spain,2,80,28,Morocco,46258,Azzedine Ounahi,,,Incomplete,16.659533,31.3,22.0,47.8,24.3
3869220,2022-12-06,Round of 16,Spain,2,82,50,Morocco,5245,Achraf Hakimi Mouh,,,Unknown,21.346663,8.6,80.0,29.4,75.2
3869220,2022-12-06,Round of 16,Spain,2,84,25,Morocco,7459,Jawad El Yamiq,,,Incomplete,79.368004,44.8,72.4,94.6,10.6
3869220,2022-12-06,Round of 16,Spain,2,84,32,Morocco,31295,Yahia Attiyat allah,5219,Romain Saïss,Complete,30.2,72.6,17.0,42.4,17.0
3869220,2022-12-06,Round of 16,Spain,2,84,36,Morocco,5219,Romain Saïss,6785,Yassine Bounou,Complete,37.139736,37.5,12.1,9.5,36.5
3869220,2022-12-06,Round of 16,Spain,2,84,41,Morocco,6785,Yassine Bounou,3634,Abdelhamid Sabiri,Complete,47.22711,9.9,42.3,56.3,33.5
3869220,2022-12-06,Round of 16,Spain,2,84,43,Morocco,3634,Abdelhamid Sabiri,,,Incomplete,20.137527,56.3,33.5,61.7,14.1
3869220,2022-12-06,Round of 16,Spain,2,84,47,Morocco,5219,Romain Saïss,,,Incomplete,51.70348,31.1,28.4,80.1,44.9
3869220,2022-12-06,Round of 16,Spain,2,84,54,Morocco,5219,Romain Saïss,5237,Hakim Ziyech,Complete,24.763279,52.0,40.4,68.9,58.5
3869220,2022-12-06,Round of 16,Spain,2,84,56,Morocco,5237,Hakim Ziyech,46258,Azzedine Ounahi,Complete,10.04241,68.9,58.5,62.7,50.6
3869220,2022-12-06,Round of 16,Spain,2,84,57,Morocco,46258,Azzedine Ounahi,5237,Hakim Ziyech,Complete,15.368799,62.7,50.6,71.5,63.2
3869220,2022-12-06,Round of 16,Spain,2,84,59,Morocco,5237,Hakim Ziyech,5245,Achraf Hakimi Mouh,Complete,27.770489,74.7,64.5,101.9,70.1
3869220,2022-12-06,Round of 16,Spain,2,85,1,Morocco,5245,Achraf Hakimi Mouh,149714,Abdessamad Ezzalzouli,Complete,37.88456,103.6,70.1,112.6,33.3
3869220,2022-12-06,Round of 16,Spain,2,85,3,Morocco,149714,Abdessamad Ezzalzouli,296254,Walid Cheddira,Complete,7.7620873,112.6,33.3,110.6,40.8
3869220,2022-12-06,Round of 16,Spain,2,86,15,Morocco,5245,Achraf Hakimi Mouh,,,Incomplete,27.957825,39.4,80.0,63.6,66.0
3869220,2022-12-06,Round of 16,Spain,2,86,41,Morocco,5219,Romain Saïss,3634,Abdelhamid Sabiri,Complete,11.950732,8.2,1.4,13.1,12.3
3869220,2022-12-06,Round of 16,Spain,2,86,43,Morocco,3634,Abdelhamid Sabiri,31295,Yahia Attiyat allah,Complete,9.261749,12.5,13.8,5.2,8.1
3869220,2022-12-06,Round of 16,Spain,2,86,47,Morocco,31295,Yahia Attiyat allah,,,Incomplete,2.4041631,9.5,1.6,11.8,2.3
3869220,2022-12-06,Round of 16,Spain,2,87,7,Morocco,31295,Yahia Attiyat allah,,,Incomplete,44.223297,18.2,0.1,62.3,3.4
3869220,2022-12-06,Round of 16,Spain,2,87,19,Morocco,5245,Achraf Hakimi Mouh,46258,Azzedine Ounahi,Complete,13.0,75.4,58.3,88.0,61.5
3869220,2022-12-06,Round of 16,Spain,2,87,22,Morocco,46258,Azzedine Ounahi,5245,Achraf Hakimi Mouh,Complete,10.602358,84.3,71.4,88.8,61.8
3869220,2022-12-06,Round of 16,Spain,2,87,24,Morocco,5245,Achraf Hakimi Mouh,46258,Azzedine Ounahi,Complete,18.911373,88.8,66.0,106.8,71.8
3869220,2022-12-06,Round of 16,Spain,2,87,27,Morocco,46258,Azzedine Ounahi,5245,Achraf Hakimi Mouh,Complete,9.80816,106.8,68.2,103.4,59.0
3869220,2022-12-06,Round of 16,Spain,2,87,28,Morocco,5245,Achraf Hakimi Mouh,46258,Azzedine Ounahi,Out,16.376812,103.4,59.0,119.6,56.6
3869220,2022-12-06,Round of 16,Spain,2,88,41,Morocco,6785,Yassine Bounou,,,Incomplete,68.88396,30.9,20.7,74.9,73.7
3869220,2022-12-06,Round of 16,Spain,2,89,1,Morocco,5245,Achraf Hakimi Mouh,,,Incomplete,34.589737,50.1,80.0,73.9,54.9
3869220,2022-12-06,Round of 16,Spain,2,90,56,Morocco,6785,Yassine Bounou,3634,Abdelhamid Sabiri,Complete,70.08009,6.0,36.0,68.9,5.1
3869220,2022-12-06,Round of 16,Spain,2,90,59,Morocco,3634,Abdelhamid Sabiri,,,Incomplete,21.865955,68.9,5.1,90.5,8.5
3869220,2022-12-06,Round of 16,Spain,2,91,22,Morocco,5245,Achraf Hakimi Mouh,7459,Jawad El Yamiq,Complete,12.120231,85.0,80.0,74.9,73.3
3869220,2022-12-06,Round of 16,Spain,2,92,22,Morocco,5237,Hakim Ziyech,5219,Romain Saïss,Pass Offside,54.540443,67.9,74.2,100.8,30.7
3869220,2022-12-06,Round of 16,Spain,3,90,51,Morocco,5219,Romain Saïss,46258,Azzedine Ounahi,Complete,9.982485,37.5,53.0,47.3,54.9
3869220,2022-12-06,Round of 16,Spain,3,90,55,Morocco,5237,Hakim Ziyech,296254,Walid Cheddira,Incomplete,59.821903,57.6,67.7,99.7,25.2
3869220,2022-12-06,Round of 16,Spain,3,91,42,Morocco,5234,Sofyan Amrabat,,,Incomplete,5.2430906,47.3,65.0,51.6,68.0
3869220,2022-12-06,Round of 16,Spain,3,91,44,Morocco,46258,Azzedine Ounahi,5234,Sofyan Amrabat,Complete,6.8818603,51.8,55.5,47.8,61.1
3869220,2022-12-06,Round of 16,Spain,3,91,45,Morocco,5234,Sofyan Amrabat,46258,Azzedine Ounahi,Complete,4.438468,48.6,61.3,50.3,65.4
3869220,2022-12-06,Round of 16,Spain,3,92,18,Morocco,5245,Achraf Hakimi Mouh,5237,Hakim Ziyech,Complete,7.3552704,39.2,73.7,46.5,74.6
3869220,2022-12-06,Round of 16,Spain,3,92,19,Morocco,5237,Hakim Ziyech,5245,Achraf Hakimi Mouh,Complete,9.889894,45.6,74.8,49.7,65.8
3869220,2022-12-06,Round of 16,Spain,3,92,21,Morocco,5245,Achraf Hakimi Mouh,296254,Walid Cheddira,Incomplete,4.0706263,51.4,63.2,55.0,61.3
3869220,2022-12-06,Round of 16,Spain,3,92,29,Morocco,5237,Hakim Ziyech,,,Incomplete,18.293715,74.3,80.0,91.4,73.5
3869220,2022-12-06,Round of 16,Spain,3,92,48,Morocco,5219,Romain Saïss,46258,Azzedine Ounahi,Complete,15.062536,44.1,39.3,58.9,42.1
3869220,2022-12-06,Round of 16,Spain,3,92,54,Morocco,46258,Azzedine Ounahi,3634,Abdelhamid Sabiri,Complete,14.978985,70.2,33.1,62.1,20.5
3869220,2022-12-06,Round of 16,Spain,3,92,55,Morocco,3634,Abdelhamid Sabiri,5234,Sofyan Amrabat,Complete,12.886039,62.1,20.5,56.7,32.2
3869220,2022-12-06,Round of 16,Spain,3,92,57,Morocco,5234,Sofyan Amrabat,7459,Jawad El Yamiq,Complete,24.829418,54.8,32.0,44.3,54.5
3869220,2022-12-06,Round of 16,Spain,3,93,0,Morocco,7459,Jawad El Yamiq,3634,Abdelhamid Sabiri,Complete,14.168275,48.8,56.4,62.3,52.1
3869220,2022-12-06,Round of 16,Spain,3,93,3,Morocco,3634,Abdelhamid Sabiri,7459,Jawad El Yamiq,Complete,25.613474,62.3,52.1,49.7,74.4
3869220,2022-12-06,Round of 16,Spain,3,93,5,Morocco,7459,Jawad El Yamiq,,,Incomplete,2.9068885,48.4,77.2,51.0,75.9
3869220,2022-12-06,Round of 16,Spain,3,93,23,Morocco,5245,Achraf Hakimi Mouh,5237,Hakim Ziyech,Complete,13.159027,57.4,80.0,69.4,74.6
3869220,2022-12-06,Round of 16,Spain,3,94,5,Morocco,149714,Abdessamad Ezzalzouli,46258,Azzedine Ounahi,Complete,10.517129,31.3,33.9,31.9,44.4
3869220,2022-12-06,Round of 16,Spain,3,94,8,Morocco,46258,Azzedine Ounahi,5237,Hakim Ziyech,Complete,15.116217,38.1,55.8,38.8,70.9
3869220,2022-12-06,Round of 16,Spain,3,94,12,Morocco,5237,Hakim Ziyech,5234,Sofyan Amrabat,Complete,20.08482,38.8,70.9,26.4,55.1
3869220,2022-12-06,Round of 16,Spain,3,94,18,Morocco,5234,Sofyan Amrabat,296254,Walid Cheddira,Pass Offside,36.574444,46.9,57.3,82.4,48.5
3869220,2022-12-06,Round of 16,Spain,3,96,5,Morocco,31295,Yahia Attiyat allah,,,Incomplete,15.384732,18.9,23.9,32.6,30.9
3869220,2022-12-06,Round of 16,Spain,3,97,43,Morocco,31295,Yahia Attiyat allah,,,Incomplete,37.520126,18.7,0.1,56.1,3.1
3869220,2022-12-06,Round of 16,Spain,3,98,4,Morocco,149714,Abdessamad Ezzalzouli,296254,Walid Cheddira,Complete,15.052574,46.5,2.9,60.8,7.6
3869220,2022-12-06,Round of 16,Spain,3,98,5,Morocco,296254,Walid Cheddira,,,Incomplete,2.3259406,60.8,7.6,62.9,6.6
3869220,2022-12-06,Round of 16,Spain,3,98,24,Morocco,31295,Yahia Attiyat allah,149714,Abdessamad Ezzalzouli,Complete,25.495098,58.5,0.1,83.9,2.3
3869220,2022-12-06,Round of 16,Spain,3,99,29,Morocco,149714,Abdessamad Ezzalzouli,,,Incomplete,55.131115,16.1,33.9,71.1,30.1
3869220,2022-12-06,Round of 16,Spain,3,100,29,Morocco,5237,Hakim Ziyech,149714,Abdessamad Ezzalzouli,Complete,8.077747,20.6,54.5,28.1,51.5
3869220,2022-12-06,Round of 16,Spain,3,101,2,Morocco,5245,Achraf Hakimi Mouh,46258,Azzedine Ounahi,Complete,11.884864,49.7,80.0,54.2,69.0
3869220,2022-12-06,Round of 16,Spain,3,101,2,Morocco,46258,Azzedine Ounahi,5245,Achraf Hakimi Mouh,Complete,7.1449285,55.5,69.7,50.3,74.6
3869220,2022-12-06,Round of 16,Spain,3,101,3,Morocco,5245,Achraf Hakimi Mouh,149714,Abdessamad Ezzalzouli,Unknown,47.946636,50.3,74.6,93.5,53.8
3869220,2022-12-06,Round of 16,Spain,3,102,14,Morocco,31295,Yahia Attiyat allah,,,Incomplete,22.126907,54.6,0.1,76.2,4.9
3869220,2022-12-06,Round of 16,Spain,3,102,17,Morocco,5219,Romain Saïss,46258,Azzedine Ounahi,Complete,20.461184,46.9,12.6,63.4,24.7
3869220,2022-12-06,Round of 16,Spain,3,102,19,Morocco,46258,Azzedine Ounahi,,,Incomplete,26.779284,63.4,25.0,76.6,48.3
3869220,2022-12-06,Round of 16,Spain,3,103,23,Morocco,6785,Yassine Bounou,296254,Walid Cheddira,Complete,66.84265,6.0,44.0,68.5,67.7
3869220,2022-12-06,Round of 16,Spain,3,103,27,Morocco,296254,Walid Cheddira,5237,Hakim Ziyech,Complete,10.728001,68.5,67.7,79.0,69.9
3869220,2022-12-06,Round of 16,Spain,3,103,29,Morocco,5237,Hakim Ziyech,46258,Azzedine Ounahi,Complete,14.165098,79.0,69.9,82.6,56.2
3869220,2022-12-06,Round of 16,Spain,3,103,34,Morocco,46258,Azzedine Ounahi,296254,Walid Cheddira,Complete,8.637708,98.5,53.2,106.6,50.2
3869220,2022-12-06,Round of 16,Spain,3,103,51,Morocco,46258,Azzedine Ounahi,,,Incomplete,4.382921,39.2,78.2,42.8,75.7
3869220,2022-12-06,Round of 16,Spain,3,104,6,Morocco,5245,Achraf Hakimi Mouh,46258,Azzedine Ounahi,Complete,24.240461,42.8,80.0,66.6,75.4
3869220,2022-12-06,Round of 16,Spain,3,104,10,Morocco,46258,Azzedine Ounahi,5237,Hakim Ziyech,Complete,6.8264194,61.9,76.3,68.7,75.7
3869220,2022-12-06,Round of 16,Spain,3,104,13,Morocco,5237,Hakim Ziyech,296254,Walid Cheddira,Complete,42.912003,76.9,80.0,118.1,68.0
3869220,2022-12-06,Round of 16,Spain,4,105,0,Morocco,296254,Walid Cheddira,3634,Abdelhamid Sabiri,Complete,1.456022,61.0,40.1,59.6,39.7
3869220,2022-12-06,Round of 16,Spain,4,105,31,Morocco,149714,Abdessamad Ezzalzouli,,,Incomplete,13.781872,36.2,28.0,34.7,41.7
3869220,2022-12-06,Round of 16,Spain,4,106,14,Morocco,6785,Yassine Bounou,,,Out,72.33706,7.0,44.1,69.8,80.0
3869220,2022-12-06,Round of 16,Spain,4,107,25,Morocco,6785,Yassine Bounou,,,Incomplete,69.50453,7.0,44.1,73.8,63.3
3869220,2022-12-06,Round of 16,Spain,4,107,30,Morocco,5245,Achraf Hakimi Mouh,5237,Hakim Ziyech,Incomplete,53.944878,56.1,75.7,110.0,73.5
3869220,2022-12-06,Round of 16,Spain,4,108,18,Morocco,5219,Romain Saïss,,,Out,26.172123,4.1,13.9,26.4,0.2
3869220,2022-12-06,Round of 16,Spain,4,108,32,Morocco,31295,Yahia Attiyat allah,,,Out,22.541739,12.4,13.9,30.6,0.6
3869220,2022-12-06,Round of 16,Spain,4,109,47,Morocco,46258,Azzedine Ounahi,5237,Hakim Ziyech,Complete,4.879549,32.6,68.6,29.1,65.2
3869220,2022-12-06,Round of 16,Spain,4,109,51,Morocco,5237,Hakim Ziyech,,,Incomplete,2.4207437,28.7,62.6,30.2,60.7
3869220,2022-12-06,Round of 16,Spain,4,109,55,Morocco,5219,Romain Saïss,31295,Yahia Attiyat allah,Complete,27.917736,19.1,29.5,32.3,4.9
3869220,2022-12-06,Round of 16,Spain,4,109,58,Morocco,31295,Yahia Attiyat allah,,,Incomplete,69.47647,34.1,3.8,91.8,42.5
3869220,2022-12-06,Round of 16,Spain,4,112,43,Morocco,31295,Yahia Attiyat allah,149714,Abdessamad Ezzalzouli,Complete,28.872131,26.6,0.1,55.0,5.3
3869220,2022-12-06,Round of 16,Spain,4,113,3,Morocco,31295,Yahia Attiyat allah,149714,Abdessamad Ezzalzouli,Complete,30.920057,58.9,0.1,88.6,8.7
3869220,2022-12-06,Round of 16,Spain,4,113,43,Morocco,5245,Achraf Hakimi Mouh,5237,Hakim Ziyech,Complete,15.331015,24.2,64.6,39.4,62.6
3869220,2022-12-06,Round of 16,Spain,4,113,55,Morocco,5234,Sofyan Amrabat,149714,Abdessamad Ezzalzouli,Complete,19.340372,33.0,43.4,44.7,28.0
3869220,2022-12-06,Round of 16,Spain,4,113,57,Morocco,149714,Abdessamad Ezzalzouli,296254,Walid Cheddira,Complete,28.007141,46.0,25.0,73.4,19.2
3869220,2022-12-06,Round of 16,Spain,4,114,40,Morocco,5245,Achraf Hakimi Mouh,46258,Azzedine Ounahi,Complete,12.033287,44.1,70.8,55.7,74.0
3869220,2022-12-06,Round of 16,Spain,4,114,42,Morocco,46258,Azzedine Ounahi,5237,Hakim Ziyech,Complete,4.036087,54.8,75.5,51.8,78.2
3869220,2022-12-06,Round of 16,Spain,4,114,43,Morocco,5237,Hakim Ziyech,5245,Achraf Hakimi Mouh,Complete,23.355513,51.8,78.2,73.0,68.4
3869220,2022-12-06,Round of 16,Spain,4,115,52,Morocco,6785,Yassine Bounou,3634,Abdelhamid Sabiri,Complete,66.237526,7.0,36.1,68.5,11.5
3869220,2022-12-06,Round of 16,Spain,4,115,55,Morocco,3634,Abdelhamid Sabiri,,,Incomplete,33.4006,68.5,11.5,101.9,11.3
3869220,2022-12-06,Round of 16,Spain,4,116,5,Morocco,5234,Sofyan Amrabat,3634,Abdelhamid Sabiri,Complete,9.291394,63.4,11.9,72.6,13.2
3869220,2022-12-06,Round of 16,Spain,4,116,6,Morocco,3634,Abdelhamid Sabiri,149714,Abdessamad Ezzalzouli,Complete,9.108238,73.2,7.2,81.8,4.2
3869220,2022-12-06,Round of 16,Spain,4,116,8,Morocco,149714,Abdessamad Ezzalzouli,296254,Walid Cheddira,Complete,10.406248,82.0,5.7,89.0,13.4
3869220,2022-12-06,Round of 16,Spain,4,116,9,Morocco,296254,Walid Cheddira,149714,Abdessamad Ezzalzouli,Complete,10.977249,89.0,12.8,99.1,8.5
3869220,2022-12-06,Round of 16,Spain,4,117,4,Morocco,6785,Yassine Bounou,,,Incomplete,73.47993,7.0,44.1,77.9,24.8
3869220,2022-12-06,Round of 16,Spain,4,118,30,Morocco,6785,Yassine Bounou,,,Out,78.84377,7.0,36.1,77.5,0.8
3857283,2022-11-27,Group Stage,Belgium,1,0,38,Morocco,5237,Hakim Ziyech,6301,Youssef En-Nesyri,Incomplete,31.705677,95.6,70.5,115.1,45.5
3857283,2022-11-27,Group Stage,Belgium,1,2,51,Morocco,5237,Hakim Ziyech,6301,Youssef En-Nesyri,Complete,25.428528,38.4,68.5,57.4,51.6
3857283,2022-11-27,Group Stage,Belgium,1,2,56,Morocco,23774,Selim Amallah,5219,Romain Saïss,Complete,35.36566,56.6,48.1,37.4,18.4
3857283,2022-11-27,Group Stage,Belgium,1,3,4,Morocco,5219,Romain Saïss,,,Injury Clearance,13.920488,48.2,13.1,53.9,0.4
3857283,2022-11-27,Group Stage,Belgium,1,3,34,Morocco,5219,Romain Saïss,12149,Nayef Aguerd,Complete,34.59783,17.2,14.3,14.6,48.8
3857283,2022-11-27,Group Stage,Belgium,1,3,37,Morocco,12149,Nayef Aguerd,5245,Achraf Hakimi Mouh,Complete,28.407393,15.5,46.3,25.2,73.0
3857283,2022-11-27,Group Stage,Belgium,1,3,44,Morocco,5245,Achraf Hakimi Mouh,12149,Nayef Aguerd,Complete,16.344418,37.0,72.0,23.7,62.5
3857283,2022-11-27,Group Stage,Belgium,1,3,49,Morocco,12149,Nayef Aguerd,5237,Hakim Ziyech,Incomplete,66.22877,25.4,64.0,91.4,58.5
3857283,2022-11-27,Group Stage,Belgium,1,3,55,Morocco,23774,Selim Amallah,3625,Sofiane Boufal,Complete,19.609182,74.5,55.4,75.1,35.8
3857283,2022-11-27,Group Stage,Belgium,1,4,1,Morocco,3625,Sofiane Boufal,5237,Hakim Ziyech,Complete,14.368368,88.1,66.7,98.7,76.4
3857283,2022-11-27,Group Stage,Belgium,1,4,5,Morocco,5237,Hakim Ziyech,3625,Sofiane Boufal,Complete,7.937884,100.9,77.9,93.4,75.3
3857283,2022-11-27,Group Stage,Belgium,1,4,9,Morocco,3625,Sofiane Boufal,5237,Hakim Ziyech,Complete,3.2015622,98.1,77.5,95.0,78.3
3857283,2022-11-27,Group Stage,Belgium,1,4,11,Morocco,5237,Hakim Ziyech,23774,Selim Amallah,Incomplete,28.02035,92.4,76.4,109.1,53.9
3857283,2022-11-27,Group Stage,Belgium,1,4,16,Morocco,5234,Sofyan Amrabat,5237,Hakim Ziyech,Complete,8.902246,82.0,65.2,90.6,67.5
3857283,2022-11-27,Group Stage,Belgium,1,4,22,Morocco,5234,Sofyan Amrabat,5219,Romain Saïss,Complete,35.27903,79.1,52.8,59.6,23.4
3857283,2022-11-27,Group Stage,Belgium,1,4,30,Morocco,5219,Romain Saïss,,,Incomplete,25.81182,95.4,8.6,107.5,31.4
3857283,2022-11-27,Group Stage,Belgium,1,4,40,Morocco,6301,Youssef En-Nesyri,,,Incomplete,21.284971,77.1,46.1,55.9,44.2
3857283,2022-11-27,Group Stage,Belgium,1,6,45,Morocco,23774,Selim Amallah,5237,Hakim Ziyech,Complete,3.5510561,45.5,69.3,42.0,68.7
3857283,2022-11-27,Group Stage,Belgium,1,6,46,Morocco,5237,Hakim Ziyech,3625,Sofiane Boufal,Complete,56.82297,43.3,66.9,53.5,11.0
3857283,2022-11-27,Group Stage,Belgium,1,6,54,Morocco,3625,Sofiane Boufal,46258,Azzedine Ounahi,Complete,11.968291,69.6,8.6,71.6,20.4
3857283,2022-11-27,Group Stage,Belgium,1,6,54,Morocco,46258,Azzedine Ounahi,3625,Sofiane Boufal,Complete,12.714166,71.6,20.4,73.3,7.8
3857283,2022-11-27,Group Stage,Belgium,1,6,59,Morocco,3625,Sofiane Boufal,46258,Azzedine Ounahi,Complete,12.09504,89.4,7.3,95.9,17.5
3857283,2022-11-27,Group Stage,Belgium,1,7,2,Morocco,46258,Azzedine Ounahi,6301,Youssef En-Nesyri,Incomplete,21.365393,94.1,19.9,107.3,36.7
3857283,2022-11-27,Group Stage,Belgium,1,8,58,Morocco,15890,Noussair Mazraoui,6301,Youssef En-Nesyri,Complete,27.539427,18.8,0.1,45.7,6.0
3857283,2022-11-27,Group Stage,Belgium,1,9,0,Morocco,6301,Youssef En-Nesyri,,,Incomplete,30.147802,45.7,6.0,72.4,20.0
3857283,2022-11-27,Group Stage,Belgium,1,13,16,Morocco,5245,Achraf Hakimi Mouh,23774,Selim Amallah,Complete,9.192389,25.4,80.0,33.3,75.3
3857283,2022-11-27,Group Stage,Belgium,1,13,18,Morocco,23774,Selim Amallah,5245,Achraf Hakimi Mouh,Complete,4.2544093,29.6,76.6,25.9,78.7
3857283,2022-11-27,Group Stage,Belgium,1,13,19,Morocco,5245,Achraf Hakimi Mouh,23774,Selim Amallah,Complete,4.7518415,25.9,78.7,25.2,74.0
3857283,2022-11-27,Group Stage,Belgium,1,13,21,Morocco,23774,Selim Amallah,5245,Achraf Hakimi Mouh,Complete,4.1785164,25.2,74.0,23.7,77.9
3857283,2022-11-27,Group Stage,Belgium,1,13,22,Morocco,5245,Achraf Hakimi Mouh,6301,Youssef En-Nesyri,Incomplete,25.83815,23.7,77.9,49.3,74.4
3857283,2022-11-27,Group Stage,Belgium,1,14,13,Morocco,5237,Hakim Ziyech,5245,Achraf Hakimi Mouh,Complete,8.381527,47.6,77.3,39.6,74.8
3857283,2022-11-27,Group Stage,Belgium,1,14,15,Morocco,5245,Achraf Hakimi Mouh,5237,Hakim Ziyech,Complete,6.041523,39.6,74.8,44.9,77.7
3857283,2022-11-27,Group Stage,Belgium,1,14,16,Morocco,5237,Hakim Ziyech,5245,Achraf Hakimi Mouh,Complete,12.184006,45.7,78.3,34.3,74.0
3857283,2022-11-27,Group Stage,Belgium,1,14,19,Morocco,5245,Achraf Hakimi Mouh,12149,Nayef Aguerd,Complete,18.514858,32.1,73.6,15.5,65.4
3857283,2022-11-27,Group Stage,Belgium,1,14,24,Morocco,12149,Nayef Aguerd,5245,Achraf Hakimi Mouh,Complete,19.054659,17.3,59.9,24.1,77.7
3857283,2022-11-27,Group Stage,Belgium,1,14,26,Morocco,5245,Achraf Hakimi Mouh,5237,Hakim Ziyech,Complete,10.017983,24.1,77.7,33.1,73.3
3857283,2022-11-27,Group Stage,Belgium,1,14,31,Morocco,5237,Hakim Ziyech,,,Incomplete,3.0528674,32.5,78.9,35.1,77.3
3857283,2022-11-27,Group Stage,Belgium,1,14,44,Morocco,5245,Achraf Hakimi Mouh,,,Incomplete,15.206906,25.7,80.0,36.7,69.5
3857283,2022-11-27,Group Stage,Belgium,1,16,39,Morocco,5233,Munir Mohand Mohamedi,12149,Nayef Aguerd,Complete,14.56743,7.0,36.1,8.4,50.6
3857283,2022-11-27,Group Stage,Belgium,1,16,42,Morocco,12149,Nayef Aguerd,5219,Romain Saïss,Complete,23.205387,8.4,50.6,8.9,27.4
3857283,2022-11-27,Group Stage,Belgium,1,16,46,Morocco,5219,Romain Saïss,15890,Noussair Mazraoui,Complete,29.372776,14.6,22.1,37.0,3.1
3857283,2022-11-27,Group Stage,Belgium,1,16,49,Morocco,15890,Noussair Mazraoui,3625,Sofiane Boufal,Complete,21.883556,46.0,2.7,64.3,14.7
3857283,2022-11-27,Group Stage,Belgium,1,18,30,Morocco,5233,Munir Mohand Mohamedi,3625,Sofiane Boufal,Complete,38.930195,6.6,42.0,26.6,8.6
3857283,2022-11-27,Group Stage,Belgium,1,19,13,Morocco,5219,Romain Saïss,5237,Hakim Ziyech,Complete,57.02149,72.0,26.3,97.9,77.1
3857283,2022-11-27,Group Stage,Belgium,1,19,46,Morocco,3625,Sofiane Boufal,15890,Noussair Mazraoui,Complete,9.932774,61.6,6.5,52.1,9.4
3857283,2022-11-27,Group Stage,Belgium,1,19,48,Morocco,15890,Noussair Mazraoui,12149,Nayef Aguerd,Complete,39.39746,47.1,11.1,36.7,49.1
3857283,2022-11-27,Group Stage,Belgium,1,19,51,Morocco,12149,Nayef Aguerd,5245,Achraf Hakimi Mouh,Complete,26.346916,36.7,51.4,43.7,76.8
3857283,2022-11-27,Group Stage,Belgium,1,19,54,Morocco,5245,Achraf Hakimi Mouh,5237,Hakim Ziyech,Complete,12.517188,47.5,77.1,44.7,64.9
3857283,2022-11-27,Group Stage,Belgium,1,19,57,Morocco,5237,Hakim Ziyech,3625,Sofiane Boufal,Incomplete,75.83963,44.7,64.9,93.8,7.1
3857283,2022-11-27,Group Stage,Belgium,1,20,13,Morocco,15890,Noussair Mazraoui,46258,Azzedine Ounahi,Complete,5.8,99.2,0.1,95.0,4.1
3857283,2022-11-27,Group Stage,Belgium,1,20,18,Morocco,46258,Azzedine Ounahi,5245,Achraf Hakimi Mouh,Complete,30.100664,91.4,19.2,91.2,49.3
3857283,2022-11-27,Group Stage,Belgium,1,20,20,Morocco,5245,Achraf Hakimi Mouh,6301,Youssef En-Nesyri,Complete,11.331814,91.2,49.3,101.6,44.8
3857283,2022-11-27,Group Stage,Belgium,1,20,21,Morocco,6301,Youssef En-Nesyri,5245,Achraf Hakimi Mouh,Complete,17.332628,101.6,44.8,94.7,60.7
3857283,2022-11-27,Group Stage,Belgium,1,20,23,Morocco,5245,Achraf Hakimi Mouh,5237,Hakim Ziyech,Complete,3.535534,93.6,65.4,90.1,64.9
3857283,2022-11-27,Group Stage,Belgium,1,21,10,Morocco,5219,Romain Saïss,15890,Noussair Mazraoui,Complete,10.965857,29.6,28.7,37.6,21.2
3857283,2022-11-27,Group Stage,Belgium,1,21,12,Morocco,15890,Noussair Mazraoui,46258,Azzedine Ounahi,Incomplete,5.147815,34.7,22.6,39.8,21.9
3857283,2022-11-27,Group Stage,Belgium,1,21,34,Morocco,5245,Achraf Hakimi Mouh,5234,Sofyan Amrabat,Complete,14.940214,31.2,72.2,24.8,58.7
3857283,2022-11-27,Group Stage,Belgium,1,21,38,Morocco,5234,Sofyan Amrabat,5233,Munir Mohand Mohamedi,Complete,22.953867,24.8,58.7,7.6,43.5
3857283,2022-11-27,Group Stage,Belgium,1,21,41,Morocco,5233,Munir Mohand Mohamedi,5219,Romain Saïss,Complete,19.437336,7.6,43.5,11.7,24.5
3857283,2022-11-27,Group Stage,Belgium,1,21,43,Morocco,5219,Romain Saïss,15890,Noussair Mazraoui,Complete,23.57732,14.4,19.9,31.9,4.1
3857283,2022-11-27,Group Stage,Belgium,1,21,46,Morocco,15890,Noussair Mazraoui,3625,Sofiane Boufal,Complete,20.624258,31.9,4.1,51.3,11.1
3857283,2022-11-27,Group Stage,Belgium,1,22,0,Morocco,15890,Noussair Mazraoui,46258,Azzedine Ounahi,Complete,10.394711,50.6,11.8,43.3,19.2
3857283,2022-11-27,Group Stage,Belgium,1,22,1,Morocco,46258,Azzedine Ounahi,5234,Sofyan Amrabat,Complete,15.9012575,43.3,19.2,37.0,33.8
3857283,2022-11-27,Group Stage,Belgium,1,22,3,Morocco,5234,Sofyan Amrabat,23774,Selim Amallah,Complete,20.800962,35.1,37.8,49.3,53.0
3857283,2022-11-27,Group Stage,Belgium,1,22,4,Morocco,23774,Selim Amallah,12149,Nayef Aguerd,Complete,18.06765,49.3,53.0,33.1,61.0
3857283,2022-11-27,Group Stage,Belgium,1,22,6,Morocco,12149,Nayef Aguerd,5245,Achraf Hakimi Mouh,Complete,16.044003,33.1,61.0,37.6,76.4
3857283,2022-11-27,Group Stage,Belgium,1,22,10,Morocco,5245,Achraf Hakimi Mouh,5237,Hakim Ziyech,Complete,14.812158,40.9,76.9,55.7,77.5
3857283,2022-11-27,Group Stage,Belgium,1,22,13,Morocco,5237,Hakim Ziyech,12149,Nayef Aguerd,Complete,18.203571,42.5,76.8,26.1,68.9
3857283,2022-11-27,Group Stage,Belgium,1,22,16,Morocco,12149,Nayef Aguerd,5234,Sofyan Amrabat,Complete,19.78004,26.1,68.9,20.6,49.9
3857283,2022-11-27,Group Stage,Belgium,1,22,19,Morocco,5234,Sofyan Amrabat,12149,Nayef Aguerd,Complete,13.501481,23.5,49.7,23.7,63.2
3857283,2022-11-27,Group Stage,Belgium,1,22,21,Morocco,12149,Nayef Aguerd,5245,Achraf Hakimi Mouh,Complete,22.71079,23.7,63.2,46.0,67.5
3857283,2022-11-27,Group Stage,Belgium,1,22,25,Morocco,5245,Achraf Hakimi Mouh,23774,Selim Amallah,Complete,23.889956,48.0,63.8,71.2,69.5
3857283,2022-11-27,Group Stage,Belgium,1,22,28,Morocco,23774,Selim Amallah,6301,Youssef En-Nesyri,Incomplete,40.87175,88.6,71.5,99.1,32.0
3857283,2022-11-27,Group Stage,Belgium,1,22,40,Morocco,5219,Romain Saïss,5234,Sofyan Amrabat,Complete,10.1,51.7,32.7,61.6,34.7
3857283,2022-11-27,Group Stage,Belgium,1,22,49,Morocco,46258,Azzedine Ounahi,15890,Noussair Mazraoui,Complete,7.080254,57.2,13.3,51.5,17.5
3857283,2022-11-27,Group Stage,Belgium,1,22,50,Morocco,15890,Noussair Mazraoui,5234,Sofyan Amrabat,Complete,5.879626,51.5,17.5,47.1,21.4
3857283,2022-11-27,Group Stage,Belgium,1,22,51,Morocco,5234,Sofyan Amrabat,46258,Azzedine Ounahi,Complete,15.297058,47.1,21.4,53.7,7.6
3857283,2022-11-27,Group Stage,Belgium,1,22,52,Morocco,46258,Azzedine Ounahi,3625,Sofiane Boufal,Complete,9.741663,53.7,7.6,63.0,4.7
3857283,2022-11-27,Group Stage,Belgium,1,22,53,Morocco,3625,Sofiane Boufal,46258,Azzedine Ounahi,Complete,7.3109508,63.0,4.7,55.7,4.3
3857283,2022-11-27,Group Stage,Belgium,1,22,55,Morocco,46258,Azzedine Ounahi,5234,Sofyan Amrabat,Complete,12.6889715,55.7,4.3,43.1,5.8
3857283,2022-11-27,Group Stage,Belgium,1,23,15,Morocco,5219,Romain Saïss,46258,Azzedine Ounahi,Complete,17.362604,43.9,4.7,50.4,20.8
3857283,2022-11-27,Group Stage,Belgium,1,23,17,Morocco,46258,Azzedine Ounahi,12149,Nayef Aguerd,Complete,24.641834,46.9,23.0,37.8,45.9
3857283,2022-11-27,Group Stage,Belgium,1,23,25,Morocco,12149,Nayef Aguerd,5237,Hakim Ziyech,Out,47.003193,57.2,58.7,99.1,80.0
3857283,2022-11-27,Group Stage,Belgium,1,24,51,Morocco,23774,Selim Amallah,5219,Romain Saïss,Complete,6.2433963,48.6,41.3,43.3,44.6
3857283,2022-11-27,Group Stage,Belgium,1,24,55,Morocco,5219,Romain Saïss,5245,Achraf Hakimi Mouh,Complete,19.822462,46.6,50.8,48.8,70.5
3857283,2022-11-27,Group Stage,Belgium,1,24,57,Morocco,5245,Achraf Hakimi Mouh,5237,Hakim Ziyech,Pass Offside,48.43728,57.9,71.1,106.3,73.0
3857283,2022-11-27,Group Stage,Belgium,1,26,35,Morocco,5233,Munir Mohand Mohamedi,12149,Nayef Aguerd,Complete,18.63867,7.0,44.1,8.2,62.7
3857283,2022-11-27,Group Stage,Belgium,1,26,39,Morocco,12149,Nayef Aguerd,5219,Romain Saïss,Complete,39.772476,8.2,62.7,5.8,23.0
3857283,2022-11-27,Group Stage,Belgium,1,26,44,Morocco,5219,Romain Saïss,12149,Nayef Aguerd,Complete,34.09692,9.8,20.8,15.6,54.4
3857283,2022-11-27,Group Stage,Belgium,1,26,47,Morocco,12149,Nayef Aguerd,5245,Achraf Hakimi Mouh,Complete,23.7135,18.2,56.3,31.4,76.0
3857283,2022-11-27,Group Stage,Belgium,1,26,49,Morocco,5245,Achraf Hakimi Mouh,46258,Azzedine Ounahi,Complete,11.1400175,33.9,76.6,38.6,66.5
3857283,2022-11-27,Group Stage,Belgium,1,26,50,Morocco,46258,Azzedine Ounahi,5245,Achraf Hakimi Mouh,Complete,9.4429865,38.6,66.5,34.7,75.1
3857283,2022-11-27,Group Stage,Belgium,1,26,52,Morocco,5245,Achraf Hakimi Mouh,46258,Azzedine Ounahi,Complete,17.786793,40.2,73.8,49.6,58.7
3857283,2022-11-27,Group Stage,Belgium,1,26,54,Morocco,46258,Azzedine Ounahi,5234,Sofyan Amrabat,Complete,21.726482,48.8,58.1,28.6,50.1
3857283,2022-11-27,Group Stage,Belgium,1,26,56,Morocco,5234,Sofyan Amrabat,5233,Munir Mohand Mohamedi,Complete,21.220745,27.4,50.6,8.0,42.0
3857283,2022-11-27,Group Stage,Belgium,1,26,58,Morocco,5233,Munir Mohand Mohamedi,5219,Romain Saïss,Complete,34.493477,8.0,42.0,15.8,8.4
3857283,2022-11-27,Group Stage,Belgium,1,27,5,Morocco,5219,Romain Saïss,12149,Nayef Aguerd,Complete,36.417717,27.6,11.3,22.1,47.3
3857283,2022-11-27,Group Stage,Belgium,1,27,12,Morocco,12149,Nayef Aguerd,23774,Selim Amallah,Complete,18.249657,38.7,58.9,53.9,48.8
3857283,2022-11-27,Group Stage,Belgium,1,27,13,Morocco,23774,Selim Amallah,12149,Nayef Aguerd,Complete,19.14001,53.9,48.8,37.4,58.5
3857283,2022-11-27,Group Stage,Belgium,1,27,15,Morocco,12149,Nayef Aguerd,3625,Sofiane Boufal,Complete,72.76517,36.8,56.5,91.4,8.4
3857283,2022-11-27,Group Stage,Belgium,1,27,24,Morocco,3625,Sofiane Boufal,5245,Achraf Hakimi Mouh,Complete,29.861347,98.3,25.5,110.4,52.8
3857283,2022-11-27,Group Stage,Belgium,1,27,26,Morocco,5245,Achraf Hakimi Mouh,23774,Selim Amallah,Complete,5.3823786,110.4,52.8,106.0,49.7
3857283,2022-11-27,Group Stage,Belgium,1,27,50,Morocco,5245,Achraf Hakimi Mouh,6301,Youssef En-Nesyri,Incomplete,14.375674,61.7,66.5,74.2,59.4
3857283,2022-11-27,Group Stage,Belgium,1,28,50,Morocco,5237,Hakim Ziyech,6301,Youssef En-Nesyri,Out,38.812496,82.0,43.1,120.0,51.0
3857283,2022-11-27,Group Stage,Belgium,1,30,7,Morocco,15890,Noussair Mazraoui,46258,Azzedine Ounahi,Complete,9.899495,39.4,16.3,49.2,17.7
3857283,2022-11-27,Group Stage,Belgium,1,30,10,Morocco,46258,Azzedine Ounahi,5234,Sofyan Amrabat,Complete,14.689452,47.1,10.0,41.8,23.7
3857283,2022-11-27,Group Stage,Belgium,1,30,13,Morocco,5234,Sofyan Amrabat,46258,Azzedine Ounahi,Complete,17.61136,42.0,22.8,37.4,5.8
3857283,2022-11-27,Group Stage,Belgium,1,30,14,Morocco,46258,Azzedine Ounahi,12149,Nayef Aguerd,Complete,40.22462,37.4,5.8,32.3,45.7
3857283,2022-11-27,Group Stage,Belgium,1,30,18,Morocco,12149,Nayef Aguerd,5245,Achraf Hakimi Mouh,Complete,29.52372,36.0,48.5,49.8,74.6
3857283,2022-11-27,Group Stage,Belgium,1,30,24,Morocco,5245,Achraf Hakimi Mouh,5237,Hakim Ziyech,Complete,8.021222,86.5,73.6,93.0,78.3
3857283,2022-11-27,Group Stage,Belgium,1,30,28,Morocco,5237,Hakim Ziyech,5245,Achraf Hakimi Mouh,Complete,8.160882,99.4,76.6,91.6,74.2
3857283,2022-11-27,Group Stage,Belgium,1,30,40,Morocco,23774,Selim Amallah,5245,Achraf Hakimi Mouh,Complete,9.362158,67.6,75.5,76.7,77.7
3857283,2022-11-27,Group Stage,Belgium,1,30,41,Morocco,5245,Achraf Hakimi Mouh,23774,Selim Amallah,Complete,3.9293766,76.7,77.7,72.9,78.7
3857283,2022-11-27,Group Stage,Belgium,1,30,42,Morocco,23774,Selim Amallah,5237,Hakim Ziyech,Complete,6.935416,72.9,78.7,69.6,72.6
3857283,2022-11-27,Group Stage,Belgium,1,30,44,Morocco,5237,Hakim Ziyech,5234,Sofyan Amrabat,Complete,12.248265,71.4,71.1,74.3,59.2
3857283,2022-11-27,Group Stage,Belgium,1,30,46,Morocco,5234,Sofyan Amrabat,3625,Sofiane Boufal,Incomplete,38.121517,75.9,58.9,86.9,22.4
3857283,2022-11-27,Group Stage,Belgium,1,30,56,Morocco,46258,Azzedine Ounahi,23774,Selim Amallah,Unknown,6.747592,64.3,36.1,65.1,42.8
3857283,2022-11-27,Group Stage,Belgium,1,32,39,Morocco,5233,Munir Mohand Mohamedi,5219,Romain Saïss,Complete,21.557365,8.4,44.6,17.8,25.2
3857283,2022-11-27,Group Stage,Belgium,1,32,44,Morocco,5219,Romain Saïss,3625,Sofiane Boufal,Complete,22.849289,30.5,23.7,53.3,25.2
3857283,2022-11-27,Group Stage,Belgium,1,32,46,Morocco,3625,Sofiane Boufal,15890,Noussair Mazraoui,Complete,18.742731,56.3,23.0,67.8,8.2
3857283,2022-11-27,Group Stage,Belgium,1,32,49,Morocco,15890,Noussair Mazraoui,3625,Sofiane Boufal,Out,5.724509,74.3,3.3,69.2,0.7
3857283,2022-11-27,Group Stage,Belgium,1,33,37,Morocco,3625,Sofiane Boufal,5234,Sofyan Amrabat,Complete,12.3858795,52.4,33.4,47.8,21.9
3857283,2022-11-27,Group Stage,Belgium,1,33,39,Morocco,5234,Sofyan Amrabat,15890,Noussair Mazraoui,Complete,15.52192,48.0,21.9,58.2,10.2
3857283,2022-11-27,Group Stage,Belgium,1,33,42,Morocco,15890,Noussair Mazraoui,46258,Azzedine Ounahi,Complete,7.8434687,67.1,7.5,74.5,4.9
3857283,2022-11-27,Group Stage,Belgium,1,33,44,Morocco,46258,Azzedine Ounahi,15890,Noussair Mazraoui,Complete,7.905694,74.9,4.9,72.4,12.4
3857283,2022-11-27,Group Stage,Belgium,1,33,46,Morocco,15890,Noussair Mazraoui,5234,Sofyan Amrabat,Complete,16.918924,72.4,12.4,58.4,21.9
3857283,2022-11-27,Group Stage,Belgium,1,33,49,Morocco,5234,Sofyan Amrabat,12149,Nayef Aguerd,Complete,42.583214,59.4,26.3,53.7,68.5
3857283,2022-11-27,Group Stage,Belgium,1,33,53,Morocco,12149,Nayef Aguerd,5245,Achraf Hakimi Mouh,Complete,5.813777,56.4,73.0,60.8,76.8
3857283,2022-11-27,Group Stage,Belgium,1,33,55,Morocco,5245,Achraf Hakimi Mouh,23774,Selim Amallah,Complete,12.306502,63.5,76.8,74.3,70.9
3857283,2022-11-27,Group Stage,Belgium,1,33,58,Morocco,23774,Selim Amallah,5245,Achraf Hakimi Mouh,Complete,7.2006946,66.3,73.8,59.2,72.6
3857283,2022-11-27,Group Stage,Belgium,1,33,59,Morocco,5245,Achraf Hakimi Mouh,5234,Sofyan Amrabat,Complete,12.611503,58.4,71.1,56.1,58.7
3857283,2022-11-27,Group Stage,Belgium,1,34,4,Morocco,5234,Sofyan Amrabat,12149,Nayef Aguerd,Complete,14.043148,51.0,57.9,49.0,71.8
3857283,2022-11-27,Group Stage,Belgium,1,34,8,Morocco,12149,Nayef Aguerd,5245,Achraf Hakimi Mouh,Complete,42.052467,49.0,71.8,91.0,69.7
3857283,2022-11-27,Group Stage,Belgium,1,37,11,Morocco,5234,Sofyan Amrabat,3625,Sofiane Boufal,Incomplete,12.364869,58.1,38.0,69.8,34.0
3857283,2022-11-27,Group Stage,Belgium,1,39,6,Morocco,5233,Munir Mohand Mohamedi,12149,Nayef Aguerd,Complete,15.861904,7.0,36.1,8.4,51.9
3857283,2022-11-27,Group Stage,Belgium,1,39,8,Morocco,12149,Nayef Aguerd,5234,Sofyan Amrabat,Complete,12.687395,8.7,55.9,20.6,60.3
3857283,2022-11-27,Group Stage,Belgium,1,39,10,Morocco,5234,Sofyan Amrabat,12149,Nayef Aguerd,Complete,9.291394,19.5,59.2,10.3,60.5
3857283,2022-11-27,Group Stage,Belgium,1,39,13,Morocco,12149,Nayef Aguerd,5245,Achraf Hakimi Mouh,Complete,16.324827,11.5,63.2,18.6,77.9
3857283,2022-11-27,Group Stage,Belgium,1,39,15,Morocco,5245,Achraf Hakimi Mouh,5237,Hakim Ziyech,Complete,7.2111025,21.7,77.1,25.7,71.1
3857283,2022-11-27,Group Stage,Belgium,1,39,19,Morocco,5237,Hakim Ziyech,23774,Selim Amallah,Complete,19.278227,31.7,78.6,50.6,74.8
3857283,2022-11-27,Group Stage,Belgium,1,39,51,Morocco,5219,Romain Saïss,12149,Nayef Aguerd,Complete,27.100739,15.1,23.7,15.3,50.8
3857283,2022-11-27,Group Stage,Belgium,1,39,53,Morocco,12149,Nayef Aguerd,15890,Noussair Mazraoui,Complete,54.681625,23.1,55.9,42.3,4.7
3857283,2022-11-27,Group Stage,Belgium,1,39,59,Morocco,15890,Noussair Mazraoui,6301,Youssef En-Nesyri,Out,72.797806,47.6,5.3,120.0,12.9
3857283,2022-11-27,Group Stage,Belgium,1,40,47,Morocco,5233,Munir Mohand Mohamedi,5234,Sofyan Amrabat,Complete,18.242807,11.3,37.1,25.7,48.3
3857283,2022-11-27,Group Stage,Belgium,1,40,51,Morocco,5234,Sofyan Amrabat,5245,Achraf Hakimi Mouh,Complete,16.131025,30.5,57.2,31.5,73.3
3857283,2022-11-27,Group Stage,Belgium,1,40,54,Morocco,5245,Achraf Hakimi Mouh,23774,Selim Amallah,Complete,16.753805,31.5,73.3,45.3,63.8
3857283,2022-11-27,Group Stage,Belgium,1,41,0,Morocco,5219,Romain Saïss,,,Incomplete,20.08233,26.8,44.8,24.1,64.7
3857283,2022-11-27,Group Stage,Belgium,1,42,39,Morocco,5245,Achraf Hakimi Mouh,5237,Hakim Ziyech,Incomplete,20.240553,31.7,80.0,51.5,75.8
3857283,2022-11-27,Group Stage,Belgium,1,42,42,Morocco,5245,Achraf Hakimi Mouh,23774,Selim Amallah,Complete,7.66942,37.4,72.2,43.3,67.3
3857283,2022-11-27,Group Stage,Belgium,1,43,24,Morocco,12149,Nayef Aguerd,5237,Hakim Ziyech,Complete,15.716552,34.9,55.9,50.4,58.5
3857283,2022-11-27,Group Stage,Belgium,1,43,26,Morocco,12149,Nayef Aguerd,46258,Azzedine Ounahi,Complete,11.103603,37.8,50.6,45.5,42.6
3857283,2022-11-27,Group Stage,Belgium,1,43,29,Morocco,46258,Azzedine Ounahi,5237,Hakim Ziyech,Complete,39.9566,47.5,46.6,75.3,75.3
3857283,2022-11-27,Group Stage,Belgium,1,44,46,Morocco,5234,Sofyan Amrabat,3625,Sofiane Boufal,Complete,16.646921,34.7,26.9,44.3,13.3
3857283,2022-11-27,Group Stage,Belgium,1,44,49,Morocco,3625,Sofiane Boufal,5237,Hakim Ziyech,Complete,74.53489,47.3,12.9,89.7,74.2
3857283,2022-11-27,Group Stage,Belgium,1,46,5,Morocco,5237,Hakim Ziyech,5219,Romain Saïss,Pass Offside,25.51627,102.7,65.8,116.9,44.6
3857283,2022-11-27,Group Stage,Belgium,2,45,0,Morocco,6301,Youssef En-Nesyri,5234,Sofyan Amrabat,Complete,7.467262,60.0,40.0,53.0,37.4
3857283,2022-11-27,Group Stage,Belgium,2,45,1,Morocco,5234,Sofyan Amrabat,5245,Achraf Hakimi Mouh,Complete,40.044224,52.5,35.1,39.0,72.8
3857283,2022-11-27,Group Stage,Belgium,2,45,5,Morocco,5245,Achraf Hakimi Mouh,5219,Romain Saïss,Complete,46.165356,39.1,70.4,22.3,27.4
3857283,2022-11-27,Group Stage,Belgium,2,45,10,Morocco,5219,Romain Saïss,12149,Nayef Aguerd,Complete,28.595453,21.9,21.5,27.2,49.6
3857283,2022-11-27,Group Stage,Belgium,2,45,15,Morocco,12149,Nayef Aguerd,5219,Romain Saïss,Complete,27.705053,30.0,49.8,25.9,22.4
3857283,2022-11-27,Group Stage,Belgium,2,45,17,Morocco,5219,Romain Saïss,15890,Noussair Mazraoui,Complete,25.321335,25.9,22.4,41.3,2.3
3857283,2022-11-27,Group Stage,Belgium,2,45,22,Morocco,15890,Noussair Mazraoui,5219,Romain Saïss,Complete,26.33211,34.3,4.4,9.0,11.7
3857283,2022-11-27,Group Stage,Belgium,2,45,25,Morocco,5219,Romain Saïss,12149,Nayef Aguerd,Complete,45.103992,9.0,11.7,8.4,56.8
3857283,2022-11-27,Group Stage,Belgium,2,45,31,Morocco,12149,Nayef Aguerd,5245,Achraf Hakimi Mouh,Complete,15.139683,20.8,58.3,26.8,72.2
3857283,2022-11-27,Group Stage,Belgium,2,45,33,Morocco,5245,Achraf Hakimi Mouh,6301,Youssef En-Nesyri,Incomplete,61.76026,28.1,72.2,89.3,63.9
3857283,2022-11-27,Group Stage,Belgium,2,46,15,Morocco,5233,Munir Mohand Mohamedi,12149,Nayef Aguerd,Complete,23.690716,6.0,36.0,9.7,59.4
3857283,2022-11-27,Group Stage,Belgium,2,46,20,Morocco,12149,Nayef Aguerd,5219,Romain Saïss,Complete,39.20459,13.5,59.0,12.9,19.8
3857283,2022-11-27,Group Stage,Belgium,2,46,24,Morocco,5219,Romain Saïss,15890,Noussair Mazraoui,Complete,17.286121,17.0,16.2,27.0,2.1
3857283,2022-11-27,Group Stage,Belgium,2,46,27,Morocco,15890,Noussair Mazraoui,5219,Romain Saïss,Complete,20.50878,27.0,2.1,6.5,2.7
3857283,2022-11-27,Group Stage,Belgium,2,46,32,Morocco,5219,Romain Saïss,6301,Youssef En-Nesyri,Incomplete,58.104046,15.5,3.4,71.3,19.6
3857283,2022-11-27,Group Stage,Belgium,2,46,40,Morocco,5219,Romain Saïss,6301,Youssef En-Nesyri,Incomplete,28.115477,45.4,3.6,73.2,7.8
3857283,2022-11-27,Group Stage,Belgium,2,46,44,Morocco,46258,Azzedine Ounahi,5219,Romain Saïss,Complete,20.67293,47.1,16.8,27.2,22.4
3857283,2022-11-27,Group Stage,Belgium,2,46,47,Morocco,5219,Romain Saïss,5233,Munir Mohand Mohamedi,Complete,29.251495,27.2,22.4,9.0,45.3
3857283,2022-11-27,Group Stage,Belgium,2,46,50,Morocco,5233,Munir Mohand Mohamedi,23774,Selim Amallah,Incomplete,46.015324,9.0,45.3,54.4,52.8
3857283,2022-11-27,Group Stage,Belgium,2,47,13,Morocco,5234,Sofyan Amrabat,6301,Youssef En-Nesyri,Incomplete,27.464159,47.3,56.8,74.5,53.0
3857283,2022-11-27,Group Stage,Belgium,2,47,18,Morocco,5245,Achraf Hakimi Mouh,5237,Hakim Ziyech,Complete,19.209373,67.9,74.8,87.1,74.2
3857283,2022-11-27,Group Stage,Belgium,2,47,25,Morocco,5237,Hakim Ziyech,3625,Sofiane Boufal,Complete,17.228464,102.3,80.0,88.2,70.1
3857283,2022-11-27,Group Stage,Belgium,2,47,28,Morocco,3625,Sofiane Boufal,5245,Achraf Hakimi Mouh,Complete,4.527693,89.0,70.7,89.5,75.2
3857283,2022-11-27,Group Stage,Belgium,2,47,29,Morocco,5245,Achraf Hakimi Mouh,3625,Sofiane Boufal,Complete,6.824954,88.0,74.6,81.3,73.3
3857283,2022-11-27,Group Stage,Belgium,2,47,55,Morocco,5237,Hakim Ziyech,,,Incomplete,28.595453,81.4,74.5,100.7,53.4
3857283,2022-11-27,Group Stage,Belgium,2,48,46,Morocco,46258,Azzedine Ounahi,5237,Hakim Ziyech,Complete,15.666844,57.2,49.6,63.6,63.9
3857283,2022-11-27,Group Stage,Belgium,2,49,13,Morocco,5234,Sofyan Amrabat,5219,Romain Saïss,Complete,30.046797,58.9,56.2,48.0,28.2
3857283,2022-11-27,Group Stage,Belgium,2,49,15,Morocco,5219,Romain Saïss,46258,Azzedine Ounahi,Complete,11.597413,48.0,28.2,59.5,26.7
3857283,2022-11-27,Group Stage,Belgium,2,49,18,Morocco,46258,Azzedine Ounahi,15890,Noussair Mazraoui,Incomplete,38.129253,63.6,26.0,94.6,3.8
3857283,2022-11-27,Group Stage,Belgium,2,49,29,Morocco,5219,Romain Saïss,5237,Hakim Ziyech,Complete,21.967249,44.3,26.0,56.3,44.4
3857283,2022-11-27,Group Stage,Belgium,2,49,31,Morocco,5237,Hakim Ziyech,6301,Youssef En-Nesyri,Complete,25.031979,62.1,45.9,86.9,49.3
3857283,2022-11-27,Group Stage,Belgium,2,49,38,Morocco,6301,Youssef En-Nesyri,46258,Azzedine Ounahi,Complete,19.053871,95.5,46.6,86.7,29.7
3857283,2022-11-27,Group Stage,Belgium,2,49,40,Morocco,46258,Azzedine Ounahi,5237,Hakim Ziyech,Complete,15.29477,87.1,29.9,88.8,45.1
3857283,2022-11-27,Group Stage,Belgium,2,50,18,Morocco,5233,Munir Mohand Mohamedi,5234,Sofyan Amrabat,Complete,8.547514,15.0,47.2,22.5,43.1
3857283,2022-11-27,Group Stage,Belgium,2,50,19,Morocco,5234,Sofyan Amrabat,23774,Selim Amallah,Complete,21.512787,22.7,43.4,43.3,37.2
3857283,2022-11-27,Group Stage,Belgium,2,50,22,Morocco,23774,Selim Amallah,5237,Hakim Ziyech,Incomplete,47.943718,46.0,37.2,79.6,71.4
3857283,2022-11-27,Group Stage,Belgium,2,52,14,Morocco,5233,Munir Mohand Mohamedi,12149,Nayef Aguerd,Complete,23.887236,6.0,36.0,10.8,59.4
3857283,2022-11-27,Group Stage,Belgium,2,52,20,Morocco,12149,Nayef Aguerd,5219,Romain Saïss,Complete,34.982426,15.7,55.8,13.3,20.9
3857283,2022-11-27,Group Stage,Belgium,2,52,24,Morocco,5219,Romain Saïss,12149,Nayef Aguerd,Complete,42.46999,13.5,20.7,24.2,61.8
3857283,2022-11-27,Group Stage,Belgium,2,52,30,Morocco,12149,Nayef Aguerd,5234,Sofyan Amrabat,Complete,9.702062,33.9,63.5,34.1,53.8
3857283,2022-11-27,Group Stage,Belgium,2,52,31,Morocco,5234,Sofyan Amrabat,12149,Nayef Aguerd,Complete,10.965857,33.9,54.3,31.5,65.0
3857283,2022-11-27,Group Stage,Belgium,2,52,33,Morocco,12149,Nayef Aguerd,5234,Sofyan Amrabat,Complete,13.926234,31.5,64.7,45.2,62.2
3857283,2022-11-27,Group Stage,Belgium,2,52,36,Morocco,23774,Selim Amallah,5234,Sofyan Amrabat,Complete,3.8209946,56.3,62.2,55.9,66.0
3857283,2022-11-27,Group Stage,Belgium,2,52,41,Morocco,5234,Sofyan Amrabat,5237,Hakim Ziyech,Complete,13.485177,93.3,68.4,105.7,73.7
3857283,2022-11-27,Group Stage,Belgium,2,52,59,Morocco,46258,Azzedine Ounahi,15890,Noussair Mazraoui,Complete,4.7,15.7,22.0,11.0,22.0
3857283,2022-11-27,Group Stage,Belgium,2,53,0,Morocco,15890,Noussair Mazraoui,3625,Sofiane Boufal,Complete,32.376072,11.0,22.0,37.5,3.4
3857283,2022-11-27,Group Stage,Belgium,2,53,40,Morocco,5233,Munir Mohand Mohamedi,15890,Noussair Mazraoui,Complete,39.630795,12.7,42.1,27.9,5.5
3857283,2022-11-27,Group Stage,Belgium,2,53,45,Morocco,15890,Noussair Mazraoui,46258,Azzedine Ounahi,Complete,11.672618,33.9,5.1,39.2,15.5
3857283,2022-11-27,Group Stage,Belgium,2,53,47,Morocco,46258,Azzedine Ounahi,5234,Sofyan Amrabat,Complete,7.877182,39.2,15.5,35.4,22.4
3857283,2022-11-27,Group Stage,Belgium,2,53,48,Morocco,5234,Sofyan Amrabat,15890,Noussair Mazraoui,Complete,21.29413,35.6,22.4,45.6,3.6
3857283,2022-11-27,Group Stage,Belgium,2,53,51,Morocco,15890,Noussair Mazraoui,5234,Sofyan Amrabat,Complete,8.9196415,45.6,3.6,39.0,9.6
3857283,2022-11-27,Group Stage,Belgium,2,53,52,Morocco,5234,Sofyan Amrabat,15890,Noussair Mazraoui,Complete,8.809086,39.0,9.6,45.8,4.0
3857283,2022-11-27,Group Stage,Belgium,2,53,57,Morocco,15890,Noussair Mazraoui,5234,Sofyan Amrabat,Complete,14.378456,45.8,4.0,31.5,5.5
3857283,2022-11-27,Group Stage,Belgium,2,54,0,Morocco,5234,Sofyan Amrabat,12149,Nayef Aguerd,Complete,48.68121,31.5,5.5,39.0,53.6
3857283,2022-11-27,Group Stage,Belgium,2,54,13,Morocco,12149,Nayef Aguerd,5219,Romain Saïss,Complete,25.6285,67.0,59.6,43.9,48.5
3857283,2022-11-27,Group Stage,Belgium,2,54,20,Morocco,5219,Romain Saïss,12149,Nayef Aguerd,Complete,12.6889715,56.7,52.1,58.2,64.7
3857283,2022-11-27,Group Stage,Belgium,2,54,24,Morocco,12149,Nayef Aguerd,5234,Sofyan Amrabat,Complete,41.078583,58.2,64.7,45.0,25.8
3857283,2022-11-27,Group Stage,Belgium,2,54,28,Morocco,5234,Sofyan Amrabat,23774,Selim Amallah,Complete,7.0028567,56.3,35.7,56.5,42.7
3857283,2022-11-27,Group Stage,Belgium,2,54,30,Morocco,23774,Selim Amallah,5219,Romain Saïss,Complete,23.780033,52.9,39.7,38.6,20.7
3857283,2022-11-27,Group Stage,Belgium,2,54,32,Morocco,5219,Romain Saïss,3625,Sofiane Boufal,Complete,24.399385,38.6,20.5,62.9,18.3
3857283,2022-11-27,Group Stage,Belgium,2,54,39,Morocco,3625,Sofiane Boufal,15890,Noussair Mazraoui,Complete,10.707007,96.3,18.8,105.3,13.0
3857283,2022-11-27,Group Stage,Belgium,2,54,41,Morocco,15890,Noussair Mazraoui,3625,Sofiane Boufal,Complete,7.808969,109.1,13.8,101.4,15.1
3857283,2022-11-27,Group Stage,Belgium,2,54,49,Morocco,23774,Selim Amallah,15890,Noussair Mazraoui,Complete,7.3109508,99.1,20.3,98.7,13.0
3857283,2022-11-27,Group Stage,Belgium,2,54,52,Morocco,15890,Noussair Mazraoui,5245,Achraf Hakimi Mouh,Complete,33.01348,98.7,13.0,92.9,45.5
3857283,2022-11-27,Group Stage,Belgium,2,54,53,Morocco,5245,Achraf Hakimi Mouh,5237,Hakim Ziyech,Incomplete,11.7046995,92.9,45.5,99.3,55.3
3857283,2022-11-27,Group Stage,Belgium,2,55,25,Morocco,5245,Achraf Hakimi Mouh,23774,Selim Amallah,Complete,28.108717,64.7,80.0,64.0,51.9
3857283,2022-11-27,Group Stage,Belgium,2,55,28,Morocco,23774,Selim Amallah,5219,Romain Saïss,Complete,17.965523,58.2,50.8,45.2,38.4
3857283,2022-11-27,Group Stage,Belgium,2,55,31,Morocco,5219,Romain Saïss,15890,Noussair Mazraoui,Complete,9.381365,40.1,31.2,45.0,23.2
3857283,2022-11-27,Group Stage,Belgium,2,55,32,Morocco,15890,Noussair Mazraoui,5219,Romain Saïss,Complete,9.651943,45.0,23.2,39.6,31.2
3857283,2022-11-27,Group Stage,Belgium,2,55,35,Morocco,5219,Romain Saïss,5234,Sofyan Amrabat,Complete,16.451445,39.6,31.2,40.9,47.6
3857283,2022-11-27,Group Stage,Belgium,2,55,37,Morocco,5234,Sofyan Amrabat,46258,Azzedine Ounahi,Complete,18.940168,41.1,48.1,56.3,59.4
3857283,2022-11-27,Group Stage,Belgium,2,55,40,Morocco,46258,Azzedine Ounahi,5245,Achraf Hakimi Mouh,Complete,14.956269,56.3,59.4,62.3,73.1
3857283,2022-11-27,Group Stage,Belgium,2,55,42,Morocco,5245,Achraf Hakimi Mouh,12149,Nayef Aguerd,Complete,16.243153,62.3,73.1,46.3,70.3
3857283,2022-11-27,Group Stage,Belgium,2,55,44,Morocco,12149,Nayef Aguerd,5234,Sofyan Amrabat,Complete,27.247202,46.3,70.3,33.4,46.3
3857283,2022-11-27,Group Stage,Belgium,2,55,50,Morocco,5234,Sofyan Amrabat,12149,Nayef Aguerd,Complete,21.149231,46.0,38.9,51.2,59.4
3857283,2022-11-27,Group Stage,Belgium,2,55,56,Morocco,12149,Nayef Aguerd,5237,Hakim Ziyech,Complete,18.402445,63.2,61.5,81.6,61.8
3857283,2022-11-27,Group Stage,Belgium,2,56,4,Morocco,5237,Hakim Ziyech,3625,Sofiane Boufal,Complete,57.968353,75.4,58.3,93.1,3.1
3857283,2022-11-27,Group Stage,Belgium,2,56,44,Morocco,5234,Sofyan Amrabat,5219,Romain Saïss,Complete,34.597397,56.7,67.1,45.4,34.4
3857283,2022-11-27,Group Stage,Belgium,2,56,47,Morocco,5219,Romain Saïss,5233,Munir Mohand Mohamedi,Complete,24.31296,43.1,34.6,19.7,41.2
3857283,2022-11-27,Group Stage,Belgium,2,56,49,Morocco,5233,Munir Mohand Mohamedi,15890,Noussair Mazraoui,Complete,42.173096,19.7,41.2,38.8,3.6
3857283,2022-11-27,Group Stage,Belgium,2,56,55,Morocco,15890,Noussair Mazraoui,3625,Sofiane Boufal,Complete,17.301155,39.2,4.0,56.5,3.8
3857283,2022-11-27,Group Stage,Belgium,2,56,57,Morocco,3625,Sofiane Boufal,15890,Noussair Mazraoui,Complete,13.110301,52.3,3.6,47.5,15.8
3857283,2022-11-27,Group Stage,Belgium,2,57,0,Morocco,15890,Noussair Mazraoui,6301,Youssef En-Nesyri,Complete,41.330376,51.2,16.6,92.0,23.2
3857283,2022-11-27,Group Stage,Belgium,2,57,2,Morocco,6301,Youssef En-Nesyri,23774,Selim Amallah,Complete,19.516659,91.4,23.9,105.1,37.8
3857283,2022-11-27,Group Stage,Belgium,2,57,9,Morocco,5234,Sofyan Amrabat,46258,Azzedine Ounahi,Incomplete,11.692733,70.2,31.8,81.6,29.2
3857283,2022-11-27,Group Stage,Belgium,2,57,27,Morocco,5219,Romain Saïss,6301,Youssef En-Nesyri,Complete,50.561844,66.4,17.3,105.3,49.6
3857283,2022-11-27,Group Stage,Belgium,2,59,12,Morocco,5234,Sofyan Amrabat,5237,Hakim Ziyech,Complete,13.384319,37.1,50.6,45.4,61.1
3857283,2022-11-27,Group Stage,Belgium,2,60,26,Morocco,15890,Noussair Mazraoui,5219,Romain Saïss,Complete,10.716809,71.1,1.9,60.4,2.5
3857283,2022-11-27,Group Stage,Belgium,2,60,27,Morocco,5219,Romain Saïss,3625,Sofiane Boufal,Complete,26.779842,60.0,2.7,85.0,12.3
3857283,2022-11-27,Group Stage,Belgium,2,60,33,Morocco,3625,Sofiane Boufal,15890,Noussair Mazraoui,Complete,14.727186,80.3,15.3,91.8,6.1
3857283,2022-11-27,Group Stage,Belgium,2,60,37,Morocco,15890,Noussair Mazraoui,3625,Sofiane Boufal,Complete,10.507616,99.3,11.3,99.7,21.8
3857283,2022-11-27,Group Stage,Belgium,2,60,38,Morocco,3625,Sofiane Boufal,15890,Noussair Mazraoui,Complete,12.865458,99.7,21.8,87.1,19.2
3857283,2022-11-27,Group Stage,Belgium,2,60,40,Morocco,15890,Noussair Mazraoui,5234,Sofyan Amrabat,Complete,15.587815,87.1,19.2,75.4,29.5
3857283,2022-11-27,Group Stage,Belgium,2,60,42,Morocco,5234,Sofyan Amrabat,5245,Achraf Hakimi Mouh,Complete,20.241047,70.2,30.9,76.9,50.0
3857283,2022-11-27,Group Stage,Belgium,2,60,45,Morocco,5245,Achraf Hakimi Mouh,23774,Selim Amallah,Complete,13.395895,83.9,50.0,97.0,47.2
3857283,2022-11-27,Group Stage,Belgium,2,60,48,Morocco,23774,Selim Amallah,15890,Noussair Mazraoui,Complete,9.158603,95.2,40.1,87.4,35.3
3857283,2022-11-27,Group Stage,Belgium,2,61,13,Morocco,3625,Sofiane Boufal,46258,Azzedine Ounahi,Complete,8.807384,57.4,8.9,59.3,17.5
3857283,2022-11-27,Group Stage,Belgium,2,61,14,Morocco,46258,Azzedine Ounahi,15890,Noussair Mazraoui,Complete,12.020399,57.6,16.8,45.6,17.5
3857283,2022-11-27,Group Stage,Belgium,2,61,16,Morocco,15890,Noussair Mazraoui,46258,Azzedine Ounahi,Complete,7.648529,45.6,17.5,47.1,25.0
3857283,2022-11-27,Group Stage,Belgium,2,61,21,Morocco,46258,Azzedine Ounahi,12149,Nayef Aguerd,Complete,19.32563,34.1,27.1,31.9,46.3
3857283,2022-11-27,Group Stage,Belgium,2,61,26,Morocco,12149,Nayef Aguerd,5233,Munir Mohand Mohamedi,Complete,23.249086,31.9,46.8,10.3,38.2
3857283,2022-11-27,Group Stage,Belgium,2,61,30,Morocco,5233,Munir Mohand Mohamedi,,,Incomplete,69.92203,10.3,39.3,75.6,64.3
3857283,2022-11-27,Group Stage,Belgium,2,62,6,Morocco,5234,Sofyan Amrabat,23774,Selim Amallah,Complete,5.186521,59.5,52.6,57.8,57.5
3857283,2022-11-27,Group Stage,Belgium,2,62,13,Morocco,12149,Nayef Aguerd,5234,Sofyan Amrabat,Incomplete,8.6,40.7,46.3,49.3,46.3
3857283,2022-11-27,Group Stage,Belgium,2,62,31,Morocco,15890,Noussair Mazraoui,46258,Azzedine Ounahi,Complete,29.924238,28.5,32.4,42.4,5.9
3857283,2022-11-27,Group Stage,Belgium,2,62,33,Morocco,46258,Azzedine Ounahi,3625,Sofiane Boufal,Complete,8.683317,44.8,7.8,51.6,13.2
3857283,2022-11-27,Group Stage,Belgium,2,62,34,Morocco,3625,Sofiane Boufal,46258,Azzedine Ounahi,Complete,9.047099,51.6,13.2,55.2,4.9
3857283,2022-11-27,Group Stage,Belgium,2,62,38,Morocco,46258,Azzedine Ounahi,3625,Sofiane Boufal,Complete,6.9641943,60.0,4.6,53.5,2.1
3857283,2022-11-27,Group Stage,Belgium,2,62,41,Morocco,3625,Sofiane Boufal,5219,Romain Saïss,Complete,39.805653,53.5,2.1,32.8,36.1
3857283,2022-11-27,Group Stage,Belgium,2,62,46,Morocco,5219,Romain Saïss,12149,Nayef Aguerd,Complete,21.7883,32.4,36.3,39.2,57.0
3857283,2022-11-27,Group Stage,Belgium,2,62,48,Morocco,12149,Nayef Aguerd,5237,Hakim Ziyech,Complete,17.3026,39.2,57.0,56.5,57.3
3857283,2022-11-27,Group Stage,Belgium,2,62,50,Morocco,5237,Hakim Ziyech,12149,Nayef Aguerd,Complete,17.393389,56.5,57.3,39.2,55.5
3857283,2022-11-27,Group Stage,Belgium,2,62,52,Morocco,12149,Nayef Aguerd,5234,Sofyan Amrabat,Complete,14.008925,39.2,55.5,48.0,44.6
3857283,2022-11-27,Group Stage,Belgium,2,62,57,Morocco,5234,Sofyan Amrabat,3625,Sofiane Boufal,Complete,36.65897,67.9,36.3,81.1,2.1
3857283,2022-11-27,Group Stage,Belgium,2,63,9,Morocco,3625,Sofiane Boufal,5237,Hakim Ziyech,Complete,60.054394,116.0,14.9,99.7,72.7
3857283,2022-11-27,Group Stage,Belgium,2,63,18,Morocco,5237,Hakim Ziyech,5245,Achraf Hakimi Mouh,Complete,12.4903965,105.7,68.0,93.3,69.5
3857283,2022-11-27,Group Stage,Belgium,2,63,20,Morocco,5245,Achraf Hakimi Mouh,3625,Sofiane Boufal,Complete,49.778408,93.3,69.5,117.5,26.0
3857283,2022-11-27,Group Stage,Belgium,2,63,23,Morocco,3625,Sofiane Boufal,6301,Youssef En-Nesyri,Incomplete,15.4012985,117.5,26.0,117.3,41.4
3857283,2022-11-27,Group Stage,Belgium,2,63,55,Morocco,5245,Achraf Hakimi Mouh,23774,Selim Amallah,Complete,14.182031,76.9,80.0,85.6,68.8
3857283,2022-11-27,Group Stage,Belgium,2,63,56,Morocco,23774,Selim Amallah,5245,Achraf Hakimi Mouh,Complete,9.730879,85.6,68.8,79.4,76.3
3857283,2022-11-27,Group Stage,Belgium,2,63,57,Morocco,5245,Achraf Hakimi Mouh,5237,Hakim Ziyech,Incomplete,19.440165,79.4,76.3,95.0,64.7
3857283,2022-11-27,Group Stage,Belgium,2,64,5,Morocco,5234,Sofyan Amrabat,3625,Sofiane Boufal,Incomplete,8.026207,74.7,45.1,78.8,38.2
3857283,2022-11-27,Group Stage,Belgium,2,64,29,Morocco,46258,Azzedine Ounahi,5237,Hakim Ziyech,Complete,15.255491,31.7,36.9,35.4,51.7
3857283,2022-11-27,Group Stage,Belgium,2,64,30,Morocco,5237,Hakim Ziyech,23774,Selim Amallah,Incomplete,10.690183,35.4,51.7,45.6,48.5
3857283,2022-11-27,Group Stage,Belgium,2,67,37,Morocco,5233,Munir Mohand Mohamedi,,,Incomplete,78.60795,6.0,36.0,82.4,54.5
3857283,2022-11-27,Group Stage,Belgium,2,67,44,Morocco,12149,Nayef Aguerd,,,Unknown,2.1954498,43.7,54.9,45.6,56.0
3857283,2022-11-27,Group Stage,Belgium,2,68,4,Morocco,12149,Nayef Aguerd,46258,Azzedine Ounahi,Complete,11.321661,27.7,70.7,36.0,63.0
3857283,2022-11-27,Group Stage,Belgium,2,68,6,Morocco,46258,Azzedine Ounahi,5233,Munir Mohand Mohamedi,Complete,37.687664,36.0,63.0,5.4,41.0
3857283,2022-11-27,Group Stage,Belgium,2,68,8,Morocco,5233,Munir Mohand Mohamedi,5219,Romain Saïss,Complete,25.381096,4.3,42.3,9.7,17.5
3857283,2022-11-27,Group Stage,Belgium,2,68,11,Morocco,5219,Romain Saïss,31295,Yahia Attiyat allah,Complete,25.253317,10.1,17.7,29.8,1.9
3857283,2022-11-27,Group Stage,Belgium,2,68,18,Morocco,31295,Yahia Attiyat allah,3625,Sofiane Boufal,Complete,11.490866,68.3,1.9,74.3,11.7
3857283,2022-11-27,Group Stage,Belgium,2,68,22,Morocco,3625,Sofiane Boufal,3634,Abdelhamid Sabiri,Complete,6.325346,87.5,14.9,83.5,19.8
3857283,2022-11-27,Group Stage,Belgium,2,68,23,Morocco,3634,Abdelhamid Sabiri,46258,Azzedine Ounahi,Complete,9.124144,83.5,19.8,82.0,28.8
3857283,2022-11-27,Group Stage,Belgium,2,68,44,Morocco,5234,Sofyan Amrabat,5237,Hakim Ziyech,Complete,13.102672,67.9,52.1,80.7,54.9
3857283,2022-11-27,Group Stage,Belgium,2,68,47,Morocco,5237,Hakim Ziyech,46258,Azzedine Ounahi,Complete,29.942945,75.4,52.8,93.7,76.5
3857283,2022-11-27,Group Stage,Belgium,2,70,31,Morocco,5233,Munir Mohand Mohamedi,5219,Romain Saïss,Complete,16.351759,6.0,44.0,7.3,27.7
3857283,2022-11-27,Group Stage,Belgium,2,70,34,Morocco,5219,Romain Saïss,31295,Yahia Attiyat allah,Complete,17.613914,9.0,20.5,14.6,3.8
3857283,2022-11-27,Group Stage,Belgium,2,70,37,Morocco,31295,Yahia Attiyat allah,,,Incomplete,60.048313,14.6,3.8,67.4,32.4
3857283,2022-11-27,Group Stage,Belgium,2,70,47,Morocco,5219,Romain Saïss,15890,Noussair Mazraoui,Complete,16.85764,14.4,36.3,18.7,52.6
3857283,2022-11-27,Group Stage,Belgium,2,70,50,Morocco,15890,Noussair Mazraoui,5237,Hakim Ziyech,Complete,17.804493,21.2,67.3,39.0,66.9
3857283,2022-11-27,Group Stage,Belgium,2,70,53,Morocco,5237,Hakim Ziyech,15890,Noussair Mazraoui,Complete,8.309633,36.2,75.2,27.9,74.8
3857283,2022-11-27,Group Stage,Belgium,2,70,53,Morocco,15890,Noussair Mazraoui,46258,Azzedine Ounahi,Complete,26.16295,27.9,74.8,39.4,51.3
3857283,2022-11-27,Group Stage,Belgium,2,70,57,Morocco,46258,Azzedine Ounahi,3625,Sofiane Boufal,Complete,13.724431,46.5,46.8,56.5,56.2
3857283,2022-11-27,Group Stage,Belgium,2,71,2,Morocco,3625,Sofiane Boufal,31295,Yahia Attiyat allah,Complete,54.044796,55.9,37.2,98.7,4.2
3857283,2022-11-27,Group Stage,Belgium,2,72,36,Morocco,3634,Abdelhamid Sabiri,5219,Romain Saïss,Complete,33.031048,114.1,3.6,118.0,36.4
3857283,2022-11-27,Group Stage,Belgium,2,74,34,Morocco,59493,Abderrazak Hamdallah,5237,Hakim Ziyech,Complete,11.435472,40.5,59.8,39.6,71.2
3857283,2022-11-27,Group Stage,Belgium,2,74,41,Morocco,5237,Hakim Ziyech,46258,Azzedine Ounahi,Complete,10.307764,79.0,73.5,78.6,63.2
3857283,2022-11-27,Group Stage,Belgium,2,74,43,Morocco,46258,Azzedine Ounahi,21736,Zakaria Aboukhlal,Incomplete,39.17959,80.7,63.0,98.7,28.2
3857283,2022-11-27,Group Stage,Belgium,2,75,8,Morocco,21736,Zakaria Aboukhlal,,,Incomplete,36.863533,15.2,30.9,51.8,26.5
3857283,2022-11-27,Group Stage,Belgium,2,77,55,Morocco,5233,Munir Mohand Mohamedi,59493,Abderrazak Hamdallah,Incomplete,76.79147,6.0,36.0,80.7,53.8
3857283,2022-11-27,Group Stage,Belgium,2,78,2,Morocco,5237,Hakim Ziyech,5219,Romain Saïss,Complete,24.184706,64.0,62.4,46.7,45.5
3857283,2022-11-27,Group Stage,Belgium,2,78,4,Morocco,5219,Romain Saïss,,,Out,33.552944,46.7,45.9,43.5,79.3
3857283,2022-11-27,Group Stage,Belgium,2,78,26,Morocco,7459,Jawad El Yamiq,59493,Abderrazak Hamdallah,Complete,23.635778,27.4,55.3,51.0,56.6
3857283,2022-11-27,Group Stage,Belgium,2,79,20,Morocco,5233,Munir Mohand Mohamedi,,,Unknown,73.41723,6.0,36.0,78.8,45.5
3857283,2022-11-27,Group Stage,Belgium,2,79,54,Morocco,7459,Jawad El Yamiq,3634,Abdelhamid Sabiri,Complete,14.840486,27.0,58.3,38.8,49.3
3857283,2022-11-27,Group Stage,Belgium,2,79,55,Morocco,3634,Abdelhamid Sabiri,59493,Abderrazak Hamdallah,Incomplete,15.983116,38.8,49.3,49.9,37.8
3857283,2022-11-27,Group Stage,Belgium,2,82,10,Morocco,5233,Munir Mohand Mohamedi,59493,Abderrazak Hamdallah,Incomplete,74.660095,6.0,36.0,79.8,24.7
3857283,2022-11-27,Group Stage,Belgium,2,82,34,Morocco,31295,Yahia Attiyat allah,5234,Sofyan Amrabat,Complete,20.056171,20.0,29.5,33.2,44.6
3857283,2022-11-27,Group Stage,Belgium,2,82,36,Morocco,5234,Sofyan Amrabat,3634,Abdelhamid Sabiri,Complete,9.6187315,33.2,44.6,32.6,35.0
3857283,2022-11-27,Group Stage,Belgium,2,82,38,Morocco,3634,Abdelhamid Sabiri,5233,Munir Mohand Mohamedi,Complete,25.531353,32.1,35.0,6.9,39.1
3857283,2022-11-27,Group Stage,Belgium,2,82,40,Morocco,5233,Munir Mohand Mohamedi,59493,Abderrazak Hamdallah,Complete,64.8859,6.9,39.1,69.6,55.8
3857283,2022-11-27,Group Stage,Belgium,2,82,44,Morocco,59493,Abderrazak Hamdallah,5237,Hakim Ziyech,Incomplete,14.676852,69.6,55.8,55.0,57.3
3857283,2022-11-27,Group Stage,Belgium,2,83,46,Morocco,5233,Munir Mohand Mohamedi,59493,Abderrazak Hamdallah,Incomplete,81.55151,6.0,44.0,87.3,50.4
3857283,2022-11-27,Group Stage,Belgium,2,83,58,Morocco,21736,Zakaria Aboukhlal,3634,Abdelhamid Sabiri,Incomplete,11.672618,102.7,6.4,97.4,16.8
3857283,2022-11-27,Group Stage,Belgium,2,84,2,Morocco,31295,Yahia Attiyat allah,5234,Sofyan Amrabat,Complete,5.515433,86.7,12.8,81.6,14.9
3857283,2022-11-27,Group Stage,Belgium,2,84,6,Morocco,5234,Sofyan Amrabat,3634,Abdelhamid Sabiri,Complete,13.250283,79.0,16.0,74.9,3.4
3857283,2022-11-27,Group Stage,Belgium,2,84,8,Morocco,3634,Abdelhamid Sabiri,12149,Nayef Aguerd,Complete,29.797483,74.9,3.4,45.4,7.6
3857283,2022-11-27,Group Stage,Belgium,2,84,11,Morocco,12149,Nayef Aguerd,5219,Romain Saïss,Complete,30.22929,38.1,16.2,31.5,45.7
3857283,2022-11-27,Group Stage,Belgium,2,84,15,Morocco,5219,Romain Saïss,12149,Nayef Aguerd,Complete,22.218235,28.5,45.9,29.4,23.7
3857283,2022-11-27,Group Stage,Belgium,2,84,18,Morocco,12149,Nayef Aguerd,5233,Munir Mohand Mohamedi,Complete,22.986954,29.4,23.7,8.8,33.9
3857283,2022-11-27,Group Stage,Belgium,2,84,21,Morocco,5233,Munir Mohand Mohamedi,21736,Zakaria Aboukhlal,Complete,62.192364,9.0,33.9,63.2,3.4
3857283,2022-11-27,Group Stage,Belgium,2,84,29,Morocco,21736,Zakaria Aboukhlal,31295,Yahia Attiyat allah,Complete,5.3712196,51.2,2.9,48.6,7.6
3857283,2022-11-27,Group Stage,Belgium,2,84,30,Morocco,31295,Yahia Attiyat allah,59493,Abderrazak Hamdallah,Complete,20.13579,48.6,7.6,68.7,6.4
3857283,2022-11-27,Group Stage,Belgium,2,84,34,Morocco,59493,Abderrazak Hamdallah,5237,Hakim Ziyech,Complete,13.532554,81.6,9.6,93.3,16.4
3857283,2022-11-27,Group Stage,Belgium,2,84,35,Morocco,5237,Hakim Ziyech,59493,Abderrazak Hamdallah,Incomplete,27.995893,93.1,16.8,105.5,41.9
3857283,2022-11-27,Group Stage,Belgium,2,85,11,Morocco,5234,Sofyan Amrabat,21736,Zakaria Aboukhlal,Complete,5.7628117,38.3,20.9,42.8,17.3
3857283,2022-11-27,Group Stage,Belgium,2,86,1,Morocco,12149,Nayef Aguerd,5237,Hakim Ziyech,Complete,14.504137,18.0,24.3,32.1,20.9
3857283,2022-11-27,Group Stage,Belgium,2,86,2,Morocco,5237,Hakim Ziyech,21736,Zakaria Aboukhlal,Complete,7.725283,32.1,20.9,24.9,18.1
3857283,2022-11-27,Group Stage,Belgium,2,86,4,Morocco,21736,Zakaria Aboukhlal,12149,Nayef Aguerd,Complete,4.3863425,24.9,18.1,21.7,21.1
3857283,2022-11-27,Group Stage,Belgium,2,86,5,Morocco,12149,Nayef Aguerd,31295,Yahia Attiyat allah,Complete,16.697306,21.7,21.1,16.3,5.3
3857283,2022-11-27,Group Stage,Belgium,2,86,6,Morocco,31295,Yahia Attiyat allah,5237,Hakim Ziyech,Unknown,45.653038,16.3,5.3,61.9,3.1
3857283,2022-11-27,Group Stage,Belgium,2,86,46,Morocco,12149,Nayef Aguerd,59493,Abderrazak Hamdallah,Complete,48.105095,65.5,2.7,112.4,13.4
3857283,2022-11-27,Group Stage,Belgium,2,88,13,Morocco,5233,Munir Mohand Mohamedi,59493,Abderrazak Hamdallah,Incomplete,73.73141,6.0,36.0,79.6,40.4
3857283,2022-11-27,Group Stage,Belgium,2,89,48,Morocco,3634,Abdelhamid Sabiri,59493,Abderrazak Hamdallah,Complete,41.03523,24.7,17.7,65.7,16.0
3857283,2022-11-27,Group Stage,Belgium,2,90,36,Morocco,5237,Hakim Ziyech,5234,Sofyan Amrabat,Complete,3.5510561,120.0,0.1,118.1,3.1
3857283,2022-11-27,Group Stage,Belgium,2,91,39,Morocco,5233,Munir Mohand Mohamedi,59493,Abderrazak Hamdallah,Complete,69.90286,6.0,36.0,75.6,29.5
3857283,2022-11-27,Group Stage,Belgium,2,91,43,Morocco,59493,Abderrazak Hamdallah,21736,Zakaria Aboukhlal,Complete,15.936437,75.6,29.5,87.5,40.1
3857283,2022-11-27,Group Stage,Belgium,2,91,45,Morocco,21736,Zakaria Aboukhlal,5237,Hakim Ziyech,Complete,11.407016,87.5,40.1,98.9,39.7
3857283,2022-11-27,Group Stage,Belgium,2,91,50,Morocco,5237,Hakim Ziyech,21736,Zakaria Aboukhlal,Complete,10.653169,116.0,55.8,110.3,46.8
3857283,2022-11-27,Group Stage,Belgium,2,94,6,Morocco,5233,Munir Mohand Mohamedi,59493,Abderrazak Hamdallah,Incomplete,62.22869,19.7,51.3,81.8,55.3
3857283,2022-11-27,Group Stage,Belgium,2,94,11,Morocco,5234,Sofyan Amrabat,5219,Romain Saïss,Complete,15.39383,69.4,54.3,56.5,45.9
3857283,2022-11-27,Group Stage,Belgium,2,94,12,Morocco,5219,Romain Saïss,21736,Zakaria Aboukhlal,Incomplete,49.952976,56.5,45.9,106.4,43.6
