match_id,fecha,fase,oponente,periodo,minuto,segundo,equipo,jugador_id,jugador_nombre,receptor_id,receptor_nombre,resultado,longitud_pase,inicio_x,inicio_y,fin_x,fin_y
3857255,2022-12-01,Group Stage,Japan,1,0,0,Spain,133353,Pablo Martín Páez Gavira,6892,Pau Francisco Torres,Complete,31.62673,61.0,40.1,30.3,32.5
3857255,2022-12-01,Group Stage,Japan,1,0,3,Spain,6892,Pau Francisco Torres,68574,Nicholas Williams Arthuer,Incomplete,64.22165,33.5,32.7,84.6,71.6
3857255,2022-12-01,Group Stage,Japan,1,0,12,Spain,3957,César Azpilicueta Tanco,6765,Rodrigo Hernández Cascante,Complete,19.293781,49.6,80.0,33.1,70.0
3857255,2022-12-01,Group Stage,Japan,1,0,16,Spain,6765,Rodrigo Hernández Cascante,6892,Pau Francisco Torres,Complete,31.732002,15.5,62.8,23.9,32.2
3857255,2022-12-01,Group Stage,Japan,1,0,22,Spain,6892,Pau Francisco Torres,6765,Rodrigo Hernández Cascante,Complete,16.37712,31.2,28.7,28.2,44.8
3857255,2022-12-01,Group Stage,Japan,1,0,31,Spain,6765,Rodrigo Hernández Cascante,6892,Pau Francisco Torres,Complete,22.450167,51.9,47.3,50.4,24.9
3857255,2022-12-01,Group Stage,Japan,1,0,36,Spain,6892,Pau Francisco Torres,6765,Rodrigo Hernández Cascante,Complete,16.918629,54.1,27.6,52.1,44.4
3857255,2022-12-01,Group Stage,Japan,1,0,39,Spain,6765,Rodrigo Hernández Cascante,3957,César Azpilicueta Tanco,Complete,22.550388,52.9,45.7,55.5,68.1
3857255,2022-12-01,Group Stage,Japan,1,0,41,Spain,3957,César Azpilicueta Tanco,6892,Pau Francisco Torres,Complete,34.20526,55.7,61.8,43.1,30.0
3857255,2022-12-01,Group Stage,Japan,1,0,44,Spain,6892,Pau Francisco Torres,30486,Pedro González López,Complete,16.772001,43.1,30.0,50.4,14.9
3857255,2022-12-01,Group Stage,Japan,1,0,46,Spain,30486,Pedro González López,6765,Rodrigo Hernández Cascante,Complete,33.878754,47.1,17.3,37.2,49.7
3857255,2022-12-01,Group Stage,Japan,1,0,48,Spain,6765,Rodrigo Hernández Cascante,6892,Pau Francisco Torres,Complete,24.554632,36.7,47.9,25.4,26.1
3857255,2022-12-01,Group Stage,Japan,1,0,50,Spain,6892,Pau Francisco Torres,3957,César Azpilicueta Tanco,Complete,51.36974,25.2,26.1,37.4,76.0
3857255,2022-12-01,Group Stage,Japan,1,0,54,Spain,3957,César Azpilicueta Tanco,5203,Sergio Busquets i Burgos,Complete,17.414074,50.6,72.8,46.4,55.9
3857255,2022-12-01,Group Stage,Japan,1,0,56,Spain,5203,Sergio Busquets i Burgos,6765,Rodrigo Hernández Cascante,Complete,5.5,47.1,57.4,42.7,60.7
3857255,2022-12-01,Group Stage,Japan,1,0,57,Spain,6765,Rodrigo Hernández Cascante,6892,Pau Francisco Torres,Complete,21.789217,42.7,60.7,38.6,39.3
3857255,2022-12-01,Group Stage,Japan,1,1,3,Spain,6892,Pau Francisco Torres,3477,Álvaro Borja Morata Martín,Complete,16.137533,52.4,32.5,68.5,31.4
3857255,2022-12-01,Group Stage,Japan,1,1,3,Spain,3477,Álvaro Borja Morata Martín,6892,Pau Francisco Torres,Complete,18.53672,68.9,31.6,50.8,27.6
3857255,2022-12-01,Group Stage,Japan,1,1,6,Spain,6892,Pau Francisco Torres,39161,Alejandro Balde Martínez,Complete,21.540659,51.3,25.3,62.5,6.9
3857255,2022-12-01,Group Stage,Japan,1,1,8,Spain,39161,Alejandro Balde Martínez,6892,Pau Francisco Torres,Complete,21.931713,62.5,6.9,43.3,17.5
3857255,2022-12-01,Group Stage,Japan,1,1,12,Spain,6892,Pau Francisco Torres,6765,Rodrigo Hernández Cascante,Complete,29.811743,44.3,23.7,48.6,53.2
3857255,2022-12-01,Group Stage,Japan,1,1,15,Spain,6765,Rodrigo Hernández Cascante,133353,Pablo Martín Páez Gavira,Complete,12.419743,52.1,55.2,64.5,55.9
3857255,2022-12-01,Group Stage,Japan,1,1,16,Spain,133353,Pablo Martín Páez Gavira,6765,Rodrigo Hernández Cascante,Complete,13.0311165,64.5,55.9,51.5,55.0
3857255,2022-12-01,Group Stage,Japan,1,1,21,Spain,6765,Rodrigo Hernández Cascante,6892,Pau Francisco Torres,Complete,18.595161,60.6,47.3,54.9,29.6
3857255,2022-12-01,Group Stage,Japan,1,1,23,Spain,6892,Pau Francisco Torres,30486,Pedro González López,Complete,15.970284,55.1,28.7,60.0,13.5
3857255,2022-12-01,Group Stage,Japan,1,1,27,Spain,30486,Pedro González López,133353,Pablo Martín Páez Gavira,Complete,29.972155,58.8,17.1,67.1,45.9
3857255,2022-12-01,Group Stage,Japan,1,1,31,Spain,133353,Pablo Martín Páez Gavira,68574,Nicholas Williams Arthuer,Complete,6.7675695,74.7,59.9,76.9,66.3
3857255,2022-12-01,Group Stage,Japan,1,1,33,Spain,68574,Nicholas Williams Arthuer,133353,Pablo Martín Páez Gavira,Complete,13.771347,88.8,62.0,95.9,73.8
3857255,2022-12-01,Group Stage,Japan,1,1,35,Spain,133353,Pablo Martín Páez Gavira,16532,Daniel Olmo Carvajal,Out,74.81851,101.2,73.8,115.7,0.4
3857255,2022-12-01,Group Stage,Japan,1,1,59,Spain,6765,Rodrigo Hernández Cascante,16532,Daniel Olmo Carvajal,Complete,25.266777,61.7,19.4,85.7,11.5
3857255,2022-12-01,Group Stage,Japan,1,2,1,Spain,16532,Daniel Olmo Carvajal,133353,Pablo Martín Páez Gavira,Incomplete,15.211838,85.7,11.5,85.1,26.7
3857255,2022-12-01,Group Stage,Japan,1,2,11,Spain,39161,Alejandro Balde Martínez,11748,Unai Simón Mendibil,Complete,25.4637,32.3,9.6,10.9,23.4
3857255,2022-12-01,Group Stage,Japan,1,2,12,Spain,11748,Unai Simón Mendibil,6892,Pau Francisco Torres,Complete,10.04241,10.9,22.8,13.5,13.1
3857255,2022-12-01,Group Stage,Japan,1,2,15,Spain,6892,Pau Francisco Torres,16532,Daniel Olmo Carvajal,Complete,34.209354,9.3,8.4,43.5,7.6
3857255,2022-12-01,Group Stage,Japan,1,2,45,Spain,3957,César Azpilicueta Tanco,68574,Nicholas Williams Arthuer,Complete,16.714664,69.8,75.1,86.5,75.8
3857255,2022-12-01,Group Stage,Japan,1,2,49,Spain,68574,Nicholas Williams Arthuer,5203,Sergio Busquets i Burgos,Complete,9.38616,81.0,73.8,75.1,66.5
3857255,2022-12-01,Group Stage,Japan,1,2,54,Spain,5203,Sergio Busquets i Burgos,6892,Pau Francisco Torres,Complete,30.120424,80.2,60.3,63.4,35.3
3857255,2022-12-01,Group Stage,Japan,1,2,57,Spain,6892,Pau Francisco Torres,39161,Alejandro Balde Martínez,Complete,25.238462,63.4,29.8,73.1,6.5
3857255,2022-12-01,Group Stage,Japan,1,3,0,Spain,39161,Alejandro Balde Martínez,6892,Pau Francisco Torres,Complete,24.855783,73.1,5.8,54.6,22.4
3857255,2022-12-01,Group Stage,Japan,1,3,3,Spain,6892,Pau Francisco Torres,6765,Rodrigo Hernández Cascante,Complete,21.811235,57.9,25.5,58.6,47.3
3857255,2022-12-01,Group Stage,Japan,1,3,6,Spain,6765,Rodrigo Hernández Cascante,30486,Pedro González López,Complete,23.16398,62.1,46.3,68.0,23.9
3857255,2022-12-01,Group Stage,Japan,1,3,10,Spain,30486,Pedro González López,133353,Pablo Martín Páez Gavira,Complete,46.866726,68.0,24.3,65.5,71.1
3857255,2022-12-01,Group Stage,Japan,1,3,14,Spain,133353,Pablo Martín Páez Gavira,3957,César Azpilicueta Tanco,Complete,12.369317,66.1,71.3,75.7,79.1
3857255,2022-12-01,Group Stage,Japan,1,3,16,Spain,3957,César Azpilicueta Tanco,133353,Pablo Martín Páez Gavira,Complete,19.382982,75.7,79.1,57.0,74.0
3857255,2022-12-01,Group Stage,Japan,1,3,19,Spain,133353,Pablo Martín Páez Gavira,11748,Unai Simón Mendibil,Complete,38.397526,46.0,70.5,19.1,43.1
3857255,2022-12-01,Group Stage,Japan,1,3,22,Spain,11748,Unai Simón Mendibil,6892,Pau Francisco Torres,Complete,17.04846,19.1,43.1,31.5,31.4
3857255,2022-12-01,Group Stage,Japan,1,3,30,Spain,6892,Pau Francisco Torres,6765,Rodrigo Hernández Cascante,Complete,15.50774,53.1,25.7,47.1,40.0
3857255,2022-12-01,Group Stage,Japan,1,3,32,Spain,6765,Rodrigo Hernández Cascante,68574,Nicholas Williams Arthuer,Complete,40.935314,49.6,46.6,75.5,78.3
3857255,2022-12-01,Group Stage,Japan,1,3,36,Spain,68574,Nicholas Williams Arthuer,3957,César Azpilicueta Tanco,Complete,18.103315,70.2,78.1,52.4,74.8
3857255,2022-12-01,Group Stage,Japan,1,3,39,Spain,3957,César Azpilicueta Tanco,6765,Rodrigo Hernández Cascante,Complete,18.185984,51.9,73.6,44.7,56.9
3857255,2022-12-01,Group Stage,Japan,1,3,41,Spain,6765,Rodrigo Hernández Cascante,6892,Pau Francisco Torres,Complete,23.992083,44.5,54.6,46.6,30.7
3857255,2022-12-01,Group Stage,Japan,1,3,43,Spain,6892,Pau Francisco Torres,30486,Pedro González López,Complete,10.404326,49.6,28.7,52.8,18.8
3857255,2022-12-01,Group Stage,Japan,1,3,47,Spain,30486,Pedro González López,6765,Rodrigo Hernández Cascante,Complete,20.208908,51.1,22.4,51.7,42.6
3857255,2022-12-01,Group Stage,Japan,1,3,51,Spain,6765,Rodrigo Hernández Cascante,3957,César Azpilicueta Tanco,Complete,14.836779,57.4,51.2,61.7,65.4
3857255,2022-12-01,Group Stage,Japan,1,3,53,Spain,3957,César Azpilicueta Tanco,6892,Pau Francisco Torres,Complete,26.315014,61.6,60.3,52.8,35.5
3857255,2022-12-01,Group Stage,Japan,1,3,59,Spain,6892,Pau Francisco Torres,16532,Daniel Olmo Carvajal,Incomplete,16.673632,66.5,25.2,83.0,27.6
3857255,2022-12-01,Group Stage,Japan,1,4,5,Spain,6892,Pau Francisco Torres,30486,Pedro González López,Incomplete,1.4866068,43.1,21.6,44.5,22.1
3857255,2022-12-01,Group Stage,Japan,1,4,14,Spain,6765,Rodrigo Hernández Cascante,6892,Pau Francisco Torres,Complete,3.6878178,7.6,29.8,4.8,27.4
3857255,2022-12-01,Group Stage,Japan,1,4,14,Spain,6892,Pau Francisco Torres,68574,Nicholas Williams Arthuer,Incomplete,32.675983,4.8,27.4,27.4,51.0
3857255,2022-12-01,Group Stage,Japan,1,4,26,Spain,133353,Pablo Martín Páez Gavira,5203,Sergio Busquets i Burgos,Complete,14.0,51.0,76.9,39.8,68.5
3857255,2022-12-01,Group Stage,Japan,1,4,29,Spain,5203,Sergio Busquets i Burgos,6892,Pau Francisco Torres,Complete,33.873295,45.7,66.7,33.5,35.1
3857255,2022-12-01,Group Stage,Japan,1,4,35,Spain,6892,Pau Francisco Torres,5203,Sergio Busquets i Burgos,Complete,18.10442,43.3,30.8,57.2,42.4
3857255,2022-12-01,Group Stage,Japan,1,4,37,Spain,5203,Sergio Busquets i Burgos,3957,César Azpilicueta Tanco,Complete,25.787012,59.0,45.5,62.1,71.1
3857255,2022-12-01,Group Stage,Japan,1,4,40,Spain,3957,César Azpilicueta Tanco,6765,Rodrigo Hernández Cascante,Complete,21.523243,63.9,70.9,52.9,52.4
3857255,2022-12-01,Group Stage,Japan,1,4,46,Spain,6765,Rodrigo Hernández Cascante,6892,Pau Francisco Torres,Complete,16.111176,65.1,45.7,62.5,29.8
3857255,2022-12-01,Group Stage,Japan,1,4,48,Spain,6892,Pau Francisco Torres,30486,Pedro González López,Complete,17.366634,62.5,29.8,64.9,12.6
3857255,2022-12-01,Group Stage,Japan,1,4,51,Spain,30486,Pedro González López,6765,Rodrigo Hernández Cascante,Complete,24.123226,64.3,22.6,55.1,44.9
3857255,2022-12-01,Group Stage,Japan,1,4,55,Spain,6765,Rodrigo Hernández Cascante,3957,César Azpilicueta Tanco,Complete,17.947145,62.1,46.3,63.4,64.2
3857255,2022-12-01,Group Stage,Japan,1,4,57,Spain,3957,César Azpilicueta Tanco,6892,Pau Francisco Torres,Complete,28.976196,63.7,64.2,61.6,35.3
3857255,2022-12-01,Group Stage,Japan,1,5,1,Spain,6892,Pau Francisco Torres,39161,Alejandro Balde Martínez,Complete,16.536627,67.6,28.3,68.7,11.8
3857255,2022-12-01,Group Stage,Japan,1,5,4,Spain,39161,Alejandro Balde Martínez,6892,Pau Francisco Torres,Complete,19.451735,68.7,11.8,55.3,25.9
3857255,2022-12-01,Group Stage,Japan,1,5,6,Spain,6892,Pau Francisco Torres,6765,Rodrigo Hernández Cascante,Complete,21.54182,56.4,26.5,62.7,47.1
3857255,2022-12-01,Group Stage,Japan,1,5,12,Spain,6765,Rodrigo Hernández Cascante,6892,Pau Francisco Torres,Complete,22.397322,74.0,51.6,69.8,29.6
3857255,2022-12-01,Group Stage,Japan,1,5,17,Spain,6892,Pau Francisco Torres,39161,Alejandro Balde Martínez,Complete,14.057738,73.8,23.9,75.9,10.0
3857255,2022-12-01,Group Stage,Japan,1,5,19,Spain,39161,Alejandro Balde Martínez,16532,Daniel Olmo Carvajal,Complete,11.926861,75.9,10.0,85.9,3.5
3857255,2022-12-01,Group Stage,Japan,1,5,20,Spain,16532,Daniel Olmo Carvajal,39161,Alejandro Balde Martínez,Complete,16.280663,84.8,2.7,68.9,6.2
3857255,2022-12-01,Group Stage,Japan,1,5,22,Spain,39161,Alejandro Balde Martínez,6892,Pau Francisco Torres,Complete,19.597193,66.7,6.0,52.4,19.4
3857255,2022-12-01,Group Stage,Japan,1,5,24,Spain,6892,Pau Francisco Torres,6765,Rodrigo Hernández Cascante,Complete,24.909838,51.7,20.0,52.4,44.9
3857255,2022-12-01,Group Stage,Japan,1,5,26,Spain,6765,Rodrigo Hernández Cascante,3957,César Azpilicueta Tanco,Complete,30.093521,54.1,44.9,71.0,69.8
3857255,2022-12-01,Group Stage,Japan,1,5,30,Spain,3957,César Azpilicueta Tanco,5203,Sergio Busquets i Burgos,Complete,11.574109,72.9,65.4,76.5,54.4
3857255,2022-12-01,Group Stage,Japan,1,5,30,Spain,5203,Sergio Busquets i Burgos,3957,César Azpilicueta Tanco,Complete,9.848858,76.5,54.4,72.5,63.4
3857255,2022-12-01,Group Stage,Japan,1,5,32,Spain,3957,César Azpilicueta Tanco,133353,Pablo Martín Páez Gavira,Complete,8.868484,72.9,63.8,77.3,71.5
3857255,2022-12-01,Group Stage,Japan,1,5,33,Spain,133353,Pablo Martín Páez Gavira,3957,César Azpilicueta Tanco,Complete,6.9570107,77.3,71.5,70.7,69.3
3857255,2022-12-01,Group Stage,Japan,1,5,34,Spain,3957,César Azpilicueta Tanco,6892,Pau Francisco Torres,Complete,31.83473,70.7,69.3,63.9,38.2
3857255,2022-12-01,Group Stage,Japan,1,5,39,Spain,6892,Pau Francisco Torres,6765,Rodrigo Hernández Cascante,Complete,19.06725,72.4,30.5,74.0,49.5
3857255,2022-12-01,Group Stage,Japan,1,5,44,Spain,6765,Rodrigo Hernández Cascante,3957,César Azpilicueta Tanco,Complete,15.632018,75.7,52.2,74.7,67.8
3857255,2022-12-01,Group Stage,Japan,1,5,46,Spain,3957,César Azpilicueta Tanco,6765,Rodrigo Hernández Cascante,Complete,20.9571,74.5,67.8,66.1,48.6
3857255,2022-12-01,Group Stage,Japan,1,5,47,Spain,6765,Rodrigo Hernández Cascante,6892,Pau Francisco Torres,Complete,19.026299,66.1,48.6,65.1,29.6
3857255,2022-12-01,Group Stage,Japan,1,5,50,Spain,6892,Pau Francisco Torres,5203,Sergio Busquets i Burgos,Complete,15.109269,69.6,29.4,77.3,42.4
3857255,2022-12-01,Group Stage,Japan,1,5,51,Spain,5203,Sergio Busquets i Burgos,133353,Pablo Martín Páez Gavira,Complete,12.258874,77.3,42.4,83.1,53.2
3857255,2022-12-01,Group Stage,Japan,1,5,52,Spain,133353,Pablo Martín Páez Gavira,68574,Nicholas Williams Arthuer,Complete,18.855768,90.8,59.1,97.3,76.8
3857255,2022-12-01,Group Stage,Japan,1,5,57,Spain,68574,Nicholas Williams Arthuer,3477,Álvaro Borja Morata Martín,Incomplete,18.11767,112.2,61.4,115.0,43.5
3857255,2022-12-01,Group Stage,Japan,1,6,54,Spain,6892,Pau Francisco Torres,11748,Unai Simón Mendibil,Complete,36.144848,27.2,70.0,2.3,43.8
3857255,2022-12-01,Group Stage,Japan,1,6,57,Spain,11748,Unai Simón Mendibil,6892,Pau Francisco Torres,Complete,30.600817,2.3,43.8,5.8,74.2
3857255,2022-12-01,Group Stage,Japan,1,7,1,Spain,6892,Pau Francisco Torres,5203,Sergio Busquets i Burgos,Complete,23.203878,6.4,73.8,23.3,57.9
3857255,2022-12-01,Group Stage,Japan,1,7,46,Spain,11748,Unai Simón Mendibil,6765,Rodrigo Hernández Cascante,Complete,39.338783,7.0,36.1,44.3,48.6
3857255,2022-12-01,Group Stage,Japan,1,7,54,Spain,6765,Rodrigo Hernández Cascante,6892,Pau Francisco Torres,Complete,19.226284,57.0,46.7,59.2,27.6
3857255,2022-12-01,Group Stage,Japan,1,7,59,Spain,6892,Pau Francisco Torres,6765,Rodrigo Hernández Cascante,Complete,16.278206,69.0,26.3,64.7,42.0
3857255,2022-12-01,Group Stage,Japan,1,8,1,Spain,6765,Rodrigo Hernández Cascante,3957,César Azpilicueta Tanco,Complete,25.776928,66.9,45.7,75.5,70.0
3857255,2022-12-01,Group Stage,Japan,1,8,5,Spain,3957,César Azpilicueta Tanco,6765,Rodrigo Hernández Cascante,Complete,10.327633,76.7,68.9,69.6,61.4
3857255,2022-12-01,Group Stage,Japan,1,8,9,Spain,6765,Rodrigo Hernández Cascante,6892,Pau Francisco Torres,Complete,25.92952,74.3,59.1,69.6,33.6
3857255,2022-12-01,Group Stage,Japan,1,8,13,Spain,6892,Pau Francisco Torres,30486,Pedro González López,Complete,14.045996,75.1,32.5,87.1,25.2
3857255,2022-12-01,Group Stage,Japan,1,8,14,Spain,30486,Pedro González López,3477,Álvaro Borja Morata Martín,Complete,5.745433,88.1,25.5,93.0,28.5
3857255,2022-12-01,Group Stage,Japan,1,8,14,Spain,3477,Álvaro Borja Morata Martín,30486,Pedro González López,Complete,6.1131005,92.6,28.5,93.0,22.4
3857255,2022-12-01,Group Stage,Japan,1,8,16,Spain,30486,Pedro González López,16532,Daniel Olmo Carvajal,Complete,20.420088,96.1,19.6,112.4,7.3
3857255,2022-12-01,Group Stage,Japan,1,8,20,Spain,16532,Daniel Olmo Carvajal,39161,Alejandro Balde Martínez,Complete,7.9630394,108.3,11.8,114.8,16.4
3857255,2022-12-01,Group Stage,Japan,1,8,22,Spain,39161,Alejandro Balde Martínez,133353,Pablo Martín Páez Gavira,Incomplete,11.7,117.1,23.2,112.6,34.0
3857255,2022-12-01,Group Stage,Japan,1,8,47,Spain,16532,Daniel Olmo Carvajal,133353,Pablo Martín Páez Gavira,Complete,9.17878,120.0,0.1,111.6,3.8
3857255,2022-12-01,Group Stage,Japan,1,8,49,Spain,133353,Pablo Martín Páez Gavira,30486,Pedro González López,Complete,21.261467,111.9,5.9,93.3,16.2
3857255,2022-12-01,Group Stage,Japan,1,8,50,Spain,30486,Pedro González López,16532,Daniel Olmo Carvajal,Complete,11.985408,93.3,16.2,103.1,9.3
3857255,2022-12-01,Group Stage,Japan,1,8,51,Spain,16532,Daniel Olmo Carvajal,3477,Álvaro Borja Morata Martín,Complete,27.358545,103.1,9.1,109.9,35.6
3857255,2022-12-01,Group Stage,Japan,1,9,14,Spain,6892,Pau Francisco Torres,6765,Rodrigo Hernández Cascante,Complete,38.200523,27.6,23.0,39.8,59.2
3857255,2022-12-01,Group Stage,Japan,1,9,21,Spain,6765,Rodrigo Hernández Cascante,133353,Pablo Martín Páez Gavira,Complete,12.929423,61.4,51.0,74.0,53.9
3857255,2022-12-01,Group Stage,Japan,1,9,22,Spain,133353,Pablo Martín Páez Gavira,6765,Rodrigo Hernández Cascante,Complete,12.649506,74.0,53.9,61.6,51.4
3857255,2022-12-01,Group Stage,Japan,1,9,24,Spain,6765,Rodrigo Hernández Cascante,3957,César Azpilicueta Tanco,Complete,18.785633,62.1,52.8,67.8,70.7
3857255,2022-12-01,Group Stage,Japan,1,9,26,Spain,3957,César Azpilicueta Tanco,6765,Rodrigo Hernández Cascante,Complete,28.541374,65.9,69.7,42.9,52.8
3857255,2022-12-01,Group Stage,Japan,1,9,29,Spain,6765,Rodrigo Hernández Cascante,6892,Pau Francisco Torres,Complete,21.72303,43.5,51.9,44.5,30.2
3857255,2022-12-01,Group Stage,Japan,1,9,36,Spain,6892,Pau Francisco Torres,6765,Rodrigo Hernández Cascante,Complete,17.779202,63.7,26.7,56.6,43.0
3857255,2022-12-01,Group Stage,Japan,1,9,41,Spain,6765,Rodrigo Hernández Cascante,6892,Pau Francisco Torres,Complete,19.881649,64.9,46.3,66.7,26.5
3857255,2022-12-01,Group Stage,Japan,1,9,45,Spain,6892,Pau Francisco Torres,39161,Alejandro Balde Martínez,Complete,9.962429,69.6,20.2,72.9,10.8
3857255,2022-12-01,Group Stage,Japan,1,9,48,Spain,39161,Alejandro Balde Martínez,6892,Pau Francisco Torres,Complete,18.916924,72.7,9.8,56.4,19.4
3857255,2022-12-01,Group Stage,Japan,1,9,52,Spain,6892,Pau Francisco Torres,6765,Rodrigo Hernández Cascante,Complete,19.524343,57.7,25.2,55.5,44.6
3857255,2022-12-01,Group Stage,Japan,1,9,58,Spain,6765,Rodrigo Hernández Cascante,3957,César Azpilicueta Tanco,Complete,18.798405,65.7,46.6,70.0,64.9
3857255,2022-12-01,Group Stage,Japan,1,10,0,Spain,3957,César Azpilicueta Tanco,68574,Nicholas Williams Arthuer,Complete,12.107849,70.7,66.7,75.3,77.9
3857255,2022-12-01,Group Stage,Japan,1,10,3,Spain,68574,Nicholas Williams Arthuer,5203,Sergio Busquets i Burgos,Complete,18.96945,75.1,71.8,67.1,54.6
3857255,2022-12-01,Group Stage,Japan,1,10,5,Spain,5203,Sergio Busquets i Burgos,6892,Pau Francisco Torres,Complete,18.022764,67.4,53.4,65.3,35.5
3857255,2022-12-01,Group Stage,Japan,1,10,8,Spain,6892,Pau Francisco Torres,16532,Daniel Olmo Carvajal,Complete,28.190247,69.0,27.1,85.3,4.1
3857255,2022-12-01,Group Stage,Japan,1,10,11,Spain,16532,Daniel Olmo Carvajal,39161,Alejandro Balde Martínez,Complete,13.106106,83.0,3.5,71.4,9.6
3857255,2022-12-01,Group Stage,Japan,1,10,12,Spain,39161,Alejandro Balde Martínez,6892,Pau Francisco Torres,Complete,15.001333,70.6,10.4,60.4,21.4
3857255,2022-12-01,Group Stage,Japan,1,10,15,Spain,6892,Pau Francisco Torres,6765,Rodrigo Hernández Cascante,Complete,22.688322,62.1,24.3,64.1,46.9
3857255,2022-12-01,Group Stage,Japan,1,10,18,Spain,6765,Rodrigo Hernández Cascante,133353,Pablo Martín Páez Gavira,Complete,16.11521,68.3,55.0,69.0,71.1
3857255,2022-12-01,Group Stage,Japan,1,10,20,Spain,133353,Pablo Martín Páez Gavira,3957,César Azpilicueta Tanco,Complete,12.175796,69.0,71.1,79.1,77.9
3857255,2022-12-01,Group Stage,Japan,1,10,22,Spain,3957,César Azpilicueta Tanco,68574,Nicholas Williams Arthuer,Complete,5.3712196,79.1,77.9,81.3,73.0
3857255,2022-12-01,Group Stage,Japan,1,10,26,Spain,68574,Nicholas Williams Arthuer,133353,Pablo Martín Páez Gavira,Complete,8.670063,70.2,77.5,61.6,76.4
3857255,2022-12-01,Group Stage,Japan,1,10,29,Spain,133353,Pablo Martín Páez Gavira,6765,Rodrigo Hernández Cascante,Complete,15.763248,61.6,76.4,52.4,63.6
3857255,2022-12-01,Group Stage,Japan,1,10,30,Spain,6765,Rodrigo Hernández Cascante,6892,Pau Francisco Torres,Complete,26.170403,52.4,61.0,61.6,36.5
3857255,2022-12-01,Group Stage,Japan,1,10,38,Spain,6892,Pau Francisco Torres,16532,Daniel Olmo Carvajal,Complete,21.122736,82.6,20.6,95.0,3.5
3857255,2022-12-01,Group Stage,Japan,1,10,47,Spain,16532,Daniel Olmo Carvajal,3477,Álvaro Borja Morata Martín,Incomplete,4.382921,98.5,23.0,100.5,26.9
3857255,2022-12-01,Group Stage,Japan,1,10,49,Spain,133353,Pablo Martín Páez Gavira,68574,Nicholas Williams Arthuer,Complete,16.101242,93.6,52.6,101.0,66.9
3857255,2022-12-01,Group Stage,Japan,1,10,52,Spain,68574,Nicholas Williams Arthuer,133353,Pablo Martín Páez Gavira,Complete,14.375674,102.6,66.2,115.1,59.1
3857255,2022-12-01,Group Stage,Japan,1,10,54,Spain,133353,Pablo Martín Páez Gavira,3477,Álvaro Borja Morata Martín,Incomplete,11.610771,115.1,59.1,114.6,47.5
3857255,2022-12-01,Group Stage,Japan,1,10,57,Spain,68574,Nicholas Williams Arthuer,3957,César Azpilicueta Tanco,Complete,13.411189,110.0,68.1,98.5,61.2
3857255,2022-12-01,Group Stage,Japan,1,10,58,Spain,3957,César Azpilicueta Tanco,3477,Álvaro Borja Morata Martín,Complete,28.100712,98.6,60.9,115.3,38.3
3857255,2022-12-01,Group Stage,Japan,1,12,16,Spain,30486,Pedro González López,39161,Alejandro Balde Martínez,Complete,8.575546,14.9,11.0,7.6,6.5
3857255,2022-12-01,Group Stage,Japan,1,12,18,Spain,39161,Alejandro Balde Martínez,16532,Daniel Olmo Carvajal,Complete,18.062391,8.2,7.1,25.9,3.5
3857255,2022-12-01,Group Stage,Japan,1,12,19,Spain,16532,Daniel Olmo Carvajal,3477,Álvaro Borja Morata Martín,Incomplete,9.708244,26.2,3.8,31.7,11.8
3857255,2022-12-01,Group Stage,Japan,1,12,24,Spain,3477,Álvaro Borja Morata Martín,16532,Daniel Olmo Carvajal,Incomplete,21.304695,53.1,11.3,73.6,5.5
3857255,2022-12-01,Group Stage,Japan,1,12,42,Spain,39161,Alejandro Balde Martínez,6892,Pau Francisco Torres,Complete,18.132015,70.7,0.1,56.6,11.5
3857255,2022-12-01,Group Stage,Japan,1,12,45,Spain,6892,Pau Francisco Torres,6765,Rodrigo Hernández Cascante,Complete,33.112232,56.6,11.8,55.7,44.9
3857255,2022-12-01,Group Stage,Japan,1,12,48,Spain,6765,Rodrigo Hernández Cascante,133353,Pablo Martín Páez Gavira,Complete,14.266394,55.7,44.9,68.5,51.2
3857255,2022-12-01,Group Stage,Japan,1,12,49,Spain,133353,Pablo Martín Páez Gavira,6892,Pau Francisco Torres,Complete,21.914606,67.2,49.7,63.5,28.1
3857255,2022-12-01,Group Stage,Japan,1,12,53,Spain,6892,Pau Francisco Torres,6765,Rodrigo Hernández Cascante,Complete,16.87987,69.6,24.5,63.4,40.2
3857255,2022-12-01,Group Stage,Japan,1,12,56,Spain,6765,Rodrigo Hernández Cascante,6892,Pau Francisco Torres,Complete,13.3,63.4,42.2,63.4,28.9
3857255,2022-12-01,Group Stage,Japan,1,13,2,Spain,6892,Pau Francisco Torres,39161,Alejandro Balde Martínez,Complete,15.126798,68.9,26.1,69.8,11.0
3857255,2022-12-01,Group Stage,Japan,1,13,4,Spain,39161,Alejandro Balde Martínez,6892,Pau Francisco Torres,Complete,15.815183,70.4,10.6,57.0,19.0
3857255,2022-12-01,Group Stage,Japan,1,13,7,Spain,6892,Pau Francisco Torres,6765,Rodrigo Hernández Cascante,Complete,21.56154,58.1,19.9,52.8,40.8
3857255,2022-12-01,Group Stage,Japan,1,13,11,Spain,6765,Rodrigo Hernández Cascante,3957,César Azpilicueta Tanco,Complete,25.80562,57.0,46.1,68.3,69.3
3857255,2022-12-01,Group Stage,Japan,1,13,13,Spain,3957,César Azpilicueta Tanco,68574,Nicholas Williams Arthuer,Complete,9.718539,73.3,71.3,79.6,78.7
3857255,2022-12-01,Group Stage,Japan,1,13,14,Spain,68574,Nicholas Williams Arthuer,133353,Pablo Martín Páez Gavira,Complete,8.386894,79.6,78.7,74.3,72.2
3857255,2022-12-01,Group Stage,Japan,1,13,15,Spain,133353,Pablo Martín Páez Gavira,3957,César Azpilicueta Tanco,Complete,13.054502,75.3,72.4,63.2,77.3
3857255,2022-12-01,Group Stage,Japan,1,13,16,Spain,3957,César Azpilicueta Tanco,6765,Rodrigo Hernández Cascante,Complete,15.62722,63.2,77.3,52.1,66.3
3857255,2022-12-01,Group Stage,Japan,1,13,19,Spain,6765,Rodrigo Hernández Cascante,39161,Alejandro Balde Martínez,Complete,45.26831,53.5,62.8,57.4,17.7
3857255,2022-12-01,Group Stage,Japan,1,13,24,Spain,39161,Alejandro Balde Martínez,16532,Daniel Olmo Carvajal,Complete,15.164762,55.1,9.1,68.5,2.0
3857255,2022-12-01,Group Stage,Japan,1,13,26,Spain,16532,Daniel Olmo Carvajal,39161,Alejandro Balde Martínez,Complete,15.231874,63.7,3.3,48.6,5.3
3857255,2022-12-01,Group Stage,Japan,1,13,27,Spain,39161,Alejandro Balde Martínez,6892,Pau Francisco Torres,Complete,16.977926,48.6,5.3,37.8,18.4
3857255,2022-12-01,Group Stage,Japan,1,13,30,Spain,6892,Pau Francisco Torres,6765,Rodrigo Hernández Cascante,Complete,31.409712,37.8,18.4,45.7,48.8
3857255,2022-12-01,Group Stage,Japan,1,13,35,Spain,6765,Rodrigo Hernández Cascante,6892,Pau Francisco Torres,Complete,20.968786,62.7,53.6,56.4,33.6
3857255,2022-12-01,Group Stage,Japan,1,13,40,Spain,6892,Pau Francisco Torres,3477,Álvaro Borja Morata Martín,Complete,9.108238,67.4,29.2,76.0,32.2
3857255,2022-12-01,Group Stage,Japan,1,13,41,Spain,3477,Álvaro Borja Morata Martín,6892,Pau Francisco Torres,Complete,12.034118,76.0,32.2,67.1,24.1
3857255,2022-12-01,Group Stage,Japan,1,13,42,Spain,6892,Pau Francisco Torres,39161,Alejandro Balde Martínez,Complete,11.384199,67.1,24.1,70.7,13.3
3857255,2022-12-01,Group Stage,Japan,1,13,45,Spain,39161,Alejandro Balde Martínez,6892,Pau Francisco Torres,Complete,16.063934,70.7,13.3,56.1,20.0
3857255,2022-12-01,Group Stage,Japan,1,13,46,Spain,6892,Pau Francisco Torres,11748,Unai Simón Mendibil,Complete,33.040882,55.5,20.8,27.6,38.5
3857255,2022-12-01,Group Stage,Japan,1,13,49,Spain,11748,Unai Simón Mendibil,6765,Rodrigo Hernández Cascante,Complete,14.340154,27.6,38.5,38.6,47.7
3857255,2022-12-01,Group Stage,Japan,1,13,51,Spain,6765,Rodrigo Hernández Cascante,3957,César Azpilicueta Tanco,Complete,21.330027,38.6,47.7,50.2,65.6
3857255,2022-12-01,Group Stage,Japan,1,13,55,Spain,3957,César Azpilicueta Tanco,6765,Rodrigo Hernández Cascante,Complete,16.73589,57.2,68.3,49.2,53.6
3857255,2022-12-01,Group Stage,Japan,1,13,57,Spain,6765,Rodrigo Hernández Cascante,6892,Pau Francisco Torres,Complete,26.312164,49.2,53.2,50.0,26.9
3857255,2022-12-01,Group Stage,Japan,1,14,1,Spain,6892,Pau Francisco Torres,68574,Nicholas Williams Arthuer,Incomplete,33.407333,62.3,26.3,88.6,46.9
3857255,2022-12-01,Group Stage,Japan,1,14,14,Spain,39161,Alejandro Balde Martínez,6892,Pau Francisco Torres,Complete,24.583939,53.5,0.1,32.1,12.2
3857255,2022-12-01,Group Stage,Japan,1,14,17,Spain,6892,Pau Francisco Torres,6765,Rodrigo Hernández Cascante,Complete,34.719734,32.1,12.2,36.0,46.7
3857255,2022-12-01,Group Stage,Japan,1,14,24,Spain,6765,Rodrigo Hernández Cascante,6892,Pau Francisco Torres,Complete,24.997,52.4,47.7,50.2,22.8
3857255,2022-12-01,Group Stage,Japan,1,14,26,Spain,6892,Pau Francisco Torres,30486,Pedro González López,Complete,9.493682,50.8,22.6,54.6,13.9
3857255,2022-12-01,Group Stage,Japan,1,14,29,Spain,30486,Pedro González López,6892,Pau Francisco Torres,Complete,13.579396,54.1,14.7,44.3,24.1
3857255,2022-12-01,Group Stage,Japan,1,14,35,Spain,6892,Pau Francisco Torres,30486,Pedro González López,Complete,5.6797886,45.7,22.6,48.2,17.5
3857255,2022-12-01,Group Stage,Japan,1,14,36,Spain,30486,Pedro González López,6892,Pau Francisco Torres,Complete,13.061394,48.6,18.1,36.8,23.7
3857255,2022-12-01,Group Stage,Japan,1,14,42,Spain,6892,Pau Francisco Torres,16532,Daniel Olmo Carvajal,Complete,22.676199,45.5,19.9,66.9,12.4
3857255,2022-12-01,Group Stage,Japan,1,14,43,Spain,16532,Daniel Olmo Carvajal,30486,Pedro González López,Complete,11.386395,66.9,12.4,59.0,20.6
3857255,2022-12-01,Group Stage,Japan,1,14,47,Spain,30486,Pedro González López,133353,Pablo Martín Páez Gavira,Complete,23.654175,67.4,26.5,69.0,50.1
3857255,2022-12-01,Group Stage,Japan,1,14,53,Spain,133353,Pablo Martín Páez Gavira,5203,Sergio Busquets i Burgos,Complete,14.814182,81.2,61.2,75.1,47.7
3857255,2022-12-01,Group Stage,Japan,1,14,55,Spain,5203,Sergio Busquets i Burgos,30486,Pedro González López,Complete,19.331322,75.1,47.7,82.4,29.8
3857255,2022-12-01,Group Stage,Japan,1,14,57,Spain,30486,Pedro González López,39161,Alejandro Balde Martínez,Complete,11.812705,80.4,28.3,83.1,16.8
3857255,2022-12-01,Group Stage,Japan,1,14,59,Spain,39161,Alejandro Balde Martínez,30486,Pedro González López,Complete,11.410959,83.1,16.8,74.5,24.3
3857255,2022-12-01,Group Stage,Japan,1,15,1,Spain,30486,Pedro González López,6765,Rodrigo Hernández Cascante,Complete,20.40245,71.0,24.7,66.5,44.6
3857255,2022-12-01,Group Stage,Japan,1,15,6,Spain,6765,Rodrigo Hernández Cascante,3957,César Azpilicueta Tanco,Complete,12.030378,75.9,60.1,70.6,70.9
3857255,2022-12-01,Group Stage,Japan,1,15,8,Spain,3957,César Azpilicueta Tanco,11748,Unai Simón Mendibil,Complete,38.635864,63.5,69.8,38.2,40.6
3857255,2022-12-01,Group Stage,Japan,1,15,11,Spain,11748,Unai Simón Mendibil,6892,Pau Francisco Torres,Complete,13.189389,38.2,40.6,48.2,32.0
3857255,2022-12-01,Group Stage,Japan,1,15,14,Spain,6892,Pau Francisco Torres,30486,Pedro González López,Complete,15.984055,48.4,31.4,57.7,18.4
3857255,2022-12-01,Group Stage,Japan,1,15,19,Spain,30486,Pedro González López,39161,Alejandro Balde Martínez,Complete,21.830482,56.1,27.1,61.7,6.0
3857255,2022-12-01,Group Stage,Japan,1,15,22,Spain,39161,Alejandro Balde Martínez,6892,Pau Francisco Torres,Complete,27.577528,58.1,5.3,38.7,24.9
3857255,2022-12-01,Group Stage,Japan,1,15,25,Spain,6892,Pau Francisco Torres,6765,Rodrigo Hernández Cascante,Complete,27.01481,40.5,27.1,43.9,53.9
3857255,2022-12-01,Group Stage,Japan,1,15,31,Spain,6765,Rodrigo Hernández Cascante,6892,Pau Francisco Torres,Complete,19.204166,54.1,53.2,54.5,34.0
3857255,2022-12-01,Group Stage,Japan,1,15,37,Spain,6892,Pau Francisco Torres,3477,Álvaro Borja Morata Martín,Complete,10.837435,63.0,28.7,73.8,29.6
3857255,2022-12-01,Group Stage,Japan,1,15,38,Spain,3477,Álvaro Borja Morata Martín,6765,Rodrigo Hernández Cascante,Complete,22.737854,73.8,29.6,53.9,40.6
3857255,2022-12-01,Group Stage,Japan,1,15,40,Spain,6765,Rodrigo Hernández Cascante,133353,Pablo Martín Páez Gavira,Complete,30.623194,54.6,42.2,66.3,70.5
3857255,2022-12-01,Group Stage,Japan,1,15,46,Spain,133353,Pablo Martín Páez Gavira,6892,Pau Francisco Torres,Complete,39.850346,71.2,69.7,52.9,34.3
3857255,2022-12-01,Group Stage,Japan,1,15,52,Spain,6892,Pau Francisco Torres,6765,Rodrigo Hernández Cascante,Complete,10.963576,55.1,36.7,57.9,47.3
3857255,2022-12-01,Group Stage,Japan,1,15,53,Spain,6765,Rodrigo Hernández Cascante,5203,Sergio Busquets i Burgos,Complete,7.6550636,57.9,47.3,64.3,43.1
3857255,2022-12-01,Group Stage,Japan,1,15,54,Spain,5203,Sergio Busquets i Burgos,3957,César Azpilicueta Tanco,Complete,24.957964,64.7,43.8,63.0,68.7
3857255,2022-12-01,Group Stage,Japan,1,15,58,Spain,3957,César Azpilicueta Tanco,5203,Sergio Busquets i Burgos,Complete,15.402922,81.6,71.3,81.3,55.9
3857255,2022-12-01,Group Stage,Japan,1,16,0,Spain,5203,Sergio Busquets i Burgos,30486,Pedro González López,Complete,13.606249,85.9,53.8,82.6,40.6
3857255,2022-12-01,Group Stage,Japan,1,16,2,Spain,30486,Pedro González López,39161,Alejandro Balde Martínez,Complete,26.9824,86.7,37.5,102.6,15.7
3857255,2022-12-01,Group Stage,Japan,1,16,8,Spain,39161,Alejandro Balde Martínez,30486,Pedro González López,Complete,20.76632,111.6,13.7,93.4,23.7
3857255,2022-12-01,Group Stage,Japan,1,16,11,Spain,30486,Pedro González López,133353,Pablo Martín Páez Gavira,Incomplete,2.4758837,92.2,23.9,93.9,25.7
3857255,2022-12-01,Group Stage,Japan,1,16,14,Spain,30486,Pedro González López,6892,Pau Francisco Torres,Complete,25.025187,89.2,23.4,64.7,28.5
3857255,2022-12-01,Group Stage,Japan,1,16,17,Spain,6892,Pau Francisco Torres,6765,Rodrigo Hernández Cascante,Complete,16.278206,60.2,29.2,55.9,44.9
3857255,2022-12-01,Group Stage,Japan,1,16,21,Spain,6765,Rodrigo Hernández Cascante,6892,Pau Francisco Torres,Complete,17.817968,61.7,45.9,62.5,28.1
3857255,2022-12-01,Group Stage,Japan,1,16,24,Spain,6892,Pau Francisco Torres,39161,Alejandro Balde Martínez,Complete,20.950418,66.9,24.9,74.3,5.3
3857255,2022-12-01,Group Stage,Japan,1,16,27,Spain,39161,Alejandro Balde Martínez,6892,Pau Francisco Torres,Complete,29.054775,74.3,6.5,49.6,21.8
3857255,2022-12-01,Group Stage,Japan,1,16,29,Spain,6892,Pau Francisco Torres,6765,Rodrigo Hernández Cascante,Complete,23.328308,50.0,21.4,53.9,44.4
3857255,2022-12-01,Group Stage,Japan,1,16,31,Spain,6765,Rodrigo Hernández Cascante,5203,Sergio Busquets i Burgos,Complete,14.35897,55.1,44.2,67.8,37.5
3857255,2022-12-01,Group Stage,Japan,1,16,33,Spain,5203,Sergio Busquets i Burgos,3477,Álvaro Borja Morata Martín,Complete,13.755726,68.9,37.1,80.8,30.2
3857255,2022-12-01,Group Stage,Japan,1,16,34,Spain,3477,Álvaro Borja Morata Martín,30486,Pedro González López,Complete,10.131634,82.4,30.8,75.7,23.2
3857255,2022-12-01,Group Stage,Japan,1,16,34,Spain,30486,Pedro González López,16532,Daniel Olmo Carvajal,Incomplete,3.130495,75.7,23.2,77.1,20.4
3857255,2022-12-01,Group Stage,Japan,1,16,48,Spain,5203,Sergio Busquets i Burgos,68574,Nicholas Williams Arthuer,Complete,18.005,78.0,66.2,95.7,69.5
3857255,2022-12-01,Group Stage,Japan,1,16,51,Spain,68574,Nicholas Williams Arthuer,3957,César Azpilicueta Tanco,Complete,10.340696,99.4,76.6,89.2,78.3
3857255,2022-12-01,Group Stage,Japan,1,16,52,Spain,3957,César Azpilicueta Tanco,6765,Rodrigo Hernández Cascante,Complete,19.646883,89.2,78.3,71.0,70.9
3857255,2022-12-01,Group Stage,Japan,1,16,55,Spain,6765,Rodrigo Hernández Cascante,6892,Pau Francisco Torres,Complete,29.443165,71.6,69.7,68.7,40.4
3857255,2022-12-01,Group Stage,Japan,1,16,59,Spain,6892,Pau Francisco Torres,30486,Pedro González López,Complete,15.5348,74.2,35.5,88.4,29.2
3857255,2022-12-01,Group Stage,Japan,1,17,0,Spain,30486,Pedro González López,39161,Alejandro Balde Martínez,Complete,15.654073,87.3,28.5,76.9,16.8
3857255,2022-12-01,Group Stage,Japan,1,17,2,Spain,39161,Alejandro Balde Martínez,16532,Daniel Olmo Carvajal,Complete,17.04142,77.1,16.6,87.5,3.1
3857255,2022-12-01,Group Stage,Japan,1,17,4,Spain,16532,Daniel Olmo Carvajal,39161,Alejandro Balde Martínez,Complete,13.633048,87.1,4.1,73.6,6.0
3857255,2022-12-01,Group Stage,Japan,1,17,6,Spain,39161,Alejandro Balde Martínez,6892,Pau Francisco Torres,Complete,30.367416,71.0,6.7,43.7,20.0
3857255,2022-12-01,Group Stage,Japan,1,17,9,Spain,6892,Pau Francisco Torres,6765,Rodrigo Hernández Cascante,Complete,26.49698,44.5,20.8,51.7,46.3
3857255,2022-12-01,Group Stage,Japan,1,17,14,Spain,6765,Rodrigo Hernández Cascante,3957,César Azpilicueta Tanco,Complete,25.080072,64.1,48.1,67.1,73.0
3857255,2022-12-01,Group Stage,Japan,1,17,16,Spain,3957,César Azpilicueta Tanco,68574,Nicholas Williams Arthuer,Complete,9.5,67.1,73.0,74.7,78.7
3857255,2022-12-01,Group Stage,Japan,1,17,18,Spain,68574,Nicholas Williams Arthuer,133353,Pablo Martín Páez Gavira,Complete,7.1589108,74.7,78.7,70.0,73.3
3857255,2022-12-01,Group Stage,Japan,1,17,21,Spain,133353,Pablo Martín Páez Gavira,30486,Pedro González López,Complete,28.504911,63.5,65.8,57.2,38.0
3857255,2022-12-01,Group Stage,Japan,1,17,27,Spain,30486,Pedro González López,6892,Pau Francisco Torres,Complete,16.636406,63.4,38.2,64.5,21.6
3857255,2022-12-01,Group Stage,Japan,1,17,30,Spain,6892,Pau Francisco Torres,39161,Alejandro Balde Martínez,Complete,20.191088,65.1,20.6,76.3,3.8
3857255,2022-12-01,Group Stage,Japan,1,17,32,Spain,39161,Alejandro Balde Martínez,6892,Pau Francisco Torres,Complete,26.57593,76.3,3.8,54.5,19.0
3857255,2022-12-01,Group Stage,Japan,1,17,35,Spain,6892,Pau Francisco Torres,30486,Pedro González López,Complete,10.616967,54.3,19.4,64.9,18.8
3857255,2022-12-01,Group Stage,Japan,1,17,37,Spain,30486,Pedro González López,6765,Rodrigo Hernández Cascante,Complete,20.66422,63.2,20.8,60.6,41.3
3857255,2022-12-01,Group Stage,Japan,1,17,40,Spain,6765,Rodrigo Hernández Cascante,5203,Sergio Busquets i Burgos,Incomplete,5.939697,62.5,45.3,66.7,41.1
3857255,2022-12-01,Group Stage,Japan,1,18,17,Spain,133353,Pablo Martín Páez Gavira,6765,Rodrigo Hernández Cascante,Complete,12.824976,68.7,67.3,55.9,66.5
3857255,2022-12-01,Group Stage,Japan,1,18,19,Spain,6765,Rodrigo Hernández Cascante,6892,Pau Francisco Torres,Complete,20.59733,50.4,65.4,52.4,44.9
3857255,2022-12-01,Group Stage,Japan,1,18,22,Spain,6892,Pau Francisco Torres,5203,Sergio Busquets i Burgos,Incomplete,9.8270035,55.7,37.1,64.1,42.2
3857255,2022-12-01,Group Stage,Japan,1,18,25,Spain,3477,Álvaro Borja Morata Martín,6765,Rodrigo Hernández Cascante,Complete,16.75858,74.3,44.6,57.7,46.9
3857255,2022-12-01,Group Stage,Japan,1,18,28,Spain,6765,Rodrigo Hernández Cascante,5203,Sergio Busquets i Burgos,Complete,7.528612,60.4,45.5,67.6,43.3
3857255,2022-12-01,Group Stage,Japan,1,18,30,Spain,5203,Sergio Busquets i Burgos,30486,Pedro González López,Complete,14.17921,69.6,41.8,75.7,29.0
3857255,2022-12-01,Group Stage,Japan,1,18,32,Spain,30486,Pedro González López,39161,Alejandro Balde Martínez,Complete,22.556818,75.7,29.0,77.3,6.5
3857255,2022-12-01,Group Stage,Japan,1,18,35,Spain,39161,Alejandro Balde Martínez,6892,Pau Francisco Torres,Complete,23.781084,78.0,6.0,55.5,13.7
3857255,2022-12-01,Group Stage,Japan,1,18,38,Spain,6892,Pau Francisco Torres,30486,Pedro González López,Incomplete,21.026175,58.6,14.1,79.5,11.8
3857255,2022-12-01,Group Stage,Japan,1,18,46,Spain,39161,Alejandro Balde Martínez,6892,Pau Francisco Torres,Complete,30.57924,62.7,0.1,33.7,9.8
3857255,2022-12-01,Group Stage,Japan,1,18,50,Spain,6892,Pau Francisco Torres,6765,Rodrigo Hernández Cascante,Complete,39.223717,34.9,10.4,46.4,47.9
3857255,2022-12-01,Group Stage,Japan,1,18,53,Spain,6765,Rodrigo Hernández Cascante,3957,César Azpilicueta Tanco,Complete,17.53083,48.8,50.1,55.5,66.3
3857255,2022-12-01,Group Stage,Japan,1,18,55,Spain,3957,César Azpilicueta Tanco,68574,Nicholas Williams Arthuer,Complete,16.293556,56.8,66.7,69.0,77.5
3857255,2022-12-01,Group Stage,Japan,1,18,57,Spain,68574,Nicholas Williams Arthuer,3957,César Azpilicueta Tanco,Complete,21.060863,69.0,77.5,49.0,70.9
3857255,2022-12-01,Group Stage,Japan,1,18,59,Spain,3957,César Azpilicueta Tanco,6765,Rodrigo Hernández Cascante,Complete,21.83575,48.0,69.5,28.8,59.1
3857255,2022-12-01,Group Stage,Japan,1,19,2,Spain,6765,Rodrigo Hernández Cascante,6892,Pau Francisco Torres,Complete,32.489536,27.6,58.7,37.0,27.6
3857255,2022-12-01,Group Stage,Japan,1,19,13,Spain,6892,Pau Francisco Torres,6765,Rodrigo Hernández Cascante,Complete,14.1718025,50.6,29.8,52.8,43.8
3857255,2022-12-01,Group Stage,Japan,1,19,17,Spain,6765,Rodrigo Hernández Cascante,6892,Pau Francisco Torres,Complete,17.015581,54.5,44.2,57.2,27.4
3857255,2022-12-01,Group Stage,Japan,1,19,20,Spain,6892,Pau Francisco Torres,5203,Sergio Busquets i Burgos,Complete,15.054567,63.7,27.4,68.7,41.6
3857255,2022-12-01,Group Stage,Japan,1,19,22,Spain,5203,Sergio Busquets i Burgos,133353,Pablo Martín Páez Gavira,Complete,22.246798,68.7,41.6,77.1,62.2
3857255,2022-12-01,Group Stage,Japan,1,19,24,Spain,133353,Pablo Martín Páez Gavira,3957,César Azpilicueta Tanco,Complete,8.621485,73.8,68.3,68.5,75.1
3857255,2022-12-01,Group Stage,Japan,1,19,26,Spain,3957,César Azpilicueta Tanco,133353,Pablo Martín Páez Gavira,Complete,5.4,68.5,75.1,68.5,69.7
3857255,2022-12-01,Group Stage,Japan,1,19,29,Spain,133353,Pablo Martín Páez Gavira,5203,Sergio Busquets i Burgos,Complete,18.067928,72.9,64.9,76.0,47.1
3857255,2022-12-01,Group Stage,Japan,1,19,37,Spain,5203,Sergio Busquets i Burgos,6892,Pau Francisco Torres,Complete,11.574109,69.2,35.3,67.2,23.9
3857255,2022-12-01,Group Stage,Japan,1,19,40,Spain,6892,Pau Francisco Torres,6765,Rodrigo Hernández Cascante,Complete,23.495745,66.9,23.9,57.2,45.3
3857255,2022-12-01,Group Stage,Japan,1,19,42,Spain,6765,Rodrigo Hernández Cascante,3957,César Azpilicueta Tanco,Complete,25.223997,57.2,45.3,67.1,68.5
3857255,2022-12-01,Group Stage,Japan,1,19,45,Spain,3957,César Azpilicueta Tanco,68574,Nicholas Williams Arthuer,Complete,13.623509,67.1,68.5,75.9,78.9
3857255,2022-12-01,Group Stage,Japan,1,19,47,Spain,68574,Nicholas Williams Arthuer,133353,Pablo Martín Páez Gavira,Unknown,9.535198,75.9,78.9,85.3,77.3
3857255,2022-12-01,Group Stage,Japan,1,20,14,Spain,3957,César Azpilicueta Tanco,6765,Rodrigo Hernández Cascante,Complete,16.864756,85.5,76.8,70.6,68.9
3857255,2022-12-01,Group Stage,Japan,1,20,16,Spain,6765,Rodrigo Hernández Cascante,6892,Pau Francisco Torres,Complete,30.413813,70.7,66.9,67.1,36.7
3857255,2022-12-01,Group Stage,Japan,1,20,20,Spain,6892,Pau Francisco Torres,39161,Alejandro Balde Martínez,Complete,19.621672,68.9,31.8,73.8,12.8
3857255,2022-12-01,Group Stage,Japan,1,20,22,Spain,39161,Alejandro Balde Martínez,6892,Pau Francisco Torres,Complete,14.136477,74.2,12.8,61.4,18.8
3857255,2022-12-01,Group Stage,Japan,1,20,23,Spain,6892,Pau Francisco Torres,6765,Rodrigo Hernández Cascante,Complete,41.72673,61.7,19.0,41.3,55.4
3857255,2022-12-01,Group Stage,Japan,1,20,27,Spain,6765,Rodrigo Hernández Cascante,3957,César Azpilicueta Tanco,Complete,29.456747,41.1,56.7,63.0,76.4
3857255,2022-12-01,Group Stage,Japan,1,20,32,Spain,3957,César Azpilicueta Tanco,133353,Pablo Martín Páez Gavira,Complete,18.266088,84.8,69.7,92.2,53.0
3857255,2022-12-01,Group Stage,Japan,1,20,33,Spain,133353,Pablo Martín Páez Gavira,30486,Pedro González López,Incomplete,1.7204651,92.2,52.6,91.2,51.2
3857255,2022-12-01,Group Stage,Japan,1,20,51,Spain,5203,Sergio Busquets i Burgos,16532,Daniel Olmo Carvajal,Complete,28.022312,52.1,61.4,62.3,35.3
3857255,2022-12-01,Group Stage,Japan,1,20,53,Spain,16532,Daniel Olmo Carvajal,6892,Pau Francisco Torres,Complete,18.435835,62.3,35.3,44.5,30.5
3857255,2022-12-01,Group Stage,Japan,1,20,55,Spain,6892,Pau Francisco Torres,6765,Rodrigo Hernández Cascante,Complete,22.51444,44.5,30.5,40.2,52.6
3857255,2022-12-01,Group Stage,Japan,1,20,59,Spain,6765,Rodrigo Hernández Cascante,3957,César Azpilicueta Tanco,Complete,15.360013,33.5,63.0,42.7,75.3
3857255,2022-12-01,Group Stage,Japan,1,21,1,Spain,3957,César Azpilicueta Tanco,6765,Rodrigo Hernández Cascante,Complete,15.023315,42.7,75.3,37.0,61.4
3857255,2022-12-01,Group Stage,Japan,1,21,4,Spain,6765,Rodrigo Hernández Cascante,6892,Pau Francisco Torres,Complete,34.40058,40.2,60.1,40.4,25.7
3857255,2022-12-01,Group Stage,Japan,1,21,13,Spain,6892,Pau Francisco Torres,39161,Alejandro Balde Martínez,Complete,13.817742,57.7,22.4,58.4,8.6
3857255,2022-12-01,Group Stage,Japan,1,21,16,Spain,39161,Alejandro Balde Martínez,6892,Pau Francisco Torres,Complete,17.596022,56.1,12.4,39.2,17.3
3857255,2022-12-01,Group Stage,Japan,1,21,18,Spain,6892,Pau Francisco Torres,6765,Rodrigo Hernández Cascante,Complete,22.714092,39.2,17.1,38.4,39.8
3857255,2022-12-01,Group Stage,Japan,1,21,21,Spain,6765,Rodrigo Hernández Cascante,3957,César Azpilicueta Tanco,Complete,36.103878,38.4,39.8,57.4,70.5
3857255,2022-12-01,Group Stage,Japan,1,21,24,Spain,3957,César Azpilicueta Tanco,133353,Pablo Martín Páez Gavira,Complete,10.678015,58.8,71.1,64.7,62.2
3857255,2022-12-01,Group Stage,Japan,1,21,25,Spain,133353,Pablo Martín Páez Gavira,3957,César Azpilicueta Tanco,Complete,11.815245,64.7,62.2,58.1,72.0
3857255,2022-12-01,Group Stage,Japan,1,21,27,Spain,3957,César Azpilicueta Tanco,5203,Sergio Busquets i Burgos,Complete,23.94765,58.1,72.0,66.3,49.5
3857255,2022-12-01,Group Stage,Japan,1,21,31,Spain,5203,Sergio Busquets i Burgos,6892,Pau Francisco Torres,Complete,20.324615,66.5,49.9,65.5,29.6
3857255,2022-12-01,Group Stage,Japan,1,21,33,Spain,6892,Pau Francisco Torres,133353,Pablo Martín Páez Gavira,Incomplete,24.785883,65.5,29.6,80.8,49.1
3857255,2022-12-01,Group Stage,Japan,1,21,43,Spain,68574,Nicholas Williams Arthuer,5203,Sergio Busquets i Burgos,Complete,7.8549347,27.0,72.0,24.1,64.7
3857255,2022-12-01,Group Stage,Japan,1,21,45,Spain,5203,Sergio Busquets i Burgos,6765,Rodrigo Hernández Cascante,Complete,6.6483083,23.9,64.5,21.5,58.3
3857255,2022-12-01,Group Stage,Japan,1,21,56,Spain,6765,Rodrigo Hernández Cascante,6892,Pau Francisco Torres,Complete,26.88215,38.6,52.0,36.5,25.2
3857255,2022-12-01,Group Stage,Japan,1,21,59,Spain,6892,Pau Francisco Torres,39161,Alejandro Balde Martínez,Complete,13.072873,37.4,23.6,45.7,13.5
3857255,2022-12-01,Group Stage,Japan,1,22,0,Spain,39161,Alejandro Balde Martínez,6892,Pau Francisco Torres,Complete,12.264175,45.7,13.5,39.2,23.9
3857255,2022-12-01,Group Stage,Japan,1,22,3,Spain,6892,Pau Francisco Torres,6765,Rodrigo Hernández Cascante,Complete,25.512547,40.5,25.5,41.3,51.0
3857255,2022-12-01,Group Stage,Japan,1,22,7,Spain,6765,Rodrigo Hernández Cascante,3957,César Azpilicueta Tanco,Complete,16.191357,44.9,53.9,51.9,68.5
3857255,2022-12-01,Group Stage,Japan,1,22,8,Spain,3957,César Azpilicueta Tanco,6765,Rodrigo Hernández Cascante,Complete,16.76574,51.9,68.5,40.4,56.3
3857255,2022-12-01,Group Stage,Japan,1,22,10,Spain,6765,Rodrigo Hernández Cascante,6892,Pau Francisco Torres,Complete,31.607752,40.4,56.3,33.3,25.5
3857255,2022-12-01,Group Stage,Japan,1,22,18,Spain,6892,Pau Francisco Torres,39161,Alejandro Balde Martínez,Complete,15.913831,44.5,26.9,46.4,11.1
3857255,2022-12-01,Group Stage,Japan,1,22,20,Spain,39161,Alejandro Balde Martínez,30486,Pedro González López,Complete,10.793516,46.4,11.3,53.3,19.6
3857255,2022-12-01,Group Stage,Japan,1,22,22,Spain,30486,Pedro González López,5203,Sergio Busquets i Burgos,Complete,14.288807,53.1,20.0,46.0,32.4
3857255,2022-12-01,Group Stage,Japan,1,22,23,Spain,5203,Sergio Busquets i Burgos,6765,Rodrigo Hernández Cascante,Complete,14.149558,46.2,34.2,35.2,43.1
3857255,2022-12-01,Group Stage,Japan,1,22,29,Spain,6765,Rodrigo Hernández Cascante,30486,Pedro González López,Complete,15.621779,56.8,50.2,71.6,55.2
3857255,2022-12-01,Group Stage,Japan,1,22,30,Spain,30486,Pedro González López,133353,Pablo Martín Páez Gavira,Complete,18.132015,72.0,56.5,89.4,61.6
3857255,2022-12-01,Group Stage,Japan,1,22,33,Spain,133353,Pablo Martín Páez Gavira,3477,Álvaro Borja Morata Martín,Complete,14.436066,94.1,61.4,104.7,51.6
3857255,2022-12-01,Group Stage,Japan,1,22,42,Spain,3957,César Azpilicueta Tanco,16532,Daniel Olmo Carvajal,Incomplete,28.168423,77.1,51.9,101.6,38.0
3857255,2022-12-01,Group Stage,Japan,1,22,51,Spain,5203,Sergio Busquets i Burgos,39161,Alejandro Balde Martínez,Complete,7.430343,81.8,7.1,88.3,3.5
3857255,2022-12-01,Group Stage,Japan,1,22,53,Spain,39161,Alejandro Balde Martínez,30486,Pedro González López,Complete,3.9204593,87.7,3.3,90.8,5.7
3857255,2022-12-01,Group Stage,Japan,1,22,53,Spain,30486,Pedro González López,6892,Pau Francisco Torres,Complete,27.118444,91.2,6.5,64.1,5.5
3857255,2022-12-01,Group Stage,Japan,1,22,57,Spain,6892,Pau Francisco Torres,6765,Rodrigo Hernández Cascante,Complete,24.03539,63.2,6.9,55.9,29.8
3857255,2022-12-01,Group Stage,Japan,1,22,59,Spain,6765,Rodrigo Hernández Cascante,133353,Pablo Martín Páez Gavira,Complete,20.670752,58.1,32.2,76.3,42.0
3857255,2022-12-01,Group Stage,Japan,1,23,1,Spain,133353,Pablo Martín Páez Gavira,3957,César Azpilicueta Tanco,Complete,18.005554,76.3,42.0,64.5,55.6
3857255,2022-12-01,Group Stage,Japan,1,23,3,Spain,3957,César Azpilicueta Tanco,5203,Sergio Busquets i Burgos,Complete,21.868013,64.1,54.8,70.2,33.8
3857255,2022-12-01,Group Stage,Japan,1,23,7,Spain,5203,Sergio Busquets i Burgos,6765,Rodrigo Hernández Cascante,Complete,12.918979,75.9,31.2,67.6,41.1
3857255,2022-12-01,Group Stage,Japan,1,23,11,Spain,6765,Rodrigo Hernández Cascante,6892,Pau Francisco Torres,Complete,20.441624,74.0,41.6,62.5,24.7
3857255,2022-12-01,Group Stage,Japan,1,23,13,Spain,6892,Pau Francisco Torres,30486,Pedro González López,Complete,7.170077,62.3,24.9,69.4,23.9
3857255,2022-12-01,Group Stage,Japan,1,23,18,Spain,30486,Pedro González López,3957,César Azpilicueta Tanco,Complete,44.001022,68.7,27.1,69.0,71.1
3857255,2022-12-01,Group Stage,Japan,1,23,25,Spain,3957,César Azpilicueta Tanco,68574,Nicholas Williams Arthuer,Complete,13.148384,69.0,71.1,80.8,76.9
3857255,2022-12-01,Group Stage,Japan,1,23,28,Spain,68574,Nicholas Williams Arthuer,3957,César Azpilicueta Tanco,Complete,24.268497,75.3,78.9,51.3,75.3
3857255,2022-12-01,Group Stage,Japan,1,23,35,Spain,3957,César Azpilicueta Tanco,6765,Rodrigo Hernández Cascante,Complete,9.300538,45.3,70.0,37.8,64.5
3857255,2022-12-01,Group Stage,Japan,1,23,38,Spain,6765,Rodrigo Hernández Cascante,6892,Pau Francisco Torres,Complete,29.264313,40.4,53.9,46.6,25.3
3857255,2022-12-01,Group Stage,Japan,1,23,41,Spain,6892,Pau Francisco Torres,30486,Pedro González López,Complete,14.272,46.6,24.7,50.6,11.0
3857255,2022-12-01,Group Stage,Japan,1,23,44,Spain,30486,Pedro González López,5203,Sergio Busquets i Burgos,Complete,14.689452,48.4,15.3,53.7,29.0
3857255,2022-12-01,Group Stage,Japan,1,23,44,Spain,5203,Sergio Busquets i Burgos,6765,Rodrigo Hernández Cascante,Complete,22.939268,53.5,27.4,40.5,46.3
3857255,2022-12-01,Group Stage,Japan,1,23,46,Spain,6765,Rodrigo Hernández Cascante,3957,César Azpilicueta Tanco,Complete,33.10136,40.5,46.3,60.6,72.6
3857255,2022-12-01,Group Stage,Japan,1,23,53,Spain,3957,César Azpilicueta Tanco,3477,Álvaro Borja Morata Martín,Pass Offside,20.112185,93.9,59.9,114.0,59.2
3857255,2022-12-01,Group Stage,Japan,1,25,15,Spain,11748,Unai Simón Mendibil,6892,Pau Francisco Torres,Complete,35.072067,39.0,55.0,52.9,22.8
3857255,2022-12-01,Group Stage,Japan,1,25,18,Spain,6892,Pau Francisco Torres,6765,Rodrigo Hernández Cascante,Complete,19.266552,54.9,24.3,53.3,43.5
3857255,2022-12-01,Group Stage,Japan,1,25,24,Spain,6765,Rodrigo Hernández Cascante,133353,Pablo Martín Páez Gavira,Complete,23.13655,63.9,55.2,60.6,78.1
3857255,2022-12-01,Group Stage,Japan,1,25,27,Spain,133353,Pablo Martín Páez Gavira,11748,Unai Simón Mendibil,Complete,40.512344,58.4,77.1,25.4,53.6
3857255,2022-12-01,Group Stage,Japan,1,25,36,Spain,11748,Unai Simón Mendibil,6892,Pau Francisco Torres,Complete,13.43019,19.7,39.3,18.8,25.9
3857255,2022-12-01,Group Stage,Japan,1,25,39,Spain,6892,Pau Francisco Torres,30486,Pedro González López,Incomplete,26.386549,20.2,25.3,43.7,37.3
3857255,2022-12-01,Group Stage,Japan,1,25,51,Spain,5203,Sergio Busquets i Burgos,6765,Rodrigo Hernández Cascante,Complete,8.273452,38.6,50.4,31.2,54.1
3857255,2022-12-01,Group Stage,Japan,1,25,51,Spain,6765,Rodrigo Hernández Cascante,6892,Pau Francisco Torres,Complete,14.481022,31.2,54.1,27.9,40.0
3857255,2022-12-01,Group Stage,Japan,1,25,53,Spain,6892,Pau Francisco Torres,11748,Unai Simón Mendibil,Complete,24.7,28.4,39.8,5.6,49.3
3857255,2022-12-01,Group Stage,Japan,1,25,56,Spain,11748,Unai Simón Mendibil,6765,Rodrigo Hernández Cascante,Complete,18.777113,7.8,52.2,15.1,69.5
3857255,2022-12-01,Group Stage,Japan,1,26,0,Spain,6765,Rodrigo Hernández Cascante,11748,Unai Simón Mendibil,Complete,22.056519,13.8,68.5,4.5,48.5
3857255,2022-12-01,Group Stage,Japan,1,26,3,Spain,11748,Unai Simón Mendibil,6892,Pau Francisco Torres,Complete,22.852789,6.0,45.3,10.0,22.8
3857255,2022-12-01,Group Stage,Japan,1,26,13,Spain,6892,Pau Francisco Torres,16532,Daniel Olmo Carvajal,Complete,48.80461,58.4,19.2,106.7,12.2
3857255,2022-12-01,Group Stage,Japan,1,26,20,Spain,16532,Daniel Olmo Carvajal,39161,Alejandro Balde Martínez,Complete,15.182226,104.2,11.3,118.5,16.4
3857255,2022-12-01,Group Stage,Japan,1,26,22,Spain,39161,Alejandro Balde Martínez,3477,Álvaro Borja Morata Martín,Incomplete,20.218061,118.5,16.4,109.1,34.3
3857255,2022-12-01,Group Stage,Japan,1,26,32,Spain,6765,Rodrigo Hernández Cascante,11748,Unai Simón Mendibil,Complete,44.125504,58.1,8.2,26.6,39.1
3857255,2022-12-01,Group Stage,Japan,1,26,37,Spain,11748,Unai Simón Mendibil,6765,Rodrigo Hernández Cascante,Complete,17.438463,26.6,38.7,42.7,32.0
3857255,2022-12-01,Group Stage,Japan,1,26,41,Spain,6765,Rodrigo Hernández Cascante,5203,Sergio Busquets i Burgos,Complete,20.554804,44.9,31.4,65.0,27.1
3857255,2022-12-01,Group Stage,Japan,1,26,43,Spain,5203,Sergio Busquets i Burgos,3477,Álvaro Borja Morata Martín,Complete,11.580155,65.3,26.3,76.4,29.6
3857255,2022-12-01,Group Stage,Japan,1,26,44,Spain,3477,Álvaro Borja Morata Martín,68574,Nicholas Williams Arthuer,Complete,46.820934,76.8,29.5,75.4,76.3
3857255,2022-12-01,Group Stage,Japan,1,26,47,Spain,68574,Nicholas Williams Arthuer,3957,César Azpilicueta Tanco,Complete,28.127745,75.2,76.7,54.1,58.1
3857255,2022-12-01,Group Stage,Japan,1,26,51,Spain,3957,César Azpilicueta Tanco,133353,Pablo Martín Páez Gavira,Complete,13.170042,56.5,57.1,69.3,54.0
3857255,2022-12-01,Group Stage,Japan,1,26,53,Spain,133353,Pablo Martín Páez Gavira,6765,Rodrigo Hernández Cascante,Complete,15.692355,68.0,49.9,53.5,43.9
3857255,2022-12-01,Group Stage,Japan,1,26,55,Spain,6765,Rodrigo Hernández Cascante,30486,Pedro González López,Complete,21.020227,53.5,43.9,63.1,25.2
3857255,2022-12-01,Group Stage,Japan,1,26,59,Spain,30486,Pedro González López,39161,Alejandro Balde Martínez,Complete,24.424782,60.6,21.8,77.0,3.7
3857255,2022-12-01,Group Stage,Japan,1,27,3,Spain,39161,Alejandro Balde Martínez,16532,Daniel Olmo Carvajal,Complete,11.560277,82.2,2.3,75.2,11.5
3857255,2022-12-01,Group Stage,Japan,1,27,5,Spain,16532,Daniel Olmo Carvajal,5203,Sergio Busquets i Burgos,Complete,12.850292,74.7,12.9,68.4,24.1
3857255,2022-12-01,Group Stage,Japan,1,27,19,Spain,5203,Sergio Busquets i Burgos,6765,Rodrigo Hernández Cascante,Complete,15.0632,69.2,23.4,55.1,28.7
3857255,2022-12-01,Group Stage,Japan,1,27,21,Spain,6765,Rodrigo Hernández Cascante,3957,César Azpilicueta Tanco,Complete,38.43332,55.1,28.7,56.7,67.1
3857255,2022-12-01,Group Stage,Japan,1,27,24,Spain,3957,César Azpilicueta Tanco,68574,Nicholas Williams Arthuer,Complete,15.367498,62.4,68.4,74.4,78.0
3857255,2022-12-01,Group Stage,Japan,1,27,26,Spain,68574,Nicholas Williams Arthuer,3957,César Azpilicueta Tanco,Complete,26.451843,69.3,77.6,43.2,73.3
3857255,2022-12-01,Group Stage,Japan,1,27,28,Spain,3957,César Azpilicueta Tanco,6765,Rodrigo Hernández Cascante,Complete,22.441479,43.2,73.3,24.3,61.2
3857255,2022-12-01,Group Stage,Japan,1,27,30,Spain,6765,Rodrigo Hernández Cascante,11748,Unai Simón Mendibil,Complete,26.152056,24.7,61.4,7.5,41.7
3857255,2022-12-01,Group Stage,Japan,1,27,32,Spain,11748,Unai Simón Mendibil,6892,Pau Francisco Torres,Complete,14.961617,7.5,41.7,16.3,29.6
3857255,2022-12-01,Group Stage,Japan,1,27,35,Spain,6892,Pau Francisco Torres,5203,Sergio Busquets i Burgos,Complete,12.909686,16.3,29.6,28.4,34.1
3857255,2022-12-01,Group Stage,Japan,1,27,36,Spain,5203,Sergio Busquets i Burgos,11748,Unai Simón Mendibil,Complete,29.584625,28.4,34.1,2.9,49.1
3857255,2022-12-01,Group Stage,Japan,1,27,40,Spain,11748,Unai Simón Mendibil,3957,César Azpilicueta Tanco,Complete,28.79757,2.9,56.8,21.6,78.7
3857255,2022-12-01,Group Stage,Japan,1,27,44,Spain,3957,César Azpilicueta Tanco,133353,Pablo Martín Páez Gavira,Complete,10.565037,32.1,69.8,35.2,59.7
3857255,2022-12-01,Group Stage,Japan,1,27,56,Spain,16532,Daniel Olmo Carvajal,3477,Álvaro Borja Morata Martín,Incomplete,33.929928,79.5,30.4,112.7,37.4
3857255,2022-12-01,Group Stage,Japan,1,28,9,Spain,39161,Alejandro Balde Martínez,30486,Pedro González López,Complete,5.6938562,78.7,6.2,75.8,11.1
3857255,2022-12-01,Group Stage,Japan,1,28,10,Spain,30486,Pedro González López,5203,Sergio Busquets i Burgos,Complete,11.175867,74.7,12.3,73.4,23.4
3857255,2022-12-01,Group Stage,Japan,1,28,12,Spain,5203,Sergio Busquets i Burgos,133353,Pablo Martín Páez Gavira,Complete,8.246211,73.4,23.6,75.4,31.6
3857255,2022-12-01,Group Stage,Japan,1,28,12,Spain,133353,Pablo Martín Páez Gavira,6765,Rodrigo Hernández Cascante,Complete,18.95178,75.4,31.6,56.5,30.2
3857255,2022-12-01,Group Stage,Japan,1,28,15,Spain,6765,Rodrigo Hernández Cascante,3957,César Azpilicueta Tanco,Complete,9.982485,56.7,39.0,58.6,48.8
3857255,2022-12-01,Group Stage,Japan,1,28,18,Spain,3957,César Azpilicueta Tanco,6892,Pau Francisco Torres,Complete,22.963015,58.6,49.0,56.9,26.1
3857255,2022-12-01,Group Stage,Japan,1,28,21,Spain,6892,Pau Francisco Torres,39161,Alejandro Balde Martínez,Complete,19.833809,56.9,25.3,67.6,8.6
3857255,2022-12-01,Group Stage,Japan,1,28,23,Spain,39161,Alejandro Balde Martínez,6892,Pau Francisco Torres,Complete,19.030764,67.6,8.6,52.0,19.5
3857255,2022-12-01,Group Stage,Japan,1,28,26,Spain,6892,Pau Francisco Torres,6765,Rodrigo Hernández Cascante,Complete,24.777813,52.6,21.5,56.3,46.0
3857255,2022-12-01,Group Stage,Japan,1,28,28,Spain,6765,Rodrigo Hernández Cascante,5203,Sergio Busquets i Burgos,Complete,19.092407,57.2,44.2,74.8,36.8
3857255,2022-12-01,Group Stage,Japan,1,28,30,Spain,5203,Sergio Busquets i Burgos,3477,Álvaro Borja Morata Martín,Complete,12.267437,75.2,37.0,85.9,31.0
3857255,2022-12-01,Group Stage,Japan,1,28,32,Spain,3477,Álvaro Borja Morata Martín,16532,Daniel Olmo Carvajal,Complete,27.197426,85.7,30.2,88.0,3.1
3857255,2022-12-01,Group Stage,Japan,1,28,34,Spain,16532,Daniel Olmo Carvajal,30486,Pedro González López,Complete,18.710958,88.8,4.3,74.7,16.6
3857255,2022-12-01,Group Stage,Japan,1,28,38,Spain,30486,Pedro González López,6765,Rodrigo Hernández Cascante,Complete,25.749758,72.7,18.1,62.4,41.7
3857255,2022-12-01,Group Stage,Japan,1,28,41,Spain,6765,Rodrigo Hernández Cascante,3957,César Azpilicueta Tanco,Complete,21.061102,66.1,45.1,68.7,66.0
3857255,2022-12-01,Group Stage,Japan,1,28,45,Spain,3957,César Azpilicueta Tanco,5203,Sergio Busquets i Burgos,Complete,15.802848,69.6,61.1,67.8,45.4
3857255,2022-12-01,Group Stage,Japan,1,28,46,Spain,5203,Sergio Busquets i Burgos,6892,Pau Francisco Torres,Complete,12.738916,67.2,44.2,62.4,32.4
3857255,2022-12-01,Group Stage,Japan,1,28,49,Spain,6892,Pau Francisco Torres,5203,Sergio Busquets i Burgos,Complete,14.713599,67.4,28.9,73.9,42.1
3857255,2022-12-01,Group Stage,Japan,1,28,51,Spain,5203,Sergio Busquets i Burgos,30486,Pedro González López,Complete,12.288612,76.0,42.5,83.0,32.4
3857255,2022-12-01,Group Stage,Japan,1,28,53,Spain,30486,Pedro González López,39161,Alejandro Balde Martínez,Complete,14.289857,80.8,28.9,70.4,19.1
3857255,2022-12-01,Group Stage,Japan,1,28,55,Spain,39161,Alejandro Balde Martínez,6765,Rodrigo Hernández Cascante,Complete,25.18591,67.8,19.1,57.1,41.9
3857255,2022-12-01,Group Stage,Japan,1,28,59,Spain,6765,Rodrigo Hernández Cascante,68574,Nicholas Williams Arthuer,Complete,37.18602,58.4,45.4,77.0,77.6
3857255,2022-12-01,Group Stage,Japan,1,29,2,Spain,68574,Nicholas Williams Arthuer,3957,César Azpilicueta Tanco,Complete,25.024189,73.0,77.2,49.5,68.6
3857255,2022-12-01,Group Stage,Japan,1,29,5,Spain,3957,César Azpilicueta Tanco,6765,Rodrigo Hernández Cascante,Complete,17.321663,53.2,66.7,44.2,51.9
3857255,2022-12-01,Group Stage,Japan,1,29,7,Spain,6765,Rodrigo Hernández Cascante,6892,Pau Francisco Torres,Complete,19.257465,45.2,50.7,49.8,32.0
3857255,2022-12-01,Group Stage,Japan,1,29,11,Spain,6892,Pau Francisco Torres,6765,Rodrigo Hernández Cascante,Complete,15.82024,55.1,30.2,55.9,46.0
3857255,2022-12-01,Group Stage,Japan,1,29,15,Spain,6765,Rodrigo Hernández Cascante,3957,César Azpilicueta Tanco,Complete,20.536066,61.5,49.0,57.8,69.2
3857255,2022-12-01,Group Stage,Japan,1,29,17,Spain,3957,César Azpilicueta Tanco,11748,Unai Simón Mendibil,Complete,35.74045,56.7,68.9,28.0,47.6
3857255,2022-12-01,Group Stage,Japan,1,29,22,Spain,11748,Unai Simón Mendibil,6892,Pau Francisco Torres,Complete,8.600581,29.0,44.7,29.1,36.1
3857255,2022-12-01,Group Stage,Japan,1,29,25,Spain,6892,Pau Francisco Torres,39161,Alejandro Balde Martínez,Complete,20.58276,29.1,36.1,37.7,17.4
3857255,2022-12-01,Group Stage,Japan,1,29,30,Spain,39161,Alejandro Balde Martínez,30486,Pedro González López,Complete,13.532554,57.8,12.1,51.0,23.8
3857255,2022-12-01,Group Stage,Japan,1,29,33,Spain,30486,Pedro González López,6765,Rodrigo Hernández Cascante,Complete,37.12708,48.9,21.2,36.8,56.3
3857255,2022-12-01,Group Stage,Japan,1,29,39,Spain,6765,Rodrigo Hernández Cascante,6892,Pau Francisco Torres,Complete,18.741665,54.3,48.8,52.0,30.2
3857255,2022-12-01,Group Stage,Japan,1,29,41,Spain,6892,Pau Francisco Torres,30486,Pedro González López,Complete,11.205802,55.5,26.9,58.1,16.0
3857255,2022-12-01,Group Stage,Japan,1,29,45,Spain,30486,Pedro González López,16532,Daniel Olmo Carvajal,Incomplete,48.17572,57.7,23.0,105.8,20.3
3857255,2022-12-01,Group Stage,Japan,1,30,5,Spain,3957,César Azpilicueta Tanco,68574,Nicholas Williams Arthuer,Incomplete,11.615507,50.8,70.0,62.4,69.4
3857255,2022-12-01,Group Stage,Japan,1,30,38,Spain,3957,César Azpilicueta Tanco,5203,Sergio Busquets i Burgos,Complete,5.217279,38.9,70.0,44.0,68.9
3857255,2022-12-01,Group Stage,Japan,1,30,38,Spain,5203,Sergio Busquets i Burgos,30486,Pedro González López,Incomplete,20.211136,44.0,68.9,63.3,62.9
3857255,2022-12-01,Group Stage,Japan,1,30,43,Spain,6765,Rodrigo Hernández Cascante,30486,Pedro González López,Complete,14.489997,39.9,55.2,52.9,48.8
3857255,2022-12-01,Group Stage,Japan,1,30,45,Spain,30486,Pedro González López,5203,Sergio Busquets i Burgos,Complete,7.930952,52.0,49.7,46.1,55.0
3857255,2022-12-01,Group Stage,Japan,1,30,45,Spain,5203,Sergio Busquets i Burgos,16532,Daniel Olmo Carvajal,Complete,17.50457,46.1,55.0,53.2,39.0
3857255,2022-12-01,Group Stage,Japan,1,30,47,Spain,16532,Daniel Olmo Carvajal,6892,Pau Francisco Torres,Complete,18.101105,52.8,39.0,38.2,28.3
3857255,2022-12-01,Group Stage,Japan,1,30,54,Spain,6892,Pau Francisco Torres,6765,Rodrigo Hernández Cascante,Complete,19.509228,42.5,27.3,43.1,46.8
3857255,2022-12-01,Group Stage,Japan,1,30,57,Spain,6765,Rodrigo Hernández Cascante,3957,César Azpilicueta Tanco,Complete,19.121193,47.1,51.9,50.0,70.8
3857255,2022-12-01,Group Stage,Japan,1,30,59,Spain,3957,César Azpilicueta Tanco,6765,Rodrigo Hernández Cascante,Complete,11.700427,49.7,70.2,42.6,60.9
3857255,2022-12-01,Group Stage,Japan,1,31,3,Spain,6765,Rodrigo Hernández Cascante,6892,Pau Francisco Torres,Complete,33.14453,44.2,58.3,34.2,26.7
3857255,2022-12-01,Group Stage,Japan,1,31,7,Spain,6892,Pau Francisco Torres,11748,Unai Simón Mendibil,Complete,24.123018,32.5,27.5,14.1,43.1
3857255,2022-12-01,Group Stage,Japan,1,31,11,Spain,11748,Unai Simón Mendibil,6765,Rodrigo Hernández Cascante,Complete,16.263456,10.7,45.6,13.0,61.7
3857255,2022-12-01,Group Stage,Japan,1,31,13,Spain,6765,Rodrigo Hernández Cascante,3957,César Azpilicueta Tanco,Complete,17.528547,12.2,63.8,21.9,78.4
3857255,2022-12-01,Group Stage,Japan,1,31,18,Spain,3957,César Azpilicueta Tanco,5203,Sergio Busquets i Burgos,Complete,22.785303,40.3,75.7,37.4,53.1
3857255,2022-12-01,Group Stage,Japan,1,32,20,Spain,5203,Sergio Busquets i Burgos,11748,Unai Simón Mendibil,Complete,48.541218,55.1,41.9,6.7,38.2
3857255,2022-12-01,Group Stage,Japan,1,32,23,Spain,11748,Unai Simón Mendibil,6765,Rodrigo Hernández Cascante,Complete,31.45155,6.9,42.1,8.7,73.5
3857255,2022-12-01,Group Stage,Japan,1,32,26,Spain,6765,Rodrigo Hernández Cascante,133353,Pablo Martín Páez Gavira,Complete,19.318903,10.3,72.9,29.4,70.0
3857255,2022-12-01,Group Stage,Japan,1,32,46,Spain,6765,Rodrigo Hernández Cascante,133353,Pablo Martín Páez Gavira,Complete,4.561798,28.8,68.9,32.9,66.9
3857255,2022-12-01,Group Stage,Japan,1,32,49,Spain,133353,Pablo Martín Páez Gavira,6892,Pau Francisco Torres,Complete,35.902645,37.1,64.3,29.1,29.3
3857255,2022-12-01,Group Stage,Japan,1,32,57,Spain,6892,Pau Francisco Torres,6765,Rodrigo Hernández Cascante,Complete,20.012247,47.3,32.6,46.6,52.6
3857255,2022-12-01,Group Stage,Japan,1,32,59,Spain,6765,Rodrigo Hernández Cascante,5203,Sergio Busquets i Burgos,Complete,11.7046995,53.5,48.5,63.3,42.1
3857255,2022-12-01,Group Stage,Japan,1,33,1,Spain,5203,Sergio Busquets i Burgos,6892,Pau Francisco Torres,Complete,18.82153,62.9,41.7,51.8,26.5
3857255,2022-12-01,Group Stage,Japan,1,33,5,Spain,6892,Pau Francisco Torres,3477,Álvaro Borja Morata Martín,Incomplete,14.17921,62.4,24.1,75.2,30.2
3857255,2022-12-01,Group Stage,Japan,1,33,10,Spain,30486,Pedro González López,39161,Alejandro Balde Martínez,Complete,35.806286,48.3,17.5,13.0,11.5
3857255,2022-12-01,Group Stage,Japan,1,33,16,Spain,39161,Alejandro Balde Martínez,6892,Pau Francisco Torres,Complete,12.841339,13.0,11.5,17.3,23.6
3857255,2022-12-01,Group Stage,Japan,1,33,20,Spain,6892,Pau Francisco Torres,6765,Rodrigo Hernández Cascante,Complete,25.592577,24.1,28.4,30.8,53.1
3857255,2022-12-01,Group Stage,Japan,1,33,31,Spain,6765,Rodrigo Hernández Cascante,6892,Pau Francisco Torres,Complete,32.070236,49.5,56.0,37.4,26.3
3857255,2022-12-01,Group Stage,Japan,1,33,34,Spain,6892,Pau Francisco Torres,39161,Alejandro Balde Martínez,Complete,18.597311,36.6,24.7,38.5,6.2
3857255,2022-12-01,Group Stage,Japan,1,33,36,Spain,39161,Alejandro Balde Martínez,6892,Pau Francisco Torres,Complete,25.679758,38.3,6.5,19.6,24.1
3857255,2022-12-01,Group Stage,Japan,1,33,39,Spain,6892,Pau Francisco Torres,11748,Unai Simón Mendibil,Complete,20.480478,14.7,25.8,2.3,42.1
3857255,2022-12-01,Group Stage,Japan,1,33,45,Spain,11748,Unai Simón Mendibil,3957,César Azpilicueta Tanco,Complete,34.258575,1.8,47.2,15.5,78.6
3857255,2022-12-01,Group Stage,Japan,1,33,48,Spain,3957,César Azpilicueta Tanco,133353,Pablo Martín Páez Gavira,Complete,14.453373,15.5,78.2,22.4,65.5
3857255,2022-12-01,Group Stage,Japan,1,33,51,Spain,133353,Pablo Martín Páez Gavira,68574,Nicholas Williams Arthuer,Incomplete,54.6594,30.4,66.1,84.5,58.3
3857255,2022-12-01,Group Stage,Japan,1,34,29,Spain,6765,Rodrigo Hernández Cascante,5203,Sergio Busquets i Burgos,Complete,26.093103,11.0,73.7,29.6,55.4
3857255,2022-12-01,Group Stage,Japan,1,34,31,Spain,5203,Sergio Busquets i Burgos,6765,Rodrigo Hernández Cascante,Complete,19.550959,29.6,55.4,12.8,65.4
3857255,2022-12-01,Group Stage,Japan,1,34,32,Spain,6765,Rodrigo Hernández Cascante,6892,Pau Francisco Torres,Complete,34.179672,13.2,59.9,9.7,25.9
3857255,2022-12-01,Group Stage,Japan,1,34,39,Spain,6892,Pau Francisco Torres,6765,Rodrigo Hernández Cascante,Complete,29.12044,15.3,30.1,23.3,58.1
3857255,2022-12-01,Group Stage,Japan,1,34,45,Spain,6765,Rodrigo Hernández Cascante,6892,Pau Francisco Torres,Complete,23.584953,34.5,55.7,32.5,32.2
3857255,2022-12-01,Group Stage,Japan,1,34,51,Spain,6892,Pau Francisco Torres,6765,Rodrigo Hernández Cascante,Complete,22.161678,43.8,29.6,39.3,51.3
3857255,2022-12-01,Group Stage,Japan,1,34,53,Spain,6765,Rodrigo Hernández Cascante,3957,César Azpilicueta Tanco,Complete,17.988886,40.5,53.4,49.1,69.2
3857255,2022-12-01,Group Stage,Japan,1,34,55,Spain,3957,César Azpilicueta Tanco,68574,Nicholas Williams Arthuer,Complete,16.727522,50.6,70.0,64.7,79.0
3857255,2022-12-01,Group Stage,Japan,1,36,40,Spain,39161,Alejandro Balde Martínez,16532,Daniel Olmo Carvajal,Complete,12.611503,26.1,0.1,28.4,12.5
3857255,2022-12-01,Group Stage,Japan,1,36,41,Spain,16532,Daniel Olmo Carvajal,6765,Rodrigo Hernández Cascante,Complete,27.245916,27.0,12.9,15.5,37.6
3857255,2022-12-01,Group Stage,Japan,1,36,46,Spain,6765,Rodrigo Hernández Cascante,3957,César Azpilicueta Tanco,Complete,29.62786,29.7,56.8,50.6,77.8
3857255,2022-12-01,Group Stage,Japan,1,36,53,Spain,3957,César Azpilicueta Tanco,133353,Pablo Martín Páez Gavira,Complete,8.987213,51.0,76.3,56.1,68.9
3857255,2022-12-01,Group Stage,Japan,1,36,55,Spain,133353,Pablo Martín Páez Gavira,6765,Rodrigo Hernández Cascante,Complete,15.79905,52.4,66.0,38.0,59.5
3857255,2022-12-01,Group Stage,Japan,1,36,56,Spain,6765,Rodrigo Hernández Cascante,6892,Pau Francisco Torres,Complete,33.243496,38.0,59.5,39.7,26.3
3857255,2022-12-01,Group Stage,Japan,1,36,59,Spain,6892,Pau Francisco Torres,39161,Alejandro Balde Martínez,Complete,12.0415945,39.7,26.3,40.7,14.3
3857255,2022-12-01,Group Stage,Japan,1,37,1,Spain,39161,Alejandro Balde Martínez,16532,Daniel Olmo Carvajal,Complete,24.775795,41.3,13.8,63.5,2.8
3857255,2022-12-01,Group Stage,Japan,1,37,5,Spain,16532,Daniel Olmo Carvajal,30486,Pedro González López,Complete,9.302151,63.9,4.7,63.7,14.0
3857255,2022-12-01,Group Stage,Japan,1,37,8,Spain,30486,Pedro González López,3477,Álvaro Borja Morata Martín,Complete,13.092364,80.8,13.8,75.8,25.9
3857255,2022-12-01,Group Stage,Japan,1,37,11,Spain,3477,Álvaro Borja Morata Martín,3957,César Azpilicueta Tanco,Complete,32.24686,76.2,30.2,69.3,61.7
3857255,2022-12-01,Group Stage,Japan,1,37,15,Spain,3957,César Azpilicueta Tanco,133353,Pablo Martín Páez Gavira,Complete,9.381365,79.1,64.6,87.1,59.7
3857255,2022-12-01,Group Stage,Japan,1,37,18,Spain,133353,Pablo Martín Páez Gavira,6765,Rodrigo Hernández Cascante,Complete,16.288954,87.1,59.7,72.8,51.9
3857255,2022-12-01,Group Stage,Japan,1,37,20,Spain,6765,Rodrigo Hernández Cascante,6892,Pau Francisco Torres,Complete,18.106905,72.8,51.9,73.3,33.8
3857255,2022-12-01,Group Stage,Japan,1,37,25,Spain,6892,Pau Francisco Torres,30486,Pedro González López,Incomplete,16.299694,80.7,30.2,96.9,32.0
3857255,2022-12-01,Group Stage,Japan,1,37,32,Spain,6892,Pau Francisco Torres,5203,Sergio Busquets i Burgos,Complete,18.82153,46.7,30.1,57.8,45.3
3857255,2022-12-01,Group Stage,Japan,1,37,34,Spain,5203,Sergio Busquets i Burgos,3957,César Azpilicueta Tanco,Complete,31.901411,57.8,45.3,38.9,71.0
3857255,2022-12-01,Group Stage,Japan,1,37,37,Spain,3957,César Azpilicueta Tanco,133353,Pablo Martín Páez Gavira,Complete,20.518284,38.5,72.7,58.9,74.9
3857255,2022-12-01,Group Stage,Japan,1,37,40,Spain,133353,Pablo Martín Páez Gavira,5203,Sergio Busquets i Burgos,Complete,14.300349,56.5,76.9,52.4,63.2
3857255,2022-12-01,Group Stage,Japan,1,37,42,Spain,5203,Sergio Busquets i Burgos,6765,Rodrigo Hernández Cascante,Complete,17.912006,49.7,67.7,31.9,65.7
3857255,2022-12-01,Group Stage,Japan,1,37,44,Spain,6765,Rodrigo Hernández Cascante,6892,Pau Francisco Torres,Complete,29.735668,31.9,65.7,24.9,36.8
3857255,2022-12-01,Group Stage,Japan,1,37,53,Spain,6892,Pau Francisco Torres,5203,Sergio Busquets i Burgos,Complete,9.193476,47.5,30.1,54.1,36.5
3857255,2022-12-01,Group Stage,Japan,1,37,55,Spain,5203,Sergio Busquets i Burgos,6765,Rodrigo Hernández Cascante,Complete,11.363538,54.1,36.5,52.9,47.8
3857255,2022-12-01,Group Stage,Japan,1,37,59,Spain,6765,Rodrigo Hernández Cascante,3477,Álvaro Borja Morata Martín,Complete,16.286497,59.8,47.2,75.2,41.9
3857255,2022-12-01,Group Stage,Japan,1,38,0,Spain,3477,Álvaro Borja Morata Martín,5203,Sergio Busquets i Burgos,Incomplete,7.2111025,76.8,41.9,69.6,42.3
3857255,2022-12-01,Group Stage,Japan,1,38,2,Spain,30486,Pedro González López,6892,Pau Francisco Torres,Complete,22.800219,75.0,29.0,52.2,28.9
3857255,2022-12-01,Group Stage,Japan,1,38,8,Spain,6892,Pau Francisco Torres,133353,Pablo Martín Páez Gavira,Complete,17.531685,55.3,29.8,63.3,45.4
3857255,2022-12-01,Group Stage,Japan,1,38,12,Spain,133353,Pablo Martín Páez Gavira,3957,César Azpilicueta Tanco,Complete,23.178007,65.8,45.9,63.9,69.0
3857255,2022-12-01,Group Stage,Japan,1,38,14,Spain,3957,César Azpilicueta Tanco,68574,Nicholas Williams Arthuer,Complete,14.290207,63.9,69.0,75.0,78.0
3857255,2022-12-01,Group Stage,Japan,1,38,16,Spain,68574,Nicholas Williams Arthuer,3957,César Azpilicueta Tanco,Complete,19.062529,74.8,77.6,56.1,73.9
3857255,2022-12-01,Group Stage,Japan,1,38,18,Spain,3957,César Azpilicueta Tanco,6765,Rodrigo Hernández Cascante,Complete,14.92012,51.4,71.2,39.5,62.2
3857255,2022-12-01,Group Stage,Japan,1,38,20,Spain,6765,Rodrigo Hernández Cascante,6892,Pau Francisco Torres,Complete,27.502909,40.1,62.0,39.7,34.5
3857255,2022-12-01,Group Stage,Japan,1,38,22,Spain,6892,Pau Francisco Torres,5203,Sergio Busquets i Burgos,Complete,12.1918,39.7,34.5,47.7,43.7
3857255,2022-12-01,Group Stage,Japan,1,38,23,Spain,5203,Sergio Busquets i Burgos,30486,Pedro González López,Complete,14.63284,47.7,43.7,50.3,29.3
3857255,2022-12-01,Group Stage,Japan,1,38,49,Spain,39161,Alejandro Balde Martínez,6892,Pau Francisco Torres,Complete,9.815294,49.1,32.6,50.6,22.9
3857255,2022-12-01,Group Stage,Japan,1,38,51,Spain,6892,Pau Francisco Torres,6765,Rodrigo Hernández Cascante,Complete,22.132555,50.6,22.9,53.8,44.8
3857255,2022-12-01,Group Stage,Japan,1,38,55,Spain,6765,Rodrigo Hernández Cascante,3957,César Azpilicueta Tanco,Complete,19.331322,69.2,56.2,64.3,74.9
3857255,2022-12-01,Group Stage,Japan,1,38,58,Spain,3957,César Azpilicueta Tanco,6892,Pau Francisco Torres,Complete,39.807663,62.1,74.7,44.9,38.8
3857255,2022-12-01,Group Stage,Japan,1,39,1,Spain,6892,Pau Francisco Torres,39161,Alejandro Balde Martínez,Complete,24.698177,44.9,39.0,47.1,14.4
3857255,2022-12-01,Group Stage,Japan,1,39,3,Spain,39161,Alejandro Balde Martínez,30486,Pedro González López,Complete,11.677756,47.1,14.4,52.0,25.0
3857255,2022-12-01,Group Stage,Japan,1,39,8,Spain,30486,Pedro González López,68574,Nicholas Williams Arthuer,Complete,57.75301,44.4,26.5,71.5,77.5
3857255,2022-12-01,Group Stage,Japan,1,39,13,Spain,68574,Nicholas Williams Arthuer,3957,César Azpilicueta Tanco,Complete,11.992081,58.1,76.1,46.6,72.7
3857255,2022-12-01,Group Stage,Japan,1,39,17,Spain,3957,César Azpilicueta Tanco,6765,Rodrigo Hernández Cascante,Complete,15.560205,49.7,72.9,40.3,60.5
3857255,2022-12-01,Group Stage,Japan,1,39,21,Spain,6765,Rodrigo Hernández Cascante,6892,Pau Francisco Torres,Complete,30.611109,45.5,55.6,38.5,25.8
3857255,2022-12-01,Group Stage,Japan,1,39,24,Spain,6892,Pau Francisco Torres,39161,Alejandro Balde Martínez,Complete,18.343937,38.5,24.1,44.0,6.6
3857255,2022-12-01,Group Stage,Japan,1,39,26,Spain,39161,Alejandro Balde Martínez,30486,Pedro González López,Complete,10.218122,44.0,6.6,46.1,16.6
3857255,2022-12-01,Group Stage,Japan,1,39,53,Spain,11748,Unai Simón Mendibil,6765,Rodrigo Hernández Cascante,Complete,26.726204,7.0,36.1,24.5,56.3
3857255,2022-12-01,Group Stage,Japan,1,39,58,Spain,6765,Rodrigo Hernández Cascante,6892,Pau Francisco Torres,Complete,27.32636,28.2,56.9,27.0,29.6
3857255,2022-12-01,Group Stage,Japan,1,40,7,Spain,6892,Pau Francisco Torres,6765,Rodrigo Hernández Cascante,Complete,17.70706,40.1,26.7,37.4,44.2
3857255,2022-12-01,Group Stage,Japan,1,40,9,Spain,6765,Rodrigo Hernández Cascante,3957,César Azpilicueta Tanco,Complete,29.459293,37.6,44.8,47.9,72.4
3857255,2022-12-01,Group Stage,Japan,1,40,12,Spain,3957,César Azpilicueta Tanco,68574,Nicholas Williams Arthuer,Complete,15.784802,48.1,72.7,62.7,78.7
3857255,2022-12-01,Group Stage,Japan,1,40,14,Spain,68574,Nicholas Williams Arthuer,5203,Sergio Busquets i Burgos,Complete,15.701274,58.9,78.2,52.2,64.0
3857255,2022-12-01,Group Stage,Japan,1,40,15,Spain,5203,Sergio Busquets i Burgos,3957,César Azpilicueta Tanco,Complete,16.043068,51.6,62.9,39.3,73.2
3857255,2022-12-01,Group Stage,Japan,1,40,17,Spain,3957,César Azpilicueta Tanco,6765,Rodrigo Hernández Cascante,Complete,15.5,39.3,73.2,39.3,57.7
3857255,2022-12-01,Group Stage,Japan,1,40,22,Spain,6765,Rodrigo Hernández Cascante,39161,Alejandro Balde Martínez,Complete,27.475443,52.0,36.7,55.1,9.4
3857255,2022-12-01,Group Stage,Japan,1,40,26,Spain,39161,Alejandro Balde Martínez,6892,Pau Francisco Torres,Complete,22.105656,55.3,8.8,36.8,20.9
3857255,2022-12-01,Group Stage,Japan,1,40,34,Spain,6892,Pau Francisco Torres,5203,Sergio Busquets i Burgos,Complete,15.769908,55.1,25.3,61.3,39.8
3857255,2022-12-01,Group Stage,Japan,1,40,35,Spain,5203,Sergio Busquets i Burgos,3477,Álvaro Borja Morata Martín,Incomplete,12.101653,61.3,39.8,71.1,32.7
3857255,2022-12-01,Group Stage,Japan,1,40,45,Spain,3957,César Azpilicueta Tanco,3477,Álvaro Borja Morata Martín,Complete,21.204952,46.1,53.6,66.8,49.0
3857255,2022-12-01,Group Stage,Japan,1,40,46,Spain,3477,Álvaro Borja Morata Martín,68574,Nicholas Williams Arthuer,Complete,25.646248,66.8,49.0,58.6,73.3
3857255,2022-12-01,Group Stage,Japan,1,40,49,Spain,68574,Nicholas Williams Arthuer,3957,César Azpilicueta Tanco,Complete,17.67767,58.6,73.3,43.1,64.8
3857255,2022-12-01,Group Stage,Japan,1,40,52,Spain,3957,César Azpilicueta Tanco,6765,Rodrigo Hernández Cascante,Complete,7.300685,42.0,63.5,39.1,56.8
3857255,2022-12-01,Group Stage,Japan,1,40,53,Spain,6765,Rodrigo Hernández Cascante,6892,Pau Francisco Torres,Complete,29.849289,39.1,56.8,44.8,27.5
3857255,2022-12-01,Group Stage,Japan,1,40,59,Spain,6892,Pau Francisco Torres,6765,Rodrigo Hernández Cascante,Complete,19.920341,57.2,24.0,56.3,43.9
3857255,2022-12-01,Group Stage,Japan,1,41,4,Spain,6765,Rodrigo Hernández Cascante,6892,Pau Francisco Torres,Complete,21.023796,67.0,44.1,57.2,25.5
3857255,2022-12-01,Group Stage,Japan,1,41,8,Spain,6892,Pau Francisco Torres,39161,Alejandro Balde Martínez,Complete,12.322743,61.5,24.0,64.7,12.1
3857255,2022-12-01,Group Stage,Japan,1,41,10,Spain,39161,Alejandro Balde Martínez,16532,Daniel Olmo Carvajal,Complete,50.737167,65.6,11.7,116.1,6.8
3857255,2022-12-01,Group Stage,Japan,1,41,17,Spain,16532,Daniel Olmo Carvajal,3477,Álvaro Borja Morata Martín,Incomplete,1.5297059,112.1,13.7,111.8,15.2
3857255,2022-12-01,Group Stage,Japan,1,41,22,Spain,16532,Daniel Olmo Carvajal,39161,Alejandro Balde Martínez,Complete,6.8154235,113.0,15.4,111.3,8.8
3857255,2022-12-01,Group Stage,Japan,1,41,23,Spain,39161,Alejandro Balde Martínez,30486,Pedro González López,Complete,18.450474,111.3,8.8,99.4,22.9
3857255,2022-12-01,Group Stage,Japan,1,41,28,Spain,30486,Pedro González López,3957,César Azpilicueta Tanco,Complete,46.4,95.5,21.1,95.5,67.5
3857255,2022-12-01,Group Stage,Japan,1,41,31,Spain,3957,César Azpilicueta Tanco,68574,Nicholas Williams Arthuer,Complete,8.5906925,96.6,66.7,98.4,58.3
3857255,2022-12-01,Group Stage,Japan,1,41,33,Spain,68574,Nicholas Williams Arthuer,3957,César Azpilicueta Tanco,Complete,9.701547,99.2,60.0,100.6,69.6
3857255,2022-12-01,Group Stage,Japan,1,41,35,Spain,3957,César Azpilicueta Tanco,5203,Sergio Busquets i Burgos,Complete,15.983116,100.6,69.6,89.1,58.5
3857255,2022-12-01,Group Stage,Japan,1,41,37,Spain,5203,Sergio Busquets i Burgos,6892,Pau Francisco Torres,Complete,17.569292,86.9,59.3,80.1,43.1
3857255,2022-12-01,Group Stage,Japan,1,41,39,Spain,6892,Pau Francisco Torres,39161,Alejandro Balde Martínez,Complete,26.387877,80.1,43.1,86.5,17.5
3857255,2022-12-01,Group Stage,Japan,1,41,43,Spain,39161,Alejandro Balde Martínez,30486,Pedro González López,Complete,9.518929,81.9,15.8,81.3,25.3
3857255,2022-12-01,Group Stage,Japan,1,41,45,Spain,30486,Pedro González López,5203,Sergio Busquets i Burgos,Complete,12.548306,81.3,25.3,80.2,37.8
3857255,2022-12-01,Group Stage,Japan,1,41,45,Spain,5203,Sergio Busquets i Burgos,16532,Daniel Olmo Carvajal,Incomplete,20.06016,80.2,37.8,92.3,21.8
3857255,2022-12-01,Group Stage,Japan,1,41,52,Spain,5203,Sergio Busquets i Burgos,16532,Daniel Olmo Carvajal,Complete,10.7354555,92.0,34.1,101.7,29.5
3857255,2022-12-01,Group Stage,Japan,1,41,55,Spain,5203,Sergio Busquets i Burgos,30486,Pedro González López,Complete,8.160882,93.4,37.6,88.6,31.0
3857255,2022-12-01,Group Stage,Japan,1,42,0,Spain,30486,Pedro González López,39161,Alejandro Balde Martínez,Complete,16.7335,88.6,31.0,93.5,15.0
3857255,2022-12-01,Group Stage,Japan,1,42,1,Spain,39161,Alejandro Balde Martínez,30486,Pedro González López,Complete,15.666844,93.5,15.0,87.1,29.3
3857255,2022-12-01,Group Stage,Japan,1,42,4,Spain,30486,Pedro González López,6765,Rodrigo Hernández Cascante,Complete,23.635778,83.0,27.5,67.8,45.6
3857255,2022-12-01,Group Stage,Japan,1,42,6,Spain,6765,Rodrigo Hernández Cascante,3957,César Azpilicueta Tanco,Complete,23.653542,69.6,47.2,81.4,67.7
3857255,2022-12-01,Group Stage,Japan,1,42,8,Spain,3957,César Azpilicueta Tanco,133353,Pablo Martín Páez Gavira,Complete,7.962412,81.4,67.7,83.0,59.9
3857255,2022-12-01,Group Stage,Japan,1,42,11,Spain,133353,Pablo Martín Páez Gavira,5203,Sergio Busquets i Burgos,Complete,7.5239615,85.1,56.8,85.7,49.3
3857255,2022-12-01,Group Stage,Japan,1,42,13,Spain,5203,Sergio Busquets i Burgos,30486,Pedro González López,Complete,9.4429865,85.9,48.8,82.0,40.2
3857255,2022-12-01,Group Stage,Japan,1,42,15,Spain,30486,Pedro González López,16532,Daniel Olmo Carvajal,Complete,11.2272,81.6,39.2,92.2,35.5
3857255,2022-12-01,Group Stage,Japan,1,42,16,Spain,16532,Daniel Olmo Carvajal,39161,Alejandro Balde Martínez,Complete,23.10779,88.3,33.6,87.7,10.5
3857255,2022-12-01,Group Stage,Japan,1,42,20,Spain,39161,Alejandro Balde Martínez,30486,Pedro González López,Complete,19.238764,87.5,10.5,80.2,28.3
3857255,2022-12-01,Group Stage,Japan,1,42,22,Spain,30486,Pedro González López,6765,Rodrigo Hernández Cascante,Complete,20.915306,79.5,28.7,67.6,45.9
3857255,2022-12-01,Group Stage,Japan,1,42,25,Spain,6765,Rodrigo Hernández Cascante,3957,César Azpilicueta Tanco,Complete,17.738659,67.6,47.6,70.5,65.1
3857255,2022-12-01,Group Stage,Japan,1,42,29,Spain,3957,César Azpilicueta Tanco,11748,Unai Simón Mendibil,Complete,40.02624,68.6,63.4,32.9,45.3
3857255,2022-12-01,Group Stage,Japan,1,42,31,Spain,11748,Unai Simón Mendibil,6892,Pau Francisco Torres,Complete,18.47647,32.9,45.1,44.6,30.8
3857255,2022-12-01,Group Stage,Japan,1,42,36,Spain,6892,Pau Francisco Torres,5203,Sergio Busquets i Burgos,Complete,18.339302,62.9,23.0,64.1,41.3
3857255,2022-12-01,Group Stage,Japan,1,42,42,Spain,5203,Sergio Busquets i Burgos,6765,Rodrigo Hernández Cascante,Complete,6.332456,66.8,44.7,60.7,46.4
3857255,2022-12-01,Group Stage,Japan,1,42,44,Spain,6765,Rodrigo Hernández Cascante,133353,Pablo Martín Páez Gavira,Complete,16.138464,61.5,47.0,75.4,55.2
3857255,2022-12-01,Group Stage,Japan,1,42,45,Spain,133353,Pablo Martín Páez Gavira,6765,Rodrigo Hernández Cascante,Complete,16.906803,75.4,55.2,60.4,47.4
3857255,2022-12-01,Group Stage,Japan,1,42,46,Spain,6765,Rodrigo Hernández Cascante,5203,Sergio Busquets i Burgos,Complete,7.392564,60.4,47.4,67.2,44.5
3857255,2022-12-01,Group Stage,Japan,1,42,47,Spain,5203,Sergio Busquets i Burgos,6765,Rodrigo Hernández Cascante,Complete,7.2897186,67.2,44.5,60.7,47.8
3857255,2022-12-01,Group Stage,Japan,1,42,49,Spain,6765,Rodrigo Hernández Cascante,6892,Pau Francisco Torres,Complete,19.602295,61.8,48.0,62.1,28.4
3857255,2022-12-01,Group Stage,Japan,1,42,53,Spain,6892,Pau Francisco Torres,5203,Sergio Busquets i Burgos,Complete,12.80039,68.2,27.9,75.8,38.2
3857255,2022-12-01,Group Stage,Japan,1,42,53,Spain,5203,Sergio Busquets i Burgos,30486,Pedro González López,Complete,11.237883,75.8,38.2,81.3,28.4
3857255,2022-12-01,Group Stage,Japan,1,42,55,Spain,30486,Pedro González López,16532,Daniel Olmo Carvajal,Incomplete,1.7204651,78.9,27.5,79.9,26.1
3857255,2022-12-01,Group Stage,Japan,1,43,5,Spain,39161,Alejandro Balde Martínez,11748,Unai Simón Mendibil,Complete,34.391422,39.5,14.8,10.9,33.9
3857255,2022-12-01,Group Stage,Japan,1,43,8,Spain,11748,Unai Simón Mendibil,3957,César Azpilicueta Tanco,Complete,38.556065,11.6,36.2,32.5,68.6
3857255,2022-12-01,Group Stage,Japan,1,43,13,Spain,3957,César Azpilicueta Tanco,6765,Rodrigo Hernández Cascante,Complete,15.054567,38.3,69.4,33.3,55.2
3857255,2022-12-01,Group Stage,Japan,1,43,15,Spain,6765,Rodrigo Hernández Cascante,5203,Sergio Busquets i Burgos,Complete,23.170023,33.3,54.8,48.6,37.4
3857255,2022-12-01,Group Stage,Japan,1,43,21,Spain,5203,Sergio Busquets i Burgos,30486,Pedro González López,Complete,15.867577,63.5,35.5,61.2,19.8
3857255,2022-12-01,Group Stage,Japan,1,43,25,Spain,30486,Pedro González López,6765,Rodrigo Hernández Cascante,Complete,19.8,52.9,29.5,52.9,49.3
3857255,2022-12-01,Group Stage,Japan,1,43,27,Spain,6765,Rodrigo Hernández Cascante,3957,César Azpilicueta Tanco,Complete,17.748522,52.0,53.6,55.5,71.0
3857255,2022-12-01,Group Stage,Japan,1,43,29,Spain,3957,César Azpilicueta Tanco,68574,Nicholas Williams Arthuer,Complete,11.566331,56.1,72.1,65.8,78.4
3857255,2022-12-01,Group Stage,Japan,1,43,30,Spain,68574,Nicholas Williams Arthuer,133353,Pablo Martín Páez Gavira,Complete,5.6859474,66.2,77.6,63.9,72.4
3857255,2022-12-01,Group Stage,Japan,1,44,1,Spain,3957,César Azpilicueta Tanco,6765,Rodrigo Hernández Cascante,Complete,17.11286,63.5,72.4,57.7,56.3
3857255,2022-12-01,Group Stage,Japan,1,44,3,Spain,6765,Rodrigo Hernández Cascante,5203,Sergio Busquets i Burgos,Complete,13.319534,58.6,55.7,71.1,51.1
3857255,2022-12-01,Group Stage,Japan,1,44,4,Spain,5203,Sergio Busquets i Burgos,6892,Pau Francisco Torres,Complete,23.438856,71.1,51.1,57.8,31.8
3857255,2022-12-01,Group Stage,Japan,1,44,8,Spain,6892,Pau Francisco Torres,39161,Alejandro Balde Martínez,Complete,17.79101,57.7,29.5,64.1,12.9
3857255,2022-12-01,Group Stage,Japan,1,44,11,Spain,39161,Alejandro Balde Martínez,6892,Pau Francisco Torres,Complete,19.635937,64.1,12.9,46.7,22.0
3857255,2022-12-01,Group Stage,Japan,1,44,13,Spain,6892,Pau Francisco Torres,6765,Rodrigo Hernández Cascante,Complete,26.422907,49.2,22.4,50.3,48.8
3857255,2022-12-01,Group Stage,Japan,1,44,16,Spain,6765,Rodrigo Hernández Cascante,6892,Pau Francisco Torres,Complete,22.009542,50.3,48.8,57.2,27.9
3857255,2022-12-01,Group Stage,Japan,1,44,19,Spain,6892,Pau Francisco Torres,3477,Álvaro Borja Morata Martín,Complete,12.240915,62.5,26.5,74.7,27.5
3857255,2022-12-01,Group Stage,Japan,1,45,1,Spain,5203,Sergio Busquets i Burgos,6765,Rodrigo Hernández Cascante,Complete,23.500214,75.8,27.1,63.3,47.0
3857255,2022-12-01,Group Stage,Japan,1,45,3,Spain,6765,Rodrigo Hernández Cascante,6892,Pau Francisco Torres,Complete,20.670027,64.4,45.9,62.7,25.3
3857255,2022-12-01,Group Stage,Japan,1,45,6,Spain,6892,Pau Francisco Torres,11748,Unai Simón Mendibil,Complete,41.938644,61.8,23.4,31.6,52.5
3857255,2022-12-01,Group Stage,Japan,1,45,10,Spain,11748,Unai Simón Mendibil,6765,Rodrigo Hernández Cascante,Complete,3.7854986,37.0,52.5,40.7,51.7
3857255,2022-12-01,Group Stage,Japan,1,45,14,Spain,6765,Rodrigo Hernández Cascante,6892,Pau Francisco Torres,Complete,24.845322,44.0,51.1,45.5,26.3
3857255,2022-12-01,Group Stage,Japan,1,45,22,Spain,6892,Pau Francisco Torres,3477,Álvaro Borja Morata Martín,Complete,12.300406,63.9,24.4,74.8,30.1
3857255,2022-12-01,Group Stage,Japan,1,45,25,Spain,3477,Álvaro Borja Morata Martín,3957,César Azpilicueta Tanco,Complete,42.704216,65.5,28.7,66.1,71.4
3857255,2022-12-01,Group Stage,Japan,1,45,31,Spain,3957,César Azpilicueta Tanco,68574,Nicholas Williams Arthuer,Complete,16.62438,93.5,64.9,105.6,76.3
3857255,2022-12-01,Group Stage,Japan,1,45,36,Spain,68574,Nicholas Williams Arthuer,3477,Álvaro Borja Morata Martín,Incomplete,3.255764,112.4,60.9,113.0,57.7
3857255,2022-12-01,Group Stage,Japan,1,46,11,Spain,16532,Daniel Olmo Carvajal,6765,Rodrigo Hernández Cascante,Incomplete,38.740807,120.0,0.1,116.7,38.7
3857255,2022-12-01,Group Stage,Japan,2,46,10,Spain,39161,Alejandro Balde Martínez,3477,Álvaro Borja Morata Martín,Incomplete,39.356068,39.7,0.1,79.0,2.2
3857255,2022-12-01,Group Stage,Japan,2,47,19,Spain,5721,Daniel Carvajal Ramos,3477,Álvaro Borja Morata Martín,Complete,21.95928,94.5,80.0,108.4,63.0
3857255,2022-12-01,Group Stage,Japan,2,47,20,Spain,3477,Álvaro Borja Morata Martín,68574,Nicholas Williams Arthuer,Incomplete,14.449913,108.4,63.0,98.8,52.2
3857255,2022-12-01,Group Stage,Japan,2,47,24,Spain,6765,Rodrigo Hernández Cascante,6892,Pau Francisco Torres,Complete,36.504246,75.2,58.3,48.6,33.3
3857255,2022-12-01,Group Stage,Japan,2,47,28,Spain,6892,Pau Francisco Torres,11748,Unai Simón Mendibil,Complete,31.298721,43.1,28.8,16.2,44.8
3857255,2022-12-01,Group Stage,Japan,2,47,33,Spain,11748,Unai Simón Mendibil,6765,Rodrigo Hernández Cascante,Complete,17.922611,15.4,46.2,14.5,64.1
3857255,2022-12-01,Group Stage,Japan,2,47,35,Spain,6765,Rodrigo Hernández Cascante,5721,Daniel Carvajal Ramos,Complete,13.784411,14.5,64.1,22.1,75.6
3857255,2022-12-01,Group Stage,Japan,2,47,37,Spain,5721,Daniel Carvajal Ramos,6765,Rodrigo Hernández Cascante,Complete,13.669309,19.6,74.8,7.8,67.9
3857255,2022-12-01,Group Stage,Japan,2,47,39,Spain,6765,Rodrigo Hernández Cascante,11748,Unai Simón Mendibil,Complete,22.459074,7.0,66.4,3.0,44.3
3857255,2022-12-01,Group Stage,Japan,2,47,41,Spain,11748,Unai Simón Mendibil,39161,Alejandro Balde Martínez,Complete,38.19437,3.0,41.4,24.6,9.9
3857255,2022-12-01,Group Stage,Japan,2,49,3,Spain,133353,Pablo Martín Páez Gavira,6892,Pau Francisco Torres,Complete,19.416489,60.0,40.0,41.6,33.8
3857255,2022-12-01,Group Stage,Japan,2,49,6,Spain,6892,Pau Francisco Torres,68574,Nicholas Williams Arthuer,Incomplete,64.248344,41.8,33.8,100.9,59.0
3857255,2022-12-01,Group Stage,Japan,2,49,26,Spain,5721,Daniel Carvajal Ramos,6765,Rodrigo Hernández Cascante,Complete,27.80018,105.1,80.0,78.0,73.8
3857255,2022-12-01,Group Stage,Japan,2,49,28,Spain,6765,Rodrigo Hernández Cascante,6892,Pau Francisco Torres,Complete,29.35575,77.3,73.5,67.3,45.9
3857255,2022-12-01,Group Stage,Japan,2,49,32,Spain,6892,Pau Francisco Torres,68574,Nicholas Williams Arthuer,Pass Offside,37.06211,75.0,37.5,96.2,67.9
3857255,2022-12-01,Group Stage,Japan,2,53,32,Spain,133353,Pablo Martín Páez Gavira,6892,Pau Francisco Torres,Complete,24.052027,60.0,40.0,36.9,33.3
3857255,2022-12-01,Group Stage,Japan,2,53,39,Spain,6892,Pau Francisco Torres,68574,Nicholas Williams Arthuer,Out,76.650444,54.0,32.3,114.0,80.0
3857255,2022-12-01,Group Stage,Japan,2,54,23,Spain,16532,Daniel Olmo Carvajal,30486,Pedro González López,Incomplete,5.4129477,52.6,16.2,51.5,21.5
3857255,2022-12-01,Group Stage,Japan,2,54,29,Spain,5203,Sergio Busquets i Burgos,3477,Álvaro Borja Morata Martín,Complete,21.28403,45.3,28.9,65.4,35.9
3857255,2022-12-01,Group Stage,Japan,2,54,32,Spain,3477,Álvaro Borja Morata Martín,,,Incomplete,42.56501,64.3,38.0,105.6,48.3
3857255,2022-12-01,Group Stage,Japan,2,56,35,Spain,6765,Rodrigo Hernández Cascante,16532,Daniel Olmo Carvajal,Complete,22.808989,39.8,45.2,50.2,24.9
3857255,2022-12-01,Group Stage,Japan,2,56,38,Spain,16532,Daniel Olmo Carvajal,39161,Alejandro Balde Martínez,Complete,25.175385,50.2,24.9,30.6,9.1
3857255,2022-12-01,Group Stage,Japan,2,56,42,Spain,39161,Alejandro Balde Martínez,6892,Pau Francisco Torres,Complete,19.80101,20.4,6.2,6.2,20.0
3857255,2022-12-01,Group Stage,Japan,2,56,44,Spain,6892,Pau Francisco Torres,11748,Unai Simón Mendibil,Complete,17.341568,6.2,20.2,1.9,37.0
3857255,2022-12-01,Group Stage,Japan,2,56,46,Spain,11748,Unai Simón Mendibil,6765,Rodrigo Hernández Cascante,Complete,27.814564,1.5,38.9,2.4,66.7
3857255,2022-12-01,Group Stage,Japan,2,56,49,Spain,6765,Rodrigo Hernández Cascante,6748,Ferrán Torres García,Incomplete,50.350075,3.2,71.6,52.4,60.9
3857255,2022-12-01,Group Stage,Japan,2,56,54,Spain,5203,Sergio Busquets i Burgos,6892,Pau Francisco Torres,Complete,21.058252,32.7,54.8,25.0,35.2
3857255,2022-12-01,Group Stage,Japan,2,56,58,Spain,6892,Pau Francisco Torres,16532,Daniel Olmo Carvajal,Incomplete,35.30354,30.3,23.2,65.0,16.7
3857255,2022-12-01,Group Stage,Japan,2,57,6,Spain,6748,Ferrán Torres García,5721,Daniel Carvajal Ramos,Complete,14.43468,47.9,56.1,33.5,55.1
3857255,2022-12-01,Group Stage,Japan,2,57,8,Spain,5721,Daniel Carvajal Ramos,6765,Rodrigo Hernández Cascante,Complete,9.986491,33.9,54.1,28.2,45.9
3857255,2022-12-01,Group Stage,Japan,2,57,10,Spain,6765,Rodrigo Hernández Cascante,5203,Sergio Busquets i Burgos,Complete,10.956277,28.2,45.9,38.4,49.9
3857255,2022-12-01,Group Stage,Japan,2,57,11,Spain,5203,Sergio Busquets i Burgos,6765,Rodrigo Hernández Cascante,Complete,12.210241,38.4,49.9,27.4,44.6
3857255,2022-12-01,Group Stage,Japan,2,57,13,Spain,6765,Rodrigo Hernández Cascante,39161,Alejandro Balde Martínez,Complete,38.45842,30.3,43.5,37.9,5.8
3857255,2022-12-01,Group Stage,Japan,2,57,16,Spain,39161,Alejandro Balde Martínez,16532,Daniel Olmo Carvajal,Complete,21.16034,44.2,5.8,65.2,3.2
3857255,2022-12-01,Group Stage,Japan,2,57,18,Spain,16532,Daniel Olmo Carvajal,39161,Alejandro Balde Martínez,Complete,15.805062,65.2,3.2,49.4,3.6
3857255,2022-12-01,Group Stage,Japan,2,57,20,Spain,39161,Alejandro Balde Martínez,6892,Pau Francisco Torres,Complete,20.22004,48.6,6.4,37.2,23.1
3857255,2022-12-01,Group Stage,Japan,2,57,23,Spain,6892,Pau Francisco Torres,6765,Rodrigo Hernández Cascante,Complete,27.63277,44.8,26.3,50.2,53.4
3857255,2022-12-01,Group Stage,Japan,2,57,26,Spain,6765,Rodrigo Hernández Cascante,5721,Daniel Carvajal Ramos,Complete,18.30683,55.3,56.2,62.8,72.9
3857255,2022-12-01,Group Stage,Japan,2,57,27,Spain,5721,Daniel Carvajal Ramos,6765,Rodrigo Hernández Cascante,Complete,16.070158,62.8,72.7,54.4,59.0
3857255,2022-12-01,Group Stage,Japan,2,57,31,Spain,6765,Rodrigo Hernández Cascante,6892,Pau Francisco Torres,Complete,27.376085,56.6,53.6,49.0,27.3
3857255,2022-12-01,Group Stage,Japan,2,57,38,Spain,6892,Pau Francisco Torres,6765,Rodrigo Hernández Cascante,Complete,15.717824,61.0,22.8,54.7,37.2
3857255,2022-12-01,Group Stage,Japan,2,57,41,Spain,6765,Rodrigo Hernández Cascante,5721,Daniel Carvajal Ramos,Complete,21.70023,56.3,41.2,65.4,60.9
3857255,2022-12-01,Group Stage,Japan,2,57,44,Spain,5721,Daniel Carvajal Ramos,6748,Ferrán Torres García,Complete,16.59518,67.5,63.0,78.3,75.6
3857255,2022-12-01,Group Stage,Japan,2,57,45,Spain,6748,Ferrán Torres García,5721,Daniel Carvajal Ramos,Complete,24.209915,75.9,75.8,52.3,70.4
3857255,2022-12-01,Group Stage,Japan,2,57,48,Spain,5721,Daniel Carvajal Ramos,6892,Pau Francisco Torres,Complete,28.420063,47.9,64.6,40.0,37.3
3857255,2022-12-01,Group Stage,Japan,2,57,55,Spain,6892,Pau Francisco Torres,6765,Rodrigo Hernández Cascante,Complete,20.46778,52.6,23.9,55.9,44.1
3857255,2022-12-01,Group Stage,Japan,2,58,0,Spain,6765,Rodrigo Hernández Cascante,5721,Daniel Carvajal Ramos,Complete,13.7186,69.4,52.8,71.2,66.4
3857255,2022-12-01,Group Stage,Japan,2,58,3,Spain,5721,Daniel Carvajal Ramos,6892,Pau Francisco Torres,Complete,34.4681,64.7,63.9,39.3,40.6
3857255,2022-12-01,Group Stage,Japan,2,58,12,Spain,6892,Pau Francisco Torres,6765,Rodrigo Hernández Cascante,Complete,18.298906,52.1,33.6,55.9,51.5
3857255,2022-12-01,Group Stage,Japan,2,58,16,Spain,6765,Rodrigo Hernández Cascante,6892,Pau Francisco Torres,Complete,16.43472,64.1,52.0,62.0,35.7
3857255,2022-12-01,Group Stage,Japan,2,58,17,Spain,6892,Pau Francisco Torres,5203,Sergio Busquets i Burgos,Complete,5.9076223,62.0,35.7,67.9,36.0
3857255,2022-12-01,Group Stage,Japan,2,58,19,Spain,5203,Sergio Busquets i Burgos,30486,Pedro González López,Complete,14.6,70.8,30.2,80.4,19.2
3857255,2022-12-01,Group Stage,Japan,2,58,20,Spain,30486,Pedro González López,5719,Marco Asensio Willemsen,Incomplete,15.402922,81.1,19.6,95.8,24.2
3857255,2022-12-01,Group Stage,Japan,2,58,28,Spain,6892,Pau Francisco Torres,16532,Daniel Olmo Carvajal,Incomplete,32.684093,45.6,20.9,74.1,4.9
3857255,2022-12-01,Group Stage,Japan,2,58,32,Spain,6892,Pau Francisco Torres,133353,Pablo Martín Páez Gavira,Incomplete,18.62901,51.1,18.3,69.1,23.1
3857255,2022-12-01,Group Stage,Japan,2,58,36,Spain,6892,Pau Francisco Torres,6765,Rodrigo Hernández Cascante,Complete,7.839005,47.9,25.9,44.8,33.1
3857255,2022-12-01,Group Stage,Japan,2,58,37,Spain,6765,Rodrigo Hernández Cascante,11748,Unai Simón Mendibil,Complete,31.071047,44.8,33.1,13.8,35.2
3857255,2022-12-01,Group Stage,Japan,2,58,42,Spain,11748,Unai Simón Mendibil,6892,Pau Francisco Torres,Complete,17.913681,14.1,35.9,28.0,24.6
3857255,2022-12-01,Group Stage,Japan,2,58,54,Spain,6892,Pau Francisco Torres,6765,Rodrigo Hernández Cascante,Complete,14.641379,53.6,27.8,47.7,41.2
3857255,2022-12-01,Group Stage,Japan,2,58,56,Spain,6765,Rodrigo Hernández Cascante,6892,Pau Francisco Torres,Complete,18.906612,48.1,35.4,44.2,16.9
3857255,2022-12-01,Group Stage,Japan,2,58,58,Spain,6892,Pau Francisco Torres,39161,Alejandro Balde Martínez,Complete,13.124405,44.2,16.9,47.1,4.1
3857255,2022-12-01,Group Stage,Japan,2,59,2,Spain,39161,Alejandro Balde Martínez,11748,Unai Simón Mendibil,Complete,41.884724,49.0,3.2,13.8,25.9
3857255,2022-12-01,Group Stage,Japan,2,59,6,Spain,11748,Unai Simón Mendibil,6765,Rodrigo Hernández Cascante,Complete,25.385231,14.6,27.6,24.2,51.1
3857255,2022-12-01,Group Stage,Japan,2,59,15,Spain,6765,Rodrigo Hernández Cascante,5721,Daniel Carvajal Ramos,Complete,20.839626,51.7,51.1,58.2,70.9
3857255,2022-12-01,Group Stage,Japan,2,59,18,Spain,5721,Daniel Carvajal Ramos,6748,Ferrán Torres García,Incomplete,29.329336,61.2,71.1,90.1,76.1
3857255,2022-12-01,Group Stage,Japan,2,59,29,Spain,133353,Pablo Martín Páez Gavira,6892,Pau Francisco Torres,Complete,22.900219,82.0,51.3,73.1,30.2
3857255,2022-12-01,Group Stage,Japan,2,59,31,Spain,6892,Pau Francisco Torres,16532,Daniel Olmo Carvajal,Complete,29.48101,73.5,27.6,88.8,2.4
3857255,2022-12-01,Group Stage,Japan,2,59,36,Spain,16532,Daniel Olmo Carvajal,30486,Pedro González López,Complete,14.494137,91.4,6.2,84.6,19.0
3857255,2022-12-01,Group Stage,Japan,2,59,38,Spain,30486,Pedro González López,6765,Rodrigo Hernández Cascante,Complete,19.100262,79.9,21.5,73.8,39.6
3857255,2022-12-01,Group Stage,Japan,2,59,41,Spain,6765,Rodrigo Hernández Cascante,5721,Daniel Carvajal Ramos,Complete,21.17404,79.8,44.3,85.1,64.8
3857255,2022-12-01,Group Stage,Japan,2,59,45,Spain,5721,Daniel Carvajal Ramos,6765,Rodrigo Hernández Cascante,Complete,14.724809,78.4,62.7,67.5,52.8
3857255,2022-12-01,Group Stage,Japan,2,59,47,Spain,6765,Rodrigo Hernández Cascante,6892,Pau Francisco Torres,Complete,20.44138,67.5,51.1,66.2,30.7
3857255,2022-12-01,Group Stage,Japan,2,59,49,Spain,6892,Pau Francisco Torres,39161,Alejandro Balde Martínez,Complete,19.45379,68.7,23.6,74.4,5.0
3857255,2022-12-01,Group Stage,Japan,2,59,52,Spain,39161,Alejandro Balde Martínez,6892,Pau Francisco Torres,Complete,17.54537,75.9,4.7,63.1,16.7
3857255,2022-12-01,Group Stage,Japan,2,59,56,Spain,6892,Pau Francisco Torres,30486,Pedro González López,Complete,12.614674,62.9,23.9,65.7,11.6
3857255,2022-12-01,Group Stage,Japan,2,59,58,Spain,30486,Pedro González López,39161,Alejandro Balde Martínez,Complete,15.720051,65.7,11.6,78.3,2.2
3857255,2022-12-01,Group Stage,Japan,2,59,59,Spain,39161,Alejandro Balde Martínez,30486,Pedro González López,Complete,15.076471,78.6,1.8,63.7,4.1
3857255,2022-12-01,Group Stage,Japan,2,60,3,Spain,30486,Pedro González López,6765,Rodrigo Hernández Cascante,Complete,20.90574,57.4,18.3,55.3,39.1
3857255,2022-12-01,Group Stage,Japan,2,60,6,Spain,6765,Rodrigo Hernández Cascante,133353,Pablo Martín Páez Gavira,Complete,15.250246,58.9,42.5,72.5,49.4
3857255,2022-12-01,Group Stage,Japan,2,60,8,Spain,133353,Pablo Martín Páez Gavira,6892,Pau Francisco Torres,Complete,18.952837,67.9,48.6,58.4,32.2
3857255,2022-12-01,Group Stage,Japan,2,60,12,Spain,6892,Pau Francisco Torres,30486,Pedro González López,Complete,8.041144,63.7,22.5,71.2,25.4
3857255,2022-12-01,Group Stage,Japan,2,60,14,Spain,30486,Pedro González López,133353,Pablo Martín Páez Gavira,Incomplete,7.961156,71.4,26.3,75.7,33.0
3857255,2022-12-01,Group Stage,Japan,2,60,20,Spain,30486,Pedro González López,5721,Daniel Carvajal Ramos,Complete,15.241063,62.2,47.7,64.9,62.7
3857255,2022-12-01,Group Stage,Japan,2,60,22,Spain,5721,Daniel Carvajal Ramos,6748,Ferrán Torres García,Complete,22.480436,64.9,62.7,82.8,76.3
3857255,2022-12-01,Group Stage,Japan,2,60,33,Spain,6748,Ferrán Torres García,30486,Pedro González López,Complete,9.093404,116.8,77.7,115.5,68.7
3857255,2022-12-01,Group Stage,Japan,2,60,35,Spain,30486,Pedro González López,16532,Daniel Olmo Carvajal,Complete,13.888484,114.7,66.7,110.7,53.4
3857255,2022-12-01,Group Stage,Japan,2,60,36,Spain,16532,Daniel Olmo Carvajal,5719,Marco Asensio Willemsen,Incomplete,2.7313,110.7,53.4,109.6,50.9
3857255,2022-12-01,Group Stage,Japan,2,61,14,Spain,5721,Daniel Carvajal Ramos,6892,Pau Francisco Torres,Complete,31.650908,84.9,68.8,54.2,61.1
3857255,2022-12-01,Group Stage,Japan,2,61,20,Spain,6892,Pau Francisco Torres,6765,Rodrigo Hernández Cascante,Complete,11.980818,50.0,55.1,57.3,64.6
3857255,2022-12-01,Group Stage,Japan,2,61,23,Spain,6765,Rodrigo Hernández Cascante,6892,Pau Francisco Torres,Complete,24.37314,57.3,64.6,54.4,40.4
3857255,2022-12-01,Group Stage,Japan,2,61,26,Spain,6892,Pau Francisco Torres,30486,Pedro González López,Complete,12.278437,54.4,38.3,57.0,26.3
3857255,2022-12-01,Group Stage,Japan,2,61,29,Spain,30486,Pedro González López,39161,Alejandro Balde Martínez,Complete,28.96636,62.0,24.2,81.3,2.6
3857255,2022-12-01,Group Stage,Japan,2,61,32,Spain,39161,Alejandro Balde Martínez,30486,Pedro González López,Complete,17.048754,78.8,2.8,63.3,9.9
3857255,2022-12-01,Group Stage,Japan,2,61,35,Spain,30486,Pedro González López,6765,Rodrigo Hernández Cascante,Complete,27.773548,62.8,17.3,59.7,44.9
3857255,2022-12-01,Group Stage,Japan,2,61,38,Spain,6765,Rodrigo Hernández Cascante,6748,Ferrán Torres García,Complete,38.503246,62.6,45.6,85.3,76.7
3857255,2022-12-01,Group Stage,Japan,2,61,46,Spain,6765,Rodrigo Hernández Cascante,30486,Pedro González López,Complete,18.214828,68.7,59.0,74.4,41.7
3857255,2022-12-01,Group Stage,Japan,2,61,48,Spain,30486,Pedro González López,39161,Alejandro Balde Martínez,Complete,13.792751,73.6,38.6,69.6,25.4
3857255,2022-12-01,Group Stage,Japan,2,61,54,Spain,39161,Alejandro Balde Martínez,,,Incomplete,25.90309,85.3,4.1,59.4,3.7
3857255,2022-12-01,Group Stage,Japan,2,62,16,Spain,11748,Unai Simón Mendibil,6892,Pau Francisco Torres,Complete,22.569448,12.0,33.8,31.3,22.1
3857255,2022-12-01,Group Stage,Japan,2,62,23,Spain,6892,Pau Francisco Torres,6765,Rodrigo Hernández Cascante,Complete,20.59126,45.6,28.4,48.4,48.8
3857255,2022-12-01,Group Stage,Japan,2,62,26,Spain,6765,Rodrigo Hernández Cascante,5721,Daniel Carvajal Ramos,Complete,22.774767,51.3,51.9,64.3,70.6
3857255,2022-12-01,Group Stage,Japan,2,62,29,Spain,5721,Daniel Carvajal Ramos,133353,Pablo Martín Páez Gavira,Complete,8.523497,72.7,71.9,68.3,64.6
3857255,2022-12-01,Group Stage,Japan,2,62,33,Spain,133353,Pablo Martín Páez Gavira,6892,Pau Francisco Torres,Complete,23.90523,62.4,56.9,62.9,33.0
3857255,2022-12-01,Group Stage,Japan,2,62,36,Spain,6892,Pau Francisco Torres,39161,Alejandro Balde Martínez,Complete,23.235533,68.3,25.9,74.1,3.4
3857255,2022-12-01,Group Stage,Japan,2,62,39,Spain,39161,Alejandro Balde Martínez,6892,Pau Francisco Torres,Complete,24.541597,75.0,3.2,57.3,20.2
3857255,2022-12-01,Group Stage,Japan,2,62,42,Spain,6892,Pau Francisco Torres,6765,Rodrigo Hernández Cascante,Complete,18.888355,57.0,23.1,62.4,41.2
3857255,2022-12-01,Group Stage,Japan,2,62,47,Spain,6765,Rodrigo Hernández Cascante,133353,Pablo Martín Páez Gavira,Complete,13.685759,69.2,50.6,64.1,63.3
3857255,2022-12-01,Group Stage,Japan,2,62,49,Spain,133353,Pablo Martín Páez Gavira,5721,Daniel Carvajal Ramos,Complete,17.963573,64.1,63.5,75.6,77.3
3857255,2022-12-01,Group Stage,Japan,2,63,4,Spain,30486,Pedro González López,16532,Daniel Olmo Carvajal,Complete,12.747549,24.6,25.2,30.5,13.9
3857255,2022-12-01,Group Stage,Japan,2,63,22,Spain,16532,Daniel Olmo Carvajal,5719,Marco Asensio Willemsen,Complete,10.215674,57.0,0.1,61.0,9.5
3857255,2022-12-01,Group Stage,Japan,2,63,28,Spain,5719,Marco Asensio Willemsen,30486,Pedro González López,Complete,6.6483083,67.5,14.4,62.9,19.2
3857255,2022-12-01,Group Stage,Japan,2,63,30,Spain,30486,Pedro González López,6765,Rodrigo Hernández Cascante,Complete,23.847221,62.9,19.2,56.6,42.2
3857255,2022-12-01,Group Stage,Japan,2,63,34,Spain,6765,Rodrigo Hernández Cascante,30486,Pedro González López,Complete,22.264996,67.5,49.2,69.2,27.0
3857255,2022-12-01,Group Stage,Japan,2,63,37,Spain,30486,Pedro González López,5719,Marco Asensio Willemsen,Complete,15.570806,71.4,25.5,86.8,23.2
3857255,2022-12-01,Group Stage,Japan,2,63,37,Spain,5719,Marco Asensio Willemsen,16532,Daniel Olmo Carvajal,Complete,10.24207,87.4,23.2,89.1,13.1
3857255,2022-12-01,Group Stage,Japan,2,63,40,Spain,16532,Daniel Olmo Carvajal,39161,Alejandro Balde Martínez,Complete,10.796759,89.1,13.3,86.2,2.9
3857255,2022-12-01,Group Stage,Japan,2,63,42,Spain,39161,Alejandro Balde Martínez,30486,Pedro González López,Complete,19.361044,86.2,2.9,71.5,15.5
3857255,2022-12-01,Group Stage,Japan,2,63,47,Spain,30486,Pedro González López,16532,Daniel Olmo Carvajal,Complete,11.374533,82.8,30.7,94.1,29.4
3857255,2022-12-01,Group Stage,Japan,2,64,42,Spain,11748,Unai Simón Mendibil,6765,Rodrigo Hernández Cascante,Complete,22.203154,6.0,36.0,21.7,51.7
3857255,2022-12-01,Group Stage,Japan,2,64,47,Spain,6765,Rodrigo Hernández Cascante,6892,Pau Francisco Torres,Complete,27.054205,41.0,52.8,44.7,26.0
3857255,2022-12-01,Group Stage,Japan,2,64,54,Spain,6892,Pau Francisco Torres,6765,Rodrigo Hernández Cascante,Complete,16.111176,55.7,21.1,53.1,37.0
3857255,2022-12-01,Group Stage,Japan,2,64,59,Spain,6765,Rodrigo Hernández Cascante,5719,Marco Asensio Willemsen,Complete,17.464249,57.6,44.4,74.6,40.4
3857255,2022-12-01,Group Stage,Japan,2,65,58,Spain,39161,Alejandro Balde Martínez,30486,Pedro González López,Incomplete,19.321491,17.3,0.1,34.7,8.5
3857255,2022-12-01,Group Stage,Japan,2,66,14,Spain,11748,Unai Simón Mendibil,6765,Rodrigo Hernández Cascante,Complete,18.042727,6.0,36.0,13.3,52.5
3857255,2022-12-01,Group Stage,Japan,2,66,17,Spain,6765,Rodrigo Hernández Cascante,5721,Daniel Carvajal Ramos,Complete,26.52037,15.6,54.0,36.9,69.8
3857255,2022-12-01,Group Stage,Japan,2,66,21,Spain,5721,Daniel Carvajal Ramos,133353,Pablo Martín Páez Gavira,Complete,14.367324,43.9,69.5,49.8,56.4
3857255,2022-12-01,Group Stage,Japan,2,66,25,Spain,133353,Pablo Martín Páez Gavira,6892,Pau Francisco Torres,Complete,23.085278,49.4,51.3,45.2,28.6
3857255,2022-12-01,Group Stage,Japan,2,66,31,Spain,6892,Pau Francisco Torres,6765,Rodrigo Hernández Cascante,Complete,17.44133,55.7,21.7,54.5,39.1
3857255,2022-12-01,Group Stage,Japan,2,66,33,Spain,6765,Rodrigo Hernández Cascante,5721,Daniel Carvajal Ramos,Complete,19.366207,54.7,40.6,56.3,59.9
3857255,2022-12-01,Group Stage,Japan,2,66,35,Spain,5721,Daniel Carvajal Ramos,6748,Ferrán Torres García,Complete,21.36001,56.8,64.3,74.8,75.8
3857255,2022-12-01,Group Stage,Japan,2,66,38,Spain,6748,Ferrán Torres García,5721,Daniel Carvajal Ramos,Complete,18.985521,70.4,75.6,51.5,73.8
3857255,2022-12-01,Group Stage,Japan,2,66,40,Spain,5721,Daniel Carvajal Ramos,6892,Pau Francisco Torres,Complete,35.601265,50.3,65.3,50.0,29.7
3857255,2022-12-01,Group Stage,Japan,2,66,48,Spain,6892,Pau Francisco Torres,5203,Sergio Busquets i Burgos,Complete,14.71224,63.7,20.4,63.1,35.1
3857255,2022-12-01,Group Stage,Japan,2,66,51,Spain,5203,Sergio Busquets i Burgos,5719,Marco Asensio Willemsen,Complete,10.220078,65.4,44.6,75.2,41.7
3857255,2022-12-01,Group Stage,Japan,2,66,52,Spain,5719,Marco Asensio Willemsen,6892,Pau Francisco Torres,Complete,16.76007,75.2,41.7,64.5,28.8
3857255,2022-12-01,Group Stage,Japan,2,66,55,Spain,6892,Pau Francisco Torres,16532,Daniel Olmo Carvajal,Complete,28.983616,62.9,21.5,84.7,2.4
3857255,2022-12-01,Group Stage,Japan,2,68,55,Spain,5211,Jordi Alba Ramos,30756,Anssumane Fati,Complete,8.908984,38.9,3.0,47.8,2.6
3857255,2022-12-01,Group Stage,Japan,2,68,58,Spain,30756,Anssumane Fati,5203,Sergio Busquets i Burgos,Complete,19.080095,48.9,2.3,43.5,20.6
3857255,2022-12-01,Group Stage,Japan,2,69,0,Spain,5203,Sergio Busquets i Burgos,16532,Daniel Olmo Carvajal,Complete,12.611503,45.5,21.0,56.8,26.6
3857255,2022-12-01,Group Stage,Japan,2,69,1,Spain,16532,Daniel Olmo Carvajal,6748,Ferrán Torres García,Unknown,21.910044,57.2,33.3,73.8,47.6
3857255,2022-12-01,Group Stage,Japan,2,69,17,Spain,5721,Daniel Carvajal Ramos,5203,Sergio Busquets i Burgos,Complete,14.139661,80.7,55.9,75.9,42.6
3857255,2022-12-01,Group Stage,Japan,2,69,19,Spain,5203,Sergio Busquets i Burgos,30486,Pedro González López,Complete,19.51256,75.9,40.4,75.2,20.9
3857255,2022-12-01,Group Stage,Japan,2,69,21,Spain,30486,Pedro González López,5211,Jordi Alba Ramos,Complete,20.160357,75.2,20.9,87.2,4.7
3857255,2022-12-01,Group Stage,Japan,2,69,24,Spain,5211,Jordi Alba Ramos,30486,Pedro González López,Complete,12.937542,87.2,4.7,75.9,11.0
3857255,2022-12-01,Group Stage,Japan,2,69,27,Spain,30486,Pedro González López,5203,Sergio Busquets i Burgos,Complete,10.555094,75.9,11.6,80.5,21.1
3857255,2022-12-01,Group Stage,Japan,2,69,28,Spain,5203,Sergio Busquets i Burgos,6892,Pau Francisco Torres,Complete,21.298357,79.8,21.8,58.7,24.7
3857255,2022-12-01,Group Stage,Japan,2,69,31,Spain,6892,Pau Francisco Torres,30486,Pedro González López,Complete,19.749683,58.7,24.7,69.4,8.1
3857255,2022-12-01,Group Stage,Japan,2,69,33,Spain,30486,Pedro González López,5211,Jordi Alba Ramos,Complete,15.561812,71.7,8.1,86.1,2.2
3857255,2022-12-01,Group Stage,Japan,2,69,34,Spain,5211,Jordi Alba Ramos,30756,Anssumane Fati,Complete,10.358571,86.1,2.2,87.2,12.5
3857255,2022-12-01,Group Stage,Japan,2,69,38,Spain,30486,Pedro González López,16532,Daniel Olmo Carvajal,Complete,15.8,75.2,16.0,75.2,31.8
3857255,2022-12-01,Group Stage,Japan,2,69,40,Spain,16532,Daniel Olmo Carvajal,6765,Rodrigo Hernández Cascante,Complete,12.264175,74.1,32.8,63.7,39.3
3857255,2022-12-01,Group Stage,Japan,2,69,42,Spain,6765,Rodrigo Hernández Cascante,6748,Ferrán Torres García,Incomplete,30.884624,63.6,41.2,84.1,64.3
3857255,2022-12-01,Group Stage,Japan,2,70,8,Spain,11748,Unai Simón Mendibil,6765,Rodrigo Hernández Cascante,Complete,21.467417,6.0,44.0,25.1,53.8
3857255,2022-12-01,Group Stage,Japan,2,70,11,Spain,6765,Rodrigo Hernández Cascante,16532,Daniel Olmo Carvajal,Complete,37.454105,38.1,65.1,74.6,73.5
3857255,2022-12-01,Group Stage,Japan,2,70,12,Spain,16532,Daniel Olmo Carvajal,6748,Ferrán Torres García,Out,40.261272,79.9,72.9,120.0,76.5
3857255,2022-12-01,Group Stage,Japan,2,70,40,Spain,6765,Rodrigo Hernández Cascante,5203,Sergio Busquets i Burgos,Complete,4.05216,65.0,37.8,68.9,38.9
3857255,2022-12-01,Group Stage,Japan,2,70,43,Spain,5203,Sergio Busquets i Burgos,6765,Rodrigo Hernández Cascante,Complete,6.140033,69.2,43.6,63.1,44.3
3857255,2022-12-01,Group Stage,Japan,2,70,44,Spain,6765,Rodrigo Hernández Cascante,6892,Pau Francisco Torres,Complete,12.819126,63.1,44.3,62.4,31.5
3857255,2022-12-01,Group Stage,Japan,2,70,47,Spain,6892,Pau Francisco Torres,5211,Jordi Alba Ramos,Complete,21.275808,63.6,24.6,75.7,7.1
3857255,2022-12-01,Group Stage,Japan,2,70,48,Spain,5211,Jordi Alba Ramos,30486,Pedro González López,Complete,7.5716577,75.7,7.1,71.5,13.4
3857255,2022-12-01,Group Stage,Japan,2,70,51,Spain,30486,Pedro González López,6765,Rodrigo Hernández Cascante,Complete,30.497213,73.1,11.2,64.3,40.4
3857255,2022-12-01,Group Stage,Japan,2,70,54,Spain,6765,Rodrigo Hernández Cascante,5721,Daniel Carvajal Ramos,Complete,24.990398,69.2,47.7,74.6,72.1
3857255,2022-12-01,Group Stage,Japan,2,70,57,Spain,5721,Daniel Carvajal Ramos,6748,Ferrán Torres García,Complete,13.029198,74.6,72.1,87.0,76.1
3857255,2022-12-01,Group Stage,Japan,2,70,59,Spain,6748,Ferrán Torres García,5721,Daniel Carvajal Ramos,Complete,17.095028,85.7,75.6,68.7,73.8
3857255,2022-12-01,Group Stage,Japan,2,71,1,Spain,5721,Daniel Carvajal Ramos,6765,Rodrigo Hernández Cascante,Complete,18.921152,68.1,71.9,58.0,55.9
3857255,2022-12-01,Group Stage,Japan,2,71,3,Spain,6765,Rodrigo Hernández Cascante,6892,Pau Francisco Torres,Complete,23.478714,58.0,55.9,62.2,32.8
3857255,2022-12-01,Group Stage,Japan,2,71,5,Spain,6892,Pau Francisco Torres,30486,Pedro González López,Complete,12.265398,63.9,24.6,68.9,13.4
3857255,2022-12-01,Group Stage,Japan,2,71,7,Spain,30486,Pedro González López,5211,Jordi Alba Ramos,Complete,16.788687,68.9,13.4,82.0,2.9
3857255,2022-12-01,Group Stage,Japan,2,71,9,Spain,5211,Jordi Alba Ramos,30756,Anssumane Fati,Complete,9.503683,84.3,2.9,93.7,4.3
3857255,2022-12-01,Group Stage,Japan,2,71,15,Spain,30756,Anssumane Fati,5211,Jordi Alba Ramos,Complete,11.706836,97.9,2.0,86.2,2.4
3857255,2022-12-01,Group Stage,Japan,2,71,17,Spain,5211,Jordi Alba Ramos,5203,Sergio Busquets i Burgos,Complete,17.828068,86.7,2.6,85.7,20.4
3857255,2022-12-01,Group Stage,Japan,2,71,18,Spain,5203,Sergio Busquets i Burgos,30756,Anssumane Fati,Complete,4.8826222,85.7,20.4,89.7,17.6
3857255,2022-12-01,Group Stage,Japan,2,71,19,Spain,30756,Anssumane Fati,5719,Marco Asensio Willemsen,Incomplete,5.333854,88.9,20.0,91.6,24.6
3857255,2022-12-01,Group Stage,Japan,2,71,27,Spain,5721,Daniel Carvajal Ramos,5719,Marco Asensio Willemsen,Complete,8.994443,54.7,36.4,63.6,35.1
3857255,2022-12-01,Group Stage,Japan,2,71,27,Spain,5719,Marco Asensio Willemsen,30756,Anssumane Fati,Complete,13.083196,63.6,35.1,54.2,26.0
3857255,2022-12-01,Group Stage,Japan,2,71,28,Spain,30756,Anssumane Fati,30486,Pedro González López,Incomplete,3.5341194,54.2,26.0,55.7,22.8
3857255,2022-12-01,Group Stage,Japan,2,71,34,Spain,5211,Jordi Alba Ramos,6765,Rodrigo Hernández Cascante,Complete,22.9,39.5,26.3,39.5,49.2
3857255,2022-12-01,Group Stage,Japan,2,71,36,Spain,6765,Rodrigo Hernández Cascante,16532,Daniel Olmo Carvajal,Complete,14.369412,39.5,49.8,51.3,58.0
3857255,2022-12-01,Group Stage,Japan,2,71,41,Spain,16532,Daniel Olmo Carvajal,5721,Daniel Carvajal Ramos,Complete,10.327633,79.0,69.0,86.1,76.5
3857255,2022-12-01,Group Stage,Japan,2,71,43,Spain,5721,Daniel Carvajal Ramos,16532,Daniel Olmo Carvajal,Complete,7.0213957,86.1,76.5,79.2,75.2
3857255,2022-12-01,Group Stage,Japan,2,71,44,Spain,16532,Daniel Olmo Carvajal,5719,Marco Asensio Willemsen,Complete,12.924396,79.2,75.2,74.4,63.2
3857255,2022-12-01,Group Stage,Japan,2,71,52,Spain,5719,Marco Asensio Willemsen,5211,Jordi Alba Ramos,Complete,28.921446,76.9,23.8,97.2,3.2
3857255,2022-12-01,Group Stage,Japan,2,71,55,Spain,5211,Jordi Alba Ramos,5719,Marco Asensio Willemsen,Complete,16.402744,96.0,5.0,109.3,14.6
3857255,2022-12-01,Group Stage,Japan,2,71,57,Spain,5719,Marco Asensio Willemsen,6748,Ferrán Torres García,Incomplete,26.548069,109.3,14.6,112.1,41.0
3857255,2022-12-01,Group Stage,Japan,2,72,3,Spain,5721,Daniel Carvajal Ramos,6765,Rodrigo Hernández Cascante,Complete,19.382982,105.9,69.5,91.8,56.2
3857255,2022-12-01,Group Stage,Japan,2,72,6,Spain,6765,Rodrigo Hernández Cascante,16532,Daniel Olmo Carvajal,Complete,14.143904,91.8,56.2,105.6,59.3
3857255,2022-12-01,Group Stage,Japan,2,72,24,Spain,5721,Daniel Carvajal Ramos,6765,Rodrigo Hernández Cascante,Complete,18.619614,100.0,80.0,86.2,67.5
3857255,2022-12-01,Group Stage,Japan,2,72,26,Spain,6765,Rodrigo Hernández Cascante,6892,Pau Francisco Torres,Complete,32.95967,86.2,67.2,76.5,35.7
3857255,2022-12-01,Group Stage,Japan,2,72,29,Spain,6892,Pau Francisco Torres,5211,Jordi Alba Ramos,Complete,17.472263,75.9,31.8,80.7,15.0
3857255,2022-12-01,Group Stage,Japan,2,72,31,Spain,5211,Jordi Alba Ramos,30756,Anssumane Fati,Complete,17.974426,80.7,15.0,93.9,2.8
3857255,2022-12-01,Group Stage,Japan,2,72,35,Spain,30756,Anssumane Fati,5211,Jordi Alba Ramos,Complete,15.890248,96.2,2.0,80.7,5.5
3857255,2022-12-01,Group Stage,Japan,2,72,37,Spain,5211,Jordi Alba Ramos,30486,Pedro González López,Complete,10.026465,80.7,5.5,87.0,13.3
3857255,2022-12-01,Group Stage,Japan,2,72,38,Spain,30486,Pedro González López,5203,Sergio Busquets i Burgos,Complete,12.4903965,87.4,16.0,85.9,28.4
3857255,2022-12-01,Group Stage,Japan,2,72,39,Spain,5203,Sergio Busquets i Burgos,30486,Pedro González López,Complete,10.484751,85.9,28.4,91.6,19.6
3857255,2022-12-01,Group Stage,Japan,2,72,40,Spain,30486,Pedro González López,5719,Marco Asensio Willemsen,Incomplete,6.407808,95.4,20.0,97.9,25.9
3857255,2022-12-01,Group Stage,Japan,2,72,45,Spain,6765,Rodrigo Hernández Cascante,5721,Daniel Carvajal Ramos,Complete,14.539945,78.6,37.8,84.0,51.3
3857255,2022-12-01,Group Stage,Japan,2,72,48,Spain,5721,Daniel Carvajal Ramos,6892,Pau Francisco Torres,Complete,22.589378,86.2,51.3,78.4,30.1
3857255,2022-12-01,Group Stage,Japan,2,72,51,Spain,6892,Pau Francisco Torres,30486,Pedro González López,Complete,10.255242,78.4,30.1,82.5,20.7
3857255,2022-12-01,Group Stage,Japan,2,72,52,Spain,30486,Pedro González López,6765,Rodrigo Hernández Cascante,Complete,21.805733,82.5,20.7,82.0,42.5
3857255,2022-12-01,Group Stage,Japan,2,72,55,Spain,6765,Rodrigo Hernández Cascante,6748,Ferrán Torres García,Complete,39.381466,82.6,44.3,106.5,75.6
3857255,2022-12-01,Group Stage,Japan,2,73,1,Spain,6748,Ferrán Torres García,16532,Daniel Olmo Carvajal,Complete,8.450444,106.3,56.9,100.9,50.4
3857255,2022-12-01,Group Stage,Japan,2,73,3,Spain,30756,Anssumane Fati,30486,Pedro González López,Complete,8.417244,100.2,37.3,92.0,35.4
3857255,2022-12-01,Group Stage,Japan,2,73,7,Spain,6892,Pau Francisco Torres,5211,Jordi Alba Ramos,Complete,24.491018,80.7,33.6,94.1,13.1
3857255,2022-12-01,Group Stage,Japan,2,73,10,Spain,5211,Jordi Alba Ramos,5719,Marco Asensio Willemsen,Complete,13.3764715,94.1,13.1,100.4,24.9
3857255,2022-12-01,Group Stage,Japan,2,73,14,Spain,5719,Marco Asensio Willemsen,5211,Jordi Alba Ramos,Complete,8.8729925,101.6,20.9,94.8,15.2
3857255,2022-12-01,Group Stage,Japan,2,73,15,Spain,5211,Jordi Alba Ramos,30486,Pedro González López,Complete,7.615773,94.8,15.2,91.0,21.8
3857255,2022-12-01,Group Stage,Japan,2,73,19,Spain,30486,Pedro González López,5721,Daniel Carvajal Ramos,Complete,39.53239,86.2,26.7,87.8,66.2
3857255,2022-12-01,Group Stage,Japan,2,73,23,Spain,5721,Daniel Carvajal Ramos,6748,Ferrán Torres García,Incomplete,25.531353,91.4,66.2,109.8,48.5
3857255,2022-12-01,Group Stage,Japan,2,73,32,Spain,5721,Daniel Carvajal Ramos,16532,Daniel Olmo Carvajal,Complete,11.573245,110.7,80.0,108.2,68.7
3857255,2022-12-01,Group Stage,Japan,2,73,33,Spain,16532,Daniel Olmo Carvajal,5721,Daniel Carvajal Ramos,Complete,9.044335,108.2,68.7,105.4,77.3
3857255,2022-12-01,Group Stage,Japan,2,73,34,Spain,5721,Daniel Carvajal Ramos,6765,Rodrigo Hernández Cascante,Complete,20.808172,102.7,77.1,83.0,70.4
3857255,2022-12-01,Group Stage,Japan,2,73,37,Spain,6765,Rodrigo Hernández Cascante,6892,Pau Francisco Torres,Complete,35.598454,83.0,70.4,76.5,35.4
3857255,2022-12-01,Group Stage,Japan,2,73,40,Spain,6892,Pau Francisco Torres,30486,Pedro González López,Complete,12.25765,76.5,35.4,79.0,23.4
3857255,2022-12-01,Group Stage,Japan,2,73,46,Spain,30486,Pedro González López,6892,Pau Francisco Torres,Complete,11.950314,73.6,24.6,65.2,33.1
3857255,2022-12-01,Group Stage,Japan,2,73,47,Spain,6892,Pau Francisco Torres,6765,Rodrigo Hernández Cascante,Complete,19.31968,64.5,33.3,73.1,50.6
3857255,2022-12-01,Group Stage,Japan,2,73,54,Spain,6765,Rodrigo Hernández Cascante,6748,Ferrán Torres García,Complete,18.49108,99.0,63.0,113.4,74.6
3857255,2022-12-01,Group Stage,Japan,2,73,56,Spain,6748,Ferrán Torres García,,,Incomplete,51.83686,113.4,74.6,107.5,23.1
3857255,2022-12-01,Group Stage,Japan,2,74,9,Spain,5211,Jordi Alba Ramos,30486,Pedro González López,Complete,19.235384,89.1,0.1,75.7,13.9
3857255,2022-12-01,Group Stage,Japan,2,74,12,Spain,30486,Pedro González López,6765,Rodrigo Hernández Cascante,Complete,20.965925,76.5,16.9,80.4,37.5
3857255,2022-12-01,Group Stage,Japan,2,74,15,Spain,6765,Rodrigo Hernández Cascante,16532,Daniel Olmo Carvajal,Complete,15.805062,80.9,40.1,93.3,49.9
3857255,2022-12-01,Group Stage,Japan,2,74,17,Spain,16532,Daniel Olmo Carvajal,6748,Ferrán Torres García,Complete,20.900957,96.9,52.2,109.6,68.8
3857255,2022-12-01,Group Stage,Japan,2,74,21,Spain,6748,Ferrán Torres García,30756,Anssumane Fati,Incomplete,27.399452,113.8,67.9,110.5,40.7
3857255,2022-12-01,Group Stage,Japan,2,74,29,Spain,5721,Daniel Carvajal Ramos,6765,Rodrigo Hernández Cascante,Complete,14.801352,69.6,68.8,69.4,54.0
3857255,2022-12-01,Group Stage,Japan,2,74,31,Spain,6765,Rodrigo Hernández Cascante,30486,Pedro González López,Complete,31.43056,70.6,52.7,74.4,21.5
3857255,2022-12-01,Group Stage,Japan,2,74,35,Spain,30486,Pedro González López,5211,Jordi Alba Ramos,Complete,21.36633,74.4,21.5,86.8,4.1
3857255,2022-12-01,Group Stage,Japan,2,74,36,Spain,5211,Jordi Alba Ramos,30486,Pedro González López,Complete,18.270468,85.9,3.9,70.0,12.9
3857255,2022-12-01,Group Stage,Japan,2,74,39,Spain,30486,Pedro González López,6892,Pau Francisco Torres,Complete,23.041702,68.9,12.9,55.3,31.5
3857255,2022-12-01,Group Stage,Japan,2,74,42,Spain,6892,Pau Francisco Torres,6765,Rodrigo Hernández Cascante,Complete,13.259336,56.5,34.7,63.1,46.2
3857255,2022-12-01,Group Stage,Japan,2,74,44,Spain,6765,Rodrigo Hernández Cascante,30756,Anssumane Fati,Incomplete,43.52953,65.4,51.3,106.3,36.4
3857255,2022-12-01,Group Stage,Japan,2,74,53,Spain,30486,Pedro González López,5211,Jordi Alba Ramos,Complete,11.111256,80.7,2.9,91.8,2.4
3857255,2022-12-01,Group Stage,Japan,2,74,55,Spain,5211,Jordi Alba Ramos,30486,Pedro González López,Complete,11.576701,93.1,2.9,82.2,6.8
3857255,2022-12-01,Group Stage,Japan,2,74,56,Spain,30486,Pedro González López,5211,Jordi Alba Ramos,Out,38.749065,81.5,7.6,119.7,14.1
3857255,2022-12-01,Group Stage,Japan,2,75,39,Spain,5203,Sergio Busquets i Burgos,5719,Marco Asensio Willemsen,Incomplete,14.11524,48.6,55.9,62.6,54.1
3857255,2022-12-01,Group Stage,Japan,2,75,47,Spain,6748,Ferrán Torres García,16532,Daniel Olmo Carvajal,Complete,7.006426,41.9,71.1,41.6,64.1
3857255,2022-12-01,Group Stage,Japan,2,75,49,Spain,16532,Daniel Olmo Carvajal,30486,Pedro González López,Complete,13.318033,43.5,63.0,41.1,49.9
3857255,2022-12-01,Group Stage,Japan,2,75,51,Spain,30486,Pedro González López,5211,Jordi Alba Ramos,Complete,27.718044,40.8,49.0,41.8,21.3
3857255,2022-12-01,Group Stage,Japan,2,75,56,Spain,5211,Jordi Alba Ramos,6765,Rodrigo Hernández Cascante,Complete,25.470179,54.7,18.3,51.0,43.5
3857255,2022-12-01,Group Stage,Japan,2,76,3,Spain,6765,Rodrigo Hernández Cascante,30486,Pedro González López,Complete,20.552616,62.0,43.6,64.5,23.2
3857255,2022-12-01,Group Stage,Japan,2,76,5,Spain,30486,Pedro González López,30756,Anssumane Fati,Complete,26.566332,67.3,20.5,87.2,2.9
3857255,2022-12-01,Group Stage,Japan,2,76,8,Spain,30756,Anssumane Fati,5211,Jordi Alba Ramos,Complete,11.161093,91.4,2.9,80.5,5.3
3857255,2022-12-01,Group Stage,Japan,2,76,11,Spain,5211,Jordi Alba Ramos,5203,Sergio Busquets i Burgos,Complete,16.335545,80.5,5.3,78.4,21.5
3857255,2022-12-01,Group Stage,Japan,2,76,12,Spain,5203,Sergio Busquets i Burgos,30486,Pedro González López,Complete,4.604346,77.8,20.5,75.2,16.7
3857255,2022-12-01,Group Stage,Japan,2,76,13,Spain,30486,Pedro González López,6765,Rodrigo Hernández Cascante,Complete,23.631546,75.2,16.7,67.1,38.9
3857255,2022-12-01,Group Stage,Japan,2,76,15,Spain,6765,Rodrigo Hernández Cascante,5721,Daniel Carvajal Ramos,Complete,24.286621,66.6,41.5,78.8,62.5
3857255,2022-12-01,Group Stage,Japan,2,76,17,Spain,5721,Daniel Carvajal Ramos,6748,Ferrán Torres García,Complete,16.058954,79.9,64.1,88.9,77.4
3857255,2022-12-01,Group Stage,Japan,2,76,19,Spain,6748,Ferrán Torres García,16532,Daniel Olmo Carvajal,Complete,10.346497,91.4,76.5,101.1,72.9
3857255,2022-12-01,Group Stage,Japan,2,76,23,Spain,16532,Daniel Olmo Carvajal,5721,Daniel Carvajal Ramos,Complete,13.159027,93.7,75.8,81.7,70.4
3857255,2022-12-01,Group Stage,Japan,2,76,25,Spain,5721,Daniel Carvajal Ramos,6765,Rodrigo Hernández Cascante,Complete,12.0283,81.7,70.0,72.9,61.8
3857255,2022-12-01,Group Stage,Japan,2,76,29,Spain,6765,Rodrigo Hernández Cascante,6892,Pau Francisco Torres,Complete,26.476404,78.3,56.2,73.3,30.2
3857255,2022-12-01,Group Stage,Japan,2,76,32,Spain,6892,Pau Francisco Torres,30486,Pedro González López,Complete,9.381365,74.1,29.1,79.0,21.1
3857255,2022-12-01,Group Stage,Japan,2,76,35,Spain,30486,Pedro González López,6765,Rodrigo Hernández Cascante,Complete,23.108873,78.4,25.4,81.5,48.3
3857255,2022-12-01,Group Stage,Japan,2,76,38,Spain,6765,Rodrigo Hernández Cascante,6748,Ferrán Torres García,Complete,29.40017,85.5,49.8,101.6,74.4
3857255,2022-12-01,Group Stage,Japan,2,76,42,Spain,6748,Ferrán Torres García,16532,Daniel Olmo Carvajal,Complete,17.48285,103.3,74.8,101.6,57.4
3857255,2022-12-01,Group Stage,Japan,2,76,45,Spain,16532,Daniel Olmo Carvajal,5719,Marco Asensio Willemsen,Complete,12.278844,110.3,64.6,100.9,56.7
3857255,2022-12-01,Group Stage,Japan,2,76,51,Spain,5719,Marco Asensio Willemsen,30756,Anssumane Fati,Complete,28.246239,95.1,59.7,105.9,33.6
3857255,2022-12-01,Group Stage,Japan,2,76,53,Spain,30756,Anssumane Fati,30486,Pedro González López,Complete,26.264044,106.1,33.3,98.7,8.1
3857255,2022-12-01,Group Stage,Japan,2,76,57,Spain,30486,Pedro González López,5211,Jordi Alba Ramos,Complete,7.470609,98.8,14.4,102.3,7.8
3857255,2022-12-01,Group Stage,Japan,2,76,58,Spain,5211,Jordi Alba Ramos,30486,Pedro González López,Complete,9.265528,102.3,7.8,93.1,8.9
3857255,2022-12-01,Group Stage,Japan,2,77,1,Spain,30486,Pedro González López,6765,Rodrigo Hernández Cascante,Complete,29.923235,91.8,11.6,83.0,40.2
3857255,2022-12-01,Group Stage,Japan,2,77,5,Spain,6765,Rodrigo Hernández Cascante,5721,Daniel Carvajal Ramos,Complete,19.233824,96.9,51.7,92.4,70.4
3857255,2022-12-01,Group Stage,Japan,2,77,9,Spain,5721,Daniel Carvajal Ramos,5203,Sergio Busquets i Burgos,Complete,28.324018,92.2,71.1,82.2,44.6
3857255,2022-12-01,Group Stage,Japan,2,77,10,Spain,5203,Sergio Busquets i Burgos,6892,Pau Francisco Torres,Complete,16.835974,82.2,44.6,81.1,27.8
3857255,2022-12-01,Group Stage,Japan,2,77,11,Spain,6892,Pau Francisco Torres,30486,Pedro González López,Complete,8.863972,81.1,27.8,84.7,19.7
3857255,2022-12-01,Group Stage,Japan,2,77,14,Spain,30486,Pedro González López,5211,Jordi Alba Ramos,Complete,18.024706,84.7,19.7,93.0,3.7
3857255,2022-12-01,Group Stage,Japan,2,77,15,Spain,5211,Jordi Alba Ramos,30756,Anssumane Fati,Complete,10.153324,93.0,3.7,96.0,13.4
3857255,2022-12-01,Group Stage,Japan,2,77,16,Spain,30756,Anssumane Fati,5211,Jordi Alba Ramos,Complete,9.464143,96.0,13.4,90.1,6.0
3857255,2022-12-01,Group Stage,Japan,2,77,18,Spain,5211,Jordi Alba Ramos,30486,Pedro González López,Complete,15.616017,90.4,5.7,81.9,18.8
3857255,2022-12-01,Group Stage,Japan,2,77,20,Spain,30486,Pedro González López,30756,Anssumane Fati,Incomplete,22.970633,81.9,23.4,104.8,25.2
3857255,2022-12-01,Group Stage,Japan,2,77,25,Spain,30756,Anssumane Fati,5211,Jordi Alba Ramos,Complete,16.003124,110.5,19.0,101.6,5.7
3857255,2022-12-01,Group Stage,Japan,2,77,27,Spain,5211,Jordi Alba Ramos,5719,Marco Asensio Willemsen,Complete,18.245548,101.6,5.7,99.3,23.8
3857255,2022-12-01,Group Stage,Japan,2,77,30,Spain,5719,Marco Asensio Willemsen,5211,Jordi Alba Ramos,Complete,11.74436,107.9,21.5,111.1,10.2
3857255,2022-12-01,Group Stage,Japan,2,77,32,Spain,5211,Jordi Alba Ramos,30756,Anssumane Fati,Incomplete,23.693249,111.1,10.2,109.0,33.8
3857255,2022-12-01,Group Stage,Japan,2,77,40,Spain,30486,Pedro González López,6765,Rodrigo Hernández Cascante,Complete,31.73547,74.8,7.4,73.3,39.1
3857255,2022-12-01,Group Stage,Japan,2,77,44,Spain,6765,Rodrigo Hernández Cascante,5721,Daniel Carvajal Ramos,Complete,27.140007,79.4,42.2,86.1,68.5
3857255,2022-12-01,Group Stage,Japan,2,77,47,Spain,5721,Daniel Carvajal Ramos,6748,Ferrán Torres García,Complete,12.234786,86.1,68.5,94.6,77.3
3857255,2022-12-01,Group Stage,Japan,2,77,48,Spain,6748,Ferrán Torres García,5721,Daniel Carvajal Ramos,Complete,18.236227,93.3,77.7,76.3,71.1
3857255,2022-12-01,Group Stage,Japan,2,77,51,Spain,5721,Daniel Carvajal Ramos,6765,Rodrigo Hernández Cascante,Complete,12.256019,74.4,71.1,69.9,59.7
3857255,2022-12-01,Group Stage,Japan,2,77,54,Spain,6765,Rodrigo Hernández Cascante,6892,Pau Francisco Torres,Complete,24.182018,78.6,53.0,72.5,29.6
3857255,2022-12-01,Group Stage,Japan,2,77,57,Spain,6892,Pau Francisco Torres,5211,Jordi Alba Ramos,Complete,22.440365,74.1,24.9,83.0,4.3
3857255,2022-12-01,Group Stage,Japan,2,78,0,Spain,5211,Jordi Alba Ramos,30486,Pedro González López,Complete,13.148765,84.3,5.8,78.3,17.5
3857255,2022-12-01,Group Stage,Japan,2,78,2,Spain,30486,Pedro González López,6765,Rodrigo Hernández Cascante,Complete,25.309683,76.3,19.0,75.6,44.3
3857255,2022-12-01,Group Stage,Japan,2,78,5,Spain,6765,Rodrigo Hernández Cascante,6748,Ferrán Torres García,Incomplete,26.459402,79.6,49.4,97.7,68.7
3857255,2022-12-01,Group Stage,Japan,2,78,13,Spain,5721,Daniel Carvajal Ramos,16532,Daniel Olmo Carvajal,Complete,11.21606,91.6,80.0,91.0,68.8
3857255,2022-12-01,Group Stage,Japan,2,78,14,Spain,16532,Daniel Olmo Carvajal,5721,Daniel Carvajal Ramos,Complete,7.7620873,91.2,69.3,88.3,76.5
3857255,2022-12-01,Group Stage,Japan,2,78,17,Spain,5721,Daniel Carvajal Ramos,6765,Rodrigo Hernández Cascante,Complete,15.160475,86.8,76.3,73.8,68.5
3857255,2022-12-01,Group Stage,Japan,2,78,19,Spain,6765,Rodrigo Hernández Cascante,30486,Pedro González López,Complete,38.70207,75.0,66.2,74.6,27.5
3857255,2022-12-01,Group Stage,Japan,2,78,22,Spain,30486,Pedro González López,5211,Jordi Alba Ramos,Complete,26.049952,75.6,26.5,88.2,3.7
3857255,2022-12-01,Group Stage,Japan,2,78,25,Spain,5211,Jordi Alba Ramos,30486,Pedro González López,Complete,15.454773,86.7,3.4,73.6,11.6
3857255,2022-12-01,Group Stage,Japan,2,78,27,Spain,30486,Pedro González López,16532,Daniel Olmo Carvajal,Complete,31.269794,74.2,14.6,79.6,45.4
3857255,2022-12-01,Group Stage,Japan,2,78,29,Spain,16532,Daniel Olmo Carvajal,6892,Pau Francisco Torres,Complete,18.809572,79.6,45.4,66.4,32.0
3857255,2022-12-01,Group Stage,Japan,2,78,32,Spain,6892,Pau Francisco Torres,6765,Rodrigo Hernández Cascante,Complete,17.195639,66.4,32.0,72.7,48.0
3857255,2022-12-01,Group Stage,Japan,2,78,34,Spain,6765,Rodrigo Hernández Cascante,6748,Ferrán Torres García,Complete,28.425516,75.2,52.0,92.7,74.4
3857255,2022-12-01,Group Stage,Japan,2,78,38,Spain,6748,Ferrán Torres García,5721,Daniel Carvajal Ramos,Complete,7.300685,100.6,71.7,93.9,74.6
3857255,2022-12-01,Group Stage,Japan,2,78,41,Spain,5721,Daniel Carvajal Ramos,6765,Rodrigo Hernández Cascante,Complete,11.462111,93.7,73.8,87.0,64.5
3857255,2022-12-01,Group Stage,Japan,2,78,44,Spain,6765,Rodrigo Hernández Cascante,5203,Sergio Busquets i Burgos,Complete,13.535878,92.4,63.3,88.3,50.4
3857255,2022-12-01,Group Stage,Japan,2,78,46,Spain,5203,Sergio Busquets i Burgos,5211,Jordi Alba Ramos,Complete,25.586325,87.8,47.8,85.7,22.3
3857255,2022-12-01,Group Stage,Japan,2,78,49,Spain,5211,Jordi Alba Ramos,30756,Anssumane Fati,Complete,21.445045,87.4,21.3,101.9,5.5
3857255,2022-12-01,Group Stage,Japan,2,78,52,Spain,30756,Anssumane Fati,30486,Pedro González López,Complete,14.534442,103.5,7.9,100.4,22.1
3857255,2022-12-01,Group Stage,Japan,2,78,55,Spain,30486,Pedro González López,5211,Jordi Alba Ramos,Incomplete,3.7,94.8,23.8,98.3,22.6
3857255,2022-12-01,Group Stage,Japan,2,79,0,Spain,30486,Pedro González López,6892,Pau Francisco Torres,Complete,23.829813,85.7,2.4,70.2,20.5
3857255,2022-12-01,Group Stage,Japan,2,79,3,Spain,6892,Pau Francisco Torres,6765,Rodrigo Hernández Cascante,Complete,19.790907,69.6,18.8,74.4,38.0
3857255,2022-12-01,Group Stage,Japan,2,79,5,Spain,6765,Rodrigo Hernández Cascante,5203,Sergio Busquets i Burgos,Complete,13.601471,74.4,38.0,79.0,25.2
3857255,2022-12-01,Group Stage,Japan,2,79,7,Spain,5203,Sergio Busquets i Burgos,30486,Pedro González López,Complete,8.028076,86.8,25.7,84.9,17.9
3857255,2022-12-01,Group Stage,Japan,2,79,8,Spain,30486,Pedro González López,5211,Jordi Alba Ramos,Complete,17.618456,84.9,17.9,96.9,5.0
3857255,2022-12-01,Group Stage,Japan,2,79,11,Spain,5211,Jordi Alba Ramos,30486,Pedro González López,Complete,11.624973,98.3,4.3,88.8,11.0
3857255,2022-12-01,Group Stage,Japan,2,79,15,Spain,30486,Pedro González López,16532,Daniel Olmo Carvajal,Complete,15.536408,85.3,22.8,82.6,38.1
3857255,2022-12-01,Group Stage,Japan,2,79,22,Spain,5721,Daniel Carvajal Ramos,6748,Ferrán Torres García,Complete,17.81039,85.7,62.5,97.2,76.1
3857255,2022-12-01,Group Stage,Japan,2,79,28,Spain,6748,Ferrán Torres García,,,Incomplete,3.312099,113.8,75.6,112.2,72.7
3857255,2022-12-01,Group Stage,Japan,2,79,34,Spain,6765,Rodrigo Hernández Cascante,30486,Pedro González López,Complete,15.310127,93.5,55.1,88.3,40.7
3857255,2022-12-01,Group Stage,Japan,2,79,36,Spain,30486,Pedro González López,30756,Anssumane Fati,Incomplete,4.3416586,88.0,41.2,92.2,40.1
3857255,2022-12-01,Group Stage,Japan,2,79,39,Spain,5721,Daniel Carvajal Ramos,6892,Pau Francisco Torres,Complete,13.986422,78.4,50.4,73.5,37.3
3857255,2022-12-01,Group Stage,Japan,2,79,42,Spain,6892,Pau Francisco Torres,5211,Jordi Alba Ramos,Complete,11.733712,72.5,28.1,78.3,17.9
3857255,2022-12-01,Group Stage,Japan,2,79,45,Spain,5211,Jordi Alba Ramos,5719,Marco Asensio Willemsen,Incomplete,8.902246,83.6,21.8,89.1,28.8
3857255,2022-12-01,Group Stage,Japan,2,79,55,Spain,6765,Rodrigo Hernández Cascante,30486,Pedro González López,Complete,17.442764,62.8,41.2,70.4,25.5
3857255,2022-12-01,Group Stage,Japan,2,79,58,Spain,30486,Pedro González López,30756,Anssumane Fati,Complete,28.517538,74.6,23.8,92.5,1.6
3857255,2022-12-01,Group Stage,Japan,2,80,3,Spain,30756,Anssumane Fati,5211,Jordi Alba Ramos,Complete,11.764778,93.3,5.0,87.8,15.4
3857255,2022-12-01,Group Stage,Japan,2,80,7,Spain,5211,Jordi Alba Ramos,30756,Anssumane Fati,Complete,9.381365,87.6,15.4,92.5,23.4
3857255,2022-12-01,Group Stage,Japan,2,80,8,Spain,30756,Anssumane Fati,5211,Jordi Alba Ramos,Complete,9.552486,92.5,23.4,85.5,16.9
3857255,2022-12-01,Group Stage,Japan,2,80,10,Spain,5211,Jordi Alba Ramos,6892,Pau Francisco Torres,Complete,16.34656,85.5,16.9,73.5,28.0
3857255,2022-12-01,Group Stage,Japan,2,80,12,Spain,6892,Pau Francisco Torres,6765,Rodrigo Hernández Cascante,Complete,23.553556,74.8,28.8,79.4,51.9
3857255,2022-12-01,Group Stage,Japan,2,80,17,Spain,6765,Rodrigo Hernández Cascante,6892,Pau Francisco Torres,Complete,22.004545,80.9,51.5,76.7,29.9
3857255,2022-12-01,Group Stage,Japan,2,80,20,Spain,6892,Pau Francisco Torres,30486,Pedro González López,Complete,14.464093,77.1,29.1,81.1,15.2
3857255,2022-12-01,Group Stage,Japan,2,80,22,Spain,30486,Pedro González López,5211,Jordi Alba Ramos,Complete,16.198765,80.1,18.3,88.9,4.7
3857255,2022-12-01,Group Stage,Japan,2,80,24,Spain,5211,Jordi Alba Ramos,30756,Anssumane Fati,Complete,13.476646,86.7,4.7,90.6,17.6
3857255,2022-12-01,Group Stage,Japan,2,80,25,Spain,30756,Anssumane Fati,5211,Jordi Alba Ramos,Complete,11.747766,90.6,17.3,88.2,5.8
3857255,2022-12-01,Group Stage,Japan,2,80,26,Spain,5211,Jordi Alba Ramos,30486,Pedro González López,Complete,15.611855,88.2,5.8,80.9,19.6
3857255,2022-12-01,Group Stage,Japan,2,80,28,Spain,30486,Pedro González López,30756,Anssumane Fati,Complete,13.004999,83.6,21.5,96.4,23.8
3857255,2022-12-01,Group Stage,Japan,2,80,30,Spain,30756,Anssumane Fati,5719,Marco Asensio Willemsen,Complete,13.731715,97.4,26.5,100.4,39.9
3857255,2022-12-01,Group Stage,Japan,2,80,31,Spain,5719,Marco Asensio Willemsen,30756,Anssumane Fati,Complete,24.469572,100.4,39.9,117.4,22.3
3857255,2022-12-01,Group Stage,Japan,2,80,33,Spain,30756,Anssumane Fati,,,Incomplete,3.224903,117.4,22.3,117.0,25.5
3857255,2022-12-01,Group Stage,Japan,2,82,26,Spain,11748,Unai Simón Mendibil,6892,Pau Francisco Torres,Complete,17.551353,14.3,38.9,22.9,23.6
3857255,2022-12-01,Group Stage,Japan,2,82,33,Spain,6892,Pau Francisco Torres,6765,Rodrigo Hernández Cascante,Complete,24.793547,48.4,24.4,52.8,48.8
3857255,2022-12-01,Group Stage,Japan,2,82,37,Spain,6765,Rodrigo Hernández Cascante,5719,Marco Asensio Willemsen,Complete,21.520456,68.1,54.3,80.9,71.6
3857255,2022-12-01,Group Stage,Japan,2,82,44,Spain,5721,Daniel Carvajal Ramos,5719,Marco Asensio Willemsen,Complete,5.939697,75.9,68.1,80.1,72.3
3857255,2022-12-01,Group Stage,Japan,2,82,47,Spain,5719,Marco Asensio Willemsen,6748,Ferrán Torres García,Incomplete,37.40762,76.2,69.0,102.9,42.8
3857255,2022-12-01,Group Stage,Japan,2,82,56,Spain,5721,Daniel Carvajal Ramos,6892,Pau Francisco Torres,Complete,25.025187,57.0,64.5,54.5,39.6
3857255,2022-12-01,Group Stage,Japan,2,82,59,Spain,6892,Pau Francisco Torres,5211,Jordi Alba Ramos,Complete,27.666948,64.3,25.4,80.4,2.9
3857255,2022-12-01,Group Stage,Japan,2,83,3,Spain,5211,Jordi Alba Ramos,30486,Pedro González López,Complete,11.869709,84.0,2.9,74.8,10.4
3857255,2022-12-01,Group Stage,Japan,2,83,6,Spain,30486,Pedro González López,6765,Rodrigo Hernández Cascante,Complete,34.112316,74.8,10.4,71.0,44.3
3857255,2022-12-01,Group Stage,Japan,2,83,8,Spain,6765,Rodrigo Hernández Cascante,5719,Marco Asensio Willemsen,Complete,23.620543,73.1,46.5,87.4,65.3
3857255,2022-12-01,Group Stage,Japan,2,83,13,Spain,5719,Marco Asensio Willemsen,5721,Daniel Carvajal Ramos,Incomplete,5.517246,74.8,75.9,71.0,71.9
3857255,2022-12-01,Group Stage,Japan,2,83,18,Spain,5721,Daniel Carvajal Ramos,6892,Pau Francisco Torres,Complete,35.840202,46.3,69.0,51.9,33.6
3857255,2022-12-01,Group Stage,Japan,2,83,22,Spain,6892,Pau Francisco Torres,30486,Pedro González López,Complete,10.9877205,57.3,25.9,64.5,17.6
3857255,2022-12-01,Group Stage,Japan,2,83,24,Spain,30486,Pedro González López,5211,Jordi Alba Ramos,Complete,23.622446,68.7,16.7,87.8,2.8
3857255,2022-12-01,Group Stage,Japan,2,83,26,Spain,5211,Jordi Alba Ramos,,,Incomplete,19.423954,89.7,3.2,97.7,20.9
3857255,2022-12-01,Group Stage,Japan,2,83,41,Spain,11748,Unai Simón Mendibil,6765,Rodrigo Hernández Cascante,Complete,18.179384,8.3,38.5,20.8,51.7
3857255,2022-12-01,Group Stage,Japan,2,83,45,Spain,6765,Rodrigo Hernández Cascante,5203,Sergio Busquets i Burgos,Complete,22.380571,29.5,58.3,41.0,39.1
3857255,2022-12-01,Group Stage,Japan,2,83,49,Spain,5203,Sergio Busquets i Burgos,16532,Daniel Olmo Carvajal,Complete,22.643322,54.0,40.1,69.4,56.7
3857255,2022-12-01,Group Stage,Japan,2,83,54,Spain,16532,Daniel Olmo Carvajal,5719,Marco Asensio Willemsen,Complete,16.753805,83.2,60.6,92.7,74.4
3857255,2022-12-01,Group Stage,Japan,2,84,0,Spain,5719,Marco Asensio Willemsen,30486,Pedro González López,Complete,34.606647,80.1,62.2,74.2,28.1
3857255,2022-12-01,Group Stage,Japan,2,84,3,Spain,30486,Pedro González López,5211,Jordi Alba Ramos,Complete,21.196697,78.8,23.8,86.1,3.9
3857255,2022-12-01,Group Stage,Japan,2,84,6,Spain,5211,Jordi Alba Ramos,30486,Pedro González López,Complete,11.90966,86.1,4.7,77.1,12.5
3857255,2022-12-01,Group Stage,Japan,2,84,8,Spain,30486,Pedro González López,6765,Rodrigo Hernández Cascante,Complete,32.102493,76.3,16.5,75.9,48.6
3857255,2022-12-01,Group Stage,Japan,2,84,11,Spain,6765,Rodrigo Hernández Cascante,5721,Daniel Carvajal Ramos,Complete,17.206976,75.9,49.4,81.7,65.6
3857255,2022-12-01,Group Stage,Japan,2,84,13,Spain,5721,Daniel Carvajal Ramos,5719,Marco Asensio Willemsen,Complete,8.8729925,83.6,66.7,89.3,73.5
3857255,2022-12-01,Group Stage,Japan,2,84,15,Spain,5719,Marco Asensio Willemsen,5721,Daniel Carvajal Ramos,Complete,8.268011,88.3,73.1,81.3,68.7
3857255,2022-12-01,Group Stage,Japan,2,84,16,Spain,5721,Daniel Carvajal Ramos,6892,Pau Francisco Torres,Complete,32.214905,81.3,65.8,74.1,34.4
3857255,2022-12-01,Group Stage,Japan,2,84,19,Spain,6892,Pau Francisco Torres,30486,Pedro González López,Complete,13.682105,75.0,31.8,78.6,18.6
3857255,2022-12-01,Group Stage,Japan,2,84,22,Spain,30486,Pedro González López,16532,Daniel Olmo Carvajal,Complete,30.72621,80.4,24.6,94.5,51.9
3857255,2022-12-01,Group Stage,Japan,2,84,24,Spain,16532,Daniel Olmo Carvajal,5719,Marco Asensio Willemsen,Complete,12.592855,96.9,52.2,99.6,64.5
3857255,2022-12-01,Group Stage,Japan,2,84,33,Spain,6765,Rodrigo Hernández Cascante,5203,Sergio Busquets i Burgos,Complete,10.965857,86.1,51.7,88.5,41.0
3857255,2022-12-01,Group Stage,Japan,2,84,35,Spain,5203,Sergio Busquets i Burgos,5211,Jordi Alba Ramos,Complete,32.952847,88.5,38.5,97.5,6.8
3857255,2022-12-01,Group Stage,Japan,2,84,38,Spain,5211,Jordi Alba Ramos,30486,Pedro González López,Complete,14.000714,97.9,6.6,88.0,16.5
3857255,2022-12-01,Group Stage,Japan,2,84,40,Spain,30486,Pedro González López,5203,Sergio Busquets i Burgos,Complete,12.557467,86.2,16.9,89.9,28.9
3857255,2022-12-01,Group Stage,Japan,2,84,42,Spain,5203,Sergio Busquets i Burgos,30756,Anssumane Fati,Complete,9.720082,92.4,27.3,100.2,21.5
3857255,2022-12-01,Group Stage,Japan,2,84,44,Spain,30756,Anssumane Fati,5211,Jordi Alba Ramos,Complete,12.907362,100.2,21.5,110.0,13.1
3857255,2022-12-01,Group Stage,Japan,2,84,46,Spain,5211,Jordi Alba Ramos,6748,Ferrán Torres García,Incomplete,8.01561,110.0,13.1,110.5,21.1
3857255,2022-12-01,Group Stage,Japan,2,84,49,Spain,5211,Jordi Alba Ramos,30486,Pedro González López,Complete,10.9877205,97.2,12.0,88.9,19.2
3857255,2022-12-01,Group Stage,Japan,2,84,51,Spain,30486,Pedro González López,5211,Jordi Alba Ramos,Complete,10.761505,87.2,19.2,93.1,10.2
3857255,2022-12-01,Group Stage,Japan,2,84,52,Spain,5211,Jordi Alba Ramos,30486,Pedro González López,Complete,12.384264,93.1,10.2,84.0,18.6
3857255,2022-12-01,Group Stage,Japan,2,84,55,Spain,30486,Pedro González López,5721,Daniel Carvajal Ramos,Complete,46.97744,85.1,22.3,97.9,67.5
3857255,2022-12-01,Group Stage,Japan,2,84,58,Spain,5721,Daniel Carvajal Ramos,6765,Rodrigo Hernández Cascante,Complete,22.69912,97.9,67.5,82.0,51.3
3857255,2022-12-01,Group Stage,Japan,2,85,3,Spain,6765,Rodrigo Hernández Cascante,5719,Marco Asensio Willemsen,Complete,8.982761,85.9,50.7,92.4,56.9
3857255,2022-12-01,Group Stage,Japan,2,85,5,Spain,5719,Marco Asensio Willemsen,5721,Daniel Carvajal Ramos,Complete,16.260689,92.4,56.9,95.3,72.9
3857255,2022-12-01,Group Stage,Japan,2,85,7,Spain,5721,Daniel Carvajal Ramos,16532,Daniel Olmo Carvajal,Complete,15.417522,95.3,72.9,97.2,57.6
3857255,2022-12-01,Group Stage,Japan,2,85,10,Spain,16532,Daniel Olmo Carvajal,5719,Marco Asensio Willemsen,Complete,9.2612095,97.5,56.7,105.9,60.6
3857255,2022-12-01,Group Stage,Japan,2,85,12,Spain,5719,Marco Asensio Willemsen,6748,Ferrán Torres García,Incomplete,18.200275,105.9,60.6,110.9,43.1
3857255,2022-12-01,Group Stage,Japan,2,85,20,Spain,6765,Rodrigo Hernández Cascante,5721,Daniel Carvajal Ramos,Complete,11.703846,84.6,80.0,84.3,68.3
3857255,2022-12-01,Group Stage,Japan,2,85,21,Spain,5721,Daniel Carvajal Ramos,6765,Rodrigo Hernández Cascante,Complete,6.5,84.3,68.3,80.4,73.5
3857255,2022-12-01,Group Stage,Japan,2,85,22,Spain,6765,Rodrigo Hernández Cascante,30486,Pedro González López,Complete,40.74911,80.4,73.5,78.4,32.8
3857255,2022-12-01,Group Stage,Japan,2,85,25,Spain,30486,Pedro González López,6892,Pau Francisco Torres,Complete,15.706368,77.7,33.1,63.9,40.6
3857255,2022-12-01,Group Stage,Japan,2,85,28,Spain,6892,Pau Francisco Torres,6765,Rodrigo Hernández Cascante,Complete,13.92013,66.4,40.6,74.8,51.7
3857255,2022-12-01,Group Stage,Japan,2,85,31,Spain,6765,Rodrigo Hernández Cascante,30486,Pedro González López,Complete,21.315018,77.5,50.7,76.7,29.4
3857255,2022-12-01,Group Stage,Japan,2,85,34,Spain,30486,Pedro González López,5211,Jordi Alba Ramos,Complete,23.124447,77.1,25.2,87.8,4.7
3857255,2022-12-01,Group Stage,Japan,2,85,37,Spain,5211,Jordi Alba Ramos,30486,Pedro González López,Complete,17.980545,87.4,9.1,76.5,23.4
3857255,2022-12-01,Group Stage,Japan,2,85,39,Spain,30486,Pedro González López,6765,Rodrigo Hernández Cascante,Complete,21.07368,78.0,26.0,80.7,46.9
3857255,2022-12-01,Group Stage,Japan,2,85,42,Spain,6765,Rodrigo Hernández Cascante,5719,Marco Asensio Willemsen,Complete,24.018744,81.9,50.4,93.0,71.7
3857255,2022-12-01,Group Stage,Japan,2,85,45,Spain,5719,Marco Asensio Willemsen,6765,Rodrigo Hernández Cascante,Complete,21.110188,91.8,70.6,77.8,54.8
3857255,2022-12-01,Group Stage,Japan,2,85,49,Spain,6765,Rodrigo Hernández Cascante,5719,Marco Asensio Willemsen,Complete,18.531055,79.9,55.3,92.7,68.7
3857255,2022-12-01,Group Stage,Japan,2,85,54,Spain,5719,Marco Asensio Willemsen,16532,Daniel Olmo Carvajal,Incomplete,2.3,93.1,69.8,95.4,69.8
3857255,2022-12-01,Group Stage,Japan,2,86,37,Spain,5721,Daniel Carvajal Ramos,5719,Marco Asensio Willemsen,Complete,14.727526,95.4,80.0,94.5,65.3
3857255,2022-12-01,Group Stage,Japan,2,86,38,Spain,5719,Marco Asensio Willemsen,5721,Daniel Carvajal Ramos,Complete,10.184301,94.1,66.2,97.5,75.8
3857255,2022-12-01,Group Stage,Japan,2,86,39,Spain,5721,Daniel Carvajal Ramos,16532,Daniel Olmo Carvajal,Complete,16.896152,98.5,75.0,96.7,58.2
3857255,2022-12-01,Group Stage,Japan,2,86,41,Spain,16532,Daniel Olmo Carvajal,6748,Ferrán Torres García,Incomplete,4.167733,96.6,59.1,98.7,55.5
3857255,2022-12-01,Group Stage,Japan,2,86,47,Spain,6765,Rodrigo Hernández Cascante,30486,Pedro González López,Complete,20.800962,74.2,44.4,74.4,23.6
3857255,2022-12-01,Group Stage,Japan,2,86,49,Spain,30486,Pedro González López,6765,Rodrigo Hernández Cascante,Complete,23.301931,74.4,23.6,74.1,46.9
3857255,2022-12-01,Group Stage,Japan,2,86,53,Spain,6765,Rodrigo Hernández Cascante,6892,Pau Francisco Torres,Complete,21.284971,77.1,53.2,75.2,32.0
3857255,2022-12-01,Group Stage,Japan,2,86,56,Spain,6892,Pau Francisco Torres,30486,Pedro González López,Complete,13.225733,75.2,32.0,79.8,19.6
3857255,2022-12-01,Group Stage,Japan,2,86,57,Spain,30486,Pedro González López,5211,Jordi Alba Ramos,Complete,17.53083,79.8,19.6,87.6,3.9
3857255,2022-12-01,Group Stage,Japan,2,87,0,Spain,5211,Jordi Alba Ramos,30486,Pedro González López,Complete,13.652839,87.6,3.9,80.4,15.5
3857255,2022-12-01,Group Stage,Japan,2,87,3,Spain,30486,Pedro González López,6765,Rodrigo Hernández Cascante,Complete,14.897315,85.1,25.4,83.4,40.2
3857255,2022-12-01,Group Stage,Japan,2,87,6,Spain,6765,Rodrigo Hernández Cascante,5719,Marco Asensio Willemsen,Complete,27.526352,85.7,46.5,99.0,70.6
3857255,2022-12-01,Group Stage,Japan,2,87,11,Spain,5719,Marco Asensio Willemsen,5203,Sergio Busquets i Burgos,Incomplete,14.866069,90.1,66.0,98.3,53.6
3857255,2022-12-01,Group Stage,Japan,2,87,19,Spain,6765,Rodrigo Hernández Cascante,11748,Unai Simón Mendibil,Complete,23.005434,34.2,68.7,18.7,51.7
3857255,2022-12-01,Group Stage,Japan,2,87,21,Spain,11748,Unai Simón Mendibil,6892,Pau Francisco Torres,Complete,21.751322,18.7,51.7,30.3,33.3
3857255,2022-12-01,Group Stage,Japan,2,87,25,Spain,6892,Pau Francisco Torres,30486,Pedro González López,Complete,21.727633,32.4,30.9,48.4,16.2
3857255,2022-12-01,Group Stage,Japan,2,87,28,Spain,30486,Pedro González López,5211,Jordi Alba Ramos,Complete,20.402206,57.0,14.8,73.5,2.8
3857255,2022-12-01,Group Stage,Japan,2,87,30,Spain,5211,Jordi Alba Ramos,30486,Pedro González López,Complete,8.683893,73.5,2.8,68.5,9.9
3857255,2022-12-01,Group Stage,Japan,2,87,31,Spain,30486,Pedro González López,6892,Pau Francisco Torres,Complete,22.877937,68.1,9.2,56.3,28.8
3857255,2022-12-01,Group Stage,Japan,2,87,34,Spain,6892,Pau Francisco Torres,6765,Rodrigo Hernández Cascante,Complete,17.755281,57.8,33.8,64.1,50.4
3857255,2022-12-01,Group Stage,Japan,2,87,37,Spain,6765,Rodrigo Hernández Cascante,5719,Marco Asensio Willemsen,Complete,23.760681,69.6,52.7,84.0,71.6
3857255,2022-12-01,Group Stage,Japan,2,87,40,Spain,5719,Marco Asensio Willemsen,6748,Ferrán Torres García,Complete,33.991177,84.0,71.6,99.6,41.4
3857255,2022-12-01,Group Stage,Japan,2,87,42,Spain,6748,Ferrán Torres García,,,Incomplete,1.8439089,99.6,41.4,101.4,41.0
3857255,2022-12-01,Group Stage,Japan,2,87,54,Spain,6892,Pau Francisco Torres,6765,Rodrigo Hernández Cascante,Complete,26.072592,56.1,18.3,62.4,43.6
3857255,2022-12-01,Group Stage,Japan,2,87,58,Spain,6765,Rodrigo Hernández Cascante,5721,Daniel Carvajal Ramos,Complete,18.036907,65.4,46.9,74.1,62.7
3857255,2022-12-01,Group Stage,Japan,2,88,0,Spain,5721,Daniel Carvajal Ramos,5719,Marco Asensio Willemsen,Complete,11.963277,74.6,64.3,82.0,73.7
3857255,2022-12-01,Group Stage,Japan,2,88,3,Spain,5719,Marco Asensio Willemsen,5721,Daniel Carvajal Ramos,Complete,9.617692,84.1,73.7,75.4,69.6
3857255,2022-12-01,Group Stage,Japan,2,88,5,Spain,5721,Daniel Carvajal Ramos,6892,Pau Francisco Torres,Complete,33.967632,75.4,69.6,65.2,37.2
3857255,2022-12-01,Group Stage,Japan,2,88,9,Spain,6892,Pau Francisco Torres,6765,Rodrigo Hernández Cascante,Complete,23.631546,65.8,29.1,69.1,52.5
3857255,2022-12-01,Group Stage,Japan,2,88,13,Spain,6765,Rodrigo Hernández Cascante,6892,Pau Francisco Torres,Complete,24.259638,75.2,53.0,73.5,28.8
3857255,2022-12-01,Group Stage,Japan,2,88,16,Spain,6892,Pau Francisco Torres,30486,Pedro González López,Complete,9.749359,73.5,28.8,75.2,19.2
3857255,2022-12-01,Group Stage,Japan,2,88,18,Spain,30486,Pedro González López,6765,Rodrigo Hernández Cascante,Complete,25.36395,76.5,23.9,78.3,49.2
3857255,2022-12-01,Group Stage,Japan,2,88,21,Spain,6765,Rodrigo Hernández Cascante,5719,Marco Asensio Willemsen,Complete,27.330935,79.6,51.3,97.9,71.6
3857255,2022-12-01,Group Stage,Japan,2,88,25,Spain,5719,Marco Asensio Willemsen,,,Incomplete,16.410362,107.9,70.4,109.8,54.1
3857255,2022-12-01,Group Stage,Japan,2,88,34,Spain,6892,Pau Francisco Torres,30486,Pedro González López,Complete,10.500476,74.2,30.1,77.7,20.2
3857255,2022-12-01,Group Stage,Japan,2,88,35,Spain,30486,Pedro González López,5211,Jordi Alba Ramos,Complete,16.658031,77.7,20.2,85.9,5.7
3857255,2022-12-01,Group Stage,Japan,2,88,38,Spain,5211,Jordi Alba Ramos,,,Incomplete,20.181427,87.0,5.7,99.3,21.7
3857255,2022-12-01,Group Stage,Japan,2,88,42,Spain,30486,Pedro González López,6765,Rodrigo Hernández Cascante,Complete,27.86862,68.5,20.2,75.0,47.3
3857255,2022-12-01,Group Stage,Japan,2,88,45,Spain,6765,Rodrigo Hernández Cascante,5719,Marco Asensio Willemsen,Complete,26.596617,76.5,51.3,94.8,70.6
3857255,2022-12-01,Group Stage,Japan,2,88,59,Spain,5211,Jordi Alba Ramos,30486,Pedro González López,Complete,15.200329,98.8,2.9,86.7,12.1
3857255,2022-12-01,Group Stage,Japan,2,89,1,Spain,30486,Pedro González López,6765,Rodrigo Hernández Cascante,Complete,32.555798,86.7,13.7,81.9,45.9
3857255,2022-12-01,Group Stage,Japan,2,89,5,Spain,6765,Rodrigo Hernández Cascante,16532,Daniel Olmo Carvajal,Complete,8.95377,89.1,49.4,97.5,52.5
3857255,2022-12-01,Group Stage,Japan,2,89,6,Spain,16532,Daniel Olmo Carvajal,6748,Ferrán Torres García,Complete,12.244999,97.5,53.0,103.8,42.5
3857255,2022-12-01,Group Stage,Japan,2,89,7,Spain,6748,Ferrán Torres García,16532,Daniel Olmo Carvajal,Complete,11.920151,103.8,42.5,111.0,52.0
3857255,2022-12-01,Group Stage,Japan,2,90,0,Spain,30756,Anssumane Fati,5211,Jordi Alba Ramos,Complete,9.027182,14.1,9.9,5.1,9.2
3857255,2022-12-01,Group Stage,Japan,2,90,2,Spain,5211,Jordi Alba Ramos,11748,Unai Simón Mendibil,Complete,28.385384,5.4,8.7,3.2,37.0
3857255,2022-12-01,Group Stage,Japan,2,90,5,Spain,11748,Unai Simón Mendibil,5211,Jordi Alba Ramos,Complete,32.30975,3.3,34.1,16.7,4.7
3857255,2022-12-01,Group Stage,Japan,2,90,8,Spain,5211,Jordi Alba Ramos,30486,Pedro González López,Incomplete,3.0016663,17.9,4.9,20.9,5.0
3857255,2022-12-01,Group Stage,Japan,2,90,15,Spain,5211,Jordi Alba Ramos,6892,Pau Francisco Torres,Complete,23.37349,24.6,0.1,15.2,21.5
3857255,2022-12-01,Group Stage,Japan,2,90,19,Spain,6892,Pau Francisco Torres,6765,Rodrigo Hernández Cascante,Complete,22.410042,20.1,24.7,32.6,43.3
3857255,2022-12-01,Group Stage,Japan,2,90,28,Spain,6765,Rodrigo Hernández Cascante,5721,Daniel Carvajal Ramos,Complete,22.505554,63.1,53.4,76.2,71.7
3857255,2022-12-01,Group Stage,Japan,2,90,31,Spain,5721,Daniel Carvajal Ramos,6748,Ferrán Torres García,Incomplete,6.726812,79.8,70.8,84.3,65.8
3857255,2022-12-01,Group Stage,Japan,2,90,39,Spain,5721,Daniel Carvajal Ramos,6765,Rodrigo Hernández Cascante,Complete,25.467234,94.3,80.0,72.0,67.7
3857255,2022-12-01,Group Stage,Japan,2,90,42,Spain,6765,Rodrigo Hernández Cascante,6892,Pau Francisco Torres,Complete,27.10166,73.8,64.3,73.5,37.2
3857255,2022-12-01,Group Stage,Japan,2,90,45,Spain,6892,Pau Francisco Torres,30486,Pedro González López,Complete,16.685923,77.1,29.9,92.2,22.8
3857255,2022-12-01,Group Stage,Japan,2,90,47,Spain,30486,Pedro González López,6892,Pau Francisco Torres,Complete,15.088075,88.9,21.5,74.2,24.9
3857255,2022-12-01,Group Stage,Japan,2,90,51,Spain,6892,Pau Francisco Torres,6765,Rodrigo Hernández Cascante,Complete,18.469435,75.9,26.0,81.5,43.6
3857255,2022-12-01,Group Stage,Japan,2,90,54,Spain,6765,Rodrigo Hernández Cascante,5719,Marco Asensio Willemsen,Complete,31.136475,85.1,46.4,98.3,74.6
3857255,2022-12-01,Group Stage,Japan,2,90,59,Spain,5719,Marco Asensio Willemsen,6892,Pau Francisco Torres,Complete,29.30017,87.6,64.1,81.7,35.4
3857255,2022-12-01,Group Stage,Japan,2,91,3,Spain,6892,Pau Francisco Torres,30756,Anssumane Fati,Complete,28.712366,85.3,30.1,97.9,4.3
3857255,2022-12-01,Group Stage,Japan,2,91,8,Spain,30756,Anssumane Fati,30486,Pedro González López,Complete,11.673046,97.2,9.7,107.7,14.8
3857255,2022-12-01,Group Stage,Japan,2,91,10,Spain,30486,Pedro González López,30756,Anssumane Fati,Incomplete,14.200352,108.4,14.2,117.0,25.5
3857255,2022-12-01,Group Stage,Japan,2,91,34,Spain,6892,Pau Francisco Torres,30756,Anssumane Fati,Incomplete,20.824024,37.4,10.2,57.4,16.0
3857255,2022-12-01,Group Stage,Japan,2,91,38,Spain,5203,Sergio Busquets i Burgos,5211,Jordi Alba Ramos,Complete,9.976472,45.3,17.9,40.6,9.1
3857255,2022-12-01,Group Stage,Japan,2,91,39,Spain,5211,Jordi Alba Ramos,6892,Pau Francisco Torres,Complete,11.18034,40.6,9.1,33.0,17.3
3857255,2022-12-01,Group Stage,Japan,2,91,44,Spain,6892,Pau Francisco Torres,5721,Daniel Carvajal Ramos,Complete,38.429417,32.4,24.6,50.5,58.5
3857255,2022-12-01,Group Stage,Japan,2,91,48,Spain,5721,Daniel Carvajal Ramos,5719,Marco Asensio Willemsen,Out,27.018513,61.0,63.0,82.0,80.0
3857255,2022-12-01,Group Stage,Japan,2,92,23,Spain,5721,Daniel Carvajal Ramos,6892,Pau Francisco Torres,Complete,31.805817,41.8,80.0,37.4,48.5
3857255,2022-12-01,Group Stage,Japan,2,92,31,Spain,6892,Pau Francisco Torres,5203,Sergio Busquets i Burgos,Complete,18.396738,52.1,21.3,55.9,39.3
3857255,2022-12-01,Group Stage,Japan,2,92,34,Spain,5203,Sergio Busquets i Burgos,5721,Daniel Carvajal Ramos,Complete,28.796007,57.3,42.0,73.8,65.6
3857255,2022-12-01,Group Stage,Japan,2,92,37,Spain,5721,Daniel Carvajal Ramos,5719,Marco Asensio Willemsen,Complete,12.621015,78.0,66.7,88.0,74.4
3857255,2022-12-01,Group Stage,Japan,2,92,38,Spain,5719,Marco Asensio Willemsen,5721,Daniel Carvajal Ramos,Complete,11.69145,88.0,74.4,76.7,71.4
3857255,2022-12-01,Group Stage,Japan,2,92,40,Spain,5721,Daniel Carvajal Ramos,6765,Rodrigo Hernández Cascante,Complete,20.147953,76.2,70.6,68.7,51.9
3857255,2022-12-01,Group Stage,Japan,2,92,42,Spain,6765,Rodrigo Hernández Cascante,30486,Pedro González López,Complete,28.477535,72.5,52.0,74.6,23.6
3857255,2022-12-01,Group Stage,Japan,2,92,46,Spain,30486,Pedro González López,5211,Jordi Alba Ramos,Complete,21.870985,75.2,22.1,84.7,2.4
3857255,2022-12-01,Group Stage,Japan,2,92,49,Spain,5211,Jordi Alba Ramos,30486,Pedro González López,Complete,15.55667,82.6,2.4,72.7,14.4
3857255,2022-12-01,Group Stage,Japan,2,92,51,Spain,30486,Pedro González López,6765,Rodrigo Hernández Cascante,Complete,33.42933,71.7,19.4,73.1,52.8
3857255,2022-12-01,Group Stage,Japan,2,92,54,Spain,6765,Rodrigo Hernández Cascante,5721,Daniel Carvajal Ramos,Complete,17.828068,74.8,53.4,87.8,65.6
3857255,2022-12-01,Group Stage,Japan,2,92,58,Spain,5721,Daniel Carvajal Ramos,5719,Marco Asensio Willemsen,Complete,8.7931795,92.0,66.2,94.6,74.6
3857255,2022-12-01,Group Stage,Japan,2,93,1,Spain,5719,Marco Asensio Willemsen,6892,Pau Francisco Torres,Complete,36.92438,91.6,70.6,81.1,35.2
3857255,2022-12-01,Group Stage,Japan,2,93,5,Spain,6892,Pau Francisco Torres,6748,Ferrán Torres García,Incomplete,14.327945,85.3,35.4,98.8,40.2
3857255,2022-12-01,Group Stage,Japan,2,93,6,Spain,5203,Sergio Busquets i Burgos,,,Incomplete,13.104579,92.5,34.9,86.8,23.1
3857255,2022-12-01,Group Stage,Japan,2,93,32,Spain,5211,Jordi Alba Ramos,6765,Rodrigo Hernández Cascante,Complete,33.600594,73.5,0.1,63.9,32.3
3857255,2022-12-01,Group Stage,Japan,2,93,34,Spain,6765,Rodrigo Hernández Cascante,5719,Marco Asensio Willemsen,Complete,35.84034,66.0,39.4,85.3,69.6
3857255,2022-12-01,Group Stage,Japan,2,93,36,Spain,5719,Marco Asensio Willemsen,16532,Daniel Olmo Carvajal,Incomplete,17.11432,85.1,68.7,94.8,54.6
3857255,2022-12-01,Group Stage,Japan,2,93,43,Spain,6765,Rodrigo Hernández Cascante,11748,Unai Simón Mendibil,Complete,18.33303,21.3,59.9,11.2,44.6
3857255,2022-12-01,Group Stage,Japan,2,93,46,Spain,11748,Unai Simón Mendibil,6892,Pau Francisco Torres,Complete,26.023067,14.5,43.3,32.7,24.7
3857255,2022-12-01,Group Stage,Japan,2,93,51,Spain,6892,Pau Francisco Torres,30486,Pedro González López,Complete,9.848858,47.1,17.9,51.1,8.9
3857255,2022-12-01,Group Stage,Japan,2,93,55,Spain,30486,Pedro González López,6765,Rodrigo Hernández Cascante,Complete,34.929214,62.8,18.6,55.7,52.8
3857255,2022-12-01,Group Stage,Japan,2,93,58,Spain,6765,Rodrigo Hernández Cascante,5721,Daniel Carvajal Ramos,Complete,20.690336,55.7,52.8,72.9,64.3
3857255,2022-12-01,Group Stage,Japan,2,94,1,Spain,5721,Daniel Carvajal Ramos,6748,Ferrán Torres García,Complete,27.911287,73.5,64.5,98.7,52.5
3857255,2022-12-01,Group Stage,Japan,2,94,5,Spain,6748,Ferrán Torres García,5211,Jordi Alba Ramos,Complete,57.432133,117.0,59.1,109.2,2.2
3857255,2022-12-01,Group Stage,Japan,2,94,11,Spain,5211,Jordi Alba Ramos,30486,Pedro González López,Complete,18.980516,109.2,2.2,94.1,13.7
3857255,2022-12-01,Group Stage,Japan,2,94,14,Spain,30486,Pedro González López,5719,Marco Asensio Willemsen,Incomplete,22.565681,92.5,19.6,108.0,36.0
3857255,2022-12-01,Group Stage,Japan,2,94,27,Spain,6892,Pau Francisco Torres,11748,Unai Simón Mendibil,Complete,13.483323,34.5,0.1,29.7,12.7
3857255,2022-12-01,Group Stage,Japan,2,94,33,Spain,11748,Unai Simón Mendibil,6892,Pau Francisco Torres,Complete,8.612201,31.6,15.8,40.0,13.9
3857255,2022-12-01,Group Stage,Japan,2,94,37,Spain,6892,Pau Francisco Torres,6765,Rodrigo Hernández Cascante,Complete,17.40115,60.7,21.1,60.5,38.5
3857255,2022-12-01,Group Stage,Japan,2,94,40,Spain,6765,Rodrigo Hernández Cascante,5721,Daniel Carvajal Ramos,Complete,23.22434,62.4,40.7,73.5,61.1
3857255,2022-12-01,Group Stage,Japan,2,94,42,Spain,5721,Daniel Carvajal Ramos,5719,Marco Asensio Willemsen,Complete,14.000357,74.2,61.1,80.7,73.5
3857255,2022-12-01,Group Stage,Japan,2,94,44,Spain,5719,Marco Asensio Willemsen,5721,Daniel Carvajal Ramos,Complete,12.106609,81.3,72.7,69.2,72.3
3857255,2022-12-01,Group Stage,Japan,2,94,46,Spain,5721,Daniel Carvajal Ramos,6765,Rodrigo Hernández Cascante,Complete,24.418026,67.5,70.8,56.5,49.0
3857255,2022-12-01,Group Stage,Japan,2,94,49,Spain,6765,Rodrigo Hernández Cascante,6892,Pau Francisco Torres,Complete,20.151674,58.9,45.6,69.4,28.4
3857255,2022-12-01,Group Stage,Japan,2,94,52,Spain,6892,Pau Francisco Torres,5211,Jordi Alba Ramos,Complete,25.101593,72.1,25.7,82.6,2.9
3857255,2022-12-01,Group Stage,Japan,2,94,56,Spain,5211,Jordi Alba Ramos,30486,Pedro González López,Complete,14.641379,83.2,3.6,73.1,14.2
3857255,2022-12-01,Group Stage,Japan,2,94,58,Spain,30486,Pedro González López,6765,Rodrigo Hernández Cascante,Complete,26.639069,73.1,14.2,67.3,40.2
3857255,2022-12-01,Group Stage,Japan,2,95,0,Spain,6765,Rodrigo Hernández Cascante,5721,Daniel Carvajal Ramos,Complete,19.054132,70.4,43.1,80.9,59.0
3857255,2022-12-01,Group Stage,Japan,2,95,3,Spain,5721,Daniel Carvajal Ramos,5719,Marco Asensio Willemsen,Complete,20.72004,85.7,59.9,98.1,76.5
3857255,2022-12-01,Group Stage,Japan,2,95,6,Spain,5719,Marco Asensio Willemsen,,,Incomplete,19.954197,100.8,72.9,107.2,54.0
3857255,2022-12-01,Group Stage,Japan,2,95,11,Spain,6765,Rodrigo Hernández Cascante,30486,Pedro González López,Complete,34.97785,76.3,58.5,80.7,23.8
3857255,2022-12-01,Group Stage,Japan,2,95,15,Spain,30486,Pedro González López,5211,Jordi Alba Ramos,Complete,25.452702,79.4,25.9,92.2,3.9
3857255,2022-12-01,Group Stage,Japan,2,95,16,Spain,5211,Jordi Alba Ramos,30756,Anssumane Fati,Complete,7.212489,92.2,3.9,94.3,10.8
3857255,2022-12-01,Group Stage,Japan,2,95,19,Spain,30756,Anssumane Fati,30486,Pedro González López,Complete,13.194695,97.4,7.0,85.7,13.1
3857255,2022-12-01,Group Stage,Japan,2,95,20,Spain,30486,Pedro González López,5211,Jordi Alba Ramos,Complete,14.933519,86.2,12.7,97.2,2.6
3857255,2022-12-01,Group Stage,Japan,2,95,22,Spain,5211,Jordi Alba Ramos,30486,Pedro González López,Complete,16.648123,97.2,2.6,82.6,10.6
3857255,2022-12-01,Group Stage,Japan,2,95,24,Spain,30486,Pedro González López,6765,Rodrigo Hernández Cascante,Complete,27.306593,82.5,12.0,81.9,39.3
3857255,2022-12-01,Group Stage,Japan,2,95,26,Spain,6765,Rodrigo Hernández Cascante,16532,Daniel Olmo Carvajal,Complete,11.73925,84.7,42.0,88.8,53.0
3857255,2022-12-01,Group Stage,Japan,2,96,9,Spain,5211,Jordi Alba Ramos,6765,Rodrigo Hernández Cascante,Complete,20.649698,30.9,26.0,37.4,45.6
3857255,2022-12-01,Group Stage,Japan,2,96,12,Spain,6765,Rodrigo Hernández Cascante,6748,Ferrán Torres García,Incomplete,57.786243,45.6,48.3,96.9,21.7
3857255,2022-12-01,Group Stage,Japan,2,96,37,Spain,5211,Jordi Alba Ramos,30486,Pedro González López,Complete,7.430343,47.5,0.1,51.1,6.6
3857255,2022-12-01,Group Stage,Japan,2,96,38,Spain,30486,Pedro González López,6892,Pau Francisco Torres,Complete,41.224384,51.1,6.6,10.3,12.5
3857255,2022-12-01,Group Stage,Japan,2,96,43,Spain,6892,Pau Francisco Torres,11748,Unai Simón Mendibil,Complete,21.204245,9.3,12.5,11.4,33.6
3857255,2022-12-01,Group Stage,Japan,2,96,46,Spain,11748,Unai Simón Mendibil,6765,Rodrigo Hernández Cascante,Complete,24.87127,18.5,39.9,41.8,48.6
3857255,2022-12-01,Group Stage,Japan,2,96,50,Spain,6765,Rodrigo Hernández Cascante,30486,Pedro González López,Complete,25.293674,48.2,51.7,57.3,28.1
3857255,2022-12-01,Group Stage,Japan,2,96,53,Spain,30486,Pedro González López,5211,Jordi Alba Ramos,Complete,32.74095,62.8,25.5,86.2,2.6
3857255,2022-12-01,Group Stage,Japan,2,96,55,Spain,5211,Jordi Alba Ramos,,,Incomplete,15.700318,92.5,3.6,99.8,17.5
3869220,2022-12-06,Round of 16,Morocco,1,0,0,Spain,133353,Pablo Martín Páez Gavira,4353,Aymeric Laporte,Complete,25.138218,60.0,40.0,37.3,29.2
3869220,2022-12-06,Round of 16,Morocco,1,0,5,Spain,4353,Aymeric Laporte,6765,Rodrigo Hernández Cascante,Complete,24.792337,41.6,33.3,49.5,56.8
3869220,2022-12-06,Round of 16,Morocco,1,0,9,Spain,6765,Rodrigo Hernández Cascante,16532,Daniel Olmo Carvajal,Complete,54.68062,61.4,54.1,94.0,10.2
3869220,2022-12-06,Round of 16,Morocco,1,0,14,Spain,16532,Daniel Olmo Carvajal,5211,Jordi Alba Ramos,Complete,11.456003,89.3,9.8,78.3,6.6
3869220,2022-12-06,Round of 16,Morocco,1,0,39,Spain,30486,Pedro González López,4353,Aymeric Laporte,Complete,19.455847,75.6,4.6,62.3,18.8
3869220,2022-12-06,Round of 16,Morocco,1,0,44,Spain,4353,Aymeric Laporte,6765,Rodrigo Hernández Cascante,Complete,17.682194,65.9,23.5,61.4,40.6
3869220,2022-12-06,Round of 16,Morocco,1,0,48,Spain,6765,Rodrigo Hernández Cascante,4353,Aymeric Laporte,Complete,15.915401,61.4,40.6,62.1,24.7
3869220,2022-12-06,Round of 16,Morocco,1,0,51,Spain,4353,Aymeric Laporte,6765,Rodrigo Hernández Cascante,Complete,20.208166,58.9,23.9,51.0,42.5
3869220,2022-12-06,Round of 16,Morocco,1,0,53,Spain,6765,Rodrigo Hernández Cascante,6840,Marcos Llorente Moreno,Complete,22.046541,51.0,42.5,56.3,63.9
3869220,2022-12-06,Round of 16,Morocco,1,0,57,Spain,6840,Marcos Llorente Moreno,4353,Aymeric Laporte,Complete,33.628708,57.8,61.1,44.3,30.3
3869220,2022-12-06,Round of 16,Morocco,1,1,1,Spain,4353,Aymeric Laporte,5211,Jordi Alba Ramos,Complete,18.96154,49.0,24.3,56.3,6.8
3869220,2022-12-06,Round of 16,Morocco,1,1,3,Spain,5211,Jordi Alba Ramos,4353,Aymeric Laporte,Complete,11.151682,56.3,6.8,50.3,16.2
3869220,2022-12-06,Round of 16,Morocco,1,1,7,Spain,4353,Aymeric Laporte,6765,Rodrigo Hernández Cascante,Complete,23.201939,54.8,21.8,50.5,44.6
3869220,2022-12-06,Round of 16,Morocco,1,1,9,Spain,6765,Rodrigo Hernández Cascante,6840,Marcos Llorente Moreno,Complete,21.683174,50.5,44.6,55.9,65.6
3869220,2022-12-06,Round of 16,Morocco,1,1,11,Spain,6840,Marcos Llorente Moreno,133353,Pablo Martín Páez Gavira,Incomplete,10.1789,57.4,60.7,67.4,58.8
3869220,2022-12-06,Round of 16,Morocco,1,1,55,Spain,5211,Jordi Alba Ramos,4353,Aymeric Laporte,Complete,22.606194,79.0,0.1,57.0,5.3
3869220,2022-12-06,Round of 16,Morocco,1,1,58,Spain,4353,Aymeric Laporte,6765,Rodrigo Hernández Cascante,Complete,28.800694,56.5,11.3,56.7,40.1
3869220,2022-12-06,Round of 16,Morocco,1,2,4,Spain,6765,Rodrigo Hernández Cascante,4353,Aymeric Laporte,Complete,24.74207,64.0,47.8,57.6,23.9
3869220,2022-12-06,Round of 16,Morocco,1,2,7,Spain,4353,Aymeric Laporte,30486,Pedro González López,Complete,17.932373,64.2,19.8,69.6,2.7
3869220,2022-12-06,Round of 16,Morocco,1,2,10,Spain,30486,Pedro González López,6765,Rodrigo Hernández Cascante,Complete,34.804165,65.3,7.8,57.0,41.6
3869220,2022-12-06,Round of 16,Morocco,1,2,13,Spain,6765,Rodrigo Hernández Cascante,6840,Marcos Llorente Moreno,Complete,16.570456,57.0,44.6,62.3,60.3
3869220,2022-12-06,Round of 16,Morocco,1,2,15,Spain,6840,Marcos Llorente Moreno,6765,Rodrigo Hernández Cascante,Complete,16.546904,62.3,60.3,50.5,48.7
3869220,2022-12-06,Round of 16,Morocco,1,2,18,Spain,6765,Rodrigo Hernández Cascante,4353,Aymeric Laporte,Complete,19.413912,54.2,40.6,56.3,21.3
3869220,2022-12-06,Round of 16,Morocco,1,2,20,Spain,4353,Aymeric Laporte,30486,Pedro González López,Complete,18.317205,56.3,21.3,65.9,5.7
3869220,2022-12-06,Round of 16,Morocco,1,2,22,Spain,30486,Pedro González López,5211,Jordi Alba Ramos,Complete,10.690183,66.2,5.7,76.4,2.5
3869220,2022-12-06,Round of 16,Morocco,1,2,23,Spain,5211,Jordi Alba Ramos,30486,Pedro González López,Complete,13.748091,76.4,2.5,62.9,5.1
3869220,2022-12-06,Round of 16,Morocco,1,2,26,Spain,30486,Pedro González López,6765,Rodrigo Hernández Cascante,Complete,33.553837,62.9,5.1,57.4,38.2
3869220,2022-12-06,Round of 16,Morocco,1,2,31,Spain,6765,Rodrigo Hernández Cascante,6840,Marcos Llorente Moreno,Complete,17.523129,62.3,45.7,63.2,63.2
3869220,2022-12-06,Round of 16,Morocco,1,2,32,Spain,6840,Marcos Llorente Moreno,6748,Ferrán Torres García,Complete,21.996819,63.2,63.2,81.3,75.7
3869220,2022-12-06,Round of 16,Morocco,1,2,43,Spain,6840,Marcos Llorente Moreno,4353,Aymeric Laporte,Complete,40.19664,78.8,80.0,57.2,46.1
3869220,2022-12-06,Round of 16,Morocco,1,2,50,Spain,4353,Aymeric Laporte,6765,Rodrigo Hernández Cascante,Complete,19.701015,62.3,26.9,62.5,46.6
3869220,2022-12-06,Round of 16,Morocco,1,2,53,Spain,6765,Rodrigo Hernández Cascante,4353,Aymeric Laporte,Complete,14.17392,62.5,46.6,57.6,33.3
3869220,2022-12-06,Round of 16,Morocco,1,2,55,Spain,4353,Aymeric Laporte,5211,Jordi Alba Ramos,Complete,21.208488,62.3,28.8,62.9,7.6
3869220,2022-12-06,Round of 16,Morocco,1,2,57,Spain,5211,Jordi Alba Ramos,16532,Daniel Olmo Carvajal,Complete,18.057962,62.9,7.6,80.1,2.1
3869220,2022-12-06,Round of 16,Morocco,1,3,2,Spain,16532,Daniel Olmo Carvajal,5211,Jordi Alba Ramos,Complete,10.317461,80.5,2.3,70.2,2.9
3869220,2022-12-06,Round of 16,Morocco,1,3,4,Spain,5211,Jordi Alba Ramos,6765,Rodrigo Hernández Cascante,Complete,35.782955,70.2,2.9,62.3,37.8
3869220,2022-12-06,Round of 16,Morocco,1,3,7,Spain,6765,Rodrigo Hernández Cascante,6840,Marcos Llorente Moreno,Complete,21.545532,65.7,38.6,63.2,60.0
3869220,2022-12-06,Round of 16,Morocco,1,3,10,Spain,6840,Marcos Llorente Moreno,6748,Ferrán Torres García,Complete,24.052027,63.2,60.0,80.7,76.5
3869220,2022-12-06,Round of 16,Morocco,1,3,12,Spain,6748,Ferrán Torres García,6840,Marcos Llorente Moreno,Complete,19.246298,80.7,76.3,66.6,63.2
3869220,2022-12-06,Round of 16,Morocco,1,3,15,Spain,6840,Marcos Llorente Moreno,4353,Aymeric Laporte,Complete,30.681917,66.6,63.2,58.9,33.5
3869220,2022-12-06,Round of 16,Morocco,1,3,19,Spain,4353,Aymeric Laporte,30486,Pedro González López,Complete,22.020445,63.6,28.2,74.9,9.3
3869220,2022-12-06,Round of 16,Morocco,1,3,24,Spain,30486,Pedro González López,133353,Pablo Martín Páez Gavira,Complete,31.769482,77.5,14.5,98.2,38.6
3869220,2022-12-06,Round of 16,Morocco,1,3,32,Spain,5203,Sergio Busquets i Burgos,5719,Marco Asensio Willemsen,Complete,5.263079,91.6,27.5,96.7,28.8
3869220,2022-12-06,Round of 16,Morocco,1,3,49,Spain,5211,Jordi Alba Ramos,5203,Sergio Busquets i Burgos,Complete,20.131567,82.8,0.1,69.6,15.3
3869220,2022-12-06,Round of 16,Morocco,1,3,51,Spain,5203,Sergio Busquets i Burgos,6765,Rodrigo Hernández Cascante,Complete,22.565681,70.9,19.0,62.9,40.1
3869220,2022-12-06,Round of 16,Morocco,1,3,55,Spain,6765,Rodrigo Hernández Cascante,6840,Marcos Llorente Moreno,Complete,16.560495,71.9,41.9,69.6,58.3
3869220,2022-12-06,Round of 16,Morocco,1,3,58,Spain,6840,Marcos Llorente Moreno,6765,Rodrigo Hernández Cascante,Complete,17.11286,69.6,58.3,60.2,44.0
3869220,2022-12-06,Round of 16,Morocco,1,4,2,Spain,6765,Rodrigo Hernández Cascante,4353,Aymeric Laporte,Complete,20.66422,64.9,42.3,62.3,21.8
3869220,2022-12-06,Round of 16,Morocco,1,4,5,Spain,4353,Aymeric Laporte,5211,Jordi Alba Ramos,Complete,13.473678,62.3,21.8,66.8,9.1
3869220,2022-12-06,Round of 16,Morocco,1,4,9,Spain,5211,Jordi Alba Ramos,6765,Rodrigo Hernández Cascante,Complete,28.313425,67.9,12.6,59.7,39.7
3869220,2022-12-06,Round of 16,Morocco,1,4,13,Spain,6765,Rodrigo Hernández Cascante,6840,Marcos Llorente Moreno,Complete,12.2,68.7,49.1,68.7,61.3
3869220,2022-12-06,Round of 16,Morocco,1,4,17,Spain,6840,Marcos Llorente Moreno,30486,Pedro González López,Complete,42.401062,70.4,60.7,60.8,19.4
3869220,2022-12-06,Round of 16,Morocco,1,4,21,Spain,30486,Pedro González López,5211,Jordi Alba Ramos,Complete,24.557688,62.1,19.6,80.9,3.8
3869220,2022-12-06,Round of 16,Morocco,1,4,24,Spain,5211,Jordi Alba Ramos,30486,Pedro González López,Complete,17.54138,80.9,3.8,64.0,8.5
3869220,2022-12-06,Round of 16,Morocco,1,4,28,Spain,30486,Pedro González López,5211,Jordi Alba Ramos,Complete,18.249657,64.0,19.0,74.1,3.8
3869220,2022-12-06,Round of 16,Morocco,1,4,29,Spain,5211,Jordi Alba Ramos,16532,Daniel Olmo Carvajal,Complete,17.318487,74.1,3.8,82.4,19.0
3869220,2022-12-06,Round of 16,Morocco,1,4,53,Spain,11748,Unai Simón Mendibil,6765,Rodrigo Hernández Cascante,Complete,18.866373,6.0,36.0,9.7,54.5
3869220,2022-12-06,Round of 16,Morocco,1,5,4,Spain,6765,Rodrigo Hernández Cascante,4353,Aymeric Laporte,Complete,29.100687,44.1,50.0,44.3,20.9
3869220,2022-12-06,Round of 16,Morocco,1,5,6,Spain,4353,Aymeric Laporte,16532,Daniel Olmo Carvajal,Complete,25.019993,49.3,18.1,68.7,2.3
3869220,2022-12-06,Round of 16,Morocco,1,5,10,Spain,16532,Daniel Olmo Carvajal,5211,Jordi Alba Ramos,Complete,12.662543,68.7,2.3,63.4,13.8
3869220,2022-12-06,Round of 16,Morocco,1,5,13,Spain,5211,Jordi Alba Ramos,6765,Rodrigo Hernández Cascante,Complete,28.207268,63.4,13.8,56.7,41.2
3869220,2022-12-06,Round of 16,Morocco,1,5,16,Spain,6765,Rodrigo Hernández Cascante,133353,Pablo Martín Páez Gavira,Complete,15.4012985,63.2,39.9,63.4,55.3
3869220,2022-12-06,Round of 16,Morocco,1,5,18,Spain,133353,Pablo Martín Páez Gavira,6748,Ferrán Torres García,Complete,24.860008,63.4,55.3,78.3,75.2
3869220,2022-12-06,Round of 16,Morocco,1,5,21,Spain,6748,Ferrán Torres García,6840,Marcos Llorente Moreno,Complete,23.810291,87.3,74.2,111.1,73.5
3869220,2022-12-06,Round of 16,Morocco,1,6,14,Spain,5203,Sergio Busquets i Burgos,6748,Ferrán Torres García,Complete,9.786215,3.7,71.6,13.3,73.5
3869220,2022-12-06,Round of 16,Morocco,1,6,43,Spain,11748,Unai Simón Mendibil,6765,Rodrigo Hernández Cascante,Complete,15.840454,6.0,44.0,20.4,50.6
3869220,2022-12-06,Round of 16,Morocco,1,6,47,Spain,6765,Rodrigo Hernández Cascante,4353,Aymeric Laporte,Complete,33.217464,22.7,50.4,34.1,19.2
3869220,2022-12-06,Round of 16,Morocco,1,6,49,Spain,4353,Aymeric Laporte,5211,Jordi Alba Ramos,Complete,19.181501,34.1,19.2,45.8,4.0
3869220,2022-12-06,Round of 16,Morocco,1,6,54,Spain,5211,Jordi Alba Ramos,4353,Aymeric Laporte,Complete,22.088005,49.7,5.9,43.5,27.1
3869220,2022-12-06,Round of 16,Morocco,1,6,57,Spain,4353,Aymeric Laporte,6765,Rodrigo Hernández Cascante,Complete,22.612608,47.3,28.2,51.6,50.4
3869220,2022-12-06,Round of 16,Morocco,1,7,1,Spain,6765,Rodrigo Hernández Cascante,5203,Sergio Busquets i Burgos,Complete,16.240997,55.0,50.8,68.1,41.2
3869220,2022-12-06,Round of 16,Morocco,1,7,1,Spain,5203,Sergio Busquets i Burgos,6765,Rodrigo Hernández Cascante,Complete,16.055218,68.1,41.2,56.5,52.3
3869220,2022-12-06,Round of 16,Morocco,1,7,3,Spain,6765,Rodrigo Hernández Cascante,6840,Marcos Llorente Moreno,Complete,18.001112,57.2,53.4,57.0,71.4
3869220,2022-12-06,Round of 16,Morocco,1,7,7,Spain,6840,Marcos Llorente Moreno,4353,Aymeric Laporte,Complete,47.73301,57.0,71.4,45.0,25.2
3869220,2022-12-06,Round of 16,Morocco,1,7,10,Spain,4353,Aymeric Laporte,5211,Jordi Alba Ramos,Complete,21.28403,45.0,25.2,52.0,5.1
3869220,2022-12-06,Round of 16,Morocco,1,7,13,Spain,5211,Jordi Alba Ramos,30486,Pedro González López,Complete,17.67767,57.6,8.1,75.1,10.6
3869220,2022-12-06,Round of 16,Morocco,1,7,19,Spain,30486,Pedro González López,6765,Rodrigo Hernández Cascante,Complete,19.085073,74.3,26.0,62.5,41.0
3869220,2022-12-06,Round of 16,Morocco,1,7,23,Spain,6765,Rodrigo Hernández Cascante,4353,Aymeric Laporte,Complete,16.984993,68.9,44.6,63.2,28.6
3869220,2022-12-06,Round of 16,Morocco,1,7,26,Spain,4353,Aymeric Laporte,5719,Marco Asensio Willemsen,Complete,11.6068945,68.1,23.9,67.7,12.3
3869220,2022-12-06,Round of 16,Morocco,1,7,29,Spain,5719,Marco Asensio Willemsen,4353,Aymeric Laporte,Complete,15.646405,67.7,12.3,57.2,23.9
3869220,2022-12-06,Round of 16,Morocco,1,7,31,Spain,4353,Aymeric Laporte,6765,Rodrigo Hernández Cascante,Complete,17.71807,57.2,23.9,58.0,41.6
3869220,2022-12-06,Round of 16,Morocco,1,7,33,Spain,6765,Rodrigo Hernández Cascante,133353,Pablo Martín Páez Gavira,Complete,13.649908,61.4,43.4,64.0,56.8
3869220,2022-12-06,Round of 16,Morocco,1,7,37,Spain,133353,Pablo Martín Páez Gavira,4353,Aymeric Laporte,Complete,25.079872,73.6,54.5,57.0,35.7
3869220,2022-12-06,Round of 16,Morocco,1,7,40,Spain,4353,Aymeric Laporte,30486,Pedro González López,Complete,21.08388,57.0,35.7,68.3,17.9
3869220,2022-12-06,Round of 16,Morocco,1,7,42,Spain,30486,Pedro González López,16532,Daniel Olmo Carvajal,Complete,11.869709,68.3,17.9,77.5,25.4
3869220,2022-12-06,Round of 16,Morocco,1,7,43,Spain,16532,Daniel Olmo Carvajal,4353,Aymeric Laporte,Complete,19.742847,76.9,25.8,57.2,27.1
3869220,2022-12-06,Round of 16,Morocco,1,7,45,Spain,4353,Aymeric Laporte,6765,Rodrigo Hernández Cascante,Complete,16.155495,57.2,29.0,63.2,44.0
3869220,2022-12-06,Round of 16,Morocco,1,7,46,Spain,6765,Rodrigo Hernández Cascante,4353,Aymeric Laporte,Complete,16.447796,63.2,44.0,61.0,27.7
3869220,2022-12-06,Round of 16,Morocco,1,7,52,Spain,4353,Aymeric Laporte,30486,Pedro González López,Complete,19.205208,67.4,26.2,70.2,7.2
3869220,2022-12-06,Round of 16,Morocco,1,7,56,Spain,30486,Pedro González López,6748,Ferrán Torres García,Complete,59.920364,70.4,20.5,99.1,73.1
3869220,2022-12-06,Round of 16,Morocco,1,8,3,Spain,6748,Ferrán Torres García,,,Incomplete,4.3965898,106.2,56.8,104.9,52.6
3869220,2022-12-06,Round of 16,Morocco,1,8,39,Spain,5211,Jordi Alba Ramos,4353,Aymeric Laporte,Complete,21.593517,74.5,0.1,53.7,5.9
3869220,2022-12-06,Round of 16,Morocco,1,8,42,Spain,4353,Aymeric Laporte,6765,Rodrigo Hernández Cascante,Complete,32.657158,53.5,6.4,50.3,38.9
3869220,2022-12-06,Round of 16,Morocco,1,8,48,Spain,6765,Rodrigo Hernández Cascante,4353,Aymeric Laporte,Complete,27.022398,64.0,46.8,57.0,20.7
3869220,2022-12-06,Round of 16,Morocco,1,8,51,Spain,4353,Aymeric Laporte,5211,Jordi Alba Ramos,Complete,16.772001,57.0,20.7,61.7,4.6
3869220,2022-12-06,Round of 16,Morocco,1,8,53,Spain,5211,Jordi Alba Ramos,4353,Aymeric Laporte,Complete,17.151093,61.7,4.6,52.7,19.2
3869220,2022-12-06,Round of 16,Morocco,1,9,1,Spain,4353,Aymeric Laporte,5211,Jordi Alba Ramos,Complete,11.506954,63.6,23.0,63.2,11.5
3869220,2022-12-06,Round of 16,Morocco,1,9,3,Spain,5211,Jordi Alba Ramos,6765,Rodrigo Hernández Cascante,Complete,25.179358,63.2,14.7,60.2,39.7
3869220,2022-12-06,Round of 16,Morocco,1,9,8,Spain,6765,Rodrigo Hernández Cascante,6840,Marcos Llorente Moreno,Complete,14.477914,63.8,49.3,65.3,63.7
3869220,2022-12-06,Round of 16,Morocco,1,9,11,Spain,6840,Marcos Llorente Moreno,4353,Aymeric Laporte,Complete,28.757086,69.6,60.0,56.5,34.4
3869220,2022-12-06,Round of 16,Morocco,1,9,14,Spain,4353,Aymeric Laporte,30486,Pedro González López,Complete,21.648094,56.5,34.4,62.5,13.6
3869220,2022-12-06,Round of 16,Morocco,1,9,20,Spain,30486,Pedro González López,6765,Rodrigo Hernández Cascante,Complete,8.072174,68.3,37.8,62.9,43.8
3869220,2022-12-06,Round of 16,Morocco,1,9,21,Spain,6765,Rodrigo Hernández Cascante,4353,Aymeric Laporte,Complete,22.002045,62.9,43.8,63.2,21.8
3869220,2022-12-06,Round of 16,Morocco,1,9,23,Spain,4353,Aymeric Laporte,5211,Jordi Alba Ramos,Complete,24.042046,63.2,21.8,80.3,4.9
3869220,2022-12-06,Round of 16,Morocco,1,9,25,Spain,5211,Jordi Alba Ramos,5719,Marco Asensio Willemsen,Complete,24.646502,80.5,4.9,92.9,26.2
3869220,2022-12-06,Round of 16,Morocco,1,9,35,Spain,6765,Rodrigo Hernández Cascante,5203,Sergio Busquets i Burgos,Complete,11.236102,49.5,53.2,53.5,42.7
3869220,2022-12-06,Round of 16,Morocco,1,9,37,Spain,5203,Sergio Busquets i Burgos,4353,Aymeric Laporte,Complete,15.259423,53.7,43.8,38.6,41.6
3869220,2022-12-06,Round of 16,Morocco,1,9,39,Spain,4353,Aymeric Laporte,5203,Sergio Busquets i Burgos,Complete,6.0033326,39.6,41.6,44.8,44.6
3869220,2022-12-06,Round of 16,Morocco,1,9,41,Spain,5203,Sergio Busquets i Burgos,5719,Marco Asensio Willemsen,Complete,14.933519,46.5,38.9,61.4,39.9
3869220,2022-12-06,Round of 16,Morocco,1,11,18,Spain,11748,Unai Simón Mendibil,5211,Jordi Alba Ramos,Complete,43.603325,6.0,36.0,42.6,12.3
3869220,2022-12-06,Round of 16,Morocco,1,11,21,Spain,5211,Jordi Alba Ramos,30486,Pedro González López,Complete,11.225863,45.6,14.9,50.5,25.0
3869220,2022-12-06,Round of 16,Morocco,1,11,24,Spain,30486,Pedro González López,6765,Rodrigo Hernández Cascante,Complete,25.271526,46.9,27.1,45.0,52.3
3869220,2022-12-06,Round of 16,Morocco,1,11,28,Spain,6765,Rodrigo Hernández Cascante,4353,Aymeric Laporte,Complete,22.397322,52.0,51.9,47.8,29.9
3869220,2022-12-06,Round of 16,Morocco,1,11,32,Spain,4353,Aymeric Laporte,30486,Pedro González López,Complete,19.645102,54.0,26.2,59.7,7.4
3869220,2022-12-06,Round of 16,Morocco,1,11,34,Spain,30486,Pedro González López,5211,Jordi Alba Ramos,Complete,53.704563,63.4,8.5,117.1,7.8
3869220,2022-12-06,Round of 16,Morocco,1,11,38,Spain,5211,Jordi Alba Ramos,,,Incomplete,28.335136,117.1,7.8,107.9,34.6
3869220,2022-12-06,Round of 16,Morocco,1,11,45,Spain,5203,Sergio Busquets i Burgos,6765,Rodrigo Hernández Cascante,Complete,13.5624485,83.3,25.6,69.8,26.9
3869220,2022-12-06,Round of 16,Morocco,1,11,48,Spain,6765,Rodrigo Hernández Cascante,4353,Aymeric Laporte,Complete,13.182564,68.7,26.7,61.0,16.0
3869220,2022-12-06,Round of 16,Morocco,1,11,50,Spain,4353,Aymeric Laporte,5211,Jordi Alba Ramos,Complete,25.026587,61.2,16.0,82.4,2.7
3869220,2022-12-06,Round of 16,Morocco,1,11,52,Spain,5211,Jordi Alba Ramos,16532,Daniel Olmo Carvajal,Incomplete,12.557467,82.8,2.5,86.5,14.5
3869220,2022-12-06,Round of 16,Morocco,1,13,9,Spain,6748,Ferrán Torres García,133353,Pablo Martín Páez Gavira,Complete,8.302409,68.3,60.9,68.5,52.6
3869220,2022-12-06,Round of 16,Morocco,1,13,33,Spain,6765,Rodrigo Hernández Cascante,,,Incomplete,36.54066,59.7,54.7,81.8,25.6
3869220,2022-12-06,Round of 16,Morocco,1,14,19,Spain,11748,Unai Simón Mendibil,6765,Rodrigo Hernández Cascante,Complete,17.828068,12.7,37.6,24.9,50.6
3869220,2022-12-06,Round of 16,Morocco,1,14,24,Spain,6765,Rodrigo Hernández Cascante,4353,Aymeric Laporte,Complete,21.61134,39.0,49.1,38.3,27.5
3869220,2022-12-06,Round of 16,Morocco,1,14,30,Spain,4353,Aymeric Laporte,6765,Rodrigo Hernández Cascante,Complete,23.705275,44.6,22.0,44.1,45.7
3869220,2022-12-06,Round of 16,Morocco,1,14,35,Spain,6765,Rodrigo Hernández Cascante,6840,Marcos Llorente Moreno,Complete,18.9,51.6,49.1,51.6,68.0
3869220,2022-12-06,Round of 16,Morocco,1,14,39,Spain,6840,Marcos Llorente Moreno,5203,Sergio Busquets i Burgos,Complete,13.020753,53.7,64.1,61.4,53.6
3869220,2022-12-06,Round of 16,Morocco,1,14,40,Spain,5203,Sergio Busquets i Burgos,6748,Ferrán Torres García,Complete,24.29856,61.4,53.6,71.5,75.7
3869220,2022-12-06,Round of 16,Morocco,1,14,51,Spain,6840,Marcos Llorente Moreno,6765,Rodrigo Hernández Cascante,Complete,33.504177,68.5,80.0,40.7,61.3
3869220,2022-12-06,Round of 16,Morocco,1,14,52,Spain,6765,Rodrigo Hernández Cascante,4353,Aymeric Laporte,Complete,37.22271,40.7,61.3,42.0,24.1
3869220,2022-12-06,Round of 16,Morocco,1,14,55,Spain,4353,Aymeric Laporte,5211,Jordi Alba Ramos,Complete,13.708391,45.8,25.2,51.2,12.6
3869220,2022-12-06,Round of 16,Morocco,1,14,58,Spain,5211,Jordi Alba Ramos,16532,Daniel Olmo Carvajal,Complete,19.204166,51.2,12.6,66.8,1.4
3869220,2022-12-06,Round of 16,Morocco,1,14,59,Spain,16532,Daniel Olmo Carvajal,5211,Jordi Alba Ramos,Complete,16.7869,66.8,1.4,51.2,7.6
3869220,2022-12-06,Round of 16,Morocco,1,15,1,Spain,5211,Jordi Alba Ramos,30486,Pedro González López,Complete,10.6004715,51.2,7.6,56.1,17.0
3869220,2022-12-06,Round of 16,Morocco,1,15,2,Spain,30486,Pedro González López,4353,Aymeric Laporte,Complete,12.617845,56.1,17.0,45.0,23.0
3869220,2022-12-06,Round of 16,Morocco,1,15,4,Spain,4353,Aymeric Laporte,30486,Pedro González López,Complete,8.621485,45.0,23.0,50.3,16.2
3869220,2022-12-06,Round of 16,Morocco,1,15,8,Spain,30486,Pedro González López,6765,Rodrigo Hernández Cascante,Complete,31.084723,56.7,17.7,48.2,47.6
3869220,2022-12-06,Round of 16,Morocco,1,15,11,Spain,6765,Rodrigo Hernández Cascante,133353,Pablo Martín Páez Gavira,Complete,17.853851,48.2,47.8,51.2,65.4
3869220,2022-12-06,Round of 16,Morocco,1,15,15,Spain,133353,Pablo Martín Páez Gavira,6748,Ferrán Torres García,Complete,19.665707,62.3,61.5,76.6,75.0
3869220,2022-12-06,Round of 16,Morocco,1,15,17,Spain,6748,Ferrán Torres García,133353,Pablo Martín Páez Gavira,Complete,14.5715475,76.6,75.0,67.4,63.7
3869220,2022-12-06,Round of 16,Morocco,1,15,19,Spain,133353,Pablo Martín Páez Gavira,6765,Rodrigo Hernández Cascante,Complete,13.705838,64.0,62.4,56.7,50.8
3869220,2022-12-06,Round of 16,Morocco,1,15,21,Spain,6765,Rodrigo Hernández Cascante,30486,Pedro González López,Complete,36.349552,56.7,50.8,67.2,16.0
3869220,2022-12-06,Round of 16,Morocco,1,15,24,Spain,30486,Pedro González López,16532,Daniel Olmo Carvajal,Complete,10.922454,67.2,16.0,74.3,24.3
3869220,2022-12-06,Round of 16,Morocco,1,15,27,Spain,16532,Daniel Olmo Carvajal,133353,Pablo Martín Páez Gavira,Complete,25.775183,65.1,27.7,74.5,51.7
3869220,2022-12-06,Round of 16,Morocco,1,15,29,Spain,133353,Pablo Martín Páez Gavira,6765,Rodrigo Hernández Cascante,Complete,11.950732,74.5,51.7,63.6,46.8
3869220,2022-12-06,Round of 16,Morocco,1,15,32,Spain,6765,Rodrigo Hernández Cascante,5203,Sergio Busquets i Burgos,Complete,10.846659,76.2,48.3,72.8,38.0
3869220,2022-12-06,Round of 16,Morocco,1,15,34,Spain,5203,Sergio Busquets i Burgos,30486,Pedro González López,Complete,20.838667,72.8,38.0,80.9,18.8
3869220,2022-12-06,Round of 16,Morocco,1,15,39,Spain,30486,Pedro González López,5211,Jordi Alba Ramos,Complete,14.024621,97.0,17.3,100.0,3.6
3869220,2022-12-06,Round of 16,Morocco,1,15,41,Spain,5211,Jordi Alba Ramos,30486,Pedro González López,Incomplete,8.782369,100.0,3.6,101.2,12.3
3869220,2022-12-06,Round of 16,Morocco,1,15,48,Spain,5211,Jordi Alba Ramos,16532,Daniel Olmo Carvajal,Complete,11.593533,90.3,0.1,80.7,6.6
3869220,2022-12-06,Round of 16,Morocco,1,15,52,Spain,16532,Daniel Olmo Carvajal,6765,Rodrigo Hernández Cascante,Complete,33.016964,80.7,6.6,68.3,37.2
3869220,2022-12-06,Round of 16,Morocco,1,15,55,Spain,6765,Rodrigo Hernández Cascante,133353,Pablo Martín Páez Gavira,Complete,23.547611,68.3,37.2,87.8,50.4
3869220,2022-12-06,Round of 16,Morocco,1,15,56,Spain,133353,Pablo Martín Páez Gavira,6748,Ferrán Torres García,Complete,26.035744,90.5,51.9,103.6,74.4
3869220,2022-12-06,Round of 16,Morocco,1,15,59,Spain,6748,Ferrán Torres García,5719,Marco Asensio Willemsen,Incomplete,22.903494,105.3,70.7,104.9,47.8
3869220,2022-12-06,Round of 16,Morocco,1,16,19,Spain,6840,Marcos Llorente Moreno,133353,Pablo Martín Páez Gavira,Incomplete,13.050671,89.3,74.6,92.7,62.0
3869220,2022-12-06,Round of 16,Morocco,1,16,22,Spain,6840,Marcos Llorente Moreno,6748,Ferrán Torres García,Complete,7.7103825,91.8,74.8,99.5,74.4
3869220,2022-12-06,Round of 16,Morocco,1,16,58,Spain,6765,Rodrigo Hernández Cascante,4353,Aymeric Laporte,Complete,11.086027,55.5,54.1,51.4,43.8
3869220,2022-12-06,Round of 16,Morocco,1,16,59,Spain,4353,Aymeric Laporte,6765,Rodrigo Hernández Cascante,Complete,10.440307,51.4,43.8,55.0,53.6
3869220,2022-12-06,Round of 16,Morocco,1,17,4,Spain,6765,Rodrigo Hernández Cascante,5203,Sergio Busquets i Burgos,Complete,9.740637,64.0,52.8,73.2,49.6
3869220,2022-12-06,Round of 16,Morocco,1,17,4,Spain,5203,Sergio Busquets i Burgos,133353,Pablo Martín Páez Gavira,Incomplete,11.240107,73.2,49.6,83.5,54.1
3869220,2022-12-06,Round of 16,Morocco,1,17,26,Spain,6840,Marcos Llorente Moreno,6765,Rodrigo Hernández Cascante,Complete,25.556604,79.0,80.0,55.7,69.5
3869220,2022-12-06,Round of 16,Morocco,1,17,29,Spain,6765,Rodrigo Hernández Cascante,4353,Aymeric Laporte,Complete,26.789923,56.5,66.9,51.4,40.6
3869220,2022-12-06,Round of 16,Morocco,1,17,32,Spain,4353,Aymeric Laporte,5211,Jordi Alba Ramos,Complete,22.853008,56.1,33.9,66.2,13.4
3869220,2022-12-06,Round of 16,Morocco,1,17,35,Spain,5211,Jordi Alba Ramos,30486,Pedro González López,Complete,10.198039,66.2,13.4,70.6,22.6
3869220,2022-12-06,Round of 16,Morocco,1,17,36,Spain,30486,Pedro González López,4353,Aymeric Laporte,Complete,14.757371,70.6,22.6,55.9,23.9
3869220,2022-12-06,Round of 16,Morocco,1,17,39,Spain,4353,Aymeric Laporte,30486,Pedro González López,Complete,9.044335,61.4,25.6,64.2,17.0
3869220,2022-12-06,Round of 16,Morocco,1,17,41,Spain,30486,Pedro González López,5211,Jordi Alba Ramos,Complete,14.524806,65.3,15.8,74.9,4.9
3869220,2022-12-06,Round of 16,Morocco,1,17,42,Spain,5211,Jordi Alba Ramos,30486,Pedro González López,Complete,9.055386,74.9,4.9,68.7,11.5
3869220,2022-12-06,Round of 16,Morocco,1,17,45,Spain,30486,Pedro González López,6765,Rodrigo Hernández Cascante,Complete,29.9107,68.7,11.5,67.9,41.4
3869220,2022-12-06,Round of 16,Morocco,1,17,49,Spain,6765,Rodrigo Hernández Cascante,4353,Aymeric Laporte,Complete,20.04445,69.2,48.7,65.5,29.0
3869220,2022-12-06,Round of 16,Morocco,1,17,52,Spain,4353,Aymeric Laporte,5211,Jordi Alba Ramos,Incomplete,40.742115,70.9,26.2,111.5,22.8
3869220,2022-12-06,Round of 16,Morocco,1,18,16,Spain,6840,Marcos Llorente Moreno,6748,Ferrán Torres García,Complete,30.23326,88.2,80.0,117.3,71.8
3869220,2022-12-06,Round of 16,Morocco,1,18,20,Spain,6748,Ferrán Torres García,,,Incomplete,60.016083,117.3,71.8,90.5,18.1
3869220,2022-12-06,Round of 16,Morocco,1,18,28,Spain,4353,Aymeric Laporte,16532,Daniel Olmo Carvajal,Complete,20.141996,57.0,4.4,77.1,3.1
3869220,2022-12-06,Round of 16,Morocco,1,18,58,Spain,30486,Pedro González López,133353,Pablo Martín Páez Gavira,Complete,8.627862,74.1,50.0,80.3,56.0
3869220,2022-12-06,Round of 16,Morocco,1,19,2,Spain,133353,Pablo Martín Páez Gavira,6840,Marcos Llorente Moreno,Complete,8.658522,75.4,62.6,67.0,64.7
3869220,2022-12-06,Round of 16,Morocco,1,19,4,Spain,6840,Marcos Llorente Moreno,30486,Pedro González López,Complete,11.6559,63.2,63.0,65.1,51.5
3869220,2022-12-06,Round of 16,Morocco,1,19,18,Spain,5203,Sergio Busquets i Burgos,4353,Aymeric Laporte,Complete,28.162563,56.1,54.9,48.8,27.7
3869220,2022-12-06,Round of 16,Morocco,1,19,22,Spain,4353,Aymeric Laporte,5211,Jordi Alba Ramos,Complete,19.281597,52.7,26.5,57.4,7.8
3869220,2022-12-06,Round of 16,Morocco,1,19,25,Spain,5211,Jordi Alba Ramos,4353,Aymeric Laporte,Complete,14.426711,63.2,8.9,55.5,21.1
3869220,2022-12-06,Round of 16,Morocco,1,19,32,Spain,4353,Aymeric Laporte,6765,Rodrigo Hernández Cascante,Complete,16.304907,62.3,27.3,61.9,43.6
3869220,2022-12-06,Round of 16,Morocco,1,19,35,Spain,6765,Rodrigo Hernández Cascante,133353,Pablo Martín Páez Gavira,Complete,16.71915,61.9,43.6,62.7,60.3
3869220,2022-12-06,Round of 16,Morocco,1,19,37,Spain,133353,Pablo Martín Páez Gavira,6840,Marcos Llorente Moreno,Incomplete,7.510659,65.9,60.9,73.4,60.5
3869220,2022-12-06,Round of 16,Morocco,1,19,46,Spain,5211,Jordi Alba Ramos,,,Incomplete,19.44865,36.4,10.2,55.7,7.8
3869220,2022-12-06,Round of 16,Morocco,1,22,8,Spain,30486,Pedro González López,16532,Daniel Olmo Carvajal,Complete,9.758074,24.2,10.0,31.1,3.1
3869220,2022-12-06,Round of 16,Morocco,1,22,9,Spain,16532,Daniel Olmo Carvajal,133353,Pablo Martín Páez Gavira,Complete,9.441399,31.1,2.1,35.6,10.4
3869220,2022-12-06,Round of 16,Morocco,1,22,10,Spain,133353,Pablo Martín Páez Gavira,,,Incomplete,24.052027,35.6,10.4,44.1,32.9
3869220,2022-12-06,Round of 16,Morocco,1,23,0,Spain,5211,Jordi Alba Ramos,30486,Pedro González López,Complete,15.9380045,34.3,0.1,35.4,16.0
3869220,2022-12-06,Round of 16,Morocco,1,23,4,Spain,30486,Pedro González López,6840,Marcos Llorente Moreno,Complete,24.339268,44.6,42.9,42.0,67.1
3869220,2022-12-06,Round of 16,Morocco,1,23,8,Spain,6840,Marcos Llorente Moreno,4353,Aymeric Laporte,Complete,40.625362,51.2,62.8,37.1,24.7
3869220,2022-12-06,Round of 16,Morocco,1,23,14,Spain,4353,Aymeric Laporte,5211,Jordi Alba Ramos,Complete,21.620823,42.6,26.7,53.1,7.8
3869220,2022-12-06,Round of 16,Morocco,1,23,17,Spain,5211,Jordi Alba Ramos,6765,Rodrigo Hernández Cascante,Complete,28.311481,58.5,14.3,51.0,41.6
3869220,2022-12-06,Round of 16,Morocco,1,23,20,Spain,6765,Rodrigo Hernández Cascante,6840,Marcos Llorente Moreno,Complete,19.175505,54.8,44.6,56.5,63.7
3869220,2022-12-06,Round of 16,Morocco,1,24,44,Spain,16532,Daniel Olmo Carvajal,6748,Ferrán Torres García,Pass Offside,35.95553,97.8,8.3,110.6,41.9
3869220,2022-12-06,Round of 16,Morocco,1,25,36,Spain,6765,Rodrigo Hernández Cascante,5719,Marco Asensio Willemsen,Complete,36.208286,44.6,53.6,70.6,28.4
3869220,2022-12-06,Round of 16,Morocco,1,25,39,Spain,5719,Marco Asensio Willemsen,16532,Daniel Olmo Carvajal,Complete,15.493224,70.6,28.4,60.8,16.4
3869220,2022-12-06,Round of 16,Morocco,1,25,41,Spain,16532,Daniel Olmo Carvajal,30486,Pedro González López,Complete,10.507616,61.0,16.4,61.4,26.9
3869220,2022-12-06,Round of 16,Morocco,1,25,44,Spain,30486,Pedro González López,5203,Sergio Busquets i Burgos,Complete,11.822859,61.4,26.9,59.7,38.6
3869220,2022-12-06,Round of 16,Morocco,1,25,47,Spain,5203,Sergio Busquets i Burgos,4353,Aymeric Laporte,Complete,21.302113,57.0,43.1,56.7,21.8
3869220,2022-12-06,Round of 16,Morocco,1,25,51,Spain,4353,Aymeric Laporte,5211,Jordi Alba Ramos,Complete,12.401613,62.5,19.2,62.3,6.8
3869220,2022-12-06,Round of 16,Morocco,1,25,53,Spain,5211,Jordi Alba Ramos,5719,Marco Asensio Willemsen,Complete,43.763912,64.4,6.8,104.2,25.0
3869220,2022-12-06,Round of 16,Morocco,1,26,36,Spain,6765,Rodrigo Hernández Cascante,133353,Pablo Martín Páez Gavira,Complete,13.086252,42.6,56.8,55.5,59.0
3869220,2022-12-06,Round of 16,Morocco,1,26,38,Spain,133353,Pablo Martín Páez Gavira,5719,Marco Asensio Willemsen,Complete,11.370136,55.5,59.0,62.7,50.2
3869220,2022-12-06,Round of 16,Morocco,1,26,54,Spain,5203,Sergio Busquets i Burgos,6765,Rodrigo Hernández Cascante,Complete,11.868024,70.9,38.0,75.1,49.1
3869220,2022-12-06,Round of 16,Morocco,1,26,59,Spain,6765,Rodrigo Hernández Cascante,4353,Aymeric Laporte,Complete,25.96151,79.2,49.8,69.8,25.6
3869220,2022-12-06,Round of 16,Morocco,1,27,2,Spain,4353,Aymeric Laporte,5211,Jordi Alba Ramos,Complete,13.606616,69.8,25.6,68.1,12.1
3869220,2022-12-06,Round of 16,Morocco,1,27,3,Spain,5211,Jordi Alba Ramos,4353,Aymeric Laporte,Complete,12.89496,68.1,12.1,62.9,23.9
3869220,2022-12-06,Round of 16,Morocco,1,27,5,Spain,4353,Aymeric Laporte,6765,Rodrigo Hernández Cascante,Complete,18.421997,62.9,23.9,63.8,42.3
3869220,2022-12-06,Round of 16,Morocco,1,27,7,Spain,6765,Rodrigo Hernández Cascante,6840,Marcos Llorente Moreno,Complete,18.421997,63.8,42.3,62.9,60.7
3869220,2022-12-06,Round of 16,Morocco,1,27,9,Spain,6840,Marcos Llorente Moreno,133353,Pablo Martín Páez Gavira,Complete,11.985408,62.9,60.9,74.7,58.8
3869220,2022-12-06,Round of 16,Morocco,1,27,10,Spain,133353,Pablo Martín Páez Gavira,6840,Marcos Llorente Moreno,Complete,13.086252,74.7,58.8,61.7,60.3
3869220,2022-12-06,Round of 16,Morocco,1,27,12,Spain,6840,Marcos Llorente Moreno,4353,Aymeric Laporte,Complete,27.496181,61.7,60.3,56.5,33.3
3869220,2022-12-06,Round of 16,Morocco,1,27,15,Spain,4353,Aymeric Laporte,30486,Pedro González López,Complete,20.787016,59.1,32.0,70.0,14.3
3869220,2022-12-06,Round of 16,Morocco,1,27,19,Spain,30486,Pedro González López,5719,Marco Asensio Willemsen,Complete,17.664087,72.6,15.1,86.5,26.0
3869220,2022-12-06,Round of 16,Morocco,1,27,19,Spain,5719,Marco Asensio Willemsen,16532,Daniel Olmo Carvajal,Complete,7.392564,86.5,26.0,82.8,19.6
3869220,2022-12-06,Round of 16,Morocco,1,27,20,Spain,16532,Daniel Olmo Carvajal,30486,Pedro González López,Complete,13.296617,82.8,19.6,73.2,10.4
3869220,2022-12-06,Round of 16,Morocco,1,27,26,Spain,30486,Pedro González López,4353,Aymeric Laporte,Complete,22.193016,73.2,0.1,55.0,12.8
3869220,2022-12-06,Round of 16,Morocco,1,27,29,Spain,4353,Aymeric Laporte,6765,Rodrigo Hernández Cascante,Complete,25.9434,56.5,13.6,58.0,39.5
3869220,2022-12-06,Round of 16,Morocco,1,27,35,Spain,6765,Rodrigo Hernández Cascante,6840,Marcos Llorente Moreno,Complete,15.472879,69.8,48.7,68.3,64.1
3869220,2022-12-06,Round of 16,Morocco,1,27,37,Spain,6840,Marcos Llorente Moreno,6748,Ferrán Torres García,Complete,12.980755,68.3,64.1,76.2,74.4
3869220,2022-12-06,Round of 16,Morocco,1,27,39,Spain,6748,Ferrán Torres García,6765,Rodrigo Hernández Cascante,Complete,27.397993,75.6,72.2,57.2,51.9
3869220,2022-12-06,Round of 16,Morocco,1,27,43,Spain,6765,Rodrigo Hernández Cascante,30486,Pedro González López,Complete,23.320591,68.3,39.7,71.5,16.6
3869220,2022-12-06,Round of 16,Morocco,1,27,45,Spain,30486,Pedro González López,5211,Jordi Alba Ramos,Complete,18.383144,74.3,16.8,85.6,2.3
3869220,2022-12-06,Round of 16,Morocco,1,27,46,Spain,5211,Jordi Alba Ramos,30486,Pedro González López,Complete,13.532554,85.6,2.3,73.9,9.1
3869220,2022-12-06,Round of 16,Morocco,1,27,49,Spain,30486,Pedro González López,5203,Sergio Busquets i Burgos,Complete,12.218429,73.9,9.1,76.2,21.1
3869220,2022-12-06,Round of 16,Morocco,1,27,50,Spain,5203,Sergio Busquets i Burgos,4353,Aymeric Laporte,Complete,16.044003,76.2,21.1,60.8,25.6
3869220,2022-12-06,Round of 16,Morocco,1,27,56,Spain,4353,Aymeric Laporte,30486,Pedro González López,Complete,17.5,70.4,36.7,70.4,19.2
3869220,2022-12-06,Round of 16,Morocco,1,27,57,Spain,30486,Pedro González López,5719,Marco Asensio Willemsen,Complete,9.6166525,70.4,19.2,79.6,16.4
3869220,2022-12-06,Round of 16,Morocco,1,28,0,Spain,5719,Marco Asensio Willemsen,30486,Pedro González López,Complete,11.328283,75.6,9.1,73.9,20.3
3869220,2022-12-06,Round of 16,Morocco,1,28,2,Spain,30486,Pedro González López,6765,Rodrigo Hernández Cascante,Complete,26.506792,73.9,21.8,74.5,48.3
3869220,2022-12-06,Round of 16,Morocco,1,28,4,Spain,6765,Rodrigo Hernández Cascante,4353,Aymeric Laporte,Complete,19.86001,74.5,48.3,64.4,31.2
3869220,2022-12-06,Round of 16,Morocco,1,28,9,Spain,4353,Aymeric Laporte,30486,Pedro González López,Complete,14.758049,69.6,29.0,76.2,15.8
3869220,2022-12-06,Round of 16,Morocco,1,28,10,Spain,30486,Pedro González López,5211,Jordi Alba Ramos,Complete,20.890429,76.2,15.8,93.3,3.8
3869220,2022-12-06,Round of 16,Morocco,1,28,12,Spain,5211,Jordi Alba Ramos,,,Incomplete,31.477135,93.3,3.8,105.3,32.9
3869220,2022-12-06,Round of 16,Morocco,1,28,27,Spain,6765,Rodrigo Hernández Cascante,,,Incomplete,30.101496,55.2,50.4,83.1,39.1
3869220,2022-12-06,Round of 16,Morocco,1,29,14,Spain,6840,Marcos Llorente Moreno,4353,Aymeric Laporte,Complete,44.107708,56.7,64.3,68.5,21.8
3869220,2022-12-06,Round of 16,Morocco,1,29,17,Spain,4353,Aymeric Laporte,5211,Jordi Alba Ramos,Complete,10.58017,68.5,21.8,67.2,11.3
3869220,2022-12-06,Round of 16,Morocco,1,29,19,Spain,5211,Jordi Alba Ramos,16532,Daniel Olmo Carvajal,Complete,12.45793,67.2,11.3,76.4,2.9
3869220,2022-12-06,Round of 16,Morocco,1,29,21,Spain,16532,Daniel Olmo Carvajal,30486,Pedro González López,Complete,14.39618,73.9,3.8,68.9,17.3
3869220,2022-12-06,Round of 16,Morocco,1,29,23,Spain,30486,Pedro González López,6765,Rodrigo Hernández Cascante,Complete,22.350391,63.4,19.6,61.9,41.9
3869220,2022-12-06,Round of 16,Morocco,1,29,27,Spain,6765,Rodrigo Hernández Cascante,6840,Marcos Llorente Moreno,Complete,16.56804,70.0,48.5,68.5,65.0
3869220,2022-12-06,Round of 16,Morocco,1,29,29,Spain,6840,Marcos Llorente Moreno,133353,Pablo Martín Páez Gavira,Incomplete,17.489712,68.5,65.0,84.3,57.5
3869220,2022-12-06,Round of 16,Morocco,1,29,36,Spain,6765,Rodrigo Hernández Cascante,11748,Unai Simón Mendibil,Complete,17.130383,18.7,52.8,3.5,44.9
3869220,2022-12-06,Round of 16,Morocco,1,29,41,Spain,11748,Unai Simón Mendibil,5203,Sergio Busquets i Burgos,Complete,20.287188,8.8,39.5,27.4,47.6
3869220,2022-12-06,Round of 16,Morocco,1,29,46,Spain,5203,Sergio Busquets i Burgos,5211,Jordi Alba Ramos,Complete,47.03403,44.8,44.6,63.4,1.4
3869220,2022-12-06,Round of 16,Morocco,1,29,52,Spain,5211,Jordi Alba Ramos,30486,Pedro González López,Complete,9.021087,58.7,6.4,54.0,14.1
3869220,2022-12-06,Round of 16,Morocco,1,29,54,Spain,30486,Pedro González López,5203,Sergio Busquets i Burgos,Complete,15.815183,54.0,16.2,57.6,31.6
3869220,2022-12-06,Round of 16,Morocco,1,29,57,Spain,5203,Sergio Busquets i Burgos,133353,Pablo Martín Páez Gavira,Complete,22.798246,57.6,31.6,70.2,50.6
3869220,2022-12-06,Round of 16,Morocco,1,29,58,Spain,133353,Pablo Martín Páez Gavira,6765,Rodrigo Hernández Cascante,Complete,11.85327,70.2,50.6,59.5,45.5
3869220,2022-12-06,Round of 16,Morocco,1,30,0,Spain,6765,Rodrigo Hernández Cascante,4353,Aymeric Laporte,Complete,20.453362,59.5,45.5,54.0,25.8
3869220,2022-12-06,Round of 16,Morocco,1,30,5,Spain,4353,Aymeric Laporte,30486,Pedro González López,Complete,16.224981,64.0,25.4,73.0,11.9
3869220,2022-12-06,Round of 16,Morocco,1,30,10,Spain,30486,Pedro González López,,,Incomplete,3.3837848,95.2,19.4,96.3,22.6
3869220,2022-12-06,Round of 16,Morocco,1,30,15,Spain,16532,Daniel Olmo Carvajal,6765,Rodrigo Hernández Cascante,Complete,18.645374,83.1,25.6,70.9,39.7
3869220,2022-12-06,Round of 16,Morocco,1,30,18,Spain,6765,Rodrigo Hernández Cascante,133353,Pablo Martín Páez Gavira,Complete,10.323759,73.6,39.7,80.9,47.0
3869220,2022-12-06,Round of 16,Morocco,1,30,20,Spain,133353,Pablo Martín Páez Gavira,6765,Rodrigo Hernández Cascante,Complete,10.662083,74.7,46.3,64.9,42.1
3869220,2022-12-06,Round of 16,Morocco,1,30,21,Spain,6765,Rodrigo Hernández Cascante,4353,Aymeric Laporte,Complete,11.119802,64.9,42.1,62.7,31.2
3869220,2022-12-06,Round of 16,Morocco,1,30,24,Spain,4353,Aymeric Laporte,30486,Pedro González López,Complete,21.261467,62.7,31.2,73.0,12.6
3869220,2022-12-06,Round of 16,Morocco,1,30,27,Spain,30486,Pedro González López,6765,Rodrigo Hernández Cascante,Complete,29.410883,73.0,12.6,63.4,40.4
3869220,2022-12-06,Round of 16,Morocco,1,30,34,Spain,6765,Rodrigo Hernández Cascante,4353,Aymeric Laporte,Complete,18.543192,72.1,48.1,69.8,29.7
3869220,2022-12-06,Round of 16,Morocco,1,30,39,Spain,4353,Aymeric Laporte,30486,Pedro González López,Complete,11.834272,74.3,23.7,73.4,11.9
3869220,2022-12-06,Round of 16,Morocco,1,30,40,Spain,30486,Pedro González López,5211,Jordi Alba Ramos,Complete,16.77051,73.4,11.9,88.4,4.4
3869220,2022-12-06,Round of 16,Morocco,1,30,43,Spain,5211,Jordi Alba Ramos,4353,Aymeric Laporte,Complete,27.652306,88.0,4.0,68.1,23.2
3869220,2022-12-06,Round of 16,Morocco,1,30,47,Spain,4353,Aymeric Laporte,6765,Rodrigo Hernández Cascante,Complete,21.384106,73.0,26.9,75.8,48.1
3869220,2022-12-06,Round of 16,Morocco,1,30,50,Spain,6765,Rodrigo Hernández Cascante,6840,Marcos Llorente Moreno,Complete,11.583178,75.8,48.1,80.9,58.5
3869220,2022-12-06,Round of 16,Morocco,1,30,52,Spain,6840,Marcos Llorente Moreno,133353,Pablo Martín Páez Gavira,Complete,9.7046385,78.6,59.0,87.3,54.7
3869220,2022-12-06,Round of 16,Morocco,1,30,53,Spain,133353,Pablo Martín Páez Gavira,,,Incomplete,16.904734,88.0,55.5,104.9,55.1
3869220,2022-12-06,Round of 16,Morocco,1,31,36,Spain,30486,Pedro González López,133353,Pablo Martín Páez Gavira,Complete,14.312582,25.3,47.2,33.4,59.0
3869220,2022-12-06,Round of 16,Morocco,1,32,13,Spain,5211,Jordi Alba Ramos,6748,Ferrán Torres García,Complete,26.241951,17.6,18.1,33.6,38.9
3869220,2022-12-06,Round of 16,Morocco,1,32,37,Spain,11748,Unai Simón Mendibil,6765,Rodrigo Hernández Cascante,Complete,23.389956,14.8,43.8,35.8,54.1
3869220,2022-12-06,Round of 16,Morocco,1,32,39,Spain,6765,Rodrigo Hernández Cascante,4353,Aymeric Laporte,Complete,18.401087,45.8,53.4,45.6,35.0
3869220,2022-12-06,Round of 16,Morocco,1,32,44,Spain,4353,Aymeric Laporte,5211,Jordi Alba Ramos,Complete,15.90503,57.8,25.2,57.4,9.3
3869220,2022-12-06,Round of 16,Morocco,1,32,46,Spain,5211,Jordi Alba Ramos,5719,Marco Asensio Willemsen,Complete,35.732616,57.4,9.3,89.3,25.4
3869220,2022-12-06,Round of 16,Morocco,1,33,7,Spain,6748,Ferrán Torres García,6765,Rodrigo Hernández Cascante,Complete,17.741758,79.2,69.5,62.3,64.1
3869220,2022-12-06,Round of 16,Morocco,1,33,9,Spain,6765,Rodrigo Hernández Cascante,11748,Unai Simón Mendibil,Complete,38.197643,55.7,61.3,20.2,47.2
3869220,2022-12-06,Round of 16,Morocco,1,33,15,Spain,11748,Unai Simón Mendibil,4353,Aymeric Laporte,Complete,23.829603,20.2,47.2,33.0,27.1
3869220,2022-12-06,Round of 16,Morocco,1,33,18,Spain,4353,Aymeric Laporte,5211,Jordi Alba Ramos,Complete,18.47647,34.7,22.8,51.0,14.1
3869220,2022-12-06,Round of 16,Morocco,1,33,24,Spain,5211,Jordi Alba Ramos,6765,Rodrigo Hernández Cascante,Complete,24.731558,61.4,22.6,56.3,46.8
3869220,2022-12-06,Round of 16,Morocco,1,33,29,Spain,6765,Rodrigo Hernández Cascante,30486,Pedro González López,Complete,12.912397,66.4,48.5,68.1,61.3
3869220,2022-12-06,Round of 16,Morocco,1,33,31,Spain,30486,Pedro González López,6748,Ferrán Torres García,Complete,49.716396,68.1,61.3,117.7,57.9
3869220,2022-12-06,Round of 16,Morocco,1,33,35,Spain,6748,Ferrán Torres García,,,Incomplete,27.515268,117.7,57.9,112.4,30.9
3869220,2022-12-06,Round of 16,Morocco,1,33,42,Spain,5211,Jordi Alba Ramos,5203,Sergio Busquets i Burgos,Complete,7.877182,91.8,23.9,87.5,30.5
3869220,2022-12-06,Round of 16,Morocco,1,33,42,Spain,5203,Sergio Busquets i Burgos,6840,Marcos Llorente Moreno,Complete,6.2,87.5,30.5,93.7,30.5
3869220,2022-12-06,Round of 16,Morocco,1,33,43,Spain,6840,Marcos Llorente Moreno,5203,Sergio Busquets i Burgos,Complete,7.702597,93.7,30.5,86.0,30.7
3869220,2022-12-06,Round of 16,Morocco,1,33,44,Spain,5203,Sergio Busquets i Burgos,30486,Pedro González López,Incomplete,25.11812,86.0,30.7,94.6,54.3
3869220,2022-12-06,Round of 16,Morocco,1,33,55,Spain,11748,Unai Simón Mendibil,4353,Aymeric Laporte,Complete,6.519202,12.0,36.5,16.3,31.6
3869220,2022-12-06,Round of 16,Morocco,1,34,0,Spain,4353,Aymeric Laporte,6765,Rodrigo Hernández Cascante,Complete,19.231485,22.1,36.1,34.5,50.8
3869220,2022-12-06,Round of 16,Morocco,1,34,2,Spain,6765,Rodrigo Hernández Cascante,30486,Pedro González López,Complete,28.680307,34.5,50.8,56.5,69.2
3869220,2022-12-06,Round of 16,Morocco,1,34,5,Spain,30486,Pedro González López,6748,Ferrán Torres García,Complete,16.640013,62.3,65.0,75.6,75.0
3869220,2022-12-06,Round of 16,Morocco,1,34,7,Spain,6748,Ferrán Torres García,30486,Pedro González López,Complete,13.176495,75.6,75.0,68.5,63.9
3869220,2022-12-06,Round of 16,Morocco,1,34,10,Spain,30486,Pedro González López,4353,Aymeric Laporte,Complete,28.73082,67.4,57.7,56.3,31.2
3869220,2022-12-06,Round of 16,Morocco,1,34,14,Spain,4353,Aymeric Laporte,5211,Jordi Alba Ramos,Complete,15.6894865,64.4,27.5,67.4,12.1
3869220,2022-12-06,Round of 16,Morocco,1,34,16,Spain,5211,Jordi Alba Ramos,133353,Pablo Martín Páez Gavira,Complete,19.475626,67.4,12.1,86.3,16.8
3869220,2022-12-06,Round of 16,Morocco,1,34,20,Spain,133353,Pablo Martín Páez Gavira,6748,Ferrán Torres García,Complete,43.026154,108.3,16.2,109.8,59.2
3869220,2022-12-06,Round of 16,Morocco,1,34,28,Spain,6748,Ferrán Torres García,6765,Rodrigo Hernández Cascante,Complete,22.968674,105.7,54.9,83.7,48.3
3869220,2022-12-06,Round of 16,Morocco,1,34,31,Spain,6765,Rodrigo Hernández Cascante,5211,Jordi Alba Ramos,Complete,27.507816,83.7,48.3,89.9,21.5
3869220,2022-12-06,Round of 16,Morocco,1,34,33,Spain,5211,Jordi Alba Ramos,133353,Pablo Martín Páez Gavira,Complete,18.110771,89.9,21.5,102.3,8.3
3869220,2022-12-06,Round of 16,Morocco,1,34,37,Spain,133353,Pablo Martín Páez Gavira,4353,Aymeric Laporte,Complete,28.142849,94.4,5.3,74.5,25.2
3869220,2022-12-06,Round of 16,Morocco,1,34,43,Spain,4353,Aymeric Laporte,6765,Rodrigo Hernández Cascante,Complete,24.5473,74.5,25.2,80.1,49.1
3869220,2022-12-06,Round of 16,Morocco,1,34,46,Spain,6765,Rodrigo Hernández Cascante,30486,Pedro González López,Complete,10.834205,80.1,49.1,81.8,59.8
3869220,2022-12-06,Round of 16,Morocco,1,34,48,Spain,30486,Pedro González López,5203,Sergio Busquets i Burgos,Complete,10.247438,87.8,57.7,92.7,48.7
3869220,2022-12-06,Round of 16,Morocco,1,34,49,Spain,5203,Sergio Busquets i Burgos,6840,Marcos Llorente Moreno,Complete,7.6609397,92.7,48.7,98.9,53.2
3869220,2022-12-06,Round of 16,Morocco,1,34,50,Spain,6840,Marcos Llorente Moreno,6748,Ferrán Torres García,Complete,23.342022,98.9,53.2,111.1,73.1
3869220,2022-12-06,Round of 16,Morocco,1,34,54,Spain,6748,Ferrán Torres García,30486,Pedro González López,Complete,26.183964,111.1,73.1,89.5,58.3
3869220,2022-12-06,Round of 16,Morocco,1,34,58,Spain,30486,Pedro González López,4353,Aymeric Laporte,Complete,25.614449,95.0,53.8,86.9,29.5
3869220,2022-12-06,Round of 16,Morocco,1,35,1,Spain,4353,Aymeric Laporte,16532,Daniel Olmo Carvajal,Complete,17.568438,87.1,29.5,104.0,24.7
3869220,2022-12-06,Round of 16,Morocco,1,35,57,Spain,4353,Aymeric Laporte,30486,Pedro González López,Complete,7.7,31.5,30.5,39.2,30.5
3869220,2022-12-06,Round of 16,Morocco,1,36,2,Spain,30486,Pedro González López,6748,Ferrán Torres García,Complete,14.978985,40.1,39.3,48.2,51.9
3869220,2022-12-06,Round of 16,Morocco,1,36,3,Spain,6748,Ferrán Torres García,6840,Marcos Llorente Moreno,Complete,22.763567,48.4,51.9,38.1,72.2
3869220,2022-12-06,Round of 16,Morocco,1,36,6,Spain,6840,Marcos Llorente Moreno,6765,Rodrigo Hernández Cascante,Complete,28.785065,37.1,73.5,10.8,61.8
3869220,2022-12-06,Round of 16,Morocco,1,36,9,Spain,6765,Rodrigo Hernández Cascante,11748,Unai Simón Mendibil,Complete,18.516209,10.1,61.1,3.5,43.8
3869220,2022-12-06,Round of 16,Morocco,1,36,11,Spain,11748,Unai Simón Mendibil,5203,Sergio Busquets i Burgos,Complete,15.941142,5.6,42.5,20.2,48.9
3869220,2022-12-06,Round of 16,Morocco,1,36,18,Spain,5203,Sergio Busquets i Burgos,30486,Pedro González López,Complete,15.076471,49.9,39.9,57.0,53.2
3869220,2022-12-06,Round of 16,Morocco,1,36,21,Spain,30486,Pedro González López,5203,Sergio Busquets i Burgos,Complete,16.729914,62.9,54.3,61.9,37.6
3869220,2022-12-06,Round of 16,Morocco,1,36,23,Spain,5203,Sergio Busquets i Burgos,5211,Jordi Alba Ramos,Complete,26.388254,61.9,37.6,69.4,12.3
3869220,2022-12-06,Round of 16,Morocco,1,36,25,Spain,5211,Jordi Alba Ramos,133353,Pablo Martín Páez Gavira,Incomplete,11.569356,69.4,12.6,80.1,17.0
3869220,2022-12-06,Round of 16,Morocco,1,36,38,Spain,5211,Jordi Alba Ramos,4353,Aymeric Laporte,Complete,24.70081,51.4,0.1,28.1,8.3
3869220,2022-12-06,Round of 16,Morocco,1,36,41,Spain,4353,Aymeric Laporte,6765,Rodrigo Hernández Cascante,Complete,13.593013,28.1,10.6,33.2,23.2
3869220,2022-12-06,Round of 16,Morocco,1,36,44,Spain,6765,Rodrigo Hernández Cascante,30486,Pedro González López,Complete,22.308071,38.3,37.8,51.2,56.0
3869220,2022-12-06,Round of 16,Morocco,1,36,49,Spain,30486,Pedro González López,4353,Aymeric Laporte,Complete,31.022734,63.8,57.3,55.9,27.3
3869220,2022-12-06,Round of 16,Morocco,1,36,54,Spain,4353,Aymeric Laporte,16532,Daniel Olmo Carvajal,Complete,31.953247,64.2,26.2,84.1,1.2
3869220,2022-12-06,Round of 16,Morocco,1,36,59,Spain,16532,Daniel Olmo Carvajal,5211,Jordi Alba Ramos,Complete,14.561936,92.9,4.2,80.3,11.5
3869220,2022-12-06,Round of 16,Morocco,1,37,1,Spain,5211,Jordi Alba Ramos,6765,Rodrigo Hernández Cascante,Complete,36.106785,80.3,11.5,79.6,47.6
3869220,2022-12-06,Round of 16,Morocco,1,37,5,Spain,6765,Rodrigo Hernández Cascante,5719,Marco Asensio Willemsen,Complete,12.839003,79.6,47.6,91.8,43.6
3869220,2022-12-06,Round of 16,Morocco,1,37,6,Spain,5719,Marco Asensio Willemsen,6765,Rodrigo Hernández Cascante,Complete,9.483143,91.8,43.6,82.6,45.9
3869220,2022-12-06,Round of 16,Morocco,1,37,9,Spain,6765,Rodrigo Hernández Cascante,5719,Marco Asensio Willemsen,Complete,11.686745,82.6,45.9,93.3,50.6
3869220,2022-12-06,Round of 16,Morocco,1,37,11,Spain,5719,Marco Asensio Willemsen,6748,Ferrán Torres García,Complete,19.646883,94.6,55.5,110.0,67.7
3869220,2022-12-06,Round of 16,Morocco,1,37,46,Spain,6840,Marcos Llorente Moreno,4353,Aymeric Laporte,Complete,25.369272,80.1,74.2,55.5,68.0
3869220,2022-12-06,Round of 16,Morocco,1,37,51,Spain,4353,Aymeric Laporte,5211,Jordi Alba Ramos,Complete,20.176224,55.7,55.3,49.5,36.1
3869220,2022-12-06,Round of 16,Morocco,1,37,52,Spain,5211,Jordi Alba Ramos,4353,Aymeric Laporte,Complete,6.428841,49.5,36.1,51.2,42.3
3869220,2022-12-06,Round of 16,Morocco,1,37,57,Spain,4353,Aymeric Laporte,30486,Pedro González López,Complete,19.588007,60.6,39.3,69.4,56.8
3869220,2022-12-06,Round of 16,Morocco,1,37,59,Spain,30486,Pedro González López,5719,Marco Asensio Willemsen,Complete,13.619104,70.2,57.0,82.0,50.2
3869220,2022-12-06,Round of 16,Morocco,1,38,22,Spain,5211,Jordi Alba Ramos,11748,Unai Simón Mendibil,Complete,22.62145,23.4,0.1,11.6,19.4
3869220,2022-12-06,Round of 16,Morocco,1,38,26,Spain,11748,Unai Simón Mendibil,6765,Rodrigo Hernández Cascante,Complete,31.084562,11.6,21.5,32.4,44.6
3869220,2022-12-06,Round of 16,Morocco,1,38,33,Spain,6765,Rodrigo Hernández Cascante,4353,Aymeric Laporte,Complete,24.26211,51.6,49.1,48.8,25.0
3869220,2022-12-06,Round of 16,Morocco,1,38,39,Spain,4353,Aymeric Laporte,6765,Rodrigo Hernández Cascante,Complete,21.755919,62.3,23.5,64.9,45.1
3869220,2022-12-06,Round of 16,Morocco,1,38,42,Spain,6765,Rodrigo Hernández Cascante,30486,Pedro González López,Complete,11.798729,69.2,49.8,73.2,60.9
3869220,2022-12-06,Round of 16,Morocco,1,38,44,Spain,30486,Pedro González López,6840,Marcos Llorente Moreno,Complete,12.666886,73.2,60.9,85.8,59.6
3869220,2022-12-06,Round of 16,Morocco,1,38,45,Spain,6840,Marcos Llorente Moreno,6748,Ferrán Torres García,Complete,16.92956,85.8,59.6,84.8,76.5
3869220,2022-12-06,Round of 16,Morocco,1,38,48,Spain,6748,Ferrán Torres García,30486,Pedro González López,Complete,14.67106,81.1,75.0,68.1,68.2
3869220,2022-12-06,Round of 16,Morocco,1,38,50,Spain,30486,Pedro González López,4353,Aymeric Laporte,Complete,41.479755,68.1,68.2,62.5,27.1
3869220,2022-12-06,Round of 16,Morocco,1,38,55,Spain,4353,Aymeric Laporte,5211,Jordi Alba Ramos,Complete,14.611297,71.9,23.2,74.9,8.9
3869220,2022-12-06,Round of 16,Morocco,1,38,57,Spain,5211,Jordi Alba Ramos,16532,Daniel Olmo Carvajal,Complete,17.325415,74.9,8.9,91.0,2.5
3869220,2022-12-06,Round of 16,Morocco,1,38,59,Spain,16532,Daniel Olmo Carvajal,133353,Pablo Martín Páez Gavira,Complete,24.107468,91.0,2.5,112.4,13.6
3869220,2022-12-06,Round of 16,Morocco,1,39,1,Spain,133353,Pablo Martín Páez Gavira,,,Incomplete,28.529634,112.4,13.6,111.1,42.1
3869220,2022-12-06,Round of 16,Morocco,1,39,25,Spain,6765,Rodrigo Hernández Cascante,4353,Aymeric Laporte,Complete,21.920767,24.0,52.1,35.6,33.5
3869220,2022-12-06,Round of 16,Morocco,1,39,29,Spain,4353,Aymeric Laporte,6765,Rodrigo Hernández Cascante,Complete,17.327723,39.0,34.4,41.8,51.5
3869220,2022-12-06,Round of 16,Morocco,1,39,34,Spain,6765,Rodrigo Hernández Cascante,5203,Sergio Busquets i Burgos,Complete,12.748726,56.7,51.3,68.9,47.6
3869220,2022-12-06,Round of 16,Morocco,1,39,35,Spain,5203,Sergio Busquets i Burgos,6765,Rodrigo Hernández Cascante,Complete,7.8517513,68.9,47.6,63.2,53.0
3869220,2022-12-06,Round of 16,Morocco,1,39,39,Spain,6765,Rodrigo Hernández Cascante,30486,Pedro González López,Complete,10.007997,68.3,52.8,68.7,62.8
3869220,2022-12-06,Round of 16,Morocco,1,39,41,Spain,30486,Pedro González López,4353,Aymeric Laporte,Complete,29.001553,68.7,62.8,54.0,37.8
3869220,2022-12-06,Round of 16,Morocco,1,39,45,Spain,4353,Aymeric Laporte,5211,Jordi Alba Ramos,Complete,22.108143,56.3,32.4,62.9,11.3
3869220,2022-12-06,Round of 16,Morocco,1,39,50,Spain,5211,Jordi Alba Ramos,6765,Rodrigo Hernández Cascante,Complete,26.099043,68.5,22.0,62.5,47.4
3869220,2022-12-06,Round of 16,Morocco,1,39,53,Spain,6765,Rodrigo Hernández Cascante,30486,Pedro González López,Complete,11.486514,61.7,54.3,70.4,61.8
3869220,2022-12-06,Round of 16,Morocco,1,39,58,Spain,30486,Pedro González López,5211,Jordi Alba Ramos,Complete,34.38037,79.8,55.1,74.7,21.1
3869220,2022-12-06,Round of 16,Morocco,1,40,3,Spain,5211,Jordi Alba Ramos,16532,Daniel Olmo Carvajal,Out,41.62932,79.4,19.6,120.0,10.4
3869220,2022-12-06,Round of 16,Morocco,1,41,43,Spain,6765,Rodrigo Hernández Cascante,,,Incomplete,17.713837,3.3,17.9,15.0,4.6
3869220,2022-12-06,Round of 16,Morocco,1,42,18,Spain,11748,Unai Simón Mendibil,30486,Pedro González López,Complete,52.355038,6.0,44.0,56.1,59.2
3869220,2022-12-06,Round of 16,Morocco,1,42,20,Spain,30486,Pedro González López,4353,Aymeric Laporte,Complete,34.1022,56.1,59.2,47.5,26.2
3869220,2022-12-06,Round of 16,Morocco,1,42,26,Spain,4353,Aymeric Laporte,5203,Sergio Busquets i Burgos,Complete,9.730879,62.5,18.8,70.0,25.0
3869220,2022-12-06,Round of 16,Morocco,1,42,27,Spain,5203,Sergio Busquets i Burgos,133353,Pablo Martín Páez Gavira,Incomplete,9.087354,70.0,25.0,78.3,21.3
3869220,2022-12-06,Round of 16,Morocco,1,42,57,Spain,6765,Rodrigo Hernández Cascante,,,Out,60.88021,17.6,36.5,66.4,0.1
3869220,2022-12-06,Round of 16,Morocco,1,43,24,Spain,5211,Jordi Alba Ramos,4353,Aymeric Laporte,Complete,7.3539104,26.2,23.2,33.0,26.0
3869220,2022-12-06,Round of 16,Morocco,1,43,26,Spain,4353,Aymeric Laporte,6765,Rodrigo Hernández Cascante,Complete,25.612497,33.0,26.0,39.4,50.8
3869220,2022-12-06,Round of 16,Morocco,1,43,32,Spain,6765,Rodrigo Hernández Cascante,4353,Aymeric Laporte,Complete,26.600752,50.3,52.8,50.1,26.2
3869220,2022-12-06,Round of 16,Morocco,1,43,35,Spain,4353,Aymeric Laporte,16532,Daniel Olmo Carvajal,Complete,29.331894,56.3,21.5,78.3,2.1
3869220,2022-12-06,Round of 16,Morocco,1,43,40,Spain,16532,Daniel Olmo Carvajal,5211,Jordi Alba Ramos,Complete,15.4149275,86.3,1.4,75.4,12.3
3869220,2022-12-06,Round of 16,Morocco,1,43,42,Spain,5211,Jordi Alba Ramos,6765,Rodrigo Hernández Cascante,Complete,31.896082,78.8,11.5,69.8,42.1
3869220,2022-12-06,Round of 16,Morocco,1,43,45,Spain,6765,Rodrigo Hernández Cascante,30486,Pedro González López,Complete,12.278844,69.8,42.1,77.7,51.5
3869220,2022-12-06,Round of 16,Morocco,1,43,46,Spain,30486,Pedro González López,6765,Rodrigo Hernández Cascante,Complete,14.869096,76.4,50.8,64.2,42.3
3869220,2022-12-06,Round of 16,Morocco,1,43,48,Spain,6765,Rodrigo Hernández Cascante,6840,Marcos Llorente Moreno,Complete,19.942417,63.4,42.3,62.1,62.2
3869220,2022-12-06,Round of 16,Morocco,1,43,53,Spain,6840,Marcos Llorente Moreno,4353,Aymeric Laporte,Complete,27.600725,40.7,55.3,40.9,27.7
3869220,2022-12-06,Round of 16,Morocco,1,43,57,Spain,4353,Aymeric Laporte,133353,Pablo Martín Páez Gavira,Complete,19.424726,49.0,22.0,54.6,3.4
3869220,2022-12-06,Round of 16,Morocco,1,44,1,Spain,133353,Pablo Martín Páez Gavira,16532,Daniel Olmo Carvajal,Complete,16.015305,56.1,3.4,62.9,17.9
3869220,2022-12-06,Round of 16,Morocco,1,44,2,Spain,16532,Daniel Olmo Carvajal,6765,Rodrigo Hernández Cascante,Complete,24.694128,60.6,17.3,49.0,39.1
3869220,2022-12-06,Round of 16,Morocco,1,44,5,Spain,6765,Rodrigo Hernández Cascante,30486,Pedro González López,Complete,23.954958,49.0,39.1,58.0,61.3
3869220,2022-12-06,Round of 16,Morocco,1,44,8,Spain,30486,Pedro González López,5203,Sergio Busquets i Burgos,Complete,15.992811,62.7,57.9,75.1,47.8
3869220,2022-12-06,Round of 16,Morocco,1,44,9,Spain,5203,Sergio Busquets i Burgos,30486,Pedro González López,Complete,11.697008,75.1,47.8,69.2,57.9
3869220,2022-12-06,Round of 16,Morocco,1,44,11,Spain,30486,Pedro González López,6748,Ferrán Torres García,Complete,24.768528,69.2,57.9,86.0,76.1
3869220,2022-12-06,Round of 16,Morocco,1,44,16,Spain,6748,Ferrán Torres García,5719,Marco Asensio Willemsen,Complete,15.802848,99.3,54.1,115.1,53.8
3869220,2022-12-06,Round of 16,Morocco,1,44,29,Spain,5719,Marco Asensio Willemsen,16532,Daniel Olmo Carvajal,Complete,13.248396,120.0,80.0,113.6,68.4
3869220,2022-12-06,Round of 16,Morocco,1,44,32,Spain,16532,Daniel Olmo Carvajal,30486,Pedro González López,Complete,22.138203,113.6,68.4,92.7,61.1
3869220,2022-12-06,Round of 16,Morocco,1,44,35,Spain,30486,Pedro González López,,,Out,42.37983,97.8,59.8,120.0,23.7
3869220,2022-12-06,Round of 16,Morocco,1,45,28,Spain,6765,Rodrigo Hernández Cascante,,,Incomplete,25.303162,44.1,59.0,69.2,55.8
3869220,2022-12-06,Round of 16,Morocco,1,45,48,Spain,6840,Marcos Llorente Moreno,5203,Sergio Busquets i Burgos,Complete,9.4,64.0,60.9,64.0,51.5
3869220,2022-12-06,Round of 16,Morocco,1,45,49,Spain,5203,Sergio Busquets i Burgos,16532,Daniel Olmo Carvajal,Complete,22.800219,64.0,51.5,82.8,38.6
3869220,2022-12-06,Round of 16,Morocco,1,45,52,Spain,16532,Daniel Olmo Carvajal,5719,Marco Asensio Willemsen,Complete,24.129028,92.0,33.1,110.9,18.1
3869220,2022-12-06,Round of 16,Morocco,1,45,55,Spain,5719,Marco Asensio Willemsen,16532,Daniel Olmo Carvajal,Complete,13.318408,110.9,18.1,110.2,31.4
3869220,2022-12-06,Round of 16,Morocco,1,45,55,Spain,16532,Daniel Olmo Carvajal,,,Incomplete,8.276473,110.2,31.4,111.9,39.5
3869220,2022-12-06,Round of 16,Morocco,2,45,13,Spain,11748,Unai Simón Mendibil,4353,Aymeric Laporte,Complete,33.903687,11.4,63.1,24.9,32.0
3869220,2022-12-06,Round of 16,Morocco,2,45,18,Spain,4353,Aymeric Laporte,6765,Rodrigo Hernández Cascante,Complete,25.576551,34.1,27.1,41.1,51.7
3869220,2022-12-06,Round of 16,Morocco,2,45,23,Spain,6765,Rodrigo Hernández Cascante,4353,Aymeric Laporte,Complete,21.734995,51.2,56.9,43.7,36.5
3869220,2022-12-06,Round of 16,Morocco,2,45,26,Spain,4353,Aymeric Laporte,6765,Rodrigo Hernández Cascante,Complete,14.425672,45.4,39.3,47.3,53.6
3869220,2022-12-06,Round of 16,Morocco,2,45,29,Spain,6765,Rodrigo Hernández Cascante,30486,Pedro González López,Complete,11.903781,47.3,56.6,54.2,66.3
3869220,2022-12-06,Round of 16,Morocco,2,45,32,Spain,30486,Pedro González López,6765,Rodrigo Hernández Cascante,Complete,20.884922,58.2,70.5,40.9,58.8
3869220,2022-12-06,Round of 16,Morocco,2,45,35,Spain,6765,Rodrigo Hernández Cascante,4353,Aymeric Laporte,Complete,19.736515,40.0,57.7,38.8,38.0
3869220,2022-12-06,Round of 16,Morocco,2,45,39,Spain,4353,Aymeric Laporte,6765,Rodrigo Hernández Cascante,Complete,22.0,41.1,31.0,41.1,53.0
3869220,2022-12-06,Round of 16,Morocco,2,45,43,Spain,6765,Rodrigo Hernández Cascante,5203,Sergio Busquets i Burgos,Complete,16.147446,48.6,54.1,62.9,46.6
3869220,2022-12-06,Round of 16,Morocco,2,45,44,Spain,5203,Sergio Busquets i Burgos,4353,Aymeric Laporte,Complete,16.565325,61.4,45.3,51.8,31.8
3869220,2022-12-06,Round of 16,Morocco,2,45,47,Spain,4353,Aymeric Laporte,5211,Jordi Alba Ramos,Complete,18.26171,56.9,28.6,55.4,10.4
3869220,2022-12-06,Round of 16,Morocco,2,45,50,Spain,5211,Jordi Alba Ramos,11748,Unai Simón Mendibil,Complete,32.868984,52.2,16.4,25.1,35.0
3869220,2022-12-06,Round of 16,Morocco,2,45,54,Spain,11748,Unai Simón Mendibil,6765,Rodrigo Hernández Cascante,Complete,23.99854,25.7,37.8,38.5,58.1
3869220,2022-12-06,Round of 16,Morocco,2,46,0,Spain,6765,Rodrigo Hernández Cascante,4353,Aymeric Laporte,Complete,25.612497,49.9,56.4,43.5,31.6
3869220,2022-12-06,Round of 16,Morocco,2,46,3,Spain,4353,Aymeric Laporte,5211,Jordi Alba Ramos,Complete,11.500435,46.7,20.7,52.2,10.6
3869220,2022-12-06,Round of 16,Morocco,2,46,6,Spain,5211,Jordi Alba Ramos,4353,Aymeric Laporte,Complete,14.320964,51.8,12.8,44.3,25.0
3869220,2022-12-06,Round of 16,Morocco,2,46,10,Spain,4353,Aymeric Laporte,6765,Rodrigo Hernández Cascante,Complete,20.824024,46.7,30.3,47.7,51.1
3869220,2022-12-06,Round of 16,Morocco,2,46,12,Spain,6765,Rodrigo Hernández Cascante,30486,Pedro González López,Complete,16.00125,49.2,51.7,54.2,66.9
3869220,2022-12-06,Round of 16,Morocco,2,46,16,Spain,30486,Pedro González López,5203,Sergio Busquets i Burgos,Complete,12.291867,62.3,70.8,63.8,58.6
3869220,2022-12-06,Round of 16,Morocco,2,46,17,Spain,5203,Sergio Busquets i Burgos,6840,Marcos Llorente Moreno,Complete,13.82353,64.4,58.3,76.6,64.8
3869220,2022-12-06,Round of 16,Morocco,2,46,19,Spain,6840,Marcos Llorente Moreno,5203,Sergio Busquets i Burgos,Complete,10.746628,78.3,62.8,67.6,61.8
3869220,2022-12-06,Round of 16,Morocco,2,46,20,Spain,5203,Sergio Busquets i Burgos,30486,Pedro González López,Complete,12.473973,67.6,61.8,70.2,74.0
3869220,2022-12-06,Round of 16,Morocco,2,46,21,Spain,30486,Pedro González López,6748,Ferrán Torres García,Complete,12.459535,73.4,74.0,85.2,78.0
3869220,2022-12-06,Round of 16,Morocco,2,46,23,Spain,6748,Ferrán Torres García,6840,Marcos Llorente Moreno,Complete,9.626006,85.0,78.0,92.9,72.5
3869220,2022-12-06,Round of 16,Morocco,2,46,24,Spain,6840,Marcos Llorente Moreno,6748,Ferrán Torres García,Complete,2.4698179,93.1,73.7,91.8,71.6
3869220,2022-12-06,Round of 16,Morocco,2,47,13,Spain,16532,Daniel Olmo Carvajal,30486,Pedro González López,Complete,4.90408,96.9,74.4,92.0,74.2
3869220,2022-12-06,Round of 16,Morocco,2,47,14,Spain,30486,Pedro González López,5719,Marco Asensio Willemsen,Complete,5.0447993,92.0,74.2,95.9,77.4
3869220,2022-12-06,Round of 16,Morocco,2,47,15,Spain,5719,Marco Asensio Willemsen,,,Incomplete,33.464756,95.9,77.4,111.7,47.9
3869220,2022-12-06,Round of 16,Morocco,2,47,37,Spain,30486,Pedro González López,6765,Rodrigo Hernández Cascante,Complete,34.328415,104.9,80.0,71.1,74.0
3869220,2022-12-06,Round of 16,Morocco,2,47,43,Spain,6765,Rodrigo Hernández Cascante,30486,Pedro González López,Complete,7.91012,75.5,68.6,75.1,76.5
3869220,2022-12-06,Round of 16,Morocco,2,47,44,Spain,30486,Pedro González López,4353,Aymeric Laporte,Complete,25.793217,75.1,76.5,69.6,51.3
3869220,2022-12-06,Round of 16,Morocco,2,47,47,Spain,4353,Aymeric Laporte,5211,Jordi Alba Ramos,Complete,19.90402,70.0,45.9,69.6,26.0
3869220,2022-12-06,Round of 16,Morocco,2,47,51,Spain,5211,Jordi Alba Ramos,6765,Rodrigo Hernández Cascante,Complete,23.24672,75.1,28.2,71.1,51.1
3869220,2022-12-06,Round of 16,Morocco,2,47,55,Spain,6765,Rodrigo Hernández Cascante,5203,Sergio Busquets i Burgos,Complete,8.602325,78.8,57.1,85.8,52.1
3869220,2022-12-06,Round of 16,Morocco,2,47,56,Spain,5203,Sergio Busquets i Burgos,4353,Aymeric Laporte,Complete,19.734488,85.8,52.1,71.5,38.5
3869220,2022-12-06,Round of 16,Morocco,2,47,59,Spain,4353,Aymeric Laporte,16532,Daniel Olmo Carvajal,Complete,35.400566,77.9,32.0,99.3,3.8
3869220,2022-12-06,Round of 16,Morocco,2,48,3,Spain,16532,Daniel Olmo Carvajal,5203,Sergio Busquets i Burgos,Complete,21.618742,94.2,9.8,93.3,31.4
3869220,2022-12-06,Round of 16,Morocco,2,48,4,Spain,5203,Sergio Busquets i Burgos,16532,Daniel Olmo Carvajal,Complete,9.176056,94.2,29.5,91.6,20.7
3869220,2022-12-06,Round of 16,Morocco,2,48,5,Spain,16532,Daniel Olmo Carvajal,5203,Sergio Busquets i Burgos,Complete,7.071068,91.6,20.7,95.0,26.9
3869220,2022-12-06,Round of 16,Morocco,2,48,5,Spain,5203,Sergio Busquets i Burgos,5719,Marco Asensio Willemsen,Complete,6.9892774,95.0,26.9,98.9,32.7
3869220,2022-12-06,Round of 16,Morocco,2,48,21,Spain,5211,Jordi Alba Ramos,16532,Daniel Olmo Carvajal,Complete,19.037857,106.8,0.1,100.6,18.1
3869220,2022-12-06,Round of 16,Morocco,2,48,32,Spain,6765,Rodrigo Hernández Cascante,5211,Jordi Alba Ramos,Complete,15.4402075,30.6,32.7,21.4,20.3
3869220,2022-12-06,Round of 16,Morocco,2,48,37,Spain,5211,Jordi Alba Ramos,11748,Unai Simón Mendibil,Complete,25.933184,13.1,7.2,2.8,31.0
3869220,2022-12-06,Round of 16,Morocco,2,48,39,Spain,11748,Unai Simón Mendibil,,,Incomplete,31.58354,5.6,34.2,37.0,30.8
3869220,2022-12-06,Round of 16,Morocco,2,48,46,Spain,4353,Aymeric Laporte,5203,Sergio Busquets i Burgos,Complete,7.2249565,17.2,31.0,24.4,31.6
3869220,2022-12-06,Round of 16,Morocco,2,48,47,Spain,5203,Sergio Busquets i Burgos,,,Incomplete,2.5079873,24.6,31.6,22.1,31.4
3869220,2022-12-06,Round of 16,Morocco,2,49,4,Spain,4353,Aymeric Laporte,6765,Rodrigo Hernández Cascante,Complete,22.378561,26.6,27.5,35.8,47.9
3869220,2022-12-06,Round of 16,Morocco,2,49,7,Spain,6765,Rodrigo Hernández Cascante,5203,Sergio Busquets i Burgos,Complete,14.060227,43.0,53.2,54.2,44.7
3869220,2022-12-06,Round of 16,Morocco,2,49,8,Spain,5203,Sergio Busquets i Burgos,6765,Rodrigo Hernández Cascante,Complete,12.432618,54.4,44.7,48.8,55.8
3869220,2022-12-06,Round of 16,Morocco,2,49,12,Spain,6765,Rodrigo Hernández Cascante,6840,Marcos Llorente Moreno,Complete,13.703284,57.2,60.7,56.9,74.4
3869220,2022-12-06,Round of 16,Morocco,2,49,14,Spain,6840,Marcos Llorente Moreno,6765,Rodrigo Hernández Cascante,Complete,13.411189,57.2,73.5,50.3,62.0
3869220,2022-12-06,Round of 16,Morocco,2,49,17,Spain,6765,Rodrigo Hernández Cascante,30486,Pedro González López,Complete,12.267437,50.7,69.7,61.4,63.7
3869220,2022-12-06,Round of 16,Morocco,2,49,18,Spain,30486,Pedro González López,4353,Aymeric Laporte,Complete,27.596558,61.4,63.7,46.0,40.8
3869220,2022-12-06,Round of 16,Morocco,2,49,25,Spain,4353,Aymeric Laporte,5211,Jordi Alba Ramos,Complete,14.328294,62.5,25.4,61.6,11.1
3869220,2022-12-06,Round of 16,Morocco,2,49,28,Spain,5211,Jordi Alba Ramos,5719,Marco Asensio Willemsen,Complete,42.31891,63.6,8.7,101.9,26.7
3869220,2022-12-06,Round of 16,Morocco,2,49,35,Spain,5719,Marco Asensio Willemsen,16532,Daniel Olmo Carvajal,Complete,13.185598,111.1,8.1,98.0,9.6
3869220,2022-12-06,Round of 16,Morocco,2,49,36,Spain,16532,Daniel Olmo Carvajal,5203,Sergio Busquets i Burgos,Complete,20.144478,99.1,8.3,90.9,26.7
3869220,2022-12-06,Round of 16,Morocco,2,49,37,Spain,5203,Sergio Busquets i Burgos,5211,Jordi Alba Ramos,Complete,20.10398,90.9,26.7,82.8,8.3
3869220,2022-12-06,Round of 16,Morocco,2,49,39,Spain,5211,Jordi Alba Ramos,6765,Rodrigo Hernández Cascante,Complete,27.825888,81.5,14.1,80.3,41.9
3869220,2022-12-06,Round of 16,Morocco,2,49,42,Spain,6765,Rodrigo Hernández Cascante,30486,Pedro González López,Complete,11.462984,83.0,44.2,81.8,55.6
3869220,2022-12-06,Round of 16,Morocco,2,49,44,Spain,30486,Pedro González López,6840,Marcos Llorente Moreno,Complete,15.408114,84.7,58.1,100.1,58.6
3869220,2022-12-06,Round of 16,Morocco,2,49,45,Spain,6840,Marcos Llorente Moreno,6748,Ferrán Torres García,Pass Offside,21.260761,100.1,58.1,113.0,75.0
3869220,2022-12-06,Round of 16,Morocco,2,50,34,Spain,6765,Rodrigo Hernández Cascante,,,Incomplete,25.468609,43.0,74.0,67.4,66.7
3869220,2022-12-06,Round of 16,Morocco,2,50,38,Spain,6765,Rodrigo Hernández Cascante,,,Incomplete,3.206244,43.0,66.5,46.2,66.7
3869220,2022-12-06,Round of 16,Morocco,2,50,39,Spain,6765,Rodrigo Hernández Cascante,6840,Marcos Llorente Moreno,Complete,10.24207,39.0,66.9,40.7,77.0
3869220,2022-12-06,Round of 16,Morocco,2,50,41,Spain,6840,Marcos Llorente Moreno,6765,Rodrigo Hernández Cascante,Complete,13.591541,40.3,77.8,29.1,70.1
3869220,2022-12-06,Round of 16,Morocco,2,50,47,Spain,6765,Rodrigo Hernández Cascante,4353,Aymeric Laporte,Complete,24.607315,38.1,55.6,37.5,31.0
3869220,2022-12-06,Round of 16,Morocco,2,50,51,Spain,4353,Aymeric Laporte,5211,Jordi Alba Ramos,Complete,15.171354,50.5,22.8,56.1,8.7
3869220,2022-12-06,Round of 16,Morocco,2,50,53,Spain,5211,Jordi Alba Ramos,16532,Daniel Olmo Carvajal,Complete,11.771152,56.5,6.2,68.1,4.2
3869220,2022-12-06,Round of 16,Morocco,2,51,16,Spain,5211,Jordi Alba Ramos,6765,Rodrigo Hernández Cascante,Complete,33.58467,73.2,11.7,64.0,44.0
3869220,2022-12-06,Round of 16,Morocco,2,51,20,Spain,6765,Rodrigo Hernández Cascante,30486,Pedro González López,Complete,20.49195,68.3,48.1,74.9,67.5
3869220,2022-12-06,Round of 16,Morocco,2,51,23,Spain,30486,Pedro González López,5719,Marco Asensio Willemsen,Complete,11.74436,79.2,66.5,88.4,59.2
3869220,2022-12-06,Round of 16,Morocco,2,51,23,Spain,5719,Marco Asensio Willemsen,6840,Marcos Llorente Moreno,Incomplete,2.6172504,88.8,59.8,91.4,60.1
3869220,2022-12-06,Round of 16,Morocco,2,51,27,Spain,6765,Rodrigo Hernández Cascante,30486,Pedro González López,Complete,17.561605,67.6,60.1,63.6,77.2
3869220,2022-12-06,Round of 16,Morocco,2,51,30,Spain,30486,Pedro González López,6765,Rodrigo Hernández Cascante,Complete,16.559288,55.0,77.0,46.0,63.1
3869220,2022-12-06,Round of 16,Morocco,2,51,33,Spain,6765,Rodrigo Hernández Cascante,4353,Aymeric Laporte,Complete,22.92706,46.2,59.8,53.3,38.0
3869220,2022-12-06,Round of 16,Morocco,2,51,36,Spain,4353,Aymeric Laporte,5211,Jordi Alba Ramos,Incomplete,33.388023,58.2,29.7,89.2,17.3
3869220,2022-12-06,Round of 16,Morocco,2,52,38,Spain,11748,Unai Simón Mendibil,4353,Aymeric Laporte,Complete,8.720665,7.0,36.1,12.7,29.5
3869220,2022-12-06,Round of 16,Morocco,2,52,43,Spain,4353,Aymeric Laporte,6765,Rodrigo Hernández Cascante,Complete,27.348492,33.4,29.7,40.9,56.0
3869220,2022-12-06,Round of 16,Morocco,2,52,49,Spain,6765,Rodrigo Hernández Cascante,4353,Aymeric Laporte,Complete,26.488487,54.2,58.1,48.2,32.3
3869220,2022-12-06,Round of 16,Morocco,2,52,52,Spain,4353,Aymeric Laporte,5211,Jordi Alba Ramos,Complete,19.101831,52.4,30.8,58.2,12.6
3869220,2022-12-06,Round of 16,Morocco,2,52,54,Spain,5211,Jordi Alba Ramos,16532,Daniel Olmo Carvajal,Complete,13.875518,62.7,11.5,74.5,4.2
3869220,2022-12-06,Round of 16,Morocco,2,52,55,Spain,16532,Daniel Olmo Carvajal,5211,Jordi Alba Ramos,Complete,12.055289,73.8,4.7,69.6,16.0
3869220,2022-12-06,Round of 16,Morocco,2,52,56,Spain,5211,Jordi Alba Ramos,16532,Daniel Olmo Carvajal,Complete,13.6,69.6,16.0,76.0,4.0
3869220,2022-12-06,Round of 16,Morocco,2,53,0,Spain,16532,Daniel Olmo Carvajal,133353,Pablo Martín Páez Gavira,Complete,19.234604,83.5,12.1,102.1,7.2
3869220,2022-12-06,Round of 16,Morocco,2,53,59,Spain,5719,Marco Asensio Willemsen,16532,Daniel Olmo Carvajal,Complete,3.2202485,112.8,14.5,110.2,12.6
3869220,2022-12-06,Round of 16,Morocco,2,54,13,Spain,6840,Marcos Llorente Moreno,6765,Rodrigo Hernández Cascante,Complete,17.424408,105.3,80.0,88.8,74.4
3869220,2022-12-06,Round of 16,Morocco,2,54,17,Spain,6765,Rodrigo Hernández Cascante,5211,Jordi Alba Ramos,Complete,34.45243,87.1,65.2,85.2,30.8
3869220,2022-12-06,Round of 16,Morocco,2,54,20,Spain,5211,Jordi Alba Ramos,4353,Aymeric Laporte,Complete,19.030764,80.7,28.2,69.8,43.8
3869220,2022-12-06,Round of 16,Morocco,2,54,22,Spain,4353,Aymeric Laporte,6765,Rodrigo Hernández Cascante,Complete,16.635504,68.1,44.4,73.6,60.1
3869220,2022-12-06,Round of 16,Morocco,2,54,25,Spain,6765,Rodrigo Hernández Cascante,30486,Pedro González López,Complete,11.175867,75.1,62.6,76.4,73.7
3869220,2022-12-06,Round of 16,Morocco,2,54,29,Spain,30486,Pedro González López,5719,Marco Asensio Willemsen,Complete,9.355747,84.5,58.8,93.7,57.1
3869220,2022-12-06,Round of 16,Morocco,2,54,29,Spain,5719,Marco Asensio Willemsen,6748,Ferrán Torres García,Incomplete,3.981206,93.7,57.1,97.6,57.9
3869220,2022-12-06,Round of 16,Morocco,2,54,36,Spain,6765,Rodrigo Hernández Cascante,30486,Pedro González López,Complete,14.230249,62.9,80.0,58.4,66.5
3869220,2022-12-06,Round of 16,Morocco,2,54,40,Spain,30486,Pedro González López,4353,Aymeric Laporte,Complete,25.400787,59.3,63.9,59.5,38.5
3869220,2022-12-06,Round of 16,Morocco,2,54,45,Spain,4353,Aymeric Laporte,5211,Jordi Alba Ramos,Complete,10.358571,69.3,24.8,70.4,14.5
3869220,2022-12-06,Round of 16,Morocco,2,54,48,Spain,5211,Jordi Alba Ramos,6765,Rodrigo Hernández Cascante,Complete,32.53567,70.4,14.9,64.0,46.8
3869220,2022-12-06,Round of 16,Morocco,2,54,52,Spain,6765,Rodrigo Hernández Cascante,5719,Marco Asensio Willemsen,Complete,10.804628,70.8,51.9,81.5,53.4
3869220,2022-12-06,Round of 16,Morocco,2,54,53,Spain,5719,Marco Asensio Willemsen,6765,Rodrigo Hernández Cascante,Complete,29.791945,81.5,53.4,53.1,44.4
3869220,2022-12-06,Round of 16,Morocco,2,55,0,Spain,6765,Rodrigo Hernández Cascante,4353,Aymeric Laporte,Complete,15.0,57.4,44.0,57.4,29.0
3869220,2022-12-06,Round of 16,Morocco,2,55,4,Spain,4353,Aymeric Laporte,6765,Rodrigo Hernández Cascante,Complete,19.163769,63.1,26.9,60.6,45.9
3869220,2022-12-06,Round of 16,Morocco,2,55,8,Spain,6765,Rodrigo Hernández Cascante,4353,Aymeric Laporte,Complete,18.645374,61.6,48.9,62.9,30.3
3869220,2022-12-06,Round of 16,Morocco,2,55,11,Spain,4353,Aymeric Laporte,133353,Pablo Martín Páez Gavira,Complete,16.702694,69.3,29.5,69.6,12.8
3869220,2022-12-06,Round of 16,Morocco,2,55,13,Spain,133353,Pablo Martín Páez Gavira,4353,Aymeric Laporte,Complete,14.948579,68.9,9.2,63.4,23.1
3869220,2022-12-06,Round of 16,Morocco,2,55,14,Spain,4353,Aymeric Laporte,133353,Pablo Martín Páez Gavira,Complete,10.470912,61.6,19.2,66.6,10.0
3869220,2022-12-06,Round of 16,Morocco,2,55,16,Spain,133353,Pablo Martín Páez Gavira,5211,Jordi Alba Ramos,Complete,11.359577,64.9,9.2,75.1,4.2
3869220,2022-12-06,Round of 16,Morocco,2,55,17,Spain,5211,Jordi Alba Ramos,133353,Pablo Martín Páez Gavira,Complete,12.1938505,75.1,4.2,64.6,10.4
3869220,2022-12-06,Round of 16,Morocco,2,55,18,Spain,133353,Pablo Martín Páez Gavira,5211,Jordi Alba Ramos,Incomplete,16.451445,65.1,7.2,81.5,5.9
3869220,2022-12-06,Round of 16,Morocco,2,55,47,Spain,6765,Rodrigo Hernández Cascante,,,Incomplete,40.664974,42.0,37.4,64.0,71.6
3869220,2022-12-06,Round of 16,Morocco,2,56,3,Spain,6840,Marcos Llorente Moreno,6748,Ferrán Torres García,Complete,14.738385,40.5,58.6,45.4,72.5
3869220,2022-12-06,Round of 16,Morocco,2,56,5,Spain,6748,Ferrán Torres García,6840,Marcos Llorente Moreno,Complete,7.741447,45.0,72.5,45.8,64.8
3869220,2022-12-06,Round of 16,Morocco,2,56,7,Spain,6840,Marcos Llorente Moreno,5203,Sergio Busquets i Burgos,Complete,13.008459,46.5,65.0,39.4,54.1
3869220,2022-12-06,Round of 16,Morocco,2,56,8,Spain,5203,Sergio Busquets i Burgos,4353,Aymeric Laporte,Complete,14.06556,39.6,52.8,32.6,40.6
3869220,2022-12-06,Round of 16,Morocco,2,56,11,Spain,4353,Aymeric Laporte,5211,Jordi Alba Ramos,Complete,13.986422,33.4,35.5,38.3,22.4
3869220,2022-12-06,Round of 16,Morocco,2,56,15,Spain,5211,Jordi Alba Ramos,5203,Sergio Busquets i Burgos,Complete,23.65798,45.6,21.3,53.5,43.6
3869220,2022-12-06,Round of 16,Morocco,2,56,18,Spain,5203,Sergio Busquets i Burgos,6748,Ferrán Torres García,Complete,39.83993,56.9,47.7,83.0,77.8
3869220,2022-12-06,Round of 16,Morocco,2,57,45,Spain,30486,Pedro González López,,,Unknown,3.8910153,32.8,42.5,29.3,40.8
3869220,2022-12-06,Round of 16,Morocco,2,57,59,Spain,4353,Aymeric Laporte,6765,Rodrigo Hernández Cascante,Complete,20.96521,27.4,37.4,35.1,56.9
3869220,2022-12-06,Round of 16,Morocco,2,58,8,Spain,6765,Rodrigo Hernández Cascante,6840,Marcos Llorente Moreno,Complete,19.00421,56.7,54.5,56.3,73.5
3869220,2022-12-06,Round of 16,Morocco,2,58,12,Spain,6840,Marcos Llorente Moreno,4353,Aymeric Laporte,Complete,32.46167,58.0,69.3,45.6,39.3
3869220,2022-12-06,Round of 16,Morocco,2,58,16,Spain,4353,Aymeric Laporte,5211,Jordi Alba Ramos,Complete,19.102356,48.8,30.1,56.9,12.8
3869220,2022-12-06,Round of 16,Morocco,2,58,17,Spain,5211,Jordi Alba Ramos,4353,Aymeric Laporte,Complete,14.354442,57.2,11.9,51.8,25.2
3869220,2022-12-06,Round of 16,Morocco,2,58,20,Spain,4353,Aymeric Laporte,5203,Sergio Busquets i Burgos,Complete,13.242356,56.5,26.7,68.5,32.3
3869220,2022-12-06,Round of 16,Morocco,2,58,21,Spain,5203,Sergio Busquets i Burgos,133353,Pablo Martín Páez Gavira,Complete,11.819053,68.5,32.3,78.5,26.0
3869220,2022-12-06,Round of 16,Morocco,2,58,23,Spain,133353,Pablo Martín Páez Gavira,16532,Daniel Olmo Carvajal,Complete,22.908514,83.5,24.6,93.1,3.8
3869220,2022-12-06,Round of 16,Morocco,2,58,52,Spain,5211,Jordi Alba Ramos,4353,Aymeric Laporte,Complete,20.62353,93.7,0.1,75.5,9.8
3869220,2022-12-06,Round of 16,Morocco,2,58,56,Spain,4353,Aymeric Laporte,6765,Rodrigo Hernández Cascante,Complete,21.253,81.1,20.5,79.6,41.7
3869220,2022-12-06,Round of 16,Morocco,2,59,0,Spain,6765,Rodrigo Hernández Cascante,6840,Marcos Llorente Moreno,Complete,19.21666,79.6,44.7,78.8,63.9
3869220,2022-12-06,Round of 16,Morocco,2,59,3,Spain,6840,Marcos Llorente Moreno,5203,Sergio Busquets i Burgos,Complete,9.079648,78.5,59.8,87.5,58.6
3869220,2022-12-06,Round of 16,Morocco,2,59,4,Spain,5203,Sergio Busquets i Burgos,30486,Pedro González López,Incomplete,6.1846585,87.5,58.1,93.5,59.6
3869220,2022-12-06,Round of 16,Morocco,2,59,7,Spain,6840,Marcos Llorente Moreno,6765,Rodrigo Hernández Cascante,Complete,11.957006,80.5,60.5,74.1,50.4
3869220,2022-12-06,Round of 16,Morocco,2,59,13,Spain,6765,Rodrigo Hernández Cascante,4353,Aymeric Laporte,Complete,24.641834,85.0,60.1,74.1,38.0
3869220,2022-12-06,Round of 16,Morocco,2,59,17,Spain,4353,Aymeric Laporte,5211,Jordi Alba Ramos,Complete,10.610373,77.7,33.1,85.0,25.4
3869220,2022-12-06,Round of 16,Morocco,2,59,21,Spain,5211,Jordi Alba Ramos,30486,Pedro González López,Incomplete,18.539957,88.0,27.5,102.3,39.3
3869220,2022-12-06,Round of 16,Morocco,2,59,24,Spain,5203,Sergio Busquets i Burgos,,,Incomplete,18.701069,92.4,38.7,111.1,38.5
3869220,2022-12-06,Round of 16,Morocco,2,59,58,Spain,11748,Unai Simón Mendibil,6765,Rodrigo Hernández Cascante,Complete,22.285421,7.0,44.1,27.8,52.1
3869220,2022-12-06,Round of 16,Morocco,2,60,3,Spain,6765,Rodrigo Hernández Cascante,4353,Aymeric Laporte,Complete,20.784851,57.8,51.1,51.8,31.2
3869220,2022-12-06,Round of 16,Morocco,2,60,5,Spain,4353,Aymeric Laporte,6765,Rodrigo Hernández Cascante,Complete,18.8,55.0,30.1,55.0,48.9
3869220,2022-12-06,Round of 16,Morocco,2,60,7,Spain,6765,Rodrigo Hernández Cascante,4353,Aymeric Laporte,Complete,23.40299,52.2,47.7,44.5,25.6
3869220,2022-12-06,Round of 16,Morocco,2,60,10,Spain,4353,Aymeric Laporte,5211,Jordi Alba Ramos,Complete,17.0511,44.5,21.6,48.8,5.1
3869220,2022-12-06,Round of 16,Morocco,2,60,12,Spain,5211,Jordi Alba Ramos,4353,Aymeric Laporte,Complete,16.95789,46.5,8.1,39.4,23.5
3869220,2022-12-06,Round of 16,Morocco,2,60,15,Spain,4353,Aymeric Laporte,6765,Rodrigo Hernández Cascante,Complete,21.2,44.7,27.1,44.7,48.3
3869220,2022-12-06,Round of 16,Morocco,2,60,21,Spain,6765,Rodrigo Hernández Cascante,4353,Aymeric Laporte,Complete,22.550388,58.7,57.9,56.1,35.5
3869220,2022-12-06,Round of 16,Morocco,2,60,25,Spain,4353,Aymeric Laporte,5211,Jordi Alba Ramos,Complete,21.203773,64.4,31.2,64.0,10.0
3869220,2022-12-06,Round of 16,Morocco,2,60,27,Spain,5211,Jordi Alba Ramos,133353,Pablo Martín Páez Gavira,Complete,22.485996,64.6,6.4,86.5,11.5
3869220,2022-12-06,Round of 16,Morocco,2,61,27,Spain,30486,Pedro González López,5211,Jordi Alba Ramos,Complete,17.062824,86.5,14.5,83.0,31.2
3869220,2022-12-06,Round of 16,Morocco,2,61,29,Spain,5211,Jordi Alba Ramos,30486,Pedro González López,Complete,16.009996,82.4,27.3,86.0,11.7
3869220,2022-12-06,Round of 16,Morocco,2,61,32,Spain,30486,Pedro González López,5211,Jordi Alba Ramos,Complete,12.91201,90.3,12.8,86.7,25.2
3869220,2022-12-06,Round of 16,Morocco,2,61,35,Spain,5211,Jordi Alba Ramos,,,Incomplete,32.122578,89.2,25.4,111.1,48.9
3869220,2022-12-06,Round of 16,Morocco,2,63,45,Spain,11748,Unai Simón Mendibil,6765,Rodrigo Hernández Cascante,Complete,20.847063,14.8,42.7,24.6,61.1
3869220,2022-12-06,Round of 16,Morocco,2,63,48,Spain,6765,Rodrigo Hernández Cascante,5203,Sergio Busquets i Burgos,Complete,16.532393,32.6,61.1,46.2,51.7
3869220,2022-12-06,Round of 16,Morocco,2,63,52,Spain,5203,Sergio Busquets i Burgos,4353,Aymeric Laporte,Complete,18.94228,45.8,49.8,41.3,31.4
3869220,2022-12-06,Round of 16,Morocco,2,63,56,Spain,4353,Aymeric Laporte,6765,Rodrigo Hernández Cascante,Complete,21.800917,48.6,30.8,48.8,52.6
3869220,2022-12-06,Round of 16,Morocco,2,63,59,Spain,6765,Rodrigo Hernández Cascante,6583,Carlos Soler Barragán,Complete,14.800675,53.3,56.4,57.8,70.5
3869220,2022-12-06,Round of 16,Morocco,2,64,3,Spain,6583,Carlos Soler Barragán,6765,Rodrigo Hernández Cascante,Complete,17.670597,67.0,71.8,58.7,56.2
3869220,2022-12-06,Round of 16,Morocco,2,64,5,Spain,6765,Rodrigo Hernández Cascante,4353,Aymeric Laporte,Complete,17.601137,62.5,52.4,62.3,34.8
3869220,2022-12-06,Round of 16,Morocco,2,64,8,Spain,4353,Aymeric Laporte,5211,Jordi Alba Ramos,Complete,15.6,68.9,29.7,68.9,14.1
3869220,2022-12-06,Round of 16,Morocco,2,64,10,Spain,5211,Jordi Alba Ramos,16532,Daniel Olmo Carvajal,Complete,18.997368,70.0,11.3,87.7,4.4
3869220,2022-12-06,Round of 16,Morocco,2,64,13,Spain,16532,Daniel Olmo Carvajal,4353,Aymeric Laporte,Complete,29.681139,87.3,4.9,62.9,21.8
3869220,2022-12-06,Round of 16,Morocco,2,64,16,Spain,4353,Aymeric Laporte,6765,Rodrigo Hernández Cascante,Complete,19.338045,64.0,25.4,67.6,44.4
3869220,2022-12-06,Round of 16,Morocco,2,64,19,Spain,6765,Rodrigo Hernández Cascante,6748,Ferrán Torres García,Complete,36.919506,68.1,47.9,91.2,76.7
3869220,2022-12-06,Round of 16,Morocco,2,64,28,Spain,6765,Rodrigo Hernández Cascante,6583,Carlos Soler Barragán,Complete,10.084146,60.4,74.8,70.4,73.5
3869220,2022-12-06,Round of 16,Morocco,2,64,30,Spain,6583,Carlos Soler Barragán,4353,Aymeric Laporte,Complete,28.481047,69.8,68.8,58.4,42.7
3869220,2022-12-06,Round of 16,Morocco,2,64,33,Spain,4353,Aymeric Laporte,30486,Pedro González López,Complete,19.147062,63.8,37.6,72.8,20.7
3869220,2022-12-06,Round of 16,Morocco,2,64,37,Spain,30486,Pedro González López,6765,Rodrigo Hernández Cascante,Complete,23.229723,74.3,25.2,70.4,48.1
3869220,2022-12-06,Round of 16,Morocco,2,64,42,Spain,6765,Rodrigo Hernández Cascante,6583,Carlos Soler Barragán,Complete,7.7162166,75.5,54.5,76.0,62.2
3869220,2022-12-06,Round of 16,Morocco,2,64,44,Spain,6583,Carlos Soler Barragán,6748,Ferrán Torres García,Complete,21.663334,77.3,65.8,94.4,79.1
3869220,2022-12-06,Round of 16,Morocco,2,64,47,Spain,6748,Ferrán Torres García,,,Incomplete,22.561028,99.3,78.7,108.5,58.1
3869220,2022-12-06,Round of 16,Morocco,2,64,49,Spain,5203,Sergio Busquets i Burgos,6748,Ferrán Torres García,Complete,21.992044,94.4,58.3,86.7,78.9
3869220,2022-12-06,Round of 16,Morocco,2,64,53,Spain,6748,Ferrán Torres García,6765,Rodrigo Hernández Cascante,Complete,18.752333,85.4,78.2,75.3,62.4
3869220,2022-12-06,Round of 16,Morocco,2,64,55,Spain,6765,Rodrigo Hernández Cascante,4353,Aymeric Laporte,Complete,19.428072,79.2,59.6,74.3,40.8
3869220,2022-12-06,Round of 16,Morocco,2,64,58,Spain,4353,Aymeric Laporte,6748,Ferrán Torres García,Out,47.69235,76.0,42.1,120.0,60.5
3869220,2022-12-06,Round of 16,Morocco,2,66,15,Spain,4353,Aymeric Laporte,16532,Daniel Olmo Carvajal,Incomplete,31.881813,50.3,17.7,82.0,14.3
3869220,2022-12-06,Round of 16,Morocco,2,66,19,Spain,16532,Daniel Olmo Carvajal,6748,Ferrán Torres García,Incomplete,30.802597,74.1,22.0,92.9,46.4
3869220,2022-12-06,Round of 16,Morocco,2,66,25,Spain,30486,Pedro González López,4353,Aymeric Laporte,Complete,23.065342,66.1,24.8,43.7,30.3
3869220,2022-12-06,Round of 16,Morocco,2,66,30,Spain,4353,Aymeric Laporte,30486,Pedro González López,Complete,13.232158,43.0,27.3,52.7,18.3
3869220,2022-12-06,Round of 16,Morocco,2,66,34,Spain,30486,Pedro González López,5211,Jordi Alba Ramos,Complete,18.18351,60.6,14.1,76.4,5.1
3869220,2022-12-06,Round of 16,Morocco,2,66,36,Spain,5211,Jordi Alba Ramos,30486,Pedro González López,Complete,15.280052,75.8,5.3,63.6,14.5
3869220,2022-12-06,Round of 16,Morocco,2,66,38,Spain,30486,Pedro González López,6765,Rodrigo Hernández Cascante,Complete,27.658634,63.4,19.0,61.6,46.6
3869220,2022-12-06,Round of 16,Morocco,2,66,42,Spain,6765,Rodrigo Hernández Cascante,6840,Marcos Llorente Moreno,Complete,21.805046,63.4,47.7,68.9,68.8
3869220,2022-12-06,Round of 16,Morocco,2,66,44,Spain,6840,Marcos Llorente Moreno,6748,Ferrán Torres García,Complete,14.045996,68.9,71.4,80.9,78.7
3869220,2022-12-06,Round of 16,Morocco,2,66,47,Spain,6748,Ferrán Torres García,6840,Marcos Llorente Moreno,Complete,12.806249,81.3,78.9,68.9,75.7
3869220,2022-12-06,Round of 16,Morocco,2,66,49,Spain,6840,Marcos Llorente Moreno,4353,Aymeric Laporte,Complete,36.195164,69.6,70.3,61.6,35.0
3869220,2022-12-06,Round of 16,Morocco,2,66,54,Spain,4353,Aymeric Laporte,5211,Jordi Alba Ramos,Complete,26.391096,72.3,23.3,90.3,4.0
3869220,2022-12-06,Round of 16,Morocco,2,66,58,Spain,5211,Jordi Alba Ramos,30486,Pedro González López,Complete,13.541787,89.2,4.7,78.5,13.0
3869220,2022-12-06,Round of 16,Morocco,2,67,1,Spain,30486,Pedro González López,6765,Rodrigo Hernández Cascante,Complete,25.248365,75.5,19.4,68.3,43.6
3869220,2022-12-06,Round of 16,Morocco,2,67,5,Spain,6765,Rodrigo Hernández Cascante,6840,Marcos Llorente Moreno,Complete,15.9012575,81.1,56.4,81.3,72.3
3869220,2022-12-06,Round of 16,Morocco,2,67,9,Spain,6840,Marcos Llorente Moreno,6748,Ferrán Torres García,Complete,7.465253,86.9,72.7,91.6,78.5
3869220,2022-12-06,Round of 16,Morocco,2,67,25,Spain,6840,Marcos Llorente Moreno,6765,Rodrigo Hernández Cascante,Complete,24.189667,105.9,80.0,82.6,73.5
3869220,2022-12-06,Round of 16,Morocco,2,67,28,Spain,6765,Rodrigo Hernández Cascante,4353,Aymeric Laporte,Complete,26.264044,83.0,68.6,73.8,44.0
3869220,2022-12-06,Round of 16,Morocco,2,67,32,Spain,4353,Aymeric Laporte,30486,Pedro González López,Complete,13.118308,74.1,38.0,79.4,26.0
3869220,2022-12-06,Round of 16,Morocco,2,67,34,Spain,30486,Pedro González López,5211,Jordi Alba Ramos,Complete,27.26848,81.3,23.7,102.7,6.8
3869220,2022-12-06,Round of 16,Morocco,2,67,36,Spain,5211,Jordi Alba Ramos,,,Incomplete,3.224903,105.5,6.8,105.9,10.0
3869220,2022-12-06,Round of 16,Morocco,2,67,55,Spain,16532,Daniel Olmo Carvajal,6583,Carlos Soler Barragán,Complete,7.3,120.0,0.1,114.5,4.9
3869220,2022-12-06,Round of 16,Morocco,2,67,59,Spain,6583,Carlos Soler Barragán,30486,Pedro González López,Complete,12.748726,109.1,7.4,96.9,11.1
3869220,2022-12-06,Round of 16,Morocco,2,68,2,Spain,30486,Pedro González López,5211,Jordi Alba Ramos,Complete,15.387333,95.4,13.2,88.8,27.1
3869220,2022-12-06,Round of 16,Morocco,2,68,4,Spain,5211,Jordi Alba Ramos,30486,Pedro González López,Complete,11.806778,90.9,29.9,93.1,18.3
3869220,2022-12-06,Round of 16,Morocco,2,68,6,Spain,30486,Pedro González López,16532,Daniel Olmo Carvajal,Complete,10.489042,93.1,19.6,101.0,26.5
3869220,2022-12-06,Round of 16,Morocco,2,68,7,Spain,16532,Daniel Olmo Carvajal,6583,Carlos Soler Barragán,Complete,20.663252,99.9,26.3,111.5,9.2
3869220,2022-12-06,Round of 16,Morocco,2,68,10,Spain,6583,Carlos Soler Barragán,30486,Pedro González López,Complete,16.18178,111.5,8.1,95.9,12.4
3869220,2022-12-06,Round of 16,Morocco,2,68,11,Spain,30486,Pedro González López,5211,Jordi Alba Ramos,Complete,14.0346,93.5,10.2,85.6,21.8
3869220,2022-12-06,Round of 16,Morocco,2,68,14,Spain,5211,Jordi Alba Ramos,,,Incomplete,22.14159,89.9,22.6,105.1,38.7
3869220,2022-12-06,Round of 16,Morocco,2,68,17,Spain,5211,Jordi Alba Ramos,5203,Sergio Busquets i Burgos,Complete,6.742403,86.0,34.0,89.9,39.5
3869220,2022-12-06,Round of 16,Morocco,2,68,18,Spain,5203,Sergio Busquets i Burgos,6840,Marcos Llorente Moreno,Complete,14.57738,89.7,42.1,86.0,56.2
3869220,2022-12-06,Round of 16,Morocco,2,68,20,Spain,6840,Marcos Llorente Moreno,6748,Ferrán Torres García,Complete,21.720037,86.7,59.6,99.7,77.0
3869220,2022-12-06,Round of 16,Morocco,2,68,25,Spain,6748,Ferrán Torres García,5211,Jordi Alba Ramos,Complete,27.166155,87.5,75.2,68.9,55.4
3869220,2022-12-06,Round of 16,Morocco,2,68,27,Spain,5211,Jordi Alba Ramos,30486,Pedro González López,Complete,20.90287,69.1,53.6,75.8,33.8
3869220,2022-12-06,Round of 16,Morocco,2,68,29,Spain,30486,Pedro González López,5203,Sergio Busquets i Burgos,Complete,8.348653,75.8,33.8,78.5,41.7
3869220,2022-12-06,Round of 16,Morocco,2,68,30,Spain,5203,Sergio Busquets i Burgos,5211,Jordi Alba Ramos,Complete,13.551753,79.2,42.5,65.9,45.1
3869220,2022-12-06,Round of 16,Morocco,2,68,32,Spain,5211,Jordi Alba Ramos,16532,Daniel Olmo Carvajal,Complete,16.50818,65.3,40.2,80.9,34.8
3869220,2022-12-06,Round of 16,Morocco,2,68,34,Spain,16532,Daniel Olmo Carvajal,3477,Álvaro Borja Morata Martín,Complete,10.04241,88.4,36.5,96.3,30.3
3869220,2022-12-06,Round of 16,Morocco,2,69,27,Spain,6840,Marcos Llorente Moreno,5203,Sergio Busquets i Burgos,Complete,10.707007,58.0,58.6,63.8,49.6
3869220,2022-12-06,Round of 16,Morocco,2,69,29,Spain,5203,Sergio Busquets i Burgos,4353,Aymeric Laporte,Complete,11.119802,60.1,48.5,52.7,40.2
3869220,2022-12-06,Round of 16,Morocco,2,69,30,Spain,4353,Aymeric Laporte,6765,Rodrigo Hernández Cascante,Complete,9.740637,52.7,40.2,49.5,49.4
3869220,2022-12-06,Round of 16,Morocco,2,69,37,Spain,6765,Rodrigo Hernández Cascante,4353,Aymeric Laporte,Complete,16.414932,63.6,52.6,60.4,36.5
3869220,2022-12-06,Round of 16,Morocco,2,69,40,Spain,4353,Aymeric Laporte,5211,Jordi Alba Ramos,Complete,16.124516,63.4,31.2,69.8,16.4
3869220,2022-12-06,Round of 16,Morocco,2,69,43,Spain,5211,Jordi Alba Ramos,30486,Pedro González López,Complete,11.800424,71.7,14.3,68.3,25.6
3869220,2022-12-06,Round of 16,Morocco,2,69,46,Spain,30486,Pedro González López,6765,Rodrigo Hernández Cascante,Complete,13.960659,64.0,32.0,65.3,45.9
3869220,2022-12-06,Round of 16,Morocco,2,69,49,Spain,6765,Rodrigo Hernández Cascante,6840,Marcos Llorente Moreno,Complete,17.517134,68.5,51.9,72.3,69.0
3869220,2022-12-06,Round of 16,Morocco,2,69,52,Spain,6840,Marcos Llorente Moreno,4353,Aymeric Laporte,Complete,29.30802,74.5,66.3,63.1,39.3
3869220,2022-12-06,Round of 16,Morocco,2,69,56,Spain,4353,Aymeric Laporte,30486,Pedro González López,Complete,17.492855,68.1,39.3,74.7,23.1
3869220,2022-12-06,Round of 16,Morocco,2,69,58,Spain,30486,Pedro González López,5211,Jordi Alba Ramos,Complete,24.395287,76.2,20.1,93.5,2.9
3869220,2022-12-06,Round of 16,Morocco,2,70,1,Spain,5211,Jordi Alba Ramos,30486,Pedro González López,Complete,14.103191,90.1,6.2,79.0,14.9
3869220,2022-12-06,Round of 16,Morocco,2,70,4,Spain,30486,Pedro González López,6583,Carlos Soler Barragán,Complete,35.940228,79.0,21.8,77.3,57.7
3869220,2022-12-06,Round of 16,Morocco,2,70,8,Spain,6583,Carlos Soler Barragán,6765,Rodrigo Hernández Cascante,Complete,10.701869,75.1,62.4,75.3,51.7
3869220,2022-12-06,Round of 16,Morocco,2,70,12,Spain,6765,Rodrigo Hernández Cascante,6583,Carlos Soler Barragán,Complete,11.317685,80.7,55.4,86.0,65.4
3869220,2022-12-06,Round of 16,Morocco,2,70,14,Spain,6583,Carlos Soler Barragán,6840,Marcos Llorente Moreno,Complete,9.068627,86.9,73.1,93.7,79.1
3869220,2022-12-06,Round of 16,Morocco,2,70,16,Spain,6840,Marcos Llorente Moreno,6583,Carlos Soler Barragán,Complete,12.8140545,93.3,78.0,80.5,77.4
3869220,2022-12-06,Round of 16,Morocco,2,70,18,Spain,6583,Carlos Soler Barragán,6765,Rodrigo Hernández Cascante,Complete,11.9,74.7,76.5,69.1,66.0
3869220,2022-12-06,Round of 16,Morocco,2,70,22,Spain,6765,Rodrigo Hernández Cascante,4353,Aymeric Laporte,Complete,26.921553,76.2,60.5,69.6,34.4
3869220,2022-12-06,Round of 16,Morocco,2,70,24,Spain,4353,Aymeric Laporte,30486,Pedro González López,Complete,10.781466,74.5,28.0,81.5,19.8
3869220,2022-12-06,Round of 16,Morocco,2,70,26,Spain,30486,Pedro González López,5211,Jordi Alba Ramos,Complete,17.582378,81.8,16.9,93.3,3.6
3869220,2022-12-06,Round of 16,Morocco,2,70,28,Spain,5211,Jordi Alba Ramos,30486,Pedro González López,Complete,13.727709,91.4,5.5,80.7,14.1
3869220,2022-12-06,Round of 16,Morocco,2,70,31,Spain,30486,Pedro González López,5203,Sergio Busquets i Burgos,Complete,10.070253,81.3,20.5,86.7,29.0
3869220,2022-12-06,Round of 16,Morocco,2,70,32,Spain,5203,Sergio Busquets i Burgos,4353,Aymeric Laporte,Complete,14.286357,86.7,29.0,72.6,26.7
3869220,2022-12-06,Round of 16,Morocco,2,70,37,Spain,4353,Aymeric Laporte,30486,Pedro González López,Complete,11.2272,78.1,28.0,81.5,17.3
3869220,2022-12-06,Round of 16,Morocco,2,70,39,Spain,30486,Pedro González López,4353,Aymeric Laporte,Complete,9.484725,81.5,17.3,75.1,24.3
3869220,2022-12-06,Round of 16,Morocco,2,70,42,Spain,4353,Aymeric Laporte,6765,Rodrigo Hernández Cascante,Complete,14.762791,81.5,28.6,76.0,42.3
3869220,2022-12-06,Round of 16,Morocco,2,70,44,Spain,6765,Rodrigo Hernández Cascante,6583,Carlos Soler Barragán,Complete,15.450566,75.3,45.7,80.9,60.1
3869220,2022-12-06,Round of 16,Morocco,2,70,49,Spain,6583,Carlos Soler Barragán,6840,Marcos Llorente Moreno,Complete,12.747549,86.9,64.3,88.0,77.0
3869220,2022-12-06,Round of 16,Morocco,2,70,51,Spain,6840,Marcos Llorente Moreno,6765,Rodrigo Hernández Cascante,Complete,26.166391,82.8,73.3,64.0,55.1
3869220,2022-12-06,Round of 16,Morocco,2,70,53,Spain,6765,Rodrigo Hernández Cascante,4353,Aymeric Laporte,Complete,18.804255,62.7,54.9,63.1,36.1
3869220,2022-12-06,Round of 16,Morocco,2,70,56,Spain,4353,Aymeric Laporte,5211,Jordi Alba Ramos,Complete,21.22852,62.3,34.2,63.4,13.0
3869220,2022-12-06,Round of 16,Morocco,2,70,59,Spain,5211,Jordi Alba Ramos,6765,Rodrigo Hernández Cascante,Complete,27.4,65.1,18.8,65.1,46.2
3869220,2022-12-06,Round of 16,Morocco,2,71,5,Spain,6765,Rodrigo Hernández Cascante,6583,Carlos Soler Barragán,Complete,13.257451,78.3,58.6,80.9,71.6
3869220,2022-12-06,Round of 16,Morocco,2,71,9,Spain,6583,Carlos Soler Barragán,4353,Aymeric Laporte,Complete,38.075714,82.2,72.7,69.8,36.7
3869220,2022-12-06,Round of 16,Morocco,2,71,13,Spain,4353,Aymeric Laporte,30486,Pedro González López,Complete,11.560277,79.4,31.8,85.2,21.8
3869220,2022-12-06,Round of 16,Morocco,2,71,17,Spain,30486,Pedro González López,4353,Aymeric Laporte,Complete,9.730879,85.0,23.7,77.5,29.9
3869220,2022-12-06,Round of 16,Morocco,2,71,18,Spain,4353,Aymeric Laporte,30486,Pedro González López,Complete,4.8826222,75.1,24.1,77.9,20.1
3869220,2022-12-06,Round of 16,Morocco,2,71,45,Spain,5203,Sergio Busquets i Burgos,6748,Ferrán Torres García,Complete,21.240763,70.2,57.5,87.3,70.1
3869220,2022-12-06,Round of 16,Morocco,2,72,7,Spain,6840,Marcos Llorente Moreno,5203,Sergio Busquets i Burgos,Complete,12.995769,11.0,64.1,21.0,55.8
3869220,2022-12-06,Round of 16,Morocco,2,72,13,Spain,5203,Sergio Busquets i Burgos,5211,Jordi Alba Ramos,Complete,20.344286,39.0,51.3,33.2,31.8
3869220,2022-12-06,Round of 16,Morocco,2,72,18,Spain,5211,Jordi Alba Ramos,6765,Rodrigo Hernández Cascante,Complete,25.012796,41.1,30.8,40.3,55.8
3869220,2022-12-06,Round of 16,Morocco,2,72,25,Spain,6765,Rodrigo Hernández Cascante,5203,Sergio Busquets i Burgos,Complete,8.637129,57.4,54.3,63.8,48.5
3869220,2022-12-06,Round of 16,Morocco,2,72,26,Spain,5203,Sergio Busquets i Burgos,6583,Carlos Soler Barragán,Complete,13.461798,63.8,48.5,74.7,56.4
3869220,2022-12-06,Round of 16,Morocco,2,72,27,Spain,6583,Carlos Soler Barragán,3477,Álvaro Borja Morata Martín,Pass Offside,8.300602,75.5,57.3,82.6,53.0
3869220,2022-12-06,Round of 16,Morocco,2,73,11,Spain,6840,Marcos Llorente Moreno,6748,Ferrán Torres García,Complete,17.191858,61.6,62.6,76.6,71.0
3869220,2022-12-06,Round of 16,Morocco,2,73,12,Spain,6748,Ferrán Torres García,6840,Marcos Llorente Moreno,Complete,10.825895,77.0,71.0,66.4,68.8
3869220,2022-12-06,Round of 16,Morocco,2,73,14,Spain,6840,Marcos Llorente Moreno,5203,Sergio Busquets i Burgos,Complete,9.677293,65.7,65.6,63.4,56.2
3869220,2022-12-06,Round of 16,Morocco,2,73,17,Spain,5203,Sergio Busquets i Burgos,3477,Álvaro Borja Morata Martín,Complete,22.106335,65.5,55.1,76.8,36.1
3869220,2022-12-06,Round of 16,Morocco,2,73,18,Spain,3477,Álvaro Borja Morata Martín,30486,Pedro González López,Complete,10.080178,76.6,36.3,68.5,30.3
3869220,2022-12-06,Round of 16,Morocco,2,73,19,Spain,30486,Pedro González López,4353,Aymeric Laporte,Complete,11.686745,68.5,30.3,57.8,35.0
3869220,2022-12-06,Round of 16,Morocco,2,73,20,Spain,4353,Aymeric Laporte,5211,Jordi Alba Ramos,Complete,19.265772,57.4,35.0,64.0,16.9
3869220,2022-12-06,Round of 16,Morocco,2,73,22,Spain,5211,Jordi Alba Ramos,16532,Daniel Olmo Carvajal,Complete,20.500975,67.2,12.6,86.2,4.9
3869220,2022-12-06,Round of 16,Morocco,2,73,25,Spain,16532,Daniel Olmo Carvajal,30486,Pedro González López,Complete,16.636406,85.6,9.2,84.5,25.8
3869220,2022-12-06,Round of 16,Morocco,2,73,27,Spain,30486,Pedro González López,16532,Daniel Olmo Carvajal,Incomplete,23.01847,85.2,26.0,107.6,20.7
3869220,2022-12-06,Round of 16,Morocco,2,73,35,Spain,6765,Rodrigo Hernández Cascante,4353,Aymeric Laporte,Complete,19.030764,73.8,33.3,62.9,17.7
3869220,2022-12-06,Round of 16,Morocco,2,73,37,Spain,4353,Aymeric Laporte,30486,Pedro González López,Complete,12.571794,63.6,14.5,74.3,7.9
3869220,2022-12-06,Round of 16,Morocco,2,73,38,Spain,30486,Pedro González López,5211,Jordi Alba Ramos,Complete,9.457801,74.5,7.2,69.3,15.1
3869220,2022-12-06,Round of 16,Morocco,2,73,43,Spain,5211,Jordi Alba Ramos,30486,Pedro González López,Complete,4.6238513,74.1,15.1,69.8,13.4
3869220,2022-12-06,Round of 16,Morocco,2,73,44,Spain,30486,Pedro González López,6765,Rodrigo Hernández Cascante,Complete,30.295214,69.8,13.4,67.4,43.6
3869220,2022-12-06,Round of 16,Morocco,2,73,51,Spain,6765,Rodrigo Hernández Cascante,6583,Carlos Soler Barragán,Complete,11.815245,81.8,58.1,82.4,69.9
3869220,2022-12-06,Round of 16,Morocco,2,73,53,Spain,6583,Carlos Soler Barragán,6765,Rodrigo Hernández Cascante,Complete,12.617845,82.6,71.6,76.6,60.5
3869220,2022-12-06,Round of 16,Morocco,2,73,56,Spain,6765,Rodrigo Hernández Cascante,4353,Aymeric Laporte,Complete,22.184004,79.8,58.3,73.6,37.0
3869220,2022-12-06,Round of 16,Morocco,2,73,58,Spain,4353,Aymeric Laporte,30486,Pedro González López,Complete,11.686745,75.3,32.5,80.0,21.8
3869220,2022-12-06,Round of 16,Morocco,2,74,0,Spain,30486,Pedro González López,5211,Jordi Alba Ramos,Complete,20.40833,81.3,20.9,91.8,3.4
3869220,2022-12-06,Round of 16,Morocco,2,74,3,Spain,5211,Jordi Alba Ramos,30486,Pedro González López,Complete,12.306502,91.6,7.7,82.0,15.4
3869220,2022-12-06,Round of 16,Morocco,2,74,6,Spain,30486,Pedro González López,6765,Rodrigo Hernández Cascante,Complete,23.61398,81.3,19.8,76.4,42.9
3869220,2022-12-06,Round of 16,Morocco,2,74,7,Spain,6765,Rodrigo Hernández Cascante,4353,Aymeric Laporte,Complete,12.39758,76.4,42.9,71.3,31.6
3869220,2022-12-06,Round of 16,Morocco,2,74,12,Spain,4353,Aymeric Laporte,30486,Pedro González López,Complete,13.938795,79.0,29.3,89.2,19.8
3869220,2022-12-06,Round of 16,Morocco,2,74,14,Spain,30486,Pedro González López,5211,Jordi Alba Ramos,Complete,14.596232,92.9,18.1,100.6,5.7
3869220,2022-12-06,Round of 16,Morocco,2,74,16,Spain,5211,Jordi Alba Ramos,16532,Daniel Olmo Carvajal,Complete,19.231485,100.6,6.4,99.5,25.6
3869220,2022-12-06,Round of 16,Morocco,2,74,22,Spain,30486,Pedro González López,6748,Ferrán Torres García,Complete,37.800133,91.4,27.3,109.1,60.7
3869220,2022-12-06,Round of 16,Morocco,2,74,32,Spain,6748,Ferrán Torres García,6583,Carlos Soler Barragán,Complete,12.535549,105.9,77.2,94.2,72.7
3869220,2022-12-06,Round of 16,Morocco,2,74,33,Spain,6583,Carlos Soler Barragán,6765,Rodrigo Hernández Cascante,Complete,13.631214,93.7,72.0,80.3,69.5
3869220,2022-12-06,Round of 16,Morocco,2,74,37,Spain,6765,Rodrigo Hernández Cascante,5211,Jordi Alba Ramos,Complete,35.387287,82.4,64.6,77.9,29.5
3869220,2022-12-06,Round of 16,Morocco,2,74,40,Spain,5211,Jordi Alba Ramos,6748,Ferrán Torres García,Incomplete,42.35717,81.5,31.6,111.7,61.3
3869220,2022-12-06,Round of 16,Morocco,2,75,15,Spain,6840,Marcos Llorente Moreno,6765,Rodrigo Hernández Cascante,Complete,20.554804,104.9,80.0,85.4,73.5
3869220,2022-12-06,Round of 16,Morocco,2,75,19,Spain,6765,Rodrigo Hernández Cascante,4353,Aymeric Laporte,Complete,18.891533,84.1,66.7,74.9,50.2
3869220,2022-12-06,Round of 16,Morocco,2,75,22,Spain,4353,Aymeric Laporte,30486,Pedro González López,Complete,16.995588,80.0,46.4,81.8,29.5
3869220,2022-12-06,Round of 16,Morocco,2,75,25,Spain,30486,Pedro González López,6765,Rodrigo Hernández Cascante,Complete,27.730848,80.3,26.0,74.9,53.2
3869220,2022-12-06,Round of 16,Morocco,2,75,28,Spain,6765,Rodrigo Hernández Cascante,5203,Sergio Busquets i Burgos,Complete,13.341664,75.8,57.3,88.8,54.3
3869220,2022-12-06,Round of 16,Morocco,2,76,58,Spain,5203,Sergio Busquets i Burgos,4353,Aymeric Laporte,Complete,18.73953,22.9,2.3,9.5,15.4
3869220,2022-12-06,Round of 16,Morocco,2,77,2,Spain,4353,Aymeric Laporte,6765,Rodrigo Hernández Cascante,Complete,31.935247,11.4,17.3,12.9,49.2
3869220,2022-12-06,Round of 16,Morocco,2,77,9,Spain,6765,Rodrigo Hernández Cascante,6840,Marcos Llorente Moreno,Complete,17.539099,43.2,59.6,47.1,76.7
3869220,2022-12-06,Round of 16,Morocco,2,77,13,Spain,6840,Marcos Llorente Moreno,4353,Aymeric Laporte,Complete,42.56818,51.2,75.5,39.4,34.6
3869220,2022-12-06,Round of 16,Morocco,2,77,19,Spain,4353,Aymeric Laporte,30486,Pedro González López,Complete,11.54123,50.9,30.5,56.3,20.3
3869220,2022-12-06,Round of 16,Morocco,2,77,22,Spain,30486,Pedro González López,16532,Daniel Olmo Carvajal,Complete,19.210674,62.7,16.6,80.3,8.9
3869220,2022-12-06,Round of 16,Morocco,2,77,23,Spain,16532,Daniel Olmo Carvajal,5211,Jordi Alba Ramos,Complete,7.7801027,80.5,8.9,74.3,4.2
3869220,2022-12-06,Round of 16,Morocco,2,77,25,Spain,5211,Jordi Alba Ramos,30486,Pedro González López,Complete,16.1149,74.3,6.8,65.5,20.3
3869220,2022-12-06,Round of 16,Morocco,2,77,28,Spain,30486,Pedro González López,6583,Carlos Soler Barragán,Incomplete,29.203596,68.1,25.8,88.8,46.4
3869220,2022-12-06,Round of 16,Morocco,2,77,30,Spain,5203,Sergio Busquets i Burgos,3477,Álvaro Borja Morata Martín,Complete,11.872658,77.7,42.3,87.7,35.9
3869220,2022-12-06,Round of 16,Morocco,2,77,32,Spain,3477,Álvaro Borja Morata Martín,5211,Jordi Alba Ramos,Complete,18.489456,87.1,32.0,94.6,15.1
3869220,2022-12-06,Round of 16,Morocco,2,77,34,Spain,5211,Jordi Alba Ramos,,,Incomplete,19.188017,99.1,13.9,107.4,31.2
3869220,2022-12-06,Round of 16,Morocco,2,78,20,Spain,5211,Jordi Alba Ramos,5203,Sergio Busquets i Burgos,Complete,32.0919,55.7,0.1,50.7,31.8
3869220,2022-12-06,Round of 16,Morocco,2,78,29,Spain,5203,Sergio Busquets i Burgos,30486,Pedro González López,Complete,19.749683,67.8,45.1,66.4,25.4
3869220,2022-12-06,Round of 16,Morocco,2,78,32,Spain,30486,Pedro González López,6765,Rodrigo Hernández Cascante,Complete,14.964625,65.3,34.0,61.6,48.5
3869220,2022-12-06,Round of 16,Morocco,2,78,33,Spain,6765,Rodrigo Hernández Cascante,6840,Marcos Llorente Moreno,Complete,23.917566,61.2,51.7,67.4,74.8
3869220,2022-12-06,Round of 16,Morocco,2,78,38,Spain,6840,Marcos Llorente Moreno,6765,Rodrigo Hernández Cascante,Complete,17.52056,67.6,70.1,57.2,56.0
3869220,2022-12-06,Round of 16,Morocco,2,78,40,Spain,6765,Rodrigo Hernández Cascante,30486,Pedro González López,Complete,31.15654,58.7,54.7,63.4,23.9
3869220,2022-12-06,Round of 16,Morocco,2,78,41,Spain,30486,Pedro González López,4353,Aymeric Laporte,Complete,8.184131,63.4,23.9,56.7,28.6
3869220,2022-12-06,Round of 16,Morocco,2,78,43,Spain,4353,Aymeric Laporte,30486,Pedro González López,Complete,16.95789,56.7,28.6,63.8,13.2
3869220,2022-12-06,Round of 16,Morocco,2,78,48,Spain,30486,Pedro González López,6765,Rodrigo Hernández Cascante,Complete,32.658997,70.8,14.7,63.8,46.6
3869220,2022-12-06,Round of 16,Morocco,2,78,51,Spain,6765,Rodrigo Hernández Cascante,6840,Marcos Llorente Moreno,Complete,22.435017,63.6,47.7,68.9,69.5
3869220,2022-12-06,Round of 16,Morocco,2,78,53,Spain,6840,Marcos Llorente Moreno,68574,Nicholas Williams Arthuer,Complete,19.101831,69.3,72.0,87.5,77.8
3869220,2022-12-06,Round of 16,Morocco,2,79,0,Spain,68574,Nicholas Williams Arthuer,,,Incomplete,28.802778,115.8,75.2,116.2,46.4
3869220,2022-12-06,Round of 16,Morocco,2,79,43,Spain,4353,Aymeric Laporte,5211,Jordi Alba Ramos,Complete,15.255491,64.9,54.9,63.6,39.7
3869220,2022-12-06,Round of 16,Morocco,2,79,44,Spain,5211,Jordi Alba Ramos,4353,Aymeric Laporte,Complete,5.714018,63.4,40.0,63.8,45.7
3869220,2022-12-06,Round of 16,Morocco,2,79,48,Spain,4353,Aymeric Laporte,6765,Rodrigo Hernández Cascante,Complete,12.269067,67.4,44.0,68.7,56.2
3869220,2022-12-06,Round of 16,Morocco,2,79,50,Spain,6765,Rodrigo Hernández Cascante,5203,Sergio Busquets i Burgos,Complete,11.454257,69.3,55.6,80.5,53.2
3869220,2022-12-06,Round of 16,Morocco,2,79,51,Spain,5203,Sergio Busquets i Burgos,6840,Marcos Llorente Moreno,Complete,31.354265,80.9,55.1,111.9,59.8
3869220,2022-12-06,Round of 16,Morocco,2,80,14,Spain,16532,Daniel Olmo Carvajal,6583,Carlos Soler Barragán,Complete,8.237719,120.0,80.0,111.9,78.5
3869220,2022-12-06,Round of 16,Morocco,2,80,17,Spain,6583,Carlos Soler Barragán,30486,Pedro González López,Complete,18.469976,108.3,77.6,91.8,69.3
3869220,2022-12-06,Round of 16,Morocco,2,80,20,Spain,30486,Pedro González López,5211,Jordi Alba Ramos,Complete,23.24586,88.4,60.1,85.8,37.0
3869220,2022-12-06,Round of 16,Morocco,2,80,23,Spain,5211,Jordi Alba Ramos,,,Incomplete,27.348492,86.7,39.7,113.0,47.2
3869220,2022-12-06,Round of 16,Morocco,2,80,31,Spain,6840,Marcos Llorente Moreno,5211,Jordi Alba Ramos,Complete,14.720055,71.7,55.8,62.9,44.0
3869220,2022-12-06,Round of 16,Morocco,2,80,34,Spain,5211,Jordi Alba Ramos,6765,Rodrigo Hernández Cascante,Complete,6.6603303,63.4,45.9,67.8,50.9
3869220,2022-12-06,Round of 16,Morocco,2,80,36,Spain,6765,Rodrigo Hernández Cascante,6583,Carlos Soler Barragán,Complete,22.865257,68.5,52.8,79.4,72.9
3869220,2022-12-06,Round of 16,Morocco,2,80,38,Spain,6583,Carlos Soler Barragán,6840,Marcos Llorente Moreno,Complete,10.650822,76.2,72.7,67.4,66.7
3869220,2022-12-06,Round of 16,Morocco,2,80,39,Spain,6840,Marcos Llorente Moreno,6765,Rodrigo Hernández Cascante,Complete,11.576701,65.5,63.9,61.6,53.0
3869220,2022-12-06,Round of 16,Morocco,2,80,41,Spain,6765,Rodrigo Hernández Cascante,5211,Jordi Alba Ramos,Complete,20.453362,62.1,50.6,64.6,30.3
3869220,2022-12-06,Round of 16,Morocco,2,80,45,Spain,5211,Jordi Alba Ramos,30486,Pedro González López,Complete,16.91183,68.5,26.0,80.9,14.5
3869220,2022-12-06,Round of 16,Morocco,2,80,49,Spain,30486,Pedro González López,6765,Rodrigo Hernández Cascante,Complete,25.111353,80.0,22.2,71.7,45.9
3869220,2022-12-06,Round of 16,Morocco,2,80,52,Spain,6765,Rodrigo Hernández Cascante,68574,Nicholas Williams Arthuer,Complete,32.981964,73.2,52.1,92.7,78.7
3869220,2022-12-06,Round of 16,Morocco,2,80,58,Spain,68574,Nicholas Williams Arthuer,3477,Álvaro Borja Morata Martín,Complete,24.694128,93.5,57.7,117.9,53.9
3869220,2022-12-06,Round of 16,Morocco,2,84,29,Spain,6840,Marcos Llorente Moreno,68574,Nicholas Williams Arthuer,Incomplete,22.912006,25.5,69.5,47.5,63.1
3869220,2022-12-06,Round of 16,Morocco,2,84,45,Spain,6840,Marcos Llorente Moreno,,,Incomplete,33.77647,58.4,66.0,89.0,51.7
3869220,2022-12-06,Round of 16,Morocco,2,84,50,Spain,4353,Aymeric Laporte,,,Incomplete,25.19246,40.0,35.2,62.9,45.7
3869220,2022-12-06,Round of 16,Morocco,2,85,20,Spain,11748,Unai Simón Mendibil,6840,Marcos Llorente Moreno,Complete,45.475708,8.0,41.0,42.0,71.2
3869220,2022-12-06,Round of 16,Morocco,2,85,23,Spain,6840,Marcos Llorente Moreno,4353,Aymeric Laporte,Complete,37.485596,42.6,71.4,34.5,34.8
3869220,2022-12-06,Round of 16,Morocco,2,85,30,Spain,4353,Aymeric Laporte,6765,Rodrigo Hernández Cascante,Complete,12.149486,51.4,39.3,53.3,51.3
3869220,2022-12-06,Round of 16,Morocco,2,85,33,Spain,6765,Rodrigo Hernández Cascante,6840,Marcos Llorente Moreno,Complete,15.116217,57.2,53.9,62.1,68.2
3869220,2022-12-06,Round of 16,Morocco,2,85,35,Spain,6840,Marcos Llorente Moreno,68574,Nicholas Williams Arthuer,Complete,15.992811,63.4,69.0,75.8,79.1
3869220,2022-12-06,Round of 16,Morocco,2,85,38,Spain,68574,Nicholas Williams Arthuer,6840,Marcos Llorente Moreno,Complete,11.119802,73.8,74.0,62.9,71.8
3869220,2022-12-06,Round of 16,Morocco,2,85,40,Spain,6840,Marcos Llorente Moreno,6765,Rodrigo Hernández Cascante,Complete,14.310835,62.5,68.4,56.1,55.6
3869220,2022-12-06,Round of 16,Morocco,2,85,42,Spain,6765,Rodrigo Hernández Cascante,4353,Aymeric Laporte,Complete,22.1,56.3,53.6,54.2,31.6
3869220,2022-12-06,Round of 16,Morocco,2,85,45,Spain,4353,Aymeric Laporte,30486,Pedro González López,Complete,14.57738,62.7,23.9,64.2,9.4
3869220,2022-12-06,Round of 16,Morocco,2,85,46,Spain,30486,Pedro González López,5211,Jordi Alba Ramos,Out,24.956161,64.2,9.2,87.7,0.8
3869220,2022-12-06,Round of 16,Morocco,2,86,17,Spain,6765,Rodrigo Hernández Cascante,6840,Marcos Llorente Moreno,Complete,14.024621,50.3,30.3,47.3,44.0
3869220,2022-12-06,Round of 16,Morocco,2,86,21,Spain,6840,Marcos Llorente Moreno,6765,Rodrigo Hernández Cascante,Complete,13.748091,49.9,50.0,47.3,36.5
3869220,2022-12-06,Round of 16,Morocco,2,86,23,Spain,6765,Rodrigo Hernández Cascante,4353,Aymeric Laporte,Complete,10.016986,46.2,28.8,40.9,20.3
3869220,2022-12-06,Round of 16,Morocco,2,86,25,Spain,4353,Aymeric Laporte,30486,Pedro González López,Complete,6.01415,41.8,15.4,46.2,11.3
3869220,2022-12-06,Round of 16,Morocco,2,86,28,Spain,30486,Pedro González López,6765,Rodrigo Hernández Cascante,Complete,24.980793,44.3,14.3,41.3,39.1
3869220,2022-12-06,Round of 16,Morocco,2,86,31,Spain,6765,Rodrigo Hernández Cascante,6583,Carlos Soler Barragán,Complete,29.706902,43.0,43.2,68.7,58.1
3869220,2022-12-06,Round of 16,Morocco,2,86,33,Spain,6583,Carlos Soler Barragán,68574,Nicholas Williams Arthuer,Complete,20.974508,68.1,62.2,81.3,78.5
3869220,2022-12-06,Round of 16,Morocco,2,87,12,Spain,4353,Aymeric Laporte,11748,Unai Simón Mendibil,Complete,37.85023,57.8,76.5,27.0,54.5
3869220,2022-12-06,Round of 16,Morocco,2,87,15,Spain,11748,Unai Simón Mendibil,,,Incomplete,32.942677,27.0,54.5,53.1,34.4
3869220,2022-12-06,Round of 16,Morocco,2,87,48,Spain,11748,Unai Simón Mendibil,6765,Rodrigo Hernández Cascante,Complete,28.49649,7.0,36.1,27.2,56.2
3869220,2022-12-06,Round of 16,Morocco,2,87,51,Spain,6765,Rodrigo Hernández Cascante,6840,Marcos Llorente Moreno,Complete,17.936834,41.3,55.4,49.0,71.6
3869220,2022-12-06,Round of 16,Morocco,2,87,53,Spain,6840,Marcos Llorente Moreno,68574,Nicholas Williams Arthuer,Complete,15.357409,50.9,73.3,65.7,77.4
3869220,2022-12-06,Round of 16,Morocco,2,87,54,Spain,68574,Nicholas Williams Arthuer,6583,Carlos Soler Barragán,Complete,13.1041975,65.7,77.4,69.3,64.8
3869220,2022-12-06,Round of 16,Morocco,2,87,55,Spain,6583,Carlos Soler Barragán,3477,Álvaro Borja Morata Martín,Pass Offside,38.326233,69.3,64.3,107.2,58.6
3869220,2022-12-06,Round of 16,Morocco,2,89,2,Spain,6583,Carlos Soler Barragán,4353,Aymeric Laporte,Complete,9.340771,46.2,25.2,37.5,28.6
3869220,2022-12-06,Round of 16,Morocco,2,89,3,Spain,4353,Aymeric Laporte,68574,Nicholas Williams Arthuer,Complete,22.13504,37.3,29.0,55.9,41.0
3869220,2022-12-06,Round of 16,Morocco,2,89,4,Spain,68574,Nicholas Williams Arthuer,6583,Carlos Soler Barragán,Complete,14.605478,56.1,41.5,56.5,26.9
3869220,2022-12-06,Round of 16,Morocco,2,89,5,Spain,6583,Carlos Soler Barragán,3477,Álvaro Borja Morata Martín,Complete,11.321661,56.5,26.7,66.8,22.0
3869220,2022-12-06,Round of 16,Morocco,2,89,8,Spain,3477,Álvaro Borja Morata Martín,16532,Daniel Olmo Carvajal,Complete,21.110188,69.6,20.9,88.6,11.7
3869220,2022-12-06,Round of 16,Morocco,2,90,18,Spain,6583,Carlos Soler Barragán,3477,Álvaro Borja Morata Martín,Complete,39.703526,110.4,11.7,115.3,51.1
3869220,2022-12-06,Round of 16,Morocco,2,91,1,Spain,6765,Rodrigo Hernández Cascante,11748,Unai Simón Mendibil,Complete,29.224989,27.4,69.5,3.7,52.4
3869220,2022-12-06,Round of 16,Morocco,2,91,5,Spain,11748,Unai Simón Mendibil,,,Out,57.50626,6.2,50.2,35.3,0.6
3869220,2022-12-06,Round of 16,Morocco,2,92,51,Spain,4353,Aymeric Laporte,5211,Jordi Alba Ramos,Complete,14.135417,13.5,36.1,22.5,25.2
3869220,2022-12-06,Round of 16,Morocco,2,92,57,Spain,5211,Jordi Alba Ramos,6765,Rodrigo Hernández Cascante,Complete,25.793217,40.5,23.3,46.0,48.5
3869220,2022-12-06,Round of 16,Morocco,2,93,0,Spain,6765,Rodrigo Hernández Cascante,4353,Aymeric Laporte,Complete,23.910875,46.5,52.6,48.8,28.8
3869220,2022-12-06,Round of 16,Morocco,2,93,6,Spain,4353,Aymeric Laporte,6765,Rodrigo Hernández Cascante,Complete,15.074814,52.9,31.4,54.4,46.4
3869220,2022-12-06,Round of 16,Morocco,2,93,8,Spain,6765,Rodrigo Hernández Cascante,6583,Carlos Soler Barragán,Complete,18.764061,56.3,50.2,61.6,68.2
3869220,2022-12-06,Round of 16,Morocco,2,93,11,Spain,6583,Carlos Soler Barragán,6765,Rodrigo Hernández Cascante,Complete,16.714066,62.5,69.5,56.5,53.9
3869220,2022-12-06,Round of 16,Morocco,2,93,13,Spain,6765,Rodrigo Hernández Cascante,5211,Jordi Alba Ramos,Complete,32.534595,56.1,53.2,52.2,20.9
3869220,2022-12-06,Round of 16,Morocco,2,93,16,Spain,5211,Jordi Alba Ramos,11748,Unai Simón Mendibil,Complete,31.890594,50.9,20.9,28.3,43.4
3869220,2022-12-06,Round of 16,Morocco,2,93,19,Spain,11748,Unai Simón Mendibil,6765,Rodrigo Hernández Cascante,Complete,16.697306,28.7,45.9,40.9,57.3
3869220,2022-12-06,Round of 16,Morocco,2,93,23,Spain,6765,Rodrigo Hernández Cascante,6583,Carlos Soler Barragán,Complete,17.45623,49.5,58.1,50.9,75.5
3869220,2022-12-06,Round of 16,Morocco,2,93,25,Spain,6583,Carlos Soler Barragán,4353,Aymeric Laporte,Complete,39.389465,50.7,73.5,41.5,35.2
3869220,2022-12-06,Round of 16,Morocco,2,93,28,Spain,4353,Aymeric Laporte,5211,Jordi Alba Ramos,Complete,17.129215,44.3,31.4,51.8,16.0
3869220,2022-12-06,Round of 16,Morocco,2,93,31,Spain,5211,Jordi Alba Ramos,30486,Pedro González López,Complete,11.677756,56.7,14.7,64.6,23.3
3869220,2022-12-06,Round of 16,Morocco,2,93,34,Spain,30486,Pedro González López,6765,Rodrigo Hernández Cascante,Complete,17.05198,61.9,30.8,58.0,47.4
3869220,2022-12-06,Round of 16,Morocco,2,93,38,Spain,6765,Rodrigo Hernández Cascante,6583,Carlos Soler Barragán,Complete,18.046883,69.1,56.6,70.4,74.6
3869220,2022-12-06,Round of 16,Morocco,2,93,40,Spain,6583,Carlos Soler Barragán,68574,Nicholas Williams Arthuer,Complete,10.511898,73.4,75.7,83.7,77.8
3869220,2022-12-06,Round of 16,Morocco,2,93,48,Spain,68574,Nicholas Williams Arthuer,6583,Carlos Soler Barragán,Complete,14.420125,87.3,80.0,73.6,75.5
3869220,2022-12-06,Round of 16,Morocco,2,93,51,Spain,6583,Carlos Soler Barragán,4353,Aymeric Laporte,Complete,26.350142,70.2,70.1,62.5,44.9
3869220,2022-12-06,Round of 16,Morocco,2,93,53,Spain,4353,Aymeric Laporte,5211,Jordi Alba Ramos,Complete,16.164467,63.8,38.7,69.3,23.5
3869220,2022-12-06,Round of 16,Morocco,2,93,59,Spain,5211,Jordi Alba Ramos,16532,Daniel Olmo Carvajal,Complete,16.48302,76.6,16.4,88.6,5.1
3869220,2022-12-06,Round of 16,Morocco,2,94,35,Spain,16532,Daniel Olmo Carvajal,,,Incomplete,39.709194,92.0,12.8,117.9,42.9
3869220,2022-12-06,Round of 16,Morocco,2,94,58,Spain,6583,Carlos Soler Barragán,4353,Aymeric Laporte,Complete,42.99686,120.0,80.0,107.7,38.8
3869220,2022-12-06,Round of 16,Morocco,3,90,0,Spain,30486,Pedro González López,6765,Rodrigo Hernández Cascante,Complete,21.973848,61.0,40.1,43.9,53.9
3869220,2022-12-06,Round of 16,Morocco,3,90,5,Spain,6765,Rodrigo Hernández Cascante,16532,Daniel Olmo Carvajal,Complete,62.861275,51.2,53.9,93.5,7.4
3869220,2022-12-06,Round of 16,Morocco,3,90,9,Spain,16532,Daniel Olmo Carvajal,5211,Jordi Alba Ramos,Complete,18.027756,93.5,7.4,75.5,6.4
3869220,2022-12-06,Round of 16,Morocco,3,90,12,Spain,5211,Jordi Alba Ramos,4353,Aymeric Laporte,Complete,23.135471,70.0,5.9,50.1,17.7
3869220,2022-12-06,Round of 16,Morocco,3,90,17,Spain,4353,Aymeric Laporte,5211,Jordi Alba Ramos,Complete,20.863365,46.7,19.4,64.9,9.2
3869220,2022-12-06,Round of 16,Morocco,3,90,20,Spain,5211,Jordi Alba Ramos,4353,Aymeric Laporte,Complete,14.641379,64.9,9.2,54.8,19.8
3869220,2022-12-06,Round of 16,Morocco,3,90,22,Spain,4353,Aymeric Laporte,6765,Rodrigo Hernández Cascante,Complete,22.43769,55.2,20.3,56.5,42.7
3869220,2022-12-06,Round of 16,Morocco,3,90,25,Spain,6765,Rodrigo Hernández Cascante,11748,Unai Simón Mendibil,Complete,30.203476,55.9,42.3,27.4,32.3
3869220,2022-12-06,Round of 16,Morocco,3,90,29,Spain,11748,Unai Simón Mendibil,4353,Aymeric Laporte,Complete,12.390722,28.9,31.4,38.1,23.1
3869220,2022-12-06,Round of 16,Morocco,3,90,33,Spain,4353,Aymeric Laporte,6765,Rodrigo Hernández Cascante,Complete,24.858198,45.6,23.7,47.3,48.5
3869220,2022-12-06,Round of 16,Morocco,3,90,37,Spain,6765,Rodrigo Hernández Cascante,6840,Marcos Llorente Moreno,Complete,17.020576,52.7,54.7,57.6,71.0
3869220,2022-12-06,Round of 16,Morocco,3,90,39,Spain,6840,Marcos Llorente Moreno,6765,Rodrigo Hernández Cascante,Complete,18.36328,57.6,71.0,45.6,57.1
3869220,2022-12-06,Round of 16,Morocco,3,90,41,Spain,6765,Rodrigo Hernández Cascante,4353,Aymeric Laporte,Complete,24.807257,45.6,57.1,45.0,32.3
3869220,2022-12-06,Round of 16,Morocco,3,90,44,Spain,4353,Aymeric Laporte,30486,Pedro González López,Complete,16.834488,45.0,32.3,51.8,16.9
3869220,2022-12-06,Round of 16,Morocco,3,90,47,Spain,30486,Pedro González López,16532,Daniel Olmo Carvajal,Complete,23.447174,51.8,16.9,71.7,29.3
3869220,2022-12-06,Round of 16,Morocco,3,90,50,Spain,16532,Daniel Olmo Carvajal,3477,Álvaro Borja Morata Martín,Incomplete,4.0,76.0,32.0,80.0,32.0
3869220,2022-12-06,Round of 16,Morocco,3,90,53,Spain,5211,Jordi Alba Ramos,,,Incomplete,15.849606,77.0,18.8,62.5,12.4
3869220,2022-12-06,Round of 16,Morocco,3,91,2,Spain,6840,Marcos Llorente Moreno,68574,Nicholas Williams Arthuer,Complete,21.410746,21.0,76.5,40.9,68.6
3869220,2022-12-06,Round of 16,Morocco,3,91,11,Spain,6840,Marcos Llorente Moreno,6765,Rodrigo Hernández Cascante,Complete,13.688316,38.3,76.7,31.9,64.6
3869220,2022-12-06,Round of 16,Morocco,3,91,15,Spain,6765,Rodrigo Hernández Cascante,4353,Aymeric Laporte,Complete,28.81961,34.9,64.3,39.8,35.9
3869220,2022-12-06,Round of 16,Morocco,3,91,20,Spain,4353,Aymeric Laporte,6765,Rodrigo Hernández Cascante,Complete,14.356183,45.0,35.7,47.7,49.8
3869220,2022-12-06,Round of 16,Morocco,3,91,22,Spain,6765,Rodrigo Hernández Cascante,6840,Marcos Llorente Moreno,Complete,19.912308,51.8,50.2,56.7,69.5
3869220,2022-12-06,Round of 16,Morocco,3,91,23,Spain,6840,Marcos Llorente Moreno,,,Incomplete,6.3788714,56.7,69.5,62.9,68.0
3869220,2022-12-06,Round of 16,Morocco,3,91,30,Spain,6840,Marcos Llorente Moreno,6765,Rodrigo Hernández Cascante,Complete,18.081205,57.4,80.0,45.6,66.3
3869220,2022-12-06,Round of 16,Morocco,3,91,33,Spain,6765,Rodrigo Hernández Cascante,4353,Aymeric Laporte,Complete,34.002354,45.8,62.8,46.2,28.8
3869220,2022-12-06,Round of 16,Morocco,3,91,37,Spain,4353,Aymeric Laporte,30486,Pedro González López,Complete,10.53945,51.4,26.5,57.2,17.7
3869220,2022-12-06,Round of 16,Morocco,3,91,40,Spain,30486,Pedro González López,16532,Daniel Olmo Carvajal,Incomplete,19.485893,57.2,17.7,75.1,25.4
3869220,2022-12-06,Round of 16,Morocco,3,91,59,Spain,5211,Jordi Alba Ramos,4353,Aymeric Laporte,Complete,23.269077,70.0,0.1,53.9,16.9
3869220,2022-12-06,Round of 16,Morocco,3,92,3,Spain,4353,Aymeric Laporte,6765,Rodrigo Hernández Cascante,Complete,25.912352,56.5,19.6,50.9,44.9
3869220,2022-12-06,Round of 16,Morocco,3,92,6,Spain,6765,Rodrigo Hernández Cascante,5203,Sergio Busquets i Burgos,Complete,17.601137,50.9,44.9,68.5,45.1
3869220,2022-12-06,Round of 16,Morocco,3,92,7,Spain,5203,Sergio Busquets i Burgos,4353,Aymeric Laporte,Complete,20.066141,68.5,45.1,55.4,29.9
3869220,2022-12-06,Round of 16,Morocco,3,92,12,Spain,4353,Aymeric Laporte,30486,Pedro González López,Complete,16.924833,64.9,27.5,69.8,11.3
3869220,2022-12-06,Round of 16,Morocco,3,92,14,Spain,30486,Pedro González López,5211,Jordi Alba Ramos,Complete,13.778606,69.8,11.3,82.6,6.2
3869220,2022-12-06,Round of 16,Morocco,3,92,32,Spain,5211,Jordi Alba Ramos,5203,Sergio Busquets i Burgos,Complete,15.206906,28.7,6.6,35.3,20.3
3869220,2022-12-06,Round of 16,Morocco,3,92,33,Spain,5203,Sergio Busquets i Burgos,4353,Aymeric Laporte,Complete,18.832153,35.3,20.3,17.2,15.1
3869220,2022-12-06,Round of 16,Morocco,3,92,37,Spain,4353,Aymeric Laporte,11748,Unai Simón Mendibil,Complete,20.1,2.2,22.6,2.2,42.7
3869220,2022-12-06,Round of 16,Morocco,3,92,41,Spain,11748,Unai Simón Mendibil,6765,Rodrigo Hernández Cascante,Complete,18.848873,5.2,44.0,11.4,61.8
3869220,2022-12-06,Round of 16,Morocco,3,92,44,Spain,6765,Rodrigo Hernández Cascante,,,Incomplete,65.65097,11.4,65.6,76.0,53.9
3869220,2022-12-06,Round of 16,Morocco,3,93,38,Spain,5211,Jordi Alba Ramos,6765,Rodrigo Hernández Cascante,Complete,28.726469,48.6,5.3,45.0,33.8
3869220,2022-12-06,Round of 16,Morocco,3,93,43,Spain,6765,Rodrigo Hernández Cascante,6840,Marcos Llorente Moreno,Complete,26.533941,51.4,39.7,58.0,65.4
3869220,2022-12-06,Round of 16,Morocco,3,93,46,Spain,6840,Marcos Llorente Moreno,68574,Nicholas Williams Arthuer,Complete,17.68276,58.0,65.4,70.2,78.2
3869220,2022-12-06,Round of 16,Morocco,3,93,48,Spain,68574,Nicholas Williams Arthuer,6840,Marcos Llorente Moreno,Complete,14.06876,70.2,78.2,56.5,75.0
3869220,2022-12-06,Round of 16,Morocco,3,93,50,Spain,6840,Marcos Llorente Moreno,6765,Rodrigo Hernández Cascante,Complete,19.163769,56.7,75.0,47.3,58.3
3869220,2022-12-06,Round of 16,Morocco,3,93,52,Spain,6765,Rodrigo Hernández Cascante,30486,Pedro González López,Complete,29.30017,50.1,55.4,58.4,27.3
3869220,2022-12-06,Round of 16,Morocco,3,93,56,Spain,30486,Pedro González López,5211,Jordi Alba Ramos,Complete,36.80489,64.4,27.1,94.2,5.5
3869220,2022-12-06,Round of 16,Morocco,3,94,1,Spain,5211,Jordi Alba Ramos,6583,Carlos Soler Barragán,Complete,32.003906,94.2,5.5,98.6,37.2
3869220,2022-12-06,Round of 16,Morocco,3,94,2,Spain,6583,Carlos Soler Barragán,5203,Sergio Busquets i Burgos,Incomplete,14.545446,98.6,37.6,87.5,47.0
3869220,2022-12-06,Round of 16,Morocco,3,94,42,Spain,6765,Rodrigo Hernández Cascante,30486,Pedro González López,Complete,20.16755,37.7,31.6,56.5,24.3
3869220,2022-12-06,Round of 16,Morocco,3,94,47,Spain,30486,Pedro González López,6765,Rodrigo Hernández Cascante,Complete,26.1979,56.5,24.3,49.7,49.6
3869220,2022-12-06,Round of 16,Morocco,3,94,49,Spain,6765,Rodrigo Hernández Cascante,6840,Marcos Llorente Moreno,Complete,23.432669,49.9,49.6,57.4,71.8
3869220,2022-12-06,Round of 16,Morocco,3,94,51,Spain,6840,Marcos Llorente Moreno,68574,Nicholas Williams Arthuer,Complete,14.001429,57.4,71.8,70.4,77.0
3869220,2022-12-06,Round of 16,Morocco,3,94,55,Spain,68574,Nicholas Williams Arthuer,6765,Rodrigo Hernández Cascante,Complete,21.289669,67.4,70.5,52.0,55.8
3869220,2022-12-06,Round of 16,Morocco,3,94,57,Spain,6765,Rodrigo Hernández Cascante,5211,Jordi Alba Ramos,Complete,37.70849,52.0,55.8,51.2,18.1
3869220,2022-12-06,Round of 16,Morocco,3,95,3,Spain,5211,Jordi Alba Ramos,6765,Rodrigo Hernández Cascante,Complete,22.004545,62.9,24.8,58.7,46.4
3869220,2022-12-06,Round of 16,Morocco,3,95,8,Spain,6765,Rodrigo Hernández Cascante,6840,Marcos Llorente Moreno,Complete,20.349447,70.4,51.7,75.5,71.4
3869220,2022-12-06,Round of 16,Morocco,3,95,10,Spain,6840,Marcos Llorente Moreno,68574,Nicholas Williams Arthuer,Complete,10.881176,75.5,71.4,84.3,77.8
3869220,2022-12-06,Round of 16,Morocco,3,95,13,Spain,68574,Nicholas Williams Arthuer,6840,Marcos Llorente Moreno,Complete,11.241441,83.2,77.8,74.1,71.2
3869220,2022-12-06,Round of 16,Morocco,3,95,15,Spain,6840,Marcos Llorente Moreno,3477,Álvaro Borja Morata Martín,Complete,10.448445,74.1,71.2,82.2,64.6
3869220,2022-12-06,Round of 16,Morocco,3,95,37,Spain,5203,Sergio Busquets i Burgos,30486,Pedro González López,Complete,19.4,77.9,41.0,77.9,21.6
3869220,2022-12-06,Round of 16,Morocco,3,95,39,Spain,30486,Pedro González López,5211,Jordi Alba Ramos,Complete,18.478365,77.9,21.6,91.6,9.2
3869220,2022-12-06,Round of 16,Morocco,3,95,42,Spain,5211,Jordi Alba Ramos,30486,Pedro González López,Complete,13.330417,91.6,9.2,81.5,17.9
3869220,2022-12-06,Round of 16,Morocco,3,95,45,Spain,30486,Pedro González López,6765,Rodrigo Hernández Cascante,Complete,25.856527,81.5,17.9,74.9,42.9
3869220,2022-12-06,Round of 16,Morocco,3,95,48,Spain,6765,Rodrigo Hernández Cascante,4353,Aymeric Laporte,Complete,11.552489,74.9,42.9,73.8,31.4
3869220,2022-12-06,Round of 16,Morocco,3,95,51,Spain,4353,Aymeric Laporte,30486,Pedro González López,Complete,15.438264,76.4,30.5,86.7,19.0
3869220,2022-12-06,Round of 16,Morocco,3,95,55,Spain,30486,Pedro González López,5211,Jordi Alba Ramos,Complete,13.102672,92.4,15.1,103.6,8.3
3869220,2022-12-06,Round of 16,Morocco,3,95,57,Spain,5211,Jordi Alba Ramos,4353,Aymeric Laporte,Complete,33.58943,103.6,8.3,70.4,13.4
3869220,2022-12-06,Round of 16,Morocco,3,96,0,Spain,4353,Aymeric Laporte,6765,Rodrigo Hernández Cascante,Complete,29.561123,70.4,13.4,72.3,42.9
3869220,2022-12-06,Round of 16,Morocco,3,96,3,Spain,6765,Rodrigo Hernández Cascante,68574,Nicholas Williams Arthuer,Incomplete,27.621912,75.3,46.6,101.2,56.2
3869220,2022-12-06,Round of 16,Morocco,3,96,7,Spain,5203,Sergio Busquets i Burgos,68574,Nicholas Williams Arthuer,Complete,30.753862,87.5,49.2,99.3,77.6
3869220,2022-12-06,Round of 16,Morocco,3,96,10,Spain,68574,Nicholas Williams Arthuer,6840,Marcos Llorente Moreno,Complete,14.932515,99.3,77.6,85.0,73.3
3869220,2022-12-06,Round of 16,Morocco,3,96,12,Spain,6840,Marcos Llorente Moreno,4353,Aymeric Laporte,Complete,34.461575,85.0,73.3,70.8,41.9
3869220,2022-12-06,Round of 16,Morocco,3,96,16,Spain,4353,Aymeric Laporte,30486,Pedro González López,Complete,13.954211,74.5,40.2,80.9,27.8
3869220,2022-12-06,Round of 16,Morocco,3,96,18,Spain,30486,Pedro González López,,,Incomplete,31.053823,80.9,27.8,104.4,48.1
3869220,2022-12-06,Round of 16,Morocco,3,96,26,Spain,68574,Nicholas Williams Arthuer,6840,Marcos Llorente Moreno,Incomplete,13.519245,110.4,76.1,97.8,71.2
3869220,2022-12-06,Round of 16,Morocco,3,96,29,Spain,6840,Marcos Llorente Moreno,6765,Rodrigo Hernández Cascante,Complete,9.338094,87.7,63.7,80.9,57.3
3869220,2022-12-06,Round of 16,Morocco,3,96,30,Spain,6765,Rodrigo Hernández Cascante,5203,Sergio Busquets i Burgos,Complete,8.668333,80.9,57.3,89.2,59.8
3869220,2022-12-06,Round of 16,Morocco,3,96,31,Spain,5203,Sergio Busquets i Burgos,6840,Marcos Llorente Moreno,Complete,12.433825,88.4,59.0,86.0,71.2
3869220,2022-12-06,Round of 16,Morocco,3,96,34,Spain,6840,Marcos Llorente Moreno,68574,Nicholas Williams Arthuer,Complete,10.519031,94.4,69.3,99.5,78.5
3869220,2022-12-06,Round of 16,Morocco,3,96,39,Spain,68574,Nicholas Williams Arthuer,,,Incomplete,29.055292,117.9,69.9,114.9,41.0
3869220,2022-12-06,Round of 16,Morocco,3,96,47,Spain,6840,Marcos Llorente Moreno,68574,Nicholas Williams Arthuer,Complete,15.976233,88.0,68.8,101.2,77.8
3869220,2022-12-06,Round of 16,Morocco,3,97,47,Spain,6765,Rodrigo Hernández Cascante,6840,Marcos Llorente Moreno,Complete,4.356604,64.0,77.0,68.3,76.3
3869220,2022-12-06,Round of 16,Morocco,3,97,48,Spain,6840,Marcos Llorente Moreno,4353,Aymeric Laporte,Complete,23.090258,68.3,76.3,47.3,66.7
3869220,2022-12-06,Round of 16,Morocco,3,97,55,Spain,4353,Aymeric Laporte,6765,Rodrigo Hernández Cascante,Complete,21.819715,50.3,34.2,57.2,54.9
3869220,2022-12-06,Round of 16,Morocco,3,97,58,Spain,6765,Rodrigo Hernández Cascante,68574,Nicholas Williams Arthuer,Complete,26.237759,62.7,60.7,82.6,77.8
3869220,2022-12-06,Round of 16,Morocco,3,98,28,Spain,6765,Rodrigo Hernández Cascante,11748,Unai Simón Mendibil,Complete,33.761665,34.1,69.0,9.2,46.2
3869220,2022-12-06,Round of 16,Morocco,3,98,32,Spain,11748,Unai Simón Mendibil,4353,Aymeric Laporte,Complete,11.253888,13.5,40.8,24.4,38.0
3869220,2022-12-06,Round of 16,Morocco,3,98,40,Spain,4353,Aymeric Laporte,6765,Rodrigo Hernández Cascante,Complete,21.53532,44.5,32.0,51.4,52.4
3869220,2022-12-06,Round of 16,Morocco,3,98,43,Spain,6765,Rodrigo Hernández Cascante,4353,Aymeric Laporte,Complete,16.269297,53.7,53.2,52.2,37.0
3869220,2022-12-06,Round of 16,Morocco,3,98,47,Spain,4353,Aymeric Laporte,6765,Rodrigo Hernández Cascante,Complete,16.68832,55.9,37.8,58.4,54.3
3869220,2022-12-06,Round of 16,Morocco,3,98,49,Spain,6765,Rodrigo Hernández Cascante,30756,Anssumane Fati,Incomplete,43.304157,63.8,55.6,104.0,39.5
3869220,2022-12-06,Round of 16,Morocco,3,99,6,Spain,6840,Marcos Llorente Moreno,6765,Rodrigo Hernández Cascante,Complete,14.56022,80.3,80.0,68.7,71.2
3869220,2022-12-06,Round of 16,Morocco,3,99,10,Spain,6765,Rodrigo Hernández Cascante,4353,Aymeric Laporte,Complete,28.790276,75.1,68.4,69.3,40.2
3869220,2022-12-06,Round of 16,Morocco,3,99,15,Spain,4353,Aymeric Laporte,30486,Pedro González López,Complete,15.146287,80.5,35.9,82.6,20.9
3869220,2022-12-06,Round of 16,Morocco,3,99,17,Spain,30486,Pedro González López,39161,Alejandro Balde Martínez,Complete,18.539957,82.6,20.9,94.4,6.6
3869220,2022-12-06,Round of 16,Morocco,3,99,19,Spain,39161,Alejandro Balde Martínez,30486,Pedro González López,Complete,18.742731,94.4,6.6,79.6,18.1
3869220,2022-12-06,Round of 16,Morocco,3,99,21,Spain,30486,Pedro González López,3477,Álvaro Borja Morata Martín,Complete,23.210558,79.6,18.1,100.4,28.4
3869220,2022-12-06,Round of 16,Morocco,3,99,25,Spain,3477,Álvaro Borja Morata Martín,,,Incomplete,16.009996,118.1,25.6,114.5,41.2
3869220,2022-12-06,Round of 16,Morocco,3,99,34,Spain,11748,Unai Simón Mendibil,6765,Rodrigo Hernández Cascante,Complete,16.414932,49.0,50.0,63.8,57.1
3869220,2022-12-06,Round of 16,Morocco,3,99,37,Spain,6765,Rodrigo Hernández Cascante,4353,Aymeric Laporte,Complete,18.1648,71.5,56.2,62.9,40.2
3869220,2022-12-06,Round of 16,Morocco,3,99,39,Spain,4353,Aymeric Laporte,30486,Pedro González López,Complete,15.43049,62.9,40.2,69.6,26.3
3869220,2022-12-06,Round of 16,Morocco,3,99,41,Spain,30486,Pedro González López,4353,Aymeric Laporte,Complete,9.794897,69.6,26.3,65.1,35.0
3869220,2022-12-06,Round of 16,Morocco,3,99,43,Spain,4353,Aymeric Laporte,6765,Rodrigo Hernández Cascante,Complete,20.207424,65.1,35.0,69.6,54.7
3869220,2022-12-06,Round of 16,Morocco,3,99,49,Spain,6765,Rodrigo Hernández Cascante,5203,Sergio Busquets i Burgos,Complete,11.123399,77.0,55.1,87.3,50.9
3869220,2022-12-06,Round of 16,Morocco,3,99,49,Spain,5203,Sergio Busquets i Burgos,6840,Marcos Llorente Moreno,Complete,29.110994,87.3,50.9,98.9,77.6
3869220,2022-12-06,Round of 16,Morocco,3,99,52,Spain,6840,Marcos Llorente Moreno,,,Incomplete,43.753513,98.9,77.6,111.5,35.7
3869220,2022-12-06,Round of 16,Morocco,3,100,23,Spain,30756,Anssumane Fati,6583,Carlos Soler Barragán,Complete,9.124144,120.0,0.1,113.4,6.4
3869220,2022-12-06,Round of 16,Morocco,3,100,25,Spain,6583,Carlos Soler Barragán,30486,Pedro González López,Complete,24.947947,113.4,6.4,94.6,22.8
3869220,2022-12-06,Round of 16,Morocco,3,100,28,Spain,30486,Pedro González López,30756,Anssumane Fati,Incomplete,4.661545,94.6,22.8,98.9,24.6
3869220,2022-12-06,Round of 16,Morocco,3,101,19,Spain,4353,Aymeric Laporte,6765,Rodrigo Hernández Cascante,Complete,14.761098,26.8,26.9,38.5,35.9
3869220,2022-12-06,Round of 16,Morocco,3,101,21,Spain,6765,Rodrigo Hernández Cascante,6840,Marcos Llorente Moreno,Complete,28.739172,38.5,35.9,40.0,64.6
3869220,2022-12-06,Round of 16,Morocco,3,101,24,Spain,6840,Marcos Llorente Moreno,6583,Carlos Soler Barragán,Complete,13.260844,45.6,67.8,58.0,72.5
3869220,2022-12-06,Round of 16,Morocco,3,101,28,Spain,6583,Carlos Soler Barragán,6765,Rodrigo Hernández Cascante,Complete,19.651209,57.6,68.8,50.7,50.4
3869220,2022-12-06,Round of 16,Morocco,3,101,30,Spain,6765,Rodrigo Hernández Cascante,30486,Pedro González López,Complete,32.095173,50.7,50.4,63.8,21.1
3869220,2022-12-06,Round of 16,Morocco,3,101,33,Spain,30486,Pedro González López,39161,Alejandro Balde Martínez,Complete,19.597193,69.6,19.6,83.0,5.3
3869220,2022-12-06,Round of 16,Morocco,3,101,35,Spain,39161,Alejandro Balde Martínez,30486,Pedro González López,Complete,18.113531,83.0,5.3,68.1,15.6
3869220,2022-12-06,Round of 16,Morocco,3,101,38,Spain,30486,Pedro González López,6765,Rodrigo Hernández Cascante,Complete,31.600634,68.9,17.1,69.1,48.7
3869220,2022-12-06,Round of 16,Morocco,3,101,41,Spain,6765,Rodrigo Hernández Cascante,,,Incomplete,37.792194,69.1,48.7,105.1,37.2
3869220,2022-12-06,Round of 16,Morocco,3,101,50,Spain,6765,Rodrigo Hernández Cascante,,,Out,14.091842,57.6,76.7,71.3,80.0
3869220,2022-12-06,Round of 16,Morocco,3,102,15,Spain,6765,Rodrigo Hernández Cascante,3477,Álvaro Borja Morata Martín,Incomplete,30.294884,43.9,75.2,73.2,67.5
3869220,2022-12-06,Round of 16,Morocco,3,102,25,Spain,39161,Alejandro Balde Martínez,4353,Aymeric Laporte,Complete,14.156624,58.7,26.5,44.7,28.6
3869220,2022-12-06,Round of 16,Morocco,3,102,28,Spain,4353,Aymeric Laporte,30486,Pedro González López,Complete,6.6483083,44.7,28.6,50.9,31.0
3869220,2022-12-06,Round of 16,Morocco,3,102,32,Spain,30486,Pedro González López,6765,Rodrigo Hernández Cascante,Complete,10.210778,56.1,41.0,57.6,51.1
3869220,2022-12-06,Round of 16,Morocco,3,102,34,Spain,6765,Rodrigo Hernández Cascante,6583,Carlos Soler Barragán,Complete,10.636729,57.6,51.1,59.3,61.6
3869220,2022-12-06,Round of 16,Morocco,3,102,38,Spain,6583,Carlos Soler Barragán,6765,Rodrigo Hernández Cascante,Complete,14.17392,64.9,62.8,57.2,50.9
3869220,2022-12-06,Round of 16,Morocco,3,102,40,Spain,6765,Rodrigo Hernández Cascante,4353,Aymeric Laporte,Complete,16.101242,57.2,50.9,57.4,34.8
3869220,2022-12-06,Round of 16,Morocco,3,102,43,Spain,4353,Aymeric Laporte,30486,Pedro González López,Complete,14.686048,63.4,29.7,70.6,16.9
3869220,2022-12-06,Round of 16,Morocco,3,102,47,Spain,30486,Pedro González López,6765,Rodrigo Hernández Cascante,Complete,26.846601,74.3,18.6,70.0,45.1
3869220,2022-12-06,Round of 16,Morocco,3,103,42,Spain,30486,Pedro González López,30756,Anssumane Fati,Complete,12.624579,12.2,5.9,22.5,13.2
3869220,2022-12-06,Round of 16,Morocco,3,103,45,Spain,30756,Anssumane Fati,30486,Pedro González López,Complete,8.434453,31.7,8.5,40.0,7.0
3869220,2022-12-06,Round of 16,Morocco,3,103,49,Spain,30486,Pedro González López,39161,Alejandro Balde Martínez,Incomplete,5.6044626,68.1,5.5,69.6,10.9
3869220,2022-12-06,Round of 16,Morocco,3,104,39,Spain,11748,Unai Simón Mendibil,39161,Alejandro Balde Martínez,Complete,62.180542,7.0,44.1,56.9,7.0
3869220,2022-12-06,Round of 16,Morocco,3,104,42,Spain,39161,Alejandro Balde Martínez,30486,Pedro González López,Complete,15.20855,56.9,7.0,51.2,21.1
3869220,2022-12-06,Round of 16,Morocco,3,104,45,Spain,30486,Pedro González López,6765,Rodrigo Hernández Cascante,Complete,20.748253,54.8,25.4,51.6,45.9
3869220,2022-12-06,Round of 16,Morocco,3,104,48,Spain,6765,Rodrigo Hernández Cascante,6840,Marcos Llorente Moreno,Complete,21.273458,55.0,46.8,58.4,67.8
3869220,2022-12-06,Round of 16,Morocco,3,104,52,Spain,6840,Marcos Llorente Moreno,5203,Sergio Busquets i Burgos,Complete,12.215564,58.7,68.0,63.8,56.9
3869220,2022-12-06,Round of 16,Morocco,3,104,53,Spain,5203,Sergio Busquets i Burgos,,,Incomplete,52.297993,63.8,56.9,116.0,60.1
3869220,2022-12-06,Round of 16,Morocco,3,105,8,Spain,6840,Marcos Llorente Moreno,6765,Rodrigo Hernández Cascante,Complete,25.049152,100.1,80.0,79.0,66.5
3869220,2022-12-06,Round of 16,Morocco,3,105,13,Spain,6765,Rodrigo Hernández Cascante,30756,Anssumane Fati,Incomplete,47.975513,86.7,64.1,114.5,25.0
3869220,2022-12-06,Round of 16,Morocco,3,106,6,Spain,6583,Carlos Soler Barragán,,,Incomplete,45.359562,120.0,0.1,114.3,45.1
3869220,2022-12-06,Round of 16,Morocco,4,105,9,Spain,11748,Unai Simón Mendibil,4353,Aymeric Laporte,Complete,19.37937,6.0,36.0,20.0,22.6
3869220,2022-12-06,Round of 16,Morocco,4,105,13,Spain,4353,Aymeric Laporte,39161,Alejandro Balde Martínez,Complete,22.005682,26.2,21.3,39.0,3.4
3869220,2022-12-06,Round of 16,Morocco,4,105,16,Spain,39161,Alejandro Balde Martínez,4353,Aymeric Laporte,Complete,11.401754,40.9,9.1,33.9,18.1
3869220,2022-12-06,Round of 16,Morocco,4,105,19,Spain,4353,Aymeric Laporte,6765,Rodrigo Hernández Cascante,Complete,26.409279,37.9,26.2,46.7,51.1
3869220,2022-12-06,Round of 16,Morocco,4,105,24,Spain,6765,Rodrigo Hernández Cascante,3477,Álvaro Borja Morata Martín,Incomplete,42.744358,52.0,51.9,94.2,45.1
3869220,2022-12-06,Round of 16,Morocco,4,105,36,Spain,6583,Carlos Soler Barragán,30756,Anssumane Fati,Complete,16.457521,92.3,29.2,107.0,21.8
3869220,2022-12-06,Round of 16,Morocco,4,106,20,Spain,4353,Aymeric Laporte,6765,Rodrigo Hernández Cascante,Complete,15.016324,39.0,0.1,38.3,15.1
3869220,2022-12-06,Round of 16,Morocco,4,106,25,Spain,6765,Rodrigo Hernández Cascante,4353,Aymeric Laporte,Complete,17.632357,51.4,31.4,47.1,14.3
3869220,2022-12-06,Round of 16,Morocco,4,106,30,Spain,4353,Aymeric Laporte,6765,Rodrigo Hernández Cascante,Complete,18.895767,55.2,17.5,53.3,36.3
3869220,2022-12-06,Round of 16,Morocco,4,106,33,Spain,6765,Rodrigo Hernández Cascante,68574,Nicholas Williams Arthuer,Complete,42.380302,53.1,44.0,80.3,76.5
3869220,2022-12-06,Round of 16,Morocco,4,106,36,Spain,68574,Nicholas Williams Arthuer,6840,Marcos Llorente Moreno,Complete,20.840586,76.9,76.3,57.2,69.5
3869220,2022-12-06,Round of 16,Morocco,4,106,38,Spain,6840,Marcos Llorente Moreno,6765,Rodrigo Hernández Cascante,Complete,18.59301,57.0,66.9,49.7,49.8
3869220,2022-12-06,Round of 16,Morocco,4,106,41,Spain,6765,Rodrigo Hernández Cascante,30486,Pedro González López,Complete,43.195602,51.6,48.7,62.1,6.8
3869220,2022-12-06,Round of 16,Morocco,4,106,45,Spain,30486,Pedro González López,30756,Anssumane Fati,Complete,14.288807,62.7,11.3,69.8,23.7
3869220,2022-12-06,Round of 16,Morocco,4,106,47,Spain,30756,Anssumane Fati,4353,Aymeric Laporte,Complete,13.943458,64.4,21.3,50.5,22.4
3869220,2022-12-06,Round of 16,Morocco,4,106,48,Spain,4353,Aymeric Laporte,30486,Pedro González López,Complete,22.314344,50.5,22.4,65.3,5.7
3869220,2022-12-06,Round of 16,Morocco,4,106,50,Spain,30486,Pedro González López,39161,Alejandro Balde Martínez,Out,52.12159,67.9,6.1,120.0,4.6
3869220,2022-12-06,Round of 16,Morocco,4,107,28,Spain,4353,Aymeric Laporte,,,Incomplete,21.61134,46.3,16.8,64.0,4.4
3869220,2022-12-06,Round of 16,Morocco,4,107,44,Spain,11748,Unai Simón Mendibil,4353,Aymeric Laporte,Complete,17.288435,6.0,36.0,19.5,25.2
3869220,2022-12-06,Round of 16,Morocco,4,107,48,Spain,4353,Aymeric Laporte,6840,Marcos Llorente Moreno,Complete,29.36801,25.9,31.4,34.1,59.6
3869220,2022-12-06,Round of 16,Morocco,4,107,51,Spain,6840,Marcos Llorente Moreno,5203,Sergio Busquets i Burgos,Complete,19.890953,37.9,57.3,49.3,41.0
3869220,2022-12-06,Round of 16,Morocco,4,107,53,Spain,5203,Sergio Busquets i Burgos,6840,Marcos Llorente Moreno,Complete,9.213577,51.0,48.7,50.5,57.9
3869220,2022-12-06,Round of 16,Morocco,4,107,55,Spain,6840,Marcos Llorente Moreno,11748,Unai Simón Mendibil,Complete,33.78165,49.9,59.6,21.7,41.0
3869220,2022-12-06,Round of 16,Morocco,4,107,59,Spain,11748,Unai Simón Mendibil,6765,Rodrigo Hernández Cascante,Complete,13.322537,24.0,39.9,34.5,48.1
3869220,2022-12-06,Round of 16,Morocco,4,108,5,Spain,6765,Rodrigo Hernández Cascante,6583,Carlos Soler Barragán,Complete,19.090574,48.6,46.3,55.5,64.1
3869220,2022-12-06,Round of 16,Morocco,4,108,11,Spain,6583,Carlos Soler Barragán,5203,Sergio Busquets i Burgos,Complete,9.64002,69.2,57.9,76.9,52.1
3869220,2022-12-06,Round of 16,Morocco,4,108,12,Spain,5203,Sergio Busquets i Burgos,6840,Marcos Llorente Moreno,Incomplete,38.587303,78.3,53.8,116.6,58.5
3869220,2022-12-06,Round of 16,Morocco,4,108,23,Spain,5203,Sergio Busquets i Burgos,6765,Rodrigo Hernández Cascante,Complete,19.440165,86.7,80.0,71.1,68.4
3869220,2022-12-06,Round of 16,Morocco,4,108,27,Spain,6765,Rodrigo Hernández Cascante,4353,Aymeric Laporte,Complete,23.394016,76.0,61.8,64.2,41.6
3869220,2022-12-06,Round of 16,Morocco,4,108,29,Spain,4353,Aymeric Laporte,68574,Nicholas Williams Arthuer,Incomplete,49.974094,64.2,41.6,107.7,66.2
3869220,2022-12-06,Round of 16,Morocco,4,108,37,Spain,6840,Marcos Llorente Moreno,6765,Rodrigo Hernández Cascante,Complete,23.067076,88.4,80.0,68.7,68.0
3869220,2022-12-06,Round of 16,Morocco,4,108,42,Spain,6765,Rodrigo Hernández Cascante,4353,Aymeric Laporte,Complete,24.894377,74.3,62.2,67.0,38.4
3869220,2022-12-06,Round of 16,Morocco,4,108,47,Spain,4353,Aymeric Laporte,39161,Alejandro Balde Martínez,Complete,21.800917,74.3,27.5,74.1,5.7
3869220,2022-12-06,Round of 16,Morocco,4,108,49,Spain,39161,Alejandro Balde Martínez,4353,Aymeric Laporte,Complete,20.821623,75.4,4.4,68.1,23.9
3869220,2022-12-06,Round of 16,Morocco,4,108,51,Spain,4353,Aymeric Laporte,6765,Rodrigo Hernández Cascante,Complete,18.062391,68.1,22.6,66.6,40.6
3869220,2022-12-06,Round of 16,Morocco,4,108,56,Spain,6765,Rodrigo Hernández Cascante,6583,Carlos Soler Barragán,Complete,19.520758,75.6,48.9,74.7,68.4
3869220,2022-12-06,Round of 16,Morocco,4,108,57,Spain,6583,Carlos Soler Barragán,68574,Nicholas Williams Arthuer,Complete,13.231024,74.9,68.8,85.8,76.3
3869220,2022-12-06,Round of 16,Morocco,4,109,0,Spain,68574,Nicholas Williams Arthuer,6840,Marcos Llorente Moreno,Incomplete,2.7294688,85.8,75.2,88.2,73.9
3869220,2022-12-06,Round of 16,Morocco,4,109,7,Spain,68574,Nicholas Williams Arthuer,6765,Rodrigo Hernández Cascante,Complete,33.8882,86.3,80.0,69.8,50.4
3869220,2022-12-06,Round of 16,Morocco,4,109,11,Spain,6765,Rodrigo Hernández Cascante,4353,Aymeric Laporte,Complete,11.764353,67.4,43.6,63.8,32.4
3869220,2022-12-06,Round of 16,Morocco,4,109,13,Spain,4353,Aymeric Laporte,,,Incomplete,31.058655,68.1,27.5,98.9,23.5
3869220,2022-12-06,Round of 16,Morocco,4,109,22,Spain,39161,Alejandro Balde Martínez,4353,Aymeric Laporte,Complete,20.81466,76.2,0.1,58.0,10.2
3869220,2022-12-06,Round of 16,Morocco,4,109,25,Spain,4353,Aymeric Laporte,6765,Rodrigo Hernández Cascante,Complete,19.920341,61.4,14.7,62.3,34.6
3869220,2022-12-06,Round of 16,Morocco,4,109,28,Spain,6765,Rodrigo Hernández Cascante,6583,Carlos Soler Barragán,Complete,13.90899,62.9,41.6,63.4,55.5
3869220,2022-12-06,Round of 16,Morocco,4,109,32,Spain,6583,Carlos Soler Barragán,5203,Sergio Busquets i Burgos,Complete,13.665284,73.0,58.5,83.7,50.0
3869220,2022-12-06,Round of 16,Morocco,4,109,34,Spain,5203,Sergio Busquets i Burgos,6583,Carlos Soler Barragán,Complete,12.022063,81.1,51.5,74.9,61.8
3869220,2022-12-06,Round of 16,Morocco,4,109,35,Spain,6583,Carlos Soler Barragán,68574,Nicholas Williams Arthuer,Complete,18.47647,74.3,65.0,88.6,76.7
3869220,2022-12-06,Round of 16,Morocco,4,109,37,Spain,68574,Nicholas Williams Arthuer,6583,Carlos Soler Barragán,Complete,16.727522,87.5,76.1,73.4,67.1
3869220,2022-12-06,Round of 16,Morocco,4,109,40,Spain,6583,Carlos Soler Barragán,6765,Rodrigo Hernández Cascante,Complete,14.534442,74.7,62.8,72.1,48.5
3869220,2022-12-06,Round of 16,Morocco,4,109,42,Spain,6765,Rodrigo Hernández Cascante,30756,Anssumane Fati,Complete,45.331005,75.4,44.6,92.7,2.7
3869220,2022-12-06,Round of 16,Morocco,4,109,46,Spain,30756,Anssumane Fati,,,Incomplete,9.674709,92.3,3.1,87.5,11.5
3869220,2022-12-06,Round of 16,Morocco,4,110,3,Spain,4353,Aymeric Laporte,11748,Unai Simón Mendibil,Complete,19.205208,28.3,37.6,9.3,40.4
3869220,2022-12-06,Round of 16,Morocco,4,110,6,Spain,11748,Unai Simón Mendibil,39161,Alejandro Balde Martínez,Complete,34.225285,13.5,33.3,32.6,4.9
3869220,2022-12-06,Round of 16,Morocco,4,111,19,Spain,30486,Pedro González López,39161,Alejandro Balde Martínez,Complete,16.642416,57.4,14.7,69.8,3.6
3869220,2022-12-06,Round of 16,Morocco,4,111,21,Spain,39161,Alejandro Balde Martínez,30486,Pedro González López,Complete,11.225417,70.0,6.4,64.9,16.4
3869220,2022-12-06,Round of 16,Morocco,4,111,24,Spain,30486,Pedro González López,6765,Rodrigo Hernández Cascante,Complete,20.355343,64.7,20.9,66.2,41.2
3869220,2022-12-06,Round of 16,Morocco,4,111,26,Spain,6765,Rodrigo Hernández Cascante,5203,Sergio Busquets i Burgos,Complete,12.435433,65.9,42.1,76.9,36.3
3869220,2022-12-06,Round of 16,Morocco,4,111,27,Spain,5203,Sergio Busquets i Burgos,6583,Carlos Soler Barragán,Complete,15.774663,79.0,36.5,89.0,48.7
3869220,2022-12-06,Round of 16,Morocco,4,111,30,Spain,6583,Carlos Soler Barragán,68574,Nicholas Williams Arthuer,Incomplete,2.745906,91.8,48.5,93.3,50.8
3869220,2022-12-06,Round of 16,Morocco,4,111,31,Spain,6583,Carlos Soler Barragán,68574,Nicholas Williams Arthuer,Complete,23.48872,90.5,50.8,108.9,65.4
3869220,2022-12-06,Round of 16,Morocco,4,111,37,Spain,68574,Nicholas Williams Arthuer,6840,Marcos Llorente Moreno,Complete,12.535549,99.7,67.7,88.0,72.2
3869220,2022-12-06,Round of 16,Morocco,4,111,39,Spain,6840,Marcos Llorente Moreno,6765,Rodrigo Hernández Cascante,Complete,20.723417,85.8,72.2,74.7,54.7
3869220,2022-12-06,Round of 16,Morocco,4,111,41,Spain,6765,Rodrigo Hernández Cascante,30486,Pedro González López,Complete,37.43007,74.7,51.7,76.2,14.3
3869220,2022-12-06,Round of 16,Morocco,4,111,44,Spain,30486,Pedro González López,4353,Aymeric Laporte,Complete,18.916924,76.0,10.0,65.3,25.6
3869220,2022-12-06,Round of 16,Morocco,4,111,46,Spain,4353,Aymeric Laporte,30486,Pedro González López,Complete,20.036966,65.3,25.6,74.5,7.8
3869220,2022-12-06,Round of 16,Morocco,4,111,49,Spain,30486,Pedro González López,30756,Anssumane Fati,Complete,10.977249,75.4,7.8,80.9,17.3
3869220,2022-12-06,Round of 16,Morocco,4,111,52,Spain,30756,Anssumane Fati,30486,Pedro González López,Complete,7.6609397,83.3,14.5,78.8,8.3
3869220,2022-12-06,Round of 16,Morocco,4,111,53,Spain,30486,Pedro González López,5203,Sergio Busquets i Burgos,Complete,26.515278,78.8,8.3,77.9,34.8
3869220,2022-12-06,Round of 16,Morocco,4,111,58,Spain,5203,Sergio Busquets i Burgos,39161,Alejandro Balde Martínez,Complete,35.141144,82.6,39.5,111.7,19.8
3869220,2022-12-06,Round of 16,Morocco,4,112,0,Spain,39161,Alejandro Balde Martínez,,,Incomplete,15.201316,111.7,20.0,111.9,35.2
3869220,2022-12-06,Round of 16,Morocco,4,112,5,Spain,5203,Sergio Busquets i Burgos,4353,Aymeric Laporte,Complete,17.902514,83.7,35.0,69.2,24.5
3869220,2022-12-06,Round of 16,Morocco,4,112,7,Spain,4353,Aymeric Laporte,30486,Pedro González López,Complete,12.054045,69.2,23.0,73.9,11.9
3869220,2022-12-06,Round of 16,Morocco,4,112,11,Spain,30486,Pedro González López,6765,Rodrigo Hernández Cascante,Complete,24.100622,69.2,13.8,67.0,37.8
3869220,2022-12-06,Round of 16,Morocco,4,112,13,Spain,6765,Rodrigo Hernández Cascante,6583,Carlos Soler Barragán,Complete,15.182226,67.0,40.4,72.1,54.7
3869220,2022-12-06,Round of 16,Morocco,4,112,15,Spain,6583,Carlos Soler Barragán,68574,Nicholas Williams Arthuer,Complete,26.005,74.1,59.4,94.2,75.9
3869220,2022-12-06,Round of 16,Morocco,4,112,45,Spain,6765,Rodrigo Hernández Cascante,5203,Sergio Busquets i Burgos,Complete,10.976793,57.2,71.8,67.7,75.0
3869220,2022-12-06,Round of 16,Morocco,4,113,11,Spain,6840,Marcos Llorente Moreno,6765,Rodrigo Hernández Cascante,Complete,14.526183,32.1,80.0,24.7,67.5
3869220,2022-12-06,Round of 16,Morocco,4,113,19,Spain,6765,Rodrigo Hernández Cascante,4353,Aymeric Laporte,Complete,19.141579,40.5,53.0,36.9,34.2
3869220,2022-12-06,Round of 16,Morocco,4,113,27,Spain,4353,Aymeric Laporte,6765,Rodrigo Hernández Cascante,Complete,17.314156,62.7,25.4,63.4,42.7
3869220,2022-12-06,Round of 16,Morocco,4,113,32,Spain,6765,Rodrigo Hernández Cascante,6840,Marcos Llorente Moreno,Complete,16.38841,76.4,55.3,74.7,71.6
3869220,2022-12-06,Round of 16,Morocco,4,113,34,Spain,6840,Marcos Llorente Moreno,68574,Nicholas Williams Arthuer,Complete,15.076471,74.9,68.6,88.2,75.7
3869220,2022-12-06,Round of 16,Morocco,4,113,35,Spain,68574,Nicholas Williams Arthuer,6840,Marcos Llorente Moreno,Complete,17.256884,88.2,75.7,73.6,66.5
3869220,2022-12-06,Round of 16,Morocco,4,113,37,Spain,6840,Marcos Llorente Moreno,5203,Sergio Busquets i Burgos,Complete,17.804493,74.1,65.2,74.5,47.4
3869220,2022-12-06,Round of 16,Morocco,4,113,41,Spain,5203,Sergio Busquets i Burgos,39161,Alejandro Balde Martínez,Incomplete,33.857643,73.4,40.8,95.9,15.5
3869220,2022-12-06,Round of 16,Morocco,4,113,50,Spain,30486,Pedro González López,6583,Carlos Soler Barragán,Complete,13.635982,83.3,30.1,92.0,40.6
3869220,2022-12-06,Round of 16,Morocco,4,114,21,Spain,11748,Unai Simón Mendibil,6840,Marcos Llorente Moreno,Complete,33.700592,11.2,34.8,33.0,60.5
3869220,2022-12-06,Round of 16,Morocco,4,114,24,Spain,6840,Marcos Llorente Moreno,6765,Rodrigo Hernández Cascante,Complete,20.341583,50.1,64.1,39.4,46.8
3869220,2022-12-06,Round of 16,Morocco,4,114,27,Spain,6765,Rodrigo Hernández Cascante,4353,Aymeric Laporte,Complete,15.811388,45.4,42.9,44.8,27.1
3869220,2022-12-06,Round of 16,Morocco,4,114,34,Spain,4353,Aymeric Laporte,5203,Sergio Busquets i Burgos,Complete,8.682166,64.0,22.8,71.3,27.5
3869220,2022-12-06,Round of 16,Morocco,4,114,35,Spain,5203,Sergio Busquets i Burgos,30486,Pedro González López,Complete,16.523922,71.3,27.5,84.3,17.3
3869220,2022-12-06,Round of 16,Morocco,4,114,36,Spain,30486,Pedro González López,30756,Anssumane Fati,Incomplete,3.3837848,85.0,17.3,86.9,14.5
3869220,2022-12-06,Round of 16,Morocco,4,114,52,Spain,11748,Unai Simón Mendibil,6765,Rodrigo Hernández Cascante,Complete,12.096694,14.6,23.0,22.9,31.8
3869220,2022-12-06,Round of 16,Morocco,4,114,58,Spain,6765,Rodrigo Hernández Cascante,5203,Sergio Busquets i Burgos,Complete,16.834488,44.3,43.8,56.5,32.2
3869220,2022-12-06,Round of 16,Morocco,4,115,1,Spain,5203,Sergio Busquets i Burgos,3477,Álvaro Borja Morata Martín,Complete,12.714166,56.1,31.6,68.7,29.9
3869220,2022-12-06,Round of 16,Morocco,4,115,5,Spain,3477,Álvaro Borja Morata Martín,68574,Nicholas Williams Arthuer,Out,55.49099,73.0,45.5,120.0,75.0
3869220,2022-12-06,Round of 16,Morocco,4,116,1,Spain,6840,Marcos Llorente Moreno,,,Incomplete,48.514946,9.5,76.3,57.4,68.6
3869220,2022-12-06,Round of 16,Morocco,4,116,11,Spain,6765,Rodrigo Hernández Cascante,68574,Nicholas Williams Arthuer,Complete,14.270599,14.4,62.8,27.0,69.5
3869220,2022-12-06,Round of 16,Morocco,4,116,16,Spain,68574,Nicholas Williams Arthuer,3477,Álvaro Borja Morata Martín,Complete,18.024982,49.5,71.6,55.2,54.5
3869220,2022-12-06,Round of 16,Morocco,4,116,23,Spain,3477,Álvaro Borja Morata Martín,30756,Anssumane Fati,Out,20.080837,100.0,28.0,120.0,26.2
3869220,2022-12-06,Round of 16,Morocco,4,117,7,Spain,6765,Rodrigo Hernández Cascante,3477,Álvaro Borja Morata Martín,Complete,22.227236,42.2,55.3,64.4,56.4
3869220,2022-12-06,Round of 16,Morocco,4,117,9,Spain,3477,Álvaro Borja Morata Martín,68574,Nicholas Williams Arthuer,Complete,37.161808,65.5,57.7,99.5,72.7
3869220,2022-12-06,Round of 16,Morocco,4,118,38,Spain,6840,Marcos Llorente Moreno,6765,Rodrigo Hernández Cascante,Complete,11.859595,38.3,80.0,33.4,69.2
3869220,2022-12-06,Round of 16,Morocco,4,118,43,Spain,6765,Rodrigo Hernández Cascante,4353,Aymeric Laporte,Complete,27.730848,50.3,65.4,38.3,40.4
3869220,2022-12-06,Round of 16,Morocco,4,118,50,Spain,4353,Aymeric Laporte,6765,Rodrigo Hernández Cascante,Complete,14.436759,56.3,32.0,60.2,45.9
3869220,2022-12-06,Round of 16,Morocco,4,118,53,Spain,6765,Rodrigo Hernández Cascante,6583,Carlos Soler Barragán,Complete,14.477914,63.6,50.6,65.1,65.0
3869220,2022-12-06,Round of 16,Morocco,4,118,58,Spain,6583,Carlos Soler Barragán,5203,Sergio Busquets i Burgos,Complete,12.972664,77.1,61.5,86.9,53.0
3869220,2022-12-06,Round of 16,Morocco,4,118,58,Spain,5203,Sergio Busquets i Burgos,6840,Marcos Llorente Moreno,Complete,31.489204,86.9,53.0,110.0,74.4
3869220,2022-12-06,Round of 16,Morocco,4,119,2,Spain,6840,Marcos Llorente Moreno,,,Incomplete,2.9410882,117.5,74.2,115.8,71.8
3869220,2022-12-06,Round of 16,Morocco,4,119,45,Spain,6720,Pablo Sarabia García,,,Incomplete,37.0725,120.0,80.0,114.1,43.4
3869220,2022-12-06,Round of 16,Morocco,4,119,49,Spain,30486,Pedro González López,6765,Rodrigo Hernández Cascante,Complete,6.3890533,93.3,50.0,97.4,45.1
3869220,2022-12-06,Round of 16,Morocco,4,119,50,Spain,6765,Rodrigo Hernández Cascante,39161,Alejandro Balde Martínez,Complete,21.200235,97.4,45.1,76.6,41.0
3869220,2022-12-06,Round of 16,Morocco,4,119,53,Spain,39161,Alejandro Balde Martínez,30756,Anssumane Fati,Complete,30.784575,79.0,33.3,95.0,7.0
3869220,2022-12-06,Round of 16,Morocco,4,120,3,Spain,5203,Sergio Busquets i Burgos,11748,Unai Simón Mendibil,Complete,36.808968,51.4,20.9,18.7,37.8
3869220,2022-12-06,Round of 16,Morocco,4,120,6,Spain,11748,Unai Simón Mendibil,6840,Marcos Llorente Moreno,Complete,15.729272,24.0,45.9,36.9,54.9
3869220,2022-12-06,Round of 16,Morocco,4,120,9,Spain,6840,Marcos Llorente Moreno,5203,Sergio Busquets i Burgos,Complete,26.049952,38.6,51.7,45.2,26.5
3869220,2022-12-06,Round of 16,Morocco,4,120,15,Spain,5203,Sergio Busquets i Burgos,30756,Anssumane Fati,Complete,22.411604,57.8,31.4,76.6,19.2
3869220,2022-12-06,Round of 16,Morocco,4,120,16,Spain,30756,Anssumane Fati,4353,Aymeric Laporte,Complete,28.130589,76.6,19.2,48.8,23.5
3869220,2022-12-06,Round of 16,Morocco,4,120,20,Spain,4353,Aymeric Laporte,30486,Pedro González López,Complete,20.365658,46.5,17.5,62.5,4.9
3869220,2022-12-06,Round of 16,Morocco,4,120,22,Spain,30486,Pedro González López,39161,Alejandro Balde Martínez,Complete,15.119855,66.6,3.8,81.6,1.9
3869220,2022-12-06,Round of 16,Morocco,4,120,25,Spain,39161,Alejandro Balde Martínez,3477,Álvaro Borja Morata Martín,Complete,9.676776,91.0,5.9,94.0,15.1
3869220,2022-12-06,Round of 16,Morocco,4,120,26,Spain,3477,Álvaro Borja Morata Martín,30486,Pedro González López,Complete,14.115594,94.0,15.1,80.3,11.7
3869220,2022-12-06,Round of 16,Morocco,4,120,30,Spain,30486,Pedro González López,39161,Alejandro Balde Martínez,Complete,17.893295,84.1,17.0,97.0,4.6
3869220,2022-12-06,Round of 16,Morocco,4,120,34,Spain,39161,Alejandro Balde Martínez,30486,Pedro González López,Complete,17.85189,93.7,6.6,77.5,14.1
3869220,2022-12-06,Round of 16,Morocco,4,120,36,Spain,30486,Pedro González López,6765,Rodrigo Hernández Cascante,Complete,15.79905,80.3,19.8,82.8,35.4
3869220,2022-12-06,Round of 16,Morocco,4,120,38,Spain,6765,Rodrigo Hernández Cascante,6840,Marcos Llorente Moreno,Complete,36.206768,82.0,41.4,100.2,72.7
3869220,2022-12-06,Round of 16,Morocco,4,120,41,Spain,6840,Marcos Llorente Moreno,6720,Pablo Sarabia García,Complete,8.315046,99.7,71.8,100.2,63.5
3869220,2022-12-06,Round of 16,Morocco,4,120,42,Spain,6720,Pablo Sarabia García,6840,Marcos Llorente Moreno,Incomplete,1.264911,100.2,63.5,101.4,63.9
3869220,2022-12-06,Round of 16,Morocco,4,120,44,Spain,6720,Pablo Sarabia García,5203,Sergio Busquets i Burgos,Complete,17.801685,97.8,66.2,95.9,48.5
3869220,2022-12-06,Round of 16,Morocco,4,120,57,Spain,6765,Rodrigo Hernández Cascante,4353,Aymeric Laporte,Complete,25.439537,31.7,65.2,44.3,43.1
3869220,2022-12-06,Round of 16,Morocco,4,121,0,Spain,4353,Aymeric Laporte,30486,Pedro González López,Complete,16.710775,46.5,37.2,59.5,26.7
3869220,2022-12-06,Round of 16,Morocco,4,121,3,Spain,30486,Pedro González López,39161,Alejandro Balde Martínez,Complete,26.600752,61.9,20.9,81.3,2.7
3869220,2022-12-06,Round of 16,Morocco,4,121,6,Spain,39161,Alejandro Balde Martínez,30486,Pedro González López,Complete,9.730879,80.9,2.7,74.7,10.2
3869220,2022-12-06,Round of 16,Morocco,4,121,8,Spain,30486,Pedro González López,30756,Anssumane Fati,Complete,5.7974133,77.7,11.9,83.3,13.4
3869220,2022-12-06,Round of 16,Morocco,4,121,9,Spain,30756,Anssumane Fati,30486,Pedro González López,Complete,5.1739736,83.5,13.4,79.6,10.0
3869220,2022-12-06,Round of 16,Morocco,4,121,9,Spain,30486,Pedro González López,39161,Alejandro Balde Martínez,Complete,10.610373,79.6,10.0,86.9,2.3
3869220,2022-12-06,Round of 16,Morocco,4,121,12,Spain,39161,Alejandro Balde Martínez,30486,Pedro González López,Complete,9.571834,88.8,3.4,80.7,8.5
3869220,2022-12-06,Round of 16,Morocco,4,121,15,Spain,30486,Pedro González López,5203,Sergio Busquets i Burgos,Complete,13.529966,82.0,16.8,81.1,30.3
3869220,2022-12-06,Round of 16,Morocco,4,121,17,Spain,5203,Sergio Busquets i Burgos,6720,Pablo Sarabia García,Complete,41.40302,80.5,35.4,94.4,74.4
3869220,2022-12-06,Round of 16,Morocco,4,121,21,Spain,6720,Pablo Sarabia García,6583,Carlos Soler Barragán,Complete,29.492373,92.9,71.6,104.3,44.4
3869220,2022-12-06,Round of 16,Morocco,4,121,55,Spain,6720,Pablo Sarabia García,,,Incomplete,34.20994,120.0,80.0,112.6,46.6
3869220,2022-12-06,Round of 16,Morocco,4,122,0,Spain,30486,Pedro González López,6840,Marcos Llorente Moreno,Complete,21.480455,93.1,68.8,76.0,55.8
3869220,2022-12-06,Round of 16,Morocco,4,122,2,Spain,6840,Marcos Llorente Moreno,39161,Alejandro Balde Martínez,Complete,21.982265,74.9,51.1,73.0,29.2
3869220,2022-12-06,Round of 16,Morocco,4,122,6,Spain,39161,Alejandro Balde Martínez,6840,Marcos Llorente Moreno,Complete,15.82024,73.2,26.7,72.4,42.5
3869220,2022-12-06,Round of 16,Morocco,4,122,8,Spain,6840,Marcos Llorente Moreno,30486,Pedro González López,Complete,20.12014,74.7,47.6,81.6,66.5
3869220,2022-12-06,Round of 16,Morocco,4,122,11,Spain,30486,Pedro González López,5203,Sergio Busquets i Burgos,Complete,14.389232,79.4,55.3,86.7,42.9
3869220,2022-12-06,Round of 16,Morocco,4,122,14,Spain,5203,Sergio Busquets i Burgos,30756,Anssumane Fati,Complete,17.801123,93.3,43.8,93.5,26.0
3869220,2022-12-06,Round of 16,Morocco,4,122,17,Spain,30756,Anssumane Fati,5203,Sergio Busquets i Burgos,Complete,14.220057,92.9,28.4,95.9,42.3
3869220,2022-12-06,Round of 16,Morocco,4,122,18,Spain,5203,Sergio Busquets i Burgos,6765,Rodrigo Hernández Cascante,Complete,26.155306,95.9,42.3,97.6,16.2
3869220,2022-12-06,Round of 16,Morocco,4,122,21,Spain,6765,Rodrigo Hernández Cascante,6720,Pablo Sarabia García,Complete,36.266376,94.8,17.5,117.1,46.1
3857263,2022-11-27,Group Stage,Germany,1,0,0,Spain,133353,Pablo Martín Páez Gavira,4353,Aymeric Laporte,Complete,24.475294,60.0,40.0,36.0,35.2
3857263,2022-11-27,Group Stage,Germany,1,0,3,Spain,4353,Aymeric Laporte,6765,Rodrigo Hernández Cascante,Complete,14.453373,37.7,35.4,39.8,49.7
3857263,2022-11-27,Group Stage,Germany,1,0,6,Spain,6765,Rodrigo Hernández Cascante,6748,Ferrán Torres García,Complete,60.440136,41.8,50.8,79.3,3.4
3857263,2022-11-27,Group Stage,Germany,1,0,9,Spain,6748,Ferrán Torres García,30486,Pedro González López,Incomplete,17.8,79.3,3.4,97.1,3.4
3857263,2022-11-27,Group Stage,Germany,1,0,30,Spain,5211,Jordi Alba Ramos,6748,Ferrán Torres García,Complete,6.3505907,90.7,0.1,96.4,2.9
3857263,2022-11-27,Group Stage,Germany,1,0,31,Spain,6748,Ferrán Torres García,5211,Jordi Alba Ramos,Complete,5.9228373,95.8,2.7,90.0,1.5
3857263,2022-11-27,Group Stage,Germany,1,0,31,Spain,5211,Jordi Alba Ramos,6748,Ferrán Torres García,Complete,5.800862,90.0,1.5,95.8,1.6
3857263,2022-11-27,Group Stage,Germany,1,0,37,Spain,4353,Aymeric Laporte,,,Incomplete,21.489532,75.0,5.0,88.4,21.8
3857263,2022-11-27,Group Stage,Germany,1,0,41,Spain,5721,Daniel Carvajal Ramos,6765,Rodrigo Hernández Cascante,Complete,38.364826,57.2,39.5,19.7,47.6
3857263,2022-11-27,Group Stage,Germany,1,0,50,Spain,6765,Rodrigo Hernández Cascante,4353,Aymeric Laporte,Complete,24.290945,26.8,44.2,28.9,20.0
3857263,2022-11-27,Group Stage,Germany,1,0,55,Spain,4353,Aymeric Laporte,6765,Rodrigo Hernández Cascante,Complete,21.851545,35.0,20.8,36.5,42.6
3857263,2022-11-27,Group Stage,Germany,1,0,58,Spain,6765,Rodrigo Hernández Cascante,5721,Daniel Carvajal Ramos,Complete,28.063143,39.5,44.9,46.0,72.2
3857263,2022-11-27,Group Stage,Germany,1,1,0,Spain,5721,Daniel Carvajal Ramos,6765,Rodrigo Hernández Cascante,Complete,20.56502,44.5,69.2,28.9,55.8
3857263,2022-11-27,Group Stage,Germany,1,1,4,Spain,6765,Rodrigo Hernández Cascante,5211,Jordi Alba Ramos,Complete,41.244274,31.3,44.2,39.1,3.7
3857263,2022-11-27,Group Stage,Germany,1,1,7,Spain,5211,Jordi Alba Ramos,6748,Ferrán Torres García,Complete,16.533905,41.5,3.7,57.9,1.6
3857263,2022-11-27,Group Stage,Germany,1,1,9,Spain,6748,Ferrán Torres García,30486,Pedro González López,Complete,11.253888,54.2,2.4,51.4,13.3
3857263,2022-11-27,Group Stage,Germany,1,1,10,Spain,30486,Pedro González López,4353,Aymeric Laporte,Complete,24.554022,51.4,13.3,27.3,18.0
3857263,2022-11-27,Group Stage,Germany,1,1,12,Spain,4353,Aymeric Laporte,6748,Ferrán Torres García,Complete,25.941666,26.6,18.8,46.7,2.4
3857263,2022-11-27,Group Stage,Germany,1,1,16,Spain,6748,Ferrán Torres García,5211,Jordi Alba Ramos,Complete,9.464143,42.8,3.2,33.7,0.6
3857263,2022-11-27,Group Stage,Germany,1,1,17,Spain,5211,Jordi Alba Ramos,6748,Ferrán Torres García,Complete,9.861542,33.7,0.6,37.5,9.7
3857263,2022-11-27,Group Stage,Germany,1,2,36,Spain,6765,Rodrigo Hernández Cascante,30486,Pedro González López,Complete,19.165855,7.0,31.3,20.8,18.0
3857263,2022-11-27,Group Stage,Germany,1,2,38,Spain,30486,Pedro González López,16532,Daniel Olmo Carvajal,Complete,10.9018345,22.4,18.8,33.3,18.6
3857263,2022-11-27,Group Stage,Germany,1,2,59,Spain,5211,Jordi Alba Ramos,4353,Aymeric Laporte,Complete,7.0611615,45.7,7.4,44.2,14.3
3857263,2022-11-27,Group Stage,Germany,1,3,1,Spain,4353,Aymeric Laporte,,,Incomplete,11.638728,55.9,18.6,63.4,27.5
3857263,2022-11-27,Group Stage,Germany,1,3,7,Spain,5211,Jordi Alba Ramos,11748,Unai Simón Mendibil,Complete,25.81821,16.6,18.0,4.3,40.7
3857263,2022-11-27,Group Stage,Germany,1,3,10,Spain,11748,Unai Simón Mendibil,5721,Daniel Carvajal Ramos,Complete,25.853626,4.4,46.2,16.4,69.1
3857263,2022-11-27,Group Stage,Germany,1,3,12,Spain,5721,Daniel Carvajal Ramos,133353,Pablo Martín Páez Gavira,Unknown,16.414932,16.9,69.2,33.3,68.5
3857263,2022-11-27,Group Stage,Germany,1,3,30,Spain,5721,Daniel Carvajal Ramos,6765,Rodrigo Hernández Cascante,Complete,12.463145,33.3,67.8,25.6,58.0
3857263,2022-11-27,Group Stage,Germany,1,3,33,Spain,6765,Rodrigo Hernández Cascante,11748,Unai Simón Mendibil,Complete,22.562136,25.1,55.8,9.5,39.5
3857263,2022-11-27,Group Stage,Germany,1,3,35,Spain,11748,Unai Simón Mendibil,4353,Aymeric Laporte,Complete,13.9603,9.5,39.5,18.7,29.0
3857263,2022-11-27,Group Stage,Germany,1,3,41,Spain,4353,Aymeric Laporte,5211,Jordi Alba Ramos,Complete,15.206906,37.2,12.9,47.7,1.9
3857263,2022-11-27,Group Stage,Germany,1,3,43,Spain,5211,Jordi Alba Ramos,16532,Daniel Olmo Carvajal,Complete,13.2,52.9,1.2,66.1,1.2
3857263,2022-11-27,Group Stage,Germany,1,3,51,Spain,5203,Sergio Busquets i Burgos,16532,Daniel Olmo Carvajal,Complete,9.904039,62.1,19.8,64.1,10.1
3857263,2022-11-27,Group Stage,Germany,1,3,54,Spain,16532,Daniel Olmo Carvajal,5719,Marco Asensio Willemsen,Incomplete,28.606293,67.1,7.7,91.7,22.3
3857263,2022-11-27,Group Stage,Germany,1,4,12,Spain,5721,Daniel Carvajal Ramos,6748,Ferrán Torres García,Complete,10.977249,111.1,77.0,105.6,67.5
3857263,2022-11-27,Group Stage,Germany,1,4,13,Spain,6748,Ferrán Torres García,30486,Pedro González López,Complete,17.455372,105.8,65.3,99.3,49.1
3857263,2022-11-27,Group Stage,Germany,1,4,17,Spain,30486,Pedro González López,6748,Ferrán Torres García,Complete,12.25765,104.3,51.7,106.8,63.7
3857263,2022-11-27,Group Stage,Germany,1,4,18,Spain,6748,Ferrán Torres García,5719,Marco Asensio Willemsen,Complete,24.44995,106.8,63.7,101.2,39.9
3857263,2022-11-27,Group Stage,Germany,1,4,38,Spain,5203,Sergio Busquets i Burgos,16532,Daniel Olmo Carvajal,Incomplete,6.0207973,61.6,28.0,67.5,26.8
3857263,2022-11-27,Group Stage,Germany,1,4,42,Spain,4353,Aymeric Laporte,133353,Pablo Martín Páez Gavira,Complete,8.598837,44.7,24.5,53.2,25.8
3857263,2022-11-27,Group Stage,Germany,1,4,44,Spain,133353,Pablo Martín Páez Gavira,5203,Sergio Busquets i Burgos,Complete,4.2059484,51.7,25.8,50.4,21.8
3857263,2022-11-27,Group Stage,Germany,1,4,45,Spain,5203,Sergio Busquets i Burgos,4353,Aymeric Laporte,Complete,12.609917,50.4,21.8,37.8,22.3
3857263,2022-11-27,Group Stage,Germany,1,4,46,Spain,4353,Aymeric Laporte,5211,Jordi Alba Ramos,Complete,13.944175,38.5,22.5,40.5,8.7
3857263,2022-11-27,Group Stage,Germany,1,4,47,Spain,5211,Jordi Alba Ramos,4353,Aymeric Laporte,Complete,11.677756,40.5,8.7,32.6,17.3
3857263,2022-11-27,Group Stage,Germany,1,4,49,Spain,4353,Aymeric Laporte,6765,Rodrigo Hernández Cascante,Complete,21.66218,33.3,19.3,26.6,39.9
3857263,2022-11-27,Group Stage,Germany,1,4,53,Spain,6765,Rodrigo Hernández Cascante,5721,Daniel Carvajal Ramos,Complete,24.7879,34.0,48.7,40.2,72.7
3857263,2022-11-27,Group Stage,Germany,1,4,56,Spain,5721,Daniel Carvajal Ramos,11748,Unai Simón Mendibil,Complete,38.680355,40.1,72.5,10.5,47.6
3857263,2022-11-27,Group Stage,Germany,1,5,0,Spain,11748,Unai Simón Mendibil,4353,Aymeric Laporte,Complete,30.578587,14.5,41.5,11.2,11.1
3857263,2022-11-27,Group Stage,Germany,1,5,3,Spain,4353,Aymeric Laporte,5211,Jordi Alba Ramos,Complete,18.335758,11.2,11.1,27.6,2.9
3857263,2022-11-27,Group Stage,Germany,1,5,5,Spain,5211,Jordi Alba Ramos,30486,Pedro González López,Complete,12.203688,33.0,3.4,32.7,15.6
3857263,2022-11-27,Group Stage,Germany,1,5,5,Spain,30486,Pedro González López,4353,Aymeric Laporte,Complete,14.724809,32.7,15.6,21.8,5.7
3857263,2022-11-27,Group Stage,Germany,1,5,8,Spain,4353,Aymeric Laporte,5719,Marco Asensio Willemsen,Complete,20.0442,25.1,6.7,45.0,9.1
3857263,2022-11-27,Group Stage,Germany,1,5,10,Spain,5719,Marco Asensio Willemsen,5211,Jordi Alba Ramos,Complete,8.256513,44.5,9.7,42.9,1.6
3857263,2022-11-27,Group Stage,Germany,1,5,11,Spain,5211,Jordi Alba Ramos,30486,Pedro González López,Complete,12.296747,42.9,1.6,36.5,12.1
3857263,2022-11-27,Group Stage,Germany,1,5,14,Spain,30486,Pedro González López,5721,Daniel Carvajal Ramos,Complete,46.848053,39.5,23.4,45.2,69.9
3857263,2022-11-27,Group Stage,Germany,1,5,21,Spain,5721,Daniel Carvajal Ramos,6765,Rodrigo Hernández Cascante,Complete,18.701069,46.3,73.5,28.1,69.2
3857263,2022-11-27,Group Stage,Germany,1,5,26,Spain,6765,Rodrigo Hernández Cascante,11748,Unai Simón Mendibil,Complete,26.16276,29.9,61.6,13.9,40.9
3857263,2022-11-27,Group Stage,Germany,1,5,29,Spain,11748,Unai Simón Mendibil,4353,Aymeric Laporte,Complete,15.70796,15.3,39.7,26.8,29.0
3857263,2022-11-27,Group Stage,Germany,1,5,35,Spain,4353,Aymeric Laporte,6765,Rodrigo Hernández Cascante,Complete,21.683174,38.1,21.5,32.7,42.5
3857263,2022-11-27,Group Stage,Germany,1,5,40,Spain,6765,Rodrigo Hernández Cascante,5721,Daniel Carvajal Ramos,Complete,20.421556,40.2,46.9,43.2,67.1
3857263,2022-11-27,Group Stage,Germany,1,5,43,Spain,5721,Daniel Carvajal Ramos,6765,Rodrigo Hernández Cascante,Complete,22.671568,42.9,68.8,27.9,51.8
3857263,2022-11-27,Group Stage,Germany,1,5,46,Spain,6765,Rodrigo Hernández Cascante,4353,Aymeric Laporte,Complete,23.831491,29.3,51.7,26.8,28.0
3857263,2022-11-27,Group Stage,Germany,1,5,51,Spain,4353,Aymeric Laporte,6765,Rodrigo Hernández Cascante,Complete,18.729923,34.8,22.8,31.3,41.2
3857263,2022-11-27,Group Stage,Germany,1,5,53,Spain,6765,Rodrigo Hernández Cascante,6748,Ferrán Torres García,Complete,39.64341,33.7,44.3,57.9,75.7
3857263,2022-11-27,Group Stage,Germany,1,5,57,Spain,6748,Ferrán Torres García,133353,Pablo Martín Páez Gavira,Complete,17.004705,58.6,76.0,75.6,76.4
3857263,2022-11-27,Group Stage,Germany,1,5,59,Spain,133353,Pablo Martín Páez Gavira,5721,Daniel Carvajal Ramos,Complete,24.38524,73.6,77.7,49.4,74.7
3857263,2022-11-27,Group Stage,Germany,1,6,2,Spain,5721,Daniel Carvajal Ramos,6765,Rodrigo Hernández Cascante,Complete,14.361754,44.0,73.5,39.1,60.0
3857263,2022-11-27,Group Stage,Germany,1,6,5,Spain,6765,Rodrigo Hernández Cascante,4353,Aymeric Laporte,Complete,25.81182,43.5,51.7,39.5,26.2
3857263,2022-11-27,Group Stage,Germany,1,6,12,Spain,4353,Aymeric Laporte,5203,Sergio Busquets i Burgos,Complete,13.473678,62.8,23.5,50.1,28.0
3857263,2022-11-27,Group Stage,Germany,1,6,14,Spain,5203,Sergio Busquets i Burgos,5211,Jordi Alba Ramos,Complete,30.319136,51.7,28.0,71.1,4.7
3857263,2022-11-27,Group Stage,Germany,1,6,17,Spain,5211,Jordi Alba Ramos,30486,Pedro González López,Complete,12.461541,77.3,5.7,75.3,18.0
3857263,2022-11-27,Group Stage,Germany,1,6,19,Spain,30486,Pedro González López,133353,Pablo Martín Páez Gavira,Complete,21.421951,78.7,22.8,88.4,41.9
3857263,2022-11-27,Group Stage,Germany,1,6,22,Spain,133353,Pablo Martín Páez Gavira,5719,Marco Asensio Willemsen,Complete,9.144397,95.8,43.2,97.9,34.3
3857263,2022-11-27,Group Stage,Germany,1,6,23,Spain,5719,Marco Asensio Willemsen,16532,Daniel Olmo Carvajal,Complete,9.2,99.9,32.3,99.9,23.1
3857263,2022-11-27,Group Stage,Germany,1,6,54,Spain,16532,Daniel Olmo Carvajal,30486,Pedro González López,Complete,26.02249,120.0,80.0,97.4,67.1
3857263,2022-11-27,Group Stage,Germany,1,6,57,Spain,30486,Pedro González López,5721,Daniel Carvajal Ramos,Complete,15.556992,98.6,67.2,87.5,56.3
3857263,2022-11-27,Group Stage,Germany,1,6,59,Spain,5721,Daniel Carvajal Ramos,5211,Jordi Alba Ramos,Complete,21.602083,87.2,56.3,86.9,34.7
3857263,2022-11-27,Group Stage,Germany,1,7,1,Spain,5211,Jordi Alba Ramos,6748,Ferrán Torres García,Incomplete,26.05993,86.9,34.7,106.3,17.3
3857263,2022-11-27,Group Stage,Germany,1,7,30,Spain,5211,Jordi Alba Ramos,30486,Pedro González López,Complete,6.074537,102.2,0.1,107.3,3.4
3857263,2022-11-27,Group Stage,Germany,1,7,31,Spain,30486,Pedro González López,5211,Jordi Alba Ramos,Complete,4.3931766,106.6,2.4,102.3,1.5
3857263,2022-11-27,Group Stage,Germany,1,7,32,Spain,5211,Jordi Alba Ramos,,,Incomplete,2.302173,102.3,1.5,104.6,1.6
3857263,2022-11-27,Group Stage,Germany,1,7,33,Spain,5211,Jordi Alba Ramos,16532,Daniel Olmo Carvajal,Complete,8.746428,98.6,1.6,94.1,9.1
3857263,2022-11-27,Group Stage,Germany,1,7,36,Spain,5719,Marco Asensio Willemsen,133353,Pablo Martín Páez Gavira,Complete,7.3756356,99.3,21.3,93.7,26.1
3857263,2022-11-27,Group Stage,Germany,1,7,42,Spain,30486,Pedro González López,5721,Daniel Carvajal Ramos,Complete,11.638728,75.7,38.7,68.2,47.6
3857263,2022-11-27,Group Stage,Germany,1,7,43,Spain,5721,Daniel Carvajal Ramos,6765,Rodrigo Hernández Cascante,Complete,11.314592,68.2,47.6,60.1,39.7
3857263,2022-11-27,Group Stage,Germany,1,7,45,Spain,6765,Rodrigo Hernández Cascante,4353,Aymeric Laporte,Complete,10.28251,56.2,38.0,54.9,27.8
3857263,2022-11-27,Group Stage,Germany,1,7,47,Spain,4353,Aymeric Laporte,6765,Rodrigo Hernández Cascante,Complete,14.921461,56.6,34.3,44.2,42.6
3857263,2022-11-27,Group Stage,Germany,1,7,49,Spain,6765,Rodrigo Hernández Cascante,5721,Daniel Carvajal Ramos,Complete,23.91025,40.1,44.9,40.8,68.8
3857263,2022-11-27,Group Stage,Germany,1,7,52,Spain,5721,Daniel Carvajal Ramos,6748,Ferrán Torres García,Complete,16.717056,41.2,72.9,57.3,77.4
3857263,2022-11-27,Group Stage,Germany,1,7,53,Spain,6748,Ferrán Torres García,,,Incomplete,2.0223749,56.2,77.4,56.5,75.4
3857263,2022-11-27,Group Stage,Germany,1,8,14,Spain,5721,Daniel Carvajal Ramos,6765,Rodrigo Hernández Cascante,Complete,22.652372,50.7,80.0,30.0,70.8
3857263,2022-11-27,Group Stage,Germany,1,8,16,Spain,6765,Rodrigo Hernández Cascante,4353,Aymeric Laporte,Complete,45.73161,30.0,70.8,28.3,25.1
3857263,2022-11-27,Group Stage,Germany,1,8,22,Spain,4353,Aymeric Laporte,6765,Rodrigo Hernández Cascante,Complete,28.509823,36.8,20.3,34.3,48.7
3857263,2022-11-27,Group Stage,Germany,1,8,24,Spain,6765,Rodrigo Hernández Cascante,5721,Daniel Carvajal Ramos,Complete,20.715454,35.3,52.1,44.0,70.9
3857263,2022-11-27,Group Stage,Germany,1,8,27,Spain,5721,Daniel Carvajal Ramos,5203,Sergio Busquets i Burgos,Complete,18.238695,44.0,70.9,51.1,54.1
3857263,2022-11-27,Group Stage,Germany,1,8,31,Spain,133353,Pablo Martín Páez Gavira,5203,Sergio Busquets i Burgos,Complete,9.6166525,49.1,68.5,46.3,59.3
3857263,2022-11-27,Group Stage,Germany,1,8,32,Spain,5203,Sergio Busquets i Burgos,4353,Aymeric Laporte,Complete,26.096935,46.0,53.5,27.9,34.7
3857263,2022-11-27,Group Stage,Germany,1,8,34,Spain,4353,Aymeric Laporte,5211,Jordi Alba Ramos,Complete,29.306143,27.9,34.7,40.2,8.1
3857263,2022-11-27,Group Stage,Germany,1,8,38,Spain,5211,Jordi Alba Ramos,16532,Daniel Olmo Carvajal,Complete,14.187318,46.7,5.4,59.9,0.2
3857263,2022-11-27,Group Stage,Germany,1,8,40,Spain,16532,Daniel Olmo Carvajal,4353,Aymeric Laporte,Complete,22.842941,56.2,1.2,38.8,16.0
3857263,2022-11-27,Group Stage,Germany,1,8,44,Spain,4353,Aymeric Laporte,6748,Ferrán Torres García,Complete,70.24813,45.2,20.8,89.4,75.4
3857263,2022-11-27,Group Stage,Germany,1,9,22,Spain,6765,Rodrigo Hernández Cascante,6748,Ferrán Torres García,Complete,14.094325,85.5,76.7,98.6,71.5
3857263,2022-11-27,Group Stage,Germany,1,9,24,Spain,6748,Ferrán Torres García,5719,Marco Asensio Willemsen,Incomplete,13.897482,98.6,71.8,101.9,58.3
3857263,2022-11-27,Group Stage,Germany,1,10,28,Spain,4353,Aymeric Laporte,11748,Unai Simón Mendibil,Complete,10.929318,9.9,30.0,4.0,39.2
3857263,2022-11-27,Group Stage,Germany,1,10,33,Spain,11748,Unai Simón Mendibil,4353,Aymeric Laporte,Complete,19.92511,4.0,39.2,5.0,19.3
3857263,2022-11-27,Group Stage,Germany,1,10,35,Spain,4353,Aymeric Laporte,5211,Jordi Alba Ramos,Complete,14.921461,7.0,13.9,15.3,1.5
3857263,2022-11-27,Group Stage,Germany,1,10,37,Spain,5211,Jordi Alba Ramos,5719,Marco Asensio Willemsen,Complete,21.698156,15.9,1.6,34.3,13.1
3857263,2022-11-27,Group Stage,Germany,1,10,40,Spain,5719,Marco Asensio Willemsen,30486,Pedro González López,Complete,11.995416,29.6,6.1,23.8,16.6
3857263,2022-11-27,Group Stage,Germany,1,10,42,Spain,30486,Pedro González López,5203,Sergio Busquets i Burgos,Complete,16.673931,25.1,20.8,39.2,29.7
3857263,2022-11-27,Group Stage,Germany,1,10,43,Spain,5203,Sergio Busquets i Burgos,133353,Pablo Martín Páez Gavira,Complete,12.349089,39.5,29.7,42.8,41.6
3857263,2022-11-27,Group Stage,Germany,1,10,49,Spain,133353,Pablo Martín Páez Gavira,6748,Ferrán Torres García,Complete,32.747063,79.7,57.6,106.3,76.7
3857263,2022-11-27,Group Stage,Germany,1,10,58,Spain,6748,Ferrán Torres García,5721,Daniel Carvajal Ramos,Complete,12.900388,94.4,76.3,81.5,76.4
3857263,2022-11-27,Group Stage,Germany,1,11,0,Spain,5721,Daniel Carvajal Ramos,6765,Rodrigo Hernández Cascante,Complete,24.559519,79.7,76.4,63.1,58.3
3857263,2022-11-27,Group Stage,Germany,1,11,2,Spain,6765,Rodrigo Hernández Cascante,30486,Pedro González López,Complete,20.225231,64.8,53.8,79.3,39.7
3857263,2022-11-27,Group Stage,Germany,1,11,5,Spain,30486,Pedro González López,5211,Jordi Alba Ramos,Complete,26.913565,79.3,32.6,74.6,6.1
3857263,2022-11-27,Group Stage,Germany,1,11,7,Spain,5211,Jordi Alba Ramos,16532,Daniel Olmo Carvajal,Complete,12.909686,75.6,6.1,87.7,1.6
3857263,2022-11-27,Group Stage,Germany,1,11,10,Spain,16532,Daniel Olmo Carvajal,5211,Jordi Alba Ramos,Complete,11.543396,87.7,1.6,76.7,5.1
3857263,2022-11-27,Group Stage,Germany,1,11,12,Spain,5211,Jordi Alba Ramos,5719,Marco Asensio Willemsen,Complete,13.251792,77.4,5.1,81.8,17.6
3857263,2022-11-27,Group Stage,Germany,1,11,14,Spain,5719,Marco Asensio Willemsen,5211,Jordi Alba Ramos,Complete,10.965857,75.6,16.3,70.3,6.7
3857263,2022-11-27,Group Stage,Germany,1,11,15,Spain,5211,Jordi Alba Ramos,4353,Aymeric Laporte,Complete,20.45605,70.3,6.7,56.5,21.8
3857263,2022-11-27,Group Stage,Germany,1,11,18,Spain,4353,Aymeric Laporte,6765,Rodrigo Hernández Cascante,Complete,18.7,56.2,26.9,56.2,45.6
3857263,2022-11-27,Group Stage,Germany,1,11,22,Spain,6765,Rodrigo Hernández Cascante,5203,Sergio Busquets i Burgos,Complete,14.522052,62.8,51.7,63.6,37.2
3857263,2022-11-27,Group Stage,Germany,1,11,22,Spain,5203,Sergio Busquets i Burgos,4353,Aymeric Laporte,Complete,11.7341385,63.6,37.2,52.4,33.7
3857263,2022-11-27,Group Stage,Germany,1,11,28,Spain,4353,Aymeric Laporte,16532,Daniel Olmo Carvajal,Complete,26.25281,63.8,24.8,75.3,1.2
3857263,2022-11-27,Group Stage,Germany,1,11,30,Spain,16532,Daniel Olmo Carvajal,4353,Aymeric Laporte,Complete,22.036787,70.5,1.2,56.6,18.3
3857263,2022-11-27,Group Stage,Germany,1,11,34,Spain,4353,Aymeric Laporte,30486,Pedro González López,Complete,10.1242285,69.1,19.6,74.6,11.1
3857263,2022-11-27,Group Stage,Germany,1,11,38,Spain,30486,Pedro González López,5719,Marco Asensio Willemsen,Complete,7.570997,84.5,10.6,82.9,18.0
3857263,2022-11-27,Group Stage,Germany,1,11,39,Spain,5719,Marco Asensio Willemsen,16532,Daniel Olmo Carvajal,Complete,16.82409,82.9,18.0,76.6,2.4
3857263,2022-11-27,Group Stage,Germany,1,11,42,Spain,16532,Daniel Olmo Carvajal,5211,Jordi Alba Ramos,Complete,8.653323,74.7,2.2,67.5,7.0
3857263,2022-11-27,Group Stage,Germany,1,11,43,Spain,5211,Jordi Alba Ramos,4353,Aymeric Laporte,Complete,16.507574,66.4,7.8,50.7,12.9
3857263,2022-11-27,Group Stage,Germany,1,11,49,Spain,4353,Aymeric Laporte,6748,Ferrán Torres García,Complete,60.84735,56.9,22.1,82.5,77.3
3857263,2022-11-27,Group Stage,Germany,1,11,52,Spain,6748,Ferrán Torres García,5721,Daniel Carvajal Ramos,Incomplete,15.811388,82.0,77.3,73.0,64.3
3857263,2022-11-27,Group Stage,Germany,1,11,59,Spain,30486,Pedro González López,5203,Sergio Busquets i Burgos,Complete,5.7428217,57.6,40.2,56.9,45.9
3857263,2022-11-27,Group Stage,Germany,1,12,0,Spain,5203,Sergio Busquets i Burgos,5719,Marco Asensio Willemsen,Complete,10.560303,58.6,45.6,68.2,41.2
3857263,2022-11-27,Group Stage,Germany,1,12,4,Spain,5719,Marco Asensio Willemsen,16532,Daniel Olmo Carvajal,Complete,18.866373,80.8,22.1,97.1,12.6
3857263,2022-11-27,Group Stage,Germany,1,12,19,Spain,6765,Rodrigo Hernández Cascante,4353,Aymeric Laporte,Complete,12.529964,54.9,33.7,49.7,22.3
3857263,2022-11-27,Group Stage,Germany,1,12,20,Spain,4353,Aymeric Laporte,5211,Jordi Alba Ramos,Complete,20.736923,50.1,22.3,55.2,2.2
3857263,2022-11-27,Group Stage,Germany,1,12,23,Spain,5211,Jordi Alba Ramos,,,Incomplete,16.256075,55.2,2.2,70.1,8.7
3857263,2022-11-27,Group Stage,Germany,1,12,37,Spain,4353,Aymeric Laporte,11748,Unai Simón Mendibil,Complete,24.742676,18.7,22.8,5.3,43.6
3857263,2022-11-27,Group Stage,Germany,1,12,39,Spain,11748,Unai Simón Mendibil,6765,Rodrigo Hernández Cascante,Complete,10.198039,5.3,44.2,15.3,42.2
3857263,2022-11-27,Group Stage,Germany,1,12,40,Spain,6765,Rodrigo Hernández Cascante,4353,Aymeric Laporte,Complete,21.769703,15.3,42.2,7.7,21.8
3857263,2022-11-27,Group Stage,Germany,1,12,49,Spain,4353,Aymeric Laporte,6765,Rodrigo Hernández Cascante,Complete,25.026386,19.1,22.5,14.5,47.1
3857263,2022-11-27,Group Stage,Germany,1,12,52,Spain,6765,Rodrigo Hernández Cascante,5721,Daniel Carvajal Ramos,Complete,21.652945,19.7,52.8,29.9,71.9
3857263,2022-11-27,Group Stage,Germany,1,12,55,Spain,5721,Daniel Carvajal Ramos,6765,Rodrigo Hernández Cascante,Complete,20.428656,31.6,71.9,13.9,61.7
3857263,2022-11-27,Group Stage,Germany,1,12,57,Spain,6765,Rodrigo Hernández Cascante,11748,Unai Simón Mendibil,Complete,23.880535,13.5,61.7,4.7,39.5
3857263,2022-11-27,Group Stage,Germany,1,13,0,Spain,11748,Unai Simón Mendibil,4353,Aymeric Laporte,Complete,13.2,4.4,33.0,4.4,19.8
3857263,2022-11-27,Group Stage,Germany,1,13,3,Spain,4353,Aymeric Laporte,5719,Marco Asensio Willemsen,Incomplete,39.627895,9.0,13.1,46.4,26.2
3857263,2022-11-27,Group Stage,Germany,1,13,8,Spain,5211,Jordi Alba Ramos,5719,Marco Asensio Willemsen,Complete,7.705842,25.6,18.0,33.3,18.3
3857263,2022-11-27,Group Stage,Germany,1,13,23,Spain,5203,Sergio Busquets i Burgos,30486,Pedro González López,Complete,8.159657,27.6,44.9,30.3,37.2
3857263,2022-11-27,Group Stage,Germany,1,13,27,Spain,30486,Pedro González López,16532,Daniel Olmo Carvajal,Complete,16.263456,49.4,19.8,51.7,3.7
3857263,2022-11-27,Group Stage,Germany,1,13,30,Spain,16532,Daniel Olmo Carvajal,30486,Pedro González López,Complete,8.300602,49.4,3.9,46.3,11.6
3857263,2022-11-27,Group Stage,Germany,1,13,31,Spain,30486,Pedro González López,5211,Jordi Alba Ramos,Complete,14.934524,46.3,11.9,32.3,6.7
3857263,2022-11-27,Group Stage,Germany,1,13,34,Spain,5211,Jordi Alba Ramos,4353,Aymeric Laporte,Complete,12.427792,33.0,11.9,22.8,19.0
3857263,2022-11-27,Group Stage,Germany,1,13,35,Spain,4353,Aymeric Laporte,11748,Unai Simón Mendibil,Complete,23.424133,22.1,19.0,8.4,38.0
3857263,2022-11-27,Group Stage,Germany,1,13,38,Spain,11748,Unai Simón Mendibil,4353,Aymeric Laporte,Complete,18.36001,8.4,38.4,12.9,20.6
3857263,2022-11-27,Group Stage,Germany,1,13,41,Spain,4353,Aymeric Laporte,5721,Daniel Carvajal Ramos,Complete,55.576344,9.5,23.4,28.3,75.7
3857263,2022-11-27,Group Stage,Germany,1,13,46,Spain,5721,Daniel Carvajal Ramos,133353,Pablo Martín Páez Gavira,Complete,5.0931325,27.6,73.7,31.3,70.2
3857263,2022-11-27,Group Stage,Germany,1,14,5,Spain,5721,Daniel Carvajal Ramos,6765,Rodrigo Hernández Cascante,Complete,10.599056,33.7,65.8,29.0,56.3
3857263,2022-11-27,Group Stage,Germany,1,14,8,Spain,6765,Rodrigo Hernández Cascante,4353,Aymeric Laporte,Complete,24.259638,32.0,53.4,30.3,29.2
3857263,2022-11-27,Group Stage,Germany,1,14,14,Spain,4353,Aymeric Laporte,6765,Rodrigo Hernández Cascante,Complete,20.393381,45.5,25.2,36.5,43.5
3857263,2022-11-27,Group Stage,Germany,1,14,21,Spain,6765,Rodrigo Hernández Cascante,4353,Aymeric Laporte,Complete,23.433523,43.7,44.6,36.5,22.3
3857263,2022-11-27,Group Stage,Germany,1,14,28,Spain,4353,Aymeric Laporte,16532,Daniel Olmo Carvajal,Complete,24.522642,45.7,23.4,65.1,8.4
3857263,2022-11-27,Group Stage,Germany,1,14,30,Spain,16532,Daniel Olmo Carvajal,5211,Jordi Alba Ramos,Complete,8.28734,68.2,5.7,76.0,2.9
3857263,2022-11-27,Group Stage,Germany,1,14,32,Spain,5211,Jordi Alba Ramos,16532,Daniel Olmo Carvajal,Complete,7.170077,69.5,2.7,68.5,9.8
3857263,2022-11-27,Group Stage,Germany,1,14,33,Spain,16532,Daniel Olmo Carvajal,6748,Ferrán Torres García,Complete,61.520077,66.4,13.6,77.0,74.2
3857263,2022-11-27,Group Stage,Germany,1,14,38,Spain,6748,Ferrán Torres García,133353,Pablo Martín Páez Gavira,Out,37.33698,82.9,66.5,120.0,62.3
3857263,2022-11-27,Group Stage,Germany,1,15,24,Spain,5203,Sergio Busquets i Burgos,5211,Jordi Alba Ramos,Complete,4.8,71.8,5.8,71.8,1.0
3857263,2022-11-27,Group Stage,Germany,1,15,25,Spain,5211,Jordi Alba Ramos,16532,Daniel Olmo Carvajal,Incomplete,3.6055512,79.0,1.9,82.0,3.9
3857263,2022-11-27,Group Stage,Germany,1,15,57,Spain,6765,Rodrigo Hernández Cascante,4353,Aymeric Laporte,Complete,14.383672,56.5,45.3,53.2,31.3
3857263,2022-11-27,Group Stage,Germany,1,16,2,Spain,4353,Aymeric Laporte,5211,Jordi Alba Ramos,Complete,25.091234,56.5,26.5,67.4,3.9
3857263,2022-11-27,Group Stage,Germany,1,16,4,Spain,5211,Jordi Alba Ramos,16532,Daniel Olmo Carvajal,Complete,9.4371605,68.2,3.7,77.3,1.2
3857263,2022-11-27,Group Stage,Germany,1,17,3,Spain,6748,Ferrán Torres García,5721,Daniel Carvajal Ramos,Complete,6.2169123,33.7,80.0,28.1,77.3
3857263,2022-11-27,Group Stage,Germany,1,17,7,Spain,5721,Daniel Carvajal Ramos,4353,Aymeric Laporte,Incomplete,13.497407,22.4,67.1,20.1,53.8
3857263,2022-11-27,Group Stage,Germany,1,17,10,Spain,4353,Aymeric Laporte,11748,Unai Simón Mendibil,Complete,11.314592,16.2,45.3,6.1,40.2
3857263,2022-11-27,Group Stage,Germany,1,17,19,Spain,11748,Unai Simón Mendibil,4353,Aymeric Laporte,Complete,9.241753,9.9,39.2,15.3,31.7
3857263,2022-11-27,Group Stage,Germany,1,17,22,Spain,4353,Aymeric Laporte,6765,Rodrigo Hernández Cascante,Complete,16.404877,15.3,31.7,14.9,48.1
3857263,2022-11-27,Group Stage,Germany,1,17,29,Spain,6765,Rodrigo Hernández Cascante,5721,Daniel Carvajal Ramos,Complete,22.364704,27.3,48.9,29.0,71.2
3857263,2022-11-27,Group Stage,Germany,1,17,32,Spain,5721,Daniel Carvajal Ramos,6765,Rodrigo Hernández Cascante,Complete,18.257053,27.9,68.5,14.5,56.1
3857263,2022-11-27,Group Stage,Germany,1,17,34,Spain,6765,Rodrigo Hernández Cascante,11748,Unai Simón Mendibil,Complete,21.982948,10.2,54.4,3.7,33.4
3857263,2022-11-27,Group Stage,Germany,1,17,36,Spain,11748,Unai Simón Mendibil,4353,Aymeric Laporte,Complete,27.531256,3.4,31.7,10.5,5.1
3857263,2022-11-27,Group Stage,Germany,1,17,42,Spain,4353,Aymeric Laporte,5211,Jordi Alba Ramos,Incomplete,4.031129,22.1,6.4,25.6,4.4
3857263,2022-11-27,Group Stage,Germany,1,17,47,Spain,5211,Jordi Alba Ramos,5719,Marco Asensio Willemsen,Complete,10.159724,27.6,0.1,36.5,5.0
3857263,2022-11-27,Group Stage,Germany,1,17,49,Spain,5719,Marco Asensio Willemsen,30486,Pedro González López,Complete,9.542537,35.5,3.9,29.6,11.4
3857263,2022-11-27,Group Stage,Germany,1,17,52,Spain,30486,Pedro González López,5203,Sergio Busquets i Burgos,Complete,7.1449285,27.1,16.3,26.3,23.4
3857263,2022-11-27,Group Stage,Germany,1,17,53,Spain,5203,Sergio Busquets i Burgos,5719,Marco Asensio Willemsen,Complete,8.1024685,27.9,22.1,34.5,26.8
3857263,2022-11-27,Group Stage,Germany,1,17,55,Spain,5719,Marco Asensio Willemsen,6765,Rodrigo Hernández Cascante,Complete,12.3858795,34.3,28.8,22.8,33.4
3857263,2022-11-27,Group Stage,Germany,1,17,56,Spain,6765,Rodrigo Hernández Cascante,5721,Daniel Carvajal Ramos,Complete,28.528057,25.1,37.2,39.2,62.0
3857263,2022-11-27,Group Stage,Germany,1,18,2,Spain,5721,Daniel Carvajal Ramos,6748,Ferrán Torres García,Complete,13.583077,61.6,69.5,73.3,76.4
3857263,2022-11-27,Group Stage,Germany,1,18,41,Spain,5721,Daniel Carvajal Ramos,5719,Marco Asensio Willemsen,Incomplete,18.72565,44.7,80.0,62.8,75.2
3857263,2022-11-27,Group Stage,Germany,1,19,14,Spain,5721,Daniel Carvajal Ramos,30486,Pedro González López,Complete,4.8259716,61.6,65.5,66.4,66.0
3857263,2022-11-27,Group Stage,Germany,1,19,15,Spain,30486,Pedro González López,6748,Ferrán Torres García,Incomplete,7.5006666,66.5,66.0,66.4,73.5
3857263,2022-11-27,Group Stage,Germany,1,19,21,Spain,5721,Daniel Carvajal Ramos,11748,Unai Simón Mendibil,Complete,35.880356,53.2,71.2,24.4,49.8
3857263,2022-11-27,Group Stage,Germany,1,19,25,Spain,11748,Unai Simón Mendibil,4353,Aymeric Laporte,Complete,8.458132,24.8,48.9,28.3,41.2
3857263,2022-11-27,Group Stage,Germany,1,19,28,Spain,4353,Aymeric Laporte,5211,Jordi Alba Ramos,Complete,24.720234,33.3,26.5,45.5,5.0
3857263,2022-11-27,Group Stage,Germany,1,19,30,Spain,5211,Jordi Alba Ramos,4353,Aymeric Laporte,Complete,15.473849,43.5,5.0,36.5,18.8
3857263,2022-11-27,Group Stage,Germany,1,19,33,Spain,4353,Aymeric Laporte,6765,Rodrigo Hernández Cascante,Complete,18.577675,34.5,20.6,31.3,38.9
3857263,2022-11-27,Group Stage,Germany,1,19,37,Spain,6765,Rodrigo Hernández Cascante,4353,Aymeric Laporte,Complete,17.184296,39.8,45.6,38.1,28.5
3857263,2022-11-27,Group Stage,Germany,1,19,40,Spain,4353,Aymeric Laporte,30486,Pedro González López,Complete,22.655022,45.2,25.1,67.1,19.3
3857263,2022-11-27,Group Stage,Germany,1,19,43,Spain,30486,Pedro González López,16532,Daniel Olmo Carvajal,Complete,15.9012575,71.8,15.3,79.7,1.5
3857263,2022-11-27,Group Stage,Germany,1,19,45,Spain,16532,Daniel Olmo Carvajal,5211,Jordi Alba Ramos,Complete,16.818146,79.7,1.5,63.1,4.2
3857263,2022-11-27,Group Stage,Germany,1,19,47,Spain,5211,Jordi Alba Ramos,4353,Aymeric Laporte,Complete,20.681393,63.1,4.2,43.5,10.8
3857263,2022-11-27,Group Stage,Germany,1,19,58,Spain,4353,Aymeric Laporte,11748,Unai Simón Mendibil,Complete,20.545559,28.6,22.5,13.2,36.1
3857263,2022-11-27,Group Stage,Germany,1,20,2,Spain,11748,Unai Simón Mendibil,6765,Rodrigo Hernández Cascante,Complete,14.605478,10.9,41.5,10.5,56.1
3857263,2022-11-27,Group Stage,Germany,1,20,7,Spain,6765,Rodrigo Hernández Cascante,5719,Marco Asensio Willemsen,Complete,34.001324,18.9,67.2,52.9,67.5
3857263,2022-11-27,Group Stage,Germany,1,20,9,Spain,5719,Marco Asensio Willemsen,,,Incomplete,15.449595,52.9,67.5,56.6,52.5
3857263,2022-11-27,Group Stage,Germany,1,20,34,Spain,5211,Jordi Alba Ramos,6765,Rodrigo Hernández Cascante,Complete,17.805899,50.0,21.1,47.3,38.7
3857263,2022-11-27,Group Stage,Germany,1,20,37,Spain,6765,Rodrigo Hernández Cascante,5721,Daniel Carvajal Ramos,Complete,29.516945,51.7,40.5,57.2,69.5
3857263,2022-11-27,Group Stage,Germany,1,20,43,Spain,5721,Daniel Carvajal Ramos,5719,Marco Asensio Willemsen,Complete,17.788198,76.3,74.2,81.2,57.1
3857263,2022-11-27,Group Stage,Germany,1,20,45,Spain,5719,Marco Asensio Willemsen,5203,Sergio Busquets i Burgos,Complete,7.2006946,80.8,59.9,73.6,60.0
3857263,2022-11-27,Group Stage,Germany,1,20,46,Spain,5203,Sergio Busquets i Burgos,30486,Pedro González López,Complete,24.22313,73.6,60.0,81.2,37.0
3857263,2022-11-27,Group Stage,Germany,1,20,51,Spain,30486,Pedro González López,133353,Pablo Martín Páez Gavira,Complete,6.168468,99.2,39.5,101.3,45.3
3857263,2022-11-27,Group Stage,Germany,1,21,1,Spain,6765,Rodrigo Hernández Cascante,5721,Daniel Carvajal Ramos,Complete,6.407808,62.6,69.5,65.1,75.4
3857263,2022-11-27,Group Stage,Germany,1,21,3,Spain,5721,Daniel Carvajal Ramos,5203,Sergio Busquets i Burgos,Complete,21.768095,65.1,75.4,62.4,53.8
3857263,2022-11-27,Group Stage,Germany,1,21,8,Spain,5203,Sergio Busquets i Burgos,5211,Jordi Alba Ramos,Complete,42.845886,69.1,45.9,88.7,7.8
3857263,2022-11-27,Group Stage,Germany,1,22,0,Spain,30486,Pedro González López,6748,Ferrán Torres García,Complete,18.110771,58.3,71.2,76.3,73.2
3857263,2022-11-27,Group Stage,Germany,1,22,32,Spain,6765,Rodrigo Hernández Cascante,11748,Unai Simón Mendibil,Complete,31.894358,34.3,75.4,9.7,55.1
3857263,2022-11-27,Group Stage,Germany,1,22,35,Spain,11748,Unai Simón Mendibil,,,Out,21.838728,9.2,57.6,10.5,79.4
3857263,2022-11-27,Group Stage,Germany,1,23,12,Spain,11748,Unai Simón Mendibil,5211,Jordi Alba Ramos,Complete,37.52466,6.0,36.0,25.1,3.7
3857263,2022-11-27,Group Stage,Germany,1,23,46,Spain,5211,Jordi Alba Ramos,30486,Pedro González López,Complete,7.4686007,51.0,3.9,47.7,10.6
3857263,2022-11-27,Group Stage,Germany,1,23,47,Spain,30486,Pedro González López,4353,Aymeric Laporte,Complete,18.56475,47.4,11.1,30.6,3.2
3857263,2022-11-27,Group Stage,Germany,1,23,49,Spain,4353,Aymeric Laporte,11748,Unai Simón Mendibil,Complete,36.52068,25.6,2.4,8.0,34.4
3857263,2022-11-27,Group Stage,Germany,1,23,54,Spain,11748,Unai Simón Mendibil,5721,Daniel Carvajal Ramos,Incomplete,38.736286,8.0,39.2,27.1,72.9
3857263,2022-11-27,Group Stage,Germany,1,23,58,Spain,6765,Rodrigo Hernández Cascante,5719,Marco Asensio Willemsen,Complete,28.063143,17.4,55.6,44.7,49.1
3857263,2022-11-27,Group Stage,Germany,1,24,6,Spain,6765,Rodrigo Hernández Cascante,11748,Unai Simón Mendibil,Complete,6.8154235,11.4,40.8,4.8,39.1
3857263,2022-11-27,Group Stage,Germany,1,24,7,Spain,11748,Unai Simón Mendibil,,,Incomplete,22.22521,4.7,39.2,19.7,22.8
3857263,2022-11-27,Group Stage,Germany,1,25,24,Spain,11748,Unai Simón Mendibil,4353,Aymeric Laporte,Complete,15.100331,6.0,36.0,11.9,22.1
3857263,2022-11-27,Group Stage,Germany,1,25,33,Spain,4353,Aymeric Laporte,6765,Rodrigo Hernández Cascante,Complete,19.535864,34.0,20.3,31.7,39.7
3857263,2022-11-27,Group Stage,Germany,1,25,35,Spain,6765,Rodrigo Hernández Cascante,4353,Aymeric Laporte,Complete,15.600321,33.7,39.7,33.6,24.1
3857263,2022-11-27,Group Stage,Germany,1,25,40,Spain,4353,Aymeric Laporte,30486,Pedro González López,Complete,10.466136,43.7,21.5,51.0,29.0
3857263,2022-11-27,Group Stage,Germany,1,25,41,Spain,30486,Pedro González López,,,Incomplete,1.6401219,50.7,29.0,49.4,28.0
3857263,2022-11-27,Group Stage,Germany,1,25,56,Spain,16532,Daniel Olmo Carvajal,6748,Ferrán Torres García,Complete,29.543528,87.7,22.5,103.6,47.4
3857263,2022-11-27,Group Stage,Germany,1,27,10,Spain,6765,Rodrigo Hernández Cascante,11748,Unai Simón Mendibil,Complete,42.290897,64.7,72.9,34.3,43.5
3857263,2022-11-27,Group Stage,Germany,1,27,14,Spain,11748,Unai Simón Mendibil,6765,Rodrigo Hernández Cascante,Complete,29.917387,34.8,45.2,42.9,74.0
3857263,2022-11-27,Group Stage,Germany,1,27,16,Spain,6765,Rodrigo Hernández Cascante,5721,Daniel Carvajal Ramos,Complete,20.10224,44.0,76.0,64.1,76.3
3857263,2022-11-27,Group Stage,Germany,1,27,30,Spain,5721,Daniel Carvajal Ramos,6765,Rodrigo Hernández Cascante,Complete,18.04051,50.7,75.2,39.2,61.3
3857263,2022-11-27,Group Stage,Germany,1,27,31,Spain,6765,Rodrigo Hernández Cascante,4353,Aymeric Laporte,Complete,25.333378,39.5,61.0,40.8,35.7
3857263,2022-11-27,Group Stage,Germany,1,27,34,Spain,4353,Aymeric Laporte,5211,Jordi Alba Ramos,Complete,27.47981,44.5,31.7,51.0,5.0
3857263,2022-11-27,Group Stage,Germany,1,27,38,Spain,5211,Jordi Alba Ramos,16532,Daniel Olmo Carvajal,Complete,10.030454,53.7,5.0,63.1,1.5
3857263,2022-11-27,Group Stage,Germany,1,27,40,Spain,16532,Daniel Olmo Carvajal,5211,Jordi Alba Ramos,Complete,13.086252,57.2,1.2,44.2,2.7
3857263,2022-11-27,Group Stage,Germany,1,27,41,Spain,5211,Jordi Alba Ramos,5719,Marco Asensio Willemsen,Complete,19.005526,44.2,2.7,63.1,4.7
3857263,2022-11-27,Group Stage,Germany,1,28,10,Spain,4353,Aymeric Laporte,6765,Rodrigo Hernández Cascante,Complete,5.3600373,69.1,55.1,67.8,60.3
3857263,2022-11-27,Group Stage,Germany,1,28,11,Spain,6765,Rodrigo Hernández Cascante,30486,Pedro González López,Complete,13.080137,67.8,60.3,75.6,49.8
3857263,2022-11-27,Group Stage,Germany,1,28,26,Spain,5719,Marco Asensio Willemsen,5211,Jordi Alba Ramos,Complete,4.304649,62.6,28.8,58.9,31.0
3857263,2022-11-27,Group Stage,Germany,1,28,37,Spain,16532,Daniel Olmo Carvajal,4353,Aymeric Laporte,Complete,22.036787,34.5,2.4,17.4,16.3
3857263,2022-11-27,Group Stage,Germany,1,28,40,Spain,4353,Aymeric Laporte,6765,Rodrigo Hernández Cascante,Complete,17.448496,19.1,21.3,20.4,38.7
3857263,2022-11-27,Group Stage,Germany,1,28,47,Spain,6765,Rodrigo Hernández Cascante,4353,Aymeric Laporte,Complete,17.495714,32.6,41.6,28.9,24.5
3857263,2022-11-27,Group Stage,Germany,1,28,57,Spain,4353,Aymeric Laporte,6765,Rodrigo Hernández Cascante,Complete,19.502308,39.5,25.8,39.2,45.3
3857263,2022-11-27,Group Stage,Germany,1,29,1,Spain,6765,Rodrigo Hernández Cascante,5719,Marco Asensio Willemsen,Unknown,13.173458,49.4,49.4,62.1,45.9
3857263,2022-11-27,Group Stage,Germany,1,29,56,Spain,11748,Unai Simón Mendibil,4353,Aymeric Laporte,Complete,10.248902,6.0,36.0,7.0,25.8
3857263,2022-11-27,Group Stage,Germany,1,29,57,Spain,4353,Aymeric Laporte,11748,Unai Simón Mendibil,Complete,11.78813,7.0,25.8,4.0,37.2
3857263,2022-11-27,Group Stage,Germany,1,29,59,Spain,11748,Unai Simón Mendibil,5203,Sergio Busquets i Burgos,Complete,8.190848,3.7,37.2,11.5,39.7
3857263,2022-11-27,Group Stage,Germany,1,30,0,Spain,5203,Sergio Busquets i Burgos,6765,Rodrigo Hernández Cascante,Complete,23.369425,11.5,39.7,9.7,63.0
3857263,2022-11-27,Group Stage,Germany,1,30,2,Spain,6765,Rodrigo Hernández Cascante,5719,Marco Asensio Willemsen,Complete,32.42607,13.5,64.0,40.2,45.6
3857263,2022-11-27,Group Stage,Germany,1,30,9,Spain,5203,Sergio Busquets i Burgos,6748,Ferrán Torres García,Complete,15.420765,39.1,60.3,49.7,71.5
3857263,2022-11-27,Group Stage,Germany,1,30,12,Spain,6748,Ferrán Torres García,30486,Pedro González López,Incomplete,11.846096,55.9,65.8,49.1,56.1
3857263,2022-11-27,Group Stage,Germany,1,30,21,Spain,30486,Pedro González López,5211,Jordi Alba Ramos,Complete,15.55892,45.0,23.5,40.2,8.7
3857263,2022-11-27,Group Stage,Germany,1,30,23,Spain,5211,Jordi Alba Ramos,4353,Aymeric Laporte,Complete,17.836199,39.2,5.0,25.4,16.3
3857263,2022-11-27,Group Stage,Germany,1,30,26,Spain,4353,Aymeric Laporte,5203,Sergio Busquets i Burgos,Complete,17.967192,23.9,10.8,30.0,27.7
3857263,2022-11-27,Group Stage,Germany,1,30,32,Spain,5203,Sergio Busquets i Burgos,30486,Pedro González López,Complete,13.087399,33.0,36.7,41.2,26.5
3857263,2022-11-27,Group Stage,Germany,1,30,34,Spain,30486,Pedro González López,4353,Aymeric Laporte,Complete,13.261975,41.2,26.5,29.0,21.3
3857263,2022-11-27,Group Stage,Germany,1,30,35,Spain,4353,Aymeric Laporte,5211,Jordi Alba Ramos,Complete,23.853092,31.3,20.3,47.4,2.7
3857263,2022-11-27,Group Stage,Germany,1,30,38,Spain,5211,Jordi Alba Ramos,16532,Daniel Olmo Carvajal,Complete,11.936499,47.4,2.7,59.2,0.9
3857263,2022-11-27,Group Stage,Germany,1,30,40,Spain,16532,Daniel Olmo Carvajal,5211,Jordi Alba Ramos,Complete,13.350656,59.2,0.9,46.0,2.9
3857263,2022-11-27,Group Stage,Germany,1,30,43,Spain,5211,Jordi Alba Ramos,4353,Aymeric Laporte,Complete,19.586985,44.5,2.7,25.1,5.4
3857263,2022-11-27,Group Stage,Germany,1,30,45,Spain,4353,Aymeric Laporte,11748,Unai Simón Mendibil,Complete,32.590336,20.8,6.1,3.0,33.4
3857263,2022-11-27,Group Stage,Germany,1,30,49,Spain,11748,Unai Simón Mendibil,5203,Sergio Busquets i Burgos,Complete,18.425255,4.3,37.7,20.8,29.5
3857263,2022-11-27,Group Stage,Germany,1,30,50,Spain,5203,Sergio Busquets i Burgos,,,Out,29.108418,20.8,29.2,20.1,0.1
3857263,2022-11-27,Group Stage,Germany,1,31,9,Spain,4353,Aymeric Laporte,16532,Daniel Olmo Carvajal,Complete,7.566373,15.6,16.3,14.6,8.8
3857263,2022-11-27,Group Stage,Germany,1,31,41,Spain,5211,Jordi Alba Ramos,5719,Marco Asensio Willemsen,Incomplete,28.414257,8.4,4.2,36.8,5.1
3857263,2022-11-27,Group Stage,Germany,1,31,55,Spain,4353,Aymeric Laporte,,,Incomplete,2.7294688,40.1,21.5,40.5,18.8
3857263,2022-11-27,Group Stage,Germany,1,31,59,Spain,5203,Sergio Busquets i Burgos,6765,Rodrigo Hernández Cascante,Complete,7.940403,34.3,28.8,32.0,36.4
3857263,2022-11-27,Group Stage,Germany,1,31,59,Spain,6765,Rodrigo Hernández Cascante,5719,Marco Asensio Willemsen,Incomplete,27.639103,32.6,36.4,57.2,23.8
3857263,2022-11-27,Group Stage,Germany,1,32,4,Spain,5203,Sergio Busquets i Burgos,5211,Jordi Alba Ramos,Complete,7.359348,34.3,28.5,28.9,23.5
3857263,2022-11-27,Group Stage,Germany,1,32,5,Spain,5211,Jordi Alba Ramos,6765,Rodrigo Hernández Cascante,Complete,17.126879,28.9,23.5,25.1,40.2
3857263,2022-11-27,Group Stage,Germany,1,32,7,Spain,6765,Rodrigo Hernández Cascante,5721,Daniel Carvajal Ramos,Complete,19.180199,25.1,40.2,28.9,59.0
3857263,2022-11-27,Group Stage,Germany,1,32,12,Spain,5721,Daniel Carvajal Ramos,5203,Sergio Busquets i Burgos,Complete,16.298466,42.5,72.9,38.5,57.1
3857263,2022-11-27,Group Stage,Germany,1,32,14,Spain,5203,Sergio Busquets i Burgos,6765,Rodrigo Hernández Cascante,Complete,11.006362,38.1,58.0,27.6,61.3
3857263,2022-11-27,Group Stage,Germany,1,32,15,Spain,6765,Rodrigo Hernández Cascante,11748,Unai Simón Mendibil,Complete,24.164644,27.6,61.3,15.3,40.5
3857263,2022-11-27,Group Stage,Germany,1,32,18,Spain,11748,Unai Simón Mendibil,4353,Aymeric Laporte,Complete,17.252537,15.2,39.2,21.4,23.1
3857263,2022-11-27,Group Stage,Germany,1,32,20,Spain,4353,Aymeric Laporte,5211,Jordi Alba Ramos,Complete,23.84219,23.5,21.3,39.8,3.9
3857263,2022-11-27,Group Stage,Germany,1,32,23,Spain,5211,Jordi Alba Ramos,4353,Aymeric Laporte,Complete,22.023851,40.5,2.9,25.8,19.3
3857263,2022-11-27,Group Stage,Germany,1,32,28,Spain,4353,Aymeric Laporte,5719,Marco Asensio Willemsen,Complete,22.965408,28.9,19.6,51.4,24.2
3857263,2022-11-27,Group Stage,Germany,1,32,30,Spain,5719,Marco Asensio Willemsen,4353,Aymeric Laporte,Complete,13.9531355,43.5,24.2,31.0,18.0
3857263,2022-11-27,Group Stage,Germany,1,32,32,Spain,4353,Aymeric Laporte,30486,Pedro González López,Complete,13.277425,31.0,18.0,39.5,7.8
3857263,2022-11-27,Group Stage,Germany,1,32,33,Spain,30486,Pedro González López,5211,Jordi Alba Ramos,Complete,16.243153,40.5,4.4,56.5,1.6
3857263,2022-11-27,Group Stage,Germany,1,32,35,Spain,5211,Jordi Alba Ramos,16532,Daniel Olmo Carvajal,Pass Offside,30.92604,58.3,1.6,88.4,8.7
3857263,2022-11-27,Group Stage,Germany,1,33,33,Spain,5211,Jordi Alba Ramos,16532,Daniel Olmo Carvajal,Complete,3.535534,80.0,5.4,79.5,1.9
3857263,2022-11-27,Group Stage,Germany,1,33,34,Spain,16532,Daniel Olmo Carvajal,,,Incomplete,4.119466,79.5,1.4,79.9,5.5
3857263,2022-11-27,Group Stage,Germany,1,33,41,Spain,4353,Aymeric Laporte,5211,Jordi Alba Ramos,Complete,13.563554,56.9,0.1,70.3,2.2
3857263,2022-11-27,Group Stage,Germany,1,33,42,Spain,5211,Jordi Alba Ramos,16532,Daniel Olmo Carvajal,Complete,7.3824115,70.1,2.2,63.6,5.7
3857263,2022-11-27,Group Stage,Germany,1,33,43,Spain,16532,Daniel Olmo Carvajal,30486,Pedro González López,Complete,16.794344,63.6,6.1,70.3,21.5
3857263,2022-11-27,Group Stage,Germany,1,33,45,Spain,30486,Pedro González López,5203,Sergio Busquets i Burgos,Complete,7.955501,70.5,21.5,62.8,23.5
3857263,2022-11-27,Group Stage,Germany,1,33,47,Spain,5203,Sergio Busquets i Burgos,6765,Rodrigo Hernández Cascante,Complete,13.109538,58.2,24.5,52.7,36.4
3857263,2022-11-27,Group Stage,Germany,1,33,51,Spain,6765,Rodrigo Hernández Cascante,5721,Daniel Carvajal Ramos,Complete,24.08755,53.9,43.9,56.9,67.8
3857263,2022-11-27,Group Stage,Germany,1,33,53,Spain,5721,Daniel Carvajal Ramos,6748,Ferrán Torres García,Complete,16.95789,57.6,70.2,73.0,77.3
3857263,2022-11-27,Group Stage,Germany,1,34,8,Spain,5721,Daniel Carvajal Ramos,4353,Aymeric Laporte,Complete,46.435333,61.9,76.4,40.1,35.4
3857263,2022-11-27,Group Stage,Germany,1,34,13,Spain,4353,Aymeric Laporte,6765,Rodrigo Hernández Cascante,Complete,14.051334,43.5,35.4,44.7,49.4
3857263,2022-11-27,Group Stage,Germany,1,34,17,Spain,6765,Rodrigo Hernández Cascante,5719,Marco Asensio Willemsen,Complete,9.15478,55.9,52.8,64.4,49.4
3857263,2022-11-27,Group Stage,Germany,1,34,18,Spain,5719,Marco Asensio Willemsen,4353,Aymeric Laporte,Complete,28.369879,64.4,49.4,43.7,30.0
3857263,2022-11-27,Group Stage,Germany,1,34,24,Spain,4353,Aymeric Laporte,16532,Daniel Olmo Carvajal,Complete,51.13169,56.2,22.1,107.3,20.3
3857263,2022-11-27,Group Stage,Germany,1,34,59,Spain,16532,Daniel Olmo Carvajal,5719,Marco Asensio Willemsen,Complete,6.9339743,120.0,0.1,114.2,3.9
3857263,2022-11-27,Group Stage,Germany,1,35,1,Spain,5719,Marco Asensio Willemsen,6765,Rodrigo Hernández Cascante,Complete,36.037342,117.0,4.2,110.8,39.7
3857263,2022-11-27,Group Stage,Germany,1,35,3,Spain,6765,Rodrigo Hernández Cascante,6748,Ferrán Torres García,Complete,16.964964,110.8,39.7,107.3,56.3
3857263,2022-11-27,Group Stage,Germany,1,35,36,Spain,16532,Daniel Olmo Carvajal,5719,Marco Asensio Willemsen,Complete,6.942622,120.0,80.0,114.8,75.4
3857263,2022-11-27,Group Stage,Germany,1,35,38,Spain,5719,Marco Asensio Willemsen,30486,Pedro González López,Complete,22.99239,112.8,75.4,93.7,62.6
3857263,2022-11-27,Group Stage,Germany,1,35,40,Spain,30486,Pedro González López,16532,Daniel Olmo Carvajal,Complete,15.681837,93.7,64.0,103.3,76.4
3857263,2022-11-27,Group Stage,Germany,1,35,42,Spain,16532,Daniel Olmo Carvajal,,,Incomplete,32.895138,105.6,75.7,108.1,42.9
3857263,2022-11-27,Group Stage,Germany,1,35,46,Spain,5721,Daniel Carvajal Ramos,5211,Jordi Alba Ramos,Complete,13.755726,82.5,52.1,75.6,40.2
3857263,2022-11-27,Group Stage,Germany,1,35,47,Spain,5211,Jordi Alba Ramos,11748,Unai Simón Mendibil,Complete,45.056408,74.7,40.2,29.9,35.4
3857263,2022-11-27,Group Stage,Germany,1,35,54,Spain,11748,Unai Simón Mendibil,5721,Daniel Carvajal Ramos,Complete,17.434736,22.8,42.5,21.7,59.9
3857263,2022-11-27,Group Stage,Germany,1,35,57,Spain,5721,Daniel Carvajal Ramos,11748,Unai Simón Mendibil,Complete,22.111084,20.4,55.8,7.7,37.7
3857263,2022-11-27,Group Stage,Germany,1,35,59,Spain,11748,Unai Simón Mendibil,6748,Ferrán Torres García,Complete,61.611687,7.7,38.0,66.5,19.6
3857263,2022-11-27,Group Stage,Germany,1,36,54,Spain,5203,Sergio Busquets i Burgos,133353,Pablo Martín Páez Gavira,Complete,4.6173587,79.3,39.7,79.7,44.3
3857263,2022-11-27,Group Stage,Germany,1,36,55,Spain,133353,Pablo Martín Páez Gavira,6765,Rodrigo Hernández Cascante,Complete,11.555085,79.7,44.3,69.1,48.9
3857263,2022-11-27,Group Stage,Germany,1,36,58,Spain,6765,Rodrigo Hernández Cascante,5721,Daniel Carvajal Ramos,Complete,21.998636,71.1,51.4,76.6,72.7
3857263,2022-11-27,Group Stage,Germany,1,37,0,Spain,5721,Daniel Carvajal Ramos,16532,Daniel Olmo Carvajal,Complete,7.5325956,79.7,77.3,87.2,78.0
3857263,2022-11-27,Group Stage,Germany,1,37,28,Spain,5203,Sergio Busquets i Burgos,16532,Daniel Olmo Carvajal,Incomplete,64.31866,41.5,30.5,94.8,66.5
3857263,2022-11-27,Group Stage,Germany,1,39,48,Spain,6765,Rodrigo Hernández Cascante,5721,Daniel Carvajal Ramos,Complete,32.9278,11.9,45.3,28.9,73.5
3857263,2022-11-27,Group Stage,Germany,1,39,51,Spain,5721,Daniel Carvajal Ramos,,,Incomplete,3.0413814,31.3,74.5,34.3,75.0
3857263,2022-11-27,Group Stage,Germany,1,40,33,Spain,11748,Unai Simón Mendibil,4353,Aymeric Laporte,Complete,20.30271,8.0,38.2,14.6,19.0
3857263,2022-11-27,Group Stage,Germany,1,40,38,Spain,4353,Aymeric Laporte,30486,Pedro González López,Complete,7.964923,26.8,18.8,33.0,23.8
3857263,2022-11-27,Group Stage,Germany,1,40,40,Spain,30486,Pedro González López,11748,Unai Simón Mendibil,Complete,23.545912,28.9,27.8,7.4,37.4
3857263,2022-11-27,Group Stage,Germany,1,40,43,Spain,11748,Unai Simón Mendibil,5721,Daniel Carvajal Ramos,Complete,32.12102,7.4,42.2,24.8,69.2
3857263,2022-11-27,Group Stage,Germany,1,40,48,Spain,5721,Daniel Carvajal Ramos,,,Incomplete,30.179794,16.6,69.1,20.7,39.2
3857263,2022-11-27,Group Stage,Germany,1,40,51,Spain,6765,Rodrigo Hernández Cascante,5211,Jordi Alba Ramos,Complete,25.380505,12.2,42.5,27.3,22.1
3857263,2022-11-27,Group Stage,Germany,1,40,53,Spain,5211,Jordi Alba Ramos,5719,Marco Asensio Willemsen,Complete,16.501211,29.9,22.1,46.4,22.3
3857263,2022-11-27,Group Stage,Germany,1,40,57,Spain,5719,Marco Asensio Willemsen,6748,Ferrán Torres García,Complete,14.937536,79.7,24.1,93.0,17.3
3857263,2022-11-27,Group Stage,Germany,1,41,1,Spain,6748,Ferrán Torres García,5211,Jordi Alba Ramos,Complete,14.866069,98.9,18.8,113.5,16.0
3857263,2022-11-27,Group Stage,Germany,1,41,3,Spain,5211,Jordi Alba Ramos,,,Incomplete,3.9293766,113.5,16.0,112.5,19.8
3857263,2022-11-27,Group Stage,Germany,1,41,28,Spain,16532,Daniel Olmo Carvajal,5719,Marco Asensio Willemsen,Complete,5.813777,120.0,0.1,114.8,2.7
3857263,2022-11-27,Group Stage,Germany,1,41,29,Spain,5719,Marco Asensio Willemsen,16532,Daniel Olmo Carvajal,Complete,5.707889,113.5,2.9,107.8,3.2
3857263,2022-11-27,Group Stage,Germany,1,41,30,Spain,16532,Daniel Olmo Carvajal,30486,Pedro González López,Complete,16.046183,107.8,3.2,93.0,9.4
3857263,2022-11-27,Group Stage,Germany,1,41,32,Spain,30486,Pedro González López,5719,Marco Asensio Willemsen,Complete,19.237984,93.4,10.4,112.5,8.1
3857263,2022-11-27,Group Stage,Germany,1,41,35,Spain,5719,Marco Asensio Willemsen,,,Incomplete,28.30159,112.5,8.1,112.8,36.4
3857263,2022-11-27,Group Stage,Germany,1,41,58,Spain,5721,Daniel Carvajal Ramos,133353,Pablo Martín Páez Gavira,Complete,9.79847,110.4,80.0,112.8,70.5
3857263,2022-11-27,Group Stage,Germany,1,42,12,Spain,4353,Aymeric Laporte,16532,Daniel Olmo Carvajal,Incomplete,35.062943,67.4,62.3,98.9,46.9
3857263,2022-11-27,Group Stage,Germany,1,42,17,Spain,133353,Pablo Martín Páez Gavira,,,Incomplete,9.730879,87.2,45.2,93.4,37.7
3857263,2022-11-27,Group Stage,Germany,1,42,21,Spain,30486,Pedro González López,5211,Jordi Alba Ramos,Complete,11.738825,89.7,32.7,86.9,21.3
3857263,2022-11-27,Group Stage,Germany,1,42,22,Spain,5211,Jordi Alba Ramos,5719,Marco Asensio Willemsen,Complete,25.309683,86.9,21.3,86.2,46.6
3857263,2022-11-27,Group Stage,Germany,1,42,26,Spain,5719,Marco Asensio Willemsen,5203,Sergio Busquets i Burgos,Complete,11.681182,79.5,45.2,75.3,34.3
3857263,2022-11-27,Group Stage,Germany,1,42,28,Spain,5203,Sergio Busquets i Burgos,30486,Pedro González López,Complete,7.566373,74.6,29.2,81.2,25.5
3857263,2022-11-27,Group Stage,Germany,1,42,30,Spain,30486,Pedro González López,5211,Jordi Alba Ramos,Complete,12.701574,80.0,16.9,80.2,4.2
3857263,2022-11-27,Group Stage,Germany,1,42,31,Spain,5211,Jordi Alba Ramos,4353,Aymeric Laporte,Complete,28.100712,80.2,4.2,55.5,17.6
3857263,2022-11-27,Group Stage,Germany,1,42,35,Spain,4353,Aymeric Laporte,30486,Pedro González López,Complete,9.513149,55.2,17.9,61.3,10.6
3857263,2022-11-27,Group Stage,Germany,1,42,39,Spain,30486,Pedro González López,5719,Marco Asensio Willemsen,Complete,10.049875,70.1,20.0,75.3,11.4
3857263,2022-11-27,Group Stage,Germany,1,42,41,Spain,5719,Marco Asensio Willemsen,5211,Jordi Alba Ramos,Complete,11.898319,75.6,11.4,82.2,1.5
3857263,2022-11-27,Group Stage,Germany,1,42,43,Spain,5211,Jordi Alba Ramos,30486,Pedro González López,Complete,16.11521,82.5,1.6,98.6,0.9
3857263,2022-11-27,Group Stage,Germany,1,44,36,Spain,5719,Marco Asensio Willemsen,11748,Unai Simón Mendibil,Complete,2.118962,5.4,37.4,3.4,36.7
3857263,2022-11-27,Group Stage,Germany,1,44,47,Spain,11748,Unai Simón Mendibil,5203,Sergio Busquets i Burgos,Complete,20.254875,14.9,39.5,35.0,37.0
3857263,2022-11-27,Group Stage,Germany,1,44,50,Spain,5203,Sergio Busquets i Burgos,30486,Pedro González López,Complete,6.6603303,43.7,28.2,48.7,23.8
3857263,2022-11-27,Group Stage,Germany,1,44,52,Spain,30486,Pedro González López,16532,Daniel Olmo Carvajal,Complete,29.10292,51.4,23.5,70.1,1.2
3857263,2022-11-27,Group Stage,Germany,1,44,57,Spain,16532,Daniel Olmo Carvajal,30486,Pedro González López,Complete,11.162885,76.3,6.4,72.8,17.0
3857263,2022-11-27,Group Stage,Germany,1,44,59,Spain,30486,Pedro González López,5719,Marco Asensio Willemsen,Complete,19.461243,74.7,13.9,90.4,2.4
3857263,2022-11-27,Group Stage,Germany,1,45,3,Spain,5719,Marco Asensio Willemsen,5211,Jordi Alba Ramos,Complete,9.6208105,97.6,8.8,106.6,5.4
3857263,2022-11-27,Group Stage,Germany,1,45,4,Spain,5211,Jordi Alba Ramos,5719,Marco Asensio Willemsen,Complete,12.182775,107.1,5.4,114.2,15.3
3857263,2022-11-27,Group Stage,Germany,1,45,6,Spain,5719,Marco Asensio Willemsen,,,Incomplete,15.770859,114.2,15.3,110.8,30.7
3857263,2022-11-27,Group Stage,Germany,1,45,10,Spain,30486,Pedro González López,5211,Jordi Alba Ramos,Complete,13.778606,96.6,19.0,100.2,5.7
3857263,2022-11-27,Group Stage,Germany,1,45,12,Spain,5211,Jordi Alba Ramos,16532,Daniel Olmo Carvajal,Complete,18.02942,97.6,5.4,106.1,21.3
3857263,2022-11-27,Group Stage,Germany,1,45,18,Spain,16532,Daniel Olmo Carvajal,30486,Pedro González López,Complete,16.78392,107.3,5.0,92.0,11.9
3857263,2022-11-27,Group Stage,Germany,1,45,20,Spain,30486,Pedro González López,4353,Aymeric Laporte,Complete,12.61507,92.0,11.6,79.5,13.3
3857263,2022-11-27,Group Stage,Germany,1,45,22,Spain,4353,Aymeric Laporte,6765,Rodrigo Hernández Cascante,Complete,23.887236,79.5,13.3,74.7,36.7
3857263,2022-11-27,Group Stage,Germany,1,45,24,Spain,6765,Rodrigo Hernández Cascante,5721,Daniel Carvajal Ramos,Complete,28.130589,75.7,39.7,80.0,67.5
3857263,2022-11-27,Group Stage,Germany,1,45,27,Spain,5721,Daniel Carvajal Ramos,6765,Rodrigo Hernández Cascante,Complete,25.730331,80.5,67.5,68.2,44.9
3857263,2022-11-27,Group Stage,Germany,1,45,29,Spain,6765,Rodrigo Hernández Cascante,4353,Aymeric Laporte,Complete,16.112417,68.2,41.6,63.8,26.1
3857263,2022-11-27,Group Stage,Germany,1,45,31,Spain,4353,Aymeric Laporte,30486,Pedro González López,Complete,21.883327,63.8,25.8,75.0,7.0
3857263,2022-11-27,Group Stage,Germany,1,45,36,Spain,30486,Pedro González López,6765,Rodrigo Hernández Cascante,Complete,35.51408,79.7,5.1,68.8,38.9
3857263,2022-11-27,Group Stage,Germany,1,45,40,Spain,6765,Rodrigo Hernández Cascante,5721,Daniel Carvajal Ramos,Complete,19.152546,74.7,45.9,71.6,64.8
3857263,2022-11-27,Group Stage,Germany,1,45,42,Spain,5721,Daniel Carvajal Ramos,6765,Rodrigo Hernández Cascante,Complete,16.070469,71.6,64.8,66.1,49.7
3857263,2022-11-27,Group Stage,Germany,1,45,44,Spain,6765,Rodrigo Hernández Cascante,4353,Aymeric Laporte,Complete,21.380365,66.5,48.9,60.1,28.5
3857263,2022-11-27,Group Stage,Germany,1,45,47,Spain,4353,Aymeric Laporte,5211,Jordi Alba Ramos,Complete,27.421343,60.1,28.5,71.8,3.7
3857263,2022-11-27,Group Stage,Germany,1,45,50,Spain,5211,Jordi Alba Ramos,16532,Daniel Olmo Carvajal,Complete,16.835974,74.0,1.9,83.2,16.0
3857263,2022-11-27,Group Stage,Germany,1,46,32,Spain,5719,Marco Asensio Willemsen,16532,Daniel Olmo Carvajal,Complete,2.879236,83.2,17.3,80.5,18.3
3857263,2022-11-27,Group Stage,Germany,1,46,33,Spain,16532,Daniel Olmo Carvajal,4353,Aymeric Laporte,Complete,50.0069,80.5,18.3,111.8,57.3
3857263,2022-11-27,Group Stage,Germany,1,46,36,Spain,4353,Aymeric Laporte,133353,Pablo Martín Páez Gavira,Complete,5.456189,111.8,57.3,109.4,52.4
3857263,2022-11-27,Group Stage,Germany,1,46,37,Spain,133353,Pablo Martín Páez Gavira,6765,Rodrigo Hernández Cascante,Complete,6.0008335,109.4,52.4,111.8,46.9
3857263,2022-11-27,Group Stage,Germany,1,46,42,Spain,133353,Pablo Martín Páez Gavira,,,Incomplete,2.745906,118.0,54.8,116.5,52.5
3857263,2022-11-27,Group Stage,Germany,1,47,14,Spain,16532,Daniel Olmo Carvajal,,,Incomplete,40.362484,120.0,80.0,110.8,40.7
3857263,2022-11-27,Group Stage,Germany,1,47,18,Spain,30486,Pedro González López,,,Unknown,50.68264,91.1,54.4,46.3,30.7
3857263,2022-11-27,Group Stage,Germany,2,45,26,Spain,11748,Unai Simón Mendibil,6765,Rodrigo Hernández Cascante,Complete,17.584652,15.1,40.7,19.2,57.8
3857263,2022-11-27,Group Stage,Germany,2,45,29,Spain,6765,Rodrigo Hernández Cascante,11748,Unai Simón Mendibil,Complete,21.85063,20.4,60.1,4.8,44.8
3857263,2022-11-27,Group Stage,Germany,2,45,32,Spain,11748,Unai Simón Mendibil,4353,Aymeric Laporte,Complete,17.77667,5.1,44.6,2.6,27.0
3857263,2022-11-27,Group Stage,Germany,2,45,34,Spain,4353,Aymeric Laporte,,,Incomplete,2.0024984,2.6,26.4,4.6,26.3
3857263,2022-11-27,Group Stage,Germany,2,45,49,Spain,11748,Unai Simón Mendibil,4353,Aymeric Laporte,Complete,14.615403,7.0,44.1,4.5,29.7
3857263,2022-11-27,Group Stage,Germany,2,45,50,Spain,4353,Aymeric Laporte,11748,Unai Simón Mendibil,Complete,11.605602,7.4,29.5,3.7,40.5
3857263,2022-11-27,Group Stage,Germany,2,45,54,Spain,11748,Unai Simón Mendibil,6748,Ferrán Torres García,Complete,55.46251,2.8,45.1,48.1,77.1
3857263,2022-11-27,Group Stage,Germany,2,45,57,Spain,6748,Ferrán Torres García,5719,Marco Asensio Willemsen,Incomplete,23.438643,47.6,77.3,56.7,55.7
3857263,2022-11-27,Group Stage,Germany,2,46,10,Spain,5721,Daniel Carvajal Ramos,11748,Unai Simón Mendibil,Complete,35.741432,25.9,76.1,4.2,47.7
3857263,2022-11-27,Group Stage,Germany,2,46,16,Spain,11748,Unai Simón Mendibil,4353,Aymeric Laporte,Complete,18.30683,8.1,41.0,7.6,22.7
3857263,2022-11-27,Group Stage,Germany,2,46,18,Spain,4353,Aymeric Laporte,5719,Marco Asensio Willemsen,Complete,29.203596,9.7,17.7,38.4,23.1
3857263,2022-11-27,Group Stage,Germany,2,46,20,Spain,5719,Marco Asensio Willemsen,16532,Daniel Olmo Carvajal,Complete,10.401923,39.4,19.2,47.6,12.8
3857263,2022-11-27,Group Stage,Germany,2,46,22,Spain,16532,Daniel Olmo Carvajal,5719,Marco Asensio Willemsen,Complete,4.580393,46.1,10.4,49.8,7.7
3857263,2022-11-27,Group Stage,Germany,2,46,29,Spain,5719,Marco Asensio Willemsen,6748,Ferrán Torres García,Incomplete,30.6811,108.2,10.4,115.5,40.2
3857263,2022-11-27,Group Stage,Germany,2,47,15,Spain,5203,Sergio Busquets i Burgos,6765,Rodrigo Hernández Cascante,Complete,20.733065,34.0,42.1,30.9,62.6
3857263,2022-11-27,Group Stage,Germany,2,47,20,Spain,6765,Rodrigo Hernández Cascante,5721,Daniel Carvajal Ramos,Complete,19.55326,36.5,61.0,45.8,78.2
3857263,2022-11-27,Group Stage,Germany,2,47,23,Spain,5721,Daniel Carvajal Ramos,133353,Pablo Martín Páez Gavira,Unknown,14.68128,51.7,77.7,64.2,70.0
3857263,2022-11-27,Group Stage,Germany,2,48,9,Spain,5211,Jordi Alba Ramos,4353,Aymeric Laporte,Complete,15.21611,20.7,0.1,10.4,11.3
3857263,2022-11-27,Group Stage,Germany,2,48,10,Spain,4353,Aymeric Laporte,5211,Jordi Alba Ramos,Complete,9.513149,10.4,11.0,16.5,3.7
3857263,2022-11-27,Group Stage,Germany,2,48,13,Spain,5211,Jordi Alba Ramos,30486,Pedro González López,Complete,22.675318,23.4,3.4,43.8,13.3
3857263,2022-11-27,Group Stage,Germany,2,48,16,Spain,30486,Pedro González López,5719,Marco Asensio Willemsen,Complete,25.649366,49.1,14.4,73.3,5.9
3857263,2022-11-27,Group Stage,Germany,2,48,17,Spain,5719,Marco Asensio Willemsen,16532,Daniel Olmo Carvajal,Incomplete,28.261812,74.2,5.4,97.0,22.1
3857263,2022-11-27,Group Stage,Germany,2,48,40,Spain,5211,Jordi Alba Ramos,6765,Rodrigo Hernández Cascante,Complete,34.087242,62.0,0.1,37.5,23.8
3857263,2022-11-27,Group Stage,Germany,2,48,45,Spain,6765,Rodrigo Hernández Cascante,5721,Daniel Carvajal Ramos,Complete,23.635778,40.6,46.8,41.9,70.4
3857263,2022-11-27,Group Stage,Germany,2,48,48,Spain,5721,Daniel Carvajal Ramos,11748,Unai Simón Mendibil,Complete,37.389305,41.9,70.4,12.9,46.8
3857263,2022-11-27,Group Stage,Germany,2,48,53,Spain,11748,Unai Simón Mendibil,4353,Aymeric Laporte,Complete,23.06339,10.7,43.7,15.3,21.1
3857263,2022-11-27,Group Stage,Germany,2,48,55,Spain,4353,Aymeric Laporte,11748,Unai Simón Mendibil,Complete,18.815153,14.3,20.2,4.4,36.2
3857263,2022-11-27,Group Stage,Germany,2,49,7,Spain,11748,Unai Simón Mendibil,6765,Rodrigo Hernández Cascante,Complete,24.945139,7.1,43.0,8.6,67.9
3857263,2022-11-27,Group Stage,Germany,2,49,11,Spain,6765,Rodrigo Hernández Cascante,,,Incomplete,4.609772,12.4,77.3,17.0,77.0
3857263,2022-11-27,Group Stage,Germany,2,49,13,Spain,6765,Rodrigo Hernández Cascante,,,Incomplete,13.800363,11.7,71.7,24.4,77.1
3857263,2022-11-27,Group Stage,Germany,2,50,23,Spain,11748,Unai Simón Mendibil,4353,Aymeric Laporte,Complete,20.706762,7.0,44.1,16.1,25.5
3857263,2022-11-27,Group Stage,Germany,2,50,28,Spain,4353,Aymeric Laporte,5719,Marco Asensio Willemsen,Complete,20.734753,19.9,21.7,40.6,20.5
3857263,2022-11-27,Group Stage,Germany,2,50,31,Spain,5719,Marco Asensio Willemsen,30486,Pedro González López,Complete,15.725775,35.6,7.2,36.5,22.9
3857263,2022-11-27,Group Stage,Germany,2,50,35,Spain,30486,Pedro González López,5719,Marco Asensio Willemsen,Complete,9.15478,31.2,18.9,37.1,11.9
3857263,2022-11-27,Group Stage,Germany,2,50,36,Spain,5719,Marco Asensio Willemsen,4353,Aymeric Laporte,Complete,14.412495,39.0,10.0,24.6,9.4
3857263,2022-11-27,Group Stage,Germany,2,50,40,Spain,4353,Aymeric Laporte,11748,Unai Simón Mendibil,Complete,24.25469,24.6,9.8,7.6,27.1
3857263,2022-11-27,Group Stage,Germany,2,50,41,Spain,11748,Unai Simón Mendibil,5203,Sergio Busquets i Burgos,Complete,8.915716,7.3,31.4,15.5,27.9
3857263,2022-11-27,Group Stage,Germany,2,50,42,Spain,5203,Sergio Busquets i Burgos,6765,Rodrigo Hernández Cascante,Complete,49.410324,15.8,27.9,19.1,77.2
3857263,2022-11-27,Group Stage,Germany,2,50,47,Spain,6765,Rodrigo Hernández Cascante,5721,Daniel Carvajal Ramos,Complete,19.734488,20.2,76.1,39.8,78.4
3857263,2022-11-27,Group Stage,Germany,2,51,9,Spain,6765,Rodrigo Hernández Cascante,6748,Ferrán Torres García,Complete,6.5946946,27.8,74.5,32.8,78.8
3857263,2022-11-27,Group Stage,Germany,2,51,10,Spain,6748,Ferrán Torres García,5203,Sergio Busquets i Burgos,Complete,6.2968245,29.8,76.6,32.0,70.7
3857263,2022-11-27,Group Stage,Germany,2,51,11,Spain,5203,Sergio Busquets i Burgos,6765,Rodrigo Hernández Cascante,Complete,6.977822,32.6,70.4,26.3,73.4
3857263,2022-11-27,Group Stage,Germany,2,51,11,Spain,6765,Rodrigo Hernández Cascante,30486,Pedro González López,Complete,18.95521,25.9,73.6,39.0,59.9
3857263,2022-11-27,Group Stage,Germany,2,51,13,Spain,30486,Pedro González López,5211,Jordi Alba Ramos,Complete,21.08886,40.1,52.4,31.6,33.1
3857263,2022-11-27,Group Stage,Germany,2,51,19,Spain,5211,Jordi Alba Ramos,30486,Pedro González López,Complete,13.004999,49.9,17.7,52.7,30.4
3857263,2022-11-27,Group Stage,Germany,2,51,19,Spain,30486,Pedro González López,5211,Jordi Alba Ramos,Complete,12.666886,52.0,31.1,50.7,18.5
3857263,2022-11-27,Group Stage,Germany,2,51,20,Spain,5211,Jordi Alba Ramos,5719,Marco Asensio Willemsen,Complete,14.657763,50.7,18.5,61.6,28.3
3857263,2022-11-27,Group Stage,Germany,2,51,22,Spain,5719,Marco Asensio Willemsen,16532,Daniel Olmo Carvajal,Complete,21.441082,62.6,25.1,69.2,4.7
3857263,2022-11-27,Group Stage,Germany,2,51,25,Spain,16532,Daniel Olmo Carvajal,5211,Jordi Alba Ramos,Complete,12.486793,71.7,5.4,61.1,12.0
3857263,2022-11-27,Group Stage,Germany,2,51,28,Spain,5211,Jordi Alba Ramos,4353,Aymeric Laporte,Complete,20.642189,58.3,14.5,38.2,19.2
3857263,2022-11-27,Group Stage,Germany,2,51,31,Spain,4353,Aymeric Laporte,5203,Sergio Busquets i Burgos,Complete,10.2,40.7,15.3,49.7,20.1
3857263,2022-11-27,Group Stage,Germany,2,51,33,Spain,5203,Sergio Busquets i Burgos,5719,Marco Asensio Willemsen,Complete,17.803652,49.9,19.8,66.8,25.4
3857263,2022-11-27,Group Stage,Germany,2,51,34,Spain,5719,Marco Asensio Willemsen,30486,Pedro González López,Complete,15.646086,67.1,25.4,68.3,9.8
3857263,2022-11-27,Group Stage,Germany,2,51,44,Spain,5211,Jordi Alba Ramos,30486,Pedro González López,Complete,14.5,77.1,0.1,65.5,8.8
3857263,2022-11-27,Group Stage,Germany,2,51,48,Spain,30486,Pedro González López,6765,Rodrigo Hernández Cascante,Complete,24.464056,63.6,11.3,52.9,33.3
3857263,2022-11-27,Group Stage,Germany,2,51,50,Spain,6765,Rodrigo Hernández Cascante,5721,Daniel Carvajal Ramos,Complete,36.599045,53.6,37.9,64.3,72.9
3857263,2022-11-27,Group Stage,Germany,2,51,55,Spain,5721,Daniel Carvajal Ramos,6748,Ferrán Torres García,Complete,4.879549,77.7,75.4,81.2,78.8
3857263,2022-11-27,Group Stage,Germany,2,51,56,Spain,6748,Ferrán Torres García,133353,Pablo Martín Páez Gavira,Incomplete,7.220111,79.4,77.9,83.1,71.7
3857263,2022-11-27,Group Stage,Germany,2,52,0,Spain,6765,Rodrigo Hernández Cascante,6748,Ferrán Torres García,Complete,4.438468,53.2,77.5,57.5,78.6
3857263,2022-11-27,Group Stage,Germany,2,52,1,Spain,6748,Ferrán Torres García,,,Incomplete,13.831124,57.5,78.6,64.2,66.5
3857263,2022-11-27,Group Stage,Germany,2,52,12,Spain,11748,Unai Simón Mendibil,6765,Rodrigo Hernández Cascante,Complete,17.978876,15.8,39.9,24.0,55.9
3857263,2022-11-27,Group Stage,Germany,2,52,15,Spain,6765,Rodrigo Hernández Cascante,5211,Jordi Alba Ramos,Complete,24.010206,26.8,53.2,27.5,29.2
3857263,2022-11-27,Group Stage,Germany,2,52,20,Spain,5211,Jordi Alba Ramos,4353,Aymeric Laporte,Complete,20.744638,37.8,18.9,18.1,25.4
3857263,2022-11-27,Group Stage,Germany,2,52,23,Spain,4353,Aymeric Laporte,11748,Unai Simón Mendibil,Complete,20.89713,13.3,25.8,4.6,44.8
3857263,2022-11-27,Group Stage,Germany,2,52,27,Spain,11748,Unai Simón Mendibil,6748,Ferrán Torres García,Complete,55.9808,4.6,47.3,51.8,77.4
3857263,2022-11-27,Group Stage,Germany,2,52,31,Spain,6748,Ferrán Torres García,5721,Daniel Carvajal Ramos,Complete,7.1309185,45.8,76.6,43.1,70.0
3857263,2022-11-27,Group Stage,Germany,2,52,33,Spain,5721,Daniel Carvajal Ramos,30486,Pedro González López,Complete,20.8,46.9,63.1,46.9,42.3
3857263,2022-11-27,Group Stage,Germany,2,52,36,Spain,30486,Pedro González López,16532,Daniel Olmo Carvajal,Complete,37.62034,49.1,34.5,71.8,4.5
3857263,2022-11-27,Group Stage,Germany,2,54,2,Spain,5719,Marco Asensio Willemsen,3477,Álvaro Borja Morata Martín,Complete,45.28598,45.1,80.0,90.2,75.9
3857263,2022-11-27,Group Stage,Germany,2,54,23,Spain,5203,Sergio Busquets i Burgos,16532,Daniel Olmo Carvajal,Complete,10.850346,70.1,17.8,80.3,14.1
3857263,2022-11-27,Group Stage,Germany,2,55,1,Spain,5211,Jordi Alba Ramos,3477,Álvaro Borja Morata Martín,Complete,24.722662,100.8,0.1,117.2,18.6
3857263,2022-11-27,Group Stage,Germany,2,55,2,Spain,3477,Álvaro Borja Morata Martín,5203,Sergio Busquets i Burgos,Incomplete,19.645102,116.0,18.5,97.2,24.2
3857263,2022-11-27,Group Stage,Germany,2,55,32,Spain,30486,Pedro González López,11748,Unai Simón Mendibil,Complete,48.054344,64.2,5.9,23.1,30.8
3857263,2022-11-27,Group Stage,Germany,2,55,37,Spain,11748,Unai Simón Mendibil,6765,Rodrigo Hernández Cascante,Complete,29.64473,23.4,31.5,31.9,59.9
3857263,2022-11-27,Group Stage,Germany,2,55,41,Spain,6765,Rodrigo Hernández Cascante,5721,Daniel Carvajal Ramos,Complete,19.833809,29.6,61.5,40.3,78.2
3857263,2022-11-27,Group Stage,Germany,2,55,43,Spain,5721,Daniel Carvajal Ramos,6765,Rodrigo Hernández Cascante,Complete,20.678734,34.4,75.7,18.4,62.6
3857263,2022-11-27,Group Stage,Germany,2,55,45,Spain,6765,Rodrigo Hernández Cascante,11748,Unai Simón Mendibil,Complete,15.383758,15.2,50.5,5.7,38.4
3857263,2022-11-27,Group Stage,Germany,2,55,48,Spain,11748,Unai Simón Mendibil,30486,Pedro González López,Incomplete,13.619472,5.1,38.1,18.6,39.9
3857263,2022-11-27,Group Stage,Germany,2,56,51,Spain,30486,Pedro González López,5719,Marco Asensio Willemsen,Complete,28.33655,3.5,68.1,30.5,76.7
3857263,2022-11-27,Group Stage,Germany,2,57,38,Spain,5721,Daniel Carvajal Ramos,6765,Rodrigo Hernández Cascante,Complete,20.041208,67.7,78.8,47.9,75.7
3857263,2022-11-27,Group Stage,Germany,2,57,41,Spain,6765,Rodrigo Hernández Cascante,16532,Daniel Olmo Carvajal,Incomplete,67.1476,53.6,70.8,78.4,8.4
3857263,2022-11-27,Group Stage,Germany,2,57,55,Spain,5211,Jordi Alba Ramos,16532,Daniel Olmo Carvajal,Complete,26.81287,78.3,0.1,84.0,26.3
3857263,2022-11-27,Group Stage,Germany,2,59,1,Spain,5211,Jordi Alba Ramos,16532,Daniel Olmo Carvajal,Complete,9.1181135,15.3,0.1,23.8,3.4
3857263,2022-11-27,Group Stage,Germany,2,59,2,Spain,16532,Daniel Olmo Carvajal,5211,Jordi Alba Ramos,Complete,5.731492,23.5,3.4,17.8,2.8
3857263,2022-11-27,Group Stage,Germany,2,59,3,Spain,5211,Jordi Alba Ramos,16532,Daniel Olmo Carvajal,Incomplete,6.718631,18.0,4.3,24.7,3.8
3857263,2022-11-27,Group Stage,Germany,2,59,36,Spain,5211,Jordi Alba Ramos,6765,Rodrigo Hernández Cascante,Complete,41.511566,31.5,10.3,42.6,50.3
3857263,2022-11-27,Group Stage,Germany,2,59,39,Spain,6765,Rodrigo Hernández Cascante,3477,Álvaro Borja Morata Martín,Complete,21.467184,44.2,51.4,64.2,43.6
3857263,2022-11-27,Group Stage,Germany,2,59,41,Spain,3477,Álvaro Borja Morata Martín,5719,Marco Asensio Willemsen,Incomplete,20.540936,63.9,51.8,71.2,71.0
3857263,2022-11-27,Group Stage,Germany,2,60,49,Spain,11748,Unai Simón Mendibil,6765,Rodrigo Hernández Cascante,Complete,19.892712,7.0,36.1,10.4,55.7
3857263,2022-11-27,Group Stage,Germany,2,60,51,Spain,6765,Rodrigo Hernández Cascante,5721,Daniel Carvajal Ramos,Complete,19.076687,4.8,59.6,14.2,76.2
3857263,2022-11-27,Group Stage,Germany,2,60,53,Spain,5721,Daniel Carvajal Ramos,133353,Pablo Martín Páez Gavira,Complete,20.711832,14.5,76.6,32.8,66.9
3857263,2022-11-27,Group Stage,Germany,2,60,58,Spain,133353,Pablo Martín Páez Gavira,3477,Álvaro Borja Morata Martín,Complete,14.024621,51.7,66.0,65.2,62.2
3857263,2022-11-27,Group Stage,Germany,2,60,59,Spain,3477,Álvaro Borja Morata Martín,5719,Marco Asensio Willemsen,Complete,17.123375,65.1,62.2,75.1,76.1
3857263,2022-11-27,Group Stage,Germany,2,61,3,Spain,5719,Marco Asensio Willemsen,16532,Daniel Olmo Carvajal,Complete,46.186577,91.9,66.5,105.3,22.3
3857263,2022-11-27,Group Stage,Germany,2,61,11,Spain,4353,Aymeric Laporte,5211,Jordi Alba Ramos,Complete,15.861904,78.7,28.7,89.3,16.9
3857263,2022-11-27,Group Stage,Germany,2,61,14,Spain,5211,Jordi Alba Ramos,4353,Aymeric Laporte,Complete,14.940214,89.4,10.3,74.9,13.9
3857263,2022-11-27,Group Stage,Germany,2,61,17,Spain,4353,Aymeric Laporte,5203,Sergio Busquets i Burgos,Complete,16.025293,74.9,14.4,75.8,30.4
3857263,2022-11-27,Group Stage,Germany,2,61,19,Spain,5203,Sergio Busquets i Burgos,6765,Rodrigo Hernández Cascante,Complete,20.781963,75.5,30.4,62.0,46.2
3857263,2022-11-27,Group Stage,Germany,2,61,21,Spain,6765,Rodrigo Hernández Cascante,5721,Daniel Carvajal Ramos,Complete,27.460882,62.6,46.2,70.5,72.5
3857263,2022-11-27,Group Stage,Germany,2,61,24,Spain,5721,Daniel Carvajal Ramos,6765,Rodrigo Hernández Cascante,Complete,18.88306,70.9,72.5,57.3,59.4
3857263,2022-11-27,Group Stage,Germany,2,61,26,Spain,6765,Rodrigo Hernández Cascante,5203,Sergio Busquets i Burgos,Complete,20.441624,58.2,58.7,67.7,40.6
3857263,2022-11-27,Group Stage,Germany,2,61,28,Spain,5203,Sergio Busquets i Burgos,16532,Daniel Olmo Carvajal,Complete,18.738462,73.9,38.3,87.2,25.1
3857263,2022-11-27,Group Stage,Germany,2,61,30,Spain,16532,Daniel Olmo Carvajal,5211,Jordi Alba Ramos,Complete,15.033297,87.7,17.6,100.3,9.4
3857263,2022-11-27,Group Stage,Germany,2,61,32,Spain,5211,Jordi Alba Ramos,3477,Álvaro Borja Morata Martín,Complete,24.539356,105.5,11.0,113.2,34.3
3857263,2022-11-27,Group Stage,Germany,2,62,59,Spain,5211,Jordi Alba Ramos,30486,Pedro González López,Complete,29.124731,49.1,27.6,75.5,39.9
3857263,2022-11-27,Group Stage,Germany,2,63,0,Spain,30486,Pedro González López,16532,Daniel Olmo Carvajal,Complete,8.0062475,75.5,39.8,79.2,32.7
3857263,2022-11-27,Group Stage,Germany,2,63,1,Spain,16532,Daniel Olmo Carvajal,3477,Álvaro Borja Morata Martín,Incomplete,29.904013,81.0,34.0,109.7,42.4
3857263,2022-11-27,Group Stage,Germany,2,64,1,Spain,5203,Sergio Busquets i Burgos,4353,Aymeric Laporte,Complete,11.713667,21.3,25.4,15.2,15.4
3857263,2022-11-27,Group Stage,Germany,2,64,3,Spain,4353,Aymeric Laporte,11748,Unai Simón Mendibil,Complete,22.382582,23.6,15.4,9.9,33.1
3857263,2022-11-27,Group Stage,Germany,2,64,8,Spain,11748,Unai Simón Mendibil,6765,Rodrigo Hernández Cascante,Complete,19.600256,8.1,40.0,8.2,59.6
3857263,2022-11-27,Group Stage,Germany,2,64,10,Spain,6765,Rodrigo Hernández Cascante,5721,Daniel Carvajal Ramos,Complete,16.589455,9.1,62.5,18.0,76.5
3857263,2022-11-27,Group Stage,Germany,2,64,14,Spain,5721,Daniel Carvajal Ramos,30486,Pedro González López,Complete,36.444477,29.1,76.1,36.9,40.5
3857263,2022-11-27,Group Stage,Germany,2,64,15,Spain,30486,Pedro González López,5211,Jordi Alba Ramos,Complete,21.523243,36.9,40.2,47.9,21.7
3857263,2022-11-27,Group Stage,Germany,2,64,20,Spain,5211,Jordi Alba Ramos,16532,Daniel Olmo Carvajal,Complete,29.520332,52.0,18.8,80.3,10.4
3857263,2022-11-27,Group Stage,Germany,2,64,25,Spain,16532,Daniel Olmo Carvajal,133353,Pablo Martín Páez Gavira,Complete,21.185844,97.9,20.5,100.7,41.5
3857263,2022-11-27,Group Stage,Germany,2,64,26,Spain,133353,Pablo Martín Páez Gavira,5719,Marco Asensio Willemsen,Complete,5.246904,101.0,40.2,101.7,45.4
3857263,2022-11-27,Group Stage,Germany,2,66,16,Spain,4353,Aymeric Laporte,11748,Unai Simón Mendibil,Complete,10.756393,7.0,36.1,3.3,46.2
3857263,2022-11-27,Group Stage,Germany,2,66,19,Spain,11748,Unai Simón Mendibil,6765,Rodrigo Hernández Cascante,Complete,18.023596,6.5,42.9,3.1,60.6
3857263,2022-11-27,Group Stage,Germany,2,66,22,Spain,6765,Rodrigo Hernández Cascante,3477,Álvaro Borja Morata Martín,Incomplete,59.993084,5.2,56.0,64.1,44.6
3857263,2022-11-27,Group Stage,Germany,2,66,29,Spain,5199,Jorge Resurrección Merodio,3477,Álvaro Borja Morata Martín,Complete,25.037971,64.3,44.3,89.0,40.2
3857263,2022-11-27,Group Stage,Germany,2,67,34,Spain,4353,Aymeric Laporte,5211,Jordi Alba Ramos,Complete,10.217632,41.0,21.7,34.4,13.9
3857263,2022-11-27,Group Stage,Germany,2,67,37,Spain,5211,Jordi Alba Ramos,11748,Unai Simón Mendibil,Complete,31.133263,33.2,10.3,12.0,33.1
3857263,2022-11-27,Group Stage,Germany,2,67,47,Spain,11748,Unai Simón Mendibil,6765,Rodrigo Hernández Cascante,Complete,23.070543,7.6,43.7,10.4,66.6
3857263,2022-11-27,Group Stage,Germany,2,67,50,Spain,6765,Rodrigo Hernández Cascante,68574,Nicholas Williams Arthuer,Complete,34.677082,14.0,71.6,48.1,77.9
3857263,2022-11-27,Group Stage,Germany,2,68,20,Spain,5721,Daniel Carvajal Ramos,68574,Nicholas Williams Arthuer,Complete,43.04056,7.0,44.1,41.3,70.1
3857263,2022-11-27,Group Stage,Germany,2,68,22,Spain,68574,Nicholas Williams Arthuer,5211,Jordi Alba Ramos,Complete,37.746124,44.0,69.4,30.9,34.0
3857263,2022-11-27,Group Stage,Germany,2,68,26,Spain,5211,Jordi Alba Ramos,16532,Daniel Olmo Carvajal,Complete,27.940115,32.5,20.5,54.2,2.9
3857263,2022-11-27,Group Stage,Germany,2,68,28,Spain,16532,Daniel Olmo Carvajal,5211,Jordi Alba Ramos,Complete,13.160547,50.1,2.7,37.5,6.5
3857263,2022-11-27,Group Stage,Germany,2,68,30,Spain,5211,Jordi Alba Ramos,30486,Pedro González López,Complete,17.256884,37.1,7.5,46.3,22.1
3857263,2022-11-27,Group Stage,Germany,2,68,34,Spain,30486,Pedro González López,3477,Álvaro Borja Morata Martín,Incomplete,39.161842,61.2,18.7,98.9,29.3
3857263,2022-11-27,Group Stage,Germany,2,68,41,Spain,5211,Jordi Alba Ramos,,,Incomplete,13.829317,40.7,14.8,53.3,20.5
3857263,2022-11-27,Group Stage,Germany,2,69,52,Spain,16532,Daniel Olmo Carvajal,,,Incomplete,77.71358,5.0,6.3,82.6,2.1
3857263,2022-11-27,Group Stage,Germany,2,70,40,Spain,16532,Daniel Olmo Carvajal,5211,Jordi Alba Ramos,Incomplete,15.921055,23.1,8.8,37.3,16.0
3857263,2022-11-27,Group Stage,Germany,2,70,54,Spain,5721,Daniel Carvajal Ramos,3477,Álvaro Borja Morata Martín,Complete,19.303886,13.7,60.8,29.7,50.0
3857263,2022-11-27,Group Stage,Germany,2,70,56,Spain,3477,Álvaro Borja Morata Martín,68574,Nicholas Williams Arthuer,Complete,30.20149,30.3,49.6,46.0,75.4
3857263,2022-11-27,Group Stage,Germany,2,71,7,Spain,68574,Nicholas Williams Arthuer,5199,Jorge Resurrección Merodio,Complete,10.111875,99.8,60.2,107.0,53.1
3857263,2022-11-27,Group Stage,Germany,2,71,8,Spain,5199,Jorge Resurrección Merodio,3477,Álvaro Borja Morata Martín,Incomplete,4.1231055,106.6,49.9,107.6,45.9
3857263,2022-11-27,Group Stage,Germany,2,72,23,Spain,6765,Rodrigo Hernández Cascante,11748,Unai Simón Mendibil,Complete,11.360018,7.0,36.1,5.1,47.3
3857263,2022-11-27,Group Stage,Germany,2,72,26,Spain,11748,Unai Simón Mendibil,3477,Álvaro Borja Morata Martín,Complete,43.62992,8.4,46.5,39.5,15.9
3857263,2022-11-27,Group Stage,Germany,2,72,28,Spain,3477,Álvaro Borja Morata Martín,,,Out,15.538983,40.1,15.7,39.0,0.2
3857263,2022-11-27,Group Stage,Germany,2,73,39,Spain,11748,Unai Simón Mendibil,4353,Aymeric Laporte,Complete,6.6007576,7.0,36.1,7.1,29.5
3857263,2022-11-27,Group Stage,Germany,2,73,41,Spain,4353,Aymeric Laporte,5211,Jordi Alba Ramos,Complete,20.396078,4.6,26.3,8.6,6.3
3857263,2022-11-27,Group Stage,Germany,2,73,43,Spain,5211,Jordi Alba Ramos,5203,Sergio Busquets i Burgos,Complete,41.114475,12.4,4.5,51.6,16.9
3857263,2022-11-27,Group Stage,Germany,2,73,48,Spain,5203,Sergio Busquets i Burgos,16532,Daniel Olmo Carvajal,Complete,27.960865,58.2,18.8,81.2,2.9
3857263,2022-11-27,Group Stage,Germany,2,73,53,Spain,16532,Daniel Olmo Carvajal,30486,Pedro González López,Complete,25.739075,93.4,4.7,68.3,10.4
3857263,2022-11-27,Group Stage,Germany,2,73,55,Spain,30486,Pedro González López,5211,Jordi Alba Ramos,Complete,14.024621,67.1,9.5,53.6,5.7
3857263,2022-11-27,Group Stage,Germany,2,73,57,Spain,5211,Jordi Alba Ramos,5203,Sergio Busquets i Burgos,Complete,14.957606,53.2,5.9,57.9,20.1
3857263,2022-11-27,Group Stage,Germany,2,73,59,Spain,5203,Sergio Busquets i Burgos,4353,Aymeric Laporte,Complete,20.026234,57.9,20.1,39.1,27.0
3857263,2022-11-27,Group Stage,Germany,2,74,1,Spain,4353,Aymeric Laporte,6765,Rodrigo Hernández Cascante,Complete,13.572398,38.7,28.0,40.1,41.5
3857263,2022-11-27,Group Stage,Germany,2,74,7,Spain,6765,Rodrigo Hernández Cascante,5199,Jorge Resurrección Merodio,Complete,26.443336,58.6,49.1,68.3,73.7
3857263,2022-11-27,Group Stage,Germany,2,74,14,Spain,5199,Jorge Resurrección Merodio,5203,Sergio Busquets i Burgos,Complete,17.564169,83.6,77.5,74.3,62.6
3857263,2022-11-27,Group Stage,Germany,2,74,15,Spain,5203,Sergio Busquets i Burgos,5721,Daniel Carvajal Ramos,Complete,22.963015,74.3,62.6,57.0,77.7
3857263,2022-11-27,Group Stage,Germany,2,74,18,Spain,5721,Daniel Carvajal Ramos,6765,Rodrigo Hernández Cascante,Complete,14.871785,50.7,77.0,38.1,69.1
3857263,2022-11-27,Group Stage,Germany,2,74,20,Spain,6765,Rodrigo Hernández Cascante,11748,Unai Simón Mendibil,Complete,33.17107,36.5,69.1,18.1,41.5
3857263,2022-11-27,Group Stage,Germany,2,74,22,Spain,11748,Unai Simón Mendibil,4353,Aymeric Laporte,Complete,15.300326,18.4,41.5,27.5,29.2
3857263,2022-11-27,Group Stage,Germany,2,74,25,Spain,4353,Aymeric Laporte,5211,Jordi Alba Ramos,Complete,13.705838,34.0,16.0,45.6,8.7
3857263,2022-11-27,Group Stage,Germany,2,74,27,Spain,5211,Jordi Alba Ramos,30486,Pedro González López,Complete,16.61385,45.4,5.3,49.5,21.4
3857263,2022-11-27,Group Stage,Germany,2,74,30,Spain,30486,Pedro González López,6765,Rodrigo Hernández Cascante,Complete,34.95211,53.3,18.7,41.5,51.6
3857263,2022-11-27,Group Stage,Germany,2,74,33,Spain,6765,Rodrigo Hernández Cascante,5721,Daniel Carvajal Ramos,Complete,27.247202,43.2,53.0,56.1,77.0
3857263,2022-11-27,Group Stage,Germany,2,74,36,Spain,5721,Daniel Carvajal Ramos,5203,Sergio Busquets i Burgos,Complete,16.278206,60.8,76.7,65.1,61.0
3857263,2022-11-27,Group Stage,Germany,2,74,38,Spain,5203,Sergio Busquets i Burgos,5199,Jorge Resurrección Merodio,Complete,14.400347,64.8,61.6,71.2,74.5
3857263,2022-11-27,Group Stage,Germany,2,74,40,Spain,5199,Jorge Resurrección Merodio,3477,Álvaro Borja Morata Martín,Pass Offside,27.390692,71.7,74.2,97.2,64.2
3857263,2022-11-27,Group Stage,Germany,2,75,3,Spain,5203,Sergio Busquets i Burgos,30486,Pedro González López,Complete,16.402744,78.0,66.9,77.7,50.5
3857263,2022-11-27,Group Stage,Germany,2,75,6,Spain,30486,Pedro González López,5211,Jordi Alba Ramos,Complete,20.552616,80.2,36.5,67.3,20.5
3857263,2022-11-27,Group Stage,Germany,2,75,9,Spain,5211,Jordi Alba Ramos,16532,Daniel Olmo Carvajal,Complete,18.49108,69.3,19.8,83.7,8.2
3857263,2022-11-27,Group Stage,Germany,2,75,11,Spain,16532,Daniel Olmo Carvajal,5211,Jordi Alba Ramos,Complete,18.940168,77.4,8.4,58.6,10.7
3857263,2022-11-27,Group Stage,Germany,2,75,13,Spain,5211,Jordi Alba Ramos,11748,Unai Simón Mendibil,Complete,34.366554,49.1,13.2,25.0,37.7
3857263,2022-11-27,Group Stage,Germany,2,75,17,Spain,11748,Unai Simón Mendibil,6765,Rodrigo Hernández Cascante,Complete,20.447983,25.2,40.6,26.6,61.0
3857263,2022-11-27,Group Stage,Germany,2,75,19,Spain,6765,Rodrigo Hernández Cascante,5199,Jorge Resurrección Merodio,Incomplete,16.944616,26.6,61.0,43.2,64.4
3857263,2022-11-27,Group Stage,Germany,2,75,24,Spain,5203,Sergio Busquets i Burgos,30486,Pedro González López,Complete,19.419579,30.3,55.3,40.7,38.9
3857263,2022-11-27,Group Stage,Germany,2,75,26,Spain,30486,Pedro González López,16532,Daniel Olmo Carvajal,Complete,37.886276,44.4,34.8,65.3,3.2
3857263,2022-11-27,Group Stage,Germany,2,75,30,Spain,16532,Daniel Olmo Carvajal,5211,Jordi Alba Ramos,Complete,19.79596,66.1,4.5,47.3,10.7
3857263,2022-11-27,Group Stage,Germany,2,75,36,Spain,5211,Jordi Alba Ramos,6765,Rodrigo Hernández Cascante,Complete,28.429737,42.6,17.3,36.2,45.0
3857263,2022-11-27,Group Stage,Germany,2,75,38,Spain,6765,Rodrigo Hernández Cascante,5721,Daniel Carvajal Ramos,Complete,26.163334,36.2,46.6,41.6,72.2
3857263,2022-11-27,Group Stage,Germany,2,75,40,Spain,5721,Daniel Carvajal Ramos,5203,Sergio Busquets i Burgos,Complete,24.286621,41.6,72.2,53.8,51.2
3857263,2022-11-27,Group Stage,Germany,2,75,43,Spain,5203,Sergio Busquets i Burgos,3477,Álvaro Borja Morata Martín,Complete,12.801562,57.2,51.8,68.4,45.6
3857263,2022-11-27,Group Stage,Germany,2,75,45,Spain,3477,Álvaro Borja Morata Martín,30486,Pedro González López,Complete,7.545197,65.1,44.3,60.8,38.1
3857263,2022-11-27,Group Stage,Germany,2,75,47,Spain,30486,Pedro González López,16532,Daniel Olmo Carvajal,Complete,33.371845,62.7,36.4,76.9,6.2
3857263,2022-11-27,Group Stage,Germany,2,75,52,Spain,16532,Daniel Olmo Carvajal,30486,Pedro González López,Complete,17.20029,88.8,5.7,78.4,19.4
3857263,2022-11-27,Group Stage,Germany,2,75,53,Spain,30486,Pedro González López,5211,Jordi Alba Ramos,Complete,14.089003,78.7,18.0,72.6,5.3
3857263,2022-11-27,Group Stage,Germany,2,75,55,Spain,5211,Jordi Alba Ramos,30486,Pedro González López,Complete,13.81919,71.2,4.7,66.8,17.8
3857263,2022-11-27,Group Stage,Germany,2,75,57,Spain,30486,Pedro González López,4353,Aymeric Laporte,Complete,20.42474,64.3,17.3,44.4,21.9
3857263,2022-11-27,Group Stage,Germany,2,75,58,Spain,4353,Aymeric Laporte,6765,Rodrigo Hernández Cascante,Complete,21.858637,44.2,22.1,42.6,43.9
3857263,2022-11-27,Group Stage,Germany,2,76,1,Spain,6765,Rodrigo Hernández Cascante,5721,Daniel Carvajal Ramos,Complete,31.865341,45.3,47.4,61.9,74.6
3857263,2022-11-27,Group Stage,Germany,2,76,4,Spain,5721,Daniel Carvajal Ramos,68574,Nicholas Williams Arthuer,Complete,10.815729,63.6,74.2,73.9,77.5
3857263,2022-11-27,Group Stage,Germany,2,76,6,Spain,68574,Nicholas Williams Arthuer,5721,Daniel Carvajal Ramos,Complete,16.498486,73.9,77.5,57.5,75.7
3857263,2022-11-27,Group Stage,Germany,2,76,8,Spain,5721,Daniel Carvajal Ramos,6765,Rodrigo Hernández Cascante,Complete,14.886235,53.8,75.7,41.0,68.1
3857263,2022-11-27,Group Stage,Germany,2,76,12,Spain,6765,Rodrigo Hernández Cascante,5721,Daniel Carvajal Ramos,Complete,12.159359,40.6,67.5,46.9,77.9
3857263,2022-11-27,Group Stage,Germany,2,76,13,Spain,5721,Daniel Carvajal Ramos,5199,Jorge Resurrección Merodio,Complete,19.557608,46.4,78.7,64.7,71.8
3857263,2022-11-27,Group Stage,Germany,2,76,14,Spain,5199,Jorge Resurrección Merodio,68574,Nicholas Williams Arthuer,Incomplete,9.449339,64.2,72.9,71.5,78.9
3857263,2022-11-27,Group Stage,Germany,2,76,40,Spain,5721,Daniel Carvajal Ramos,5199,Jorge Resurrección Merodio,Complete,10.973149,25.2,72.0,35.6,68.5
3857263,2022-11-27,Group Stage,Germany,2,76,41,Spain,5199,Jorge Resurrección Merodio,5721,Daniel Carvajal Ramos,Complete,9.677293,33.6,69.3,24.7,73.1
3857263,2022-11-27,Group Stage,Germany,2,76,43,Spain,5721,Daniel Carvajal Ramos,6765,Rodrigo Hernández Cascante,Complete,10.530907,25.5,72.6,20.2,63.5
3857263,2022-11-27,Group Stage,Germany,2,76,45,Spain,6765,Rodrigo Hernández Cascante,,,Incomplete,24.326118,20.6,63.5,43.2,72.5
3857263,2022-11-27,Group Stage,Germany,2,76,56,Spain,5721,Daniel Carvajal Ramos,68574,Nicholas Williams Arthuer,Complete,20.17771,2.3,59.0,10.8,77.3
3857263,2022-11-27,Group Stage,Germany,2,77,32,Spain,5721,Daniel Carvajal Ramos,6765,Rodrigo Hernández Cascante,Complete,11.410959,15.6,80.0,7.0,72.5
3857263,2022-11-27,Group Stage,Germany,2,77,33,Spain,6765,Rodrigo Hernández Cascante,,,Incomplete,56.398315,6.4,75.9,60.3,59.3
3857263,2022-11-27,Group Stage,Germany,2,77,58,Spain,4353,Aymeric Laporte,5199,Jorge Resurrección Merodio,Complete,19.13792,62.7,13.2,67.6,31.7
3857263,2022-11-27,Group Stage,Germany,2,78,1,Spain,5199,Jorge Resurrección Merodio,6765,Rodrigo Hernández Cascante,Complete,13.014607,67.1,35.2,55.4,40.9
3857263,2022-11-27,Group Stage,Germany,2,78,2,Spain,6765,Rodrigo Hernández Cascante,5211,Jordi Alba Ramos,Incomplete,17.962183,57.8,34.6,63.6,17.6
3857263,2022-11-27,Group Stage,Germany,2,78,9,Spain,6765,Rodrigo Hernández Cascante,30486,Pedro González López,Complete,13.645879,37.3,18.2,44.8,6.8
3857263,2022-11-27,Group Stage,Germany,2,78,29,Spain,5211,Jordi Alba Ramos,30486,Pedro González López,Incomplete,17.564169,50.3,0.1,62.0,13.2
3857263,2022-11-27,Group Stage,Germany,2,78,55,Spain,6765,Rodrigo Hernández Cascante,68574,Nicholas Williams Arthuer,Complete,13.730622,17.7,41.5,25.5,52.8
3857263,2022-11-27,Group Stage,Germany,2,80,49,Spain,5211,Jordi Alba Ramos,68574,Nicholas Williams Arthuer,Incomplete,47.339622,44.7,42.4,87.7,62.2
3857263,2022-11-27,Group Stage,Germany,2,81,9,Spain,6765,Rodrigo Hernández Cascante,5199,Jorge Resurrección Merodio,Complete,16.786304,22.7,70.9,39.4,72.6
3857263,2022-11-27,Group Stage,Germany,2,81,12,Spain,5199,Jorge Resurrección Merodio,5721,Daniel Carvajal Ramos,Complete,6.140033,38.7,72.6,35.0,77.5
3857263,2022-11-27,Group Stage,Germany,2,81,14,Spain,5721,Daniel Carvajal Ramos,,,Incomplete,2.8844411,38.7,77.5,40.3,75.1
3857263,2022-11-27,Group Stage,Germany,2,82,3,Spain,5721,Daniel Carvajal Ramos,68574,Nicholas Williams Arthuer,Complete,10.700467,46.2,80.0,54.7,73.5
3857263,2022-11-27,Group Stage,Germany,2,82,7,Spain,68574,Nicholas Williams Arthuer,39161,Alejandro Balde Martínez,Complete,49.39524,56.3,71.3,37.8,25.5
3857263,2022-11-27,Group Stage,Germany,2,82,12,Spain,39161,Alejandro Balde Martínez,4353,Aymeric Laporte,Complete,11.806778,31.9,18.8,29.7,30.4
3857263,2022-11-27,Group Stage,Germany,2,82,15,Spain,4353,Aymeric Laporte,30486,Pedro González López,Incomplete,28.663042,38.6,32.0,58.0,10.9
3857263,2022-11-27,Group Stage,Germany,2,84,27,Spain,3477,Álvaro Borja Morata Martín,6765,Rodrigo Hernández Cascante,Complete,25.079872,61.0,40.1,39.8,53.5
3857263,2022-11-27,Group Stage,Germany,2,84,28,Spain,6765,Rodrigo Hernández Cascante,4353,Aymeric Laporte,Complete,11.512168,39.1,51.8,36.9,40.5
3857263,2022-11-27,Group Stage,Germany,2,84,31,Spain,4353,Aymeric Laporte,5199,Jorge Resurrección Merodio,Incomplete,61.378334,38.5,38.6,89.4,72.9
3857263,2022-11-27,Group Stage,Germany,2,84,59,Spain,5721,Daniel Carvajal Ramos,3477,Álvaro Borja Morata Martín,Complete,19.643064,97.5,80.0,110.3,65.1
3857263,2022-11-27,Group Stage,Germany,2,85,41,Spain,5721,Daniel Carvajal Ramos,11748,Unai Simón Mendibil,Complete,24.858198,36.2,42.7,11.5,39.9
3857263,2022-11-27,Group Stage,Germany,2,85,47,Spain,11748,Unai Simón Mendibil,4353,Aymeric Laporte,Complete,8.949861,12.1,39.9,19.0,34.2
3857263,2022-11-27,Group Stage,Germany,2,85,49,Spain,4353,Aymeric Laporte,39161,Alejandro Balde Martínez,Complete,18.843037,20.5,32.9,29.6,16.4
3857263,2022-11-27,Group Stage,Germany,2,85,51,Spain,39161,Alejandro Balde Martínez,4353,Aymeric Laporte,Complete,12.940248,30.3,15.7,21.1,24.8
3857263,2022-11-27,Group Stage,Germany,2,85,54,Spain,4353,Aymeric Laporte,6765,Rodrigo Hernández Cascante,Complete,27.635485,21.1,25.1,24.7,52.5
3857263,2022-11-27,Group Stage,Germany,2,85,57,Spain,6765,Rodrigo Hernández Cascante,5721,Daniel Carvajal Ramos,Complete,21.130074,27.5,55.7,33.7,75.9
3857263,2022-11-27,Group Stage,Germany,2,85,59,Spain,5721,Daniel Carvajal Ramos,5203,Sergio Busquets i Burgos,Complete,13.118308,35.3,76.7,40.6,64.7
3857263,2022-11-27,Group Stage,Germany,2,86,0,Spain,5203,Sergio Busquets i Burgos,68574,Nicholas Williams Arthuer,Complete,26.241951,40.3,62.8,61.1,78.8
3857263,2022-11-27,Group Stage,Germany,2,86,52,Spain,6765,Rodrigo Hernández Cascante,68574,Nicholas Williams Arthuer,Complete,22.35755,10.4,73.2,32.3,77.7
3857263,2022-11-27,Group Stage,Germany,2,86,54,Spain,68574,Nicholas Williams Arthuer,3477,Álvaro Borja Morata Martín,Complete,15.43049,32.8,77.7,46.5,70.6
3857263,2022-11-27,Group Stage,Germany,2,86,56,Spain,3477,Álvaro Borja Morata Martín,30486,Pedro González López,Incomplete,19.57243,46.3,70.4,50.1,51.2
3857263,2022-11-27,Group Stage,Germany,2,87,33,Spain,5721,Daniel Carvajal Ramos,5199,Jorge Resurrección Merodio,Complete,16.641214,31.6,80.0,46.3,72.2
3857263,2022-11-27,Group Stage,Germany,2,87,35,Spain,5199,Jorge Resurrección Merodio,68574,Nicholas Williams Arthuer,Incomplete,14.052046,46.3,72.2,59.8,76.1
3857263,2022-11-27,Group Stage,Germany,2,87,49,Spain,5721,Daniel Carvajal Ramos,6765,Rodrigo Hernández Cascante,Complete,24.648327,57.5,80.0,33.0,77.3
3857263,2022-11-27,Group Stage,Germany,2,87,51,Spain,6765,Rodrigo Hernández Cascante,11748,Unai Simón Mendibil,Complete,28.182442,26.8,74.2,13.6,49.3
3857263,2022-11-27,Group Stage,Germany,2,87,55,Spain,11748,Unai Simón Mendibil,4353,Aymeric Laporte,Complete,11.18034,17.3,42.3,15.3,31.3
3857263,2022-11-27,Group Stage,Germany,2,87,57,Spain,4353,Aymeric Laporte,39161,Alejandro Balde Martínez,Complete,23.974154,15.4,30.1,23.4,7.5
3857263,2022-11-27,Group Stage,Germany,2,88,0,Spain,39161,Alejandro Balde Martínez,16532,Daniel Olmo Carvajal,Complete,24.596138,23.9,7.2,48.3,4.1
3857263,2022-11-27,Group Stage,Germany,2,88,1,Spain,16532,Daniel Olmo Carvajal,3477,Álvaro Borja Morata Martín,Incomplete,20.799278,46.3,5.0,53.8,24.4
3857263,2022-11-27,Group Stage,Germany,2,88,13,Spain,5203,Sergio Busquets i Burgos,4353,Aymeric Laporte,Complete,14.892951,51.3,31.1,37.5,25.5
3857263,2022-11-27,Group Stage,Germany,2,88,16,Spain,4353,Aymeric Laporte,11748,Unai Simón Mendibil,Complete,18.749134,26.4,19.4,13.6,33.1
3857263,2022-11-27,Group Stage,Germany,2,88,19,Spain,11748,Unai Simón Mendibil,6765,Rodrigo Hernández Cascante,Complete,20.368603,12.7,34.2,19.5,53.4
3857263,2022-11-27,Group Stage,Germany,2,88,22,Spain,6765,Rodrigo Hernández Cascante,30486,Pedro González López,Complete,31.549643,19.9,55.6,38.2,29.9
3857263,2022-11-27,Group Stage,Germany,2,88,26,Spain,30486,Pedro González López,39161,Alejandro Balde Martínez,Complete,23.0532,41.6,24.2,54.8,5.3
3857263,2022-11-27,Group Stage,Germany,2,88,30,Spain,39161,Alejandro Balde Martínez,30486,Pedro González López,Complete,11.648176,63.9,6.6,60.7,17.8
3857263,2022-11-27,Group Stage,Germany,2,88,31,Spain,30486,Pedro González López,39161,Alejandro Balde Martínez,Complete,11.00727,61.6,18.8,62.0,7.8
3857263,2022-11-27,Group Stage,Germany,2,88,32,Spain,39161,Alejandro Balde Martínez,4353,Aymeric Laporte,Complete,25.826536,62.0,7.8,39.4,20.3
3857263,2022-11-27,Group Stage,Germany,2,88,35,Spain,4353,Aymeric Laporte,6765,Rodrigo Hernández Cascante,Complete,24.5204,40.3,21.0,41.3,45.5
3857263,2022-11-27,Group Stage,Germany,2,88,37,Spain,6765,Rodrigo Hernández Cascante,4353,Aymeric Laporte,Complete,19.716236,39.8,44.3,39.0,24.6
3857263,2022-11-27,Group Stage,Germany,2,88,40,Spain,4353,Aymeric Laporte,30486,Pedro González López,Complete,16.03122,39.4,23.3,51.6,12.9
3857263,2022-11-27,Group Stage,Germany,2,88,43,Spain,30486,Pedro González López,6765,Rodrigo Hernández Cascante,Complete,26.383707,58.3,19.8,44.2,42.1
3857263,2022-11-27,Group Stage,Germany,2,88,50,Spain,6765,Rodrigo Hernández Cascante,68574,Nicholas Williams Arthuer,Complete,24.9996,50.7,50.9,73.0,62.2
3857263,2022-11-27,Group Stage,Germany,2,88,52,Spain,68574,Nicholas Williams Arthuer,3477,Álvaro Borja Morata Martín,Complete,20.550669,78.4,60.6,98.7,57.4
3857263,2022-11-27,Group Stage,Germany,2,89,26,Spain,16532,Daniel Olmo Carvajal,68574,Nicholas Williams Arthuer,Complete,7.4726167,120.0,80.0,112.8,78.0
3857263,2022-11-27,Group Stage,Germany,2,89,29,Spain,68574,Nicholas Williams Arthuer,30486,Pedro González López,Complete,19.250975,111.9,75.7,95.7,65.3
3857263,2022-11-27,Group Stage,Germany,2,89,31,Spain,30486,Pedro González López,68574,Nicholas Williams Arthuer,Complete,12.913946,95.7,65.6,102.3,76.7
3857263,2022-11-27,Group Stage,Germany,2,89,37,Spain,68574,Nicholas Williams Arthuer,30486,Pedro González López,Complete,11.5381975,100.0,78.4,89.7,73.2
3857263,2022-11-27,Group Stage,Germany,2,89,40,Spain,30486,Pedro González López,16532,Daniel Olmo Carvajal,Complete,11.151682,93.4,52.5,102.8,58.5
3857263,2022-11-27,Group Stage,Germany,2,89,50,Spain,5721,Daniel Carvajal Ramos,39161,Alejandro Balde Martínez,Complete,27.762205,72.8,71.3,62.3,45.6
3857263,2022-11-27,Group Stage,Germany,2,89,54,Spain,39161,Alejandro Balde Martínez,6765,Rodrigo Hernández Cascante,Complete,17.477127,64.2,41.4,55.4,56.5
3857263,2022-11-27,Group Stage,Germany,2,89,59,Spain,6765,Rodrigo Hernández Cascante,4353,Aymeric Laporte,Complete,28.84337,57.3,52.9,48.6,25.4
3857263,2022-11-27,Group Stage,Germany,2,90,2,Spain,4353,Aymeric Laporte,39161,Alejandro Balde Martínez,Complete,17.74514,49.7,22.9,55.7,6.2
3857263,2022-11-27,Group Stage,Germany,2,90,6,Spain,39161,Alejandro Balde Martínez,4353,Aymeric Laporte,Complete,27.237106,50.1,6.6,25.6,18.5
3857263,2022-11-27,Group Stage,Germany,2,90,8,Spain,4353,Aymeric Laporte,6765,Rodrigo Hernández Cascante,Complete,35.539413,21.5,17.8,26.4,53.0
3857263,2022-11-27,Group Stage,Germany,2,90,12,Spain,6765,Rodrigo Hernández Cascante,5721,Daniel Carvajal Ramos,Complete,30.705048,26.4,53.2,45.8,77.0
3857263,2022-11-27,Group Stage,Germany,2,90,15,Spain,5721,Daniel Carvajal Ramos,5199,Jorge Resurrección Merodio,Complete,7.640026,46.3,76.6,44.4,69.2
3857263,2022-11-27,Group Stage,Germany,2,90,19,Spain,5199,Jorge Resurrección Merodio,6765,Rodrigo Hernández Cascante,Complete,10.696261,44.4,62.2,34.0,64.7
3857263,2022-11-27,Group Stage,Germany,2,90,21,Spain,6765,Rodrigo Hernández Cascante,4353,Aymeric Laporte,Complete,39.61818,33.7,64.7,32.5,25.1
3857263,2022-11-27,Group Stage,Germany,2,90,24,Spain,4353,Aymeric Laporte,6765,Rodrigo Hernández Cascante,Complete,32.103893,32.5,23.5,33.0,55.6
3857263,2022-11-27,Group Stage,Germany,2,90,30,Spain,6765,Rodrigo Hernández Cascante,4353,Aymeric Laporte,Complete,28.25739,41.5,59.0,39.7,30.8
3857263,2022-11-27,Group Stage,Germany,2,90,34,Spain,4353,Aymeric Laporte,6765,Rodrigo Hernández Cascante,Complete,23.975405,41.0,31.1,39.1,55.0
3857263,2022-11-27,Group Stage,Germany,2,90,36,Spain,6765,Rodrigo Hernández Cascante,5721,Daniel Carvajal Ramos,Complete,24.0,40.1,56.5,54.5,75.7
3857263,2022-11-27,Group Stage,Germany,2,90,38,Spain,5721,Daniel Carvajal Ramos,68574,Nicholas Williams Arthuer,Incomplete,2.8071337,54.5,75.7,57.3,75.9
3857263,2022-11-27,Group Stage,Germany,2,90,53,Spain,5721,Daniel Carvajal Ramos,5199,Jorge Resurrección Merodio,Complete,13.641848,61.4,80.0,67.7,67.9
3857263,2022-11-27,Group Stage,Germany,2,90,55,Spain,5199,Jorge Resurrección Merodio,5203,Sergio Busquets i Burgos,Complete,30.641476,67.1,67.9,47.2,44.6
3857263,2022-11-27,Group Stage,Germany,2,90,58,Spain,5203,Sergio Busquets i Burgos,39161,Alejandro Balde Martínez,Complete,29.483725,46.3,43.1,61.1,17.6
3857263,2022-11-27,Group Stage,Germany,2,91,1,Spain,39161,Alejandro Balde Martínez,16532,Daniel Olmo Carvajal,Complete,19.97248,61.6,17.8,76.5,4.5
3857263,2022-11-27,Group Stage,Germany,2,91,4,Spain,16532,Daniel Olmo Carvajal,4353,Aymeric Laporte,Complete,28.779507,71.8,5.0,47.3,20.1
3857263,2022-11-27,Group Stage,Germany,2,91,8,Spain,4353,Aymeric Laporte,30486,Pedro González López,Complete,13.746272,49.1,19.4,62.7,21.4
3857263,2022-11-27,Group Stage,Germany,2,91,9,Spain,30486,Pedro González López,6765,Rodrigo Hernández Cascante,Complete,15.088075,57.5,22.3,49.2,34.9
3857263,2022-11-27,Group Stage,Germany,2,91,11,Spain,6765,Rodrigo Hernández Cascante,5199,Jorge Resurrección Merodio,Complete,30.562885,47.5,33.1,51.5,63.4
3857263,2022-11-27,Group Stage,Germany,2,91,15,Spain,5199,Jorge Resurrección Merodio,5721,Daniel Carvajal Ramos,Complete,22.709469,55.7,69.4,77.1,77.0
3857263,2022-11-27,Group Stage,Germany,2,91,17,Spain,5721,Daniel Carvajal Ramos,68574,Nicholas Williams Arthuer,Complete,16.949926,81.8,77.9,91.5,64.0
3857263,2022-11-27,Group Stage,Germany,2,91,20,Spain,68574,Nicholas Williams Arthuer,30486,Pedro González López,Incomplete,20.241047,90.2,59.9,96.3,40.6
3857263,2022-11-27,Group Stage,Germany,2,91,24,Spain,5199,Jorge Resurrección Merodio,5203,Sergio Busquets i Burgos,Incomplete,12.5,73.9,72.6,77.4,60.6
3857263,2022-11-27,Group Stage,Germany,2,91,42,Spain,5203,Sergio Busquets i Burgos,30486,Pedro González López,Complete,16.082289,35.7,56.9,38.7,41.1
3857263,2022-11-27,Group Stage,Germany,2,91,44,Spain,30486,Pedro González López,16532,Daniel Olmo Carvajal,Complete,39.161842,42.8,29.2,73.9,5.4
3857263,2022-11-27,Group Stage,Germany,2,92,41,Spain,5721,Daniel Carvajal Ramos,11748,Unai Simón Mendibil,Out,14.785128,13.1,59.0,0.3,51.6
3857263,2022-11-27,Group Stage,Germany,2,94,28,Spain,39161,Alejandro Balde Martínez,,,Incomplete,42.324932,5.4,9.8,43.8,27.6
3857263,2022-11-27,Group Stage,Germany,2,94,40,Spain,5721,Daniel Carvajal Ramos,68574,Nicholas Williams Arthuer,Complete,9.167879,31.9,53.0,40.1,48.9
3857291,2022-11-23,Group Stage,Costa Rica,1,0,0,Spain,133353,Pablo Martín Páez Gavira,4353,Aymeric Laporte,Complete,26.226894,61.0,40.1,35.4,34.4
3857291,2022-11-23,Group Stage,Costa Rica,1,0,4,Spain,4353,Aymeric Laporte,6748,Ferrán Torres García,Incomplete,68.2754,40.5,34.8,99.3,69.5
3857291,2022-11-23,Group Stage,Costa Rica,1,0,14,Spain,3957,César Azpilicueta Tanco,6765,Rodrigo Hernández Cascante,Complete,28.939419,74.5,80.0,46.3,73.5
3857291,2022-11-23,Group Stage,Costa Rica,1,0,18,Spain,6765,Rodrigo Hernández Cascante,4353,Aymeric Laporte,Complete,27.521992,39.7,69.8,38.6,42.3
3857291,2022-11-23,Group Stage,Costa Rica,1,0,24,Spain,4353,Aymeric Laporte,5211,Jordi Alba Ramos,Complete,18.250753,50.0,29.5,57.8,13.0
3857291,2022-11-23,Group Stage,Costa Rica,1,0,26,Spain,5211,Jordi Alba Ramos,16532,Daniel Olmo Carvajal,Complete,14.489997,63.8,11.4,76.8,5.0
3857291,2022-11-23,Group Stage,Costa Rica,1,0,29,Spain,16532,Daniel Olmo Carvajal,5211,Jordi Alba Ramos,Complete,11.2445545,76.1,4.3,64.9,5.3
3857291,2022-11-23,Group Stage,Costa Rica,1,0,30,Spain,5211,Jordi Alba Ramos,4353,Aymeric Laporte,Complete,24.557688,63.8,5.7,45.0,21.5
3857291,2022-11-23,Group Stage,Costa Rica,1,0,33,Spain,4353,Aymeric Laporte,6765,Rodrigo Hernández Cascante,Complete,30.956099,45.0,21.5,51.8,51.7
3857291,2022-11-23,Group Stage,Costa Rica,1,0,36,Spain,6765,Rodrigo Hernández Cascante,3957,César Azpilicueta Tanco,Complete,18.369812,58.0,57.4,67.7,73.0
3857291,2022-11-23,Group Stage,Costa Rica,1,0,38,Spain,3957,César Azpilicueta Tanco,6765,Rodrigo Hernández Cascante,Complete,13.977839,64.9,68.4,51.6,64.1
3857291,2022-11-23,Group Stage,Costa Rica,1,0,40,Spain,6765,Rodrigo Hernández Cascante,4353,Aymeric Laporte,Complete,24.654613,52.3,61.3,47.1,37.2
3857291,2022-11-23,Group Stage,Costa Rica,1,0,43,Spain,4353,Aymeric Laporte,5211,Jordi Alba Ramos,Complete,20.242529,50.4,34.1,60.4,16.5
3857291,2022-11-23,Group Stage,Costa Rica,1,0,45,Spain,5211,Jordi Alba Ramos,16532,Daniel Olmo Carvajal,Complete,17.253984,62.4,15.5,74.7,3.4
3857291,2022-11-23,Group Stage,Costa Rica,1,0,47,Spain,16532,Daniel Olmo Carvajal,5211,Jordi Alba Ramos,Complete,10.34843,72.7,4.7,62.4,5.7
3857291,2022-11-23,Group Stage,Costa Rica,1,0,49,Spain,5211,Jordi Alba Ramos,4353,Aymeric Laporte,Complete,32.179497,58.1,6.1,39.7,32.5
3857291,2022-11-23,Group Stage,Costa Rica,1,0,51,Spain,4353,Aymeric Laporte,6765,Rodrigo Hernández Cascante,Complete,24.914654,40.2,32.5,45.7,56.8
3857291,2022-11-23,Group Stage,Costa Rica,1,0,56,Spain,6765,Rodrigo Hernández Cascante,3957,César Azpilicueta Tanco,Complete,21.645323,62.9,57.4,75.5,75.0
3857291,2022-11-23,Group Stage,Costa Rica,1,0,58,Spain,3957,César Azpilicueta Tanco,133353,Pablo Martín Páez Gavira,Incomplete,12.658989,78.0,75.0,90.5,73.0
3857291,2022-11-23,Group Stage,Costa Rica,1,1,3,Spain,5203,Sergio Busquets i Burgos,30486,Pedro González López,Complete,12.226201,73.9,64.3,74.7,52.1
3857291,2022-11-23,Group Stage,Costa Rica,1,1,6,Spain,30486,Pedro González López,5211,Jordi Alba Ramos,Complete,28.400703,75.7,44.6,75.5,16.2
3857291,2022-11-23,Group Stage,Costa Rica,1,1,8,Spain,5211,Jordi Alba Ramos,30486,Pedro González López,Complete,13.203408,75.5,16.3,75.2,29.5
3857291,2022-11-23,Group Stage,Costa Rica,1,1,10,Spain,30486,Pedro González López,6765,Rodrigo Hernández Cascante,Complete,19.506409,73.3,32.5,58.0,44.6
3857291,2022-11-23,Group Stage,Costa Rica,1,1,13,Spain,6765,Rodrigo Hernández Cascante,3957,César Azpilicueta Tanco,Complete,20.518528,58.1,47.4,63.1,67.3
3857291,2022-11-23,Group Stage,Costa Rica,1,1,15,Spain,3957,César Azpilicueta Tanco,5203,Sergio Busquets i Burgos,Complete,15.922626,62.9,67.3,73.7,55.6
3857291,2022-11-23,Group Stage,Costa Rica,1,1,16,Spain,5203,Sergio Busquets i Burgos,133353,Pablo Martín Páez Gavira,Complete,8.798295,73.7,55.6,81.2,60.2
3857291,2022-11-23,Group Stage,Costa Rica,1,1,18,Spain,133353,Pablo Martín Páez Gavira,6748,Ferrán Torres García,Complete,18.885445,86.4,60.1,93.5,77.6
3857291,2022-11-23,Group Stage,Costa Rica,1,1,54,Spain,16532,Daniel Olmo Carvajal,,,Incomplete,41.548164,120.0,80.0,110.3,39.6
3857291,2022-11-23,Group Stage,Costa Rica,1,1,59,Spain,5211,Jordi Alba Ramos,11748,Unai Simón Mendibil,Complete,48.514843,74.7,43.9,26.2,42.7
3857291,2022-11-23,Group Stage,Costa Rica,1,2,7,Spain,11748,Unai Simón Mendibil,6765,Rodrigo Hernández Cascante,Complete,18.740864,26.9,43.0,43.8,51.1
3857291,2022-11-23,Group Stage,Costa Rica,1,2,12,Spain,6765,Rodrigo Hernández Cascante,4353,Aymeric Laporte,Complete,20.229929,46.1,56.3,45.0,36.1
3857291,2022-11-23,Group Stage,Costa Rica,1,2,14,Spain,4353,Aymeric Laporte,5211,Jordi Alba Ramos,Complete,20.280533,45.7,35.2,48.4,15.1
3857291,2022-11-23,Group Stage,Costa Rica,1,2,17,Spain,5211,Jordi Alba Ramos,30486,Pedro González López,Complete,12.167169,51.6,12.8,62.6,18.0
3857291,2022-11-23,Group Stage,Costa Rica,1,2,19,Spain,30486,Pedro González López,6765,Rodrigo Hernández Cascante,Complete,33.148304,57.3,20.6,45.3,51.5
3857291,2022-11-23,Group Stage,Costa Rica,1,2,23,Spain,6765,Rodrigo Hernández Cascante,3957,César Azpilicueta Tanco,Complete,16.089748,55.7,56.3,64.9,69.5
3857291,2022-11-23,Group Stage,Costa Rica,1,2,25,Spain,3957,César Azpilicueta Tanco,6765,Rodrigo Hernández Cascante,Complete,15.591344,64.9,69.5,51.4,61.7
3857291,2022-11-23,Group Stage,Costa Rica,1,2,27,Spain,6765,Rodrigo Hernández Cascante,4353,Aymeric Laporte,Complete,16.222515,48.7,56.6,43.6,41.2
3857291,2022-11-23,Group Stage,Costa Rica,1,2,30,Spain,4353,Aymeric Laporte,3957,César Azpilicueta Tanco,Complete,33.571564,43.6,41.2,51.2,73.9
3857291,2022-11-23,Group Stage,Costa Rica,1,2,32,Spain,3957,César Azpilicueta Tanco,16532,Daniel Olmo Carvajal,Complete,18.140839,51.2,73.9,69.0,77.4
3857291,2022-11-23,Group Stage,Costa Rica,1,2,38,Spain,16532,Daniel Olmo Carvajal,5719,Marco Asensio Willemsen,Complete,8.836288,92.7,70.5,93.5,61.7
3857291,2022-11-23,Group Stage,Costa Rica,1,2,52,Spain,5203,Sergio Busquets i Burgos,133353,Pablo Martín Páez Gavira,Complete,17.871765,72.0,68.9,87.2,78.3
3857291,2022-11-23,Group Stage,Costa Rica,1,2,55,Spain,133353,Pablo Martín Páez Gavira,16532,Daniel Olmo Carvajal,Incomplete,5.703508,87.2,78.3,92.9,78.1
3857291,2022-11-23,Group Stage,Costa Rica,1,2,59,Spain,5203,Sergio Busquets i Burgos,30486,Pedro González López,Complete,17.912006,72.7,65.4,74.7,47.6
3857291,2022-11-23,Group Stage,Costa Rica,1,3,3,Spain,30486,Pedro González López,5211,Jordi Alba Ramos,Complete,20.10398,77.5,43.3,69.4,24.9
3857291,2022-11-23,Group Stage,Costa Rica,1,3,6,Spain,5211,Jordi Alba Ramos,6748,Ferrán Torres García,Complete,22.817757,74.1,22.2,88.5,4.5
3857291,2022-11-23,Group Stage,Costa Rica,1,3,9,Spain,6748,Ferrán Torres García,5211,Jordi Alba Ramos,Complete,14.689452,93.7,3.6,80.0,8.9
3857291,2022-11-23,Group Stage,Costa Rica,1,3,13,Spain,5211,Jordi Alba Ramos,5719,Marco Asensio Willemsen,Complete,10.538027,80.9,12.5,88.2,20.1
3857291,2022-11-23,Group Stage,Costa Rica,1,3,17,Spain,5719,Marco Asensio Willemsen,,,Incomplete,17.20465,99.5,6.3,99.9,23.5
3857291,2022-11-23,Group Stage,Costa Rica,1,3,49,Spain,11748,Unai Simón Mendibil,6765,Rodrigo Hernández Cascante,Complete,27.684292,15.2,31.3,27.3,56.2
3857291,2022-11-23,Group Stage,Costa Rica,1,3,54,Spain,6765,Rodrigo Hernández Cascante,3957,César Azpilicueta Tanco,Complete,13.250283,40.4,58.1,44.5,70.7
3857291,2022-11-23,Group Stage,Costa Rica,1,3,56,Spain,3957,César Azpilicueta Tanco,11748,Unai Simón Mendibil,Complete,36.681602,39.7,68.0,15.2,40.7
3857291,2022-11-23,Group Stage,Costa Rica,1,3,59,Spain,11748,Unai Simón Mendibil,4353,Aymeric Laporte,Complete,15.8823805,14.0,40.5,20.7,26.1
3857291,2022-11-23,Group Stage,Costa Rica,1,4,3,Spain,4353,Aymeric Laporte,5203,Sergio Busquets i Burgos,Complete,16.200308,17.5,27.6,27.3,40.5
3857291,2022-11-23,Group Stage,Costa Rica,1,4,9,Spain,5203,Sergio Busquets i Burgos,5719,Marco Asensio Willemsen,Complete,21.610415,43.0,39.6,64.0,34.5
3857291,2022-11-23,Group Stage,Costa Rica,1,4,13,Spain,5719,Marco Asensio Willemsen,6748,Ferrán Torres García,Complete,24.989798,75.2,20.4,93.7,3.6
3857291,2022-11-23,Group Stage,Costa Rica,1,4,20,Spain,6748,Ferrán Torres García,5211,Jordi Alba Ramos,Complete,11.253888,92.4,4.3,84.8,12.6
3857291,2022-11-23,Group Stage,Costa Rica,1,4,21,Spain,5211,Jordi Alba Ramos,30486,Pedro González López,Complete,8.854378,84.8,12.6,87.6,21.0
3857291,2022-11-23,Group Stage,Costa Rica,1,4,23,Spain,30486,Pedro González López,16532,Daniel Olmo Carvajal,Complete,34.35593,86.7,23.1,112.4,45.9
3857291,2022-11-23,Group Stage,Costa Rica,1,4,56,Spain,4353,Aymeric Laporte,,,Incomplete,0.56568545,51.0,32.7,51.4,32.3
3857291,2022-11-23,Group Stage,Costa Rica,1,4,58,Spain,4353,Aymeric Laporte,16532,Daniel Olmo Carvajal,Complete,11.552489,62.9,35.4,64.0,23.9
3857291,2022-11-23,Group Stage,Costa Rica,1,5,1,Spain,16532,Daniel Olmo Carvajal,5211,Jordi Alba Ramos,Complete,14.499655,57.3,18.5,44.1,12.5
3857291,2022-11-23,Group Stage,Costa Rica,1,5,2,Spain,5211,Jordi Alba Ramos,5203,Sergio Busquets i Burgos,Complete,13.669309,44.1,12.5,41.4,25.9
3857291,2022-11-23,Group Stage,Costa Rica,1,5,4,Spain,5203,Sergio Busquets i Burgos,6765,Rodrigo Hernández Cascante,Complete,18.133945,33.4,28.6,31.2,46.6
3857291,2022-11-23,Group Stage,Costa Rica,1,5,10,Spain,6765,Rodrigo Hernández Cascante,4353,Aymeric Laporte,Complete,26.978695,40.0,54.5,36.9,27.7
3857291,2022-11-23,Group Stage,Costa Rica,1,5,13,Spain,4353,Aymeric Laporte,5211,Jordi Alba Ramos,Complete,17.901117,43.4,24.5,50.8,8.2
3857291,2022-11-23,Group Stage,Costa Rica,1,5,16,Spain,5211,Jordi Alba Ramos,6765,Rodrigo Hernández Cascante,Complete,44.222733,52.6,9.1,46.5,52.9
3857291,2022-11-23,Group Stage,Costa Rica,1,5,20,Spain,6765,Rodrigo Hernández Cascante,5719,Marco Asensio Willemsen,Complete,18.149656,57.3,51.5,75.2,48.5
3857291,2022-11-23,Group Stage,Costa Rica,1,5,22,Spain,5719,Marco Asensio Willemsen,5203,Sergio Busquets i Burgos,Complete,10.729865,71.3,49.0,64.5,40.7
3857291,2022-11-23,Group Stage,Costa Rica,1,5,23,Spain,5203,Sergio Busquets i Burgos,5211,Jordi Alba Ramos,Complete,27.170755,65.3,40.3,76.4,15.5
3857291,2022-11-23,Group Stage,Costa Rica,1,5,26,Spain,5211,Jordi Alba Ramos,16532,Daniel Olmo Carvajal,Out,32.344707,81.6,13.9,110.9,0.2
3857291,2022-11-23,Group Stage,Costa Rica,1,5,47,Spain,5203,Sergio Busquets i Burgos,,,Incomplete,0.0,87.2,4.5,87.2,4.5
3857291,2022-11-23,Group Stage,Costa Rica,1,5,55,Spain,30486,Pedro González López,3957,César Azpilicueta Tanco,Complete,18.222239,67.2,38.0,52.1,48.2
3857291,2022-11-23,Group Stage,Costa Rica,1,5,56,Spain,3957,César Azpilicueta Tanco,6765,Rodrigo Hernández Cascante,Complete,9.265528,52.1,48.0,51.0,38.8
3857291,2022-11-23,Group Stage,Costa Rica,1,6,0,Spain,6765,Rodrigo Hernández Cascante,133353,Pablo Martín Páez Gavira,Complete,11.321661,52.4,39.6,63.1,43.3
3857291,2022-11-23,Group Stage,Costa Rica,1,6,0,Spain,133353,Pablo Martín Páez Gavira,6765,Rodrigo Hernández Cascante,Complete,11.416217,63.1,43.3,52.3,39.6
3857291,2022-11-23,Group Stage,Costa Rica,1,6,2,Spain,6765,Rodrigo Hernández Cascante,4353,Aymeric Laporte,Complete,19.582901,52.3,39.6,50.5,20.1
3857291,2022-11-23,Group Stage,Costa Rica,1,6,6,Spain,4353,Aymeric Laporte,5211,Jordi Alba Ramos,Complete,15.6604595,50.5,20.1,63.1,10.8
3857291,2022-11-23,Group Stage,Costa Rica,1,6,8,Spain,5211,Jordi Alba Ramos,5203,Sergio Busquets i Burgos,Complete,17.390226,64.7,8.4,68.8,25.3
3857291,2022-11-23,Group Stage,Costa Rica,1,6,11,Spain,5203,Sergio Busquets i Burgos,6748,Ferrán Torres García,Complete,61.502926,71.5,25.9,104.5,77.8
3857291,2022-11-23,Group Stage,Costa Rica,1,6,38,Spain,5203,Sergio Busquets i Burgos,30486,Pedro González López,Complete,10.616967,76.6,74.2,77.2,63.6
3857291,2022-11-23,Group Stage,Costa Rica,1,6,43,Spain,30486,Pedro González López,5203,Sergio Busquets i Burgos,Complete,8.508819,89.0,61.7,81.2,58.3
3857291,2022-11-23,Group Stage,Costa Rica,1,6,45,Spain,5203,Sergio Busquets i Burgos,5211,Jordi Alba Ramos,Complete,49.404655,81.2,58.3,93.3,10.4
3857291,2022-11-23,Group Stage,Costa Rica,1,6,50,Spain,5211,Jordi Alba Ramos,30486,Pedro González López,Complete,16.371317,93.3,10.4,89.4,26.3
3857291,2022-11-23,Group Stage,Costa Rica,1,6,52,Spain,30486,Pedro González López,5211,Jordi Alba Ramos,Complete,23.467638,87.6,24.5,110.9,21.7
3857291,2022-11-23,Group Stage,Costa Rica,1,6,54,Spain,5211,Jordi Alba Ramos,,,Incomplete,4.036087,110.9,21.7,108.2,24.7
3857291,2022-11-23,Group Stage,Costa Rica,1,6,56,Spain,16532,Daniel Olmo Carvajal,,,Incomplete,2.0615528,107.5,21.7,107.0,23.7
3857291,2022-11-23,Group Stage,Costa Rica,1,7,5,Spain,6765,Rodrigo Hernández Cascante,30486,Pedro González López,Complete,22.364704,37.1,40.3,56.4,29.0
3857291,2022-11-23,Group Stage,Costa Rica,1,7,7,Spain,30486,Pedro González López,5203,Sergio Busquets i Burgos,Complete,10.331021,56.4,29.0,51.7,38.2
3857291,2022-11-23,Group Stage,Costa Rica,1,7,8,Spain,5203,Sergio Busquets i Burgos,4353,Aymeric Laporte,Complete,20.579845,51.0,35.7,39.7,18.5
3857291,2022-11-23,Group Stage,Costa Rica,1,7,10,Spain,4353,Aymeric Laporte,5211,Jordi Alba Ramos,Complete,20.118896,39.5,18.5,56.9,8.4
3857291,2022-11-23,Group Stage,Costa Rica,1,7,14,Spain,5211,Jordi Alba Ramos,16532,Daniel Olmo Carvajal,Complete,9.276314,75.2,9.8,82.1,3.6
3857291,2022-11-23,Group Stage,Costa Rica,1,7,17,Spain,16532,Daniel Olmo Carvajal,30486,Pedro González López,Complete,16.95317,86.2,3.6,75.2,16.5
3857291,2022-11-23,Group Stage,Costa Rica,1,7,19,Spain,30486,Pedro González López,5211,Jordi Alba Ramos,Complete,7.8517513,75.2,16.5,76.1,8.7
3857291,2022-11-23,Group Stage,Costa Rica,1,7,20,Spain,5211,Jordi Alba Ramos,4353,Aymeric Laporte,Complete,20.58276,75.9,8.7,57.8,18.5
3857291,2022-11-23,Group Stage,Costa Rica,1,7,24,Spain,4353,Aymeric Laporte,3957,César Azpilicueta Tanco,Complete,36.388046,63.3,26.3,58.0,62.3
3857291,2022-11-23,Group Stage,Costa Rica,1,7,27,Spain,3957,César Azpilicueta Tanco,6748,Ferrán Torres García,Complete,19.240843,58.0,62.3,69.4,77.8
3857291,2022-11-23,Group Stage,Costa Rica,1,7,28,Spain,6748,Ferrán Torres García,3957,César Azpilicueta Tanco,Complete,23.647833,69.4,77.6,46.5,71.7
3857291,2022-11-23,Group Stage,Costa Rica,1,7,32,Spain,3957,César Azpilicueta Tanco,6765,Rodrigo Hernández Cascante,Complete,16.702694,51.8,66.8,46.1,51.1
3857291,2022-11-23,Group Stage,Costa Rica,1,7,34,Spain,6765,Rodrigo Hernández Cascante,4353,Aymeric Laporte,Complete,33.614876,45.7,48.7,44.7,15.1
3857291,2022-11-23,Group Stage,Costa Rica,1,7,38,Spain,4353,Aymeric Laporte,16532,Daniel Olmo Carvajal,Incomplete,47.767773,45.3,12.6,92.9,8.6
3857291,2022-11-23,Group Stage,Costa Rica,1,7,54,Spain,5211,Jordi Alba Ramos,16532,Daniel Olmo Carvajal,Complete,18.341211,87.2,0.1,78.6,16.3
3857291,2022-11-23,Group Stage,Costa Rica,1,7,57,Spain,16532,Daniel Olmo Carvajal,3957,César Azpilicueta Tanco,Complete,30.455378,76.6,20.4,62.9,47.6
3857291,2022-11-23,Group Stage,Costa Rica,1,8,0,Spain,3957,César Azpilicueta Tanco,6748,Ferrán Torres García,Complete,33.017723,66.3,49.2,81.9,78.3
3857291,2022-11-23,Group Stage,Costa Rica,1,8,3,Spain,6748,Ferrán Torres García,5203,Sergio Busquets i Burgos,Complete,22.018402,81.9,78.3,81.0,56.3
3857291,2022-11-23,Group Stage,Costa Rica,1,8,6,Spain,5203,Sergio Busquets i Burgos,30486,Pedro González López,Complete,19.535864,81.4,56.0,91.7,39.4
3857291,2022-11-23,Group Stage,Costa Rica,1,8,8,Spain,30486,Pedro González López,5719,Marco Asensio Willemsen,Complete,10.499524,94.5,33.9,102.5,40.7
3857291,2022-11-23,Group Stage,Costa Rica,1,8,46,Spain,6765,Rodrigo Hernández Cascante,16532,Daniel Olmo Carvajal,Complete,25.119116,35.9,60.1,53.0,41.7
3857291,2022-11-23,Group Stage,Costa Rica,1,8,48,Spain,16532,Daniel Olmo Carvajal,,,Incomplete,0.7615773,53.0,41.7,53.7,41.4
3857291,2022-11-23,Group Stage,Costa Rica,1,8,50,Spain,5719,Marco Asensio Willemsen,30486,Pedro González López,Complete,4.5221677,54.3,36.1,50.0,34.7
3857291,2022-11-23,Group Stage,Costa Rica,1,8,50,Spain,30486,Pedro González López,5211,Jordi Alba Ramos,Complete,21.041862,50.0,31.1,62.4,14.1
3857291,2022-11-23,Group Stage,Costa Rica,1,8,57,Spain,5211,Jordi Alba Ramos,4353,Aymeric Laporte,Complete,16.296318,69.2,5.7,54.3,12.3
3857291,2022-11-23,Group Stage,Costa Rica,1,8,59,Spain,4353,Aymeric Laporte,6765,Rodrigo Hernández Cascante,Complete,24.957764,56.9,16.7,46.1,39.2
3857291,2022-11-23,Group Stage,Costa Rica,1,9,4,Spain,6765,Rodrigo Hernández Cascante,4353,Aymeric Laporte,Complete,23.5682,62.9,46.0,52.4,24.9
3857291,2022-11-23,Group Stage,Costa Rica,1,9,7,Spain,4353,Aymeric Laporte,5211,Jordi Alba Ramos,Complete,16.56804,58.3,21.7,69.4,9.4
3857291,2022-11-23,Group Stage,Costa Rica,1,9,9,Spain,5211,Jordi Alba Ramos,30486,Pedro González López,Complete,8.584288,69.4,8.9,70.6,17.4
3857291,2022-11-23,Group Stage,Costa Rica,1,9,11,Spain,30486,Pedro González López,6765,Rodrigo Hernández Cascante,Complete,25.42007,68.1,20.2,52.8,40.5
3857291,2022-11-23,Group Stage,Costa Rica,1,9,12,Spain,6765,Rodrigo Hernández Cascante,4353,Aymeric Laporte,Complete,14.73635,52.8,40.5,50.8,25.9
3857291,2022-11-23,Group Stage,Costa Rica,1,9,13,Spain,4353,Aymeric Laporte,30486,Pedro González López,Complete,14.782761,50.8,25.9,61.0,36.6
3857291,2022-11-23,Group Stage,Costa Rica,1,9,15,Spain,30486,Pedro González López,3957,César Azpilicueta Tanco,Complete,28.697386,64.0,40.7,71.5,68.4
3857291,2022-11-23,Group Stage,Costa Rica,1,9,19,Spain,3957,César Azpilicueta Tanco,6748,Ferrán Torres García,Complete,11.313708,96.3,69.1,104.3,77.1
3857291,2022-11-23,Group Stage,Costa Rica,1,9,22,Spain,6748,Ferrán Torres García,3957,César Azpilicueta Tanco,Incomplete,2.34094,105.6,75.8,103.4,75.0
3857291,2022-11-23,Group Stage,Costa Rica,1,9,37,Spain,3957,César Azpilicueta Tanco,6748,Ferrán Torres García,Complete,13.507405,110.5,80.0,103.1,68.7
3857291,2022-11-23,Group Stage,Costa Rica,1,9,40,Spain,6748,Ferrán Torres García,3957,César Azpilicueta Tanco,Complete,8.570297,98.4,72.1,104.1,78.5
3857291,2022-11-23,Group Stage,Costa Rica,1,9,41,Spain,3957,César Azpilicueta Tanco,6748,Ferrán Torres García,Complete,13.408206,99.9,78.1,86.6,76.4
3857291,2022-11-23,Group Stage,Costa Rica,1,9,44,Spain,6748,Ferrán Torres García,6765,Rodrigo Hernández Cascante,Complete,18.944656,82.3,75.2,64.0,70.3
3857291,2022-11-23,Group Stage,Costa Rica,1,9,46,Spain,6765,Rodrigo Hernández Cascante,4353,Aymeric Laporte,Complete,27.2,63.5,67.7,63.5,40.5
3857291,2022-11-23,Group Stage,Costa Rica,1,9,50,Spain,4353,Aymeric Laporte,5211,Jordi Alba Ramos,Complete,12.513193,69.2,27.6,71.5,15.3
3857291,2022-11-23,Group Stage,Costa Rica,1,9,51,Spain,5211,Jordi Alba Ramos,16532,Daniel Olmo Carvajal,Complete,13.649908,73.7,13.5,82.3,2.9
3857291,2022-11-23,Group Stage,Costa Rica,1,9,53,Spain,16532,Daniel Olmo Carvajal,5211,Jordi Alba Ramos,Complete,8.45281,81.0,2.9,73.4,6.6
3857291,2022-11-23,Group Stage,Costa Rica,1,9,54,Spain,5211,Jordi Alba Ramos,5203,Sergio Busquets i Burgos,Complete,13.990354,73.4,6.6,75.7,20.4
3857291,2022-11-23,Group Stage,Costa Rica,1,9,55,Spain,5203,Sergio Busquets i Burgos,4353,Aymeric Laporte,Complete,21.43945,75.7,20.4,54.3,21.7
3857291,2022-11-23,Group Stage,Costa Rica,1,9,59,Spain,4353,Aymeric Laporte,6765,Rodrigo Hernández Cascante,Complete,23.561409,57.1,29.8,60.6,53.1
3857291,2022-11-23,Group Stage,Costa Rica,1,10,2,Spain,6765,Rodrigo Hernández Cascante,3957,César Azpilicueta Tanco,Complete,13.106106,63.1,57.0,63.5,70.1
3857291,2022-11-23,Group Stage,Costa Rica,1,10,4,Spain,3957,César Azpilicueta Tanco,5203,Sergio Busquets i Burgos,Complete,13.124405,63.5,69.3,71.1,58.6
3857291,2022-11-23,Group Stage,Costa Rica,1,10,5,Spain,5203,Sergio Busquets i Burgos,133353,Pablo Martín Páez Gavira,Incomplete,13.892444,71.1,58.6,84.9,60.2
3857291,2022-11-23,Group Stage,Costa Rica,1,10,16,Spain,5203,Sergio Busquets i Burgos,16532,Daniel Olmo Carvajal,Complete,25.469982,80.0,66.0,86.6,41.4
3857291,2022-11-23,Group Stage,Costa Rica,1,10,19,Spain,16532,Daniel Olmo Carvajal,,,Incomplete,18.06765,89.0,41.2,105.2,49.2
3857291,2022-11-23,Group Stage,Costa Rica,1,10,24,Spain,5203,Sergio Busquets i Burgos,133353,Pablo Martín Páez Gavira,Complete,22.707047,83.9,56.0,99.5,72.5
3857291,2022-11-23,Group Stage,Costa Rica,1,10,28,Spain,133353,Pablo Martín Páez Gavira,3957,César Azpilicueta Tanco,Complete,17.224401,100.1,73.5,83.3,77.3
3857291,2022-11-23,Group Stage,Costa Rica,1,10,30,Spain,3957,César Azpilicueta Tanco,5203,Sergio Busquets i Burgos,Complete,19.304144,83.5,75.6,83.1,56.3
3857291,2022-11-23,Group Stage,Costa Rica,1,10,32,Spain,5203,Sergio Busquets i Burgos,30486,Pedro González López,Complete,16.201235,81.4,53.5,81.2,37.3
3857291,2022-11-23,Group Stage,Costa Rica,1,10,35,Spain,30486,Pedro González López,5211,Jordi Alba Ramos,Complete,28.79236,81.0,35.2,91.0,8.2
3857291,2022-11-23,Group Stage,Costa Rica,1,10,37,Spain,5211,Jordi Alba Ramos,5719,Marco Asensio Willemsen,Complete,11.903781,91.0,8.2,91.3,20.1
3857291,2022-11-23,Group Stage,Costa Rica,1,10,39,Spain,5719,Marco Asensio Willemsen,30486,Pedro González López,Complete,9.884331,91.3,20.1,81.6,18.2
3857291,2022-11-23,Group Stage,Costa Rica,1,10,40,Spain,30486,Pedro González López,5719,Marco Asensio Willemsen,Complete,6.6370173,81.6,18.5,88.2,17.8
3857291,2022-11-23,Group Stage,Costa Rica,1,10,41,Spain,5719,Marco Asensio Willemsen,5203,Sergio Busquets i Burgos,Complete,10.357606,87.8,18.0,86.0,28.2
3857291,2022-11-23,Group Stage,Costa Rica,1,10,43,Spain,5203,Sergio Busquets i Burgos,5211,Jordi Alba Ramos,Complete,22.631836,86.4,27.7,99.0,8.9
3857291,2022-11-23,Group Stage,Costa Rica,1,10,45,Spain,5211,Jordi Alba Ramos,16532,Daniel Olmo Carvajal,Complete,16.025293,99.0,8.9,98.1,24.9
3857291,2022-11-23,Group Stage,Costa Rica,1,10,47,Spain,16532,Daniel Olmo Carvajal,133353,Pablo Martín Páez Gavira,Complete,12.340584,98.8,24.1,97.8,36.4
3857291,2022-11-23,Group Stage,Costa Rica,1,10,49,Spain,133353,Pablo Martín Páez Gavira,,,Incomplete,3.7054014,98.4,35.9,102.1,36.1
3857291,2022-11-23,Group Stage,Costa Rica,1,12,0,Spain,4353,Aymeric Laporte,5203,Sergio Busquets i Burgos,Complete,16.4128,31.2,16.9,45.9,9.6
3857291,2022-11-23,Group Stage,Costa Rica,1,12,1,Spain,5203,Sergio Busquets i Burgos,5211,Jordi Alba Ramos,Out,10.2859125,45.5,9.4,40.9,0.2
3857291,2022-11-23,Group Stage,Costa Rica,1,12,17,Spain,5211,Jordi Alba Ramos,4353,Aymeric Laporte,Complete,18.469435,26.9,0.1,9.3,5.7
3857291,2022-11-23,Group Stage,Costa Rica,1,12,19,Spain,4353,Aymeric Laporte,11748,Unai Simón Mendibil,Complete,29.9,8.9,6.9,8.9,36.8
3857291,2022-11-23,Group Stage,Costa Rica,1,12,22,Spain,11748,Unai Simón Mendibil,6765,Rodrigo Hernández Cascante,Complete,18.027756,8.9,38.0,14.3,55.2
3857291,2022-11-23,Group Stage,Costa Rica,1,12,30,Spain,6765,Rodrigo Hernández Cascante,4353,Aymeric Laporte,Complete,28.304947,39.1,51.7,32.0,24.3
3857291,2022-11-23,Group Stage,Costa Rica,1,12,36,Spain,4353,Aymeric Laporte,6765,Rodrigo Hernández Cascante,Complete,33.348614,33.8,24.3,32.0,57.6
3857291,2022-11-23,Group Stage,Costa Rica,1,12,38,Spain,6765,Rodrigo Hernández Cascante,3957,César Azpilicueta Tanco,Complete,18.625252,32.2,60.1,39.1,77.4
3857291,2022-11-23,Group Stage,Costa Rica,1,12,40,Spain,3957,César Azpilicueta Tanco,5203,Sergio Busquets i Burgos,Complete,15.730862,37.7,73.5,43.8,59.0
3857291,2022-11-23,Group Stage,Costa Rica,1,12,43,Spain,5203,Sergio Busquets i Burgos,133353,Pablo Martín Páez Gavira,Complete,17.6264,46.1,61.1,52.3,77.6
3857291,2022-11-23,Group Stage,Costa Rica,1,12,45,Spain,133353,Pablo Martín Páez Gavira,6748,Ferrán Torres García,Complete,9.426028,56.5,77.8,65.9,78.5
3857291,2022-11-23,Group Stage,Costa Rica,1,12,45,Spain,6748,Ferrán Torres García,5203,Sergio Busquets i Burgos,Complete,9.207063,65.6,78.3,56.5,76.9
3857291,2022-11-23,Group Stage,Costa Rica,1,13,3,Spain,5203,Sergio Busquets i Burgos,4353,Aymeric Laporte,Incomplete,0.8944272,33.4,20.2,32.6,19.8
3857291,2022-11-23,Group Stage,Costa Rica,1,13,5,Spain,6765,Rodrigo Hernández Cascante,4353,Aymeric Laporte,Complete,10.977249,30.8,29.2,20.7,24.9
3857291,2022-11-23,Group Stage,Costa Rica,1,13,8,Spain,4353,Aymeric Laporte,5211,Jordi Alba Ramos,Complete,17.03291,8.1,21.7,12.7,5.3
3857291,2022-11-23,Group Stage,Costa Rica,1,13,10,Spain,5211,Jordi Alba Ramos,5203,Sergio Busquets i Burgos,Complete,16.298466,13.4,4.1,21.4,18.3
3857291,2022-11-23,Group Stage,Costa Rica,1,13,11,Spain,5203,Sergio Busquets i Burgos,30486,Pedro González López,Complete,7.8313475,21.4,18.3,29.2,17.6
3857291,2022-11-23,Group Stage,Costa Rica,1,13,12,Spain,30486,Pedro González López,5203,Sergio Busquets i Burgos,Complete,8.080841,28.9,17.4,21.0,15.7
3857291,2022-11-23,Group Stage,Costa Rica,1,13,13,Spain,5203,Sergio Busquets i Burgos,5211,Jordi Alba Ramos,Complete,16.237303,21.0,14.7,33.3,4.1
3857291,2022-11-23,Group Stage,Costa Rica,1,13,15,Spain,5211,Jordi Alba Ramos,5719,Marco Asensio Willemsen,Complete,11.960351,36.5,4.7,45.3,12.8
3857291,2022-11-23,Group Stage,Costa Rica,1,13,16,Spain,5719,Marco Asensio Willemsen,16532,Daniel Olmo Carvajal,Out,16.070158,45.5,12.3,56.3,0.4
3857291,2022-11-23,Group Stage,Costa Rica,1,13,32,Spain,5203,Sergio Busquets i Burgos,16532,Daniel Olmo Carvajal,Incomplete,2.7730849,40.8,8.4,42.0,5.9
3857291,2022-11-23,Group Stage,Costa Rica,1,13,44,Spain,5211,Jordi Alba Ramos,5203,Sergio Busquets i Burgos,Complete,10.140019,43.4,0.1,44.3,10.2
3857291,2022-11-23,Group Stage,Costa Rica,1,13,46,Spain,5203,Sergio Busquets i Burgos,30486,Pedro González López,Complete,8.190848,45.9,11.0,48.4,18.8
3857291,2022-11-23,Group Stage,Costa Rica,1,13,48,Spain,30486,Pedro González López,3957,César Azpilicueta Tanco,Complete,47.943718,43.2,22.9,50.4,70.3
3857291,2022-11-23,Group Stage,Costa Rica,1,13,53,Spain,6748,Ferrán Torres García,3957,César Azpilicueta Tanco,Complete,11.827087,57.1,77.4,45.3,76.6
3857291,2022-11-23,Group Stage,Costa Rica,1,13,55,Spain,3957,César Azpilicueta Tanco,6765,Rodrigo Hernández Cascante,Complete,24.396107,43.8,76.2,26.7,58.8
3857291,2022-11-23,Group Stage,Costa Rica,1,14,1,Spain,6765,Rodrigo Hernández Cascante,5203,Sergio Busquets i Burgos,Complete,20.021238,39.1,56.0,52.8,41.4
3857291,2022-11-23,Group Stage,Costa Rica,1,14,4,Spain,5203,Sergio Busquets i Burgos,5719,Marco Asensio Willemsen,Complete,10.332473,57.3,44.6,64.3,37.0
3857291,2022-11-23,Group Stage,Costa Rica,1,14,6,Spain,5719,Marco Asensio Willemsen,5211,Jordi Alba Ramos,Complete,22.280035,62.9,34.1,58.3,12.3
3857291,2022-11-23,Group Stage,Costa Rica,1,14,8,Spain,5211,Jordi Alba Ramos,16532,Daniel Olmo Carvajal,Complete,14.310835,63.3,9.8,76.1,3.4
3857291,2022-11-23,Group Stage,Costa Rica,1,14,10,Spain,16532,Daniel Olmo Carvajal,5211,Jordi Alba Ramos,Complete,8.324061,76.1,3.4,68.1,5.7
3857291,2022-11-23,Group Stage,Costa Rica,1,14,11,Spain,5211,Jordi Alba Ramos,30486,Pedro González López,Complete,11.587925,68.1,5.7,72.3,16.5
3857291,2022-11-23,Group Stage,Costa Rica,1,14,13,Spain,5203,Sergio Busquets i Burgos,30486,Pedro González López,Complete,8.860023,72.3,27.0,69.8,18.5
3857291,2022-11-23,Group Stage,Costa Rica,1,14,15,Spain,6765,Rodrigo Hernández Cascante,4353,Aymeric Laporte,Complete,13.665284,61.7,35.0,51.0,26.5
3857291,2022-11-23,Group Stage,Costa Rica,1,14,18,Spain,4353,Aymeric Laporte,30486,Pedro González López,Complete,8.372574,56.5,30.0,63.8,34.1
3857291,2022-11-23,Group Stage,Costa Rica,1,14,21,Spain,30486,Pedro González López,133353,Pablo Martín Páez Gavira,Complete,20.602184,73.7,37.3,81.9,56.2
3857291,2022-11-23,Group Stage,Costa Rica,1,15,12,Spain,16532,Daniel Olmo Carvajal,30486,Pedro González López,Complete,1.8,88.0,59.7,86.2,59.7
3857291,2022-11-23,Group Stage,Costa Rica,1,15,14,Spain,30486,Pedro González López,16532,Daniel Olmo Carvajal,Incomplete,14.611297,88.0,58.8,102.5,57.0
3857291,2022-11-23,Group Stage,Costa Rica,1,16,28,Spain,4353,Aymeric Laporte,6765,Rodrigo Hernández Cascante,Complete,20.063898,25.5,32.3,27.1,52.3
3857291,2022-11-23,Group Stage,Costa Rica,1,16,32,Spain,6765,Rodrigo Hernández Cascante,4353,Aymeric Laporte,Complete,23.965391,31.8,50.5,27.1,27.0
3857291,2022-11-23,Group Stage,Costa Rica,1,16,34,Spain,4353,Aymeric Laporte,5211,Jordi Alba Ramos,Complete,14.089003,27.5,27.6,34.0,15.1
3857291,2022-11-23,Group Stage,Costa Rica,1,16,36,Spain,5211,Jordi Alba Ramos,6765,Rodrigo Hernández Cascante,Complete,34.949677,40.8,15.7,33.6,49.9
3857291,2022-11-23,Group Stage,Costa Rica,1,16,41,Spain,6765,Rodrigo Hernández Cascante,3957,César Azpilicueta Tanco,Complete,23.084627,47.3,54.7,59.0,74.6
3857291,2022-11-23,Group Stage,Costa Rica,1,16,44,Spain,3957,César Azpilicueta Tanco,6765,Rodrigo Hernández Cascante,Complete,14.024621,54.6,71.4,43.6,62.7
3857291,2022-11-23,Group Stage,Costa Rica,1,16,46,Spain,6765,Rodrigo Hernández Cascante,4353,Aymeric Laporte,Complete,32.799084,44.8,59.5,39.1,27.2
3857291,2022-11-23,Group Stage,Costa Rica,1,16,50,Spain,4353,Aymeric Laporte,6765,Rodrigo Hernández Cascante,Complete,28.115477,39.1,23.5,34.9,51.3
3857291,2022-11-23,Group Stage,Costa Rica,1,16,54,Spain,6765,Rodrigo Hernández Cascante,3957,César Azpilicueta Tanco,Complete,13.892444,39.1,54.9,44.5,67.7
3857291,2022-11-23,Group Stage,Costa Rica,1,16,57,Spain,3957,César Azpilicueta Tanco,5203,Sergio Busquets i Burgos,Complete,10.026465,43.6,61.7,51.4,55.4
3857291,2022-11-23,Group Stage,Costa Rica,1,16,58,Spain,5203,Sergio Busquets i Burgos,133353,Pablo Martín Páez Gavira,Complete,14.19049,51.4,55.4,53.0,69.5
3857291,2022-11-23,Group Stage,Costa Rica,1,17,3,Spain,133353,Pablo Martín Páez Gavira,30486,Pedro González López,Complete,27.383572,45.7,69.5,52.6,43.0
3857291,2022-11-23,Group Stage,Costa Rica,1,17,6,Spain,30486,Pedro González López,5211,Jordi Alba Ramos,Complete,26.7,63.3,35.2,75.0,11.2
3857291,2022-11-23,Group Stage,Costa Rica,1,17,10,Spain,5211,Jordi Alba Ramos,16532,Daniel Olmo Carvajal,Complete,8.591274,87.2,9.8,92.7,3.2
3857291,2022-11-23,Group Stage,Costa Rica,1,17,13,Spain,16532,Daniel Olmo Carvajal,5211,Jordi Alba Ramos,Complete,9.33381,93.1,15.3,99.7,21.9
3857291,2022-11-23,Group Stage,Costa Rica,1,17,13,Spain,5211,Jordi Alba Ramos,16532,Daniel Olmo Carvajal,Incomplete,7.0213957,99.7,21.9,96.6,28.2
3857291,2022-11-23,Group Stage,Costa Rica,1,17,48,Spain,11748,Unai Simón Mendibil,6765,Rodrigo Hernández Cascante,Complete,28.317663,15.2,24.5,31.0,48.0
3857291,2022-11-23,Group Stage,Costa Rica,1,17,51,Spain,6765,Rodrigo Hernández Cascante,30486,Pedro González López,Complete,32.25601,34.0,48.8,51.8,21.9
3857291,2022-11-23,Group Stage,Costa Rica,1,17,54,Spain,30486,Pedro González López,5211,Jordi Alba Ramos,Complete,12.8,50.8,20.8,50.8,8.0
3857291,2022-11-23,Group Stage,Costa Rica,1,17,55,Spain,5211,Jordi Alba Ramos,4353,Aymeric Laporte,Complete,19.080095,50.5,9.4,39.1,24.7
3857291,2022-11-23,Group Stage,Costa Rica,1,18,1,Spain,4353,Aymeric Laporte,5203,Sergio Busquets i Burgos,Complete,15.837297,45.0,25.6,58.1,34.5
3857291,2022-11-23,Group Stage,Costa Rica,1,18,2,Spain,5203,Sergio Busquets i Burgos,6765,Rodrigo Hernández Cascante,Complete,24.276943,57.8,35.2,41.4,53.1
3857291,2022-11-23,Group Stage,Costa Rica,1,18,5,Spain,6765,Rodrigo Hernández Cascante,3957,César Azpilicueta Tanco,Complete,23.937628,45.0,56.3,58.0,76.4
3857291,2022-11-23,Group Stage,Costa Rica,1,18,7,Spain,3957,César Azpilicueta Tanco,6748,Ferrán Torres García,Complete,12.709839,59.0,76.4,71.5,78.7
3857291,2022-11-23,Group Stage,Costa Rica,1,18,8,Spain,6748,Ferrán Torres García,3957,César Azpilicueta Tanco,Out,15.853391,71.3,78.7,55.5,80.0
3857291,2022-11-23,Group Stage,Costa Rica,1,18,32,Spain,5211,Jordi Alba Ramos,,,Incomplete,14.203169,43.4,7.7,57.6,8.0
3857291,2022-11-23,Group Stage,Costa Rica,1,18,37,Spain,5203,Sergio Busquets i Burgos,4353,Aymeric Laporte,Incomplete,15.116217,50.2,18.5,35.1,17.8
3857291,2022-11-23,Group Stage,Costa Rica,1,19,13,Spain,5203,Sergio Busquets i Burgos,30486,Pedro González López,Complete,30.901295,36.1,54.2,45.3,24.7
3857291,2022-11-23,Group Stage,Costa Rica,1,19,18,Spain,30486,Pedro González López,16532,Daniel Olmo Carvajal,Complete,25.437374,66.5,22.2,87.4,7.7
3857291,2022-11-23,Group Stage,Costa Rica,1,19,23,Spain,16532,Daniel Olmo Carvajal,5719,Marco Asensio Willemsen,Complete,17.445057,94.9,7.7,81.2,18.5
3857291,2022-11-23,Group Stage,Costa Rica,1,19,27,Spain,5719,Marco Asensio Willemsen,5203,Sergio Busquets i Burgos,Complete,15.608331,80.7,25.6,68.8,35.7
3857291,2022-11-23,Group Stage,Costa Rica,1,19,29,Spain,5203,Sergio Busquets i Burgos,6765,Rodrigo Hernández Cascante,Complete,13.523683,68.8,35.7,69.6,49.2
3857291,2022-11-23,Group Stage,Costa Rica,1,19,31,Spain,6765,Rodrigo Hernández Cascante,3957,César Azpilicueta Tanco,Complete,17.407183,75.2,54.0,75.7,71.4
3857291,2022-11-23,Group Stage,Costa Rica,1,19,35,Spain,3957,César Azpilicueta Tanco,5203,Sergio Busquets i Burgos,Complete,12.354756,75.2,66.8,81.2,56.0
3857291,2022-11-23,Group Stage,Costa Rica,1,19,37,Spain,5203,Sergio Busquets i Burgos,5719,Marco Asensio Willemsen,Complete,10.890821,81.4,55.4,86.9,46.0
3857291,2022-11-23,Group Stage,Costa Rica,1,19,38,Spain,5719,Marco Asensio Willemsen,5203,Sergio Busquets i Burgos,Complete,10.993179,86.9,46.0,81.2,55.4
3857291,2022-11-23,Group Stage,Costa Rica,1,19,39,Spain,5203,Sergio Busquets i Burgos,30486,Pedro González López,Complete,9.651943,81.2,55.4,80.2,45.8
3857291,2022-11-23,Group Stage,Costa Rica,1,19,40,Spain,30486,Pedro González López,5211,Jordi Alba Ramos,Complete,42.275288,81.0,45.5,95.8,5.9
3857291,2022-11-23,Group Stage,Costa Rica,1,19,43,Spain,5211,Jordi Alba Ramos,5719,Marco Asensio Willemsen,Complete,8.876936,94.4,11.6,91.0,19.8
3857291,2022-11-23,Group Stage,Costa Rica,1,19,48,Spain,5719,Marco Asensio Willemsen,5203,Sergio Busquets i Burgos,Complete,14.468241,88.8,23.5,86.6,37.8
3857291,2022-11-23,Group Stage,Costa Rica,1,19,50,Spain,5203,Sergio Busquets i Burgos,6765,Rodrigo Hernández Cascante,Complete,16.671532,81.9,38.6,78.4,54.9
3857291,2022-11-23,Group Stage,Costa Rica,1,19,51,Spain,6765,Rodrigo Hernández Cascante,3957,César Azpilicueta Tanco,Complete,17.41838,80.5,57.0,86.9,73.2
3857291,2022-11-23,Group Stage,Costa Rica,1,19,54,Spain,3957,César Azpilicueta Tanco,6748,Ferrán Torres García,Complete,13.103435,87.8,73.0,99.5,78.9
3857291,2022-11-23,Group Stage,Costa Rica,1,19,56,Spain,6748,Ferrán Torres García,3957,César Azpilicueta Tanco,Complete,13.5624485,99.5,78.9,86.0,77.6
3857291,2022-11-23,Group Stage,Costa Rica,1,19,59,Spain,3957,César Azpilicueta Tanco,4353,Aymeric Laporte,Complete,38.745968,79.6,75.5,56.9,44.1
3857291,2022-11-23,Group Stage,Costa Rica,1,20,7,Spain,4353,Aymeric Laporte,6765,Rodrigo Hernández Cascante,Complete,17.691807,68.4,38.6,70.2,56.2
3857291,2022-11-23,Group Stage,Costa Rica,1,20,10,Spain,6765,Rodrigo Hernández Cascante,3957,César Azpilicueta Tanco,Complete,18.569868,74.7,60.4,86.9,74.4
3857291,2022-11-23,Group Stage,Costa Rica,1,20,16,Spain,3957,César Azpilicueta Tanco,6765,Rodrigo Hernández Cascante,Complete,11.810589,79.8,69.7,71.3,61.5
3857291,2022-11-23,Group Stage,Costa Rica,1,20,18,Spain,6765,Rodrigo Hernández Cascante,4353,Aymeric Laporte,Complete,19.40773,70.6,60.2,63.1,42.3
3857291,2022-11-23,Group Stage,Costa Rica,1,20,23,Spain,4353,Aymeric Laporte,6765,Rodrigo Hernández Cascante,Complete,14.115594,66.5,40.3,72.0,53.3
3857291,2022-11-23,Group Stage,Costa Rica,1,20,25,Spain,6765,Rodrigo Hernández Cascante,5203,Sergio Busquets i Burgos,Complete,10.515227,75.3,54.9,80.9,46.0
3857291,2022-11-23,Group Stage,Costa Rica,1,20,27,Spain,5203,Sergio Busquets i Burgos,5211,Jordi Alba Ramos,Complete,42.346783,81.6,46.0,102.9,9.4
3857291,2022-11-23,Group Stage,Costa Rica,1,20,31,Spain,5211,Jordi Alba Ramos,5719,Marco Asensio Willemsen,Complete,21.0402,104.5,12.4,105.8,33.4
3857291,2022-11-23,Group Stage,Costa Rica,1,21,46,Spain,4353,Aymeric Laporte,5203,Sergio Busquets i Burgos,Complete,12.061509,53.0,16.7,62.2,24.5
3857291,2022-11-23,Group Stage,Costa Rica,1,21,50,Spain,5203,Sergio Busquets i Burgos,5211,Jordi Alba Ramos,Complete,13.223085,51.8,23.5,50.0,10.4
3857291,2022-11-23,Group Stage,Costa Rica,1,21,50,Spain,5211,Jordi Alba Ramos,4353,Aymeric Laporte,Complete,13.377593,50.0,10.4,38.6,17.4
3857291,2022-11-23,Group Stage,Costa Rica,1,21,53,Spain,4353,Aymeric Laporte,6765,Rodrigo Hernández Cascante,Complete,30.770927,33.0,18.8,27.1,49.0
3857291,2022-11-23,Group Stage,Costa Rica,1,21,56,Spain,6765,Rodrigo Hernández Cascante,3957,César Azpilicueta Tanco,Complete,14.201408,26.9,50.6,26.7,64.8
3857291,2022-11-23,Group Stage,Costa Rica,1,21,58,Spain,3957,César Azpilicueta Tanco,6765,Rodrigo Hernández Cascante,Complete,22.184004,26.2,64.3,20.0,43.0
3857291,2022-11-23,Group Stage,Costa Rica,1,22,0,Spain,6765,Rodrigo Hernández Cascante,4353,Aymeric Laporte,Complete,25.0018,20.0,41.7,20.3,16.7
3857291,2022-11-23,Group Stage,Costa Rica,1,22,3,Spain,4353,Aymeric Laporte,5211,Jordi Alba Ramos,Complete,16.144348,21.4,14.9,33.4,4.1
3857291,2022-11-23,Group Stage,Costa Rica,1,22,4,Spain,5211,Jordi Alba Ramos,30486,Pedro González López,Complete,11.906721,33.4,4.1,33.8,16.0
3857291,2022-11-23,Group Stage,Costa Rica,1,22,7,Spain,30486,Pedro González López,133353,Pablo Martín Páez Gavira,Complete,34.379646,40.9,20.1,64.5,45.1
3857291,2022-11-23,Group Stage,Costa Rica,1,22,12,Spain,133353,Pablo Martín Páez Gavira,6748,Ferrán Torres García,Complete,20.48414,87.2,54.4,105.4,63.8
3857291,2022-11-23,Group Stage,Costa Rica,1,22,14,Spain,6748,Ferrán Torres García,,,Incomplete,6.618912,105.9,63.8,108.9,57.9
3857291,2022-11-23,Group Stage,Costa Rica,1,23,22,Spain,16532,Daniel Olmo Carvajal,,,Incomplete,33.516117,120.0,80.0,110.7,47.8
3857291,2022-11-23,Group Stage,Costa Rica,1,23,29,Spain,5211,Jordi Alba Ramos,133353,Pablo Martín Páez Gavira,Complete,40.900368,64.9,41.4,92.7,11.4
3857291,2022-11-23,Group Stage,Costa Rica,1,23,41,Spain,5719,Marco Asensio Willemsen,,,Incomplete,2.5,111.1,22.4,111.1,24.9
3857291,2022-11-23,Group Stage,Costa Rica,1,24,2,Spain,6765,Rodrigo Hernández Cascante,11748,Unai Simón Mendibil,Complete,27.096863,34.0,80.0,20.0,56.8
3857291,2022-11-23,Group Stage,Costa Rica,1,24,6,Spain,11748,Unai Simón Mendibil,4353,Aymeric Laporte,Complete,26.475082,23.4,56.0,35.2,32.3
3857291,2022-11-23,Group Stage,Costa Rica,1,24,10,Spain,4353,Aymeric Laporte,5211,Jordi Alba Ramos,Complete,17.575552,38.8,28.2,46.7,12.5
3857291,2022-11-23,Group Stage,Costa Rica,1,24,13,Spain,5211,Jordi Alba Ramos,4353,Aymeric Laporte,Complete,20.611889,46.5,13.3,34.7,30.2
3857291,2022-11-23,Group Stage,Costa Rica,1,24,15,Spain,4353,Aymeric Laporte,6765,Rodrigo Hernández Cascante,Complete,28.11352,34.7,30.2,43.8,56.8
3857291,2022-11-23,Group Stage,Costa Rica,1,24,21,Spain,6765,Rodrigo Hernández Cascante,4353,Aymeric Laporte,Complete,25.800776,58.8,50.6,45.0,28.8
3857291,2022-11-23,Group Stage,Costa Rica,1,24,23,Spain,4353,Aymeric Laporte,5211,Jordi Alba Ramos,Complete,17.647945,45.3,28.2,56.9,14.9
3857291,2022-11-23,Group Stage,Costa Rica,1,24,25,Spain,5211,Jordi Alba Ramos,30486,Pedro González López,Complete,18.1,57.1,14.9,75.2,14.9
3857291,2022-11-23,Group Stage,Costa Rica,1,24,27,Spain,30486,Pedro González López,16532,Daniel Olmo Carvajal,Complete,8.828363,75.5,12.3,77.0,3.6
3857291,2022-11-23,Group Stage,Costa Rica,1,24,28,Spain,16532,Daniel Olmo Carvajal,5211,Jordi Alba Ramos,Complete,14.073024,77.0,3.6,63.7,8.2
3857291,2022-11-23,Group Stage,Costa Rica,1,24,29,Spain,5211,Jordi Alba Ramos,30486,Pedro González López,Complete,8.061017,63.7,8.2,69.4,13.9
3857291,2022-11-23,Group Stage,Costa Rica,1,24,32,Spain,30486,Pedro González López,4353,Aymeric Laporte,Complete,19.958206,63.8,19.8,45.0,26.5
3857291,2022-11-23,Group Stage,Costa Rica,1,24,34,Spain,4353,Aymeric Laporte,6765,Rodrigo Hernández Cascante,Complete,24.666172,45.3,27.2,51.4,51.1
3857291,2022-11-23,Group Stage,Costa Rica,1,24,37,Spain,6765,Rodrigo Hernández Cascante,6748,Ferrán Torres García,Complete,33.72907,50.8,53.3,74.7,77.1
3857291,2022-11-23,Group Stage,Costa Rica,1,24,42,Spain,6748,Ferrán Torres García,5719,Marco Asensio Willemsen,Complete,9.881295,64.9,66.0,72.9,60.2
3857291,2022-11-23,Group Stage,Costa Rica,1,24,49,Spain,133353,Pablo Martín Páez Gavira,5203,Sergio Busquets i Burgos,Complete,9.631719,69.8,77.4,67.7,68.0
3857291,2022-11-23,Group Stage,Costa Rica,1,24,50,Spain,5203,Sergio Busquets i Burgos,3957,César Azpilicueta Tanco,Complete,17.710167,67.7,68.0,51.8,75.8
3857291,2022-11-23,Group Stage,Costa Rica,1,24,51,Spain,3957,César Azpilicueta Tanco,6765,Rodrigo Hernández Cascante,Complete,13.967104,51.8,75.8,45.0,63.6
3857291,2022-11-23,Group Stage,Costa Rica,1,24,53,Spain,6765,Rodrigo Hernández Cascante,30486,Pedro González López,Complete,24.048285,46.7,62.5,63.3,45.1
3857291,2022-11-23,Group Stage,Costa Rica,1,24,55,Spain,30486,Pedro González López,4353,Aymeric Laporte,Complete,24.573563,63.1,44.6,51.2,23.1
3857291,2022-11-23,Group Stage,Costa Rica,1,24,58,Spain,4353,Aymeric Laporte,16532,Daniel Olmo Carvajal,Complete,25.364542,63.5,18.8,83.5,3.2
3857291,2022-11-23,Group Stage,Costa Rica,1,25,2,Spain,16532,Daniel Olmo Carvajal,5211,Jordi Alba Ramos,Complete,12.5781555,91.9,4.1,79.4,5.5
3857291,2022-11-23,Group Stage,Costa Rica,1,25,5,Spain,5211,Jordi Alba Ramos,5203,Sergio Busquets i Burgos,Complete,14.863714,73.7,5.5,75.9,20.2
3857291,2022-11-23,Group Stage,Costa Rica,1,25,6,Spain,5203,Sergio Busquets i Burgos,5211,Jordi Alba Ramos,Complete,14.0346,75.9,20.4,64.3,12.5
3857291,2022-11-23,Group Stage,Costa Rica,1,25,8,Spain,5211,Jordi Alba Ramos,6765,Rodrigo Hernández Cascante,Complete,31.382957,64.3,12.5,52.8,41.7
3857291,2022-11-23,Group Stage,Costa Rica,1,25,11,Spain,6765,Rodrigo Hernández Cascante,3957,César Azpilicueta Tanco,Complete,21.346897,52.8,41.7,55.3,62.9
3857291,2022-11-23,Group Stage,Costa Rica,1,25,13,Spain,3957,César Azpilicueta Tanco,5203,Sergio Busquets i Burgos,Incomplete,17.542234,54.4,59.3,64.7,45.1
3857291,2022-11-23,Group Stage,Costa Rica,1,25,21,Spain,6765,Rodrigo Hernández Cascante,5719,Marco Asensio Willemsen,Complete,11.91008,34.5,69.8,46.1,72.5
3857291,2022-11-23,Group Stage,Costa Rica,1,25,22,Spain,5719,Marco Asensio Willemsen,133353,Pablo Martín Páez Gavira,Complete,12.106609,44.7,72.8,44.3,60.7
3857291,2022-11-23,Group Stage,Costa Rica,1,25,25,Spain,133353,Pablo Martín Páez Gavira,5203,Sergio Busquets i Burgos,Complete,11.98207,44.5,57.4,32.6,56.0
3857291,2022-11-23,Group Stage,Costa Rica,1,25,28,Spain,5203,Sergio Busquets i Burgos,4353,Aymeric Laporte,Complete,27.986605,39.0,52.1,33.3,24.7
3857291,2022-11-23,Group Stage,Costa Rica,1,25,35,Spain,4353,Aymeric Laporte,16532,Daniel Olmo Carvajal,Complete,27.431551,56.7,23.9,74.7,3.2
3857291,2022-11-23,Group Stage,Costa Rica,1,25,38,Spain,16532,Daniel Olmo Carvajal,5211,Jordi Alba Ramos,Complete,12.080563,75.2,3.6,63.7,7.3
3857291,2022-11-23,Group Stage,Costa Rica,1,25,40,Spain,5211,Jordi Alba Ramos,6765,Rodrigo Hernández Cascante,Complete,33.021507,63.5,9.6,52.4,40.7
3857291,2022-11-23,Group Stage,Costa Rica,1,25,43,Spain,6765,Rodrigo Hernández Cascante,3957,César Azpilicueta Tanco,Complete,23.753946,52.6,41.7,51.0,65.4
3857291,2022-11-23,Group Stage,Costa Rica,1,25,45,Spain,3957,César Azpilicueta Tanco,5719,Marco Asensio Willemsen,Complete,16.263456,51.8,65.6,63.3,77.1
3857291,2022-11-23,Group Stage,Costa Rica,1,25,47,Spain,5719,Marco Asensio Willemsen,3957,César Azpilicueta Tanco,Complete,25.646248,63.3,77.1,39.0,68.9
3857291,2022-11-23,Group Stage,Costa Rica,1,25,50,Spain,3957,César Azpilicueta Tanco,6765,Rodrigo Hernández Cascante,Complete,11.715375,33.3,67.0,30.6,55.6
3857291,2022-11-23,Group Stage,Costa Rica,1,25,53,Spain,6765,Rodrigo Hernández Cascante,4353,Aymeric Laporte,Complete,38.919662,34.0,54.7,39.7,16.2
3857291,2022-11-23,Group Stage,Costa Rica,1,26,0,Spain,4353,Aymeric Laporte,5211,Jordi Alba Ramos,Complete,10.850346,56.2,25.6,58.0,14.9
3857291,2022-11-23,Group Stage,Costa Rica,1,26,2,Spain,5211,Jordi Alba Ramos,16532,Daniel Olmo Carvajal,Complete,17.08157,60.0,12.1,74.7,3.4
3857291,2022-11-23,Group Stage,Costa Rica,1,26,14,Spain,5211,Jordi Alba Ramos,30486,Pedro González López,Complete,17.003822,72.3,0.1,63.1,14.4
3857291,2022-11-23,Group Stage,Costa Rica,1,26,16,Spain,30486,Pedro González López,6765,Rodrigo Hernández Cascante,Complete,24.732973,63.1,15.5,55.7,39.1
3857291,2022-11-23,Group Stage,Costa Rica,1,26,21,Spain,6765,Rodrigo Hernández Cascante,6748,Ferrán Torres García,Complete,18.133394,63.5,43.5,81.4,46.4
3857291,2022-11-23,Group Stage,Costa Rica,1,26,22,Spain,6748,Ferrán Torres García,6765,Rodrigo Hernández Cascante,Complete,13.472936,77.2,47.4,63.8,48.8
3857291,2022-11-23,Group Stage,Costa Rica,1,26,24,Spain,6765,Rodrigo Hernández Cascante,133353,Pablo Martín Páez Gavira,Complete,19.992249,65.3,49.9,83.3,58.6
3857291,2022-11-23,Group Stage,Costa Rica,1,26,33,Spain,4353,Aymeric Laporte,5203,Sergio Busquets i Burgos,Complete,17.84657,64.5,39.4,76.4,52.7
3857291,2022-11-23,Group Stage,Costa Rica,1,26,34,Spain,5203,Sergio Busquets i Burgos,30486,Pedro González López,Complete,11.672618,76.8,52.1,75.5,40.5
3857291,2022-11-23,Group Stage,Costa Rica,1,26,36,Spain,30486,Pedro González López,5211,Jordi Alba Ramos,Complete,16.807735,75.3,32.0,68.8,16.5
3857291,2022-11-23,Group Stage,Costa Rica,1,26,39,Spain,5211,Jordi Alba Ramos,30486,Pedro González López,Complete,14.089003,69.8,14.3,75.9,27.0
3857291,2022-11-23,Group Stage,Costa Rica,1,26,41,Spain,30486,Pedro González López,5719,Marco Asensio Willemsen,Complete,10.151355,75.9,27.0,81.6,35.4
3857291,2022-11-23,Group Stage,Costa Rica,1,26,42,Spain,5719,Marco Asensio Willemsen,30486,Pedro González López,Complete,8.7045965,81.6,35.4,75.2,29.5
3857291,2022-11-23,Group Stage,Costa Rica,1,26,43,Spain,30486,Pedro González López,133353,Pablo Martín Páez Gavira,Complete,21.666796,75.2,29.8,81.6,50.5
3857291,2022-11-23,Group Stage,Costa Rica,1,26,48,Spain,133353,Pablo Martín Páez Gavira,3957,César Azpilicueta Tanco,Complete,12.126417,87.4,56.8,88.2,68.9
3857291,2022-11-23,Group Stage,Costa Rica,1,26,49,Spain,3957,César Azpilicueta Tanco,133353,Pablo Martín Páez Gavira,Complete,4.6389656,88.2,68.9,87.6,64.3
3857291,2022-11-23,Group Stage,Costa Rica,1,26,50,Spain,133353,Pablo Martín Páez Gavira,3957,César Azpilicueta Tanco,Complete,9.617692,87.6,64.3,92.1,72.8
3857291,2022-11-23,Group Stage,Costa Rica,1,26,51,Spain,3957,César Azpilicueta Tanco,6748,Ferrán Torres García,Complete,9.265528,92.3,72.5,99.9,77.8
3857291,2022-11-23,Group Stage,Costa Rica,1,26,55,Spain,6748,Ferrán Torres García,133353,Pablo Martín Páez Gavira,Complete,7.922752,99.9,77.6,99.3,69.7
3857291,2022-11-23,Group Stage,Costa Rica,1,26,56,Spain,133353,Pablo Martín Páez Gavira,6748,Ferrán Torres García,Complete,7.66942,100.2,71.4,103.1,78.5
3857291,2022-11-23,Group Stage,Costa Rica,1,26,58,Spain,6748,Ferrán Torres García,3957,César Azpilicueta Tanco,Complete,21.403738,102.1,78.1,80.7,78.5
3857291,2022-11-23,Group Stage,Costa Rica,1,27,1,Spain,3957,César Azpilicueta Tanco,6765,Rodrigo Hernández Cascante,Complete,14.564683,80.2,78.1,67.9,70.3
3857291,2022-11-23,Group Stage,Costa Rica,1,27,2,Spain,6765,Rodrigo Hernández Cascante,5719,Marco Asensio Willemsen,Complete,13.306014,67.9,70.3,81.2,70.7
3857291,2022-11-23,Group Stage,Costa Rica,1,27,4,Spain,5719,Marco Asensio Willemsen,6765,Rodrigo Hernández Cascante,Complete,10.733592,73.3,68.2,63.3,64.3
3857291,2022-11-23,Group Stage,Costa Rica,1,27,7,Spain,6765,Rodrigo Hernández Cascante,4353,Aymeric Laporte,Complete,40.802452,62.9,62.1,45.7,25.1
3857291,2022-11-23,Group Stage,Costa Rica,1,27,10,Spain,4353,Aymeric Laporte,30486,Pedro González López,Complete,15.219067,45.9,22.2,61.0,24.1
3857291,2022-11-23,Group Stage,Costa Rica,1,27,11,Spain,30486,Pedro González López,6765,Rodrigo Hernández Cascante,Complete,28.784718,59.6,24.5,48.6,51.1
3857291,2022-11-23,Group Stage,Costa Rica,1,27,19,Spain,6765,Rodrigo Hernández Cascante,5203,Sergio Busquets i Burgos,Complete,12.185237,57.6,58.6,62.4,47.4
3857291,2022-11-23,Group Stage,Costa Rica,1,27,20,Spain,5203,Sergio Busquets i Burgos,30486,Pedro González López,Complete,11.676472,62.6,46.9,68.1,36.6
3857291,2022-11-23,Group Stage,Costa Rica,1,27,22,Spain,30486,Pedro González López,16532,Daniel Olmo Carvajal,Complete,30.545868,70.2,32.7,84.1,5.5
3857291,2022-11-23,Group Stage,Costa Rica,1,27,27,Spain,16532,Daniel Olmo Carvajal,5211,Jordi Alba Ramos,Complete,12.21147,105.4,14.1,115.8,7.7
3857291,2022-11-23,Group Stage,Costa Rica,1,27,31,Spain,5211,Jordi Alba Ramos,16532,Daniel Olmo Carvajal,Complete,15.302941,117.3,8.6,102.0,8.9
3857291,2022-11-23,Group Stage,Costa Rica,1,27,33,Spain,16532,Daniel Olmo Carvajal,30486,Pedro González López,Complete,12.461942,100.2,8.9,92.9,19.0
3857291,2022-11-23,Group Stage,Costa Rica,1,27,35,Spain,30486,Pedro González López,5203,Sergio Busquets i Burgos,Complete,12.940248,90.6,23.9,80.2,31.6
3857291,2022-11-23,Group Stage,Costa Rica,1,27,37,Spain,5203,Sergio Busquets i Burgos,6765,Rodrigo Hernández Cascante,Complete,15.205262,80.2,31.6,79.8,46.8
3857291,2022-11-23,Group Stage,Costa Rica,1,27,40,Spain,6765,Rodrigo Hernández Cascante,133353,Pablo Martín Páez Gavira,Complete,16.327278,81.0,50.5,96.3,56.2
3857291,2022-11-23,Group Stage,Costa Rica,1,27,41,Spain,133353,Pablo Martín Páez Gavira,6748,Ferrán Torres García,Complete,17.149343,95.8,59.5,99.7,76.2
3857291,2022-11-23,Group Stage,Costa Rica,1,27,45,Spain,6748,Ferrán Torres García,5719,Marco Asensio Willemsen,Complete,10.423532,100.7,64.1,105.6,54.9
3857291,2022-11-23,Group Stage,Costa Rica,1,27,46,Spain,5719,Marco Asensio Willemsen,6748,Ferrán Torres García,Incomplete,3.6138623,105.6,54.9,102.1,55.8
3857291,2022-11-23,Group Stage,Costa Rica,1,27,50,Spain,6765,Rodrigo Hernández Cascante,11748,Unai Simón Mendibil,Complete,44.28239,66.3,68.9,30.6,42.7
3857291,2022-11-23,Group Stage,Costa Rica,1,27,54,Spain,11748,Unai Simón Mendibil,4353,Aymeric Laporte,Complete,16.909761,30.8,41.7,39.5,27.2
3857291,2022-11-23,Group Stage,Costa Rica,1,27,57,Spain,4353,Aymeric Laporte,5211,Jordi Alba Ramos,Complete,16.82409,40.2,25.9,51.0,13.0
3857291,2022-11-23,Group Stage,Costa Rica,1,27,59,Spain,5211,Jordi Alba Ramos,16532,Daniel Olmo Carvajal,Complete,23.446321,51.2,12.8,72.5,3.0
3857291,2022-11-23,Group Stage,Costa Rica,1,28,1,Spain,16532,Daniel Olmo Carvajal,5211,Jordi Alba Ramos,Complete,14.6102705,70.8,3.2,56.9,7.7
3857291,2022-11-23,Group Stage,Costa Rica,1,28,4,Spain,5211,Jordi Alba Ramos,4353,Aymeric Laporte,Complete,24.848541,56.7,11.8,40.0,30.2
3857291,2022-11-23,Group Stage,Costa Rica,1,28,6,Spain,4353,Aymeric Laporte,6765,Rodrigo Hernández Cascante,Complete,21.789217,41.6,31.3,45.7,52.7
3857291,2022-11-23,Group Stage,Costa Rica,1,28,12,Spain,6765,Rodrigo Hernández Cascante,4353,Aymeric Laporte,Complete,28.8,51.0,54.7,51.0,25.9
3857291,2022-11-23,Group Stage,Costa Rica,1,28,15,Spain,4353,Aymeric Laporte,16532,Daniel Olmo Carvajal,Complete,27.845467,58.0,24.5,76.4,3.6
3857291,2022-11-23,Group Stage,Costa Rica,1,28,21,Spain,16532,Daniel Olmo Carvajal,5211,Jordi Alba Ramos,Complete,8.381527,73.9,12.5,69.0,5.7
3857291,2022-11-23,Group Stage,Costa Rica,1,28,22,Spain,5211,Jordi Alba Ramos,4353,Aymeric Laporte,Complete,26.41969,69.0,5.7,44.8,16.3
3857291,2022-11-23,Group Stage,Costa Rica,1,28,31,Spain,4353,Aymeric Laporte,16532,Daniel Olmo Carvajal,Complete,23.602755,64.0,16.9,83.7,3.9
3857291,2022-11-23,Group Stage,Costa Rica,1,28,38,Spain,16532,Daniel Olmo Carvajal,5211,Jordi Alba Ramos,Complete,12.714166,105.8,7.7,93.1,7.1
3857291,2022-11-23,Group Stage,Costa Rica,1,28,40,Spain,5211,Jordi Alba Ramos,5719,Marco Asensio Willemsen,Complete,11.423659,93.3,8.6,99.0,18.5
3857291,2022-11-23,Group Stage,Costa Rica,1,28,42,Spain,5719,Marco Asensio Willemsen,16532,Daniel Olmo Carvajal,Complete,14.2088,99.0,17.8,99.5,3.6
3857291,2022-11-23,Group Stage,Costa Rica,1,28,43,Spain,16532,Daniel Olmo Carvajal,30486,Pedro González López,Complete,16.337074,98.8,4.1,89.9,17.8
3857291,2022-11-23,Group Stage,Costa Rica,1,28,46,Spain,30486,Pedro González López,5211,Jordi Alba Ramos,Complete,7.66942,94.4,24.1,99.3,30.0
3857291,2022-11-23,Group Stage,Costa Rica,1,28,46,Spain,5211,Jordi Alba Ramos,30486,Pedro González López,Incomplete,6.8505473,99.3,30.0,103.1,24.3
3857291,2022-11-23,Group Stage,Costa Rica,1,31,39,Spain,4353,Aymeric Laporte,5203,Sergio Busquets i Burgos,Complete,4.3289723,28.7,12.3,29.2,8.0
3857291,2022-11-23,Group Stage,Costa Rica,1,31,39,Spain,5203,Sergio Busquets i Burgos,5211,Jordi Alba Ramos,Complete,7.28011,29.4,8.0,22.4,10.0
3857291,2022-11-23,Group Stage,Costa Rica,1,31,41,Spain,5211,Jordi Alba Ramos,6765,Rodrigo Hernández Cascante,Complete,14.516887,21.2,12.3,20.5,26.8
3857291,2022-11-23,Group Stage,Costa Rica,1,31,43,Spain,6765,Rodrigo Hernández Cascante,11748,Unai Simón Mendibil,Complete,14.534442,19.8,38.4,6.8,44.9
3857291,2022-11-23,Group Stage,Costa Rica,1,31,44,Spain,11748,Unai Simón Mendibil,3957,César Azpilicueta Tanco,Out,35.136875,7.5,46.2,17.1,80.0
3857291,2022-11-23,Group Stage,Costa Rica,1,33,12,Spain,4353,Aymeric Laporte,5203,Sergio Busquets i Burgos,Complete,23.020426,8.4,23.1,26.9,36.8
3857291,2022-11-23,Group Stage,Costa Rica,1,33,16,Spain,5203,Sergio Busquets i Burgos,5719,Marco Asensio Willemsen,Complete,11.7209215,45.0,40.5,56.7,41.2
3857291,2022-11-23,Group Stage,Costa Rica,1,33,17,Spain,5719,Marco Asensio Willemsen,5211,Jordi Alba Ramos,Complete,32.12102,56.5,40.9,39.1,13.9
3857291,2022-11-23,Group Stage,Costa Rica,1,33,22,Spain,5211,Jordi Alba Ramos,4353,Aymeric Laporte,Complete,15.580115,44.7,8.7,35.4,21.2
3857291,2022-11-23,Group Stage,Costa Rica,1,33,25,Spain,4353,Aymeric Laporte,6765,Rodrigo Hernández Cascante,Complete,30.946728,38.3,23.1,40.0,54.0
3857291,2022-11-23,Group Stage,Costa Rica,1,33,27,Spain,6765,Rodrigo Hernández Cascante,5203,Sergio Busquets i Burgos,Complete,16.144348,40.6,54.7,52.6,43.9
3857291,2022-11-23,Group Stage,Costa Rica,1,33,29,Spain,5203,Sergio Busquets i Burgos,4353,Aymeric Laporte,Complete,21.13031,52.3,43.9,39.1,27.4
3857291,2022-11-23,Group Stage,Costa Rica,1,33,34,Spain,4353,Aymeric Laporte,5211,Jordi Alba Ramos,Complete,20.370813,50.0,24.3,63.1,8.7
3857291,2022-11-23,Group Stage,Costa Rica,1,33,35,Spain,5211,Jordi Alba Ramos,4353,Aymeric Laporte,Complete,17.889942,63.1,9.6,50.4,22.2
3857291,2022-11-23,Group Stage,Costa Rica,1,33,38,Spain,4353,Aymeric Laporte,5211,Jordi Alba Ramos,Complete,14.8946295,50.4,22.9,58.8,10.6
3857291,2022-11-23,Group Stage,Costa Rica,1,33,41,Spain,5211,Jordi Alba Ramos,4353,Aymeric Laporte,Complete,24.747726,60.8,8.4,39.5,21.0
3857291,2022-11-23,Group Stage,Costa Rica,1,33,44,Spain,4353,Aymeric Laporte,5203,Sergio Busquets i Burgos,Complete,10.089599,39.1,23.5,45.5,31.3
3857291,2022-11-23,Group Stage,Costa Rica,1,33,46,Spain,5203,Sergio Busquets i Burgos,11748,Unai Simón Mendibil,Complete,25.59785,40.2,31.1,15.2,36.6
3857291,2022-11-23,Group Stage,Costa Rica,1,33,50,Spain,11748,Unai Simón Mendibil,30486,Pedro González López,Complete,17.70226,15.2,36.6,32.8,34.7
3857291,2022-11-23,Group Stage,Costa Rica,1,33,51,Spain,30486,Pedro González López,4353,Aymeric Laporte,Complete,24.836466,32.0,34.3,20.1,12.5
3857291,2022-11-23,Group Stage,Costa Rica,1,33,54,Spain,4353,Aymeric Laporte,5211,Jordi Alba Ramos,Complete,15.570806,24.4,12.1,38.1,4.7
3857291,2022-11-23,Group Stage,Costa Rica,1,33,55,Spain,5211,Jordi Alba Ramos,4353,Aymeric Laporte,Complete,14.871785,38.1,4.7,25.5,12.6
3857291,2022-11-23,Group Stage,Costa Rica,1,33,58,Spain,4353,Aymeric Laporte,5203,Sergio Busquets i Burgos,Complete,15.246311,27.5,13.5,33.3,27.6
3857291,2022-11-23,Group Stage,Costa Rica,1,34,1,Spain,5203,Sergio Busquets i Burgos,5211,Jordi Alba Ramos,Complete,19.044422,39.1,26.3,40.4,7.3
3857291,2022-11-23,Group Stage,Costa Rica,1,34,4,Spain,5211,Jordi Alba Ramos,6765,Rodrigo Hernández Cascante,Complete,39.60934,42.7,9.1,32.6,47.4
3857291,2022-11-23,Group Stage,Costa Rica,1,34,9,Spain,6765,Rodrigo Hernández Cascante,4353,Aymeric Laporte,Complete,22.161678,44.7,52.3,40.2,30.6
3857291,2022-11-23,Group Stage,Costa Rica,1,34,11,Spain,4353,Aymeric Laporte,5203,Sergio Busquets i Burgos,Complete,17.172361,40.6,30.6,55.1,39.8
3857291,2022-11-23,Group Stage,Costa Rica,1,34,12,Spain,5203,Sergio Busquets i Burgos,4353,Aymeric Laporte,Complete,17.35569,54.6,40.0,45.7,25.1
3857291,2022-11-23,Group Stage,Costa Rica,1,34,15,Spain,4353,Aymeric Laporte,5211,Jordi Alba Ramos,Complete,20.256603,47.1,24.7,57.8,7.5
3857291,2022-11-23,Group Stage,Costa Rica,1,34,17,Spain,5211,Jordi Alba Ramos,16532,Daniel Olmo Carvajal,Pass Offside,29.183043,58.5,5.5,87.6,7.7
3857291,2022-11-23,Group Stage,Costa Rica,1,34,59,Spain,5211,Jordi Alba Ramos,5203,Sergio Busquets i Burgos,Complete,19.455076,55.1,0.1,51.4,19.2
3857291,2022-11-23,Group Stage,Costa Rica,1,35,4,Spain,5203,Sergio Busquets i Burgos,133353,Pablo Martín Páez Gavira,Complete,9.972462,57.1,35.0,58.3,44.9
3857291,2022-11-23,Group Stage,Costa Rica,1,35,5,Spain,133353,Pablo Martín Páez Gavira,6765,Rodrigo Hernández Cascante,Complete,7.1344237,58.3,45.1,51.2,44.4
3857291,2022-11-23,Group Stage,Costa Rica,1,35,8,Spain,6765,Rodrigo Hernández Cascante,4353,Aymeric Laporte,Complete,18.906084,51.6,43.9,49.6,25.1
3857291,2022-11-23,Group Stage,Costa Rica,1,35,12,Spain,4353,Aymeric Laporte,5211,Jordi Alba Ramos,Complete,18.009996,55.3,24.7,64.3,9.1
3857291,2022-11-23,Group Stage,Costa Rica,1,35,15,Spain,5211,Jordi Alba Ramos,30486,Pedro González López,Complete,12.165525,64.7,7.7,75.5,13.3
3857291,2022-11-23,Group Stage,Costa Rica,1,35,15,Spain,30486,Pedro González López,4353,Aymeric Laporte,Complete,24.554022,75.3,13.3,51.2,18.0
3857291,2022-11-23,Group Stage,Costa Rica,1,35,18,Spain,4353,Aymeric Laporte,6765,Rodrigo Hernández Cascante,Complete,32.693882,51.4,20.6,43.4,52.3
3857291,2022-11-23,Group Stage,Costa Rica,1,35,20,Spain,6765,Rodrigo Hernández Cascante,11748,Unai Simón Mendibil,Complete,33.42409,43.4,52.3,14.0,36.4
3857291,2022-11-23,Group Stage,Costa Rica,1,35,25,Spain,11748,Unai Simón Mendibil,4353,Aymeric Laporte,Complete,16.533905,12.3,35.2,14.4,18.8
3857291,2022-11-23,Group Stage,Costa Rica,1,35,27,Spain,4353,Aymeric Laporte,5211,Jordi Alba Ramos,Complete,16.27882,9.9,15.3,21.9,4.3
3857291,2022-11-23,Group Stage,Costa Rica,1,35,29,Spain,5211,Jordi Alba Ramos,5719,Marco Asensio Willemsen,Incomplete,31.204647,24.2,3.4,48.4,23.1
3857291,2022-11-23,Group Stage,Costa Rica,1,35,34,Spain,5211,Jordi Alba Ramos,4353,Aymeric Laporte,Complete,10.707474,26.7,17.6,17.9,23.7
3857291,2022-11-23,Group Stage,Costa Rica,1,35,35,Spain,4353,Aymeric Laporte,16532,Daniel Olmo Carvajal,Incomplete,33.302402,18.3,23.7,44.7,3.4
3857291,2022-11-23,Group Stage,Costa Rica,1,35,51,Spain,5211,Jordi Alba Ramos,4353,Aymeric Laporte,Complete,14.7868185,45.9,0.1,35.1,10.2
3857291,2022-11-23,Group Stage,Costa Rica,1,35,55,Spain,4353,Aymeric Laporte,6765,Rodrigo Hernández Cascante,Complete,18.794947,22.6,22.6,25.3,41.2
3857291,2022-11-23,Group Stage,Costa Rica,1,35,59,Spain,6765,Rodrigo Hernández Cascante,5203,Sergio Busquets i Burgos,Complete,23.70654,28.9,46.8,52.3,43.0
3857291,2022-11-23,Group Stage,Costa Rica,1,36,1,Spain,5203,Sergio Busquets i Burgos,30486,Pedro González López,Complete,18.119879,52.6,42.5,58.3,25.3
3857291,2022-11-23,Group Stage,Costa Rica,1,36,3,Spain,30486,Pedro González López,16532,Daniel Olmo Carvajal,Out,41.800716,74.5,23.1,109.6,0.4
3857291,2022-11-23,Group Stage,Costa Rica,1,36,26,Spain,4353,Aymeric Laporte,133353,Pablo Martín Páez Gavira,Incomplete,27.765085,63.5,4.1,79.2,27.0
3857291,2022-11-23,Group Stage,Costa Rica,1,36,43,Spain,133353,Pablo Martín Páez Gavira,5203,Sergio Busquets i Burgos,Complete,5.3851647,37.9,64.3,33.3,61.5
3857291,2022-11-23,Group Stage,Costa Rica,1,36,45,Spain,5203,Sergio Busquets i Burgos,6748,Ferrán Torres García,Complete,12.408464,37.2,62.0,45.3,71.4
3857291,2022-11-23,Group Stage,Costa Rica,1,37,49,Spain,133353,Pablo Martín Páez Gavira,5203,Sergio Busquets i Burgos,Complete,7.0661163,20.0,37.2,16.8,43.5
3857291,2022-11-23,Group Stage,Costa Rica,1,37,50,Spain,5203,Sergio Busquets i Burgos,133353,Pablo Martín Páez Gavira,Complete,15.015326,16.1,44.4,30.6,40.5
3857291,2022-11-23,Group Stage,Costa Rica,1,38,9,Spain,6765,Rodrigo Hernández Cascante,30486,Pedro González López,Complete,23.187065,38.6,45.5,51.6,26.3
3857291,2022-11-23,Group Stage,Costa Rica,1,38,11,Spain,30486,Pedro González López,16532,Daniel Olmo Carvajal,Complete,28.111385,56.7,24.3,75.5,3.4
3857291,2022-11-23,Group Stage,Costa Rica,1,38,17,Spain,16532,Daniel Olmo Carvajal,30486,Pedro González López,Complete,10.499524,82.1,3.4,75.3,11.4
3857291,2022-11-23,Group Stage,Costa Rica,1,38,18,Spain,30486,Pedro González López,16532,Daniel Olmo Carvajal,Complete,7.81025,75.3,11.4,75.7,3.6
3857291,2022-11-23,Group Stage,Costa Rica,1,38,19,Spain,16532,Daniel Olmo Carvajal,5211,Jordi Alba Ramos,Complete,17.614767,75.3,3.9,58.1,7.7
3857291,2022-11-23,Group Stage,Costa Rica,1,38,20,Spain,5211,Jordi Alba Ramos,30486,Pedro González López,Complete,12.490797,58.5,7.7,70.6,10.8
3857291,2022-11-23,Group Stage,Costa Rica,1,38,22,Spain,30486,Pedro González López,4353,Aymeric Laporte,Complete,23.776669,68.6,14.4,50.4,29.7
3857291,2022-11-23,Group Stage,Costa Rica,1,38,26,Spain,4353,Aymeric Laporte,3957,César Azpilicueta Tanco,Complete,38.552303,52.8,36.4,58.0,74.6
3857291,2022-11-23,Group Stage,Costa Rica,1,38,29,Spain,3957,César Azpilicueta Tanco,6765,Rodrigo Hernández Cascante,Complete,12.461541,58.0,74.6,53.2,63.1
3857291,2022-11-23,Group Stage,Costa Rica,1,38,33,Spain,6765,Rodrigo Hernández Cascante,4353,Aymeric Laporte,Complete,21.323462,53.2,46.8,56.9,25.8
3857291,2022-11-23,Group Stage,Costa Rica,1,38,36,Spain,4353,Aymeric Laporte,5719,Marco Asensio Willemsen,Complete,12.681088,63.5,25.9,75.5,30.0
3857291,2022-11-23,Group Stage,Costa Rica,1,38,39,Spain,5719,Marco Asensio Willemsen,5203,Sergio Busquets i Burgos,Complete,9.4,67.7,28.6,67.7,38.0
3857291,2022-11-23,Group Stage,Costa Rica,1,38,41,Spain,5203,Sergio Busquets i Burgos,6765,Rodrigo Hernández Cascante,Complete,9.013878,65.3,38.0,56.7,40.7
3857291,2022-11-23,Group Stage,Costa Rica,1,38,43,Spain,6765,Rodrigo Hernández Cascante,133353,Pablo Martín Páez Gavira,Complete,16.420109,56.9,43.0,70.0,52.9
3857291,2022-11-23,Group Stage,Costa Rica,1,38,45,Spain,133353,Pablo Martín Páez Gavira,5203,Sergio Busquets i Burgos,Complete,10.10198,69.0,52.3,63.7,43.7
3857291,2022-11-23,Group Stage,Costa Rica,1,38,47,Spain,5203,Sergio Busquets i Burgos,4353,Aymeric Laporte,Complete,21.554117,63.3,43.0,51.0,25.3
3857291,2022-11-23,Group Stage,Costa Rica,1,38,50,Spain,4353,Aymeric Laporte,6765,Rodrigo Hernández Cascante,Complete,20.562344,51.2,24.1,52.8,44.6
3857291,2022-11-23,Group Stage,Costa Rica,1,38,53,Spain,6765,Rodrigo Hernández Cascante,5203,Sergio Busquets i Burgos,Complete,12.586501,52.8,45.3,64.7,41.2
3857291,2022-11-23,Group Stage,Costa Rica,1,38,55,Spain,5203,Sergio Busquets i Burgos,30486,Pedro González López,Complete,13.7,68.6,40.9,68.6,27.2
3857291,2022-11-23,Group Stage,Costa Rica,1,38,58,Spain,30486,Pedro González López,5211,Jordi Alba Ramos,Complete,35.06565,74.7,33.9,93.5,4.3
3857291,2022-11-23,Group Stage,Costa Rica,1,39,4,Spain,5211,Jordi Alba Ramos,30486,Pedro González López,Complete,10.9877205,94.7,21.2,86.4,28.4
3857291,2022-11-23,Group Stage,Costa Rica,1,39,6,Spain,30486,Pedro González López,6765,Rodrigo Hernández Cascante,Complete,19.066463,83.7,31.5,74.5,48.2
3857291,2022-11-23,Group Stage,Costa Rica,1,39,8,Spain,6765,Rodrigo Hernández Cascante,3957,César Azpilicueta Tanco,Complete,24.398771,75.0,49.4,86.9,70.7
3857291,2022-11-23,Group Stage,Costa Rica,1,39,11,Spain,3957,César Azpilicueta Tanco,133353,Pablo Martín Páez Gavira,Complete,5.9211483,86.9,72.5,86.4,66.6
3857291,2022-11-23,Group Stage,Costa Rica,1,39,13,Spain,133353,Pablo Martín Páez Gavira,5203,Sergio Busquets i Burgos,Complete,7.2339478,81.2,67.3,81.9,60.1
3857291,2022-11-23,Group Stage,Costa Rica,1,39,14,Spain,5203,Sergio Busquets i Burgos,3957,César Azpilicueta Tanco,Complete,12.02539,81.9,60.1,89.4,69.5
3857291,2022-11-23,Group Stage,Costa Rica,1,39,18,Spain,3957,César Azpilicueta Tanco,6748,Ferrán Torres García,Complete,16.39756,99.5,62.7,107.7,76.9
3857291,2022-11-23,Group Stage,Costa Rica,1,39,20,Spain,6748,Ferrán Torres García,133353,Pablo Martín Páez Gavira,Complete,18.402445,107.7,76.9,90.6,70.1
3857291,2022-11-23,Group Stage,Costa Rica,1,39,22,Spain,133353,Pablo Martín Páez Gavira,5203,Sergio Busquets i Burgos,Complete,9.436631,88.8,69.7,87.2,60.4
3857291,2022-11-23,Group Stage,Costa Rica,1,39,23,Spain,5203,Sergio Busquets i Burgos,133353,Pablo Martín Páez Gavira,Complete,9.381365,87.2,60.4,82.3,68.4
3857291,2022-11-23,Group Stage,Costa Rica,1,39,25,Spain,133353,Pablo Martín Páez Gavira,5203,Sergio Busquets i Burgos,Complete,8.01561,82.3,68.4,86.7,61.7
3857291,2022-11-23,Group Stage,Costa Rica,1,39,25,Spain,5203,Sergio Busquets i Burgos,133353,Pablo Martín Páez Gavira,Complete,9.7908125,86.7,61.7,81.2,69.8
3857291,2022-11-23,Group Stage,Costa Rica,1,39,27,Spain,133353,Pablo Martín Páez Gavira,6765,Rodrigo Hernández Cascante,Complete,18.494595,81.0,69.5,68.8,55.6
3857291,2022-11-23,Group Stage,Costa Rica,1,39,29,Spain,6765,Rodrigo Hernández Cascante,4353,Aymeric Laporte,Complete,20.20099,68.1,55.6,67.9,35.4
3857291,2022-11-23,Group Stage,Costa Rica,1,39,32,Spain,4353,Aymeric Laporte,30486,Pedro González López,Complete,18.917189,69.8,31.1,75.3,13.0
3857291,2022-11-23,Group Stage,Costa Rica,1,39,34,Spain,30486,Pedro González López,5211,Jordi Alba Ramos,Complete,10.907795,75.3,12.5,81.0,3.2
3857291,2022-11-23,Group Stage,Costa Rica,1,39,37,Spain,5211,Jordi Alba Ramos,5203,Sergio Busquets i Burgos,Complete,16.06549,76.4,3.9,74.1,19.8
3857291,2022-11-23,Group Stage,Costa Rica,1,39,37,Spain,5203,Sergio Busquets i Burgos,30486,Pedro González López,Complete,17.623848,73.7,19.2,58.1,11.0
3857291,2022-11-23,Group Stage,Costa Rica,1,39,40,Spain,30486,Pedro González López,6765,Rodrigo Hernández Cascante,Complete,23.201939,58.5,21.2,63.3,43.9
3857291,2022-11-23,Group Stage,Costa Rica,1,39,43,Spain,6765,Rodrigo Hernández Cascante,3957,César Azpilicueta Tanco,Complete,44.565907,67.7,44.6,100.1,75.2
3857291,2022-11-23,Group Stage,Costa Rica,1,39,47,Spain,3957,César Azpilicueta Tanco,6748,Ferrán Torres García,Incomplete,42.744358,110.1,67.5,116.9,25.3
3857291,2022-11-23,Group Stage,Costa Rica,1,39,53,Spain,5211,Jordi Alba Ramos,30486,Pedro González López,Complete,9.920181,99.3,8.2,96.8,17.8
3857291,2022-11-23,Group Stage,Costa Rica,1,39,55,Spain,30486,Pedro González López,5203,Sergio Busquets i Burgos,Complete,15.289539,94.5,20.4,92.1,35.5
3857291,2022-11-23,Group Stage,Costa Rica,1,39,57,Spain,5203,Sergio Busquets i Burgos,3957,César Azpilicueta Tanco,Complete,30.502623,92.9,37.0,105.0,65.0
3857291,2022-11-23,Group Stage,Costa Rica,1,40,0,Spain,3957,César Azpilicueta Tanco,5719,Marco Asensio Willemsen,Complete,12.899612,103.6,65.0,92.4,58.6
3857291,2022-11-23,Group Stage,Costa Rica,1,40,2,Spain,5719,Marco Asensio Willemsen,5203,Sergio Busquets i Burgos,Complete,14.653668,92.1,58.1,86.9,44.4
3857291,2022-11-23,Group Stage,Costa Rica,1,40,4,Spain,5203,Sergio Busquets i Burgos,6748,Ferrán Torres García,Complete,13.514807,87.2,44.6,100.4,41.7
3857291,2022-11-23,Group Stage,Costa Rica,1,41,3,Spain,6765,Rodrigo Hernández Cascante,5203,Sergio Busquets i Burgos,Complete,12.434227,25.3,65.8,35.9,59.3
3857291,2022-11-23,Group Stage,Costa Rica,1,41,5,Spain,5203,Sergio Busquets i Burgos,30486,Pedro González López,Complete,28.076502,37.3,57.9,45.0,30.9
3857291,2022-11-23,Group Stage,Costa Rica,1,41,7,Spain,30486,Pedro González López,5211,Jordi Alba Ramos,Complete,17.613914,45.0,29.2,44.3,11.6
3857291,2022-11-23,Group Stage,Costa Rica,1,41,11,Spain,5211,Jordi Alba Ramos,4353,Aymeric Laporte,Complete,21.507673,45.5,11.4,34.2,29.7
3857291,2022-11-23,Group Stage,Costa Rica,1,41,14,Spain,4353,Aymeric Laporte,6765,Rodrigo Hernández Cascante,Complete,26.292395,37.2,30.6,44.7,55.8
3857291,2022-11-23,Group Stage,Costa Rica,1,41,21,Spain,6765,Rodrigo Hernández Cascante,4353,Aymeric Laporte,Complete,26.836542,52.8,56.6,51.4,29.8
3857291,2022-11-23,Group Stage,Costa Rica,1,41,25,Spain,4353,Aymeric Laporte,133353,Pablo Martín Páez Gavira,Complete,17.846289,58.3,27.2,65.1,43.7
3857291,2022-11-23,Group Stage,Costa Rica,1,41,27,Spain,133353,Pablo Martín Páez Gavira,6765,Rodrigo Hernández Cascante,Complete,13.70146,65.1,43.7,51.4,43.9
3857291,2022-11-23,Group Stage,Costa Rica,1,41,28,Spain,6765,Rodrigo Hernández Cascante,4353,Aymeric Laporte,Complete,24.811691,51.4,43.9,45.5,19.8
3857291,2022-11-23,Group Stage,Costa Rica,1,41,31,Spain,4353,Aymeric Laporte,5211,Jordi Alba Ramos,Complete,11.734565,45.9,18.8,45.0,7.1
3857291,2022-11-23,Group Stage,Costa Rica,1,41,34,Spain,5211,Jordi Alba Ramos,11748,Unai Simón Mendibil,Complete,36.032207,39.1,9.6,15.7,37.0
3857291,2022-11-23,Group Stage,Costa Rica,1,41,38,Spain,11748,Unai Simón Mendibil,6765,Rodrigo Hernández Cascante,Complete,17.366634,16.1,38.8,20.5,55.6
3857291,2022-11-23,Group Stage,Costa Rica,1,41,40,Spain,6765,Rodrigo Hernández Cascante,5203,Sergio Busquets i Burgos,Complete,13.140016,20.5,55.6,33.4,53.1
3857291,2022-11-23,Group Stage,Costa Rica,1,41,41,Spain,5203,Sergio Busquets i Burgos,3957,César Azpilicueta Tanco,Complete,25.24797,33.4,53.1,39.5,77.6
3857291,2022-11-23,Group Stage,Costa Rica,1,41,45,Spain,3957,César Azpilicueta Tanco,6748,Ferrán Torres García,Complete,48.005104,45.3,77.8,93.3,77.1
3857291,2022-11-23,Group Stage,Costa Rica,1,41,51,Spain,6748,Ferrán Torres García,5719,Marco Asensio Willemsen,Complete,18.56475,107.0,75.8,96.2,60.7
3857291,2022-11-23,Group Stage,Costa Rica,1,41,56,Spain,5719,Marco Asensio Willemsen,133353,Pablo Martín Páez Gavira,Complete,8.300602,88.8,56.2,93.7,62.9
3857291,2022-11-23,Group Stage,Costa Rica,1,41,57,Spain,133353,Pablo Martín Páez Gavira,5719,Marco Asensio Willemsen,Complete,7.4249578,93.7,62.9,88.5,57.6
3857291,2022-11-23,Group Stage,Costa Rica,1,41,58,Spain,5719,Marco Asensio Willemsen,3957,César Azpilicueta Tanco,Complete,15.339492,88.5,57.6,80.2,70.5
3857291,2022-11-23,Group Stage,Costa Rica,1,42,0,Spain,3957,César Azpilicueta Tanco,5719,Marco Asensio Willemsen,Complete,8.321658,80.2,70.5,87.2,66.0
3857291,2022-11-23,Group Stage,Costa Rica,1,42,1,Spain,5719,Marco Asensio Willemsen,133353,Pablo Martín Páez Gavira,Complete,6.670832,87.2,66.0,93.7,67.5
3857291,2022-11-23,Group Stage,Costa Rica,1,42,1,Spain,133353,Pablo Martín Páez Gavira,5719,Marco Asensio Willemsen,Complete,6.59242,93.7,67.5,87.2,66.4
3857291,2022-11-23,Group Stage,Costa Rica,1,42,3,Spain,5719,Marco Asensio Willemsen,5211,Jordi Alba Ramos,Complete,53.3496,87.2,65.4,84.9,12.1
3857291,2022-11-23,Group Stage,Costa Rica,1,42,8,Spain,5211,Jordi Alba Ramos,30486,Pedro González López,Complete,14.361754,87.4,11.2,82.5,24.7
3857291,2022-11-23,Group Stage,Costa Rica,1,42,10,Spain,30486,Pedro González López,16532,Daniel Olmo Carvajal,Complete,7.0035706,86.6,25.3,93.5,24.1
3857291,2022-11-23,Group Stage,Costa Rica,1,42,10,Spain,16532,Daniel Olmo Carvajal,5719,Marco Asensio Willemsen,Complete,7.3082147,93.5,24.1,95.6,31.1
3857291,2022-11-23,Group Stage,Costa Rica,1,42,11,Spain,5719,Marco Asensio Willemsen,16532,Daniel Olmo Carvajal,Incomplete,11.764353,96.0,31.5,105.6,24.7
3857291,2022-11-23,Group Stage,Costa Rica,1,42,16,Spain,6765,Rodrigo Hernández Cascante,5203,Sergio Busquets i Burgos,Complete,7.465253,80.2,51.3,84.9,45.5
3857291,2022-11-23,Group Stage,Costa Rica,1,42,17,Spain,5203,Sergio Busquets i Burgos,5719,Marco Asensio Willemsen,Complete,15.101324,87.2,45.1,87.4,30.0
3857291,2022-11-23,Group Stage,Costa Rica,1,42,27,Spain,30486,Pedro González López,4353,Aymeric Laporte,Complete,11.423659,59.8,7.3,55.3,17.8
3857291,2022-11-23,Group Stage,Costa Rica,1,42,30,Spain,4353,Aymeric Laporte,6765,Rodrigo Hernández Cascante,Complete,26.169065,55.7,21.7,57.6,47.8
3857291,2022-11-23,Group Stage,Costa Rica,1,42,36,Spain,6765,Rodrigo Hernández Cascante,4353,Aymeric Laporte,Complete,20.309603,67.9,44.6,57.1,27.4
3857291,2022-11-23,Group Stage,Costa Rica,1,42,38,Spain,4353,Aymeric Laporte,3957,César Azpilicueta Tanco,Complete,32.67736,61.2,31.5,57.8,64.0
3857291,2022-11-23,Group Stage,Costa Rica,1,42,41,Spain,3957,César Azpilicueta Tanco,133353,Pablo Martín Páez Gavira,Complete,15.638734,58.1,64.0,72.5,70.1
3857291,2022-11-23,Group Stage,Costa Rica,1,42,43,Spain,133353,Pablo Martín Páez Gavira,5203,Sergio Busquets i Burgos,Complete,14.516887,74.3,70.1,75.0,55.6
3857291,2022-11-23,Group Stage,Costa Rica,1,42,44,Spain,5203,Sergio Busquets i Burgos,30486,Pedro González López,Complete,26.869314,75.0,55.6,70.0,29.2
3857291,2022-11-23,Group Stage,Costa Rica,1,42,48,Spain,30486,Pedro González López,5719,Marco Asensio Willemsen,Complete,9.14385,74.5,30.6,81.4,36.6
3857291,2022-11-23,Group Stage,Costa Rica,1,42,48,Spain,5719,Marco Asensio Willemsen,5211,Jordi Alba Ramos,Complete,31.484123,81.4,36.6,84.8,5.3
3857291,2022-11-23,Group Stage,Costa Rica,1,42,51,Spain,5211,Jordi Alba Ramos,16532,Daniel Olmo Carvajal,Complete,14.912076,87.2,5.7,87.8,20.6
3857291,2022-11-23,Group Stage,Costa Rica,1,42,54,Spain,16532,Daniel Olmo Carvajal,5203,Sergio Busquets i Burgos,Complete,12.539936,86.2,20.6,80.0,31.5
3857291,2022-11-23,Group Stage,Costa Rica,1,42,55,Spain,5203,Sergio Busquets i Burgos,30486,Pedro González López,Complete,15.892766,80.0,31.5,71.3,18.2
3857291,2022-11-23,Group Stage,Costa Rica,1,42,56,Spain,30486,Pedro González López,6765,Rodrigo Hernández Cascante,Complete,26.191984,71.3,18.2,67.4,44.1
3857291,2022-11-23,Group Stage,Costa Rica,1,43,0,Spain,6765,Rodrigo Hernández Cascante,3957,César Azpilicueta Tanco,Complete,18.562597,75.7,54.7,81.6,72.3
3857291,2022-11-23,Group Stage,Costa Rica,1,43,3,Spain,3957,César Azpilicueta Tanco,6765,Rodrigo Hernández Cascante,Complete,18.528357,81.0,72.3,68.1,59.0
3857291,2022-11-23,Group Stage,Costa Rica,1,43,6,Spain,6765,Rodrigo Hernández Cascante,3957,César Azpilicueta Tanco,Complete,8.15414,68.8,68.0,64.3,74.8
3857291,2022-11-23,Group Stage,Costa Rica,1,43,7,Spain,3957,César Azpilicueta Tanco,11748,Unai Simón Mendibil,Complete,42.079212,63.7,74.8,32.2,46.9
3857291,2022-11-23,Group Stage,Costa Rica,1,43,10,Spain,11748,Unai Simón Mendibil,4353,Aymeric Laporte,Complete,14.623953,32.2,46.9,44.1,38.4
3857291,2022-11-23,Group Stage,Costa Rica,1,43,13,Spain,4353,Aymeric Laporte,30486,Pedro González López,Complete,14.732956,45.5,27.4,51.4,13.9
3857291,2022-11-23,Group Stage,Costa Rica,1,43,16,Spain,30486,Pedro González López,4353,Aymeric Laporte,Complete,14.131525,51.4,13.9,46.1,27.0
3857291,2022-11-23,Group Stage,Costa Rica,1,43,18,Spain,4353,Aymeric Laporte,6765,Rodrigo Hernández Cascante,Complete,19.092407,46.5,27.2,53.9,44.8
3857291,2022-11-23,Group Stage,Costa Rica,1,43,21,Spain,6765,Rodrigo Hernández Cascante,133353,Pablo Martín Páez Gavira,Complete,22.261177,57.1,47.4,76.1,59.0
3857291,2022-11-23,Group Stage,Costa Rica,1,43,31,Spain,6765,Rodrigo Hernández Cascante,5203,Sergio Busquets i Burgos,Complete,9.148224,43.8,64.6,52.6,62.1
3857291,2022-11-23,Group Stage,Costa Rica,1,43,33,Spain,5203,Sergio Busquets i Burgos,3957,César Azpilicueta Tanco,Complete,16.918924,52.3,62.1,57.8,78.1
3857291,2022-11-23,Group Stage,Costa Rica,1,43,35,Spain,3957,César Azpilicueta Tanco,6748,Ferrán Torres García,Complete,10.822661,58.0,78.3,68.8,77.6
3857291,2022-11-23,Group Stage,Costa Rica,1,43,46,Spain,3957,César Azpilicueta Tanco,5719,Marco Asensio Willemsen,Complete,36.618164,69.0,76.9,75.7,40.9
3857291,2022-11-23,Group Stage,Costa Rica,1,43,50,Spain,5719,Marco Asensio Willemsen,16532,Daniel Olmo Carvajal,Complete,10.716809,87.2,30.9,86.6,20.2
3857291,2022-11-23,Group Stage,Costa Rica,1,43,52,Spain,16532,Daniel Olmo Carvajal,5211,Jordi Alba Ramos,Complete,10.394711,87.2,18.5,79.8,11.2
3857291,2022-11-23,Group Stage,Costa Rica,1,43,53,Spain,5211,Jordi Alba Ramos,30486,Pedro González López,Complete,16.23607,79.8,11.2,75.3,26.8
3857291,2022-11-23,Group Stage,Costa Rica,1,43,56,Spain,30486,Pedro González López,6765,Rodrigo Hernández Cascante,Complete,18.391846,76.6,30.0,66.7,45.5
3857291,2022-11-23,Group Stage,Costa Rica,1,43,58,Spain,6765,Rodrigo Hernández Cascante,133353,Pablo Martín Páez Gavira,Complete,13.9603,66.7,45.5,75.9,56.0
3857291,2022-11-23,Group Stage,Costa Rica,1,44,0,Spain,133353,Pablo Martín Páez Gavira,6765,Rodrigo Hernández Cascante,Complete,17.407183,73.7,57.2,58.8,48.2
3857291,2022-11-23,Group Stage,Costa Rica,1,44,1,Spain,6765,Rodrigo Hernández Cascante,30486,Pedro González López,Complete,25.042763,57.3,48.0,69.8,26.3
3857291,2022-11-23,Group Stage,Costa Rica,1,44,3,Spain,30486,Pedro González López,16532,Daniel Olmo Carvajal,Complete,11.621101,69.8,26.3,81.4,25.6
3857291,2022-11-23,Group Stage,Costa Rica,1,44,7,Spain,16532,Daniel Olmo Carvajal,30486,Pedro González López,Complete,10.484751,75.3,25.1,81.0,16.3
3857291,2022-11-23,Group Stage,Costa Rica,1,44,8,Spain,30486,Pedro González López,5211,Jordi Alba Ramos,Complete,16.560194,81.0,16.3,94.2,6.3
3857291,2022-11-23,Group Stage,Costa Rica,1,44,11,Spain,5211,Jordi Alba Ramos,16532,Daniel Olmo Carvajal,Complete,18.384777,94.4,6.3,87.4,23.3
3857291,2022-11-23,Group Stage,Costa Rica,1,44,12,Spain,16532,Daniel Olmo Carvajal,5203,Sergio Busquets i Burgos,Complete,4.3382025,87.4,23.3,85.5,27.2
3857291,2022-11-23,Group Stage,Costa Rica,1,44,14,Spain,5203,Sergio Busquets i Burgos,133353,Pablo Martín Páez Gavira,Complete,25.612692,85.5,27.4,91.5,52.3
3857291,2022-11-23,Group Stage,Costa Rica,1,44,15,Spain,133353,Pablo Martín Páez Gavira,5203,Sergio Busquets i Burgos,Complete,18.149656,89.9,51.3,86.9,33.4
3857291,2022-11-23,Group Stage,Costa Rica,1,44,17,Spain,5203,Sergio Busquets i Burgos,30486,Pedro González López,Complete,8.70919,84.9,32.9,87.2,24.5
3857291,2022-11-23,Group Stage,Costa Rica,1,44,18,Spain,30486,Pedro González López,5719,Marco Asensio Willemsen,Complete,8.402381,87.2,24.5,95.6,24.3
3857291,2022-11-23,Group Stage,Costa Rica,1,44,21,Spain,5719,Marco Asensio Willemsen,5211,Jordi Alba Ramos,Pass Offside,13.559499,94.2,20.6,100.7,8.7
3857291,2022-11-23,Group Stage,Costa Rica,1,44,54,Spain,5203,Sergio Busquets i Burgos,4353,Aymeric Laporte,Complete,11.859595,31.8,16.7,21.0,11.8
3857291,2022-11-23,Group Stage,Costa Rica,1,44,54,Spain,4353,Aymeric Laporte,5211,Jordi Alba Ramos,Complete,11.792371,21.0,11.8,30.1,4.3
3857291,2022-11-23,Group Stage,Costa Rica,1,44,57,Spain,5211,Jordi Alba Ramos,4353,Aymeric Laporte,Complete,20.632013,30.1,4.7,9.9,8.9
3857291,2022-11-23,Group Stage,Costa Rica,1,45,0,Spain,4353,Aymeric Laporte,3957,César Azpilicueta Tanco,Complete,42.206398,7.9,15.7,16.6,57.0
3857291,2022-11-23,Group Stage,Costa Rica,1,45,3,Spain,3957,César Azpilicueta Tanco,133353,Pablo Martín Páez Gavira,Complete,16.56774,16.6,57.0,32.6,52.7
3857291,2022-11-23,Group Stage,Costa Rica,1,45,6,Spain,133353,Pablo Martín Páez Gavira,6748,Ferrán Torres García,Incomplete,68.50358,35.6,53.1,104.1,53.8
3857291,2022-11-23,Group Stage,Costa Rica,1,45,49,Spain,5211,Jordi Alba Ramos,4353,Aymeric Laporte,Complete,20.181427,54.9,6.6,35.4,11.8
3857291,2022-11-23,Group Stage,Costa Rica,1,45,52,Spain,4353,Aymeric Laporte,6765,Rodrigo Hernández Cascante,Complete,25.504902,39.3,14.1,38.8,39.6
3857291,2022-11-23,Group Stage,Costa Rica,1,45,58,Spain,6765,Rodrigo Hernández Cascante,5203,Sergio Busquets i Burgos,Complete,9.035485,48.6,47.6,57.6,46.8
3857291,2022-11-23,Group Stage,Costa Rica,1,45,59,Spain,5203,Sergio Busquets i Burgos,3957,César Azpilicueta Tanco,Complete,31.964043,57.6,46.8,61.7,78.5
3857291,2022-11-23,Group Stage,Costa Rica,1,46,33,Spain,6765,Rodrigo Hernández Cascante,11748,Unai Simón Mendibil,Complete,32.567776,10.4,75.0,8.3,42.5
3857291,2022-11-23,Group Stage,Costa Rica,1,46,36,Spain,11748,Unai Simón Mendibil,30486,Pedro González López,Complete,22.114475,10.9,37.8,33.0,38.6
3857291,2022-11-23,Group Stage,Costa Rica,1,46,38,Spain,30486,Pedro González López,6765,Rodrigo Hernández Cascante,Complete,23.631546,32.4,38.6,21.0,59.3
3857291,2022-11-23,Group Stage,Costa Rica,1,46,43,Spain,6765,Rodrigo Hernández Cascante,5203,Sergio Busquets i Burgos,Complete,8.13941,38.8,59.7,44.8,54.2
3857291,2022-11-23,Group Stage,Costa Rica,1,46,46,Spain,5203,Sergio Busquets i Burgos,16532,Daniel Olmo Carvajal,Complete,38.63936,47.3,49.9,64.5,15.3
3857291,2022-11-23,Group Stage,Costa Rica,1,46,48,Spain,16532,Daniel Olmo Carvajal,30486,Pedro González López,Complete,5.1546097,64.5,15.3,62.9,20.2
3857291,2022-11-23,Group Stage,Costa Rica,1,46,49,Spain,30486,Pedro González López,5211,Jordi Alba Ramos,Complete,11.047625,62.9,20.2,57.8,10.4
3857291,2022-11-23,Group Stage,Costa Rica,1,46,50,Spain,5211,Jordi Alba Ramos,30486,Pedro González López,Complete,9.2,57.8,10.4,57.8,19.6
3857291,2022-11-23,Group Stage,Costa Rica,1,46,51,Spain,30486,Pedro González López,4353,Aymeric Laporte,Complete,13.106106,57.3,20.4,45.7,26.5
3857291,2022-11-23,Group Stage,Costa Rica,1,46,52,Spain,4353,Aymeric Laporte,5203,Sergio Busquets i Burgos,Complete,13.172699,45.7,26.5,57.1,33.1
3857291,2022-11-23,Group Stage,Costa Rica,1,46,54,Spain,5203,Sergio Busquets i Burgos,4353,Aymeric Laporte,Complete,13.431679,56.7,32.0,46.3,23.5
3857291,2022-11-23,Group Stage,Costa Rica,1,46,58,Spain,4353,Aymeric Laporte,6765,Rodrigo Hernández Cascante,Complete,20.738611,51.4,21.2,41.1,39.2
3857291,2022-11-23,Group Stage,Costa Rica,1,47,1,Spain,6765,Rodrigo Hernández Cascante,3957,César Azpilicueta Tanco,Complete,32.3736,40.6,41.4,44.8,73.5
3857291,2022-11-23,Group Stage,Costa Rica,1,47,4,Spain,3957,César Azpilicueta Tanco,6765,Rodrigo Hernández Cascante,Complete,18.40489,44.8,71.9,39.1,54.4
3857291,2022-11-23,Group Stage,Costa Rica,1,47,6,Spain,6765,Rodrigo Hernández Cascante,133353,Pablo Martín Páez Gavira,Complete,16.300306,45.0,54.9,58.1,64.6
3857291,2022-11-23,Group Stage,Costa Rica,1,47,8,Spain,133353,Pablo Martín Páez Gavira,6765,Rodrigo Hernández Cascante,Complete,22.09887,56.5,64.8,36.5,55.4
3857291,2022-11-23,Group Stage,Costa Rica,1,47,11,Spain,6765,Rodrigo Hernández Cascante,4353,Aymeric Laporte,Complete,28.738825,34.7,57.0,39.1,28.6
3857291,2022-11-23,Group Stage,Costa Rica,1,47,15,Spain,4353,Aymeric Laporte,5203,Sergio Busquets i Burgos,Complete,18.73019,46.1,26.5,62.0,36.4
3857291,2022-11-23,Group Stage,Costa Rica,1,47,16,Spain,5203,Sergio Busquets i Burgos,6765,Rodrigo Hernández Cascante,Complete,22.737854,62.0,36.4,45.0,51.5
3857291,2022-11-23,Group Stage,Costa Rica,1,47,19,Spain,6765,Rodrigo Hernández Cascante,133353,Pablo Martín Páez Gavira,Complete,30.233755,45.9,51.9,74.7,61.1
3857291,2022-11-23,Group Stage,Costa Rica,1,47,23,Spain,133353,Pablo Martín Páez Gavira,5719,Marco Asensio Willemsen,Incomplete,47.302643,92.1,60.7,114.8,19.2
3857291,2022-11-23,Group Stage,Costa Rica,1,47,36,Spain,5211,Jordi Alba Ramos,4353,Aymeric Laporte,Complete,19.015783,92.9,0.1,75.3,7.3
3857291,2022-11-23,Group Stage,Costa Rica,1,47,38,Spain,4353,Aymeric Laporte,5211,Jordi Alba Ramos,Complete,13.017296,75.9,8.0,88.0,3.2
3857291,2022-11-23,Group Stage,Costa Rica,1,47,39,Spain,5211,Jordi Alba Ramos,30486,Pedro González López,Complete,9.4,88.0,3.2,88.0,12.6
3857291,2022-11-23,Group Stage,Costa Rica,1,47,40,Spain,30486,Pedro González López,4353,Aymeric Laporte,Complete,12.80039,87.4,13.0,74.7,11.4
3857291,2022-11-23,Group Stage,Costa Rica,1,47,44,Spain,4353,Aymeric Laporte,6765,Rodrigo Hernández Cascante,Complete,20.327322,75.2,18.0,67.0,36.6
3857291,2022-11-23,Group Stage,Costa Rica,1,47,47,Spain,6765,Rodrigo Hernández Cascante,3957,César Azpilicueta Tanco,Complete,19.910048,66.1,37.8,62.6,57.4
3857291,2022-11-23,Group Stage,Costa Rica,1,47,49,Spain,3957,César Azpilicueta Tanco,5203,Sergio Busquets i Burgos,Complete,10.762899,61.2,51.9,68.4,43.9
3857291,2022-11-23,Group Stage,Costa Rica,1,47,51,Spain,5203,Sergio Busquets i Burgos,4353,Aymeric Laporte,Complete,24.763077,65.3,43.0,57.8,19.4
3857291,2022-11-23,Group Stage,Costa Rica,1,47,54,Spain,4353,Aymeric Laporte,30486,Pedro González López,Complete,11.815245,57.8,20.2,69.6,20.8
3857291,2022-11-23,Group Stage,Costa Rica,1,47,55,Spain,30486,Pedro González López,5211,Jordi Alba Ramos,Complete,14.612324,69.4,19.4,68.8,4.8
3857291,2022-11-23,Group Stage,Costa Rica,1,47,56,Spain,5211,Jordi Alba Ramos,4353,Aymeric Laporte,Complete,26.251476,68.8,4.8,45.3,16.5
3857291,2022-11-23,Group Stage,Costa Rica,1,48,2,Spain,4353,Aymeric Laporte,30486,Pedro González López,Complete,25.347584,45.0,25.6,58.1,3.9
3857291,2022-11-23,Group Stage,Costa Rica,1,48,4,Spain,30486,Pedro González López,4353,Aymeric Laporte,Complete,19.042059,58.1,3.9,42.7,15.1
3857291,2022-11-23,Group Stage,Costa Rica,1,48,8,Spain,4353,Aymeric Laporte,30486,Pedro González López,Complete,11.615507,46.9,15.1,58.5,15.7
3857291,2022-11-23,Group Stage,Costa Rica,1,48,10,Spain,30486,Pedro González López,5203,Sergio Busquets i Burgos,Complete,12.4169235,57.6,18.8,55.9,31.1
3857291,2022-11-23,Group Stage,Costa Rica,1,48,11,Spain,5203,Sergio Busquets i Burgos,4353,Aymeric Laporte,Complete,18.042173,55.9,31.1,45.3,16.5
3857291,2022-11-23,Group Stage,Costa Rica,1,48,13,Spain,4353,Aymeric Laporte,5211,Jordi Alba Ramos,Complete,16.56804,46.9,15.7,58.0,3.4
3857291,2022-11-23,Group Stage,Costa Rica,1,48,16,Spain,5211,Jordi Alba Ramos,30486,Pedro González López,Complete,11.580155,57.1,3.6,60.4,14.7
3857291,2022-11-23,Group Stage,Costa Rica,1,48,17,Spain,30486,Pedro González López,5211,Jordi Alba Ramos,Complete,11.080162,57.6,15.7,51.0,6.8
3857291,2022-11-23,Group Stage,Costa Rica,1,48,17,Spain,5211,Jordi Alba Ramos,4353,Aymeric Laporte,Complete,16.27882,51.0,6.8,39.0,17.8
3857291,2022-11-23,Group Stage,Costa Rica,1,48,24,Spain,4353,Aymeric Laporte,5211,Jordi Alba Ramos,Complete,9.64002,39.0,21.0,44.8,13.3
3857291,2022-11-23,Group Stage,Costa Rica,1,48,28,Spain,5211,Jordi Alba Ramos,30486,Pedro González López,Complete,9.786215,62.9,13.5,61.0,23.1
3857291,2022-11-23,Group Stage,Costa Rica,1,48,29,Spain,30486,Pedro González López,5719,Marco Asensio Willemsen,Complete,16.224672,61.5,24.1,75.5,32.3
3857291,2022-11-23,Group Stage,Costa Rica,1,48,31,Spain,5719,Marco Asensio Willemsen,5211,Jordi Alba Ramos,Complete,11.672618,73.7,30.0,75.7,18.5
3857291,2022-11-23,Group Stage,Costa Rica,1,48,32,Spain,5211,Jordi Alba Ramos,5719,Marco Asensio Willemsen,Complete,5.5226803,75.7,18.5,71.6,22.2
3857291,2022-11-23,Group Stage,Costa Rica,1,48,32,Spain,5719,Marco Asensio Willemsen,,,Unknown,2.408319,71.6,22.2,73.4,20.6
3857291,2022-11-23,Group Stage,Costa Rica,1,48,44,Spain,30486,Pedro González López,4353,Aymeric Laporte,Complete,18.039955,68.8,20.2,50.8,19.0
3857291,2022-11-23,Group Stage,Costa Rica,1,48,47,Spain,4353,Aymeric Laporte,5211,Jordi Alba Ramos,Complete,19.380661,53.0,18.8,68.6,7.3
3857291,2022-11-23,Group Stage,Costa Rica,1,48,51,Spain,5211,Jordi Alba Ramos,5203,Sergio Busquets i Burgos,Complete,23.937,81.0,11.0,72.3,33.3
3857291,2022-11-23,Group Stage,Costa Rica,1,48,52,Spain,5203,Sergio Busquets i Burgos,30486,Pedro González López,Complete,8.041144,71.6,33.4,74.5,25.9
3857291,2022-11-23,Group Stage,Costa Rica,1,48,55,Spain,30486,Pedro González López,4353,Aymeric Laporte,Complete,13.534031,71.1,24.9,58.0,21.5
3857291,2022-11-23,Group Stage,Costa Rica,1,49,1,Spain,4353,Aymeric Laporte,30486,Pedro González López,Complete,12.020399,68.4,22.2,67.7,10.2
3857291,2022-11-23,Group Stage,Costa Rica,1,49,4,Spain,30486,Pedro González López,6765,Rodrigo Hernández Cascante,Complete,31.512537,64.3,13.3,55.3,43.5
3857291,2022-11-23,Group Stage,Costa Rica,1,49,8,Spain,6765,Rodrigo Hernández Cascante,5203,Sergio Busquets i Burgos,Complete,11.682894,58.1,44.1,67.6,37.3
3857291,2022-11-23,Group Stage,Costa Rica,1,49,9,Spain,5203,Sergio Busquets i Burgos,30486,Pedro González López,Complete,9.06973,67.6,37.3,72.7,29.8
3857291,2022-11-23,Group Stage,Costa Rica,1,49,13,Spain,30486,Pedro González López,5719,Marco Asensio Willemsen,Complete,13.700365,94.7,39.8,105.6,31.5
3857291,2022-11-23,Group Stage,Costa Rica,1,49,47,Spain,4353,Aymeric Laporte,3957,César Azpilicueta Tanco,Complete,12.567418,34.7,28.4,33.4,40.9
3857291,2022-11-23,Group Stage,Costa Rica,1,49,48,Spain,3957,César Azpilicueta Tanco,11748,Unai Simón Mendibil,Complete,18.659313,33.4,40.7,15.0,37.6
3857291,2022-11-23,Group Stage,Costa Rica,1,49,54,Spain,11748,Unai Simón Mendibil,4353,Aymeric Laporte,Complete,11.194641,16.4,39.4,20.0,28.8
3857291,2022-11-23,Group Stage,Costa Rica,1,49,59,Spain,4353,Aymeric Laporte,6765,Rodrigo Hernández Cascante,Complete,22.203154,23.2,28.8,27.9,50.5
3857291,2022-11-23,Group Stage,Costa Rica,2,45,6,Spain,4353,Aymeric Laporte,,,Incomplete,37.184135,37.0,29.6,74.1,32.1
3857291,2022-11-23,Group Stage,Costa Rica,2,45,13,Spain,3957,César Azpilicueta Tanco,,,Incomplete,20.274368,35.2,46.0,52.1,34.8
3857291,2022-11-23,Group Stage,Costa Rica,2,45,18,Spain,4353,Aymeric Laporte,11748,Unai Simón Mendibil,Complete,26.782457,32.5,37.0,5.8,39.1
3857291,2022-11-23,Group Stage,Costa Rica,2,45,23,Spain,11748,Unai Simón Mendibil,4353,Aymeric Laporte,Complete,15.116217,6.1,38.4,11.0,24.1
3857291,2022-11-23,Group Stage,Costa Rica,2,45,28,Spain,4353,Aymeric Laporte,5211,Jordi Alba Ramos,Complete,21.953587,11.0,23.5,17.4,2.5
3857291,2022-11-23,Group Stage,Costa Rica,2,45,30,Spain,5211,Jordi Alba Ramos,16532,Daniel Olmo Carvajal,Complete,21.108528,18.0,2.5,39.1,3.1
3857291,2022-11-23,Group Stage,Costa Rica,2,45,44,Spain,5211,Jordi Alba Ramos,30486,Pedro González López,Complete,7.5186434,40.6,0.1,38.8,7.4
3857291,2022-11-23,Group Stage,Costa Rica,2,45,47,Spain,30486,Pedro González López,6765,Rodrigo Hernández Cascante,Complete,30.501148,32.1,5.8,18.7,33.2
3857291,2022-11-23,Group Stage,Costa Rica,2,45,54,Spain,6765,Rodrigo Hernández Cascante,3957,César Azpilicueta Tanco,Complete,21.727861,34.1,38.1,33.0,59.8
3857291,2022-11-23,Group Stage,Costa Rica,2,45,57,Spain,3957,César Azpilicueta Tanco,5203,Sergio Busquets i Burgos,Complete,16.03278,30.9,58.0,37.3,43.3
3857291,2022-11-23,Group Stage,Costa Rica,2,45,58,Spain,5203,Sergio Busquets i Burgos,133353,Pablo Martín Páez Gavira,Complete,18.249657,37.0,43.3,43.1,60.5
3857291,2022-11-23,Group Stage,Costa Rica,2,46,3,Spain,3957,César Azpilicueta Tanco,11748,Unai Simón Mendibil,Complete,25.296047,22.6,56.9,3.6,40.2
3857291,2022-11-23,Group Stage,Costa Rica,2,46,6,Spain,11748,Unai Simón Mendibil,5211,Jordi Alba Ramos,Complete,42.346783,6.7,40.4,28.0,3.8
3857291,2022-11-23,Group Stage,Costa Rica,2,46,11,Spain,5211,Jordi Alba Ramos,30486,Pedro González López,Complete,9.771898,31.1,4.0,34.1,13.3
3857291,2022-11-23,Group Stage,Costa Rica,2,46,16,Spain,30486,Pedro González López,6765,Rodrigo Hernández Cascante,Complete,28.35842,34.5,17.8,28.9,45.6
3857291,2022-11-23,Group Stage,Costa Rica,2,46,22,Spain,6765,Rodrigo Hernández Cascante,3957,César Azpilicueta Tanco,Complete,19.409277,38.1,48.1,46.7,65.5
3857291,2022-11-23,Group Stage,Costa Rica,2,46,24,Spain,3957,César Azpilicueta Tanco,6748,Ferrán Torres García,Complete,13.092364,46.1,67.3,58.2,72.3
3857291,2022-11-23,Group Stage,Costa Rica,2,46,27,Spain,6748,Ferrán Torres García,3957,César Azpilicueta Tanco,Incomplete,5.3235326,53.0,71.3,48.3,73.8
3857291,2022-11-23,Group Stage,Costa Rica,2,46,41,Spain,3957,César Azpilicueta Tanco,6748,Ferrán Torres García,Complete,19.962465,45.1,80.0,40.0,60.7
3857291,2022-11-23,Group Stage,Costa Rica,2,46,43,Spain,6748,Ferrán Torres García,11748,Unai Simón Mendibil,Complete,30.231937,39.7,59.4,12.6,46.0
3857291,2022-11-23,Group Stage,Costa Rica,2,46,45,Spain,11748,Unai Simón Mendibil,4353,Aymeric Laporte,Complete,13.368994,12.1,46.0,19.4,34.8
3857291,2022-11-23,Group Stage,Costa Rica,2,46,51,Spain,4353,Aymeric Laporte,5211,Jordi Alba Ramos,Complete,21.858866,35.6,20.8,50.6,4.9
3857291,2022-11-23,Group Stage,Costa Rica,2,46,55,Spain,5211,Jordi Alba Ramos,16532,Daniel Olmo Carvajal,Complete,14.787157,63.2,7.4,77.7,4.5
3857291,2022-11-23,Group Stage,Costa Rica,2,46,57,Spain,16532,Daniel Olmo Carvajal,30486,Pedro González López,Complete,12.653063,77.4,4.2,65.3,7.9
3857291,2022-11-23,Group Stage,Costa Rica,2,46,58,Spain,30486,Pedro González López,16532,Daniel Olmo Carvajal,Complete,10.5948105,65.3,9.5,74.1,3.6
3857291,2022-11-23,Group Stage,Costa Rica,2,47,1,Spain,16532,Daniel Olmo Carvajal,30486,Pedro González López,Complete,12.593649,73.1,2.9,60.7,5.1
3857291,2022-11-23,Group Stage,Costa Rica,2,47,4,Spain,30486,Pedro González López,6765,Rodrigo Hernández Cascante,Complete,35.263153,56.0,7.4,51.7,42.4
3857291,2022-11-23,Group Stage,Costa Rica,2,47,7,Spain,6765,Rodrigo Hernández Cascante,3957,César Azpilicueta Tanco,Complete,16.923948,57.1,42.2,56.2,59.1
3857291,2022-11-23,Group Stage,Costa Rica,2,47,11,Spain,3957,César Azpilicueta Tanco,5203,Sergio Busquets i Burgos,Complete,13.809055,62.3,63.9,62.8,50.1
3857291,2022-11-23,Group Stage,Costa Rica,2,47,12,Spain,5203,Sergio Busquets i Burgos,5719,Marco Asensio Willemsen,Incomplete,11.101802,62.8,50.1,72.5,44.7
3857291,2022-11-23,Group Stage,Costa Rica,2,47,17,Spain,3957,César Azpilicueta Tanco,11748,Unai Simón Mendibil,Complete,22.189411,31.2,56.4,12.6,44.3
3857291,2022-11-23,Group Stage,Costa Rica,2,47,20,Spain,11748,Unai Simón Mendibil,4353,Aymeric Laporte,Complete,23.241774,11.5,44.3,20.8,23.0
3857291,2022-11-23,Group Stage,Costa Rica,2,47,24,Spain,4353,Aymeric Laporte,30486,Pedro González López,Complete,12.2147455,20.1,24.1,32.3,23.5
3857291,2022-11-23,Group Stage,Costa Rica,2,47,28,Spain,30486,Pedro González López,3957,César Azpilicueta Tanco,Complete,43.654667,26.8,27.7,47.0,66.4
3857291,2022-11-23,Group Stage,Costa Rica,2,47,35,Spain,3957,César Azpilicueta Tanco,5719,Marco Asensio Willemsen,Complete,18.201649,97.3,55.1,94.0,37.2
3857291,2022-11-23,Group Stage,Costa Rica,2,48,16,Spain,6748,Ferrán Torres García,133353,Pablo Martín Páez Gavira,Incomplete,4.830114,47.4,59.8,45.2,55.5
3857291,2022-11-23,Group Stage,Costa Rica,2,48,34,Spain,30486,Pedro González López,5211,Jordi Alba Ramos,Complete,12.553884,20.3,41.1,15.5,29.5
3857291,2022-11-23,Group Stage,Costa Rica,2,48,36,Spain,5211,Jordi Alba Ramos,5203,Sergio Busquets i Burgos,Complete,20.940392,15.5,29.5,22.6,49.2
3857291,2022-11-23,Group Stage,Costa Rica,2,48,38,Spain,5203,Sergio Busquets i Burgos,5719,Marco Asensio Willemsen,Complete,21.298122,24.1,35.9,39.7,50.4
3857291,2022-11-23,Group Stage,Costa Rica,2,48,44,Spain,5719,Marco Asensio Willemsen,30486,Pedro González López,Complete,18.69599,75.7,48.3,78.4,29.8
3857291,2022-11-23,Group Stage,Costa Rica,2,48,48,Spain,30486,Pedro González López,16532,Daniel Olmo Carvajal,Complete,11.44028,91.5,28.4,98.3,19.2
3857291,2022-11-23,Group Stage,Costa Rica,2,49,19,Spain,5211,Jordi Alba Ramos,5203,Sergio Busquets i Burgos,Complete,13.857128,32.0,6.3,39.1,18.2
3857291,2022-11-23,Group Stage,Costa Rica,2,49,22,Spain,5203,Sergio Busquets i Burgos,6765,Rodrigo Hernández Cascante,Complete,20.909567,38.8,20.8,32.7,40.8
3857291,2022-11-23,Group Stage,Costa Rica,2,49,25,Spain,6765,Rodrigo Hernández Cascante,3957,César Azpilicueta Tanco,Complete,23.850367,39.5,44.7,46.5,67.5
3857291,2022-11-23,Group Stage,Costa Rica,2,49,28,Spain,3957,César Azpilicueta Tanco,11748,Unai Simón Mendibil,Complete,35.92896,43.4,68.2,12.6,49.7
3857291,2022-11-23,Group Stage,Costa Rica,2,49,31,Spain,11748,Unai Simón Mendibil,4353,Aymeric Laporte,Complete,25.770138,15.8,48.3,20.7,23.0
3857291,2022-11-23,Group Stage,Costa Rica,2,49,39,Spain,4353,Aymeric Laporte,5211,Jordi Alba Ramos,Complete,17.710167,35.7,18.0,49.5,6.9
3857291,2022-11-23,Group Stage,Costa Rica,2,49,42,Spain,5211,Jordi Alba Ramos,30486,Pedro González López,Complete,10.107423,72.9,6.7,63.9,11.3
3857291,2022-11-23,Group Stage,Costa Rica,2,49,46,Spain,30486,Pedro González López,5719,Marco Asensio Willemsen,Complete,15.155857,63.9,11.3,75.2,21.4
3857291,2022-11-23,Group Stage,Costa Rica,2,49,48,Spain,5719,Marco Asensio Willemsen,16532,Daniel Olmo Carvajal,Complete,14.250614,75.4,18.7,76.6,4.5
3857291,2022-11-23,Group Stage,Costa Rica,2,49,50,Spain,16532,Daniel Olmo Carvajal,30486,Pedro González López,Complete,17.08479,76.3,3.6,62.1,13.1
3857291,2022-11-23,Group Stage,Costa Rica,2,49,53,Spain,30486,Pedro González López,3957,César Azpilicueta Tanco,Complete,42.120304,62.8,22.5,56.2,64.1
3857291,2022-11-23,Group Stage,Costa Rica,2,49,56,Spain,3957,César Azpilicueta Tanco,6765,Rodrigo Hernández Cascante,Complete,11.005907,56.7,61.6,51.5,51.9
3857291,2022-11-23,Group Stage,Costa Rica,2,49,58,Spain,6765,Rodrigo Hernández Cascante,5203,Sergio Busquets i Burgos,Complete,11.220071,51.5,51.9,58.2,42.9
3857291,2022-11-23,Group Stage,Costa Rica,2,49,59,Spain,5203,Sergio Busquets i Burgos,3957,César Azpilicueta Tanco,Incomplete,33.731293,58.2,42.9,70.0,74.5
3857291,2022-11-23,Group Stage,Costa Rica,2,50,14,Spain,3957,César Azpilicueta Tanco,6748,Ferrán Torres García,Complete,20.580574,63.5,80.0,51.9,63.0
3857291,2022-11-23,Group Stage,Costa Rica,2,50,16,Spain,6748,Ferrán Torres García,4353,Aymeric Laporte,Complete,27.533434,49.7,61.0,32.5,39.5
3857291,2022-11-23,Group Stage,Costa Rica,2,50,19,Spain,4353,Aymeric Laporte,5211,Jordi Alba Ramos,Complete,23.686495,32.7,34.3,46.0,14.7
3857291,2022-11-23,Group Stage,Costa Rica,2,50,22,Spain,5211,Jordi Alba Ramos,16532,Daniel Olmo Carvajal,Complete,19.535864,46.3,13.8,63.2,4.0
3857291,2022-11-23,Group Stage,Costa Rica,2,50,24,Spain,16532,Daniel Olmo Carvajal,5211,Jordi Alba Ramos,Complete,8.682166,56.7,4.7,49.4,9.4
3857291,2022-11-23,Group Stage,Costa Rica,2,50,26,Spain,5211,Jordi Alba Ramos,4353,Aymeric Laporte,Complete,15.8823805,44.5,8.5,37.0,22.5
3857291,2022-11-23,Group Stage,Costa Rica,2,50,32,Spain,4353,Aymeric Laporte,5211,Jordi Alba Ramos,Complete,12.949517,49.7,17.1,59.2,8.3
3857291,2022-11-23,Group Stage,Costa Rica,2,50,35,Spain,5211,Jordi Alba Ramos,16532,Daniel Olmo Carvajal,Complete,14.11524,60.7,7.7,73.9,2.7
3857291,2022-11-23,Group Stage,Costa Rica,2,50,39,Spain,16532,Daniel Olmo Carvajal,5211,Jordi Alba Ramos,Complete,7.823043,74.1,2.5,67.5,6.7
3857291,2022-11-23,Group Stage,Costa Rica,2,50,41,Spain,5211,Jordi Alba Ramos,30486,Pedro González López,Complete,9.972462,67.5,6.7,71.1,16.0
3857291,2022-11-23,Group Stage,Costa Rica,2,50,43,Spain,30486,Pedro González López,6765,Rodrigo Hernández Cascante,Complete,25.775183,63.4,15.5,54.0,39.5
3857291,2022-11-23,Group Stage,Costa Rica,2,50,46,Spain,6765,Rodrigo Hernández Cascante,3957,César Azpilicueta Tanco,Complete,23.853722,53.9,39.5,62.1,61.9
3857291,2022-11-23,Group Stage,Costa Rica,2,50,49,Spain,3957,César Azpilicueta Tanco,6765,Rodrigo Hernández Cascante,Complete,9.090654,62.5,61.0,56.7,54.0
3857291,2022-11-23,Group Stage,Costa Rica,2,50,51,Spain,6765,Rodrigo Hernández Cascante,4353,Aymeric Laporte,Complete,33.235672,56.7,54.0,46.1,22.5
3857291,2022-11-23,Group Stage,Costa Rica,2,50,58,Spain,4353,Aymeric Laporte,5211,Jordi Alba Ramos,Complete,12.278844,61.4,18.2,69.3,8.8
3857291,2022-11-23,Group Stage,Costa Rica,2,51,0,Spain,5211,Jordi Alba Ramos,5719,Marco Asensio Willemsen,Complete,23.443762,75.7,8.8,90.1,27.3
3857291,2022-11-23,Group Stage,Costa Rica,2,51,2,Spain,5719,Marco Asensio Willemsen,133353,Pablo Martín Páez Gavira,Complete,18.3,90.5,28.6,90.5,46.9
3857291,2022-11-23,Group Stage,Costa Rica,2,51,4,Spain,133353,Pablo Martín Páez Gavira,6748,Ferrán Torres García,Complete,20.59733,95.7,49.7,106.4,67.3
3857291,2022-11-23,Group Stage,Costa Rica,2,51,6,Spain,6748,Ferrán Torres García,,,Incomplete,31.15654,106.4,67.3,111.1,36.5
3857291,2022-11-23,Group Stage,Costa Rica,2,51,34,Spain,3957,César Azpilicueta Tanco,5719,Marco Asensio Willemsen,Incomplete,28.934753,103.6,80.0,110.5,51.9
3857291,2022-11-23,Group Stage,Costa Rica,2,52,3,Spain,5719,Marco Asensio Willemsen,16532,Daniel Olmo Carvajal,Complete,9.534149,120.0,80.0,111.3,76.1
3857291,2022-11-23,Group Stage,Costa Rica,2,52,6,Spain,16532,Daniel Olmo Carvajal,30486,Pedro González López,Complete,21.780037,111.1,73.8,93.7,60.7
3857291,2022-11-23,Group Stage,Costa Rica,2,52,8,Spain,30486,Pedro González López,16532,Daniel Olmo Carvajal,Complete,13.548431,93.0,63.2,100.0,74.8
3857291,2022-11-23,Group Stage,Costa Rica,2,52,10,Spain,16532,Daniel Olmo Carvajal,5719,Marco Asensio Willemsen,Complete,8.962701,100.0,74.8,107.3,69.6
3857291,2022-11-23,Group Stage,Costa Rica,2,52,12,Spain,5719,Marco Asensio Willemsen,16532,Daniel Olmo Carvajal,Complete,16.107452,107.0,69.6,117.4,57.3
3857291,2022-11-23,Group Stage,Costa Rica,2,52,15,Spain,16532,Daniel Olmo Carvajal,,,Incomplete,15.002999,117.0,56.4,114.0,41.7
3857291,2022-11-23,Group Stage,Costa Rica,2,52,26,Spain,3957,César Azpilicueta Tanco,30486,Pedro González López,Complete,14.822281,93.3,68.2,86.0,55.3
3857291,2022-11-23,Group Stage,Costa Rica,2,52,29,Spain,30486,Pedro González López,16532,Daniel Olmo Carvajal,Complete,10.707474,86.0,55.3,94.8,49.2
3857291,2022-11-23,Group Stage,Costa Rica,2,52,32,Spain,5719,Marco Asensio Willemsen,5211,Jordi Alba Ramos,Complete,17.344164,89.2,51.5,72.3,47.6
3857291,2022-11-23,Group Stage,Costa Rica,2,52,35,Spain,5211,Jordi Alba Ramos,4353,Aymeric Laporte,Complete,16.648123,72.3,47.6,64.3,33.0
3857291,2022-11-23,Group Stage,Costa Rica,2,52,37,Spain,4353,Aymeric Laporte,6765,Rodrigo Hernández Cascante,Complete,12.376186,64.3,33.0,61.7,45.1
3857291,2022-11-23,Group Stage,Costa Rica,2,52,39,Spain,6765,Rodrigo Hernández Cascante,5203,Sergio Busquets i Burgos,Complete,13.892804,61.2,41.8,66.1,54.8
3857291,2022-11-23,Group Stage,Costa Rica,2,52,42,Spain,5203,Sergio Busquets i Burgos,4353,Aymeric Laporte,Complete,21.11516,70.2,52.6,62.6,32.9
3857291,2022-11-23,Group Stage,Costa Rica,2,52,44,Spain,4353,Aymeric Laporte,30486,Pedro González López,Complete,14.431216,62.6,32.9,76.1,27.8
3857291,2022-11-23,Group Stage,Costa Rica,2,52,46,Spain,30486,Pedro González López,5211,Jordi Alba Ramos,Complete,22.495556,78.6,25.3,88.5,5.1
3857291,2022-11-23,Group Stage,Costa Rica,2,52,49,Spain,5211,Jordi Alba Ramos,,,Incomplete,30.202648,89.0,4.2,106.8,28.6
3857291,2022-11-23,Group Stage,Costa Rica,2,52,56,Spain,30486,Pedro González López,4353,Aymeric Laporte,Complete,14.653668,57.8,6.1,52.6,19.8
3857291,2022-11-23,Group Stage,Costa Rica,2,52,56,Spain,4353,Aymeric Laporte,5211,Jordi Alba Ramos,Complete,16.883425,52.4,19.8,65.7,9.4
3857291,2022-11-23,Group Stage,Costa Rica,2,52,59,Spain,5211,Jordi Alba Ramos,5203,Sergio Busquets i Burgos,Complete,14.785128,71.1,10.4,63.7,23.2
3857291,2022-11-23,Group Stage,Costa Rica,2,53,0,Spain,5203,Sergio Busquets i Burgos,5211,Jordi Alba Ramos,Complete,13.306014,63.7,23.2,74.1,14.9
3857291,2022-11-23,Group Stage,Costa Rica,2,53,2,Spain,5211,Jordi Alba Ramos,5203,Sergio Busquets i Burgos,Complete,13.320661,73.4,14.6,63.4,23.4
3857291,2022-11-23,Group Stage,Costa Rica,2,53,3,Spain,5203,Sergio Busquets i Burgos,133353,Pablo Martín Páez Gavira,Complete,16.130096,63.4,23.4,67.1,39.1
3857291,2022-11-23,Group Stage,Costa Rica,2,53,5,Spain,133353,Pablo Martín Páez Gavira,5203,Sergio Busquets i Burgos,Complete,12.090492,67.1,37.9,62.8,26.6
3857291,2022-11-23,Group Stage,Costa Rica,2,53,6,Spain,5203,Sergio Busquets i Burgos,30486,Pedro González López,Complete,21.7883,62.8,26.6,73.1,7.4
3857291,2022-11-23,Group Stage,Costa Rica,2,53,9,Spain,30486,Pedro González López,4353,Aymeric Laporte,Complete,17.860012,73.6,6.9,57.3,14.2
3857291,2022-11-23,Group Stage,Costa Rica,2,53,16,Spain,4353,Aymeric Laporte,6765,Rodrigo Hernández Cascante,Complete,11.576269,57.3,14.2,51.3,24.1
3857291,2022-11-23,Group Stage,Costa Rica,2,53,18,Spain,6765,Rodrigo Hernández Cascante,30486,Pedro González López,Complete,28.539446,51.3,24.1,73.2,5.8
3857291,2022-11-23,Group Stage,Costa Rica,2,53,20,Spain,30486,Pedro González López,16532,Daniel Olmo Carvajal,Complete,12.61943,73.2,5.8,85.1,1.6
3857291,2022-11-23,Group Stage,Costa Rica,2,53,23,Spain,16532,Daniel Olmo Carvajal,30486,Pedro González López,Complete,11.057124,85.3,2.0,80.8,12.1
3857291,2022-11-23,Group Stage,Costa Rica,2,53,25,Spain,30486,Pedro González López,133353,Pablo Martín Páez Gavira,Complete,33.63406,80.8,12.1,83.8,45.6
3857291,2022-11-23,Group Stage,Costa Rica,2,53,28,Spain,133353,Pablo Martín Páez Gavira,5203,Sergio Busquets i Burgos,Complete,6.9641943,81.5,38.4,75.6,34.7
3857291,2022-11-23,Group Stage,Costa Rica,2,53,28,Spain,5203,Sergio Busquets i Burgos,3957,César Azpilicueta Tanco,Complete,22.703524,74.5,35.2,69.3,57.3
3857291,2022-11-23,Group Stage,Costa Rica,2,53,31,Spain,3957,César Azpilicueta Tanco,6748,Ferrán Torres García,Complete,22.601992,69.3,57.3,83.1,75.2
3857291,2022-11-23,Group Stage,Costa Rica,2,53,33,Spain,6748,Ferrán Torres García,133353,Pablo Martín Páez Gavira,Complete,26.027678,83.1,75.2,109.1,74.0
3857291,2022-11-23,Group Stage,Costa Rica,2,53,36,Spain,133353,Pablo Martín Páez Gavira,6748,Ferrán Torres García,Complete,21.823381,112.2,73.4,103.7,53.3
3857291,2022-11-23,Group Stage,Costa Rica,2,55,12,Spain,3957,César Azpilicueta Tanco,133353,Pablo Martín Páez Gavira,Complete,9.441399,45.1,73.6,36.8,69.1
3857291,2022-11-23,Group Stage,Costa Rica,2,55,13,Spain,133353,Pablo Martín Páez Gavira,6765,Rodrigo Hernández Cascante,Complete,18.38532,37.0,68.0,23.9,55.1
3857291,2022-11-23,Group Stage,Costa Rica,2,55,17,Spain,6765,Rodrigo Hernández Cascante,4353,Aymeric Laporte,Complete,29.658894,23.4,54.8,28.0,25.5
3857291,2022-11-23,Group Stage,Costa Rica,2,55,22,Spain,4353,Aymeric Laporte,11748,Unai Simón Mendibil,Complete,23.053415,32.3,19.2,16.2,35.7
3857291,2022-11-23,Group Stage,Costa Rica,2,55,25,Spain,11748,Unai Simón Mendibil,6765,Rodrigo Hernández Cascante,Complete,20.540936,19.6,36.5,26.9,55.7
3857291,2022-11-23,Group Stage,Costa Rica,2,55,29,Spain,6765,Rodrigo Hernández Cascante,3957,César Azpilicueta Tanco,Complete,16.630695,26.9,55.7,30.2,72.0
3857291,2022-11-23,Group Stage,Costa Rica,2,55,31,Spain,3957,César Azpilicueta Tanco,5203,Sergio Busquets i Burgos,Complete,22.4,33.2,72.3,33.2,49.9
3857291,2022-11-23,Group Stage,Costa Rica,2,55,37,Spain,5203,Sergio Busquets i Burgos,5211,Jordi Alba Ramos,Complete,42.731018,32.0,51.9,48.3,12.4
3857291,2022-11-23,Group Stage,Costa Rica,2,55,41,Spain,5211,Jordi Alba Ramos,16532,Daniel Olmo Carvajal,Complete,30.989353,54.6,10.3,84.9,3.8
3857291,2022-11-23,Group Stage,Costa Rica,2,55,50,Spain,5211,Jordi Alba Ramos,6748,Ferrán Torres García,Incomplete,35.50169,96.0,17.1,115.9,46.5
3857291,2022-11-23,Group Stage,Costa Rica,2,56,46,Spain,16532,Daniel Olmo Carvajal,5719,Marco Asensio Willemsen,Complete,10.804628,120.0,80.0,110.7,74.5
3857291,2022-11-23,Group Stage,Costa Rica,2,56,48,Spain,5719,Marco Asensio Willemsen,,,Incomplete,34.92005,109.5,73.8,114.9,39.3
3857291,2022-11-23,Group Stage,Costa Rica,2,56,53,Spain,5211,Jordi Alba Ramos,6765,Rodrigo Hernández Cascante,Complete,17.511425,93.0,32.0,107.9,22.8
3857291,2022-11-23,Group Stage,Costa Rica,2,56,55,Spain,6765,Rodrigo Hernández Cascante,16532,Daniel Olmo Carvajal,Incomplete,26.009422,111.6,21.0,115.6,46.7
3857291,2022-11-23,Group Stage,Costa Rica,2,57,32,Spain,16532,Daniel Olmo Carvajal,5719,Marco Asensio Willemsen,Complete,12.806249,120.0,80.0,110.0,72.0
3857291,2022-11-23,Group Stage,Costa Rica,2,57,35,Spain,5719,Marco Asensio Willemsen,6583,Carlos Soler Barragán,Complete,24.26685,110.2,73.8,86.0,72.0
3857291,2022-11-23,Group Stage,Costa Rica,2,57,38,Spain,6583,Carlos Soler Barragán,3957,César Azpilicueta Tanco,Complete,15.255491,82.2,70.2,73.9,57.4
3857291,2022-11-23,Group Stage,Costa Rica,2,57,39,Spain,3957,César Azpilicueta Tanco,16532,Daniel Olmo Carvajal,Complete,15.037287,73.9,57.4,88.5,61.0
3857291,2022-11-23,Group Stage,Costa Rica,2,57,41,Spain,16532,Daniel Olmo Carvajal,5719,Marco Asensio Willemsen,Complete,13.1472435,87.2,60.9,90.6,73.6
3857291,2022-11-23,Group Stage,Costa Rica,2,58,8,Spain,3957,César Azpilicueta Tanco,6765,Rodrigo Hernández Cascante,Complete,19.021303,33.2,80.0,32.3,61.0
3857291,2022-11-23,Group Stage,Costa Rica,2,58,11,Spain,6765,Rodrigo Hernández Cascante,4353,Aymeric Laporte,Complete,35.196163,23.0,55.5,34.1,22.1
3857291,2022-11-23,Group Stage,Costa Rica,2,58,22,Spain,4353,Aymeric Laporte,16532,Daniel Olmo Carvajal,Complete,24.271175,53.5,21.4,70.0,3.6
3857291,2022-11-23,Group Stage,Costa Rica,2,58,25,Spain,16532,Daniel Olmo Carvajal,5211,Jordi Alba Ramos,Complete,13.764084,68.9,3.1,56.0,7.9
3857291,2022-11-23,Group Stage,Costa Rica,2,58,27,Spain,5211,Jordi Alba Ramos,4353,Aymeric Laporte,Complete,19.006578,56.0,7.9,37.3,11.3
3857291,2022-11-23,Group Stage,Costa Rica,2,58,32,Spain,4353,Aymeric Laporte,11748,Unai Simón Mendibil,Complete,29.296074,25.7,11.0,5.8,32.5
3857291,2022-11-23,Group Stage,Costa Rica,2,58,38,Spain,11748,Unai Simón Mendibil,6583,Carlos Soler Barragán,Complete,22.896505,8.3,34.8,27.8,22.8
3857291,2022-11-23,Group Stage,Costa Rica,2,58,39,Spain,6583,Carlos Soler Barragán,4353,Aymeric Laporte,Complete,17.228464,27.8,22.5,13.7,12.6
3857291,2022-11-23,Group Stage,Costa Rica,2,58,42,Spain,4353,Aymeric Laporte,5211,Jordi Alba Ramos,Complete,17.563599,13.7,12.6,28.9,3.8
3857291,2022-11-23,Group Stage,Costa Rica,2,58,43,Spain,5211,Jordi Alba Ramos,4353,Aymeric Laporte,Complete,14.787157,28.9,3.8,16.4,11.7
3857291,2022-11-23,Group Stage,Costa Rica,2,58,46,Spain,4353,Aymeric Laporte,6583,Carlos Soler Barragán,Complete,13.408206,19.6,8.3,23.9,21.0
3857291,2022-11-23,Group Stage,Costa Rica,2,58,47,Spain,6583,Carlos Soler Barragán,11748,Unai Simón Mendibil,Complete,18.86054,23.9,21.0,8.3,31.6
3857291,2022-11-23,Group Stage,Costa Rica,2,58,48,Spain,11748,Unai Simón Mendibil,16532,Daniel Olmo Carvajal,Incomplete,52.682636,8.8,28.4,54.9,2.9
3857291,2022-11-23,Group Stage,Costa Rica,2,59,6,Spain,5211,Jordi Alba Ramos,16532,Daniel Olmo Carvajal,Complete,17.774702,46.0,0.1,37.3,15.6
3857291,2022-11-23,Group Stage,Costa Rica,2,59,10,Spain,16532,Daniel Olmo Carvajal,6765,Rodrigo Hernández Cascante,Complete,21.960419,33.6,18.7,23.5,38.2
3857291,2022-11-23,Group Stage,Costa Rica,2,59,12,Spain,6765,Rodrigo Hernández Cascante,4353,Aymeric Laporte,Complete,22.257584,23.5,38.2,21.9,16.0
3857291,2022-11-23,Group Stage,Costa Rica,2,59,15,Spain,4353,Aymeric Laporte,5211,Jordi Alba Ramos,Complete,11.7515955,21.7,11.7,30.4,3.8
3857291,2022-11-23,Group Stage,Costa Rica,2,59,17,Spain,5211,Jordi Alba Ramos,5203,Sergio Busquets i Burgos,Complete,21.751781,30.4,3.8,27.1,25.3
3857291,2022-11-23,Group Stage,Costa Rica,2,59,19,Spain,5203,Sergio Busquets i Burgos,3957,César Azpilicueta Tanco,Complete,30.705048,22.8,27.5,30.2,57.3
3857291,2022-11-23,Group Stage,Costa Rica,2,59,24,Spain,3957,César Azpilicueta Tanco,5719,Marco Asensio Willemsen,Complete,13.446561,45.1,63.0,55.6,71.4
3857291,2022-11-23,Group Stage,Costa Rica,2,59,25,Spain,5719,Marco Asensio Willemsen,3477,Álvaro Borja Morata Martín,Complete,25.663202,55.6,71.4,75.0,54.6
3857291,2022-11-23,Group Stage,Costa Rica,2,59,33,Spain,3477,Álvaro Borja Morata Martín,,,Incomplete,6.0671244,115.2,59.1,114.3,53.1
3857291,2022-11-23,Group Stage,Costa Rica,2,59,35,Spain,16532,Daniel Olmo Carvajal,,,Incomplete,8.5,118.3,47.9,114.3,40.4
3857291,2022-11-23,Group Stage,Costa Rica,2,59,43,Spain,5211,Jordi Alba Ramos,6765,Rodrigo Hernández Cascante,Complete,35.982773,72.0,11.0,44.0,33.6
3857291,2022-11-23,Group Stage,Costa Rica,2,59,49,Spain,6765,Rodrigo Hernández Cascante,133353,Pablo Martín Páez Gavira,Complete,12.490797,45.1,35.4,56.0,41.5
3857291,2022-11-23,Group Stage,Costa Rica,2,59,51,Spain,133353,Pablo Martín Páez Gavira,3957,César Azpilicueta Tanco,Complete,28.700697,56.9,41.8,57.1,70.5
3857291,2022-11-23,Group Stage,Costa Rica,2,59,53,Spain,3957,César Azpilicueta Tanco,6765,Rodrigo Hernández Cascante,Complete,19.784084,55.6,68.7,42.7,53.7
3857291,2022-11-23,Group Stage,Costa Rica,2,59,56,Spain,6765,Rodrigo Hernández Cascante,6583,Carlos Soler Barragán,Complete,26.01634,40.8,54.4,54.2,32.1
3857291,2022-11-23,Group Stage,Costa Rica,2,60,2,Spain,6583,Carlos Soler Barragán,5211,Jordi Alba Ramos,Complete,20.801924,53.0,24.3,64.4,6.9
3857291,2022-11-23,Group Stage,Costa Rica,2,60,3,Spain,5211,Jordi Alba Ramos,6583,Carlos Soler Barragán,Complete,12.347064,64.4,6.9,62.5,19.1
3857291,2022-11-23,Group Stage,Costa Rica,2,60,6,Spain,6583,Carlos Soler Barragán,5203,Sergio Busquets i Burgos,Complete,19.560163,62.5,19.1,57.1,37.9
3857291,2022-11-23,Group Stage,Costa Rica,2,60,8,Spain,5203,Sergio Busquets i Burgos,133353,Pablo Martín Páez Gavira,Complete,6.87968,55.8,39.0,61.6,42.7
3857291,2022-11-23,Group Stage,Costa Rica,2,60,9,Spain,133353,Pablo Martín Páez Gavira,6765,Rodrigo Hernández Cascante,Complete,16.27882,62.6,44.3,50.6,55.3
3857291,2022-11-23,Group Stage,Costa Rica,2,60,11,Spain,6765,Rodrigo Hernández Cascante,3957,César Azpilicueta Tanco,Complete,15.384408,50.6,55.3,43.8,69.1
3857291,2022-11-23,Group Stage,Costa Rica,2,60,13,Spain,3957,César Azpilicueta Tanco,11748,Unai Simón Mendibil,Complete,24.404917,42.0,67.0,23.4,51.2
3857291,2022-11-23,Group Stage,Costa Rica,2,60,16,Spain,11748,Unai Simón Mendibil,4353,Aymeric Laporte,Complete,32.356297,23.4,51.2,31.6,19.9
3857291,2022-11-23,Group Stage,Costa Rica,2,60,22,Spain,4353,Aymeric Laporte,6583,Carlos Soler Barragán,Complete,16.639711,42.9,17.6,59.1,21.4
3857291,2022-11-23,Group Stage,Costa Rica,2,60,23,Spain,6583,Carlos Soler Barragán,5203,Sergio Busquets i Burgos,Complete,12.330855,58.9,20.7,54.2,32.1
3857291,2022-11-23,Group Stage,Costa Rica,2,60,24,Spain,5203,Sergio Busquets i Burgos,133353,Pablo Martín Páez Gavira,Complete,17.318487,54.2,31.8,62.5,47.0
3857291,2022-11-23,Group Stage,Costa Rica,2,61,4,Spain,5203,Sergio Busquets i Burgos,4353,Aymeric Laporte,Complete,22.938177,79.7,49.7,64.3,32.7
3857291,2022-11-23,Group Stage,Costa Rica,2,61,9,Spain,4353,Aymeric Laporte,16532,Daniel Olmo Carvajal,Complete,21.973848,71.1,21.2,92.4,15.8
3857291,2022-11-23,Group Stage,Costa Rica,2,61,28,Spain,6765,Rodrigo Hernández Cascante,133353,Pablo Martín Páez Gavira,Complete,11.405701,61.0,66.4,67.0,56.7
3857291,2022-11-23,Group Stage,Costa Rica,2,61,29,Spain,133353,Pablo Martín Páez Gavira,5719,Marco Asensio Willemsen,Complete,15.005332,67.5,55.8,81.5,61.2
3857291,2022-11-23,Group Stage,Costa Rica,2,61,56,Spain,4353,Aymeric Laporte,5211,Jordi Alba Ramos,Complete,18.888355,39.1,4.7,44.5,22.8
3857291,2022-11-23,Group Stage,Costa Rica,2,62,0,Spain,5211,Jordi Alba Ramos,4353,Aymeric Laporte,Complete,10.912378,44.5,22.8,36.3,15.6
3857291,2022-11-23,Group Stage,Costa Rica,2,62,2,Spain,4353,Aymeric Laporte,5211,Jordi Alba Ramos,Complete,10.04241,36.3,15.6,46.0,18.2
3857291,2022-11-23,Group Stage,Costa Rica,2,62,4,Spain,5211,Jordi Alba Ramos,6583,Carlos Soler Barragán,Complete,14.148145,48.8,17.4,56.9,5.8
3857291,2022-11-23,Group Stage,Costa Rica,2,62,7,Spain,6583,Carlos Soler Barragán,16532,Daniel Olmo Carvajal,Complete,8.876936,64.6,4.9,73.2,2.7
3857291,2022-11-23,Group Stage,Costa Rica,2,62,7,Spain,16532,Daniel Olmo Carvajal,5211,Jordi Alba Ramos,Complete,16.829142,73.2,2.5,57.1,7.4
3857291,2022-11-23,Group Stage,Costa Rica,2,62,9,Spain,5211,Jordi Alba Ramos,3477,Álvaro Borja Morata Martín,Complete,11.676472,56.4,7.9,66.1,14.4
3857291,2022-11-23,Group Stage,Costa Rica,2,62,12,Spain,3477,Álvaro Borja Morata Martín,3957,César Azpilicueta Tanco,Complete,50.861477,54.8,16.7,57.3,67.5
3857291,2022-11-23,Group Stage,Costa Rica,2,62,18,Spain,3957,César Azpilicueta Tanco,6765,Rodrigo Hernández Cascante,Complete,16.999413,72.5,70.5,61.2,57.8
3857291,2022-11-23,Group Stage,Costa Rica,2,62,22,Spain,6765,Rodrigo Hernández Cascante,5203,Sergio Busquets i Burgos,Complete,15.839823,68.2,53.1,66.1,37.4
3857291,2022-11-23,Group Stage,Costa Rica,2,62,23,Spain,5203,Sergio Busquets i Burgos,4353,Aymeric Laporte,Complete,16.426807,66.1,37.2,53.9,26.2
3857291,2022-11-23,Group Stage,Costa Rica,2,62,26,Spain,4353,Aymeric Laporte,5211,Jordi Alba Ramos,Complete,19.483326,53.9,26.2,65.3,10.4
3857291,2022-11-23,Group Stage,Costa Rica,2,62,29,Spain,5211,Jordi Alba Ramos,16532,Daniel Olmo Carvajal,Complete,11.8473625,65.3,10.4,76.3,6.0
3857291,2022-11-23,Group Stage,Costa Rica,2,62,31,Spain,16532,Daniel Olmo Carvajal,5211,Jordi Alba Ramos,Complete,13.159027,74.5,3.8,62.5,9.2
3857291,2022-11-23,Group Stage,Costa Rica,2,62,32,Spain,5211,Jordi Alba Ramos,6583,Carlos Soler Barragán,Complete,11.543396,62.1,9.2,70.7,16.9
3857291,2022-11-23,Group Stage,Costa Rica,2,62,34,Spain,6583,Carlos Soler Barragán,6765,Rodrigo Hernández Cascante,Complete,31.965763,62.8,14.9,41.8,39.0
3857291,2022-11-23,Group Stage,Costa Rica,2,62,36,Spain,6765,Rodrigo Hernández Cascante,3957,César Azpilicueta Tanco,Complete,37.952602,41.1,39.0,69.3,64.4
3857291,2022-11-23,Group Stage,Costa Rica,2,62,39,Spain,3957,César Azpilicueta Tanco,3477,Álvaro Borja Morata Martín,Complete,35.164757,74.3,64.1,107.7,53.1
3857291,2022-11-23,Group Stage,Costa Rica,2,63,52,Spain,3957,César Azpilicueta Tanco,11748,Unai Simón Mendibil,Complete,21.257704,30.5,50.3,9.5,47.0
3857291,2022-11-23,Group Stage,Costa Rica,2,63,55,Spain,11748,Unai Simón Mendibil,4353,Aymeric Laporte,Complete,24.018744,11.5,45.6,22.6,24.3
3857291,2022-11-23,Group Stage,Costa Rica,2,63,58,Spain,4353,Aymeric Laporte,6583,Carlos Soler Barragán,Complete,27.639103,22.8,24.3,47.4,11.7
3857291,2022-11-23,Group Stage,Costa Rica,2,64,5,Spain,6583,Carlos Soler Barragán,39161,Alejandro Balde Martínez,Complete,7.7833157,65.3,8.8,58.0,6.1
3857291,2022-11-23,Group Stage,Costa Rica,2,64,7,Spain,39161,Alejandro Balde Martínez,4353,Aymeric Laporte,Complete,20.840586,54.0,4.5,34.3,11.3
3857291,2022-11-23,Group Stage,Costa Rica,2,64,11,Spain,4353,Aymeric Laporte,11748,Unai Simón Mendibil,Complete,33.17303,26.9,8.1,8.8,35.9
3857291,2022-11-23,Group Stage,Costa Rica,2,64,18,Spain,11748,Unai Simón Mendibil,,,Incomplete,59.827835,9.9,36.3,64.3,61.2
3857291,2022-11-23,Group Stage,Costa Rica,2,64,23,Spain,6583,Carlos Soler Barragán,133353,Pablo Martín Páez Gavira,Complete,9.677293,43.1,38.2,40.8,47.6
3857291,2022-11-23,Group Stage,Costa Rica,2,64,25,Spain,133353,Pablo Martín Páez Gavira,6765,Rodrigo Hernández Cascante,Complete,10.062305,38.8,48.1,29.8,52.6
3857291,2022-11-23,Group Stage,Costa Rica,2,64,28,Spain,6765,Rodrigo Hernández Cascante,3957,César Azpilicueta Tanco,Complete,16.77051,29.5,52.6,32.5,69.1
3857291,2022-11-23,Group Stage,Costa Rica,2,64,35,Spain,3957,César Azpilicueta Tanco,133353,Pablo Martín Páez Gavira,Incomplete,6.981404,23.4,67.0,27.7,72.5
3857291,2022-11-23,Group Stage,Costa Rica,2,64,51,Spain,3957,César Azpilicueta Tanco,133353,Pablo Martín Páez Gavira,Complete,13.598897,28.7,80.0,34.5,67.7
3857291,2022-11-23,Group Stage,Costa Rica,2,64,52,Spain,133353,Pablo Martín Páez Gavira,3957,César Azpilicueta Tanco,Complete,10.793516,25.7,68.6,15.8,72.9
3857291,2022-11-23,Group Stage,Costa Rica,2,64,53,Spain,3957,César Azpilicueta Tanco,3477,Álvaro Borja Morata Martín,Incomplete,32.572533,15.8,72.9,47.4,65.0
3857291,2022-11-23,Group Stage,Costa Rica,2,64,57,Spain,133353,Pablo Martín Páez Gavira,6583,Carlos Soler Barragán,Incomplete,11.410959,33.6,61.2,41.1,52.6
3857291,2022-11-23,Group Stage,Costa Rica,2,65,1,Spain,3957,César Azpilicueta Tanco,11748,Unai Simón Mendibil,Complete,20.947554,25.7,65.3,11.5,49.9
3857291,2022-11-23,Group Stage,Costa Rica,2,65,4,Spain,11748,Unai Simón Mendibil,39161,Alejandro Balde Martínez,Complete,50.481285,14.2,47.6,44.2,7.0
3857291,2022-11-23,Group Stage,Costa Rica,2,65,11,Spain,39161,Alejandro Balde Martínez,16532,Daniel Olmo Carvajal,Complete,14.303146,85.3,15.8,97.6,8.5
3857291,2022-11-23,Group Stage,Costa Rica,2,65,14,Spain,16532,Daniel Olmo Carvajal,39161,Alejandro Balde Martínez,Out,24.785883,100.5,7.7,120.0,23.0
3857291,2022-11-23,Group Stage,Costa Rica,2,65,54,Spain,6765,Rodrigo Hernández Cascante,5199,Jorge Resurrección Merodio,Complete,20.112185,71.4,74.1,70.7,54.0
3857291,2022-11-23,Group Stage,Costa Rica,2,65,59,Spain,5199,Jorge Resurrección Merodio,39161,Alejandro Balde Martínez,Complete,23.286263,78.3,37.2,72.3,14.7
3857291,2022-11-23,Group Stage,Costa Rica,2,66,3,Spain,39161,Alejandro Balde Martínez,5199,Jorge Resurrección Merodio,Complete,11.289375,76.5,6.7,72.9,17.4
3857291,2022-11-23,Group Stage,Costa Rica,2,66,6,Spain,5199,Jorge Resurrección Merodio,133353,Pablo Martín Páez Gavira,Complete,14.229898,67.7,22.3,74.5,34.8
3857291,2022-11-23,Group Stage,Costa Rica,2,66,6,Spain,133353,Pablo Martín Páez Gavira,4353,Aymeric Laporte,Complete,22.641554,74.5,34.8,55.3,22.8
3857291,2022-11-23,Group Stage,Costa Rica,2,66,10,Spain,4353,Aymeric Laporte,6583,Carlos Soler Barragán,Incomplete,13.106106,56.9,22.3,70.0,21.9
3857291,2022-11-23,Group Stage,Costa Rica,2,66,42,Spain,133353,Pablo Martín Páez Gavira,5199,Jorge Resurrección Merodio,Complete,12.731065,46.7,46.7,37.9,37.5
3857291,2022-11-23,Group Stage,Costa Rica,2,66,44,Spain,5199,Jorge Resurrección Merodio,4353,Aymeric Laporte,Complete,14.934524,37.9,37.5,32.7,23.5
3857291,2022-11-23,Group Stage,Costa Rica,2,66,52,Spain,4353,Aymeric Laporte,6583,Carlos Soler Barragán,Complete,18.057962,47.4,21.9,64.6,16.4
3857291,2022-11-23,Group Stage,Costa Rica,2,66,55,Spain,6583,Carlos Soler Barragán,4353,Aymeric Laporte,Complete,10.932978,56.4,16.4,45.6,14.7
3857291,2022-11-23,Group Stage,Costa Rica,2,67,0,Spain,4353,Aymeric Laporte,16532,Daniel Olmo Carvajal,Complete,49.03305,48.3,11.7,97.3,9.9
3857291,2022-11-23,Group Stage,Costa Rica,2,67,7,Spain,16532,Daniel Olmo Carvajal,6583,Carlos Soler Barragán,Complete,15.742935,90.1,9.4,82.9,23.4
3857291,2022-11-23,Group Stage,Costa Rica,2,67,9,Spain,6583,Carlos Soler Barragán,133353,Pablo Martín Páez Gavira,Complete,28.345194,84.9,23.2,86.5,51.5
3857291,2022-11-23,Group Stage,Costa Rica,2,68,37,Spain,133353,Pablo Martín Páez Gavira,6765,Rodrigo Hernández Cascante,Complete,20.349447,82.0,37.5,62.3,42.6
3857291,2022-11-23,Group Stage,Costa Rica,2,68,39,Spain,6765,Rodrigo Hernández Cascante,4353,Aymeric Laporte,Complete,11.7515955,62.3,42.6,61.2,30.9
3857291,2022-11-23,Group Stage,Costa Rica,2,68,44,Spain,4353,Aymeric Laporte,39161,Alejandro Balde Martínez,Complete,24.122396,67.0,18.9,86.5,4.7
3857291,2022-11-23,Group Stage,Costa Rica,2,68,45,Spain,39161,Alejandro Balde Martínez,16532,Daniel Olmo Carvajal,Complete,26.75556,86.5,4.7,112.0,12.8
3857291,2022-11-23,Group Stage,Costa Rica,2,68,50,Spain,16532,Daniel Olmo Carvajal,39161,Alejandro Balde Martínez,Complete,9.109336,114.9,9.4,106.2,6.7
3857291,2022-11-23,Group Stage,Costa Rica,2,68,53,Spain,39161,Alejandro Balde Martínez,5199,Jorge Resurrección Merodio,Complete,25.18591,106.2,6.7,87.0,23.0
3857291,2022-11-23,Group Stage,Costa Rica,2,68,54,Spain,5199,Jorge Resurrección Merodio,6583,Carlos Soler Barragán,Complete,9.176056,87.0,23.0,83.8,14.4
3857291,2022-11-23,Group Stage,Costa Rica,2,68,57,Spain,6583,Carlos Soler Barragán,3957,César Azpilicueta Tanco,Complete,40.670876,79.3,25.3,81.7,65.9
3857291,2022-11-23,Group Stage,Costa Rica,2,69,1,Spain,3957,César Azpilicueta Tanco,16532,Daniel Olmo Carvajal,Complete,42.083725,85.5,63.3,110.3,29.3
3857291,2022-11-23,Group Stage,Costa Rica,2,69,15,Spain,3957,César Azpilicueta Tanco,11748,Unai Simón Mendibil,Complete,31.715769,30.2,70.2,9.7,46.0
3857291,2022-11-23,Group Stage,Costa Rica,2,69,19,Spain,11748,Unai Simón Mendibil,39161,Alejandro Balde Martínez,Complete,36.43309,10.6,42.9,28.2,11.0
3857291,2022-11-23,Group Stage,Costa Rica,2,69,23,Spain,39161,Alejandro Balde Martínez,6583,Carlos Soler Barragán,Complete,17.670597,37.3,8.5,54.6,4.9
3857291,2022-11-23,Group Stage,Costa Rica,2,69,26,Spain,6583,Carlos Soler Barragán,5199,Jorge Resurrección Merodio,Complete,17.023808,55.8,6.0,54.9,23.0
3857291,2022-11-23,Group Stage,Costa Rica,2,69,28,Spain,5199,Jorge Resurrección Merodio,133353,Pablo Martín Páez Gavira,Complete,22.227236,55.1,23.2,58.9,45.1
3857291,2022-11-23,Group Stage,Costa Rica,2,69,31,Spain,133353,Pablo Martín Páez Gavira,6765,Rodrigo Hernández Cascante,Complete,13.534031,56.2,51.2,43.1,47.8
3857291,2022-11-23,Group Stage,Costa Rica,2,69,32,Spain,6765,Rodrigo Hernández Cascante,4353,Aymeric Laporte,Complete,25.500784,43.1,47.8,43.3,22.3
3857291,2022-11-23,Group Stage,Costa Rica,2,69,50,Spain,16532,Daniel Olmo Carvajal,3477,Álvaro Borja Morata Martín,Complete,13.90863,63.4,14.4,68.6,27.3
3857291,2022-11-23,Group Stage,Costa Rica,2,69,52,Spain,3477,Álvaro Borja Morata Martín,68574,Nicholas Williams Arthuer,Incomplete,21.382704,74.1,24.4,87.2,41.3
3857291,2022-11-23,Group Stage,Costa Rica,2,70,3,Spain,133353,Pablo Martín Páez Gavira,6765,Rodrigo Hernández Cascante,Complete,13.188252,68.2,64.1,56.9,57.3
3857291,2022-11-23,Group Stage,Costa Rica,2,70,11,Spain,6765,Rodrigo Hernández Cascante,4353,Aymeric Laporte,Complete,19.359753,65.7,34.3,49.5,44.9
3857291,2022-11-23,Group Stage,Costa Rica,2,70,13,Spain,4353,Aymeric Laporte,133353,Pablo Martín Páez Gavira,Complete,15.030636,49.4,44.7,55.8,58.3
3857291,2022-11-23,Group Stage,Costa Rica,2,70,15,Spain,133353,Pablo Martín Páez Gavira,3957,César Azpilicueta Tanco,Complete,15.121178,55.6,58.5,56.4,73.6
3857291,2022-11-23,Group Stage,Costa Rica,2,70,17,Spain,3957,César Azpilicueta Tanco,133353,Pablo Martín Páez Gavira,Complete,12.419743,56.4,73.6,64.4,64.1
3857291,2022-11-23,Group Stage,Costa Rica,2,70,19,Spain,133353,Pablo Martín Páez Gavira,6765,Rodrigo Hernández Cascante,Complete,13.029965,65.9,64.4,61.6,52.1
3857291,2022-11-23,Group Stage,Costa Rica,2,70,20,Spain,6765,Rodrigo Hernández Cascante,5199,Jorge Resurrección Merodio,Complete,19.064627,61.6,52.1,46.1,63.2
3857291,2022-11-23,Group Stage,Costa Rica,2,70,23,Spain,5199,Jorge Resurrección Merodio,4353,Aymeric Laporte,Complete,33.080658,46.1,63.2,41.8,30.4
3857291,2022-11-23,Group Stage,Costa Rica,2,70,26,Spain,4353,Aymeric Laporte,39161,Alejandro Balde Martínez,Complete,22.877937,42.2,26.4,50.8,5.2
3857291,2022-11-23,Group Stage,Costa Rica,2,70,29,Spain,39161,Alejandro Balde Martínez,16532,Daniel Olmo Carvajal,Complete,16.344112,50.8,5.2,67.1,4.0
3857291,2022-11-23,Group Stage,Costa Rica,2,70,30,Spain,16532,Daniel Olmo Carvajal,39161,Alejandro Balde Martínez,Complete,16.914492,66.6,3.1,49.7,3.8
3857291,2022-11-23,Group Stage,Costa Rica,2,70,32,Spain,39161,Alejandro Balde Martínez,4353,Aymeric Laporte,Complete,16.643316,49.7,3.6,34.1,9.4
3857291,2022-11-23,Group Stage,Costa Rica,2,70,37,Spain,4353,Aymeric Laporte,11748,Unai Simón Mendibil,Complete,29.917387,33.6,12.2,12.9,33.8
3857291,2022-11-23,Group Stage,Costa Rica,2,70,42,Spain,11748,Unai Simón Mendibil,4353,Aymeric Laporte,Complete,26.334768,12.9,33.8,22.3,9.2
3857291,2022-11-23,Group Stage,Costa Rica,2,70,53,Spain,4353,Aymeric Laporte,6583,Carlos Soler Barragán,Complete,9.097252,46.0,18.0,51.0,10.4
3857291,2022-11-23,Group Stage,Costa Rica,2,70,55,Spain,6583,Carlos Soler Barragán,3477,Álvaro Borja Morata Martín,Incomplete,9.521029,51.5,9.2,57.1,16.9
3857291,2022-11-23,Group Stage,Costa Rica,2,71,34,Spain,39161,Alejandro Balde Martínez,5199,Jorge Resurrección Merodio,Complete,10.754069,40.8,0.1,35.4,9.4
3857291,2022-11-23,Group Stage,Costa Rica,2,71,37,Spain,5199,Jorge Resurrección Merodio,3957,César Azpilicueta Tanco,Complete,50.600395,33.6,14.7,33.8,65.3
3857291,2022-11-23,Group Stage,Costa Rica,2,71,43,Spain,3957,César Azpilicueta Tanco,5199,Jorge Resurrección Merodio,Complete,13.753908,44.5,62.6,47.6,49.2
3857291,2022-11-23,Group Stage,Costa Rica,2,71,44,Spain,5199,Jorge Resurrección Merodio,3957,César Azpilicueta Tanco,Complete,13.92013,47.4,49.0,39.0,60.1
3857291,2022-11-23,Group Stage,Costa Rica,2,71,46,Spain,3957,César Azpilicueta Tanco,6765,Rodrigo Hernández Cascante,Complete,18.422812,38.4,60.1,22.8,50.3
3857291,2022-11-23,Group Stage,Costa Rica,2,71,49,Spain,6765,Rodrigo Hernández Cascante,3957,César Azpilicueta Tanco,Complete,13.096946,22.8,50.3,31.6,60.0
3857291,2022-11-23,Group Stage,Costa Rica,2,71,54,Spain,3957,César Azpilicueta Tanco,133353,Pablo Martín Páez Gavira,Complete,15.425952,42.4,58.0,57.4,61.6
3857291,2022-11-23,Group Stage,Costa Rica,2,71,57,Spain,133353,Pablo Martín Páez Gavira,5199,Jorge Resurrección Merodio,Complete,14.57738,51.7,62.6,44.2,50.1
3857291,2022-11-23,Group Stage,Costa Rica,2,71,58,Spain,5199,Jorge Resurrección Merodio,3957,César Azpilicueta Tanco,Complete,18.317478,44.2,50.1,37.9,67.3
3857291,2022-11-23,Group Stage,Costa Rica,2,71,59,Spain,3957,César Azpilicueta Tanco,6765,Rodrigo Hernández Cascante,Complete,15.39383,37.5,67.3,24.6,58.9
3857291,2022-11-23,Group Stage,Costa Rica,2,72,1,Spain,6765,Rodrigo Hernández Cascante,5199,Jorge Resurrección Merodio,Complete,13.245754,24.6,58.9,33.4,49.0
3857291,2022-11-23,Group Stage,Costa Rica,2,72,2,Spain,5199,Jorge Resurrección Merodio,11748,Unai Simón Mendibil,Complete,23.965391,31.1,48.3,7.6,43.6
3857291,2022-11-23,Group Stage,Costa Rica,2,72,5,Spain,11748,Unai Simón Mendibil,4353,Aymeric Laporte,Complete,21.108528,7.9,43.6,8.5,22.5
3857291,2022-11-23,Group Stage,Costa Rica,2,72,9,Spain,4353,Aymeric Laporte,6765,Rodrigo Hernández Cascante,Complete,30.85855,12.1,22.3,14.0,53.1
3857291,2022-11-23,Group Stage,Costa Rica,2,72,11,Spain,6765,Rodrigo Hernández Cascante,3957,César Azpilicueta Tanco,Complete,27.590216,13.7,53.1,33.8,72.0
3857291,2022-11-23,Group Stage,Costa Rica,2,72,14,Spain,3957,César Azpilicueta Tanco,133353,Pablo Martín Páez Gavira,Complete,23.036058,35.6,71.8,53.5,57.3
3857291,2022-11-23,Group Stage,Costa Rica,2,72,18,Spain,133353,Pablo Martín Páez Gavira,3477,Álvaro Borja Morata Martín,Incomplete,22.461077,77.5,45.8,90.8,27.7
3857291,2022-11-23,Group Stage,Costa Rica,2,72,35,Spain,6583,Carlos Soler Barragán,3477,Álvaro Borja Morata Martín,Complete,16.00125,37.0,13.1,53.0,13.3
3857291,2022-11-23,Group Stage,Costa Rica,2,72,39,Spain,3477,Álvaro Borja Morata Martín,16532,Daniel Olmo Carvajal,Complete,22.061731,65.7,10.4,86.1,2.0
3857291,2022-11-23,Group Stage,Costa Rica,2,72,46,Spain,16532,Daniel Olmo Carvajal,3477,Álvaro Borja Morata Martín,Incomplete,27.605253,97.8,13.7,115.6,34.8
3857291,2022-11-23,Group Stage,Costa Rica,2,73,31,Spain,6765,Rodrigo Hernández Cascante,5199,Jorge Resurrección Merodio,Complete,12.165525,32.1,48.1,40.9,39.7
3857291,2022-11-23,Group Stage,Costa Rica,2,73,34,Spain,5199,Jorge Resurrección Merodio,4353,Aymeric Laporte,Complete,15.838244,39.5,23.0,23.7,21.9
3857291,2022-11-23,Group Stage,Costa Rica,2,73,42,Spain,4353,Aymeric Laporte,16532,Daniel Olmo Carvajal,Incomplete,29.789427,28.0,20.3,53.5,4.9
3857291,2022-11-23,Group Stage,Costa Rica,2,73,51,Spain,39161,Alejandro Balde Martínez,3477,Álvaro Borja Morata Martín,Complete,24.645689,85.4,27.1,110.0,28.6
3857291,2022-11-23,Group Stage,Costa Rica,2,73,57,Spain,3477,Álvaro Borja Morata Martín,133353,Pablo Martín Páez Gavira,Complete,33.0929,112.5,14.1,103.0,45.8
3857291,2022-11-23,Group Stage,Costa Rica,2,75,21,Spain,11748,Unai Simón Mendibil,5199,Jorge Resurrección Merodio,Complete,12.065239,28.2,50.4,34.8,60.5
3857291,2022-11-23,Group Stage,Costa Rica,2,75,23,Spain,5199,Jorge Resurrección Merodio,6765,Rodrigo Hernández Cascante,Complete,11.813974,32.3,60.0,35.4,71.4
3857291,2022-11-23,Group Stage,Costa Rica,2,75,24,Spain,6765,Rodrigo Hernández Cascante,11748,Unai Simón Mendibil,Complete,37.12479,35.4,71.4,9.4,44.9
3857291,2022-11-23,Group Stage,Costa Rica,2,75,27,Spain,11748,Unai Simón Mendibil,5199,Jorge Resurrección Merodio,Complete,12.9031,9.4,44.9,21.9,48.1
3857291,2022-11-23,Group Stage,Costa Rica,2,75,28,Spain,5199,Jorge Resurrección Merodio,4353,Aymeric Laporte,Complete,18.532675,21.9,48.1,20.8,29.6
3857291,2022-11-23,Group Stage,Costa Rica,2,75,30,Spain,4353,Aymeric Laporte,6583,Carlos Soler Barragán,Complete,24.583939,20.8,28.6,40.2,13.5
3857291,2022-11-23,Group Stage,Costa Rica,2,75,34,Spain,6583,Carlos Soler Barragán,39161,Alejandro Balde Martínez,Complete,19.678669,49.5,12.1,67.0,3.1
3857291,2022-11-23,Group Stage,Costa Rica,2,75,37,Spain,39161,Alejandro Balde Martínez,6583,Carlos Soler Barragán,Complete,12.979984,75.6,2.9,64.8,10.1
3857291,2022-11-23,Group Stage,Costa Rica,2,75,39,Spain,6583,Carlos Soler Barragán,5199,Jorge Resurrección Merodio,Complete,10.264989,64.8,10.1,58.9,18.5
3857291,2022-11-23,Group Stage,Costa Rica,2,75,40,Spain,5199,Jorge Resurrección Merodio,133353,Pablo Martín Páez Gavira,Complete,18.189283,58.2,20.3,64.4,37.4
3857291,2022-11-23,Group Stage,Costa Rica,2,75,41,Spain,133353,Pablo Martín Páez Gavira,5199,Jorge Resurrección Merodio,Complete,17.434736,64.4,37.4,61.0,20.3
3857291,2022-11-23,Group Stage,Costa Rica,2,75,43,Spain,5199,Jorge Resurrección Merodio,3957,César Azpilicueta Tanco,Complete,50.058865,61.6,24.1,77.4,71.6
3857291,2022-11-23,Group Stage,Costa Rica,2,75,48,Spain,3957,César Azpilicueta Tanco,133353,Pablo Martín Páez Gavira,Complete,18.305191,80.9,74.8,70.7,59.6
3857291,2022-11-23,Group Stage,Costa Rica,2,75,50,Spain,133353,Pablo Martín Páez Gavira,5199,Jorge Resurrección Merodio,Complete,9.108238,70.7,59.4,69.3,50.4
3857291,2022-11-23,Group Stage,Costa Rica,2,75,52,Spain,5199,Jorge Resurrección Merodio,6583,Carlos Soler Barragán,Complete,14.168275,69.3,50.3,73.6,36.8
3857291,2022-11-23,Group Stage,Costa Rica,2,75,54,Spain,6583,Carlos Soler Barragán,3477,Álvaro Borja Morata Martín,Complete,12.841339,82.6,31.1,93.9,25.0
3857291,2022-11-23,Group Stage,Costa Rica,2,75,57,Spain,3477,Álvaro Borja Morata Martín,5199,Jorge Resurrección Merodio,Complete,13.078226,92.8,24.3,80.8,29.5
3857291,2022-11-23,Group Stage,Costa Rica,2,75,58,Spain,5199,Jorge Resurrección Merodio,39161,Alejandro Balde Martínez,Complete,17.317333,80.9,28.2,84.2,11.2
3857291,2022-11-23,Group Stage,Costa Rica,2,76,0,Spain,39161,Alejandro Balde Martínez,16532,Daniel Olmo Carvajal,Complete,9.567131,82.0,10.3,89.2,4.0
3857291,2022-11-23,Group Stage,Costa Rica,2,76,3,Spain,16532,Daniel Olmo Carvajal,6583,Carlos Soler Barragán,Complete,10.407689,85.3,4.0,84.9,14.4
3857291,2022-11-23,Group Stage,Costa Rica,2,76,5,Spain,6583,Carlos Soler Barragán,5199,Jorge Resurrección Merodio,Complete,8.464632,84.9,14.6,78.3,19.9
3857291,2022-11-23,Group Stage,Costa Rica,2,76,9,Spain,5199,Jorge Resurrección Merodio,39161,Alejandro Balde Martínez,Complete,18.59301,78.3,19.9,87.6,3.8
3857291,2022-11-23,Group Stage,Costa Rica,2,76,12,Spain,39161,Alejandro Balde Martínez,4353,Aymeric Laporte,Complete,36.31928,87.6,3.6,52.6,13.3
3857291,2022-11-23,Group Stage,Costa Rica,2,76,16,Spain,4353,Aymeric Laporte,6765,Rodrigo Hernández Cascante,Complete,15.523209,52.1,13.3,48.5,28.4
3857291,2022-11-23,Group Stage,Costa Rica,2,76,21,Spain,6765,Rodrigo Hernández Cascante,5199,Jorge Resurrección Merodio,Complete,11.088733,55.6,40.2,62.6,31.6
3857291,2022-11-23,Group Stage,Costa Rica,2,76,22,Spain,5199,Jorge Resurrección Merodio,4353,Aymeric Laporte,Complete,15.493547,62.6,31.6,51.3,21.0
3857291,2022-11-23,Group Stage,Costa Rica,2,76,28,Spain,4353,Aymeric Laporte,5199,Jorge Resurrección Merodio,Complete,11.200446,60.3,15.5,65.9,25.2
3857291,2022-11-23,Group Stage,Costa Rica,2,76,30,Spain,5199,Jorge Resurrección Merodio,39161,Alejandro Balde Martínez,Complete,17.298555,69.1,21.2,65.9,4.2
3857291,2022-11-23,Group Stage,Costa Rica,2,76,32,Spain,39161,Alejandro Balde Martínez,4353,Aymeric Laporte,Complete,16.096273,63.2,4.2,51.0,14.7
3857291,2022-11-23,Group Stage,Costa Rica,2,76,33,Spain,4353,Aymeric Laporte,5199,Jorge Resurrección Merodio,Complete,20.324615,51.0,12.2,71.3,11.2
3857291,2022-11-23,Group Stage,Costa Rica,2,76,38,Spain,5199,Jorge Resurrección Merodio,6583,Carlos Soler Barragán,Complete,5.7384667,67.8,18.6,71.6,22.9
3857291,2022-11-23,Group Stage,Costa Rica,2,76,39,Spain,6583,Carlos Soler Barragán,3957,César Azpilicueta Tanco,Complete,36.150932,70.4,20.8,59.6,55.3
3857291,2022-11-23,Group Stage,Costa Rica,2,76,43,Spain,3957,César Azpilicueta Tanco,68574,Nicholas Williams Arthuer,Complete,27.802877,69.3,53.0,86.3,75.0
3857291,2022-11-23,Group Stage,Costa Rica,2,76,47,Spain,68574,Nicholas Williams Arthuer,3957,César Azpilicueta Tanco,Complete,21.769014,87.2,73.1,70.7,58.9
3857291,2022-11-23,Group Stage,Costa Rica,2,76,53,Spain,3957,César Azpilicueta Tanco,6765,Rodrigo Hernández Cascante,Complete,17.473408,74.5,53.5,57.1,51.9
3857291,2022-11-23,Group Stage,Costa Rica,2,76,57,Spain,6765,Rodrigo Hernández Cascante,3957,César Azpilicueta Tanco,Complete,13.283448,60.0,51.9,66.1,63.7
3857291,2022-11-23,Group Stage,Costa Rica,2,76,58,Spain,3957,César Azpilicueta Tanco,133353,Pablo Martín Páez Gavira,Complete,7.3539104,66.1,63.7,72.9,60.9
3857291,2022-11-23,Group Stage,Costa Rica,2,77,1,Spain,133353,Pablo Martín Páez Gavira,3957,César Azpilicueta Tanco,Incomplete,6.8767724,70.9,74.0,65.7,69.5
3857291,2022-11-23,Group Stage,Costa Rica,2,77,6,Spain,3957,César Azpilicueta Tanco,4353,Aymeric Laporte,Complete,42.6203,29.8,65.0,33.0,22.5
3857291,2022-11-23,Group Stage,Costa Rica,2,77,11,Spain,4353,Aymeric Laporte,6583,Carlos Soler Barragán,Complete,14.447491,37.3,19.1,44.0,6.3
3857291,2022-11-23,Group Stage,Costa Rica,2,77,20,Spain,6583,Carlos Soler Barragán,6765,Rodrigo Hernández Cascante,Complete,18.041342,48.7,15.3,37.7,29.6
3857291,2022-11-23,Group Stage,Costa Rica,2,77,21,Spain,6765,Rodrigo Hernández Cascante,4353,Aymeric Laporte,Complete,19.220041,37.7,29.6,34.8,10.6
3857291,2022-11-23,Group Stage,Costa Rica,2,77,25,Spain,4353,Aymeric Laporte,3477,Álvaro Borja Morata Martín,Complete,26.113789,36.6,8.5,55.8,26.2
3857291,2022-11-23,Group Stage,Costa Rica,2,79,9,Spain,4353,Aymeric Laporte,11748,Unai Simón Mendibil,Complete,13.485177,12.1,17.6,6.8,30.0
3857291,2022-11-23,Group Stage,Costa Rica,2,79,14,Spain,11748,Unai Simón Mendibil,4353,Aymeric Laporte,Complete,10.884851,6.8,30.0,10.6,19.8
3857291,2022-11-23,Group Stage,Costa Rica,2,79,16,Spain,4353,Aymeric Laporte,6583,Carlos Soler Barragán,Complete,22.361797,10.6,18.2,31.2,9.5
3857291,2022-11-23,Group Stage,Costa Rica,2,79,18,Spain,6583,Carlos Soler Barragán,39161,Alejandro Balde Martínez,Complete,8.112336,31.4,9.5,27.3,2.5
3857291,2022-11-23,Group Stage,Costa Rica,2,79,23,Spain,16532,Daniel Olmo Carvajal,133353,Pablo Martín Páez Gavira,Complete,23.041702,56.2,21.4,61.6,43.8
3857291,2022-11-23,Group Stage,Costa Rica,2,79,26,Spain,133353,Pablo Martín Páez Gavira,68574,Nicholas Williams Arthuer,Complete,28.945639,63.5,42.6,83.1,63.9
3857291,2022-11-23,Group Stage,Costa Rica,2,79,33,Spain,68574,Nicholas Williams Arthuer,3477,Álvaro Borja Morata Martín,Incomplete,30.778727,106.6,67.0,114.3,37.2
3857291,2022-11-23,Group Stage,Costa Rica,2,79,54,Spain,4353,Aymeric Laporte,11748,Unai Simón Mendibil,Complete,29.663782,49.9,27.3,21.2,34.8
3857291,2022-11-23,Group Stage,Costa Rica,2,79,58,Spain,11748,Unai Simón Mendibil,3957,César Azpilicueta Tanco,Complete,39.357338,20.3,35.9,37.5,71.3
3857291,2022-11-23,Group Stage,Costa Rica,2,80,1,Spain,3957,César Azpilicueta Tanco,5199,Jorge Resurrección Merodio,Complete,21.06395,37.5,69.6,47.0,50.8
3857291,2022-11-23,Group Stage,Costa Rica,2,80,4,Spain,5199,Jorge Resurrección Merodio,6583,Carlos Soler Barragán,Complete,18.346935,47.0,50.8,53.9,33.8
3857291,2022-11-23,Group Stage,Costa Rica,2,80,6,Spain,6583,Carlos Soler Barragán,5199,Jorge Resurrección Merodio,Complete,6.675328,53.9,33.8,54.9,40.4
3857291,2022-11-23,Group Stage,Costa Rica,2,80,7,Spain,5199,Jorge Resurrección Merodio,4353,Aymeric Laporte,Complete,31.28658,54.6,39.3,37.5,13.1
3857291,2022-11-23,Group Stage,Costa Rica,2,80,9,Spain,4353,Aymeric Laporte,39161,Alejandro Balde Martínez,Complete,19.386593,38.4,12.8,56.4,5.6
3857291,2022-11-23,Group Stage,Costa Rica,2,80,13,Spain,39161,Alejandro Balde Martínez,4353,Aymeric Laporte,Complete,16.104969,56.4,5.6,41.3,11.2
3857291,2022-11-23,Group Stage,Costa Rica,2,80,16,Spain,4353,Aymeric Laporte,6765,Rodrigo Hernández Cascante,Complete,17.492855,39.9,13.3,38.1,30.7
3857291,2022-11-23,Group Stage,Costa Rica,2,80,20,Spain,6765,Rodrigo Hernández Cascante,133353,Pablo Martín Páez Gavira,Complete,14.360014,39.1,32.0,52.1,38.1
3857291,2022-11-23,Group Stage,Costa Rica,2,80,24,Spain,133353,Pablo Martín Páez Gavira,16532,Daniel Olmo Carvajal,Complete,25.040966,61.6,23.5,76.8,3.6
3857291,2022-11-23,Group Stage,Costa Rica,2,80,30,Spain,16532,Daniel Olmo Carvajal,6583,Carlos Soler Barragán,Complete,10.123734,95.8,10.1,89.0,17.6
3857291,2022-11-23,Group Stage,Costa Rica,2,80,34,Spain,6583,Carlos Soler Barragán,133353,Pablo Martín Páez Gavira,Complete,12.41491,82.9,7.7,80.6,19.9
3857291,2022-11-23,Group Stage,Costa Rica,2,80,36,Spain,133353,Pablo Martín Páez Gavira,6583,Carlos Soler Barragán,Complete,12.160592,80.6,19.9,73.4,10.1
3857291,2022-11-23,Group Stage,Costa Rica,2,80,37,Spain,6583,Carlos Soler Barragán,6765,Rodrigo Hernández Cascante,Complete,29.378904,73.4,10.1,62.8,37.5
3857291,2022-11-23,Group Stage,Costa Rica,2,80,40,Spain,6765,Rodrigo Hernández Cascante,5199,Jorge Resurrección Merodio,Complete,26.428205,62.8,37.5,85.4,51.2
3857291,2022-11-23,Group Stage,Costa Rica,2,80,42,Spain,5199,Jorge Resurrección Merodio,3477,Álvaro Borja Morata Martín,Pass Offside,15.536087,87.2,51.3,102.1,46.9
3857291,2022-11-23,Group Stage,Costa Rica,2,82,2,Spain,6765,Rodrigo Hernández Cascante,,,Incomplete,23.976656,50.6,46.9,71.8,35.7
3857291,2022-11-23,Group Stage,Costa Rica,2,82,6,Spain,4353,Aymeric Laporte,39161,Alejandro Balde Martínez,Complete,19.1157,50.3,31.1,52.4,12.1
3857291,2022-11-23,Group Stage,Costa Rica,2,82,14,Spain,16532,Daniel Olmo Carvajal,4353,Aymeric Laporte,Incomplete,5.6515484,60.3,3.4,54.8,4.7
3857291,2022-11-23,Group Stage,Costa Rica,2,82,20,Spain,39161,Alejandro Balde Martínez,4353,Aymeric Laporte,Complete,21.219095,54.6,0.1,34.5,6.9
3857291,2022-11-23,Group Stage,Costa Rica,2,82,24,Spain,4353,Aymeric Laporte,6765,Rodrigo Hernández Cascante,Complete,21.319006,33.6,8.5,32.7,29.8
3857291,2022-11-23,Group Stage,Costa Rica,2,82,31,Spain,6765,Rodrigo Hernández Cascante,133353,Pablo Martín Páez Gavira,Complete,20.28916,52.6,33.0,63.2,50.3
3857291,2022-11-23,Group Stage,Costa Rica,2,82,32,Spain,133353,Pablo Martín Páez Gavira,3957,César Azpilicueta Tanco,Complete,18.256231,62.6,51.0,45.1,56.2
3857291,2022-11-23,Group Stage,Costa Rica,2,82,35,Spain,3957,César Azpilicueta Tanco,68574,Nicholas Williams Arthuer,Complete,20.436487,44.9,57.4,59.2,72.0
3857291,2022-11-23,Group Stage,Costa Rica,2,82,37,Spain,68574,Nicholas Williams Arthuer,3957,César Azpilicueta Tanco,Complete,17.756407,51.7,71.8,35.7,64.1
3857291,2022-11-23,Group Stage,Costa Rica,2,82,39,Spain,3957,César Azpilicueta Tanco,6765,Rodrigo Hernández Cascante,Complete,17.604546,35.7,63.4,29.3,47.0
3857291,2022-11-23,Group Stage,Costa Rica,2,82,43,Spain,6765,Rodrigo Hernández Cascante,4353,Aymeric Laporte,Complete,16.368261,30.0,43.5,22.6,28.9
3857291,2022-11-23,Group Stage,Costa Rica,2,82,44,Spain,4353,Aymeric Laporte,11748,Unai Simón Mendibil,Complete,16.260382,22.6,28.9,8.8,37.5
3857291,2022-11-23,Group Stage,Costa Rica,2,82,46,Spain,11748,Unai Simón Mendibil,39161,Alejandro Balde Martínez,Complete,38.954975,8.8,37.5,29.5,4.5
3857291,2022-11-23,Group Stage,Costa Rica,2,82,51,Spain,39161,Alejandro Balde Martínez,3477,Álvaro Borja Morata Martín,Complete,15.922626,44.5,4.7,56.2,15.5
3857291,2022-11-23,Group Stage,Costa Rica,2,82,53,Spain,3477,Álvaro Borja Morata Martín,5199,Jorge Resurrección Merodio,Complete,11.806778,54.8,12.2,47.4,21.4
3857291,2022-11-23,Group Stage,Costa Rica,2,82,56,Spain,5199,Jorge Resurrección Merodio,3957,César Azpilicueta Tanco,Complete,35.35534,49.2,27.1,54.2,62.1
3857291,2022-11-23,Group Stage,Costa Rica,2,83,3,Spain,3957,César Azpilicueta Tanco,5199,Jorge Resurrección Merodio,Complete,20.479258,67.7,72.3,65.9,51.9
3857291,2022-11-23,Group Stage,Costa Rica,2,83,9,Spain,5199,Jorge Resurrección Merodio,4353,Aymeric Laporte,Complete,19.720295,67.7,37.2,56.9,20.7
3857291,2022-11-23,Group Stage,Costa Rica,2,83,12,Spain,4353,Aymeric Laporte,16532,Daniel Olmo Carvajal,Complete,22.724657,62.5,17.4,80.4,3.4
3857291,2022-11-23,Group Stage,Costa Rica,2,83,14,Spain,16532,Daniel Olmo Carvajal,39161,Alejandro Balde Martínez,Complete,6.7029843,79.0,3.4,72.3,3.6
3857291,2022-11-23,Group Stage,Costa Rica,2,83,17,Spain,39161,Alejandro Balde Martínez,5199,Jorge Resurrección Merodio,Complete,19.233824,70.4,3.6,65.9,22.3
3857291,2022-11-23,Group Stage,Costa Rica,2,83,20,Spain,5199,Jorge Resurrección Merodio,68574,Nicholas Williams Arthuer,Out,63.19826,63.9,27.1,120.0,56.2
3857291,2022-11-23,Group Stage,Costa Rica,2,84,0,Spain,6765,Rodrigo Hernández Cascante,,,Incomplete,28.329844,49.2,66.2,77.5,67.5
3857291,2022-11-23,Group Stage,Costa Rica,2,84,8,Spain,5199,Jorge Resurrección Merodio,68574,Nicholas Williams Arthuer,Complete,15.195394,70.9,61.8,86.0,60.1
3857291,2022-11-23,Group Stage,Costa Rica,2,84,53,Spain,4353,Aymeric Laporte,6765,Rodrigo Hernández Cascante,Complete,16.727522,57.1,0.1,48.1,14.2
3857291,2022-11-23,Group Stage,Costa Rica,2,84,57,Spain,6765,Rodrigo Hernández Cascante,5199,Jorge Resurrección Merodio,Complete,18.879883,48.1,15.5,61.4,28.9
3857291,2022-11-23,Group Stage,Costa Rica,2,84,58,Spain,5199,Jorge Resurrección Merodio,133353,Pablo Martín Páez Gavira,Complete,20.500975,61.4,28.9,69.1,47.9
3857291,2022-11-23,Group Stage,Costa Rica,2,85,13,Spain,133353,Pablo Martín Páez Gavira,3957,César Azpilicueta Tanco,Complete,11.601724,78.8,52.4,72.0,61.8
3857291,2022-11-23,Group Stage,Costa Rica,2,85,14,Spain,3957,César Azpilicueta Tanco,6765,Rodrigo Hernández Cascante,Complete,20.833866,72.0,61.8,55.8,48.7
3857291,2022-11-23,Group Stage,Costa Rica,2,85,19,Spain,6765,Rodrigo Hernández Cascante,6583,Carlos Soler Barragán,Complete,10.186756,55.6,38.1,65.5,35.7
3857291,2022-11-23,Group Stage,Costa Rica,2,85,21,Spain,6583,Carlos Soler Barragán,5199,Jorge Resurrección Merodio,Complete,11.208925,61.6,34.8,64.6,45.6
3857291,2022-11-23,Group Stage,Costa Rica,2,85,21,Spain,5199,Jorge Resurrección Merodio,6765,Rodrigo Hernández Cascante,Complete,10.922454,63.5,45.1,52.6,45.8
3857291,2022-11-23,Group Stage,Costa Rica,2,85,24,Spain,6765,Rodrigo Hernández Cascante,6583,Carlos Soler Barragán,Complete,14.149558,52.1,46.7,61.0,35.7
3857291,2022-11-23,Group Stage,Costa Rica,2,85,24,Spain,6583,Carlos Soler Barragán,4353,Aymeric Laporte,Complete,20.63056,61.0,35.7,44.9,22.8
3857291,2022-11-23,Group Stage,Costa Rica,2,85,31,Spain,4353,Aymeric Laporte,5199,Jorge Resurrección Merodio,Complete,17.608236,67.0,14.7,62.8,31.8
3857291,2022-11-23,Group Stage,Costa Rica,2,85,33,Spain,5199,Jorge Resurrección Merodio,3477,Álvaro Borja Morata Martín,Complete,13.752455,62.8,31.8,76.5,33.0
3857291,2022-11-23,Group Stage,Costa Rica,2,85,36,Spain,3477,Álvaro Borja Morata Martín,3957,César Azpilicueta Tanco,Complete,25.993269,62.8,40.0,65.0,65.9
3857291,2022-11-23,Group Stage,Costa Rica,2,85,42,Spain,3957,César Azpilicueta Tanco,5199,Jorge Resurrección Merodio,Complete,20.608736,71.4,67.3,72.0,46.7
3857291,2022-11-23,Group Stage,Costa Rica,2,85,45,Spain,5199,Jorge Resurrección Merodio,39161,Alejandro Balde Martínez,Complete,36.379803,71.3,42.9,78.3,7.2
3857291,2022-11-23,Group Stage,Costa Rica,2,85,48,Spain,39161,Alejandro Balde Martínez,16532,Daniel Olmo Carvajal,Complete,11.005453,78.3,7.2,88.7,3.6
3857291,2022-11-23,Group Stage,Costa Rica,2,85,52,Spain,16532,Daniel Olmo Carvajal,6583,Carlos Soler Barragán,Complete,12.258874,95.5,4.2,88.7,14.4
3857291,2022-11-23,Group Stage,Costa Rica,2,85,55,Spain,6583,Carlos Soler Barragán,39161,Alejandro Balde Martínez,Complete,18.298906,91.9,12.8,109.8,9.0
3857291,2022-11-23,Group Stage,Costa Rica,2,85,58,Spain,39161,Alejandro Balde Martínez,16532,Daniel Olmo Carvajal,Complete,21.085777,111.1,9.2,106.6,29.8
3857291,2022-11-23,Group Stage,Costa Rica,2,86,0,Spain,16532,Daniel Olmo Carvajal,,,Incomplete,6.105735,106.6,26.4,111.8,29.6
3857291,2022-11-23,Group Stage,Costa Rica,2,87,8,Spain,3957,César Azpilicueta Tanco,133353,Pablo Martín Páez Gavira,Complete,22.737854,88.7,80.0,77.7,60.1
3857291,2022-11-23,Group Stage,Costa Rica,2,87,10,Spain,133353,Pablo Martín Páez Gavira,6765,Rodrigo Hernández Cascante,Complete,18.709623,79.0,59.1,60.3,58.5
3857291,2022-11-23,Group Stage,Costa Rica,2,87,12,Spain,6765,Rodrigo Hernández Cascante,4353,Aymeric Laporte,Complete,24.817131,60.1,58.5,54.6,34.3
3857291,2022-11-23,Group Stage,Costa Rica,2,87,14,Spain,4353,Aymeric Laporte,6583,Carlos Soler Barragán,Complete,25.212696,54.6,34.3,71.4,15.5
3857291,2022-11-23,Group Stage,Costa Rica,2,87,17,Spain,6583,Carlos Soler Barragán,39161,Alejandro Balde Martínez,Complete,14.345034,73.6,11.7,85.3,3.4
3857291,2022-11-23,Group Stage,Costa Rica,2,87,19,Spain,39161,Alejandro Balde Martínez,6583,Carlos Soler Barragán,Complete,17.584084,85.3,3.4,68.7,9.2
3857291,2022-11-23,Group Stage,Costa Rica,2,87,21,Spain,6583,Carlos Soler Barragán,5199,Jorge Resurrección Merodio,Complete,11.774549,64.4,11.5,68.6,22.5
3857291,2022-11-23,Group Stage,Costa Rica,2,87,22,Spain,5199,Jorge Resurrección Merodio,4353,Aymeric Laporte,Complete,14.7868185,68.6,22.5,53.9,24.1
3857291,2022-11-23,Group Stage,Costa Rica,2,87,26,Spain,4353,Aymeric Laporte,39161,Alejandro Balde Martínez,Complete,25.881653,53.9,24.1,72.0,5.6
3857291,2022-11-23,Group Stage,Costa Rica,2,87,30,Spain,39161,Alejandro Balde Martínez,6583,Carlos Soler Barragán,Complete,14.360014,75.2,4.0,63.7,12.6
3857291,2022-11-23,Group Stage,Costa Rica,2,87,32,Spain,6583,Carlos Soler Barragán,5199,Jorge Resurrección Merodio,Complete,14.36802,63.5,12.8,67.5,26.6
3857291,2022-11-23,Group Stage,Costa Rica,2,87,34,Spain,5199,Jorge Resurrección Merodio,133353,Pablo Martín Páez Gavira,Complete,20.728,66.1,26.4,73.4,45.8
3857291,2022-11-23,Group Stage,Costa Rica,2,87,37,Spain,133353,Pablo Martín Páez Gavira,16532,Daniel Olmo Carvajal,Complete,12.567418,75.6,40.2,86.9,34.7
3857291,2022-11-23,Group Stage,Costa Rica,2,87,39,Spain,16532,Daniel Olmo Carvajal,3477,Álvaro Borja Morata Martín,Incomplete,29.597635,90.3,40.2,117.4,52.1
3857291,2022-11-23,Group Stage,Costa Rica,2,88,17,Spain,3957,César Azpilicueta Tanco,68574,Nicholas Williams Arthuer,Complete,20.09975,51.3,80.0,61.7,62.8
3857291,2022-11-23,Group Stage,Costa Rica,2,88,47,Spain,39161,Alejandro Balde Martínez,6765,Rodrigo Hernández Cascante,Complete,20.6,40.8,8.1,40.8,28.7
3857291,2022-11-23,Group Stage,Costa Rica,2,88,50,Spain,6765,Rodrigo Hernández Cascante,5199,Jorge Resurrección Merodio,Complete,11.552056,41.8,29.8,52.6,25.7
3857291,2022-11-23,Group Stage,Costa Rica,2,88,52,Spain,5199,Jorge Resurrección Merodio,6583,Carlos Soler Barragán,Complete,18.321571,54.0,24.3,64.8,9.5
3857291,2022-11-23,Group Stage,Costa Rica,2,88,58,Spain,6583,Carlos Soler Barragán,5199,Jorge Resurrección Merodio,Complete,10.601887,86.1,11.7,79.9,20.3
3857291,2022-11-23,Group Stage,Costa Rica,2,89,0,Spain,5199,Jorge Resurrección Merodio,133353,Pablo Martín Páez Gavira,Complete,22.350391,79.9,20.3,78.4,42.6
3857291,2022-11-23,Group Stage,Costa Rica,2,89,2,Spain,133353,Pablo Martín Páez Gavira,68574,Nicholas Williams Arthuer,Complete,26.35185,79.5,41.3,90.6,65.2
3857291,2022-11-23,Group Stage,Costa Rica,2,89,9,Spain,68574,Nicholas Williams Arthuer,,,Incomplete,28.770298,109.5,67.3,115.2,39.1
3857291,2022-11-23,Group Stage,Costa Rica,2,90,52,Spain,11748,Unai Simón Mendibil,39161,Alejandro Balde Martínez,Complete,21.301878,15.8,30.0,23.4,10.1
3857291,2022-11-23,Group Stage,Costa Rica,2,90,56,Spain,39161,Alejandro Balde Martínez,16532,Daniel Olmo Carvajal,Complete,27.202942,37.5,10.4,63.5,2.4
3857291,2022-11-23,Group Stage,Costa Rica,2,91,0,Spain,16532,Daniel Olmo Carvajal,6583,Carlos Soler Barragán,Complete,15.844873,68.7,3.8,57.8,15.3
3857291,2022-11-23,Group Stage,Costa Rica,2,91,2,Spain,6583,Carlos Soler Barragán,5199,Jorge Resurrección Merodio,Complete,13.532923,57.8,15.3,44.5,12.8
3857291,2022-11-23,Group Stage,Costa Rica,2,91,4,Spain,5199,Jorge Resurrección Merodio,4353,Aymeric Laporte,Complete,12.879829,39.0,9.2,33.2,20.7
3857291,2022-11-23,Group Stage,Costa Rica,2,91,6,Spain,4353,Aymeric Laporte,39161,Alejandro Balde Martínez,Complete,25.865227,32.7,20.7,53.7,5.6
3857291,2022-11-23,Group Stage,Costa Rica,2,91,12,Spain,39161,Alejandro Balde Martínez,133353,Pablo Martín Páez Gavira,Complete,24.350155,77.5,17.8,65.7,39.1
3857291,2022-11-23,Group Stage,Costa Rica,2,91,15,Spain,133353,Pablo Martín Páez Gavira,68574,Nicholas Williams Arthuer,Complete,35.398586,63.7,38.6,73.2,72.7
3857291,2022-11-23,Group Stage,Costa Rica,2,91,17,Spain,68574,Nicholas Williams Arthuer,3957,César Azpilicueta Tanco,Complete,13.753545,73.4,72.0,64.4,61.6
3857291,2022-11-23,Group Stage,Costa Rica,2,91,19,Spain,3957,César Azpilicueta Tanco,6765,Rodrigo Hernández Cascante,Complete,15.713688,64.4,61.6,52.8,51.0
3857291,2022-11-23,Group Stage,Costa Rica,2,91,22,Spain,6765,Rodrigo Hernández Cascante,4353,Aymeric Laporte,Complete,21.323462,52.4,50.3,48.7,29.3
3857291,2022-11-23,Group Stage,Costa Rica,2,91,24,Spain,4353,Aymeric Laporte,5199,Jorge Resurrección Merodio,Complete,11.360018,47.2,29.3,54.0,38.4
3857291,2022-11-23,Group Stage,Costa Rica,2,91,27,Spain,5199,Jorge Resurrección Merodio,6583,Carlos Soler Barragán,Complete,14.98566,56.2,36.8,57.8,21.9
3857291,2022-11-23,Group Stage,Costa Rica,2,91,28,Spain,6583,Carlos Soler Barragán,39161,Alejandro Balde Martínez,Complete,14.31363,57.8,23.0,59.6,8.8
3857291,2022-11-23,Group Stage,Costa Rica,2,91,31,Spain,39161,Alejandro Balde Martínez,16532,Daniel Olmo Carvajal,Complete,22.062864,62.1,8.5,82.7,0.6
3857291,2022-11-23,Group Stage,Costa Rica,2,91,36,Spain,16532,Daniel Olmo Carvajal,5199,Jorge Resurrección Merodio,Complete,15.586212,86.3,7.0,76.6,19.2
3857291,2022-11-23,Group Stage,Costa Rica,2,91,39,Spain,5199,Jorge Resurrección Merodio,3957,César Azpilicueta Tanco,Complete,35.50507,74.7,22.8,74.1,58.3
3857291,2022-11-23,Group Stage,Costa Rica,2,91,42,Spain,3957,César Azpilicueta Tanco,68574,Nicholas Williams Arthuer,Complete,24.052027,74.3,61.6,94.6,74.5
3857291,2022-11-23,Group Stage,Costa Rica,2,91,44,Spain,68574,Nicholas Williams Arthuer,133353,Pablo Martín Páez Gavira,Complete,24.645689,92.4,72.9,117.0,71.4
3857291,2022-11-23,Group Stage,Costa Rica,2,91,51,Spain,133353,Pablo Martín Páez Gavira,68574,Nicholas Williams Arthuer,Complete,18.212358,114.0,69.6,100.3,57.6
3857291,2022-11-23,Group Stage,Costa Rica,2,91,53,Spain,68574,Nicholas Williams Arthuer,3477,Álvaro Borja Morata Martín,Complete,10.160708,100.1,56.9,101.9,46.9
3857291,2022-11-23,Group Stage,Costa Rica,2,91,55,Spain,3477,Álvaro Borja Morata Martín,16532,Daniel Olmo Carvajal,Complete,7.6850505,101.6,44.3,95.1,40.2
3857291,2022-11-23,Group Stage,Costa Rica,2,91,56,Spain,16532,Daniel Olmo Carvajal,3477,Álvaro Borja Morata Martín,Complete,9.247703,95.4,39.8,104.0,36.4
3857291,2022-11-23,Group Stage,Costa Rica,2,93,13,Spain,11748,Unai Simón Mendibil,6583,Carlos Soler Barragán,Complete,23.860638,13.8,38.6,35.6,28.9
3857291,2022-11-23,Group Stage,Costa Rica,2,93,18,Spain,6583,Carlos Soler Barragán,133353,Pablo Martín Páez Gavira,Complete,13.571293,51.0,28.9,53.7,42.2
3857291,2022-11-23,Group Stage,Costa Rica,2,93,19,Spain,133353,Pablo Martín Páez Gavira,5199,Jorge Resurrección Merodio,Complete,8.34386,53.5,42.2,47.6,36.3
3857291,2022-11-23,Group Stage,Costa Rica,2,93,21,Spain,5199,Jorge Resurrección Merodio,6583,Carlos Soler Barragán,Complete,9.585405,47.6,36.3,56.4,32.5
3857291,2022-11-23,Group Stage,Costa Rica,2,93,22,Spain,6583,Carlos Soler Barragán,5199,Jorge Resurrección Merodio,Complete,6.0440054,56.4,32.5,52.6,37.2
3857291,2022-11-23,Group Stage,Costa Rica,2,93,23,Spain,5199,Jorge Resurrección Merodio,6583,Carlos Soler Barragán,Complete,12.090492,52.6,37.2,63.9,32.9
3857291,2022-11-23,Group Stage,Costa Rica,2,93,25,Spain,6583,Carlos Soler Barragán,5199,Jorge Resurrección Merodio,Complete,7.17844,63.9,32.9,57.1,35.2
3857291,2022-11-23,Group Stage,Costa Rica,2,93,29,Spain,5199,Jorge Resurrección Merodio,4353,Aymeric Laporte,Complete,19.845654,57.1,35.2,47.2,18.0
3857291,2022-11-23,Group Stage,Costa Rica,2,93,33,Spain,4353,Aymeric Laporte,5199,Jorge Resurrección Merodio,Complete,16.090992,52.4,18.5,61.0,32.1
3857291,2022-11-23,Group Stage,Costa Rica,2,93,34,Spain,5199,Jorge Resurrección Merodio,6765,Rodrigo Hernández Cascante,Complete,12.360016,61.2,31.6,51.3,39.0
3857291,2022-11-23,Group Stage,Costa Rica,2,93,37,Spain,6765,Rodrigo Hernández Cascante,3957,César Azpilicueta Tanco,Complete,33.8941,51.3,39.0,70.4,67.0
3857291,2022-11-23,Group Stage,Costa Rica,2,93,42,Spain,3957,César Azpilicueta Tanco,133353,Pablo Martín Páez Gavira,Complete,8.5,77.9,68.4,74.3,60.7
3857291,2022-11-23,Group Stage,Costa Rica,2,93,50,Spain,133353,Pablo Martín Páez Gavira,5199,Jorge Resurrección Merodio,Complete,15.305554,69.3,64.3,71.8,49.2
3857291,2022-11-23,Group Stage,Costa Rica,2,93,51,Spain,5199,Jorge Resurrección Merodio,6765,Rodrigo Hernández Cascante,Complete,11.088733,71.4,48.8,64.4,57.4
3857291,2022-11-23,Group Stage,Costa Rica,2,93,52,Spain,6765,Rodrigo Hernández Cascante,133353,Pablo Martín Páez Gavira,Complete,5.60803,64.4,57.4,68.7,61.0
3857291,2022-11-23,Group Stage,Costa Rica,2,93,55,Spain,133353,Pablo Martín Páez Gavira,4353,Aymeric Laporte,Complete,32.967407,68.7,61.0,62.1,28.7
3857291,2022-11-23,Group Stage,Costa Rica,2,93,58,Spain,4353,Aymeric Laporte,39161,Alejandro Balde Martínez,Complete,28.425694,62.1,23.9,82.2,3.8
3857291,2022-11-23,Group Stage,Costa Rica,2,94,1,Spain,39161,Alejandro Balde Martínez,16532,Daniel Olmo Carvajal,Complete,13.396268,82.2,3.8,89.7,14.9
3857291,2022-11-23,Group Stage,Costa Rica,2,94,9,Spain,6583,Carlos Soler Barragán,5199,Jorge Resurrección Merodio,Complete,10.816654,86.9,7.0,80.9,16.0
3857291,2022-11-23,Group Stage,Costa Rica,2,94,10,Spain,5199,Jorge Resurrección Merodio,6765,Rodrigo Hernández Cascante,Complete,22.365152,80.9,16.0,67.1,33.6
3857291,2022-11-23,Group Stage,Costa Rica,2,94,14,Spain,6765,Rodrigo Hernández Cascante,5199,Jorge Resurrección Merodio,Complete,7.392564,73.4,28.2,76.3,21.4
3857291,2022-11-23,Group Stage,Costa Rica,2,94,15,Spain,5199,Jorge Resurrección Merodio,6583,Carlos Soler Barragán,Complete,12.432618,76.3,21.0,88.7,20.1
3857291,2022-11-23,Group Stage,Costa Rica,2,94,17,Spain,6583,Carlos Soler Barragán,39161,Alejandro Balde Martínez,Complete,28.800869,87.0,19.9,112.0,5.6
3857291,2022-11-23,Group Stage,Costa Rica,2,94,19,Spain,39161,Alejandro Balde Martínez,,,Incomplete,25.53625,112.0,5.6,107.3,30.7
3857291,2022-11-23,Group Stage,Costa Rica,2,94,23,Spain,6765,Rodrigo Hernández Cascante,5199,Jorge Resurrección Merodio,Complete,7.8854294,77.2,27.7,84.9,26.0
3857291,2022-11-23,Group Stage,Costa Rica,2,94,24,Spain,5199,Jorge Resurrección Merodio,3957,César Azpilicueta Tanco,Complete,21.663334,84.9,26.0,67.8,39.3
3857291,2022-11-23,Group Stage,Costa Rica,2,94,27,Spain,3957,César Azpilicueta Tanco,133353,Pablo Martín Páez Gavira,Complete,23.170023,67.8,39.3,83.1,56.7
3857291,2022-11-23,Group Stage,Costa Rica,2,94,29,Spain,133353,Pablo Martín Páez Gavira,68574,Nicholas Williams Arthuer,Complete,21.382704,83.1,56.7,96.2,73.6
3857291,2022-11-23,Group Stage,Costa Rica,2,94,33,Spain,68574,Nicholas Williams Arthuer,133353,Pablo Martín Páez Gavira,Complete,16.493938,96.2,73.6,80.0,70.5
3857291,2022-11-23,Group Stage,Costa Rica,2,94,35,Spain,133353,Pablo Martín Páez Gavira,68574,Nicholas Williams Arthuer,Complete,6.780118,82.0,68.7,86.1,74.1
3857291,2022-11-23,Group Stage,Costa Rica,2,94,36,Spain,68574,Nicholas Williams Arthuer,3957,César Azpilicueta Tanco,Complete,24.635138,86.1,74.1,62.8,66.1
3857291,2022-11-23,Group Stage,Costa Rica,2,94,38,Spain,3957,César Azpilicueta Tanco,5199,Jorge Resurrección Merodio,Complete,28.675425,62.8,66.1,68.0,37.9
3857291,2022-11-23,Group Stage,Costa Rica,2,94,41,Spain,5199,Jorge Resurrección Merodio,6583,Carlos Soler Barragán,Complete,12.432618,68.0,37.9,73.6,26.8
3857291,2022-11-23,Group Stage,Costa Rica,2,94,42,Spain,6583,Carlos Soler Barragán,39161,Alejandro Balde Martínez,Complete,24.816326,74.1,26.8,87.0,5.6
3857291,2022-11-23,Group Stage,Costa Rica,2,94,47,Spain,39161,Alejandro Balde Martínez,4353,Aymeric Laporte,Complete,34.396076,86.9,5.8,53.9,15.5
3857291,2022-11-23,Group Stage,Costa Rica,2,94,51,Spain,4353,Aymeric Laporte,6765,Rodrigo Hernández Cascante,Complete,25.285767,53.9,15.5,58.3,40.4
3857291,2022-11-23,Group Stage,Costa Rica,2,94,54,Spain,6765,Rodrigo Hernández Cascante,133353,Pablo Martín Páez Gavira,Complete,16.02061,56.7,40.2,69.6,49.7
3857291,2022-11-23,Group Stage,Costa Rica,2,94,55,Spain,133353,Pablo Martín Páez Gavira,6765,Rodrigo Hernández Cascante,Complete,16.224672,69.6,49.7,55.6,41.5
3857291,2022-11-23,Group Stage,Costa Rica,2,94,56,Spain,6765,Rodrigo Hernández Cascante,16532,Daniel Olmo Carvajal,Complete,18.000555,55.6,41.5,65.7,26.6
3857291,2022-11-23,Group Stage,Costa Rica,2,94,58,Spain,16532,Daniel Olmo Carvajal,6583,Carlos Soler Barragán,Complete,24.469572,67.1,22.1,84.7,5.1
3857291,2022-11-23,Group Stage,Costa Rica,2,95,3,Spain,6583,Carlos Soler Barragán,39161,Alejandro Balde Martínez,Complete,8.459906,99.1,16.9,103.2,9.5
3857291,2022-11-23,Group Stage,Costa Rica,2,95,4,Spain,39161,Alejandro Balde Martínez,16532,Daniel Olmo Carvajal,Complete,15.328732,102.3,9.2,87.4,12.8
3857291,2022-11-23,Group Stage,Costa Rica,2,95,6,Spain,16532,Daniel Olmo Carvajal,5199,Jorge Resurrección Merodio,Complete,13.448049,87.4,12.8,83.6,25.7
3857291,2022-11-23,Group Stage,Costa Rica,2,95,8,Spain,5199,Jorge Resurrección Merodio,133353,Pablo Martín Páez Gavira,Complete,13.541787,83.6,25.7,88.3,38.4
3857291,2022-11-23,Group Stage,Costa Rica,2,95,13,Spain,133353,Pablo Martín Páez Gavira,6583,Carlos Soler Barragán,Complete,7.877182,103.6,34.7,102.5,42.5
3857291,2022-11-23,Group Stage,Costa Rica,2,95,53,Spain,3957,César Azpilicueta Tanco,6765,Rodrigo Hernández Cascante,Complete,19.055971,37.0,80.0,26.2,64.3
3857291,2022-11-23,Group Stage,Costa Rica,2,95,56,Spain,6765,Rodrigo Hernández Cascante,6583,Carlos Soler Barragán,Complete,33.90944,28.9,60.0,43.3,29.3
3857291,2022-11-23,Group Stage,Costa Rica,2,95,59,Spain,6583,Carlos Soler Barragán,16532,Daniel Olmo Carvajal,Complete,21.600464,43.3,29.3,62.6,19.6
3857291,2022-11-23,Group Stage,Costa Rica,2,96,1,Spain,16532,Daniel Olmo Carvajal,39161,Alejandro Balde Martínez,Complete,23.661783,63.5,16.9,85.3,7.7
3857291,2022-11-23,Group Stage,Costa Rica,2,97,37,Spain,6583,Carlos Soler Barragán,39161,Alejandro Balde Martínez,Complete,37.05995,88.3,0.1,57.1,20.1
3857291,2022-11-23,Group Stage,Costa Rica,2,97,42,Spain,39161,Alejandro Balde Martínez,6765,Rodrigo Hernández Cascante,Complete,8.931965,53.9,20.3,50.6,28.6
3857291,2022-11-23,Group Stage,Costa Rica,2,97,49,Spain,6765,Rodrigo Hernández Cascante,39161,Alejandro Balde Martínez,Complete,18.784037,61.6,27.3,55.6,9.5
3857291,2022-11-23,Group Stage,Costa Rica,2,97,51,Spain,39161,Alejandro Balde Martínez,133353,Pablo Martín Páez Gavira,Complete,8.159657,55.6,9.5,58.3,1.8
3857291,2022-11-23,Group Stage,Costa Rica,2,97,55,Spain,133353,Pablo Martín Páez Gavira,3957,César Azpilicueta Tanco,Complete,41.054234,56.9,14.7,48.1,54.8
3857291,2022-11-23,Group Stage,Costa Rica,2,98,2,Spain,3957,César Azpilicueta Tanco,5199,Jorge Resurrección Merodio,Complete,16.85141,55.3,53.5,65.9,40.4
3857291,2022-11-23,Group Stage,Costa Rica,2,98,2,Spain,5199,Jorge Resurrección Merodio,133353,Pablo Martín Páez Gavira,Complete,8.646965,66.6,41.1,67.5,32.5
