match_id,fecha,fase,oponente,periodo,minuto,segundo,equipo,jugador_id,jugador_nombre,receptor_id,receptor_nombre,resultado,longitud_pase,inicio_x,inicio_y,fin_x,fin_y
3857265,2022-11-22,Group Stage,Poland,1,0,0,Mexico,26400,Henry Josué Martín Mex,5575,Héctor Miguel Herrera López,Complete,10.804166,60.0,40.0,49.2,39.7
3857265,2022-11-22,Group Stage,Poland,1,0,2,Mexico,5575,Héctor Miguel Herrera López,28825,Luis Gerardo Chávez Magallón,Complete,18.343937,52.6,35.5,47.1,18.0
3857265,2022-11-22,Group Stage,Poland,1,0,4,Mexico,28825,Luis Gerardo Chávez Magallón,5576,Jesús Daniel Gallardo Vasconcelos,Complete,14.222517,45.5,13.8,39.3,1.0
3857265,2022-11-22,Group Stage,Poland,1,0,6,Mexico,5576,Jesús Daniel Gallardo Vasconcelos,5573,Héctor Alfredo Moreno Herrera,Complete,20.113676,34.6,1.7,19.6,15.1
3857265,2022-11-22,Group Stage,Poland,1,0,7,Mexico,5573,Héctor Alfredo Moreno Herrera,,,Incomplete,29.887957,19.6,15.1,49.1,19.9
3857265,2022-11-22,Group Stage,Poland,1,0,53,Mexico,5577,Francisco Guillermo Ochoa Magaña,26301,Ernesto Alexis Vega Rojas,Out,64.012886,11.0,3.9,74.9,0.1
3857265,2022-11-22,Group Stage,Poland,1,1,14,Mexico,5573,Héctor Alfredo Moreno Herrera,28825,Luis Gerardo Chávez Magallón,Complete,20.252901,30.1,24.1,49.8,19.4
3857265,2022-11-22,Group Stage,Poland,1,1,16,Mexico,28825,Luis Gerardo Chávez Magallón,26400,Henry Josué Martín Mex,Complete,15.692355,49.8,19.4,63.3,11.4
3857265,2022-11-22,Group Stage,Poland,1,1,17,Mexico,26400,Henry Josué Martín Mex,26301,Ernesto Alexis Vega Rojas,Complete,11.271202,64.2,10.8,59.0,0.8
3857265,2022-11-22,Group Stage,Poland,1,1,20,Mexico,26301,Ernesto Alexis Vega Rojas,28825,Luis Gerardo Chávez Magallón,Complete,8.6977005,59.8,1.0,56.9,9.2
3857265,2022-11-22,Group Stage,Poland,1,1,38,Mexico,5573,Héctor Alfredo Moreno Herrera,5567,Edson Omar Álvarez Velázquez,Complete,8.584288,59.0,12.5,57.8,21.0
3857265,2022-11-22,Group Stage,Poland,1,1,39,Mexico,5567,Edson Omar Álvarez Velázquez,5573,Héctor Alfredo Moreno Herrera,Complete,19.984243,58.1,27.6,54.2,8.0
3857265,2022-11-22,Group Stage,Poland,1,1,41,Mexico,5573,Héctor Alfredo Moreno Herrera,5567,Edson Omar Álvarez Velázquez,Complete,17.728226,53.0,6.0,38.5,16.2
3857265,2022-11-22,Group Stage,Poland,1,1,45,Mexico,5567,Edson Omar Álvarez Velázquez,5573,Héctor Alfredo Moreno Herrera,Complete,19.14419,41.0,17.6,53.5,3.1
3857265,2022-11-22,Group Stage,Poland,1,1,51,Mexico,5573,Héctor Alfredo Moreno Herrera,26301,Ernesto Alexis Vega Rojas,Complete,12.233151,68.7,1.9,80.8,3.7
3857265,2022-11-22,Group Stage,Poland,1,1,53,Mexico,26301,Ernesto Alexis Vega Rojas,5573,Héctor Alfredo Moreno Herrera,Complete,11.684177,76.2,1.5,64.6,0.1
3857265,2022-11-22,Group Stage,Poland,1,1,55,Mexico,5573,Héctor Alfredo Moreno Herrera,5567,Edson Omar Álvarez Velázquez,Complete,23.970398,63.0,1.0,40.3,8.7
3857265,2022-11-22,Group Stage,Poland,1,1,59,Mexico,5567,Edson Omar Álvarez Velázquez,26368,César Jasib Montes Castro,Complete,31.940569,37.3,21.5,47.1,51.9
3857265,2022-11-22,Group Stage,Poland,1,2,4,Mexico,26368,César Jasib Montes Castro,26301,Ernesto Alexis Vega Rojas,Complete,63.601967,58.0,56.5,101.5,10.1
3857265,2022-11-22,Group Stage,Poland,1,2,13,Mexico,26301,Ernesto Alexis Vega Rojas,5575,Héctor Miguel Herrera López,Complete,20.940153,91.9,21.4,81.2,39.4
3857265,2022-11-22,Group Stage,Poland,1,2,16,Mexico,5575,Héctor Miguel Herrera López,26406,Jorge Eduardo Sánchez Ramos,Complete,9.381365,74.8,48.7,79.7,56.7
3857265,2022-11-22,Group Stage,Poland,1,2,17,Mexico,26406,Jorge Eduardo Sánchez Ramos,5575,Héctor Miguel Herrera López,Complete,10.748954,79.7,56.7,69.2,54.4
3857265,2022-11-22,Group Stage,Poland,1,2,23,Mexico,5575,Héctor Miguel Herrera López,5573,Héctor Alfredo Moreno Herrera,Complete,41.2074,65.0,58.1,56.4,17.8
3857265,2022-11-22,Group Stage,Poland,1,2,28,Mexico,5573,Héctor Alfredo Moreno Herrera,5571,Hirving Rodrigo Lozano Bahena,Incomplete,58.13639,61.9,22.8,94.7,70.8
3857265,2022-11-22,Group Stage,Poland,1,2,43,Mexico,26406,Jorge Eduardo Sánchez Ramos,26368,César Jasib Montes Castro,Complete,36.837074,58.0,80.0,24.4,64.9
3857265,2022-11-22,Group Stage,Poland,1,2,46,Mexico,26368,César Jasib Montes Castro,5573,Héctor Alfredo Moreno Herrera,Complete,36.769554,31.7,58.5,36.9,22.1
3857265,2022-11-22,Group Stage,Poland,1,2,51,Mexico,5573,Héctor Alfredo Moreno Herrera,5567,Edson Omar Álvarez Velázquez,Complete,18.681541,46.7,25.1,58.1,39.9
3857265,2022-11-22,Group Stage,Poland,1,2,55,Mexico,5567,Edson Omar Álvarez Velázquez,5576,Jesús Daniel Gallardo Vasconcelos,Complete,26.24881,63.9,26.9,71.9,1.9
3857265,2022-11-22,Group Stage,Poland,1,2,58,Mexico,5576,Jesús Daniel Gallardo Vasconcelos,5567,Edson Omar Álvarez Velázquez,Complete,14.812158,69.4,1.7,68.8,16.5
3857265,2022-11-22,Group Stage,Poland,1,3,1,Mexico,5567,Edson Omar Álvarez Velázquez,5571,Hirving Rodrigo Lozano Bahena,Incomplete,49.71569,64.6,22.8,100.3,57.4
3857265,2022-11-22,Group Stage,Poland,1,4,30,Mexico,5571,Hirving Rodrigo Lozano Bahena,26301,Ernesto Alexis Vega Rojas,Complete,32.02249,117.7,61.9,116.5,29.9
3857265,2022-11-22,Group Stage,Poland,1,4,40,Mexico,5573,Héctor Alfredo Moreno Herrera,5576,Jesús Daniel Gallardo Vasconcelos,Complete,20.503902,36.9,1.7,57.4,1.3
3857265,2022-11-22,Group Stage,Poland,1,4,43,Mexico,5576,Jesús Daniel Gallardo Vasconcelos,28825,Luis Gerardo Chávez Magallón,Complete,7.3348484,62.4,2.6,69.6,1.2
3857265,2022-11-22,Group Stage,Poland,1,4,58,Mexico,5576,Jesús Daniel Gallardo Vasconcelos,5573,Héctor Alfredo Moreno Herrera,Complete,19.210674,65.6,1.2,46.9,5.6
3857265,2022-11-22,Group Stage,Poland,1,5,1,Mexico,5573,Héctor Alfredo Moreno Herrera,26368,César Jasib Montes Castro,Complete,34.237408,49.4,6.4,51.0,40.6
3857265,2022-11-22,Group Stage,Poland,1,5,4,Mexico,26368,César Jasib Montes Castro,5575,Héctor Miguel Herrera López,Complete,23.356798,52.6,42.4,58.1,65.1
3857265,2022-11-22,Group Stage,Poland,1,5,6,Mexico,5575,Héctor Miguel Herrera López,5567,Edson Omar Álvarez Velázquez,Complete,17.17469,61.2,64.9,62.8,47.8
3857265,2022-11-22,Group Stage,Poland,1,5,10,Mexico,5567,Edson Omar Álvarez Velázquez,5575,Héctor Miguel Herrera López,Complete,18.950462,68.3,56.9,54.9,70.3
3857265,2022-11-22,Group Stage,Poland,1,5,18,Mexico,5575,Héctor Miguel Herrera López,26368,César Jasib Montes Castro,Complete,21.544836,54.0,68.8,35.3,58.1
3857265,2022-11-22,Group Stage,Poland,1,5,20,Mexico,26368,César Jasib Montes Castro,5577,Francisco Guillermo Ochoa Magaña,Complete,24.994799,34.1,57.8,19.8,37.3
3857265,2022-11-22,Group Stage,Poland,1,5,22,Mexico,5577,Francisco Guillermo Ochoa Magaña,5573,Héctor Alfredo Moreno Herrera,Complete,27.102951,19.8,37.3,38.2,17.4
3857265,2022-11-22,Group Stage,Poland,1,5,27,Mexico,5573,Héctor Alfredo Moreno Herrera,5567,Edson Omar Álvarez Velázquez,Complete,11.403947,49.4,18.5,56.0,27.8
3857265,2022-11-22,Group Stage,Poland,1,5,30,Mexico,5567,Edson Omar Álvarez Velázquez,26368,César Jasib Montes Castro,Complete,28.700697,46.2,24.2,46.0,52.9
3857265,2022-11-22,Group Stage,Poland,1,5,36,Mexico,26368,César Jasib Montes Castro,5575,Héctor Miguel Herrera López,Complete,22.785303,71.5,51.7,80.1,72.8
3857265,2022-11-22,Group Stage,Poland,1,5,39,Mexico,5575,Héctor Miguel Herrera López,,,Incomplete,1.360147,86.9,76.5,87.3,75.2
3857265,2022-11-22,Group Stage,Poland,1,9,14,Mexico,5577,Francisco Guillermo Ochoa Magaña,5573,Héctor Alfredo Moreno Herrera,Complete,33.412724,14.8,41.2,30.3,11.6
3857265,2022-11-22,Group Stage,Poland,1,9,16,Mexico,5573,Héctor Alfredo Moreno Herrera,28825,Luis Gerardo Chávez Magallón,Complete,12.3,43.1,4.9,45.8,16.9
3857265,2022-11-22,Group Stage,Poland,1,9,17,Mexico,28825,Luis Gerardo Chávez Magallón,5573,Héctor Alfredo Moreno Herrera,Complete,11.825819,46.0,15.3,48.3,3.7
3857265,2022-11-22,Group Stage,Poland,1,9,20,Mexico,5573,Héctor Alfredo Moreno Herrera,26400,Henry Josué Martín Mex,Complete,41.38816,50.9,1.2,92.2,3.9
3857265,2022-11-22,Group Stage,Poland,1,9,25,Mexico,26400,Henry Josué Martín Mex,5576,Jesús Daniel Gallardo Vasconcelos,Complete,7.023532,99.2,1.3,105.4,4.6
3857265,2022-11-22,Group Stage,Poland,1,9,27,Mexico,5576,Jesús Daniel Gallardo Vasconcelos,,,Incomplete,33.650707,107.2,4.8,119.3,36.2
3857265,2022-11-22,Group Stage,Poland,1,10,31,Mexico,5577,Francisco Guillermo Ochoa Magaña,26368,César Jasib Montes Castro,Complete,16.542068,6.0,36.0,10.2,52.0
3857265,2022-11-22,Group Stage,Poland,1,10,35,Mexico,26368,César Jasib Montes Castro,5573,Héctor Alfredo Moreno Herrera,Complete,22.018402,13.0,53.5,12.1,31.5
3857265,2022-11-22,Group Stage,Poland,1,10,40,Mexico,5573,Héctor Alfredo Moreno Herrera,26368,César Jasib Montes Castro,Complete,22.203604,19.6,36.4,26.2,57.6
3857265,2022-11-22,Group Stage,Poland,1,10,46,Mexico,26368,César Jasib Montes Castro,,,Incomplete,5.6859474,51.7,60.8,56.9,58.5
3857265,2022-11-22,Group Stage,Poland,1,10,50,Mexico,5577,Francisco Guillermo Ochoa Magaña,5573,Héctor Alfredo Moreno Herrera,Complete,21.100948,24.4,30.8,40.7,17.4
3857265,2022-11-22,Group Stage,Poland,1,10,53,Mexico,5573,Héctor Alfredo Moreno Herrera,5567,Edson Omar Álvarez Velázquez,Complete,14.591093,42.6,18.1,52.3,29.0
3857265,2022-11-22,Group Stage,Poland,1,10,57,Mexico,5567,Edson Omar Álvarez Velázquez,28825,Luis Gerardo Chávez Magallón,Complete,10.34698,63.0,22.8,67.1,13.3
3857265,2022-11-22,Group Stage,Poland,1,10,58,Mexico,28825,Luis Gerardo Chávez Magallón,5573,Héctor Alfredo Moreno Herrera,Complete,19.794191,67.1,13.3,47.6,16.7
3857265,2022-11-22,Group Stage,Poland,1,11,1,Mexico,5573,Héctor Alfredo Moreno Herrera,5575,Héctor Miguel Herrera López,Complete,24.352617,50.9,18.7,56.5,42.4
3857265,2022-11-22,Group Stage,Poland,1,11,3,Mexico,5575,Héctor Miguel Herrera López,5573,Héctor Alfredo Moreno Herrera,Complete,24.758837,57.1,42.4,59.9,17.8
3857265,2022-11-22,Group Stage,Poland,1,11,6,Mexico,5573,Héctor Alfredo Moreno Herrera,26301,Ernesto Alexis Vega Rojas,Complete,16.33677,68.0,16.3,81.5,7.1
3857265,2022-11-22,Group Stage,Poland,1,11,8,Mexico,26301,Ernesto Alexis Vega Rojas,28825,Luis Gerardo Chávez Magallón,Complete,8.363014,82.1,10.8,87.6,17.1
3857265,2022-11-22,Group Stage,Poland,1,11,14,Mexico,26301,Ernesto Alexis Vega Rojas,,,Incomplete,0.7,117.7,3.5,117.7,4.2
3857265,2022-11-22,Group Stage,Poland,1,11,35,Mexico,26301,Ernesto Alexis Vega Rojas,28825,Luis Gerardo Chávez Magallón,Complete,4.561798,120.0,0.1,115.9,2.1
3857265,2022-11-22,Group Stage,Poland,1,11,37,Mexico,28825,Luis Gerardo Chávez Magallón,5576,Jesús Daniel Gallardo Vasconcelos,Complete,26.101341,113.3,3.9,88.1,10.7
3857265,2022-11-22,Group Stage,Poland,1,11,40,Mexico,5576,Jesús Daniel Gallardo Vasconcelos,28825,Luis Gerardo Chávez Magallón,Complete,11.423659,89.9,11.2,101.0,8.5
3857265,2022-11-22,Group Stage,Poland,1,11,42,Mexico,28825,Luis Gerardo Chávez Magallón,5573,Héctor Alfredo Moreno Herrera,Complete,36.07215,101.9,8.6,114.5,42.4
3857265,2022-11-22,Group Stage,Poland,1,13,39,Mexico,5576,Jesús Daniel Gallardo Vasconcelos,26301,Ernesto Alexis Vega Rojas,Complete,16.215117,11.8,14.7,28.0,14.0
3857265,2022-11-22,Group Stage,Poland,1,13,40,Mexico,26301,Ernesto Alexis Vega Rojas,28825,Luis Gerardo Chávez Magallón,Complete,17.306646,28.2,13.7,37.8,28.1
3857265,2022-11-22,Group Stage,Poland,1,13,43,Mexico,28825,Luis Gerardo Chávez Magallón,26400,Henry Josué Martín Mex,Complete,12.931357,37.8,28.1,50.7,29.0
3857265,2022-11-22,Group Stage,Poland,1,14,6,Mexico,5573,Héctor Alfredo Moreno Herrera,5567,Edson Omar Álvarez Velázquez,Complete,17.04494,46.7,20.6,34.4,32.4
3857265,2022-11-22,Group Stage,Poland,1,14,9,Mexico,5567,Edson Omar Álvarez Velázquez,26368,César Jasib Montes Castro,Complete,22.415396,34.4,34.0,43.0,54.7
3857265,2022-11-22,Group Stage,Poland,1,14,12,Mexico,26368,César Jasib Montes Castro,26406,Jorge Eduardo Sánchez Ramos,Complete,17.805899,44.4,55.1,50.3,71.9
3857265,2022-11-22,Group Stage,Poland,1,14,15,Mexico,26406,Jorge Eduardo Sánchez Ramos,5571,Hirving Rodrigo Lozano Bahena,Complete,19.063316,50.3,71.9,68.8,76.5
3857265,2022-11-22,Group Stage,Poland,1,14,49,Mexico,26406,Jorge Eduardo Sánchez Ramos,5571,Hirving Rodrigo Lozano Bahena,Out,23.815962,45.1,76.7,68.7,79.9
3857265,2022-11-22,Group Stage,Poland,1,15,27,Mexico,5573,Héctor Alfredo Moreno Herrera,26301,Ernesto Alexis Vega Rojas,Complete,10.625442,32.6,20.3,38.7,11.6
3857265,2022-11-22,Group Stage,Poland,1,15,29,Mexico,26301,Ernesto Alexis Vega Rojas,26400,Henry Josué Martín Mex,Complete,17.173527,37.5,12.1,52.8,19.9
3857265,2022-11-22,Group Stage,Poland,1,15,31,Mexico,26400,Henry Josué Martín Mex,26301,Ernesto Alexis Vega Rojas,Complete,5.1739736,49.2,20.3,45.8,24.2
3857265,2022-11-22,Group Stage,Poland,1,15,34,Mexico,26301,Ernesto Alexis Vega Rojas,26406,Jorge Eduardo Sánchez Ramos,Complete,32.548424,54.0,44.2,74.6,69.4
3857265,2022-11-22,Group Stage,Poland,1,16,10,Mexico,5575,Héctor Miguel Herrera López,28825,Luis Gerardo Chávez Magallón,Complete,5.1195703,90.8,69.9,91.9,64.9
3857265,2022-11-22,Group Stage,Poland,1,16,11,Mexico,28825,Luis Gerardo Chávez Magallón,26368,César Jasib Montes Castro,Complete,17.754436,91.9,64.9,76.0,72.8
3857265,2022-11-22,Group Stage,Poland,1,16,13,Mexico,26368,César Jasib Montes Castro,5573,Héctor Alfredo Moreno Herrera,Complete,28.887714,76.2,69.5,61.9,44.4
3857265,2022-11-22,Group Stage,Poland,1,16,16,Mexico,5573,Héctor Alfredo Moreno Herrera,5576,Jesús Daniel Gallardo Vasconcelos,Complete,18.445868,65.0,40.8,63.7,22.4
3857265,2022-11-22,Group Stage,Poland,1,16,19,Mexico,5576,Jesús Daniel Gallardo Vasconcelos,5573,Héctor Alfredo Moreno Herrera,Complete,15.8823805,63.7,22.4,56.2,36.4
3857265,2022-11-22,Group Stage,Poland,1,16,23,Mexico,5573,Héctor Alfredo Moreno Herrera,5571,Hirving Rodrigo Lozano Bahena,Complete,51.62112,66.0,36.2,96.7,77.7
3857265,2022-11-22,Group Stage,Poland,1,16,30,Mexico,26406,Jorge Eduardo Sánchez Ramos,5571,Hirving Rodrigo Lozano Bahena,Incomplete,1.1401755,81.2,72.6,82.1,71.9
3857265,2022-11-22,Group Stage,Poland,1,16,40,Mexico,5576,Jesús Daniel Gallardo Vasconcelos,5567,Edson Omar Álvarez Velázquez,Complete,10.480935,20.5,18.0,29.6,23.2
3857265,2022-11-22,Group Stage,Poland,1,16,44,Mexico,5567,Edson Omar Álvarez Velázquez,28825,Luis Gerardo Chávez Magallón,Complete,12.368508,45.1,20.5,46.4,8.2
3857265,2022-11-22,Group Stage,Poland,1,16,47,Mexico,28825,Luis Gerardo Chávez Magallón,26301,Ernesto Alexis Vega Rojas,Complete,12.033287,46.4,6.5,58.0,3.3
3857265,2022-11-22,Group Stage,Poland,1,17,7,Mexico,5573,Héctor Alfredo Moreno Herrera,5575,Héctor Miguel Herrera López,Complete,20.549696,56.2,7.4,50.7,27.2
3857265,2022-11-22,Group Stage,Poland,1,17,10,Mexico,5575,Héctor Miguel Herrera López,5571,Hirving Rodrigo Lozano Bahena,Complete,40.056583,51.9,50.6,82.2,76.8
3857265,2022-11-22,Group Stage,Poland,1,17,15,Mexico,5571,Hirving Rodrigo Lozano Bahena,26400,Henry Josué Martín Mex,Complete,18.042173,92.0,64.3,101.4,48.9
3857265,2022-11-22,Group Stage,Poland,1,17,16,Mexico,26400,Henry Josué Martín Mex,26406,Jorge Eduardo Sánchez Ramos,Pass Offside,14.3628,101.4,49.4,111.2,59.9
3857265,2022-11-22,Group Stage,Poland,1,17,52,Mexico,5575,Héctor Miguel Herrera López,5571,Hirving Rodrigo Lozano Bahena,Complete,13.535139,43.0,59.8,54.2,67.4
3857265,2022-11-22,Group Stage,Poland,1,17,53,Mexico,5571,Hirving Rodrigo Lozano Bahena,26400,Henry Josué Martín Mex,Incomplete,35.600563,54.2,67.4,89.8,67.2
3857265,2022-11-22,Group Stage,Poland,1,18,20,Mexico,5575,Héctor Miguel Herrera López,5573,Héctor Alfredo Moreno Herrera,Complete,21.914606,44.8,56.3,32.3,38.3
3857265,2022-11-22,Group Stage,Poland,1,18,25,Mexico,5573,Héctor Alfredo Moreno Herrera,5576,Jesús Daniel Gallardo Vasconcelos,Complete,18.287973,38.7,25.3,43.3,7.6
3857265,2022-11-22,Group Stage,Poland,1,18,28,Mexico,5576,Jesús Daniel Gallardo Vasconcelos,5577,Francisco Guillermo Ochoa Magaña,Complete,28.853077,36.4,6.9,15.7,27.0
3857265,2022-11-22,Group Stage,Poland,1,18,39,Mexico,5577,Francisco Guillermo Ochoa Magaña,26368,César Jasib Montes Castro,Complete,23.58156,16.7,36.4,28.7,56.7
3857265,2022-11-22,Group Stage,Poland,1,18,44,Mexico,26368,César Jasib Montes Castro,5577,Francisco Guillermo Ochoa Magaña,Complete,25.719448,34.8,57.0,17.8,37.7
3857265,2022-11-22,Group Stage,Poland,1,18,47,Mexico,5577,Francisco Guillermo Ochoa Magaña,5575,Héctor Miguel Herrera López,Complete,17.041714,19.4,38.8,27.3,23.7
3857265,2022-11-22,Group Stage,Poland,1,18,50,Mexico,5575,Héctor Miguel Herrera López,5573,Héctor Alfredo Moreno Herrera,Complete,20.068382,34.4,20.5,46.9,4.8
3857265,2022-11-22,Group Stage,Poland,1,18,53,Mexico,5573,Héctor Alfredo Moreno Herrera,28825,Luis Gerardo Chávez Magallón,Complete,17.310402,49.4,5.3,55.5,21.5
3857265,2022-11-22,Group Stage,Poland,1,18,56,Mexico,28825,Luis Gerardo Chávez Magallón,5567,Edson Omar Álvarez Velázquez,Complete,18.97709,60.8,24.2,53.0,41.5
3857265,2022-11-22,Group Stage,Poland,1,19,0,Mexico,5567,Edson Omar Álvarez Velázquez,5571,Hirving Rodrigo Lozano Bahena,Complete,33.75159,63.9,51.1,85.3,77.2
3857265,2022-11-22,Group Stage,Poland,1,19,3,Mexico,5571,Hirving Rodrigo Lozano Bahena,,,Incomplete,37.481728,88.3,76.7,104.5,42.9
3857265,2022-11-22,Group Stage,Poland,1,20,13,Mexico,5571,Hirving Rodrigo Lozano Bahena,5567,Edson Omar Álvarez Velázquez,Complete,6.7601776,38.2,77.0,37.3,70.3
3857265,2022-11-22,Group Stage,Poland,1,20,14,Mexico,5567,Edson Omar Álvarez Velázquez,26406,Jorge Eduardo Sánchez Ramos,Complete,9.217917,37.3,70.3,29.2,74.7
3857265,2022-11-22,Group Stage,Poland,1,20,16,Mexico,26406,Jorge Eduardo Sánchez Ramos,5577,Francisco Guillermo Ochoa Magaña,Complete,34.08372,26.6,71.7,2.3,47.8
3857265,2022-11-22,Group Stage,Poland,1,20,19,Mexico,5577,Francisco Guillermo Ochoa Magaña,26368,César Jasib Montes Castro,Complete,28.62464,2.1,48.0,8.5,75.9
3857265,2022-11-22,Group Stage,Poland,1,20,21,Mexico,26368,César Jasib Montes Castro,26400,Henry Josué Martín Mex,Incomplete,55.97008,8.5,75.9,64.4,73.1
3857265,2022-11-22,Group Stage,Poland,1,20,40,Mexico,5567,Edson Omar Álvarez Velázquez,5571,Hirving Rodrigo Lozano Bahena,Out,36.697956,57.4,70.6,92.9,79.9
3857265,2022-11-22,Group Stage,Poland,1,21,21,Mexico,5571,Hirving Rodrigo Lozano Bahena,5567,Edson Omar Álvarez Velázquez,Complete,7.9511003,37.8,62.1,36.9,54.2
3857265,2022-11-22,Group Stage,Poland,1,21,22,Mexico,5567,Edson Omar Álvarez Velázquez,,,Incomplete,21.752472,36.9,54.2,33.0,32.8
3857265,2022-11-22,Group Stage,Poland,1,21,34,Mexico,5577,Francisco Guillermo Ochoa Magaña,5573,Héctor Alfredo Moreno Herrera,Complete,20.30591,9.4,43.1,18.2,24.8
3857265,2022-11-22,Group Stage,Poland,1,21,46,Mexico,5573,Héctor Alfredo Moreno Herrera,26301,Ernesto Alexis Vega Rojas,Complete,11.200446,51.9,12.5,61.6,18.1
3857265,2022-11-22,Group Stage,Poland,1,21,48,Mexico,26301,Ernesto Alexis Vega Rojas,26368,César Jasib Montes Castro,Complete,32.809296,45.8,19.6,42.1,52.2
3857265,2022-11-22,Group Stage,Poland,1,21,55,Mexico,26368,César Jasib Montes Castro,5576,Jesús Daniel Gallardo Vasconcelos,Complete,62.8156,61.7,55.6,100.5,6.2
3857265,2022-11-22,Group Stage,Poland,1,21,59,Mexico,5576,Jesús Daniel Gallardo Vasconcelos,28825,Luis Gerardo Chávez Magallón,Complete,16.292944,99.4,3.7,83.3,6.2
3857265,2022-11-22,Group Stage,Poland,1,22,2,Mexico,28825,Luis Gerardo Chávez Magallón,5567,Edson Omar Álvarez Velázquez,Complete,20.47071,83.3,6.2,76.2,25.4
3857265,2022-11-22,Group Stage,Poland,1,22,4,Mexico,5567,Edson Omar Álvarez Velázquez,26406,Jorge Eduardo Sánchez Ramos,Complete,28.429737,78.8,26.9,80.1,55.3
3857265,2022-11-22,Group Stage,Poland,1,22,7,Mexico,26406,Jorge Eduardo Sánchez Ramos,5571,Hirving Rodrigo Lozano Bahena,Complete,24.316662,79.4,57.9,94.7,76.8
3857265,2022-11-22,Group Stage,Poland,1,22,12,Mexico,5571,Hirving Rodrigo Lozano Bahena,,,Incomplete,2.942788,109.0,72.8,109.5,69.9
3857265,2022-11-22,Group Stage,Poland,1,22,16,Mexico,5567,Edson Omar Álvarez Velázquez,26400,Henry Josué Martín Mex,Unknown,12.143311,94.0,54.4,104.5,48.3
3857265,2022-11-22,Group Stage,Poland,1,22,54,Mexico,5575,Héctor Miguel Herrera López,26368,César Jasib Montes Castro,Complete,14.698639,40.3,42.2,26.0,45.6
3857265,2022-11-22,Group Stage,Poland,1,22,58,Mexico,26368,César Jasib Montes Castro,5573,Héctor Alfredo Moreno Herrera,Complete,20.739334,26.8,45.5,29.2,24.9
3857265,2022-11-22,Group Stage,Poland,1,23,5,Mexico,5573,Héctor Alfredo Moreno Herrera,28825,Luis Gerardo Chávez Magallón,Complete,8.275868,52.5,16.5,58.5,10.8
3857265,2022-11-22,Group Stage,Poland,1,23,8,Mexico,28825,Luis Gerardo Chávez Magallón,5567,Edson Omar Álvarez Velázquez,Complete,13.224598,49.4,14.0,40.2,23.5
3857265,2022-11-22,Group Stage,Poland,1,23,11,Mexico,5567,Edson Omar Álvarez Velázquez,26368,César Jasib Montes Castro,Complete,35.205254,40.9,26.0,47.4,60.6
3857265,2022-11-22,Group Stage,Poland,1,23,16,Mexico,26368,César Jasib Montes Castro,28825,Luis Gerardo Chávez Magallón,Complete,50.718243,61.6,61.0,56.9,10.5
3857265,2022-11-22,Group Stage,Poland,1,23,22,Mexico,28825,Luis Gerardo Chávez Magallón,5567,Edson Omar Álvarez Velázquez,Complete,15.563097,56.9,10.5,63.9,24.4
3857265,2022-11-22,Group Stage,Poland,1,23,25,Mexico,5567,Edson Omar Álvarez Velázquez,5575,Héctor Miguel Herrera López,Out,52.5884,67.4,26.3,119.7,20.8
3857265,2022-11-22,Group Stage,Poland,1,23,59,Mexico,5567,Edson Omar Álvarez Velázquez,26400,Henry Josué Martín Mex,Complete,19.289894,45.8,22.4,64.1,28.5
3857265,2022-11-22,Group Stage,Poland,1,24,0,Mexico,26400,Henry Josué Martín Mex,,,Incomplete,15.55892,64.1,28.5,74.9,39.7
3857265,2022-11-22,Group Stage,Poland,1,24,40,Mexico,26406,Jorge Eduardo Sánchez Ramos,26400,Henry Josué Martín Mex,Complete,26.11915,45.3,80.0,68.8,68.6
3857265,2022-11-22,Group Stage,Poland,1,24,43,Mexico,26400,Henry Josué Martín Mex,26406,Jorge Eduardo Sánchez Ramos,Complete,6.1846585,69.0,71.7,70.5,77.7
3857265,2022-11-22,Group Stage,Poland,1,25,2,Mexico,5576,Jesús Daniel Gallardo Vasconcelos,26406,Jorge Eduardo Sánchez Ramos,Complete,10.307764,26.9,67.2,32.1,76.1
3857265,2022-11-22,Group Stage,Poland,1,25,4,Mexico,26406,Jorge Eduardo Sánchez Ramos,,,Incomplete,31.100483,31.0,77.7,61.0,69.5
3857265,2022-11-22,Group Stage,Poland,1,25,14,Mexico,5575,Héctor Miguel Herrera López,5576,Jesús Daniel Gallardo Vasconcelos,Complete,53.29024,69.2,70.6,58.0,18.5
3857265,2022-11-22,Group Stage,Poland,1,25,19,Mexico,5576,Jesús Daniel Gallardo Vasconcelos,26301,Ernesto Alexis Vega Rojas,Complete,22.022034,65.6,16.9,84.0,4.8
3857265,2022-11-22,Group Stage,Poland,1,25,23,Mexico,26301,Ernesto Alexis Vega Rojas,5576,Jesús Daniel Gallardo Vasconcelos,Complete,16.8609,75.5,3.0,60.5,10.7
3857265,2022-11-22,Group Stage,Poland,1,25,26,Mexico,5576,Jesús Daniel Gallardo Vasconcelos,26368,César Jasib Montes Castro,Complete,34.300144,56.2,15.5,52.5,49.6
3857265,2022-11-22,Group Stage,Poland,1,25,31,Mexico,26368,César Jasib Montes Castro,5571,Hirving Rodrigo Lozano Bahena,Complete,31.797012,61.0,58.5,85.8,78.4
3857265,2022-11-22,Group Stage,Poland,1,25,34,Mexico,5571,Hirving Rodrigo Lozano Bahena,5575,Héctor Miguel Herrera López,Complete,26.391096,91.9,76.8,111.2,58.8
3857265,2022-11-22,Group Stage,Poland,1,25,37,Mexico,5575,Héctor Miguel Herrera López,,,Incomplete,2.7658634,117.6,61.0,117.0,58.3
3857265,2022-11-22,Group Stage,Poland,1,25,39,Mexico,5575,Héctor Miguel Herrera López,26301,Ernesto Alexis Vega Rojas,Complete,31.200642,113.4,65.8,113.2,34.6
3857265,2022-11-22,Group Stage,Poland,1,26,17,Mexico,5567,Edson Omar Álvarez Velázquez,26400,Henry Josué Martín Mex,Incomplete,27.8,46.2,50.2,74.0,50.2
3857265,2022-11-22,Group Stage,Poland,1,26,36,Mexico,5567,Edson Omar Álvarez Velázquez,26368,César Jasib Montes Castro,Complete,12.514392,61.6,36.5,61.0,49.0
3857265,2022-11-22,Group Stage,Poland,1,26,38,Mexico,26368,César Jasib Montes Castro,26406,Jorge Eduardo Sánchez Ramos,Complete,18.36355,61.4,50.6,65.5,68.5
3857265,2022-11-22,Group Stage,Poland,1,26,41,Mexico,26406,Jorge Eduardo Sánchez Ramos,26368,César Jasib Montes Castro,Complete,19.834566,65.5,68.5,50.1,56.0
3857265,2022-11-22,Group Stage,Poland,1,26,43,Mexico,26368,César Jasib Montes Castro,5573,Héctor Alfredo Moreno Herrera,Complete,31.0,50.0,53.6,50.0,22.6
3857265,2022-11-22,Group Stage,Poland,1,26,48,Mexico,5573,Héctor Alfredo Moreno Herrera,5576,Jesús Daniel Gallardo Vasconcelos,Complete,17.145262,59.6,23.7,64.6,7.3
3857265,2022-11-22,Group Stage,Poland,1,26,50,Mexico,5576,Jesús Daniel Gallardo Vasconcelos,5573,Héctor Alfredo Moreno Herrera,Complete,20.047194,64.6,7.3,49.6,20.6
3857265,2022-11-22,Group Stage,Poland,1,26,54,Mexico,5573,Héctor Alfredo Moreno Herrera,26368,César Jasib Montes Castro,Complete,35.6,49.6,20.6,49.6,56.2
3857265,2022-11-22,Group Stage,Poland,1,26,59,Mexico,26368,César Jasib Montes Castro,26406,Jorge Eduardo Sánchez Ramos,Complete,13.926234,70.3,64.7,84.0,67.2
3857265,2022-11-22,Group Stage,Poland,1,27,1,Mexico,26406,Jorge Eduardo Sánchez Ramos,5571,Hirving Rodrigo Lozano Bahena,Complete,9.929753,81.5,68.5,83.1,78.3
3857265,2022-11-22,Group Stage,Poland,1,27,4,Mexico,5571,Hirving Rodrigo Lozano Bahena,5567,Edson Omar Álvarez Velázquez,Complete,18.435291,81.3,72.8,77.8,54.7
3857265,2022-11-22,Group Stage,Poland,1,27,8,Mexico,5567,Edson Omar Álvarez Velázquez,28825,Luis Gerardo Chávez Magallón,Complete,17.015581,83.7,46.5,81.0,29.7
3857265,2022-11-22,Group Stage,Poland,1,27,10,Mexico,28825,Luis Gerardo Chávez Magallón,,,Incomplete,32.80015,81.0,29.7,113.8,29.6
3857265,2022-11-22,Group Stage,Poland,1,27,47,Mexico,5567,Edson Omar Álvarez Velázquez,26400,Henry Josué Martín Mex,Complete,20.486338,38.9,15.6,57.4,24.4
3857265,2022-11-22,Group Stage,Poland,1,27,50,Mexico,26400,Henry Josué Martín Mex,,,Incomplete,19.678669,57.3,30.6,48.3,48.1
3857265,2022-11-22,Group Stage,Poland,1,28,6,Mexico,5567,Edson Omar Álvarez Velázquez,,,Incomplete,10.486181,61.9,46.2,70.5,52.2
3857265,2022-11-22,Group Stage,Poland,1,30,28,Mexico,5577,Francisco Guillermo Ochoa Magaña,5573,Héctor Alfredo Moreno Herrera,Complete,28.208155,13.4,46.0,20.5,18.7
3857265,2022-11-22,Group Stage,Poland,1,30,33,Mexico,5573,Héctor Alfredo Moreno Herrera,5567,Edson Omar Álvarez Velázquez,Complete,9.209778,31.6,16.9,38.5,23.0
3857265,2022-11-22,Group Stage,Poland,1,30,37,Mexico,5567,Edson Omar Álvarez Velázquez,26368,César Jasib Montes Castro,Complete,31.722704,41.9,23.7,40.7,55.4
3857265,2022-11-22,Group Stage,Poland,1,30,40,Mexico,26368,César Jasib Montes Castro,26406,Jorge Eduardo Sánchez Ramos,Complete,14.71224,46.9,60.1,56.2,71.5
3857265,2022-11-22,Group Stage,Poland,1,30,42,Mexico,26406,Jorge Eduardo Sánchez Ramos,26368,César Jasib Montes Castro,Complete,14.001429,56.2,71.5,46.4,61.5
3857265,2022-11-22,Group Stage,Poland,1,30,44,Mexico,26368,César Jasib Montes Castro,5573,Héctor Alfredo Moreno Herrera,Complete,42.77815,46.4,61.5,50.3,18.9
3857265,2022-11-22,Group Stage,Poland,1,30,50,Mexico,5573,Héctor Alfredo Moreno Herrera,5571,Hirving Rodrigo Lozano Bahena,Complete,30.784575,61.7,17.2,88.0,1.2
3857265,2022-11-22,Group Stage,Poland,1,30,54,Mexico,5571,Hirving Rodrigo Lozano Bahena,26400,Henry Josué Martín Mex,Incomplete,30.770927,87.3,4.8,105.1,29.9
3857265,2022-11-22,Group Stage,Poland,1,31,1,Mexico,5571,Hirving Rodrigo Lozano Bahena,5567,Edson Omar Álvarez Velázquez,Complete,12.976903,87.1,19.2,75.7,25.4
3857265,2022-11-22,Group Stage,Poland,1,31,3,Mexico,5567,Edson Omar Álvarez Velázquez,26368,César Jasib Montes Castro,Complete,17.847408,75.7,25.4,67.4,41.2
3857265,2022-11-22,Group Stage,Poland,1,31,6,Mexico,26368,César Jasib Montes Castro,26301,Ernesto Alexis Vega Rojas,Complete,34.65285,69.6,48.3,94.5,72.4
3857265,2022-11-22,Group Stage,Poland,1,31,12,Mexico,26301,Ernesto Alexis Vega Rojas,26368,César Jasib Montes Castro,Complete,19.49205,86.5,71.3,67.8,65.8
3857265,2022-11-22,Group Stage,Poland,1,31,14,Mexico,26368,César Jasib Montes Castro,5573,Héctor Alfredo Moreno Herrera,Complete,28.951857,68.7,62.1,64.2,33.5
3857265,2022-11-22,Group Stage,Poland,1,31,17,Mexico,5573,Héctor Alfredo Moreno Herrera,5571,Hirving Rodrigo Lozano Bahena,Complete,22.770596,65.6,31.7,87.1,24.2
3857265,2022-11-22,Group Stage,Poland,1,31,28,Mexico,26368,César Jasib Montes Castro,,,Incomplete,3.6878178,14.6,13.1,18.2,12.3
3857265,2022-11-22,Group Stage,Poland,1,31,48,Mexico,5576,Jesús Daniel Gallardo Vasconcelos,5573,Héctor Alfredo Moreno Herrera,Complete,10.022474,15.3,0.1,13.2,9.9
3857265,2022-11-22,Group Stage,Poland,1,31,49,Mexico,5573,Héctor Alfredo Moreno Herrera,,,Incomplete,30.263014,13.2,9.9,42.8,16.2
3857265,2022-11-22,Group Stage,Poland,1,31,53,Mexico,5567,Edson Omar Álvarez Velázquez,26406,Jorge Eduardo Sánchez Ramos,Complete,26.484713,27.1,26.2,15.9,50.2
3857265,2022-11-22,Group Stage,Poland,1,31,57,Mexico,26406,Jorge Eduardo Sánchez Ramos,26301,Ernesto Alexis Vega Rojas,Complete,37.356792,14.3,54.4,43.5,77.7
3857265,2022-11-22,Group Stage,Poland,1,31,59,Mexico,26301,Ernesto Alexis Vega Rojas,,,Incomplete,2.408319,43.5,77.7,45.1,75.9
3857265,2022-11-22,Group Stage,Poland,1,32,11,Mexico,26406,Jorge Eduardo Sánchez Ramos,26368,César Jasib Montes Castro,Complete,20.292116,45.1,80.0,27.5,69.9
3857265,2022-11-22,Group Stage,Poland,1,32,14,Mexico,26368,César Jasib Montes Castro,5573,Héctor Alfredo Moreno Herrera,Complete,40.98207,29.8,67.7,34.6,27.0
3857265,2022-11-22,Group Stage,Poland,1,32,20,Mexico,5573,Héctor Alfredo Moreno Herrera,28825,Luis Gerardo Chávez Magallón,Complete,16.269297,56.5,17.4,62.8,2.4
3857265,2022-11-22,Group Stage,Poland,1,32,23,Mexico,28825,Luis Gerardo Chávez Magallón,5573,Héctor Alfredo Moreno Herrera,Complete,14.569145,62.8,2.4,52.3,12.5
3857265,2022-11-22,Group Stage,Poland,1,32,28,Mexico,5573,Héctor Alfredo Moreno Herrera,26368,César Jasib Montes Castro,Complete,31.457909,57.8,19.6,51.4,50.4
3857265,2022-11-22,Group Stage,Poland,1,32,34,Mexico,26368,César Jasib Montes Castro,5575,Héctor Miguel Herrera López,Complete,12.074767,73.9,56.5,84.7,51.1
3857265,2022-11-22,Group Stage,Poland,1,32,36,Mexico,5575,Héctor Miguel Herrera López,26301,Ernesto Alexis Vega Rojas,Complete,4.90408,87.3,54.4,85.6,49.8
3857265,2022-11-22,Group Stage,Poland,1,32,38,Mexico,26301,Ernesto Alexis Vega Rojas,28825,Luis Gerardo Chávez Magallón,Incomplete,28.764214,85.5,44.9,112.2,34.2
3857265,2022-11-22,Group Stage,Poland,1,33,4,Mexico,5576,Jesús Daniel Gallardo Vasconcelos,28825,Luis Gerardo Chávez Magallón,Complete,13.251792,23.5,20.5,36.0,24.9
3857265,2022-11-22,Group Stage,Poland,1,33,37,Mexico,26368,César Jasib Montes Castro,5577,Francisco Guillermo Ochoa Magaña,Complete,19.856485,32.6,36.7,14.8,45.5
3857265,2022-11-22,Group Stage,Poland,1,33,42,Mexico,5577,Francisco Guillermo Ochoa Magaña,26368,César Jasib Montes Castro,Complete,13.823169,14.8,45.5,26.6,52.7
3857265,2022-11-22,Group Stage,Poland,1,33,49,Mexico,26368,César Jasib Montes Castro,5577,Francisco Guillermo Ochoa Magaña,Complete,22.058558,37.6,56.3,25.9,37.6
3857265,2022-11-22,Group Stage,Poland,1,33,53,Mexico,5577,Francisco Guillermo Ochoa Magaña,5573,Héctor Alfredo Moreno Herrera,Complete,22.99413,28.2,31.2,43.9,14.4
3857265,2022-11-22,Group Stage,Poland,1,33,59,Mexico,5573,Héctor Alfredo Moreno Herrera,5576,Jesús Daniel Gallardo Vasconcelos,Complete,15.69777,60.5,19.9,67.4,5.8
3857265,2022-11-22,Group Stage,Poland,1,34,2,Mexico,5576,Jesús Daniel Gallardo Vasconcelos,5573,Héctor Alfredo Moreno Herrera,Complete,16.601204,67.4,5.8,57.6,19.2
3857265,2022-11-22,Group Stage,Poland,1,34,5,Mexico,5573,Héctor Alfredo Moreno Herrera,26368,César Jasib Montes Castro,Complete,32.52215,56.5,21.0,55.3,53.5
3857265,2022-11-22,Group Stage,Poland,1,34,10,Mexico,26368,César Jasib Montes Castro,5575,Héctor Miguel Herrera López,Out,47.178066,74.4,55.6,120.0,67.7
3857265,2022-11-22,Group Stage,Poland,1,36,5,Mexico,5573,Héctor Alfredo Moreno Herrera,5567,Edson Omar Álvarez Velázquez,Complete,13.538464,20.5,52.2,33.0,57.4
3857265,2022-11-22,Group Stage,Poland,1,36,7,Mexico,5567,Edson Omar Álvarez Velázquez,26400,Henry Josué Martín Mex,Complete,5.3851647,33.0,57.4,38.2,58.8
3857265,2022-11-22,Group Stage,Poland,1,36,7,Mexico,26400,Henry Josué Martín Mex,5567,Edson Omar Álvarez Velázquez,Complete,2.3,38.2,58.8,35.9,58.8
3857265,2022-11-22,Group Stage,Poland,1,36,8,Mexico,5567,Edson Omar Álvarez Velázquez,26301,Ernesto Alexis Vega Rojas,Complete,14.384019,37.3,58.3,41.0,44.4
3857265,2022-11-22,Group Stage,Poland,1,36,12,Mexico,26301,Ernesto Alexis Vega Rojas,5576,Jesús Daniel Gallardo Vasconcelos,Complete,27.294687,57.6,35.3,69.0,10.5
3857265,2022-11-22,Group Stage,Poland,1,36,17,Mexico,5576,Jesús Daniel Gallardo Vasconcelos,26301,Ernesto Alexis Vega Rojas,Incomplete,42.190044,84.7,4.6,113.1,35.8
3857265,2022-11-22,Group Stage,Poland,1,36,49,Mexico,5567,Edson Omar Álvarez Velázquez,26400,Henry Josué Martín Mex,Incomplete,24.09502,35.5,22.3,57.6,31.9
3857265,2022-11-22,Group Stage,Poland,1,37,39,Mexico,5573,Héctor Alfredo Moreno Herrera,26368,César Jasib Montes Castro,Complete,25.322124,19.8,18.3,26.2,42.8
3857265,2022-11-22,Group Stage,Poland,1,37,42,Mexico,26368,César Jasib Montes Castro,26406,Jorge Eduardo Sánchez Ramos,Complete,22.968674,27.5,44.0,34.1,66.0
3857265,2022-11-22,Group Stage,Poland,1,37,45,Mexico,26406,Jorge Eduardo Sánchez Ramos,26368,César Jasib Montes Castro,Complete,13.652839,34.1,66.0,26.9,54.4
3857265,2022-11-22,Group Stage,Poland,1,37,47,Mexico,26368,César Jasib Montes Castro,5573,Héctor Alfredo Moreno Herrera,Complete,35.888298,26.9,54.4,32.8,19.0
3857265,2022-11-22,Group Stage,Poland,1,37,52,Mexico,5573,Héctor Alfredo Moreno Herrera,5567,Edson Omar Álvarez Velázquez,Complete,17.274258,38.9,18.1,51.7,29.7
3857265,2022-11-22,Group Stage,Poland,1,37,55,Mexico,5567,Edson Omar Álvarez Velázquez,5576,Jesús Daniel Gallardo Vasconcelos,Complete,26.024988,52.8,28.8,46.7,3.5
3857265,2022-11-22,Group Stage,Poland,1,37,58,Mexico,5576,Jesús Daniel Gallardo Vasconcelos,5573,Héctor Alfredo Moreno Herrera,Complete,11.363538,46.7,3.5,41.9,13.8
3857265,2022-11-22,Group Stage,Poland,1,38,3,Mexico,5573,Héctor Alfredo Moreno Herrera,26368,César Jasib Montes Castro,Complete,26.203053,50.3,29.4,50.7,55.6
3857265,2022-11-22,Group Stage,Poland,1,38,8,Mexico,26368,César Jasib Montes Castro,5573,Héctor Alfredo Moreno Herrera,Complete,23.086792,51.0,55.8,53.0,32.8
3857265,2022-11-22,Group Stage,Poland,1,38,10,Mexico,5573,Héctor Alfredo Moreno Herrera,28825,Luis Gerardo Chávez Magallón,Complete,29.322006,53.2,32.2,63.9,4.9
3857265,2022-11-22,Group Stage,Poland,1,38,14,Mexico,28825,Luis Gerardo Chávez Magallón,5576,Jesús Daniel Gallardo Vasconcelos,Complete,10.160708,70.1,4.4,80.1,2.6
3857265,2022-11-22,Group Stage,Poland,1,38,14,Mexico,5576,Jesús Daniel Gallardo Vasconcelos,28825,Luis Gerardo Chávez Magallón,Complete,13.631214,80.1,2.6,67.1,6.7
3857265,2022-11-22,Group Stage,Poland,1,38,17,Mexico,28825,Luis Gerardo Chávez Magallón,5567,Edson Omar Álvarez Velázquez,Complete,15.939887,62.8,8.5,67.6,23.7
3857265,2022-11-22,Group Stage,Poland,1,38,19,Mexico,5567,Edson Omar Álvarez Velázquez,26301,Ernesto Alexis Vega Rojas,Complete,10.023972,67.6,23.7,76.4,18.9
3857265,2022-11-22,Group Stage,Poland,1,38,20,Mexico,26301,Ernesto Alexis Vega Rojas,28825,Luis Gerardo Chávez Magallón,Complete,17.085667,76.4,18.9,63.0,8.3
3857265,2022-11-22,Group Stage,Poland,1,38,24,Mexico,28825,Luis Gerardo Chávez Magallón,5573,Héctor Alfredo Moreno Herrera,Complete,22.240728,69.7,6.7,52.5,20.8
3857265,2022-11-22,Group Stage,Poland,1,38,27,Mexico,5573,Héctor Alfredo Moreno Herrera,26368,César Jasib Montes Castro,Complete,23.890165,53.3,24.1,57.6,47.6
3857265,2022-11-22,Group Stage,Poland,1,38,30,Mexico,26368,César Jasib Montes Castro,5575,Héctor Miguel Herrera López,Complete,9.180959,58.3,50.6,63.3,58.3
3857265,2022-11-22,Group Stage,Poland,1,38,32,Mexico,5575,Héctor Miguel Herrera López,26368,César Jasib Montes Castro,Complete,10.7415085,63.3,58.3,54.6,52.0
3857265,2022-11-22,Group Stage,Poland,1,38,34,Mexico,26368,César Jasib Montes Castro,5573,Héctor Alfredo Moreno Herrera,Complete,21.733154,54.6,52.0,55.8,30.3
3857265,2022-11-22,Group Stage,Poland,1,38,39,Mexico,5573,Héctor Alfredo Moreno Herrera,28825,Luis Gerardo Chávez Magallón,Complete,22.004772,66.5,20.3,81.5,4.2
3857265,2022-11-22,Group Stage,Poland,1,38,42,Mexico,28825,Luis Gerardo Chávez Magallón,5571,Hirving Rodrigo Lozano Bahena,Complete,61.35878,85.1,4.2,110.4,60.1
3857265,2022-11-22,Group Stage,Poland,1,38,47,Mexico,5571,Hirving Rodrigo Lozano Bahena,5575,Héctor Miguel Herrera López,Incomplete,11.6068945,112.8,56.3,112.4,44.7
3857265,2022-11-22,Group Stage,Poland,1,39,20,Mexico,28825,Luis Gerardo Chávez Magallón,5575,Héctor Miguel Herrera López,Complete,37.57193,120.0,80.0,86.7,62.6
3857265,2022-11-22,Group Stage,Poland,1,39,23,Mexico,5575,Héctor Miguel Herrera López,26301,Ernesto Alexis Vega Rojas,Complete,18.064882,87.4,65.6,102.1,76.1
3857265,2022-11-22,Group Stage,Poland,1,39,31,Mexico,26301,Ernesto Alexis Vega Rojas,5575,Héctor Miguel Herrera López,Complete,21.791054,109.0,73.3,89.2,64.2
3857265,2022-11-22,Group Stage,Poland,1,39,37,Mexico,5575,Héctor Miguel Herrera López,,,Incomplete,1.7088008,91.7,54.2,93.3,53.6
3857265,2022-11-22,Group Stage,Poland,1,39,41,Mexico,5576,Jesús Daniel Gallardo Vasconcelos,5577,Francisco Guillermo Ochoa Magaña,Complete,54.065147,81.0,21.9,29.0,36.7
3857265,2022-11-22,Group Stage,Poland,1,39,48,Mexico,5577,Francisco Guillermo Ochoa Magaña,5575,Héctor Miguel Herrera López,Complete,28.340254,29.0,36.7,51.6,19.6
3857265,2022-11-22,Group Stage,Poland,1,39,55,Mexico,5575,Héctor Miguel Herrera López,,,Out,67.42062,67.2,19.0,119.7,61.3
3857265,2022-11-22,Group Stage,Poland,1,40,35,Mexico,5576,Jesús Daniel Gallardo Vasconcelos,28825,Luis Gerardo Chávez Magallón,Incomplete,18.976301,31.7,11.7,45.8,24.4
3857265,2022-11-22,Group Stage,Poland,1,40,46,Mexico,26301,Ernesto Alexis Vega Rojas,5571,Hirving Rodrigo Lozano Bahena,Incomplete,63.250927,45.8,26.7,92.0,69.9
3857265,2022-11-22,Group Stage,Poland,1,40,57,Mexico,28825,Luis Gerardo Chávez Magallón,5571,Hirving Rodrigo Lozano Bahena,Incomplete,13.408206,69.0,79.2,81.7,74.9
3857265,2022-11-22,Group Stage,Poland,1,41,28,Mexico,26406,Jorge Eduardo Sánchez Ramos,26400,Henry Josué Martín Mex,Incomplete,24.512037,27.5,80.0,50.3,71.0
3857265,2022-11-22,Group Stage,Poland,1,41,44,Mexico,5567,Edson Omar Álvarez Velázquez,26400,Henry Josué Martín Mex,Incomplete,12.778107,61.9,77.0,71.7,68.8
3857265,2022-11-22,Group Stage,Poland,1,42,23,Mexico,28825,Luis Gerardo Chávez Magallón,5567,Edson Omar Álvarez Velázquez,Complete,7.5802374,34.1,57.4,28.0,61.9
3857265,2022-11-22,Group Stage,Poland,1,42,24,Mexico,5567,Edson Omar Álvarez Velázquez,26368,César Jasib Montes Castro,Complete,11.331814,28.0,61.9,23.5,51.5
3857265,2022-11-22,Group Stage,Poland,1,42,27,Mexico,26368,César Jasib Montes Castro,5573,Héctor Alfredo Moreno Herrera,Complete,22.88755,23.5,51.5,25.5,28.7
3857265,2022-11-22,Group Stage,Poland,1,42,32,Mexico,5573,Héctor Alfredo Moreno Herrera,28825,Luis Gerardo Chávez Magallón,Complete,10.944405,39.8,19.8,43.5,30.1
3857265,2022-11-22,Group Stage,Poland,1,42,36,Mexico,28825,Luis Gerardo Chávez Magallón,5573,Héctor Alfredo Moreno Herrera,Complete,20.218061,53.8,30.5,63.2,12.6
3857265,2022-11-22,Group Stage,Poland,1,42,40,Mexico,5573,Héctor Alfredo Moreno Herrera,28825,Luis Gerardo Chávez Magallón,Complete,9.313431,65.6,12.6,65.1,21.9
3857265,2022-11-22,Group Stage,Poland,1,42,43,Mexico,28825,Luis Gerardo Chávez Magallón,5571,Hirving Rodrigo Lozano Bahena,Complete,63.089222,72.3,24.2,108.6,75.8
3857265,2022-11-22,Group Stage,Poland,1,42,52,Mexico,5571,Hirving Rodrigo Lozano Bahena,26406,Jorge Eduardo Sánchez Ramos,Complete,19.3,108.6,75.8,118.1,59.0
3857265,2022-11-22,Group Stage,Poland,1,42,54,Mexico,26406,Jorge Eduardo Sánchez Ramos,,,Incomplete,20.298769,117.2,60.8,115.2,40.6
3857265,2022-11-22,Group Stage,Poland,1,43,13,Mexico,26406,Jorge Eduardo Sánchez Ramos,28825,Luis Gerardo Chávez Magallón,Complete,19.961212,106.9,80.0,87.8,74.2
3857265,2022-11-22,Group Stage,Poland,1,43,17,Mexico,28825,Luis Gerardo Chávez Magallón,5576,Jesús Daniel Gallardo Vasconcelos,Complete,67.510666,85.5,72.4,86.7,4.9
3857265,2022-11-22,Group Stage,Poland,1,43,23,Mexico,5576,Jesús Daniel Gallardo Vasconcelos,,,Incomplete,0.92195445,92.9,7.1,93.8,7.3
3857265,2022-11-22,Group Stage,Poland,1,43,33,Mexico,26301,Ernesto Alexis Vega Rojas,5567,Edson Omar Álvarez Velázquez,Complete,8.0,91.3,24.1,83.3,24.1
3857265,2022-11-22,Group Stage,Poland,1,43,35,Mexico,5567,Edson Omar Álvarez Velázquez,28825,Luis Gerardo Chávez Magallón,Complete,18.704277,82.1,24.2,81.7,42.9
3857265,2022-11-22,Group Stage,Poland,1,43,37,Mexico,28825,Luis Gerardo Chávez Magallón,26406,Jorge Eduardo Sánchez Ramos,Complete,13.230646,80.6,48.9,79.7,62.1
3857265,2022-11-22,Group Stage,Poland,1,43,39,Mexico,26406,Jorge Eduardo Sánchez Ramos,5571,Hirving Rodrigo Lozano Bahena,Complete,20.05692,76.7,72.0,96.5,75.2
3857265,2022-11-22,Group Stage,Poland,1,43,44,Mexico,5571,Hirving Rodrigo Lozano Bahena,28825,Luis Gerardo Chávez Magallón,Complete,14.042791,96.5,75.2,85.1,67.0
3857265,2022-11-22,Group Stage,Poland,1,43,47,Mexico,28825,Luis Gerardo Chávez Magallón,,,Incomplete,23.650158,87.6,59.7,99.9,39.5
3857265,2022-11-22,Group Stage,Poland,1,43,50,Mexico,28825,Luis Gerardo Chávez Magallón,5571,Hirving Rodrigo Lozano Bahena,Complete,14.400347,92.9,69.0,105.8,75.4
3857265,2022-11-22,Group Stage,Poland,1,43,52,Mexico,5571,Hirving Rodrigo Lozano Bahena,,,Incomplete,32.80549,108.8,74.7,109.4,41.9
3857265,2022-11-22,Group Stage,Poland,1,44,2,Mexico,5576,Jesús Daniel Gallardo Vasconcelos,5567,Edson Omar Álvarez Velázquez,Complete,14.169333,80.6,3.3,79.2,17.4
3857265,2022-11-22,Group Stage,Poland,1,44,4,Mexico,5567,Edson Omar Álvarez Velázquez,26368,César Jasib Montes Castro,Complete,23.705906,75.1,20.5,59.0,37.9
3857265,2022-11-22,Group Stage,Poland,1,44,7,Mexico,26368,César Jasib Montes Castro,28825,Luis Gerardo Chávez Magallón,Complete,18.848078,63.9,42.9,73.7,59.0
3857265,2022-11-22,Group Stage,Poland,1,44,10,Mexico,28825,Luis Gerardo Chávez Magallón,5571,Hirving Rodrigo Lozano Bahena,Complete,23.408758,74.4,62.1,93.8,75.2
3857265,2022-11-22,Group Stage,Poland,1,44,14,Mexico,5571,Hirving Rodrigo Lozano Bahena,26400,Henry Josué Martín Mex,Complete,17.046993,97.1,63.8,103.5,48.0
3857265,2022-11-22,Group Stage,Poland,1,44,15,Mexico,26400,Henry Josué Martín Mex,26406,Jorge Eduardo Sánchez Ramos,Complete,14.312582,103.5,48.0,110.1,60.7
3857265,2022-11-22,Group Stage,Poland,1,44,52,Mexico,26301,Ernesto Alexis Vega Rojas,5573,Héctor Alfredo Moreno Herrera,Complete,34.90229,120.0,80.0,114.1,45.6
3857265,2022-11-22,Group Stage,Poland,1,44,53,Mexico,5573,Héctor Alfredo Moreno Herrera,,,Incomplete,10.008996,114.0,49.0,117.7,39.7
3857265,2022-11-22,Group Stage,Poland,1,45,22,Mexico,26368,César Jasib Montes Castro,5567,Edson Omar Álvarez Velázquez,Complete,7.324616,27.1,47.4,32.8,52.0
3857265,2022-11-22,Group Stage,Poland,1,45,23,Mexico,5567,Edson Omar Álvarez Velázquez,5573,Héctor Alfredo Moreno Herrera,Complete,19.924858,32.8,52.0,26.8,33.0
3857265,2022-11-22,Group Stage,Poland,1,45,26,Mexico,5573,Héctor Alfredo Moreno Herrera,5576,Jesús Daniel Gallardo Vasconcelos,Complete,9.964437,25.7,26.3,20.5,17.8
3857265,2022-11-22,Group Stage,Poland,1,45,28,Mexico,5576,Jesús Daniel Gallardo Vasconcelos,5573,Héctor Alfredo Moreno Herrera,Complete,13.083196,20.5,17.8,29.9,8.7
3857265,2022-11-22,Group Stage,Poland,1,45,31,Mexico,5573,Héctor Alfredo Moreno Herrera,26301,Ernesto Alexis Vega Rojas,Complete,12.291867,36.0,4.0,48.2,5.5
3857265,2022-11-22,Group Stage,Poland,1,45,32,Mexico,26301,Ernesto Alexis Vega Rojas,5575,Héctor Miguel Herrera López,Complete,14.375674,49.2,6.4,61.7,13.5
3857265,2022-11-22,Group Stage,Poland,1,45,34,Mexico,5575,Héctor Miguel Herrera López,26301,Ernesto Alexis Vega Rojas,Complete,22.184004,54.6,10.8,44.4,30.5
3857265,2022-11-22,Group Stage,Poland,1,45,44,Mexico,26301,Ernesto Alexis Vega Rojas,28825,Luis Gerardo Chávez Magallón,Complete,18.401087,67.2,41.3,67.4,59.7
3857265,2022-11-22,Group Stage,Poland,1,45,47,Mexico,28825,Luis Gerardo Chávez Magallón,5571,Hirving Rodrigo Lozano Bahena,Complete,20.922955,74.0,62.7,89.9,76.3
3857265,2022-11-22,Group Stage,Poland,1,45,50,Mexico,5571,Hirving Rodrigo Lozano Bahena,,,Incomplete,43.038704,96.0,76.1,109.7,35.3
3857265,2022-11-22,Group Stage,Poland,1,45,55,Mexico,28825,Luis Gerardo Chávez Magallón,5571,Hirving Rodrigo Lozano Bahena,Complete,8.15414,91.9,70.1,95.1,77.6
3857265,2022-11-22,Group Stage,Poland,1,45,59,Mexico,5571,Hirving Rodrigo Lozano Bahena,28825,Luis Gerardo Chávez Magallón,Complete,19.35071,104.0,75.9,91.3,61.3
3857265,2022-11-22,Group Stage,Poland,1,46,9,Mexico,26368,César Jasib Montes Castro,5577,Francisco Guillermo Ochoa Magaña,Complete,28.01446,50.7,74.4,39.1,48.9
3857265,2022-11-22,Group Stage,Poland,1,46,11,Mexico,5577,Francisco Guillermo Ochoa Magaña,5573,Héctor Alfredo Moreno Herrera,Complete,20.169283,39.1,48.9,46.9,30.3
3857265,2022-11-22,Group Stage,Poland,1,46,18,Mexico,5573,Héctor Alfredo Moreno Herrera,26368,César Jasib Montes Castro,Complete,21.332136,63.7,30.8,54.2,49.9
3857265,2022-11-22,Group Stage,Poland,1,46,20,Mexico,26368,César Jasib Montes Castro,28825,Luis Gerardo Chávez Magallón,Complete,23.901882,55.3,51.7,69.4,71.0
3857265,2022-11-22,Group Stage,Poland,1,46,23,Mexico,28825,Luis Gerardo Chávez Magallón,5571,Hirving Rodrigo Lozano Bahena,Complete,16.252077,71.2,71.2,86.9,75.4
3857265,2022-11-22,Group Stage,Poland,1,46,29,Mexico,5571,Hirving Rodrigo Lozano Bahena,26368,César Jasib Montes Castro,Complete,31.875069,74.4,61.5,57.3,34.6
3857265,2022-11-22,Group Stage,Poland,1,46,32,Mexico,26368,César Jasib Montes Castro,5573,Héctor Alfredo Moreno Herrera,Complete,11.950314,55.1,32.4,63.5,23.9
3857265,2022-11-22,Group Stage,Poland,1,46,35,Mexico,5573,Héctor Alfredo Moreno Herrera,,,Incomplete,47.214935,68.7,25.1,103.6,56.9
3857265,2022-11-22,Group Stage,Poland,1,46,56,Mexico,26406,Jorge Eduardo Sánchez Ramos,5575,Héctor Miguel Herrera López,Complete,5.903389,91.7,64.5,87.1,60.8
3857265,2022-11-22,Group Stage,Poland,1,47,1,Mexico,5575,Héctor Miguel Herrera López,5573,Héctor Alfredo Moreno Herrera,Complete,23.558651,79.7,41.9,74.6,18.9
3857265,2022-11-22,Group Stage,Poland,2,45,6,Mexico,5576,Jesús Daniel Gallardo Vasconcelos,,,Incomplete,25.323704,25.9,13.3,51.1,15.8
3857265,2022-11-22,Group Stage,Poland,2,45,35,Mexico,5576,Jesús Daniel Gallardo Vasconcelos,26301,Ernesto Alexis Vega Rojas,Complete,19.722322,31.9,0.1,49.5,9.0
3857265,2022-11-22,Group Stage,Poland,2,45,37,Mexico,26301,Ernesto Alexis Vega Rojas,,,Incomplete,11.673046,49.5,9.0,60.0,14.1
3857265,2022-11-22,Group Stage,Poland,2,45,43,Mexico,26400,Henry Josué Martín Mex,5571,Hirving Rodrigo Lozano Bahena,Incomplete,28.822561,61.2,20.3,76.7,44.6
3857265,2022-11-22,Group Stage,Poland,2,46,2,Mexico,5576,Jesús Daniel Gallardo Vasconcelos,5573,Héctor Alfredo Moreno Herrera,Complete,12.342204,67.0,0.1,56.7,6.9
3857265,2022-11-22,Group Stage,Poland,2,46,6,Mexico,5573,Héctor Alfredo Moreno Herrera,26400,Henry Josué Martín Mex,Incomplete,30.846231,63.7,10.2,88.0,29.2
3857265,2022-11-22,Group Stage,Poland,2,46,18,Mexico,5576,Jesús Daniel Gallardo Vasconcelos,5577,Francisco Guillermo Ochoa Magaña,Complete,36.282364,40.8,15.0,8.8,32.1
3857265,2022-11-22,Group Stage,Poland,2,46,26,Mexico,5577,Francisco Guillermo Ochoa Magaña,26368,César Jasib Montes Castro,Complete,30.269457,10.5,36.2,21.5,64.4
3857265,2022-11-22,Group Stage,Poland,2,46,29,Mexico,26368,César Jasib Montes Castro,26400,Henry Josué Martín Mex,Incomplete,85.3726,21.8,66.6,104.6,45.8
3857265,2022-11-22,Group Stage,Poland,2,47,7,Mexico,5577,Francisco Guillermo Ochoa Magaña,5573,Héctor Alfredo Moreno Herrera,Complete,19.894974,7.0,44.1,12.9,25.1
3857265,2022-11-22,Group Stage,Poland,2,47,10,Mexico,5573,Héctor Alfredo Moreno Herrera,5567,Edson Omar Álvarez Velázquez,Complete,18.174707,12.9,25.1,20.3,41.7
3857265,2022-11-22,Group Stage,Poland,2,47,11,Mexico,5567,Edson Omar Álvarez Velázquez,5573,Héctor Alfredo Moreno Herrera,Complete,14.780054,20.3,41.7,16.2,27.5
3857265,2022-11-22,Group Stage,Poland,2,47,15,Mexico,5573,Héctor Alfredo Moreno Herrera,5577,Francisco Guillermo Ochoa Magaña,Complete,21.587032,23.0,19.4,9.2,36.0
3857265,2022-11-22,Group Stage,Poland,2,47,19,Mexico,5577,Francisco Guillermo Ochoa Magaña,26368,César Jasib Montes Castro,Complete,24.964775,13.6,38.1,25.4,60.1
3857265,2022-11-22,Group Stage,Poland,2,47,28,Mexico,26368,César Jasib Montes Castro,26406,Jorge Eduardo Sánchez Ramos,Complete,19.817163,47.8,59.6,62.4,73.0
3857265,2022-11-22,Group Stage,Poland,2,47,30,Mexico,26406,Jorge Eduardo Sánchez Ramos,26368,César Jasib Montes Castro,Complete,15.941142,62.4,73.0,47.8,66.6
3857265,2022-11-22,Group Stage,Poland,2,47,33,Mexico,26368,César Jasib Montes Castro,5577,Francisco Guillermo Ochoa Magaña,Complete,31.92319,47.8,66.6,30.0,40.1
3857265,2022-11-22,Group Stage,Poland,2,47,36,Mexico,5577,Francisco Guillermo Ochoa Magaña,5573,Héctor Alfredo Moreno Herrera,Complete,16.324827,33.6,36.0,44.1,23.5
3857265,2022-11-22,Group Stage,Poland,2,47,40,Mexico,5573,Héctor Alfredo Moreno Herrera,5577,Francisco Guillermo Ochoa Magaña,Complete,27.772108,44.1,23.5,31.6,48.3
3857265,2022-11-22,Group Stage,Poland,2,47,43,Mexico,5577,Francisco Guillermo Ochoa Magaña,26368,César Jasib Montes Castro,Complete,18.396194,31.6,48.3,40.5,64.4
3857265,2022-11-22,Group Stage,Poland,2,47,46,Mexico,26368,César Jasib Montes Castro,5571,Hirving Rodrigo Lozano Bahena,Incomplete,53.700836,46.1,65.6,99.8,65.3
3857265,2022-11-22,Group Stage,Poland,2,49,23,Mexico,5577,Francisco Guillermo Ochoa Magaña,5573,Héctor Alfredo Moreno Herrera,Complete,9.693812,7.0,36.1,14.1,29.5
3857265,2022-11-22,Group Stage,Poland,2,49,31,Mexico,5573,Héctor Alfredo Moreno Herrera,5567,Edson Omar Álvarez Velázquez,Complete,10.707007,45.4,13.3,36.4,19.1
3857265,2022-11-22,Group Stage,Poland,2,49,37,Mexico,5567,Edson Omar Álvarez Velázquez,26368,César Jasib Montes Castro,Complete,26.36968,44.6,36.0,49.0,62.0
3857265,2022-11-22,Group Stage,Poland,2,49,40,Mexico,26368,César Jasib Montes Castro,5567,Edson Omar Álvarez Velázquez,Complete,14.326549,51.9,64.1,44.9,51.6
3857265,2022-11-22,Group Stage,Poland,2,49,44,Mexico,5567,Edson Omar Álvarez Velázquez,26368,César Jasib Montes Castro,Complete,23.342022,44.9,51.6,60.0,69.4
3857265,2022-11-22,Group Stage,Poland,2,49,47,Mexico,26368,César Jasib Montes Castro,26400,Henry Josué Martín Mex,Incomplete,24.634325,64.1,69.4,87.5,61.7
3857265,2022-11-22,Group Stage,Poland,2,50,5,Mexico,26406,Jorge Eduardo Sánchez Ramos,26400,Henry Josué Martín Mex,Complete,9.027182,96.9,80.0,103.9,74.3
3857265,2022-11-22,Group Stage,Poland,2,50,11,Mexico,5567,Edson Omar Álvarez Velázquez,,,Incomplete,13.018832,87.7,69.0,74.7,69.7
3857265,2022-11-22,Group Stage,Poland,2,50,17,Mexico,26406,Jorge Eduardo Sánchez Ramos,26368,César Jasib Montes Castro,Complete,17.351946,58.4,76.7,42.9,68.9
3857265,2022-11-22,Group Stage,Poland,2,50,19,Mexico,26368,César Jasib Montes Castro,5573,Héctor Alfredo Moreno Herrera,Complete,34.769672,44.1,65.6,46.3,30.9
3857265,2022-11-22,Group Stage,Poland,2,50,23,Mexico,5573,Héctor Alfredo Moreno Herrera,26301,Ernesto Alexis Vega Rojas,Complete,20.969025,55.0,25.6,75.9,23.9
3857265,2022-11-22,Group Stage,Poland,2,50,24,Mexico,26301,Ernesto Alexis Vega Rojas,5575,Héctor Miguel Herrera López,Complete,18.128983,75.9,23.9,62.4,36.0
3857265,2022-11-22,Group Stage,Poland,2,50,28,Mexico,5575,Héctor Miguel Herrera López,28825,Luis Gerardo Chávez Magallón,Complete,18.367363,63.6,38.1,74.2,53.1
3857265,2022-11-22,Group Stage,Poland,2,50,29,Mexico,28825,Luis Gerardo Chávez Magallón,5567,Edson Omar Álvarez Velázquez,Complete,12.971122,74.2,53.1,62.5,47.5
3857265,2022-11-22,Group Stage,Poland,2,50,30,Mexico,5567,Edson Omar Álvarez Velázquez,5575,Héctor Miguel Herrera López,Complete,9.476286,62.5,47.5,63.7,38.1
3857265,2022-11-22,Group Stage,Poland,2,50,31,Mexico,5575,Héctor Miguel Herrera López,26368,César Jasib Montes Castro,Complete,11.045361,63.7,38.1,54.3,43.9
3857265,2022-11-22,Group Stage,Poland,2,50,33,Mexico,26368,César Jasib Montes Castro,5573,Héctor Alfredo Moreno Herrera,Complete,31.296804,54.3,43.9,65.3,14.6
3857265,2022-11-22,Group Stage,Poland,2,50,38,Mexico,5573,Héctor Alfredo Moreno Herrera,5567,Edson Omar Álvarez Velázquez,Complete,16.101242,75.4,14.6,72.3,30.4
3857265,2022-11-22,Group Stage,Poland,2,50,43,Mexico,5567,Edson Omar Álvarez Velázquez,28825,Luis Gerardo Chávez Magallón,Complete,32.559177,65.8,32.1,61.7,64.4
3857265,2022-11-22,Group Stage,Poland,2,50,47,Mexico,28825,Luis Gerardo Chávez Magallón,5571,Hirving Rodrigo Lozano Bahena,Complete,20.349447,69.4,67.8,87.7,76.7
3857265,2022-11-22,Group Stage,Poland,2,50,55,Mexico,5571,Hirving Rodrigo Lozano Bahena,26406,Jorge Eduardo Sánchez Ramos,Complete,20.259565,98.6,64.9,116.8,56.0
3857265,2022-11-22,Group Stage,Poland,2,50,58,Mexico,26406,Jorge Eduardo Sánchez Ramos,,,Incomplete,2.5,118.0,55.5,117.3,53.1
3857265,2022-11-22,Group Stage,Poland,2,51,25,Mexico,28825,Luis Gerardo Chávez Magallón,,,Incomplete,36.76588,120.0,80.0,117.8,43.3
3857265,2022-11-22,Group Stage,Poland,2,51,29,Mexico,5575,Héctor Miguel Herrera López,26301,Ernesto Alexis Vega Rojas,Complete,20.438444,100.5,56.7,86.3,71.4
3857265,2022-11-22,Group Stage,Poland,2,51,33,Mexico,26301,Ernesto Alexis Vega Rojas,5576,Jesús Daniel Gallardo Vasconcelos,Complete,38.20589,93.0,68.5,75.0,34.8
3857265,2022-11-22,Group Stage,Poland,2,51,37,Mexico,5576,Jesús Daniel Gallardo Vasconcelos,5571,Hirving Rodrigo Lozano Bahena,Complete,30.093521,75.9,32.9,92.8,8.0
3857265,2022-11-22,Group Stage,Poland,2,52,11,Mexico,26368,César Jasib Montes Castro,,,Incomplete,40.718178,28.3,53.5,68.9,50.4
3857265,2022-11-22,Group Stage,Poland,2,52,48,Mexico,26406,Jorge Eduardo Sánchez Ramos,28825,Luis Gerardo Chávez Magallón,Complete,10.259142,33.3,80.0,40.8,73.0
3857265,2022-11-22,Group Stage,Poland,2,52,49,Mexico,28825,Luis Gerardo Chávez Magallón,26406,Jorge Eduardo Sánchez Ramos,Complete,9.121404,40.8,73.0,33.6,78.6
3857265,2022-11-22,Group Stage,Poland,2,52,51,Mexico,26406,Jorge Eduardo Sánchez Ramos,26368,César Jasib Montes Castro,Complete,12.794139,31.9,75.4,20.6,69.4
3857265,2022-11-22,Group Stage,Poland,2,52,53,Mexico,26368,César Jasib Montes Castro,5577,Francisco Guillermo Ochoa Magaña,Complete,24.048285,20.1,69.4,2.7,52.8
3857265,2022-11-22,Group Stage,Poland,2,52,56,Mexico,5577,Francisco Guillermo Ochoa Magaña,5573,Héctor Alfredo Moreno Herrera,Complete,17.55591,3.8,50.4,5.2,32.9
3857265,2022-11-22,Group Stage,Poland,2,53,0,Mexico,5573,Héctor Alfredo Moreno Herrera,5576,Jesús Daniel Gallardo Vasconcelos,Complete,16.524527,6.4,26.4,10.9,10.5
3857265,2022-11-22,Group Stage,Poland,2,53,2,Mexico,5576,Jesús Daniel Gallardo Vasconcelos,5567,Edson Omar Álvarez Velázquez,Complete,18.625252,10.9,10.5,20.6,26.4
3857265,2022-11-22,Group Stage,Poland,2,57,37,Mexico,5576,Jesús Daniel Gallardo Vasconcelos,,,Out,7.8854294,4.4,2.0,12.1,0.3
3857265,2022-11-22,Group Stage,Poland,2,58,12,Mexico,5576,Jesús Daniel Gallardo Vasconcelos,5575,Héctor Miguel Herrera López,Complete,8.736132,19.4,15.5,27.8,17.9
3857265,2022-11-22,Group Stage,Poland,2,58,13,Mexico,5575,Héctor Miguel Herrera López,28825,Luis Gerardo Chávez Magallón,Complete,5.9808025,27.8,17.9,29.9,23.5
3857265,2022-11-22,Group Stage,Poland,2,58,14,Mexico,28825,Luis Gerardo Chávez Magallón,,,Incomplete,3.8078866,29.9,23.5,33.6,24.4
3857265,2022-11-22,Group Stage,Poland,2,58,21,Mexico,26301,Ernesto Alexis Vega Rojas,5571,Hirving Rodrigo Lozano Bahena,Incomplete,21.480455,74.2,8.8,87.2,25.9
3857265,2022-11-22,Group Stage,Poland,2,58,28,Mexico,5571,Hirving Rodrigo Lozano Bahena,,,Incomplete,7.18401,99.3,25.6,103.8,31.2
3857265,2022-11-22,Group Stage,Poland,2,58,32,Mexico,5567,Edson Omar Álvarez Velázquez,26368,César Jasib Montes Castro,Complete,18.36328,82.4,43.7,68.5,55.7
3857265,2022-11-22,Group Stage,Poland,2,58,34,Mexico,26368,César Jasib Montes Castro,26406,Jorge Eduardo Sánchez Ramos,Complete,23.693249,68.5,55.7,85.6,72.1
3857265,2022-11-22,Group Stage,Poland,2,58,38,Mexico,26406,Jorge Eduardo Sánchez Ramos,5575,Héctor Miguel Herrera López,Complete,23.541666,85.6,72.1,109.1,73.5
3857265,2022-11-22,Group Stage,Poland,2,58,41,Mexico,5575,Héctor Miguel Herrera López,,,Incomplete,23.815962,113.2,73.1,116.4,49.5
3857265,2022-11-22,Group Stage,Poland,2,58,58,Mexico,26406,Jorge Eduardo Sánchez Ramos,5575,Héctor Miguel Herrera López,Complete,9.560335,105.0,80.0,97.4,74.2
3857265,2022-11-22,Group Stage,Poland,2,59,2,Mexico,5575,Héctor Miguel Herrera López,26406,Jorge Eduardo Sánchez Ramos,Complete,8.39345,97.4,74.2,105.5,76.4
3857265,2022-11-22,Group Stage,Poland,2,59,4,Mexico,26406,Jorge Eduardo Sánchez Ramos,5575,Héctor Miguel Herrera López,Complete,12.379418,105.5,76.4,93.3,74.3
3857265,2022-11-22,Group Stage,Poland,2,59,8,Mexico,5575,Héctor Miguel Herrera López,,,Incomplete,39.270344,94.5,74.3,111.5,38.9
3857265,2022-11-22,Group Stage,Poland,2,60,32,Mexico,5567,Edson Omar Álvarez Velázquez,,,Incomplete,11.401754,32.8,30.4,41.8,37.4
3857265,2022-11-22,Group Stage,Poland,2,60,47,Mexico,5567,Edson Omar Álvarez Velázquez,28825,Luis Gerardo Chávez Magallón,Complete,13.1369705,33.3,16.5,44.6,23.2
3857265,2022-11-22,Group Stage,Poland,2,60,51,Mexico,28825,Luis Gerardo Chávez Magallón,5571,Hirving Rodrigo Lozano Bahena,Incomplete,13.0667515,44.7,44.2,52.2,54.9
3857265,2022-11-22,Group Stage,Poland,2,60,57,Mexico,26406,Jorge Eduardo Sánchez Ramos,26368,César Jasib Montes Castro,Complete,15.953056,34.3,71.8,19.4,66.1
3857265,2022-11-22,Group Stage,Poland,2,60,59,Mexico,26368,César Jasib Montes Castro,5577,Francisco Guillermo Ochoa Magaña,Complete,28.172682,19.4,66.1,9.3,39.8
3857265,2022-11-22,Group Stage,Poland,2,61,3,Mexico,5577,Francisco Guillermo Ochoa Magaña,5576,Jesús Daniel Gallardo Vasconcelos,Complete,36.82078,14.5,34.5,44.1,12.6
3857265,2022-11-22,Group Stage,Poland,2,61,8,Mexico,5576,Jesús Daniel Gallardo Vasconcelos,,,Injury Clearance,9.730879,54.7,9.3,58.4,0.3
3857265,2022-11-22,Group Stage,Poland,2,62,7,Mexico,5577,Francisco Guillermo Ochoa Magaña,5573,Héctor Alfredo Moreno Herrera,Complete,22.864164,13.8,38.6,30.7,23.2
3857265,2022-11-22,Group Stage,Poland,2,62,13,Mexico,5573,Héctor Alfredo Moreno Herrera,,,Incomplete,52.503906,44.6,16.2,92.5,37.7
3857265,2022-11-22,Group Stage,Poland,2,62,45,Mexico,28825,Luis Gerardo Chávez Magallón,5571,Hirving Rodrigo Lozano Bahena,Complete,6.5863495,48.7,57.2,45.4,62.9
3857265,2022-11-22,Group Stage,Poland,2,62,52,Mexico,5571,Hirving Rodrigo Lozano Bahena,28825,Luis Gerardo Chávez Magallón,Complete,8.521151,75.4,77.1,68.5,72.1
3857265,2022-11-22,Group Stage,Poland,2,63,5,Mexico,28825,Luis Gerardo Chávez Magallón,26406,Jorge Eduardo Sánchez Ramos,Complete,10.6794195,67.0,63.2,74.7,70.6
3857265,2022-11-22,Group Stage,Poland,2,63,7,Mexico,26406,Jorge Eduardo Sánchez Ramos,5571,Hirving Rodrigo Lozano Bahena,Complete,8.563293,74.7,70.6,81.0,76.4
3857265,2022-11-22,Group Stage,Poland,2,63,9,Mexico,5571,Hirving Rodrigo Lozano Bahena,28825,Luis Gerardo Chávez Magallón,Complete,7.605919,81.0,76.4,77.4,69.7
3857265,2022-11-22,Group Stage,Poland,2,63,11,Mexico,28825,Luis Gerardo Chávez Magallón,5576,Jesús Daniel Gallardo Vasconcelos,Complete,68.36212,77.1,68.5,112.8,10.2
3857265,2022-11-22,Group Stage,Poland,2,63,18,Mexico,5576,Jesús Daniel Gallardo Vasconcelos,5575,Héctor Miguel Herrera López,Complete,11.161093,111.1,10.2,100.2,12.6
3857265,2022-11-22,Group Stage,Poland,2,63,20,Mexico,5575,Héctor Miguel Herrera López,5567,Edson Omar Álvarez Velázquez,Complete,16.502424,100.2,12.6,86.5,21.8
3857265,2022-11-22,Group Stage,Poland,2,63,23,Mexico,5567,Edson Omar Álvarez Velázquez,26400,Henry Josué Martín Mex,Complete,22.453953,86.0,26.4,106.7,35.1
3857265,2022-11-22,Group Stage,Poland,2,63,39,Mexico,26406,Jorge Eduardo Sánchez Ramos,28825,Luis Gerardo Chávez Magallón,Complete,13.164346,106.3,80.0,96.6,71.1
3857265,2022-11-22,Group Stage,Poland,2,63,44,Mexico,28825,Luis Gerardo Chávez Magallón,,,Incomplete,37.17217,94.5,68.9,110.4,35.3
3857265,2022-11-22,Group Stage,Poland,2,63,49,Mexico,5576,Jesús Daniel Gallardo Vasconcelos,,,Incomplete,18.47647,88.0,35.2,104.3,43.9
3857265,2022-11-22,Group Stage,Poland,2,64,5,Mexico,26368,César Jasib Montes Castro,,,Out,26.84958,21.5,59.3,38.6,80.0
3857265,2022-11-22,Group Stage,Poland,2,65,7,Mexico,26406,Jorge Eduardo Sánchez Ramos,26368,César Jasib Montes Castro,Complete,30.26103,14.5,75.5,44.2,69.7
3857265,2022-11-22,Group Stage,Poland,2,65,11,Mexico,26368,César Jasib Montes Castro,28825,Luis Gerardo Chávez Magallón,Complete,6.5855904,45.1,67.8,49.5,62.9
3857265,2022-11-22,Group Stage,Poland,2,65,13,Mexico,28825,Luis Gerardo Chávez Magallón,5567,Edson Omar Álvarez Velázquez,Complete,19.928873,47.0,63.2,30.0,52.8
3857265,2022-11-22,Group Stage,Poland,2,65,20,Mexico,5567,Edson Omar Álvarez Velázquez,5573,Héctor Alfredo Moreno Herrera,Complete,19.890953,42.9,28.0,57.6,14.6
3857265,2022-11-22,Group Stage,Poland,2,65,23,Mexico,5573,Héctor Alfredo Moreno Herrera,26301,Ernesto Alexis Vega Rojas,Complete,14.926487,61.2,14.1,75.4,18.7
3857265,2022-11-22,Group Stage,Poland,2,65,34,Mexico,28825,Luis Gerardo Chávez Magallón,5576,Jesús Daniel Gallardo Vasconcelos,Complete,18.668154,57.1,22.3,75.0,17.0
3857265,2022-11-22,Group Stage,Poland,2,65,35,Mexico,5576,Jesús Daniel Gallardo Vasconcelos,5573,Héctor Alfredo Moreno Herrera,Complete,13.024592,75.0,17.0,74.2,4.0
3857265,2022-11-22,Group Stage,Poland,2,65,38,Mexico,5573,Héctor Alfredo Moreno Herrera,26301,Ernesto Alexis Vega Rojas,Complete,8.514693,74.2,4.0,82.7,3.5
3857265,2022-11-22,Group Stage,Poland,2,65,39,Mexico,26301,Ernesto Alexis Vega Rojas,5576,Jesús Daniel Gallardo Vasconcelos,Complete,21.56154,85.1,4.4,106.0,9.7
3857265,2022-11-22,Group Stage,Poland,2,65,41,Mexico,5576,Jesús Daniel Gallardo Vasconcelos,26400,Henry Josué Martín Mex,Complete,25.7,106.0,9.7,109.2,35.2
3857265,2022-11-22,Group Stage,Poland,2,65,47,Mexico,26301,Ernesto Alexis Vega Rojas,26406,Jorge Eduardo Sánchez Ramos,Complete,13.7,94.2,47.1,94.2,60.8
3857265,2022-11-22,Group Stage,Poland,2,65,49,Mexico,26406,Jorge Eduardo Sánchez Ramos,5571,Hirving Rodrigo Lozano Bahena,Complete,11.90126,94.2,60.8,105.0,65.8
3857265,2022-11-22,Group Stage,Poland,2,65,53,Mexico,5571,Hirving Rodrigo Lozano Bahena,26301,Ernesto Alexis Vega Rojas,Complete,3.3941126,102.2,58.9,99.8,61.3
3857265,2022-11-22,Group Stage,Poland,2,66,28,Mexico,5575,Héctor Miguel Herrera López,,,Incomplete,19.215097,49.9,25.1,69.0,23.0
3857265,2022-11-22,Group Stage,Poland,2,66,48,Mexico,5571,Hirving Rodrigo Lozano Bahena,26406,Jorge Eduardo Sánchez Ramos,Complete,9.912619,25.4,67.0,16.9,72.1
3857265,2022-11-22,Group Stage,Poland,2,66,51,Mexico,26406,Jorge Eduardo Sánchez Ramos,26400,Henry Josué Martín Mex,Complete,39.806156,16.9,72.1,56.7,71.4
3857265,2022-11-22,Group Stage,Poland,2,66,57,Mexico,26400,Henry Josué Martín Mex,5575,Héctor Miguel Herrera López,Complete,21.503489,51.9,60.5,55.5,39.3
3857265,2022-11-22,Group Stage,Poland,2,67,0,Mexico,5575,Héctor Miguel Herrera López,26301,Ernesto Alexis Vega Rojas,Complete,27.106089,63.2,28.8,80.7,8.1
3857265,2022-11-22,Group Stage,Poland,2,67,59,Mexico,28825,Luis Gerardo Chávez Magallón,,,Incomplete,38.019073,92.8,10.2,110.4,43.9
3857265,2022-11-22,Group Stage,Poland,2,69,42,Mexico,5577,Francisco Guillermo Ochoa Magaña,5573,Héctor Alfredo Moreno Herrera,Complete,29.83756,7.0,44.1,14.8,15.3
3857265,2022-11-22,Group Stage,Poland,2,69,45,Mexico,5573,Héctor Alfredo Moreno Herrera,5575,Héctor Miguel Herrera López,Unknown,14.300349,20.3,14.1,34.0,18.2
3857265,2022-11-22,Group Stage,Poland,2,69,51,Mexico,5576,Jesús Daniel Gallardo Vasconcelos,28825,Luis Gerardo Chávez Magallón,Complete,26.72901,34.8,18.2,41.0,44.2
3857265,2022-11-22,Group Stage,Poland,2,69,55,Mexico,28825,Luis Gerardo Chávez Magallón,26406,Jorge Eduardo Sánchez Ramos,Complete,20.17771,49.9,51.4,58.4,69.7
3857265,2022-11-22,Group Stage,Poland,2,69,58,Mexico,26406,Jorge Eduardo Sánchez Ramos,26400,Henry Josué Martín Mex,Out,52.30086,67.7,70.2,120.0,69.9
3857265,2022-11-22,Group Stage,Poland,2,72,14,Mexico,5577,Francisco Guillermo Ochoa Magaña,5573,Héctor Alfredo Moreno Herrera,Complete,13.579396,7.0,44.1,9.2,30.7
3857265,2022-11-22,Group Stage,Poland,2,72,17,Mexico,5573,Héctor Alfredo Moreno Herrera,26368,César Jasib Montes Castro,Complete,25.028784,9.2,30.7,10.4,55.7
3857265,2022-11-22,Group Stage,Poland,2,72,19,Mexico,26368,César Jasib Montes Castro,26406,Jorge Eduardo Sánchez Ramos,Complete,23.97603,10.5,58.1,27.8,74.7
3857265,2022-11-22,Group Stage,Poland,2,72,22,Mexico,26406,Jorge Eduardo Sánchez Ramos,,,Incomplete,24.792942,27.8,74.7,52.3,70.9
3857265,2022-11-22,Group Stage,Poland,2,72,29,Mexico,26406,Jorge Eduardo Sánchez Ramos,26368,César Jasib Montes Castro,Complete,27.170755,46.6,80.0,21.8,68.9
3857265,2022-11-22,Group Stage,Poland,2,72,32,Mexico,26368,César Jasib Montes Castro,5577,Francisco Guillermo Ochoa Magaña,Complete,27.188417,21.8,68.9,15.3,42.5
3857265,2022-11-22,Group Stage,Poland,2,72,37,Mexico,5577,Francisco Guillermo Ochoa Magaña,5573,Héctor Alfredo Moreno Herrera,Complete,13.164346,21.0,33.6,30.7,24.7
3857265,2022-11-22,Group Stage,Poland,2,72,40,Mexico,5573,Héctor Alfredo Moreno Herrera,26297,Carlos Alberto Rodríguez Gómez,Complete,16.237303,34.0,24.4,46.3,13.8
3857265,2022-11-22,Group Stage,Poland,2,72,43,Mexico,26297,Carlos Alberto Rodríguez Gómez,26301,Ernesto Alexis Vega Rojas,Complete,19.77726,54.3,11.2,73.8,14.5
3857265,2022-11-22,Group Stage,Poland,2,72,47,Mexico,26301,Ernesto Alexis Vega Rojas,5573,Héctor Alfredo Moreno Herrera,Complete,30.032316,63.2,4.9,36.9,19.4
3857265,2022-11-22,Group Stage,Poland,2,72,52,Mexico,5573,Héctor Alfredo Moreno Herrera,26301,Ernesto Alexis Vega Rojas,Complete,17.611927,37.6,19.9,52.3,10.2
3857265,2022-11-22,Group Stage,Poland,2,73,2,Mexico,5573,Héctor Alfredo Moreno Herrera,5567,Edson Omar Álvarez Velázquez,Complete,10.82451,55.2,15.8,47.3,23.2
3857265,2022-11-22,Group Stage,Poland,2,73,7,Mexico,5567,Edson Omar Álvarez Velázquez,28825,Luis Gerardo Chávez Magallón,Complete,17.369226,62.9,53.1,68.9,69.4
3857265,2022-11-22,Group Stage,Poland,2,73,11,Mexico,28825,Luis Gerardo Chávez Magallón,5567,Edson Omar Álvarez Velázquez,Complete,10.6794195,74.2,72.3,75.5,61.7
3857265,2022-11-22,Group Stage,Poland,2,73,13,Mexico,5567,Edson Omar Álvarez Velázquez,26368,César Jasib Montes Castro,Complete,23.086792,75.5,61.7,56.7,48.3
3857265,2022-11-22,Group Stage,Poland,2,73,14,Mexico,26368,César Jasib Montes Castro,5573,Héctor Alfredo Moreno Herrera,Complete,12.106609,56.7,48.3,57.1,36.2
3857265,2022-11-22,Group Stage,Poland,2,73,18,Mexico,5573,Héctor Alfredo Moreno Herrera,26297,Carlos Alberto Rodríguez Gómez,Complete,17.332628,62.5,36.2,69.4,20.3
3857265,2022-11-22,Group Stage,Poland,2,73,22,Mexico,26297,Carlos Alberto Rodríguez Gómez,26301,Ernesto Alexis Vega Rojas,Incomplete,11.322986,83.2,16.2,92.1,23.2
3857265,2022-11-22,Group Stage,Poland,2,74,44,Mexico,26406,Jorge Eduardo Sánchez Ramos,5573,Héctor Alfredo Moreno Herrera,Complete,41.1807,8.8,72.1,4.0,31.2
3857265,2022-11-22,Group Stage,Poland,2,74,48,Mexico,5573,Héctor Alfredo Moreno Herrera,5567,Edson Omar Álvarez Velázquez,Complete,14.866069,7.6,30.0,22.2,32.8
3857265,2022-11-22,Group Stage,Poland,2,74,52,Mexico,5567,Edson Omar Álvarez Velázquez,26297,Carlos Alberto Rodríguez Gómez,Complete,11.85116,34.0,28.0,44.6,22.7
3857265,2022-11-22,Group Stage,Poland,2,74,58,Mexico,26297,Carlos Alberto Rodríguez Gómez,5567,Edson Omar Álvarez Velázquez,Complete,9.6,44.9,17.9,44.9,27.5
3857265,2022-11-22,Group Stage,Poland,2,74,59,Mexico,5567,Edson Omar Álvarez Velázquez,5573,Héctor Alfredo Moreno Herrera,Complete,11.933147,44.9,27.5,33.3,24.7
3857265,2022-11-22,Group Stage,Poland,2,75,2,Mexico,5573,Héctor Alfredo Moreno Herrera,26368,César Jasib Montes Castro,Complete,30.480322,33.3,24.7,38.1,54.8
3857265,2022-11-22,Group Stage,Poland,2,75,5,Mexico,26368,César Jasib Montes Castro,5571,Hirving Rodrigo Lozano Bahena,Complete,24.691698,38.1,54.8,52.3,75.0
3857265,2022-11-22,Group Stage,Poland,2,75,39,Mexico,26368,César Jasib Montes Castro,5567,Edson Omar Álvarez Velázquez,Complete,33.107853,46.3,70.6,38.6,38.4
3857265,2022-11-22,Group Stage,Poland,2,75,43,Mexico,5567,Edson Omar Álvarez Velázquez,5573,Héctor Alfredo Moreno Herrera,Complete,18.094198,40.1,32.4,47.3,15.8
3857265,2022-11-22,Group Stage,Poland,2,75,47,Mexico,5573,Héctor Alfredo Moreno Herrera,5568,Raúl Alonso Jiménez Rodríguez,Complete,50.17669,51.9,9.0,99.0,26.3
3857265,2022-11-22,Group Stage,Poland,2,75,55,Mexico,5568,Raúl Alonso Jiménez Rodríguez,5576,Jesús Daniel Gallardo Vasconcelos,Complete,13.1106825,100.7,13.8,113.7,12.1
3857265,2022-11-22,Group Stage,Poland,2,75,57,Mexico,5576,Jesús Daniel Gallardo Vasconcelos,,,Incomplete,30.578587,113.7,12.1,110.4,42.5
3857265,2022-11-22,Group Stage,Poland,2,76,47,Mexico,5573,Héctor Alfredo Moreno Herrera,5568,Raúl Alonso Jiménez Rodríguez,Incomplete,21.284971,37.7,17.0,58.8,19.8
3857265,2022-11-22,Group Stage,Poland,2,76,50,Mexico,5568,Raúl Alonso Jiménez Rodríguez,26301,Ernesto Alexis Vega Rojas,Complete,13.0,67.7,18.6,67.7,5.6
3857265,2022-11-22,Group Stage,Poland,2,76,53,Mexico,26301,Ernesto Alexis Vega Rojas,,,Incomplete,48.250183,68.0,6.1,70.2,54.3
3857265,2022-11-22,Group Stage,Poland,2,77,55,Mexico,26406,Jorge Eduardo Sánchez Ramos,5568,Raúl Alonso Jiménez Rodríguez,Complete,13.209845,57.2,80.0,63.7,68.5
3857265,2022-11-22,Group Stage,Poland,2,77,59,Mexico,5568,Raúl Alonso Jiménez Rodríguez,,,Injury Clearance,45.07915,68.9,68.5,109.2,48.3
3857265,2022-11-22,Group Stage,Poland,2,78,21,Mexico,5577,Francisco Guillermo Ochoa Magaña,5573,Héctor Alfredo Moreno Herrera,Complete,24.507345,8.8,46.3,19.8,24.4
3857265,2022-11-22,Group Stage,Poland,2,78,26,Mexico,5573,Héctor Alfredo Moreno Herrera,5577,Francisco Guillermo Ochoa Magaña,Complete,22.553936,25.6,21.5,14.8,41.3
3857265,2022-11-22,Group Stage,Poland,2,78,31,Mexico,5577,Francisco Guillermo Ochoa Magaña,26368,César Jasib Montes Castro,Complete,26.74397,20.1,41.3,31.9,65.3
3857265,2022-11-22,Group Stage,Poland,2,78,38,Mexico,26368,César Jasib Montes Castro,26297,Carlos Alberto Rodríguez Gómez,Complete,6.2817197,59.1,66.6,57.6,60.5
3857265,2022-11-22,Group Stage,Poland,2,78,41,Mexico,26297,Carlos Alberto Rodríguez Gómez,5573,Héctor Alfredo Moreno Herrera,Complete,26.654268,57.1,43.9,62.0,17.7
3857265,2022-11-22,Group Stage,Poland,2,78,46,Mexico,5573,Héctor Alfredo Moreno Herrera,26297,Carlos Alberto Rodríguez Gómez,Complete,6.0008335,62.0,17.7,64.4,23.2
3857265,2022-11-22,Group Stage,Poland,2,78,48,Mexico,26297,Carlos Alberto Rodríguez Gómez,28825,Luis Gerardo Chávez Magallón,Complete,17.17731,62.9,25.1,69.4,41.0
3857265,2022-11-22,Group Stage,Poland,2,78,50,Mexico,28825,Luis Gerardo Chávez Magallón,5573,Héctor Alfredo Moreno Herrera,Complete,23.025421,66.5,37.4,64.1,14.5
3857265,2022-11-22,Group Stage,Poland,2,78,53,Mexico,5573,Héctor Alfredo Moreno Herrera,5576,Jesús Daniel Gallardo Vasconcelos,Complete,14.401389,64.1,14.5,75.5,5.7
3857265,2022-11-22,Group Stage,Poland,2,78,54,Mexico,5576,Jesús Daniel Gallardo Vasconcelos,5573,Héctor Alfredo Moreno Herrera,Complete,13.473678,75.5,5.7,63.2,11.2
3857265,2022-11-22,Group Stage,Poland,2,78,56,Mexico,5573,Héctor Alfredo Moreno Herrera,28825,Luis Gerardo Chávez Magallón,Complete,13.72953,63.2,11.4,64.1,25.1
3857265,2022-11-22,Group Stage,Poland,2,79,0,Mexico,28825,Luis Gerardo Chávez Magallón,5568,Raúl Alonso Jiménez Rodríguez,Complete,18.542114,68.9,32.8,79.8,47.8
3857265,2022-11-22,Group Stage,Poland,2,79,2,Mexico,5568,Raúl Alonso Jiménez Rodríguez,26406,Jorge Eduardo Sánchez Ramos,Incomplete,22.650387,79.5,51.4,99.3,62.4
3857265,2022-11-22,Group Stage,Poland,2,79,13,Mexico,26406,Jorge Eduardo Sánchez Ramos,5571,Hirving Rodrigo Lozano Bahena,Complete,18.278402,107.9,80.0,92.8,69.7
3857265,2022-11-22,Group Stage,Poland,2,79,17,Mexico,5571,Hirving Rodrigo Lozano Bahena,,,Incomplete,6.9065185,92.8,69.7,98.5,65.8
3857265,2022-11-22,Group Stage,Poland,2,79,22,Mexico,28825,Luis Gerardo Chávez Magallón,26301,Ernesto Alexis Vega Rojas,Complete,33.614582,81.5,54.3,99.0,25.6
3857265,2022-11-22,Group Stage,Poland,2,79,28,Mexico,26301,Ernesto Alexis Vega Rojas,5576,Jesús Daniel Gallardo Vasconcelos,Complete,17.123669,99.3,25.6,100.2,8.5
3857265,2022-11-22,Group Stage,Poland,2,79,31,Mexico,5576,Jesús Daniel Gallardo Vasconcelos,26297,Carlos Alberto Rodríguez Gómez,Complete,7.496666,99.0,6.8,91.6,8.0
3857265,2022-11-22,Group Stage,Poland,2,79,34,Mexico,26297,Carlos Alberto Rodríguez Gómez,5573,Héctor Alfredo Moreno Herrera,Complete,18.477283,88.0,8.0,70.9,15.0
3857265,2022-11-22,Group Stage,Poland,2,79,36,Mexico,5573,Héctor Alfredo Moreno Herrera,26297,Carlos Alberto Rodríguez Gómez,Complete,11.772,70.9,15.0,81.2,9.3
3857265,2022-11-22,Group Stage,Poland,2,79,39,Mexico,26297,Carlos Alberto Rodríguez Gómez,5576,Jesús Daniel Gallardo Vasconcelos,Complete,6.7542577,84.8,9.3,90.9,6.4
3857265,2022-11-22,Group Stage,Poland,2,79,43,Mexico,5576,Jesús Daniel Gallardo Vasconcelos,26301,Ernesto Alexis Vega Rojas,Complete,25.497452,85.6,0.1,93.0,24.5
3857265,2022-11-22,Group Stage,Poland,2,81,32,Mexico,5567,Edson Omar Álvarez Velázquez,26297,Carlos Alberto Rodríguez Gómez,Complete,26.309315,32.1,61.3,45.4,38.6
3857265,2022-11-22,Group Stage,Poland,2,81,34,Mexico,26297,Carlos Alberto Rodríguez Gómez,5568,Raúl Alonso Jiménez Rodríguez,Complete,28.400352,45.4,36.5,69.7,21.8
3857265,2022-11-22,Group Stage,Poland,2,82,18,Mexico,5577,Francisco Guillermo Ochoa Magaña,5573,Héctor Alfredo Moreno Herrera,Complete,12.0415945,12.4,36.9,24.2,34.5
3857265,2022-11-22,Group Stage,Poland,2,82,24,Mexico,5573,Héctor Alfredo Moreno Herrera,26368,César Jasib Montes Castro,Complete,19.79596,37.2,42.5,43.4,61.3
3857265,2022-11-22,Group Stage,Poland,2,82,30,Mexico,26368,César Jasib Montes Castro,26297,Carlos Alberto Rodríguez Gómez,Complete,11.830892,62.4,64.4,67.0,53.5
3857265,2022-11-22,Group Stage,Poland,2,82,32,Mexico,26297,Carlos Alberto Rodríguez Gómez,5567,Edson Omar Álvarez Velázquez,Complete,19.68248,70.1,50.4,55.5,37.2
3857265,2022-11-22,Group Stage,Poland,2,82,39,Mexico,5567,Edson Omar Álvarez Velázquez,26301,Ernesto Alexis Vega Rojas,Complete,29.15476,78.3,42.7,93.3,17.7
3857265,2022-11-22,Group Stage,Poland,2,82,42,Mexico,26301,Ernesto Alexis Vega Rojas,5576,Jesús Daniel Gallardo Vasconcelos,Complete,16.029036,93.3,17.7,109.1,15.0
3857265,2022-11-22,Group Stage,Poland,2,82,44,Mexico,5576,Jesús Daniel Gallardo Vasconcelos,,,Incomplete,4.9648767,112.8,21.0,112.0,25.9
3857265,2022-11-22,Group Stage,Poland,2,83,12,Mexico,28825,Luis Gerardo Chávez Magallón,,,Incomplete,37.745728,120.0,0.1,115.7,37.6
3857265,2022-11-22,Group Stage,Poland,2,83,18,Mexico,26406,Jorge Eduardo Sánchez Ramos,26297,Carlos Alberto Rodríguez Gómez,Complete,17.700283,92.0,42.7,76.7,51.6
3857265,2022-11-22,Group Stage,Poland,2,83,23,Mexico,26297,Carlos Alberto Rodríguez Gómez,5571,Hirving Rodrigo Lozano Bahena,Complete,18.78643,92.0,61.3,104.3,75.5
3857265,2022-11-22,Group Stage,Poland,2,83,25,Mexico,5571,Hirving Rodrigo Lozano Bahena,,,Incomplete,5.1,106.3,75.4,108.7,70.9
3857265,2022-11-22,Group Stage,Poland,2,84,9,Mexico,26406,Jorge Eduardo Sánchez Ramos,5568,Raúl Alonso Jiménez Rodríguez,Complete,10.7912,99.3,80.0,104.6,70.6
3857265,2022-11-22,Group Stage,Poland,2,84,10,Mexico,5568,Raúl Alonso Jiménez Rodríguez,26406,Jorge Eduardo Sánchez Ramos,Complete,9.486833,104.4,69.5,101.4,78.5
3857265,2022-11-22,Group Stage,Poland,2,84,11,Mexico,26406,Jorge Eduardo Sánchez Ramos,15452,Carlos Uriel Antuna Romero,Complete,10.1493845,99.5,76.4,109.6,77.4
3857265,2022-11-22,Group Stage,Poland,2,84,13,Mexico,15452,Carlos Uriel Antuna Romero,,,Incomplete,33.426037,114.0,76.7,116.9,43.4
3857265,2022-11-22,Group Stage,Poland,2,84,31,Mexico,26368,César Jasib Montes Castro,,,Incomplete,23.990831,31.6,54.0,52.6,65.6
3857265,2022-11-22,Group Stage,Poland,2,85,11,Mexico,28825,Luis Gerardo Chávez Magallón,26406,Jorge Eduardo Sánchez Ramos,Complete,10.660675,15.0,80.0,21.3,71.4
3857265,2022-11-22,Group Stage,Poland,2,85,13,Mexico,26406,Jorge Eduardo Sánchez Ramos,,,Incomplete,49.598892,25.1,73.1,73.8,63.7
3857265,2022-11-22,Group Stage,Poland,2,85,47,Mexico,26406,Jorge Eduardo Sánchez Ramos,5568,Raúl Alonso Jiménez Rodríguez,Complete,18.86001,38.6,80.0,56.7,74.7
3857265,2022-11-22,Group Stage,Poland,2,85,49,Mexico,5568,Raúl Alonso Jiménez Rodríguez,28825,Luis Gerardo Chávez Magallón,Complete,10.316007,56.7,74.7,66.8,72.6
3857265,2022-11-22,Group Stage,Poland,2,86,4,Mexico,5573,Héctor Alfredo Moreno Herrera,5571,Hirving Rodrigo Lozano Bahena,Complete,22.576315,65.6,29.5,84.4,17.0
3857265,2022-11-22,Group Stage,Poland,2,86,9,Mexico,5571,Hirving Rodrigo Lozano Bahena,,,Incomplete,19.944424,92.8,16.7,105.1,32.4
3857265,2022-11-22,Group Stage,Poland,2,86,17,Mexico,5576,Jesús Daniel Gallardo Vasconcelos,5571,Hirving Rodrigo Lozano Bahena,Complete,13.009612,75.9,6.4,86.0,14.6
3857265,2022-11-22,Group Stage,Poland,2,86,21,Mexico,5571,Hirving Rodrigo Lozano Bahena,5568,Raúl Alonso Jiménez Rodríguez,Complete,7.9630394,93.7,28.3,100.2,32.9
3857265,2022-11-22,Group Stage,Poland,2,86,22,Mexico,5568,Raúl Alonso Jiménez Rodríguez,5571,Hirving Rodrigo Lozano Bahena,Unknown,7.2449985,99.8,33.6,106.3,30.4
3857265,2022-11-22,Group Stage,Poland,2,87,18,Mexico,5567,Edson Omar Álvarez Velázquez,,,Incomplete,23.244139,38.9,29.5,59.1,41.0
3857265,2022-11-22,Group Stage,Poland,2,87,44,Mexico,28825,Luis Gerardo Chávez Magallón,,,Incomplete,16.750223,32.8,50.4,38.9,34.8
3857265,2022-11-22,Group Stage,Poland,2,88,12,Mexico,5577,Francisco Guillermo Ochoa Magaña,5573,Héctor Alfredo Moreno Herrera,Complete,24.35077,8.8,49.2,14.8,25.6
3857265,2022-11-22,Group Stage,Poland,2,88,21,Mexico,5573,Héctor Alfredo Moreno Herrera,26297,Carlos Alberto Rodríguez Gómez,Complete,9.76166,38.6,16.5,44.6,24.2
3857265,2022-11-22,Group Stage,Poland,2,88,24,Mexico,26297,Carlos Alberto Rodríguez Gómez,5571,Hirving Rodrigo Lozano Bahena,Complete,36.66606,44.9,24.2,75.5,4.0
3857265,2022-11-22,Group Stage,Poland,2,88,31,Mexico,5571,Hirving Rodrigo Lozano Bahena,,,Incomplete,4.588028,99.8,23.2,101.4,27.5
3857265,2022-11-22,Group Stage,Poland,2,90,3,Mexico,5571,Hirving Rodrigo Lozano Bahena,5568,Raúl Alonso Jiménez Rodríguez,Complete,17.140594,47.0,23.9,63.2,29.5
3857265,2022-11-22,Group Stage,Poland,2,90,6,Mexico,5568,Raúl Alonso Jiménez Rodríguez,15452,Carlos Uriel Antuna Romero,Complete,52.985374,58.3,39.8,98.6,74.2
3857265,2022-11-22,Group Stage,Poland,2,90,16,Mexico,15452,Carlos Uriel Antuna Romero,,,Incomplete,3.1,113.5,69.7,113.5,66.6
3857265,2022-11-22,Group Stage,Poland,2,90,52,Mexico,28825,Luis Gerardo Chávez Magallón,,,Incomplete,37.46385,120.0,80.0,116.5,42.7
3857265,2022-11-22,Group Stage,Poland,2,90,56,Mexico,26406,Jorge Eduardo Sánchez Ramos,26297,Carlos Alberto Rodríguez Gómez,Complete,15.182226,88.7,50.4,74.2,45.9
3857265,2022-11-22,Group Stage,Poland,2,90,58,Mexico,26297,Carlos Alberto Rodríguez Gómez,5576,Jesús Daniel Gallardo Vasconcelos,Complete,16.546904,68.2,42.5,80.0,30.9
3857265,2022-11-22,Group Stage,Poland,2,91,1,Mexico,5576,Jesús Daniel Gallardo Vasconcelos,5567,Edson Omar Álvarez Velázquez,Pass Offside,33.42155,81.9,26.8,107.9,47.8
3857265,2022-11-22,Group Stage,Poland,2,91,39,Mexico,26297,Carlos Alberto Rodríguez Gómez,5571,Hirving Rodrigo Lozano Bahena,Incomplete,16.860012,49.4,23.9,62.9,13.8
3857265,2022-11-22,Group Stage,Poland,2,92,6,Mexico,5577,Francisco Guillermo Ochoa Magaña,26368,César Jasib Montes Castro,Complete,13.641848,7.0,44.1,12.9,56.4
3857265,2022-11-22,Group Stage,Poland,2,92,9,Mexico,26368,César Jasib Montes Castro,5573,Héctor Alfredo Moreno Herrera,Complete,31.964043,15.0,53.1,26.3,23.2
3857265,2022-11-22,Group Stage,Poland,2,92,16,Mexico,5573,Héctor Alfredo Moreno Herrera,5576,Jesús Daniel Gallardo Vasconcelos,Complete,10.700467,50.2,12.2,56.7,3.7
3857265,2022-11-22,Group Stage,Poland,2,92,19,Mexico,5576,Jesús Daniel Gallardo Vasconcelos,5571,Hirving Rodrigo Lozano Bahena,Incomplete,16.970562,56.7,3.7,73.5,6.1
3857265,2022-11-22,Group Stage,Poland,2,93,19,Mexico,26406,Jorge Eduardo Sánchez Ramos,5568,Raúl Alonso Jiménez Rodríguez,Complete,21.308449,44.6,80.0,62.0,67.7
3857265,2022-11-22,Group Stage,Poland,2,93,21,Mexico,5568,Raúl Alonso Jiménez Rodríguez,15452,Carlos Uriel Antuna Romero,Complete,19.916075,62.0,67.8,81.9,67.0
3857265,2022-11-22,Group Stage,Poland,2,93,36,Mexico,5576,Jesús Daniel Gallardo Vasconcelos,,,Incomplete,11.7,57.2,20.6,68.0,25.1
3857265,2022-11-22,Group Stage,Poland,2,94,7,Mexico,5577,Francisco Guillermo Ochoa Magaña,26368,César Jasib Montes Castro,Complete,12.944883,12.1,49.0,21.0,58.4
3857265,2022-11-22,Group Stage,Poland,2,94,11,Mexico,26368,César Jasib Montes Castro,26297,Carlos Alberto Rodríguez Gómez,Complete,15.439236,25.1,60.1,40.5,61.2
3857265,2022-11-22,Group Stage,Poland,2,94,16,Mexico,26297,Carlos Alberto Rodríguez Gómez,15452,Carlos Uriel Antuna Romero,Complete,22.56391,50.6,63.2,68.9,76.4
3857265,2022-11-22,Group Stage,Poland,2,94,18,Mexico,15452,Carlos Uriel Antuna Romero,26297,Carlos Alberto Rodríguez Gómez,Complete,12.481186,68.9,76.4,57.6,71.1
3857265,2022-11-22,Group Stage,Poland,2,94,22,Mexico,26297,Carlos Alberto Rodríguez Gómez,5573,Héctor Alfredo Moreno Herrera,Complete,46.62746,62.4,71.1,43.0,28.7
3857265,2022-11-22,Group Stage,Poland,2,94,31,Mexico,5573,Héctor Alfredo Moreno Herrera,5576,Jesús Daniel Gallardo Vasconcelos,Complete,10.602358,62.9,21.0,58.4,11.4
3857265,2022-11-22,Group Stage,Poland,2,94,32,Mexico,5576,Jesús Daniel Gallardo Vasconcelos,5571,Hirving Rodrigo Lozano Bahena,Complete,20.461916,58.4,11.4,77.9,5.2
3857265,2022-11-22,Group Stage,Poland,2,94,39,Mexico,5571,Hirving Rodrigo Lozano Bahena,,,Incomplete,21.9,112.5,10.9,112.5,32.8
3857265,2022-11-22,Group Stage,Poland,2,94,45,Mexico,5576,Jesús Daniel Gallardo Vasconcelos,28825,Luis Gerardo Chávez Magallón,Complete,8.44334,85.3,0.1,88.0,8.1
3857265,2022-11-22,Group Stage,Poland,2,94,46,Mexico,28825,Luis Gerardo Chávez Magallón,5576,Jesús Daniel Gallardo Vasconcelos,Complete,6.140033,88.0,8.1,84.3,3.2
3857265,2022-11-22,Group Stage,Poland,2,94,48,Mexico,5576,Jesús Daniel Gallardo Vasconcelos,5573,Héctor Alfredo Moreno Herrera,Complete,18.910843,81.5,6.8,63.6,12.9
3857265,2022-11-22,Group Stage,Poland,2,94,50,Mexico,5573,Héctor Alfredo Moreno Herrera,26297,Carlos Alberto Rodríguez Gómez,Complete,20.660349,63.6,12.9,75.9,29.5
3857265,2022-11-22,Group Stage,Poland,2,94,54,Mexico,26297,Carlos Alberto Rodríguez Gómez,26406,Jorge Eduardo Sánchez Ramos,Complete,14.653668,75.4,37.7,70.2,51.4
3857265,2022-11-22,Group Stage,Poland,2,94,56,Mexico,26406,Jorge Eduardo Sánchez Ramos,15452,Carlos Uriel Antuna Romero,Complete,28.751348,70.2,51.4,84.4,76.4
3857265,2022-11-22,Group Stage,Poland,2,95,2,Mexico,15452,Carlos Uriel Antuna Romero,26297,Carlos Alberto Rodríguez Gómez,Complete,12.541929,85.3,69.7,95.2,77.4
3857265,2022-11-22,Group Stage,Poland,2,95,4,Mexico,26297,Carlos Alberto Rodríguez Gómez,26406,Jorge Eduardo Sánchez Ramos,Incomplete,22.489998,95.2,77.4,110.8,61.2
3857265,2022-11-22,Group Stage,Poland,2,95,40,Mexico,5577,Francisco Guillermo Ochoa Magaña,28825,Luis Gerardo Chávez Magallón,Complete,40.19565,7.0,36.1,45.8,25.6
3857265,2022-11-22,Group Stage,Poland,2,95,48,Mexico,28825,Luis Gerardo Chávez Magallón,15452,Carlos Uriel Antuna Romero,Complete,0.0,48.2,24.2,48.2,24.2
3857265,2022-11-22,Group Stage,Poland,2,96,14,Mexico,5567,Edson Omar Álvarez Velázquez,,,Incomplete,19.424726,44.6,30.4,63.2,36.0
3857265,2022-11-22,Group Stage,Poland,2,96,19,Mexico,26368,César Jasib Montes Castro,26406,Jorge Eduardo Sánchez Ramos,Complete,14.204225,39.3,43.9,36.9,57.9
3857265,2022-11-22,Group Stage,Poland,2,96,23,Mexico,26406,Jorge Eduardo Sánchez Ramos,26297,Carlos Alberto Rodríguez Gómez,Complete,8.159657,36.9,57.9,44.6,55.2
3857265,2022-11-22,Group Stage,Poland,2,96,27,Mexico,26297,Carlos Alberto Rodríguez Gómez,26406,Jorge Eduardo Sánchez Ramos,Complete,12.003333,54.0,62.5,51.8,74.3
3857265,2022-11-22,Group Stage,Poland,2,96,28,Mexico,26406,Jorge Eduardo Sánchez Ramos,26368,César Jasib Montes Castro,Complete,17.962183,51.8,74.3,40.8,60.1
3857265,2022-11-22,Group Stage,Poland,2,96,32,Mexico,26368,César Jasib Montes Castro,26406,Jorge Eduardo Sánchez Ramos,Complete,18.006943,46.1,56.9,60.8,67.3
3857265,2022-11-22,Group Stage,Poland,2,96,34,Mexico,26406,Jorge Eduardo Sánchez Ramos,26297,Carlos Alberto Rodríguez Gómez,Complete,10.262553,60.8,67.3,69.4,61.7
3857265,2022-11-22,Group Stage,Poland,2,96,36,Mexico,26297,Carlos Alberto Rodríguez Gómez,26368,César Jasib Montes Castro,Complete,19.701015,64.1,62.9,45.4,56.7
3857265,2022-11-22,Group Stage,Poland,2,96,39,Mexico,26368,César Jasib Montes Castro,26297,Carlos Alberto Rodríguez Gómez,Complete,10.373042,45.4,56.7,54.0,62.5
3857265,2022-11-22,Group Stage,Poland,2,96,42,Mexico,26297,Carlos Alberto Rodríguez Gómez,5571,Hirving Rodrigo Lozano Bahena,Complete,74.365585,57.1,62.4,105.1,5.6
3857265,2022-11-22,Group Stage,Poland,2,96,48,Mexico,5571,Hirving Rodrigo Lozano Bahena,,,Incomplete,12.525574,105.8,6.8,93.3,7.6
3857265,2022-11-22,Group Stage,Poland,2,97,0,Mexico,26368,César Jasib Montes Castro,5576,Jesús Daniel Gallardo Vasconcelos,Complete,21.160576,20.6,28.0,22.2,6.9
3857265,2022-11-22,Group Stage,Poland,2,97,6,Mexico,5576,Jesús Daniel Gallardo Vasconcelos,5567,Edson Omar Álvarez Velázquez,Complete,18.389671,32.8,9.3,46.1,22.0
3857265,2022-11-22,Group Stage,Poland,2,97,9,Mexico,5567,Edson Omar Álvarez Velázquez,,,Out,88.94791,46.3,23.2,120.0,73.0
3857260,2022-11-30,Group Stage,Saudi Arabia,1,0,0,Mexico,26400,Henry Josué Martín Mex,28825,Luis Gerardo Chávez Magallón,Complete,19.964218,61.0,40.1,41.1,38.5
3857260,2022-11-30,Group Stage,Saudi Arabia,1,0,3,Mexico,28825,Luis Gerardo Chávez Magallón,26406,Jorge Eduardo Sánchez Ramos,Complete,37.12142,42.8,39.5,45.8,76.5
3857260,2022-11-30,Group Stage,Saudi Arabia,1,0,6,Mexico,26406,Jorge Eduardo Sánchez Ramos,26368,César Jasib Montes Castro,Complete,26.075659,46.0,76.7,22.5,65.4
3857260,2022-11-30,Group Stage,Saudi Arabia,1,0,9,Mexico,26368,César Jasib Montes Castro,5577,Francisco Guillermo Ochoa Magaña,Complete,23.672981,22.3,62.0,16.3,39.1
3857260,2022-11-30,Group Stage,Saudi Arabia,1,0,12,Mexico,5577,Francisco Guillermo Ochoa Magaña,5573,Héctor Alfredo Moreno Herrera,Complete,16.683226,18.0,37.4,30.8,26.7
3857260,2022-11-30,Group Stage,Saudi Arabia,1,0,15,Mexico,5573,Héctor Alfredo Moreno Herrera,5577,Francisco Guillermo Ochoa Magaña,Complete,20.16383,32.1,29.9,15.4,41.2
3857260,2022-11-30,Group Stage,Saudi Arabia,1,0,18,Mexico,5577,Francisco Guillermo Ochoa Magaña,26368,César Jasib Montes Castro,Complete,24.714571,15.7,44.2,21.6,68.2
3857260,2022-11-30,Group Stage,Saudi Arabia,1,0,23,Mexico,26368,César Jasib Montes Castro,5567,Edson Omar Álvarez Velázquez,Complete,14.400695,28.9,71.2,27.2,56.9
3857260,2022-11-30,Group Stage,Saudi Arabia,1,0,25,Mexico,5567,Edson Omar Álvarez Velázquez,5573,Héctor Alfredo Moreno Herrera,Complete,35.446438,27.4,54.7,33.6,19.8
3857260,2022-11-30,Group Stage,Saudi Arabia,1,0,31,Mexico,5573,Héctor Alfredo Moreno Herrera,5567,Edson Omar Álvarez Velázquez,Complete,24.981993,44.7,16.9,36.8,40.6
3857260,2022-11-30,Group Stage,Saudi Arabia,1,0,34,Mexico,5567,Edson Omar Álvarez Velázquez,5571,Hirving Rodrigo Lozano Bahena,Incomplete,52.41374,44.7,48.5,96.3,57.7
3857260,2022-11-30,Group Stage,Saudi Arabia,1,0,39,Mexico,26280,Orbelín Pineda Alvarado,26406,Jorge Eduardo Sánchez Ramos,Complete,15.641611,85.4,61.1,93.3,74.6
3857260,2022-11-30,Group Stage,Saudi Arabia,1,0,53,Mexico,26406,Jorge Eduardo Sánchez Ramos,5571,Hirving Rodrigo Lozano Bahena,Complete,10.610373,103.1,80.0,112.8,75.7
3857260,2022-11-30,Group Stage,Saudi Arabia,1,1,2,Mexico,26406,Jorge Eduardo Sánchez Ramos,26400,Henry Josué Martín Mex,Complete,19.13766,95.4,80.0,113.4,73.5
3857260,2022-11-30,Group Stage,Saudi Arabia,1,1,7,Mexico,26400,Henry Josué Martín Mex,28825,Luis Gerardo Chávez Magallón,Complete,30.576626,111.5,74.8,91.7,51.5
3857260,2022-11-30,Group Stage,Saudi Arabia,1,1,44,Mexico,28825,Luis Gerardo Chávez Magallón,,,Incomplete,23.257257,25.1,4.9,27.8,28.0
3857260,2022-11-30,Group Stage,Saudi Arabia,1,1,48,Mexico,26406,Jorge Eduardo Sánchez Ramos,5571,Hirving Rodrigo Lozano Bahena,Incomplete,19.647137,22.3,57.3,41.8,54.9
3857260,2022-11-30,Group Stage,Saudi Arabia,1,2,16,Mexico,5577,Francisco Guillermo Ochoa Magaña,5576,Jesús Daniel Gallardo Vasconcelos,Complete,37.72002,11.2,40.0,33.8,9.8
3857260,2022-11-30,Group Stage,Saudi Arabia,1,2,18,Mexico,5576,Jesús Daniel Gallardo Vasconcelos,5573,Héctor Alfredo Moreno Herrera,Complete,27.476717,37.5,4.9,19.9,26.0
3857260,2022-11-30,Group Stage,Saudi Arabia,1,2,21,Mexico,5573,Héctor Alfredo Moreno Herrera,26368,César Jasib Montes Castro,Complete,15.783536,21.4,30.3,23.8,45.9
3857260,2022-11-30,Group Stage,Saudi Arabia,1,2,23,Mexico,26368,César Jasib Montes Castro,5567,Edson Omar Álvarez Velázquez,Complete,27.31831,25.1,47.9,26.1,75.2
3857260,2022-11-30,Group Stage,Saudi Arabia,1,2,30,Mexico,5567,Edson Omar Álvarez Velázquez,5571,Hirving Rodrigo Lozano Bahena,Complete,27.908422,45.8,76.1,70.6,63.3
3857260,2022-11-30,Group Stage,Saudi Arabia,1,2,35,Mexico,5571,Hirving Rodrigo Lozano Bahena,26301,Ernesto Alexis Vega Rojas,Complete,25.005,79.0,49.6,101.6,38.9
3857260,2022-11-30,Group Stage,Saudi Arabia,1,3,18,Mexico,5577,Francisco Guillermo Ochoa Magaña,5573,Héctor Alfredo Moreno Herrera,Complete,25.583784,3.9,47.9,15.7,25.2
3857260,2022-11-30,Group Stage,Saudi Arabia,1,3,21,Mexico,5573,Héctor Alfredo Moreno Herrera,28825,Luis Gerardo Chávez Magallón,Complete,14.773287,19.9,24.8,33.4,30.8
3857260,2022-11-30,Group Stage,Saudi Arabia,1,3,22,Mexico,28825,Luis Gerardo Chávez Magallón,5573,Héctor Alfredo Moreno Herrera,Complete,14.26359,33.6,30.8,30.4,16.9
3857260,2022-11-30,Group Stage,Saudi Arabia,1,3,27,Mexico,5573,Héctor Alfredo Moreno Herrera,5577,Francisco Guillermo Ochoa Magaña,Complete,25.240643,33.4,15.8,18.4,36.1
3857260,2022-11-30,Group Stage,Saudi Arabia,1,3,30,Mexico,5577,Francisco Guillermo Ochoa Magaña,26368,César Jasib Montes Castro,Complete,20.761744,21.2,43.6,29.1,62.8
3857260,2022-11-30,Group Stage,Saudi Arabia,1,3,33,Mexico,26368,César Jasib Montes Castro,5577,Francisco Guillermo Ochoa Magaña,Complete,22.817757,30.0,65.4,20.4,44.7
3857260,2022-11-30,Group Stage,Saudi Arabia,1,3,35,Mexico,5577,Francisco Guillermo Ochoa Magaña,5573,Héctor Alfredo Moreno Herrera,Complete,35.163902,21.2,39.3,35.1,7.0
3857260,2022-11-30,Group Stage,Saudi Arabia,1,3,41,Mexico,5573,Héctor Alfredo Moreno Herrera,26400,Henry Josué Martín Mex,Incomplete,54.672844,42.0,4.9,94.4,20.5
3857260,2022-11-30,Group Stage,Saudi Arabia,1,3,54,Mexico,5576,Jesús Daniel Gallardo Vasconcelos,26400,Henry Josué Martín Mex,Complete,11.69316,105.7,0.1,113.4,8.9
3857260,2022-11-30,Group Stage,Saudi Arabia,1,3,57,Mexico,26400,Henry Josué Martín Mex,28825,Luis Gerardo Chávez Magallón,Complete,14.558159,111.7,5.9,97.2,7.2
3857260,2022-11-30,Group Stage,Saudi Arabia,1,3,58,Mexico,28825,Luis Gerardo Chávez Magallón,5576,Jesús Daniel Gallardo Vasconcelos,Complete,4.7518415,96.7,6.2,101.4,5.5
3857260,2022-11-30,Group Stage,Saudi Arabia,1,3,59,Mexico,5576,Jesús Daniel Gallardo Vasconcelos,5567,Edson Omar Álvarez Velázquez,Complete,16.493938,99.1,9.2,86.9,20.3
3857260,2022-11-30,Group Stage,Saudi Arabia,1,4,2,Mexico,5567,Edson Omar Álvarez Velázquez,26280,Orbelín Pineda Alvarado,Complete,6.530697,92.2,22.2,98.6,23.5
3857260,2022-11-30,Group Stage,Saudi Arabia,1,4,4,Mexico,5567,Edson Omar Álvarez Velázquez,28825,Luis Gerardo Chávez Magallón,Complete,11.562439,92.7,23.9,85.2,15.1
3857260,2022-11-30,Group Stage,Saudi Arabia,1,4,6,Mexico,28825,Luis Gerardo Chávez Magallón,26368,César Jasib Montes Castro,Complete,24.89056,81.1,20.3,63.4,37.8
3857260,2022-11-30,Group Stage,Saudi Arabia,1,4,9,Mexico,26368,César Jasib Montes Castro,26406,Jorge Eduardo Sánchez Ramos,Complete,24.7879,63.4,45.7,69.6,69.7
3857260,2022-11-30,Group Stage,Saudi Arabia,1,4,11,Mexico,26406,Jorge Eduardo Sánchez Ramos,5571,Hirving Rodrigo Lozano Bahena,Incomplete,18.655025,69.1,70.1,87.1,75.0
3857260,2022-11-30,Group Stage,Saudi Arabia,1,4,25,Mexico,26406,Jorge Eduardo Sánchez Ramos,26368,César Jasib Montes Castro,Complete,25.494312,81.8,80.0,57.8,71.4
3857260,2022-11-30,Group Stage,Saudi Arabia,1,4,29,Mexico,26368,César Jasib Montes Castro,5573,Héctor Alfredo Moreno Herrera,Complete,41.309807,56.3,68.6,55.4,27.3
3857260,2022-11-30,Group Stage,Saudi Arabia,1,4,33,Mexico,5573,Héctor Alfredo Moreno Herrera,5571,Hirving Rodrigo Lozano Bahena,Out,64.39169,63.6,27.3,100.6,80.0
3857260,2022-11-30,Group Stage,Saudi Arabia,1,6,21,Mexico,5567,Edson Omar Álvarez Velázquez,26368,César Jasib Montes Castro,Complete,15.358385,58.2,70.8,43.0,68.6
3857260,2022-11-30,Group Stage,Saudi Arabia,1,6,24,Mexico,26368,César Jasib Montes Castro,5573,Héctor Alfredo Moreno Herrera,Complete,16.77051,40.5,64.6,37.5,48.1
3857260,2022-11-30,Group Stage,Saudi Arabia,1,6,26,Mexico,5573,Héctor Alfredo Moreno Herrera,5567,Edson Omar Álvarez Velázquez,Complete,23.553556,39.0,51.3,51.6,71.2
3857260,2022-11-30,Group Stage,Saudi Arabia,1,6,30,Mexico,5567,Edson Omar Álvarez Velázquez,26406,Jorge Eduardo Sánchez Ramos,Complete,13.685028,64.6,72.0,76.8,78.2
3857260,2022-11-30,Group Stage,Saudi Arabia,1,6,33,Mexico,26406,Jorge Eduardo Sánchez Ramos,5567,Edson Omar Álvarez Velázquez,Complete,11.531695,77.5,75.9,66.8,71.6
3857260,2022-11-30,Group Stage,Saudi Arabia,1,6,37,Mexico,5567,Edson Omar Álvarez Velázquez,28825,Luis Gerardo Chávez Magallón,Complete,22.949074,69.1,64.8,67.6,41.9
3857260,2022-11-30,Group Stage,Saudi Arabia,1,6,40,Mexico,28825,Luis Gerardo Chávez Magallón,5576,Jesús Daniel Gallardo Vasconcelos,Complete,35.141144,74.9,32.5,94.6,3.4
3857260,2022-11-30,Group Stage,Saudi Arabia,1,6,43,Mexico,5576,Jesús Daniel Gallardo Vasconcelos,,,Incomplete,41.829414,99.3,4.4,117.0,42.3
3857260,2022-11-30,Group Stage,Saudi Arabia,1,7,30,Mexico,5567,Edson Omar Álvarez Velázquez,26280,Orbelín Pineda Alvarado,Incomplete,11.535164,45.0,17.1,56.5,16.2
3857260,2022-11-30,Group Stage,Saudi Arabia,1,7,51,Mexico,5577,Francisco Guillermo Ochoa Magaña,26368,César Jasib Montes Castro,Complete,21.124393,7.0,44.1,27.0,50.9
3857260,2022-11-30,Group Stage,Saudi Arabia,1,7,54,Mexico,26368,César Jasib Montes Castro,5571,Hirving Rodrigo Lozano Bahena,Complete,24.682991,30.6,59.8,47.7,77.6
3857260,2022-11-30,Group Stage,Saudi Arabia,1,7,58,Mexico,5571,Hirving Rodrigo Lozano Bahena,26400,Henry Josué Martín Mex,Complete,13.935925,62.7,65.8,76.6,64.8
3857260,2022-11-30,Group Stage,Saudi Arabia,1,7,59,Mexico,26400,Henry Josué Martín Mex,26406,Jorge Eduardo Sánchez Ramos,Pass Offside,14.80608,77.0,65.8,90.1,72.7
3857260,2022-11-30,Group Stage,Saudi Arabia,1,8,32,Mexico,5573,Héctor Alfredo Moreno Herrera,26368,César Jasib Montes Castro,Complete,10.920165,6.7,5.3,3.7,15.8
3857260,2022-11-30,Group Stage,Saudi Arabia,1,8,33,Mexico,26368,César Jasib Montes Castro,,,Out,36.23051,3.7,15.8,36.4,0.2
3857260,2022-11-30,Group Stage,Saudi Arabia,1,9,2,Mexico,5576,Jesús Daniel Gallardo Vasconcelos,,,Incomplete,51.22353,18.4,3.2,63.6,27.3
3857260,2022-11-30,Group Stage,Saudi Arabia,1,9,7,Mexico,5567,Edson Omar Álvarez Velázquez,5571,Hirving Rodrigo Lozano Bahena,Complete,28.927668,39.0,28.4,65.5,40.0
3857260,2022-11-30,Group Stage,Saudi Arabia,1,9,14,Mexico,26368,César Jasib Montes Castro,5577,Francisco Guillermo Ochoa Magaña,Complete,26.406816,37.5,51.5,12.9,61.1
3857260,2022-11-30,Group Stage,Saudi Arabia,1,9,20,Mexico,5577,Francisco Guillermo Ochoa Magaña,5567,Edson Omar Álvarez Velázquez,Complete,23.1225,13.5,58.3,36.4,55.1
3857260,2022-11-30,Group Stage,Saudi Arabia,1,9,25,Mexico,5567,Edson Omar Álvarez Velázquez,5573,Héctor Alfredo Moreno Herrera,Complete,18.604301,42.2,42.3,42.6,23.7
3857260,2022-11-30,Group Stage,Saudi Arabia,1,9,28,Mexico,5573,Héctor Alfredo Moreno Herrera,26301,Ernesto Alexis Vega Rojas,Complete,13.717872,51.2,18.1,64.9,18.8
3857260,2022-11-30,Group Stage,Saudi Arabia,1,9,39,Mexico,28825,Luis Gerardo Chávez Magallón,26406,Jorge Eduardo Sánchez Ramos,Complete,49.64524,66.8,25.6,88.4,70.3
3857260,2022-11-30,Group Stage,Saudi Arabia,1,9,43,Mexico,26406,Jorge Eduardo Sánchez Ramos,5571,Hirving Rodrigo Lozano Bahena,Complete,25.583784,93.5,67.5,117.7,59.2
3857260,2022-11-30,Group Stage,Saudi Arabia,1,9,46,Mexico,5571,Hirving Rodrigo Lozano Bahena,,,Out,61.379883,117.7,59.2,98.2,1.0
3857260,2022-11-30,Group Stage,Saudi Arabia,1,10,15,Mexico,5576,Jesús Daniel Gallardo Vasconcelos,,,Incomplete,9.9985,51.6,6.4,43.0,11.5
3857260,2022-11-30,Group Stage,Saudi Arabia,1,10,33,Mexico,5573,Héctor Alfredo Moreno Herrera,26368,César Jasib Montes Castro,Complete,28.900692,25.3,5.7,25.5,34.6
3857260,2022-11-30,Group Stage,Saudi Arabia,1,10,35,Mexico,26368,César Jasib Montes Castro,5567,Edson Omar Álvarez Velázquez,Complete,18.840382,26.6,37.6,29.6,56.2
3857260,2022-11-30,Group Stage,Saudi Arabia,1,10,41,Mexico,5567,Edson Omar Álvarez Velázquez,26368,César Jasib Montes Castro,Complete,13.661991,43.5,64.1,33.4,54.9
3857260,2022-11-30,Group Stage,Saudi Arabia,1,10,43,Mexico,26368,César Jasib Montes Castro,5573,Héctor Alfredo Moreno Herrera,Complete,30.342709,35.3,50.6,46.5,22.4
3857260,2022-11-30,Group Stage,Saudi Arabia,1,10,47,Mexico,5573,Héctor Alfredo Moreno Herrera,26301,Ernesto Alexis Vega Rojas,Complete,12.95222,57.2,15.1,69.8,18.1
3857260,2022-11-30,Group Stage,Saudi Arabia,1,10,48,Mexico,26301,Ernesto Alexis Vega Rojas,28825,Luis Gerardo Chávez Magallón,Complete,13.923002,69.8,18.1,58.2,25.8
3857260,2022-11-30,Group Stage,Saudi Arabia,1,10,50,Mexico,28825,Luis Gerardo Chávez Magallón,5576,Jesús Daniel Gallardo Vasconcelos,Complete,60.330425,57.8,22.0,116.8,9.4
3857260,2022-11-30,Group Stage,Saudi Arabia,1,13,9,Mexico,5577,Francisco Guillermo Ochoa Magaña,26368,César Jasib Montes Castro,Complete,16.560495,7.0,44.1,15.0,58.6
3857260,2022-11-30,Group Stage,Saudi Arabia,1,13,15,Mexico,26368,César Jasib Montes Castro,5573,Héctor Alfredo Moreno Herrera,Complete,34.08005,22.1,60.9,27.8,27.3
3857260,2022-11-30,Group Stage,Saudi Arabia,1,13,18,Mexico,5573,Héctor Alfredo Moreno Herrera,5576,Jesús Daniel Gallardo Vasconcelos,Complete,27.093357,32.8,24.6,51.4,4.9
3857260,2022-11-30,Group Stage,Saudi Arabia,1,13,20,Mexico,5576,Jesús Daniel Gallardo Vasconcelos,5573,Héctor Alfredo Moreno Herrera,Complete,19.882908,51.2,6.4,35.5,18.6
3857260,2022-11-30,Group Stage,Saudi Arabia,1,13,24,Mexico,5573,Héctor Alfredo Moreno Herrera,5567,Edson Omar Álvarez Velázquez,Complete,48.19232,37.3,23.5,42.6,71.4
3857260,2022-11-30,Group Stage,Saudi Arabia,1,13,29,Mexico,5567,Edson Omar Álvarez Velázquez,26368,César Jasib Montes Castro,Complete,13.813399,40.7,69.5,33.2,57.9
3857260,2022-11-30,Group Stage,Saudi Arabia,1,13,32,Mexico,26368,César Jasib Montes Castro,5573,Héctor Alfredo Moreno Herrera,Complete,31.791822,35.1,49.4,46.7,19.8
3857260,2022-11-30,Group Stage,Saudi Arabia,1,13,36,Mexico,5573,Héctor Alfredo Moreno Herrera,5576,Jesús Daniel Gallardo Vasconcelos,Complete,42.037365,51.6,12.4,93.1,5.7
3857260,2022-11-30,Group Stage,Saudi Arabia,1,13,50,Mexico,5573,Héctor Alfredo Moreno Herrera,26368,César Jasib Montes Castro,Complete,25.295849,39.0,9.8,36.8,35.0
3857260,2022-11-30,Group Stage,Saudi Arabia,1,13,52,Mexico,26368,César Jasib Montes Castro,5567,Edson Omar Álvarez Velázquez,Complete,26.65577,39.0,38.9,51.2,62.6
3857260,2022-11-30,Group Stage,Saudi Arabia,1,13,56,Mexico,5567,Edson Omar Álvarez Velázquez,26280,Orbelín Pineda Alvarado,Complete,11.74138,56.9,70.3,66.4,77.2
3857260,2022-11-30,Group Stage,Saudi Arabia,1,13,58,Mexico,26280,Orbelín Pineda Alvarado,26406,Jorge Eduardo Sánchez Ramos,Complete,11.901681,66.4,77.2,78.3,77.4
3857260,2022-11-30,Group Stage,Saudi Arabia,1,13,59,Mexico,26406,Jorge Eduardo Sánchez Ramos,26280,Orbelín Pineda Alvarado,Complete,7.220111,78.5,77.4,72.3,73.7
3857260,2022-11-30,Group Stage,Saudi Arabia,1,14,0,Mexico,26280,Orbelín Pineda Alvarado,5571,Hirving Rodrigo Lozano Bahena,Complete,12.857682,72.3,73.7,84.7,70.3
3857260,2022-11-30,Group Stage,Saudi Arabia,1,14,3,Mexico,5571,Hirving Rodrigo Lozano Bahena,26400,Henry Josué Martín Mex,Incomplete,33.24154,80.3,68.4,111.3,56.4
3857260,2022-11-30,Group Stage,Saudi Arabia,1,14,23,Mexico,5576,Jesús Daniel Gallardo Vasconcelos,26301,Ernesto Alexis Vega Rojas,Complete,10.096039,60.1,4.2,69.8,7.0
3857260,2022-11-30,Group Stage,Saudi Arabia,1,14,24,Mexico,26301,Ernesto Alexis Vega Rojas,,,Incomplete,14.401389,69.8,7.0,76.4,19.8
3857260,2022-11-30,Group Stage,Saudi Arabia,1,14,27,Mexico,28825,Luis Gerardo Chávez Magallón,26400,Henry Josué Martín Mex,Complete,14.961617,63.4,22.6,75.5,31.4
3857260,2022-11-30,Group Stage,Saudi Arabia,1,14,28,Mexico,26400,Henry Josué Martín Mex,,,Incomplete,10.5948105,75.5,31.4,72.3,41.5
3857260,2022-11-30,Group Stage,Saudi Arabia,1,14,32,Mexico,26368,César Jasib Montes Castro,5577,Francisco Guillermo Ochoa Magaña,Complete,38.3888,52.7,41.7,14.6,46.4
3857260,2022-11-30,Group Stage,Saudi Arabia,1,14,37,Mexico,5577,Francisco Guillermo Ochoa Magaña,5573,Héctor Alfredo Moreno Herrera,Complete,14.227087,17.8,45.1,28.3,35.5
3857260,2022-11-30,Group Stage,Saudi Arabia,1,14,39,Mexico,5573,Héctor Alfredo Moreno Herrera,5567,Edson Omar Álvarez Velázquez,Complete,23.747421,32.6,33.8,34.1,57.5
3857260,2022-11-30,Group Stage,Saudi Arabia,1,14,43,Mexico,5567,Edson Omar Álvarez Velázquez,26368,César Jasib Montes Castro,Complete,13.805072,38.3,61.1,36.6,74.8
3857260,2022-11-30,Group Stage,Saudi Arabia,1,14,44,Mexico,26368,César Jasib Montes Castro,26406,Jorge Eduardo Sánchez Ramos,Complete,20.789421,36.6,74.8,57.2,77.6
3857260,2022-11-30,Group Stage,Saudi Arabia,1,14,47,Mexico,26406,Jorge Eduardo Sánchez Ramos,5571,Hirving Rodrigo Lozano Bahena,Complete,33.373642,61.0,77.6,94.2,74.2
3857260,2022-11-30,Group Stage,Saudi Arabia,1,17,21,Mexico,5571,Hirving Rodrigo Lozano Bahena,5573,Héctor Alfredo Moreno Herrera,Complete,21.539034,37.0,60.3,29.8,40.0
3857260,2022-11-30,Group Stage,Saudi Arabia,1,17,24,Mexico,5573,Héctor Alfredo Moreno Herrera,5577,Francisco Guillermo Ochoa Magaña,Complete,21.780037,29.3,42.5,8.2,47.9
3857260,2022-11-30,Group Stage,Saudi Arabia,1,17,27,Mexico,5577,Francisco Guillermo Ochoa Magaña,,,Incomplete,60.913464,9.2,50.0,65.1,74.2
3857260,2022-11-30,Group Stage,Saudi Arabia,1,17,43,Mexico,26406,Jorge Eduardo Sánchez Ramos,26368,César Jasib Montes Castro,Complete,14.80608,29.8,80.0,16.7,73.1
3857260,2022-11-30,Group Stage,Saudi Arabia,1,17,46,Mexico,26368,César Jasib Montes Castro,5567,Edson Omar Álvarez Velázquez,Complete,27.12287,16.1,69.3,21.4,42.7
3857260,2022-11-30,Group Stage,Saudi Arabia,1,17,51,Mexico,5567,Edson Omar Álvarez Velázquez,5573,Héctor Alfredo Moreno Herrera,Complete,25.709532,35.3,37.8,36.0,12.1
3857260,2022-11-30,Group Stage,Saudi Arabia,1,17,53,Mexico,5573,Héctor Alfredo Moreno Herrera,5577,Francisco Guillermo Ochoa Magaña,Complete,30.653711,34.1,14.9,11.4,35.5
3857260,2022-11-30,Group Stage,Saudi Arabia,1,17,56,Mexico,5577,Francisco Guillermo Ochoa Magaña,26368,César Jasib Montes Castro,Complete,27.98303,12.4,36.7,26.1,61.1
3857260,2022-11-30,Group Stage,Saudi Arabia,1,18,2,Mexico,26368,César Jasib Montes Castro,5577,Francisco Guillermo Ochoa Magaña,Complete,21.555742,35.3,66.7,25.7,47.4
3857260,2022-11-30,Group Stage,Saudi Arabia,1,18,5,Mexico,5577,Francisco Guillermo Ochoa Magaña,5573,Héctor Alfredo Moreno Herrera,Complete,17.585505,26.6,45.1,33.2,28.8
3857260,2022-11-30,Group Stage,Saudi Arabia,1,18,9,Mexico,5573,Héctor Alfredo Moreno Herrera,,,Incomplete,72.40511,39.2,24.3,111.5,28.2
3857260,2022-11-30,Group Stage,Saudi Arabia,1,18,34,Mexico,5576,Jesús Daniel Gallardo Vasconcelos,5573,Héctor Alfredo Moreno Herrera,Complete,28.908304,81.3,0.1,55.0,12.1
3857260,2022-11-30,Group Stage,Saudi Arabia,1,18,39,Mexico,5573,Héctor Alfredo Moreno Herrera,26368,César Jasib Montes Castro,Complete,25.830408,56.3,19.8,45.8,43.4
3857260,2022-11-30,Group Stage,Saudi Arabia,1,18,41,Mexico,26368,César Jasib Montes Castro,5567,Edson Omar Álvarez Velázquez,Complete,26.1811,45.8,44.9,52.9,70.1
3857260,2022-11-30,Group Stage,Saudi Arabia,1,18,47,Mexico,5567,Edson Omar Álvarez Velázquez,26280,Orbelín Pineda Alvarado,Complete,14.227438,67.8,71.4,65.9,57.3
3857260,2022-11-30,Group Stage,Saudi Arabia,1,18,49,Mexico,26280,Orbelín Pineda Alvarado,26368,César Jasib Montes Castro,Complete,18.410051,63.4,57.7,45.6,53.0
3857260,2022-11-30,Group Stage,Saudi Arabia,1,18,51,Mexico,26368,César Jasib Montes Castro,5577,Francisco Guillermo Ochoa Magaña,Complete,26.631748,43.7,50.4,17.8,44.2
3857260,2022-11-30,Group Stage,Saudi Arabia,1,18,54,Mexico,5577,Francisco Guillermo Ochoa Magaña,5573,Héctor Alfredo Moreno Herrera,Complete,20.934422,19.1,42.1,35.1,28.6
3857260,2022-11-30,Group Stage,Saudi Arabia,1,18,59,Mexico,5573,Héctor Alfredo Moreno Herrera,26368,César Jasib Montes Castro,Complete,21.162466,40.0,28.2,32.8,48.1
3857260,2022-11-30,Group Stage,Saudi Arabia,1,19,1,Mexico,26368,César Jasib Montes Castro,5567,Edson Omar Álvarez Velázquez,Complete,20.554804,33.2,49.4,34.7,69.9
3857260,2022-11-30,Group Stage,Saudi Arabia,1,19,5,Mexico,5567,Edson Omar Álvarez Velázquez,26368,César Jasib Montes Castro,Complete,19.864038,34.3,75.7,29.6,56.4
3857260,2022-11-30,Group Stage,Saudi Arabia,1,19,11,Mexico,26368,César Jasib Montes Castro,5576,Jesús Daniel Gallardo Vasconcelos,Complete,62.741535,47.5,46.8,94.2,4.9
3857260,2022-11-30,Group Stage,Saudi Arabia,1,19,16,Mexico,5576,Jesús Daniel Gallardo Vasconcelos,26280,Orbelín Pineda Alvarado,Complete,13.023056,94.8,7.0,92.4,19.8
3857260,2022-11-30,Group Stage,Saudi Arabia,1,19,17,Mexico,26280,Orbelín Pineda Alvarado,5576,Jesús Daniel Gallardo Vasconcelos,Incomplete,3.1622777,92.4,19.8,95.4,18.8
3857260,2022-11-30,Group Stage,Saudi Arabia,1,19,29,Mexico,5576,Jesús Daniel Gallardo Vasconcelos,5573,Héctor Alfredo Moreno Herrera,Complete,23.333452,88.2,0.1,65.5,5.5
3857260,2022-11-30,Group Stage,Saudi Arabia,1,19,35,Mexico,5573,Héctor Alfredo Moreno Herrera,28825,Luis Gerardo Chávez Magallón,Complete,13.805072,74.7,11.7,61.4,15.4
3857260,2022-11-30,Group Stage,Saudi Arabia,1,19,37,Mexico,28825,Luis Gerardo Chávez Magallón,5567,Edson Omar Álvarez Velázquez,Complete,17.7,63.1,17.5,63.1,35.2
3857260,2022-11-30,Group Stage,Saudi Arabia,1,19,41,Mexico,5567,Edson Omar Álvarez Velázquez,26406,Jorge Eduardo Sánchez Ramos,Out,54.449333,67.2,45.3,120.0,58.6
3857260,2022-11-30,Group Stage,Saudi Arabia,1,20,57,Mexico,5577,Francisco Guillermo Ochoa Magaña,26368,César Jasib Montes Castro,Complete,4.472136,7.0,44.1,6.2,48.5
3857260,2022-11-30,Group Stage,Saudi Arabia,1,21,1,Mexico,26368,César Jasib Montes Castro,5567,Edson Omar Álvarez Velázquez,Complete,15.524175,9.0,50.0,23.4,44.2
3857260,2022-11-30,Group Stage,Saudi Arabia,1,21,9,Mexico,5567,Edson Omar Álvarez Velázquez,26368,César Jasib Montes Castro,Complete,18.796808,40.7,53.2,34.1,70.8
3857260,2022-11-30,Group Stage,Saudi Arabia,1,21,15,Mexico,26368,César Jasib Montes Castro,5577,Francisco Guillermo Ochoa Magaña,Complete,31.007418,40.7,68.8,24.6,42.3
3857260,2022-11-30,Group Stage,Saudi Arabia,1,21,19,Mexico,5577,Francisco Guillermo Ochoa Magaña,26368,César Jasib Montes Castro,Complete,24.909838,25.5,44.4,36.6,66.7
3857260,2022-11-30,Group Stage,Saudi Arabia,1,21,22,Mexico,26368,César Jasib Montes Castro,5573,Héctor Alfredo Moreno Herrera,Complete,21.303755,35.3,69.7,33.2,48.5
3857260,2022-11-30,Group Stage,Saudi Arabia,1,21,27,Mexico,5573,Héctor Alfredo Moreno Herrera,26368,César Jasib Montes Castro,Complete,27.80018,42.4,42.5,47.1,69.9
3857260,2022-11-30,Group Stage,Saudi Arabia,1,21,33,Mexico,26368,César Jasib Montes Castro,26280,Orbelín Pineda Alvarado,Complete,14.590751,70.6,74.2,83.9,68.2
3857260,2022-11-30,Group Stage,Saudi Arabia,1,21,55,Mexico,5567,Edson Omar Álvarez Velázquez,,,Incomplete,2.4,25.9,78.7,28.3,78.7
3857260,2022-11-30,Group Stage,Saudi Arabia,1,21,59,Mexico,5573,Héctor Alfredo Moreno Herrera,26301,Ernesto Alexis Vega Rojas,Complete,26.67452,36.6,46.2,57.4,29.5
3857260,2022-11-30,Group Stage,Saudi Arabia,1,22,2,Mexico,26301,Ernesto Alexis Vega Rojas,5576,Jesús Daniel Gallardo Vasconcelos,Complete,39.465553,55.0,26.0,89.7,7.2
3857260,2022-11-30,Group Stage,Saudi Arabia,1,22,5,Mexico,5576,Jesús Daniel Gallardo Vasconcelos,5571,Hirving Rodrigo Lozano Bahena,Complete,69.134796,89.7,7.2,110.6,73.1
3857260,2022-11-30,Group Stage,Saudi Arabia,1,22,12,Mexico,5571,Hirving Rodrigo Lozano Bahena,,,Incomplete,11.768602,117.9,64.3,113.0,53.6
3857260,2022-11-30,Group Stage,Saudi Arabia,1,22,16,Mexico,26280,Orbelín Pineda Alvarado,,,Incomplete,21.898401,105.7,56.0,113.4,35.5
3857260,2022-11-30,Group Stage,Saudi Arabia,1,22,45,Mexico,5577,Francisco Guillermo Ochoa Magaña,26368,César Jasib Montes Castro,Complete,18.2,14.4,51.5,32.6,51.5
3857260,2022-11-30,Group Stage,Saudi Arabia,1,22,47,Mexico,26368,César Jasib Montes Castro,5567,Edson Omar Álvarez Velázquez,Complete,12.621015,33.0,52.4,40.7,62.4
3857260,2022-11-30,Group Stage,Saudi Arabia,1,22,52,Mexico,5567,Edson Omar Álvarez Velázquez,,,Incomplete,68.59366,48.0,71.8,115.5,59.6
3857260,2022-11-30,Group Stage,Saudi Arabia,1,23,12,Mexico,5576,Jesús Daniel Gallardo Vasconcelos,,,Incomplete,29.64203,49.7,4.0,71.3,24.3
3857260,2022-11-30,Group Stage,Saudi Arabia,1,23,31,Mexico,5576,Jesús Daniel Gallardo Vasconcelos,5573,Héctor Alfredo Moreno Herrera,Complete,16.62077,27.8,0.1,13.7,8.9
3857260,2022-11-30,Group Stage,Saudi Arabia,1,23,34,Mexico,5573,Héctor Alfredo Moreno Herrera,26368,César Jasib Montes Castro,Complete,30.427784,17.8,11.5,16.5,41.9
3857260,2022-11-30,Group Stage,Saudi Arabia,1,23,39,Mexico,26368,César Jasib Montes Castro,5573,Héctor Alfredo Moreno Herrera,Complete,23.771622,21.9,52.1,30.4,29.9
3857260,2022-11-30,Group Stage,Saudi Arabia,1,23,42,Mexico,5573,Héctor Alfredo Moreno Herrera,26280,Orbelín Pineda Alvarado,Complete,21.965883,37.0,21.8,58.9,20.1
3857260,2022-11-30,Group Stage,Saudi Arabia,1,23,48,Mexico,26280,Orbelín Pineda Alvarado,5576,Jesús Daniel Gallardo Vasconcelos,Complete,12.0,82.0,3.4,70.0,3.4
3857260,2022-11-30,Group Stage,Saudi Arabia,1,23,50,Mexico,5576,Jesús Daniel Gallardo Vasconcelos,26301,Ernesto Alexis Vega Rojas,Complete,10.2,69.8,4.0,80.0,4.0
3857260,2022-11-30,Group Stage,Saudi Arabia,1,23,51,Mexico,26301,Ernesto Alexis Vega Rojas,28825,Luis Gerardo Chávez Magallón,Complete,14.761098,80.0,4.0,68.3,13.0
3857260,2022-11-30,Group Stage,Saudi Arabia,1,23,53,Mexico,28825,Luis Gerardo Chávez Magallón,26280,Orbelín Pineda Alvarado,Complete,10.944405,70.8,14.3,74.5,24.6
3857260,2022-11-30,Group Stage,Saudi Arabia,1,24,2,Mexico,5573,Héctor Alfredo Moreno Herrera,5567,Edson Omar Álvarez Velázquez,Complete,24.416798,64.0,26.9,56.7,50.2
3857260,2022-11-30,Group Stage,Saudi Arabia,1,24,6,Mexico,5567,Edson Omar Álvarez Velázquez,26368,César Jasib Montes Castro,Complete,14.669697,56.9,51.9,50.5,38.7
3857260,2022-11-30,Group Stage,Saudi Arabia,1,24,7,Mexico,26368,César Jasib Montes Castro,5573,Héctor Alfredo Moreno Herrera,Complete,11.706836,50.5,37.4,57.2,27.8
3857260,2022-11-30,Group Stage,Saudi Arabia,1,24,10,Mexico,5573,Héctor Alfredo Moreno Herrera,26301,Ernesto Alexis Vega Rojas,Complete,15.411684,60.1,24.3,75.5,23.7
3857260,2022-11-30,Group Stage,Saudi Arabia,1,24,12,Mexico,26301,Ernesto Alexis Vega Rojas,28825,Luis Gerardo Chávez Magallón,Complete,13.345411,68.5,23.7,60.8,34.6
3857260,2022-11-30,Group Stage,Saudi Arabia,1,24,14,Mexico,28825,Luis Gerardo Chávez Magallón,26406,Jorge Eduardo Sánchez Ramos,Complete,42.048187,63.1,37.4,99.7,58.1
3857260,2022-11-30,Group Stage,Saudi Arabia,1,24,23,Mexico,5571,Hirving Rodrigo Lozano Bahena,26400,Henry Josué Martín Mex,Complete,23.80084,113.2,77.4,113.4,53.6
3857260,2022-11-30,Group Stage,Saudi Arabia,1,24,26,Mexico,26400,Henry Josué Martín Mex,26406,Jorge Eduardo Sánchez Ramos,Complete,4.5,109.3,56.0,106.6,52.4
3857260,2022-11-30,Group Stage,Saudi Arabia,1,24,50,Mexico,5567,Edson Omar Álvarez Velázquez,,,Incomplete,26.790483,51.2,61.8,77.9,59.6
3857260,2022-11-30,Group Stage,Saudi Arabia,1,25,38,Mexico,5571,Hirving Rodrigo Lozano Bahena,26368,César Jasib Montes Castro,Complete,14.657763,16.9,77.6,7.1,66.7
3857260,2022-11-30,Group Stage,Saudi Arabia,1,25,39,Mexico,26368,César Jasib Montes Castro,,,Out,46.561142,7.5,66.3,52.0,80.0
3857260,2022-11-30,Group Stage,Saudi Arabia,1,26,8,Mexico,26368,César Jasib Montes Castro,,,Incomplete,40.132904,51.6,38.0,89.5,24.8
3857260,2022-11-30,Group Stage,Saudi Arabia,1,26,12,Mexico,28825,Luis Gerardo Chávez Magallón,26280,Orbelín Pineda Alvarado,Complete,9.323626,76.4,32.7,83.7,26.9
3857260,2022-11-30,Group Stage,Saudi Arabia,1,26,14,Mexico,26280,Orbelín Pineda Alvarado,26301,Ernesto Alexis Vega Rojas,Complete,17.495142,86.5,23.1,89.7,5.9
3857260,2022-11-30,Group Stage,Saudi Arabia,1,26,17,Mexico,26301,Ernesto Alexis Vega Rojas,28825,Luis Gerardo Chávez Magallón,Complete,22.43212,89.7,8.7,81.3,29.5
3857260,2022-11-30,Group Stage,Saudi Arabia,1,26,19,Mexico,28825,Luis Gerardo Chávez Magallón,5571,Hirving Rodrigo Lozano Bahena,Complete,45.44007,81.8,31.6,94.6,75.2
3857260,2022-11-30,Group Stage,Saudi Arabia,1,26,24,Mexico,5571,Hirving Rodrigo Lozano Bahena,26280,Orbelín Pineda Alvarado,Complete,42.240383,103.8,75.0,115.8,34.5
3857260,2022-11-30,Group Stage,Saudi Arabia,1,27,2,Mexico,5576,Jesús Daniel Gallardo Vasconcelos,26280,Orbelín Pineda Alvarado,Complete,19.845654,102.5,0.1,104.9,19.8
3857260,2022-11-30,Group Stage,Saudi Arabia,1,27,5,Mexico,26280,Orbelín Pineda Alvarado,5576,Jesús Daniel Gallardo Vasconcelos,Complete,7.3756356,106.1,9.2,111.7,4.4
3857260,2022-11-30,Group Stage,Saudi Arabia,1,27,6,Mexico,5576,Jesús Daniel Gallardo Vasconcelos,,,Incomplete,4.3,111.7,4.4,111.7,8.7
3857260,2022-11-30,Group Stage,Saudi Arabia,1,27,11,Mexico,5576,Jesús Daniel Gallardo Vasconcelos,26301,Ernesto Alexis Vega Rojas,Complete,17.734148,111.1,0.1,94.6,6.6
3857260,2022-11-30,Group Stage,Saudi Arabia,1,27,14,Mexico,26301,Ernesto Alexis Vega Rojas,26368,César Jasib Montes Castro,Complete,29.192465,85.4,11.1,70.0,35.9
3857260,2022-11-30,Group Stage,Saudi Arabia,1,27,18,Mexico,26368,César Jasib Montes Castro,5576,Jesús Daniel Gallardo Vasconcelos,Complete,41.70048,77.3,41.7,99.5,6.4
3857260,2022-11-30,Group Stage,Saudi Arabia,1,27,24,Mexico,5576,Jesús Daniel Gallardo Vasconcelos,,,Incomplete,38.240425,98.2,10.9,117.0,44.2
3857260,2022-11-30,Group Stage,Saudi Arabia,1,28,9,Mexico,5573,Héctor Alfredo Moreno Herrera,26368,César Jasib Montes Castro,Complete,12.366487,57.4,21.1,51.2,31.8
3857260,2022-11-30,Group Stage,Saudi Arabia,1,28,11,Mexico,26368,César Jasib Montes Castro,5567,Edson Omar Álvarez Velázquez,Complete,18.809572,50.3,31.8,49.7,50.6
3857260,2022-11-30,Group Stage,Saudi Arabia,1,28,13,Mexico,5567,Edson Omar Álvarez Velázquez,26406,Jorge Eduardo Sánchez Ramos,Out,68.32313,51.8,57.7,120.0,61.8
3857260,2022-11-30,Group Stage,Saudi Arabia,1,29,35,Mexico,5577,Francisco Guillermo Ochoa Magaña,26368,César Jasib Montes Castro,Complete,27.596014,10.3,32.3,18.0,58.8
3857260,2022-11-30,Group Stage,Saudi Arabia,1,29,38,Mexico,26368,César Jasib Montes Castro,5577,Francisco Guillermo Ochoa Magaña,Complete,21.731314,20.1,59.6,9.2,40.8
3857260,2022-11-30,Group Stage,Saudi Arabia,1,29,41,Mexico,5577,Francisco Guillermo Ochoa Magaña,28825,Luis Gerardo Chávez Magallón,Complete,11.013628,12.0,40.0,22.3,36.1
3857260,2022-11-30,Group Stage,Saudi Arabia,1,29,47,Mexico,28825,Luis Gerardo Chávez Magallón,26301,Ernesto Alexis Vega Rojas,Complete,22.204954,43.5,22.2,64.4,14.7
3857260,2022-11-30,Group Stage,Saudi Arabia,1,30,12,Mexico,26280,Orbelín Pineda Alvarado,5571,Hirving Rodrigo Lozano Bahena,Complete,19.432962,63.8,25.2,83.0,28.2
3857260,2022-11-30,Group Stage,Saudi Arabia,1,31,43,Mexico,5576,Jesús Daniel Gallardo Vasconcelos,5567,Edson Omar Álvarez Velázquez,Complete,6.8264194,28.3,4.0,31.9,9.8
3857260,2022-11-30,Group Stage,Saudi Arabia,1,31,43,Mexico,5567,Edson Omar Álvarez Velázquez,26280,Orbelín Pineda Alvarado,Incomplete,7.4632435,31.9,9.8,39.0,12.1
3857260,2022-11-30,Group Stage,Saudi Arabia,1,32,14,Mexico,5573,Héctor Alfredo Moreno Herrera,26368,César Jasib Montes Castro,Complete,18.885445,69.3,16.0,57.2,30.5
3857260,2022-11-30,Group Stage,Saudi Arabia,1,32,16,Mexico,26368,César Jasib Montes Castro,26406,Jorge Eduardo Sánchez Ramos,Complete,51.77577,55.4,35.0,82.2,79.3
3857260,2022-11-30,Group Stage,Saudi Arabia,1,32,42,Mexico,26406,Jorge Eduardo Sánchez Ramos,5573,Héctor Alfredo Moreno Herrera,Complete,36.76792,56.9,80.0,41.1,46.8
3857260,2022-11-30,Group Stage,Saudi Arabia,1,32,49,Mexico,5573,Héctor Alfredo Moreno Herrera,26368,César Jasib Montes Castro,Complete,23.036058,44.7,45.7,51.2,67.8
3857260,2022-11-30,Group Stage,Saudi Arabia,1,32,51,Mexico,26368,César Jasib Montes Castro,5573,Héctor Alfredo Moreno Herrera,Complete,27.108854,51.2,67.8,42.0,42.3
3857260,2022-11-30,Group Stage,Saudi Arabia,1,32,54,Mexico,5573,Héctor Alfredo Moreno Herrera,28825,Luis Gerardo Chávez Magallón,Complete,14.243595,46.0,37.8,57.2,46.6
3857260,2022-11-30,Group Stage,Saudi Arabia,1,32,58,Mexico,28825,Luis Gerardo Chávez Magallón,5573,Héctor Alfredo Moreno Herrera,Complete,9.296236,56.3,36.7,48.4,31.8
3857260,2022-11-30,Group Stage,Saudi Arabia,1,33,0,Mexico,5573,Héctor Alfredo Moreno Herrera,26368,César Jasib Montes Castro,Complete,30.948343,50.7,31.6,56.5,62.0
3857260,2022-11-30,Group Stage,Saudi Arabia,1,33,3,Mexico,26368,César Jasib Montes Castro,26406,Jorge Eduardo Sánchez Ramos,Complete,17.536247,62.5,66.3,74.9,78.7
3857260,2022-11-30,Group Stage,Saudi Arabia,1,33,6,Mexico,26406,Jorge Eduardo Sánchez Ramos,26368,César Jasib Montes Castro,Complete,12.020815,75.5,78.7,64.0,75.2
3857260,2022-11-30,Group Stage,Saudi Arabia,1,33,8,Mexico,26368,César Jasib Montes Castro,5571,Hirving Rodrigo Lozano Bahena,Complete,13.193938,63.6,74.4,76.4,71.2
3857260,2022-11-30,Group Stage,Saudi Arabia,1,33,13,Mexico,5571,Hirving Rodrigo Lozano Bahena,5567,Edson Omar Álvarez Velázquez,Complete,7.3109508,82.0,69.3,76.4,64.6
3857260,2022-11-30,Group Stage,Saudi Arabia,1,33,14,Mexico,5567,Edson Omar Álvarez Velázquez,28825,Luis Gerardo Chávez Magallón,Complete,12.175796,77.3,63.3,73.6,51.7
3857260,2022-11-30,Group Stage,Saudi Arabia,1,33,16,Mexico,28825,Luis Gerardo Chávez Magallón,26280,Orbelín Pineda Alvarado,Complete,17.867569,73.4,50.4,79.2,33.5
3857260,2022-11-30,Group Stage,Saudi Arabia,1,33,21,Mexico,5576,Jesús Daniel Gallardo Vasconcelos,28825,Luis Gerardo Chávez Magallón,Complete,11.328283,79.8,22.6,78.1,33.8
3857260,2022-11-30,Group Stage,Saudi Arabia,1,34,9,Mexico,28825,Luis Gerardo Chávez Magallón,26368,César Jasib Montes Castro,Incomplete,33.991177,81.3,31.0,111.5,46.6
3857260,2022-11-30,Group Stage,Saudi Arabia,1,35,6,Mexico,26301,Ernesto Alexis Vega Rojas,5576,Jesús Daniel Gallardo Vasconcelos,Complete,39.001667,120.0,80.0,106.8,43.3
3857260,2022-11-30,Group Stage,Saudi Arabia,1,36,56,Mexico,5573,Héctor Alfredo Moreno Herrera,26301,Ernesto Alexis Vega Rojas,Complete,9.76166,47.5,10.6,53.5,2.9
3857260,2022-11-30,Group Stage,Saudi Arabia,1,36,58,Mexico,26301,Ernesto Alexis Vega Rojas,26280,Orbelín Pineda Alvarado,Complete,15.028307,53.5,2.9,57.8,17.3
3857260,2022-11-30,Group Stage,Saudi Arabia,1,37,0,Mexico,26280,Orbelín Pineda Alvarado,28825,Luis Gerardo Chávez Magallón,Complete,7.378347,57.8,17.3,51.6,21.3
3857260,2022-11-30,Group Stage,Saudi Arabia,1,37,2,Mexico,28825,Luis Gerardo Chávez Magallón,26406,Jorge Eduardo Sánchez Ramos,Complete,19.175505,62.9,30.3,64.6,49.4
3857260,2022-11-30,Group Stage,Saudi Arabia,1,37,5,Mexico,26406,Jorge Eduardo Sánchez Ramos,5571,Hirving Rodrigo Lozano Bahena,Complete,23.90021,77.7,58.8,94.6,75.7
3857260,2022-11-30,Group Stage,Saudi Arabia,1,37,8,Mexico,5571,Hirving Rodrigo Lozano Bahena,26406,Jorge Eduardo Sánchez Ramos,Incomplete,8.768124,99.3,74.6,105.5,68.4
3857260,2022-11-30,Group Stage,Saudi Arabia,1,38,6,Mexico,28825,Luis Gerardo Chávez Magallón,5571,Hirving Rodrigo Lozano Bahena,Out,35.98055,14.4,49.2,33.0,80.0
3857260,2022-11-30,Group Stage,Saudi Arabia,1,38,42,Mexico,28825,Luis Gerardo Chávez Magallón,,,Incomplete,68.35737,18.7,55.1,83.0,31.9
3857260,2022-11-30,Group Stage,Saudi Arabia,1,38,54,Mexico,26301,Ernesto Alexis Vega Rojas,,,Incomplete,71.83342,49.5,26.5,114.3,57.5
3857260,2022-11-30,Group Stage,Saudi Arabia,1,39,13,Mexico,28825,Luis Gerardo Chávez Magallón,26400,Henry Josué Martín Mex,Complete,7.467262,64.6,12.6,67.2,19.6
3857260,2022-11-30,Group Stage,Saudi Arabia,1,39,16,Mexico,26400,Henry Josué Martín Mex,5567,Edson Omar Álvarez Velázquez,Complete,9.433981,67.0,29.0,63.6,37.8
3857260,2022-11-30,Group Stage,Saudi Arabia,1,39,23,Mexico,5567,Edson Omar Álvarez Velázquez,26368,César Jasib Montes Castro,Complete,11.410959,51.8,51.1,43.2,43.6
3857260,2022-11-30,Group Stage,Saudi Arabia,1,39,25,Mexico,26368,César Jasib Montes Castro,5573,Héctor Alfredo Moreno Herrera,Complete,13.536617,42.0,41.2,45.0,28.0
3857260,2022-11-30,Group Stage,Saudi Arabia,1,39,27,Mexico,5573,Héctor Alfredo Moreno Herrera,26368,César Jasib Montes Castro,Complete,15.610893,45.0,28.0,38.3,42.1
3857260,2022-11-30,Group Stage,Saudi Arabia,1,39,29,Mexico,26368,César Jasib Montes Castro,5567,Edson Omar Álvarez Velázquez,Complete,24.35775,38.3,43.6,43.0,67.5
3857260,2022-11-30,Group Stage,Saudi Arabia,1,39,31,Mexico,5567,Edson Omar Álvarez Velázquez,26368,César Jasib Montes Castro,Complete,24.266232,41.5,70.5,37.3,46.6
3857260,2022-11-30,Group Stage,Saudi Arabia,1,39,35,Mexico,26368,César Jasib Montes Castro,5573,Héctor Alfredo Moreno Herrera,Complete,22.627417,45.6,38.0,48.8,15.6
3857260,2022-11-30,Group Stage,Saudi Arabia,1,39,39,Mexico,5573,Héctor Alfredo Moreno Herrera,26368,César Jasib Montes Castro,Complete,10.840664,50.9,13.2,44.3,21.8
3857260,2022-11-30,Group Stage,Saudi Arabia,1,39,42,Mexico,26368,César Jasib Montes Castro,5567,Edson Omar Álvarez Velázquez,Complete,43.68398,43.2,25.8,50.9,68.8
3857260,2022-11-30,Group Stage,Saudi Arabia,1,39,47,Mexico,5567,Edson Omar Álvarez Velázquez,5571,Hirving Rodrigo Lozano Bahena,Complete,12.41934,65.7,73.1,68.9,61.1
3857260,2022-11-30,Group Stage,Saudi Arabia,1,40,32,Mexico,26301,Ernesto Alexis Vega Rojas,28825,Luis Gerardo Chávez Magallón,Complete,9.81835,77.7,71.2,87.5,71.8
3857260,2022-11-30,Group Stage,Saudi Arabia,1,40,33,Mexico,28825,Luis Gerardo Chávez Magallón,5571,Hirving Rodrigo Lozano Bahena,Complete,13.787676,87.5,71.8,100.6,76.1
3857260,2022-11-30,Group Stage,Saudi Arabia,1,40,37,Mexico,5571,Hirving Rodrigo Lozano Bahena,26280,Orbelín Pineda Alvarado,Complete,10.031949,104.4,62.2,100.4,53.0
3857260,2022-11-30,Group Stage,Saudi Arabia,1,41,6,Mexico,28825,Luis Gerardo Chávez Magallón,,,Incomplete,36.47794,120.0,0.1,113.0,35.9
3857260,2022-11-30,Group Stage,Saudi Arabia,1,41,11,Mexico,5576,Jesús Daniel Gallardo Vasconcelos,5577,Francisco Guillermo Ochoa Magaña,Complete,47.59254,75.3,28.6,30.2,43.8
3857260,2022-11-30,Group Stage,Saudi Arabia,1,41,16,Mexico,5577,Francisco Guillermo Ochoa Magaña,5576,Jesús Daniel Gallardo Vasconcelos,Complete,33.44563,32.3,43.2,45.8,12.6
3857260,2022-11-30,Group Stage,Saudi Arabia,1,41,22,Mexico,5576,Jesús Daniel Gallardo Vasconcelos,5577,Francisco Guillermo Ochoa Magaña,Complete,39.537956,51.6,9.4,30.6,42.9
3857260,2022-11-30,Group Stage,Saudi Arabia,1,41,26,Mexico,5577,Francisco Guillermo Ochoa Magaña,26368,César Jasib Montes Castro,Complete,13.0667515,31.7,45.9,39.2,56.6
3857260,2022-11-30,Group Stage,Saudi Arabia,1,41,31,Mexico,26368,César Jasib Montes Castro,5573,Héctor Alfredo Moreno Herrera,Complete,33.81198,47.1,56.2,48.0,22.4
3857260,2022-11-30,Group Stage,Saudi Arabia,1,41,36,Mexico,5573,Héctor Alfredo Moreno Herrera,5567,Edson Omar Álvarez Velázquez,Complete,18.626057,52.2,25.2,58.0,42.9
3857260,2022-11-30,Group Stage,Saudi Arabia,1,41,38,Mexico,5567,Edson Omar Álvarez Velázquez,5577,Francisco Guillermo Ochoa Magaña,Complete,34.969273,57.4,40.4,22.5,38.2
3857260,2022-11-30,Group Stage,Saudi Arabia,1,41,42,Mexico,5577,Francisco Guillermo Ochoa Magaña,26368,César Jasib Montes Castro,Complete,16.162302,25.3,40.8,33.2,54.9
3857260,2022-11-30,Group Stage,Saudi Arabia,1,41,45,Mexico,26368,César Jasib Montes Castro,26406,Jorge Eduardo Sánchez Ramos,Complete,23.342022,33.0,57.5,45.2,77.4
3857260,2022-11-30,Group Stage,Saudi Arabia,1,41,48,Mexico,26406,Jorge Eduardo Sánchez Ramos,5567,Edson Omar Álvarez Velázquez,Complete,11.493477,42.4,76.3,44.5,65.0
3857260,2022-11-30,Group Stage,Saudi Arabia,1,41,51,Mexico,5567,Edson Omar Álvarez Velázquez,26406,Jorge Eduardo Sánchez Ramos,Complete,20.348219,53.1,59.0,68.5,72.3
3857260,2022-11-30,Group Stage,Saudi Arabia,1,41,52,Mexico,26406,Jorge Eduardo Sánchez Ramos,26280,Orbelín Pineda Alvarado,Complete,10.394711,68.9,72.0,76.2,64.6
3857260,2022-11-30,Group Stage,Saudi Arabia,1,41,57,Mexico,26406,Jorge Eduardo Sánchez Ramos,5571,Hirving Rodrigo Lozano Bahena,Incomplete,7.641989,93.7,62.6,98.9,68.2
3857260,2022-11-30,Group Stage,Saudi Arabia,1,42,43,Mexico,28825,Luis Gerardo Chávez Magallón,26406,Jorge Eduardo Sánchez Ramos,Out,11.768602,14.5,72.3,23.4,80.0
3857260,2022-11-30,Group Stage,Saudi Arabia,1,42,57,Mexico,26301,Ernesto Alexis Vega Rojas,,,Unknown,32.570694,24.2,51.5,52.9,36.1
3857260,2022-11-30,Group Stage,Saudi Arabia,1,43,37,Mexico,5576,Jesús Daniel Gallardo Vasconcelos,5577,Francisco Guillermo Ochoa Magaña,Complete,15.402922,21.4,33.1,7.3,39.3
3857260,2022-11-30,Group Stage,Saudi Arabia,1,43,39,Mexico,5577,Francisco Guillermo Ochoa Magaña,5576,Jesús Daniel Gallardo Vasconcelos,Complete,33.118576,10.5,37.6,28.5,9.8
3857260,2022-11-30,Group Stage,Saudi Arabia,1,43,43,Mexico,5576,Jesús Daniel Gallardo Vasconcelos,26301,Ernesto Alexis Vega Rojas,Complete,17.62555,34.9,3.8,52.4,5.9
3857260,2022-11-30,Group Stage,Saudi Arabia,1,43,51,Mexico,26301,Ernesto Alexis Vega Rojas,28825,Luis Gerardo Chávez Magallón,Complete,5.60803,53.3,3.6,49.0,7.2
3857260,2022-11-30,Group Stage,Saudi Arabia,1,43,53,Mexico,28825,Luis Gerardo Chávez Magallón,5571,Hirving Rodrigo Lozano Bahena,Complete,75.14094,50.5,8.3,87.5,73.7
3857260,2022-11-30,Group Stage,Saudi Arabia,1,44,1,Mexico,5571,Hirving Rodrigo Lozano Bahena,26280,Orbelín Pineda Alvarado,Complete,7.0859013,94.8,61.1,95.9,54.1
3857260,2022-11-30,Group Stage,Saudi Arabia,1,44,1,Mexico,26280,Orbelín Pineda Alvarado,5571,Hirving Rodrigo Lozano Bahena,Incomplete,7.28011,96.1,53.9,101.9,58.3
3857260,2022-11-30,Group Stage,Saudi Arabia,1,44,4,Mexico,26400,Henry Josué Martín Mex,26301,Ernesto Alexis Vega Rojas,Complete,17.711578,101.9,43.6,107.8,26.9
3857260,2022-11-30,Group Stage,Saudi Arabia,1,44,12,Mexico,5576,Jesús Daniel Gallardo Vasconcelos,,,Incomplete,14.003571,116.8,23.5,115.1,37.4
3857260,2022-11-30,Group Stage,Saudi Arabia,1,44,23,Mexico,26368,César Jasib Montes Castro,26400,Henry Josué Martín Mex,Pass Offside,38.536865,85.4,74.0,107.6,42.5
3857260,2022-11-30,Group Stage,Saudi Arabia,1,45,7,Mexico,5567,Edson Omar Álvarez Velázquez,,,Incomplete,23.196983,35.5,68.8,58.4,72.5
3857260,2022-11-30,Group Stage,Saudi Arabia,1,45,18,Mexico,26406,Jorge Eduardo Sánchez Ramos,26368,César Jasib Montes Castro,Complete,24.323856,56.7,80.0,33.8,71.8
3857260,2022-11-30,Group Stage,Saudi Arabia,1,45,22,Mexico,26368,César Jasib Montes Castro,28825,Luis Gerardo Chávez Magallón,Complete,14.948579,37.5,66.5,43.0,52.6
3857260,2022-11-30,Group Stage,Saudi Arabia,1,45,25,Mexico,28825,Luis Gerardo Chávez Magallón,5573,Héctor Alfredo Moreno Herrera,Complete,24.31995,43.0,50.4,38.5,26.5
3857260,2022-11-30,Group Stage,Saudi Arabia,1,45,27,Mexico,5573,Héctor Alfredo Moreno Herrera,26368,César Jasib Montes Castro,Complete,24.003334,40.0,30.1,39.6,54.1
3857260,2022-11-30,Group Stage,Saudi Arabia,1,45,31,Mexico,26368,César Jasib Montes Castro,26406,Jorge Eduardo Sánchez Ramos,Complete,19.175505,45.6,59.8,55.7,76.1
3857260,2022-11-30,Group Stage,Saudi Arabia,1,45,35,Mexico,26406,Jorge Eduardo Sánchez Ramos,26280,Orbelín Pineda Alvarado,Complete,11.921828,62.3,64.8,64.0,53.0
3857260,2022-11-30,Group Stage,Saudi Arabia,1,45,38,Mexico,26280,Orbelín Pineda Alvarado,5576,Jesús Daniel Gallardo Vasconcelos,Complete,49.718506,63.1,48.7,88.4,5.9
3857260,2022-11-30,Group Stage,Saudi Arabia,1,45,43,Mexico,5576,Jesús Daniel Gallardo Vasconcelos,26301,Ernesto Alexis Vega Rojas,Incomplete,2.1023796,93.3,14.1,94.2,16.0
3857260,2022-11-30,Group Stage,Saudi Arabia,1,45,46,Mexico,26280,Orbelín Pineda Alvarado,26400,Henry Josué Martín Mex,Incomplete,17.929306,86.5,37.2,104.0,33.3
3857260,2022-11-30,Group Stage,Saudi Arabia,1,45,50,Mexico,26280,Orbelín Pineda Alvarado,5571,Hirving Rodrigo Lozano Bahena,Complete,27.342459,81.3,53.6,94.4,77.6
3857260,2022-11-30,Group Stage,Saudi Arabia,1,45,53,Mexico,5571,Hirving Rodrigo Lozano Bahena,,,Incomplete,7.6243033,99.7,77.4,101.9,70.1
3857260,2022-11-30,Group Stage,Saudi Arabia,1,45,59,Mexico,26406,Jorge Eduardo Sánchez Ramos,5571,Hirving Rodrigo Lozano Bahena,Complete,9.176056,104.2,80.0,95.4,77.4
3857260,2022-11-30,Group Stage,Saudi Arabia,1,46,2,Mexico,5571,Hirving Rodrigo Lozano Bahena,,,Incomplete,7.902531,95.0,77.0,99.9,70.8
3857260,2022-11-30,Group Stage,Saudi Arabia,1,46,48,Mexico,5577,Francisco Guillermo Ochoa Magaña,5576,Jesús Daniel Gallardo Vasconcelos,Complete,42.898136,15.0,29.9,51.4,7.2
3857260,2022-11-30,Group Stage,Saudi Arabia,1,46,50,Mexico,5576,Jesús Daniel Gallardo Vasconcelos,26301,Ernesto Alexis Vega Rojas,Pass Offside,23.774145,51.4,7.2,74.9,3.6
3857260,2022-11-30,Group Stage,Saudi Arabia,1,47,16,Mexico,5573,Héctor Alfredo Moreno Herrera,5576,Jesús Daniel Gallardo Vasconcelos,Complete,10.131634,20.4,20.7,21.2,10.6
3857260,2022-11-30,Group Stage,Saudi Arabia,1,47,17,Mexico,5576,Jesús Daniel Gallardo Vasconcelos,,,Incomplete,41.012436,21.2,10.6,50.1,39.7
3857260,2022-11-30,Group Stage,Saudi Arabia,1,47,31,Mexico,26280,Orbelín Pineda Alvarado,5571,Hirving Rodrigo Lozano Bahena,Complete,47.98635,38.7,40.7,70.2,76.9
3857260,2022-11-30,Group Stage,Saudi Arabia,1,47,37,Mexico,5571,Hirving Rodrigo Lozano Bahena,,,Out,45.44282,93.9,75.2,120.0,38.0
3857260,2022-11-30,Group Stage,Saudi Arabia,1,48,18,Mexico,28825,Luis Gerardo Chávez Magallón,26368,César Jasib Montes Castro,Complete,9.881295,39.4,15.1,33.6,23.1
3857260,2022-11-30,Group Stage,Saudi Arabia,1,48,20,Mexico,26368,César Jasib Montes Castro,,,Incomplete,30.827423,34.1,21.1,64.9,22.4
3857260,2022-11-30,Group Stage,Saudi Arabia,1,48,24,Mexico,26406,Jorge Eduardo Sánchez Ramos,5571,Hirving Rodrigo Lozano Bahena,Complete,21.59676,43.5,54.1,63.6,46.2
3857260,2022-11-30,Group Stage,Saudi Arabia,1,48,25,Mexico,5571,Hirving Rodrigo Lozano Bahena,26280,Orbelín Pineda Alvarado,Complete,5.27731,63.6,46.2,68.3,43.8
3857260,2022-11-30,Group Stage,Saudi Arabia,1,48,38,Mexico,5576,Jesús Daniel Gallardo Vasconcelos,26301,Ernesto Alexis Vega Rojas,Incomplete,24.796976,19.9,29.5,40.7,16.0
3857260,2022-11-30,Group Stage,Saudi Arabia,1,49,15,Mexico,5577,Francisco Guillermo Ochoa Magaña,5567,Edson Omar Álvarez Velázquez,Complete,30.028154,7.0,44.1,35.8,52.6
3857260,2022-11-30,Group Stage,Saudi Arabia,1,49,23,Mexico,5567,Edson Omar Álvarez Velázquez,5573,Héctor Alfredo Moreno Herrera,Complete,27.387953,53.7,53.9,45.4,27.8
3857260,2022-11-30,Group Stage,Saudi Arabia,1,49,27,Mexico,5573,Héctor Alfredo Moreno Herrera,26368,César Jasib Montes Castro,Complete,25.03917,43.2,34.2,41.8,59.2
3857260,2022-11-30,Group Stage,Saudi Arabia,1,49,30,Mexico,26368,César Jasib Montes Castro,26280,Orbelín Pineda Alvarado,Complete,40.11546,45.6,62.8,73.0,33.5
3857260,2022-11-30,Group Stage,Saudi Arabia,1,49,35,Mexico,26280,Orbelín Pineda Alvarado,5576,Jesús Daniel Gallardo Vasconcelos,Complete,12.87012,73.4,16.2,64.4,7.0
3857260,2022-11-30,Group Stage,Saudi Arabia,1,49,38,Mexico,5576,Jesús Daniel Gallardo Vasconcelos,26301,Ernesto Alexis Vega Rojas,Complete,11.795762,68.3,9.8,80.0,11.3
3857260,2022-11-30,Group Stage,Saudi Arabia,1,49,54,Mexico,26368,César Jasib Montes Castro,,,Incomplete,17.63094,24.0,38.5,41.3,41.9
3857260,2022-11-30,Group Stage,Saudi Arabia,1,50,25,Mexico,5577,Francisco Guillermo Ochoa Magaña,5571,Hirving Rodrigo Lozano Bahena,Complete,47.055817,7.0,44.1,41.5,76.1
3857260,2022-11-30,Group Stage,Saudi Arabia,1,50,26,Mexico,5571,Hirving Rodrigo Lozano Bahena,26400,Henry Josué Martín Mex,Complete,39.167587,43.5,77.8,82.6,75.5
3857260,2022-11-30,Group Stage,Saudi Arabia,2,45,11,Mexico,5576,Jesús Daniel Gallardo Vasconcelos,26280,Orbelín Pineda Alvarado,Incomplete,15.376931,52.7,4.4,66.9,10.3
3857260,2022-11-30,Group Stage,Saudi Arabia,2,45,21,Mexico,28825,Luis Gerardo Chávez Magallón,26368,César Jasib Montes Castro,Complete,18.404346,47.5,28.4,35.1,42.0
3857260,2022-11-30,Group Stage,Saudi Arabia,2,45,22,Mexico,26368,César Jasib Montes Castro,5567,Edson Omar Álvarez Velázquez,Complete,12.548306,35.9,41.1,48.4,40.0
3857260,2022-11-30,Group Stage,Saudi Arabia,2,45,24,Mexico,5567,Edson Omar Álvarez Velázquez,15452,Carlos Uriel Antuna Romero,Incomplete,30.952383,48.8,45.4,74.6,62.5
3857260,2022-11-30,Group Stage,Saudi Arabia,2,45,33,Mexico,26406,Jorge Eduardo Sánchez Ramos,15452,Carlos Uriel Antuna Romero,Complete,12.647924,56.4,68.6,67.0,75.5
3857260,2022-11-30,Group Stage,Saudi Arabia,2,45,45,Mexico,5573,Héctor Alfredo Moreno Herrera,5571,Hirving Rodrigo Lozano Bahena,Complete,49.7001,47.9,31.8,87.6,1.9
3857260,2022-11-30,Group Stage,Saudi Arabia,2,45,53,Mexico,5571,Hirving Rodrigo Lozano Bahena,,,Incomplete,44.420715,86.2,10.2,116.8,42.4
3857260,2022-11-30,Group Stage,Saudi Arabia,2,46,2,Mexico,26406,Jorge Eduardo Sánchez Ramos,15452,Carlos Uriel Antuna Romero,Complete,11.072489,95.5,75.8,105.9,72.0
3857260,2022-11-30,Group Stage,Saudi Arabia,2,46,8,Mexico,15452,Carlos Uriel Antuna Romero,28825,Luis Gerardo Chávez Magallón,Complete,20.988092,93.1,74.5,84.4,55.4
3857260,2022-11-30,Group Stage,Saudi Arabia,2,46,50,Mexico,28825,Luis Gerardo Chávez Magallón,26368,César Jasib Montes Castro,Complete,33.713055,120.0,0.1,113.6,33.2
3857260,2022-11-30,Group Stage,Saudi Arabia,2,46,51,Mexico,26368,César Jasib Montes Castro,26400,Henry Josué Martín Mex,Complete,7.725283,113.9,33.0,116.7,40.2
3857260,2022-11-30,Group Stage,Saudi Arabia,2,49,22,Mexico,5577,Francisco Guillermo Ochoa Magaña,5571,Hirving Rodrigo Lozano Bahena,Complete,38.397526,6.0,36.0,32.9,8.6
3857260,2022-11-30,Group Stage,Saudi Arabia,2,49,24,Mexico,5571,Hirving Rodrigo Lozano Bahena,26400,Henry Josué Martín Mex,Incomplete,44.100452,46.9,4.6,90.8,8.8
3857260,2022-11-30,Group Stage,Saudi Arabia,2,49,38,Mexico,5576,Jesús Daniel Gallardo Vasconcelos,5573,Héctor Alfredo Moreno Herrera,Complete,9.62133,50.2,0.1,42.6,6.0
3857260,2022-11-30,Group Stage,Saudi Arabia,2,49,39,Mexico,5573,Héctor Alfredo Moreno Herrera,5576,Jesús Daniel Gallardo Vasconcelos,Complete,7.378347,42.6,6.4,48.8,2.4
3857260,2022-11-30,Group Stage,Saudi Arabia,2,49,41,Mexico,5576,Jesús Daniel Gallardo Vasconcelos,28825,Luis Gerardo Chávez Magallón,Complete,7.605919,49.8,4.5,53.0,11.4
3857260,2022-11-30,Group Stage,Saudi Arabia,2,50,2,Mexico,5573,Héctor Alfredo Moreno Herrera,26280,Orbelín Pineda Alvarado,Complete,14.143904,51.1,9.6,64.9,12.7
3857260,2022-11-30,Group Stage,Saudi Arabia,2,50,4,Mexico,26280,Orbelín Pineda Alvarado,5573,Héctor Alfredo Moreno Herrera,Complete,12.244999,61.3,11.3,50.8,5.0
3857260,2022-11-30,Group Stage,Saudi Arabia,2,50,6,Mexico,5573,Héctor Alfredo Moreno Herrera,5571,Hirving Rodrigo Lozano Bahena,Complete,52.604656,51.2,1.7,103.8,2.4
3857260,2022-11-30,Group Stage,Saudi Arabia,2,50,13,Mexico,5571,Hirving Rodrigo Lozano Bahena,,,Out,44.355385,97.8,8.5,120.0,46.9
3857260,2022-11-30,Group Stage,Saudi Arabia,2,53,0,Mexico,5576,Jesús Daniel Gallardo Vasconcelos,,,Incomplete,23.574774,32.9,17.9,55.8,12.3
3857260,2022-11-30,Group Stage,Saudi Arabia,2,53,27,Mexico,5567,Edson Omar Álvarez Velázquez,26280,Orbelín Pineda Alvarado,Complete,8.784646,21.9,57.1,30.0,53.7
3857260,2022-11-30,Group Stage,Saudi Arabia,2,53,28,Mexico,26280,Orbelín Pineda Alvarado,15452,Carlos Uriel Antuna Romero,Incomplete,35.426544,30.7,54.3,62.7,69.5
3857260,2022-11-30,Group Stage,Saudi Arabia,2,53,52,Mexico,5573,Héctor Alfredo Moreno Herrera,5567,Edson Omar Álvarez Velázquez,Incomplete,4.6389656,42.4,13.1,47.0,13.7
3857260,2022-11-30,Group Stage,Saudi Arabia,2,54,41,Mexico,5577,Francisco Guillermo Ochoa Magaña,26368,César Jasib Montes Castro,Complete,11.634861,6.0,36.0,6.9,47.6
3857260,2022-11-30,Group Stage,Saudi Arabia,2,54,43,Mexico,26368,César Jasib Montes Castro,,,Incomplete,104.98481,9.2,47.6,110.1,18.6
3857260,2022-11-30,Group Stage,Saudi Arabia,2,54,59,Mexico,28825,Luis Gerardo Chávez Magallón,26280,Orbelín Pineda Alvarado,Incomplete,12.12353,94.9,7.0,100.6,17.7
3857260,2022-11-30,Group Stage,Saudi Arabia,2,55,12,Mexico,5567,Edson Omar Álvarez Velázquez,5571,Hirving Rodrigo Lozano Bahena,Complete,15.084098,87.4,16.7,92.2,31.0
3857260,2022-11-30,Group Stage,Saudi Arabia,2,55,15,Mexico,5571,Hirving Rodrigo Lozano Bahena,26400,Henry Josué Martín Mex,Pass Offside,8.049845,94.1,29.6,97.7,36.8
3857260,2022-11-30,Group Stage,Saudi Arabia,2,56,12,Mexico,5573,Héctor Alfredo Moreno Herrera,,,Incomplete,34.399563,22.9,40.2,51.1,59.9
3857260,2022-11-30,Group Stage,Saudi Arabia,2,57,1,Mexico,26368,César Jasib Montes Castro,28825,Luis Gerardo Chávez Magallón,Complete,19.811613,10.2,31.0,19.1,13.3
3857260,2022-11-30,Group Stage,Saudi Arabia,2,57,2,Mexico,28825,Luis Gerardo Chávez Magallón,26280,Orbelín Pineda Alvarado,Complete,7.924645,19.1,13.1,26.9,14.5
3857260,2022-11-30,Group Stage,Saudi Arabia,2,57,3,Mexico,26280,Orbelín Pineda Alvarado,26400,Henry Josué Martín Mex,Complete,21.751781,27.8,14.6,49.3,17.9
3857260,2022-11-30,Group Stage,Saudi Arabia,2,57,22,Mexico,5573,Héctor Alfredo Moreno Herrera,5567,Edson Omar Álvarez Velázquez,Complete,29.230806,49.4,18.8,38.2,45.8
3857260,2022-11-30,Group Stage,Saudi Arabia,2,57,24,Mexico,5567,Edson Omar Álvarez Velázquez,26368,César Jasib Montes Castro,Complete,19.890953,38.2,45.8,44.4,64.7
3857260,2022-11-30,Group Stage,Saudi Arabia,2,57,27,Mexico,26368,César Jasib Montes Castro,26406,Jorge Eduardo Sánchez Ramos,Complete,14.710541,44.8,66.1,55.4,76.3
3857260,2022-11-30,Group Stage,Saudi Arabia,2,57,28,Mexico,26406,Jorge Eduardo Sánchez Ramos,26280,Orbelín Pineda Alvarado,Complete,19.937151,56.5,77.0,75.8,72.0
3857260,2022-11-30,Group Stage,Saudi Arabia,2,57,32,Mexico,26280,Orbelín Pineda Alvarado,15452,Carlos Uriel Antuna Romero,Incomplete,28.848743,78.1,72.0,103.7,58.7
3857260,2022-11-30,Group Stage,Saudi Arabia,2,58,18,Mexico,28825,Luis Gerardo Chávez Magallón,,,Incomplete,42.213978,120.0,80.0,116.9,37.9
3857260,2022-11-30,Group Stage,Saudi Arabia,2,58,54,Mexico,28825,Luis Gerardo Chávez Magallón,26400,Henry Josué Martín Mex,Complete,40.694103,120.0,0.1,112.0,40.0
3857260,2022-11-30,Group Stage,Saudi Arabia,2,59,4,Mexico,5571,Hirving Rodrigo Lozano Bahena,,,Incomplete,1.8248287,115.7,74.9,116.0,73.1
3857260,2022-11-30,Group Stage,Saudi Arabia,2,59,37,Mexico,28825,Luis Gerardo Chávez Magallón,,,Incomplete,38.524925,120.0,80.0,116.9,41.6
3857260,2022-11-30,Group Stage,Saudi Arabia,2,60,2,Mexico,5567,Edson Omar Álvarez Velázquez,15452,Carlos Uriel Antuna Romero,Complete,7.0,63.5,76.2,70.5,76.2
3857260,2022-11-30,Group Stage,Saudi Arabia,2,60,4,Mexico,15452,Carlos Uriel Antuna Romero,28825,Luis Gerardo Chávez Magallón,Complete,8.430896,70.9,75.9,74.1,68.1
3857260,2022-11-30,Group Stage,Saudi Arabia,2,60,5,Mexico,28825,Luis Gerardo Chávez Magallón,,,Incomplete,29.427877,74.1,68.1,100.3,54.7
3857260,2022-11-30,Group Stage,Saudi Arabia,2,60,13,Mexico,28825,Luis Gerardo Chávez Magallón,,,Incomplete,14.862705,74.8,45.2,79.5,31.1
3857260,2022-11-30,Group Stage,Saudi Arabia,2,60,17,Mexico,5573,Héctor Alfredo Moreno Herrera,5576,Jesús Daniel Gallardo Vasconcelos,Complete,14.831386,60.2,31.4,64.8,17.3
3857260,2022-11-30,Group Stage,Saudi Arabia,2,60,18,Mexico,5576,Jesús Daniel Gallardo Vasconcelos,,,Incomplete,22.87116,65.3,17.0,86.8,9.2
3857260,2022-11-30,Group Stage,Saudi Arabia,2,60,29,Mexico,15452,Carlos Uriel Antuna Romero,26406,Jorge Eduardo Sánchez Ramos,Complete,36.856613,51.9,50.6,15.9,58.5
3857260,2022-11-30,Group Stage,Saudi Arabia,2,60,34,Mexico,26406,Jorge Eduardo Sánchez Ramos,5567,Edson Omar Álvarez Velázquez,Complete,20.047194,13.8,62.6,27.1,47.6
3857260,2022-11-30,Group Stage,Saudi Arabia,2,60,36,Mexico,5567,Edson Omar Álvarez Velázquez,15452,Carlos Uriel Antuna Romero,Complete,27.070278,25.0,48.3,40.2,70.7
3857260,2022-11-30,Group Stage,Saudi Arabia,2,60,38,Mexico,15452,Carlos Uriel Antuna Romero,,,Incomplete,17.323395,40.3,70.7,41.2,53.4
3857260,2022-11-30,Group Stage,Saudi Arabia,2,62,21,Mexico,5577,Francisco Guillermo Ochoa Magaña,,,Incomplete,76.64216,6.0,36.0,82.1,45.1
3857260,2022-11-30,Group Stage,Saudi Arabia,2,62,44,Mexico,26368,César Jasib Montes Castro,26280,Orbelín Pineda Alvarado,Complete,18.332485,45.4,32.1,63.6,34.3
3857260,2022-11-30,Group Stage,Saudi Arabia,2,62,45,Mexico,26280,Orbelín Pineda Alvarado,5567,Edson Omar Álvarez Velázquez,Complete,12.61507,64.1,35.0,51.6,33.3
3857260,2022-11-30,Group Stage,Saudi Arabia,2,62,46,Mexico,5567,Edson Omar Álvarez Velázquez,26280,Orbelín Pineda Alvarado,Complete,9.687621,53.5,33.9,60.4,27.1
3857260,2022-11-30,Group Stage,Saudi Arabia,2,63,8,Mexico,5576,Jesús Daniel Gallardo Vasconcelos,5577,Francisco Guillermo Ochoa Magaña,Complete,23.37734,30.2,16.9,12.7,32.4
3857260,2022-11-30,Group Stage,Saudi Arabia,2,63,12,Mexico,5577,Francisco Guillermo Ochoa Magaña,5571,Hirving Rodrigo Lozano Bahena,Complete,47.899582,11.0,24.7,53.6,2.8
3857260,2022-11-30,Group Stage,Saudi Arabia,2,63,28,Mexico,5567,Edson Omar Álvarez Velázquez,5576,Jesús Daniel Gallardo Vasconcelos,Complete,10.530432,49.3,15.9,52.6,5.9
3857260,2022-11-30,Group Stage,Saudi Arabia,2,63,33,Mexico,5576,Jesús Daniel Gallardo Vasconcelos,26406,Jorge Eduardo Sánchez Ramos,Complete,25.4183,59.5,19.7,53.5,44.4
3857260,2022-11-30,Group Stage,Saudi Arabia,2,63,35,Mexico,26406,Jorge Eduardo Sánchez Ramos,15452,Carlos Uriel Antuna Romero,Complete,37.541042,54.0,45.3,76.3,75.5
3857260,2022-11-30,Group Stage,Saudi Arabia,2,63,39,Mexico,15452,Carlos Uriel Antuna Romero,26406,Jorge Eduardo Sánchez Ramos,Incomplete,7.7646637,74.5,74.5,82.2,73.5
3857260,2022-11-30,Group Stage,Saudi Arabia,2,64,0,Mexico,26406,Jorge Eduardo Sánchez Ramos,26280,Orbelín Pineda Alvarado,Complete,18.018879,88.2,80.0,85.4,62.2
3857260,2022-11-30,Group Stage,Saudi Arabia,2,64,3,Mexico,26280,Orbelín Pineda Alvarado,28825,Luis Gerardo Chávez Magallón,Complete,14.283557,81.8,60.8,69.9,52.9
3857260,2022-11-30,Group Stage,Saudi Arabia,2,64,5,Mexico,28825,Luis Gerardo Chávez Magallón,5573,Héctor Alfredo Moreno Herrera,Complete,27.011848,67.5,48.3,66.7,21.3
3857260,2022-11-30,Group Stage,Saudi Arabia,2,64,8,Mexico,5573,Héctor Alfredo Moreno Herrera,5571,Hirving Rodrigo Lozano Bahena,Complete,27.760584,66.7,21.3,88.8,4.5
3857260,2022-11-30,Group Stage,Saudi Arabia,2,64,13,Mexico,5571,Hirving Rodrigo Lozano Bahena,5576,Jesús Daniel Gallardo Vasconcelos,Incomplete,4.675468,93.6,16.0,96.7,19.5
3857260,2022-11-30,Group Stage,Saudi Arabia,2,64,16,Mexico,5567,Edson Omar Álvarez Velázquez,26280,Orbelín Pineda Alvarado,Complete,10.5,81.2,22.9,74.9,14.5
3857260,2022-11-30,Group Stage,Saudi Arabia,2,64,19,Mexico,26280,Orbelín Pineda Alvarado,5573,Héctor Alfredo Moreno Herrera,Complete,14.013208,74.5,14.1,67.1,2.2
3857260,2022-11-30,Group Stage,Saudi Arabia,2,64,21,Mexico,5573,Héctor Alfredo Moreno Herrera,5576,Jesús Daniel Gallardo Vasconcelos,Complete,14.105673,68.1,2.8,82.2,2.4
3857260,2022-11-30,Group Stage,Saudi Arabia,2,64,22,Mexico,5576,Jesús Daniel Gallardo Vasconcelos,,,Incomplete,9.931767,82.2,2.4,86.4,11.4
3857260,2022-11-30,Group Stage,Saudi Arabia,2,64,31,Mexico,5573,Héctor Alfredo Moreno Herrera,26400,Henry Josué Martín Mex,Complete,34.527237,78.0,0.1,108.7,15.9
3857260,2022-11-30,Group Stage,Saudi Arabia,2,65,17,Mexico,5576,Jesús Daniel Gallardo Vasconcelos,,,Incomplete,52.737083,57.2,4.2,108.6,16.0
3857260,2022-11-30,Group Stage,Saudi Arabia,2,65,43,Mexico,5576,Jesús Daniel Gallardo Vasconcelos,,,Incomplete,14.993332,58.9,10.0,73.7,12.4
3857260,2022-11-30,Group Stage,Saudi Arabia,2,65,51,Mexico,5573,Héctor Alfredo Moreno Herrera,28825,Luis Gerardo Chávez Magallón,Complete,8.228001,50.2,7.3,58.1,9.6
3857260,2022-11-30,Group Stage,Saudi Arabia,2,65,53,Mexico,28825,Luis Gerardo Chávez Magallón,26280,Orbelín Pineda Alvarado,Complete,14.481022,61.7,5.0,75.8,1.7
3857260,2022-11-30,Group Stage,Saudi Arabia,2,65,57,Mexico,26280,Orbelín Pineda Alvarado,5571,Hirving Rodrigo Lozano Bahena,Complete,7.1112585,75.8,1.7,76.2,8.8
3857260,2022-11-30,Group Stage,Saudi Arabia,2,67,30,Mexico,5577,Francisco Guillermo Ochoa Magaña,28825,Luis Gerardo Chávez Magallón,Complete,17.181385,6.0,36.0,22.8,32.4
3857260,2022-11-30,Group Stage,Saudi Arabia,2,67,34,Mexico,28825,Luis Gerardo Chávez Magallón,15452,Carlos Uriel Antuna Romero,Incomplete,65.24086,25.1,32.8,86.0,56.2
3857260,2022-11-30,Group Stage,Saudi Arabia,2,67,49,Mexico,26406,Jorge Eduardo Sánchez Ramos,28825,Luis Gerardo Chávez Magallón,Complete,16.88816,69.9,80.0,73.5,63.5
3857260,2022-11-30,Group Stage,Saudi Arabia,2,67,54,Mexico,28825,Luis Gerardo Chávez Magallón,5571,Hirving Rodrigo Lozano Bahena,Incomplete,28.166824,74.9,38.8,91.3,15.9
3857260,2022-11-30,Group Stage,Saudi Arabia,2,68,31,Mexico,5577,Francisco Guillermo Ochoa Magaña,26368,César Jasib Montes Castro,Complete,14.003571,13.4,42.1,16.3,55.8
3857260,2022-11-30,Group Stage,Saudi Arabia,2,68,34,Mexico,26368,César Jasib Montes Castro,26406,Jorge Eduardo Sánchez Ramos,Complete,17.259491,21.4,60.1,32.4,73.4
3857260,2022-11-30,Group Stage,Saudi Arabia,2,68,36,Mexico,26406,Jorge Eduardo Sánchez Ramos,26280,Orbelín Pineda Alvarado,Complete,49.912422,32.4,73.4,77.3,51.6
3857260,2022-11-30,Group Stage,Saudi Arabia,2,69,23,Mexico,5571,Hirving Rodrigo Lozano Bahena,26400,Henry Josué Martín Mex,Complete,32.59954,85.5,56.1,108.3,32.8
3857260,2022-11-30,Group Stage,Saudi Arabia,2,69,24,Mexico,26400,Henry Josué Martín Mex,,,Incomplete,13.445073,108.3,32.8,107.2,46.2
3857260,2022-11-30,Group Stage,Saudi Arabia,2,69,28,Mexico,5576,Jesús Daniel Gallardo Vasconcelos,26368,César Jasib Montes Castro,Complete,21.085066,82.1,30.3,102.4,36.0
3857260,2022-11-30,Group Stage,Saudi Arabia,2,69,29,Mexico,26368,César Jasib Montes Castro,26400,Henry Josué Martín Mex,Complete,8.130191,101.9,39.2,108.8,34.9
3857260,2022-11-30,Group Stage,Saudi Arabia,2,70,17,Mexico,5567,Edson Omar Álvarez Velázquez,5573,Héctor Alfredo Moreno Herrera,Complete,22.852789,42.4,68.5,38.4,46.0
3857260,2022-11-30,Group Stage,Saudi Arabia,2,70,20,Mexico,5573,Héctor Alfredo Moreno Herrera,15452,Carlos Uriel Antuna Romero,Complete,56.95902,40.6,41.4,82.3,2.6
3857260,2022-11-30,Group Stage,Saudi Arabia,2,70,55,Mexico,5576,Jesús Daniel Gallardo Vasconcelos,5567,Edson Omar Álvarez Velázquez,Complete,9.946356,71.7,0.1,73.4,9.9
3857260,2022-11-30,Group Stage,Saudi Arabia,2,70,58,Mexico,5567,Edson Omar Álvarez Velázquez,5571,Hirving Rodrigo Lozano Bahena,Complete,13.075168,74.4,17.0,75.8,30.0
3857260,2022-11-30,Group Stage,Saudi Arabia,2,72,20,Mexico,5576,Jesús Daniel Gallardo Vasconcelos,5577,Francisco Guillermo Ochoa Magaña,Complete,21.630072,25.0,7.8,8.1,21.3
3857260,2022-11-30,Group Stage,Saudi Arabia,2,72,34,Mexico,5577,Francisco Guillermo Ochoa Magaña,,,Incomplete,95.62531,13.1,29.3,108.7,27.1
3857260,2022-11-30,Group Stage,Saudi Arabia,2,72,55,Mexico,5577,Francisco Guillermo Ochoa Magaña,5567,Edson Omar Álvarez Velázquez,Complete,22.208107,11.0,48.8,33.2,49.4
3857260,2022-11-30,Group Stage,Saudi Arabia,2,72,58,Mexico,5567,Edson Omar Álvarez Velázquez,28825,Luis Gerardo Chávez Magallón,Complete,17.736967,31.4,46.0,40.2,30.6
3857260,2022-11-30,Group Stage,Saudi Arabia,2,73,1,Mexico,28825,Luis Gerardo Chávez Magallón,5571,Hirving Rodrigo Lozano Bahena,Incomplete,44.081062,53.5,25.1,96.0,36.8
3857260,2022-11-30,Group Stage,Saudi Arabia,2,74,22,Mexico,5577,Francisco Guillermo Ochoa Magaña,,,Incomplete,75.662735,13.8,10.6,89.2,16.9
3857260,2022-11-30,Group Stage,Saudi Arabia,2,74,33,Mexico,15452,Carlos Uriel Antuna Romero,28825,Luis Gerardo Chávez Magallón,Complete,5.575841,76.8,34.3,79.8,29.6
3857260,2022-11-30,Group Stage,Saudi Arabia,2,74,35,Mexico,28825,Luis Gerardo Chávez Magallón,5571,Hirving Rodrigo Lozano Bahena,Pass Offside,22.106335,80.8,27.1,92.1,8.1
3857260,2022-11-30,Group Stage,Saudi Arabia,2,75,17,Mexico,5567,Edson Omar Álvarez Velázquez,28825,Luis Gerardo Chávez Magallón,Complete,8.556284,27.1,19.5,33.2,13.5
3857260,2022-11-30,Group Stage,Saudi Arabia,2,75,19,Mexico,28825,Luis Gerardo Chávez Magallón,26280,Orbelín Pineda Alvarado,Complete,17.461386,34.8,14.1,45.1,28.2
3857260,2022-11-30,Group Stage,Saudi Arabia,2,75,28,Mexico,26280,Orbelín Pineda Alvarado,28825,Luis Gerardo Chávez Magallón,Complete,6.400781,66.7,34.2,66.6,27.8
3857260,2022-11-30,Group Stage,Saudi Arabia,2,75,30,Mexico,28825,Luis Gerardo Chávez Magallón,5576,Jesús Daniel Gallardo Vasconcelos,Complete,16.101242,67.1,23.2,70.2,7.4
3857260,2022-11-30,Group Stage,Saudi Arabia,2,75,33,Mexico,5576,Jesús Daniel Gallardo Vasconcelos,5571,Hirving Rodrigo Lozano Bahena,Complete,2.6019223,70.8,6.8,70.9,4.2
3857260,2022-11-30,Group Stage,Saudi Arabia,2,75,34,Mexico,5571,Hirving Rodrigo Lozano Bahena,26400,Henry Josué Martín Mex,Complete,26.33192,70.9,10.6,95.3,20.5
3857260,2022-11-30,Group Stage,Saudi Arabia,2,75,37,Mexico,26400,Henry Josué Martín Mex,26280,Orbelín Pineda Alvarado,Complete,8.3600235,98.1,18.1,97.1,26.4
3857260,2022-11-30,Group Stage,Saudi Arabia,2,77,0,Mexico,26368,César Jasib Montes Castro,,,Incomplete,31.196955,29.6,27.1,56.5,11.3
3857260,2022-11-30,Group Stage,Saudi Arabia,2,77,4,Mexico,5576,Jesús Daniel Gallardo Vasconcelos,5568,Raúl Alonso Jiménez Rodríguez,Complete,20.297045,38.0,9.6,56.9,17.0
3857260,2022-11-30,Group Stage,Saudi Arabia,2,77,5,Mexico,5568,Raúl Alonso Jiménez Rodríguez,5571,Hirving Rodrigo Lozano Bahena,Incomplete,39.998123,56.9,17.0,96.8,14.2
3857260,2022-11-30,Group Stage,Saudi Arabia,2,77,12,Mexico,5571,Hirving Rodrigo Lozano Bahena,15452,Carlos Uriel Antuna Romero,Complete,13.395895,116.1,24.3,109.4,35.9
3857260,2022-11-30,Group Stage,Saudi Arabia,2,77,23,Mexico,5567,Edson Omar Álvarez Velázquez,26406,Jorge Eduardo Sánchez Ramos,Complete,15.164433,72.3,65.2,83.7,75.2
3857260,2022-11-30,Group Stage,Saudi Arabia,2,77,24,Mexico,26406,Jorge Eduardo Sánchez Ramos,28825,Luis Gerardo Chávez Magallón,Complete,12.709445,83.7,75.2,80.5,62.9
3857260,2022-11-30,Group Stage,Saudi Arabia,2,77,27,Mexico,28825,Luis Gerardo Chávez Magallón,5568,Raúl Alonso Jiménez Rodríguez,Complete,11.356496,81.6,60.7,92.7,58.3
3857260,2022-11-30,Group Stage,Saudi Arabia,2,77,28,Mexico,5568,Raúl Alonso Jiménez Rodríguez,26297,Carlos Alberto Rodríguez Gómez,Complete,16.975864,93.8,57.5,105.5,69.8
3857260,2022-11-30,Group Stage,Saudi Arabia,2,77,30,Mexico,26297,Carlos Alberto Rodríguez Gómez,,,Incomplete,24.807257,105.6,69.8,108.8,45.2
3857260,2022-11-30,Group Stage,Saudi Arabia,2,77,36,Mexico,5576,Jesús Daniel Gallardo Vasconcelos,28825,Luis Gerardo Chávez Magallón,Complete,6.0539246,80.2,24.7,85.4,27.8
3857260,2022-11-30,Group Stage,Saudi Arabia,2,77,39,Mexico,28825,Luis Gerardo Chávez Magallón,5576,Jesús Daniel Gallardo Vasconcelos,Complete,8.09506,93.6,23.2,97.3,16.0
3857260,2022-11-30,Group Stage,Saudi Arabia,2,77,40,Mexico,5576,Jesús Daniel Gallardo Vasconcelos,5571,Hirving Rodrigo Lozano Bahena,Complete,8.20061,97.3,16.0,99.5,8.1
3857260,2022-11-30,Group Stage,Saudi Arabia,2,77,42,Mexico,5571,Hirving Rodrigo Lozano Bahena,,,Incomplete,29.759872,98.1,12.4,114.7,37.1
3857260,2022-11-30,Group Stage,Saudi Arabia,2,78,12,Mexico,26368,César Jasib Montes Castro,5577,Francisco Guillermo Ochoa Magaña,Complete,30.202648,38.4,51.5,8.2,51.1
3857260,2022-11-30,Group Stage,Saudi Arabia,2,78,25,Mexico,5577,Francisco Guillermo Ochoa Magaña,,,Incomplete,80.47074,13.3,51.2,86.0,16.7
3857260,2022-11-30,Group Stage,Saudi Arabia,2,78,33,Mexico,28825,Luis Gerardo Chávez Magallón,,,Incomplete,15.7,65.9,26.4,79.1,17.9
3857260,2022-11-30,Group Stage,Saudi Arabia,2,78,43,Mexico,5567,Edson Omar Álvarez Velázquez,26297,Carlos Alberto Rodríguez Gómez,Complete,11.045361,55.7,27.9,63.9,20.5
3857260,2022-11-30,Group Stage,Saudi Arabia,2,78,47,Mexico,26297,Carlos Alberto Rodríguez Gómez,5567,Edson Omar Álvarez Velázquez,Complete,18.713097,63.6,33.3,64.3,52.0
3857260,2022-11-30,Group Stage,Saudi Arabia,2,78,51,Mexico,5567,Edson Omar Álvarez Velázquez,26406,Jorge Eduardo Sánchez Ramos,Complete,13.82353,76.2,59.3,80.9,72.3
3857260,2022-11-30,Group Stage,Saudi Arabia,2,78,52,Mexico,26406,Jorge Eduardo Sánchez Ramos,15452,Carlos Uriel Antuna Romero,Out,21.256529,80.9,72.3,100.9,79.5
3857260,2022-11-30,Group Stage,Saudi Arabia,2,79,6,Mexico,26368,César Jasib Montes Castro,,,Incomplete,29.26175,71.7,70.7,100.9,72.6
3857260,2022-11-30,Group Stage,Saudi Arabia,2,79,10,Mexico,26368,César Jasib Montes Castro,26297,Carlos Alberto Rodríguez Gómez,Complete,14.310835,67.7,65.7,80.5,59.3
3857260,2022-11-30,Group Stage,Saudi Arabia,2,79,12,Mexico,26297,Carlos Alberto Rodríguez Gómez,5571,Hirving Rodrigo Lozano Bahena,Complete,26.404734,78.1,58.9,74.1,32.8
3857260,2022-11-30,Group Stage,Saudi Arabia,2,80,12,Mexico,5577,Francisco Guillermo Ochoa Magaña,5573,Héctor Alfredo Moreno Herrera,Complete,21.31713,6.0,36.0,13.1,15.9
3857260,2022-11-30,Group Stage,Saudi Arabia,2,80,14,Mexico,5573,Héctor Alfredo Moreno Herrera,5577,Francisco Guillermo Ochoa Magaña,Complete,20.909328,12.7,17.7,4.9,37.1
3857260,2022-11-30,Group Stage,Saudi Arabia,2,80,17,Mexico,5577,Francisco Guillermo Ochoa Magaña,28825,Luis Gerardo Chávez Magallón,Complete,21.246176,3.6,39.6,23.2,31.4
3857260,2022-11-30,Group Stage,Saudi Arabia,2,80,22,Mexico,28825,Luis Gerardo Chávez Magallón,5571,Hirving Rodrigo Lozano Bahena,Complete,27.353428,38.5,26.8,63.5,37.9
3857260,2022-11-30,Group Stage,Saudi Arabia,2,82,13,Mexico,5571,Hirving Rodrigo Lozano Bahena,28825,Luis Gerardo Chávez Magallón,Complete,2.5,100.3,48.4,101.0,46.0
3857260,2022-11-30,Group Stage,Saudi Arabia,2,82,21,Mexico,26297,Carlos Alberto Rodríguez Gómez,,,Incomplete,18.248562,96.0,65.4,101.5,48.0
3857260,2022-11-30,Group Stage,Saudi Arabia,2,82,39,Mexico,5577,Francisco Guillermo Ochoa Magaña,26297,Carlos Alberto Rodríguez Gómez,Complete,24.713154,9.9,53.7,34.2,49.2
3857260,2022-11-30,Group Stage,Saudi Arabia,2,82,42,Mexico,26297,Carlos Alberto Rodríguez Gómez,,,Incomplete,54.113308,40.8,45.2,92.4,28.9
3857260,2022-11-30,Group Stage,Saudi Arabia,2,83,0,Mexico,5576,Jesús Daniel Gallardo Vasconcelos,,,Incomplete,11.73925,42.6,6.3,53.6,2.2
3857260,2022-11-30,Group Stage,Saudi Arabia,2,83,15,Mexico,5573,Héctor Alfredo Moreno Herrera,28825,Luis Gerardo Chávez Magallón,Complete,16.701197,62.2,4.2,62.0,20.9
3857260,2022-11-30,Group Stage,Saudi Arabia,2,83,20,Mexico,28825,Luis Gerardo Chávez Magallón,26406,Jorge Eduardo Sánchez Ramos,Complete,29.509659,68.4,25.3,63.5,54.4
3857260,2022-11-30,Group Stage,Saudi Arabia,2,83,22,Mexico,26406,Jorge Eduardo Sánchez Ramos,5571,Hirving Rodrigo Lozano Bahena,Complete,22.400892,64.3,55.8,75.5,75.2
3857260,2022-11-30,Group Stage,Saudi Arabia,2,83,27,Mexico,5571,Hirving Rodrigo Lozano Bahena,26297,Carlos Alberto Rodríguez Gómez,Incomplete,18.36328,74.4,61.9,86.4,48.0
3857260,2022-11-30,Group Stage,Saudi Arabia,2,83,32,Mexico,5568,Raúl Alonso Jiménez Rodríguez,5571,Hirving Rodrigo Lozano Bahena,Complete,4.031129,96.7,51.6,92.7,51.1
3857260,2022-11-30,Group Stage,Saudi Arabia,2,83,33,Mexico,5571,Hirving Rodrigo Lozano Bahena,26406,Jorge Eduardo Sánchez Ramos,Complete,16.055218,93.1,54.8,104.7,65.9
3857260,2022-11-30,Group Stage,Saudi Arabia,2,83,36,Mexico,26406,Jorge Eduardo Sánchez Ramos,,,Incomplete,15.420765,106.5,68.4,107.3,53.0
3857260,2022-11-30,Group Stage,Saudi Arabia,2,84,48,Mexico,5577,Francisco Guillermo Ochoa Magaña,5573,Héctor Alfredo Moreno Herrera,Complete,46.669262,4.2,54.4,22.1,11.3
3857260,2022-11-30,Group Stage,Saudi Arabia,2,84,51,Mexico,5573,Héctor Alfredo Moreno Herrera,5576,Jesús Daniel Gallardo Vasconcelos,Complete,16.113659,28.5,9.6,42.6,1.8
3857260,2022-11-30,Group Stage,Saudi Arabia,2,85,0,Mexico,5576,Jesús Daniel Gallardo Vasconcelos,26368,César Jasib Montes Castro,Complete,15.50129,50.8,36.8,35.3,36.6
3857260,2022-11-30,Group Stage,Saudi Arabia,2,85,2,Mexico,26368,César Jasib Montes Castro,5573,Héctor Alfredo Moreno Herrera,Complete,19.749683,34.2,35.6,35.6,15.9
3857260,2022-11-30,Group Stage,Saudi Arabia,2,85,4,Mexico,5573,Héctor Alfredo Moreno Herrera,26297,Carlos Alberto Rodríguez Gómez,Incomplete,19.547379,37.4,13.7,54.7,4.6
3857260,2022-11-30,Group Stage,Saudi Arabia,2,85,9,Mexico,5571,Hirving Rodrigo Lozano Bahena,26297,Carlos Alberto Rodríguez Gómez,Complete,5.9682493,62.5,0.1,63.4,6.0
3857260,2022-11-30,Group Stage,Saudi Arabia,2,85,13,Mexico,26297,Carlos Alberto Rodríguez Gómez,5567,Edson Omar Álvarez Velázquez,Complete,26.771067,57.9,18.6,63.4,44.8
3857260,2022-11-30,Group Stage,Saudi Arabia,2,85,16,Mexico,5567,Edson Omar Álvarez Velázquez,15452,Carlos Uriel Antuna Romero,Complete,21.5678,75.9,59.0,91.0,74.4
3857260,2022-11-30,Group Stage,Saudi Arabia,2,85,24,Mexico,15452,Carlos Uriel Antuna Romero,,,Incomplete,1.8681542,113.3,68.9,112.8,67.1
3857260,2022-11-30,Group Stage,Saudi Arabia,2,85,27,Mexico,26406,Jorge Eduardo Sánchez Ramos,28825,Luis Gerardo Chávez Magallón,Complete,6.675328,86.8,51.2,85.8,44.6
3857260,2022-11-30,Group Stage,Saudi Arabia,2,85,28,Mexico,28825,Luis Gerardo Chávez Magallón,15452,Carlos Uriel Antuna Romero,Incomplete,23.100866,85.8,44.2,97.7,64.0
3857260,2022-11-30,Group Stage,Saudi Arabia,2,86,0,Mexico,30500,Kevin Nahin Álvarez Campos,28825,Luis Gerardo Chávez Magallón,Complete,22.955828,64.1,80.0,62.5,57.1
3857260,2022-11-30,Group Stage,Saudi Arabia,2,86,6,Mexico,28825,Luis Gerardo Chávez Magallón,5571,Hirving Rodrigo Lozano Bahena,Out,53.724667,55.7,40.6,91.0,0.1
3857260,2022-11-30,Group Stage,Saudi Arabia,2,86,31,Mexico,5576,Jesús Daniel Gallardo Vasconcelos,5573,Héctor Alfredo Moreno Herrera,Complete,8.653323,34.6,0.1,27.4,4.9
3857260,2022-11-30,Group Stage,Saudi Arabia,2,86,33,Mexico,5573,Héctor Alfredo Moreno Herrera,28825,Luis Gerardo Chávez Magallón,Complete,8.994443,27.4,4.9,35.3,9.2
3857260,2022-11-30,Group Stage,Saudi Arabia,2,86,34,Mexico,28825,Luis Gerardo Chávez Magallón,26297,Carlos Alberto Rodríguez Gómez,Complete,8.495881,35.3,9.2,41.0,15.5
3857260,2022-11-30,Group Stage,Saudi Arabia,2,86,38,Mexico,26297,Carlos Alberto Rodríguez Gómez,15452,Carlos Uriel Antuna Romero,Pass Offside,42.35859,56.2,21.8,98.2,27.3
3857260,2022-11-30,Group Stage,Saudi Arabia,2,88,0,Mexico,5577,Francisco Guillermo Ochoa Magaña,5571,Hirving Rodrigo Lozano Bahena,Complete,47.835655,15.9,28.6,62.7,18.7
3857260,2022-11-30,Group Stage,Saudi Arabia,2,88,11,Mexico,5571,Hirving Rodrigo Lozano Bahena,26318,Rogelio Gabriel Funes Mori,Complete,12.776933,105.3,26.4,98.8,37.4
3857260,2022-11-30,Group Stage,Saudi Arabia,2,89,54,Mexico,5568,Raúl Alonso Jiménez Rodríguez,30500,Kevin Nahin Álvarez Campos,Complete,14.819244,84.4,59.4,80.9,73.8
3857260,2022-11-30,Group Stage,Saudi Arabia,2,89,56,Mexico,30500,Kevin Nahin Álvarez Campos,5568,Raúl Alonso Jiménez Rodríguez,Complete,15.979049,85.0,72.1,97.3,61.9
3857260,2022-11-30,Group Stage,Saudi Arabia,2,89,58,Mexico,5568,Raúl Alonso Jiménez Rodríguez,,,Incomplete,2.9154758,106.1,58.5,107.2,55.8
3857260,2022-11-30,Group Stage,Saudi Arabia,2,90,3,Mexico,5568,Raúl Alonso Jiménez Rodríguez,,,Incomplete,19.649937,109.1,69.3,110.5,49.7
3857260,2022-11-30,Group Stage,Saudi Arabia,2,90,15,Mexico,28825,Luis Gerardo Chávez Magallón,5577,Francisco Guillermo Ochoa Magaña,Complete,32.05386,46.5,65.7,18.9,49.4
3857260,2022-11-30,Group Stage,Saudi Arabia,2,90,18,Mexico,5577,Francisco Guillermo Ochoa Magaña,,,Unknown,72.261536,17.3,48.7,87.1,30.0
3857260,2022-11-30,Group Stage,Saudi Arabia,2,91,48,Mexico,28825,Luis Gerardo Chávez Magallón,,,Incomplete,34.234486,120.0,80.0,116.0,46.0
3857260,2022-11-30,Group Stage,Saudi Arabia,2,92,10,Mexico,28825,Luis Gerardo Chávez Magallón,,,Incomplete,27.164131,120.0,80.0,115.0,53.3
3857260,2022-11-30,Group Stage,Saudi Arabia,2,92,15,Mexico,5576,Jesús Daniel Gallardo Vasconcelos,5571,Hirving Rodrigo Lozano Bahena,Complete,22.355536,82.1,27.1,99.2,12.7
3857260,2022-11-30,Group Stage,Saudi Arabia,2,92,39,Mexico,5576,Jesús Daniel Gallardo Vasconcelos,5568,Raúl Alonso Jiménez Rodríguez,Complete,4.243819,78.1,0.1,80.5,3.6
3857260,2022-11-30,Group Stage,Saudi Arabia,2,92,40,Mexico,5568,Raúl Alonso Jiménez Rodríguez,5576,Jesús Daniel Gallardo Vasconcelos,Complete,3.0016663,79.5,5.2,79.4,2.2
3857260,2022-11-30,Group Stage,Saudi Arabia,2,92,41,Mexico,5576,Jesús Daniel Gallardo Vasconcelos,5568,Raúl Alonso Jiménez Rodríguez,Complete,5.6859474,79.4,1.7,76.2,6.4
3857260,2022-11-30,Group Stage,Saudi Arabia,2,92,51,Mexico,5576,Jesús Daniel Gallardo Vasconcelos,28825,Luis Gerardo Chávez Magallón,Complete,8.372574,71.6,9.2,67.5,16.5
3857260,2022-11-30,Group Stage,Saudi Arabia,2,92,54,Mexico,28825,Luis Gerardo Chávez Magallón,26368,César Jasib Montes Castro,Complete,18.414125,63.5,20.2,60.7,38.4
3857260,2022-11-30,Group Stage,Saudi Arabia,2,92,56,Mexico,26368,César Jasib Montes Castro,30500,Kevin Nahin Álvarez Campos,Complete,41.521683,58.3,39.8,80.0,75.2
3857260,2022-11-30,Group Stage,Saudi Arabia,2,93,4,Mexico,30500,Kevin Nahin Álvarez Campos,,,Incomplete,12.345445,115.7,53.9,112.8,41.9
3857260,2022-11-30,Group Stage,Saudi Arabia,2,94,1,Mexico,26368,César Jasib Montes Castro,30500,Kevin Nahin Álvarez Campos,Complete,6.9339743,26.9,55.4,30.7,61.2
3857260,2022-11-30,Group Stage,Saudi Arabia,2,94,4,Mexico,30500,Kevin Nahin Álvarez Campos,,,Incomplete,17.86449,30.7,61.1,44.2,49.4
3857260,2022-11-30,Group Stage,Saudi Arabia,2,94,14,Mexico,5577,Francisco Guillermo Ochoa Magaña,5573,Héctor Alfredo Moreno Herrera,Complete,24.85679,6.0,44.0,14.1,20.5
3857260,2022-11-30,Group Stage,Saudi Arabia,2,94,17,Mexico,5573,Héctor Alfredo Moreno Herrera,5576,Jesús Daniel Gallardo Vasconcelos,Complete,35.171722,15.6,20.6,46.5,3.8
3857260,2022-11-30,Group Stage,Saudi Arabia,2,94,21,Mexico,5576,Jesús Daniel Gallardo Vasconcelos,5568,Raúl Alonso Jiménez Rodríguez,Incomplete,14.515164,63.5,8.6,77.3,13.1
3857260,2022-11-30,Group Stage,Saudi Arabia,2,95,14,Mexico,5568,Raúl Alonso Jiménez Rodríguez,5576,Jesús Daniel Gallardo Vasconcelos,Complete,17.123375,60.0,40.0,46.1,30.0
3857260,2022-11-30,Group Stage,Saudi Arabia,2,95,18,Mexico,5576,Jesús Daniel Gallardo Vasconcelos,5571,Hirving Rodrigo Lozano Bahena,Complete,22.689646,41.6,14.1,61.5,3.2
3857260,2022-11-30,Group Stage,Saudi Arabia,2,95,21,Mexico,5571,Hirving Rodrigo Lozano Bahena,26297,Carlos Alberto Rodríguez Gómez,Complete,12.180312,63.5,4.9,74.1,10.9
3857260,2022-11-30,Group Stage,Saudi Arabia,2,95,22,Mexico,26297,Carlos Alberto Rodríguez Gómez,5568,Raúl Alonso Jiménez Rodríguez,Incomplete,2.6172504,74.4,11.0,76.3,9.2
3857260,2022-11-30,Group Stage,Saudi Arabia,2,95,28,Mexico,30500,Kevin Nahin Álvarez Campos,15452,Carlos Uriel Antuna Romero,Complete,31.982807,68.9,47.6,86.2,74.5
3857260,2022-11-30,Group Stage,Saudi Arabia,2,95,32,Mexico,15452,Carlos Uriel Antuna Romero,,,Unknown,37.65116,93.6,69.8,113.6,37.9
3857260,2022-11-30,Group Stage,Saudi Arabia,2,96,6,Mexico,5573,Héctor Alfredo Moreno Herrera,26297,Carlos Alberto Rodríguez Gómez,Complete,10.530907,36.0,49.4,45.1,54.7
3857260,2022-11-30,Group Stage,Saudi Arabia,2,96,8,Mexico,26297,Carlos Alberto Rodríguez Gómez,,,Incomplete,22.601992,45.1,54.7,58.9,36.8
3857260,2022-11-30,Group Stage,Saudi Arabia,2,96,12,Mexico,30500,Kevin Nahin Álvarez Campos,,,Incomplete,14.200352,41.5,61.9,53.3,54.0
3857260,2022-11-30,Group Stage,Saudi Arabia,2,96,15,Mexico,5568,Raúl Alonso Jiménez Rodríguez,26318,Rogelio Gabriel Funes Mori,Incomplete,16.62077,55.8,39.6,69.9,48.4
3857260,2022-11-30,Group Stage,Saudi Arabia,2,96,28,Mexico,30500,Kevin Nahin Álvarez Campos,5568,Raúl Alonso Jiménez Rodríguez,Incomplete,31.181084,43.5,80.0,73.0,69.9
3857260,2022-11-30,Group Stage,Saudi Arabia,2,96,41,Mexico,5577,Francisco Guillermo Ochoa Magaña,5571,Hirving Rodrigo Lozano Bahena,Complete,54.582508,19.5,40.2,64.9,9.9
3857260,2022-11-30,Group Stage,Saudi Arabia,2,97,11,Mexico,28825,Luis Gerardo Chávez Magallón,26368,César Jasib Montes Castro,Complete,45.860332,75.9,22.5,110.5,52.6
3857260,2022-11-30,Group Stage,Saudi Arabia,2,97,13,Mexico,26368,César Jasib Montes Castro,,,Unknown,15.078462,110.5,52.6,116.1,38.6
3857289,2022-11-26,Group Stage,Argentina,1,0,0,Mexico,5563,José Andrés Guardado Hernández,5575,Héctor Miguel Herrera López,Complete,18.062391,61.0,40.1,43.3,36.5
3857289,2022-11-26,Group Stage,Argentina,1,0,3,Mexico,5575,Héctor Miguel Herrera López,5571,Hirving Rodrigo Lozano Bahena,Out,78.29285,43.9,39.3,120.0,57.7
3857289,2022-11-26,Group Stage,Argentina,1,3,8,Mexico,5576,Jesús Daniel Gallardo Vasconcelos,5573,Héctor Alfredo Moreno Herrera,Complete,15.289539,38.4,0.1,26.5,9.7
3857289,2022-11-26,Group Stage,Argentina,1,3,9,Mexico,5573,Héctor Alfredo Moreno Herrera,5571,Hirving Rodrigo Lozano Bahena,Complete,37.91174,26.5,9.4,63.4,18.1
3857289,2022-11-26,Group Stage,Argentina,1,3,12,Mexico,5571,Hirving Rodrigo Lozano Bahena,26301,Ernesto Alexis Vega Rojas,Incomplete,16.507574,64.5,17.8,80.2,12.7
3857289,2022-11-26,Group Stage,Argentina,1,4,11,Mexico,5563,José Andrés Guardado Hernández,5571,Hirving Rodrigo Lozano Bahena,Incomplete,27.338251,31.7,30.9,55.0,45.2
3857289,2022-11-26,Group Stage,Argentina,1,7,2,Mexico,26301,Ernesto Alexis Vega Rojas,28825,Luis Gerardo Chávez Magallón,Incomplete,26.916351,110.4,11.6,107.9,38.4
3857289,2022-11-26,Group Stage,Argentina,1,7,6,Mexico,5575,Héctor Miguel Herrera López,11388,Néstor Alejandro Araújo Razo,Complete,32.915195,96.2,29.8,81.6,59.3
3857289,2022-11-26,Group Stage,Argentina,1,7,9,Mexico,11388,Néstor Alejandro Araújo Razo,30500,Kevin Nahin Álvarez Campos,Complete,18.867962,83.5,64.0,99.5,74.0
3857289,2022-11-26,Group Stage,Argentina,1,7,12,Mexico,30500,Kevin Nahin Álvarez Campos,11388,Néstor Alejandro Araújo Razo,Complete,15.592627,98.7,73.2,84.0,68.0
3857289,2022-11-26,Group Stage,Argentina,1,7,15,Mexico,11388,Néstor Alejandro Araújo Razo,30500,Kevin Nahin Álvarez Campos,Complete,15.073486,84.0,68.0,97.6,74.5
3857289,2022-11-26,Group Stage,Argentina,1,7,17,Mexico,30500,Kevin Nahin Álvarez Campos,11388,Néstor Alejandro Araújo Razo,Complete,16.7335,91.6,76.7,75.6,71.8
3857289,2022-11-26,Group Stage,Argentina,1,7,20,Mexico,11388,Néstor Alejandro Araújo Razo,30500,Kevin Nahin Álvarez Campos,Complete,13.832209,73.5,71.3,86.8,75.1
3857289,2022-11-26,Group Stage,Argentina,1,7,22,Mexico,30500,Kevin Nahin Álvarez Campos,5571,Hirving Rodrigo Lozano Bahena,Complete,25.869867,87.0,76.7,112.3,71.3
3857289,2022-11-26,Group Stage,Argentina,1,7,26,Mexico,5571,Hirving Rodrigo Lozano Bahena,26301,Ernesto Alexis Vega Rojas,Incomplete,1.4,117.1,77.0,117.1,75.6
3857289,2022-11-26,Group Stage,Argentina,1,8,5,Mexico,26301,Ernesto Alexis Vega Rojas,,,Incomplete,22.863289,120.0,80.0,112.8,58.3
3857289,2022-11-26,Group Stage,Argentina,1,8,10,Mexico,26301,Ernesto Alexis Vega Rojas,5576,Jesús Daniel Gallardo Vasconcelos,Complete,35.68669,92.7,77.5,65.0,55.0
3857289,2022-11-26,Group Stage,Argentina,1,8,14,Mexico,5576,Jesús Daniel Gallardo Vasconcelos,5563,José Andrés Guardado Hernández,Complete,22.555931,63.4,49.8,58.0,27.9
3857289,2022-11-26,Group Stage,Argentina,1,8,22,Mexico,5563,José Andrés Guardado Hernández,5571,Hirving Rodrigo Lozano Bahena,Complete,9.264988,73.7,10.0,82.7,7.8
3857289,2022-11-26,Group Stage,Argentina,1,9,12,Mexico,28825,Luis Gerardo Chávez Magallón,26368,César Jasib Montes Castro,Complete,33.78905,85.9,12.7,107.6,38.6
3857289,2022-11-26,Group Stage,Argentina,1,9,49,Mexico,5576,Jesús Daniel Gallardo Vasconcelos,26301,Ernesto Alexis Vega Rojas,Incomplete,28.114943,43.1,19.2,68.8,30.6
3857289,2022-11-26,Group Stage,Argentina,1,9,54,Mexico,5571,Hirving Rodrigo Lozano Bahena,26301,Ernesto Alexis Vega Rojas,Incomplete,34.634377,74.5,57.2,87.0,24.9
3857289,2022-11-26,Group Stage,Argentina,1,10,40,Mexico,5576,Jesús Daniel Gallardo Vasconcelos,5563,José Andrés Guardado Hernández,Complete,8.023091,51.5,9.7,50.1,17.6
3857289,2022-11-26,Group Stage,Argentina,1,10,41,Mexico,5563,José Andrés Guardado Hernández,5573,Héctor Alfredo Moreno Herrera,Complete,23.9253,50.1,15.4,26.2,16.5
3857289,2022-11-26,Group Stage,Argentina,1,10,44,Mexico,5573,Héctor Alfredo Moreno Herrera,5577,Francisco Guillermo Ochoa Magaña,Complete,25.78992,26.0,16.7,2.4,27.1
3857289,2022-11-26,Group Stage,Argentina,1,10,48,Mexico,5577,Francisco Guillermo Ochoa Magaña,5563,José Andrés Guardado Hernández,Complete,39.624866,2.6,34.1,40.3,21.9
3857289,2022-11-26,Group Stage,Argentina,1,10,50,Mexico,5563,José Andrés Guardado Hernández,5576,Jesús Daniel Gallardo Vasconcelos,Complete,18.102486,40.3,23.5,26.0,12.4
3857289,2022-11-26,Group Stage,Argentina,1,10,56,Mexico,5576,Jesús Daniel Gallardo Vasconcelos,26301,Ernesto Alexis Vega Rojas,Complete,16.5,45.0,4.5,61.5,4.5
3857289,2022-11-26,Group Stage,Argentina,1,11,24,Mexico,26368,César Jasib Montes Castro,5577,Francisco Guillermo Ochoa Magaña,Complete,32.369274,33.6,21.4,3.7,33.8
3857289,2022-11-26,Group Stage,Argentina,1,11,29,Mexico,5577,Francisco Guillermo Ochoa Magaña,26301,Ernesto Alexis Vega Rojas,Incomplete,54.580948,2.1,28.1,55.3,15.9
3857289,2022-11-26,Group Stage,Argentina,1,11,37,Mexico,26301,Ernesto Alexis Vega Rojas,5571,Hirving Rodrigo Lozano Bahena,Incomplete,17.6,75.4,9.4,93.0,9.4
3857289,2022-11-26,Group Stage,Argentina,1,12,36,Mexico,5576,Jesús Daniel Gallardo Vasconcelos,5573,Héctor Alfredo Moreno Herrera,Complete,16.510906,35.7,27.1,19.2,26.5
3857289,2022-11-26,Group Stage,Argentina,1,12,39,Mexico,5573,Héctor Alfredo Moreno Herrera,5576,Jesús Daniel Gallardo Vasconcelos,Complete,19.871588,19.7,25.2,32.5,10.0
3857289,2022-11-26,Group Stage,Argentina,1,14,18,Mexico,26301,Ernesto Alexis Vega Rojas,5571,Hirving Rodrigo Lozano Bahena,Incomplete,14.493102,75.9,58.5,82.1,71.6
3857289,2022-11-26,Group Stage,Argentina,1,14,34,Mexico,30500,Kevin Nahin Álvarez Campos,28825,Luis Gerardo Chávez Magallón,Complete,8.140024,94.1,80.0,87.6,75.1
3857289,2022-11-26,Group Stage,Argentina,1,14,37,Mexico,28825,Luis Gerardo Chávez Magallón,11388,Néstor Alejandro Araújo Razo,Complete,27.50491,83.2,76.7,55.8,74.3
3857289,2022-11-26,Group Stage,Argentina,1,14,39,Mexico,11388,Néstor Alejandro Araújo Razo,26368,César Jasib Montes Castro,Complete,24.001041,56.1,74.3,53.9,50.4
3857289,2022-11-26,Group Stage,Argentina,1,14,42,Mexico,26368,César Jasib Montes Castro,5573,Héctor Alfredo Moreno Herrera,Complete,21.268051,54.5,47.7,52.8,26.5
3857289,2022-11-26,Group Stage,Argentina,1,14,47,Mexico,5573,Héctor Alfredo Moreno Herrera,30500,Kevin Nahin Álvarez Campos,Complete,58.935898,66.4,25.4,97.6,75.4
3857289,2022-11-26,Group Stage,Argentina,1,14,52,Mexico,30500,Kevin Nahin Álvarez Campos,28825,Luis Gerardo Chávez Magallón,Complete,9.8270035,99.0,76.4,90.6,71.3
3857289,2022-11-26,Group Stage,Argentina,1,14,54,Mexico,28825,Luis Gerardo Chávez Magallón,11388,Néstor Alejandro Araújo Razo,Complete,17.201162,89.5,69.7,73.7,62.9
3857289,2022-11-26,Group Stage,Argentina,1,14,57,Mexico,11388,Néstor Alejandro Araújo Razo,26368,César Jasib Montes Castro,Complete,19.051771,69.9,62.1,61.5,45.0
3857289,2022-11-26,Group Stage,Argentina,1,14,58,Mexico,26368,César Jasib Montes Castro,5573,Héctor Alfredo Moreno Herrera,Complete,19.580091,61.5,45.5,64.8,26.2
3857289,2022-11-26,Group Stage,Argentina,1,15,1,Mexico,5573,Héctor Alfredo Moreno Herrera,5575,Héctor Miguel Herrera López,Complete,16.520594,69.9,26.0,79.7,39.3
3857289,2022-11-26,Group Stage,Argentina,1,15,5,Mexico,5575,Héctor Miguel Herrera López,11388,Néstor Alejandro Araújo Razo,Complete,20.545559,79.7,43.9,66.1,59.3
3857289,2022-11-26,Group Stage,Argentina,1,15,6,Mexico,11388,Néstor Alejandro Araújo Razo,28825,Luis Gerardo Chávez Magallón,Complete,13.482581,66.4,59.1,75.1,69.4
3857289,2022-11-26,Group Stage,Argentina,1,15,8,Mexico,28825,Luis Gerardo Chávez Magallón,30500,Kevin Nahin Álvarez Campos,Complete,11.280514,81.1,69.7,91.4,74.3
3857289,2022-11-26,Group Stage,Argentina,1,15,10,Mexico,30500,Kevin Nahin Álvarez Campos,28825,Luis Gerardo Chávez Magallón,Complete,11.410959,91.9,74.3,80.5,74.8
3857289,2022-11-26,Group Stage,Argentina,1,15,13,Mexico,28825,Luis Gerardo Chávez Magallón,5575,Héctor Miguel Herrera López,Complete,14.65401,80.5,75.6,86.2,62.1
3857289,2022-11-26,Group Stage,Argentina,1,15,15,Mexico,5575,Héctor Miguel Herrera López,30500,Kevin Nahin Álvarez Campos,Complete,13.984634,86.2,61.2,94.3,72.6
3857289,2022-11-26,Group Stage,Argentina,1,16,51,Mexico,28825,Luis Gerardo Chávez Magallón,5563,José Andrés Guardado Hernández,Complete,10.890363,37.6,40.1,29.8,32.5
3857289,2022-11-26,Group Stage,Argentina,1,16,53,Mexico,5563,José Andrés Guardado Hernández,5571,Hirving Rodrigo Lozano Bahena,Incomplete,30.30462,31.9,37.4,58.0,52.8
3857289,2022-11-26,Group Stage,Argentina,1,17,39,Mexico,5577,Francisco Guillermo Ochoa Magaña,26368,César Jasib Montes Castro,Complete,8.023091,23.8,40.6,31.7,42.0
3857289,2022-11-26,Group Stage,Argentina,1,17,42,Mexico,26368,César Jasib Montes Castro,11388,Néstor Alejandro Araújo Razo,Complete,18.82817,31.7,47.1,35.2,65.6
3857289,2022-11-26,Group Stage,Argentina,1,17,44,Mexico,11388,Néstor Alejandro Araújo Razo,26368,César Jasib Montes Castro,Complete,9.920181,39.0,67.8,33.0,59.9
3857289,2022-11-26,Group Stage,Argentina,1,17,49,Mexico,26368,César Jasib Montes Castro,11388,Néstor Alejandro Araújo Razo,Complete,30.901295,35.7,57.2,57.7,78.9
3857289,2022-11-26,Group Stage,Argentina,1,17,54,Mexico,11388,Néstor Alejandro Araújo Razo,28825,Luis Gerardo Chávez Magallón,Complete,20.068382,58.8,78.9,74.5,66.4
3857289,2022-11-26,Group Stage,Argentina,1,17,55,Mexico,28825,Luis Gerardo Chávez Magallón,30500,Kevin Nahin Álvarez Campos,Incomplete,9.626006,74.5,68.3,81.6,74.8
3857289,2022-11-26,Group Stage,Argentina,1,18,12,Mexico,11388,Néstor Alejandro Araújo Razo,30500,Kevin Nahin Álvarez Campos,Complete,16.226522,75.4,80.0,91.1,75.9
3857289,2022-11-26,Group Stage,Argentina,1,18,17,Mexico,26368,César Jasib Montes Castro,5571,Hirving Rodrigo Lozano Bahena,Incomplete,38.211124,56.4,77.5,91.1,61.5
3857289,2022-11-26,Group Stage,Argentina,1,18,27,Mexico,5573,Héctor Alfredo Moreno Herrera,5577,Francisco Guillermo Ochoa Magaña,Complete,30.500656,46.0,49.8,16.2,43.3
3857289,2022-11-26,Group Stage,Argentina,1,18,36,Mexico,5577,Francisco Guillermo Ochoa Magaña,26368,César Jasib Montes Castro,Complete,18.384777,16.2,43.9,29.2,56.9
3857289,2022-11-26,Group Stage,Argentina,1,18,39,Mexico,26368,César Jasib Montes Castro,11388,Néstor Alejandro Araújo Razo,Complete,17.123375,30.6,58.5,40.6,72.4
3857289,2022-11-26,Group Stage,Argentina,1,18,42,Mexico,11388,Néstor Alejandro Araújo Razo,26368,César Jasib Montes Castro,Complete,18.132015,47.7,74.0,33.6,62.6
3857289,2022-11-26,Group Stage,Argentina,1,18,49,Mexico,26368,César Jasib Montes Castro,5577,Francisco Guillermo Ochoa Magaña,Complete,33.5006,43.1,63.7,20.8,38.7
3857289,2022-11-26,Group Stage,Argentina,1,18,58,Mexico,5577,Francisco Guillermo Ochoa Magaña,5563,José Andrés Guardado Hernández,Complete,40.40854,21.6,49.6,25.7,9.4
3857289,2022-11-26,Group Stage,Argentina,1,19,2,Mexico,5563,José Andrés Guardado Hernández,26301,Ernesto Alexis Vega Rojas,Incomplete,39.703526,26.5,9.4,65.9,14.3
3857289,2022-11-26,Group Stage,Argentina,1,19,6,Mexico,28825,Luis Gerardo Chávez Magallón,5571,Hirving Rodrigo Lozano Bahena,Complete,26.154158,47.4,30.0,72.6,23.0
3857289,2022-11-26,Group Stage,Argentina,1,20,31,Mexico,5563,José Andrés Guardado Hernández,28825,Luis Gerardo Chávez Magallón,Complete,27.912184,82.4,32.2,95.4,56.9
3857289,2022-11-26,Group Stage,Argentina,1,20,32,Mexico,28825,Luis Gerardo Chávez Magallón,5575,Héctor Miguel Herrera López,Incomplete,25.95862,95.7,57.2,113.6,38.4
3857289,2022-11-26,Group Stage,Argentina,1,21,22,Mexico,5575,Héctor Miguel Herrera López,5563,José Andrés Guardado Hernández,Incomplete,7.1,68.8,20.3,75.9,20.3
3857289,2022-11-26,Group Stage,Argentina,1,24,46,Mexico,5573,Héctor Alfredo Moreno Herrera,5577,Francisco Guillermo Ochoa Magaña,Complete,15.384408,14.0,26.8,7.2,40.6
3857289,2022-11-26,Group Stage,Argentina,1,25,2,Mexico,5577,Francisco Guillermo Ochoa Magaña,28825,Luis Gerardo Chávez Magallón,Incomplete,47.3524,23.3,40.1,63.7,64.8
3857289,2022-11-26,Group Stage,Argentina,1,25,11,Mexico,28825,Luis Gerardo Chávez Magallón,11388,Néstor Alejandro Araújo Razo,Complete,23.320591,73.7,80.0,50.9,75.1
3857289,2022-11-26,Group Stage,Argentina,1,25,15,Mexico,11388,Néstor Alejandro Araújo Razo,28825,Luis Gerardo Chávez Magallón,Complete,12.347064,50.1,71.3,62.3,73.2
3857289,2022-11-26,Group Stage,Argentina,1,25,17,Mexico,28825,Luis Gerardo Chávez Magallón,11388,Néstor Alejandro Araújo Razo,Complete,16.650826,61.0,73.7,44.4,72.4
3857289,2022-11-26,Group Stage,Argentina,1,25,19,Mexico,11388,Néstor Alejandro Araújo Razo,26368,César Jasib Montes Castro,Complete,12.80039,42.8,72.6,33.6,63.7
3857289,2022-11-26,Group Stage,Argentina,1,25,23,Mexico,26368,César Jasib Montes Castro,5573,Héctor Alfredo Moreno Herrera,Complete,32.140316,33.3,59.3,30.3,27.3
3857289,2022-11-26,Group Stage,Argentina,1,25,25,Mexico,5573,Héctor Alfredo Moreno Herrera,5577,Francisco Guillermo Ochoa Magaña,Complete,29.560108,30.3,27.3,9.7,48.5
3857289,2022-11-26,Group Stage,Argentina,1,25,28,Mexico,5577,Francisco Guillermo Ochoa Magaña,5575,Héctor Miguel Herrera López,Complete,41.32808,10.0,47.7,50.1,57.7
3857289,2022-11-26,Group Stage,Argentina,1,25,32,Mexico,5575,Héctor Miguel Herrera López,11388,Néstor Alejandro Araújo Razo,Complete,20.571825,50.1,57.7,31.7,66.9
3857289,2022-11-26,Group Stage,Argentina,1,25,35,Mexico,11388,Néstor Alejandro Araújo Razo,5571,Hirving Rodrigo Lozano Bahena,Incomplete,62.369865,34.4,78.6,95.4,65.6
3857289,2022-11-26,Group Stage,Argentina,1,25,53,Mexico,30500,Kevin Nahin Álvarez Campos,5571,Hirving Rodrigo Lozano Bahena,Complete,8.570297,99.8,80.0,98.1,71.6
3857289,2022-11-26,Group Stage,Argentina,1,25,54,Mexico,5571,Hirving Rodrigo Lozano Bahena,30500,Kevin Nahin Álvarez Campos,Complete,12.185237,98.1,71.6,109.3,76.4
3857289,2022-11-26,Group Stage,Argentina,1,25,57,Mexico,30500,Kevin Nahin Álvarez Campos,26301,Ernesto Alexis Vega Rojas,Out,18.78643,118.2,74.5,120.0,55.8
3857289,2022-11-26,Group Stage,Argentina,1,26,27,Mexico,5563,José Andrés Guardado Hernández,5573,Héctor Alfredo Moreno Herrera,Complete,17.81011,70.5,9.4,53.1,13.2
3857289,2022-11-26,Group Stage,Argentina,1,26,30,Mexico,5573,Héctor Alfredo Moreno Herrera,26368,César Jasib Montes Castro,Complete,13.152946,50.9,17.6,44.7,29.2
3857289,2022-11-26,Group Stage,Argentina,1,26,31,Mexico,26368,César Jasib Montes Castro,5577,Francisco Guillermo Ochoa Magaña,Complete,31.444077,44.7,29.5,14.0,36.3
3857289,2022-11-26,Group Stage,Argentina,1,26,34,Mexico,5577,Francisco Guillermo Ochoa Magaña,5573,Héctor Alfredo Moreno Herrera,Complete,23.5595,12.7,35.2,20.3,12.9
3857289,2022-11-26,Group Stage,Argentina,1,26,37,Mexico,5573,Héctor Alfredo Moreno Herrera,5575,Héctor Miguel Herrera López,Complete,16.019987,20.3,13.5,36.3,12.7
3857289,2022-11-26,Group Stage,Argentina,1,26,39,Mexico,5575,Héctor Miguel Herrera López,5576,Jesús Daniel Gallardo Vasconcelos,Incomplete,6.942622,36.3,12.7,40.9,7.5
3857289,2022-11-26,Group Stage,Argentina,1,28,39,Mexico,5577,Francisco Guillermo Ochoa Magaña,5571,Hirving Rodrigo Lozano Bahena,Incomplete,70.538574,15.9,66.4,84.6,50.4
3857289,2022-11-26,Group Stage,Argentina,1,28,44,Mexico,5575,Héctor Miguel Herrera López,5563,José Andrés Guardado Hernández,Complete,15.604166,69.7,56.4,74.0,41.4
3857289,2022-11-26,Group Stage,Argentina,1,28,46,Mexico,5563,José Andrés Guardado Hernández,26368,César Jasib Montes Castro,Complete,20.689127,74.3,41.7,54.5,47.7
3857289,2022-11-26,Group Stage,Argentina,1,28,49,Mexico,26368,César Jasib Montes Castro,5573,Héctor Alfredo Moreno Herrera,Complete,14.603082,54.5,47.7,50.7,33.6
3857289,2022-11-26,Group Stage,Argentina,1,28,50,Mexico,5573,Héctor Alfredo Moreno Herrera,26368,César Jasib Montes Castro,Complete,19.97223,50.7,33.6,45.2,52.8
3857289,2022-11-26,Group Stage,Argentina,1,28,53,Mexico,26368,César Jasib Montes Castro,5571,Hirving Rodrigo Lozano Bahena,Incomplete,45.06939,46.6,57.4,91.6,59.9
3857289,2022-11-26,Group Stage,Argentina,1,28,57,Mexico,5563,José Andrés Guardado Hernández,30500,Kevin Nahin Álvarez Campos,Complete,14.990664,74.8,63.4,85.4,74.0
3857289,2022-11-26,Group Stage,Argentina,1,29,1,Mexico,30500,Kevin Nahin Álvarez Campos,11388,Néstor Alejandro Araújo Razo,Complete,21.185371,84.0,74.3,62.9,76.2
3857289,2022-11-26,Group Stage,Argentina,1,29,4,Mexico,11388,Néstor Alejandro Araújo Razo,26368,César Jasib Montes Castro,Complete,25.223204,63.7,76.4,41.2,65.0
3857289,2022-11-26,Group Stage,Argentina,1,29,6,Mexico,26368,César Jasib Montes Castro,5577,Francisco Guillermo Ochoa Magaña,Complete,33.90457,38.7,66.1,8.1,51.5
3857289,2022-11-26,Group Stage,Argentina,1,29,11,Mexico,5577,Francisco Guillermo Ochoa Magaña,5571,Hirving Rodrigo Lozano Bahena,Pass Offside,63.03348,5.1,49.8,68.0,53.9
3857289,2022-11-26,Group Stage,Argentina,1,30,16,Mexico,5576,Jesús Daniel Gallardo Vasconcelos,26301,Ernesto Alexis Vega Rojas,Complete,20.71835,26.8,0.1,46.6,6.2
3857289,2022-11-26,Group Stage,Argentina,1,31,39,Mexico,30500,Kevin Nahin Álvarez Campos,,,Out,6.8505473,4.8,60.2,1.0,65.9
3857289,2022-11-26,Group Stage,Argentina,1,34,36,Mexico,5577,Francisco Guillermo Ochoa Magaña,5571,Hirving Rodrigo Lozano Bahena,Incomplete,71.61152,5.6,45.2,77.0,50.7
3857289,2022-11-26,Group Stage,Argentina,1,34,44,Mexico,5573,Héctor Alfredo Moreno Herrera,5571,Hirving Rodrigo Lozano Bahena,Incomplete,11.162885,53.1,43.6,63.7,40.1
3857289,2022-11-26,Group Stage,Argentina,1,34,49,Mexico,5576,Jesús Daniel Gallardo Vasconcelos,26301,Ernesto Alexis Vega Rojas,Incomplete,37.10647,45.0,30.9,80.5,41.7
3857289,2022-11-26,Group Stage,Argentina,1,34,55,Mexico,5576,Jesús Daniel Gallardo Vasconcelos,5571,Hirving Rodrigo Lozano Bahena,Unknown,41.723495,39.0,29.8,78.9,42.0
3857289,2022-11-26,Group Stage,Argentina,1,36,2,Mexico,5563,José Andrés Guardado Hernández,26301,Ernesto Alexis Vega Rojas,Out,23.479778,28.7,17.0,45.0,0.1
3857289,2022-11-26,Group Stage,Argentina,1,36,32,Mexico,11388,Néstor Alejandro Araújo Razo,26368,César Jasib Montes Castro,Complete,27.097786,40.1,80.0,20.3,61.5
3857289,2022-11-26,Group Stage,Argentina,1,36,35,Mexico,26368,César Jasib Montes Castro,5577,Francisco Guillermo Ochoa Magaña,Complete,25.366316,20.0,61.2,7.2,39.3
3857289,2022-11-26,Group Stage,Argentina,1,36,38,Mexico,5577,Francisco Guillermo Ochoa Magaña,5563,José Andrés Guardado Hernández,Out,69.89685,9.4,38.2,68.0,0.1
3857289,2022-11-26,Group Stage,Argentina,1,36,55,Mexico,5573,Héctor Alfredo Moreno Herrera,5563,José Andrés Guardado Hernández,Complete,17.201162,36.8,21.1,52.6,14.3
3857289,2022-11-26,Group Stage,Argentina,1,36,58,Mexico,5563,José Andrés Guardado Hernández,5576,Jesús Daniel Gallardo Vasconcelos,Complete,12.133425,49.8,16.5,38.7,11.6
3857289,2022-11-26,Group Stage,Argentina,1,37,0,Mexico,5576,Jesús Daniel Gallardo Vasconcelos,5563,José Andrés Guardado Hernández,Complete,6.762396,39.5,11.6,42.2,17.8
3857289,2022-11-26,Group Stage,Argentina,1,37,1,Mexico,5563,José Andrés Guardado Hernández,5573,Héctor Alfredo Moreno Herrera,Complete,12.495199,42.2,17.8,30.0,20.5
3857289,2022-11-26,Group Stage,Argentina,1,37,2,Mexico,5573,Héctor Alfredo Moreno Herrera,26301,Ernesto Alexis Vega Rojas,Incomplete,28.68484,30.0,20.5,56.1,8.6
3857289,2022-11-26,Group Stage,Argentina,1,37,6,Mexico,5575,Héctor Miguel Herrera López,28825,Luis Gerardo Chávez Magallón,Complete,22.597788,45.8,25.7,47.9,48.2
3857289,2022-11-26,Group Stage,Argentina,1,37,8,Mexico,28825,Luis Gerardo Chávez Magallón,11388,Néstor Alejandro Araújo Razo,Complete,11.154371,44.7,55.0,43.6,66.1
3857289,2022-11-26,Group Stage,Argentina,1,37,15,Mexico,11388,Néstor Alejandro Araújo Razo,5571,Hirving Rodrigo Lozano Bahena,Incomplete,52.324852,68.3,73.2,119.3,61.5
3857289,2022-11-26,Group Stage,Argentina,1,38,36,Mexico,5577,Francisco Guillermo Ochoa Magaña,30500,Kevin Nahin Álvarez Campos,Incomplete,74.300064,7.0,44.1,78.3,65.0
3857289,2022-11-26,Group Stage,Argentina,1,39,5,Mexico,11388,Néstor Alejandro Araújo Razo,5571,Hirving Rodrigo Lozano Bahena,Complete,14.886235,70.2,80.0,77.8,67.2
3857289,2022-11-26,Group Stage,Argentina,1,39,8,Mexico,5575,Héctor Miguel Herrera López,5563,José Andrés Guardado Hernández,Complete,8.405355,65.6,64.5,65.3,56.1
3857289,2022-11-26,Group Stage,Argentina,1,39,10,Mexico,5563,José Andrés Guardado Hernández,5573,Héctor Alfredo Moreno Herrera,Complete,39.743427,66.1,56.9,38.4,28.4
3857289,2022-11-26,Group Stage,Argentina,1,39,16,Mexico,5573,Héctor Alfredo Moreno Herrera,5563,José Andrés Guardado Hernández,Complete,17.70452,33.0,16.5,47.4,26.8
3857289,2022-11-26,Group Stage,Argentina,1,39,17,Mexico,5563,José Andrés Guardado Hernández,5573,Héctor Alfredo Moreno Herrera,Out,25.642542,48.2,25.7,45.5,0.2
3857289,2022-11-26,Group Stage,Argentina,1,41,21,Mexico,5577,Francisco Guillermo Ochoa Magaña,28825,Luis Gerardo Chávez Magallón,Complete,70.23746,7.0,44.1,74.3,64.2
3857289,2022-11-26,Group Stage,Argentina,1,41,24,Mexico,28825,Luis Gerardo Chávez Magallón,30500,Kevin Nahin Álvarez Campos,Incomplete,15.469324,74.0,64.2,87.3,72.1
3857289,2022-11-26,Group Stage,Argentina,1,41,44,Mexico,30500,Kevin Nahin Álvarez Campos,26301,Ernesto Alexis Vega Rojas,Complete,27.323433,81.1,80.0,98.7,59.1
3857289,2022-11-26,Group Stage,Argentina,1,42,9,Mexico,30500,Kevin Nahin Álvarez Campos,28825,Luis Gerardo Chávez Magallón,Complete,8.570297,94.3,80.0,89.5,72.9
3857289,2022-11-26,Group Stage,Argentina,1,42,10,Mexico,28825,Luis Gerardo Chávez Magallón,30500,Kevin Nahin Álvarez Campos,Complete,5.841233,89.7,73.7,93.3,78.3
3857289,2022-11-26,Group Stage,Argentina,1,45,38,Mexico,5576,Jesús Daniel Gallardo Vasconcelos,26301,Ernesto Alexis Vega Rojas,Incomplete,28.381683,16.5,0.1,43.9,7.5
3857289,2022-11-26,Group Stage,Argentina,1,46,30,Mexico,5577,Francisco Guillermo Ochoa Magaña,26301,Ernesto Alexis Vega Rojas,Incomplete,87.25509,7.0,44.1,94.1,49.3
3857289,2022-11-26,Group Stage,Argentina,1,46,54,Mexico,26301,Ernesto Alexis Vega Rojas,15872,Érick Gabriel Gutiérrez Galaviz,Unknown,8.839118,56.4,29.5,50.1,23.3
3857289,2022-11-26,Group Stage,Argentina,1,47,6,Mexico,5575,Héctor Miguel Herrera López,28825,Luis Gerardo Chávez Magallón,Complete,5.707889,55.8,26.2,56.1,31.9
3857289,2022-11-26,Group Stage,Argentina,1,47,8,Mexico,28825,Luis Gerardo Chávez Magallón,11388,Néstor Alejandro Araújo Razo,Complete,35.04169,55.8,32.2,45.2,65.6
3857289,2022-11-26,Group Stage,Argentina,1,47,10,Mexico,11388,Néstor Alejandro Araújo Razo,30500,Kevin Nahin Álvarez Campos,Complete,14.759743,46.0,68.3,59.1,75.1
3857289,2022-11-26,Group Stage,Argentina,1,47,12,Mexico,30500,Kevin Nahin Álvarez Campos,11388,Néstor Alejandro Araújo Razo,Complete,16.731407,59.1,75.1,43.6,68.8
3857289,2022-11-26,Group Stage,Argentina,1,47,13,Mexico,11388,Néstor Alejandro Araújo Razo,26368,César Jasib Montes Castro,Complete,17.167994,43.6,68.8,34.1,54.5
3857289,2022-11-26,Group Stage,Argentina,1,47,20,Mexico,26368,César Jasib Montes Castro,11388,Néstor Alejandro Araújo Razo,Complete,13.72953,46.0,53.4,48.5,66.9
3857289,2022-11-26,Group Stage,Argentina,1,47,22,Mexico,11388,Néstor Alejandro Araújo Razo,30500,Kevin Nahin Álvarez Campos,Complete,16.012495,51.7,66.9,65.9,74.3
3857289,2022-11-26,Group Stage,Argentina,1,47,26,Mexico,30500,Kevin Nahin Álvarez Campos,28825,Luis Gerardo Chávez Magallón,Complete,9.688137,68.8,74.3,66.9,64.8
3857289,2022-11-26,Group Stage,Argentina,1,47,28,Mexico,28825,Luis Gerardo Chávez Magallón,11388,Néstor Alejandro Araújo Razo,Complete,18.5,63.4,64.8,45.8,70.5
3857289,2022-11-26,Group Stage,Argentina,1,47,31,Mexico,11388,Néstor Alejandro Araújo Razo,26368,César Jasib Montes Castro,Complete,12.536347,46.9,70.7,36.5,63.7
3857289,2022-11-26,Group Stage,Argentina,1,47,34,Mexico,26368,César Jasib Montes Castro,5577,Francisco Guillermo Ochoa Magaña,Complete,34.88911,35.5,62.9,20.5,31.4
3857289,2022-11-26,Group Stage,Argentina,1,47,39,Mexico,5577,Francisco Guillermo Ochoa Magaña,26301,Ernesto Alexis Vega Rojas,Pass Offside,58.792686,20.5,31.7,79.2,28.4
3857289,2022-11-26,Group Stage,Argentina,1,48,24,Mexico,30500,Kevin Nahin Álvarez Campos,11388,Néstor Alejandro Araújo Razo,Complete,24.641632,69.4,80.0,45.5,74.0
3857289,2022-11-26,Group Stage,Argentina,1,48,26,Mexico,11388,Néstor Alejandro Araújo Razo,5575,Héctor Miguel Herrera López,Complete,12.886039,46.0,74.0,57.7,68.6
3857289,2022-11-26,Group Stage,Argentina,1,48,31,Mexico,5575,Héctor Miguel Herrera López,15872,Érick Gabriel Gutiérrez Galaviz,Complete,10.978616,58.8,59.6,62.6,49.3
3857289,2022-11-26,Group Stage,Argentina,1,48,32,Mexico,15872,Érick Gabriel Gutiérrez Galaviz,5575,Héctor Miguel Herrera López,Complete,11.661903,62.6,49.3,52.6,55.3
3857289,2022-11-26,Group Stage,Argentina,1,48,35,Mexico,5575,Héctor Miguel Herrera López,26368,César Jasib Montes Castro,Complete,14.012137,46.6,61.2,37.1,50.9
3857289,2022-11-26,Group Stage,Argentina,1,48,37,Mexico,26368,César Jasib Montes Castro,5576,Jesús Daniel Gallardo Vasconcelos,Complete,45.06939,36.0,48.2,62.3,11.6
3857289,2022-11-26,Group Stage,Argentina,1,48,41,Mexico,5576,Jesús Daniel Gallardo Vasconcelos,26301,Ernesto Alexis Vega Rojas,Incomplete,5.5326304,58.5,8.3,64.0,8.9
3857289,2022-11-26,Group Stage,Argentina,1,49,10,Mexico,5576,Jesús Daniel Gallardo Vasconcelos,5571,Hirving Rodrigo Lozano Bahena,Incomplete,27.032574,74.0,0.1,100.0,7.5
3857289,2022-11-26,Group Stage,Argentina,1,49,34,Mexico,5573,Héctor Alfredo Moreno Herrera,5571,Hirving Rodrigo Lozano Bahena,Incomplete,27.704512,62.6,27.9,90.3,28.4
3857289,2022-11-26,Group Stage,Argentina,1,49,38,Mexico,5573,Héctor Alfredo Moreno Herrera,5571,Hirving Rodrigo Lozano Bahena,Incomplete,20.106218,59.6,26.8,79.7,27.3
3857289,2022-11-26,Group Stage,Argentina,2,45,10,Mexico,11388,Néstor Alejandro Araújo Razo,5571,Hirving Rodrigo Lozano Bahena,Incomplete,28.549782,46.4,61.0,74.2,54.5
3857289,2022-11-26,Group Stage,Argentina,2,45,12,Mexico,15872,Érick Gabriel Gutiérrez Galaviz,5575,Héctor Miguel Herrera López,Complete,8.354639,59.2,42.7,53.6,48.9
3857289,2022-11-26,Group Stage,Argentina,2,45,14,Mexico,5575,Héctor Miguel Herrera López,28825,Luis Gerardo Chávez Magallón,Complete,6.627217,57.0,53.8,57.6,60.4
3857289,2022-11-26,Group Stage,Argentina,2,45,16,Mexico,28825,Luis Gerardo Chávez Magallón,30500,Kevin Nahin Álvarez Campos,Complete,9.835141,59.2,65.8,62.4,75.1
3857289,2022-11-26,Group Stage,Argentina,2,45,20,Mexico,30500,Kevin Nahin Álvarez Campos,11388,Néstor Alejandro Araújo Razo,Complete,19.309324,58.2,70.8,38.9,70.2
3857289,2022-11-26,Group Stage,Argentina,2,45,23,Mexico,11388,Néstor Alejandro Araújo Razo,26368,César Jasib Montes Castro,Complete,17.307802,37.4,64.9,30.8,48.9
3857289,2022-11-26,Group Stage,Argentina,2,45,25,Mexico,26368,César Jasib Montes Castro,5573,Héctor Alfredo Moreno Herrera,Complete,23.203447,30.8,48.9,31.2,25.7
3857289,2022-11-26,Group Stage,Argentina,2,45,26,Mexico,5573,Héctor Alfredo Moreno Herrera,26368,César Jasib Montes Castro,Complete,27.224989,31.2,25.5,25.4,52.1
3857289,2022-11-26,Group Stage,Argentina,2,45,30,Mexico,26368,César Jasib Montes Castro,5571,Hirving Rodrigo Lozano Bahena,Incomplete,68.92206,33.1,50.0,90.6,12.0
3857289,2022-11-26,Group Stage,Argentina,2,46,21,Mexico,5575,Héctor Miguel Herrera López,28825,Luis Gerardo Chávez Magallón,Complete,5.080354,27.1,63.9,26.2,68.9
3857289,2022-11-26,Group Stage,Argentina,2,46,22,Mexico,28825,Luis Gerardo Chávez Magallón,26301,Ernesto Alexis Vega Rojas,Incomplete,5.185557,26.2,68.7,29.5,64.7
3857289,2022-11-26,Group Stage,Argentina,2,46,45,Mexico,26368,César Jasib Montes Castro,5577,Francisco Guillermo Ochoa Magaña,Complete,23.520416,29.2,64.9,15.2,46.0
3857289,2022-11-26,Group Stage,Argentina,2,46,57,Mexico,5577,Francisco Guillermo Ochoa Magaña,5576,Jesús Daniel Gallardo Vasconcelos,Complete,55.171097,15.2,45.6,50.5,3.2
3857289,2022-11-26,Group Stage,Argentina,2,47,1,Mexico,5576,Jesús Daniel Gallardo Vasconcelos,26301,Ernesto Alexis Vega Rojas,Incomplete,27.354158,50.5,3.2,59.0,29.2
3857289,2022-11-26,Group Stage,Argentina,2,47,8,Mexico,5573,Héctor Alfredo Moreno Herrera,5571,Hirving Rodrigo Lozano Bahena,Complete,33.882442,40.8,19.4,71.7,5.5
3857289,2022-11-26,Group Stage,Argentina,2,47,22,Mexico,11388,Néstor Alejandro Araújo Razo,5571,Hirving Rodrigo Lozano Bahena,Complete,37.74043,89.8,74.1,105.1,39.6
3857289,2022-11-26,Group Stage,Argentina,2,47,53,Mexico,11388,Néstor Alejandro Araújo Razo,26301,Ernesto Alexis Vega Rojas,Incomplete,72.76544,26.6,66.4,94.6,40.5
3857289,2022-11-26,Group Stage,Argentina,2,48,38,Mexico,26301,Ernesto Alexis Vega Rojas,5571,Hirving Rodrigo Lozano Bahena,Complete,17.395401,86.3,69.3,92.1,52.9
3857289,2022-11-26,Group Stage,Argentina,2,51,29,Mexico,5577,Francisco Guillermo Ochoa Magaña,30500,Kevin Nahin Álvarez Campos,Incomplete,75.528275,6.0,36.0,74.6,67.6
3857289,2022-11-26,Group Stage,Argentina,2,51,41,Mexico,5577,Francisco Guillermo Ochoa Magaña,5573,Héctor Alfredo Moreno Herrera,Complete,17.528263,16.5,40.2,21.5,23.4
3857289,2022-11-26,Group Stage,Argentina,2,51,44,Mexico,5573,Héctor Alfredo Moreno Herrera,5577,Francisco Guillermo Ochoa Magaña,Complete,20.584703,21.5,23.4,8.8,39.6
3857289,2022-11-26,Group Stage,Argentina,2,51,46,Mexico,5577,Francisco Guillermo Ochoa Magaña,26368,César Jasib Montes Castro,Complete,29.02585,8.8,39.6,14.3,68.1
3857289,2022-11-26,Group Stage,Argentina,2,51,50,Mexico,26368,César Jasib Montes Castro,26301,Ernesto Alexis Vega Rojas,Pass Offside,61.009262,15.0,68.3,73.2,50.0
3857289,2022-11-26,Group Stage,Argentina,2,53,26,Mexico,5577,Francisco Guillermo Ochoa Magaña,26368,César Jasib Montes Castro,Complete,8.728115,20.0,39.6,22.7,47.9
3857289,2022-11-26,Group Stage,Argentina,2,53,28,Mexico,26368,César Jasib Montes Castro,11388,Néstor Alejandro Araújo Razo,Complete,23.623081,22.7,48.1,31.8,69.9
3857289,2022-11-26,Group Stage,Argentina,2,53,32,Mexico,11388,Néstor Alejandro Araújo Razo,26368,César Jasib Montes Castro,Complete,18.493782,31.8,69.9,22.7,53.8
3857289,2022-11-26,Group Stage,Argentina,2,53,34,Mexico,26368,César Jasib Montes Castro,5575,Héctor Miguel Herrera López,Complete,11.8456745,22.7,53.8,34.3,51.4
3857289,2022-11-26,Group Stage,Argentina,2,53,35,Mexico,5575,Héctor Miguel Herrera López,11388,Néstor Alejandro Araújo Razo,Complete,23.0,35.0,51.9,35.0,74.9
3857289,2022-11-26,Group Stage,Argentina,2,53,37,Mexico,11388,Néstor Alejandro Araújo Razo,26301,Ernesto Alexis Vega Rojas,Incomplete,54.005184,38.5,74.3,85.5,47.7
3857289,2022-11-26,Group Stage,Argentina,2,54,12,Mexico,5576,Jesús Daniel Gallardo Vasconcelos,5571,Hirving Rodrigo Lozano Bahena,Incomplete,52.878822,16.0,2.6,68.4,9.7
3857289,2022-11-26,Group Stage,Argentina,2,55,15,Mexico,5571,Hirving Rodrigo Lozano Bahena,30500,Kevin Nahin Álvarez Campos,Incomplete,65.3294,39.1,15.7,89.8,56.9
3857289,2022-11-26,Group Stage,Argentina,2,55,37,Mexico,15872,Érick Gabriel Gutiérrez Galaviz,5571,Hirving Rodrigo Lozano Bahena,Complete,16.910648,48.0,50.2,48.6,33.3
3857289,2022-11-26,Group Stage,Argentina,2,57,11,Mexico,5577,Francisco Guillermo Ochoa Magaña,28825,Luis Gerardo Chávez Magallón,Complete,64.751915,6.0,44.0,66.9,66.0
3857289,2022-11-26,Group Stage,Argentina,2,57,15,Mexico,28825,Luis Gerardo Chávez Magallón,15872,Érick Gabriel Gutiérrez Galaviz,Complete,25.564234,66.5,66.0,62.2,40.8
3857289,2022-11-26,Group Stage,Argentina,2,57,17,Mexico,15872,Érick Gabriel Gutiérrez Galaviz,5575,Héctor Miguel Herrera López,Complete,11.706836,62.2,40.8,62.6,52.5
3857289,2022-11-26,Group Stage,Argentina,2,57,19,Mexico,5575,Héctor Miguel Herrera López,11388,Néstor Alejandro Araújo Razo,Complete,16.450228,62.6,53.3,49.1,62.7
3857289,2022-11-26,Group Stage,Argentina,2,57,25,Mexico,11388,Néstor Alejandro Araújo Razo,28825,Luis Gerardo Chávez Magallón,Complete,8.521151,57.8,64.9,58.4,73.4
3857289,2022-11-26,Group Stage,Argentina,2,57,28,Mexico,28825,Luis Gerardo Chávez Magallón,11388,Néstor Alejandro Araújo Razo,Complete,15.23286,58.4,73.4,43.2,72.4
3857289,2022-11-26,Group Stage,Argentina,2,57,30,Mexico,11388,Néstor Alejandro Araújo Razo,5571,Hirving Rodrigo Lozano Bahena,Incomplete,39.794094,43.2,75.5,82.3,68.1
3857289,2022-11-26,Group Stage,Argentina,2,57,37,Mexico,5575,Héctor Miguel Herrera López,26301,Ernesto Alexis Vega Rojas,Incomplete,18.233212,52.6,65.1,68.4,56.0
3857289,2022-11-26,Group Stage,Argentina,2,57,40,Mexico,5575,Héctor Miguel Herrera López,5571,Hirving Rodrigo Lozano Bahena,Complete,12.701574,54.5,57.5,67.2,57.3
3857289,2022-11-26,Group Stage,Argentina,2,57,41,Mexico,5571,Hirving Rodrigo Lozano Bahena,15872,Érick Gabriel Gutiérrez Galaviz,Complete,23.300858,67.2,57.3,67.4,34.0
3857289,2022-11-26,Group Stage,Argentina,2,57,45,Mexico,15872,Érick Gabriel Gutiérrez Galaviz,5573,Héctor Alfredo Moreno Herrera,Complete,12.248265,62.2,28.8,50.3,25.9
3857289,2022-11-26,Group Stage,Argentina,2,57,46,Mexico,5573,Héctor Alfredo Moreno Herrera,15872,Érick Gabriel Gutiérrez Galaviz,Complete,10.607545,50.3,25.9,60.9,26.3
3857289,2022-11-26,Group Stage,Argentina,2,57,49,Mexico,15872,Érick Gabriel Gutiérrez Galaviz,5576,Jesús Daniel Gallardo Vasconcelos,Incomplete,46.844955,63.2,19.0,107.3,3.2
3857289,2022-11-26,Group Stage,Argentina,2,58,17,Mexico,5576,Jesús Daniel Gallardo Vasconcelos,26301,Ernesto Alexis Vega Rojas,Complete,65.83859,22.0,30.4,80.4,60.8
3857289,2022-11-26,Group Stage,Argentina,2,59,11,Mexico,26301,Ernesto Alexis Vega Rojas,,,Incomplete,34.303497,85.2,66.0,108.9,41.2
3857289,2022-11-26,Group Stage,Argentina,2,62,2,Mexico,30500,Kevin Nahin Álvarez Campos,26301,Ernesto Alexis Vega Rojas,Complete,4.8373547,32.9,77.6,37.7,77.0
3857289,2022-11-26,Group Stage,Argentina,2,62,49,Mexico,11388,Néstor Alejandro Araújo Razo,26301,Ernesto Alexis Vega Rojas,Complete,24.908834,24.4,80.0,48.6,74.1
3857289,2022-11-26,Group Stage,Argentina,2,62,51,Mexico,26301,Ernesto Alexis Vega Rojas,5571,Hirving Rodrigo Lozano Bahena,Complete,12.704723,48.0,74.3,59.5,68.9
3857289,2022-11-26,Group Stage,Argentina,2,65,30,Mexico,5568,Raúl Alonso Jiménez Rodríguez,28825,Luis Gerardo Chávez Magallón,Complete,16.147446,60.0,40.0,45.7,47.5
3857289,2022-11-26,Group Stage,Argentina,2,65,37,Mexico,28825,Luis Gerardo Chávez Magallón,11388,Néstor Alejandro Araújo Razo,Complete,21.874186,54.5,52.7,56.3,74.5
3857289,2022-11-26,Group Stage,Argentina,2,65,41,Mexico,11388,Néstor Alejandro Araújo Razo,5575,Héctor Miguel Herrera López,Complete,18.324028,59.2,75.3,54.1,57.7
3857289,2022-11-26,Group Stage,Argentina,2,65,43,Mexico,5575,Héctor Miguel Herrera López,11388,Néstor Alejandro Araújo Razo,Complete,17.901117,53.6,57.5,55.5,75.3
3857289,2022-11-26,Group Stage,Argentina,2,65,44,Mexico,11388,Néstor Alejandro Araújo Razo,26368,César Jasib Montes Castro,Complete,23.281967,54.9,75.3,43.5,55.0
3857289,2022-11-26,Group Stage,Argentina,2,65,48,Mexico,26368,César Jasib Montes Castro,11388,Néstor Alejandro Araújo Razo,Complete,18.930662,43.5,55.0,52.6,71.6
3857289,2022-11-26,Group Stage,Argentina,2,65,50,Mexico,11388,Néstor Alejandro Araújo Razo,15452,Carlos Uriel Antuna Romero,Incomplete,27.858212,55.1,71.6,82.9,73.4
3857289,2022-11-26,Group Stage,Argentina,2,66,33,Mexico,11388,Néstor Alejandro Araújo Razo,5568,Raúl Alonso Jiménez Rodríguez,Complete,38.89884,57.0,73.1,90.6,53.5
3857289,2022-11-26,Group Stage,Argentina,2,66,37,Mexico,5568,Raúl Alonso Jiménez Rodríguez,15452,Carlos Uriel Antuna Romero,Complete,30.705862,91.9,55.4,117.2,72.8
3857289,2022-11-26,Group Stage,Argentina,2,66,40,Mexico,15452,Carlos Uriel Antuna Romero,,,Incomplete,2.8635643,116.6,72.8,116.0,70.0
3857289,2022-11-26,Group Stage,Argentina,2,66,46,Mexico,26368,César Jasib Montes Castro,5575,Héctor Miguel Herrera López,Incomplete,1.7029387,64.0,62.3,65.7,62.2
3857289,2022-11-26,Group Stage,Argentina,2,66,50,Mexico,26368,César Jasib Montes Castro,5568,Raúl Alonso Jiménez Rodríguez,Incomplete,7.17844,75.5,75.8,82.3,73.5
3857289,2022-11-26,Group Stage,Argentina,2,67,22,Mexico,11388,Néstor Alejandro Araújo Razo,5568,Raúl Alonso Jiménez Rodríguez,Complete,9.483143,97.1,80.0,99.4,70.8
3857289,2022-11-26,Group Stage,Argentina,2,67,23,Mexico,5568,Raúl Alonso Jiménez Rodríguez,28825,Luis Gerardo Chávez Magallón,Complete,6.228965,99.4,70.8,105.6,71.4
3857289,2022-11-26,Group Stage,Argentina,2,67,26,Mexico,5568,Raúl Alonso Jiménez Rodríguez,5571,Hirving Rodrigo Lozano Bahena,Complete,44.890644,99.8,64.3,104.9,19.7
3857289,2022-11-26,Group Stage,Argentina,2,67,31,Mexico,5571,Hirving Rodrigo Lozano Bahena,15872,Érick Gabriel Gutiérrez Galaviz,Complete,4.0816665,98.5,23.4,95.0,25.5
3857289,2022-11-26,Group Stage,Argentina,2,67,31,Mexico,15872,Érick Gabriel Gutiérrez Galaviz,5576,Jesús Daniel Gallardo Vasconcelos,Incomplete,3.0232432,95.0,25.5,97.5,23.8
3857289,2022-11-26,Group Stage,Argentina,2,67,35,Mexico,11388,Néstor Alejandro Araújo Razo,26368,César Jasib Montes Castro,Complete,25.88745,84.8,59.6,59.4,54.6
3857289,2022-11-26,Group Stage,Argentina,2,67,40,Mexico,26368,César Jasib Montes Castro,5568,Raúl Alonso Jiménez Rodríguez,Complete,32.763393,54.1,66.4,85.3,76.4
3857289,2022-11-26,Group Stage,Argentina,2,67,44,Mexico,5568,Raúl Alonso Jiménez Rodríguez,15452,Carlos Uriel Antuna Romero,Complete,15.096026,92.3,75.6,107.3,73.9
3857289,2022-11-26,Group Stage,Argentina,2,67,48,Mexico,15452,Carlos Uriel Antuna Romero,5568,Raúl Alonso Jiménez Rodríguez,Complete,12.872451,108.7,77.0,106.6,64.3
3857289,2022-11-26,Group Stage,Argentina,2,67,49,Mexico,5568,Raúl Alonso Jiménez Rodríguez,15452,Carlos Uriel Antuna Romero,Pass Offside,11.054863,106.6,64.3,117.6,65.4
3857289,2022-11-26,Group Stage,Argentina,2,69,2,Mexico,26368,César Jasib Montes Castro,15452,Carlos Uriel Antuna Romero,Complete,21.55203,29.1,60.4,45.9,73.9
3857289,2022-11-26,Group Stage,Argentina,2,69,54,Mexico,5577,Francisco Guillermo Ochoa Magaña,26368,César Jasib Montes Castro,Complete,11.555085,6.0,44.0,10.6,54.6
3857289,2022-11-26,Group Stage,Argentina,2,69,55,Mexico,26368,César Jasib Montes Castro,11388,Néstor Alejandro Araújo Razo,Complete,28.809027,10.6,54.6,29.2,76.6
3857289,2022-11-26,Group Stage,Argentina,2,70,0,Mexico,11388,Néstor Alejandro Araújo Razo,26368,César Jasib Montes Castro,Complete,19.425756,30.8,76.3,21.4,59.3
3857289,2022-11-26,Group Stage,Argentina,2,70,3,Mexico,26368,César Jasib Montes Castro,15872,Érick Gabriel Gutiérrez Galaviz,Complete,6.3411355,30.8,60.8,35.8,56.9
3857289,2022-11-26,Group Stage,Argentina,2,70,4,Mexico,15872,Érick Gabriel Gutiérrez Galaviz,26368,César Jasib Montes Castro,Complete,5.0159745,35.8,56.9,31.2,58.9
3857289,2022-11-26,Group Stage,Argentina,2,70,4,Mexico,26368,César Jasib Montes Castro,5573,Héctor Alfredo Moreno Herrera,Complete,39.555153,31.2,58.9,27.7,19.5
3857289,2022-11-26,Group Stage,Argentina,2,70,10,Mexico,5573,Héctor Alfredo Moreno Herrera,5576,Jesús Daniel Gallardo Vasconcelos,Complete,14.8499155,39.9,13.7,50.5,3.3
3857289,2022-11-26,Group Stage,Argentina,2,70,12,Mexico,5576,Jesús Daniel Gallardo Vasconcelos,5573,Héctor Alfredo Moreno Herrera,Complete,10.846659,50.5,3.3,41.6,9.5
3857289,2022-11-26,Group Stage,Argentina,2,70,18,Mexico,5573,Héctor Alfredo Moreno Herrera,15872,Érick Gabriel Gutiérrez Galaviz,Complete,11.423659,47.4,8.1,57.3,2.4
3857289,2022-11-26,Group Stage,Argentina,2,70,26,Mexico,15872,Érick Gabriel Gutiérrez Galaviz,5573,Héctor Alfredo Moreno Herrera,Complete,12.997308,62.8,2.0,50.5,6.2
3857289,2022-11-26,Group Stage,Argentina,2,70,28,Mexico,5573,Héctor Alfredo Moreno Herrera,26368,César Jasib Montes Castro,Complete,31.945265,50.5,6.2,43.2,37.3
3857289,2022-11-26,Group Stage,Argentina,2,71,22,Mexico,11388,Néstor Alejandro Araújo Razo,5573,Héctor Alfredo Moreno Herrera,Complete,15.559563,32.1,61.5,27.0,46.8
3857289,2022-11-26,Group Stage,Argentina,2,71,25,Mexico,5573,Héctor Alfredo Moreno Herrera,5575,Héctor Miguel Herrera López,Incomplete,11.807201,27.0,46.8,32.4,57.3
3857289,2022-11-26,Group Stage,Argentina,2,71,50,Mexico,15872,Érick Gabriel Gutiérrez Galaviz,5571,Hirving Rodrigo Lozano Bahena,Incomplete,12.218838,28.5,7.2,40.6,8.9
3857289,2022-11-26,Group Stage,Argentina,2,71,54,Mexico,5575,Héctor Miguel Herrera López,5568,Raúl Alonso Jiménez Rodríguez,Complete,8.600581,35.6,22.4,43.5,19.0
3857289,2022-11-26,Group Stage,Argentina,2,71,55,Mexico,5568,Raúl Alonso Jiménez Rodríguez,15452,Carlos Uriel Antuna Romero,Incomplete,52.369934,43.5,19.0,82.9,53.5
3857289,2022-11-26,Group Stage,Argentina,2,72,24,Mexico,11388,Néstor Alejandro Araújo Razo,26368,César Jasib Montes Castro,Complete,15.100331,87.3,80.0,73.4,74.1
3857289,2022-11-26,Group Stage,Argentina,2,72,25,Mexico,26368,César Jasib Montes Castro,15872,Érick Gabriel Gutiérrez Galaviz,Complete,18.109941,70.1,73.5,70.7,55.4
3857289,2022-11-26,Group Stage,Argentina,2,72,28,Mexico,15872,Érick Gabriel Gutiérrez Galaviz,5573,Héctor Alfredo Moreno Herrera,Complete,28.081667,69.0,51.7,60.3,25.0
3857289,2022-11-26,Group Stage,Argentina,2,72,32,Mexico,5573,Héctor Alfredo Moreno Herrera,5576,Jesús Daniel Gallardo Vasconcelos,Complete,14.338758,70.6,16.3,77.8,3.9
3857289,2022-11-26,Group Stage,Argentina,2,72,35,Mexico,5576,Jesús Daniel Gallardo Vasconcelos,26375,Roberto Carlos Alvarado Hernández,Complete,8.516455,78.3,4.3,86.5,2.0
3857289,2022-11-26,Group Stage,Argentina,2,73,4,Mexico,5575,Héctor Miguel Herrera López,11388,Néstor Alejandro Araújo Razo,Complete,29.306143,70.9,28.2,58.6,54.8
3857289,2022-11-26,Group Stage,Argentina,2,73,7,Mexico,11388,Néstor Alejandro Araújo Razo,26368,César Jasib Montes Castro,Complete,24.685421,58.6,54.8,44.7,34.4
3857289,2022-11-26,Group Stage,Argentina,2,73,11,Mexico,26368,César Jasib Montes Castro,5573,Héctor Alfredo Moreno Herrera,Complete,29.062174,46.8,32.8,57.8,5.9
3857289,2022-11-26,Group Stage,Argentina,2,73,15,Mexico,5573,Héctor Alfredo Moreno Herrera,5568,Raúl Alonso Jiménez Rodríguez,Incomplete,57.911053,64.2,3.5,107.9,41.5
3857289,2022-11-26,Group Stage,Argentina,2,74,21,Mexico,28825,Luis Gerardo Chávez Magallón,26375,Roberto Carlos Alvarado Hernández,Incomplete,8.886507,56.6,8.4,65.0,5.5
3857289,2022-11-26,Group Stage,Argentina,2,74,32,Mexico,5573,Héctor Alfredo Moreno Herrera,15872,Érick Gabriel Gutiérrez Galaviz,Complete,9.078547,28.1,23.0,35.0,17.1
3857289,2022-11-26,Group Stage,Argentina,2,74,35,Mexico,15872,Érick Gabriel Gutiérrez Galaviz,26375,Roberto Carlos Alvarado Hernández,Complete,10.456099,32.9,15.5,38.7,6.8
3857289,2022-11-26,Group Stage,Argentina,2,74,36,Mexico,26375,Roberto Carlos Alvarado Hernández,28825,Luis Gerardo Chávez Magallón,Complete,6.158734,38.7,6.8,42.0,12.0
3857289,2022-11-26,Group Stage,Argentina,2,74,52,Mexico,15872,Érick Gabriel Gutiérrez Galaviz,26368,César Jasib Montes Castro,Complete,38.03367,47.0,14.9,45.4,52.9
3857289,2022-11-26,Group Stage,Argentina,2,74,54,Mexico,26368,César Jasib Montes Castro,11388,Néstor Alejandro Araújo Razo,Complete,20.110943,45.4,52.9,52.8,71.6
3857289,2022-11-26,Group Stage,Argentina,2,74,58,Mexico,11388,Néstor Alejandro Araújo Razo,26368,César Jasib Montes Castro,Complete,17.461386,52.8,71.6,42.5,57.5
3857289,2022-11-26,Group Stage,Argentina,2,75,1,Mexico,26368,César Jasib Montes Castro,5573,Héctor Alfredo Moreno Herrera,Complete,39.414337,45.3,55.3,51.0,16.3
3857289,2022-11-26,Group Stage,Argentina,2,75,6,Mexico,5573,Héctor Alfredo Moreno Herrera,26375,Roberto Carlos Alvarado Hernández,Complete,13.170042,61.4,10.5,74.2,7.4
3857289,2022-11-26,Group Stage,Argentina,2,75,9,Mexico,26375,Roberto Carlos Alvarado Hernández,5576,Jesús Daniel Gallardo Vasconcelos,Out,13.641848,76.9,6.4,89.0,0.1
3857289,2022-11-26,Group Stage,Argentina,2,75,57,Mexico,11388,Néstor Alejandro Araújo Razo,5568,Raúl Alonso Jiménez Rodríguez,Complete,8.561542,76.3,31.5,84.2,28.2
3857289,2022-11-26,Group Stage,Argentina,2,75,58,Mexico,5568,Raúl Alonso Jiménez Rodríguez,5575,Héctor Miguel Herrera López,Complete,10.030454,84.8,27.8,75.4,24.3
3857289,2022-11-26,Group Stage,Argentina,2,76,0,Mexico,5575,Héctor Miguel Herrera López,15872,Érick Gabriel Gutiérrez Galaviz,Complete,12.925169,75.4,24.3,81.3,12.8
3857289,2022-11-26,Group Stage,Argentina,2,76,1,Mexico,15872,Érick Gabriel Gutiérrez Galaviz,5576,Jesús Daniel Gallardo Vasconcelos,Complete,11.119802,81.3,12.8,88.7,4.5
3857289,2022-11-26,Group Stage,Argentina,2,76,4,Mexico,5576,Jesús Daniel Gallardo Vasconcelos,28825,Luis Gerardo Chávez Magallón,Complete,28.756216,92.3,2.2,103.7,28.6
3857289,2022-11-26,Group Stage,Argentina,2,76,7,Mexico,28825,Luis Gerardo Chávez Magallón,26375,Roberto Carlos Alvarado Hernández,Complete,5.147815,105.4,24.8,103.3,20.1
3857289,2022-11-26,Group Stage,Argentina,2,76,10,Mexico,15872,Érick Gabriel Gutiérrez Galaviz,5575,Héctor Miguel Herrera López,Complete,13.938795,91.0,16.5,81.5,26.7
3857289,2022-11-26,Group Stage,Argentina,2,76,15,Mexico,5575,Héctor Miguel Herrera López,5576,Jesús Daniel Gallardo Vasconcelos,Complete,12.258874,83.6,12.6,90.4,2.4
3857289,2022-11-26,Group Stage,Argentina,2,76,18,Mexico,5576,Jesús Daniel Gallardo Vasconcelos,5575,Héctor Miguel Herrera López,Complete,14.945903,90.4,2.4,75.7,5.1
3857289,2022-11-26,Group Stage,Argentina,2,76,21,Mexico,5575,Héctor Miguel Herrera López,26368,César Jasib Montes Castro,Complete,37.871494,75.7,5.1,68.6,42.3
3857289,2022-11-26,Group Stage,Argentina,2,76,23,Mexico,26368,César Jasib Montes Castro,11388,Néstor Alejandro Araújo Razo,Incomplete,7.528612,68.6,42.3,73.4,48.1
3857289,2022-11-26,Group Stage,Argentina,2,76,48,Mexico,11388,Néstor Alejandro Araújo Razo,5568,Raúl Alonso Jiménez Rodríguez,Complete,35.650105,3.5,73.8,36.2,59.6
3857289,2022-11-26,Group Stage,Argentina,2,77,14,Mexico,5577,Francisco Guillermo Ochoa Magaña,5573,Héctor Alfredo Moreno Herrera,Complete,22.968891,6.0,44.0,10.1,21.4
3857289,2022-11-26,Group Stage,Argentina,2,77,24,Mexico,5573,Héctor Alfredo Moreno Herrera,26375,Roberto Carlos Alvarado Hernández,Complete,14.860686,44.1,10.4,57.1,3.2
3857289,2022-11-26,Group Stage,Argentina,2,77,27,Mexico,26375,Roberto Carlos Alvarado Hernández,15872,Érick Gabriel Gutiérrez Galaviz,Complete,6.3560996,59.7,4.1,57.1,9.9
3857289,2022-11-26,Group Stage,Argentina,2,77,29,Mexico,15872,Érick Gabriel Gutiérrez Galaviz,5575,Héctor Miguel Herrera López,Complete,28.553984,57.1,10.4,53.3,38.7
3857289,2022-11-26,Group Stage,Argentina,2,77,36,Mexico,5575,Héctor Miguel Herrera López,11388,Néstor Alejandro Araújo Razo,Complete,20.396078,66.8,55.3,75.6,73.7
3857289,2022-11-26,Group Stage,Argentina,2,77,39,Mexico,11388,Néstor Alejandro Araújo Razo,5575,Héctor Miguel Herrera López,Complete,13.072873,75.8,73.4,67.5,63.3
3857289,2022-11-26,Group Stage,Argentina,2,77,42,Mexico,5575,Héctor Miguel Herrera López,28825,Luis Gerardo Chávez Magallón,Complete,11.063454,67.2,60.2,74.4,51.8
3857289,2022-11-26,Group Stage,Argentina,2,77,45,Mexico,28825,Luis Gerardo Chávez Magallón,5573,Héctor Alfredo Moreno Herrera,Complete,30.893366,73.7,46.7,76.1,15.9
3857289,2022-11-26,Group Stage,Argentina,2,77,49,Mexico,5573,Héctor Alfredo Moreno Herrera,5568,Raúl Alonso Jiménez Rodríguez,Complete,11.6760435,80.5,12.1,91.7,15.4
3857289,2022-11-26,Group Stage,Argentina,2,77,52,Mexico,5568,Raúl Alonso Jiménez Rodríguez,5576,Jesús Daniel Gallardo Vasconcelos,Complete,10.507616,86.4,12.0,86.8,1.5
3857289,2022-11-26,Group Stage,Argentina,2,77,54,Mexico,5576,Jesús Daniel Gallardo Vasconcelos,5573,Héctor Alfredo Moreno Herrera,Complete,17.79101,92.7,3.7,76.1,10.1
3857289,2022-11-26,Group Stage,Argentina,2,77,56,Mexico,5573,Héctor Alfredo Moreno Herrera,5568,Raúl Alonso Jiménez Rodríguez,Complete,8.612201,76.1,10.1,84.5,12.0
3857289,2022-11-26,Group Stage,Argentina,2,77,59,Mexico,5568,Raúl Alonso Jiménez Rodríguez,26375,Roberto Carlos Alvarado Hernández,Incomplete,2.3853722,89.4,15.4,90.7,17.4
3857289,2022-11-26,Group Stage,Argentina,2,78,52,Mexico,5573,Héctor Alfredo Moreno Herrera,15872,Érick Gabriel Gutiérrez Galaviz,Complete,12.175796,46.5,5.5,56.6,12.3
3857289,2022-11-26,Group Stage,Argentina,2,78,53,Mexico,15872,Érick Gabriel Gutiérrez Galaviz,5568,Raúl Alonso Jiménez Rodríguez,Incomplete,20.106964,56.6,12.3,76.4,8.8
3857289,2022-11-26,Group Stage,Argentina,2,78,57,Mexico,26368,César Jasib Montes Castro,28825,Luis Gerardo Chávez Magallón,Incomplete,18.859745,43.2,15.9,62.0,17.4
3857289,2022-11-26,Group Stage,Argentina,2,79,47,Mexico,26368,César Jasib Montes Castro,5577,Francisco Guillermo Ochoa Magaña,Complete,23.563744,36.0,30.8,13.8,38.7
3857289,2022-11-26,Group Stage,Argentina,2,79,51,Mexico,5577,Francisco Guillermo Ochoa Magaña,5573,Héctor Alfredo Moreno Herrera,Complete,26.15435,13.6,38.5,22.2,13.8
3857289,2022-11-26,Group Stage,Argentina,2,79,58,Mexico,5573,Héctor Alfredo Moreno Herrera,26368,César Jasib Montes Castro,Complete,24.212393,47.0,13.9,43.8,37.9
3857289,2022-11-26,Group Stage,Argentina,2,80,1,Mexico,26368,César Jasib Montes Castro,11388,Néstor Alejandro Araújo Razo,Complete,33.616215,45.9,44.3,64.8,72.1
3857289,2022-11-26,Group Stage,Argentina,2,80,3,Mexico,11388,Néstor Alejandro Araújo Razo,15452,Carlos Uriel Antuna Romero,Complete,11.815245,71.1,77.8,82.9,77.2
3857289,2022-11-26,Group Stage,Argentina,2,80,6,Mexico,15452,Carlos Uriel Antuna Romero,11388,Néstor Alejandro Araújo Razo,Complete,11.2,79.2,75.8,68.0,75.8
3857289,2022-11-26,Group Stage,Argentina,2,80,8,Mexico,11388,Néstor Alejandro Araújo Razo,26368,César Jasib Montes Castro,Complete,30.953674,68.0,75.8,48.7,51.6
3857289,2022-11-26,Group Stage,Argentina,2,80,12,Mexico,26368,César Jasib Montes Castro,15872,Érick Gabriel Gutiérrez Galaviz,Complete,14.221462,52.3,49.9,62.0,39.5
3857289,2022-11-26,Group Stage,Argentina,2,80,13,Mexico,15872,Érick Gabriel Gutiérrez Galaviz,26368,César Jasib Montes Castro,Complete,17.593464,62.0,39.5,44.8,43.2
3857289,2022-11-26,Group Stage,Argentina,2,80,16,Mexico,26368,César Jasib Montes Castro,11388,Néstor Alejandro Araújo Razo,Complete,28.711147,44.8,43.2,45.6,71.9
3857289,2022-11-26,Group Stage,Argentina,2,80,18,Mexico,11388,Néstor Alejandro Araújo Razo,5577,Francisco Guillermo Ochoa Magaña,Complete,42.944614,45.6,71.9,8.6,50.1
3857289,2022-11-26,Group Stage,Argentina,2,80,25,Mexico,5577,Francisco Guillermo Ochoa Magaña,26368,César Jasib Montes Castro,Complete,14.213022,10.8,50.5,20.9,40.5
3857289,2022-11-26,Group Stage,Argentina,2,80,29,Mexico,26368,César Jasib Montes Castro,5573,Héctor Alfredo Moreno Herrera,Complete,25.504902,37.9,24.0,53.6,3.9
3857289,2022-11-26,Group Stage,Argentina,2,80,33,Mexico,5573,Héctor Alfredo Moreno Herrera,5576,Jesús Daniel Gallardo Vasconcelos,Complete,9.984989,62.4,2.0,72.3,3.3
3857289,2022-11-26,Group Stage,Argentina,2,80,35,Mexico,5576,Jesús Daniel Gallardo Vasconcelos,26368,César Jasib Montes Castro,Complete,24.10332,68.6,5.5,45.0,10.4
3857289,2022-11-26,Group Stage,Argentina,2,80,38,Mexico,26368,César Jasib Montes Castro,5575,Héctor Miguel Herrera López,Complete,29.804193,45.4,15.4,45.9,45.2
3857289,2022-11-26,Group Stage,Argentina,2,80,41,Mexico,5575,Héctor Miguel Herrera López,11388,Néstor Alejandro Araújo Razo,Complete,29.502033,50.9,47.9,69.5,70.8
3857289,2022-11-26,Group Stage,Argentina,2,80,45,Mexico,11388,Néstor Alejandro Araújo Razo,15452,Carlos Uriel Antuna Romero,Complete,14.675831,74.6,72.8,88.9,76.1
3857289,2022-11-26,Group Stage,Argentina,2,81,17,Mexico,28825,Luis Gerardo Chávez Magallón,,,Incomplete,37.312866,86.4,73.6,106.4,42.1
3857289,2022-11-26,Group Stage,Argentina,2,81,21,Mexico,5573,Héctor Alfredo Moreno Herrera,,,Incomplete,14.19049,114.9,23.6,116.5,37.7
3857289,2022-11-26,Group Stage,Argentina,2,81,54,Mexico,5576,Jesús Daniel Gallardo Vasconcelos,5577,Francisco Guillermo Ochoa Magaña,Complete,26.036322,11.4,12.3,7.9,38.1
3857289,2022-11-26,Group Stage,Argentina,2,81,57,Mexico,5577,Francisco Guillermo Ochoa Magaña,26368,César Jasib Montes Castro,Complete,14.856985,7.5,42.3,8.8,57.1
3857289,2022-11-26,Group Stage,Argentina,2,82,0,Mexico,26368,César Jasib Montes Castro,28825,Luis Gerardo Chávez Magallón,Incomplete,42.043785,10.3,65.5,49.5,50.3
3857289,2022-11-26,Group Stage,Argentina,2,82,5,Mexico,11388,Néstor Alejandro Araújo Razo,28825,Luis Gerardo Chávez Magallón,Complete,24.018534,32.6,65.8,45.9,45.8
3857289,2022-11-26,Group Stage,Argentina,2,82,9,Mexico,28825,Luis Gerardo Chávez Magallón,15452,Carlos Uriel Antuna Romero,Out,59.5021,63.1,40.1,107.6,79.6
3857289,2022-11-26,Group Stage,Argentina,2,82,44,Mexico,5575,Héctor Miguel Herrera López,28825,Luis Gerardo Chávez Magallón,Complete,9.745255,80.9,76.6,87.0,69.0
3857289,2022-11-26,Group Stage,Argentina,2,82,44,Mexico,28825,Luis Gerardo Chávez Magallón,26375,Roberto Carlos Alvarado Hernández,Complete,21.533695,87.6,68.8,91.9,47.7
3857289,2022-11-26,Group Stage,Argentina,2,82,46,Mexico,26375,Roberto Carlos Alvarado Hernández,,,Incomplete,22.74379,91.9,47.7,101.1,26.9
3857289,2022-11-26,Group Stage,Argentina,2,82,52,Mexico,5573,Héctor Alfredo Moreno Herrera,5576,Jesús Daniel Gallardo Vasconcelos,Complete,32.45489,49.5,53.0,56.9,21.4
3857289,2022-11-26,Group Stage,Argentina,2,82,54,Mexico,5576,Jesús Daniel Gallardo Vasconcelos,28825,Luis Gerardo Chávez Magallón,Incomplete,24.739645,59.3,22.0,73.0,42.6
3857289,2022-11-26,Group Stage,Argentina,2,83,53,Mexico,5577,Francisco Guillermo Ochoa Magaña,5573,Héctor Alfredo Moreno Herrera,Complete,28.917124,6.0,36.0,32.4,24.2
3857289,2022-11-26,Group Stage,Argentina,2,84,0,Mexico,5573,Héctor Alfredo Moreno Herrera,26368,César Jasib Montes Castro,Complete,25.527435,39.1,18.3,35.7,43.6
3857289,2022-11-26,Group Stage,Argentina,2,84,5,Mexico,26368,César Jasib Montes Castro,11388,Néstor Alejandro Araújo Razo,Complete,25.352713,39.7,49.3,52.3,71.3
3857289,2022-11-26,Group Stage,Argentina,2,84,7,Mexico,11388,Néstor Alejandro Araújo Razo,26368,César Jasib Montes Castro,Complete,20.32978,52.3,71.3,41.0,54.4
3857289,2022-11-26,Group Stage,Argentina,2,84,9,Mexico,26368,César Jasib Montes Castro,15872,Érick Gabriel Gutiérrez Galaviz,Complete,23.83212,41.0,54.4,57.6,37.3
3857289,2022-11-26,Group Stage,Argentina,2,84,12,Mexico,15872,Érick Gabriel Gutiérrez Galaviz,5573,Héctor Alfredo Moreno Herrera,Complete,27.436655,56.6,33.2,62.0,6.3
3857289,2022-11-26,Group Stage,Argentina,2,84,16,Mexico,5573,Héctor Alfredo Moreno Herrera,15872,Érick Gabriel Gutiérrez Galaviz,Complete,10.316007,66.8,7.7,69.7,17.6
3857289,2022-11-26,Group Stage,Argentina,2,84,18,Mexico,15872,Érick Gabriel Gutiérrez Galaviz,26375,Roberto Carlos Alvarado Hernández,Complete,11.903781,69.7,17.6,76.6,7.9
3857289,2022-11-26,Group Stage,Argentina,2,84,25,Mexico,26375,Roberto Carlos Alvarado Hernández,5573,Héctor Alfredo Moreno Herrera,Complete,9.654015,80.5,8.5,71.1,6.3
3857289,2022-11-26,Group Stage,Argentina,2,84,27,Mexico,5573,Héctor Alfredo Moreno Herrera,28825,Luis Gerardo Chávez Magallón,Incomplete,34.546345,78.5,2.0,104.8,24.4
3857289,2022-11-26,Group Stage,Argentina,2,84,53,Mexico,28825,Luis Gerardo Chávez Magallón,5573,Héctor Alfredo Moreno Herrera,Incomplete,34.517532,120.0,0.1,113.5,34.0
3857289,2022-11-26,Group Stage,Argentina,2,85,0,Mexico,26375,Roberto Carlos Alvarado Hernández,,,Incomplete,33.577522,87.2,1.5,100.8,32.2
3857289,2022-11-26,Group Stage,Argentina,2,88,24,Mexico,5568,Raúl Alonso Jiménez Rodríguez,5575,Héctor Miguel Herrera López,Complete,13.840881,60.0,40.0,49.4,48.9
3857289,2022-11-26,Group Stage,Argentina,2,88,27,Mexico,5575,Héctor Miguel Herrera López,15452,Carlos Uriel Antuna Romero,Complete,24.177883,56.9,52.0,66.0,74.4
3857289,2022-11-26,Group Stage,Argentina,2,88,32,Mexico,15452,Carlos Uriel Antuna Romero,28825,Luis Gerardo Chávez Magallón,Complete,9.986491,66.6,73.0,72.3,64.8
3857289,2022-11-26,Group Stage,Argentina,2,88,38,Mexico,28825,Luis Gerardo Chávez Magallón,5575,Héctor Miguel Herrera López,Complete,10.339246,74.3,66.2,66.6,59.3
3857289,2022-11-26,Group Stage,Argentina,2,88,40,Mexico,5575,Héctor Miguel Herrera López,15872,Érick Gabriel Gutiérrez Galaviz,Complete,21.827734,66.6,59.3,70.9,37.9
3857289,2022-11-26,Group Stage,Argentina,2,88,42,Mexico,15872,Érick Gabriel Gutiérrez Galaviz,5576,Jesús Daniel Gallardo Vasconcelos,Complete,23.222834,70.8,22.6,80.5,1.5
3857289,2022-11-26,Group Stage,Argentina,2,88,45,Mexico,5576,Jesús Daniel Gallardo Vasconcelos,5573,Héctor Alfredo Moreno Herrera,Complete,8.023091,80.5,1.8,72.6,3.2
3857289,2022-11-26,Group Stage,Argentina,2,88,45,Mexico,5573,Héctor Alfredo Moreno Herrera,26375,Roberto Carlos Alvarado Hernández,Unknown,14.641379,72.6,3.2,87.2,4.3
3857289,2022-11-26,Group Stage,Argentina,2,90,32,Mexico,26368,César Jasib Montes Castro,26375,Roberto Carlos Alvarado Hernández,Complete,25.748398,37.1,23.8,54.8,5.1
3857289,2022-11-26,Group Stage,Argentina,2,90,39,Mexico,26375,Roberto Carlos Alvarado Hernández,28825,Luis Gerardo Chávez Magallón,Unknown,15.321879,67.7,4.6,80.1,13.6
3857289,2022-11-26,Group Stage,Argentina,2,91,4,Mexico,28825,Luis Gerardo Chávez Magallón,,,Incomplete,27.81079,83.3,14.7,101.3,35.9
3857289,2022-11-26,Group Stage,Argentina,2,91,8,Mexico,5575,Héctor Miguel Herrera López,15452,Carlos Uriel Antuna Romero,Complete,33.58943,87.2,49.1,111.2,72.6
3857289,2022-11-26,Group Stage,Argentina,2,91,12,Mexico,15452,Carlos Uriel Antuna Romero,5568,Raúl Alonso Jiménez Rodríguez,Incomplete,26.144407,116.5,69.7,111.7,44.0
3857289,2022-11-26,Group Stage,Argentina,2,92,4,Mexico,11388,Néstor Alejandro Araújo Razo,5575,Héctor Miguel Herrera López,Complete,12.056949,92.3,80.0,81.9,73.9
3857289,2022-11-26,Group Stage,Argentina,2,92,9,Mexico,5575,Héctor Miguel Herrera López,26368,César Jasib Montes Castro,Complete,24.70081,81.7,73.9,69.9,52.2
3857289,2022-11-26,Group Stage,Argentina,2,92,11,Mexico,26368,César Jasib Montes Castro,15872,Érick Gabriel Gutiérrez Galaviz,Complete,14.073024,69.9,52.2,72.1,38.3
3857289,2022-11-26,Group Stage,Argentina,2,92,12,Mexico,15872,Érick Gabriel Gutiérrez Galaviz,26368,César Jasib Montes Castro,Complete,14.669697,72.1,39.0,69.3,53.4
3857289,2022-11-26,Group Stage,Argentina,2,92,17,Mexico,26368,César Jasib Montes Castro,5573,Héctor Alfredo Moreno Herrera,Complete,25.307114,70.1,42.6,69.5,17.3
3857289,2022-11-26,Group Stage,Argentina,2,92,19,Mexico,5573,Héctor Alfredo Moreno Herrera,5576,Jesús Daniel Gallardo Vasconcelos,Complete,16.907099,69.5,17.3,81.1,5.0
3857289,2022-11-26,Group Stage,Argentina,2,92,21,Mexico,5576,Jesús Daniel Gallardo Vasconcelos,26368,César Jasib Montes Castro,Complete,25.005,73.0,5.1,56.4,23.8
3857289,2022-11-26,Group Stage,Argentina,2,92,25,Mexico,26368,César Jasib Montes Castro,5575,Héctor Miguel Herrera López,Complete,45.643837,57.1,28.5,59.1,74.1
3857289,2022-11-26,Group Stage,Argentina,2,92,30,Mexico,5575,Héctor Miguel Herrera López,5577,Francisco Guillermo Ochoa Magaña,Complete,33.54907,50.5,71.7,22.0,54.0
3857289,2022-11-26,Group Stage,Argentina,2,92,35,Mexico,5577,Francisco Guillermo Ochoa Magaña,26368,César Jasib Montes Castro,Complete,11.253888,25.4,56.2,33.0,47.9
3857289,2022-11-26,Group Stage,Argentina,2,92,40,Mexico,26368,César Jasib Montes Castro,5575,Héctor Miguel Herrera López,Complete,23.41965,42.4,51.1,45.6,74.3
3857289,2022-11-26,Group Stage,Argentina,2,92,43,Mexico,5575,Héctor Miguel Herrera López,5577,Francisco Guillermo Ochoa Magaña,Complete,42.810863,43.0,75.0,13.9,43.6
3857289,2022-11-26,Group Stage,Argentina,2,92,48,Mexico,5577,Francisco Guillermo Ochoa Magaña,5568,Raúl Alonso Jiménez Rodríguez,Incomplete,68.04241,15.2,43.2,76.8,14.3
3857289,2022-11-26,Group Stage,Argentina,2,92,54,Mexico,5573,Héctor Alfredo Moreno Herrera,5568,Raúl Alonso Jiménez Rodríguez,Incomplete,15.250574,56.2,17.4,70.5,22.7
3857289,2022-11-26,Group Stage,Argentina,2,92,58,Mexico,5568,Raúl Alonso Jiménez Rodríguez,26375,Roberto Carlos Alvarado Hernández,Incomplete,7.1867933,69.7,24.2,76.4,21.6
3857289,2022-11-26,Group Stage,Argentina,2,93,2,Mexico,26368,César Jasib Montes Castro,5573,Héctor Alfredo Moreno Herrera,Complete,27.170755,40.6,38.1,34.6,11.6
3857289,2022-11-26,Group Stage,Argentina,2,93,14,Mexico,5573,Héctor Alfredo Moreno Herrera,5575,Héctor Miguel Herrera López,Complete,32.61196,35.2,6.5,39.7,38.8
3857289,2022-11-26,Group Stage,Argentina,2,93,18,Mexico,5575,Héctor Miguel Herrera López,11388,Néstor Alejandro Araújo Razo,Complete,22.314344,45.0,54.6,56.2,73.9
3857289,2022-11-26,Group Stage,Argentina,2,93,24,Mexico,11388,Néstor Alejandro Araújo Razo,5568,Raúl Alonso Jiménez Rodríguez,Complete,43.03766,86.4,76.1,104.6,37.1
3857289,2022-11-26,Group Stage,Argentina,2,93,26,Mexico,5568,Raúl Alonso Jiménez Rodríguez,28825,Luis Gerardo Chávez Magallón,Incomplete,7.209022,103.9,37.7,101.0,44.3
3857289,2022-11-26,Group Stage,Argentina,2,93,33,Mexico,5575,Héctor Miguel Herrera López,26368,César Jasib Montes Castro,Complete,11.236102,46.1,58.9,47.0,47.7
3857289,2022-11-26,Group Stage,Argentina,2,93,34,Mexico,26368,César Jasib Montes Castro,15872,Érick Gabriel Gutiérrez Galaviz,Complete,10.707474,47.0,47.7,55.8,53.8
3857289,2022-11-26,Group Stage,Argentina,2,93,37,Mexico,15872,Érick Gabriel Gutiérrez Galaviz,11388,Néstor Alejandro Araújo Razo,Complete,21.931713,62.4,54.0,66.2,75.6
3857289,2022-11-26,Group Stage,Argentina,2,93,38,Mexico,11388,Néstor Alejandro Araújo Razo,5575,Héctor Miguel Herrera López,Complete,14.503103,66.0,75.8,52.5,70.5
3857289,2022-11-26,Group Stage,Argentina,2,93,40,Mexico,5575,Héctor Miguel Herrera López,26368,César Jasib Montes Castro,Complete,15.033297,48.5,66.8,49.5,51.8
3857289,2022-11-26,Group Stage,Argentina,2,93,41,Mexico,26368,César Jasib Montes Castro,5575,Héctor Miguel Herrera López,Complete,22.291254,50.1,54.4,45.0,76.1
3857289,2022-11-26,Group Stage,Argentina,2,93,43,Mexico,5575,Héctor Miguel Herrera López,5573,Héctor Alfredo Moreno Herrera,Complete,61.67179,44.8,75.6,49.4,14.1
3857289,2022-11-26,Group Stage,Argentina,2,93,48,Mexico,5573,Héctor Alfredo Moreno Herrera,15872,Érick Gabriel Gutiérrez Galaviz,Complete,26.12049,51.1,13.9,59.3,38.7
3857289,2022-11-26,Group Stage,Argentina,2,93,54,Mexico,15872,Érick Gabriel Gutiérrez Galaviz,5576,Jesús Daniel Gallardo Vasconcelos,Complete,15.961516,62.9,21.6,61.5,5.7
3857289,2022-11-26,Group Stage,Argentina,2,93,55,Mexico,5576,Jesús Daniel Gallardo Vasconcelos,5573,Héctor Alfredo Moreno Herrera,Complete,13.753908,61.5,5.7,48.1,8.8
3857289,2022-11-26,Group Stage,Argentina,2,93,58,Mexico,5573,Héctor Alfredo Moreno Herrera,26368,César Jasib Montes Castro,Complete,12.020815,41.7,13.4,45.8,24.7
3857289,2022-11-26,Group Stage,Argentina,2,94,1,Mexico,26368,César Jasib Montes Castro,15872,Érick Gabriel Gutiérrez Galaviz,Complete,7.3824115,53.4,23.6,56.9,17.1
3857289,2022-11-26,Group Stage,Argentina,2,94,3,Mexico,15872,Érick Gabriel Gutiérrez Galaviz,26375,Roberto Carlos Alvarado Hernández,Complete,19.971981,56.9,17.1,73.7,6.3
3857289,2022-11-26,Group Stage,Argentina,2,94,7,Mexico,26375,Roberto Carlos Alvarado Hernández,5576,Jesús Daniel Gallardo Vasconcelos,Incomplete,17.98249,92.9,9.2,101.3,25.1
3857289,2022-11-26,Group Stage,Argentina,2,94,11,Mexico,5568,Raúl Alonso Jiménez Rodríguez,28825,Luis Gerardo Chávez Magallón,Incomplete,14.368368,114.5,21.8,113.1,36.1
3857289,2022-11-26,Group Stage,Argentina,2,94,17,Mexico,26375,Roberto Carlos Alvarado Hernández,15872,Érick Gabriel Gutiérrez Galaviz,Complete,10.682696,85.6,0.1,77.2,6.7
3857289,2022-11-26,Group Stage,Argentina,2,94,20,Mexico,15872,Érick Gabriel Gutiérrez Galaviz,5575,Héctor Miguel Herrera López,Complete,12.701181,81.7,7.5,76.1,18.9
3857289,2022-11-26,Group Stage,Argentina,2,94,24,Mexico,5575,Héctor Miguel Herrera López,26368,César Jasib Montes Castro,Complete,12.801562,82.7,32.6,82.5,45.4
3857289,2022-11-26,Group Stage,Argentina,2,94,26,Mexico,26368,César Jasib Montes Castro,15452,Carlos Uriel Antuna Romero,Complete,29.954132,88.0,48.9,104.5,73.9
3857289,2022-11-26,Group Stage,Argentina,2,94,30,Mexico,15452,Carlos Uriel Antuna Romero,5568,Raúl Alonso Jiménez Rodríguez,Incomplete,4.2720017,116.9,72.6,115.4,68.6
3857289,2022-11-26,Group Stage,Argentina,2,94,38,Mexico,26368,César Jasib Montes Castro,5575,Héctor Miguel Herrera López,Complete,9.091755,91.9,80.0,87.4,72.1
3857289,2022-11-26,Group Stage,Argentina,2,94,39,Mexico,5575,Héctor Miguel Herrera López,26368,César Jasib Montes Castro,Complete,4.1761227,87.4,72.1,88.6,76.1
3857289,2022-11-26,Group Stage,Argentina,2,94,41,Mexico,26368,César Jasib Montes Castro,15872,Érick Gabriel Gutiérrez Galaviz,Complete,24.731558,84.5,72.5,79.4,48.3
3857289,2022-11-26,Group Stage,Argentina,2,94,44,Mexico,15872,Érick Gabriel Gutiérrez Galaviz,5576,Jesús Daniel Gallardo Vasconcelos,Incomplete,33.240486,79.4,48.3,106.1,28.5
3857289,2022-11-26,Group Stage,Argentina,2,94,54,Mexico,5577,Francisco Guillermo Ochoa Magaña,5573,Héctor Alfredo Moreno Herrera,Complete,12.682271,32.4,30.0,42.4,22.2
3857289,2022-11-26,Group Stage,Argentina,2,94,56,Mexico,5573,Héctor Alfredo Moreno Herrera,15872,Érick Gabriel Gutiérrez Galaviz,Complete,13.860014,45.6,21.0,59.3,18.9
3857289,2022-11-26,Group Stage,Argentina,2,94,58,Mexico,15872,Érick Gabriel Gutiérrez Galaviz,26375,Roberto Carlos Alvarado Hernández,Complete,19.817163,64.2,19.2,77.6,4.6
3857289,2022-11-26,Group Stage,Argentina,2,95,1,Mexico,26375,Roberto Carlos Alvarado Hernández,5576,Jesús Daniel Gallardo Vasconcelos,Complete,8.91852,81.1,4.1,89.6,1.4
3857289,2022-11-26,Group Stage,Argentina,2,95,5,Mexico,5576,Jesús Daniel Gallardo Vasconcelos,15872,Érick Gabriel Gutiérrez Galaviz,Complete,12.014991,81.7,8.3,69.7,7.7
3857289,2022-11-26,Group Stage,Argentina,2,95,8,Mexico,15872,Érick Gabriel Gutiérrez Galaviz,5573,Héctor Alfredo Moreno Herrera,Complete,20.73379,68.4,8.1,60.1,27.1
3857289,2022-11-26,Group Stage,Argentina,2,95,11,Mexico,5573,Héctor Alfredo Moreno Herrera,15872,Érick Gabriel Gutiérrez Galaviz,Complete,27.440117,65.5,24.0,81.9,2.0
3857289,2022-11-26,Group Stage,Argentina,2,95,14,Mexico,15872,Érick Gabriel Gutiérrez Galaviz,26375,Roberto Carlos Alvarado Hernández,Complete,10.707474,86.8,2.2,97.5,1.8
3857289,2022-11-26,Group Stage,Argentina,2,95,16,Mexico,26375,Roberto Carlos Alvarado Hernández,,,Incomplete,33.19036,103.1,1.4,110.3,33.8
3857289,2022-11-26,Group Stage,Argentina,2,96,15,Mexico,5575,Héctor Miguel Herrera López,,,Incomplete,18.083418,22.7,68.1,37.7,58.0
3857289,2022-11-26,Group Stage,Argentina,2,96,19,Mexico,11388,Néstor Alejandro Araújo Razo,,,Incomplete,11.596551,19.1,73.4,27.3,65.2
3857289,2022-11-26,Group Stage,Argentina,2,96,26,Mexico,11388,Néstor Alejandro Araújo Razo,,,Incomplete,2.6,4.2,74.1,6.8,74.1
